# Blender 4.4.3
# www.blender.org
mtllib palm_E3M5.mtl
o palm_E3M5
v -2.318860 3.119330 88.424721
v -2.318860 5.638120 90.399551
v -2.869010 3.312000 88.374611
v -2.869010 5.743860 90.324348
v -1.999450 5.538330 89.588478
v -1.999440 4.287060 88.551399
v -4.239840 10.899210 90.284409
v -4.508020 10.956450 89.190758
v -6.261600 11.175300 88.884300
v -5.236170 7.941420 90.033875
v -6.043620 7.941420 89.227989
v -4.238450 5.636310 88.406364
v -3.484210 10.275519 97.622391
v -3.924050 9.963260 98.567841
v -2.620620 9.467420 96.439270
v -4.001440 10.432039 98.338058
v -3.429620 8.641190 95.293419
v -2.773150 8.939630 95.813797
v -3.295740 9.252299 97.008438
v -2.620160 8.736460 95.126541
v -4.257560 11.046980 96.202560
v -4.151420 11.046980 95.043930
v -5.751230 11.496970 95.454971
v -5.996190 11.496970 96.649284
v -4.602330 11.046989 97.445007
v -6.508940 11.496970 97.754990
v -5.238700 11.046989 98.703644
v -2.404300 8.831160 95.133560
v -2.786910 9.192010 96.433319
v -2.252530 9.009302 95.104530
v -2.198610 9.231259 95.045921
v -2.726720 9.944819 96.266617
v -2.247900 9.447670 94.970779
v -5.282830 10.684629 99.701294
v -5.908900 10.759729 100.220894
v -5.717770 10.274460 100.347694
v -6.032390 9.875930 100.175095
v -5.430320 9.803699 99.675377
v -4.793490 9.696959 99.054840
v -4.620520 10.573620 99.055931
v -4.198380 9.560872 98.364769
v -3.701070 9.410379 97.676674
v -3.062680 10.111119 96.927429
v -2.726720 10.024940 95.043289
v -4.084560 8.540950 95.212440
v -7.709880 9.105080 98.620491
v -6.187040 11.046980 99.873001
v -2.726720 9.955222 93.819550
v -3.310680 10.476500 94.442558
v -4.627940 7.941420 90.842720
v -4.181190 7.941420 91.624840
v -3.861820 7.941420 92.366409
v -3.641560 7.941420 93.064987
v -2.868990 7.192140 93.232979
v -1.999440 7.996970 92.172401
v -1.999440 7.301840 92.424194
v -1.999440 6.946560 91.579819
v -1.999440 6.388270 90.624588
v -1.999440 8.255710 93.053177
v -1.999440 7.519170 93.152641
v -3.968190 10.814150 91.430069
v -6.880930 11.396970 89.683838
v -5.650190 11.345540 91.020424
v -4.497180 11.019320 91.706841
v -3.710030 10.705740 92.564835
v -4.652870 11.178639 92.904198
v -5.123730 11.277260 91.904579
v -3.485350 10.586860 93.599640
v -4.223230 11.046969 94.010651
v -2.443190 8.562779 94.715210
v -3.053390 8.506670 94.931931
v -2.669690 8.342549 94.605560
v -2.076940 8.797750 92.930550
v -2.257940 9.215230 92.837379
v -2.500420 9.656762 93.294891
v -2.191440 9.329900 94.736481
v -2.197020 7.587180 93.894608
v -2.006080 7.874640 93.622459
v -2.324040 7.079420 93.260651
v -5.970590 11.496970 93.172989
v -5.786960 11.496970 94.239151
v -6.203460 11.496970 92.227310
v -6.873690 8.496972 90.339455
v -6.238810 8.496972 90.990051
v -5.759420 8.496972 91.640434
v -5.406160 8.496972 92.268570
v -5.152640 8.496972 92.864250
v -4.977020 8.496972 93.425888
v -2.071300 8.649621 92.465111
v -3.272890 7.839030 94.264519
v -3.505520 7.941570 93.726051
v -2.623310 7.530310 93.961044
v -2.309360 8.161960 94.331810
v -4.410730 8.496972 95.040924
v -4.627750 8.495440 94.563469
v -4.862530 8.496972 93.957718
v -2.227300 8.656372 94.634499
v -2.054620 8.884490 94.203651
v -2.006080 8.380569 93.926147
v -2.018640 8.653962 94.050041
v -2.006080 8.328600 93.393341
v -18.411329 1.433570 87.000809
v -19.129879 1.272910 87.702309
v -19.129879 -0.003030 87.591629
v -18.845140 -0.003030 87.290749
v -18.549269 -0.003030 87.000809
v -19.129879 2.371950 87.982590
v -18.003490 2.815350 87.000809
v -17.347300 4.084110 87.000809
v -18.663649 4.102920 88.262779
v -19.129879 4.099360 88.831009
v -16.499439 5.996970 87.000809
v -17.842100 6.160470 88.985054
v -15.999439 6.969320 88.117050
v -15.999439 7.742940 89.000809
v -16.499439 7.941420 89.743828
v -9.949440 7.473440 87.000809
v -8.576180 7.147350 87.000809
v -9.949440 7.941420 87.465340
v -8.391242 7.941420 87.853569
v -7.306550 6.582000 87.000832
v -7.087710 7.941420 88.475159
v -6.128600 5.765420 87.000832
v -5.047130 4.641330 87.000832
v -4.068770 2.916000 87.000832
v -3.633640 1.653750 87.000832
v -3.449610 -0.003030 87.000832
v -3.153750 -0.003030 87.290771
v -2.869010 -0.003030 87.591629
v -2.869010 1.273500 87.702431
v -2.869010 2.372880 87.982910
v -15.999439 8.496972 87.000809
v -12.034420 8.496972 87.000809
v -15.999439 8.496972 89.000809
v -4.763630 10.987690 88.174828
v -4.999440 10.996970 87.254845
v -13.907920 11.396970 88.936729
v -16.999439 10.996970 87.254845
v -15.737280 11.262170 88.884300
v -15.168280 10.996970 86.133980
v -12.506189 11.396970 88.446281
v -13.135329 10.996970 85.438484
v -10.999940 11.396970 88.275314
v -10.999450 10.996970 85.202850
v -9.493549 11.396970 88.446068
v -8.863592 10.996970 85.438484
v -6.830640 10.996970 86.133949
v -8.091430 11.396970 88.936501
v -17.236309 10.987599 88.179001
v -17.492100 10.956240 89.195747
v -19.680019 3.119350 88.424721
v -19.999439 4.285850 88.550591
v -19.999439 2.479850 87.663559
v -19.563879 -0.003030 87.750679
v -19.999439 1.330740 87.370544
v -19.999439 -0.003030 87.254845
v -19.942820 -0.003030 87.485954
v -19.785780 -0.003030 87.664742
v -19.327400 -0.003030 87.724319
v -1.999450 1.331360 87.370659
v -2.435000 -0.003030 87.750679
v -2.213100 -0.003030 87.664742
v -2.056060 -0.003030 87.485970
v -1.999440 -0.003030 87.254860
v -1.999450 2.480840 87.663895
v -2.671490 -0.003030 87.724319
v -10.999430 11.495279 88.985939
v -9.949440 8.496972 88.865059
v -8.718502 8.496972 89.208809
v -9.964450 8.496972 87.000809
v -19.129869 -8.003030 87.591629
v -18.908609 -9.034599 87.356964
v -18.369070 -9.827430 86.835251
v -18.549269 -4.003030 87.000832
v -17.614029 -10.308400 86.218681
v -16.915930 -4.003030 85.727470
v -16.738569 -10.503030 85.616661
v -15.618099 -10.503030 85.017441
v -15.888330 -9.003030 85.146950
v -15.521029 -9.487800 84.973099
v -15.888330 -6.003030 85.146950
v -15.412940 -5.674440 84.925064
v -15.073230 -5.465360 84.782974
v -15.065780 -4.003030 84.780022
v -14.748520 -5.296070 84.659470
v -15.043300 -10.022260 84.771111
v -14.440949 -10.498660 84.554199
v -14.278029 -5.113930 84.500778
v -13.564400 -5.003030 84.304054
v -13.069920 -4.003030 84.197441
v -11.861799 -5.003030 84.034691
v -10.999430 -4.003030 84.000832
v -10.137070 -5.003030 84.034691
v -8.928949 -4.003030 84.197441
v -8.434472 -5.003030 84.304054
v -7.751590 -5.104880 84.491241
v -7.142360 -5.348570 84.699219
v -6.933100 -4.003030 84.780022
v -6.600890 -5.664670 84.918518
v -5.260310 -10.503030 85.616661
v -6.110550 -6.003030 85.146950
v -6.110550 -9.003030 85.146950
v -6.380520 -10.503030 85.017548
v -5.082950 -4.003030 85.727470
v -4.314020 -10.501300 86.222038
v -3.648060 -9.849370 86.818077
v -3.449610 -4.003030 87.000832
v -3.091060 -9.036500 87.356140
v -2.869010 -8.003030 87.591629
v -13.036039 -5.003030 84.670288
v -8.962830 -5.003030 84.670288
v -12.598400 -5.003030 85.139961
v -9.400470 -5.003030 85.139961
v -12.270329 -5.003030 85.692780
v -9.728539 -5.003030 85.692780
v -12.067690 -5.003030 86.302261
v -9.931180 -5.003030 86.302261
v -11.999430 -5.003030 86.938560
v -9.999430 -5.003030 86.938560
v -10.999430 -10.003030 85.000832
v -10.999430 -10.003030 85.402519
v -12.665549 -10.003030 85.053604
v -12.380110 -10.003030 85.475967
v -10.999430 -10.003030 85.743279
v -12.170449 -10.003030 85.940140
v -10.999430 -10.003030 86.010880
v -9.956369 -10.003030 86.432060
v -12.042510 -10.003030 86.432014
v -9.999430 -10.003030 86.938560
v -11.999430 -10.003030 86.938560
v -6.588660 -6.003030 84.981209
v -6.588780 -9.003030 84.981178
v -7.094500 -6.003030 84.940819
v -7.094570 -9.003030 84.940834
v -7.593120 -6.003030 85.028709
v -7.593190 -9.003030 85.028740
v -8.053510 -6.003030 85.238892
v -8.053570 -9.003030 85.238914
v -8.446400 -6.003030 85.557884
v -8.446460 -9.003030 85.557930
v -8.746750 -6.003030 85.965469
v -8.746830 -9.003030 85.965614
v -8.935400 -6.003030 86.436539
v -8.935470 -9.003030 86.436768
v -8.999430 -6.003030 86.938560
v -8.999430 -9.003030 86.938560
v -15.410210 -9.003030 84.981209
v -15.410210 -6.003030 84.981209
v -14.904380 -9.003030 84.940819
v -14.904380 -6.003030 84.940819
v -14.405749 -9.003030 85.028709
v -14.405749 -6.003030 85.028709
v -13.945359 -9.003030 85.238892
v -13.945359 -6.003030 85.238892
v -13.552469 -9.003030 85.557884
v -13.552469 -6.003030 85.557884
v -13.252130 -9.003030 85.965469
v -13.252130 -6.003030 85.965469
v -13.063470 -9.003030 86.436539
v -13.063470 -6.003030 86.436539
v -12.999439 -9.003030 86.938560
v -12.999439 -6.003030 86.938560
v -13.711129 -5.295920 85.041824
v -12.973189 -5.295920 85.865387
v -12.706560 -5.295930 86.938560
v -12.923320 -5.620360 86.938560
v -12.382140 -5.079150 86.938560
v -7.251360 -5.304970 84.662010
v -8.282820 -5.295920 85.038490
v -9.024280 -5.295920 85.862770
v -9.616750 -5.079150 86.938560
v -9.292330 -5.295920 86.938560
v -9.075560 -5.620340 86.938560
v -15.208610 -9.246260 84.919334
v -14.459410 -9.511981 84.868637
v -13.922339 -9.704940 84.924118
v -13.035270 -9.710130 85.755600
v -12.970819 -9.982001 85.014404
v -13.253420 -9.925690 84.992668
v -13.521800 -9.845001 84.971199
v -12.382120 -9.926909 86.938560
v -12.706540 -9.710130 86.938560
v -12.923320 -9.385710 86.938560
v -19.327389 -8.003030 87.724319
v -19.563879 -8.003030 87.750679
v -19.785780 -8.003030 87.664742
v -19.942820 -8.003030 87.485970
v -19.999439 -8.003030 87.254860
v -2.671510 -8.003019 87.724304
v -2.435020 -8.003019 87.750694
v -2.213120 -8.003019 87.664749
v -2.056060 -8.003019 87.485970
v -1.999440 -8.003030 87.254860
v -5.225360 -10.753030 85.559509
v -3.529030 -9.981569 86.879341
v -2.865960 -9.193262 87.469490
v -4.237980 -10.624440 86.185921
v -3.308250 -10.171200 86.830688
v -2.611410 -9.291840 87.432068
v -5.138560 -10.919399 85.417580
v -3.153240 -10.234480 86.724327
v -2.310820 -9.291550 87.141281
v -4.999440 -11.003030 85.190109
v -4.003310 -10.798659 85.966194
v -2.976770 -10.218610 86.446167
v -3.911170 -10.773419 85.813210
v -2.278030 -9.243219 87.008690
v -16.984949 -10.995589 85.213821
v -15.426940 -11.003030 84.387291
v -16.869001 -10.936040 85.403389
v -14.522639 -10.856580 84.425827
v -16.784119 -10.773359 85.542168
v -13.766850 -11.003030 83.838768
v -12.049439 -10.852409 83.899841
v -10.999430 -10.669700 84.022331
v -13.474549 -10.617030 84.287430
v -10.999430 -10.979280 83.701775
v -10.999430 -11.003030 83.548851
v -8.231700 -11.003030 83.838844
v -9.949440 -10.852409 83.899841
v -7.476230 -10.856580 84.425827
v -6.571360 -11.003030 84.387520
v -19.084249 -9.163830 87.460381
v -17.711250 -10.546030 86.214600
v -18.575390 -10.086040 86.874771
v -19.281410 -9.256260 87.465889
v -17.838930 -10.708099 86.130661
v -18.758200 -10.203600 86.793930
v -19.465080 -9.305710 87.393280
v -17.992889 -10.796920 85.973274
v -18.929810 -10.240950 86.642479
v -19.634769 -9.308260 87.234940
v -18.097750 -10.769469 85.819489
v -19.021660 -10.219020 86.445839
v -19.721849 -9.240942 87.009544
v -10.999430 -10.403190 84.165665
v -12.786429 -10.321270 84.332077
v -10.999430 -10.186860 84.389061
v -12.731470 -10.172100 84.660194
v -10.999430 -10.049020 84.668457
v -6.789150 -9.246260 84.919334
v -6.476730 -9.487800 84.973099
v -6.954460 -10.022260 84.771111
v -7.538350 -9.511981 84.868637
v -7.556810 -10.498660 84.554199
v -8.075430 -9.704940 84.924118
v -8.475969 -9.845001 84.971199
v -8.523221 -10.617030 84.287430
v -8.744340 -9.925690 84.992668
v -9.026950 -9.982001 85.014404
v -9.266302 -10.172100 84.660194
v -9.211340 -10.321270 84.332077
v -9.332210 -10.003030 85.053604
v -9.075560 -9.385710 86.938560
v -9.292330 -9.710130 86.938560
v -8.962500 -9.710130 85.755600
v -9.616750 -9.926909 86.938560
v -9.827310 -10.003030 85.940140
v -9.617650 -10.003030 85.475967
v -9.999430 -5.003030 93.268768
v -11.999430 -5.003030 93.268768
v -9.767050 -5.003030 94.093750
v -11.622920 -5.003030 94.218979
v -11.221960 -5.003030 94.025894
v -10.776910 -5.003030 94.025894
v -10.375939 -5.003030 94.218979
v -12.365459 -5.072420 94.000824
v -9.725949 -5.022030 94.505600
v -11.900400 -5.003030 94.566940
v -10.098470 -5.003030 94.566940
v -12.169129 -5.003030 94.921471
v -9.829740 -5.003030 94.921478
v -11.999430 -5.003030 95.000824
v -9.999430 -5.003030 95.000824
v -9.913819 -5.003030 95.443451
v -12.078440 -5.003030 95.459320
v -10.131710 -5.003030 95.497871
v -11.865160 -5.003030 95.501350
v -10.496710 -5.003030 95.865280
v -10.233749 -5.003030 95.888641
v -11.753770 -5.003030 95.898300
v -11.498250 -5.003030 95.867531
v -10.997210 -5.003030 96.000809
v -10.717979 -5.003030 96.138908
v -11.264700 -5.003030 96.142799
v -8.999430 -9.003030 94.000824
v -8.999060 -6.003030 94.000809
v -12.999439 -9.003030 94.000824
v -12.999439 -6.003030 93.961006
v -12.698020 -5.287500 94.000824
v -12.921010 -5.614810 94.000824
v -12.994499 -6.003030 94.141197
v -9.567800 -5.110400 94.235878
v -9.300859 -5.287490 94.000824
v -9.077860 -5.614810 94.000824
v -9.133420 -9.503050 94.000824
v -9.499462 -9.869071 94.000824
v -9.999430 -10.003030 94.000824
v -11.999430 -10.003030 94.000824
v -12.499439 -9.869050 94.000824
v -12.865459 -9.503030 94.000824
v -10.999430 -5.003030 95.000824
v -12.736740 -5.338230 94.184799
v -12.927489 -5.645780 94.152580
v -9.262139 -5.338220 94.184807
v -9.071392 -5.645780 94.152580
v -12.812110 -5.275670 95.411644
v -13.101840 -5.945700 95.541191
v -12.159389 -5.275670 96.453079
v -12.329679 -5.945700 96.716209
v -10.999440 -5.945700 97.171555
v -10.999440 -5.275670 96.859474
v -9.669189 -5.945700 96.716209
v -9.839490 -5.275670 96.453079
v -8.897030 -5.945700 95.541191
v -9.186760 -5.275670 95.411644
v -9.999430 -10.003030 95.500824
v -11.999430 -10.003030 95.500824
v -8.897030 -8.945700 95.541191
v -13.101840 -8.945700 95.541191
v -12.329679 -8.945700 96.716209
v -10.999440 -8.945700 97.171555
v -9.669189 -8.945700 96.716209
v -19.129879 5.296500 89.822868
v -16.499439 8.496972 92.085350
v -15.117949 11.396970 89.683838
v -17.759480 10.899099 90.286209
v -19.680019 5.638130 90.399559
v -13.738159 11.496970 89.710258
v -12.698400 11.496970 89.290817
v -18.506460 10.590980 93.566231
v -18.682390 10.480450 94.413879
v -17.345900 11.178670 92.903969
v -17.501709 11.019320 91.706848
v -16.348749 11.345540 91.020538
v -19.625389 9.636342 95.451050
v -19.806919 9.231259 95.045921
v -19.381399 9.779280 96.360069
v -19.750980 9.447670 94.970779
v -19.129900 7.192140 93.232971
v -18.732639 7.839030 94.264519
v -19.382219 7.530310 93.961044
v -19.696159 8.161960 94.331810
v -19.329609 8.342360 94.605217
v -18.569210 8.641210 95.293465
v -17.920959 8.540950 95.212440
v -17.377779 8.495440 94.563461
v -19.557770 8.559850 94.710411
v -19.385370 8.736460 95.126518
v -19.753000 9.009302 95.104530
v -19.778219 8.656372 94.634499
v -19.950909 8.884490 94.203651
v -19.825439 9.292020 94.662178
v -19.855730 8.205319 94.231941
v -14.175099 8.699900 97.513527
v -10.999440 8.557280 98.134819
v -14.289001 9.105072 98.620491
v -17.110910 7.941420 90.469170
v -17.580200 7.941420 91.182510
v -17.933020 7.941420 91.868507
v -16.028250 11.496970 93.172791
v -17.775650 11.088820 94.010651
v -16.211910 11.496970 94.239151
v -15.795369 11.496970 92.227135
v -16.875050 11.277280 91.904411
v -15.494610 11.496970 91.415634
v -15.110510 11.496970 90.763199
v -14.647579 11.496970 90.291084
v -14.601709 11.046980 100.825005
v -13.231890 11.046969 101.474899
v -13.785399 11.496970 99.471657
v -13.270120 11.487969 100.010201
v -15.806740 11.046989 99.878021
v -14.737630 11.496970 98.712410
v -16.756689 11.046989 98.709068
v -15.489949 11.496970 97.754967
v -17.394800 11.046989 97.449600
v -16.002699 11.496970 96.649269
v -17.740749 11.046980 96.205788
v -16.247660 11.496970 95.454971
v -17.847450 11.046980 95.045578
v -13.595349 9.968562 101.548096
v -14.108510 10.381700 101.668198
v -14.865990 9.951332 100.916794
v -12.059939 9.968562 101.963699
v -12.067410 10.380280 102.291794
v -13.633630 10.856060 101.644699
v -19.026260 9.092370 96.372917
v -18.217619 9.433700 97.784760
v -19.408440 9.572001 96.426208
v -18.074839 9.963260 98.567818
v -19.272169 9.944819 96.266609
v -18.641989 10.229990 97.424980
v -18.220360 10.369619 98.044884
v -17.716249 10.501610 98.680077
v -16.281109 10.274460 100.347694
v -16.968239 9.740829 99.298409
v -16.532799 10.709330 99.861618
v -15.848269 9.887310 100.264694
v -15.967030 10.771569 100.314095
v -14.945479 10.838140 100.992294
v -19.459860 9.807879 95.896790
v -19.563879 7.037710 93.270920
v -19.808510 7.587180 93.894600
v -19.999439 7.874640 93.622444
v -19.999439 7.424520 92.802750
v -19.999439 5.537390 89.587509
v -19.129879 6.306810 91.126137
v -19.999439 7.996970 92.172401
v -19.999439 8.328600 93.393318
v -19.927589 8.649621 92.465111
v -19.740950 9.215230 92.837364
v -19.498470 9.656762 93.294868
v -19.272169 9.955210 93.819534
v -19.272169 10.011270 94.475708
v -19.272169 10.024600 95.093079
v -19.272169 10.001659 95.685089
v -14.337990 9.491940 99.770401
v -13.544410 9.651130 100.621399
v -10.999430 11.496970 95.124390
v -18.283360 10.708350 92.540108
v -17.953510 10.838409 91.104408
v -19.044199 10.192180 94.418159
v -10.999440 8.496972 95.000809
v -7.693720 8.496972 89.726128
v -6.888850 11.496970 90.762558
v -7.351290 11.496970 90.291084
v -6.504310 11.496970 91.415550
v -8.260819 11.496970 89.710220
v -9.300601 11.496970 89.290779
v -7.391140 11.046980 100.821297
v -7.002280 10.836050 100.962097
v -8.760360 11.046969 101.472595
v -8.422680 10.856060 101.667198
v -8.953400 10.856060 101.848694
v -10.236910 11.046969 101.806396
v -10.176660 10.856060 102.100296
v -11.754990 11.046969 101.807198
v -9.694980 9.651130 101.032394
v -8.451730 9.651130 100.621399
v -8.983140 9.968562 101.749199
v -10.188620 9.968562 101.997200
v -10.999479 9.651130 101.171799
v -7.661480 9.492382 99.772018
v -7.557510 9.963960 101.153099
v -7.890380 10.381700 101.668198
v -9.931470 10.380280 102.291794
v -11.460100 10.856060 102.133003
v -10.999440 11.487969 100.500801
v -8.213480 11.496970 99.471657
v -8.728760 11.487969 100.010201
v -7.261260 11.496970 98.712410
v -9.860980 11.487969 100.376801
v -12.160970 11.487969 100.376801
v -12.651050 10.856060 101.954399
v -12.303980 9.651130 101.032394
v 19.681139 3.119330 92.424721
v 19.681139 5.638120 94.399551
v 19.130989 3.312000 92.374611
v 19.130989 5.743860 94.324348
v 20.000559 4.287070 92.551384
v 17.760160 10.899210 94.284409
v 17.491980 10.956450 93.190758
v 15.738400 11.175300 92.884300
v 16.763830 7.941420 94.033875
v 15.956380 7.941420 93.227989
v 17.761549 5.636310 92.406364
v 18.515789 10.275519 101.622398
v 18.075960 9.963260 102.567795
v 19.379379 9.467420 100.439301
v 17.998560 10.432039 102.338097
v 18.570379 8.641190 99.293419
v 19.226849 8.939640 99.813797
v 18.704260 9.252299 101.008400
v 19.379839 8.736460 99.126541
v 17.742439 11.046980 100.202599
v 17.848579 11.046980 99.043930
v 16.248770 11.496970 99.454964
v 16.003809 11.496970 100.649300
v 17.397669 11.046989 101.445007
v 15.491059 11.496970 101.755005
v 16.761299 11.046989 102.703598
v 19.595709 8.831160 99.133560
v 19.213089 9.192010 100.433296
v 19.747469 9.009302 99.104530
v 19.801390 9.231270 99.045914
v 19.273279 9.944819 100.266594
v 19.752100 9.447670 98.970779
v 16.717169 10.684629 103.701294
v 16.091099 10.759729 104.220894
v 16.282230 10.274460 104.347694
v 15.967620 9.875930 104.175095
v 16.569679 9.803699 103.675400
v 17.206509 9.696959 103.054794
v 17.379480 10.573620 103.055901
v 17.801620 9.560872 102.364799
v 18.298929 9.410379 101.676697
v 18.937319 10.111130 100.927399
v 19.273289 10.024950 99.043289
v 17.915440 8.540950 99.212440
v 14.290119 9.105080 102.620499
v 15.812960 11.046980 103.873009
v 19.273279 9.955222 97.819534
v 18.689310 10.476500 98.442551
v 17.372059 7.941420 94.842720
v 17.818810 7.941420 95.624840
v 18.138189 7.941420 96.366409
v 18.358440 7.941420 97.064987
v 19.131010 7.192140 97.232979
v 20.000559 7.996970 96.172394
v 20.000559 7.424600 96.803009
v 20.000559 6.946560 95.579819
v 20.000559 6.388270 94.624588
v 20.000559 8.255710 97.053177
v 20.000559 7.585390 97.307541
v 18.031809 10.814159 95.430069
v 15.119070 11.396970 93.683838
v 16.349810 11.345540 95.020424
v 17.502819 11.019330 95.706841
v 18.289959 10.705740 96.564827
v 17.347130 11.178650 96.904198
v 16.876270 11.277260 95.904579
v 18.514650 10.586860 97.599625
v 17.776770 11.046969 98.010651
v 19.556810 8.562779 98.715210
v 18.946609 8.506670 98.931931
v 19.330309 8.342549 98.605560
v 19.923059 8.797750 96.930550
v 19.742060 9.215230 96.837364
v 19.499580 9.656762 97.294868
v 19.808559 9.329900 98.736481
v 19.993919 7.874640 97.622459
v 19.802980 7.587180 97.894608
v 19.675959 7.079420 97.260651
v 16.029409 11.496970 97.172989
v 16.213039 11.496970 98.239151
v 15.796539 11.496970 96.227310
v 15.126309 8.496972 94.339455
v 15.761189 8.496972 94.990051
v 16.240580 8.496972 95.640434
v 16.593840 8.496972 96.268570
v 16.847359 8.496972 96.864250
v 17.022989 8.496972 97.425888
v 19.928709 8.649621 96.465111
v 18.727110 7.839030 98.264519
v 18.494480 7.941570 97.726051
v 19.376690 7.530310 97.961044
v 19.690639 8.161960 98.331810
v 17.589270 8.496972 99.040924
v 17.372259 8.495440 98.563469
v 17.137480 8.496972 97.957718
v 19.772699 8.656372 98.634499
v 19.945389 8.884490 98.203644
v 19.993919 8.380569 97.926147
v 19.993919 8.328600 97.393341
v 3.588670 1.433570 91.000809
v 2.870130 1.272910 91.702309
v 2.870130 -0.003030 91.591629
v 3.154870 -0.003030 91.290749
v 3.450730 -0.003030 91.000809
v 2.870130 2.371950 91.982590
v 3.996510 2.815350 91.000809
v 4.652710 4.084120 91.000809
v 3.336350 4.102920 92.262779
v 2.870130 4.099360 92.831009
v 5.500560 5.996970 91.000809
v 4.157900 6.160470 92.985054
v 6.000560 6.969320 92.117050
v 6.000560 7.742940 93.000809
v 5.500560 7.941420 93.743828
v 12.050570 7.473440 91.000809
v 13.423820 7.147350 91.000809
v 12.050570 7.941420 91.465340
v 13.608760 7.941420 91.853569
v 14.693450 6.582000 91.000824
v 14.912290 7.941420 92.475159
v 15.999229 5.632550 91.000824
v 16.952869 4.641330 91.000824
v 17.931229 2.916000 91.000824
v 18.366369 1.653750 91.000824
v 18.550390 -0.003030 91.000824
v 18.846249 -0.003030 91.290771
v 19.130989 -0.003030 91.591629
v 19.130989 1.273510 91.702431
v 19.130989 2.372880 91.982910
v 6.000560 8.496972 91.000809
v 9.965580 8.496972 91.000809
v 6.000560 8.496972 93.000809
v 17.236370 10.987690 92.174828
v 17.000559 10.996970 91.254845
v 8.092082 11.396970 92.936729
v 5.000560 10.996970 91.254845
v 6.262730 11.262170 92.884300
v 6.831720 10.996970 90.133980
v 9.493810 11.396970 92.446281
v 8.864670 10.996970 89.438484
v 11.000060 11.396970 92.275314
v 11.000540 10.996970 89.202850
v 12.506450 11.396970 92.446068
v 13.136410 10.996970 89.438484
v 15.169359 10.996970 90.133949
v 13.908569 11.396970 92.936501
v 4.763700 10.987599 92.179001
v 4.507900 10.956240 93.195747
v 2.319980 3.119350 92.424721
v 2.000560 4.285850 92.550591
v 2.000560 2.479860 91.663559
v 2.325170 -0.003030 91.707710
v 2.000560 1.330740 91.370537
v 2.000560 -0.003030 91.254845
v 2.057180 -0.003030 91.485954
v 2.214220 -0.003030 91.664734
v 2.436120 -0.003030 91.750679
v 2.672610 -0.003030 91.724319
v 20.000559 1.331360 91.370651
v 19.565001 -0.003030 91.750679
v 19.786900 -0.003030 91.664734
v 19.943939 -0.003030 91.485970
v 20.000559 -0.003030 91.254845
v 20.000559 2.480840 91.663887
v 19.328520 -0.003030 91.724319
v 11.000569 11.495279 92.985939
v 12.050570 8.496972 92.865059
v 13.281500 8.496972 93.208809
v 12.035550 8.496972 91.000809
v 2.870130 -8.003030 91.591629
v 3.091400 -9.034599 91.356964
v 3.630930 -9.827430 90.835251
v 3.450730 -4.003030 91.000824
v 4.385970 -10.308400 90.218681
v 5.084070 -4.003030 89.727470
v 5.261430 -10.503030 89.616661
v 6.381900 -10.503030 89.017441
v 6.111670 -9.003030 89.146950
v 6.478970 -9.487800 88.973099
v 6.111670 -6.003030 89.146950
v 6.587060 -5.674440 88.925064
v 6.926770 -5.465360 88.782974
v 6.934220 -4.003030 88.780014
v 7.251480 -5.296070 88.659470
v 6.956700 -10.022260 88.771111
v 7.559050 -10.498660 88.554199
v 7.721980 -5.113930 88.500778
v 8.435599 -5.003030 88.304054
v 8.930079 -4.003030 88.197441
v 10.138200 -5.003030 88.034691
v 11.000569 -4.003030 88.000824
v 11.862929 -5.003030 88.034691
v 13.071050 -4.003030 88.197441
v 13.565530 -5.003030 88.304054
v 14.248409 -5.104880 88.491241
v 14.857650 -5.348570 88.699219
v 15.066899 -4.003030 88.780014
v 15.399110 -5.664670 88.918518
v 16.739689 -10.503030 89.616661
v 15.889450 -6.003030 89.146950
v 15.889450 -9.003030 89.146950
v 15.619479 -10.503030 89.017548
v 16.917059 -4.003030 89.727470
v 17.685980 -10.501300 90.222038
v 18.351940 -9.849370 90.818077
v 18.550390 -4.003030 91.000824
v 18.908939 -9.036500 91.356140
v 19.130989 -8.003030 91.591629
v 8.963960 -5.003030 88.670288
v 13.037169 -5.003030 88.670288
v 9.401600 -5.003030 89.139961
v 12.599529 -5.003030 89.139961
v 9.729670 -5.003030 89.692780
v 12.271460 -5.003030 89.692780
v 9.932312 -5.003030 90.302261
v 12.068820 -5.003030 90.302261
v 10.000569 -5.003030 90.938560
v 12.000569 -5.003030 90.938560
v 11.000569 -10.003030 89.000824
v 11.000569 -10.003030 89.402519
v 9.334450 -10.003030 89.053604
v 9.619892 -10.003030 89.475967
v 11.000569 -10.003030 89.743279
v 9.829550 -10.003030 89.940140
v 11.000569 -10.003030 90.010880
v 12.043640 -10.003030 90.432060
v 9.957490 -10.003030 90.432007
v 12.000569 -10.003030 90.938560
v 10.000569 -10.003030 90.938560
v 15.411340 -6.003030 88.981209
v 15.411220 -9.003030 88.981178
v 14.905499 -6.003030 88.940819
v 14.905439 -9.003030 88.940834
v 14.406879 -6.003030 89.028709
v 14.406810 -9.003030 89.028740
v 13.946489 -6.003030 89.238884
v 13.946440 -9.003030 89.238907
v 13.553599 -6.003030 89.557884
v 13.553539 -9.003030 89.557930
v 13.253260 -6.003030 89.965469
v 13.253170 -9.003030 89.965614
v 13.064600 -6.003030 90.436539
v 13.064540 -9.003030 90.436768
v 13.000569 -6.003030 90.938560
v 13.000569 -9.003030 90.938560
v 6.589790 -9.003030 88.981209
v 6.589790 -6.003030 88.981209
v 7.095620 -9.003030 88.940819
v 7.095620 -6.003030 88.940819
v 7.594250 -9.003030 89.028709
v 7.594250 -6.003030 89.028709
v 8.054640 -9.003030 89.238884
v 8.054640 -6.003030 89.238884
v 8.447530 -9.003030 89.557884
v 8.447530 -6.003030 89.557884
v 8.747869 -9.003030 89.965469
v 8.747869 -6.003030 89.965469
v 8.936532 -9.003030 90.436539
v 8.936532 -6.003030 90.436539
v 9.000560 -9.003030 90.938560
v 9.000560 -6.003030 90.938560
v 8.288879 -5.295920 89.041824
v 9.026810 -5.295920 89.865387
v 9.293440 -5.295930 90.938560
v 9.076682 -5.620350 90.938560
v 9.617860 -5.079150 90.938560
v 14.748640 -5.304970 88.662010
v 13.717179 -5.295920 89.038490
v 12.975719 -5.295920 89.862770
v 12.383249 -5.079150 90.938560
v 12.707669 -5.295920 90.938560
v 12.924439 -5.620340 90.938560
v 6.791390 -9.246252 88.919334
v 7.540590 -9.511981 88.868637
v 8.077672 -9.704929 88.924118
v 8.964740 -9.710130 89.755600
v 9.029180 -9.982001 89.014404
v 8.746582 -9.925690 88.992668
v 8.478200 -9.844990 88.971199
v 9.617880 -9.926909 90.938560
v 9.293460 -9.710130 90.938560
v 9.076690 -9.385710 90.938560
v 2.672610 -8.003030 91.724319
v 2.436120 -8.003030 91.750679
v 2.214220 -8.003030 91.664734
v 2.057180 -8.003030 91.485970
v 2.000560 -8.003030 91.254845
v 19.328489 -8.003019 91.724304
v 19.564980 -8.003019 91.750694
v 19.786879 -8.003019 91.664749
v 19.943939 -8.003019 91.485970
v 20.000559 -8.003030 91.254860
v 16.774639 -10.753030 89.559509
v 18.470970 -9.981569 90.879341
v 19.134039 -9.193262 91.469490
v 17.762030 -10.624440 90.185921
v 18.691750 -10.171189 90.830688
v 19.388590 -9.291840 91.432068
v 16.861439 -10.919399 89.417580
v 18.846769 -10.234480 90.724327
v 19.689180 -9.291550 91.141281
v 17.000559 -11.003030 89.190109
v 17.996689 -10.798650 89.966194
v 17.739790 -10.910530 89.594559
v 19.023230 -10.218610 90.446167
v 18.088829 -10.773410 89.813210
v 19.721979 -9.243210 91.008690
v 5.015050 -10.995589 89.213799
v 6.573060 -11.003030 88.387268
v 5.131000 -10.936040 89.403389
v 7.477360 -10.856580 88.425827
v 5.215880 -10.773359 89.542168
v 8.233150 -11.003030 87.838760
v 9.950572 -10.852409 87.899841
v 11.000569 -10.669700 88.022331
v 8.525450 -10.617030 88.287430
v 11.000569 -10.979280 87.701775
v 11.000560 -11.003030 87.548851
v 13.768300 -11.003030 87.838844
v 12.050570 -10.852409 87.899841
v 14.523769 -10.856580 88.425827
v 15.428639 -11.003030 88.387520
v 2.915750 -9.163819 91.460381
v 4.288750 -10.546030 90.214600
v 3.424610 -10.086040 90.874771
v 2.718590 -9.256260 91.465889
v 4.161070 -10.708090 90.130661
v 3.241800 -10.203600 90.793930
v 2.534920 -9.305710 91.393280
v 4.007110 -10.796920 89.973274
v 3.070190 -10.240950 90.642479
v 2.365230 -9.308260 91.234940
v 3.902260 -10.769469 89.819489
v 2.978330 -10.219020 90.445831
v 2.278150 -9.240942 91.009529
v 11.000569 -10.403190 88.165665
v 9.213582 -10.321270 88.332077
v 11.000569 -10.186860 88.389061
v 9.268530 -10.172100 88.660194
v 11.000569 -10.049020 88.668457
v 15.210850 -9.246252 88.919334
v 15.523270 -9.487800 88.973099
v 15.045540 -10.022260 88.771111
v 14.461650 -9.511981 88.868637
v 14.443190 -10.498650 88.554199
v 13.924570 -9.704929 88.924118
v 13.524030 -9.844990 88.971199
v 13.476789 -10.617030 88.287430
v 13.255660 -9.925690 88.992668
v 12.973050 -9.982001 89.014404
v 12.733709 -10.172100 88.660194
v 12.788660 -10.321270 88.332077
v 12.667789 -10.003030 89.053604
v 12.924450 -9.385710 90.938560
v 12.707669 -9.710130 90.938560
v 13.037499 -9.710130 89.755600
v 12.383249 -9.926909 90.938560
v 12.172689 -10.003030 89.940140
v 12.382350 -10.003030 89.475967
v 12.000569 -5.003030 97.268768
v 10.000569 -5.003030 97.268768
v 12.232949 -5.003030 98.093750
v 10.377080 -5.003030 98.218979
v 10.778040 -5.003030 98.025894
v 11.223090 -5.003030 98.025894
v 11.624060 -5.003030 98.218979
v 9.634540 -5.072420 98.000824
v 12.274050 -5.022030 98.505600
v 10.099600 -5.003030 98.566940
v 11.901529 -5.003030 98.566940
v 9.830870 -5.003030 98.921471
v 12.170259 -5.003030 98.921478
v 10.000569 -5.003030 99.000824
v 12.000569 -5.003030 99.000824
v 12.086180 -5.003030 99.443451
v 9.921559 -5.003030 99.459320
v 11.868290 -5.003030 99.497864
v 10.134840 -5.003030 99.501350
v 11.503290 -5.003030 99.865280
v 11.766250 -5.003030 99.888634
v 10.246230 -5.003030 99.898300
v 10.501750 -5.003030 99.867531
v 11.002789 -5.003030 100.000801
v 11.282020 -5.003030 100.138901
v 10.735300 -5.003030 100.142799
v 13.000569 -9.003030 98.000824
v 13.000939 -6.003030 98.000809
v 9.000560 -9.003030 98.000824
v 9.000560 -6.003030 97.961006
v 9.301980 -5.287500 98.000824
v 9.079001 -5.614810 98.000824
v 9.005500 -6.003030 98.141197
v 12.432199 -5.110400 98.235878
v 12.699150 -5.287490 98.000824
v 12.922140 -5.614810 98.000824
v 12.866580 -9.503050 98.000824
v 12.500540 -9.869071 98.000824
v 12.000569 -10.003030 98.000824
v 10.000569 -10.003030 98.000824
v 9.500560 -9.869050 98.000824
v 9.134540 -9.503030 98.000824
v 11.000569 -5.003030 99.000824
v 9.263260 -5.338230 98.184799
v 9.072510 -5.645780 98.152580
v 12.737860 -5.338220 98.184807
v 12.928610 -5.645780 98.152580
v 9.187891 -5.275670 99.411644
v 8.898160 -5.945700 99.541191
v 9.840610 -5.275670 100.453094
v 9.670320 -5.945700 100.716194
v 11.000560 -5.945700 101.171600
v 11.000560 -5.275670 100.859497
v 12.330810 -5.945700 100.716194
v 12.160510 -5.275670 100.453094
v 13.102970 -5.945700 99.541191
v 12.813240 -5.275670 99.411644
v 12.000569 -10.003030 99.500824
v 10.000569 -10.003030 99.500824
v 13.102970 -8.945700 99.541191
v 8.898160 -8.945700 99.541191
v 9.670320 -8.945700 100.716194
v 11.000560 -8.945700 101.171600
v 12.330810 -8.945700 100.716194
v 2.870120 5.296500 93.822868
v 5.500560 8.496972 96.085350
v 6.882050 11.396970 93.683838
v 4.240520 10.899099 94.286209
v 2.319980 5.638130 94.399559
v 8.261840 11.496970 93.710258
v 9.301600 11.496970 93.290817
v 3.493540 10.590980 97.566231
v 3.317610 10.480450 98.413879
v 4.654100 11.178670 96.903969
v 4.498290 11.019320 95.706848
v 5.651250 11.345540 95.020538
v 2.374610 9.636342 99.451050
v 2.193080 9.231259 99.045914
v 2.618610 9.779280 100.360100
v 2.249020 9.447670 98.970779
v 2.870110 7.192140 97.232971
v 3.267370 7.839030 98.264519
v 2.617790 7.530310 97.961037
v 2.303840 8.161960 98.331810
v 2.670400 8.342360 98.605217
v 3.430790 8.641210 99.293465
v 4.079040 8.540950 99.212440
v 4.622230 8.495440 98.563461
v 2.442240 8.559850 98.710411
v 2.614640 8.736460 99.126518
v 2.247010 9.009302 99.104530
v 2.221780 8.656372 98.634499
v 2.049090 8.884490 98.203644
v 2.174560 9.292020 98.662178
v 2.144270 8.205319 98.231941
v 7.824900 8.699900 101.513496
v 11.000560 8.557280 102.134796
v 7.711000 9.105080 102.620499
v 4.889100 7.941420 94.469170
v 4.419810 7.941420 95.182510
v 4.066980 7.941420 95.868507
v 5.971760 11.496970 97.172791
v 4.224350 11.088820 98.010651
v 5.788090 11.496970 98.239151
v 6.204630 11.496970 96.227135
v 5.124950 11.277280 95.904411
v 6.505390 11.496970 95.415634
v 6.889490 11.496970 94.763199
v 7.352420 11.496970 94.291084
v 7.398290 11.046980 104.825005
v 8.768109 11.046969 105.474899
v 8.214600 11.496970 103.471695
v 8.729879 11.487969 104.010201
v 6.193260 11.046989 103.878006
v 7.262370 11.496970 102.712395
v 5.243310 11.046989 102.709099
v 6.510050 11.496970 101.755005
v 4.605200 11.046989 101.449600
v 5.997300 11.496970 100.649300
v 4.259250 11.046980 100.205795
v 5.752350 11.496970 99.454964
v 4.152550 11.046980 99.045578
v 8.404650 9.968562 105.548096
v 7.891500 10.381700 105.668198
v 7.134010 9.951332 104.916794
v 9.940060 9.968562 105.963699
v 9.932600 10.380280 106.291794
v 8.366372 10.856060 105.644699
v 2.973740 9.092370 100.372894
v 3.782380 9.433700 101.784798
v 2.591570 9.572001 100.426201
v 3.925160 9.963260 102.567795
v 2.727830 9.944819 100.266594
v 3.358010 10.229990 101.425003
v 3.779640 10.369619 102.044899
v 4.283760 10.501610 102.680099
v 5.718890 10.274460 104.347694
v 5.031760 9.740829 103.298401
v 5.467210 10.709330 103.861595
v 6.151730 9.887310 104.264694
v 6.032970 10.771569 104.314095
v 7.054520 10.838140 104.992294
v 2.540150 9.807879 99.896790
v 2.436120 7.037710 97.270920
v 2.191500 7.587180 97.894600
v 2.000560 7.424520 96.802750
v 2.000560 7.874640 97.622444
v 2.000560 5.537390 93.587509
v 2.870120 6.306810 95.126137
v 2.000560 7.996970 96.172394
v 2.000560 8.328600 97.393318
v 2.072410 8.649621 96.465111
v 2.259060 9.215230 96.837364
v 2.501540 9.656762 97.294868
v 2.727830 9.955222 97.819534
v 2.727830 10.011270 98.475708
v 2.727830 10.024600 99.093079
v 2.727830 10.001659 99.685089
v 7.662010 9.491940 103.770401
v 8.455592 9.651130 104.621399
v 11.000569 11.496970 99.124390
v 3.716650 10.708350 96.540108
v 4.046490 10.838409 95.104408
v 2.955800 10.192180 98.418159
v 11.000569 8.496972 99.000809
v 14.306279 8.496972 93.726128
v 15.111150 11.496970 94.762558
v 14.648709 11.496970 94.291084
v 15.495689 11.496970 95.415550
v 13.739180 11.496970 93.710220
v 12.699400 11.496970 93.290779
v 14.608860 11.046980 104.821297
v 14.997720 10.836050 104.962097
v 13.239639 11.046969 105.472595
v 13.577320 10.856060 105.667198
v 13.046599 10.856060 105.848694
v 11.763090 11.046969 105.806396
v 11.823339 10.856060 106.100296
v 10.245009 11.046969 105.807198
v 12.305019 9.651130 105.032394
v 13.548269 9.651130 104.621399
v 13.016860 9.968562 105.749199
v 11.811379 9.968562 105.997200
v 11.000529 9.651130 105.171799
v 14.675930 8.718420 101.575897
v 14.338520 9.492382 103.772003
v 14.442499 9.963960 105.153099
v 14.109630 10.381710 105.668198
v 12.068530 10.380280 106.291794
v 10.539900 10.856060 106.133003
v 11.000560 11.487969 104.500801
v 13.271239 11.487969 104.010201
v 13.786520 11.496970 103.471695
v 14.738740 11.496970 102.712395
v 12.139030 11.487969 104.376801
v 9.839029 11.487969 104.376801
v 9.348949 10.856060 105.954399
v 9.696022 9.651130 105.032394
v 24.657709 9.874462 80.000031
v 24.955799 10.192180 94.418159
v 25.317610 10.480450 94.413879
v 24.316940 9.337310 80.002319
v 24.501539 9.656762 93.294868
v 24.727829 9.955222 93.819534
v 25.493540 10.590980 93.566231
v 39.000259 -10.999690 80.000031
v 39.768280 -10.899720 80.000031
v 39.000561 -11.003030 85.190109
v 39.739799 -10.910530 85.594559
v 40.088829 -10.773419 85.813210
v 40.502048 -10.596729 80.000031
v 41.023239 -10.218610 86.446167
v 41.121201 -10.121389 80.000031
v 41.721977 -9.243210 87.008690
v 41.596870 -9.502222 80.000031
v 41.900188 -8.768052 80.000031
v 42.000259 -7.999690 80.000031
v 42.000561 -8.003030 87.254860
v 27.015049 -10.995589 85.213821
v 26.224100 -10.900809 80.000832
v 26.997990 -11.006499 79.965469
v 25.902260 -10.769469 85.819489
v 25.499170 -10.596930 80.000031
v 24.978340 -10.219020 86.445839
v 24.402590 -9.499619 80.000031
v 24.278149 -9.240942 87.009544
v 24.100260 -8.767819 80.000031
v 24.000259 -7.999690 80.000031
v 24.000559 -8.003030 87.254860
v 37.428650 -11.003030 84.387520
v 28.573059 -11.003030 84.387291
v 42.000259 8.000310 80.000031
v 42.000561 7.996980 92.172401
v 42.000259 6.000310 80.000031
v 42.000561 4.287070 88.551399
v 42.000561 2.480840 87.663895
v 42.000561 1.331370 87.370659
v 42.000561 -0.003030 87.254860
v 24.000259 8.000310 80.000031
v 24.000559 7.424520 92.802750
v 24.000559 7.996970 92.172401
v 24.000559 5.537390 89.587509
v 24.000559 4.285860 88.550591
v 24.000559 2.479860 87.663559
v 24.000559 1.330740 87.370544
v 24.000559 -0.003030 87.254845
v 24.000259 -3.999690 80.000031
v 24.000259 6.000310 80.000031
v 41.926868 8.659840 80.000031
v 41.928707 8.649630 92.465111
v 41.742069 9.215230 92.837379
v 41.703117 9.302050 80.000031
v 41.499580 9.656762 93.294891
v 41.342979 9.874240 80.000031
v 40.874928 10.342450 80.000031
v 40.689320 10.476500 94.442558
v 40.289970 10.705740 92.564835
v 40.514660 10.586860 93.599640
v 40.302490 10.702940 80.000031
v 40.031811 10.814150 91.430069
v 39.760170 10.899210 90.284409
v 39.000259 11.000310 68.445839
v 39.491989 10.956450 89.190758
v 39.236370 10.987690 88.174828
v 39.000561 10.996970 87.254845
v 24.072409 8.649621 92.465111
v 24.073669 8.659892 80.000031
v 24.259048 9.215230 92.837364
v 25.125799 10.342620 80.000031
v 25.716639 10.708350 92.540108
v 25.663029 10.681780 80.001595
v 26.046490 10.838409 91.104408
v 26.240519 10.899099 90.286209
v 27.000259 11.000310 80.000031
v 27.000559 10.996970 87.254845
v 26.763689 10.987610 88.179001
v 26.507900 10.956240 89.195747
v 28.831718 10.996970 86.133980
v 30.864670 10.996970 85.438484
v 33.000549 10.996970 85.202850
v 41.273289 9.955222 93.819550
v 3.698510 10.703170 84.000031
v 5.000260 11.000310 84.000031
v 3.126320 10.343030 84.000031
v -3.498650 -10.596940 80.000031
v -4.999440 -11.003030 80.000832
v -2.878260 -10.120850 80.000031
v -2.402270 -9.499530 80.000000
v -2.099740 -8.767819 80.000031
v -2.053950 -8.572320 87.205330
v -1.999740 -7.999690 80.000031
v -17.775900 -10.900809 80.000832
v -16.999439 -11.003030 83.000832
v -16.999739 -10.999700 80.000031
v -18.501530 -10.596740 80.000031
v -19.120680 -10.121400 80.000031
v -19.596350 -9.502222 80.000031
v -19.899670 -8.768052 80.000031
v -19.999739 -7.999690 80.000031
v -10.999740 -11.001360 78.344109
v -1.999440 7.996970 80.000832
v -1.999740 6.000310 80.000031
v -1.999740 -3.999690 80.000031
v -19.999739 8.000310 71.658310
v -2.344030 9.381499 80.000610
v -2.657190 9.874450 80.000031
v -3.125280 10.342609 80.000031
v -3.628340 10.668770 79.999420
v -4.340090 10.926880 80.000031
v -4.999740 11.000310 80.000031
v -19.926319 8.660000 80.000031
v -19.702370 9.302529 80.000031
v -19.341879 9.874969 80.000031
v -18.873680 10.343030 80.000031
v -18.301489 10.703159 80.000031
v -16.999739 11.000310 80.000031
v 17.000259 -10.999690 84.000031
v 17.768280 -10.899720 84.000031
v 18.502050 -10.596729 84.000031
v 19.121199 -10.121389 84.000031
v 19.596870 -9.502222 84.000031
v 19.900179 -8.768052 84.000031
v 19.946049 -8.572320 91.205330
v 20.000259 -7.999690 84.000031
v 4.224100 -10.900809 84.000809
v 5.000260 -10.999690 84.000031
v 3.498470 -10.596740 84.000031
v 2.879320 -10.121400 84.000031
v 2.403640 -9.502222 84.000031
v 2.100320 -8.768052 84.000031
v 2.000260 -7.999690 84.000031
v 11.000560 -11.003030 82.164001
v 20.000259 8.000310 84.000031
v 20.000259 6.000310 84.000031
v 2.000260 8.000310 84.000031
v 19.926830 8.660009 84.000031
v 19.702879 9.302540 84.000031
v 19.342400 9.874980 84.000031
v 18.874199 10.343030 84.000031
v 18.302010 10.703170 84.000031
v 17.000259 11.000310 84.000031
v 2.073690 8.660009 84.000031
v 2.297630 9.302540 84.000031
v 2.658120 9.874980 84.000031
v 4.332700 10.838340 80.000031
v 3.588770 10.633639 80.000160
v 3.129790 10.345799 80.000031
v 20.000259 -7.999690 80.000031
v 20.000259 6.000310 80.000031
v 2.000870 7.998600 80.000031
v 2.000260 -7.999690 80.000031
v 4.928740 11.000310 79.157394
v 5.000260 11.000310 80.000031
v 3.716040 -10.598020 79.603691
v 3.862410 -10.598020 81.403549
v 2.429480 -9.539430 80.001595
v 4.985890 -10.999690 79.621231
v 5.012050 -10.999690 81.492439
v 5.000260 -10.999690 82.404808
v 17.174639 -10.999690 78.691071
v 17.006720 -10.999690 81.497429
v -16.999739 -10.999690 71.073570
v 2.114560 -8.819900 80.000031
v -2.834100 -10.598020 77.818878
v -4.205970 -11.000020 77.519295
v -2.163090 -9.498332 78.958221
v -1.731790 -7.999690 79.000031
v -1.496830 -9.498332 78.122749
v -1.413950 -7.999690 78.585831
v -0.999740 -7.999690 78.267990
v -2.137150 -10.999690 75.479912
v -0.917830 -10.597770 76.622581
v -0.534040 -9.498332 77.659081
v -0.517380 -7.999690 78.068192
v -1.226030 -10.999690 75.152740
v 0.595260 -10.597770 76.550964
v 0.697250 -10.999690 75.048851
v -0.269430 -10.999690 75.007301
v 0.000260 -7.999690 78.000031
v 0.534560 -9.498332 77.659081
v 0.517890 -7.999690 78.068192
v 1.638100 -10.999690 75.275902
v 1.996900 -10.597770 77.125404
v 2.517310 -10.999690 75.679779
v 1.497340 -9.498332 78.122749
v 1.000260 -7.999690 78.267990
v 1.414470 -7.999690 78.585831
v 3.302530 -10.999690 76.245689
v 3.024540 -10.597770 78.238312
v 3.963750 -10.999690 76.951950
v 2.163610 -9.498332 78.958221
v 1.732310 -7.999690 79.000031
v 4.476600 -10.999690 77.772385
v 4.821960 -10.999690 78.676704
v 1.932110 -7.999690 79.482391
v 18.403940 -10.648410 79.906219
v 19.584429 -9.498022 79.999802
v 19.892109 -8.797942 80.000031
v 19.920809 -9.498332 78.799461
v 20.068409 -7.999690 79.482391
v 18.992470 -10.597770 78.210281
v 17.519459 -10.999690 77.781380
v 20.268209 -7.999690 79.000031
v 18.033609 -10.999690 76.956070
v 20.799690 -9.498332 77.920570
v 20.036209 -10.597770 77.103050
v 20.586039 -7.999690 78.585831
v 21.000250 -7.999690 78.267990
v 18.697750 -10.999690 76.245911
v 19.487110 -10.999690 75.677528
v 21.451180 -10.597770 76.543381
v 20.371260 -10.999690 75.272820
v 21.482630 -7.999690 78.068169
v 22.000259 -9.498332 77.598885
v 22.000200 -7.999690 78.000031
v 21.317369 -10.999690 75.046890
v 22.288979 -10.999690 75.008369
v 36.384720 -10.999690 74.669868
v -4.249740 -10.999690 75.500031
v 3.153650 10.598390 78.481430
v 4.708030 11.000310 78.315704
v 2.654770 9.870780 80.000031
v 2.343810 9.382480 79.997765
v 2.163610 9.498950 78.958221
v 2.075470 8.667870 80.000031
v 1.816940 7.996960 79.124031
v 4.336710 11.000310 77.511009
v 2.182470 10.598390 77.263618
v 3.194810 11.000310 76.153641
v 3.825240 11.000310 76.779861
v 1.497340 9.498950 78.122749
v 1.358160 7.996340 78.504234
v 2.470280 11.000310 75.652740
v 0.779080 10.598390 76.587769
v 1.672870 11.000310 75.288101
v 0.534560 9.498950 77.659081
v 0.706520 7.997700 78.114342
v 0.822370 11.000310 75.068069
v 0.003620 7.996840 77.981018
v -0.778570 10.598390 76.587769
v -0.934440 11.000310 75.088181
v -0.056910 11.000310 75.000359
v -0.534050 9.498950 77.659081
v -0.738960 7.997220 78.124825
v -1.779800 11.000310 75.327621
v -2.181960 10.598390 77.263618
v -2.568620 11.000310 75.710411
v -1.496830 9.498950 78.122749
v -1.349700 7.997130 78.502625
v -3.281240 11.000310 76.227531
v -3.153130 10.598390 78.481430
v -4.387880 10.999980 77.501091
v -2.163090 9.498950 78.958221
v -1.815180 7.996500 79.114281
v -4.961660 11.000310 79.384071
v -4.846000 11.000310 78.769661
v 17.668001 10.887320 80.000031
v 17.000259 11.000310 80.000031
v 18.393969 10.649520 80.002670
v 18.870739 10.345799 80.000031
v 19.345760 9.870770 80.000031
v 19.657639 9.370990 80.000580
v 20.026100 8.002230 79.785789
v 21.221439 10.598390 76.587769
v 22.779079 10.598390 76.587769
v 21.176970 11.000310 75.068268
v 22.056419 11.000310 75.000351
v 22.534559 9.498950 77.659081
v 21.465960 9.498950 77.659081
v 22.003620 7.996840 77.981018
v 21.261059 7.997220 78.124825
v 20.326019 11.000310 75.288681
v 19.818050 10.598390 77.263618
v 19.528919 11.000310 75.653481
v 20.503170 9.498950 78.122749
v 20.650309 7.997130 78.502625
v 18.805569 11.000310 76.153740
v 18.846870 10.598390 78.481430
v 17.664629 11.000310 77.509567
v 18.176229 11.000310 76.778725
v 19.836910 9.498950 78.958221
v 20.180429 7.996520 79.120621
v 17.292480 11.000310 78.315750
v 17.072119 11.000310 79.155380
v 33.000408 -11.014190 78.344521
v 35.768311 -11.003030 83.838844
v 33.000568 -11.003030 83.548851
v 30.233149 -11.003030 83.838768
v 42.000000 -4.371940 66.473198
v 39.022671 -11.000020 75.082939
v 40.448280 -10.604190 74.809021
v 22.969919 -10.597770 76.637032
v 23.249689 -10.999690 75.158661
v 22.517920 -7.999690 78.068192
v 23.200829 -9.498332 77.920570
v 24.163559 -10.999690 75.492241
v 23.000259 -7.999690 78.267990
v 24.426199 -10.598020 77.570007
v 25.976419 -11.000020 77.808380
v 25.029650 -10.999690 76.311920
v 24.079710 -9.498332 78.799461
v 23.414480 -7.999690 78.585831
v 23.732309 -7.999690 79.000031
v 23.932110 -7.999690 79.482391
v 41.176937 -10.060920 74.960800
v 41.686390 -9.552021 74.607208
v 41.997669 -8.011129 74.094650
v 42.000000 -5.538470 70.524719
v 26.962389 11.000310 79.385780
v 25.153650 10.598390 78.481430
v 25.819859 10.888830 78.117744
v 26.776430 10.999980 78.092148
v 26.846819 11.000310 78.770859
v 24.163609 9.498950 78.958221
v 23.942080 7.997370 79.455811
v 23.606459 7.997010 78.779930
v 24.182470 10.598390 77.263618
v 25.280840 11.000310 76.226730
v 23.497349 9.498950 78.122749
v 23.206829 8.000310 78.404968
v 24.567120 11.000310 75.709190
v 23.778080 11.000310 75.326759
v 22.706530 7.997710 78.114342
v 22.933369 11.000310 75.087860
v 28.403490 -8.478880 11.381390
v 32.419659 -10.399460 12.096840
v 32.070408 -8.486082 13.147440
v 24.014629 -8.499680 5.092460
v 25.933590 -9.859550 5.580860
v 26.401310 0.004700 11.027650
v 27.305819 -10.220310 6.258490
v 26.513069 -10.342440 5.168820
v 27.056650 0.009020 11.893720
v 28.555639 -9.643020 7.141860
v 29.568960 -8.933712 8.011459
v 30.374840 -8.145020 8.837532
v 35.000248 -7.437250 9.417160
v 35.000248 -5.767140 10.523160
v 35.000248 -3.936330 11.335930
v 26.340639 -17.953260 2.998670
v 26.920719 -18.599140 4.800430
v 25.760559 -17.307390 1.196910
v 27.727909 -19.131090 6.687100
v 28.535120 -19.663050 8.573770
v 32.072529 -12.242149 12.443970
v 25.973909 -12.570470 6.521780
v 31.505579 -13.972360 13.010920
v 25.381189 -14.244280 7.114490
v 30.735849 -15.538099 13.780649
v 24.596380 -15.751719 7.899310
v 29.786489 -16.892309 14.730020
v 23.642179 -17.049129 8.853499
v 28.686001 -17.994289 15.830509
v 22.546259 -18.098949 9.949440
v 21.340309 -18.870770 11.155370
v 27.467470 -18.810919 17.049040
v 31.638689 -14.490439 14.445630
v 35.000248 -8.900120 8.048759
v 35.000248 -10.114980 6.456080
v 35.000248 -11.047979 4.683510
v 27.400249 -11.090179 4.582690
v 35.000248 -11.673120 2.780430
v 27.400249 -11.648890 2.880280
v 27.400249 -11.947889 1.113660
v 35.000248 -11.972990 0.799890
v 27.407869 -11.948709 -0.931860
v 27.920010 -11.988339 -0.521510
v 28.454319 -11.998090 -0.195250
v 28.992340 -11.999660 -0.019950
v 29.533369 -11.999670 0.015420
v 35.000248 -11.939230 -1.202950
v 30.058479 -11.999390 -0.083610
v 30.600248 -11.995140 -0.330100
v 31.965130 -11.927720 -1.312180
v 35.000248 -11.572780 -3.172270
v 33.173611 -11.740789 -2.479170
v 26.693140 -11.321620 2.978270
v 26.400249 -10.422150 3.517420
v 26.400249 -10.824630 1.954570
v 26.693140 -11.694810 0.529450
v 26.400249 -10.994120 0.349630
v 27.095779 -11.872350 -1.379350
v 26.717588 -11.599609 -1.870680
v 26.400249 -10.926950 -1.262820
v 26.400249 -10.624590 -2.848000
v 26.456490 -11.058940 -2.464790
v 22.283489 -8.499670 5.969550
v 22.198170 -9.883840 6.054870
v 23.331669 -11.284590 5.488670
v 24.851940 -11.606930 5.522420
v 21.945139 -11.224939 6.307910
v 22.472120 -13.824730 6.348220
v 21.532379 -12.483049 6.720660
v 23.892899 -14.441080 6.481470
v 20.972559 -13.620800 7.280490
v 21.123739 -15.896839 7.696610
v 20.282579 -14.604429 7.970460
v 22.388430 -16.753029 7.985930
v 19.483110 -15.404819 8.769930
v 19.405020 -17.318800 9.415330
v 20.470789 -18.339579 9.903580
v 18.598009 -15.998159 9.655040
v 17.467039 -17.965630 11.353310
v 17.653589 -16.366739 10.599450
v 18.308489 -19.061279 12.065880
v 20.059309 -19.342220 12.436390
v 18.740320 -19.499670 13.755380
v 33.465137 -13.235419 -4.380760
v 32.287781 -13.855140 -3.545250
v 31.813768 -14.025640 -3.271400
v 30.600248 -14.464370 -2.799340
v 31.226170 -14.248429 -3.011150
v 29.992100 -14.634370 -2.698530
v 29.337379 -14.755850 -2.737550
v 28.627289 -14.799470 -2.944820
v 28.065609 -14.798800 -3.222550
v 27.517170 -14.713249 -3.633940
v 27.057508 -14.559410 -4.132710
v 26.677910 -14.318560 -4.759350
v 26.481529 -14.054930 -5.301280
v 26.400249 -13.702450 -5.925860
v 25.693859 -14.366250 -4.943720
v 23.400249 -15.352619 -3.491120
v 24.577480 -13.490510 -6.585410
v 26.400249 -12.581320 -7.378890
v 24.432419 -12.360880 -7.882900
v 26.400249 -11.227039 -8.632081
v 24.264309 -11.051800 -8.980502
v 26.400249 -9.674262 -9.648600
v 24.078850 -9.607679 -9.850220
v 26.400249 -7.983790 -10.390320
v 23.880020 -8.059472 -10.482150
v 26.400249 -6.185430 -10.845990
v 23.671520 -6.435820 -10.868090
v 23.455170 -4.751350 -10.999980
v 26.400249 -4.328470 -10.999980
v 26.400249 0.000320 -10.999980
v 20.806250 -4.910460 -11.000219
v 18.497009 -4.885070 -10.990540
v 17.807880 0.018810 -10.968900
v 22.283489 -7.749680 5.969550
v 16.677950 -16.499340 11.575089
v 19.834080 -7.731860 8.359910
v 17.678480 -2.252690 -10.979970
v 17.341770 -13.084149 -7.208270
v 19.672049 -14.448330 -5.462500
v 17.103180 -14.403709 -5.273810
v 21.017170 -14.452479 -5.464380
v 20.867889 -13.108609 -7.334030
v 17.486290 -11.329869 -8.838120
v 20.856699 -11.356490 -8.913320
v 17.656670 -9.261800 -10.049140
v 20.843620 -9.307340 -10.082990
v 17.840319 -7.032500 -10.770140
v 20.829569 -7.107590 -10.778319
v 16.214319 -4.669040 -11.015230
v 17.629410 -16.837549 -0.581060
v 20.161499 -16.824320 -1.002180
v 23.596750 -18.296179 2.505710
v 18.735910 -18.841360 3.969500
v 21.208899 -18.772350 3.326580
v 25.024580 -19.766399 6.560350
v 20.334389 -20.434809 8.385610
v 16.323130 -18.631929 4.758200
v 22.725050 -20.309910 7.528290
v 17.993799 -20.216780 9.371610
v 26.834570 -20.859970 10.495770
v 22.338320 -21.628000 12.674560
v 24.628809 -21.456009 11.608310
v 20.082409 -21.413710 13.853120
v 15.747669 -19.646189 10.485740
v 17.901909 -20.789589 15.133280
v 29.586870 -20.059820 10.557830
v 28.950480 -21.599270 14.314210
v 30.638609 -20.456589 12.541900
v 26.839010 -22.229660 15.572049
v 29.247889 -16.000109 0.241190
v 32.721668 -14.682739 -0.780060
v 33.498310 -15.355439 1.854660
v 30.214920 -16.975269 3.374370
v 34.474819 -15.903001 4.432610
v 31.447470 -17.747129 6.431130
v 32.908791 -18.325790 9.408902
v 35.629841 -16.330919 6.950430
v 34.562160 -18.721380 12.305140
v 31.938589 -20.689240 14.620770
v 26.400249 -5.999680 6.000020
v 26.395069 -7.731620 5.017770
v 42.020210 -13.838670 14.297939
v 42.000248 -11.527470 14.084490
v 42.000248 -13.190340 14.223240
v 36.078270 -8.499570 15.917689
v 30.443220 -16.821600 15.962589
v 41.798557 -15.101470 14.199880
v 41.723957 -14.988159 14.960059
v 41.573380 -15.566660 14.151139
v 41.177620 -15.928679 15.160580
v 41.901421 -13.687910 14.881599
v 41.475121 -13.705680 15.476549
v 40.124500 -15.271009 15.933749
v 40.586308 -14.567900 15.870179
v 40.743858 -13.574349 15.745870
v 41.993778 -9.961229 14.295380
v 42.012817 -6.841400 14.962490
v 41.686008 -7.846410 15.457430
v 42.000248 -9.203170 14.248730
v 41.768360 -10.688540 14.904320
v 36.801727 -18.689350 15.871630
v 36.394447 -18.926109 15.099580
v 40.178749 -16.921080 14.265599
v 40.324841 -16.751499 15.042279
v 42.000248 0.000320 18.437700
v 42.000248 -2.459470 16.884930
v 42.000248 -11.570900 7.146550
v 42.000248 -4.597680 15.664499
v 42.000248 -12.690900 10.550449
v 35.707371 -3.556140 11.153850
v 35.028111 0.000380 11.995720
v 36.000248 -1.844190 10.844270
v 36.000248 -3.635330 10.381829
v 35.707371 -6.776430 9.546320
v 36.000248 -5.322500 9.626420
v 36.000248 -6.858400 8.599902
v 35.707371 -9.356202 7.036480
v 36.000248 -8.204812 7.326390
v 36.000248 -9.318140 5.845190
v 35.707371 -11.051590 3.861560
v 36.000248 -10.166280 4.200010
v 41.572781 -13.768069 8.916602
v 41.540340 -12.200960 3.641420
v 40.272350 -13.747169 5.044630
v 40.171909 -14.742029 7.981760
v 40.185719 -15.745629 10.958230
v 38.946590 -14.482500 5.486800
v 36.941971 -16.644709 9.404750
v 38.389877 -16.849890 11.792200
v 42.000248 -10.670370 4.095740
v 42.000248 3.414510 23.223829
v 42.000248 2.483370 21.605080
v 42.000248 8.000319 0.000020
v 26.465439 8.995480 11.934119
v 26.400249 11.000319 12.000020
v 35.016300 10.999070 11.999310
v 35.776638 10.999980 11.664510
v 35.500248 0.000320 11.866039
v 35.707348 0.000320 11.707129
v 35.866287 0.000320 11.500020
v 36.001549 0.000210 11.042069
v 36.000019 10.999869 11.005770
v 40.373638 0.000320 17.383549
v 27.016809 -0.015930 12.242869
v 35.028721 -0.000880 13.184080
v 42.000248 1.331430 20.130880
v 35.085728 -11.800420 -6.210550
v 35.605900 -10.898760 -7.172750
v 35.391041 -11.271219 -6.775280
v 36.000248 -10.726100 2.437990
v 35.707371 -11.702360 0.321650
v 36.000248 -10.982860 0.607920
v 36.000248 -10.929689 -1.238840
v 35.707371 -11.247009 -3.248660
v 36.000248 -10.569560 -3.045890
v 35.000248 -10.883840 -5.053190
v 36.000248 -9.911642 -4.769990
v 35.756847 -9.603370 -6.615080
v 35.523701 -10.170830 -6.084310
v 35.279003 -10.594590 -5.563500
v 36.000248 -8.972810 -6.362600
v 36.000248 -7.777850 -7.778150
v 35.958500 -8.662439 -7.283480
v 34.204571 -11.393579 -3.765490
v 41.790501 -3.190410 -8.872149
v 41.745838 -1.035010 -9.191669
v 42.000248 -2.567240 -7.870440
v 41.122440 -3.405790 -9.867479
v 41.191219 -1.036750 -10.061040
v 40.104530 -3.962320 -10.423550
v 39.163651 -2.793690 -10.867310
v 39.000248 -1.033470 -10.999980
v 40.210461 -1.032850 -10.732590
v 39.313801 -4.481020 -10.481490
v 42.000248 -4.019870 -7.495240
v 41.790501 -5.249320 -8.185340
v 41.122440 -5.675640 -9.110180
v 40.104530 -6.720860 -9.329510
v 39.450840 -6.084390 -9.852650
v 42.000248 -5.367980 -6.890180
v 41.790501 -7.108110 -7.059610
v 41.122440 -7.731290 -7.865040
v 39.572411 -7.560180 -9.001329
v 40.104530 -9.117590 -7.542260
v 39.677708 -8.880762 -7.948260
v 42.000248 -6.585700 -6.067490
v 41.790501 -8.662281 -5.536350
v 42.000248 -7.607260 -5.080370
v 41.122440 -9.455890 -6.174510
v 39.766819 -10.030200 -6.704750
v 40.452030 -11.228370 -3.756140
v 39.884449 -11.554319 -3.606500
v 42.000248 -8.435001 -3.937840
v 41.790501 -9.813180 -3.685840
v 40.998501 -10.874070 -3.698930
v 42.000248 -9.035089 -2.694270
v 42.000248 -9.396620 -1.404700
v 41.831787 -10.325570 -1.580400
v 41.394798 -11.078799 -1.490770
v 35.708569 -12.464170 -4.838610
v 35.975498 -13.183120 -2.767180
v 38.226559 -12.188300 -3.499410
v 34.382549 -12.563670 -5.283640
v 38.503269 -9.609500 -7.801730
v 35.906017 -9.912889 -8.076240
v 37.779819 -7.191400 -9.583090
v 36.000248 -8.876590 -8.876892
v 36.000248 -7.360120 -9.777929
v 36.955200 -4.637870 -10.659160
v 36.000248 -5.679790 -10.452270
v 36.000248 -3.910540 -10.862209
v 36.002430 -2.089980 -11.001320
v 37.007000 -1.757840 -10.999980
v 42.000248 -9.964241 1.307500
v 39.998249 -12.452620 -0.543630
v 36.622608 -13.684879 -0.231970
v 42.000248 5.138490 -6.131800
v 42.000248 6.125710 -5.145820
v 42.000248 6.926690 -4.003140
v 42.000248 7.516840 -2.738960
v 42.000248 7.878360 -1.391540
v 42.000248 3.994850 -6.931340
v 42.000248 2.730220 -7.519800
v 42.000248 1.381540 -7.879840
v 42.000248 -1.033470 -7.999980
v 42.000248 0.000320 -7.999980
v 36.000248 0.000320 -10.999980
v 36.000248 10.864880 -1.720840
v 36.000248 10.461889 -3.399330
v 36.000248 9.801280 -4.994090
v 36.000248 8.899312 -6.465880
v 36.000248 7.778210 -7.778430
v 36.000248 6.465570 -8.899449
v 36.000248 4.993910 -9.801209
v 36.000248 3.399270 -10.461679
v 36.000248 1.720950 -10.864580
v 36.000248 11.000319 0.000020
v 39.000248 1.640070 -10.877080
v 39.000248 0.000320 -10.999980
v 39.000248 3.244450 -10.510719
v 39.000248 4.775500 -9.909450
v 39.000248 6.198600 -9.087410
v 39.000248 7.482930 -8.062900
v 39.000248 8.600610 -6.858180
v 38.977108 10.488330 -3.498980
v 39.000248 11.000319 0.000020
v 39.000248 10.892409 -1.817440
v 40.409500 0.000750 -10.636080
v 39.667820 0.000320 -10.924760
v 41.598339 2.459100 -9.176280
v 41.925030 0.000320 -8.667540
v 41.642410 0.002800 -9.403930
v 40.498890 2.878020 -10.200700
v 41.345760 0.000320 -9.870450
v 40.870720 0.000320 -10.345469
v 41.598339 4.750320 -8.227220
v 40.498890 5.539520 -9.036190
v 41.598339 6.717840 -6.717490
v 40.498890 7.784870 -7.192790
v 41.598339 8.227560 -4.749980
v 40.448811 9.927239 -3.464000
v 41.598339 9.176610 -2.458760
v 39.667820 10.925099 0.000020
v 40.393539 10.649839 -0.002830
v 40.870720 10.345810 0.000020
v 41.345760 9.870790 0.000020
v 41.696907 9.311882 0.000050
v 41.925030 8.667881 0.000020
v 38.007130 -1.405280 -10.999980
v 39.688419 -1.033470 -10.919980
v 41.925671 -1.033470 -8.664792
v 39.035210 10.995850 49.494061
v 42.001247 -0.716310 18.437950
v 42.000248 4.551220 26.767010
v 42.000248 4.107200 24.952919
v 42.000469 4.694630 28.631800
v 41.811150 -1.865820 18.297680
v 41.230488 -3.300200 17.899929
v 41.476589 -2.758490 18.060890
v 12.488549 0.000320 15.797480
v 42.000248 0.000320 18.848049
v 37.135597 0.000320 19.331400
v 33.238560 -20.921890 16.699650
v 40.760658 -15.521859 15.751860
v 40.067570 -16.004250 15.871819
v 40.225887 -16.423639 15.522460
v 33.357368 -19.377979 18.470030
v 36.380737 -17.225340 16.867290
v 34.805279 -18.148960 17.559740
v 36.713840 -18.038380 16.644320
v 38.094601 -16.322220 16.334850
v 33.580948 -19.835459 18.334539
v 33.702980 -20.361240 17.978369
v 33.547588 -20.858540 17.232450
v 30.691710 -22.247709 18.435150
v 31.412720 -21.953699 17.937799
v 31.626789 -21.898560 18.600939
v 31.840279 -21.445280 19.191370
v 31.804850 -20.767529 19.564049
v 32.265511 -19.557449 19.090300
v 41.252148 -11.004450 15.388390
v 40.647129 -11.326520 15.577200
v 40.529858 -9.020080 15.797800
v 41.139530 -8.519990 15.750020
v 40.407970 -6.809170 16.372129
v 41.015907 -6.134380 16.528749
v 41.587860 -5.176970 16.533319
v 40.384239 -4.488070 17.392179
v 41.931919 -4.012590 16.465820
v 40.926449 -3.843650 17.703030
v 35.712749 -9.705142 15.916570
v 35.292061 -10.917339 16.036659
v 39.140087 -13.047480 15.912069
v 36.256588 -12.375690 16.181990
v 35.099331 -11.526139 16.163359
v 34.118000 -13.056100 16.558649
v 38.581341 -14.439489 16.130659
v 41.265430 -14.760400 15.591209
v 31.477001 -15.179230 17.951530
v 29.345249 -16.448080 19.291750
v 33.818291 -18.552099 18.041260
v 35.417110 -17.434650 17.183470
v 33.030781 -13.914550 16.946690
v 36.997120 -16.055210 16.526829
v 29.027149 -17.605989 18.874979
v 30.801840 -16.137730 17.100290
v 28.509630 -18.421329 17.896179
v 33.638218 -12.777220 15.805059
v 19.140049 -0.003130 29.622040
v 19.254559 -9.925320 29.530119
v 19.100809 -10.631810 29.658569
v 19.409479 -9.262460 29.444199
v 19.717310 -0.013380 29.357010
v 19.560110 -8.670489 29.391289
v 19.776430 -7.902480 29.360159
v 20.029139 -7.073090 29.382278
v 20.377750 -0.002970 29.531559
v 20.261070 -6.371320 29.463600
v 20.449850 -5.827600 29.585829
v 20.793100 -0.017400 30.146439
v 20.662199 -5.250230 29.822519
v 20.788450 -4.830210 30.145168
v 26.167519 -19.317669 18.348980
v 24.825220 -19.499279 19.691280
v 23.480919 -19.350319 21.035580
v 17.421549 -19.338560 15.074140
v 22.175020 -18.875259 22.341490
v 16.141199 -18.863529 16.354500
v 20.946730 -18.088379 23.569769
v 14.936330 -18.088369 17.559361
v 16.273079 0.000310 32.486069
v 18.949780 -11.717020 29.801630
v 16.994280 -9.818001 31.764870
v 19.111359 -12.303090 29.545729
v 16.699249 -10.417880 31.946758
v 19.662100 -13.332009 28.795979
v 20.017679 -13.853809 28.334730
v 19.376980 -12.716140 29.271959
v 20.376820 -14.311379 27.891060
v 16.309790 -10.982080 32.005859
v 15.849350 -11.480710 31.941830
v 21.590139 -15.584980 26.504650
v 22.345739 -16.220289 25.728180
v 20.965439 -14.977759 27.193899
v 23.148390 -16.878660 24.867460
v 22.807650 -17.274950 24.783970
v 15.352130 -11.884069 31.765289
v 22.344950 -17.619629 24.595310
v 21.906479 -17.855839 24.346079
v 14.838850 -12.182660 31.489399
v 21.395060 -18.034840 23.975519
v 14.329360 -12.368080 31.127329
v 28.396648 -17.089819 20.172609
v 26.329359 -19.149029 20.076439
v 27.026060 -18.273899 20.876080
v 27.432890 -17.510139 21.050840
v 26.406818 -17.718029 21.981060
v 24.094049 -18.940739 22.311760
v 24.974440 -18.082729 22.927700
v 25.323210 -17.679270 22.968929
v 24.254820 -17.385439 23.947880
v 15.528509 -17.957029 24.596260
v 20.261929 -19.889599 26.448639
v 19.213820 -18.990559 27.482809
v 21.249880 -20.698059 25.578209
v 19.742090 -20.532869 23.211149
v 21.689959 -20.621159 26.041279
v 18.191849 -18.063129 28.615820
v 18.990660 -17.988449 29.047958
v 16.936220 -16.858969 30.158480
v 22.363619 -20.159790 26.411699
v 19.740820 -17.362629 29.204809
v 16.331409 -15.518160 32.233120
v 22.830729 -19.525629 26.367001
v 20.157200 -16.651430 28.870779
v 17.215960 -14.867820 32.393078
v 21.272650 -17.608969 27.679499
v 23.009180 -19.027729 26.102730
v 30.568039 -19.940809 20.112860
v 31.134048 -20.311579 19.939369
v 29.856409 -20.687630 20.837530
v 28.937698 -20.184080 21.221001
v 28.596489 -20.854820 21.739159
v 27.353060 -20.111389 22.339470
v 27.138960 -20.806179 22.819750
v 25.853859 -19.721249 23.445129
v 25.655001 -20.475689 23.971819
v 24.462950 -19.049429 24.509418
v 24.211180 -19.838909 25.126560
v 23.198820 -18.140209 25.503229
v 22.079659 -17.026579 26.409119
v 21.123350 -15.732739 27.218729
v 17.499830 -14.381330 32.225449
v 24.661119 -22.431049 16.843630
v 22.502699 -22.216919 18.208870
v 20.402149 -21.553749 19.645439
v 16.911129 -19.998419 18.422060
v 18.234289 -20.367649 20.844090
v 29.129589 -22.672359 19.525959
v 29.809340 -22.524069 19.049110
v 27.170790 -22.850689 20.932430
v 27.998110 -22.827530 20.330940
v 25.207279 -22.625639 22.415579
v 26.177769 -22.792410 21.672119
v 22.794809 -21.723660 24.323469
v 23.602819 -22.113110 23.676220
v 24.435659 -22.421480 23.016699
v 22.010630 -21.252499 24.957520
v 29.936270 -21.366560 20.869289
v 29.863039 -22.075039 20.565670
v 29.574049 -22.546299 20.023409
v 28.037609 -21.543640 22.234409
v 27.855619 -22.260479 22.005239
v 27.487440 -22.735989 21.517439
v 26.183180 -21.308849 23.640799
v 25.894218 -22.011299 23.490620
v 25.446520 -22.475260 23.061710
v 24.411779 -20.658270 25.044199
v 24.020910 -21.322779 24.972710
v 23.501730 -21.759239 24.599070
v 17.115250 -13.815430 32.820568
v -2.299750 -2.199680 10.000020
v 1.418520 -2.181360 8.504789
v 2.100020 -2.186300 8.888630
v 2.297690 -2.194470 9.435710
v 2.300260 -2.199680 10.000020
v 15.587979 -19.629190 16.000031
v 13.389179 -18.549269 11.103749
v 14.018990 -18.146790 5.701580
v 11.690670 -17.197779 6.206090
v 15.700199 -16.391659 12.552850
v 14.749550 -16.046400 13.503500
v 13.854540 -15.473269 14.398510
v 7.964790 -5.699680 20.288250
v 6.741230 -9.818001 21.511820
v 6.441890 -9.499519 21.811159
v 6.154040 -8.861810 22.109959
v 6.221340 -0.003750 22.038820
v 6.020040 -8.074610 22.233009
v 15.423699 -15.286630 32.260788
v 12.346789 -14.958730 28.083750
v 8.567650 -12.455279 30.710249
v 6.451560 -12.399520 27.242390
v 9.727819 -15.059549 23.616810
v 13.136180 -17.598379 20.427219
v 4.796220 -12.348109 23.804560
v 7.353800 -14.737619 19.060549
v 3.314480 -12.279079 19.909750
v 11.061910 -17.036900 16.101229
v 5.796500 -14.299020 15.814719
v 2.033090 -12.173450 15.575919
v 2.300260 -12.418690 14.500020
v 9.326022 -16.296759 11.640830
v 4.455630 -13.760300 8.993670
v 2.300260 -12.713500 9.366779
v 7.948740 -15.402090 7.068610
v 2.300260 -12.661510 4.176270
v 2.300260 0.000320 10.000020
v 2.300260 -5.999680 14.500020
v 2.297930 -6.495530 9.455471
v 1.356990 -6.494410 8.502962
v -1.363010 -6.493830 8.503139
v -1.378830 -2.193310 8.503372
v 1.993400 -6.483600 8.769742
v 6.020040 -8.074602 26.475649
v 5.602690 -8.074602 25.952810
v 6.020040 0.000310 26.475649
v 5.601190 0.000310 25.950418
v 5.317310 -8.074602 25.366629
v 5.309710 0.000310 25.345169
v 5.164950 -8.074602 24.729830
v 5.160220 0.000310 24.690220
v 5.155270 -8.074602 24.065750
v 5.160220 0.000310 24.018440
v 5.297520 -8.074602 23.399050
v 5.309710 0.000310 23.363489
v 5.590000 -8.074602 22.776180
v 5.601190 0.000320 22.758230
v 5.674360 -9.664229 22.901640
v 6.563610 -10.397520 21.794930
v 6.500460 -10.934730 22.158880
v 5.540180 -10.155690 23.955509
v 6.549320 -11.421149 22.594460
v 6.711430 -11.836460 23.086750
v 5.831480 -10.484070 25.040628
v 6.987410 -12.159730 23.619719
v 7.364130 -12.363370 24.158350
v 6.717240 -11.055830 25.778450
v 6.101620 -9.142489 26.394070
v 6.339350 -10.151080 26.156340
v 7.214420 -11.821330 25.281269
v 7.823020 -12.433089 24.672668
v 14.490350 -18.022800 17.061260
v 14.089399 -17.800550 16.481770
v 13.840509 -17.517839 16.009939
v 13.669209 -17.103760 15.509450
v 13.616199 -16.651770 15.099830
v 13.676419 -16.055189 14.683010
v 16.091589 -18.854710 14.282780
v 15.480120 -17.780489 13.340230
v 13.833429 -12.433100 30.683079
v 12.030450 0.000310 32.486069
v 12.030450 -8.074602 32.486069
v 13.215179 -11.809230 31.301329
v 12.709990 -11.021910 31.806519
v 12.337510 -10.112700 32.179008
v 12.109300 -9.124660 32.407219
v 0.000170 -11.189130 19.043690
v -0.076360 -11.284340 16.801279
v 0.510400 -11.450720 16.742729
v 1.367790 -11.787720 16.347229
v 1.751140 -11.990760 15.991460
v 2.556360 -11.727200 21.342089
v 0.967210 -11.613290 16.586880
v 1.517370 -11.181200 23.972050
v -0.462360 -10.999690 24.083460
v 4.382110 -11.727200 26.073540
v 1.310370 -10.999690 28.350489
v 3.533600 -11.181200 28.577280
v 3.407610 -10.999690 32.262150
v 6.740650 -11.727200 30.536610
v 6.072240 -11.181200 32.916267
v -0.277000 0.000320 16.783249
v 0.277510 0.000320 16.783249
v 0.815900 0.000320 16.650539
v 1.306880 0.000320 16.392830
v 1.721900 0.000320 16.025120
v 2.036850 0.000320 15.568800
v 2.233440 0.000320 15.050380
v 2.300260 0.000320 14.500020
v 18.445629 0.000320 14.190559
v 7.942150 -9.495259 -8.740490
v 5.794980 -8.759789 -8.489120
v 11.030620 -9.836349 -9.103401
v 16.371790 -9.384290 -9.929182
v 5.203350 -6.405730 -7.440790
v 16.195820 -6.672500 -7.992550
v 16.198540 -5.914430 -7.054810
v 5.210830 -5.343240 -6.289330
v 16.202950 -5.212170 -6.098230
v 5.210830 -4.465930 -4.857700
v 16.215759 -4.456270 -4.434570
v 5.210830 -3.823370 -3.306430
v 16.202520 -3.791170 -2.540290
v 5.210830 -3.431410 -1.673760
v 16.194540 -3.580160 -1.050250
v 5.210830 -3.299680 0.000020
v 16.223719 -3.549350 -0.034730
v 16.205540 -2.271440 0.000020
v 4.651650 -6.423270 -9.959940
v 4.670740 -4.852930 -10.538260
v 4.755620 -5.592030 -10.167530
v 0.000250 -6.499680 0.000020
v 0.000250 -2.199680 0.000020
v 0.000250 -6.499680 1.500020
v 0.000250 -2.199680 1.500020
v 5.211000 -7.776630 -8.838860
v 5.106530 -8.621779 -8.757230
v 4.678720 -7.977690 -9.108890
v 5.567880 -9.222030 -8.367960
v 4.777670 -3.384960 -10.841260
v 5.215120 -3.956560 -10.439420
v 5.211000 -5.297160 -9.872990
v 5.210830 -6.458140 -9.396430
v 4.528950 -2.932780 -10.932099
v 4.687510 -1.546750 -8.492430
v 5.210830 -2.714360 -8.735001
v 5.210830 -1.687690 -7.072490
v 5.210830 -0.884670 -5.291110
v 5.210830 -0.318830 -3.420850
v 5.210830 0.000320 0.023760
v 16.201639 -3.874060 -8.524291
v 16.205540 -8.508570 -9.782220
v 16.191490 -7.384750 -10.663260
v 15.686760 -10.029449 -9.582250
v 13.707319 -10.132950 -9.304959
v 2.300260 -12.281099 -1.051230
v 2.300260 -11.938630 -2.862970
v 4.554970 -12.843830 -1.734770
v 7.083760 -13.400579 -2.553760
v 9.882990 -13.918180 -3.498830
v 2.300250 -11.273310 -4.621310
v 10.074490 -13.246810 -5.129890
v 2.300250 -10.299970 -6.255990
v 10.334820 -12.334180 -6.624530
v 2.300250 -9.043931 -7.713640
v 10.656010 -11.208179 -7.942180
v 2.300250 -7.528130 -8.955471
v 2.300250 -5.810760 -9.926590
v 2.300250 -3.941290 -10.598189
v 2.300250 -1.963350 -10.949900
v 1.401570 -6.490280 1.494760
v 1.401120 -2.191850 1.495570
v 2.299170 -6.497420 0.524720
v 2.017720 -6.480970 1.210330
v 2.289860 -2.168600 0.713400
v 1.912010 -2.186260 1.299580
v -2.299750 -6.499680 0.000020
v 2.300280 -0.536860 -8.149230
v 2.315540 0.016540 -3.927970
v 2.294550 -1.267160 -0.997540
v 2.287220 -1.816310 -0.795290
v 2.273690 -2.196330 -0.160310
v 10.518430 -15.637320 1.335720
v 6.950380 -14.377060 2.407130
v 3.512290 -13.138030 3.885760
v 17.237720 -3.053460 -10.964820
v 16.182419 -3.408220 -11.022320
v 17.221230 -1.646010 -8.417910
v 16.200199 -2.610730 -9.880119
v 16.203009 -3.466260 -7.260000
v 16.206329 -3.061770 -5.941970
v 16.248409 -1.388610 -7.110400
v 16.208229 -2.704070 -4.547050
v 16.205360 -2.436600 -3.052150
v 16.198780 -2.293080 -1.477170
v 13.684690 -14.269650 -4.679840
v 13.771239 -13.246500 -6.437700
v 14.009480 -11.860530 -8.034490
v 15.156640 -16.664970 0.006770
v 12.795449 -16.314631 0.779540
v -2.316270 -2.099710 -0.452650
v 16.295740 0.018330 0.009950
v 17.698969 6.922630 -0.906560
v 17.700001 8.171180 -6.315990
v 17.700710 6.937450 -7.576290
v 17.700001 9.014310 -5.270400
v 17.700260 9.000319 -3.324530
v 17.692549 9.020920 -0.822140
v 17.913300 7.123530 -8.095960
v 18.281000 7.475460 -8.136720
v 18.281000 8.714672 -6.712670
v 18.281000 9.490109 -5.562700
v 18.289459 10.099720 -4.354900
v 17.700001 9.622120 -4.300220
v 17.806450 10.636459 -0.019700
v 17.630770 10.523479 0.258210
v 17.941839 10.794829 0.381530
v 18.095890 10.916870 0.924580
v 17.467909 10.465859 0.405710
v 17.830990 10.864850 1.349170
v 18.278309 10.980810 1.473300
v 18.432230 10.994630 1.944800
v 17.648670 10.120790 -0.445720
v 17.705860 10.249450 -2.090480
v 17.700260 9.793790 -3.024930
v 18.280790 10.774320 -2.241540
v 18.335030 10.995009 -0.001330
v 17.700249 0.000320 0.000020
v 17.700260 0.000320 -6.723820
v 17.582260 0.000320 -4.953690
v 17.150311 0.000320 0.000020
v 17.217819 0.000580 -2.766790
v 17.700260 -1.223180 -9.625629
v 17.700260 -0.557210 -8.197570
v 17.221230 -0.616470 -5.657710
v 16.267410 -0.458910 -4.497180
v 16.200500 0.000320 -1.732220
v 16.204260 -0.285310 -3.352000
v 16.700249 9.000319 0.000020
v 16.759609 6.806140 0.126000
v 3.215580 7.339020 0.009580
v 17.700260 5.926040 -8.363492
v 17.919930 4.977210 -9.562730
v 17.700260 4.866440 -9.021250
v 18.450260 5.901160 -9.283310
v 18.450260 4.617690 -9.983950
v 17.700260 3.795400 -9.521532
v 17.919930 2.562150 -10.471490
v 18.450260 3.342970 -10.479799
v 17.700260 2.746120 -9.875360
v 18.450260 2.123280 -10.793170
v 17.700260 1.747680 -10.099939
v 18.450260 0.998350 -10.954610
v 3.264480 10.999980 1.826560
v 3.170980 10.899980 1.302540
v 17.288599 10.704150 0.949770
v 3.235950 9.184000 -0.000410
v 16.715460 9.701019 0.119470
v 17.682579 0.415220 -10.322989
v 17.700001 6.043120 -0.720080
v 17.700260 5.181100 -0.259000
v 26.316750 0.004700 11.433070
v 37.500248 0.000320 21.000019
v 8.006619 0.000320 20.252020
v 37.408009 0.000320 20.145950
v 26.400249 11.000319 0.000020
v 26.400249 0.000320 6.000020
v 26.400249 1.720950 -10.864580
v 26.400249 3.399270 -10.461679
v 26.400249 4.993910 -9.801209
v 26.400249 6.465570 -8.899449
v 26.400249 7.778210 -7.778430
v 26.400249 8.899312 -6.465880
v 26.400249 9.801280 -4.994090
v 26.400249 10.461889 -3.399320
v 26.400249 10.864880 -1.720840
v -0.815390 0.000320 16.650539
v -1.306370 0.000320 16.392830
v -1.721390 0.000320 16.025120
v -2.036340 0.000320 15.568800
v -0.052170 10.999980 3.212300
v 2.611860 10.996270 0.893950
v -3.237460 10.999750 1.760780
v -2.306830 5.299700 -0.986780
v 2.300250 0.000320 -0.999980
v 2.308870 7.500360 -0.983280
v -2.328380 9.096640 -0.966500
v 2.345650 9.219861 -0.947690
v 3.306250 9.923070 0.202890
v 3.306760 10.569710 0.723380
v 16.802439 10.217380 0.399480
v -2.319100 -1.659030 -0.899560
v -2.299750 0.000320 10.000020
v -2.321700 10.086480 -0.696710
v 2.303110 9.919169 -0.776410
v 2.542430 10.735180 0.239240
v -2.483520 10.766080 0.167780
v 2.601480 8.999361 -0.253030
v 2.555470 7.501800 -0.299810
v 2.593150 9.789280 -0.152860
v 5.154990 0.002260 -2.324800
v 3.400260 0.000320 0.000020
v 5.073860 0.000320 -3.172120
v 4.393450 0.027170 -3.111220
v 4.967660 -0.615870 -5.859180
v 17.342739 6.797220 -0.133850
v 17.264820 9.028182 -0.148840
v 17.189810 9.873079 0.045250
v 17.316031 10.443930 0.519540
v 17.067890 10.458240 0.640890
v 37.500248 2.194220 22.054260
v 37.404350 0.732430 20.145100
v 37.509090 3.570460 33.799049
v 37.500259 3.231850 35.254471
v 37.500210 3.759360 32.926220
v 37.500057 3.925580 32.070961
v 37.500259 4.060820 31.354979
v 37.500259 4.268470 29.535439
v 37.500259 4.213620 27.702179
v 37.494617 3.942490 26.103880
v 37.500248 3.324730 24.152779
v 42.000000 4.607160 30.811140
v 41.707977 3.881440 30.840910
v 41.619457 3.730110 28.656818
v 41.239090 3.511720 30.857849
v 40.924198 3.267150 28.674829
v 40.683178 3.300350 30.864939
v 40.017517 3.329740 28.774790
v 40.090340 3.374380 30.863668
v 41.947689 0.000320 19.367020
v 41.718418 -0.005750 20.013420
v 41.670650 2.000210 22.589029
v 41.141010 -0.023150 20.675001
v 39.839230 2.332430 24.119709
v 39.720577 0.012370 20.580679
v 40.323608 -0.009800 20.877850
v 40.825680 1.725190 23.157679
v 41.670650 3.295890 25.505329
v 40.825680 2.838870 25.819109
v 39.839230 2.940150 25.744410
v 39.839237 3.255930 27.190529
v 38.530319 3.825320 31.033009
v 38.971821 0.000320 20.134579
v 38.071468 0.000320 19.686710
v 38.716087 3.238550 25.058300
v 42.000259 -3.329000 61.750298
v 42.000259 -2.689310 58.809879
v 42.000259 -2.018660 56.146049
v 42.000259 -1.338250 53.734200
v 42.000259 -0.663120 51.546768
v 42.000000 0.019410 49.445980
v 42.000259 0.904630 46.988140
v 42.000259 1.272230 45.990898
v 42.000259 2.642230 42.401569
v 42.000259 3.268820 40.784149
v 42.000259 3.808040 39.209030
v 42.000259 4.260560 37.457428
v 42.000000 4.418310 35.707928
v 39.006050 10.999980 50.903610
v 40.776340 1.298340 41.789169
v 37.500259 2.068310 38.470207
v 37.500259 2.360530 37.780628
v 39.129047 2.102230 39.006767
v 40.750759 1.889190 40.251339
v 37.500259 1.772100 39.160088
v 40.802307 0.655520 43.468769
v 37.500259 1.473980 39.849159
v 37.500259 1.175790 40.536419
v 40.884529 0.006800 45.220280
v 37.500259 0.879040 41.221100
v 37.500259 0.584210 41.904381
v 37.500259 0.291340 42.588108
v 37.500259 0.000310 43.274250
v 37.864677 -1.288290 46.673477
v 40.951450 -1.312960 49.001659
v 40.888100 -2.057950 51.151237
v 40.905499 -2.780220 53.517918
v 40.921139 -3.491850 56.083759
v 40.935631 -4.222860 59.068398
v 38.000259 -4.329870 56.006710
v 40.948269 -4.896960 62.314579
v 40.992760 -6.270970 69.459801
v 39.567440 -6.945840 69.685280
v 34.579887 -2.496040 47.512207
v 31.279799 -8.577720 66.958710
v 31.612320 -6.536160 57.162777
v 40.395687 3.101400 35.406960
v 39.239227 3.583460 31.843470
v 40.613319 2.377860 38.011841
v 37.500259 2.826580 36.560940
v 40.817909 3.102690 35.649010
v 41.352989 2.081510 40.327969
v 41.388550 3.321100 35.681629
v 41.898880 2.687400 40.560780
v 41.784489 3.785940 35.751537
v 41.426018 0.115710 45.588669
v 41.921040 0.689900 45.900219
v 36.985188 -10.491870 73.654350
v 40.506348 -9.574380 73.479568
v 40.055859 -10.397870 74.100151
v 39.108429 -10.819960 74.496178
v 34.988148 -10.549669 73.191132
v 40.755978 -9.052690 73.035698
v 33.177010 -10.601560 72.656868
v 40.740059 -8.173699 72.103889
v 33.821850 -9.330629 71.184769
v 40.781170 -7.470960 71.169571
v 40.906269 -6.780830 70.135582
v 33.588169 -8.448902 69.188354
v 41.627068 -0.923310 48.991558
v 41.684170 -3.340110 57.582119
v 41.734550 -5.011470 66.374092
v 41.134529 -8.969649 73.121941
v 41.558640 -6.348400 70.154030
v 41.401569 -8.820052 73.272621
v 41.607990 -8.702559 73.393311
v 41.879429 -5.994430 70.342751
v 41.747101 -8.554350 73.543152
v 41.882450 -8.398520 73.702461
v 41.010220 -9.772750 73.818214
v 35.063049 -10.908930 73.793159
v 34.055000 -10.999690 74.026680
v -34.392441 11.000660 18.741089
v -19.543989 11.000310 39.926468
v -15.615470 11.000310 37.175678
v -16.999739 11.000310 50.352718
v -19.999739 -3.073230 57.689648
v -19.999739 -4.338710 56.898438
v -19.999739 -5.607640 55.774040
v -19.999739 -6.841180 54.292919
v -19.999739 -7.998430 52.444637
v -19.943390 8.579030 52.413868
v -19.999739 7.998790 52.444557
v -19.764700 9.164361 52.288738
v -19.456749 9.721672 52.073128
v -19.013090 10.224370 51.762470
v -18.436850 10.633699 51.358978
v -17.750189 10.904930 50.878178
v -20.975700 6.666620 53.136688
v -19.999739 6.816510 54.327827
v -19.999739 5.563750 55.819778
v -21.766470 5.159210 53.690418
v -19.999739 4.281820 56.941158
v -22.346369 3.515670 54.096458
v -19.999739 3.013230 57.720058
v -22.700310 1.778990 54.344288
v -19.999739 1.780330 58.200729
v -19.999739 0.575440 58.427238
v -22.818890 -0.004570 54.427319
v -19.999739 -0.622540 58.422718
v -22.698709 -1.790260 54.343170
v -19.999739 -1.834600 58.184788
v -22.342939 -3.527450 54.094059
v -21.760380 -5.172570 53.686138
v -20.968979 -6.676750 53.131989
v -34.898270 10.937510 20.044680
v -21.027569 10.850190 40.965279
v -22.470690 10.403900 41.975758
v -35.943527 10.526840 22.156399
v -23.833929 9.673630 42.930309
v -36.269260 10.296960 23.008299
v -36.984249 9.508670 24.397659
v -37.546299 8.921590 25.435570
v -25.080090 8.679299 43.802879
v -37.792759 8.574690 25.877880
v -38.325897 7.550970 26.866390
v -26.175129 7.448040 44.569649
v -38.860149 6.577380 27.712370
v -27.089169 6.013470 45.209660
v -39.627197 5.086380 28.249479
v -27.797239 4.414730 45.705460
v -40.189560 3.465100 28.643250
v -7.719320 9.420930 43.854488
v -6.781600 8.391930 43.197887
v -12.989070 0.000310 47.544411
v -5.940830 7.176510 42.532860
v -3.901360 0.000310 41.241367
v -3.978400 -2.999690 41.235058
v -3.978400 -10.999690 41.235058
v -16.999739 -10.999690 50.352707
v -17.497959 -10.958030 50.701557
v -17.993450 -10.830330 51.048508
v -18.449060 -10.626369 51.367527
v -18.858749 -10.354270 51.654388
v -9.879712 11.000310 45.367199
v -8.756650 10.294490 44.580830
v -19.223169 -10.013730 51.909569
v -19.540419 -9.594979 52.131710
v -19.789900 -9.101962 52.306408
v -19.949360 -8.547182 52.418049
v -10.533310 -10.999690 33.617119
v -10.398590 0.006930 33.550419
v -11.193830 6.331920 34.079628
v -10.508890 4.727180 33.600029
v -13.113520 9.076400 35.423798
v -14.304660 10.153669 36.257858
v -19.543989 0.000310 39.926468
v -12.068640 7.792710 34.692169
v -19.552540 -11.002029 39.924370
v -21.008560 -10.853410 40.951969
v -22.448759 -10.412439 41.960407
v -23.816099 -9.684770 42.917828
v -25.040800 -8.752950 43.747330
v -26.188349 -7.466770 44.555927
v -27.150888 -5.958780 45.224140
v -27.987400 -3.993070 45.737537
v -5.212530 5.840980 42.126019
v -4.699140 4.619270 41.826660
v -9.846120 3.173950 33.600029
v -4.379690 3.415690 41.533669
v -4.117280 2.243970 41.408279
v -9.454152 1.593220 33.600029
v -4.003200 1.100510 41.285759
v -9.210549 0.022110 33.705059
v -2.668890 -10.999690 58.107738
v -0.271070 -10.999690 68.606949
v 11.953730 -10.999240 54.072609
v 14.650390 -10.999690 57.101658
v 11.263030 -11.002470 52.766048
v 10.934620 -11.000780 51.025879
v 10.928490 -10.999440 49.000008
v 11.218520 -10.999690 46.785240
v 11.691970 -10.999690 44.646378
v 12.286150 -10.999690 42.554878
v 8.894050 -10.999690 39.428249
v -9.148612 -11.000020 33.852169
v 5.897190 -10.999690 35.930809
v -9.234380 -10.999690 31.980669
v -30.482288 -11.000020 24.310389
v 9.646660 -11.727200 34.639530
v 9.141330 -11.181200 36.899151
v -9.140590 -2.999690 33.862690
v -9.562099 -11.000020 33.514359
v -9.724710 0.009140 33.461220
v -10.032760 -11.000020 33.429260
v -18.499750 11.000319 0.000030
v -21.199749 10.850579 -1.808800
v -21.199749 11.000319 0.000030
v -18.500000 10.342730 -3.497710
v -21.199749 10.405430 -3.568400
v -21.199749 9.676980 -5.230870
v -18.499750 8.534932 -6.939740
v -21.199749 8.685050 -6.750930
v -17.798439 10.999980 -0.002490
v -16.916489 9.686950 -3.501880
v -15.540720 8.754961 -0.666080
v -15.559179 8.564590 -0.964030
v -15.883539 9.445069 -0.804890
v -21.200260 0.001450 11.013940
v -21.287659 0.021730 11.855050
v -21.200439 10.999980 11.017620
v -2.299750 4.688620 -0.952920
v -2.598050 5.301700 -0.254820
v -3.213320 9.000741 0.005570
v -2.552360 8.999969 -0.303870
v -3.190260 5.301400 0.004940
v -3.306880 9.550890 0.052490
v -2.592640 9.789840 -0.152650
v -3.305900 10.272850 0.430320
v -2.695170 11.005980 1.046060
v -3.305050 10.999980 1.061130
v -15.929239 10.336150 0.422540
v -16.474129 10.369670 0.381190
v -17.279001 10.999980 1.293540
v -16.919680 10.577519 -0.002320
v -14.657610 8.995850 -0.002360
v -14.940630 8.916590 -0.058500
v -15.345480 9.846370 0.199790
v -15.657660 9.707580 -0.002090
v -15.170030 8.858922 -0.153000
v -15.947330 9.659739 -0.319760
v -15.338449 8.811540 -0.323560
v -15.483239 8.770522 -0.516610
v -14.582530 7.937020 -0.006570
v -14.539430 8.474370 0.000500
v -15.081670 7.933200 -0.172540
v -15.413839 7.932820 -0.578460
v -15.499749 7.937570 -0.999970
v -14.586960 5.300100 0.005090
v -15.245219 5.302870 -0.298550
v -15.495620 5.300140 -0.882080
v -15.901670 8.695611 -3.826450
v -15.499749 7.629710 -2.406720
v -15.499749 7.072190 -3.740120
v -15.901670 6.983170 -6.441230
v -15.499749 6.284210 -4.951000
v -17.001110 7.336180 -7.649880
v -15.499749 5.291150 -6.000570
v -18.499750 7.308190 -8.221590
v -15.901670 4.514840 -8.358749
v -15.499749 4.125500 -6.854370
v -17.001110 4.694910 -9.502430
v -18.499750 5.891330 -9.289539
v -18.499750 4.321200 -10.115800
v -15.499749 2.825330 -7.484570
v -15.901670 1.557810 -9.371440
v -15.499749 1.432890 -7.870660
v -17.001110 1.618660 -10.474549
v -18.499750 2.638640 -10.678900
v -18.499750 0.887500 -10.964149
v -15.499749 -0.006000 -7.999970
v -15.901670 -1.567810 -9.369659
v -17.001110 -1.607540 -10.476180
v -21.199749 7.456650 -8.087190
v -21.199749 6.025220 -9.203270
v -21.199749 4.429720 -10.068749
v -21.199749 2.713620 -10.660080
v -21.199749 0.923630 -10.961160
v -18.499750 -0.886770 -10.964149
v -2.299750 -1.199680 -0.999980
v -21.199749 -10.999680 12.000020
v -21.199749 -10.999680 0.000020
v -21.199749 -10.849299 -1.812660
v -21.199749 -10.402830 -3.574100
v -21.199749 -9.671229 -5.240330
v -21.199749 -8.676060 -6.761660
v -21.199749 -7.444210 -8.098072
v -21.199749 -6.007080 -9.214700
v -21.199749 -4.407930 -10.078040
v -21.199749 -2.687490 -10.666540
v -15.499749 0.084400 -0.897480
v -15.499749 -7.074420 -3.734690
v -15.538300 -5.199610 -0.898260
v -15.499749 -7.630690 -2.401590
v -15.499749 -6.288270 -4.945040
v -15.499749 -5.296900 -5.994930
v -15.499749 -4.133140 -6.849390
v -15.499749 -2.834630 -7.480830
v -15.499749 -1.443970 -7.868520
v -21.199749 -0.892450 -10.963690
v -15.549109 -8.076509 -0.984560
v -18.500000 -10.257669 -3.326290
v -18.499750 -10.973169 -0.763190
v -18.499750 -10.999680 0.000020
v -18.499750 -8.534289 -6.939750
v -18.499750 -7.307550 -8.221590
v -18.499750 -5.890690 -9.289530
v -18.499750 -4.320550 -10.115820
v -18.499750 -2.638040 -10.678889
v -17.277880 -10.657020 0.000050
v -17.369089 -10.781950 0.722000
v -17.000000 -9.921360 -3.431880
v -16.078550 -9.686620 -0.560190
v -16.692329 -10.371790 0.099910
v -15.901670 -8.699309 -3.816580
v -17.000000 -9.287860 -5.088620
v -15.901670 -6.989840 -6.433290
v -17.001110 -7.327890 -7.657210
v -15.901670 -4.523690 -8.353610
v -17.001110 -4.684760 -9.507122
v -2.259810 -2.413990 0.055250
v -2.289170 -2.168630 9.286139
v -1.911320 -2.186280 8.700370
v -2.299750 -1.649680 10.000020
v -2.300040 -11.000440 14.499940
v -17.608929 -10.974410 1.555870
v -2.299750 -10.999680 2.000020
v -2.017100 -6.480710 8.789112
v -2.298920 -6.498070 9.482690
v -14.499749 -6.331260 0.000020
v -3.299750 -5.199680 0.000020
v -14.660820 -7.921520 0.001860
v -14.675839 -8.980360 -0.002440
v -2.299750 -8.999680 0.000020
v -2.299750 -10.904059 1.389010
v -2.299750 -10.616660 0.823000
v -2.299750 -10.177589 0.383690
v -2.299750 -9.611159 0.095790
v -15.359540 -9.813869 0.168570
v -16.293930 -10.416490 0.562170
v -16.803110 -10.678370 0.915340
v -15.304780 -8.813310 -0.286490
v -15.689010 -9.705801 -0.048080
v -15.133380 -7.930450 -0.232620
v -15.104970 -5.205710 -0.144850
v -30.799280 10.999490 11.010680
v -30.799749 11.000319 0.000030
v -33.799740 11.000319 0.000030
v -33.809200 11.001830 14.354759
v -29.841980 10.993839 11.998139
v -30.598730 10.986760 11.612810
v -36.799740 -0.007790 -7.999970
v -36.799740 -1.397400 -7.876920
v -36.799740 1.382820 -7.879610
v -36.799740 2.731730 -7.519240
v -36.799740 -2.744170 -7.514480
v -36.799740 3.997240 -6.929950
v -36.799740 -4.007720 -6.923530
v -36.799740 5.141140 -6.129570
v -36.799740 -5.149310 -6.122170
v -36.799740 6.128410 -5.142590
v -36.799740 -6.134550 -5.134500
v -36.799740 6.929180 -3.998820
v -36.799740 -6.932950 -3.991190
v -36.799740 7.518700 -2.733820
v -36.799740 -7.520790 -2.726320
v -36.799740 7.879580 -1.384620
v -36.799740 -7.880050 -1.378290
v -36.799740 -7.999680 0.000030
v -36.799740 8.000319 0.000030
v -36.814430 -0.008090 12.385409
v -36.796700 3.532280 12.708710
v -36.799667 7.134700 13.807310
v -36.799740 8.000319 14.354899
v -30.798559 -11.000020 11.023350
v -30.799749 -10.999680 0.000020
v -30.799749 -10.849520 -1.811350
v -30.799749 10.850389 -1.809920
v -30.799749 10.404690 -3.570550
v -30.799749 -10.403240 -3.572930
v -30.799749 9.675360 -5.233860
v -30.799749 -9.673120 -5.236830
v -30.799749 8.682260 -6.754510
v -30.799749 -8.679070 -6.757800
v -30.799749 7.452470 -8.091052
v -30.799749 -7.448090 -8.094500
v -30.799749 6.019510 -9.207001
v -30.799749 -6.013600 -9.210452
v -30.799749 4.422440 -10.071950
v -30.799749 -4.414730 -10.075060
v -30.799749 2.704810 -10.662320
v -30.799749 -2.695630 -10.664479
v -30.799749 -0.903200 -10.962800
v -30.799749 0.913440 -10.962001
v -22.155260 0.007360 11.999120
v -29.868340 -11.000020 11.996510
v -22.160059 10.999980 11.998420
v -33.799740 -10.999680 0.000020
v -33.799740 -10.474660 -3.499980
v -33.799740 -8.520340 -6.956880
v -33.799740 -7.294030 -8.233592
v -33.799740 -5.878810 -9.297060
v -33.799740 -4.311310 -10.119760
v -33.799740 -2.632190 -10.680329
v -33.799740 -0.884770 -10.964300
v -33.799740 0.885490 -10.964300
v -33.799740 2.632790 -10.680329
v -33.799740 4.311960 -10.119740
v -33.799740 5.879450 -9.297060
v -33.799740 7.294670 -8.233592
v -33.799740 8.520969 -6.956870
v -33.799999 10.202620 -3.501260
v -33.799740 10.974600 -0.751780
v -35.393799 10.772610 21.172489
v -36.647148 -8.813069 26.976170
v -38.859818 -6.577280 27.712149
v -37.509300 -8.970240 25.364889
v -35.215359 -9.880500 25.973610
v -35.787659 -10.703780 22.415140
v -33.650391 -10.604020 24.877810
v -34.582180 -10.999690 19.699009
v -38.936890 7.185720 20.701830
v -38.321030 7.126730 19.065510
v -39.029728 4.638130 17.881060
v -39.974270 3.832720 18.597879
v -38.752567 2.727420 17.025780
v -40.541500 5.532760 21.422480
v -38.659630 8.355220 23.497120
v -40.504509 5.920990 24.855400
v -38.766239 8.037450 24.726719
v -40.831860 2.041160 19.198360
v -38.709938 -0.010010 16.612589
v -41.766258 2.945890 22.280060
v -41.633961 3.105660 25.646250
v -40.532841 1.755010 28.883610
v -42.023399 0.007080 25.918940
v -42.192249 0.003620 22.578350
v -40.648220 0.000080 28.964409
v -41.129547 -0.001780 19.406799
v -41.637280 -3.092120 25.648569
v -40.532749 -1.755070 28.883549
v -40.189400 -3.465070 28.643129
v -41.768101 -2.939050 22.281359
v -40.830669 -2.044470 19.197529
v -38.653610 -2.752810 16.833399
v -40.510818 -5.909240 24.859819
v -39.626961 -5.086330 28.249300
v -40.345520 -5.527070 21.424919
v -39.972050 -3.835280 18.596319
v -39.459629 -7.330460 24.226059
v -38.996418 -6.806440 20.060940
v -38.644970 -5.096680 17.598389
v -38.540779 -6.845530 19.163359
v -36.854740 -0.000690 12.866199
v -36.827599 6.869900 14.414769
v -37.170460 8.978250 18.081299
v -36.948780 0.001250 13.508539
v -36.881809 3.441340 13.537809
v -37.070587 0.000820 13.924120
v -36.990547 6.431460 15.167210
v -37.030849 3.323650 14.130680
v -37.364529 0.000430 14.747410
v -37.299587 8.251820 17.847889
v -37.228928 3.208190 14.711889
v -37.275089 6.013770 15.884239
v -37.498680 3.097490 15.269710
v -37.461491 8.891921 19.557390
v -38.011337 -0.007030 15.815220
v -37.577351 5.716070 16.395319
v -37.591789 7.813410 18.209299
v -37.814869 2.991840 15.801149
v -37.875809 8.755082 20.775650
v -37.726761 9.175710 21.416199
v -37.930759 5.430820 16.884960
v -37.939487 7.387160 18.560749
v -38.156578 8.820611 23.437260
v -38.320580 2.862470 16.458290
v -38.297699 8.201622 20.974300
v -38.350548 5.176750 17.321119
v -38.237869 8.663159 24.269880
v -37.877411 8.828500 25.088200
v -36.398430 -9.498240 0.000030
v -36.697529 -8.776142 0.000030
v -36.398609 -8.925480 -3.248700
v -35.299740 -10.597760 0.000020
v -35.921070 -10.121000 0.000020
v -36.398609 -7.276060 -6.105580
v -35.299740 -7.489490 -7.498110
v -36.398609 -4.749000 -8.226029
v -35.299740 -4.807930 -9.444540
v -36.398609 -1.649100 -9.354310
v -35.299740 -1.656360 -10.467760
v -35.299740 1.657160 -10.467730
v -36.398609 1.649740 -9.354310
v -35.299740 4.808720 -9.444469
v -36.398609 4.749640 -8.226029
v -35.299740 7.490250 -7.497980
v -36.398609 7.276700 -6.105580
v -35.299999 9.697001 -3.486080
v -36.398609 8.926120 -3.248700
v -36.724529 8.667881 0.000030
v -36.476658 9.347640 -0.001730
v -36.145229 9.870790 0.000030
v -35.670219 10.345810 0.000030
v -35.195599 10.639410 -0.001010
v -34.467308 10.925099 0.000030
v -34.936520 10.778069 14.352940
v -35.583759 10.415239 14.354609
v -36.212639 9.773330 14.359130
v -36.545509 9.213369 14.358890
v -36.749741 8.524291 14.358040
v -35.687599 10.646100 18.534719
v -36.530041 10.037590 18.282909
v -36.513748 10.325120 21.992809
v -36.951279 10.049749 21.786129
v -37.387897 9.676671 21.553820
v -30.549629 -11.000020 11.667049
v -33.799759 -10.999680 14.354320
v -36.802109 -3.576140 12.742559
v -36.834129 -6.803930 14.487940
v -36.790829 -7.048130 13.762830
v -36.798019 -8.003550 14.367970
v -36.853081 -8.251100 15.529429
v -36.853741 -3.463870 13.325979
v -36.980671 -3.334620 13.981910
v -36.949650 -8.468900 16.477089
v -36.980579 -6.449150 15.099540
v -37.211800 -8.513060 17.677809
v -37.170578 -6.122760 15.662319
v -37.261929 -3.173450 14.800200
v -37.169510 -8.873742 17.997940
v -37.428368 -9.100940 19.636370
v -37.507957 -5.755930 16.295000
v -37.607498 -7.753840 18.238209
v -37.653259 -3.027260 15.543159
v -37.738277 -9.155611 21.348129
v -37.919449 -5.425900 16.864159
v -38.336689 -8.166501 21.077089
v -38.102379 -2.900630 16.186340
v -38.150249 -7.169900 18.721930
v -38.726238 -8.313560 23.170160
v -38.381878 -5.177250 17.332439
v -38.703621 -7.762770 21.093069
v -38.281830 -8.521121 24.555929
v -36.792641 -10.162350 21.867720
v -35.077290 -10.926640 19.095709
v -35.453251 -10.789129 18.513300
v -35.899467 -10.557030 18.416470
v -37.389530 -9.680770 21.557470
v -36.470779 -10.087910 18.292389
v -37.067978 -9.196110 18.177229
v -34.480740 -10.917860 14.357739
v -34.036270 -10.999690 16.912430
v -34.343781 -10.999370 17.051739
v -35.155621 -10.663850 14.354460
v -35.068821 -10.815670 16.932520
v -35.537148 -10.592310 16.853910
v -35.988209 -10.045110 14.357500
v -36.156830 -10.121530 16.750290
v -36.417969 -9.453540 14.353410
v -36.766579 -9.264790 16.649040
v -36.697529 -8.776150 14.354330
v -34.576210 -10.897460 0.000020
v -35.299740 -9.689380 -3.360080
v -33.882538 11.000319 15.895490
v -34.091099 11.000319 17.350250
v -1.463610 -10.999690 21.009480
v -2.299740 -10.999680 17.782930
v -2.299740 -11.002339 16.699619
v -1.445890 -11.042720 16.306389
v -2.299740 -1.030930 14.500020
v -2.232930 0.000320 15.050380
v -2.299740 0.000320 14.500020
v -21.402100 10.999980 11.614220
v 12.531199 -10.585489 31.985310
v 16.647409 -13.383080 33.521130
v 22.433840 -2.431790 35.463799
v 21.788530 -2.890390 34.141659
v 22.433840 0.000310 35.463799
v 21.654390 0.000310 33.810638
v 21.335699 -3.403600 32.895119
v 21.109850 0.000310 32.065948
v 20.995779 -4.047280 31.538990
v 25.445070 -0.814050 36.974529
v 24.712002 -1.228570 36.980900
v 25.158110 0.016600 37.001751
v 24.263140 0.000310 36.894550
v 24.010399 -1.598470 36.813438
v 23.707199 0.000310 36.681679
v 23.369629 -1.929810 36.483749
v 23.204239 0.000310 36.363228
v 22.834759 -2.212070 36.020451
v 22.774130 0.000310 35.951797
v 26.921829 -0.003520 36.825157
v 12.682779 -11.153500 40.656399
v 13.084710 -11.721250 38.315048
v 13.474640 -12.606790 36.327148
v 10.928940 -12.521520 33.745541
v 15.067480 -11.443009 37.172699
v 14.524050 -12.495470 36.580990
v 15.315160 -11.799390 36.403889
v 14.127540 -11.529590 38.507309
v 14.018900 -12.666810 36.529530
v 14.811150 -11.126719 38.027298
v 14.543710 -10.860760 38.963428
v 13.744060 -10.890540 40.622730
v 14.263969 -10.658050 39.960369
v 13.972520 -10.529300 40.977638
v 13.670230 -10.476810 41.968002
v 13.288520 -10.510600 43.040768
v 12.631840 -10.605579 45.063049
v 12.073359 -10.701850 47.100227
v 11.365930 -10.947969 48.999268
v 11.703680 -10.782360 49.000057
v 16.578579 -9.282812 32.187099
v 15.604460 -9.664229 32.831749
v 16.322710 -8.599689 32.436440
v 16.273079 -8.074610 32.486069
v 15.750259 -8.074602 32.903419
v 15.164080 -8.074602 33.188789
v 14.550590 -10.155690 32.965919
v 14.527269 -8.074602 33.341148
v 13.863190 -8.074602 33.350819
v 13.465480 -10.484070 32.674629
v 13.196489 -8.074602 33.208580
v 12.573629 -8.074602 32.916100
v 15.747869 0.000310 32.904911
v 15.142610 0.000310 33.196388
v 14.487670 0.000310 33.345879
v 13.815880 0.000310 33.345879
v 13.160939 0.000310 33.196388
v 12.555679 0.000310 32.904911
v 14.008260 -13.534160 34.815968
v 16.816380 -15.274179 32.406818
v 15.126470 -14.035600 34.293358
v 15.847110 -13.604429 34.376068
v 15.893270 -12.569540 34.952389
v 11.733570 -10.926080 52.601238
v 11.559990 -10.879829 50.937660
v 12.539869 -10.941179 54.149708
v 14.983760 -10.932010 56.806179
v 17.009390 -11.002689 59.616760
v 22.760870 -10.999690 67.551079
v 26.298090 -10.034010 67.500000
v 23.742399 -11.000020 68.458694
v 27.244110 -11.000020 70.838219
v 27.477680 -10.761749 70.159752
v 30.119019 -10.687940 71.443420
v 31.132710 -10.956010 72.558891
v 28.518169 -10.999690 71.695007
v 30.149029 -10.999690 72.512520
v 31.985430 -10.999690 73.297050
v 18.997059 -11.001340 62.176498
v 20.797909 -11.000020 64.637589
v 22.000570 -11.000020 66.676910
v 24.420759 -4.891930 45.533188
v 22.399549 -4.322430 42.367710
v 20.364969 -6.035660 44.814449
v 17.580120 -7.995030 48.145107
v 14.721390 -9.783870 51.553520
v 18.002020 -9.761631 55.002338
v 25.000820 -8.355010 56.995049
v 27.692499 -4.342210 46.928028
v 31.167200 -3.360120 47.482830
v 33.259781 0.000310 41.067829
v 15.868159 -8.362300 46.511219
v 20.136339 -4.134060 40.559238
v 14.397540 -9.204482 44.825169
v 18.385479 -6.267490 37.948627
v 17.218809 -8.339190 35.855389
v 16.776329 -10.931230 34.088989
v 4.379430 10.999980 41.388329
v 41.681137 3.119340 88.424721
v 41.681137 5.638120 90.399551
v 41.130989 3.312000 88.374611
v 41.130989 5.743860 90.324348
v 37.738400 11.175300 88.884300
v 38.763840 7.941420 90.033875
v 37.956379 7.941420 89.227989
v 39.761547 5.636310 88.406364
v 40.515789 10.275519 97.622391
v 40.075958 9.963260 98.567841
v 41.379391 9.467420 96.439270
v 39.998569 10.432039 98.338058
v 40.570377 8.641190 95.293419
v 41.226849 8.939640 95.813797
v 40.704258 9.252299 97.008438
v 41.379841 8.736460 95.126541
v 39.742439 11.046980 96.202560
v 39.848579 11.046980 95.043930
v 38.248779 11.496970 95.454971
v 38.003811 11.496970 96.649284
v 39.397671 11.046989 97.445007
v 37.491070 11.496970 97.754990
v 38.761311 11.046989 98.703644
v 41.595711 8.831160 95.133560
v 41.213100 9.192010 96.433319
v 41.747467 9.009302 95.104530
v 41.801399 9.231270 95.045921
v 41.273277 9.944819 96.266617
v 41.752098 9.447670 94.970779
v 38.717171 10.684629 99.701294
v 38.091099 10.759729 100.220894
v 38.282230 10.274460 100.347694
v 37.967621 9.875930 100.175095
v 38.569691 9.803699 99.675377
v 39.206520 9.696959 99.054840
v 39.379490 10.573620 99.055931
v 39.801620 9.560872 98.364769
v 40.298927 9.410379 97.676674
v 40.937321 10.111119 96.927429
v 41.273289 10.024950 95.043289
v 39.915440 8.540950 95.212440
v 36.290119 9.105080 98.620491
v 37.812958 11.046980 99.873001
v 39.372059 7.941420 90.842720
v 39.818810 7.941420 91.624840
v 40.138187 7.941420 92.366409
v 40.358440 7.941420 93.064987
v 41.131020 7.192140 93.232979
v 42.000561 7.301840 92.424194
v 42.000561 6.946570 91.579819
v 42.000561 6.388270 90.624588
v 42.000561 8.255710 93.053177
v 42.000561 7.706100 93.465721
v 37.119080 11.396970 89.683838
v 38.349808 11.345540 91.020424
v 39.502831 11.019320 91.706841
v 39.347130 11.178650 92.904198
v 38.876270 11.277260 91.904579
v 39.776779 11.046969 94.010651
v 41.556808 8.562779 94.715210
v 40.946609 8.506670 94.931931
v 41.330311 8.342549 94.605560
v 41.923058 8.797750 92.930550
v 41.808559 9.329900 94.736481
v 41.675961 7.079420 93.260651
v 41.802979 7.587190 93.894608
v 38.029408 11.496970 93.172989
v 38.213039 11.496970 94.239151
v 37.796539 11.496970 92.227310
v 37.126308 8.496972 90.339455
v 37.761200 8.496972 90.990051
v 38.240578 8.496972 91.640434
v 38.593849 8.496972 92.268570
v 38.847359 8.496972 92.864250
v 39.022987 8.496972 93.425888
v 40.727119 7.839030 94.264519
v 40.494480 7.941570 93.726051
v 41.376690 7.530310 93.961044
v 41.690639 8.161960 94.331810
v 39.589279 8.496972 95.040924
v 39.372257 8.495440 94.563469
v 39.137478 8.496972 93.957718
v 41.772697 8.656372 94.634499
v 41.945389 8.884490 94.203651
v 41.956600 8.269400 94.083954
v 41.981369 8.653962 94.050041
v 41.993919 8.328600 93.393341
v 25.588669 1.433570 87.000809
v 24.870119 1.272910 87.702309
v 24.870119 -0.003030 87.591629
v 25.154860 -0.003030 87.290749
v 25.450729 -0.003030 87.000809
v 24.870119 2.371960 87.982590
v 25.996510 2.815350 87.000809
v 26.652699 4.084120 87.000809
v 25.336349 4.102920 88.262779
v 24.870119 4.099360 88.831009
v 27.500559 5.996970 87.000809
v 26.157900 6.160470 88.985054
v 28.000559 6.969320 88.117050
v 28.000559 7.742940 89.000809
v 27.500559 7.941420 89.743828
v 35.423820 7.147350 87.000809
v 34.050568 7.941420 87.465340
v 34.050568 7.473440 87.000809
v 35.608761 7.941420 87.853569
v 36.693451 6.582000 87.000832
v 36.912289 7.941420 88.475159
v 37.999229 5.632550 87.000832
v 38.952869 4.641330 87.000832
v 39.931229 2.916000 87.000832
v 40.366367 1.653750 87.000832
v 40.550400 -0.003030 87.000832
v 40.846260 -0.003030 87.290771
v 41.130989 -0.003030 87.591629
v 41.130989 1.273510 87.702431
v 41.130989 2.372880 87.982910
v 28.000559 8.496972 87.000809
v 31.965569 8.496972 87.000809
v 28.000559 8.496972 89.000809
v 30.092079 11.396970 88.936729
v 28.262720 11.262170 88.884300
v 31.493809 11.396970 88.446281
v 33.000061 11.396970 88.275314
v 34.506451 11.396970 88.446068
v 35.136410 10.996970 85.438484
v 37.169357 10.996970 86.133949
v 35.908569 11.396970 88.936501
v 24.319979 3.119350 88.424721
v 24.325169 -0.003030 87.707710
v 24.057178 -0.003030 87.485954
v 24.214220 -0.003030 87.664742
v 24.436119 -0.003030 87.750679
v 24.672600 -0.003030 87.724319
v 41.565010 -0.003030 87.750679
v 41.786900 -0.003030 87.664742
v 41.943939 -0.003030 87.485970
v 41.328518 -0.003030 87.724319
v 33.000568 11.495279 88.985939
v 34.050568 8.496972 88.865059
v 35.281509 8.496972 89.208809
v 34.035561 8.496972 87.000809
v 24.870129 -8.003030 87.591629
v 25.091389 -9.034599 87.356964
v 25.630930 -9.827430 86.835251
v 25.450729 -4.003030 87.000832
v 26.385969 -10.308400 86.218681
v 27.084070 -4.003030 85.727470
v 27.261429 -10.503030 85.616661
v 28.381899 -10.503030 85.017441
v 28.111670 -9.003030 85.146950
v 28.478970 -9.487800 84.973099
v 28.111670 -6.003030 85.146950
v 28.587059 -5.674440 84.925064
v 28.926769 -5.465360 84.782974
v 28.934219 -4.003030 84.780022
v 29.251480 -5.296070 84.659470
v 28.956699 -10.022260 84.771111
v 29.559050 -10.498650 84.554199
v 29.721970 -5.113930 84.500778
v 30.435598 -5.003030 84.304054
v 30.930079 -4.003030 84.197441
v 32.138199 -5.003030 84.034691
v 33.000568 -4.003030 84.000832
v 33.862930 -5.003030 84.034691
v 35.071049 -4.003020 84.197441
v 35.565529 -5.003020 84.304054
v 36.248421 -5.104880 84.491241
v 36.857651 -5.348570 84.699219
v 37.066910 -4.003020 84.780022
v 37.399109 -5.664660 84.918518
v 38.739700 -10.503030 85.616661
v 37.889450 -6.003020 85.146950
v 37.889450 -9.003030 85.146950
v 37.619480 -10.503030 85.017548
v 38.917061 -4.003020 85.727470
v 39.685989 -10.501300 86.222038
v 40.351940 -9.849370 86.818077
v 40.550400 -4.003020 87.000832
v 40.908939 -9.036500 87.356140
v 41.130989 -8.003030 87.591629
v 30.963949 -5.003030 84.670288
v 35.037170 -5.003020 84.670288
v 31.401600 -5.003030 85.139961
v 34.599529 -5.003030 85.139961
v 31.729670 -5.003030 85.692780
v 34.271458 -5.003030 85.692780
v 31.932310 -5.003030 86.302261
v 34.068821 -5.003030 86.302261
v 32.000568 -5.003030 86.938560
v 34.000568 -5.003030 86.938560
v 33.000568 -10.003030 85.000832
v 33.000568 -10.003030 85.402519
v 31.334450 -10.003030 85.053604
v 31.619888 -10.003030 85.475967
v 33.000568 -10.003030 85.743279
v 31.829550 -10.003030 85.940140
v 33.000568 -10.003030 86.010880
v 34.043640 -10.003030 86.432060
v 31.957489 -10.003030 86.432014
v 34.000568 -10.003030 86.938560
v 32.000568 -10.003030 86.938560
v 37.411339 -6.003020 84.981209
v 37.411221 -9.003030 84.981178
v 36.905510 -6.003020 84.940819
v 36.905437 -9.003030 84.940834
v 36.406879 -6.003020 85.028709
v 36.406811 -9.003030 85.028740
v 35.946487 -6.003020 85.238892
v 35.946438 -9.003030 85.238914
v 35.553600 -6.003020 85.557884
v 35.553551 -9.003030 85.557930
v 35.253258 -6.003020 85.965469
v 35.253170 -9.003030 85.965614
v 35.064598 -6.003020 86.436539
v 35.064541 -9.003030 86.436768
v 35.000568 -6.003020 86.938560
v 35.000568 -9.003030 86.938560
v 28.589788 -9.003030 84.981209
v 28.589788 -6.003030 84.981209
v 29.095619 -9.003030 84.940819
v 29.095619 -6.003030 84.940819
v 29.594250 -9.003030 85.028709
v 29.594250 -6.003030 85.028709
v 30.054640 -9.003030 85.238892
v 30.054628 -6.003030 85.238892
v 30.447529 -9.003030 85.557884
v 30.447529 -6.003030 85.557884
v 30.747869 -9.003030 85.965469
v 30.747869 -6.003030 85.965469
v 30.936529 -9.003030 86.436539
v 30.936529 -6.003030 86.436539
v 31.000559 -9.003030 86.938560
v 31.000559 -6.003030 86.938560
v 30.288870 -5.295920 85.041824
v 31.026810 -5.295920 85.865387
v 31.293440 -5.295930 86.938560
v 31.076679 -5.620350 86.938560
v 31.617859 -5.079150 86.938560
v 36.748650 -5.304970 84.662010
v 35.717178 -5.295920 85.038490
v 34.975719 -5.295920 85.862770
v 34.383247 -5.079150 86.938560
v 34.707680 -5.295920 86.938560
v 34.924450 -5.620340 86.938560
v 28.791389 -9.246252 84.919334
v 29.540588 -9.511981 84.868637
v 30.077669 -9.704929 84.924118
v 30.964739 -9.710130 85.755600
v 31.029179 -9.982001 85.014404
v 30.746580 -9.925690 84.992668
v 30.478199 -9.844990 84.971199
v 31.617880 -9.926909 86.938560
v 31.293459 -9.710130 86.938560
v 31.076679 -9.385710 86.938560
v 24.672609 -8.003030 87.724319
v 24.436119 -8.003030 87.750679
v 24.214220 -8.003030 87.664742
v 24.057178 -8.003030 87.485970
v 41.328499 -8.003019 87.724304
v 41.564980 -8.003019 87.750694
v 41.786880 -8.003019 87.664749
v 41.943939 -8.003019 87.485970
v 38.774651 -10.753030 85.559509
v 40.470970 -9.981569 86.879341
v 41.134041 -9.193262 87.469490
v 39.762028 -10.624440 86.185921
v 40.691750 -10.171189 86.830688
v 41.388588 -9.291840 87.432068
v 38.861450 -10.919399 85.417580
v 40.846767 -10.234480 86.724327
v 41.689178 -9.291550 87.141281
v 39.996689 -10.798650 85.966194
v 27.131001 -10.936040 85.403389
v 29.477360 -10.856580 84.425827
v 27.215879 -10.773359 85.542168
v 31.950560 -10.852409 83.899841
v 33.000568 -10.669700 84.022331
v 30.525450 -10.617030 84.287430
v 33.000568 -10.979280 83.701775
v 34.050568 -10.852409 83.899841
v 36.523769 -10.856580 84.425827
v 24.915749 -9.163819 87.460381
v 26.288750 -10.546030 86.214600
v 25.424610 -10.086040 86.874771
v 24.718590 -9.256260 87.465889
v 26.161070 -10.708090 86.130661
v 25.241800 -10.203600 86.793930
v 24.534920 -9.305710 87.393280
v 26.007109 -10.796920 85.973274
v 25.070189 -10.240950 86.642479
v 24.365229 -9.308249 87.234940
v 33.000568 -10.403190 84.165665
v 31.213579 -10.321270 84.332077
v 33.000568 -10.186860 84.389061
v 31.268530 -10.172100 84.660194
v 33.000568 -10.049020 84.668457
v 37.210850 -9.246252 84.919334
v 37.523270 -9.487800 84.973099
v 37.045540 -10.022260 84.771111
v 36.461651 -9.511981 84.868637
v 36.443199 -10.498650 84.554199
v 35.924580 -9.704929 84.924118
v 35.524040 -9.844990 84.971199
v 35.476788 -10.617030 84.287430
v 35.255661 -9.925690 84.992668
v 34.973061 -9.982001 85.014404
v 34.733707 -10.172100 84.660194
v 34.788670 -10.321270 84.332077
v 34.667789 -10.003030 85.053604
v 34.924450 -9.385710 86.938560
v 34.707680 -9.710130 86.938560
v 35.037510 -9.710130 85.755600
v 34.383247 -9.926909 86.938560
v 34.172688 -10.003030 85.940140
v 34.382351 -10.003030 85.475967
v 34.000568 -5.003030 93.268768
v 32.000568 -5.003030 93.268768
v 34.232948 -5.003030 94.093750
v 32.377079 -5.003030 94.218979
v 32.778049 -5.003030 94.025894
v 33.223087 -5.003030 94.025894
v 33.624058 -5.003030 94.218979
v 31.634529 -5.072420 94.000824
v 34.274048 -5.022030 94.505600
v 32.099598 -5.003030 94.566940
v 33.901539 -5.003030 94.566940
v 31.830870 -5.003030 94.921471
v 34.170258 -5.003030 94.921478
v 32.000568 -5.003030 95.000824
v 34.000568 -5.003030 95.000824
v 34.086178 -5.003030 95.443451
v 31.921558 -5.003030 95.459320
v 33.868290 -5.003030 95.497871
v 32.134838 -5.003030 95.501350
v 33.503288 -5.003030 95.865280
v 33.766251 -5.003030 95.888641
v 32.246231 -5.003030 95.898300
v 32.501751 -5.003030 95.867531
v 33.002789 -5.003030 96.000809
v 33.282021 -5.003030 96.138908
v 32.735298 -5.003030 96.142799
v 35.000568 -9.003030 94.000824
v 35.000938 -6.003020 94.000809
v 31.000559 -9.003030 94.000824
v 31.000559 -6.003030 93.961006
v 31.301979 -5.287490 94.000824
v 31.078989 -5.614810 94.000824
v 31.005499 -6.003030 94.141197
v 34.432198 -5.110400 94.235878
v 34.699150 -5.287490 94.000824
v 34.922138 -5.614810 94.000824
v 34.866581 -9.503050 94.000824
v 34.500549 -9.869071 94.000824
v 34.000568 -10.003030 94.000824
v 32.000568 -10.003030 94.000824
v 31.500559 -9.869050 94.000824
v 31.134529 -9.503030 94.000824
v 31.263248 -5.338230 94.184799
v 31.072510 -5.645780 94.152580
v 34.737869 -5.338210 94.184807
v 34.928608 -5.645770 94.152580
v 31.187880 -5.275670 95.411644
v 30.898159 -5.945700 95.541191
v 31.840599 -5.275670 96.453079
v 31.670319 -5.945700 96.716209
v 33.000561 -5.945700 97.171555
v 33.000561 -5.275670 96.859474
v 34.330811 -5.945700 96.716209
v 34.160511 -5.275670 96.453079
v 35.102970 -5.945700 95.541191
v 34.813240 -5.275670 95.411644
v 34.000568 -10.003030 95.500824
v 32.000568 -10.003030 95.500824
v 35.102970 -8.945700 95.541191
v 30.898159 -8.945700 95.541191
v 31.670319 -8.945700 96.716209
v 33.000561 -8.945700 97.171555
v 34.330811 -8.945700 96.716209
v 24.870119 5.296500 89.822868
v 27.500559 8.496972 92.085350
v 28.882050 11.396970 89.683838
v 24.319979 5.638140 90.399559
v 30.261839 11.496970 89.710258
v 31.301600 11.496970 89.290817
v 26.654099 11.178670 92.903969
v 26.498289 11.019320 91.706848
v 27.651249 11.345540 91.020538
v 24.374609 9.636342 95.451050
v 24.193079 9.231270 95.045921
v 24.618599 9.779280 96.360069
v 24.249020 9.447670 94.970779
v 24.870100 7.192140 93.232971
v 25.267370 7.839030 94.264519
v 24.617779 7.530310 93.961044
v 24.303839 8.161960 94.331810
v 24.670389 8.342360 94.605217
v 25.430790 8.641210 95.293465
v 26.079039 8.540950 95.212440
v 26.622219 8.495440 94.563461
v 24.442240 8.559862 94.710411
v 24.614630 8.736460 95.126518
v 24.247002 9.009302 95.104530
v 24.221779 8.656372 94.634499
v 24.049089 8.884490 94.203651
v 24.174559 9.292020 94.662178
v 24.144270 8.205319 94.231941
v 29.824900 8.699900 97.513527
v 33.000561 8.557280 98.134819
v 29.711002 9.105080 98.620491
v 26.889090 7.941420 90.469170
v 26.419800 7.941420 91.182510
v 26.066978 7.941420 91.868507
v 27.971748 11.496970 93.172791
v 26.224350 11.088820 94.010651
v 27.788090 11.496970 94.239151
v 28.204630 11.496970 92.227135
v 27.124949 11.277280 91.904411
v 28.505390 11.496970 91.415634
v 28.889490 11.496970 90.763199
v 29.352409 11.496970 90.291084
v 29.398289 11.046980 100.825005
v 30.768108 11.046969 101.474899
v 30.421059 11.491970 99.791649
v 30.729879 11.487980 100.010201
v 30.214600 11.496970 99.471657
v 28.193249 11.046989 99.878021
v 29.262369 11.496970 98.712410
v 27.243309 11.046989 98.709068
v 28.510050 11.496970 97.754967
v 26.605200 11.046989 97.449600
v 27.997299 11.496970 96.649269
v 26.259249 11.046980 96.205788
v 27.752338 11.496970 95.454971
v 26.152550 11.046980 95.045578
v 30.404650 9.968562 101.548096
v 29.891489 10.381710 101.668198
v 29.134008 9.951332 100.916794
v 31.940060 9.968562 101.963699
v 31.932589 10.380280 102.291794
v 30.366369 10.856060 101.644699
v 24.973740 9.092370 96.372917
v 25.782379 9.433700 97.784760
v 24.591570 9.572001 96.426208
v 25.925159 9.963260 98.567818
v 24.727829 9.944830 96.266609
v 25.358009 10.229990 97.424980
v 25.779640 10.369619 98.044884
v 26.283749 10.501610 98.680077
v 27.718889 10.274460 100.347694
v 27.031759 9.740829 99.298409
v 27.467199 10.709330 99.861618
v 28.151730 9.887310 100.264694
v 28.032969 10.771569 100.314095
v 29.054520 10.838150 100.992294
v 24.540140 9.807879 95.896790
v 24.436119 7.037710 93.270920
v 24.191500 7.587180 93.894600
v 24.000559 7.874640 93.622444
v 24.870119 6.306820 91.126137
v 24.000559 8.328600 93.393318
v 24.727829 10.011280 94.475708
v 24.727829 10.024600 95.093079
v 24.727829 10.001659 95.685089
v 29.662010 9.491940 99.770401
v 30.455589 9.651130 100.621399
v 33.000568 11.496970 95.124390
v 33.000561 8.496972 95.000809
v 36.306278 8.496972 89.726128
v 37.111160 11.496970 90.762558
v 36.648708 11.496970 90.291084
v 37.495689 11.496970 91.415550
v 35.739189 11.496970 89.710220
v 34.699398 11.496970 89.290779
v 36.608860 11.046980 100.821297
v 36.997719 10.836050 100.962097
v 35.239639 11.046969 101.472595
v 35.577320 10.856060 101.667198
v 35.046600 10.856060 101.848694
v 33.763100 11.046969 101.806396
v 33.823338 10.856060 102.100296
v 32.245010 11.046969 101.807198
v 34.305019 9.651130 101.032394
v 35.548267 9.651130 100.621399
v 35.016861 9.968562 101.749199
v 33.811378 9.968562 101.997200
v 33.000530 9.651130 101.171799
v 36.675930 8.718420 97.575874
v 36.442497 9.963960 101.153099
v 36.338520 9.492382 99.772018
v 36.109631 10.381710 101.668198
v 34.068531 10.380280 102.291794
v 32.539898 10.856060 102.133003
v 33.000561 11.487980 100.500801
v 35.580151 11.491970 99.791557
v 35.271240 11.487980 100.010201
v 35.786530 11.496970 99.471657
v 36.738750 11.496970 98.712410
v 34.139030 11.487980 100.376801
v 31.839029 11.487980 100.376801
v 31.348949 10.856060 101.954399
v 31.696020 9.651130 101.032394
v 9.721459 11.000310 54.887058
v 30.634600 10.999980 64.292725
v -1.223480 10.999980 31.374010
v 2.192500 11.000150 12.224850
v 39.013760 10.998590 12.248179
v -22.299639 11.000199 21.385120
v -28.447130 -2.031330 46.059441
v -28.602789 0.000310 46.167068
v -28.279999 2.695480 46.043499
v 33.000568 -5.003030 95.000824
v -2.300000 -12.434979 14.320280
v -2.300000 -12.453819 14.275869
v 2.300000 -12.453819 14.275869
v 2.300000 -12.434979 14.320280
v 2.187430 -12.133550 15.031019
v -2.187430 -12.133550 15.031019
v -1.860739 -11.861629 15.672190
v 1.351906 -11.645830 16.181019
v 1.012173 -11.572420 16.354120
v -1.012173 -11.572420 16.354120
v 1.860739 -11.861629 15.672190
v -1.351906 -11.645830 16.181019
v 2.300000 10.000000 12.000000
v -2.300000 10.000000 12.000000
v 2.300000 10.000000 14.320280
v -2.300000 10.000000 14.320280
v -2.187430 10.000000 15.031019
v 1.351906 10.000000 16.181019
v -0.710739 10.000000 16.507710
v 0.710739 10.000000 16.507710
v 0.000000 10.000000 16.620279
v -1.860739 10.000000 15.672190
v -1.351906 10.000000 16.181019
v 1.860739 10.000000 15.672190
v 2.187430 10.000000 15.031019
v 2.300000 16.796289 9.846290
v 2.300000 15.713309 11.500000
v 2.300000 10.500000 11.500000
v 2.300000 -4.871968 -18.941580
v 2.300000 -1.858257 -19.471260
v 2.300000 -18.139189 -7.216807
v 2.300000 -19.035440 -4.291101
v 2.300000 -19.462969 -1.261211
v 2.300000 1.201211 -19.522970
v 2.300000 4.231101 -19.095440
v 2.300000 7.156807 -18.199190
v 2.300000 9.906291 -16.856289
v 2.300000 12.411839 -15.099819
v 2.300000 -16.796289 -9.966290
v 2.300000 -15.039820 -12.471849
v 2.300000 -12.913010 -14.671780
v 2.300000 -15.331229 11.897160
v 2.300000 -16.451929 10.408239
v 2.300000 -17.886969 7.705715
v 2.300000 19.411259 -1.918256
v 2.300000 19.462969 1.141211
v 2.300000 19.035440 4.171102
v 2.300000 -10.468240 -16.511930
v 2.300000 -7.765715 -17.946970
v 2.300000 -18.881580 4.811968
v 2.300000 -19.411259 1.798256
v 2.300000 14.611779 -12.973010
v 2.300000 16.451929 -10.528240
v 2.300000 17.886969 -7.825716
v 2.300000 18.881580 -4.931968
v 2.300000 18.139189 7.096807
v -2.300000 -15.331229 11.897160
v -2.300000 -19.035440 -4.291101
v -2.300000 -19.462969 -1.261211
v -2.300000 -19.411259 1.798256
v -2.300000 -18.881580 4.811968
v -2.300000 -12.913010 -14.671780
v -2.300000 -15.039820 -12.471849
v -2.300000 9.906291 -16.856289
v -2.300000 7.156807 -18.199190
v -2.300000 16.796289 9.846290
v -2.300000 4.231101 -19.095440
v -2.300000 -17.886969 7.705715
v -2.300000 -16.451929 10.408239
v -2.300000 -10.468240 -16.511930
v -2.300000 -16.796289 -9.966290
v -2.300000 -18.139189 -7.216807
v -2.300000 1.201211 -19.522970
v -2.300000 -1.858257 -19.471260
v -2.300000 15.713309 11.500000
v -2.300000 10.500000 11.500000
v -2.300000 -4.871968 -18.941580
v -2.300000 -7.765715 -17.946970
v -2.300000 16.451929 -10.528240
v -2.300000 14.611779 -12.973010
v -2.300000 12.411839 -15.099819
v -2.300000 18.139189 7.096807
v -2.300000 19.035440 4.171102
v -2.300000 19.462969 1.141211
v -2.300000 19.411259 -1.918256
v -2.300000 18.881580 -4.931968
v -2.300000 17.886969 -7.825716
v 0.710739 -11.192619 16.507710
v 0.000000 -10.914240 16.620279
v -0.710739 -11.192619 16.507710
v 0.000000 10.000000 16.620279
v 0.000000 -10.914240 16.620279
v 0.000000 10.000000 16.620279
v 0.000000 -10.914240 16.620279
v -35.300110 -21.374069 2.664984
v -35.977310 -21.205980 2.742392
v -35.709591 -20.851170 1.618092
v -35.025009 -20.860870 1.319399
v 38.112690 -16.773270 0.664755
v 40.293900 -16.316730 1.727976
v 39.902138 -16.630720 2.221127
v 37.910378 -17.234449 1.797287
v 41.940079 -10.543360 1.578489
v 42.014877 -10.961949 1.451645
v 41.975067 -10.794250 0.835898
v 41.721188 -10.583210 0.839542
v -36.811008 -7.389069 3.048540
v -36.754959 -7.258225 3.157454
v -36.679260 -7.313999 1.528969
v -36.682018 -7.420315 1.201839
v 41.102940 -16.786219 4.278839
v 40.237400 -17.220680 4.519073
v -36.585358 -7.154157 3.076866
v -36.402279 -7.313403 1.168158
v -36.276768 -7.157767 2.975166
v -35.185001 -7.531498 0.917200
v -22.812979 -8.782184 0.478218
v -20.013830 -8.669778 0.538294
v -19.819929 -8.744164 0.219095
v -24.437149 -8.720823 0.197885
v -16.096809 -8.293219 0.596869
v -16.125620 -8.446867 0.211615
v -12.848860 -8.080644 0.586866
v -12.859200 -8.182985 0.189228
v -9.338077 -8.016757 0.579060
v -9.317935 -8.080241 0.177193
v -6.337596 -8.006975 0.576880
v -6.294147 -8.060143 0.173912
v -2.522725 -8.022829 0.574833
v -2.491111 -8.029641 0.572857
v -2.505342 -8.080093 0.172747
v -2.534631 -8.074892 0.173143
v 13.623400 -14.857889 0.243719
v 20.020130 -16.219839 0.219936
v 20.854439 -16.522850 0.026159
v 17.347189 -16.452089 0.031002
v 41.719898 -10.489440 1.784672
v 40.508488 -11.124670 0.833364
v -35.755779 -20.613159 1.398182
v -34.914001 -20.459900 0.747166
v -33.064430 -20.410250 0.484583
v -33.224018 -20.866949 1.118732
v -29.784550 -20.387789 0.395258
v -29.927729 -20.849339 1.005392
v -25.801590 -20.381170 0.375843
v -25.911280 -20.839859 0.968268
v -21.627470 -20.380280 0.375853
v -21.637930 -20.842030 0.977076
v -17.450750 -20.387230 0.387276
v -17.373789 -20.871990 1.023111
v -13.264609 -20.417400 0.411966
v -13.141620 -20.943329 1.099493
v -9.211578 -20.484900 0.406738
v -9.162447 -21.017740 1.120949
v -5.891845 -20.600779 0.376543
v -5.933184 -21.098549 1.100780
v 5.081590 -22.303810 0.119259
v 6.227774 -22.298380 0.106028
v 6.069337 -22.353319 0.751709
v 4.871313 -22.350090 0.797905
v 8.589437 -22.280359 0.080582
v 8.513025 -22.351768 0.674215
v 11.187990 -22.217299 0.069143
v 11.150430 -22.306479 0.641445
v 14.750979 -21.730040 0.104872
v 16.669750 -21.397390 0.135239
v 16.775120 -21.634729 0.941740
v 14.804990 -21.894640 0.816568
v 20.421240 -20.872019 0.174848
v 20.504299 -21.242910 1.096138
v 24.304220 -20.343830 0.213743
v 24.317909 -20.812269 1.230020
v 27.833710 -19.683460 0.260469
v 27.771660 -20.197409 1.348465
v 31.384480 -18.786489 0.310812
v 31.258299 -19.311069 1.463882
v 34.927639 -17.745550 0.387489
v 34.756638 -18.259529 1.596880
v 37.979198 -18.090530 4.439198
v 34.796860 -19.209440 4.223764
v 31.324440 -20.297260 3.959854
v 27.850159 -21.185879 3.711298
v 24.406849 -21.730730 3.467194
v 20.733889 -21.956850 3.200054
v 17.254719 -22.047960 2.907280
v 13.127740 -22.273609 2.241177
v 11.128690 -22.343699 2.103764
v 12.916039 -22.194300 0.666304
v 8.193588 -22.362759 2.107037
v 5.448050 -22.344799 2.222803
v -4.616034 -21.824970 2.573950
v -6.096391 -21.799709 2.583603
v -4.345522 -21.147379 1.078341
v -9.120854 -21.738670 2.602667
v -12.968070 -21.635349 2.611956
v -17.281250 -21.503870 2.564613
v -21.715120 -21.438099 2.519438
v -26.139509 -21.429590 2.499756
v -30.211769 -21.442480 2.530140
v -33.529118 -21.449409 2.597425
v 7.161726 -11.423260 49.891670
v 6.612938 -11.260079 51.498028
v 5.569353 -11.226299 51.708427
v 5.467674 -11.369830 49.888527
v 1.236763 -11.210670 49.426048
v 1.450103 -11.178320 50.759148
v 1.122014 -11.177469 50.575500
v 0.923428 -11.205080 49.361668
v -2.998834 -11.171800 48.617077
v -2.961502 -11.172480 49.748779
v -3.792537 -11.170690 49.792660
v -3.802937 -11.161220 48.802948
v -4.478267 -11.162439 49.873947
v -4.657793 -11.135320 49.099140
v 41.933239 -10.572160 2.857588
v 41.988251 -10.757020 2.741560
v 41.958549 -10.983510 4.509445
v 41.993111 -11.195080 4.467781
v 41.962681 -11.551740 6.514654
v 41.994160 -11.763730 6.487608
v 41.965290 -12.208950 8.647776
v 41.994858 -12.406090 8.603630
v 41.967018 -12.876519 10.700500
v 41.995068 -13.039499 10.666440
v 41.967648 -13.384390 12.225060
v 41.994709 -13.483399 12.264160
v 41.967499 -13.642320 12.953001
v 41.994068 -13.679160 13.074070
v 41.966900 -13.753520 13.202579
v 41.994003 -13.758440 13.370090
v 41.891178 -10.421810 2.247049
v 41.933308 -10.575890 3.025270
v 41.940479 -10.977920 4.555925
v 41.944241 -11.535190 6.515211
v 41.947708 -12.181729 8.623154
v 41.950237 -12.831830 10.617340
v 41.951557 -13.337029 12.085480
v 41.951809 -13.615319 12.816589
v 41.950687 -13.737639 13.074280
v 26.023020 -16.076241 0.437765
v 26.352200 -16.084469 0.499691
v 29.845409 -15.694230 0.640503
v 29.342669 -15.743649 0.581146
v 26.279490 -16.139669 0.539833
v 29.411230 -15.766410 0.659807
v 20.146589 -16.229750 0.319666
v 21.066639 -16.462749 0.370325
v 13.689099 -14.866590 0.344742
v 17.259300 -16.101000 0.328428
v 4.440995 -11.158250 0.416357
v 4.604897 -11.217370 0.536789
v -2.517033 -8.003519 0.819439
v -2.484516 -8.011053 0.816197
v -9.349609 -7.990362 0.821083
v -6.501586 -7.987305 0.821764
v -12.477130 -8.016142 0.815069
v -14.562050 -8.099836 0.790833
v -36.626720 -7.096894 4.834517
v -36.463799 -7.053176 4.826397
v -36.622749 -7.147020 6.313080
v -36.467480 -7.106049 6.434866
v -36.590588 -7.376173 8.315487
v -36.426460 -7.337852 8.490550
v -36.525810 -7.731776 11.312550
v -36.341419 -7.685820 11.398100
v -36.393688 -7.932583 14.054810
v -36.203098 -7.902624 14.045099
v -36.169739 -7.988173 15.824490
v -36.086868 -7.966431 15.412350
v -36.787937 -7.238184 4.771656
v -36.790051 -7.304385 6.223940
v -36.771900 -7.528042 8.318363
v -36.736828 -7.822225 11.229150
v -36.652138 -7.972874 13.823850
v -36.452690 -8.016242 15.584459
v -36.111191 -8.042043 16.815699
v -35.833328 -8.013924 17.101229
v -35.565578 -8.085133 17.912979
v -35.228718 -8.049141 18.277569
v -34.868168 -8.159539 18.983269
v -34.384003 -8.110838 19.509890
v -32.948418 -8.307463 21.321209
v -33.415260 -8.187998 20.730110
v -34.491348 -8.236886 19.494419
v -33.463619 -8.301357 20.727890
v -33.634308 -21.693619 4.549654
v -35.402870 -21.562429 4.341482
v -33.499489 -21.540110 6.201679
v -35.319561 -21.365170 5.954840
v -33.282570 -21.105679 7.761314
v -35.168228 -20.917709 7.581161
v -33.061977 -20.486879 9.445326
v -35.006790 -20.317650 9.237537
v -32.826759 -19.783590 11.116520
v -34.845139 -19.641109 10.792990
v -32.567688 -19.049519 12.641410
v -34.681698 -18.922380 12.176270
v -32.247868 -18.268950 14.067240
v -34.489628 -18.123739 13.485060
v -31.851170 -17.401550 15.502780
v -34.250328 -17.198330 14.857750
v -31.411179 -16.496820 16.935280
v -33.981968 -16.264690 16.198709
v -30.865479 -15.604719 18.360819
v -33.587868 -15.415740 17.438309
v -30.123529 -14.595570 20.075060
v -32.940090 -14.560470 18.785589
v -29.161369 -13.289690 22.543879
v -31.954420 -13.553129 20.603720
v -28.249029 -11.688829 25.604389
v -30.569239 -12.374020 23.074190
v -26.664530 -11.226100 28.081289
v -28.762909 -11.382319 25.591829
v -30.328918 -21.710859 4.692966
v -30.190790 -21.585390 6.386980
v -29.987860 -21.163479 7.909922
v -29.817190 -20.535980 9.655451
v -29.614380 -19.817970 11.498859
v -29.354239 -19.073820 13.251550
v -29.008678 -18.309019 14.882430
v -28.579060 -17.516880 16.404539
v -28.084919 -16.690069 17.889090
v -27.488729 -15.813649 19.449299
v -26.760279 -14.749410 21.439919
v -25.894970 -13.368330 24.395580
v -24.915110 -11.948250 28.124069
v -23.740459 -11.251639 31.338930
v -26.281620 -21.702429 4.751694
v -26.190529 -21.584730 6.465343
v -26.031649 -21.165670 7.982695
v -25.930950 -20.528700 9.798136
v -25.798800 -19.795010 11.804900
v -25.587790 -19.026350 13.810559
v -25.282001 -18.241859 15.719879
v -24.931309 -17.487629 17.387690
v -24.541000 -16.737690 18.903479
v -24.032200 -15.907330 20.542700
v -23.397240 -14.873480 22.678480
v -22.727779 -13.566970 25.739239
v -22.111900 -12.281260 29.481159
v -21.537609 -11.519720 32.810287
v -21.004650 -11.249590 34.948940
v -22.269350 -11.104219 33.920200
v -21.861450 -21.708759 4.763004
v -21.914169 -21.585499 6.480406
v -21.870529 -21.161949 8.011705
v -21.834169 -20.512890 9.885994
v -21.752689 -19.760490 12.011230
v -21.578890 -18.960480 14.222310
v -21.304989 -18.132780 16.412090
v -21.041199 -17.367840 18.297649
v -20.823820 -16.671209 19.863729
v -20.514820 -15.900300 21.531839
v -20.068930 -14.940269 23.705620
v -19.653639 -13.806250 26.562609
v -19.414839 -12.713280 29.874239
v -19.355259 -11.941660 33.048851
v -19.451279 -11.547080 35.246670
v -17.373119 -21.769190 4.689623
v -17.554659 -21.614069 6.409542
v -17.639450 -21.168619 7.997490
v -17.670000 -20.507849 9.919260
v -17.633980 -19.749599 12.090750
v -17.519520 -18.948990 14.370299
v -17.304220 -18.110739 16.696550
v -17.106039 -17.315670 18.794989
v -17.027390 -16.619249 20.499260
v -16.953270 -15.888209 22.202400
v -16.802929 -15.022949 24.288389
v -16.709280 -14.082780 26.772499
v -16.721220 -13.158010 29.579639
v -16.975500 -12.390510 32.429249
v -18.186850 -11.862000 34.679459
v -13.012589 -21.893900 4.519800
v -13.257780 -21.680470 6.232979
v -13.440980 -21.189529 7.925114
v -13.557480 -20.509880 9.900570
v -13.544330 -19.745499 12.088190
v -13.503170 -18.963449 14.345930
v -13.434279 -18.180889 16.587610
v -13.395840 -17.411209 18.679430
v -13.475920 -16.684120 20.512609
v -13.612960 -15.923440 22.343039
v -13.717070 -15.116270 24.346710
v -13.727030 -14.324209 26.528040
v -13.493939 -13.477309 29.122570
v -13.158740 -12.758730 31.551788
v -9.213989 -21.990950 4.320826
v -9.444961 -21.736990 6.029278
v -9.642361 -21.211029 7.818623
v -9.840244 -20.515070 9.823948
v -9.797205 -19.735430 12.006539
v -9.811623 -18.950239 14.239059
v -9.955171 -18.215700 16.337410
v -10.173560 -17.474569 18.302330
v -10.457850 -16.709349 20.181469
v -10.727079 -15.890860 22.147959
v -10.746220 -15.094279 24.227600
v -10.119929 -14.360829 26.588869
v -8.959234 -13.474919 29.754269
v -7.786520 -12.512409 33.359447
v -6.313066 -22.035789 4.212561
v -6.572788 -21.763039 5.912804
v -6.821171 -21.222210 7.740869
v -7.141098 -20.518120 9.730904
v -7.043901 -19.722389 11.875270
v -7.084663 -18.920530 14.064240
v -7.428390 -18.199209 16.038340
v -7.875904 -17.444569 17.914440
v -8.317219 -16.639999 19.815100
v -8.553513 -15.771979 21.938120
v -7.991435 -14.934580 24.420830
v -6.068880 -14.187070 27.496979
v -3.993188 -13.374829 31.154850
v -3.030058 -12.528310 34.814301
v -2.679989 -11.889060 37.934628
v -5.260179 -11.765610 37.080311
v -3.048668 -11.428949 40.674690
v -4.419365 -11.376220 39.645130
v -3.335678 -11.172050 43.402161
v -4.586794 -11.031010 43.743858
v -4.198322 -11.214560 41.371700
v -3.702971 -11.086870 45.453129
v -4.929506 -10.981589 45.832687
v -3.770736 -11.124450 47.218758
v -4.835072 -11.059299 47.624847
v -4.902560 -22.048679 4.181139
v -5.192790 -21.769680 5.876490
v -5.493776 -21.225199 7.711784
v -5.916909 -20.519939 9.677670
v -5.771381 -19.720339 11.777249
v -5.821372 -18.914730 13.914450
v -6.285578 -18.196829 15.814389
v -6.845972 -17.415579 17.674650
v -7.323156 -16.580559 19.618639
v -7.346590 -15.680380 21.910549
v -5.959671 -14.787789 24.888210
v -2.914312 -13.997459 28.642130
v -0.740398 -13.297290 32.322578
v -0.369791 -12.649360 35.513691
v -0.852166 -12.102389 38.245789
v -1.546828 -11.641940 40.778198
v -2.162509 -11.316760 43.191090
v -2.637031 -11.182650 45.157269
v -2.892631 -11.167540 46.932289
v -2.599186 -19.816320 11.130440
v -2.505284 -19.042130 12.915549
v -3.137926 -19.070890 12.854939
v -2.967586 -19.820850 11.146850
v 1.353678 -17.249620 18.731020
v 3.779271 -16.424110 22.084499
v 2.533208 -16.371740 21.671589
v -0.512518 -17.304550 18.086470
v 4.589026 -15.774580 24.778049
v 4.006723 -15.648660 24.657099
v 4.558630 -15.212430 27.188950
v 4.204599 -15.083110 27.201309
v 4.344059 -14.733540 29.634529
v 4.044514 -14.623759 29.696049
v 4.007811 -14.289280 32.125908
v 3.715340 -14.190650 32.206680
v 3.569865 -13.834020 34.622337
v 3.260134 -13.738239 34.708820
v 3.059531 -13.350430 37.123020
v 2.729572 -13.255859 37.211498
v 2.493083 -12.832089 39.655140
v 2.145679 -12.740049 39.743420
v 1.916209 -12.288070 42.240238
v 1.559409 -12.204410 42.319691
v 1.402332 -11.762290 44.840408
v 1.057292 -11.701550 44.891331
v 1.121293 -11.370180 47.312168
v 0.799546 -11.344629 47.315430
v 7.936264 -22.207449 4.013002
v 4.927554 -22.177029 4.011955
v 7.950212 -21.910700 6.119356
v 4.709146 -21.806679 5.889650
v 8.243380 -21.577879 8.314259
v 4.812716 -21.301090 7.816393
v 8.813424 -21.248230 10.633679
v 5.286259 -20.711189 9.859704
v 9.810259 -20.960739 13.236760
v 6.465589 -20.115940 12.268280
v 10.606359 -20.694830 15.923719
v 7.570803 -19.602869 15.077970
v 11.095840 -20.440369 18.474689
v 8.505080 -19.227900 18.017370
v 11.272920 -20.114370 20.799969
v 8.909111 -18.872139 20.561710
v 11.319019 -19.682730 23.042870
v 8.960345 -18.427359 22.867180
v 11.365230 -19.176559 25.256420
v 8.928986 -17.902359 25.109989
v 11.429820 -18.591940 27.470379
v 8.905182 -17.314880 27.323069
v 11.478499 -17.869020 29.766800
v 8.903435 -16.665400 29.555698
v 11.447980 -16.974199 32.182129
v 8.882887 -15.971889 31.863190
v 11.121210 -15.942889 34.744778
v 8.652983 -15.275120 34.232418
v 10.245310 -14.800400 37.709240
v 7.997025 -14.522880 36.768478
v 9.167535 -13.541840 40.807369
v 7.058466 -13.652510 39.539978
v 8.421895 -12.488001 43.394798
v 6.308364 -12.869920 42.144520
v 7.467833 -12.059990 45.403149
v 5.662557 -12.290350 44.574268
v 7.192803 -11.756499 47.472370
v 5.400252 -11.765230 47.151768
v 11.291409 -22.257639 4.234671
v 11.684879 -22.159489 6.670570
v 12.145100 -22.131790 9.135292
v 12.594270 -22.126530 11.553579
v 13.136499 -22.109030 14.032660
v 13.516769 -22.013659 16.450380
v 13.739960 -21.820709 18.760759
v 13.861759 -21.509560 21.002979
v 13.965190 -21.093979 23.218260
v 14.086269 -20.600880 25.396379
v 14.163019 -19.990440 27.567360
v 14.040990 -19.103760 29.837589
v 13.622399 -17.770489 32.358498
v 12.912900 -16.058680 35.412930
v 11.883670 -14.505500 39.146957
v 11.227110 -13.190929 41.947121
v 10.991320 -11.767600 44.272457
v 9.262909 -11.538489 46.124607
v 8.679059 -11.632919 47.547768
v 8.368472 -11.524320 49.105858
v 13.679870 -22.312380 4.614830
v 14.306590 -22.449200 7.231131
v 14.738470 -22.670750 9.730888
v 14.987439 -22.859560 12.079380
v 15.208560 -22.963789 14.396339
v 15.388300 -22.942299 16.669529
v 15.551280 -22.784489 18.912100
v 15.702680 -22.496740 21.139420
v 15.858860 -22.101210 23.335930
v 16.007030 -21.615509 25.462660
v 16.016840 -20.977859 27.512499
v 15.629800 -19.893339 29.651949
v 14.765679 -17.885109 32.338150
v 13.809469 -15.050790 36.231461
v 12.962199 -12.197700 41.904018
v 12.218309 -13.308410 41.364437
v 11.455080 -10.976720 44.269119
v 10.032599 -10.953879 45.523148
v 9.184740 -11.395360 46.734890
v 20.945570 -22.708239 5.631571
v 17.868349 -22.554859 5.413340
v 21.048100 -23.357899 7.917845
v 18.210510 -23.078360 7.812767
v 21.102310 -23.896849 10.131800
v 18.321749 -23.532219 10.071600
v 21.150299 -24.324730 12.371309
v 18.369370 -23.871109 12.316859
v 21.201410 -24.632050 14.654249
v 18.427809 -24.083990 14.589040
v 21.257599 -24.804590 16.955290
v 18.522259 -24.166590 16.872509
v 21.302179 -24.812479 19.218960
v 18.657869 -24.109859 19.141130
v 21.231539 -24.571510 21.390480
v 18.797159 -23.901699 21.357069
v 20.831610 -24.000278 23.459850
v 18.847149 -23.512819 23.471439
v 21.117340 -23.290060 24.582088
v 18.839090 -22.955490 25.312540
v 19.804819 -22.483660 26.264660
v 18.346649 -22.192980 27.010839
v 21.504030 -21.359800 25.758829
v 17.951969 -21.011520 28.265718
v 24.472198 -22.633169 5.873657
v 24.546820 -23.370909 8.094801
v 24.647549 -23.993620 10.270730
v 24.747389 -24.522259 12.484859
v 24.820770 -24.943310 14.734190
v 24.838919 -25.216810 16.959080
v 24.786230 -25.218559 19.043169
v 24.496719 -24.695160 20.988659
v 22.842430 -23.570339 23.477289
v 26.434978 -22.675240 21.827549
v 27.973940 -22.136209 6.162760
v 28.138000 -22.916630 8.380322
v 28.321030 -23.598700 10.532209
v 28.482260 -24.207560 12.689970
v 28.570799 -24.715340 14.798650
v 28.583778 -25.016279 16.721870
v 28.809669 -24.807159 18.177240
v 29.758429 -23.721050 18.894400
v 31.487240 -21.242979 6.505793
v 31.694569 -22.028439 8.752724
v 31.900888 -22.732470 10.876320
v 32.048630 -23.376629 12.909750
v 32.070591 -23.904970 14.714530
v 32.060410 -24.145899 16.141769
v 32.684311 -23.630470 16.804890
v 34.960140 -20.118099 6.867506
v 35.164310 -20.869209 9.123514
v 35.328148 -21.546089 11.160230
v 35.369770 -22.159700 12.951960
v 35.167130 -22.670790 14.354110
v 34.696800 -23.002270 15.490020
v 38.133598 -18.942080 7.128994
v 38.302319 -19.651909 9.367857
v 38.397148 -20.281189 11.274990
v 38.281818 -20.843119 12.777920
v 37.652489 -21.406260 13.794780
v 40.406651 -18.002499 7.167845
v 40.519188 -18.703110 9.414122
v 40.534180 -19.323420 11.274449
v 40.117828 -19.952850 12.727469
v 37.897209 -21.214001 14.385650
v -36.088100 -21.330660 4.220787
v -36.051861 -21.099300 5.824562
v -35.961411 -20.641869 7.510710
v -35.857491 -20.055370 9.168436
v -35.748348 -19.402910 10.683010
v -35.633209 -18.706930 12.020260
v -35.502781 -17.912109 13.297509
v -35.352329 -16.982620 14.635819
v -35.192478 -16.082109 15.882810
v -34.940968 -15.306720 16.953960
v -34.489929 -14.602940 17.980919
v -33.801338 -13.891950 19.141710
v -32.974171 -13.238230 20.397320
v 41.324909 -17.535400 6.953783
v 41.409050 -18.244080 9.233017
v 41.452271 -18.845940 11.112610
v 41.383408 -19.271379 12.411160
v 40.957600 -19.579599 13.198549
v 40.671577 -19.458530 13.665430
v 36.762897 -21.121550 15.542780
v 39.981178 -19.145460 14.258110
v 34.461208 -21.018959 17.191460
v 39.620647 -18.099899 14.738780
v 30.942759 -20.818720 19.424349
v 42.022118 -11.249360 2.657364
v 42.022198 -11.696199 4.418465
v 42.021378 -12.246369 6.429634
v 42.020409 -12.838130 8.500488
v 42.019470 -13.368859 10.546470
v 42.018578 -13.660370 12.217340
v 42.017467 -13.746389 13.128220
v 42.017307 -13.789519 13.476339
v -36.856068 -7.395843 4.673773
v -36.862438 -7.501414 6.274820
v -36.854427 -7.738445 8.601093
v -36.835670 -7.952468 11.372689
v -36.775188 -8.038483 13.760389
v -36.602051 -8.066345 15.443029
v -36.276398 -8.096558 16.641949
v -35.774990 -8.143001 17.679239
v -35.123070 -8.200977 18.676849
v -34.682407 -8.198568 19.261469
v -33.263069 -12.920190 20.385990
v -31.781580 -11.909590 22.285400
v -32.041779 -12.048639 21.986170
v -33.053070 -12.689759 20.713270
v -31.839399 -11.869659 22.299900
v -32.797920 -12.429339 21.112040
v -31.500969 -11.615210 22.784540
v -32.512318 -12.164570 21.542950
v -31.087978 -11.346930 23.298050
v -32.201641 -11.918440 21.968880
v -31.923840 -11.724170 22.299379
v -30.429708 -11.016769 23.925449
v -33.722088 -13.385000 19.686760
v -34.359581 -13.902010 18.791780
v -34.241817 -13.660919 19.084110
v -34.071388 -13.416229 19.398689
v -33.895718 -13.157539 19.725109
v -33.705948 -12.892310 20.062820
v -33.491440 -12.643350 20.401709
v -33.345360 -12.444110 20.635550
v -34.918560 -14.499590 17.869839
v -34.888981 -14.289789 18.093050
v -34.786140 -14.057050 18.364210
v -34.679699 -13.808849 18.638119
v -34.563309 -13.541059 18.924370
v -34.424900 -13.275109 19.217009
v -34.282619 -13.025149 19.485870
v -33.635002 -12.441520 20.359169
v -34.209988 -12.802589 19.660429
v -33.552368 -12.228519 20.522930
v -34.064339 -12.534160 19.911339
v -33.358959 -11.955820 20.806330
v -33.887959 -12.248489 20.182570
v -33.155838 -11.641550 21.089659
v -33.716789 -11.919760 20.432129
v -32.991428 -11.241549 21.321890
v -33.580391 -11.474760 20.631620
v -32.879478 -10.716619 21.477119
v -33.485821 -10.868850 20.762980
v -32.816109 -10.039650 21.559429
v -33.434399 -10.077630 20.828320
v -32.775127 -9.358541 21.603090
v -33.402451 -9.297863 20.860279
v -32.737038 -8.885254 21.632969
v -33.388958 -8.785936 20.861210
v -32.599937 -8.737526 21.770109
v -33.362640 -8.568209 20.877310
v -33.276131 -8.532699 20.961580
v -32.106110 -9.063540 22.280849
v -32.652428 -8.510615 21.678699
v -33.382690 -8.382586 20.831320
v -35.303391 -15.124680 16.974300
v -35.318558 -14.890960 17.211390
v -35.270718 -14.652120 17.472500
v -35.217567 -14.407350 17.723270
v -35.157707 -14.135639 17.987040
v -35.083347 -13.850300 18.259890
v -34.987930 -13.571079 18.524710
v -34.889530 -13.288099 18.769930
v -34.768669 -12.992530 19.018980
v -34.638901 -12.682980 19.255550
v -34.516449 -12.307240 19.460190
v -34.420368 -11.764359 19.612419
v -34.355850 -11.011360 19.705690
v -34.327610 -10.078199 19.744699
v -34.317059 -9.208691 19.755800
v -34.313778 -8.696844 19.748480
v -34.311188 -8.485849 19.740549
v -34.301918 -8.397059 19.742340
v -34.340828 -8.316118 19.687580
v -35.535069 -15.832419 15.996510
v -35.601078 -15.540859 16.285280
v -35.607361 -15.265500 16.575590
v -35.603661 -15.004519 16.834810
v -35.593410 -14.719069 17.099810
v -35.568451 -14.408720 17.376480
v -35.521549 -14.098439 17.642799
v -35.464951 -13.780570 17.890600
v -35.390091 -13.459049 18.124689
v -35.303841 -13.114210 18.336710
v -35.221169 -12.667609 18.509409
v -35.160320 -12.001960 18.620230
v -35.123737 -11.091550 18.679750
v -35.119110 -10.029090 18.697809
v -35.138870 -9.100384 18.686399
v -35.154919 -8.612967 18.666389
v -35.160339 -8.429986 18.653900
v -35.158428 -8.341352 18.649599
v -35.156151 -8.268471 18.644920
v -35.687168 -16.675659 14.822920
v -35.789829 -16.308609 15.187160
v -35.838669 -15.955930 15.555449
v -35.874798 -15.634459 15.878670
v -35.905819 -15.303770 16.187040
v -35.925758 -14.952240 16.490480
v -35.927608 -14.605260 16.765459
v -35.918640 -14.259049 17.009190
v -35.887470 -13.906960 17.231560
v -35.837589 -13.507290 17.426880
v -35.786037 -12.964829 17.576870
v -35.753780 -12.171440 17.656200
v -35.739429 -11.126329 17.690439
v -35.750660 -9.960366 17.697960
v -35.788090 -9.015639 17.680319
v -35.817329 -8.554998 17.655430
v -35.828468 -8.384457 17.640280
v -35.828857 -8.293377 17.634340
v -35.822861 -8.215494 17.633560
v -35.820190 -17.597429 13.496969
v -35.932011 -17.203630 13.885989
v -36.005501 -16.789019 14.310929
v -36.070339 -16.389730 14.709729
v -36.133179 -15.980619 15.093530
v -36.192127 -15.552330 15.460350
v -36.238430 -15.136650 15.776910
v -36.265949 -14.743279 16.044001
v -36.268818 -14.337520 16.269749
v -36.250668 -13.847919 16.451380
v -36.222828 -13.180799 16.585310
v -36.207378 -12.249599 16.650799
v -36.211002 -11.064859 16.667419
v -36.239960 -9.797134 16.658979
v -36.283730 -8.899738 16.638319
v -36.312809 -8.499750 16.619829
v -36.322887 -8.343882 16.610359
v -36.322659 -8.249816 16.607929
v -36.316219 -8.168642 16.608860
v -35.943508 -18.415760 12.191120
v -36.060268 -18.062969 12.532060
v -36.146931 -17.660799 12.932310
v -36.226929 -17.234510 13.344069
v -36.304008 -16.772520 13.767679
v -36.379921 -16.276180 14.185519
v -36.450977 -15.774019 14.555039
v -36.499119 -15.284969 14.871840
v -36.523251 -14.758690 15.123429
v -36.528320 -14.120049 15.301499
v -36.519550 -13.309219 15.422430
v -36.516438 -12.253750 15.478880
v -36.534889 -10.938749 15.483430
v -36.578709 -9.574894 15.460850
v -36.619167 -8.755977 15.432610
v -36.638420 -8.441082 15.421470
v -36.643810 -8.310593 15.420440
v -36.643578 -8.217754 15.420990
v -36.638069 -8.135815 15.420810
v -36.056450 -19.121450 10.840469
v -36.180260 -18.808510 11.140560
v -36.274017 -18.449579 11.495049
v -36.361519 -18.048019 11.867710
v -36.443619 -17.592960 12.257100
v -36.518101 -17.084539 12.654000
v -36.586178 -16.519169 13.026030
v -36.631790 -15.889790 13.353120
v -36.657589 -15.160600 13.600830
v -36.669491 -14.311530 13.763050
v -36.670601 -13.350550 13.873469
v -36.674980 -12.215330 13.931860
v -36.700748 -10.838940 13.941159
v -36.751827 -9.431036 13.911839
v -36.791298 -8.661146 13.853430
v -36.806141 -8.398252 13.813499
v -36.809837 -8.287227 13.795480
v -36.810158 -8.198473 13.786799
v -36.805550 -8.115222 13.775330
v -36.156990 -19.776779 9.320755
v -36.285950 -19.485390 9.596519
v -36.383709 -19.156530 9.915022
v -36.474171 -18.779629 10.244679
v -36.555481 -18.343899 10.581930
v -36.619968 -17.833830 10.923790
v -36.668728 -17.195339 11.235340
v -36.696758 -16.382849 11.473619
v -36.710789 -15.412020 11.619670
v -36.717239 -14.352010 11.704140
v -36.719048 -13.270949 11.780300
v -36.724438 -12.112820 11.844609
v -36.748409 -10.763090 11.876160
v -36.798740 -9.382447 11.862499
v -36.844177 -8.609251 11.795650
v -36.863060 -8.343037 11.710199
v -36.867138 -8.239450 11.633400
v -36.866718 -8.156995 11.576810
v -36.861771 -8.065346 11.510250
v -36.245270 -20.371119 7.635973
v -36.375111 -20.098049 7.872774
v -36.472919 -19.790890 8.145779
v -36.559570 -19.431389 8.427998
v -36.630890 -18.999729 8.715209
v -36.679768 -18.442659 8.996932
v -36.708160 -17.672300 9.221403
v -36.720570 -16.664799 9.338703
v -36.725258 -15.508539 9.372429
v -36.726898 -14.313680 9.381491
v -36.727440 -13.152080 9.414635
v -36.730457 -11.985499 9.462084
v -36.746918 -10.702559 9.493195
v -36.791309 -9.397882 9.505350
v -36.847038 -8.585703 9.486574
v -36.876221 -8.260355 9.361366
v -36.882900 -8.128645 9.160624
v -36.881420 -8.028159 8.986721
v -36.876011 -7.905918 8.837479
v -36.314487 -20.844940 5.883478
v -36.440250 -20.592869 6.049192
v -36.533978 -20.305710 6.250700
v -36.613110 -19.954790 6.463415
v -36.671101 -19.499500 6.683554
v -36.704048 -18.851330 6.897192
v -36.717590 -17.928009 7.046600
v -36.720898 -16.773289 7.086811
v -36.723537 -15.528330 7.064369
v -36.724918 -14.279969 7.033516
v -36.725670 -13.063310 7.025558
v -36.727749 -11.868299 7.039810
v -36.739017 -10.636570 7.064911
v -36.777470 -9.422327 7.122877
v -36.839878 -8.579374 7.187965
v -36.878029 -8.173402 7.032911
v -36.888161 -7.975402 6.691803
v -36.886639 -7.822800 6.418871
v -36.880951 -7.668562 6.315924
v -36.327721 -21.095379 4.219208
v -36.445049 -20.860979 4.290348
v -36.531048 -20.589029 4.386248
v -36.601208 -20.239639 4.489641
v -36.648010 -19.752989 4.601101
v -36.669331 -19.016300 4.721279
v -36.671799 -17.941570 4.805738
v -36.669003 -16.632120 4.808561
v -36.680420 -15.319220 4.768610
v -36.692028 -14.078330 4.723072
v -36.700317 -12.875560 4.687487
v -36.709648 -11.691609 4.669777
v -36.725288 -10.515920 4.688780
v -36.763187 -9.400557 4.805399
v -36.825859 -8.570715 4.998669
v -36.866871 -8.117035 4.953316
v -36.879391 -7.872468 4.686832
v -36.878860 -7.693120 4.510555
v -36.873550 -7.537912 4.543591
v -36.180828 -20.982380 2.717182
v -36.278988 -20.750620 2.695202
v -36.350250 -20.483030 2.675388
v -36.406918 -20.143530 2.654749
v -36.442520 -19.660889 2.640625
v -36.452110 -18.857040 2.651401
v -36.438450 -17.546770 2.662956
v -36.428368 -15.901870 2.629068
v -36.466278 -14.401859 2.574400
v -36.516018 -13.208710 2.524668
v -36.560589 -12.169320 2.483271
v -36.607929 -11.166130 2.456547
v -36.654461 -10.179490 2.475063
v -36.710430 -9.253643 2.615217
v -36.776680 -8.523077 2.865990
v -36.813808 -8.082270 2.934565
v -36.824928 -7.830333 2.825344
v -36.826069 -7.655776 2.793722
v -36.823738 -7.515474 2.900669
v 42.023159 -14.060719 13.780620
v 42.016689 -14.160140 13.845880
v 42.013611 -14.219769 13.878560
v 42.020687 -14.145430 13.831610
v 42.011761 -14.265249 13.900419
v 42.017078 -14.236440 13.878639
v 42.022469 -13.828480 13.592529
v 42.025948 -13.810410 13.536429
v 42.024578 -13.857639 13.634310
v 42.028717 -13.833320 13.581579
v 42.025200 -13.895760 13.666949
v 42.024979 -13.962580 13.714990
v 42.030479 -13.878449 13.626130
v 42.031780 -13.943789 13.678149
v 42.031837 -14.019959 13.733130
v 42.029808 -14.118320 13.794729
v 42.011848 -14.348969 13.922370
v 42.024708 -14.248799 13.860410
v 41.998409 -14.528450 13.987690
v 42.013477 -14.441899 13.940490
v 41.981911 -14.700760 14.045119
v 41.999249 -14.632710 14.010340
v 41.956108 -14.850770 14.077929
v 41.984760 -14.773049 14.053960
v 41.955868 -14.904150 14.074160
v 41.821278 -15.176220 14.103980
v 41.815781 -15.183809 14.103519
v 41.095970 -16.248089 14.284949
v 41.514088 -15.477369 14.216969
v 39.418671 -17.287989 15.048520
v 41.273750 -16.157919 14.235590
v 41.836491 -15.375219 14.071449
v 41.463287 -16.749060 13.998139
v 41.890770 -15.694409 13.982480
v 41.793308 -16.602640 13.860399
v 41.912067 -15.928909 13.928100
v 41.836048 -16.673519 13.821779
v 41.893021 -16.230030 13.870110
v 42.028309 -13.772890 13.210060
v 42.032417 -13.779880 13.307090
v 42.035667 -13.810650 13.389410
v 42.039078 -13.857940 13.462990
v 42.041828 -13.911240 13.535510
v 42.043068 -13.984719 13.614490
v 42.042118 -14.094180 13.703259
v 42.037128 -14.268690 13.807340
v 42.027927 -14.478960 13.904619
v 42.016300 -14.671760 13.974810
v 42.005367 -14.820069 14.010710
v 41.987129 -14.982719 14.013630
v 41.947090 -15.238390 13.992690
v 41.984867 -15.526340 13.928889
v 41.982121 -15.764509 13.900020
v 41.969440 -15.876920 13.888380
v 41.946548 -16.213699 13.819260
v 41.822380 -16.617590 13.804910
v 41.888008 -16.888330 13.683789
v 41.405178 -17.435629 13.854779
v 41.572739 -18.041809 13.589820
v 42.030170 -13.754390 12.308189
v 42.035007 -13.786570 12.491220
v 42.038948 -13.830780 12.667640
v 42.043438 -13.876269 12.823709
v 42.048180 -13.908440 12.975140
v 42.052731 -13.945970 13.129339
v 42.056740 -14.007839 13.289490
v 42.058990 -14.121010 13.454269
v 42.056877 -14.304919 13.605969
v 42.049809 -14.550699 13.727730
v 42.042358 -14.857039 13.789570
v 42.034809 -15.264669 13.776050
v 42.024990 -15.840520 13.695320
v 42.016758 -16.441339 13.609320
v 42.002270 -16.734690 13.589630
v 41.983978 -16.820160 13.593289
v 41.952488 -17.202719 13.526310
v 41.893028 -17.846460 13.399429
v 41.698177 -18.655350 13.297780
v 42.031227 -13.605730 10.632790
v 42.036198 -13.746670 10.873350
v 42.040180 -13.868609 11.141009
v 42.044861 -13.961309 11.403279
v 42.050488 -14.019270 11.674330
v 42.057018 -14.066810 11.953620
v 42.064419 -14.114269 12.232670
v 42.071728 -14.167190 12.500210
v 42.074947 -14.264680 12.747250
v 42.072781 -14.492980 12.960259
v 42.073120 -14.993270 13.067760
v 42.069901 -15.736910 13.056280
v 42.061600 -16.644180 12.962310
v 42.045448 -17.442249 12.894650
v 42.019947 -17.842510 12.920549
v 41.983940 -18.000420 12.981299
v 41.931538 -18.309210 12.995350
v 41.860500 -18.682529 12.967020
v 41.704411 -19.052210 12.954750
v 42.032600 -13.172660 8.601936
v 42.037750 -13.392910 8.857866
v 42.041740 -13.587199 9.154993
v 42.046310 -13.765440 9.451819
v 42.051830 -13.931590 9.754416
v 42.058411 -14.098380 10.061800
v 42.066040 -14.252060 10.370190
v 42.072578 -14.349859 10.683750
v 42.072250 -14.380210 11.015059
v 42.070019 -14.518789 11.326310
v 42.081539 -15.084029 11.492920
v 42.088310 -15.939580 11.540870
v 42.083187 -16.898069 11.534780
v 42.063450 -17.687029 11.585239
v 42.025398 -18.147730 11.732900
v 41.969780 -18.401070 11.914660
v 41.898708 -18.648390 12.069489
v 41.820488 -18.860510 12.181479
v 41.719707 -19.028679 12.272610
v 42.034389 -12.618939 6.547531
v 42.039928 -12.861119 6.792585
v 42.044228 -13.076970 7.074137
v 42.049030 -13.297400 7.354483
v 42.054649 -13.532140 7.634462
v 42.061089 -13.788260 7.914350
v 42.067390 -14.046599 8.195271
v 42.068317 -14.232940 8.496786
v 42.058620 -14.299009 8.841469
v 42.056198 -14.491990 9.157398
v 42.076218 -15.122880 9.324745
v 42.089550 -15.947370 9.421494
v 42.082790 -16.766739 9.515152
v 42.053089 -17.404680 9.675482
v 42.000248 -17.814899 9.911409
v 41.930470 -18.086359 10.175650
v 41.850159 -18.310509 10.436709
v 41.768818 -18.495960 10.679510
v 41.682518 -18.650200 10.903880
v 42.036179 -12.076759 4.519627
v 42.042198 -12.316520 4.727747
v 42.046898 -12.530200 4.971395
v 42.052128 -12.759330 5.220737
v 42.058090 -13.015470 5.473398
v 42.064407 -13.303590 5.728067
v 42.068558 -13.600519 5.986002
v 42.063240 -13.832470 6.265583
v 42.050488 -14.016279 6.566120
v 42.058849 -14.447249 6.798470
v 42.080811 -15.152599 6.936983
v 42.086510 -15.857690 7.076239
v 42.067238 -16.466360 7.247091
v 42.021877 -16.922659 7.472715
v 41.954781 -17.243080 7.744789
v 41.876019 -17.486300 8.037134
v 41.792679 -17.692619 8.339209
v 41.713051 -17.873539 8.645031
v 41.630638 -18.037079 8.947842
v 42.036678 -11.617940 2.706692
v 42.042809 -11.845699 2.846216
v 42.047630 -12.048230 3.019407
v 42.052849 -12.271899 3.205856
v 42.058048 -12.532430 3.405245
v 42.061939 -12.830589 3.616236
v 42.060020 -13.125350 3.842117
v 42.046368 -13.344769 4.095280
v 42.030621 -13.600300 4.342342
v 42.046368 -14.221080 4.484289
v 42.064560 -14.966650 4.583490
v 42.058289 -15.576360 4.730656
v 42.023708 -16.030649 4.927685
v 41.963558 -16.359650 5.167492
v 41.886841 -16.610439 5.435045
v 41.803978 -16.817739 5.717688
v 41.720840 -16.999470 6.015131
v 41.643917 -17.164360 6.327253
v 41.560310 -17.322809 6.646069
v 42.029819 -11.269130 1.418776
v 42.033718 -11.465630 1.456161
v 42.036709 -11.640989 1.521643
v 42.038837 -11.846809 1.602282
v 42.037781 -12.116170 1.700245
v 42.030277 -12.452950 1.814238
v 42.011208 -12.818399 1.946474
v 41.990780 -13.136539 2.102501
v 41.969090 -13.488580 2.254438
v 41.966587 -14.108629 2.330334
v 41.958900 -14.745660 2.396385
v 41.928848 -15.229039 2.512629
v 41.872002 -15.564090 2.672241
v 41.794003 -15.806950 2.861013
v 41.706390 -16.002649 3.067123
v 41.615929 -16.169939 3.284151
v 41.525990 -16.319059 3.514360
v 41.442001 -16.455950 3.759966
v 41.346378 -16.592190 4.015848
v 41.650810 -10.693410 0.544807
v 40.225121 -11.349560 0.494410
v 41.608608 -10.852960 0.409962
v 40.083519 -11.546169 0.324823
v 41.565620 -11.034070 0.325897
v 39.949539 -11.766140 0.202734
v 41.507969 -11.305630 0.252277
v 39.791847 -12.080259 0.095129
v 41.411350 -11.735280 0.189989
v 39.569199 -12.546329 0.018951
v 41.206478 -12.302529 0.142845
v 39.174530 -13.158710 -0.023584
v 40.880379 -12.938630 0.112549
v 38.603397 -13.848360 -0.045988
v 40.641819 -13.479819 0.095766
v 38.164761 -14.402209 -0.059353
v 40.486958 -13.958170 0.086933
v 37.874889 -14.841800 -0.068676
v 40.356449 -14.457580 0.077955
v 37.641411 -15.258880 -0.075169
v 40.224648 -14.927230 0.075165
v 37.423298 -15.666090 -0.078289
v 40.067009 -15.304729 0.085676
v 37.200428 -16.041889 -0.076567
v 39.867008 -15.589900 0.106512
v 36.957397 -16.376669 -0.070379
v 39.636150 -15.808530 0.135633
v 36.694118 -16.655310 -0.058636
v 39.393169 -15.987989 0.171816
v 36.415218 -16.883369 -0.040665
v 39.139408 -16.146410 0.212883
v 36.116398 -17.065380 -0.017012
v 38.877270 -16.294510 0.256485
v 35.808189 -17.226110 0.010059
v 38.617531 -16.432470 0.302515
v 35.501328 -17.375860 0.039616
v 38.362671 -16.570580 0.375521
v 35.201080 -17.525620 0.096651
v 36.846107 -12.987790 0.324999
v 36.752808 -13.132680 0.207735
v 36.533237 -13.319839 0.116518
v 36.290390 -13.544769 0.047983
v 36.027637 -13.831630 -0.011923
v 35.735600 -14.194240 -0.050194
v 35.352219 -14.633739 -0.068253
v 34.860661 -15.125979 -0.077358
v 34.467010 -15.534780 -0.083588
v 34.169411 -15.879820 -0.088739
v 33.911438 -16.217119 -0.092747
v 33.665291 -16.561630 -0.095470
v 33.424599 -16.909910 -0.096478
v 33.189541 -17.255280 -0.095228
v 32.965611 -17.587730 -0.090223
v 32.740089 -17.902199 -0.079895
v 32.481060 -18.124939 -0.063255
v 32.201851 -18.287640 -0.041487
v 31.913589 -18.430780 -0.015682
v 31.628038 -18.572870 0.036518
v 32.218918 -14.671800 0.074247
v 32.182690 -14.793670 0.026117
v 31.979109 -14.939950 -0.012022
v 31.758080 -15.137870 -0.036552
v 31.498350 -15.379930 -0.055834
v 31.208002 -15.650740 -0.067408
v 30.882629 -15.943510 -0.073755
v 30.507790 -16.256420 -0.078600
v 30.169760 -16.539299 -0.083097
v 29.884989 -16.800880 -0.087425
v 29.661289 -17.060030 -0.091400
v 29.465099 -17.326239 -0.094761
v 29.274549 -17.602890 -0.097187
v 29.096239 -17.905319 -0.098221
v 28.955120 -18.289560 -0.096880
v 28.837900 -18.756420 -0.091492
v 28.680328 -19.069950 -0.080276
v 28.482288 -19.242001 -0.063717
v 28.248129 -19.368359 -0.042780
v 28.008110 -19.490309 0.003485
v 26.676189 -15.869720 0.001705
v 26.726130 -15.964390 -0.024927
v 26.683800 -16.075230 -0.044046
v 26.676208 -16.239109 -0.055330
v 26.591869 -16.430269 -0.062637
v 26.418020 -16.630899 -0.067537
v 26.177660 -16.834280 -0.071783
v 25.878199 -17.039589 -0.076141
v 25.573809 -17.230509 -0.080654
v 25.323399 -17.403940 -0.085241
v 25.176390 -17.567030 -0.089706
v 25.088350 -17.732639 -0.093681
v 25.013519 -17.915270 -0.096764
v 24.942820 -18.170420 -0.098627
v 24.901449 -18.634220 -0.098808
v 24.891499 -19.298510 -0.096228
v 24.846169 -19.750719 -0.089277
v 24.744619 -19.957279 -0.078039
v 24.576099 -20.073029 -0.062860
v 24.393959 -20.176319 -0.023411
v 21.124369 -16.640160 -0.032864
v 21.275690 -16.724110 -0.050480
v 21.530539 -16.843081 -0.057842
v 21.697279 -16.966980 -0.062588
v 21.731339 -17.084980 -0.066675
v 21.665289 -17.199940 -0.070833
v 21.529919 -17.315830 -0.075281
v 21.370380 -17.429100 -0.079950
v 21.235130 -17.537029 -0.084734
v 21.163490 -17.643639 -0.089407
v 21.123789 -17.758070 -0.093563
v 21.081549 -17.899769 -0.096775
v 21.022430 -18.152559 -0.098763
v 20.977079 -18.687969 -0.099384
v 20.973810 -19.488989 -0.098194
v 20.950760 -20.093220 -0.093895
v 20.858360 -20.405510 -0.085747
v 20.681459 -20.575790 -0.073114
v 20.493670 -20.708309 -0.037521
v 18.181690 -16.799129 -0.034988
v 18.362080 -16.880470 -0.051937
v 18.527029 -16.953840 -0.058016
v 18.623459 -17.026730 -0.062260
v 18.642920 -17.096760 -0.066397
v 18.608580 -17.167889 -0.070755
v 18.540470 -17.243330 -0.075405
v 18.457130 -17.323790 -0.080233
v 18.373129 -17.410059 -0.085087
v 18.302750 -17.504179 -0.089731
v 18.224699 -17.612970 -0.093798
v 18.109900 -17.759899 -0.096920
v 17.940340 -18.035820 -0.098866
v 17.777390 -18.598110 -0.099627
v 17.681980 -19.443529 -0.099159
v 17.581989 -20.199570 -0.096390
v 17.393730 -20.700350 -0.089647
v 17.110239 -21.005400 -0.077511
v 16.824789 -21.218439 -0.045238
v 17.179569 -16.709990 -0.026869
v 17.464239 -16.836840 -0.044857
v 17.519970 -16.879440 -0.052561
v 17.538969 -16.925009 -0.057564
v 17.524490 -16.977539 -0.061848
v 17.485790 -17.034319 -0.066076
v 17.433390 -17.095190 -0.070545
v 17.375229 -17.163559 -0.075285
v 17.303350 -17.238529 -0.080153
v 17.216469 -17.325750 -0.084995
v 17.115580 -17.425850 -0.089575
v 16.969860 -17.549610 -0.093590
v 16.741619 -17.724670 -0.096714
v 16.426689 -18.029940 -0.098721
v 16.139229 -18.583050 -0.099609
v 15.964789 -19.405739 -0.099480
v 15.819819 -20.249670 -0.097536
v 15.595380 -20.896980 -0.091843
v 15.279210 -21.296040 -0.080414
v 14.962190 -21.547569 -0.050861
v 3.135792 -10.684970 -0.013565
v 10.971410 -14.165489 -0.021015
v 11.494169 -14.430929 -0.036718
v 3.367370 -10.835990 -0.028641
v 11.553400 -14.523200 -0.043322
v 3.415970 -10.958640 -0.035088
v 11.623070 -14.736629 -0.047947
v 3.643524 -11.384120 -0.039204
v 12.066870 -15.425730 -0.053818
v 4.534737 -12.660530 -0.045393
v 12.917259 -16.618240 -0.062366
v 6.122584 -14.755010 -0.055834
v 13.219689 -17.404530 -0.069202
v 7.026989 -16.208450 -0.063940
v 13.009930 -17.837339 -0.074167
v 7.222069 -17.024290 -0.068363
v 12.741549 -18.233570 -0.078259
v 7.468565 -17.855980 -0.069386
v 12.583380 -18.712620 -0.081400
v 8.063841 -18.911169 -0.067520
v 12.276750 -19.095509 -0.085146
v 8.289428 -19.545429 -0.069426
v 11.888860 -19.434259 -0.089413
v 8.213994 -19.891579 -0.075127
v 11.597500 -19.758890 -0.093683
v 8.127902 -20.176859 -0.082083
v 11.410419 -20.145849 -0.096136
v 8.071954 -20.473770 -0.086672
v 11.313040 -20.702969 -0.097134
v 8.081357 -20.908859 -0.090246
v 11.286770 -21.360460 -0.096020
v 8.201075 -21.489470 -0.092695
v 11.279910 -21.843620 -0.087854
v 8.380582 -21.940950 -0.085646
v 11.244670 -22.090780 -0.061478
v 8.532704 -22.169859 -0.058039
v 3.857616 -18.229439 -0.055351
v 4.763094 -19.400690 -0.051666
v 4.977948 -19.872570 -0.056570
v 5.007912 -20.215450 -0.064451
v 5.022259 -20.553469 -0.070545
v 5.121259 -20.994400 -0.078075
v 5.381928 -21.566139 -0.086849
v 5.729153 -21.991520 -0.082380
v 6.065861 -22.200020 -0.051319
v 3.076789 -19.194000 -0.042246
v 3.422324 -19.754740 -0.045740
v 3.476819 -20.139080 -0.053720
v 3.504965 -20.525509 -0.060541
v 3.642211 -21.002550 -0.070517
v 3.976061 -21.594030 -0.083622
v 4.403810 -22.010099 -0.081045
v 4.849295 -22.209530 -0.048250
v -2.510519 -8.134920 -0.032434
v -2.538321 -8.130533 -0.032789
v -2.508368 -8.188328 -0.082609
v -2.535842 -8.183856 -0.083191
v -2.507183 -8.245960 -0.091469
v -2.534976 -8.240826 -0.092148
v -2.531295 -8.311134 -0.094616
v -2.559838 -8.304312 -0.095367
v -2.667306 -8.392608 -0.095968
v -2.702248 -8.374975 -0.096771
v -3.003532 -8.570539 -0.095396
v -3.082252 -8.489487 -0.096087
v -3.294919 -9.154335 -0.094204
v -3.508230 -8.884418 -0.094267
v -3.118726 -10.486000 -0.094822
v -3.459612 -10.036270 -0.094149
v -2.722002 -12.123240 -0.096560
v -2.936254 -11.858290 -0.096436
v -2.533488 -13.517210 -0.097383
v -2.615234 -13.444719 -0.097912
v -2.488599 -14.731090 -0.096926
v -2.531603 -14.721060 -0.097771
v -2.381843 -15.960389 -0.091560
v -2.464512 -15.934899 -0.093040
v -6.288774 -8.117205 -0.033066
v -9.320490 -8.150164 -0.030170
v -6.291289 -8.175621 -0.084133
v -9.336425 -8.233550 -0.082855
v -6.290299 -8.243785 -0.093311
v -9.332363 -8.344345 -0.092712
v -6.289753 -8.323805 -0.096678
v -9.334908 -8.494434 -0.096111
v -6.293797 -8.408473 -0.098492
v -9.354469 -8.670349 -0.097998
v -6.301784 -8.498680 -0.098755
v -9.359095 -8.843668 -0.098530
v -6.333815 -8.727794 -0.097733
v -9.361143 -9.102560 -0.097828
v -6.371882 -9.551823 -0.096823
v -9.379654 -9.785299 -0.096863
v -6.332421 -11.319860 -0.097692
v -9.390888 -11.264219 -0.097225
v -6.311552 -13.208059 -0.099146
v -9.414801 -13.117209 -0.098690
v -6.344861 -14.670199 -0.099800
v -9.438226 -14.650320 -0.099625
v -6.480588 -15.834980 -0.099808
v -9.487797 -15.828130 -0.099840
v -6.725550 -16.856890 -0.099058
v -9.580019 -16.832949 -0.099447
v -6.895052 -17.812439 -0.094414
v -9.640659 -17.762739 -0.096266
v -6.814986 -18.712509 -0.075918
v -9.601669 -18.604120 -0.081923
v -6.445210 -19.438570 -0.037350
v -9.434318 -19.238899 -0.047361
v -6.165432 -19.847589 0.007601
v -9.314538 -19.620659 0.004055
v -6.028835 -20.113590 0.069277
v -9.266279 -19.926159 0.081186
v -5.942776 -20.339470 0.156036
v -9.240927 -20.192730 0.180162
v -12.865680 -8.294795 -0.020441
v -12.909960 -8.431626 -0.077826
v -12.913919 -8.612597 -0.090467
v -12.967720 -8.877960 -0.094559
v -13.038799 -9.206730 -0.096743
v -13.047950 -9.545654 -0.097879
v -13.020000 -10.000669 -0.098072
v -13.071830 -10.787660 -0.097807
v -13.207459 -12.074940 -0.098028
v -13.339660 -13.613939 -0.098993
v -13.397790 -14.891439 -0.099646
v -13.406480 -15.900949 -0.099840
v -13.403870 -16.835289 -0.099564
v -13.392340 -17.744190 -0.097067
v -13.373300 -18.555660 -0.085173
v -13.330760 -19.134180 -0.053591
v -13.300610 -19.499569 0.001284
v -13.294049 -19.829590 0.087286
v -13.294379 -20.117159 0.191505
v -16.012760 -8.598185 -0.006315
v -16.048540 -8.757514 -0.070326
v -16.162479 -8.950115 -0.086184
v -16.495310 -9.244151 -0.091436
v -16.708830 -9.609321 -0.094044
v -16.681129 -10.041679 -0.095606
v -16.550430 -10.749670 -0.096476
v -16.692110 -11.811239 -0.097031
v -17.076359 -13.120060 -0.097687
v -17.388729 -14.360390 -0.098635
v -17.514650 -15.285359 -0.099360
v -17.521570 -16.040960 -0.099716
v -17.488220 -16.866819 -0.099533
v -17.457369 -17.752439 -0.097143
v -17.452469 -18.555679 -0.085838
v -17.461729 -19.112749 -0.055328
v -17.460169 -19.471109 0.000448
v -17.460220 -19.808090 0.088667
v -17.464760 -20.098370 0.189888
v -19.321880 -8.875013 -0.003157
v -19.261749 -9.007406 -0.069458
v -19.781149 -9.171773 -0.083338
v -20.880959 -9.437892 -0.087463
v -21.453369 -9.784590 -0.089867
v -21.281590 -10.374280 -0.091545
v -20.795780 -11.469150 -0.092880
v -20.819649 -12.797009 -0.094313
v -21.263199 -14.065499 -0.095911
v -21.563290 -15.006310 -0.097580
v -21.651810 -15.599440 -0.098860
v -21.637489 -16.138380 -0.099529
v -21.597380 -16.888950 -0.099424
v -21.573509 -17.766699 -0.096991
v -21.586290 -18.568439 -0.085691
v -21.621990 -19.115219 -0.055452
v -21.632149 -19.468979 0.000460
v -21.630249 -19.806540 0.089128
v -21.629440 -20.096720 0.189457
v -24.097359 -8.893311 -0.012402
v -24.065870 -9.071297 -0.070988
v -25.044489 -9.239873 -0.081629
v -26.865360 -9.479210 -0.085087
v -27.804989 -9.826429 -0.087522
v -27.507549 -10.574210 -0.089396
v -26.564280 -11.912359 -0.091110
v -26.099489 -13.255139 -0.093058
v -26.065090 -14.350080 -0.095119
v -25.933060 -15.136990 -0.096996
v -25.803890 -15.634150 -0.098129
v -25.731279 -16.134260 -0.098768
v -25.690790 -16.887289 -0.098532
v -25.681139 -17.777140 -0.095848
v -25.711639 -18.580589 -0.084360
v -25.767069 -19.119980 -0.054205
v -25.786810 -19.470480 0.001772
v -25.783319 -19.807320 0.090368
v -25.780539 -20.097450 0.190798
v -30.789860 -8.233122 0.218895
v -30.649349 -8.522665 -0.018652
v -30.541719 -8.802933 -0.076483
v -31.014259 -9.013671 -0.084314
v -32.055798 -9.232340 -0.087502
v -32.526711 -9.515884 -0.089790
v -32.228989 -10.124310 -0.091549
v -31.459990 -11.222720 -0.093216
v -30.962460 -12.367680 -0.094397
v -30.625780 -13.460990 -0.095320
v -30.151918 -14.454720 -0.095203
v -29.831169 -15.196810 -0.093336
v -29.688160 -15.886709 -0.092127
v -29.638239 -16.762650 -0.090183
v -29.641260 -17.732809 -0.085709
v -29.685650 -18.576069 -0.073168
v -29.752949 -19.123959 -0.042360
v -29.779589 -19.476580 0.014189
v -29.774540 -19.811289 0.102081
v -29.764568 -20.101160 0.203583
v -34.900497 -7.848868 0.132650
v -34.773727 -8.094696 -0.042623
v -34.840691 -8.294034 -0.067036
v -35.107338 -8.520752 -0.071526
v -35.152821 -8.834897 -0.071367
v -34.897327 -9.384963 -0.073454
v -34.391220 -10.232750 -0.079340
v -34.026608 -11.127350 -0.080355
v -33.733799 -12.081130 -0.078600
v -33.352310 -13.088949 -0.072657
v -33.095581 -14.011390 -0.061581
v -32.960800 -14.986730 -0.051554
v -32.911980 -16.185270 -0.039522
v -32.930851 -17.462070 -0.025347
v -32.983139 -18.498629 -0.007576
v -33.044090 -19.121889 0.026609
v -33.065739 -19.497929 0.085340
v -33.056858 -19.829990 0.171669
v -33.042549 -20.118830 0.276831
v -36.315109 -7.500227 0.362871
v -36.271297 -7.662882 0.165945
v -36.263828 -7.825589 0.126711
v -36.293770 -8.029650 0.119127
v -36.267891 -8.322197 0.129200
v -36.134331 -8.782298 0.117741
v -35.862480 -9.406517 0.080317
v -35.629818 -10.043870 0.067547
v -35.423820 -10.721700 0.072580
v -35.178459 -11.488379 0.087612
v -34.997681 -12.350120 0.113131
v -34.879391 -13.501410 0.143810
v -34.834118 -15.121610 0.183952
v -34.870350 -16.935169 0.224346
v -34.923199 -18.349110 0.254780
v -34.958340 -19.135590 0.295666
v -34.958637 -19.563730 0.358400
v -34.938038 -19.894650 0.441437
v -34.913048 -20.178059 0.545698
v -36.676781 -7.543246 1.062851
v -36.672157 -7.681212 0.990799
v -36.670780 -7.855196 0.981356
v -36.659451 -8.104311 1.018293
v -36.609421 -8.502834 0.971027
v -36.493900 -9.077892 0.833944
v -36.375790 -9.722702 0.767481
v -36.256420 -10.394540 0.765900
v -36.119198 -11.105550 0.787481
v -36.000118 -11.923610 0.822947
v -35.895008 -13.089170 0.872616
v -35.833347 -14.838409 0.939665
v -35.855827 -16.867970 1.001202
v -35.893181 -18.443110 1.034164
v -35.903870 -19.310879 1.072241
v -35.885059 -19.772280 1.132309
v -35.848808 -20.099279 1.203157
v -35.803959 -20.369909 1.282997
v 41.979168 -10.933430 0.721680
v 41.972710 -11.085020 0.677540
v 41.965557 -11.239000 0.662683
v 41.953148 -11.449200 0.654678
v 41.927589 -11.771299 0.649567
v 41.868469 -12.197010 0.649197
v 41.764919 -12.678480 0.662499
v 41.690720 -13.118090 0.693359
v 41.633789 -13.557110 0.730743
v 41.584599 -14.113379 0.742922
v 41.529259 -14.640800 0.759262
v 41.451778 -15.035379 0.805473
v 41.342487 -15.302529 0.875677
v 41.211899 -15.496630 0.961268
v 41.075390 -15.656340 1.056864
v 40.934677 -15.796320 1.158733
v 40.789928 -15.923779 1.266800
v 40.648060 -16.040590 1.382051
v 40.500858 -16.156160 1.511709
v 18.070639 -19.658449 28.873659
v 16.926180 -19.091330 29.911930
v 20.359570 -20.792679 26.797100
v 19.215109 -20.225569 27.835379
v -4.336961 -20.437359 0.137154
v -4.267405 -20.678810 0.351755
v -3.685057 -20.487440 0.125164
v -3.611724 -20.720749 0.336727
v -3.264406 -20.524969 0.115440
v -3.192432 -20.753519 0.325363
v -2.872902 -20.561359 0.106151
v -2.801404 -20.785309 0.314463
v -2.486322 -20.598349 0.097227
v -2.413623 -20.817160 0.303492
v -4.459038 -20.237530 0.058729
v -3.817296 -20.298250 0.050718
v -3.399112 -20.341700 0.043707
v -3.009974 -20.383259 0.037062
v -2.626996 -20.425180 0.030891
v -4.648206 -19.998770 0.007820
v -4.027008 -20.070459 0.005041
v -3.621131 -20.118349 0.001308
v -3.243293 -20.162819 -0.002485
v -2.868089 -20.208109 -0.005945
v -5.032971 -19.571220 -0.032404
v -4.460654 -19.632969 -0.032453
v -4.086691 -19.673220 -0.034103
v -3.734483 -19.711060 -0.035883
v -3.360739 -19.759109 -0.036545
v -2.884476 -19.855019 -0.032618
v -2.472922 -20.262890 -0.008198
v -5.550193 -18.781759 -0.072973
v -5.058342 -18.812719 -0.072660
v -4.738711 -18.833769 -0.072964
v -4.425366 -18.857719 -0.072905
v -4.045032 -18.916920 -0.069767
v -3.443482 -19.096519 -0.056679
v -5.664455 -17.844389 -0.093550
v -5.196097 -17.859869 -0.093328
v -4.892832 -17.870939 -0.093172
v -4.588094 -17.886789 -0.092588
v -4.216337 -17.948690 -0.088844
v -3.633601 -18.156719 -0.074940
v -2.830148 -18.508280 -0.051184
v -2.606473 -19.399939 -0.033924
v -5.422783 -16.873419 -0.098850
v -4.919860 -16.882069 -0.098717
v -4.589645 -16.887039 -0.098597
v -4.258581 -16.890770 -0.098406
v -3.900914 -16.912270 -0.097067
v -3.464328 -17.008810 -0.090961
v -2.949723 -17.191290 -0.079401
v -5.067903 -15.842589 -0.099758
v -4.503591 -15.844450 -0.099707
v -4.132029 -15.844840 -0.099665
v -3.771672 -15.843760 -0.099632
v -3.416360 -15.844870 -0.099459
v -3.088669 -15.864249 -0.098206
v -2.818453 -15.913270 -0.095182
v -2.645246 -15.936170 -0.093887
v -2.571077 -17.288229 -0.073822
v -2.535498 -15.937699 -0.093527
v -2.326455 -17.307339 -0.073109
v -4.869623 -14.705959 -0.099897
v -4.268343 -14.711280 -0.099899
v -3.871547 -14.711010 -0.099886
v -3.496819 -14.710429 -0.099873
v -3.142967 -14.709960 -0.099854
v -2.861852 -14.711440 -0.099703
v -2.700788 -14.718829 -0.099171
v -2.620505 -14.722429 -0.098810
v -2.570062 -14.721869 -0.098375
v -4.831112 -13.360109 -0.099550
v -4.233442 -13.402480 -0.099646
v -3.844593 -13.406719 -0.099634
v -3.482260 -13.407120 -0.099604
v -3.145844 -13.407619 -0.099558
v -2.891103 -13.408170 -0.099468
v -2.764222 -13.409180 -0.099258
v -2.708489 -13.410150 -0.098930
v -2.669294 -13.414070 -0.098448
v -4.896924 -11.559669 -0.098328
v -4.356392 -11.651070 -0.098509
v -4.035308 -11.667490 -0.098461
v -3.745874 -11.670500 -0.098341
v -3.480136 -11.672569 -0.098177
v -3.280385 -11.674610 -0.097944
v -3.178553 -11.676530 -0.097612
v -3.127025 -11.681080 -0.097151
v -3.068794 -11.714390 -0.096655
v -4.990178 -9.613794 -0.097059
v -4.526864 -9.646850 -0.097057
v -4.310093 -9.654314 -0.096901
v -4.140108 -9.659010 -0.096649
v -3.990897 -9.663847 -0.096302
v -3.879389 -9.668783 -0.095856
v -3.815278 -9.674299 -0.095287
v -3.766117 -9.689577 -0.094627
v -3.677944 -9.768033 -0.094080
v -4.911118 -8.664226 -0.097761
v -4.408106 -8.660753 -0.097721
v -4.170438 -8.664212 -0.097609
v -3.999986 -8.669109 -0.097410
v -3.867919 -8.674738 -0.097107
v -3.781779 -8.681126 -0.096684
v -3.733328 -8.687853 -0.096115
v -3.695488 -8.697214 -0.095419
v -3.639750 -8.735485 -0.094692
v -4.828107 -8.420681 -0.098827
v -4.249778 -8.412794 -0.098837
v -3.913699 -8.414162 -0.098810
v -3.636077 -8.416725 -0.098743
v -3.411901 -8.420454 -0.098608
v -3.269396 -8.425787 -0.098377
v -3.202203 -8.432297 -0.098007
v -3.165681 -8.439336 -0.097479
v -3.132896 -8.450535 -0.096804
v -4.803923 -8.349543 -0.098631
v -4.193405 -8.343437 -0.098665
v -3.800076 -8.343567 -0.098677
v -3.444220 -8.344280 -0.098675
v -3.131182 -8.345784 -0.098644
v -2.912609 -8.348801 -0.098555
v -2.809553 -8.353425 -0.098345
v -2.763852 -8.359115 -0.097982
v -2.732659 -8.365494 -0.097450
v -4.800830 -8.287399 -0.096830
v -4.184867 -8.283644 -0.096865
v -3.777362 -8.283535 -0.096882
v -3.397972 -8.283672 -0.096897
v -3.049416 -8.284233 -0.096897
v -2.792527 -8.285961 -0.096859
v -2.671393 -8.289288 -0.096712
v -2.621177 -8.293638 -0.096420
v -2.588919 -8.298668 -0.095972
v -4.800748 -8.225028 -0.093437
v -4.184330 -8.223333 -0.093464
v -3.775205 -8.223278 -0.093481
v -3.392650 -8.223339 -0.093500
v -3.037244 -8.223731 -0.093506
v -2.771293 -8.225197 -0.093477
v -2.647367 -8.228243 -0.093348
v -2.596739 -8.232033 -0.093090
v -2.564088 -8.236205 -0.092690
v -4.800780 -8.167484 -0.084295
v -4.184270 -8.167027 -0.084324
v -3.775073 -8.167029 -0.084339
v -3.392403 -8.167087 -0.084356
v -3.036633 -8.167490 -0.084362
v -2.770453 -8.169013 -0.084330
v -2.648005 -8.172153 -0.084204
v -2.598104 -8.175867 -0.083961
v -2.565174 -8.179729 -0.083626
v -4.800514 -8.113774 -0.033487
v -4.184213 -8.113644 -0.033531
v -3.775020 -8.113644 -0.033545
v -3.392381 -8.113702 -0.033558
v -3.036839 -8.114113 -0.033550
v -2.771510 -8.115660 -0.033464
v -2.650652 -8.118826 -0.033247
v -2.601675 -8.122543 -0.032949
v -2.568449 -8.126406 -0.032816
v -4.801889 -8.058109 0.173422
v -4.184172 -8.057989 0.173374
v -3.774982 -8.057979 0.173359
v -3.392354 -8.058020 0.173361
v -3.036925 -8.058359 0.173468
v -2.771800 -8.059652 0.173838
v -2.650518 -8.062409 0.174511
v -2.601099 -8.065938 0.175037
v -2.566653 -8.070082 0.174479
v 0.615282 -11.199699 49.347309
v 0.476309 -11.318840 47.320457
v 0.288671 -11.193720 49.318668
v 0.137469 -11.290810 47.317780
v -0.064516 -11.187630 49.256741
v -0.218357 -11.262259 47.295559
v -0.419117 -11.182020 49.181747
v -0.576669 -11.235800 47.259277
v -0.769121 -11.177800 49.113049
v -0.942025 -11.214789 47.214340
v -1.148824 -11.175920 49.025787
v -1.321217 -11.202350 47.145058
v -1.567363 -11.175179 48.915279
v -1.697057 -11.195580 47.058369
v -2.001602 -11.174570 48.807529
v -2.066606 -11.189660 46.974289
v -2.441913 -11.173630 48.694099
v -2.421968 -11.181630 46.912029
v 0.705194 -11.637589 44.943737
v 0.340369 -11.569160 44.998657
v -0.031036 -11.499100 45.047710
v -0.400550 -11.432130 45.085819
v -0.777599 -11.373680 45.105537
v -1.146681 -11.329880 45.096458
v -1.476214 -11.298309 45.072739
v -1.791468 -11.268260 45.051067
v -2.126265 -11.231800 45.059597
v 1.201590 -12.117290 42.403008
v 0.838104 -12.025880 42.488991
v 0.470868 -11.931020 42.576210
v 0.105875 -11.835690 42.663620
v -0.265422 -11.742120 42.746788
v -0.623124 -11.656270 42.817829
v -0.938262 -11.580070 42.881847
v -1.246896 -11.502390 42.949909
v -1.603561 -11.415030 43.045128
v 1.802164 -12.645400 39.836170
v 1.455176 -12.546659 39.933338
v 1.104952 -12.443709 40.035458
v 0.761715 -12.339510 40.140579
v 0.418656 -12.233660 40.247971
v 0.081817 -12.127560 40.355450
v -0.234540 -12.022900 40.463127
v -0.554711 -11.911469 40.575539
v -0.925758 -11.786659 40.695488
v 2.408202 -13.159869 37.304977
v 2.088011 -13.060750 37.404949
v 1.768398 -12.958159 37.511471
v 1.455953 -12.854509 37.619328
v 1.146775 -12.749559 37.728260
v 0.839558 -12.642010 37.839821
v 0.533463 -12.529679 37.954941
v 0.213423 -12.407470 38.074711
v -0.153645 -12.270289 38.196770
v 2.960434 -13.641940 34.800140
v 2.666470 -13.544020 34.897808
v 2.380910 -13.444870 35.002468
v 2.101875 -13.345360 35.107941
v 1.822302 -13.245180 35.211670
v 1.544813 -13.141339 35.317577
v 1.249233 -13.030089 35.423229
v 0.909262 -12.911050 35.518818
v 0.533593 -12.784329 35.605148
v 3.429000 -14.092799 32.291340
v 3.144329 -13.993549 32.380798
v 2.868426 -13.893869 32.477459
v 2.595743 -13.796020 32.573830
v 2.299587 -13.700939 32.658840
v 2.017255 -13.600320 32.752148
v 1.636370 -13.497760 32.811420
v 1.082103 -13.402730 32.792850
v 0.536692 -13.320749 32.739189
v 3.756823 -14.519390 29.765940
v 3.458244 -14.413899 29.842430
v 3.123902 -14.308889 29.918619
v 2.737045 -14.215620 29.972528
v 2.212871 -14.140209 29.966940
v 1.734750 -14.056590 29.982470
v 0.951139 -13.988299 29.867079
v -0.292670 -13.956320 29.533970
v -1.331951 -13.938960 29.234600
v 3.879865 -14.962569 27.234549
v 3.454162 -14.846230 27.252378
v 2.778470 -14.747009 27.201550
v 1.894956 -14.690300 27.062119
v 0.672755 -14.685559 26.772678
v -0.336870 -14.663739 26.564039
v -1.645129 -14.658070 26.211769
v -3.512425 -14.700140 25.596399
v -4.804956 -14.731629 25.204800
v 3.469867 -15.526270 24.569839
v 2.588628 -15.425159 24.383759
v 1.065608 -15.380819 23.984600
v -0.641610 -15.403850 23.504299
v -2.558222 -15.493001 22.923599
v -3.826289 -15.543590 22.602640
v -4.819341 -15.571460 22.378519
v -6.026194 -15.616899 22.047180
v -6.772022 -15.644650 21.913839
v 1.496227 -16.321859 21.357599
v 0.153223 -16.298889 20.968100
v -1.838185 -16.339729 20.364849
v -3.524066 -16.405170 19.884510
v -4.929533 -16.488350 19.508770
v -5.691327 -16.531700 19.393700
v -6.130292 -16.549829 19.407930
v -6.615186 -16.564569 19.406300
v -6.944431 -16.564089 19.491619
v -1.767717 -17.350990 17.670300
v -2.758852 -17.380220 17.415070
v -3.984097 -17.426380 17.116840
v -4.830331 -17.459749 16.981989
v -5.422729 -17.484779 16.953049
v -5.762815 -17.489189 17.033880
v -6.003963 -17.481289 17.163549
v -6.254745 -17.465300 17.298059
v -6.479642 -17.431110 17.481630
v -2.713539 -18.280380 14.960580
v -3.425339 -18.334890 14.773590
v -3.838697 -18.356150 14.753910
v -4.316243 -18.363289 14.764689
v -4.646852 -18.355209 14.849259
v -4.921346 -18.340549 14.969370
v -5.164225 -18.316780 15.121400
v -5.401242 -18.291349 15.279920
v -5.644923 -18.275080 15.411860
v -5.885387 -18.237190 15.594359
v -3.455549 -19.094139 12.842430
v -3.655881 -19.095001 12.906090
v -3.867640 -19.079550 13.003130
v -4.056409 -19.057220 13.115570
v -4.275888 -19.032520 13.237289
v -4.526779 -19.001539 13.380369
v -4.795133 -18.975220 13.518120
v -5.079006 -18.973770 13.599430
v -5.364158 -18.952250 13.729899
v -3.295736 -19.821430 11.172950
v -3.540514 -19.815369 11.219020
v -3.724240 -19.803850 11.278560
v -3.900899 -19.791599 11.336470
v -4.125254 -19.779129 11.398910
v -4.392333 -19.762470 11.477480
v -4.679068 -19.747650 11.556910
v -4.980744 -19.751740 11.594470
v -5.291004 -19.743370 11.663710
v -2.498993 -20.565300 9.424946
v -3.031614 -20.556540 9.451754
v -3.445613 -20.549730 9.476702
v -3.733870 -20.544920 9.499378
v -3.985959 -20.541439 9.518135
v -4.255942 -20.538420 9.537907
v -4.543558 -20.534050 9.563124
v -4.836195 -20.529039 9.592312
v -5.134024 -20.531000 9.606478
v -5.444872 -20.528660 9.632021
v -2.508541 -21.230309 7.669472
v -2.865733 -21.229219 7.674553
v -3.204226 -21.228760 7.678028
v -3.546553 -21.228470 7.681423
v -3.891372 -21.228060 7.685249
v -4.235413 -21.227169 7.691059
v -4.580898 -21.227539 7.694370
v -4.946553 -21.227160 7.699844
v -2.313232 -21.772890 5.863703
v -2.691774 -21.772589 5.864744
v -3.070935 -21.772270 5.865469
v -3.449896 -21.771980 5.865969
v -3.828379 -21.771589 5.866899
v -4.207645 -21.771269 5.867729
v -4.607082 -21.770880 5.869204
v -2.346862 -22.065079 4.154921
v -2.733198 -22.062580 4.159050
v -3.119555 -22.060080 4.162828
v -3.505956 -22.057549 4.166618
v -3.893322 -22.054920 4.170292
v -4.301902 -22.052290 4.173988
v -2.422012 -21.877060 2.533438
v -2.809164 -21.867069 2.541899
v -3.196829 -21.857050 2.550333
v -3.585753 -21.846739 2.558540
v -3.997582 -21.836540 2.566433
v -4.918241 -7.987106 0.821411
v -4.820394 -8.006229 0.576464
v -4.209626 -7.987038 0.821266
v -4.186514 -8.006175 0.576410
v -3.777410 -7.987003 0.821262
v -3.774989 -8.006151 0.576403
v -3.395404 -7.986986 0.821415
v -3.392614 -8.006147 0.576464
v -3.047687 -7.987071 0.822075
v -3.038229 -8.006289 0.576826
v -2.787540 -7.987583 0.823711
v -2.773381 -8.007030 0.577873
v -2.653173 -7.989077 0.825994
v -2.647716 -8.008942 0.579521
v -2.592601 -7.992016 0.826994
v -2.594705 -8.012074 0.580422
v -2.552862 -7.996881 0.824421
v -2.557547 -8.016724 0.578581
v 0.814838 -11.176680 50.538227
v 0.499061 -11.175759 50.515369
v 0.163062 -11.174820 50.466850
v -0.175948 -11.173949 50.405819
v -0.516499 -11.173269 50.343758
v -0.892970 -11.173030 50.258209
v -1.314692 -11.172919 50.150040
v -1.767041 -11.172810 50.039200
v -2.283892 -11.172649 49.894157
v -2.889363 -21.221350 1.039732
v -2.500756 -21.244530 1.028406
v -3.280152 -21.197849 1.050905
v -3.697765 -21.174410 1.062796
v 2.655298 -21.890190 -0.019953
v 3.107971 -22.050339 -0.030333
v 3.533921 -22.284489 0.140408
v 3.222687 -22.234549 0.147163
v 3.461435 -22.139189 -0.036739
v 3.812665 -22.302439 0.135729
v 3.765758 -22.189610 -0.041477
v 4.080649 -22.308800 0.131618
v 4.046772 -22.208679 -0.044670
v 4.344686 -22.308989 0.127758
v 4.356305 -22.211720 -0.046658
v 4.630077 -22.306789 0.124104
v 2.373362 -21.579220 -0.052336
v 2.829775 -21.765759 -0.062874
v 3.213582 -21.912840 -0.072216
v 3.527967 -21.987139 -0.077921
v 3.861139 -22.009380 -0.080204
v 2.661378 -21.421259 -0.070673
v 3.042421 -21.541950 -0.078421
v 3.404617 -21.587389 -0.081858
v 2.650247 -20.935659 -0.064093
v 3.037872 -20.980230 -0.067183
v 2.480802 -20.430029 -0.053204
v 2.884548 -20.482260 -0.056257
v 2.419207 -19.992790 -0.045458
v 2.847667 -20.071310 -0.048883
v 2.744626 -19.638739 -0.041500
v -2.480411 -13.549809 -0.096476
v -2.424246 -14.760799 -0.095102
v -2.439581 -13.562230 -0.095102
v -2.315778 -14.830279 -0.091963
v -2.596713 -12.266140 -0.096098
v -2.550651 -12.298329 -0.095074
v -2.526471 -12.300340 -0.093832
v -2.408713 -13.562079 -0.093836
v -2.503345 -12.301510 -0.092493
v -2.375028 -13.564019 -0.092447
v -2.466500 -12.321549 -0.091053
v -2.300034 -13.604850 -0.090300
v -2.911341 -10.752560 -0.094717
v -2.840479 -10.828390 -0.093788
v -2.814341 -10.842010 -0.092516
v -2.785035 -10.861760 -0.091166
v -2.714931 -10.942520 -0.089964
v -2.593205 -11.091539 -0.088961
v -2.399591 -12.375790 -0.089451
v -2.496809 -11.171360 -0.087765
v -2.338924 -12.402470 -0.087879
v -3.170513 -9.302105 -0.093580
v -3.125759 -9.338926 -0.092438
v -3.098752 -9.352039 -0.091106
v -3.051049 -9.397722 -0.089813
v -2.934200 -9.549124 -0.088835
v -2.749526 -9.801449 -0.088184
v -2.623012 -9.951236 -0.087156
v -2.551230 -9.996719 -0.085758
v -2.411860 -11.195539 -0.086334
v -2.956098 -8.609086 -0.094421
v -2.929236 -8.619732 -0.093224
v -2.905015 -8.627856 -0.091911
v -2.870874 -8.652193 -0.090567
v -2.796850 -8.738224 -0.089375
v -2.679473 -8.891530 -0.088366
v -2.606496 -8.976449 -0.087063
v -2.570821 -8.999302 -0.085493
v -2.533817 -9.019629 -0.083395
v -2.464175 -10.050650 -0.083893
v -2.638846 -8.402446 -0.094997
v -2.613048 -8.409710 -0.093889
v -2.587988 -8.417139 -0.092667
v -2.562199 -8.427036 -0.091349
v -2.526980 -8.452488 -0.090006
v -2.477194 -8.501340 -0.088675
v -2.444027 -8.526329 -0.087198
v -2.421052 -8.535644 -0.085604
v -2.395210 -8.545624 -0.083496
v -2.503967 -8.317747 -0.093725
v -2.477345 -8.324625 -0.092707
v -2.451416 -8.331753 -0.091574
v -2.426211 -8.339224 -0.090342
v -2.400792 -8.348381 -0.089025
v -2.373208 -8.361942 -0.087654
v -2.349343 -8.370968 -0.086205
v -2.327045 -8.378413 -0.084681
v -2.300117 -8.388176 -0.082651
v -2.480163 -8.251639 -0.090658
v -2.453768 -8.257736 -0.089731
v -2.428005 -8.264198 -0.088701
v -2.402920 -8.271061 -0.087572
v -2.378528 -8.278182 -0.086365
v -2.354563 -8.285753 -0.085081
v -2.331510 -8.292994 -0.083740
v -2.309077 -8.300253 -0.082327
v -2.481974 -8.193218 -0.081873
v -2.456213 -8.198548 -0.081062
v -2.431005 -8.204332 -0.080177
v -2.406375 -8.210577 -0.079237
v -2.382356 -8.217117 -0.078194
v -2.358964 -8.223839 -0.077040
v -2.336188 -8.230761 -0.075838
v -2.313988 -8.237833 -0.074587
v -2.484446 -8.139570 -0.031708
v -2.459225 -8.144596 -0.031097
v -2.434496 -8.150078 -0.030670
v -2.410236 -8.156103 -0.030363
v -2.386669 -8.162455 -0.029779
v -2.363886 -8.169049 -0.028786
v -2.341701 -8.175915 -0.027798
v -2.320001 -8.182979 -0.026922
v -2.478670 -8.085573 0.173456
v -2.453266 -8.091614 0.173471
v -2.428308 -8.098324 0.172249
v -2.403800 -8.105665 0.170351
v -2.380520 -8.113129 0.169416
v -2.358754 -8.120628 0.169897
v -2.337835 -8.128510 0.170315
v -2.317314 -8.136837 0.169971
v 4.410289 -11.351740 49.802490
v 4.396636 -11.741570 46.998138
v 3.913750 -11.341200 49.826180
v 3.918632 -11.712190 46.992569
v 3.576938 -11.325809 49.912888
v 3.560763 -11.672740 47.058918
v 3.261417 -11.307420 50.017620
v 3.217235 -11.627709 47.148449
v 2.952571 -11.289539 50.118610
v 2.882700 -11.583560 47.230667
v 2.648810 -11.272940 50.199249
v 2.551465 -11.540720 47.294991
v 2.334027 -11.256180 50.210091
v 2.211627 -11.496270 47.347321
v 1.977154 -11.237420 50.027828
v 1.846416 -11.448090 47.367409
v 1.588119 -11.220429 49.658798
v 1.467913 -11.403110 47.327930
v 4.731654 -12.320840 44.248299
v 4.275052 -12.282809 44.222950
v 3.912491 -12.224730 44.295071
v 3.559804 -12.161770 44.383480
v 3.211904 -12.099490 44.462090
v 2.858676 -12.036300 44.530968
v 2.497764 -11.969239 44.605648
v 2.127883 -11.897300 44.693569
v 1.756871 -11.826230 44.775021
v 5.286054 -12.949349 41.613400
v 4.804568 -12.908919 41.553288
v 4.433127 -12.839499 41.625530
v 4.073715 -12.766270 41.710720
v 3.717110 -12.692160 41.791660
v 3.356099 -12.615590 41.873489
v 2.993994 -12.535870 41.963230
v 2.633723 -12.453390 42.059849
v 2.274512 -12.370440 42.155418
v 5.935037 -13.601009 39.028118
v 5.403451 -13.520550 38.978649
v 5.014232 -13.437989 39.050690
v 4.643348 -13.355370 39.133598
v 4.274352 -13.271060 39.214581
v 3.906906 -13.185050 39.297638
v 3.545647 -13.098050 39.386070
v 3.192041 -13.010340 39.476700
v 2.842837 -12.922001 39.567028
v 6.636844 -14.250370 36.463299
v 6.011067 -14.103550 36.476410
v 5.598093 -14.002749 36.558201
v 5.213078 -13.909289 36.638168
v 4.827642 -13.814739 36.712521
v 4.449505 -13.720309 36.787701
v 4.085826 -13.627470 36.867489
v 3.736601 -13.535890 36.950661
v 3.396295 -13.443930 37.036240
v 7.168005 -14.835390 34.037018
v 6.515514 -14.646210 34.048328
v 6.093833 -14.530720 34.114559
v 5.696190 -14.424570 34.179718
v 5.297778 -14.318250 34.240440
v 4.914974 -14.215509 34.305851
v 4.555865 -14.118110 34.378731
v 4.217041 -14.024110 34.456589
v 3.890396 -13.929959 34.538609
v 7.456176 -15.418489 31.696758
v 6.846418 -15.191190 31.685349
v 6.441992 -15.053940 31.720989
v 6.056833 -14.929470 31.759760
v 5.670809 -14.807170 31.797979
v 5.302729 -14.693399 31.846560
v 4.957887 -14.589359 31.907139
v 4.630221 -14.490109 31.974739
v 4.315636 -14.390820 32.049221
v 7.576628 -16.044489 29.447010
v 7.025723 -15.789249 29.427139
v 6.660671 -15.629889 29.427219
v 6.313016 -15.482909 29.430729
v 5.960229 -15.338659 29.435289
v 5.617912 -15.205230 29.452509
v 5.290688 -15.084029 29.485270
v 4.973024 -14.968530 29.527779
v 4.660661 -14.852530 29.579590
v 7.653543 -16.677490 27.250599
v 7.141354 -16.416960 27.222399
v 6.804744 -16.250250 27.200659
v 6.488207 -16.094469 27.185019
v 6.167575 -15.939139 27.170069
v 5.849592 -15.788110 27.161659
v 5.537052 -15.643040 27.162119
v 5.224834 -15.501269 27.166119
v 4.904548 -15.358060 27.177370
v 7.736491 -17.278219 25.032598
v 7.252268 -17.026239 24.996159
v 6.930912 -16.862120 24.966539
v 6.624686 -16.705441 24.941790
v 6.314830 -16.546249 24.918060
v 6.005048 -16.385389 24.899818
v 5.697027 -16.226650 24.883980
v 5.378326 -16.074379 24.856110
v 5.029396 -15.923130 24.836899
v 7.796394 -17.817001 22.762390
v 7.325362 -17.571529 22.717119
v 7.009737 -17.408760 22.685110
v 6.702260 -17.250780 22.654270
v 6.389866 -17.090069 22.624350
v 6.072776 -16.929001 22.594370
v 5.730892 -16.778481 22.526810
v 5.277144 -16.650869 22.392979
v 4.652183 -16.527899 22.301319
v 7.666968 -18.272539 20.367159
v 7.152347 -18.033220 20.282400
v 6.827060 -17.874830 20.244019
v 6.516458 -17.722589 20.210499
v 6.192214 -17.570650 20.171879
v 5.828266 -17.428919 20.087320
v 5.320109 -17.329260 19.828459
v 4.363400 -17.294270 19.387619
v 2.943858 -17.263929 19.112440
v 6.957900 -18.668480 17.544699
v 6.277681 -18.470020 17.309170
v 5.911643 -18.351400 17.229330
v 5.590545 -18.240259 17.184290
v 5.230091 -18.133900 17.122940
v 4.775043 -18.050730 16.957340
v 4.022467 -18.037260 16.504040
v 2.427570 -18.116049 15.824659
v 5.633691 -19.151840 14.251100
v 4.759878 -19.039190 13.834060
v 4.339937 -18.998730 13.701990
v 4.007888 -18.964479 13.652369
v 3.634163 -18.932850 13.607349
v 3.169555 -18.910339 13.520610
v 2.399537 -18.919680 13.293190
v 4.537554 -19.811729 11.543139
v 3.755679 -19.757969 11.250330
v 3.373064 -19.753479 11.178570
v 3.048451 -19.753410 11.154349
v 2.674501 -19.755079 11.132589
v 3.475938 -20.555059 9.481697
v 2.764475 -20.536760 9.381937
v 2.343521 -20.539129 9.364418
v 3.165861 -21.237459 7.663626
v 2.511936 -21.232319 7.640364
v 3.154431 -21.786289 5.849045
v 2.524035 -21.784420 5.846533
v 3.440333 -22.164879 4.049540
v 2.828628 -22.161310 4.064077
v 4.060542 -22.329260 2.303587
v 3.490139 -22.323450 2.333818
v 2.426132 -22.159809 4.069830
v 3.122411 -22.321089 2.347116
v -2.455482 -8.019227 0.815128
v -2.462937 -8.036926 0.573029
v -2.428197 -8.028725 0.812014
v -2.436397 -8.045289 0.571552
v -2.401428 -8.039793 0.804882
v -2.410265 -8.054937 0.566923
v -2.375652 -8.051700 0.795998
v -2.384813 -8.065411 0.560785
v -2.352551 -8.063076 0.789715
v -2.361597 -8.075552 0.556791
v -2.332544 -8.073683 0.786974
v -2.341084 -8.085157 0.555830
v -2.314132 -8.084675 0.784250
v -2.321936 -8.095167 0.554811
v 4.650704 -11.218780 51.780067
v 4.148651 -11.216070 51.898670
v 3.819706 -11.211539 52.047668
v 3.523926 -11.205990 52.202599
v 3.233074 -11.200620 52.351627
v 2.940970 -11.195809 52.456978
v 2.624793 -11.191080 52.390789
v 2.249525 -11.185539 51.963108
v 1.831259 -11.180540 51.261189
v 4.398756 -22.350090 0.814024
v 4.097461 -22.351030 0.822176
v 2.778021 -22.319180 2.357981
v 3.814450 -22.351799 0.829628
v 2.433489 -22.317200 2.369081
v 3.530663 -22.351950 0.837179
v 2.851180 -22.143770 0.157379
v 2.958698 -22.344509 0.853338
v 2.657370 -22.326880 0.862988
v 3.245843 -22.350910 0.844948
v -2.303095 -8.106131 0.551743
v 19.029629 -18.967499 28.352320
v 19.896250 -19.342300 27.541759
v 16.401239 -15.902849 32.133518
v 16.429770 -17.843090 30.784010
v 22.468489 -20.042669 25.424929
v 27.487089 -20.933739 21.705210
v 19.712929 -18.005539 27.816309
v 17.296389 -18.217890 29.973450
v 17.229160 -16.617729 31.054218
v 13.105499 -21.938400 -0.060171
v 12.952840 -22.083019 0.072172
v 13.289330 -21.689459 -0.086765
v 13.452040 -21.210289 -0.095833
v 13.579740 -20.484119 -0.098736
v 13.724420 -19.749159 -0.099022
v 13.964869 -19.173309 -0.098057
v 14.349689 -18.741779 -0.095901
v 14.841640 -18.372719 -0.093031
v 15.283469 -18.061460 -0.089455
v 15.613600 -17.789970 -0.085354
v 15.904150 -17.569689 -0.080826
v 16.142750 -17.365129 -0.076130
v 16.195690 -17.104410 -0.070967
v 16.023430 -16.725189 -0.065201
v 15.982730 -16.521650 -0.060392
v 16.032619 -16.444040 -0.055874
v 16.053259 -16.393909 -0.050629
v 15.819969 -16.259670 -0.042036
v 9.053809 -13.287950 0.032217
v 14.681001 -15.742049 -0.018404
v 5.829616 -11.829630 0.177174
v 12.593570 -14.809390 0.032429
v 14.443490 -14.133510 35.420151
v 14.190109 -11.419109 39.764668
v 15.439429 -17.650179 31.775888
v 16.429909 -20.298399 29.324959
v 17.005980 -21.524460 27.404240
v 17.088739 -22.185749 25.491360
v 16.950809 -22.673849 23.406649
v 16.766319 -23.053169 21.221779
v 16.581829 -23.313709 18.996880
v 16.412189 -23.439859 16.757570
v 16.278419 -23.425730 14.508229
v 16.173679 -23.282320 12.248389
v 16.057049 -23.022449 9.974503
v 15.763929 -22.677120 7.578558
v 15.121440 -22.367199 4.971643
v 14.320359 -22.191120 2.443190
v 13.906240 -22.056040 0.727951
v 15.345280 -22.116440 2.657686
v 16.189209 -22.433340 5.218718
v 16.727880 -22.853420 7.732880
v 16.911810 -23.253040 10.042080
v 16.976309 -23.544010 12.290150
v 17.050119 -23.710299 14.549080
v 17.169149 -23.749559 16.809790
v 17.337919 -23.651409 19.058899
v 17.531830 -23.416929 21.281900
v 17.709749 -23.049379 23.446579
v 17.805990 -22.554140 25.470200
v 17.625780 -21.911209 27.238708
v 17.064470 -20.943789 28.761660
v 16.279589 -19.509619 30.204849
v 14.120450 -21.752560 -0.056095
v 13.914459 -21.919800 0.084362
v 14.396480 -21.501410 -0.083670
v 14.663520 -21.055040 -0.093945
v 14.856480 -20.333439 -0.098352
v 15.008650 -19.491329 -0.099543
v 15.230109 -18.752790 -0.099304
v 15.596530 -18.238569 -0.098078
v 16.031900 -17.893360 -0.095827
v 16.386190 -17.657799 -0.092558
v 16.628090 -17.486799 -0.088491
v 16.797449 -17.354240 -0.083950
v 16.932440 -17.241409 -0.079195
v 17.019279 -17.142630 -0.074368
v 17.049740 -17.033100 -0.069521
v 17.102940 -16.960329 -0.065031
v 17.161699 -16.905010 -0.060694
v 17.205400 -16.859989 -0.056116
v 17.190079 -16.811800 -0.050722
v 16.889790 -16.662809 -0.041933
v 16.074259 -16.303680 -0.024599
v 11.554390 -10.408090 43.953228
v 18.711430 -16.645269 28.799170
v 18.885010 -17.542940 28.895609
v 18.057089 -17.080330 29.974918
v 16.719379 -16.340729 30.928329
v 17.383400 -16.274059 30.805059
v 18.047409 -16.459669 29.508890
v 14.932930 -14.638909 34.598488
v 15.911799 -15.649719 32.955177
v 15.422359 -15.144310 33.776840
v 14.929290 -13.643530 34.385609
v 13.621730 -10.296240 41.925030
v 2.300000 -10.212930 0.457012
v 2.300000 -10.248640 0.202686
v -2.300000 -20.708439 9.047554
v -2.300000 -20.567789 9.415558
v -2.300000 -20.235350 10.171700
v -2.300000 -18.890049 13.355989
v -2.147028 -18.252460 15.110310
v -0.388123 -17.862780 16.558809
v 2.300000 -10.274750 0.041912
v 2.300000 -10.281580 0.031984
v 2.300000 -10.309660 -0.019535
v 2.300000 -10.358769 -0.034883
v 2.300000 -10.457500 -0.040937
v 2.300000 -10.764750 -0.045332
v 2.300000 -11.585050 -0.053110
v 2.300000 -12.880480 -0.064545
v 2.300000 -13.975940 -0.071152
v 2.300000 -14.940920 -0.072683
v 2.300000 -16.175180 -0.067312
v 2.300000 -16.217340 -0.066969
v 2.300000 -17.804850 -0.051784
v 2.300000 -18.250870 -0.047497
v -2.300000 -16.656759 -0.082644
v -2.300000 -16.225359 -0.087816
v -2.300000 -20.616970 0.093197
v -2.300000 -20.826880 0.300400
v -2.300000 -20.462420 0.026112
v -2.300000 -20.419489 0.017319
v -2.300000 -20.291470 -0.008406
v -2.300000 -20.005400 -0.023748
v -2.300000 -19.975060 -0.024067
v -2.300000 -19.483509 -0.028442
v -2.300000 -18.685780 -0.040342
v -2.300000 -18.380440 -0.046869
v -2.300000 -17.383509 -0.071226
v -2.300000 -17.308500 -0.073118
v -2.300000 -21.074690 8.080820
v -2.300000 -21.231779 7.665386
v -2.300000 -21.426710 7.015652
v -2.300000 -21.772909 5.863646
v -2.300000 -21.783960 5.799372
v -2.300000 -22.065380 4.154293
v -2.300000 -22.038330 3.909643
v -2.300000 -21.880289 2.530619
v -2.300000 -21.636250 1.933920
v -2.300000 -21.256729 1.022671
v 2.300000 -21.967709 0.173515
v 2.300000 -21.960859 0.168522
v 2.323315 -21.975479 0.172823
v 2.300000 -21.798050 0.033857
v 2.300000 -21.754860 -0.010237
v 2.300000 -21.659950 -0.028343
v 2.300000 -21.548399 -0.050714
v 2.300000 -21.521189 -0.052015
v 2.300000 -21.321510 -0.059956
v 2.300000 -21.272079 -0.062078
v 2.300000 -20.908459 -0.060062
v 2.300000 -20.858130 -0.059393
v 2.300000 -20.399700 -0.051516
v 2.300000 -19.970320 -0.044367
v 2.300000 -19.696539 -0.042269
v 2.300000 -19.496510 -0.040091
v -2.300000 -16.017990 -0.089535
v 2.300000 -19.011309 -0.041180
v 2.300000 -18.923670 -0.041229
v -2.300000 -15.464720 -0.090714
v -2.300000 -14.882339 -0.091503
v -2.300000 -14.836360 -0.091570
v -2.300000 -14.379519 -0.091406
v -2.300000 -13.986720 -0.091053
v -2.300000 -13.604970 -0.090300
v -2.300000 -13.604870 -0.090300
v -2.300000 -12.912200 -0.088486
v -2.300000 -12.564409 -0.087463
v -2.300000 -12.422029 -0.087164
v -2.300000 -11.943590 -0.085985
v -2.300000 -11.254100 -0.084661
v -2.300000 -11.146239 -0.084349
v -2.300000 -10.172880 -0.082567
v -2.300000 -9.178707 -0.078814
v -2.300000 -8.594099 -0.080000
v -2.300000 -8.388229 -0.082645
v -2.300000 -8.303503 -0.081671
v -2.300000 -8.387676 -0.082636
v -2.300000 -8.242856 -0.073608
v -2.300000 -8.190367 -0.025797
v -2.300000 -8.144541 0.169668
v 0.930468 -17.955170 16.395760
v 1.801134 -18.135160 15.731790
v 2.083319 -18.293320 15.235350
v 2.300000 -18.923319 13.272650
v -2.300000 -19.039129 12.910419
v 2.300000 -19.758230 11.116779
v 2.300000 -19.633549 11.467879
v 2.300000 -18.992779 13.102830
v -2.300000 -19.814619 11.108450
v 2.300000 -20.539520 9.363430
v 2.300000 -20.293539 9.923298
v 2.300000 -20.019129 10.536660
v 2.300000 -20.655960 9.073647
v 2.300000 -21.232920 7.638298
v 2.300000 -21.784359 5.846285
v 2.300000 -22.011290 4.772398
v 2.300000 -22.159349 4.071531
v 2.300000 -22.214180 3.479506
v 2.300000 -22.289299 2.667013
v 2.300000 -22.316479 2.373568
v -2.300000 -8.102192 0.649538
v -2.300000 -8.108136 0.550922
v 2.300000 -22.321850 2.099318
v 2.300000 -22.327888 1.687456
v 2.300000 -22.322760 1.301071
v 2.300000 -22.274189 0.874752
v 2.300000 -22.145859 0.576950
v -2.409708 -8.150076 16.526440
v -1.232281 -7.982413 16.503279
v -0.054854 -7.814751 16.480110
v 1.122573 -7.647089 16.456949
v 2.005643 -7.521342 16.439579
v 2.300000 -7.479426 16.433790
v -2.393779 -8.139177 13.902740
v -2.377849 -8.128275 11.279039
v -2.361920 -8.117376 8.655344
v -2.345991 -8.106475 6.031647
v -2.330061 -8.095577 3.407948
v -2.303533 -18.431389 2.094025
v -2.307066 -14.982480 1.657434
v -2.310599 -11.533580 1.220842
v 2.300000 -8.390596 11.108190
v 2.300000 -9.757349 3.119806
v 18.163010 -18.592699 29.162889
v 17.424730 -15.849540 30.680220
v 16.742409 -15.885079 31.649090
v 17.083570 -15.867310 31.164650
v 17.765890 -15.831770 30.195780
v 15.965090 -15.053809 32.313530
v 15.919960 -14.629290 32.651268
v 15.297279 -14.208360 33.822590
v 15.665259 -14.773190 33.259567
v 16.033249 -15.338019 32.696548
v 15.516780 -14.545489 33.692810
v 15.210799 -14.271430 33.698719
v 15.492320 -14.899329 33.011829
v 15.773840 -15.527229 32.324940
v 14.192500 -10.597380 39.425179
v 14.931680 -12.821799 34.046127
v 15.640289 -14.155190 33.423111
v 16.524759 -15.512549 31.863829
v 15.633929 -14.175910 33.423111
vn -0.2765 -0.5929 0.7563
vn -0.2213 -0.6100 0.7609
vn 0.8748 -0.2989 0.3813
vn 0.8968 -0.2823 0.3406
vn 0.1199 0.9925 0.0225
vn -0.5501 -0.6273 0.5512
vn 0.8536 0.2230 0.4708
vn 0.7894 0.3703 0.4896
vn 0.1711 -0.9322 0.3188
vn 0.1747 -0.9330 0.3147
vn 0.2767 0.9606 0.0253
vn 0.2632 0.9632 0.0540
vn 0.2677 0.9606 0.0743
vn 0.2457 0.9626 0.1139
vn 0.2471 0.9609 0.1249
vn 0.3688 -0.8658 0.3381
vn 0.4026 -0.8446 0.3530
vn 0.3082 -0.8786 0.3648
vn 0.7924 -0.4864 0.3683
vn 0.7306 -0.5583 0.3931
vn 0.9396 -0.1465 0.3094
vn 0.9284 0.2902 0.2320
vn 0.9282 0.2917 0.2311
vn 0.6097 0.4164 0.6745
vn 0.4501 -0.6296 0.6333
vn 0.5277 -0.5685 0.6312
vn 0.5146 -0.5833 0.6284
vn 0.6991 0.2893 0.6539
vn 0.6960 0.2586 0.6698
vn 0.7333 0.3930 0.5548
vn 0.5154 -0.6394 0.5706
vn 0.7148 -0.4433 0.5409
vn 0.5037 -0.6913 0.5181
vn 0.6269 -0.5820 0.5179
vn 0.5468 -0.6433 0.5359
vn 0.8546 0.2362 0.4625
vn 0.8735 0.3252 0.3623
vn 0.7716 0.6348 0.0416
vn 0.1449 -0.9397 0.3097
vn 0.1440 -0.9400 0.3094
vn 0.1439 -0.9400 0.3094
vn 0.1437 -0.9400 0.3093
vn 0.1435 -0.9401 0.3093
vn 0.1434 -0.9401 0.3094
vn 0.1034 -0.9395 0.3267
vn 0.4052 0.8372 0.3673
vn 0.4044 0.8537 0.3280
vn 0.4531 0.8313 0.3220
vn 0.4889 0.8366 0.2472
vn 0.4901 0.8324 0.2585
vn 0.5334 0.8204 0.2061
vn 0.5503 0.8209 0.1527
vn 0.5477 0.8254 0.1370
vn 0.5794 0.8100 0.0907
vn 0.5820 0.8114 0.0533
vn 0.5821 0.8114 0.0531
vn 0.6389 0.7680 -0.0438
vn 0.5823 0.8117 0.0441
vn -0.6298 -0.6158 0.4736
vn -0.6271 -0.6118 0.4821
vn -0.6741 -0.6304 0.3850
vn -0.7233 -0.6163 0.3115
vn -0.7775 -0.5791 0.2452
vn -0.6944 -0.6441 0.3207
vn 1.0000 -0.0000 -0.0000
vn 0.1012 0.9936 0.0498
vn 0.2419 0.9669 -0.0807
vn 0.3518 0.8901 -0.2897
vn 0.3196 0.9434 -0.0885
vn 0.3644 0.9312 0.0061
vn 0.4289 0.9011 -0.0641
vn 0.3416 0.9306 -0.1315
vn 0.3586 0.9303 -0.0772
vn 0.4498 0.8931 0.0050
vn 0.4393 0.8979 0.0265
vn 0.5674 0.8142 -0.1234
vn 0.5425 0.8392 -0.0377
vn 0.1956 -0.8705 0.4517
vn 0.2745 -0.7722 0.5731
vn 0.3052 -0.6571 0.6893
vn 0.9904 0.1328 -0.0390
vn 0.9074 0.4120 0.0833
vn 0.9104 0.3720 0.1811
vn 0.8286 0.5491 -0.1093
vn 0.7532 0.6424 -0.1414
vn 0.7842 0.6195 -0.0353
vn 0.9000 -0.3413 0.2710
vn 0.8059 -0.5303 0.2632
vn 0.8075 -0.4561 0.3741
vn -0.2271 -0.8699 0.4378
vn 0.8582 -0.4431 0.2590
vn 0.9197 -0.3619 0.1523
vn 0.8715 -0.4374 0.2219
vn 0.8124 -0.5587 0.1667
vn -0.2034 -0.8764 0.4364
vn 0.2271 0.9731 -0.0391
vn 0.2774 0.9607 0.0066
vn 0.2238 0.9731 -0.0551
vn 0.2001 0.9798 0.0024
vn 0.1888 0.9813 -0.0366
vn 0.2663 0.9637 -0.0185
vn 0.2754 0.9613 -0.0081
vn -0.2650 -0.9270 0.2655
vn -0.2992 -0.9273 0.2250
vn -0.2998 -0.9280 0.2210
vn -0.3246 -0.9275 0.1854
vn -0.3248 -0.9280 0.1827
vn -0.3431 -0.9276 0.1477
vn -0.3430 -0.9279 0.1460
vn -0.3560 -0.9277 0.1122
vn -0.3559 -0.9279 0.1113
vn 0.9207 0.3750 -0.1082
vn -0.6946 -0.6998 0.1668
vn -0.1926 -0.8635 0.4661
vn 0.1259 -0.5480 0.8270
vn 0.1833 -0.6923 0.6979
vn 0.2396 -0.7247 0.6461
vn 0.3300 -0.7194 0.6112
vn 0.0436 -0.7847 0.6184
vn -0.1495 -0.8515 0.5026
vn -0.3957 -0.9000 0.1828
vn -0.4031 -0.9021 0.1539
vn -0.3805 -0.9247 -0.0117
vn 0.2491 -0.6247 0.7401
vn 0.3379 -0.8062 0.4858
vn 0.7485 -0.5876 0.3074
vn 0.4964 -0.6812 0.5381
vn 0.9644 -0.1841 0.1900
vn 0.9985 -0.0541 0.0059
vn 0.9407 -0.0992 0.3245
vn 0.9400 -0.0905 0.3288
vn 0.4868 -0.5134 0.7067
vn 0.8262 -0.3875 0.4089
vn -0.3666 -0.9273 0.0757
vn 0.8762 -0.1650 0.4529
vn -0.3647 -0.9278 0.0785
vn 0.2002 -0.5681 0.7983
vn 0.1787 -0.9140 0.3642
vn -0.1871 -0.7481 0.6367
vn 0.8345 -0.2209 0.5048
vn 0.8942 -0.2304 0.3839
vn 0.9410 0.3362 -0.0394
vn 0.9845 0.1730 -0.0290
vn 0.9969 0.0655 -0.0435
vn 0.9906 0.1365 -0.0133
vn 0.9999 0.0052 0.0102
vn -0.7049 -0.6943 0.1452
vn 0.9614 0.2549 0.1035
vn 0.9998 0.0026 0.0190
vn 0.9902 0.1392 -0.0105
vn 0.9923 0.1212 -0.0265
vn 0.7042 -0.0614 0.7073
vn 0.7240 -0.0803 0.6852
vn 0.6984 -0.0671 0.7126
vn 0.7075 -0.1746 0.6848
vn 0.6876 -0.2029 0.6972
vn 0.6897 -0.3567 0.6302
vn 0.6601 -0.2900 0.6929
vn 0.7391 -0.2969 0.6046
vn 0.6596 -0.2924 0.6924
vn 0.7136 -0.4679 0.5214
vn 0.5224 -0.7449 0.4149
vn 0.5624 -0.6222 0.5446
vn 0.5389 -0.6398 0.5479
vn -0.1650 -0.6948 0.7000
vn -0.1722 -0.7020 0.6910
vn -0.2966 -0.6660 0.6845
vn -0.3184 -0.6729 0.6677
vn -0.4357 -0.6286 0.6442
vn -0.4551 -0.6282 0.6311
vn -0.6629 -0.3759 0.6475
vn -0.5342 -0.5139 0.6712
vn -0.4992 -0.6102 0.6152
vn -0.6978 -0.0775 0.7121
vn -0.9061 -0.3124 -0.2852
vn -0.7173 -0.1574 0.6788
vn -0.5740 -0.0708 0.8158
vn -0.6710 -0.1833 0.7184
vn -0.6809 -0.2819 0.6759
vn -0.6374 -0.3847 0.6676
vn -0.7220 -0.4328 0.5398
vn -0.0000 -1.0000 -0.0000
vn 0.1152 0.9932 -0.0195
vn 0.1240 0.9923 -0.0007
vn -0.0700 0.9918 -0.1072
vn -0.0679 0.9915 -0.1110
vn -0.0428 0.9916 -0.1223
vn -0.0421 0.9915 -0.1231
vn -0.0146 0.9916 -0.1288
vn -0.0142 0.9915 -0.1291
vn 0.0142 0.9916 -0.1289
vn 0.0146 0.9915 -0.1291
vn 0.0421 0.9915 -0.1231
vn 0.0428 0.9916 -0.1223
vn 0.0684 0.9915 -0.1108
vn 0.2103 0.9718 -0.1065
vn 0.0453 0.9962 -0.0740
vn -0.1653 0.9857 -0.0324
vn -0.1740 0.9846 -0.0134
vn 0.1215 -0.4376 0.8909
vn -0.7824 -0.2746 0.5590
vn 0.6407 -0.1897 0.7439
vn 0.4666 -0.1700 0.8680
vn -0.8758 -0.1193 0.4677
vn -0.9419 -0.0290 0.3346
vn -0.9712 0.0102 0.2379
vn -0.7445 -0.1340 0.6540
vn -0.3531 -0.2100 0.9117
vn 0.1107 -0.0000 0.9939
vn 0.5562 -0.0718 0.8279
vn 0.3573 0.1461 0.9225
vn 0.7511 0.0251 0.6598
vn 0.9711 -0.0206 0.2379
vn 0.8484 -0.1308 0.5129
vn 0.8678 -0.1355 0.4780
vn -0.4048 -0.2260 0.8860
vn -0.7133 -0.0606 0.6982
vn -0.5534 -0.1223 0.8239
vn -0.1084 -0.2059 0.9725
vn -0.2138 -0.3761 0.9016
vn 0.7824 -0.2747 0.5590
vn -0.0155 0.9904 -0.1370
vn 0.0155 0.9904 -0.1370
vn -0.0915 -0.9256 0.3674
vn -0.0996 -0.9289 0.3567
vn -0.1623 -0.9261 0.3405
vn -0.9998 -0.0147 0.0148
vn 0.9471 -0.1894 -0.2592
vn 0.7276 -0.0000 0.6860
vn 0.7263 -0.0001 0.6873
vn 0.6954 0.0004 0.7186
vn 0.7154 0.0023 0.6987
vn 0.6999 -0.0000 0.7142
vn 0.6316 -0.0025 0.7753
vn 0.6148 -0.0066 0.7886
vn 0.5668 0.0014 0.8238
vn 0.4716 0.0088 0.8818
vn 0.4265 -0.0013 0.9045
vn 0.4858 -0.0016 0.8741
vn 0.4919 -0.0000 0.8707
vn 0.4416 -0.0334 0.8966
vn 0.4167 -0.0607 0.9070
vn 0.4558 -0.0005 0.8901
vn 0.3555 0.0001 0.9347
vn 0.3920 0.0027 0.9200
vn 0.3658 0.0391 0.9299
vn 0.3227 -0.0091 0.9464
vn 0.2724 -0.0484 0.9610
vn 0.2800 -0.0362 0.9593
vn 0.1562 0.0280 0.9873
vn 0.0944 -0.0478 0.9944
vn -0.0000 0.0338 0.9994
vn -0.0944 -0.0478 0.9944
vn -0.1562 0.0280 0.9873
vn -0.2684 -0.0301 0.9628
vn -0.3746 -0.1566 0.9139
vn -0.2802 -0.0141 0.9598
vn -0.3741 0.0025 0.9274
vn -0.4836 -0.0000 0.8753
vn -0.4716 0.0088 0.8818
vn -0.4281 -0.0103 0.9037
vn -0.4896 -0.0015 0.8719
vn -0.4557 -0.0242 0.8898
vn -0.5389 0.0003 0.8424
vn -0.6557 -0.0202 0.7547
vn -0.6148 -0.0038 0.7886
vn -0.6951 0.0004 0.7190
vn -0.7274 -0.0001 0.6862
vn -0.7263 -0.0000 0.6874
vn -0.0000 1.0000 -0.0000
vn -0.3276 -0.0000 0.9448
vn -0.3275 -0.0000 0.9448
vn -0.0796 -0.0000 0.9968
vn -0.0795 -0.0000 0.9968
vn 0.1736 -0.0000 0.9848
vn 0.4153 -0.0000 0.9097
vn 0.6303 -0.0000 0.7763
vn 0.8050 -0.0000 0.5932
vn 0.8051 -0.0000 0.5932
vn 0.9283 -0.0000 0.3718
vn 0.9284 -0.0000 0.3717
vn 0.9920 -0.0000 0.1265
vn 0.9920 -0.0000 0.1264
vn 0.3275 -0.0000 0.9448
vn 0.0796 -0.0000 0.9968
vn -0.1736 -0.0000 0.9848
vn -0.4153 -0.0000 0.9097
vn -0.6303 -0.0000 0.7763
vn -0.6303 -0.0000 0.7764
vn -0.8050 -0.0000 0.5932
vn -0.9283 -0.0000 0.3718
vn -0.9920 -0.0000 0.1265
vn 0.3232 0.1620 0.9324
vn 0.1810 0.3289 0.9268
vn 0.1844 0.3297 0.9259
vn 0.0785 0.1685 0.9826
vn -0.1595 0.3952 0.9047
vn -0.0453 0.9315 0.3608
vn -0.1746 0.8634 0.4734
vn -0.4006 0.2640 0.8774
vn -0.3237 0.3520 0.8782
vn -0.2226 0.9205 0.3212
vn -0.5801 0.3913 0.7145
vn -0.7806 0.2446 0.5752
vn -0.6943 0.3619 0.6221
vn -0.2605 0.9345 0.2427
vn -0.2707 0.9316 0.2425
vn -0.3350 0.9210 0.1988
vn -0.8563 0.3863 0.3429
vn -0.3237 0.9400 0.1076
vn -0.3641 0.9270 0.0905
vn -0.9670 0.2231 0.1233
vn -0.9755 0.1940 0.1040
vn -0.8143 0.5441 0.2023
vn -0.5473 0.8190 -0.1725
vn -0.1950 0.9806 0.0209
vn -0.3233 0.1611 0.9325
vn -0.0783 0.1789 0.9808
vn -0.1834 0.3286 0.9265
vn -0.1848 0.3284 0.9263
vn 0.1593 0.3968 0.9040
vn 0.3866 0.3654 0.8468
vn 0.3286 0.3081 0.8928
vn 0.0393 0.9309 0.3631
vn 0.1814 0.8603 0.4765
vn 0.2226 0.9205 0.3211
vn 0.5802 0.3907 0.7146
vn 0.2666 0.9312 0.2484
vn 0.2664 0.9336 0.2396
vn 0.7469 0.3731 0.5504
vn 0.7083 0.3041 0.6371
vn 0.3350 0.9210 0.1988
vn 0.8564 0.3859 0.3430
vn 0.3568 0.9266 0.1186
vn 0.3223 0.9460 0.0346
vn 0.1943 0.9768 -0.0898
vn 0.5503 0.8236 0.1371
vn 0.9247 0.3032 0.2304
vn 0.8167 0.5457 -0.1880
vn 0.9732 0.1936 0.1241
vn 0.3274 0.0311 0.9444
vn 0.0782 -0.1844 0.9797
vn 0.0250 -0.1189 0.9926
vn -0.1667 -0.2798 0.9455
vn -0.1961 -0.2753 0.9411
vn -0.3827 -0.3885 0.8382
vn -0.6124 -0.2370 0.7542
vn -0.6467 -0.3297 0.6878
vn -0.1074 -0.9364 0.3341
vn -0.2088 -0.9239 0.3207
vn -0.2957 -0.8938 0.3371
vn -0.3453 -0.8655 0.3630
vn -0.3200 -0.9224 0.2163
vn -0.7415 -0.3896 0.5464
vn -0.3466 -0.9248 0.1566
vn -0.3363 -0.9377 0.0875
vn -0.2988 -0.9540 0.0254
vn -0.1946 -0.9783 -0.0718
vn -0.5491 -0.8217 0.1526
vn -0.9095 -0.2005 0.3642
vn -0.9022 -0.3511 0.2507
vn -0.8166 -0.5457 -0.1880
vn -0.9732 -0.1936 0.1241
vn 0.5576 -0.0000 0.8301
vn 0.1108 -0.0000 0.9938
vn 0.1107 -0.0000 0.9938
vn -0.3611 -0.0000 0.9325
vn -0.7513 -0.0000 0.6599
vn -0.7513 -0.0000 0.6600
vn -0.9713 -0.0000 0.2380
vn -0.5576 -0.0000 0.8301
vn -0.1109 -0.0000 0.9938
vn -0.1108 -0.0000 0.9938
vn 0.3611 -0.0000 0.9325
vn 0.7513 -0.0000 0.6600
vn 0.9713 -0.0000 0.2380
vn -0.5202 -0.2588 0.8139
vn -0.5563 -0.0692 0.8281
vn -0.5763 -0.1463 0.8040
vn -0.5729 -0.1418 0.8073
vn -0.5029 -0.1016 0.8583
vn -0.5349 -0.1697 0.8277
vn -0.3679 -0.4636 0.8060
vn -0.4224 -0.4854 0.7655
vn -0.2874 -0.5379 0.7925
vn -0.2109 -0.4660 0.8593
vn -0.1089 -0.1911 0.9755
vn 0.0471 -0.2458 0.9682
vn -0.0767 -0.5207 0.8503
vn -0.3118 -0.7056 0.6363
vn 0.0312 -0.8383 0.5443
vn 0.2199 -0.6634 0.7152
vn 0.3478 -0.2696 0.8980
vn 0.5072 -0.6846 0.5236
vn 0.6575 -0.3258 0.6794
vn 0.0085 -0.9368 0.3496
vn -0.0176 -0.7925 0.6096
vn -0.1934 -0.8588 0.4744
vn 0.7144 -0.3092 0.6277
vn 0.6160 -0.7054 0.3506
vn 0.4062 -0.8901 0.2069
vn 0.2214 -0.9748 -0.0275
vn 0.4447 -0.8874 0.1214
vn 0.9410 -0.2477 0.2305
vn 0.8154 -0.5788 -0.0093
vn 0.9583 -0.2446 0.1478
vn 0.1180 -0.9657 0.2312
vn 0.4715 -0.0144 0.8817
vn 0.4123 -0.3059 0.8581
vn 0.2932 -0.7044 0.6464
vn 0.1431 -0.9533 0.2659
vn 0.3392 -0.3852 0.8582
vn 0.1305 -0.9094 0.3948
vn 0.0710 -0.9425 0.3266
vn 0.0543 -0.7523 0.6566
vn 0.2045 -0.3715 0.9056
vn 0.0400 -0.7316 0.6805
vn 0.0161 -0.9880 0.1534
vn -0.0400 -0.7316 0.6806
vn -0.0161 -0.9880 0.1534
vn -0.0710 -0.9425 0.3266
vn -0.1305 -0.9094 0.3948
vn -0.4425 -0.1169 0.8891
vn -0.1420 -0.9500 0.2781
vn -0.1385 -0.9540 0.2660
vn -0.2932 -0.7044 0.6464
vn -0.4556 -0.2584 0.8518
vn 0.5563 -0.0691 0.8281
vn 0.5464 -0.0752 0.8341
vn 0.5760 -0.1382 0.8057
vn 0.4919 -0.3074 0.8146
vn 0.5332 -0.2321 0.8136
vn 0.5243 -0.2286 0.8203
vn 0.4919 -0.2658 0.8291
vn 0.4867 -0.2609 0.8337
vn 0.2261 -0.4302 0.8739
vn 0.1193 -0.1963 0.9733
vn 0.1086 -0.1969 0.9744
vn 0.2953 -0.7046 0.6453
vn 0.3610 -0.6371 0.6811
vn 0.2607 -0.5980 0.7579
vn 0.0084 -0.5754 0.8178
vn 0.1317 -0.6925 0.7093
vn -0.2890 -0.2736 0.9174
vn -0.1371 -0.6223 0.7706
vn -0.3475 -0.2725 0.8972
vn 0.0004 -0.9541 0.2995
vn -0.0696 -0.8381 0.5410
vn 0.1195 -0.9101 0.3967
vn -0.3796 -0.7015 0.6032
vn -0.2014 -0.8733 0.4436
vn -0.6472 -0.3049 0.6986
vn -0.4819 -0.6995 0.5277
vn -0.2139 -0.9764 -0.0284
vn -0.4322 -0.8915 0.1356
vn -0.7188 -0.2911 0.6314
vn -0.6910 -0.6793 0.2471
vn -0.4514 -0.8852 0.1121
vn -0.9365 -0.2652 0.2294
vn -0.9239 -0.2624 0.2786
vn -0.7755 -0.6209 0.1141
vn 0.0840 -0.4720 0.8776
vn 0.0737 -0.3144 0.9464
vn 0.0318 -0.7180 0.6953
vn 0.0557 -0.9124 0.4055
vn 0.0615 -0.8951 0.4416
vn 0.0696 -0.9882 0.1367
vn 0.0124 -0.9194 0.3930
vn -0.0000 -0.0000 1.0000
vn 0.0441 -0.7186 0.6940
vn -0.0441 -0.7186 0.6940
vn 0.1970 -0.3283 0.9238
vn -0.1148 -0.9055 0.4084
vn 0.3532 -0.8726 0.3375
vn 0.1974 -0.8020 0.5638
vn -0.1889 -0.6710 0.7170
vn -0.2527 -0.6501 0.7166
vn 0.1260 -0.6534 0.7464
vn -0.2127 -0.2951 0.9315
vn -0.2043 -0.3007 0.9316
vn 0.1040 -0.3002 0.9482
vn -0.0001 -0.1876 0.9822
vn 0.2626 -0.1268 0.9565
vn 0.2701 -0.1372 0.9530
vn -0.2703 -0.1375 0.9529
vn -0.2626 -0.1268 0.9565
vn 0.0001 -0.1876 0.9822
vn -0.1040 -0.3002 0.9482
vn 0.2043 -0.3007 0.9316
vn 0.2127 -0.2951 0.9315
vn -0.1260 -0.6534 0.7465
vn 0.2527 -0.6501 0.7166
vn 0.1889 -0.6710 0.7170
vn -0.1974 -0.8020 0.5638
vn -0.3532 -0.8726 0.3375
vn 0.1149 -0.9055 0.4084
vn -0.1971 -0.3275 0.9241
vn -0.0124 -0.9194 0.3930
vn -0.0695 -0.9882 0.1367
vn -0.0615 -0.8951 0.4416
vn -0.0557 -0.9124 0.4055
vn -0.0318 -0.7180 0.6953
vn -0.0737 -0.3143 0.9465
vn -0.0839 -0.4720 0.8776
vn -0.2046 -0.3710 0.9058
vn -0.0543 -0.7522 0.6566
vn -0.3396 -0.3844 0.8585
vn 0.9732 -0.1936 0.1240
vn 0.8166 -0.5457 -0.1881
vn 0.9024 -0.3499 0.2516
vn 0.9095 -0.2006 0.3641
vn 0.5490 -0.8217 0.1531
vn 0.1946 -0.9783 -0.0717
vn 0.2984 -0.9541 0.0254
vn 0.3364 -0.9376 0.0883
vn 0.3466 -0.9248 0.1566
vn 0.7418 -0.3886 0.5465
vn 0.3201 -0.9224 0.2163
vn 0.3453 -0.8655 0.3630
vn 0.2957 -0.8938 0.3371
vn 0.2088 -0.9239 0.3207
vn 0.1074 -0.9364 0.3341
vn 0.6469 -0.3287 0.6881
vn 0.6125 -0.2361 0.7543
vn 0.3828 -0.3880 0.8384
vn 0.1960 -0.2750 0.9413
vn 0.1667 -0.2795 0.9456
vn -0.0249 -0.1191 0.9926
vn -0.0781 -0.1847 0.9797
vn -0.3274 0.0296 0.9444
vn -0.3661 0.0395 0.9297
vn -0.3924 0.0031 0.9198
vn -0.4278 -0.0010 0.9039
vn -0.7176 0.0026 0.6965
vn -0.6999 -0.0000 0.7142
vn -0.9998 -0.0203 0.0080
vn -0.1051 0.9936 0.0416
vn 0.0093 0.9989 0.0452
vn -0.0754 0.9953 -0.0601
vn 0.0450 0.9983 -0.0359
vn -0.0772 0.9953 -0.0585
vn 0.0453 0.9984 -0.0343
vn 1.0000 -0.0001 -0.0000
vn -1.0000 -0.0000 -0.0000
vn -0.5431 0.8397 0.0005
vn -0.8264 0.5630 0.0003
vn -0.9802 0.1980 -0.0000
vn -0.9804 0.1953 0.0269
vn 0.4830 0.8755 -0.0157
vn 0.5527 0.8334 -0.0001
vn 0.8264 0.5630 0.0003
vn 0.9800 0.1989 0.0002
vn 0.9659 -0.2588 -0.0000
vn 0.7071 -0.7071 0.0048
vn 0.2588 -0.9659 0.0036
vn -0.2588 -0.9659 -0.0000
vn -0.7071 -0.7071 0.0048
vn -0.9659 -0.2588 0.0036
vn -0.5394 0.8340 0.1164
vn -0.8263 0.5629 -0.0187
vn -0.8510 0.5205 0.0699
vn -0.9828 0.1845 -0.0043
vn 0.6048 0.7912 0.0909
vn 0.8263 0.5629 -0.0187
vn 0.8510 0.5205 0.0700
vn 0.9800 0.1989 -0.0012
vn -0.3826 0.9238 0.0120
vn -0.6055 0.7921 -0.0776
vn -0.9824 0.1831 0.0362
vn -0.8434 0.5314 -0.0789
vn -0.9204 0.3813 -0.0862
vn -0.3511 0.9345 0.0592
vn -0.7671 0.4247 0.4808
vn -0.3086 0.9234 0.2282
vn -0.3523 0.9095 0.2208
vn -0.7683 0.3935 0.5049
vn -0.1669 0.9277 0.3339
vn -0.2949 0.4133 0.8615
vn -0.3027 0.4024 0.8640
vn -0.1390 0.9074 0.3966
vn 0.0025 0.9350 0.3547
vn 0.2964 0.4033 0.8658
vn 0.3010 0.4139 0.8591
vn 0.1393 0.9069 0.3976
vn 0.1703 0.9286 0.3296
vn 0.7683 0.3935 0.5049
vn 0.3495 0.9027 0.2511
vn 0.3348 0.9186 0.2099
vn 0.7671 0.4247 0.4808
vn 0.3527 0.9340 0.0568
vn 0.9205 0.3835 -0.0752
vn 0.6136 0.7808 0.1174
vn 0.4357 0.8972 -0.0725
vn 0.9823 0.1836 0.0360
vn 0.8435 0.5314 -0.0789
vn 0.6051 0.7904 0.0959
vn 0.4784 0.8781 -0.0072
vn -0.9996 0.0004 0.0274
vn 0.9978 -0.0000 -0.0661
vn 0.9978 -0.0001 -0.0663
vn -0.8357 -0.0000 0.5492
vn -0.3239 -0.0000 0.9461
vn 0.3239 -0.0000 0.9461
vn 0.8357 -0.0000 0.5492
vn -0.9970 0.0052 -0.0767
vn -0.9978 -0.0000 -0.0663
vn -0.9645 -0.2584 -0.0545
vn -0.6996 -0.6996 0.1458
vn -0.6236 -0.6658 0.4098
vn -0.2085 -0.7652 0.6091
vn -0.0000 -0.8450 0.5348
vn 0.2085 -0.7652 0.6091
vn 0.6236 -0.6658 0.4098
vn 0.9645 -0.2585 -0.0545
vn 0.6995 -0.6996 0.1458
vn -0.1872 0.9823 -0.0005
vn -0.6799 -0.7151 0.1628
vn 0.2588 -0.9659 -0.0000
vn 0.6799 -0.7151 0.1627
vn 0.6806 -0.4674 0.5642
vn 0.6842 -0.4692 0.5584
vn -0.0698 0.9911 -0.1130
vn -0.1700 0.9854 0.0099
vn 0.4938 -0.5548 0.6696
vn -0.8892 -0.2823 0.3601
vn -0.0697 0.9912 -0.1128
vn -0.0475 0.9919 -0.1178
vn 0.8296 -0.0000 0.5583
vn 1.0000 -0.0000 -0.0001
vn -0.5556 0.8315 -0.0003
vn -0.8315 0.5555 -0.0002
vn -0.9808 0.1951 0.0002
vn 0.1951 0.9808 0.0029
vn 0.5556 0.8315 -0.0003
vn 0.8315 0.5556 -0.0002
vn 0.9808 0.1951 -0.0001
vn 0.9808 -0.1951 0.0048
vn 0.8315 -0.5556 -0.0024
vn 0.5556 -0.8315 -0.0024
vn 0.1951 -0.9808 -0.0000
vn -0.1951 -0.9808 0.0048
vn -0.5556 -0.8315 -0.0024
vn -0.8315 -0.5556 -0.0024
vn -0.9808 -0.1951 -0.0000
vn -0.1951 0.9808 -0.0000
vn -0.4399 0.8977 0.0258
vn -0.3431 0.9296 -0.1345
vn -0.1209 0.9900 -0.0732
vn -0.9532 0.2032 0.2239
vn -0.9473 0.2912 0.1333
vn 0.1918 -0.8630 0.4673
vn -0.1259 -0.5480 0.8270
vn -0.1825 -0.6903 0.7001
vn -0.2695 -0.7382 0.6184
vn -0.0440 -0.7845 0.6186
vn 0.3449 -0.8711 0.3497
vn -0.2490 -0.6208 0.7434
vn -0.5327 -0.6769 0.5080
vn -0.4867 -0.6858 0.5411
vn -0.9644 -0.1841 0.1900
vn -0.9393 -0.2294 0.2550
vn -0.9745 0.2097 0.0802
vn -0.9418 -0.1189 0.3145
vn -0.4720 -0.5160 0.7148
vn -0.5530 -0.4999 0.6666
vn -0.1070 -0.9372 0.3320
vn -0.0836 -0.9755 0.2035
vn -0.9562 0.2785 0.0902
vn 0.8184 -0.5591 0.1327
vn 0.2641 -0.9384 0.2227
vn 0.3083 -0.9294 0.2028
vn 0.3333 -0.9271 0.1714
vn 0.3427 -0.9316 0.1209
vn 0.4158 -0.9039 0.1001
vn -0.0201 -0.9984 0.0532
vn -0.2465 0.9682 -0.0425
vn -0.2326 0.9725 -0.0114
vn -0.2238 0.9731 -0.0551
vn -0.2001 0.9798 0.0024
vn -0.1798 0.9814 -0.0666
vn -0.1647 0.9861 -0.0219
vn -0.1376 0.9872 -0.0810
vn -0.1394 0.9861 -0.0904
vn -0.0930 0.9915 -0.0912
vn -0.1179 0.9614 0.2485
vn -0.2802 0.9171 0.2835
vn -0.1704 0.9612 0.2168
vn -0.1710 0.9617 0.2144
vn -0.2145 0.9611 0.1743
vn -0.2147 0.9620 0.1687
vn -0.2471 0.9609 0.1252
vn -0.2457 0.9626 0.1139
vn -0.2677 0.9606 0.0745
vn -0.2632 0.9632 0.0540
vn -0.2767 0.9606 0.0254
vn -0.2689 0.9631 -0.0079
vn -0.2554 0.9666 0.0214
vn -0.0698 0.9916 -0.1092
vn -0.3401 -0.6263 0.7015
vn -0.2235 -0.5177 0.8258
vn -0.2765 0.3216 0.9056
vn -0.6454 -0.5707 0.5077
vn -0.6437 -0.5743 0.5058
vn -0.8401 0.2613 0.4754
vn -0.6798 0.6453 0.3485
vn -0.8840 0.0880 0.4592
vn -0.8141 0.3264 0.4802
vn -0.7575 0.3964 0.5188
vn -0.5314 -0.5620 0.6338
vn -0.4964 -0.6744 0.5466
vn -0.6934 0.3281 0.6415
vn -0.6976 0.3153 0.6433
vn -0.4527 -0.6393 0.6216
vn -0.5942 0.4217 0.6849
vn -0.4963 0.3668 0.7868
vn -0.5515 0.1911 0.8120
vn -0.4039 0.4439 0.7999
vn -0.4172 -0.5408 0.7304
vn -0.4120 -0.6064 0.6801
vn -0.7042 -0.6028 0.3750
vn -0.5509 -0.7064 0.4444
vn -0.9400 -0.1471 0.3077
vn -0.9539 0.1968 0.2268
vn -0.7761 0.6075 0.1690
vn -0.8968 0.4056 0.1769
vn 0.3300 -0.8072 0.4893
vn -0.2002 -0.5681 0.7983
vn -0.1971 -0.7727 0.6034
vn -0.5601 -0.4294 0.7084
vn -0.8672 -0.4896 0.0912
vn -0.7917 -0.5355 0.2941
vn -0.8690 -0.3157 0.3810
vn 0.4041 -0.5644 0.7198
vn 0.3380 -0.8513 0.4013
vn 0.5201 -0.7874 0.3309
vn 0.1498 -0.7814 0.6058
vn -0.6731 -0.6537 0.3459
vn -0.7949 -0.5233 0.3071
vn -0.9917 0.1243 -0.0338
vn -0.9547 0.2962 0.0286
vn -0.9339 0.3529 -0.0581
vn -0.9701 0.2232 -0.0950
vn -0.8466 0.5286 -0.0614
vn -0.7798 0.6257 -0.0196
vn -0.7980 0.6005 -0.0513
vn -0.7680 0.6403 -0.0138
vn -0.8012 0.5893 -0.1039
vn -0.7628 0.6444 -0.0537
vn -0.7271 0.6860 0.0266
vn -0.7187 0.6953 -0.0007
vn -0.6762 0.7332 0.0717
vn -0.1938 -0.8716 0.4502
vn -0.3348 -0.6712 0.6614
vn -0.1441 -0.9397 0.3102
vn -0.1445 -0.9397 0.3100
vn -0.1215 -0.9361 0.3301
vn -0.1498 -0.9393 0.3087
vn -0.1492 -0.9378 0.3134
vn -0.1486 -0.9376 0.3143
vn -0.1065 -0.9431 0.3150
vn -0.1650 -0.9329 0.3201
vn -0.1735 -0.9326 0.3163
vn -0.1431 -0.9387 0.3137
vn -0.6000 0.7819 -0.1695
vn -0.3586 0.9303 -0.0772
vn -0.3416 0.9306 -0.1315
vn -0.4758 0.8778 -0.0549
vn -0.3378 0.9406 0.0341
vn -0.3706 0.9288 -0.0010
vn -0.2695 0.9592 -0.0859
vn -0.1515 0.9878 0.0374
vn -0.9988 0.0224 0.0444
vn -0.0012 -1.0000 -0.0010
vn 0.6690 -0.7179 0.1926
vn 0.7137 -0.6458 0.2714
vn 0.6746 -0.6515 0.3470
vn 0.6489 -0.6299 0.4269
vn 0.6481 -0.6267 0.4327
vn 0.5823 -0.6481 0.4909
vn 0.6806 -0.5791 0.4489
vn -0.5588 0.8293 -0.0052
vn -0.6304 0.7734 -0.0661
vn -0.6233 0.7819 -0.0103
vn -0.6235 0.7816 -0.0169
vn -0.5817 0.8124 0.0402
vn -0.5819 0.8115 0.0535
vn -0.5660 0.8205 0.0802
vn -0.5820 0.8126 0.0315
vn -0.5773 0.8084 0.1150
vn -0.5438 0.8255 0.1512
vn -0.5412 0.8207 0.1833
vn -0.4846 0.8396 0.2455
vn -0.5107 0.8275 0.2334
vn -0.4738 0.8160 0.3311
vn -0.4044 0.8535 0.3286
vn -0.3969 0.8349 0.3814
vn -0.3207 0.8548 0.4081
vn -0.3303 0.8481 0.4143
vn -0.2595 0.8268 0.4990
vn -0.2168 0.8627 0.4570
vn 0.0002 -1.0000 -0.0000
vn -0.0011 -0.9998 0.0192
vn -0.2664 -0.9282 0.2599
vn -0.2227 -0.9283 0.2977
vn 0.0930 0.9915 -0.0912
vn 0.1394 0.9861 -0.0904
vn 0.1375 0.9872 -0.0810
vn 0.1494 0.9872 -0.0554
vn 0.0682 0.9915 -0.1105
vn 0.0718 0.9911 -0.1124
vn -0.0009 1.0000 -0.0003
vn -0.0086 -1.0000 0.0018
vn -0.0080 -1.0000 0.0025
vn -0.0075 -1.0000 0.0032
vn -0.0068 -1.0000 0.0038
vn -0.0060 -1.0000 0.0044
vn -0.0051 -1.0000 0.0050
vn -0.0041 -1.0000 0.0055
vn -0.0030 -1.0000 0.0060
vn 0.3253 0.8609 0.3912
vn 0.3353 0.8404 0.4258
vn 0.2329 0.8650 0.4445
vn 0.2503 0.8127 0.5262
vn 0.1765 0.8382 0.5160
vn 0.1082 0.8437 0.5259
vn 0.1119 0.8618 0.4948
vn 0.0003 0.8386 0.5447
vn -0.0091 -1.0000 0.0010
vn -0.0063 -1.0000 0.0061
vn 0.1040 -0.9435 0.3146
vn 0.0708 -0.9362 0.3443
vn -0.0055 -0.9507 0.3100
vn 0.0452 -0.9049 0.4233
vn 0.1445 -0.9397 0.3100
vn 0.1274 -0.9415 0.3119
vn 0.1891 -0.9184 0.3476
vn 0.3040 0.3430 0.8888
vn 0.2804 0.2789 0.9185
vn 0.1553 -0.6372 0.7549
vn 0.2524 -0.5058 0.8249
vn 0.1803 0.4458 0.8768
vn 0.0235 0.3837 0.9232
vn -0.0000 -0.5819 0.8133
vn 0.4301 -0.5448 0.7198
vn 0.3904 -0.6077 0.6916
vn 0.5324 0.4041 0.7438
vn 0.4447 0.0383 0.8948
vn 0.4622 0.5202 0.7182
vn 0.2946 -0.6401 0.7095
vn 0.0002 0.9474 0.3199
vn 0.1941 0.9600 0.2018
vn 0.1373 0.9475 0.2887
vn 0.1706 0.9613 0.2166
vn 0.1711 0.9616 0.2145
vn 0.2146 0.9611 0.1740
vn 0.2148 0.9620 0.1687
vn 0.0581 -0.9880 0.1429
vn 0.1169 -0.9523 0.2820
vn 0.0329 0.9526 0.3025
vn 0.0703 0.9478 0.3109
vn 0.0937 0.9526 0.2893
vn -0.0446 0.9908 -0.1275
vn -0.0210 0.9923 -0.1223
vn 0.0210 0.9923 -0.1223
vn 0.0446 0.9908 -0.1275
vn 0.0475 0.9919 -0.1178
vn -0.1673 -0.9286 0.3313
vn -0.2199 -0.9266 0.3050
vn -0.0323 0.9525 0.3028
vn -0.0702 0.9475 0.3120
vn -0.0956 0.9525 0.2893
vn -0.2322 -0.6088 0.7586
vn -0.2873 0.2940 0.9116
vn -0.1316 0.4609 0.8776
vn -0.0140 -0.6233 0.7819
vn -0.0000 0.3166 0.9486
vn 0.0009 1.0000 -0.0003
vn -0.1051 -0.9426 0.3171
vn -0.0928 -0.9348 0.3429
vn -0.0353 -0.9431 0.3307
vn -0.1682 0.8287 0.5337
vn -0.1322 0.7984 0.5875
vn -0.0655 0.8973 0.4366
vn 0.0127 0.8677 0.4970
vn 0.0488 -0.9986 0.0192
vn 0.8892 -0.2823 0.3600
vn 0.7895 0.3702 0.4896
vn 0.3689 -0.8658 0.3381
vn 0.7923 -0.4864 0.3683
vn 0.9396 -0.1466 0.3094
vn 0.9284 0.2903 0.2320
vn 0.5276 -0.5685 0.6312
vn 0.5147 -0.5832 0.6285
vn 0.7332 0.3930 0.5549
vn 0.5154 -0.6393 0.5706
vn 0.7147 -0.4433 0.5409
vn 0.6270 -0.5819 0.5179
vn 0.5469 -0.6432 0.5359
vn 0.4044 0.8538 0.3280
vn 0.4888 0.8366 0.2472
vn 0.5334 0.8204 0.2060
vn 0.5821 0.8114 0.0532
vn 0.5823 0.8118 0.0441
vn -0.6298 -0.6158 0.4735
vn -0.7775 -0.5791 0.2451
vn 1.0000 0.0001 -0.0000
vn 0.4498 0.8931 0.0049
vn 0.5674 0.8141 -0.1234
vn 0.9104 0.3720 0.1810
vn 0.9007 -0.3104 0.3041
vn 0.7987 -0.5375 0.2705
vn 0.7540 -0.4613 0.4676
vn 0.9269 -0.3495 0.1366
vn 0.8459 -0.4757 0.2412
vn 0.8216 -0.5431 0.1731
vn -0.4031 -0.9021 0.1540
vn 0.3379 -0.8062 0.4857
vn 0.7486 -0.5876 0.3073
vn 0.9400 -0.0906 0.3288
vn 0.8941 -0.2305 0.3839
vn 0.9937 0.1094 -0.0249
vn 0.9999 0.0073 0.0144
vn 0.9998 0.0068 0.0180
vn 0.9923 0.1211 -0.0265
vn 0.7240 -0.0803 0.6851
vn 0.7076 -0.1746 0.6847
vn -0.4518 -0.6214 0.6401
vn -0.4582 -0.6215 0.6355
vn -0.4941 -0.6083 0.6211
vn -0.7172 -0.1574 0.6788
vn 0.1151 0.9932 -0.0195
vn 0.5070 -0.2130 0.8352
vn 0.4330 -0.2011 0.8787
vn -0.9419 -0.0290 0.3347
vn -0.3532 -0.2099 0.9117
vn -0.3567 0.1563 0.9211
vn 0.7510 0.0251 0.6598
vn -0.4049 -0.2260 0.8860
vn -0.1084 -0.2059 0.9726
vn -0.2138 -0.3760 0.9016
vn 0.7824 -0.2746 0.5590
vn 0.6315 -0.0025 0.7753
vn 0.3227 -0.0090 0.9464
vn -0.4006 0.2641 0.8774
vn -0.5801 0.3913 0.7144
vn -0.8562 0.3863 0.3429
vn 0.3866 0.3653 0.8468
vn -0.3201 -0.9224 0.2163
vn -0.7414 -0.3896 0.5463
vn -0.9095 -0.2005 0.3643
vn -0.8167 -0.5457 -0.1879
vn -0.3612 -0.0000 0.9325
vn -0.9713 -0.0000 0.2379
vn 0.3612 -0.0000 0.9325
vn 0.9713 -0.0000 0.2379
vn -0.5029 -0.1016 0.8584
vn -0.3680 -0.4636 0.8060
vn -0.2108 -0.4660 0.8593
vn -0.3118 -0.7056 0.6364
vn -0.0176 -0.7926 0.6095
vn -0.0601 -0.9436 0.3256
vn 0.3385 -0.9397 0.0489
vn 0.9583 -0.2446 0.1479
vn 0.1304 -0.9095 0.3948
vn -0.4556 -0.2584 0.8519
vn 0.2262 -0.4302 0.8739
vn 0.3609 -0.6371 0.6810
vn 0.0085 -0.5754 0.8178
vn 0.0003 -0.9541 0.2995
vn -0.0695 -0.8381 0.5411
vn 0.1196 -0.9101 0.3967
vn -0.6473 -0.3049 0.6986
vn -0.2139 -0.9764 -0.0285
vn -0.4322 -0.8915 0.1355
vn -0.7187 -0.2911 0.6314
vn -0.9365 -0.2651 0.2294
vn 0.0125 -0.9194 0.3930
vn -0.0000 0.8944 0.4472
vn -0.1149 -0.9055 0.4084
vn 0.3531 -0.8726 0.3375
vn 0.1260 -0.6534 0.7465
vn -0.3531 -0.8726 0.3375
vn -0.0124 -0.9194 0.3931
vn -0.2046 -0.3709 0.9058
vn -0.0543 -0.7523 0.6566
vn -0.3396 -0.3843 0.8585
vn 0.9732 -0.1936 0.1241
vn 0.8166 -0.5457 -0.1882
vn 0.2985 -0.9541 0.0254
vn 0.3364 -0.9376 0.0882
vn 0.6125 -0.2361 0.7544
vn 0.3828 -0.3879 0.8384
vn -0.7175 0.0026 0.6965
vn -0.9998 -0.0203 0.0081
vn -0.9802 0.1981 -0.0000
vn -0.8510 0.5205 0.0698
vn -0.9828 0.1845 -0.0044
vn 0.8263 0.5629 -0.0186
vn 0.8510 0.5205 0.0699
vn -0.2950 0.4133 0.8615
vn 0.2964 0.4033 0.8657
vn 0.3348 0.9186 0.2098
vn 0.9823 0.1836 0.0361
vn 0.8434 0.5314 -0.0789
vn 0.9645 -0.2584 -0.0545
vn -0.2695 -0.7382 0.6183
vn -0.4866 -0.6858 0.5411
vn -0.1179 0.9614 0.2486
vn -0.2802 0.9171 0.2834
vn -0.6454 -0.5707 0.5076
vn -0.8401 0.2612 0.4754
vn -0.7575 0.3963 0.5188
vn -0.6935 0.3281 0.6415
vn -0.6976 0.3154 0.6433
vn -0.7761 0.6075 0.1689
vn -0.8967 0.4057 0.1769
vn -0.5601 -0.4294 0.7085
vn -0.7705 -0.5969 0.2237
vn -0.8949 -0.3911 0.2148
vn -0.9547 0.2963 0.0286
vn -0.1650 -0.9329 0.3200
vn -0.4759 0.8778 -0.0549
vn -0.1514 0.9878 0.0374
vn 0.5823 -0.6481 0.4908
vn -0.5820 0.8125 0.0315
vn -0.3303 0.8481 0.4142
vn 0.1119 0.8617 0.4948
vn 0.2568 -0.8716 0.4175
vn 0.1444 -0.9397 0.3100
vn 0.1334 -0.9358 0.3263
vn 0.2148 0.9620 0.1688
vn 0.0687 -0.9834 0.1679
vn 0.0977 -0.9210 0.3770
vn -0.2322 -0.6087 0.7586
vn -0.6232 0.7821 -0.0044
vn -0.7938 0.6082 -0.0036
vn -0.7201 0.6938 -0.0004
vn -0.5627 0.8266 -0.0090
vn 0.1291 -0.9916 -0.0006
vn 0.1249 -0.9922 -0.0013
vn 0.3668 -0.9303 -0.0022
vn 0.3817 -0.9243 0.0002
vn 0.5131 -0.8583 -0.0051
vn 0.6089 -0.7931 0.0192
vn 0.8110 -0.5851 0.0071
vn 0.7930 -0.6092 0.0029
vn 0.9242 -0.3818 -0.0024
vn 0.9915 -0.1291 0.0165
vn 0.9757 -0.2191 -0.0001
vn -0.1352 -0.9908 0.0025
vn -0.1931 -0.9811 0.0115
vn -0.3866 -0.9223 -0.0006
vn -0.5070 -0.8619 0.0096
vn -0.7073 -0.7068 -0.0157
vn -0.8111 -0.5848 0.0072
vn -0.9242 -0.3818 -0.0023
vn -0.9916 -0.1291 -0.0000
vn -0.9753 -0.2207 0.0099
vn 0.0003 -1.0000 -0.0006
vn -0.0037 -1.0000 0.0021
vn 1.0000 0.0001 -0.0001
vn 0.9939 0.1106 -0.0000
vn 0.9940 0.1095 -0.0001
vn 0.9497 0.3133 0.0001
vn 0.9443 0.3290 -0.0006
vn 0.8768 0.4809 0.0006
vn 0.8463 0.5327 -0.0013
vn 0.7072 0.7070 0.0025
vn 0.4788 0.8779 -0.0031
vn 0.5329 0.8462 0.0003
vn 0.3865 0.9223 0.0002
vn 0.3065 0.9519 -0.0020
vn 0.2615 0.9652 -0.0046
vn 0.2211 0.9752 -0.0032
vn 0.1247 0.9922 -0.0009
vn 0.0386 0.9993 0.0002
vn -0.9940 0.1094 0.0001
vn -0.9939 0.1106 -0.0000
vn -0.9497 0.3133 0.0002
vn -0.9412 0.3380 -0.0010
vn -0.8768 0.4809 0.0006
vn -0.8444 0.5357 0.0012
vn -0.7071 0.7070 0.0062
vn -0.4769 0.8789 -0.0032
vn -0.5338 0.8456 0.0065
vn -0.3970 0.9178 -0.0081
vn -0.3090 0.9510 -0.0027
vn -0.2317 0.9728 0.0005
vn -0.1207 0.9925 -0.0209
vn -0.2370 0.9715 -0.0072
vn 0.0003 1.0000 0.0005
vn 0.0001 1.0000 0.0006
vn 0.0002 1.0000 0.0005
vn 0.5373 0.8434 -0.0009
vn 0.6653 0.7466 -0.0010
vn 0.7973 0.6036 0.0005
vn -0.2332 0.9724 -0.0062
vn -0.1694 0.9855 -0.0122
vn -0.1154 0.9931 -0.0195
vn -0.2225 0.9749 0.0005
vn -0.3062 0.9520 -0.0020
vn -0.5327 0.8463 0.0064
vn 0.2143 -0.9767 -0.0144
vn 0.2612 -0.9653 -0.0000
vn 0.5131 -0.8583 -0.0052
vn 0.6087 -0.7932 0.0191
vn 0.8110 -0.5850 0.0070
vn 0.7938 -0.6081 0.0029
vn 0.9241 -0.3821 -0.0024
vn 0.9483 -0.3175 0.0026
vn 0.9916 -0.1291 -0.0028
vn 0.9954 -0.0953 -0.0001
vn -0.1468 -0.9892 0.0043
vn -0.1264 -0.9920 -0.0011
vn -0.3865 -0.9223 -0.0006
vn -0.6090 -0.7932 -0.0027
vn -0.7930 -0.6092 0.0030
vn -0.8111 -0.5849 0.0073
vn -0.0003 -1.0000 -0.0001
vn 0.0001 -1.0000 -0.0004
vn -0.0000 -1.0000 -0.0003
vn -0.0001 -1.0000 -0.0004
vn -0.0006 -1.0000 -0.0011
vn 0.0001 -1.0000 -0.0002
vn -0.0030 -1.0000 0.0034
vn 1.0000 -0.0002 -0.0000
vn 1.0000 0.0002 -0.0002
vn 0.9704 0.2415 -0.0000
vn 0.9931 0.1160 -0.0149
vn 0.9492 0.3147 -0.0023
vn 0.8441 0.5362 0.0013
vn 0.8755 0.4833 -0.0024
vn 0.7072 0.7071 0.0032
vn 0.7920 0.6105 -0.0057
vn 0.6669 0.7451 0.0017
vn 0.5440 0.8391 -0.0008
vn 0.5360 0.8442 -0.0006
vn 0.4661 0.8847 0.0004
vn 0.3409 0.9401 -0.0005
vn 0.4023 0.9155 -0.0041
vn 0.3002 0.9539 -0.0004
vn 0.1106 0.9939 0.0016
vn 0.2408 0.9705 -0.0083
vn 0.1300 0.9915 -0.0022
vn 0.0375 0.9993 0.0005
vn -0.9940 0.1094 -0.0000
vn -0.9939 0.1107 -0.0000
vn -0.9443 0.3291 -0.0006
vn -0.8462 0.5329 0.0012
vn -0.7934 0.6087 -0.0041
vn -0.7202 0.6938 -0.0004
vn -0.7070 0.7072 0.0062
vn -0.5626 0.8267 -0.0090
vn -0.6232 0.7821 -0.0043
vn -0.3969 0.9178 -0.0081
vn -0.0000 1.0000 0.0005
vn -0.0003 1.0000 0.0005
vn -0.0004 1.0000 0.0013
vn -0.0001 1.0000 0.0007
vn 0.9916 -0.1292 -0.0028
vn -0.1264 -0.9920 0.0011
vn -0.8111 -0.5848 0.0073
vn 0.0007 -1.0000 -0.0005
vn -0.0007 -1.0000 -0.0005
vn -0.0044 -1.0000 0.0008
vn 0.9443 0.3291 -0.0006
vn 0.8462 0.5329 -0.0013
vn 0.7972 0.6037 0.0005
vn 0.6653 0.7465 -0.0010
vn 0.7070 0.7072 0.0025
vn 0.4787 0.8780 -0.0031
vn 0.5327 0.8463 0.0003
vn 0.2225 0.9749 -0.0069
vn -0.7934 0.6087 -0.0040
vn -0.4769 0.8790 -0.0032
vn -0.2225 0.9749 -0.0023
vn -0.2653 0.9641 -0.0095
vn -0.5313 0.8472 -0.0002
vn -0.5327 0.8463 0.0001
vn -1.0000 -0.0000 -0.0002
vn -0.2653 0.9642 -0.0023
vn -0.2357 0.9716 0.0200
vn -0.6251 -0.7789 0.0508
vn -0.3018 -0.9531 0.0245
vn -0.3302 -0.9439 0.0046
vn -0.3295 -0.9441 -0.0043
vn -0.0001 -1.0000 -0.0011
vn 0.0006 -1.0000 -0.0000
vn -0.1264 -0.9920 -0.0000
vn -0.2737 -0.9590 -0.0737
vn -0.3859 -0.9210 -0.0536
vn -0.5435 -0.8360 -0.0758
vn -0.6083 -0.7923 -0.0469
vn -0.7930 -0.6092 0.0005
vn -0.9242 -0.3818 -0.0024
vn -0.9161 -0.4009 0.0019
vn -0.9904 -0.1380 -0.0000
vn -0.9916 -0.1291 -0.0019
vn 0.5985 -0.7800 0.1828
vn 0.7851 -0.6015 0.1475
vn 0.2640 -0.9611 0.0809
vn 0.2603 -0.9620 0.0821
vn 0.7517 -0.6367 0.1718
vn 0.9041 -0.3738 0.2071
vn 0.9912 -0.1290 0.0302
vn 0.9289 -0.2743 0.2489
vn 0.5199 -0.7468 0.4146
vn 0.7598 -0.2356 0.6059
vn 0.7728 -0.2260 0.5930
vn 0.5864 -0.2686 0.7642
vn 0.1280 -0.9704 0.2048
vn 0.2270 -0.9463 0.2302
vn 0.3979 -0.6600 0.6373
vn 0.4228 -0.2253 0.8778
vn 0.3707 -0.2484 0.8949
vn 0.3067 -0.7074 0.6368
vn 0.0882 -0.9654 0.2455
vn 0.0341 -0.6919 0.7212
vn 0.0123 -0.9657 0.2592
vn -0.0102 -0.9713 0.2376
vn 0.0389 -0.9659 0.2560
vn 0.1259 -0.2626 0.9567
vn -0.0000 -0.2218 0.9751
vn -0.0000 -0.7099 0.7043
vn -0.1259 -0.2626 0.9567
vn -0.0613 -0.9652 0.2541
vn -0.0961 -0.9674 0.2344
vn -0.1021 -0.9697 0.2222
vn -0.2744 -0.6901 0.6697
vn -0.3046 -0.7122 0.6325
vn -0.4209 -0.2432 0.8739
vn -0.3740 -0.2116 0.9030
vn -0.5864 -0.2686 0.7642
vn -0.1535 -0.9649 0.2130
vn -0.1830 -0.9685 0.1690
vn -0.1828 -0.9682 0.1711
vn -0.5329 -0.6885 0.4920
vn -0.5472 -0.7142 0.4364
vn -0.7609 -0.2296 0.6068
vn -0.7705 -0.2382 0.5912
vn -0.2225 -0.9650 0.1391
vn -0.2453 -0.9615 0.1240
vn -0.2384 -0.9669 0.0911
vn -0.6326 -0.7051 0.3203
vn -0.8905 -0.2666 0.3688
vn -0.6074 -0.7847 0.1239
vn -0.9458 -0.2273 0.2321
vn -0.3018 -0.9519 0.0524
vn -0.9821 -0.1369 0.1293
vn -0.8739 -0.3831 -0.2991
vn 0.1291 -0.9916 0.0003
vn 0.3817 -0.9243 0.0025
vn 0.6081 -0.7921 -0.0530
vn 0.6982 -0.7159 -0.0077
vn 0.7930 -0.6092 -0.0031
vn 0.9242 -0.3818 0.0010
vn 0.9155 -0.4023 -0.0033
vn 0.9909 -0.1343 -0.0010
vn 0.9916 -0.1292 -0.0000
vn 0.6774 -0.7106 0.1900
vn 0.8867 -0.3898 0.2486
vn 0.9858 -0.1336 0.1015
vn 0.9794 -0.1552 0.1289
vn 0.1090 -0.9940 0.0065
vn 0.2876 -0.9576 -0.0141
vn 0.6854 -0.6951 0.2171
vn 0.2473 -0.9673 0.0570
vn 0.2029 -0.9762 0.0769
vn 0.8930 -0.2565 0.3699
vn 0.2229 -0.9649 0.1388
vn 0.4958 -0.7130 0.4958
vn 0.5192 -0.7007 0.4894
vn 0.6846 -0.2503 0.6846
vn 0.7837 -0.1552 0.6014
vn 0.5884 -0.2565 0.7668
vn 0.1813 -0.9684 0.1709
vn 0.1826 -0.9683 0.1707
vn 0.1534 -0.9649 0.2130
vn 0.2671 -0.6876 0.6752
vn 0.0907 -0.9691 0.2294
vn 0.1061 -0.9670 0.2318
vn 0.3699 -0.2565 0.8930
vn 0.1779 -0.7263 0.6640
vn 0.2531 -0.2084 0.9447
vn 0.1262 -0.2565 0.9583
vn 0.0606 -0.9653 0.2538
vn 0.0102 -0.9660 0.2585
vn -0.0000 -1.0000 -0.0002
vn 0.0002 -1.0000 -0.0002
vn 0.0001 -1.0000 -0.0012
vn -0.0003 -1.0000 -0.0000
vn -0.0006 -1.0000 -0.0000
vn -0.2453 0.9683 0.0478
vn -0.2283 0.9718 0.0599
vn -0.5267 0.8398 0.1314
vn -0.7031 0.7031 0.1059
vn -0.8433 0.5371 -0.0197
vn -0.6844 0.7019 0.1973
vn -0.9175 0.3451 0.1977
vn -0.9938 0.1108 0.0043
vn -0.9499 0.2412 0.1990
vn -0.2378 0.9651 0.1098
vn -0.5600 0.6979 0.4465
vn -0.2044 0.9652 0.1630
vn -0.1639 0.9726 0.1650
vn -0.2087 0.9670 0.1460
vn -0.5599 0.6979 0.4466
vn -0.7586 0.2419 0.6050
vn -0.7842 0.2199 0.5802
vn -0.1482 0.9654 0.2144
vn -0.1083 0.9683 0.2250
vn -0.1022 0.9693 0.2236
vn -0.3108 0.6979 0.6453
vn -0.4190 0.2597 0.8700
vn -0.5030 0.1975 0.8414
vn -0.0656 0.9651 0.2534
vn -0.1799 0.2665 0.9469
vn -0.0000 0.9659 0.2589
vn 0.0234 0.9720 0.2338
vn -0.0196 0.9667 0.2551
vn -0.0000 0.6979 0.7162
vn -0.0000 0.2096 0.9778
vn 0.1833 0.2683 0.9457
vn 0.0712 0.9653 0.2513
vn 0.1078 0.9687 0.2238
vn 0.1082 0.9688 0.2230
vn 0.3108 0.6979 0.6453
vn 0.4237 0.2151 0.8799
vn 0.5083 0.2577 0.8217
vn 0.1535 0.9652 0.2116
vn 0.1930 0.9691 0.1539
vn 0.1941 0.9663 0.1689
vn 0.5600 0.6979 0.4465
vn 0.7612 0.2281 0.6070
vn 0.7724 0.2399 0.5881
vn 0.6896 0.7006 0.1834
vn 0.3403 0.9382 0.0630
vn 0.1097 0.9858 -0.1275
vn 0.2235 0.9746 0.0138
vn 0.2380 0.9702 0.0448
vn 0.2443 0.9657 0.0880
vn 0.8265 0.5253 0.2026
vn 0.7049 0.7048 0.0803
vn 0.5359 0.8262 -0.1741
vn 0.9515 0.2403 0.1922
vn 0.9513 0.2368 0.1976
vn -0.2358 0.9718 -0.0000
vn -0.7071 0.7071 -0.0001
vn -0.7070 0.7072 -0.0002
vn -0.8462 0.5329 0.0001
vn -0.8435 0.5371 0.0010
vn -0.9443 0.3291 0.0002
vn -0.9362 0.3515 -0.0038
vn -0.9938 0.1108 -0.0002
vn -0.9939 0.1106 -0.0002
vn 0.1668 0.9860 -0.0000
vn 0.2225 0.9749 0.0096
vn 0.3113 0.9503 -0.0056
vn 0.5327 0.8463 0.0009
vn 0.5373 0.8434 0.0001
vn 0.7071 0.7071 -0.0002
vn 0.7070 0.7072 -0.0001
vn 0.8462 0.5329 0.0001
vn 0.8484 0.5294 -0.0005
vn 0.9443 0.3291 -0.0050
vn 0.9658 0.2591 0.0060
vn 0.9928 0.1105 -0.0472
vn -0.0000 0.9668 0.2557
vn 0.0183 0.9712 0.2375
vn 0.0656 0.9651 0.2534
vn 0.1072 0.9690 0.2226
vn 0.1042 0.9681 0.2277
vn 0.5083 0.2577 0.8218
vn 0.1483 0.9654 0.2144
vn 0.1986 0.9672 0.1584
vn 0.1969 0.9707 0.1378
vn 0.1823 0.9660 0.1835
vn 0.5600 0.6979 0.4466
vn 0.7726 0.2402 0.5877
vn 0.2378 0.9651 0.1098
vn 0.6902 0.7004 0.1819
vn 0.3105 0.9486 0.0606
vn 0.1666 0.9843 -0.0580
vn 0.2278 0.9735 0.0194
vn 0.2434 0.9678 0.0639
vn 0.8300 0.5182 0.2064
vn 0.7048 0.7048 0.0807
vn 0.5273 0.8293 -0.1851
vn 0.9518 0.2385 0.1930
vn 0.9503 0.2215 0.2186
vn -0.9914 -0.0000 0.1305
vn -0.9787 -0.0024 0.2055
vn -0.9239 0.0019 0.3827
vn -0.7933 0.0003 0.6088
vn -0.8038 -0.0004 0.5950
vn -0.6088 0.0019 0.7933
vn -0.5134 -0.0012 0.8581
vn -0.3827 0.0018 0.9239
vn -0.1863 -0.0006 0.9825
vn -0.1306 0.0012 0.9914
vn 0.1305 0.0012 0.9914
vn 0.1901 -0.0008 0.9818
vn 0.3827 0.0020 0.9239
vn 0.5261 -0.0010 0.8504
vn 0.6088 0.0017 0.7933
vn 0.7934 -0.0002 0.6088
vn 0.7958 -0.0000 0.6056
vn 0.9659 -0.0000 0.2588
vn 0.9773 0.0036 0.2117
vn 0.7960 -0.0001 0.6053
vn 0.9239 0.0022 0.3827
vn 0.9741 -0.0017 0.2260
vn 0.9914 -0.0000 0.1305
vn 0.9925 0.0003 0.1225
vn 0.9791 -0.0002 0.2035
vn 0.9999 -0.0123 0.0061
vn -0.0000 1.0000 -0.0003
vn 0.0024 -1.0000 0.0001
vn -0.0008 -1.0000 0.0024
vn -0.0002 -1.0000 0.0021
vn 0.0002 -1.0000 0.0021
vn 0.0008 -1.0000 0.0024
vn -0.0010 -1.0000 0.0011
vn 0.1291 -0.9916 0.0007
vn 0.2639 -0.9643 -0.0203
vn -0.0451 -0.6800 0.7318
vn -0.0160 -0.9656 0.2595
vn -0.0367 -0.9715 0.2344
vn -0.1262 -0.2565 0.9583
vn -0.1764 -0.7317 0.6584
vn -0.2531 -0.2084 0.9447
vn -0.0896 -0.9653 0.2455
vn -0.3699 -0.2565 0.8930
vn -0.4071 -0.6562 0.6353
vn -0.2884 -0.8453 0.4499
vn -0.1737 -0.9787 0.1097
vn -0.1625 -0.9717 0.1717
vn -0.4967 -0.7118 0.4967
vn -0.6846 -0.2503 0.6846
vn -0.6014 -0.1552 0.7837
vn -0.7668 -0.2565 0.5884
vn -0.8930 -0.2565 0.3699
vn -0.6950 -0.6945 0.1862
vn -0.7352 -0.5949 0.3249
vn -0.9445 -0.2087 0.2538
vn -0.9833 -0.1280 0.1295
vn -0.8931 -0.3690 -0.2574
vn -0.3812 -0.9090 0.1687
vn -0.2609 -0.9626 0.0730
vn -0.1324 -0.9894 0.0597
vn 0.3817 -0.9243 -0.0026
vn 0.5984 -0.8012 -0.0050
vn 0.6090 -0.7932 -0.0028
vn 0.7065 -0.7077 -0.0007
vn 0.7929 -0.6091 0.0188
vn 0.9241 -0.3818 0.0189
vn 0.9916 -0.1291 -0.0002
vn 0.9795 -0.2011 -0.0096
vn 1.0000 -0.0016 -0.0004
vn -0.0000 -1.0000 -0.0007
vn -0.0000 -1.0000 0.0001
vn -0.0021 -1.0000 0.0011
vn -0.0005 -1.0000 -0.0052
vn -0.0019 -1.0000 -0.0021
vn -0.2317 0.9727 0.0143
vn -0.5295 0.8381 0.1314
vn -0.7032 0.7031 0.1055
vn -0.8443 0.5355 -0.0204
vn -0.3655 0.9280 0.0716
vn -0.1122 0.9887 0.0993
vn -0.2364 0.9714 0.0240
vn -0.2194 0.9748 0.0412
vn -0.9247 0.3315 0.1871
vn -0.9939 0.1106 0.0033
vn -0.9784 0.1787 0.1036
vn -0.6800 0.7029 0.2087
vn -0.8627 0.2692 0.4282
vn -0.2017 0.9662 0.1608
vn -0.3262 0.9336 0.1480
vn -0.5600 0.6979 0.4466
vn -0.7642 0.2111 0.6094
vn -0.6595 0.2606 0.7051
vn -0.1534 0.9652 0.2116
vn -0.1076 0.9687 0.2235
vn -0.1084 0.9686 0.2236
vn -0.4205 0.2460 0.8733
vn -0.4929 0.2003 0.8467
vn -0.0711 0.9653 0.2513
vn -0.0256 0.9663 0.2563
vn -0.9943 -0.0000 0.1063
vn -0.9914 0.0008 0.1305
vn -0.9239 0.0012 0.3827
vn -0.8956 -0.0009 0.4448
vn -0.7934 0.0021 0.6087
vn -0.6842 -0.0006 0.7293
vn -0.6088 0.0011 0.7934
vn -0.5023 -0.0009 0.8647
vn -0.1305 0.0012 0.9914
vn -0.1126 0.9895 0.0904
vn -0.3771 -0.4977 0.7811
vn -0.5938 -0.6883 0.4167
vn -0.4531 -0.8043 0.3844
vn 0.7435 0.3356 -0.5785
vn 0.7513 0.3324 -0.5701
vn 0.3633 0.4563 -0.8123
vn 0.3741 0.4557 -0.8077
vn 0.3791 0.4560 -0.8052
vn 0.0593 0.3714 -0.9266
vn 0.2495 0.5347 -0.8074
vn 0.1361 0.4020 -0.9055
vn 0.8390 -0.0000 -0.5442
vn 0.5105 0.8599 -0.0000
vn -0.6741 0.2574 0.6923
vn -0.6843 0.2300 0.6920
vn -0.6436 0.4205 0.6395
vn -0.6304 0.4478 0.6341
vn -0.5825 0.5708 0.5787
vn -0.5677 0.5929 0.5711
vn -0.5039 0.7041 0.5004
vn -0.4886 0.7209 0.4916
vn -0.4102 0.8161 0.4071
vn -0.3952 0.8279 0.3979
vn -0.2904 0.9110 0.2927
vn -0.8903 0.0834 -0.4478
vn -0.9870 0.0985 0.1271
vn -0.8391 0.0997 -0.5348
vn 0.0003 0.7231 -0.6907
vn -0.0008 0.7951 -0.6065
vn -0.0094 0.7802 -0.6254
vn 0.0027 0.8354 -0.5497
vn -0.0002 0.8849 -0.4658
vn 0.0012 0.8876 -0.4607
vn -0.0011 0.9501 -0.3121
vn -0.0011 0.9501 -0.3118
vn 0.0010 0.9860 -0.1669
vn -0.0029 0.9887 -0.1497
vn 0.0772 0.9970 -0.0001
vn 0.0279 0.9995 -0.0159
vn 0.0122 0.9995 -0.0285
vn 0.0027 0.9991 -0.0418
vn 0.0015 0.9990 -0.0442
vn -0.0084 0.9998 0.0169
vn -0.0030 0.9999 -0.0131
vn -0.0165 0.9997 -0.0189
vn 0.0013 0.9975 0.0702
vn -0.0510 0.9930 0.1062
vn 0.4226 0.8139 -0.3987
vn 0.4735 0.8179 -0.3267
vn 0.9325 0.3520 -0.0807
vn 0.3686 0.8832 -0.2899
vn 0.9292 0.3578 -0.0921
vn 0.4315 0.8918 -0.1359
vn 0.3975 0.9047 -0.1531
vn 0.9107 0.4085 -0.0622
vn 0.9255 0.3767 -0.0398
vn 0.3363 0.9417 0.0009
vn 0.5510 0.8336 0.0387
vn 0.2786 0.9599 -0.0305
vn 0.9201 0.3910 0.0249
vn 0.9102 0.4138 0.0172
vn 0.9877 0.1538 0.0293
vn 0.9026 0.4304 -0.0050
vn 0.4518 0.0271 0.8917
vn 0.4601 0.0135 0.8878
vn -0.1892 0.0844 0.9783
vn 0.0075 0.1390 0.9903
vn 0.5097 0.0657 0.8578
vn -0.4943 0.2785 0.8235
vn 0.5065 0.1176 0.8542
vn 0.5090 0.1129 0.8533
vn 0.0440 0.3068 0.9507
vn -0.3846 0.4100 0.8270
vn -0.4010 0.4287 0.8096
vn 0.0439 0.3069 0.9507
vn 0.5365 0.1450 0.8313
vn -0.3833 0.5756 0.7223
vn 0.1275 0.4814 0.8672
vn 0.5434 0.1799 0.8199
vn 0.5368 0.1986 0.8200
vn -0.2621 0.6404 0.7220
vn -0.2900 0.6962 0.6567
vn 0.5785 0.2095 0.7883
vn -0.2018 0.8002 0.5647
vn 0.5808 0.2387 0.7783
vn 0.2435 0.6136 0.7512
vn -0.1072 0.8160 0.5680
vn 0.6057 0.2320 0.7612
vn -0.1125 0.8842 0.4534
vn 0.6352 0.2675 0.7245
vn 0.6326 0.2538 0.7317
vn 0.3819 0.6918 0.6128
vn 0.0498 0.9314 0.3606
vn 0.0624 0.9148 0.3990
vn 0.1081 0.9686 0.2237
vn -0.6573 0.5403 -0.5254
vn -0.6249 0.5441 -0.5599
vn -0.5524 0.5899 -0.5890
vn -0.4777 0.6212 -0.6212
vn -0.4348 0.6180 -0.6550
vn -0.5026 0.6091 -0.6134
vn -0.3003 0.6745 -0.6745
vn -0.3105 0.6735 -0.6708
vn -0.1327 0.6999 -0.7018
vn -0.0894 0.7070 -0.7015
vn 0.0463 0.7043 -0.7084
vn 0.1591 0.7032 -0.6930
vn 0.2262 0.6894 -0.6882
vn 0.3290 0.6718 -0.6637
vn 0.4073 0.6437 -0.6478
vn 0.5385 0.5982 -0.5934
vn 0.5258 0.6051 -0.5978
vn 0.7053 0.5096 -0.4928
vn 0.7647 0.4559 -0.4555
vn 0.8194 0.4045 -0.4062
vn 0.8488 0.3791 -0.3685
vn 0.9454 0.2308 -0.2303
vn 0.9510 0.2168 -0.2206
vn 0.9953 0.0685 -0.0685
vn 0.9931 0.0852 -0.0812
vn 0.1306 -0.8721 -0.4716
vn -0.2887 0.9399 0.1824
vn 0.0755 -0.8668 -0.4929
vn 0.0797 -0.8636 -0.4978
vn 0.1279 -0.7852 -0.6059
vn 0.0853 -0.7467 -0.6596
vn 0.1112 -0.6750 -0.7294
vn 0.0733 -0.6352 -0.7688
vn 0.0912 -0.5454 -0.8332
vn 0.0600 -0.5093 -0.8585
vn 0.0679 -0.4009 -0.9136
vn 0.0450 -0.3726 -0.9269
vn 0.0427 -0.2454 -0.9685
vn 0.0288 -0.2277 -0.9733
vn 0.0119 -0.0826 -0.9965
vn 0.0151 -0.0761 -0.9970
vn 0.0001 -0.0001 -1.0000
vn -0.0000 -0.0000 -1.0000
vn -0.0042 0.0038 -1.0000
vn 0.4520 -0.0000 0.8920
vn 0.7068 0.0050 0.7074
vn 0.7060 0.0054 0.7081
vn 0.7052 0.0056 0.7090
vn 0.7042 0.0057 0.7100
vn 0.6984 -0.0000 0.7157
vn 0.6986 0.0010 0.7155
vn 0.6994 0.0029 0.7147
vn 0.7006 0.0042 0.7135
vn 0.7019 0.0051 0.7123
vn 0.7031 0.0056 0.7111
vn 0.0023 0.0047 -1.0000
vn -0.0559 -0.8216 -0.5673
vn 0.1842 -0.7911 -0.5833
vn 0.0148 -0.8592 -0.5114
vn -0.0264 -0.8127 -0.5821
vn -0.0033 -0.7901 -0.6130
vn 0.0558 -0.7499 -0.6592
vn -0.0309 -0.6790 -0.7335
vn -0.0219 -0.6694 -0.7425
vn 0.0260 -0.6692 -0.7426
vn 0.0420 -0.6388 -0.7683
vn -0.0232 -0.5038 -0.8635
vn 0.0272 -0.4954 -0.8682
vn 0.0139 -0.5145 -0.8573
vn -0.0163 -0.4957 -0.8683
vn 0.0319 -0.3742 -0.9268
vn -0.0145 -0.3066 -0.9517
vn -0.0015 -0.3014 -0.9535
vn -0.0102 -0.3014 -0.9534
vn 0.0232 -0.2284 -0.9733
vn 0.0011 -0.1024 -0.9947
vn -0.0052 -0.1005 -0.9949
vn -0.0077 -0.1006 -0.9949
vn -0.0053 -0.1005 -0.9949
vn 0.0047 -0.0775 -0.9970
vn -0.0489 -0.8889 -0.4555
vn 0.0366 -0.8803 -0.4730
vn -0.0034 -0.9113 -0.4116
vn -0.0723 -0.8835 -0.4627
vn 0.0674 -0.8948 -0.4414
vn 0.1392 -0.8871 -0.4400
vn -0.0601 -0.9189 -0.3900
vn 0.0375 -0.9078 -0.4176
vn -0.0768 -0.9160 -0.3937
vn 0.1820 -0.9055 -0.3832
vn 0.0621 -0.9311 -0.3595
vn 0.1893 -0.8999 -0.3929
vn -0.0570 -0.9455 -0.3206
vn -0.1730 -0.9448 -0.2783
vn 0.0664 -0.9291 -0.3639
vn -0.0661 -0.9445 -0.3218
vn -0.1955 -0.9471 -0.2546
vn 0.2297 -0.9066 -0.3539
vn 0.2320 -0.9044 -0.3580
vn 0.0947 -0.9471 -0.3067
vn -0.0432 -0.9675 -0.2490
vn -0.0402 -0.9667 -0.2528
vn -0.1700 -0.9670 -0.1896
vn 0.0983 -0.9452 -0.3114
vn -0.2976 -0.9478 -0.1145
vn -0.1825 -0.9678 -0.1734
vn -0.3195 -0.9438 -0.0841
vn 0.2708 -0.9062 -0.3248
vn 0.1292 -0.9577 -0.2570
vn 0.2712 -0.9058 -0.3257
vn -0.0123 -0.9827 -0.1849
vn 0.1220 -0.9000 -0.4185
vn 0.1215 -0.8996 -0.4194
vn 0.1273 -0.9087 -0.3976
vn 0.1304 -0.9216 -0.3656
vn 0.1286 -0.9563 -0.2625
vn 0.2274 -0.8958 -0.3819
vn 0.1005 -0.9855 -0.1370
vn 0.1913 -0.9359 -0.2957
vn 0.2063 -0.9258 -0.3168
vn 0.1361 -0.9180 -0.3725
vn 0.1981 -0.8652 -0.4605
vn 0.1607 -0.9384 -0.3061
vn 0.2088 -0.9242 -0.3198
vn 0.2101 -0.9236 -0.3206
vn 0.2563 -0.9157 -0.3094
vn 0.2411 -0.9031 -0.3555
vn 0.2606 -0.8791 -0.3990
vn 0.2725 -0.8916 -0.3616
vn 0.3033 -0.9023 -0.3065
vn 0.3092 -0.8850 -0.3482
vn 0.2916 -0.8929 -0.3431
vn 0.3004 -0.8767 -0.3757
vn 0.3392 -0.8782 -0.3371
vn 0.3334 -0.8813 -0.3349
vn 0.3345 -0.8741 -0.3521
vn 0.3655 -0.8712 -0.3277
vn 0.3658 -0.8716 -0.3263
vn 1.0000 -0.0030 -0.0000
vn 1.0000 0.0001 0.0003
vn 1.0000 -0.0034 -0.0078
vn 0.9990 0.0451 -0.0004
vn 0.8380 -0.5448 -0.0309
vn -0.7170 0.0580 0.6947
vn -0.5550 0.2137 0.8039
vn -0.8072 0.5273 0.2653
vn -0.7213 0.5977 0.3500
vn -0.7829 0.6149 0.0942
vn 0.8831 -0.4435 0.1528
vn 0.8673 -0.4670 0.1725
vn 0.9851 -0.1275 0.1157
vn 0.9523 -0.1859 0.2419
vn 0.8116 -0.0758 0.5793
vn -0.0689 0.1346 0.9885
vn 0.9074 -0.0932 0.4099
vn 0.9999 -0.0080 0.0088
vn 0.9495 -0.0332 0.3119
vn 0.9979 -0.0046 0.0644
vn 0.9400 -0.0057 0.3411
vn 0.9998 0.0016 0.0189
vn 0.8120 0.0316 0.5828
vn 0.9829 0.0422 0.1795
vn 0.9811 0.0517 0.1863
vn 0.3059 -0.9059 -0.2927
vn 0.4718 -0.8815 0.0214
vn 0.4968 -0.8626 0.0949
vn 0.6975 -0.7161 0.0252
vn 0.6933 -0.7205 0.0134
vn 0.3784 -0.8715 -0.3119
vn 0.9998 0.0111 -0.0176
vn -0.3253 0.1585 -0.9322
vn -0.9277 0.0933 -0.3615
vn -0.4257 0.4041 -0.8096
vn -0.5643 0.3350 -0.7546
vn -0.8919 0.2020 -0.4046
vn -0.9168 0.1632 -0.3645
vn -0.3418 0.5189 -0.7835
vn -0.9300 0.2042 -0.3055
vn -0.4619 0.6185 -0.6357
vn -0.5175 0.5845 -0.6249
vn -0.8972 0.3079 -0.3165
vn -0.9071 0.2892 -0.3058
vn -0.3349 0.7492 -0.5715
vn -0.9309 0.2921 -0.2195
vn -0.4885 0.7697 -0.4110
vn -0.8926 0.4008 -0.2066
vn -0.0130 0.6831 -0.7302
vn 0.9641 -0.2529 -0.0810
vn 0.6462 -0.7305 -0.2210
vn 0.6524 -0.7243 -0.2230
vn 0.9633 -0.2550 -0.0839
vn 0.6579 -0.7127 -0.2434
vn 0.6563 -0.7135 -0.2452
vn 0.8965 -0.4189 -0.1440
vn 0.9826 -0.1659 -0.0839
vn 0.9632 -0.2557 -0.0834
vn 0.6641 -0.7049 -0.2491
vn 0.3392 -0.8893 -0.3068
vn 0.3537 -0.8818 -0.3121
vn 0.3658 -0.8783 -0.3078
vn 0.3578 -0.8829 -0.3042
vn 0.3911 -0.8757 -0.2832
vn 0.3912 -0.8756 -0.2832
vn 0.3633 -0.8725 -0.3266
vn 0.3843 -0.8704 -0.3079
vn 0.3798 -0.8732 -0.3054
vn 0.3974 -0.8690 -0.2948
vn 0.3826 -0.8687 -0.3145
vn 0.3915 -0.8671 -0.3081
vn 0.3907 -0.8676 -0.3075
vn 0.9999 -0.0074 0.0070
vn 1.0000 0.0084 -0.0028
vn 0.0128 0.0053 -0.9999
vn 0.0431 0.0342 -0.9985
vn -0.0001 0.0003 -1.0000
vn -0.2648 -0.0110 -0.9642
vn -0.4030 -0.0001 -0.9152
vn -0.6087 0.0008 -0.7934
vn -0.7933 0.0026 -0.6088
vn -0.9590 -0.0036 -0.2833
vn -0.9470 -0.0012 -0.3211
vn -0.8891 0.0703 -0.4522
vn -0.2608 0.1749 -0.9494
vn -0.6042 0.1225 -0.7874
vn -0.7835 0.1569 -0.6013
vn -0.9586 0.0310 -0.2831
vn 0.0128 0.1652 -0.9862
vn 0.0022 -1.0000 -0.0025
vn 0.0826 -0.8260 -0.5576
vn -0.4730 0.7796 -0.4104
vn -0.9046 0.3760 -0.2008
vn -0.3370 0.8945 -0.2938
vn -0.9300 0.3502 -0.1113
vn -0.5069 0.8478 -0.1559
vn -0.4325 0.8915 -0.1350
vn -0.9131 0.4010 -0.0737
vn -0.8714 0.4859 -0.0682
vn -0.3481 0.9373 0.0158
vn -0.9276 0.3733 0.0107
vn -0.9220 0.3840 0.0490
vn -0.8397 0.5326 0.1062
vn -0.5177 0.8487 0.1082
vn -0.3975 0.9021 0.1679
vn -0.3677 0.8732 0.3198
vn -0.9235 0.3583 0.1367
vn -0.7782 0.5688 0.2663
vn -0.5977 0.7360 0.3180
vn -0.3448 0.8849 0.3132
vn -0.8938 0.4080 0.1861
vn -0.9401 0.2936 0.1731
vn -0.9932 0.0888 0.0750
vn -0.9412 0.3050 0.1455
vn -0.0029 0.9831 0.1829
vn 0.0144 0.9624 0.2713
vn -0.0449 0.9380 0.3436
vn 0.9799 -0.0093 -0.1994
vn 0.8352 -0.0688 -0.5457
vn 0.3927 -0.0328 -0.9191
vn 0.5215 -0.1081 -0.8464
vn 0.2022 -0.2012 -0.9585
vn 0.9831 -0.0458 -0.1773
vn 0.9804 -0.0623 -0.1869
vn 0.8346 -0.1743 -0.5225
vn 0.5686 -0.2603 -0.7803
vn 0.5010 -0.3191 -0.8045
vn 0.2961 -0.3521 -0.8879
vn 0.3953 -0.3059 -0.8661
vn 0.9833 -0.0745 -0.1661
vn 0.9805 -0.1018 -0.1681
vn 0.8345 -0.2854 -0.4713
vn 0.5823 -0.4212 -0.6954
vn 0.8345 -0.2855 -0.4713
vn 0.2212 -0.4736 -0.8525
vn 0.4092 -0.5454 -0.7315
vn 0.3910 -0.5546 -0.7346
vn 0.4886 -0.5216 -0.6995
vn 0.9827 -0.1035 -0.1532
vn 0.8344 -0.3858 -0.3936
vn 0.9811 -0.1354 -0.1381
vn 0.9815 -0.1329 -0.1375
vn 0.5880 -0.5662 -0.5776
vn 0.2448 -0.7032 -0.6675
vn 0.3773 -0.7937 -0.4771
vn 0.6685 -0.6218 -0.4080
vn 0.3652 -0.8297 -0.4220
vn 0.9830 -0.1488 -0.1078
vn 0.8343 -0.4682 -0.2912
vn 0.9802 -0.1683 -0.1047
vn 0.5273 -0.7484 -0.4023
vn 0.7690 -0.5705 -0.2883
vn 0.9833 -0.1641 -0.0792
vn 0.9841 -0.1671 -0.0600
vn 0.9794 -0.1945 -0.0545
vn 0.7921 -0.5894 -0.1590
vn 0.5485 -0.8178 -0.1743
vn 0.8375 -0.5094 -0.1975
vn 0.2412 -0.9068 -0.3458
vn 0.2376 -0.9099 -0.3401
vn 0.2824 -0.8944 -0.3468
vn 0.2118 -0.8748 -0.4356
vn 0.3511 -0.7704 -0.5321
vn 0.2325 -0.8300 -0.5071
vn 0.3661 -0.7643 -0.5308
vn 0.2980 -0.8520 -0.4304
vn 0.1513 -0.8521 -0.5010
vn 0.2664 -0.8342 -0.4829
vn 0.3598 -0.7699 -0.5270
vn 0.3397 -0.6784 -0.6514
vn 0.1554 -0.6927 -0.7043
vn 0.2285 -0.5322 -0.8152
vn 0.1273 -0.6122 -0.7804
vn 0.1914 -0.5444 -0.8167
vn 0.1535 -0.6128 -0.7751
vn 0.1411 -0.5057 -0.8511
vn 0.1798 -0.4804 -0.8584
vn 0.1666 -0.3367 -0.9267
vn 0.1357 -0.3690 -0.9195
vn 0.0901 -0.3619 -0.9279
vn 0.0937 -0.3566 -0.9296
vn 0.0352 -0.2256 -0.9736
vn 0.0876 -0.2146 -0.9728
vn 0.1520 -0.0755 -0.9855
vn 0.0135 -0.1281 -0.9917
vn 0.0258 -0.0740 -0.9969
vn -0.9974 0.0512 -0.0512
vn -0.9990 0.0447 -0.0044
vn -0.9846 0.1213 -0.1262
vn -0.9756 0.1723 -0.1361
vn -0.9577 0.2005 -0.2064
vn -0.9299 0.2693 -0.2504
vn -0.9373 0.2691 -0.2215
vn -0.8970 0.3119 -0.3132
vn -0.8615 0.3652 -0.3528
vn -0.8497 0.3647 -0.3807
vn -0.7710 0.4575 -0.4430
vn -0.7493 0.4600 -0.4764
vn 0.9845 -0.1717 -0.0359
vn 0.8655 -0.5007 0.0122
vn 0.5810 -0.7915 -0.1895
vn 0.4533 -0.8727 -0.1814
vn 0.7113 -0.6669 -0.2220
vn 0.6608 -0.7234 -0.2000
vn 0.9526 -0.2903 -0.0905
vn 0.9609 -0.2685 -0.0680
vn 0.9609 -0.2655 -0.0784
vn 0.2337 -0.9208 -0.3123
vn 0.3177 -0.9114 -0.2615
vn 0.2730 -0.9281 -0.2534
vn 0.2764 -0.9085 -0.3134
vn 0.3275 -0.9033 -0.2771
vn 0.3087 -0.9130 -0.2667
vn 0.3919 -0.8759 -0.2814
vn 0.3151 -0.9211 -0.2288
vn 0.3171 -0.9131 -0.2562
vn 0.3546 -0.8782 -0.3209
vn -1.0000 -0.0000 -0.0001
vn -1.0000 0.0012 -0.0000
vn -1.0000 0.0007 -0.0001
vn -1.0000 -0.0010 0.0001
vn -1.0000 0.0001 -0.0000
vn -1.0000 -0.0001 0.0001
vn -1.0000 0.0002 -0.0000
vn -0.0021 0.0747 -0.9972
vn -0.0000 0.0784 -0.9969
vn 0.0019 0.2226 -0.9749
vn -0.0038 0.2334 -0.9724
vn 0.0036 0.3655 -0.9308
vn -0.0055 0.3827 -0.9239
vn 0.0052 0.5002 -0.8659
vn -0.0069 0.5225 -0.8526
vn 0.0065 0.6236 -0.7817
vn -0.0082 0.6494 -0.7604
vn 0.0077 0.7331 -0.6801
vn -0.0092 0.7604 -0.6494
vn -0.0210 0.9237 -0.3826
vn -0.0164 0.9722 -0.2334
vn -0.0000 0.9982 -0.0593
vn 0.3572 0.1721 -0.9180
vn 0.1117 0.0743 -0.9910
vn 0.9604 0.0242 -0.2777
vn 0.9879 0.1082 -0.1113
vn 0.9325 0.0499 -0.3577
vn 0.6955 0.0787 -0.7142
vn 0.8291 0.1834 -0.5282
vn 0.7015 0.1259 -0.7015
vn 0.5299 0.1108 -0.8408
vn 0.3148 0.1324 -0.9399
vn 0.2481 0.2157 -0.9444
vn 0.9672 0.0655 -0.2454
vn 0.9657 0.1096 -0.2356
vn 0.9625 0.1038 -0.2505
vn 0.7094 0.2697 -0.6511
vn 0.2714 0.3518 -0.8959
vn 0.3129 0.3807 -0.8701
vn 0.6932 0.2889 -0.6603
vn 0.2421 0.4853 -0.8401
vn 0.9657 0.1488 -0.2128
vn 0.7143 0.4260 -0.5552
vn 0.9625 0.1651 -0.2152
vn 0.6887 0.4600 -0.5604
vn 0.2882 0.5971 -0.7486
vn 0.3056 0.6042 -0.7359
vn 0.9672 0.1795 -0.1797
vn 0.2400 0.7117 -0.6603
vn 0.7185 0.5518 -0.4234
vn 0.9657 0.2127 -0.1491
vn 0.9625 0.2151 -0.1651
vn 0.5945 0.7006 -0.3946
vn 0.3438 0.8196 -0.4582
vn 0.3245 0.8220 -0.4679
vn 0.9657 0.2353 -0.1098
vn 0.6841 0.6739 -0.2791
vn 0.9625 0.2506 -0.1038
vn 0.9672 0.2453 -0.0658
vn 0.3519 0.9090 -0.2233
vn 0.3478 0.9189 -0.1863
vn 0.7015 0.7015 -0.1260
vn 0.8451 0.5309 -0.0631
vn 0.9654 0.2555 -0.0528
vn 0.9337 0.3307 -0.1372
vn 0.9937 0.1120 -0.0098
vn 0.0260 -0.0736 -0.9969
vn 0.0272 -0.0726 -0.9970
vn 0.1142 -0.1502 -0.9820
vn 0.3359 -0.1108 -0.9354
vn 0.5628 -0.0835 -0.8224
vn 0.8415 -0.0621 -0.5367
vn 0.9396 -0.1202 -0.3204
vn 0.9937 -0.0094 -0.1115
vn 0.0021 -0.0024 -1.0000
vn -0.0000 0.0006 -1.0000
vn 0.9938 -0.0000 -0.1115
vn 0.9937 0.0003 -0.1120
vn 0.9464 -0.0003 -0.3230
vn 0.9334 0.0198 -0.3582
vn 0.8428 -0.0260 -0.5376
vn 0.8436 -0.0271 -0.5363
vn 0.7069 0.0246 -0.7069
vn 0.5641 -0.0517 -0.8241
vn 0.5329 -0.0237 -0.8458
vn 0.3377 0.0228 -0.9410
vn 0.3627 0.0029 -0.9319
vn 0.1155 -0.0023 -0.9933
vn 0.1120 -0.0000 -0.9937
vn 0.5307 0.8313 -0.1651
vn 0.6380 0.7514 -0.1685
vn 0.1118 0.9920 -0.0589
vn 0.4088 0.8973 -0.1663
vn -0.0117 0.9968 -0.0785
vn 0.0447 0.8710 -0.4892
vn 0.0166 0.8525 -0.5224
vn 0.0007 1.0000 0.0001
vn 1.0000 0.0014 -0.0022
vn 1.0000 -0.0006 -0.0001
vn 0.9611 -0.1841 0.2060
vn -0.5363 -0.0072 0.8440
vn -0.5504 -0.0151 0.8347
vn -0.5473 -0.0116 0.8369
vn -0.5438 -0.0005 0.8392
vn 0.3777 -0.8640 -0.3329
vn 0.2369 -0.1000 0.9664
vn 0.4539 -0.4629 0.7614
vn 0.5201 -0.4869 0.7017
vn 0.5404 -0.6388 0.5476
vn 0.0139 0.5845 0.8113
vn 0.2819 -0.1025 0.9540
vn 0.1758 0.0360 0.9838
vn 0.3484 -0.1125 0.9306
vn 0.4816 -0.0241 0.8761
vn 0.4911 -0.0375 0.8703
vn 0.4555 -0.4620 0.7610
vn 0.5929 -0.3528 0.7239
vn 0.4971 -0.6655 0.5568
vn 0.4848 -0.6409 0.5951
vn 0.6526 -0.5413 0.5303
vn 0.6162 -0.7085 0.3440
vn 0.5454 -0.8376 -0.0309
vn 0.4653 -0.8693 -0.1665
vn 0.3553 -0.9340 -0.0370
vn 0.6188 -0.7150 0.3252
vn 0.4531 -0.8885 -0.0724
vn 0.4019 -0.9071 -0.1253
vn 0.6278 -0.7016 0.3370
vn 0.6445 -0.3423 0.6837
vn 0.6469 -0.3191 0.6926
vn 0.4957 -0.0149 0.8683
vn 0.3104 -0.9036 -0.2952
vn 0.1971 -0.9421 -0.2712
vn 0.3059 -0.9047 -0.2964
vn 0.2562 0.0833 0.9630
vn 0.3544 0.0597 0.9332
vn 0.6559 0.0786 0.7508
vn 0.3323 -0.0730 0.9403
vn 0.7050 -0.0708 0.7057
vn 0.1856 -0.1333 0.9735
vn 0.5936 -0.1371 0.7930
vn 0.2614 -0.2292 0.9376
vn 0.0938 -0.3045 0.9479
vn 0.6471 -0.2061 0.7341
vn 0.5063 -0.3063 0.8061
vn 0.9209 -0.1162 0.3722
vn 0.2041 -0.3921 0.8970
vn 0.8538 -0.2251 0.4695
vn 0.9941 -0.0272 0.1046
vn 0.0306 -0.4550 0.8900
vn 0.5837 -0.3522 0.7316
vn 0.9861 -0.0823 0.1442
vn 0.3808 -0.4958 0.7805
vn 0.4972 -0.4469 0.7437
vn 0.8716 -0.2325 0.4316
vn 0.9817 -0.0887 0.1687
vn 0.7330 -0.4172 0.5373
vn -0.4978 0.0005 0.8673
vn -0.5351 -0.0067 0.8448
vn 0.0606 -0.4011 0.9140
vn -0.0034 -0.2516 0.9678
vn 0.0158 -0.0944 0.9954
vn 0.0621 -0.0198 0.9979
vn 0.0904 0.0671 0.9936
vn 0.0912 0.0784 0.9927
vn 0.1942 0.2961 0.9352
vn 0.1344 0.1859 0.9733
vn 0.1086 0.1695 0.9795
vn 0.1153 0.1785 0.9772
vn 0.1175 0.1078 0.9872
vn 0.1713 0.0854 0.9815
vn 0.1238 0.0645 0.9902
vn 0.2468 -0.0747 0.9662
vn 0.3505 0.0321 0.9360
vn 0.3922 0.0527 0.9184
vn 0.3679 -0.0479 0.9286
vn 0.7898 -0.0911 0.6066
vn 0.6697 -0.3007 0.6791
vn 0.7232 -0.2861 0.6286
vn 0.3758 0.2961 0.8781
vn 0.4605 0.1928 0.8665
vn 0.3949 0.2972 0.8693
vn 0.3221 0.2883 0.9017
vn 0.3823 0.1526 0.9114
vn 0.3410 0.2913 0.8938
vn 0.3192 0.2459 0.9152
vn 0.2438 0.2803 0.9285
vn 0.2843 0.1268 0.9503
vn 0.2139 0.2092 0.9542
vn 0.2097 0.1697 0.9629
vn 0.1627 0.2279 0.9600
vn 0.1533 0.0910 0.9840
vn 0.1791 0.0293 0.9834
vn 0.1670 0.0772 0.9829
vn 0.1332 0.1256 0.9831
vn -0.7246 0.6672 -0.1726
vn -0.6477 0.4093 -0.6427
vn -0.7254 0.6659 -0.1745
vn -0.5573 0.8213 0.1222
vn -0.5506 0.7972 0.2476
vn -0.7811 0.6123 -0.1219
vn -0.7337 0.5926 0.3324
vn -0.7241 0.3982 0.5632
vn -0.0946 0.0278 0.9951
vn -0.3720 0.2185 0.9021
vn -0.4757 0.3210 0.8189
vn -0.4001 0.7469 0.5311
vn -0.6054 0.5395 0.5851
vn -0.7774 0.6233 -0.0852
vn -0.1926 0.7445 0.6392
vn -0.3248 0.0011 0.9458
vn -0.5624 0.1438 0.8143
vn -0.6404 -0.0003 -0.7680
vn -0.4928 0.0024 -0.8702
vn -0.4172 0.0053 -0.9088
vn -0.3399 0.0024 -0.9404
vn -0.1375 -0.0014 -0.9905
vn 0.0864 0.0002 -0.9963
vn 0.2554 0.0078 -0.9668
vn 0.3194 0.0043 -0.9476
vn 0.5456 -0.0011 -0.8380
vn 0.7122 0.0256 -0.7015
vn 0.9316 -0.0008 -0.3635
vn -0.3042 0.9037 0.3015
vn -0.1891 0.9640 0.1868
vn -0.1772 0.9678 0.1790
vn -0.0683 0.9955 0.0664
vn -0.0588 0.9965 0.0602
vn 0.0545 0.9969 -0.0560
vn 0.0613 0.9963 -0.0604
vn 0.1757 0.9685 -0.1766
vn 0.1797 0.9673 -0.1792
vn 0.2918 0.9109 -0.2918
vn -0.7067 0.0002 -0.7075
vn -0.7061 0.0049 -0.7081
vn -0.6120 0.1687 -0.7727
vn -0.4681 0.3844 -0.7957
vn -0.4436 0.4104 -0.7967
vn -0.6921 0.0329 -0.7211
vn -0.4802 0.3866 -0.7874
vn -0.4035 0.4731 -0.7832
vn -0.3815 0.4981 -0.7787
vn -0.3970 0.4797 -0.7824
vn -0.4410 0.4330 -0.7862
vn -0.4023 0.5066 -0.7626
vn -0.3430 0.5387 -0.7695
vn -0.2432 0.6246 -0.7421
vn -0.1983 0.6619 -0.7229
vn -0.0425 0.7614 -0.6468
vn 0.1082 0.8284 -0.5495
vn 0.2736 0.8669 -0.4167
vn -0.4473 0.8827 0.1443
vn -0.7542 0.3958 -0.5239
vn -0.3663 0.9288 -0.0563
vn -0.3560 0.9344 0.0082
vn -0.5742 0.7523 -0.3231
vn -0.6934 0.4873 -0.5308
vn -0.6941 0.4903 -0.5270
vn -0.2077 0.9753 -0.0757
vn -0.6410 0.4787 -0.6000
vn -0.1477 0.9602 -0.2372
vn -0.1551 0.9529 -0.2607
vn -0.4127 0.7713 -0.4846
vn -0.5455 0.5851 -0.6001
vn -0.5547 0.5438 -0.6298
vn 0.0274 0.9479 -0.3174
vn -0.5028 0.5062 -0.7007
vn -0.2469 0.7194 -0.6492
vn 0.0182 0.8902 -0.4552
vn 0.1434 0.9482 -0.2836
vn 0.0209 0.8512 -0.5244
vn -0.4319 0.5257 -0.7329
vn -0.2768 0.7200 -0.6364
vn -0.1701 0.8471 -0.5035
vn -0.1966 0.7393 -0.6440
vn -0.4540 -0.8471 0.2763
vn -0.4534 -0.8484 0.2734
vn -0.4522 -0.8623 0.2279
vn -0.3094 -0.8459 0.4345
vn -0.3164 -0.8510 0.4192
vn -0.3274 -0.8542 0.4039
vn -0.1925 -0.8434 0.5016
vn -0.2102 -0.8213 0.5304
vn 0.0959 -0.7046 0.7031
vn 0.2792 -0.5346 0.7976
vn 0.3361 -0.5874 0.7362
vn 0.5100 -0.3194 0.7987
vn 0.7332 -0.1145 0.6703
vn 0.6977 -0.0738 0.7126
vn 0.7100 0.0933 0.6980
vn 0.7134 0.1115 0.6918
vn 0.4466 0.2849 0.8482
vn 0.4257 0.3456 0.8363
vn 0.4931 0.3589 0.7925
vn 0.4719 0.3397 0.8136
vn 0.4886 0.3554 0.7968
vn 0.5041 0.3041 0.8084
vn 0.5413 0.3532 0.7631
vn 0.5159 0.3437 0.7847
vn 0.5495 0.3573 0.7553
vn 0.5575 0.3110 0.7697
vn 0.5917 0.3432 0.7294
vn 0.5668 0.3431 0.7490
vn 0.6134 0.3486 0.7087
vn 0.6152 0.3112 0.7244
vn 0.6236 0.3303 0.7085
vn 0.6427 0.3284 0.6921
vn 0.6669 0.3003 0.6820
vn 0.6689 0.3293 0.6664
vn 0.6734 0.3099 0.6712
vn 0.6874 0.3080 0.6578
vn 0.7140 0.3024 0.6315
vn 0.7095 0.2794 0.6469
vn 0.7123 0.2820 0.6428
vn 0.6884 0.3482 0.6363
vn 0.7485 0.2539 0.6126
vn 0.7515 0.2630 0.6051
vn 0.8008 0.2948 0.5213
vn 0.7568 0.2597 0.5998
vn 0.7845 0.2282 0.5767
vn 0.7800 0.2071 0.5905
vn 0.7912 0.2045 0.5764
vn 0.7917 0.2314 0.5654
vn 0.8042 0.1868 0.5643
vn 0.8109 0.1596 0.5630
vn 0.8223 0.1524 0.5483
vn 0.8324 0.1912 0.5201
vn 0.8268 0.1150 0.5506
vn 0.8317 0.0813 0.5492
vn 0.8481 -0.0167 0.5296
vn 0.1309 -0.9568 -0.2597
vn -0.1490 -0.9831 -0.1064
vn -0.0148 -0.9833 -0.1811
vn -0.1570 -0.9831 -0.0940
vn -0.2851 -0.9583 -0.0183
vn -0.2987 -0.9544 0.0039
vn -0.4306 -0.8984 0.0864
vn -0.4341 -0.8952 0.1007
vn 0.1650 -0.9645 -0.2064
vn 0.0201 -0.9922 -0.1227
vn 0.0974 -0.9813 -0.1663
vn 0.1539 -0.9648 -0.2131
vn -0.0321 -0.9961 -0.0825
vn 0.0331 -0.9890 -0.1441
vn -0.1174 -0.9926 -0.0298
vn -0.2559 -0.9641 0.0709
vn -0.1628 -0.9866 0.0088
vn -0.1012 -0.9932 -0.0576
vn -0.3905 -0.9016 0.1858
vn -0.3375 -0.9310 0.1388
vn -0.2816 -0.9552 0.0910
vn -0.2339 -0.9718 0.0298
vn -0.4135 -0.8927 0.1791
vn -0.4475 -0.8656 0.2247
vn -0.4091 -0.8981 0.1614
vn 0.5149 0.1354 0.8465
vn 0.5446 0.1178 0.8304
vn 0.6091 -0.3574 0.7080
vn 0.5471 0.1032 0.8307
vn 0.5465 0.1220 0.8285
vn 0.6069 -0.3652 0.7059
vn 0.5169 -0.7590 0.3958
vn 0.5124 -0.7644 0.3913
vn 0.3394 -0.9386 0.0624
vn 0.3359 -0.9400 0.0597
vn 0.2363 -0.9710 0.0349
vn 0.5695 0.1051 0.8153
vn 0.5642 -0.3738 0.7362
vn 0.5723 0.1190 0.8114
vn 0.5623 -0.3779 0.7355
vn 0.4068 -0.7857 0.4660
vn 0.1630 -0.9812 0.1030
vn 0.2621 -0.9470 0.1859
vn 0.4038 -0.7885 0.4639
vn 0.1205 -0.9845 0.1278
vn 0.5950 0.0913 0.7985
vn 0.5288 -0.3773 0.7603
vn 0.6095 0.1208 0.7835
vn 0.3060 -0.7868 0.5360
vn 0.5274 -0.3795 0.7601
vn 0.3042 -0.7882 0.5351
vn 0.0144 -0.9827 0.1849
vn 0.1716 -0.9370 0.3041
vn 0.0049 -0.9744 0.2250
vn 0.6228 0.0859 0.7776
vn -0.0625 -0.9667 0.2481
vn 0.6408 0.1040 0.7606
vn 0.4895 -0.3702 0.7895
vn 0.2042 -0.7635 0.6127
vn 0.4880 -0.3720 0.7896
vn -0.0654 -0.9337 0.3522
vn -0.0681 -0.9340 0.3507
vn 0.2023 -0.7645 0.6120
vn 0.6441 0.0812 0.7606
vn -0.1773 -0.9253 0.3354
vn 0.4417 -0.3488 0.8266
vn 0.6896 0.1309 0.7122
vn 0.6629 0.0876 0.7435
vn 0.4929 -0.3056 0.8147
vn 0.1011 -0.7136 0.6932
vn -0.2111 -0.8787 0.4282
vn -0.1490 -0.8730 0.4645
vn 0.1056 -0.7118 0.6944
vn -0.2881 -0.8621 0.4170
vn 0.9149 -0.2015 0.3499
vn 0.9031 -0.1594 0.3987
vn 0.8886 -0.1125 0.4447
vn 0.8702 -0.0566 0.4895
vn 0.8525 0.0068 0.5227
vn 0.8022 0.1295 0.5829
vn -0.0001 -0.9999 -0.0126
vn -0.0007 -0.9999 -0.0147
vn -0.0000 -1.0000 -0.0092
vn -0.4189 -0.9034 0.0911
vn -0.4513 -0.8923 -0.0103
vn -0.4237 -0.9057 -0.0095
vn -0.3230 -0.9301 -0.1748
vn -0.4440 -0.8882 -0.1179
vn -0.3961 -0.9111 -0.1141
vn 0.7074 0.0046 0.7068
vn 0.7078 0.0041 0.7064
vn 0.7083 0.0036 0.7059
vn 0.7091 0.0024 0.7051
vn 0.7071 -0.0000 0.7071
vn 0.7141 -0.0057 0.7000
vn 0.7090 0.0003 0.7052
vn 0.6787 0.0007 0.7344
vn -0.2020 -0.8484 0.4892
vn -0.4706 -0.8393 0.2722
vn -0.4734 -0.8341 0.2832
vn -0.4162 -0.8777 0.2377
vn -0.4562 -0.8447 0.2800
vn -0.4694 -0.8343 0.2890
vn -0.4152 -0.8777 0.2392
vn -0.4664 -0.8349 0.2923
vn -0.4155 -0.8706 0.2633
vn -0.4643 -0.8646 0.1921
vn -0.4802 -0.8536 0.2021
vn -0.4815 -0.8666 0.1309
vn -0.4648 -0.8599 0.2109
vn -0.4683 -0.8644 0.1829
vn -0.4705 -0.8630 0.1842
vn -0.4861 -0.8573 0.1697
vn -0.4901 -0.8609 0.1365
vn -0.4861 -0.8655 0.1208
vn -0.4611 -0.8809 0.1067
vn -0.4962 -0.8676 0.0315
vn -0.4633 -0.8802 0.1033
vn -0.4964 -0.8590 0.1258
vn -0.4940 -0.8611 0.1207
vn -0.4940 -0.8662 0.0748
vn -0.4625 -0.8860 0.0330
vn -0.4802 -0.8762 0.0415
vn -0.4907 -0.8686 -0.0695
vn -0.4809 -0.8764 0.0253
vn -0.4716 -0.8815 0.0231
vn -0.4290 -0.9018 0.0518
vn -0.4403 -0.8968 -0.0429
vn -0.4437 -0.8952 -0.0415
vn -0.4381 -0.8989 -0.0090
vn -1.0000 0.0020 0.0046
vn -1.0000 -0.0001 0.0004
vn -1.0000 -0.0004 -0.0000
vn 0.0001 -0.0004 1.0000
vn -0.0005 -0.0001 1.0000
vn -0.3867 0.0051 0.9222
vn -0.4908 -0.0119 0.8712
vn -0.9138 0.0114 0.4060
vn -0.9405 0.0015 0.3398
vn 0.7815 -0.0000 -0.6239
vn 0.7818 -0.0000 -0.6235
vn 0.8991 -0.0000 -0.4377
vn 0.9010 -0.0003 -0.4339
vn 0.9726 0.0003 -0.2327
vn 0.9749 -0.0005 -0.2225
vn 0.9999 0.0005 -0.0146
vn 1.0000 -0.0006 -0.0000
vn 0.9780 0.0006 0.2087
vn 0.9749 -0.0005 0.2225
vn 0.9052 0.0005 0.4250
vn 0.9010 -0.0003 0.4339
vn 0.7840 0.0003 0.6207
vn 0.7574 -0.0032 0.6529
vn 0.7835 0.0364 0.6203
vn 0.8095 0.0888 0.5804
vn 0.7949 0.0517 0.6045
vn 0.7886 0.1922 0.5841
vn 0.8077 0.0917 0.5824
vn 0.8285 0.2441 0.5040
vn 0.9022 0.0813 0.4236
vn 0.9647 0.1643 0.2058
vn 0.9651 0.1678 0.2011
vn 0.8774 0.3660 0.3103
vn 0.8707 0.3939 0.2946
vn 0.8461 0.5108 0.1523
vn 0.9831 0.1826 -0.0143
vn 0.9408 0.2534 -0.2251
vn 0.9552 0.2292 -0.1871
vn 0.8006 0.5969 -0.0526
vn 0.8099 0.5852 -0.0403
vn 0.6977 0.6778 -0.2317
vn 0.8720 0.2435 -0.4245
vn 0.6748 0.6823 -0.2813
vn 0.7464 0.2964 -0.5958
vn 0.9541 0.0946 -0.2842
vn 0.8288 0.3058 -0.4685
vn 0.7215 0.5010 -0.4780
vn 0.7578 0.6214 -0.1989
vn 0.4881 0.8097 -0.3258
vn 0.4235 0.8662 -0.2652
vn 0.4260 0.8658 -0.2627
vn 0.5696 0.8180 -0.0804
vn 0.5656 0.8202 -0.0855
vn 0.6716 0.7359 0.0867
vn 0.6757 0.7312 0.0936
vn 0.7448 0.6166 0.2552
vn 0.7489 0.6071 0.2656
vn 0.7826 0.4659 0.4128
vn 0.7841 0.4559 0.4212
vn 0.7826 0.3015 0.5446
vn 0.7815 0.2844 0.5554
vn 0.7414 0.0976 0.6639
vn 0.7413 0.0972 0.6641
vn 0.4609 0.8872 0.0213
vn 0.3699 0.9046 -0.2121
vn 0.6576 0.5468 0.5182
vn 0.6574 0.6755 0.3339
vn 0.5922 0.7896 0.1607
vn 0.4596 0.8881 -0.0072
vn 0.7614 0.2651 0.5916
vn 0.6767 0.1457 0.7217
vn 0.7459 0.3292 0.5790
vn 0.6873 0.6591 0.3053
vn 0.3441 0.9389 -0.0042
vn 0.7286 0.2468 0.6390
vn 0.2612 0.9544 0.1446
vn 0.2661 0.9474 0.1778
vn 0.5304 0.7093 0.4643
vn 0.6950 0.2735 0.6649
vn 0.6935 0.2690 0.6684
vn 0.6668 0.2528 0.7011
vn 0.2655 0.8663 -0.4232
vn 0.0970 0.8239 -0.5584
vn -0.0739 0.7423 -0.6659
vn -0.5468 0.2954 -0.7834
vn 0.7071 -0.0000 -0.7071
vn 0.4097 0.8151 -0.4097
vn 0.4106 0.8140 -0.4109
vn 0.5209 0.6765 -0.5206
vn 0.5233 0.6720 -0.5240
vn 0.6092 0.5086 -0.6085
vn 0.6115 0.5013 -0.6122
vn 0.6712 0.3162 -0.6705
vn 0.6720 0.3105 -0.6723
vn 0.7032 0.1074 -0.7029
vn 0.7032 0.1056 -0.7032
vn 0.3465 0.8717 -0.3465
vn 0.2926 0.9102 -0.2931
vn -0.2678 -0.9622 0.0500
vn -0.3983 -0.9127 0.0917
vn -0.4277 -0.8979 0.1046
vn -0.2519 -0.9662 0.0540
vn -0.3096 -0.9474 0.0808
vn -0.3494 -0.9322 0.0944
vn -0.4345 -0.8934 0.1142
vn -0.2802 -0.9559 0.0878
vn -0.0896 -0.9955 0.0292
vn -0.4013 -0.9057 0.1366
vn -0.2557 -0.9617 0.0987
vn -0.4278 -0.8886 0.1651
vn -0.0892 -0.9953 0.0370
vn -0.0851 -0.9957 0.0373
vn -0.2684 -0.9561 0.1175
vn -0.3924 -0.9029 0.1755
vn -0.0860 -0.9952 0.0461
vn -0.2418 -0.9619 0.1278
vn -0.4102 -0.8858 0.2168
vn -0.3791 -0.8996 0.2169
vn -0.2533 -0.9560 0.1482
vn -0.0000 -0.0016 -1.0000
vn -0.0989 0.0015 -0.9951
vn -0.2393 -0.0014 -0.9709
vn -0.3226 0.0010 -0.9465
vn -0.4648 -0.0012 -0.8854
vn -0.5132 0.0007 -0.8583
vn -0.6632 -0.0005 -0.7485
vn -0.6801 0.0004 -0.7331
vn -0.8275 -0.0001 -0.5614
vn -0.8230 -0.0004 -0.5680
vn -0.9705 0.0002 -0.2410
vn -0.9350 0.0107 -0.3546
vn -0.9927 -0.0000 -0.1205
vn 0.7083 -0.0061 0.7059
vn 0.2152 -0.5630 0.7979
vn -0.1169 -0.0019 -0.9931
vn -0.1411 -0.1261 -0.9819
vn -0.1024 0.3831 -0.9180
vn -0.0268 0.5798 -0.8143
vn -0.0127 0.7776 -0.6286
vn -0.0090 0.7349 -0.6781
vn 0.0007 0.8061 -0.5918
vn -0.0011 0.8526 -0.5225
vn 0.0151 0.9103 -0.4137
vn 0.0139 0.9238 -0.3826
vn 0.0203 0.9434 -0.3311
vn 0.0134 0.9723 -0.2334
vn 0.0214 0.9899 -0.1401
vn 0.0180 0.9968 -0.0784
vn 0.0226 0.9993 -0.0310
vn -0.0025 0.0271 -0.9996
vn 0.7003 -0.2542 -0.6671
vn 0.8518 0.3763 -0.3644
vn 0.4903 -0.1436 -0.8596
vn 0.3367 -0.1317 -0.9324
vn 0.2727 -0.3671 -0.8893
vn -0.1718 -0.1699 -0.9704
vn 0.8809 -0.2154 -0.4215
vn 0.5265 -0.3590 -0.7707
vn 0.4400 -0.2662 -0.8576
vn 0.8316 -0.1697 -0.5288
vn 0.6470 -0.2984 -0.7016
vn 0.6460 -0.2938 -0.7045
vn -0.9997 0.0093 0.0223
vn 0.8435 0.4416 -0.3057
vn 0.8523 0.4237 -0.3066
vn 0.8455 0.3922 -0.3624
vn 1.0000 -0.0015 0.0036
vn 1.0000 -0.0000 0.0003
vn 1.0000 -0.0000 -0.0002
vn 1.0000 -0.0001 0.0056
vn 1.0000 -0.0017 0.0010
vn 1.0000 -0.0012 -0.0054
vn -1.0000 0.0010 -0.0054
vn -1.0000 0.0004 -0.0058
vn -0.9516 -0.2172 0.2176
vn -0.9713 -0.1540 -0.1810
vn -0.1102 -0.3669 -0.9237
vn -0.1102 -0.3774 -0.9195
vn -0.2887 -0.9408 -0.1778
vn -0.2737 -0.9393 -0.2066
vn -0.2644 -0.9237 -0.2772
vn -0.2641 -0.9021 -0.3413
vn -0.2503 -0.8846 -0.3935
vn -0.2440 -0.8333 -0.4961
vn -0.2302 -0.8122 -0.5360
vn -0.2165 -0.7396 -0.6373
vn -0.2044 -0.7190 -0.6643
vn -0.1861 -0.6227 -0.7600
vn -0.1849 -0.6345 -0.7505
vn -0.1945 -0.6346 -0.7480
vn -0.1571 -0.5516 -0.8192
vn -0.1586 -0.6123 -0.7745
vn -0.1903 -0.6460 -0.7392
vn -0.1476 -0.4868 -0.8609
vn -0.1367 -0.4776 -0.8679
vn -0.1009 -0.3364 -0.9363
vn -0.1081 -0.3424 -0.9333
vn -0.0087 -0.2015 -0.9794
vn -0.0539 -0.2045 -0.9774
vn -0.0681 -0.1747 -0.9823
vn -0.0038 -0.0000 -1.0000
vn -0.0032 0.0002 -1.0000
vn -0.9249 0.0146 -0.3800
vn -0.8403 -0.0094 -0.5420
vn -0.4192 0.0085 -0.9078
vn -0.3582 0.0001 -0.9337
vn -0.0006 -1.0000 0.0009
vn -0.0579 -0.9983 0.0002
vn 0.0141 -0.9999 -0.0022
vn 0.0067 -1.0000 -0.0014
vn -0.1146 -0.9928 0.0336
vn 0.0181 -0.9998 -0.0028
vn -1.0000 0.0002 0.0036
vn -1.0000 0.0012 0.0011
vn -1.0000 0.0013 0.0008
vn -1.0000 0.0013 0.0005
vn -1.0000 -0.0005 -0.0074
vn -1.0000 0.0013 0.0002
vn -1.0000 -0.0002 -0.0000
vn -1.0000 -0.0005 0.0012
vn -0.9820 -0.0535 -0.1809
vn -0.9996 -0.0103 -0.0275
vn -0.9998 -0.0030 0.0186
vn -1.0000 -0.0004 -0.0001
vn -0.2681 -0.9183 -0.2913
vn -0.3769 -0.9068 -0.1886
vn -0.2702 -0.9433 -0.1929
vn -0.2694 -0.9578 -0.1001
vn -0.3814 -0.9167 -0.1187
vn -0.3790 -0.9230 -0.0672
vn -0.3789 -0.9039 -0.1984
vn -0.4490 -0.8880 -0.0991
vn -0.3818 -0.9165 -0.1198
vn -0.4380 -0.8985 -0.0286
vn -0.3746 -0.9262 -0.0436
vn -0.0266 -0.0043 -0.9996
vn 0.0404 0.0418 -0.9983
vn 0.0103 -0.0054 -0.9999
vn -0.8479 0.4617 -0.2607
vn -0.1319 0.8672 -0.4801
vn -0.2381 0.7981 -0.5535
vn -1.0000 0.0023 0.0011
vn -0.9999 0.0089 0.0094
vn -1.0000 0.0006 0.0009
vn -1.0000 0.0032 0.0023
vn -1.0000 -0.0000 0.0011
vn -1.0000 0.0040 0.0059
vn -1.0000 0.0023 0.0018
vn -0.9996 0.0285 0.0048
vn -1.0000 -0.0030 0.0035
vn -1.0000 -0.0041 0.0024
vn -1.0000 -0.0046 -0.0054
vn -1.0000 0.0013 -0.0021
vn -1.0000 0.0001 -0.0054
vn -1.0000 0.0018 -0.0043
vn -0.9999 -0.0144 0.0048
vn -0.9995 0.0127 0.0283
vn -0.9997 -0.0253 0.0030
vn -0.9994 0.0125 0.0319
vn -0.2050 -0.8964 -0.3930
vn -0.1774 -0.8467 -0.5016
vn -0.1211 -0.8553 -0.5038
vn -0.1894 -0.8230 -0.5355
vn -0.0855 -0.8181 -0.5686
vn -0.1608 -0.7334 -0.6605
vn -0.1581 -0.7313 -0.6635
vn -0.1088 -0.7426 -0.6608
vn -0.0664 -0.6762 -0.7337
vn -0.1413 -0.6168 -0.7743
vn -0.0920 -0.6003 -0.7944
vn -0.1261 -0.6019 -0.7885
vn -0.0327 -0.5030 -0.8636
vn 0.0123 -0.4837 -0.8751
vn -0.0833 -0.5793 -0.8109
vn 0.0041 -0.3080 -0.9514
vn -0.0541 -0.3484 -0.9358
vn -0.0369 -0.1281 -0.9911
vn -0.1125 -0.8872 -0.4475
vn -0.1599 -0.8984 -0.4090
vn -0.2551 -0.8911 -0.3753
vn -0.1994 -0.9065 -0.3721
vn -0.3354 -0.9007 -0.2762
vn -0.1514 -0.9177 -0.3673
vn -0.1897 -0.9228 -0.3354
vn -0.2407 -0.9163 -0.3202
vn -0.3324 -0.9079 -0.2553
vn -0.4055 -0.8944 -0.1890
vn -0.3016 -0.9156 -0.2658
vn -0.2855 -0.9334 -0.2173
vn 0.0015 -1.0000 -0.0000
vn 0.0056 -1.0000 0.0057
vn 0.0150 -0.9998 0.0106
vn 0.0929 -0.9952 0.0299
vn -0.0102 -0.9862 -0.1655
vn -0.0013 0.0044 -1.0000
vn -1.0000 -0.0003 -0.0003
vn -1.0000 0.0002 -0.0001
vn -1.0000 0.0008 0.0001
vn -1.0000 -0.0029 -0.0031
vn -0.9193 0.2809 -0.2755
vn -0.6222 0.5906 -0.5139
vn -0.7568 0.5196 -0.3965
vn -0.7567 0.5421 -0.3655
vn -0.6900 0.5634 -0.4543
vn -0.6915 0.6468 -0.3216
vn -0.5927 0.6825 -0.4276
vn -0.6345 0.7678 -0.0890
vn -0.6616 0.7497 0.0192
vn -0.4701 0.8637 -0.1817
vn -0.4674 0.8644 -0.1857
vn -0.2424 0.9696 -0.0324
vn -0.2657 0.9623 0.0585
vn -0.9989 -0.0272 -0.0369
vn -0.9539 0.2999 -0.0097
vn -0.9999 0.0164 -0.0020
vn -0.6887 0.6979 -0.1963
vn -0.6245 0.7433 -0.2398
vn -0.6852 0.7213 -0.1015
vn -0.5584 0.8268 -0.0679
vn -0.1061 0.9943 0.0055
vn -0.3220 0.9467 -0.0033
vn -0.5527 0.8219 -0.1379
vn -0.4947 0.8673 -0.0546
vn -1.0000 0.0012 -0.0031
vn -0.9999 0.0113 0.0005
vn -1.0000 -0.0001 0.0002
vn -1.0000 -0.0002 0.0001
vn 0.0015 1.0000 0.0001
vn 0.0211 0.9998 0.0006
vn -0.9094 0.3380 -0.2423
vn -0.2823 0.8795 -0.3832
vn -0.8814 0.4282 -0.1997
vn -0.2165 0.9147 -0.3412
vn -0.8916 0.4243 -0.1583
vn -0.8937 0.4197 -0.1588
vn -0.8328 0.5508 -0.0555
vn -0.2427 0.9145 -0.3236
vn -0.0922 0.9738 -0.2080
vn -0.7834 0.6076 -0.1306
vn -0.1685 0.9717 -0.1655
vn -0.0102 0.9999 -0.0098
vn -0.9997 0.0221 -0.0043
vn -0.9996 0.0265 -0.0067
vn -0.9985 -0.0080 -0.0538
vn -1.0000 -0.0011 -0.0041
vn -1.0000 0.0005 -0.0024
vn -1.0000 0.0013 0.0046
vn -0.9978 0.0391 0.0541
vn -0.9996 0.0264 -0.0021
vn -0.4189 0.8941 -0.1586
vn 0.0063 -0.0571 -0.9983
vn -0.9267 0.2311 -0.2964
vn -0.9033 0.2401 -0.3554
vn -0.9208 0.2058 -0.3314
vn -0.4789 0.4943 -0.7255
vn -0.5234 0.4641 -0.7145
vn -0.3489 0.4490 -0.8226
vn -0.9257 0.1601 -0.3428
vn -0.4705 0.3108 -0.8259
vn -0.4432 0.3250 -0.8354
vn -0.9005 0.1532 -0.4071
vn -0.9173 0.1272 -0.3773
vn -0.3565 0.2325 -0.9049
vn -0.9266 0.0825 -0.3669
vn -0.2782 0.1962 -0.9403
vn -0.4348 0.1279 -0.8914
vn -0.9397 0.1050 -0.3254
vn 0.0020 0.9766 -0.2148
vn 0.0034 0.9261 -0.3773
vn 0.0023 0.1680 -0.9858
vn -0.9980 0.0570 -0.0273
vn -0.9865 -0.0730 -0.1466
vn -0.9992 0.0065 0.0405
vn -1.0000 -0.0000 0.0006
vn -1.0000 -0.0000 -0.0003
vn -0.9999 0.0014 0.0122
vn 0.0004 1.0000 -0.0009
vn -0.0007 -1.0000 0.0051
vn -0.0064 -0.9998 -0.0199
vn -0.0063 -0.9997 0.0250
vn -0.0004 -1.0000 0.0008
vn 0.0633 0.9530 -0.2962
vn 0.0001 -1.0000 -0.0001
vn 0.0001 -1.0000 -0.0022
vn -0.0007 1.0000 -0.0000
vn -0.0007 1.0000 0.0002
vn 1.0000 -0.0021 -0.0002
vn 1.0000 -0.0068 -0.0035
vn 1.0000 0.0058 -0.0036
vn 1.0000 0.0083 -0.0035
vn 0.9999 0.0127 -0.0030
vn 0.9998 0.0221 -0.0017
vn 0.9995 0.0325 -0.0000
vn -0.0036 0.0169 -0.9999
vn 0.0042 0.0784 -0.9969
vn -0.0017 0.1421 -0.9899
vn 0.0039 0.2488 -0.9685
vn 0.0006 0.2334 -0.9724
vn -0.0004 0.3625 -0.9320
vn 0.0031 0.3827 -0.9239
vn -0.0025 0.4791 -0.8777
vn 0.0041 0.5225 -0.8527
vn -0.0027 0.5885 -0.8085
vn 0.0093 0.6494 -0.7604
vn 0.0008 0.7544 -0.6565
vn 0.0024 0.7604 -0.6495
vn -0.0019 0.8291 -0.5591
vn 0.0039 0.8526 -0.5225
vn -0.0027 0.8927 -0.4506
vn 0.0038 0.9239 -0.3827
vn -0.0067 0.9526 -0.3041
vn 0.0041 0.9724 -0.2335
vn -0.0048 0.9952 -0.0979
vn -0.0006 0.9969 -0.0785
vn 0.7961 0.0551 -0.6027
vn -0.0036 0.0042 -1.0000
vn 0.8287 0.0050 -0.5597
vn -0.0003 -1.0000 0.0002
vn -0.0003 -1.0000 0.0001
vn -0.0002 -1.0000 0.0001
vn -0.0002 -1.0000 -0.0000
vn -0.0002 -1.0000 -0.0001
vn -0.0020 -1.0000 0.0039
vn 0.0004 1.0000 -0.0011
vn -0.0729 0.9820 -0.1744
vn 0.0933 0.9900 0.1056
vn -0.0051 -0.0019 -1.0000
vn -0.0003 0.0022 -1.0000
vn 0.0035 0.0206 -0.9998
vn -0.0000 -0.0054 -1.0000
vn -0.0016 0.2654 -0.9641
vn -0.0023 0.6270 -0.7790
vn -0.0003 0.8686 -0.4954
vn 0.0030 0.9822 -0.1880
vn 0.0146 -0.8581 -0.5132
vn 0.0094 -0.3457 -0.9383
vn -0.0082 0.2374 -0.9714
vn 0.0110 0.9284 -0.3714
vn 0.0137 0.7779 -0.6282
vn 0.9370 -0.0128 -0.3491
vn 0.9405 -0.0183 -0.3393
vn 0.3654 0.0178 -0.9307
vn 0.4224 -0.0096 -0.9063
vn 0.3363 0.1220 -0.9338
vn 0.9430 0.1322 -0.3053
vn 0.9098 0.0616 -0.4104
vn 0.4055 0.2064 -0.8905
vn 0.9031 0.2049 -0.3774
vn 0.3569 0.3740 -0.8560
vn 0.5326 0.5304 -0.6595
vn 0.4166 0.8284 -0.3745
vn 0.4165 0.8283 -0.3747
vn -1.0000 0.0045 -0.0052
vn -0.0000 1.0000 0.0008
vn -0.0037 1.0000 -0.0019
vn 0.0414 0.9989 0.0218
vn -0.0050 1.0000 0.0055
vn 0.2796 0.8269 -0.4879
vn 0.0460 0.9904 -0.1300
vn -0.0076 1.0000 0.0062
vn 0.3643 0.8298 -0.4227
vn 0.7074 -0.0007 0.7068
vn 0.8559 0.4401 -0.2718
vn 0.8356 0.4839 -0.2600
vn 0.8915 0.4130 -0.1862
vn 0.8625 0.4844 -0.1465
vn 0.8659 0.4789 -0.1441
vn 0.8894 0.4489 -0.0862
vn 0.9689 0.2464 -0.0228
vn 0.0184 0.9744 -0.2242
vn -0.0007 0.0072 -1.0000
vn 0.1885 0.9643 -0.1863
vn 0.3230 0.8810 -0.3458
vn 0.7049 -0.0007 0.7093
vn -0.9089 0.0140 -0.4168
vn -0.8438 -0.0331 -0.5357
vn -0.4072 -0.0204 -0.9131
vn -0.2516 -0.0623 -0.9658
vn -0.7650 0.5974 -0.2407
vn -0.7289 0.5546 -0.4014
vn -0.6451 0.5945 -0.4800
vn -0.5305 0.6080 -0.5907
vn -0.3043 0.6477 -0.6985
vn -0.3063 0.4931 -0.8143
vn -0.0084 0.7125 -0.7017
vn 0.9929 0.0515 -0.1072
vn 0.9985 0.0049 -0.0539
vn 0.9484 0.0044 -0.3172
vn 0.9999 -0.0132 0.0030
vn 0.9998 0.0191 -0.0060
vn 1.0000 0.0004 -0.0001
vn 1.0000 -0.0005 0.0002
vn 1.0000 0.0077 -0.0048
vn 1.0000 -0.0039 0.0041
vn -0.3256 0.9093 -0.2592
vn -0.1337 0.9148 -0.3812
vn 0.3596 0.5876 -0.7248
vn -0.2118 0.1687 -0.9626
vn -0.2591 0.1943 -0.9461
vn -0.7489 0.0845 -0.6573
vn -0.8340 0.1486 -0.5314
vn 0.9274 -0.3738 -0.0148
vn 0.9299 -0.3677 -0.0122
vn 0.6196 -0.7844 0.0292
vn 0.5544 -0.8321 0.0132
vn 0.3555 -0.9332 0.0533
vn -0.0680 -0.9977 0.0076
vn -0.1239 -0.9920 0.0255
vn 0.9903 -0.0967 0.1003
vn 0.9196 -0.2223 0.3241
vn 0.9503 -0.2368 0.2021
vn 0.9611 -0.2175 0.1700
vn 0.5935 -0.6296 0.5014
vn -0.2911 -0.7956 0.5313
vn 0.5609 -0.6417 0.5231
vn 0.1313 -0.8026 0.5819
vn 0.0836 -0.8018 0.5918
vn 0.9402 -0.2954 0.1699
vn 0.9464 -0.2952 0.1311
vn 0.9562 -0.2717 0.1088
vn 0.4957 -0.7937 0.3526
vn -0.1880 -0.9060 0.3791
vn -0.1218 -0.9297 0.3477
vn 0.5404 -0.7762 0.3248
vn 0.9413 -0.3278 0.0802
vn 0.9286 -0.3651 0.0654
vn 0.9616 -0.2735 0.0209
vn 0.5077 -0.8523 0.1257
vn -0.1157 -0.9704 0.2119
vn 0.5531 -0.8265 0.1049
vn -0.1980 -0.9683 0.1521
vn -0.0629 -0.9966 0.0535
vn -0.2745 -0.9611 0.0301
vn -0.3367 -0.7378 0.5851
vn -0.3023 -0.7344 0.6076
vn -0.3971 -0.7190 0.5704
vn -0.2627 -0.6725 0.6919
vn -0.4060 -0.7580 0.5105
vn -0.4201 -0.8500 0.3179
vn -0.3257 -0.8444 0.4254
vn -0.3838 -0.8130 0.4380
vn -0.3633 -0.9102 0.1988
vn -0.2801 -0.9154 0.2890
vn -0.3582 -0.9128 0.1961
vn -0.3139 -0.9461 0.0794
vn -0.3856 -0.9094 0.1556
vn -0.3280 -0.9446 -0.0087
vn -0.4280 -0.9034 0.0270
vn -0.2540 -0.9610 -0.1097
vn 0.9937 0.1120 -0.0000
vn 0.9426 0.3339 -0.0000
vn 0.8467 0.5320 -0.0000
vn 0.7071 0.7071 -0.0000
vn 0.5373 0.8434 -0.0000
vn 0.3546 0.9350 -0.0002
vn -0.9255 -0.1789 -0.3339
vn -0.8985 -0.0920 -0.4292
vn -0.9743 0.0497 -0.2195
vn 0.0026 0.7814 -0.6240
vn 0.0015 0.7071 -0.7071
vn 0.0024 0.4764 -0.8792
vn -0.0008 -1.0000 -0.0097
vn -0.0020 -1.0000 0.0041
vn -0.0301 -0.9965 0.0774
vn -0.0035 -0.9996 -0.0293
vn -0.0232 -0.9994 -0.0276
vn 1.0000 0.0002 -0.0001
vn 1.0000 0.0008 -0.0001
vn 1.0000 -0.0021 0.0001
vn 0.1416 0.9899 -0.0000
vn 0.1085 0.9941 -0.0000
vn 0.2141 0.9768 0.0010
vn 0.5329 0.8462 -0.0000
vn 0.7072 0.7070 -0.0000
vn 0.8463 0.5327 -0.0000
vn 0.9443 0.3290 -0.0000
vn 0.1761 -0.9064 -0.3841
vn 0.0998 -0.9386 -0.3302
vn 0.1526 -0.9217 -0.3567
vn 0.1807 -0.9038 -0.3880
vn 0.2034 -0.8986 -0.3888
vn 0.1518 -0.9223 -0.3553
vn 0.2045 -0.8980 -0.3896
vn 0.1649 -0.9224 -0.3494
vn 0.2273 -0.8935 -0.3873
vn 0.2256 -0.8945 -0.3860
vn 0.2232 -0.8960 -0.3838
vn 0.2207 -0.8979 -0.3809
vn 0.2123 -0.9060 -0.3662
vn 0.2285 -0.9219 -0.3128
vn 0.2370 -0.9159 -0.3239
vn 0.1874 -0.9391 -0.2880
vn 0.2740 -0.9338 -0.2300
vn 0.2414 -0.9500 -0.1982
vn 0.2130 -0.9592 -0.1858
vn 0.3897 -0.8953 -0.2159
vn 0.2372 -0.8997 -0.3665
vn 0.1294 -0.9553 -0.2657
vn 0.2703 -0.9142 -0.3019
vn 0.2599 -0.9170 -0.3026
vn 0.2549 -0.9440 -0.2097
vn 0.2616 -0.9163 -0.3032
vn -0.2803 -0.9591 -0.0388
vn -0.1052 -0.9894 -0.0997
vn -0.0319 -0.9734 -0.2267
vn -0.0295 -0.9637 -0.2652
vn 0.0004 -0.9551 -0.2963
vn -0.0427 -0.9767 -0.2105
vn 0.1776 -0.9051 -0.3863
vn 0.1197 -0.9274 -0.3544
vn -0.1618 -0.9754 -0.1496
vn -0.2815 -0.9587 -0.0399
vn -0.3051 -0.9314 -0.1985
vn -0.2765 -0.9434 -0.1833
vn -0.2720 -0.9456 -0.1787
vn 0.5017 -0.8382 -0.2137
vn 0.1615 -0.9473 -0.2766
vn -0.1236 -0.9910 -0.0512
vn 0.0271 -0.9987 -0.0420
vn 0.3228 -0.9163 -0.2369
vn 0.3590 -0.9025 -0.2380
vn 0.3595 -0.9319 -0.0486
vn 0.3545 -0.9338 -0.0479
vn 0.7632 -0.6257 -0.1611
vn 0.6173 -0.7851 -0.0502
vn 0.7632 -0.6258 -0.1611
vn 0.7629 -0.6461 -0.0245
vn 0.9400 -0.3271 -0.0971
vn 0.9459 -0.3238 -0.0210
vn 0.9867 -0.1583 -0.0359
vn 0.9274 -0.3738 -0.0144
vn 1.0000 -0.0009 -0.0002
vn 1.0000 -0.0004 -0.0002
vn 0.3310 -0.8797 -0.3414
vn 0.3290 -0.8802 -0.3420
vn 0.3251 -0.8809 -0.3439
vn 0.3948 -0.8588 -0.3264
vn 0.7653 -0.5994 -0.2346
vn 0.7944 -0.5678 -0.2157
vn 0.9870 -0.1491 -0.0599
vn 0.9900 -0.1314 -0.0509
vn 0.9907 -0.1272 -0.0486
vn 1.0000 -0.0010 -0.0003
vn 0.1295 -0.6410 -0.7566
vn 0.1101 -0.8002 -0.5895
vn 0.1579 -0.6826 -0.7135
vn 0.1673 -0.7614 -0.6263
vn 0.1916 -0.7976 -0.5720
vn 0.1797 -0.7140 -0.6766
vn 0.2088 -0.7860 -0.5820
vn 0.2088 -0.7836 -0.5851
vn 0.2189 -0.8236 -0.5232
vn 0.2829 -0.7827 -0.5543
vn 0.2533 -0.8632 -0.4368
vn 0.2529 -0.8737 -0.4155
vn 0.2547 -0.9441 -0.2092
vn 0.9410 -0.3218 -0.1047
vn 0.9371 -0.3334 -0.1029
vn 0.9219 -0.3728 -0.1052
vn 0.9377 -0.3328 -0.0999
vn 0.5866 -0.7795 -0.2198
vn 0.6553 -0.7211 -0.2249
vn 0.6751 -0.7029 -0.2237
vn 0.4823 -0.8424 -0.2402
vn 0.9469 -0.3118 -0.0785
vn 0.5544 -0.8077 -0.2005
vn 0.9431 -0.3248 -0.0707
vn 0.9445 -0.3207 -0.0708
vn 0.9250 -0.3722 -0.0761
vn 0.6515 -0.7443 -0.1472
vn 0.6791 -0.7182 -0.1518
vn 0.6142 -0.7746 -0.1508
vn -0.6515 -0.5923 -0.4741
vn 0.2984 -0.7588 -0.5790
vn 0.4743 -0.6924 -0.5437
vn 0.4933 -0.7236 -0.4828
vn 0.6181 -0.6309 -0.4689
vn 0.6273 -0.6254 -0.4641
vn 0.7773 -0.5032 -0.3775
vn 0.7746 -0.6068 -0.1786
vn 0.8311 -0.4505 -0.3260
vn 0.9231 -0.3640 -0.1238
vn 0.8512 -0.4265 -0.3060
vn 0.9694 -0.1991 -0.1434
vn 0.9709 -0.2303 -0.0663
vn 0.9781 -0.1714 -0.1181
vn 0.2214 -0.6613 -0.7167
vn 0.1980 -0.6884 -0.6978
vn 0.3015 -0.6508 -0.6968
vn 0.3922 -0.8020 -0.4505
vn 0.2343 -0.8909 -0.3890
vn 0.6222 -0.5656 -0.5412
vn 0.2121 -0.9425 -0.2582
vn 0.6319 -0.5640 -0.5316
vn 0.6981 -0.5647 -0.4403
vn 0.5902 -0.7512 -0.2956
vn 0.8333 -0.4262 -0.3521
vn 0.8533 -0.4038 -0.3299
vn 0.6121 -0.7613 -0.2137
vn 0.9732 -0.2196 -0.0690
vn 0.0448 -0.9569 -0.2871
vn 0.1242 -0.7776 -0.6164
vn 0.0532 -0.9819 -0.1818
vn 0.1450 -0.8416 -0.5203
vn 0.0481 -0.9835 -0.1744
vn 0.3857 -0.8689 -0.3101
vn 0.4761 -0.8328 -0.2824
vn 0.7947 -0.5659 -0.2197
vn 0.9398 -0.3315 -0.0836
vn 0.9905 -0.1296 -0.0466
vn 0.9907 -0.1275 -0.0470
vn 0.2571 -0.9148 -0.3116
vn -0.0002 1.0000 0.0001
vn -0.9953 0.0967 0.0003
vn -0.9564 0.2919 -0.0003
vn -0.9443 0.3291 0.0005
vn -0.8753 0.4835 -0.0004
vn -0.8462 0.5329 0.0006
vn -0.7499 0.6615 -0.0005
vn -0.7070 0.7072 0.0005
vn -0.5327 0.8463 -0.0009
vn -0.5788 0.8155 0.0008
vn -0.3677 0.9299 -0.0005
vn -0.1229 0.9924 0.0045
vn -0.2225 0.9749 -0.0000
vn -0.6145 0.6681 0.4194
vn -0.6700 0.5685 0.4774
vn -0.6956 0.5393 0.4747
vn -0.7267 0.4523 0.5170
vn -0.7579 0.3956 0.5187
vn -0.7692 0.3343 0.5445
vn -0.7994 0.2182 0.5597
vn -0.7989 0.2414 0.5509
vn -0.8144 0.1072 0.5703
vn -0.8202 0.0809 0.5663
vn -0.8172 -0.0022 0.5763
vn -0.8203 -0.0819 0.5661
vn -0.8137 -0.1120 0.5704
vn -0.8042 -0.2206 0.5519
vn -0.7951 -0.2425 0.5558
vn -0.7678 -0.3397 0.5433
vn -0.7576 -0.3968 0.5182
vn -0.7246 -0.4570 0.5158
vn -0.6954 -0.5404 0.4738
vn -0.6677 -0.5720 0.4764
vn -0.6147 -0.6685 0.4186
vn -0.0669 0.9966 0.0485
vn -0.2003 0.9694 0.1421
vn -0.3274 0.9157 0.2330
vn -0.4010 0.8733 0.2768
vn -0.4475 0.8371 0.3148
vn -0.4964 0.7956 0.3474
vn -0.5842 0.7003 0.4102
vn -0.5566 0.7355 0.3863
vn -0.5971 0.6872 0.4138
vn -0.6456 0.6140 0.4541
vn -0.6946 0.5318 0.4844
vn -0.7196 0.4756 0.5060
vn -0.7552 0.3899 0.5268
vn -0.5736 -0.0000 -0.8192
vn -0.5967 0.0260 -0.8020
vn -0.5699 -0.0141 -0.8216
vn -0.5698 0.0164 -0.8216
vn -0.5736 -0.0000 -0.8191
vn -0.4673 -0.0001 -0.8841
vn -0.4782 -0.0000 -0.8782
vn -0.5785 -0.0000 -0.8157
vn 0.5452 -0.0016 0.8383
vn 0.5815 0.0050 0.8136
vn 0.5736 -0.0000 0.8191
vn 0.5736 -0.0000 0.8192
vn 0.5731 -0.0006 0.8195
vn 0.5766 -0.0006 0.8170
vn 0.5640 0.0062 0.8257
vn 0.5722 -0.0013 0.8201
vn 0.5750 -0.0013 0.8181
vn 0.5745 -0.0013 0.8185
vn 0.5689 -0.0013 0.8224
vn 0.5757 -0.0020 0.8177
vn 0.5203 -0.0016 0.8540
vn -0.3738 -0.8891 0.2642
vn -0.3831 -0.8839 0.2682
vn -0.4660 -0.8231 0.3245
vn -0.4860 -0.8035 0.3438
vn -0.5489 -0.7437 0.3816
vn -0.5791 -0.7049 0.4096
vn -0.6157 -0.6608 0.4293
vn -0.6579 -0.5902 0.4678
vn -0.6967 -0.5279 0.4857
vn -0.7250 -0.4621 0.5107
vn -0.7377 -0.4363 0.5153
vn -0.7707 -0.3363 0.5413
vn -0.7731 -0.3299 0.5417
vn -0.7964 -0.2379 0.5560
vn -0.8117 -0.1417 0.5666
vn -0.8013 -0.1987 0.5643
vn -0.8152 -0.0881 0.5725
vn -0.8137 -0.0984 0.5729
vn -0.0000 -1.0000 -0.0001
vn 0.0006 -1.0000 0.0021
vn -0.0005 -1.0000 -0.0009
vn -0.0004 -1.0000 -0.0007
vn 0.0001 -1.0000 0.0001
vn 0.0006 -1.0000 0.0005
vn -0.9958 -0.0914 -0.0000
vn -0.9916 -0.1291 0.0008
vn -0.9611 -0.2762 -0.0005
vn -0.9242 -0.3818 0.0009
vn -0.8923 -0.4514 -0.0003
vn -0.7930 -0.6092 0.0004
vn -0.7969 -0.6041 0.0006
vn -0.6829 -0.7305 -0.0003
vn -0.6090 -0.7932 0.0009
vn -0.5533 -0.8330 -0.0002
vn -0.3865 -0.9223 0.0002
vn -0.4081 -0.9129 0.0008
vn -0.2499 -0.9683 -0.0005
vn -0.0825 -0.9966 0.0012
vn -0.0792 -0.9958 0.0463
vn -0.0813 -0.9952 0.0552
vn -0.2231 -0.9619 0.1580
vn -0.3785 -0.8859 0.2681
vn -0.2324 -0.9560 0.1790
vn -0.0724 -0.9958 0.0558
vn -0.0748 -0.9951 0.0641
vn -0.9114 0.0004 0.4116
vn -0.6327 0.0068 0.7744
vn -0.4285 -0.0020 0.9036
vn -0.1779 0.0021 0.9840
vn 0.1312 -0.0066 0.9913
vn 0.3514 0.0014 0.9362
vn -0.0371 -0.0092 0.9993
vn -0.0260 -0.0111 0.9996
vn -0.4297 0.0405 -0.9021
vn -0.1441 0.1978 -0.9696
vn -0.6375 -0.0606 -0.7680
vn -0.4079 0.0569 -0.9112
vn -0.5887 -0.0219 -0.8080
vn -0.0009 -1.0000 -0.0007
vn -0.8191 -0.0000 0.5736
vn -0.8192 0.0001 0.5736
vn -0.8190 0.0198 0.5735
vn -0.8174 0.0111 0.5759
vn 0.1308 -0.1087 0.9854
vn -0.4284 -0.0060 0.9036
vn -0.0000 0.9966 -0.0825
vn 0.0691 0.9804 -0.1843
vn 0.0289 0.9691 -0.2452
vn 0.0318 0.9155 -0.4011
vn 0.0799 0.8825 -0.4635
vn 0.0083 0.8374 -0.5465
vn 0.3706 0.8964 -0.2430
vn -0.0002 0.9828 -0.1848
vn 0.8780 0.3768 -0.2951
vn -0.9946 -0.0000 -0.1034
vn -0.9287 -0.0312 -0.3694
vn -0.4240 -0.0025 -0.9057
vn -0.4017 -0.0072 -0.9158
vn -0.9476 0.0075 -0.3192
vn -0.9292 -0.0033 -0.3697
vn -0.4240 0.0051 -0.9057
vn -0.3221 0.1621 -0.9327
vn -0.9478 0.0126 -0.3185
vn -0.9126 0.1132 -0.3928
vn -0.4581 0.3230 -0.8281
vn -0.3791 0.4295 -0.8197
vn -0.9160 0.2138 -0.3396
vn -0.0161 0.9635 -0.2671
vn -0.5356 0.5537 -0.6376
vn -0.0098 1.0000 0.0013
vn 0.0913 0.8552 -0.5102
vn 0.5118 0.8485 -0.1347
vn 0.1017 0.3071 -0.9462
vn 0.3689 0.3944 -0.8416
vn 0.2211 0.6097 -0.7611
vn 0.0971 0.5856 -0.8048
vn 0.2889 0.3260 -0.9001
vn 0.5551 0.8052 -0.2085
vn 0.4778 0.6929 -0.5400
vn 0.6172 0.4672 -0.6331
vn 0.5837 0.4221 -0.6936
vn 0.6541 0.4722 -0.5909
vn 0.7936 0.4931 -0.3565
vn 0.6211 0.7436 -0.2474
vn 0.8990 0.4319 -0.0729
vn 0.0606 0.0083 -0.9981
vn 0.1899 0.0174 -0.9817
vn 0.3144 0.0647 -0.9471
vn 0.3685 0.0548 -0.9280
vn 0.6978 0.0816 -0.7117
vn 0.7686 0.1165 -0.6290
vn 0.7838 0.1101 -0.6112
vn 0.9247 0.1037 -0.3664
vn 0.9798 0.1355 -0.1473
vn 0.9748 0.1037 -0.1975
vn 0.4188 -0.0047 -0.9080
vn 0.3152 0.0258 -0.9487
vn 0.7738 -0.0178 -0.6332
vn 0.9188 0.0169 -0.3944
vn 0.9798 -0.0074 -0.1998
vn -0.0031 0.2630 -0.9648
vn 0.0179 0.7877 -0.6159
vn -0.0058 0.9643 -0.2648
vn 0.4269 0.8880 -0.1711
vn 0.0005 1.0000 0.0001
vn 0.6559 0.7317 -0.1856
vn 0.4224 0.8785 -0.2232
vn 0.9611 0.2666 -0.0719
vn 0.9064 0.3706 -0.2028
vn 0.9952 0.0955 -0.0209
vn 0.6557 0.7319 -0.1855
vn 0.9672 0.2343 -0.0979
vn 0.5402 0.7040 -0.4610
vn 0.9612 0.2307 -0.1511
vn 0.9616 0.2301 -0.1497
vn 0.6401 0.6628 -0.3887
vn 0.3368 0.8162 -0.4694
vn 0.4385 0.7957 -0.4179
vn 0.9673 0.1843 -0.1744
vn 0.2428 0.7009 -0.6707
vn 0.9625 0.1663 -0.2141
vn 0.9587 0.1680 -0.2294
vn 0.7290 0.4199 -0.5405
vn 0.2888 0.5498 -0.7838
vn 0.3446 0.5650 -0.7496
vn 0.6871 0.4172 -0.5948
vn 0.2389 0.4522 -0.8593
vn 0.9669 0.1113 -0.2295
vn 0.9641 0.0860 -0.2510
vn 0.9550 0.0793 -0.2859
vn 0.7199 0.2249 -0.6566
vn 0.6975 0.2159 -0.6833
vn 0.3006 0.2874 -0.9094
vn 0.3264 0.3000 -0.8964
vn 0.2371 0.1562 -0.9589
vn 0.9662 0.0231 -0.2568
vn 0.9596 -0.0002 -0.2814
vn 0.7083 -0.0004 -0.7059
vn 0.3103 0.0005 -0.9506
vn 0.0007 0.0851 -0.9964
vn -0.0064 0.2264 -0.9740
vn 0.0005 0.4637 -0.8860
vn 0.0026 0.4166 -0.9091
vn 0.0038 0.6553 -0.7554
vn -0.0102 0.7876 -0.6161
vn 0.0002 1.0000 0.0003
vn -0.0064 0.7362 -0.6768
vn 0.0053 0.7225 -0.6914
vn -0.0054 0.6149 -0.7886
vn 0.0043 0.6019 -0.7986
vn -0.0044 0.4768 -0.8790
vn 0.0033 0.4657 -0.8849
vn -0.0034 0.3258 -0.9454
vn 0.0022 0.3174 -0.9483
vn -0.0023 0.1659 -0.9861
vn 0.0011 0.1608 -0.9870
vn -0.0011 -0.0000 -1.0000
vn -0.0018 0.0053 -1.0000
vn 0.0006 0.0020 -1.0000
vn -0.9814 -0.0007 -0.1922
vn -0.9548 0.0054 0.2973
vn 0.0007 -0.0053 -1.0000
vn -0.0002 0.0132 -0.9999
vn 0.0015 -0.0044 -1.0000
vn -0.0000 0.0002 -1.0000
vn -1.0000 -0.0001 -0.0001
vn -0.0000 1.0000 -0.0001
vn 0.0021 0.9999 0.0103
vn 1.0000 -0.0008 -0.0005
vn 1.0000 0.0006 -0.0008
vn 1.0000 0.0009 -0.0008
vn 1.0000 0.0011 -0.0007
vn 1.0000 0.0014 -0.0006
vn 1.0000 0.0016 -0.0003
vn 0.9999 0.0126 0.0053
vn 0.9999 0.0104 0.0067
vn 0.9999 0.0078 0.0074
vn 1.0000 0.0055 0.0075
vn 1.0000 -0.0073 0.0052
vn 0.9994 -0.0048 0.0333
vn 0.0602 -0.9614 -0.2684
vn -0.0323 -0.9989 -0.0347
vn -0.0000 -0.9966 -0.0827
vn 0.0745 -0.9667 -0.2450
vn 0.0858 -0.9122 -0.4005
vn -0.0061 -0.7353 -0.6777
vn 0.0049 -0.7225 -0.6914
vn -0.0051 -0.6135 -0.7896
vn 0.0038 -0.6019 -0.7986
vn -0.0039 -0.4751 -0.8799
vn 0.0027 -0.4657 -0.8849
vn -0.0028 -0.3237 -0.9462
vn 0.0015 -0.3174 -0.9483
vn -0.0015 -0.1633 -0.9866
vn 0.0002 -0.1608 -0.9870
vn -0.0002 0.0014 -1.0000
vn 0.3195 -0.9397 -0.1222
vn 0.2098 -0.9771 -0.0339
vn 0.6593 -0.7365 -0.1514
vn 0.4536 -0.8782 -0.1515
vn 0.3850 -0.8889 -0.2482
vn 0.2021 -0.9608 -0.1896
vn 0.7057 -0.6878 -0.1702
vn 0.9568 -0.2852 -0.0564
vn 0.9452 -0.3231 -0.0466
vn 0.9672 -0.2343 -0.0978
vn 0.6747 -0.6894 -0.2636
vn 0.7344 -0.5682 -0.3712
vn 0.9611 -0.2316 -0.1504
vn 0.9614 -0.2302 -0.1504
vn 0.6770 -0.5849 -0.4466
vn 0.1696 -0.8895 -0.4242
vn -0.0285 -0.9337 -0.3570
vn 0.3299 -0.7504 -0.5728
vn 0.2431 -0.7008 -0.6707
vn 0.9673 -0.1845 -0.1742
vn 0.9634 -0.1587 -0.2162
vn 0.9604 -0.1711 -0.2198
vn 0.7297 -0.4201 -0.5395
vn 0.2808 -0.5777 -0.7664
vn 0.3240 -0.5425 -0.7751
vn 0.6863 -0.4171 -0.5959
vn 0.2391 -0.4522 -0.8593
vn 0.9669 -0.1115 -0.2294
vn 0.9650 -0.0704 -0.2526
vn 0.9598 -0.0912 -0.2654
vn 0.7208 -0.2253 -0.6555
vn 0.6966 -0.2155 -0.6844
vn 0.2944 -0.3033 -0.9063
vn 0.3181 -0.2848 -0.9043
vn 0.2371 -0.1562 -0.9589
vn 0.9662 -0.0235 -0.2568
vn 0.3096 -0.0000 -0.9509
vn 0.7094 0.0004 -0.7048
vn 0.0672 -0.8451 -0.5304
vn -0.0084 -0.7121 -0.7021
vn -0.0026 -0.2135 -0.9769
vn -0.1159 -0.9922 -0.0449
vn -0.0191 -0.9997 -0.0160
vn 0.0043 -1.0000 -0.0016
vn 0.0003 -1.0000 -0.0023
vn -0.0016 -1.0000 -0.0001
vn 0.0070 -1.0000 -0.0000
vn -0.0000 -0.9999 0.0162
vn -0.0002 -1.0000 0.0007
vn -0.0188 -0.9998 0.0028
vn 0.0619 -0.9981 0.0002
vn -0.0257 0.0138 -0.9996
vn 0.0001 -0.0012 -1.0000
vn -0.0011 0.0041 -1.0000
vn 0.0002 0.0001 -1.0000
vn 0.0002 -0.0000 -1.0000
vn 0.9999 -0.0016 0.0147
vn 1.0000 -0.0001 -0.0001
vn 0.3470 0.0012 0.9379
vn 0.4007 0.0091 0.9162
vn 0.8402 -0.0095 0.5422
vn 0.9262 0.0150 0.3767
vn -0.0024 -0.1991 -0.9800
vn -0.0000 -0.1547 -0.9880
vn 0.0021 -0.4531 -0.8915
vn -0.0014 -0.5453 -0.8382
vn 0.0031 -0.7073 -0.7069
vn -0.0004 -0.8030 -0.5960
vn 0.0009 -0.8916 -0.4527
vn -0.0004 -0.9075 -0.4200
vn 0.0029 -0.9880 -0.1546
vn 0.2733 -0.9515 -0.1410
vn 0.4492 -0.8882 -0.0969
vn 0.6633 -0.3869 -0.6406
vn 0.4697 -0.7935 -0.3870
vn 0.7027 -0.4498 -0.5513
vn 0.4441 -0.7706 -0.4572
vn 0.4103 -0.3961 -0.8215
vn 0.1931 -0.7286 -0.6571
vn 0.2828 -0.4099 -0.8672
vn 0.8777 -0.1425 -0.4576
vn 0.4447 -0.0317 -0.8951
vn 0.4111 -0.0021 -0.9116
vn 0.8742 0.0113 -0.4855
vn 0.8669 0.0070 -0.4985
vn 0.4440 0.0242 -0.8957
vn 0.1957 -0.0210 -0.9804
vn 0.1085 -0.8973 -0.4279
vn 0.0078 -0.8368 -0.5474
vn 0.2291 -0.9608 -0.1559
vn 0.2716 -0.9124 -0.3062
vn 0.2563 -0.9157 -0.3095
vn -0.0000 1.0000 0.0001
vn -0.0041 0.9999 -0.0103
vn 0.0177 0.9997 0.0152
vn 0.0007 1.0000 -0.0001
vn -1.0000 0.0048 0.0019
vn -1.0000 -0.0008 -0.0000
vn -1.0000 -0.0001 -0.0000
vn -0.0000 -0.0001 -1.0000
vn 0.0004 0.0001 -1.0000
vn -0.0000 -0.9889 -0.1483
vn -0.0778 -0.9936 -0.0824
vn 0.0171 -0.9692 -0.2455
vn 0.0120 -0.9157 -0.4018
vn -0.0927 -0.8335 -0.5447
vn -0.0134 -0.8704 -0.4921
vn 0.0060 -0.7356 -0.6774
vn -0.0049 -0.7212 -0.6927
vn 0.0051 -0.6140 -0.7893
vn -0.0039 -0.6007 -0.7994
vn 0.0040 -0.4757 -0.8796
vn -0.0028 -0.4647 -0.8854
vn 0.0029 -0.3243 -0.9459
vn -0.0017 -0.3167 -0.9485
vn 0.0017 -0.1642 -0.9864
vn -0.0005 -0.1604 -0.9871
vn 0.0005 -0.0000 -1.0000
vn 0.0008 0.0004 -1.0000
vn -0.0007 0.1604 -0.9870
vn 0.0020 0.1650 -0.9863
vn -0.0019 0.3167 -0.9485
vn 0.0031 0.3250 -0.9457
vn -0.0030 0.4647 -0.8855
vn 0.0042 0.4762 -0.8793
vn -0.0040 0.6007 -0.7994
vn 0.0052 0.6144 -0.7890
vn -0.0050 0.7212 -0.6927
vn 0.0061 0.7359 -0.6771
vn -0.0188 0.8990 -0.4375
vn -0.1663 0.8256 -0.5392
vn -0.0708 0.9135 -0.4006
vn -0.0708 0.9670 -0.2448
vn -0.0554 0.9613 -0.2699
vn 0.0293 0.9990 -0.0342
vn -0.0000 0.9966 -0.0826
vn -0.0444 0.9985 0.0311
vn -0.1273 0.9879 0.0885
vn -0.1920 0.9720 0.1355
vn -0.2375 0.9569 0.1674
vn -0.4086 0.8680 0.2822
vn -0.5896 -0.7102 0.3848
vn -0.4204 -0.8534 0.3082
vn -0.4159 -0.8690 0.2680
vn -0.2519 -0.9332 0.2564
vn -0.0519 -0.9950 0.0854
vn -0.1067 -0.9898 0.0948
vn -0.8520 0.4022 -0.3352
vn -0.6970 0.2063 -0.6867
vn -0.7521 0.5012 -0.4279
vn -0.7301 0.5108 -0.4540
vn -0.7448 0.6387 -0.1933
vn -0.7246 0.6335 0.2715
vn -0.7306 0.6178 0.2908
vn -0.7661 0.6352 0.0977
vn -0.8108 0.5826 -0.0571
vn -0.7850 0.5233 0.3316
vn -0.8829 0.3023 -0.3592
vn -0.7564 0.0861 -0.6484
vn -0.7207 0.1159 -0.6834
vn -0.8846 0.3006 -0.3565
vn -0.9079 0.4175 -0.0374
vn -0.9261 0.3767 0.0185
vn -0.8493 0.3829 0.3634
vn -0.8433 0.4292 0.3235
vn -0.8865 0.2341 0.3992
vn -0.9159 0.1480 0.3732
vn -0.9904 0.1289 0.0499
vn -0.9887 0.1464 0.0319
vn -0.9085 0.0786 0.4104
vn -0.9429 0.1045 -0.3161
vn -0.9427 0.1051 -0.3167
vn -0.7552 0.0433 -0.6541
vn -0.9333 -0.0776 0.3507
vn -0.9015 -0.1478 0.4067
vn -0.9905 -0.1278 0.0502
vn -0.8864 -0.2341 0.3994
vn -0.9431 -0.1041 -0.3158
vn -0.9888 -0.1457 0.0318
vn -0.7553 -0.0435 -0.6539
vn -0.9425 -0.1054 -0.3171
vn -0.7441 -0.0688 -0.6646
vn -0.9265 -0.3758 0.0189
vn -0.8689 -0.3788 0.3186
vn -0.8324 -0.4305 0.3489
vn -0.7849 -0.5234 0.3317
vn -0.8852 -0.4557 -0.0933
vn -0.8617 -0.3531 -0.3644
vn -0.7490 -0.1418 -0.6472
vn -0.8934 -0.3237 -0.3116
vn -0.7159 -0.6468 0.2629
vn -0.8210 -0.5618 -0.1020
vn -0.7609 -0.6279 -0.1636
vn -0.8089 -0.4513 -0.3768
vn -0.7703 -0.4670 -0.4342
vn -0.7114 -0.2204 -0.6674
vn -0.8218 -0.4064 -0.3994
vn -0.9964 0.0126 -0.0837
vn -0.9944 0.0190 -0.1039
vn -0.9991 0.0227 -0.0360
vn -0.9991 0.0116 -0.0409
vn -0.9894 0.0098 -0.1449
vn -0.9948 0.0202 -0.0999
vn -0.9944 0.0407 -0.0976
vn -0.9594 0.0211 -0.2812
vn -0.9828 0.1045 -0.1520
vn -0.9823 0.0609 -0.1773
vn -0.9701 0.0881 -0.2264
vn -0.9707 0.0265 -0.2388
vn -0.9413 0.0321 -0.3361
vn -0.9258 0.2544 -0.2795
vn -0.9481 0.0366 -0.3158
vn -0.9471 0.1125 -0.3004
vn -0.9444 0.1134 -0.3087
vn -0.9445 0.2108 -0.2520
vn -0.9023 0.0334 -0.4297
vn -0.9011 0.1545 -0.4051
vn -0.9580 0.2267 -0.1756
vn -0.8544 0.0502 -0.5172
vn -0.8876 0.1591 -0.4322
vn -0.8875 0.2984 -0.3511
vn -0.8869 0.3988 -0.2333
vn -0.8863 0.2995 -0.3533
vn -0.8607 0.1790 -0.4765
vn -0.8628 0.0542 -0.5026
vn -0.8733 0.4181 -0.2501
vn -0.7855 0.5851 -0.2014
vn -0.8447 0.3468 -0.4077
vn -0.8447 0.1833 -0.5029
vn -0.8425 0.3483 -0.4110
vn -0.8426 0.4687 -0.2652
vn -0.8769 0.4692 -0.1041
vn -0.7962 0.0493 -0.6030
vn -0.7940 0.2150 -0.5687
vn -0.8082 0.5111 -0.2924
vn -0.8082 0.5804 -0.0995
vn -0.7506 0.0664 -0.6574
vn -0.7634 0.2169 -0.6084
vn -0.7639 0.4179 -0.4918
vn -0.8204 0.3881 -0.4199
vn -0.7767 0.5529 -0.3018
vn -0.7155 0.6889 0.1160
vn -0.6725 0.7364 0.0736
vn -0.6813 0.7182 -0.1415
vn -0.8021 0.0769 -0.5923
vn -0.8020 0.1995 -0.5630
vn -0.7123 0.1981 -0.6734
vn -0.7528 0.4452 -0.4849
vn -0.7656 0.5645 -0.3085
vn -0.8179 0.5551 -0.1511
vn -0.6994 0.6523 0.2922
vn -0.9092 -0.3766 -0.1774
vn -0.9914 -0.1305 -0.0113
vn -0.9491 -0.3045 -0.0811
vn -0.9649 -0.2586 -0.0455
vn -0.5967 -0.7776 -0.1984
vn -0.7891 -0.6049 -0.1066
vn -0.9658 -0.2352 -0.1093
vn -0.9491 -0.2583 -0.1804
vn -0.9649 -0.2274 -0.1313
vn -0.3878 -0.8024 -0.4536
vn -0.2386 -0.7004 -0.6727
vn -0.9658 -0.1836 -0.1831
vn -0.7386 -0.4333 -0.5164
vn -0.9491 -0.1810 -0.2579
vn -0.9649 -0.1688 -0.2011
vn -0.3306 -0.5670 -0.7545
vn -0.3050 -0.5594 -0.7707
vn -0.6806 -0.4304 -0.5929
vn -0.2377 -0.4514 -0.8601
vn -0.9658 -0.1099 -0.2349
vn -0.9491 -0.0819 -0.3043
vn -0.9649 -0.0898 -0.2467
vn -0.7275 -0.2347 -0.6447
vn -0.3223 -0.2998 -0.8979
vn -0.3099 -0.2936 -0.9043
vn -0.6947 -0.2221 -0.6842
vn -0.2373 -0.1558 -0.9589
vn -0.9658 -0.0229 -0.2583
vn -0.3143 -0.0000 -0.9493
vn -0.9490 0.0272 -0.3140
vn -0.9649 -0.0000 -0.2625
vn -0.7117 -0.0000 -0.7024
vn -0.7118 -0.0000 -0.7024
vn -0.2373 0.1558 -0.9589
vn -0.9658 0.0669 -0.2506
vn -0.3066 0.3014 -0.9028
vn -0.3182 0.2928 -0.9017
vn -0.6947 0.2221 -0.6841
vn -0.9490 0.1331 -0.2859
vn -0.9650 0.0897 -0.2466
vn -0.7275 0.2347 -0.6447
vn -0.2377 0.4514 -0.8601
vn -0.9658 0.1487 -0.2126
vn -0.6806 0.4304 -0.5929
vn -0.2993 0.5732 -0.7628
vn -0.3217 0.5562 -0.7662
vn -0.7386 0.4333 -0.5164
vn -0.9489 0.2232 -0.2232
vn -0.9650 0.1686 -0.2009
vn -0.2386 0.7004 -0.6727
vn -0.9657 0.2126 -0.1488
vn -0.2939 0.8594 -0.4183
vn -0.3936 0.8054 -0.4431
vn -0.6155 0.6905 -0.3799
vn -0.9588 0.2459 -0.1420
vn -0.5820 0.7042 -0.4066
vn -0.9658 0.2352 -0.1096
vn -0.9657 0.2507 -0.0671
vn -0.9488 0.3148 -0.0274
vn -0.9896 0.1115 -0.0904
vn -0.9374 0.3417 -0.0669
vn -0.5873 0.8007 -0.1181
vn -0.8227 0.5219 -0.2255
vn -0.6925 0.6925 -0.2024
vn -0.5148 0.8314 -0.2094
vn -0.3524 0.9010 -0.2529
vn -0.3123 0.9194 -0.2393
vn -0.3529 0.9005 -0.2541
vn -0.1119 0.9931 -0.0340
vn -0.1120 0.9937 -0.0002
vn -0.1947 0.9809 0.0037
vn -0.3652 0.9309 -0.0024
vn -0.5261 0.8504 0.0013
vn -0.4890 0.8723 -0.0013
vn -0.7143 0.6998 0.0009
vn -0.7071 0.7071 0.0015
vn -0.8596 0.5110 -0.0006
vn -0.8447 0.5352 0.0010
vn -0.9588 0.2841 -0.0019
vn -0.9395 0.3426 0.0018
vn -0.9955 0.0950 -0.0008
vn -0.9937 0.1120 -0.0000
vn -0.7134 0.6985 -0.0563
vn -0.5626 0.8206 -0.1008
vn -0.8550 0.5083 -0.1034
vn -0.8416 0.5293 -0.1079
vn -0.9491 0.2814 -0.1416
vn -0.9878 0.0950 -0.1232
vn -0.4061 0.9138 0.0014
vn -0.3325 0.9431 -0.0082
vn -0.2559 0.9653 -0.0525
vn -0.7110 0.6437 0.2831
vn -0.5436 0.7803 0.3091
vn -0.3354 0.9421 0.0073
vn -0.6104 0.7844 0.1104
vn -0.6921 0.7032 0.1628
vn -0.5171 0.8548 -0.0442
vn -0.5764 0.8033 0.1499
vn -0.6579 0.7491 0.0774
vn -0.6679 0.7415 0.0644
vn -0.6165 0.7814 -0.0963
vn -0.5726 0.8176 -0.0600
vn -0.8167 0.5725 -0.0731
vn -0.8004 0.5815 -0.1458
vn -0.8560 0.4787 -0.1952
vn -0.8366 0.5312 -0.1339
vn 0.9488 -0.0002 -0.3160
vn 0.9327 0.0012 -0.3607
vn 0.4538 -0.0012 -0.8911
vn 0.4354 -0.0005 -0.9003
vn -0.0001 -1.0000 -0.0000
vn -0.9964 -0.0118 -0.0834
vn -0.9984 -0.0249 -0.0512
vn -0.9984 -0.0189 -0.0533
vn -0.9983 -0.0248 -0.0526
vn -0.9961 -0.0342 -0.0816
vn -0.9962 -0.0117 -0.0859
vn -0.9893 -0.0195 -0.1448
vn -0.9823 -0.0171 -0.1867
vn -0.9820 -0.0673 -0.1768
vn -0.9592 -0.0307 -0.2812
vn -0.9905 -0.0715 -0.1174
vn -0.9789 -0.1253 -0.1617
vn -0.9785 -0.0696 -0.1939
vn -0.9628 -0.1622 -0.2162
vn -0.9593 -0.1723 -0.2239
vn -0.9586 -0.0962 -0.2679
vn -0.9413 -0.0312 -0.3361
vn -0.9472 -0.0359 -0.3185
vn -0.9460 -0.1176 -0.3020
vn -0.9425 -0.2767 -0.1873
vn -0.9055 -0.1447 -0.3990
vn -0.9063 -0.2632 -0.3307
vn -0.9179 -0.2523 -0.3064
vn -0.9216 -0.3316 -0.2015
vn -0.8855 -0.1666 -0.4336
vn -0.8871 -0.0363 -0.4601
vn -0.8539 -0.0546 -0.5176
vn -0.9338 -0.3099 -0.1790
vn -0.8435 -0.3524 -0.4055
vn -0.8441 -0.1837 -0.5037
vn -0.7848 -0.5520 -0.2818
vn -0.8233 -0.0467 -0.5657
vn -0.8212 -0.2027 -0.5335
vn -0.8080 -0.5169 -0.2827
vn -0.8083 -0.3758 -0.4532
vn -0.7507 -0.0608 -0.6579
vn -0.8160 -0.5458 -0.1902
vn -0.7501 -0.2216 -0.6231
vn -0.7451 -0.4376 -0.5034
vn -0.7674 -0.2107 -0.6056
vn -0.7670 -0.0671 -0.6381
vn -0.7848 -0.5460 -0.2932
vn -0.8126 -0.3939 -0.4295
vn -0.6990 -0.6212 -0.3543
vn -0.7312 -0.6573 -0.1823
vn -0.6842 -0.5086 -0.5228
vn -0.7261 -0.2158 -0.6529
vn -0.7227 -0.6788 0.1301
vn -0.7277 -0.5936 -0.3436
vn -0.2644 -0.9591 0.1008
vn -0.4320 -0.8970 -0.0940
vn -0.6051 -0.7832 0.1430
vn -0.3751 -0.9267 0.0234
vn -0.4585 -0.8885 -0.0170
vn -0.6055 -0.7931 -0.0660
vn -0.6530 -0.7512 0.0969
vn -0.6543 -0.7504 0.0939
vn -0.7926 -0.5891 -0.1575
vn -0.6225 -0.7787 -0.0781
vn -0.7949 -0.5878 -0.1504
vn -0.8105 -0.5621 -0.1647
vn -0.8099 -0.5634 -0.1633
vn -0.8987 -0.3923 -0.1964
vn -0.1193 -0.9928 -0.0110
vn -0.0144 -0.9995 -0.0295
vn -0.0011 -1.0000 -0.0002
vn -0.3522 -0.9359 -0.0104
vn -0.1317 -0.9912 -0.0120
vn -0.2374 -0.9701 -0.0507
vn -0.2377 -0.9701 -0.0491
vn -0.2733 -0.9606 -0.0503
vn -0.4170 -0.9048 -0.0862
vn -0.4248 -0.9044 -0.0390
vn -0.4456 -0.8914 -0.0832
vn -0.5953 -0.8007 -0.0679
vn -0.5964 -0.7999 -0.0676
vn -0.5881 -0.8001 -0.1183
vn -0.6167 -0.7797 -0.1085
vn -0.8065 -0.5864 -0.0756
vn -0.8083 -0.5841 -0.0747
vn -0.7971 -0.5850 -0.1495
vn -0.9190 -0.3791 -0.1084
vn -0.8151 -0.5633 -0.1354
vn -0.9675 -0.2399 -0.0802
vn -0.9115 -0.3776 -0.1628
vn -0.9430 -0.2614 -0.2059
vn -0.9928 -0.0447 -0.1114
vn -0.9891 -0.1273 -0.0740
vn -0.9299 -0.2990 -0.2140
vn -0.1305 -0.9914 -0.0000
vn -0.1193 -0.9929 -0.0006
vn -0.3827 -0.9239 -0.0004
vn -0.3523 -0.9359 0.0010
vn -0.6088 -0.7934 0.0013
vn -0.5965 -0.8026 0.0023
vn -0.8090 -0.5877 -0.0007
vn -0.7937 -0.6084 0.0008
vn -0.9244 -0.3815 -0.0001
vn -0.9239 -0.3827 -0.0000
vn -0.9916 -0.1290 -0.0000
vn -0.9914 -0.1305 0.0001
vn -0.1291 -0.9807 -0.1471
vn -0.3755 -0.9065 -0.1928
vn -0.4681 -0.8531 -0.2306
vn -0.4515 -0.7878 -0.4188
vn -0.5466 -0.7252 -0.4187
vn -0.6083 -0.7008 -0.3726
vn -0.5721 -0.7918 -0.2140
vn -0.4747 0.8511 0.2244
vn -0.4577 0.8536 0.2488
vn -0.3599 0.9262 0.1123
vn -0.5493 0.8211 0.1550
vn -0.4882 0.8706 -0.0602
vn -0.1947 0.9809 -0.0040
vn -0.2049 0.9787 -0.0088
vn -0.2408 0.9700 -0.0345
vn -0.2554 0.9652 -0.0556
vn -1.0000 0.0076 0.0001
vn -1.0000 -0.0030 0.0009
vn -1.0000 -0.0034 0.0010
vn -1.0000 -0.0000 -0.0012
vn -0.8862 -0.4370 -0.1535
vn -0.8597 -0.4913 -0.1397
vn -0.7214 -0.6408 0.2626
vn -0.6873 -0.6679 0.2855
vn -0.5379 -0.8254 0.1711
vn -0.0955 -0.9951 0.0248
vn -0.1069 -0.9932 0.0458
vn -0.1259 -0.9920 0.0024
vn -0.1174 -0.9811 -0.1541
vn -0.9992 -0.0411 0.0001
vn -0.0476 -0.9989 -0.0009
vn 1.0000 -0.0000 0.0002
vn 0.2393 0.0166 -0.9708
vn 0.3406 0.0046 -0.9402
vn 0.4648 0.0011 -0.8854
vn 0.6632 -0.0025 -0.7485
vn 0.8230 0.0061 -0.5680
vn 0.9347 0.0263 -0.3545
vn 0.9927 -0.0000 -0.1205
vn 0.9041 0.0159 -0.4271
vn -0.0000 -1.0000 -0.0006
vn -0.0000 -1.0000 0.0002
vn -0.9472 -0.0169 -0.3202
vn -0.1634 -0.0233 -0.9863
vn -0.4521 -0.0003 -0.8920
vn -0.9946 -0.0093 -0.1031
vn -0.1636 -0.0143 -0.9864
vn -0.0000 -0.9701 0.2425
vn 0.8151 -0.0527 0.5769
vn 0.8987 -0.0000 -0.4386
vn 0.9045 -0.0069 -0.4265
vn 0.9393 0.0043 -0.3430
vn 0.9545 -0.0092 -0.2979
vn 0.9695 0.0046 -0.2452
vn 0.9867 -0.0009 -0.1628
vn 0.9898 -0.0094 -0.1419
vn -0.0228 0.0249 -0.9994
vn 0.1194 -0.0261 -0.9925
vn 0.2252 0.0138 -0.9742
vn 0.3576 -0.0091 -0.9338
vn 0.4524 0.0123 -0.8917
vn 0.5349 -0.0069 -0.8449
vn 0.6521 0.0085 -0.7581
vn 0.6912 -0.0035 -0.7226
vn 0.8107 0.0040 -0.5855
vn 0.8203 -0.0000 -0.5720
vn -0.0997 -0.0018 -0.9950
vn -0.0624 -0.9958 0.0676
vn -0.2024 -0.9591 0.1978
vn -0.0616 -0.9959 0.0655
vn -0.3454 -0.8806 0.3245
vn -0.3389 -0.8901 0.3048
vn -0.1992 -0.9618 0.1879
vn -0.3668 -0.8915 0.2659
vn 0.6367 -0.6006 0.4835
vn 0.2391 -0.8474 0.4741
vn -0.2737 -0.8272 0.4907
vn 0.0886 -0.9033 0.4198
vn 0.6647 -0.6040 0.4397
vn 0.6848 -0.5923 0.4246
vn 0.6515 -0.6602 0.3737
vn 0.1171 -0.9446 0.3066
vn 0.2397 -0.9333 0.2675
vn 0.6957 -0.6430 0.3204
vn 0.6875 -0.6494 0.3250
vn 0.6645 -0.6936 0.2782
vn 0.7264 -0.6447 0.2381
vn 0.6909 -0.6795 0.2469
vn 0.2417 -0.9506 0.1949
vn 0.3729 -0.9153 0.1521
vn 0.4021 -0.9114 0.0878
vn 0.3473 -0.9325 0.0987
vn 0.3556 -0.9313 0.0787
vn 0.3150 -0.9482 0.0416
vn 0.1169 -0.9930 0.0154
vn 0.4403 -0.8978 -0.0083
vn 0.3215 -0.9466 0.0225
vn -0.6498 0.0907 -0.7547
vn -0.5724 0.0833 -0.8157
vn -0.5178 0.0319 -0.8549
vn -0.6212 0.0921 -0.7782
vn -0.5781 0.1098 -0.8086
vn -0.4363 0.0804 -0.8962
vn -0.4956 0.2551 -0.8303
vn -0.1986 0.1621 -0.9666
vn -0.2293 0.1702 -0.9584
vn -0.2925 0.3886 -0.8737
vn -0.2980 0.3873 -0.8725
vn -0.0143 0.1773 -0.9841
vn -0.1274 0.5253 -0.8413
vn 0.0371 0.5918 -0.8052
vn 0.0840 0.5945 -0.7997
vn 0.1842 0.2373 -0.9538
vn 0.2029 0.2334 -0.9510
vn 0.4125 0.2407 -0.8785
vn 0.2440 0.6799 -0.6916
vn 0.4809 0.4938 -0.7245
vn 0.3262 0.6498 -0.6865
vn 0.0268 0.7169 -0.6967
vn 0.4363 0.6821 -0.5869
vn 0.5495 0.2822 -0.7864
vn 0.6173 0.1049 -0.7797
vn 0.3380 0.2852 -0.8969
vn -0.0853 0.3476 -0.9338
vn -0.6239 -0.0000 -0.7815
vn -0.6235 -0.0000 -0.7818
vn -0.4377 -0.0000 -0.8991
vn -0.4339 -0.0003 -0.9010
vn -0.2327 0.0003 -0.9726
vn -0.2225 -0.0005 -0.9749
vn -0.0146 0.0005 -0.9999
vn -0.0000 -0.0006 -1.0000
vn 0.2087 0.0006 -0.9780
vn 0.2225 -0.0005 -0.9749
vn 0.4250 0.0005 -0.9052
vn 0.4339 -0.0003 -0.9010
vn 0.6207 0.0003 -0.7840
vn 0.6235 -0.0000 -0.7818
vn -0.7071 -0.0000 -0.7071
vn -0.7104 -0.0092 -0.7037
vn -0.7046 0.0125 -0.7095
vn -0.6616 0.1000 -0.7432
vn -0.4219 -0.8521 0.3096
vn -0.4039 -0.8364 0.3706
vn -0.4013 -0.8438 0.3564
vn -0.2014 -0.8483 0.4897
vn 0.1538 -0.7575 0.6345
vn 0.4890 -0.4557 0.7438
vn 0.7089 -0.1785 0.6823
vn -0.1675 -0.8655 0.4720
vn -0.2500 -0.8760 0.4124
vn -0.1295 -0.8392 0.5282
vn -0.2040 -0.8564 0.4744
vn 0.1536 -0.7573 0.6348
vn 0.3293 -0.6767 0.6585
vn 0.4913 -0.4581 0.7408
vn 0.3543 -0.7091 0.6096
vn 0.2203 -0.8119 0.5406
vn 0.5934 -0.5176 0.6164
vn 0.7375 -0.2090 0.6422
vn 0.8160 -0.3086 0.4887
vn 0.7259 -0.3590 0.5866
vn 0.7406 -0.2002 0.6414
vn 0.1169 -0.9931 -0.0010
vn 0.1502 -0.9882 -0.0293
vn 0.1361 -0.9883 -0.0695
vn 0.1834 -0.9819 -0.0464
vn 0.1919 -0.9813 0.0153
vn 0.1069 -0.9921 -0.0653
vn 0.4402 -0.8978 -0.0125
vn 0.1109 -0.9889 -0.0986
vn 0.1121 -0.9887 -0.1000
vn 0.1090 -0.9886 -0.1034
vn 0.2499 -0.9297 -0.2706
vn 0.1829 -0.9456 -0.2691
vn 0.2156 -0.9133 -0.3455
vn 0.1612 -0.9472 -0.2772
vn 0.1786 -0.9074 -0.3804
vn 0.0325 -0.9983 -0.0480
vn 0.0487 -0.9941 -0.0972
vn 0.0495 -0.9920 -0.1159
vn 0.1735 -0.8361 -0.5205
vn 0.1713 -0.8501 -0.4980
vn 0.1757 -0.9089 -0.3781
vn 0.0476 -0.9924 -0.1137
vn 0.0536 -0.9869 -0.1521
vn 0.2536 -0.9447 -0.2079
vn 0.2840 -0.8643 -0.4150
vn 0.2603 -0.8957 -0.3605
vn 0.2667 -0.8231 -0.5014
vn 0.2478 -0.7844 -0.5686
vn -0.0002 -1.0000 0.0006
vn 0.0002 -1.0000 -0.0006
vn -0.0000 -1.0000 0.0005
vn 0.3526 -0.8556 -0.3790
vn 0.3116 -0.8804 -0.3574
vn 0.3061 -0.9101 -0.2794
vn 0.3424 -0.9191 -0.1952
vn 0.2929 -0.9164 -0.2727
vn 0.2387 -0.9456 -0.2210
vn 0.2382 -0.9469 -0.2159
vn 0.2469 -0.9478 -0.2018
vn 0.2471 -0.9485 -0.1982
vn 0.2675 -0.9185 -0.2911
vn 0.2570 -0.9457 -0.1991
vn 0.2778 -0.9156 -0.2907
vn 0.3134 -0.8637 -0.3948
vn 0.2565 -0.9483 -0.1871
vn 0.2864 -0.9431 -0.1689
vn 0.2217 -0.9559 -0.1925
vn 0.3077 -0.8655 -0.3952
vn 0.3024 -0.9105 -0.2821
vn 0.2564 -0.9490 -0.1833
vn 0.2561 -0.8881 -0.3817
vn 0.2651 -0.9465 -0.1840
vn 0.2566 -0.9479 -0.1888
vn 0.2594 -0.9141 -0.3118
vn 0.2357 -0.9201 -0.3127
vn 0.2906 -0.9386 -0.1858
vn 0.2290 -0.8910 -0.3920
vn 0.2027 -0.8984 -0.3895
vn 0.3009 -0.9391 -0.1658
vn 0.2605 -0.9275 -0.2683
vn 0.3879 -0.8988 -0.2044
vn 0.3247 -0.8801 -0.3463
vn 0.3461 -0.9254 -0.1546
vn 0.2666 -0.8656 -0.4238
vn 0.2790 -0.8545 -0.4382
vn 0.4688 -0.8756 -0.1167
vn 0.4902 -0.8681 -0.0780
vn 0.4815 -0.8716 -0.0920
vn 0.4902 -0.8679 -0.0805
vn 0.4475 -0.8914 -0.0715
vn 0.5006 -0.8657 -0.0042
vn 0.4995 -0.8663 -0.0065
vn 0.6006 -0.7890 -0.1298
vn 0.5074 -0.8594 -0.0622
vn 0.7014 -0.7049 0.1057
vn 0.6957 -0.7094 0.1132
vn 0.6290 -0.7624 -0.1521
vn 0.6646 -0.7443 -0.0662
vn 0.5952 -0.7994 0.0819
vn 0.6266 -0.7611 0.1677
vn 0.6270 -0.7671 0.1356
vn 0.6912 -0.7164 0.0948
vn 0.7183 -0.6953 0.0253
vn 0.7580 -0.6228 0.1939
vn 0.7605 -0.5804 0.2913
vn 0.7575 -0.5975 0.2629
vn 0.7545 -0.6071 0.2493
vn 0.7991 -0.5859 0.1345
vn 0.7906 -0.6058 0.0894
vn 0.8215 -0.5405 0.1814
vn 0.8208 -0.4693 0.3257
vn 0.8353 -0.3998 0.3774
vn 0.8151 -0.3789 0.4382
vn 0.8247 -0.4033 0.3966
vn 0.8263 -0.4338 0.3593
vn 0.8733 -0.3673 0.3202
vn 0.8743 -0.4323 0.2207
vn 0.8757 -0.4198 0.2385
vn 0.8797 -0.3720 0.2961
vn 0.8812 -0.3304 0.3381
vn 0.8816 -0.2788 0.3808
vn 0.8600 -0.2212 0.4599
vn 0.8817 -0.2317 0.4110
vn 0.8767 -0.1035 0.4697
vn 0.7612 -0.1841 0.6219
vn 0.8300 -0.1669 0.5322
vn 0.8491 0.0221 0.5277
vn 0.0008 1.0000 -0.0029
vn 0.0415 -0.9978 -0.0514
vn -0.0071 -0.9999 0.0104
vn 0.0033 -1.0000 -0.0049
vn -0.0009 -1.0000 0.0003
vn -0.0010 -1.0000 0.0005
vn -0.0011 -1.0000 0.0008
vn -0.0012 -1.0000 0.0012
vn -0.0013 -1.0000 0.0020
vn -0.0021 -1.0000 0.0041
vn -0.0013 -1.0000 0.0035
vn 0.0021 -0.9911 0.1334
vn 0.2772 -0.5463 0.7904
vn -0.1167 0.0364 0.9925
vn -0.6044 0.2074 0.7692
vn -0.7455 -0.1873 0.6397
vn -0.4285 -0.1607 0.8891
vn 0.9962 0.0406 -0.0768
vn 0.9986 0.0337 -0.0404
vn -0.2765 -0.5930 0.7563
vn 0.2767 0.9606 0.0254
vn 0.1439 -0.9400 0.3093
vn 0.6389 0.7681 -0.0438
vn 0.7532 0.6425 -0.1414
vn 0.8275 -0.5073 0.2406
vn 0.8436 -0.5005 0.1943
vn -0.1927 -0.8635 0.4661
vn 0.9360 -0.0507 0.3483
vn 0.6986 -0.4543 0.5527
vn 0.9592 -0.0371 0.2803
vn 0.9970 -0.0599 0.0487
vn 0.7114 -0.3321 0.6194
vn 0.9002 0.0597 0.4313
vn 0.9730 -0.2283 0.0330
vn 0.9409 0.3362 -0.0394
vn 0.9845 0.1730 -0.0291
vn 0.9929 0.1133 -0.0372
vn 0.9614 0.2550 0.1035
vn 0.9998 0.0126 0.0168
vn 0.0421 0.9915 -0.1230
vn 0.1216 -0.4376 0.8909
vn -0.7824 -0.2745 0.5590
vn -0.3567 0.1562 0.9211
vn -0.3746 -0.1566 0.9138
vn -0.3742 0.0025 0.9274
vn 0.6304 -0.0000 0.7763
vn -0.5800 0.3913 0.7145
vn -0.2707 0.9316 0.2426
vn -0.1849 0.3284 0.9262
vn 0.1593 0.3968 0.9039
vn -0.5562 -0.0692 0.8281
vn -0.3118 -0.7055 0.6364
vn 0.0085 -0.9368 0.3497
vn -0.0600 -0.9436 0.3256
vn 0.9410 -0.2477 0.2306
vn 0.4123 -0.3060 0.8581
vn 0.2953 -0.7045 0.6453
vn -0.6911 -0.6793 0.2470
vn -0.7755 -0.6210 0.1142
vn -0.2528 -0.6501 0.7166
vn 0.2528 -0.6501 0.7166
vn 0.1148 -0.9055 0.4084
vn 0.1946 -0.9783 -0.0716
vn 0.7418 -0.3886 0.5466
vn 0.3200 -0.9224 0.2163
vn -0.5394 0.8340 0.1165
vn 0.6048 0.7912 0.0908
vn -0.8435 0.5314 -0.0789
vn 0.6135 0.7809 0.1174
vn 0.6050 0.7904 0.0958
vn -0.6995 -0.6996 0.1458
vn 0.6799 -0.7151 0.1628
vn -0.8315 0.5556 -0.0002
vn -0.9532 0.2033 0.2239
vn -0.2490 -0.6207 0.7434
vn -0.4866 -0.6859 0.5411
vn -0.9745 0.2098 0.0802
vn -0.1322 0.9512 0.2787
vn -0.1914 0.9384 0.2876
vn -0.2424 0.9549 0.1713
vn -0.3400 -0.6263 0.7015
vn -0.4964 0.3668 0.7868
vn -0.7762 0.6075 0.1689
vn 0.1497 -0.7814 0.6058
vn -0.3349 -0.6711 0.6614
vn -0.6233 0.7819 -0.0104
vn 0.1765 0.8382 0.5161
vn 0.1638 0.9546 0.2489
vn 0.2419 0.9551 0.1710
vn 0.0687 -0.9834 0.1680
vn 0.5250 -0.6555 0.5428
vn 0.1279 -0.6148 0.7782
vn -0.8030 -0.2009 0.5611
vn 0.0002 1.0000 -0.0000
vn 0.0001 1.0000 -0.0000
vn -0.0013 1.0000 -0.0004
vn -0.0001 1.0000 0.0002
vn 0.0003 -1.0000 0.0002
vn 0.0001 1.0000 -0.0001
vn 0.0002 1.0000 -0.0002
vn 0.0001 1.0000 0.0001
vn -0.0011 1.0000 0.0002
vn 0.1120 0.9937 -0.0000
vn 0.1118 0.9937 -0.0000
vn 0.0004 1.0000 0.0001
vn -0.0004 1.0000 0.0010
vn -0.0008 1.0000 -0.0000
vn 0.0011 1.0000 -0.0016
vn -0.8980 -0.2616 0.3537
vn -0.9495 -0.1210 0.2895
vn -0.0681 -0.9965 0.0476
vn -0.1110 -0.9912 0.0719
vn -0.1983 -0.9700 0.1409
vn -0.2913 -0.9352 0.2015
vn -0.3266 -0.9167 0.2303
vn -0.4278 -0.8534 0.2977
vn -0.4369 -0.8461 0.3054
vn -0.5802 -0.7072 0.4041
vn -0.5580 -0.7373 0.3808
vn -0.6900 -0.5319 0.4910
vn -0.6510 -0.6136 0.4469
vn -0.7514 -0.3900 0.5322
vn -0.7349 -0.4461 0.5108
vn -0.7940 -0.2381 0.5594
vn -0.7884 -0.2751 0.5503
vn -0.8158 -0.0801 0.5727
vn -0.8156 -0.0927 0.5711
vn -0.8165 0.0800 0.5717
vn -0.8108 0.1233 0.5722
vn -0.7966 0.2380 0.5557
vn -0.7739 0.3243 0.5440
vn -0.0000 0.0005 -1.0000
vn -0.0000 0.0004 -1.0000
vn 0.4189 0.0035 -0.9080
vn 0.2126 -0.0115 -0.9771
vn 0.8668 -0.0063 -0.4986
vn 0.9190 0.0004 -0.3943
vn 0.9015 0.0057 -0.4328
vn -0.9197 -0.0005 -0.3926
vn -0.9988 -0.0372 -0.0304
vn -0.9955 -0.0402 0.0858
vn 0.0533 -0.0001 -0.9986
vn -0.4011 -0.0543 -0.9144
vn 0.0173 0.0133 -0.9998
vn 0.0092 0.0165 -0.9998
vn -0.0012 -0.0023 -1.0000
vn 0.0131 0.0016 -0.9999
vn 0.4268 0.0119 -0.9043
vn 0.6720 0.0461 -0.7392
vn 0.9406 -0.0003 -0.3394
vn -0.3214 0.0381 -0.9462
vn -0.4072 -0.0194 -0.9131
vn -0.0077 -0.0499 -0.9987
vn 0.0105 0.9999 0.0067
vn -0.0005 1.0000 0.0016
vn -0.0002 1.0000 0.0017
vn 0.0002 1.0000 0.0017
vn 0.0005 1.0000 0.0016
vn -0.0105 0.9999 0.0067
vn 0.0362 -0.9402 0.3386
vn 0.1026 -0.9450 0.3105
vn 0.1109 -0.9434 0.3126
vn 0.1228 -0.9487 0.2915
vn -0.0362 -0.9402 0.3386
vn -0.1029 -0.9450 0.3104
vn -0.1226 -0.9486 0.2918
vn -0.1109 -0.9434 0.3127
vn -0.1109 -0.9434 0.3126
vn 0.1027 -0.9450 0.3105
vn 0.0104 0.9999 0.0067
vn -0.0104 0.9999 0.0067
vn 0.6827 -0.0483 0.7291
vn 0.5759 0.0008 0.8175
vn 0.5890 -0.0102 0.8081
vn 0.5332 -0.0088 0.8460
vn -0.0000 -0.9206 0.3906
vn -0.0000 -0.9206 0.3905
vn -0.0000 -0.9206 0.3904
vn -0.0000 -0.3749 0.9271
vn -0.0000 0.7071 0.7071
vn -0.0000 0.8366 0.5479
vn -0.0000 0.8986 0.4389
vn -0.0000 0.9561 0.2929
vn -0.0000 0.9902 0.1397
vn -0.0000 0.9999 -0.0169
vn -0.0000 0.9849 -0.1731
vn -0.0000 0.9457 -0.3250
vn -0.0000 0.8832 -0.4690
vn -0.0000 0.7990 -0.6014
vn -0.0000 0.6951 -0.7190
vn -0.0000 0.5740 -0.8188
vn -0.0000 0.4389 -0.8986
vn -0.0000 0.2929 -0.9561
vn -0.0000 0.1397 -0.9902
vn -0.0000 -0.0169 -0.9999
vn -0.0000 -0.1731 -0.9849
vn -0.0000 -0.3250 -0.9457
vn -0.0000 -0.4690 -0.8832
vn -0.0000 -0.6014 -0.7990
vn -0.0000 -0.7190 -0.6951
vn -0.0000 -0.8188 -0.5740
vn -0.0000 -0.8986 -0.4389
vn -0.0000 -0.9561 -0.2929
vn -0.0000 -0.9902 -0.1397
vn -0.0000 -0.9999 0.0169
vn -0.0000 -0.9849 0.1731
vn -0.0000 -0.9457 0.3250
vn -0.0000 -0.8832 0.4690
vn -0.0000 -0.7990 0.6014
vn -0.0000 -0.6372 0.7707
vn -0.8910 -0.0000 0.4540
vn -0.7071 -0.0000 0.7071
vn 0.8910 -0.0000 0.4540
vn 0.9877 -0.0000 0.1564
vn -0.9877 -0.0000 0.1564
vn -0.4540 -0.0000 0.8910
vn 0.4540 -0.0000 0.8910
vn -0.1564 -0.0000 0.9877
vn 0.1564 -0.0000 0.9877
vn -0.2631 -0.9003 -0.3468
vn -0.1797 -0.9063 -0.3824
vn 0.3343 -0.8925 -0.3027
vn 0.3350 -0.8920 -0.3034
vn 0.9835 0.1801 -0.0145
vn 0.6210 0.7510 -0.2245
vn -0.8998 0.4326 -0.0566
vn -0.9667 0.2456 -0.0717
vn 0.3670 -0.8867 -0.2812
vn 0.3622 -0.8895 -0.2786
vn -0.5606 0.8190 -0.1221
vn -0.0497 0.9981 -0.0365
vn -0.0570 0.9766 -0.2076
vn 0.1627 0.9844 -0.0665
vn -0.0336 0.9686 -0.2462
vn 0.0041 0.9815 0.1912
vn -0.0837 0.9277 -0.3637
vn -0.0778 0.9595 -0.2708
vn -0.0640 0.9669 -0.2472
vn -0.0775 0.9280 -0.3643
vn -0.0183 0.9874 -0.1569
vn -0.0289 0.9682 -0.2484
vn -0.0033 0.9914 -0.1312
vn -0.0067 0.9877 -0.1564
vn 0.2011 0.9710 -0.1296
vn 0.1716 0.9763 -0.1316
vn 0.1732 0.8229 -0.5411
vn 0.0014 0.1354 -0.9908
vn 0.1497 0.9839 -0.0974
vn -0.4056 0.9095 -0.0908
vn -0.3163 -0.7470 -0.5848
vn -0.3020 -0.6779 -0.6702
vn -0.0627 -0.8023 -0.5936
vn -0.0675 -0.8109 -0.5813
vn -0.0110 -0.7962 -0.6049
vn -0.0159 -0.8095 -0.5869
vn -0.0017 -0.7905 -0.6124
vn -0.0037 -0.7971 -0.6038
vn 0.0002 -0.7931 -0.6091
vn 0.0009 -0.7908 -0.6121
vn 0.0003 -0.7952 -0.6063
vn 0.0010 -0.7931 -0.6091
vn -0.0021 -0.7944 -0.6073
vn -0.0025 -0.7954 -0.6061
vn -0.0141 -0.8019 -0.5973
vn -0.0116 -0.7952 -0.6062
vn -0.0339 -0.8227 -0.5674
vn -0.0238 -0.8021 -0.5967
vn 0.0038 -0.9965 -0.0839
vn -0.0054 -0.9976 -0.0697
vn 0.0063 -0.9929 -0.1186
vn -0.0021 -0.9964 -0.0853
vn 0.0233 -0.9880 -0.1524
vn 0.0156 -0.9930 -0.1174
vn 0.1676 -0.9396 -0.2984
vn 0.1417 -0.9620 -0.2333
vn 0.1322 -0.9153 -0.3804
vn 0.1119 -0.9492 -0.2940
vn 0.1266 -0.9002 -0.4166
vn 0.1170 -0.9176 -0.3799
vn 0.1728 -0.8944 -0.4126
vn 0.1733 -0.8935 -0.4142
vn 0.2315 -0.8948 -0.3818
vn 0.2379 -0.8834 -0.4037
vn 0.2715 -0.8990 -0.3437
vn 0.2801 -0.8850 -0.3720
vn 0.3021 -0.9005 -0.3127
vn 0.3105 -0.8899 -0.3343
vn 0.3524 -0.8876 -0.2968
vn 0.3325 -0.9006 -0.2797
vn 0.3332 -0.8850 -0.3251
vn 0.3121 -0.9014 -0.3002
vn 0.3038 -0.8833 -0.3570
vn 0.2832 -0.9005 -0.3300
vn 0.2546 -0.8891 -0.3804
vn 0.2409 -0.9004 -0.3622
vn 0.1708 -0.9091 -0.3800
vn 0.1745 -0.9063 -0.3849
vn 0.0818 -0.9410 -0.3283
vn 0.1169 -0.9171 -0.3812
vn 0.0437 -0.9755 -0.2157
vn 0.1121 -0.9372 -0.3303
vn 0.0367 -0.9990 -0.0249
vn 0.0641 -0.9962 -0.0588
vn 0.0065 -1.0000 -0.0062
vn 0.0169 -0.9995 -0.0252
vn -0.0064 -1.0000 0.0031
vn 0.0004 -1.0000 -0.0076
vn -0.0182 -0.9031 -0.4290
vn -0.0338 -0.9080 -0.4175
vn -0.0209 -0.8992 -0.4369
vn -0.0253 -0.9027 -0.4296
vn -0.0254 -0.9101 -0.4135
vn -0.0145 -0.8993 -0.4371
vn -0.0241 -0.9255 -0.3779
vn -0.0078 -0.9096 -0.4153
vn -0.0102 -0.9325 -0.3609
vn -0.0024 -0.9253 -0.3792
vn -0.0002 -0.9332 -0.3594
vn 0.0003 -0.9328 -0.3605
vn 0.0002 -0.9320 -0.3625
vn -0.0011 -0.9331 -0.3595
vn -0.0055 -0.9300 -0.3675
vn -0.0075 -0.9315 -0.3638
vn -0.0535 -0.9293 -0.3654
vn -0.0448 -0.9263 -0.3741
vn -0.0127 -0.9952 0.0968
vn -0.0316 -0.9963 0.0803
vn -0.0178 -0.9995 0.0271
vn -0.0233 -0.9994 0.0265
vn -0.0022 -1.0000 -0.0005
vn -0.0153 -0.9998 -0.0094
vn -0.0131 -0.9999 -0.0094
vn -0.0392 -0.9989 -0.0259
vn 0.9165 0.3693 -0.1538
vn 0.3681 0.9171 0.1532
vn 0.9874 0.1566 0.0239
vn 0.9665 0.2496 0.0606
vn 0.9891 0.1420 0.0382
vn 0.9873 0.1529 0.0425
vn 0.9894 0.1390 0.0416
vn 0.9890 0.1414 0.0426
vn 0.9860 0.1590 0.0509
vn 0.9894 0.1389 0.0425
vn 0.9492 0.2987 0.0991
vn 0.9861 0.1603 0.0448
vn -0.2099 0.9216 0.3265
vn 0.9548 0.2888 0.0706
vn -0.9183 0.3624 0.1592
vn 0.1584 0.9537 0.2556
vn 0.9562 0.2925 0.0061
vn 0.7769 -0.5969 -0.2005
vn 0.6857 0.7048 0.1818
vn 0.9979 0.0654 0.0011
vn 0.6571 0.7254 0.2050
vn 0.7050 0.6828 0.1920
vn 0.7315 0.6522 0.1989
vn 0.6550 0.7224 0.2218
vn 0.7081 0.6716 0.2181
vn 0.7211 0.6590 0.2137
vn -0.0396 0.9448 0.3252
vn 0.6935 0.6836 0.2275
vn -0.8302 0.5209 0.1986
vn -0.1216 0.9356 0.3314
vn -0.9251 0.3447 0.1595
vn -0.8880 0.4209 0.1855
vn -0.1087 0.7298 0.6750
vn -0.1007 0.9946 0.0251
vn -0.1083 0.6741 0.7307
vn -0.1150 0.8354 0.5375
vn -0.0270 0.9908 0.1328
vn -0.0339 0.9513 0.3064
vn -0.0368 0.0713 0.9968
vn -0.0372 0.6193 0.7842
vn 0.2061 0.9773 -0.0499
vn 0.2048 0.9650 -0.1639
vn -0.0169 -0.0620 0.9979
vn 0.1714 0.8014 0.5730
vn 0.3714 0.9271 -0.0503
vn 0.3664 0.9167 -0.1593
vn 0.2172 0.9727 -0.0818
vn 0.2052 0.9754 -0.0801
vn -0.0010 0.9941 -0.1085
vn -0.0033 0.9966 -0.0823
vn -0.0075 0.9654 -0.2607
vn -0.0183 0.9938 -0.1093
vn -0.0252 0.8004 -0.5989
vn -0.0649 0.9829 -0.1722
vn -0.2607 0.9647 -0.0376
vn -0.0071 0.9983 -0.0571
vn -0.2793 0.9596 0.0333
vn -0.2576 0.9658 0.0312
vn -0.3380 0.9344 0.1124
vn -0.3349 0.9356 0.1122
vn -0.2917 0.9491 0.1189
vn -0.3467 0.9301 0.1215
vn -0.1508 0.9854 0.0794
vn -0.2812 0.9552 0.0929
vn -0.0650 0.9971 0.0395
vn -0.1521 0.9866 0.0590
vn -0.6539 0.7562 -0.0227
vn -0.5363 0.8430 -0.0401
vn -0.6937 0.7195 0.0318
vn -0.6648 0.7465 0.0271
vn -0.6388 0.7644 0.0872
vn -0.7077 0.7006 0.0915
vn -0.4240 0.9005 0.0961
vn -0.6376 0.7633 0.1043
vn -0.2089 0.9759 0.0635
vn -0.4212 0.9029 0.0864
vn -0.1316 0.9905 0.0393
vn -0.2028 0.9776 0.0564
vn -0.1688 0.9833 0.0674
vn -0.1479 0.9873 0.0589
vn -0.3022 0.9347 0.1870
vn -0.2657 0.9498 0.1650
vn -0.4812 0.7953 0.3688
vn -0.4905 0.7863 0.3756
vn -0.7823 0.0232 0.6225
vn -0.6621 0.4948 0.5629
vn -0.6363 0.5327 0.5580
vn -0.6570 0.4891 0.5738
vn -0.0585 -0.9902 -0.1270
vn -0.0466 -0.9923 -0.1144
vn -0.1087 -0.9890 0.1008
vn -0.0881 -0.9882 0.1254
vn -0.1218 -0.9516 0.2820
vn -0.1288 -0.9530 0.2742
vn -0.1187 -0.9269 0.3561
vn -0.1259 -0.9287 0.3487
vn -0.1282 -0.9075 0.4000
vn -0.1222 -0.9054 0.4065
vn -0.1519 -0.8803 0.4495
vn -0.1368 -0.8723 0.4694
vn -0.1854 -0.8438 0.5035
vn -0.1669 -0.8306 0.5313
vn -0.2158 -0.8082 0.5480
vn -0.2000 -0.7959 0.5714
vn -0.2343 -0.7878 0.5696
vn -0.2237 -0.7783 0.5867
vn -0.2505 -0.7746 0.5807
vn -0.2407 -0.7634 0.5994
vn -0.2719 -0.7732 0.5729
vn -0.2567 -0.7553 0.6029
vn -0.2965 -0.7916 0.5343
vn -0.2730 -0.7711 0.5752
vn -0.3241 -0.7952 0.5125
vn -0.3039 -0.7823 0.5438
vn -0.4674 -0.7656 0.4420
vn -0.4277 -0.6933 0.5800
vn 0.0002 -0.9924 -0.1231
vn -0.0004 -0.9923 -0.1241
vn -0.0179 -0.9970 0.0753
vn -0.0092 -0.9956 0.0933
vn -0.0291 -0.9623 0.2705
vn -0.0284 -0.9619 0.2719
vn -0.0363 -0.9393 0.3412
vn -0.0322 -0.9368 0.3484
vn -0.0537 -0.9285 0.3675
vn -0.0393 -0.9190 0.3923
vn -0.0828 -0.9128 0.3999
vn -0.0621 -0.8951 0.4415
vn -0.1224 -0.8884 0.4425
vn -0.1005 -0.8630 0.4950
vn -0.1656 -0.8549 0.4917
vn -0.1464 -0.8283 0.5409
vn -0.1990 -0.8265 0.5266
vn -0.1840 -0.8046 0.5646
vn -0.2246 -0.8104 0.5411
vn -0.2109 -0.7903 0.5753
vn -0.2507 -0.8126 0.5262
vn -0.2314 -0.7913 0.5660
vn -0.2884 -0.8323 0.4733
vn -0.2511 -0.8118 0.5272
vn -0.3778 -0.8279 0.4146
vn -0.3093 -0.8017 0.5115
vn -0.3678 -0.8719 0.3233
vn -0.3597 -0.8483 0.3886
vn 0.0038 -0.9928 -0.1200
vn 0.0022 -0.9924 -0.1230
vn -0.0012 -0.9976 0.0686
vn 0.0010 -0.9973 0.0738
vn -0.0054 -0.9638 0.2667
vn -0.0051 -0.9635 0.2676
vn -0.0104 -0.9434 0.3316
vn -0.0068 -0.9408 0.3389
vn -0.0220 -0.9385 0.3446
vn -0.0116 -0.9313 0.3640
vn -0.0419 -0.9315 0.3614
vn -0.0261 -0.9188 0.3940
vn -0.0708 -0.9186 0.3888
vn -0.0529 -0.8998 0.4332
vn -0.1083 -0.8971 0.4284
vn -0.0921 -0.8724 0.4800
vn -0.1458 -0.8713 0.4686
vn -0.1322 -0.8466 0.5155
vn -0.1775 -0.8546 0.4880
vn -0.1628 -0.8324 0.5298
vn -0.2066 -0.8552 0.4754
vn -0.1857 -0.8367 0.5153
vn -0.2350 -0.8743 0.4246
vn -0.2022 -0.8632 0.4626
vn -0.2769 -0.8938 0.3527
vn -0.2246 -0.8896 0.3978
vn -0.2861 -0.9222 0.2603
vn -0.2509 -0.9230 0.2917
vn -0.2589 -0.9482 0.1843
vn -0.2452 -0.9499 0.1940
vn -0.0011 -0.9928 -0.1198
vn -0.0014 -0.9927 -0.1204
vn -0.0004 -0.9974 0.0716
vn -0.0016 -0.9976 0.0686
vn -0.0010 -0.9638 0.2666
vn -0.0011 -0.9639 0.2663
vn -0.0034 -0.9449 0.3273
vn -0.0015 -0.9436 0.3311
vn -0.0090 -0.9425 0.3340
vn -0.0037 -0.9391 0.3436
vn -0.0196 -0.9397 0.3415
vn -0.0103 -0.9334 0.3588
vn -0.0366 -0.9333 0.3573
vn -0.0242 -0.9233 0.3832
vn -0.0611 -0.9219 0.3826
vn -0.0482 -0.9063 0.4200
vn -0.0911 -0.9051 0.4153
vn -0.0800 -0.8851 0.4585
vn -0.1205 -0.8925 0.4348
vn -0.1072 -0.8731 0.4756
vn -0.1490 -0.8929 0.4249
vn -0.1284 -0.8771 0.4628
vn -0.1737 -0.9064 0.3850
vn -0.1462 -0.8979 0.4152
vn -0.1951 -0.9271 0.3200
vn -0.1642 -0.9243 0.3446
vn -0.2092 -0.9493 0.2347
vn -0.1885 -0.9498 0.2498
vn -0.2157 -0.9627 0.1634
vn -0.2051 -0.9634 0.1728
vn -0.0154 -0.9921 -0.1245
vn -0.0135 -0.9926 -0.1206
vn -0.0051 -0.9960 0.0893
vn -0.0123 -0.9974 0.0712
vn -0.0006 -0.9628 0.2701
vn -0.0020 -0.9638 0.2666
vn -0.0015 -0.9457 0.3251
vn -0.0004 -0.9449 0.3272
vn -0.0039 -0.9441 0.3297
vn -0.0015 -0.9426 0.3338
vn -0.0094 -0.9433 0.3318
vn -0.0041 -0.9402 0.3405
vn -0.0190 -0.9401 0.3405
vn -0.0103 -0.9349 0.3547
vn -0.0327 -0.9336 0.3568
vn -0.0218 -0.9254 0.3785
vn -0.0509 -0.9237 0.3798
vn -0.0398 -0.9109 0.4107
vn -0.0715 -0.9154 0.3960
vn -0.0593 -0.9019 0.4278
vn -0.0923 -0.9174 0.3872
vn -0.0752 -0.9064 0.4157
vn -0.1125 -0.9279 0.3554
vn -0.0909 -0.9210 0.3788
vn -0.1218 -0.9429 0.3101
vn -0.1111 -0.9413 0.3187
vn -0.1166 -0.9616 0.2486
vn -0.1331 -0.9625 0.2364
vn -0.1846 -0.9743 0.1295
vn -0.1400 -0.9756 0.1690
vn -0.0336 -0.9903 -0.1350
vn -0.0289 -0.9917 -0.1251
vn -0.0103 -0.9925 0.1222
vn -0.0251 -0.9959 0.0872
vn -0.0000 -0.9604 0.2786
vn -0.0038 -0.9629 0.2699
vn 0.0010 -0.9456 0.3254
vn 0.0009 -0.9457 0.3252
vn 0.0012 -0.9440 0.3299
vn 0.0010 -0.9441 0.3296
vn -0.0014 -0.9449 0.3273
vn 0.0012 -0.9435 0.3313
vn -0.0078 -0.9440 0.3298
vn -0.0013 -0.9407 0.3391
vn -0.0134 -0.9383 0.3455
vn -0.0070 -0.9349 0.3549
vn -0.0184 -0.9297 0.3679
vn -0.0120 -0.9254 0.3787
vn -0.0258 -0.9238 0.3820
vn -0.0183 -0.9185 0.3950
vn -0.0351 -0.9276 0.3719
vn -0.0259 -0.9227 0.3846
vn -0.0481 -0.9389 0.3407
vn -0.0350 -0.9342 0.3549
vn -0.0493 -0.9482 0.3139
vn -0.0512 -0.9486 0.3123
vn -0.0264 -0.9576 0.2869
vn -0.0594 -0.9652 0.2547
vn -0.0330 -0.9886 -0.1469
vn -0.0269 -0.9905 -0.1349
vn -0.0069 -0.9892 0.1461
vn -0.0190 -0.9925 0.1209
vn 0.0025 -0.9593 0.2823
vn 0.0007 -0.9604 0.2787
vn 0.0054 -0.9445 0.3283
vn 0.0038 -0.9455 0.3255
vn 0.0099 -0.9417 0.3362
vn 0.0055 -0.9440 0.3298
vn 0.0130 -0.9432 0.3318
vn 0.0097 -0.9449 0.3271
vn 0.0144 -0.9434 0.3312
vn 0.0129 -0.9442 0.3292
vn 0.0232 -0.9346 0.3551
vn 0.0154 -0.9385 0.3450
vn 0.0341 -0.9238 0.3814
vn 0.0250 -0.9289 0.3695
vn 0.0366 -0.9208 0.3883
vn 0.0346 -0.9220 0.3857
vn 0.0213 -0.9336 0.3578
vn 0.0358 -0.9263 0.3750
vn -0.0147 -0.9538 0.3002
vn 0.0206 -0.9397 0.3413
vn -0.0388 -0.9585 0.2825
vn -0.0149 -0.9501 0.3115
vn -0.0475 -0.9611 0.2720
vn -0.0397 -0.9567 0.2885
vn -0.0207 -0.9891 -0.1461
vn -0.0209 -0.9890 -0.1463
vn -0.0025 -0.9874 0.1580
vn -0.0099 -0.9893 0.1457
vn 0.0040 -0.9588 0.2842
vn 0.0027 -0.9593 0.2823
vn 0.0105 -0.9422 0.3350
vn 0.0053 -0.9445 0.3283
vn 0.0210 -0.9376 0.3470
vn 0.0105 -0.9417 0.3362
vn 0.0323 -0.9383 0.3443
vn 0.0203 -0.9431 0.3318
vn 0.0475 -0.9355 0.3501
vn 0.0316 -0.9427 0.3322
vn 0.0775 -0.9184 0.3879
vn 0.0484 -0.9328 0.3572
vn 0.0991 -0.9079 0.4073
vn 0.0772 -0.9193 0.3860
vn 0.0874 -0.9186 0.3853
vn 0.0970 -0.9141 0.3937
vn 0.0331 -0.9493 0.3127
vn 0.0853 -0.9302 0.3571
vn -0.0131 -0.9697 0.2438
vn 0.0353 -0.9570 0.2879
vn -0.0490 -0.9688 0.2429
vn -0.0208 -0.9608 0.2765
vn -0.0779 -0.9666 0.2441
vn -0.0583 -0.9596 0.2752
vn -0.1166 -0.9703 0.2119
vn -0.0789 -0.9657 0.2474
vn -0.1463 -0.9786 0.1446
vn -0.1075 -0.9771 0.1836
vn -0.0889 -0.9925 0.0841
vn -0.1529 -0.9869 0.0513
vn -0.0770 -0.9966 0.0276
vn -0.1106 -0.9939 0.0054
vn -0.0702 -0.9972 -0.0239
vn -0.0971 -0.9945 -0.0380
vn -0.0386 -0.9990 -0.0240
vn -0.0770 -0.9961 -0.0421
vn -0.0122 -0.9901 -0.1400
vn -0.0178 -0.9892 -0.1457
vn -0.0005 -0.9867 0.1623
vn -0.0055 -0.9875 0.1576
vn 0.0041 -0.9585 0.2850
vn 0.0029 -0.9588 0.2841
vn 0.0134 -0.9403 0.3402
vn 0.0052 -0.9425 0.3343
vn 0.0288 -0.9348 0.3540
vn 0.0137 -0.9376 0.3473
vn 0.0462 -0.9344 0.3533
vn 0.0280 -0.9384 0.3443
vn 0.0741 -0.9268 0.3683
vn 0.0458 -0.9357 0.3499
vn 0.1221 -0.9014 0.4153
vn 0.0779 -0.9184 0.3880
vn 0.1365 -0.8976 0.4191
vn 0.1210 -0.9037 0.4107
vn 0.0787 -0.9276 0.3651
vn 0.1312 -0.9124 0.3877
vn 0.0035 -0.9583 0.2856
vn 0.0790 -0.9499 0.3025
vn -0.0225 -0.9745 0.2234
vn 0.0186 -0.9742 0.2251
vn -0.0550 -0.9744 0.2179
vn -0.0251 -0.9728 0.2303
vn -0.0992 -0.9729 0.2091
vn -0.0633 -0.9685 0.2407
vn -0.1427 -0.9751 0.1700
vn -0.0996 -0.9725 0.2104
vn -0.1484 -0.9793 0.1374
vn -0.1391 -0.9795 0.1458
vn -0.1027 -0.9889 0.1071
vn -0.1452 -0.9863 0.0776
vn -0.0757 -0.9959 0.0497
vn -0.1189 -0.9927 0.0199
vn -0.0485 -0.9988 0.0015
vn -0.0963 -0.9950 -0.0249
vn -0.0139 -0.9999 -0.0034
vn -0.0569 -0.9981 -0.0243
vn 0.0036 -0.9175 0.3977
vn 0.0292 -0.9142 0.4043
vn -0.1510 -0.9290 0.3379
vn -0.0809 -0.9457 0.3148
vn -0.2607 -0.9177 0.2997
vn -0.1381 -0.9448 0.2970
vn -0.3289 -0.9206 0.2105
vn -0.2509 -0.9406 0.2286
vn -0.3114 -0.9373 0.1562
vn -0.3346 -0.9304 0.1498
vn -0.2841 -0.9498 0.1310
vn -0.3198 -0.9398 0.1202
vn -0.2599 -0.9570 0.1289
vn -0.2875 -0.9503 0.1195
vn -0.2388 -0.9613 0.1372
vn -0.2598 -0.9570 0.1294
vn -0.2178 -0.9646 0.1487
vn -0.2376 -0.9611 0.1410
vn -0.1912 -0.9682 0.1611
vn -0.2171 -0.9644 0.1511
vn -0.1468 -0.9748 0.1681
vn -0.1935 -0.9693 0.1518
vn -0.0768 -0.9860 0.1477
vn -0.1536 -0.9798 0.1279
vn -0.0336 -0.9965 0.0770
vn -0.0782 -0.9943 0.0725
vn -0.0101 -0.9968 0.0799
vn -0.0026 -0.9957 0.0926
vn -0.0416 -0.9893 0.1397
vn -0.0100 -0.9813 0.1924
vn -0.1028 -0.9813 0.1625
vn -0.0491 -0.9654 0.2560
vn -0.1871 -0.9651 0.1832
vn -0.1200 -0.9461 0.3009
vn -0.2976 -0.9298 0.2166
vn -0.2127 -0.9192 0.3313
vn -0.3809 -0.9023 0.2021
vn -0.3121 -0.9053 0.2881
vn -0.4423 -0.8801 0.1727
vn -0.3866 -0.8914 0.2366
vn -0.4718 -0.8675 0.1576
vn -0.4436 -0.8752 0.1928
vn -0.4727 -0.8635 0.1759
vn -0.4718 -0.8637 0.1771
vn -0.4632 -0.8618 0.2067
vn -0.4721 -0.8598 0.1947
vn -0.4493 -0.8605 0.2403
vn -0.4623 -0.8583 0.2229
vn -0.4252 -0.8607 0.2800
vn -0.4487 -0.8582 0.2493
vn -0.3791 -0.8693 0.3173
vn -0.4264 -0.8673 0.2569
vn -0.3088 -0.8953 0.3209
vn -0.3788 -0.8972 0.2271
vn -0.2352 -0.9282 0.2882
vn -0.2945 -0.9343 0.2010
vn -0.1479 -0.9332 0.3276
vn -0.2122 -0.9506 0.2267
vn -0.0479 -0.9298 0.3649
vn -0.1049 -0.9603 0.2584
vn 0.0238 -0.9754 0.2192
vn 0.0332 -0.9701 0.2402
vn -0.0206 -0.9896 0.1424
vn 0.0318 -0.9787 0.2026
vn -0.0315 -0.9902 0.1360
vn -0.0208 -0.9894 0.1435
vn -0.0177 -0.9990 0.0417
vn 0.0066 -0.9966 0.0821
vn -0.0740 -0.9959 0.0521
vn -0.0240 -0.9899 0.1396
vn -0.1485 -0.9882 0.0388
vn -0.0892 -0.9829 0.1610
vn -0.2367 -0.9705 0.0461
vn -0.1754 -0.9678 0.1807
vn -0.3426 -0.9359 0.0815
vn -0.2689 -0.9407 0.2069
vn -0.4259 -0.8990 0.1024
vn -0.3618 -0.9111 0.1974
vn -0.4696 -0.8749 0.1184
vn -0.4322 -0.8854 0.1712
vn -0.4782 -0.8660 0.1462
vn -0.4703 -0.8683 0.1576
vn -0.4720 -0.8622 0.1838
vn -0.4777 -0.8608 0.1755
vn -0.4612 -0.8595 0.2202
vn -0.4711 -0.8577 0.2060
vn -0.4474 -0.8567 0.2567
vn -0.4599 -0.8551 0.2392
vn -0.4196 -0.8529 0.3106
vn -0.4454 -0.8513 0.2774
vn -0.3441 -0.8524 0.3937
vn -0.4196 -0.8529 0.3107
vn -0.2196 -0.8719 0.4377
vn -0.3490 -0.8839 0.3112
vn -0.1382 -0.9274 0.3477
vn -0.1755 -0.9349 0.3085
vn -0.0720 -0.9092 0.4100
vn -0.1262 -0.9336 0.3353
vn 0.0585 -0.8488 0.5255
vn -0.0441 -0.9296 0.3659
vn 0.1660 -0.9478 0.2721
vn 0.1687 -0.9446 0.2815
vn 0.0844 -0.9959 -0.0315
vn 0.2116 -0.9626 0.1693
vn -0.0440 -0.9972 0.0607
vn 0.0752 -0.9877 0.1370
vn -0.0211 -0.9997 -0.0114
vn 0.0324 -0.9988 0.0379
vn -0.1041 -0.9942 -0.0271
vn -0.0301 -0.9985 0.0451
vn -0.1913 -0.9801 -0.0538
vn -0.1167 -0.9926 0.0330
vn -0.2831 -0.9579 -0.0470
vn -0.2124 -0.9763 0.0416
vn -0.3805 -0.9247 -0.0053
vn -0.3069 -0.9489 0.0738
vn -0.4482 -0.8929 0.0439
vn -0.3942 -0.9138 0.0980
vn -0.4738 -0.8754 0.0960
vn -0.4524 -0.8840 0.1175
vn -0.4759 -0.8675 0.1444
vn -0.4742 -0.8682 0.1462
vn -0.4703 -0.8621 0.1887
vn -0.4751 -0.8606 0.1836
vn -0.4609 -0.8577 0.2280
vn -0.4687 -0.8556 0.2197
vn -0.4468 -0.8537 0.2677
vn -0.4585 -0.8512 0.2555
vn -0.3805 -0.8508 0.3625
vn -0.4405 -0.8440 0.3060
vn -0.0708 -0.8097 0.5826
vn -0.3745 -0.8439 0.3841
vn 0.2787 -0.7426 0.6090
vn -0.0795 -0.8773 0.4732
vn 0.4500 -0.7690 0.4540
vn 0.7592 -0.6137 0.2168
vn 0.4778 -0.7566 0.4464
vn 0.6573 -0.0965 0.7474
vn 0.6524 -0.3798 0.6558
vn 0.7010 -0.6691 0.2467
vn 0.7070 -0.6630 0.2461
vn -0.0269 -0.9557 -0.2930
vn 0.0431 -0.9771 -0.2082
vn -0.0846 -0.9595 -0.2688
vn -0.0339 -0.9775 -0.2084
vn -0.1215 -0.9651 -0.2320
vn -0.0892 -0.9773 -0.1920
vn -0.1548 -0.9710 -0.1822
vn -0.1255 -0.9814 -0.1455
vn -0.1894 -0.9737 -0.1268
vn -0.1587 -0.9834 -0.0881
vn -0.2247 -0.9721 -0.0674
vn -0.1932 -0.9808 -0.0275
vn -0.2568 -0.9665 0.0017
vn -0.2281 -0.9729 0.0380
vn -0.2653 -0.9592 0.0978
vn -0.2583 -0.9602 0.1064
vn -0.2317 -0.9483 0.2170
vn -0.2632 -0.9477 0.1805
vn 0.0440 -0.8492 0.5262
vn -0.2274 -0.9323 0.2812
vn 0.0671 -0.8783 0.4733
vn -0.0029 -0.9126 0.4089
vn 0.4987 -0.4103 0.7636
vn 0.2264 -0.6726 0.7045
vn 0.0441 -0.9350 -0.3518
vn 0.0804 -0.9503 -0.3007
vn 0.0124 -0.9488 -0.3156
vn 0.0393 -0.9607 -0.2748
vn -0.0155 -0.9615 -0.2744
vn 0.0084 -0.9715 -0.2367
vn -0.0461 -0.9721 -0.2300
vn -0.0195 -0.9821 -0.1872
vn -0.0803 -0.9802 -0.1809
vn -0.0502 -0.9900 -0.1321
vn -0.1134 -0.9862 -0.1203
vn -0.0839 -0.9938 -0.0725
vn -0.1160 -0.9932 -0.0038
vn -0.1143 -0.9934 -0.0012
vn -0.0047 -0.9658 0.2591
vn -0.1098 -0.9883 0.1061
vn 0.1769 -0.8474 0.5006
vn -0.0039 -0.9641 0.2654
vn 0.4618 -0.3574 0.8118
vn 0.1778 -0.8514 0.4935
vn 0.1603 -0.9176 -0.3638
vn 0.1706 -0.9211 -0.3500
vn 0.1445 -0.9300 -0.3380
vn 0.1588 -0.9354 -0.3160
vn 0.1234 -0.9429 -0.3094
vn 0.1423 -0.9499 -0.2784
vn 0.0958 -0.9561 -0.2769
vn 0.1204 -0.9643 -0.2357
vn 0.0630 -0.9697 -0.2361
vn 0.0926 -0.9781 -0.1861
vn 0.0431 -0.9870 -0.1547
vn 0.0623 -0.9905 -0.1223
vn 0.1269 -0.9844 0.1218
vn 0.0535 -0.9986 0.0005
vn 0.3689 -0.7146 0.5943
vn 0.1568 -0.9476 0.2783
vn 0.2628 -0.8989 -0.3507
vn 0.2553 -0.8971 -0.3607
vn 0.2612 -0.9034 -0.3399
vn 0.2628 -0.9039 -0.3375
vn 0.2518 -0.9110 -0.3265
vn 0.2608 -0.9137 -0.3118
vn 0.2338 -0.9219 -0.3090
vn 0.2511 -0.9265 -0.2802
vn 0.2104 -0.9375 -0.2770
vn 0.2343 -0.9429 -0.2369
vn 0.2143 -0.9634 -0.1611
vn 0.2195 -0.9637 -0.1523
vn 0.3773 -0.8689 0.3204
vn 0.2571 -0.9614 0.0982
vn 0.3219 -0.8891 -0.3255
vn 0.3042 -0.8865 -0.3487
vn 0.3307 -0.8860 -0.3249
vn 0.3217 -0.8842 -0.3388
vn 0.3334 -0.8863 -0.3214
vn 0.3307 -0.8857 -0.3258
vn 0.3303 -0.8906 -0.3127
vn 0.3339 -0.8913 -0.3066
vn 0.3268 -0.9022 -0.2816
vn 0.3344 -0.9034 -0.2685
vn 0.3712 -0.9214 -0.1152
vn 0.3504 -0.9239 -0.1535
vn 0.3531 -0.8859 -0.3007
vn 0.3332 -0.8851 -0.3248
vn 0.3649 -0.8792 -0.3063
vn 0.3521 -0.8780 -0.3242
vn 0.3724 -0.8757 -0.3075
vn 0.3642 -0.8746 -0.3200
vn 0.3783 -0.8762 -0.2986
vn 0.3723 -0.8754 -0.3084
vn 0.3951 -0.8852 -0.2457
vn 0.3838 -0.8841 -0.2668
vn 0.3704 -0.8842 -0.2847
vn 0.3520 -0.8863 -0.3008
vn 0.3814 -0.8769 -0.2926
vn 0.3681 -0.8779 -0.3061
vn 0.3908 -0.8722 -0.2940
vn 0.3799 -0.8727 -0.3068
vn 0.4157 -0.8720 -0.2586
vn 0.3906 -0.8717 -0.2959
vn 0.5256 -0.8487 0.0584
vn 0.4199 -0.8788 -0.2268
vn -0.2981 -0.9464 -0.1246
vn -0.2504 -0.9630 -0.1000
vn -0.3589 -0.9241 0.1315
vn -0.3395 -0.9299 0.1418
vn -0.3374 -0.8991 0.2788
vn -0.3702 -0.8914 0.2617
vn -0.3018 -0.8866 0.3506
vn -0.3360 -0.8811 0.3328
vn -0.2789 -0.8697 0.4072
vn -0.2998 -0.8681 0.3956
vn -0.2675 -0.8417 0.4690
vn -0.2783 -0.8420 0.4622
vn -0.2663 -0.8049 0.5303
vn -0.2690 -0.8052 0.5285
vn -0.2669 -0.7769 0.5703
vn -0.2678 -0.7770 0.5697
vn -0.2683 -0.7646 0.5860
vn -0.2677 -0.7645 0.5864
vn -0.2757 -0.7500 0.6013
vn -0.2709 -0.7484 0.6054
vn -0.2962 -0.7355 0.6093
vn -0.2820 -0.7292 0.6235
vn -0.3300 -0.7384 0.5880
vn -0.3032 -0.7219 0.6220
vn -0.3459 -0.7565 0.5550
vn -0.3443 -0.7205 0.6019
vn 0.3831 -0.8807 -0.2785
vn 0.3657 -0.8861 -0.2849
vn 0.3926 -0.8740 -0.2863
vn 0.3784 -0.8781 -0.2928
vn 0.4015 -0.8695 -0.2877
vn 0.3902 -0.8725 -0.2941
vn 0.4049 -0.8751 -0.2652
vn 0.4086 -0.8744 -0.2617
vn 0.4325 -0.8941 -0.1161
vn 0.4632 -0.8847 -0.0525
vn 0.5315 -0.6820 0.5024
vn 0.5469 -0.5998 0.5840
vn 0.5274 -0.3240 0.7854
vn 0.5270 -0.3813 0.7595
vn 0.5141 -0.2056 0.8328
vn 0.5144 -0.2161 0.8299
vn 0.9969 0.0733 -0.0278
vn 0.9856 0.1659 0.0336
vn 0.9983 0.0568 0.0116
vn 0.9977 0.0658 0.0166
vn 0.9984 0.0545 0.0148
vn 0.9983 0.0564 0.0158
vn 0.9983 0.0551 0.0164
vn 0.9984 0.0544 0.0160
vn 0.9976 0.0665 0.0203
vn 0.9983 0.0555 0.0149
vn 0.9916 0.1245 0.0348
vn 0.9975 0.0693 0.0126
vn 0.9134 0.3954 0.0963
vn 0.9914 0.1301 0.0135
vn 0.1080 0.9603 0.2571
vn 0.9316 0.3606 0.0451
vn -0.9123 0.4089 -0.0236
vn -0.9117 0.4103 -0.0237
vn -0.9369 0.3492 0.0193
vn -0.9215 0.3881 0.0163
vn -0.9076 0.4173 0.0456
vn -0.9338 0.3549 0.0460
vn -0.7655 0.6412 0.0547
vn -0.9028 0.4267 0.0540
vn -0.4875 0.8720 0.0438
vn -0.7608 0.6460 0.0623
vn -0.3620 0.9307 0.0527
vn -0.5001 0.8625 0.0779
vn -0.4420 0.8857 0.1424
vn -0.4299 0.8923 0.1379
vn -0.5513 0.7780 0.3013
vn -0.5822 0.7479 0.3189
vn -0.6522 0.6017 0.4611
vn -0.6916 0.5328 0.4877
vn -0.7612 -0.2998 0.5750
vn -0.7218 0.4301 0.5423
vn -0.4481 -0.5959 0.6665
vn -0.5802 -0.4425 0.6838
vn -0.3213 -0.7184 0.6170
vn -0.5439 -0.4996 0.6742
vn -0.3502 -0.7062 0.6154
vn -0.5563 -0.4910 0.6704
vn -0.7503 -0.0966 0.6540
vn -0.5905 -0.4331 0.6810
vn -0.7692 0.0131 0.6389
vn -0.5652 0.8077 0.1679
vn -0.4827 -0.6052 0.6331
vn -0.3990 -0.6418 0.6549
vn -0.6221 -0.3990 0.6736
vn -0.4387 -0.5985 0.6703
vn -0.5641 -0.4600 0.6857
vn -0.5076 -0.5248 0.6833
vn -0.4428 -0.5943 0.6714
vn -0.5301 -0.5022 0.6832
vn -0.4276 -0.6158 0.6618
vn -0.5616 -0.4675 0.6827
vn -0.5463 -0.4883 0.6806
vn -0.5975 -0.4173 0.6848
vn -0.7919 0.1108 0.6005
vn -0.6336 -0.3470 0.6915
vn -0.3877 -0.6656 0.6377
vn -0.3330 -0.6862 0.6467
vn -0.4903 -0.5651 0.6635
vn -0.3803 -0.6482 0.6597
vn -0.5857 -0.4547 0.6709
vn -0.4494 -0.5864 0.6739
vn -0.5496 -0.4851 0.6802
vn -0.4967 -0.5383 0.6808
vn -0.5543 -0.4743 0.6839
vn -0.5293 -0.5015 0.6844
vn -0.5876 -0.4283 0.6865
vn -0.5565 -0.4667 0.6874
vn -0.6471 -0.3314 0.6866
vn -0.5986 -0.4035 0.6920
vn -0.6603 -0.2985 0.6891
vn -0.6327 -0.3395 0.6960
vn -0.6695 -0.2719 0.6913
vn -0.6550 -0.2949 0.6957
vn -0.6868 -0.2296 0.6897
vn -0.6854 -0.2322 0.6902
vn -0.7191 -0.1473 0.6791
vn -0.7247 -0.1356 0.6756
vn -0.7406 -0.0827 0.6668
vn -0.7477 -0.0670 0.6606
vn -0.7548 -0.0327 0.6551
vn -0.7598 -0.0223 0.6498
vn -0.7615 -0.0075 0.6481
vn -0.7635 -0.0037 0.6458
vn -0.7637 0.0046 0.6456
vn -0.7638 0.0048 0.6454
vn -0.7630 0.0206 0.6461
vn -0.7626 0.0189 0.6466
vn -0.7541 0.0969 0.6495
vn -0.7556 0.0430 0.6536
vn -0.7538 -0.0298 0.6565
vn -0.7546 0.0330 0.6553
vn -0.7515 0.0609 0.6569
vn -0.7520 0.0834 0.6539
vn -0.3324 -0.7035 0.6281
vn -0.3197 -0.7070 0.6309
vn -0.4899 -0.6019 0.6307
vn -0.3711 -0.6730 0.6397
vn -0.6754 -0.4133 0.6108
vn -0.4297 -0.6257 0.6511
vn -0.6491 -0.4209 0.6336
vn -0.4884 -0.5704 0.6604
vn -0.6409 -0.4131 0.6470
vn -0.5189 -0.5339 0.6677
vn -0.6512 -0.3825 0.6555
vn -0.5397 -0.5041 0.6742
vn -0.6757 -0.3263 0.6610
vn -0.5814 -0.4465 0.6802
vn -0.6773 -0.3044 0.6698
vn -0.6281 -0.3732 0.6828
vn -0.7020 -0.2444 0.6689
vn -0.6671 -0.3013 0.6813
vn -0.7225 -0.1861 0.6659
vn -0.7052 -0.2196 0.6742
vn -0.7467 -0.1093 0.6561
vn -0.7438 -0.1161 0.6582
vn -0.7595 -0.0576 0.6479
vn -0.7646 -0.0450 0.6429
vn -0.7690 -0.0185 0.6390
vn -0.7713 -0.0127 0.6364
vn -0.7720 -0.0023 0.6356
vn -0.7716 -0.0032 0.6361
vn -0.7716 0.0055 0.6360
vn -0.7702 0.0012 0.6379
vn -0.7693 0.0191 0.6386
vn -0.7684 0.0141 0.6398
vn -0.7665 0.0453 0.6407
vn -0.7662 0.0336 0.6418
vn -0.7263 0.2826 0.6266
vn -0.7599 0.0663 0.6467
vn -0.7642 0.0171 0.6448
vn -0.7628 0.0683 0.6430
vn -0.7636 0.0581 0.6431
vn -0.7603 0.1145 0.6394
vn -0.3307 -0.7259 0.6031
vn -0.3290 -0.7262 0.6036
vn -0.5375 -0.6175 0.5743
vn -0.3979 -0.6895 0.6052
vn -0.7399 -0.4234 0.5228
vn -0.4379 -0.6570 0.6137
vn -0.7280 -0.4070 0.5517
vn -0.4872 -0.6119 0.6230
vn -0.7043 -0.4085 0.5806
vn -0.5269 -0.5680 0.6323
vn -0.6969 -0.3924 0.6003
vn -0.5606 -0.5254 0.6400
vn -0.7270 -0.3251 0.6048
vn -0.6097 -0.4612 0.6447
vn -0.7425 -0.2722 0.6120
vn -0.6570 -0.3873 0.6468
vn -0.7621 -0.2056 0.6139
vn -0.6986 -0.3076 0.6460
vn -0.7758 -0.1443 0.6143
vn -0.7451 -0.2040 0.6350
vn -0.7915 -0.0725 0.6068
vn -0.7827 -0.0931 0.6154
vn -0.7980 -0.0276 0.6020
vn -0.7982 -0.0272 0.6018
vn -0.8010 -0.0055 0.5987
vn -0.8003 -0.0070 0.5996
vn -0.8006 -0.0008 0.5993
vn -0.7978 -0.0068 0.6029
vn -0.7976 0.0020 0.6031
vn -0.7933 -0.0094 0.6087
vn -0.7922 0.0138 0.6102
vn -0.7896 -0.0008 0.6137
vn -0.7879 0.0328 0.6150
vn -0.7873 0.0187 0.6162
vn -0.7843 0.0695 0.6165
vn -0.7850 0.0469 0.6177
vn -0.7854 0.0403 0.6177
vn -0.7847 0.0641 0.6165
vn -0.7876 0.0059 0.6162
vn -0.7856 0.0959 0.6112
vn -0.3466 -0.7388 0.5780
vn -0.3542 -0.7371 0.5755
vn -0.5314 -0.6538 0.5386
vn -0.4661 -0.6855 0.5593
vn -0.6880 -0.5339 0.4916
vn -0.5108 -0.6537 0.5583
vn -0.7345 -0.4729 0.4866
vn -0.5339 -0.6286 0.5656
vn -0.7473 -0.4375 0.5001
vn -0.5725 -0.5872 0.5721
vn -0.7594 -0.3978 0.5148
vn -0.6193 -0.5329 0.5767
vn -0.7906 -0.3256 0.5186
vn -0.6728 -0.4617 0.5781
vn -0.8060 -0.2680 0.5278
vn -0.7155 -0.3896 0.5798
vn -0.8255 -0.1937 0.5301
vn -0.7645 -0.2945 0.5734
vn -0.8431 -0.1125 0.5259
vn -0.8170 -0.1677 0.5517
vn -0.8536 -0.0428 0.5192
vn -0.8438 -0.0670 0.5325
vn -0.8541 -0.0085 0.5201
vn -0.8500 -0.0181 0.5265
vn -0.8516 -0.0001 0.5242
vn -0.8489 -0.0057 0.5285
vn -0.8489 -0.0053 0.5285
vn -0.8458 -0.0116 0.5334
vn -0.8458 -0.0114 0.5334
vn -0.8409 -0.0232 0.5407
vn -0.8404 -0.0054 0.5419
vn -0.8368 -0.0236 0.5470
vn -0.8360 0.0127 0.5485
vn -0.8350 -0.0057 0.5502
vn -0.8332 0.0448 0.5512
vn -0.8333 0.0323 0.5518
vn -0.8316 0.0615 0.5520
vn -0.8312 0.0694 0.5516
vn -0.8228 0.1432 0.5499
vn -0.8157 0.1957 0.5444
vn -0.3697 -0.7432 0.5577
vn -0.3855 -0.7390 0.5524
vn -0.5425 -0.6633 0.5155
vn -0.5424 -0.6633 0.5155
vn -0.6550 -0.5873 0.4756
vn -0.6140 -0.6154 0.4942
vn -0.7105 -0.5370 0.4548
vn -0.6386 -0.5932 0.4901
vn -0.7617 -0.4787 0.4367
vn -0.6721 -0.5589 0.4857
vn -0.8086 -0.4101 0.4220
vn -0.7123 -0.5105 0.4816
vn -0.8486 -0.3314 0.4125
vn -0.7550 -0.4485 0.4784
vn -0.8663 -0.2724 0.4188
vn -0.7941 -0.3785 0.4756
vn -0.8928 -0.1813 0.4122
vn -0.8528 -0.2585 0.4538
vn -0.9137 -0.0807 0.3984
vn -0.8975 -0.1237 0.4233
vn -0.9178 -0.0224 0.3965
vn -0.9106 -0.0445 0.4108
vn -0.9149 -0.0032 0.4037
vn -0.9110 -0.0139 0.4121
vn -0.9115 -0.0010 0.4113
vn -0.9083 -0.0086 0.4182
vn -0.9084 -0.0115 0.4180
vn -0.9056 -0.0179 0.4237
vn -0.9060 -0.0280 0.4223
vn -0.9040 -0.0343 0.4262
vn -0.9040 -0.0344 0.4262
vn -0.9021 -0.0457 0.4292
vn -0.9023 -0.0207 0.4306
vn -0.9015 -0.0320 0.4315
vn -0.9009 0.0244 0.4334
vn -0.9008 0.0134 0.4340
vn -0.8975 0.0735 0.4349
vn -0.8978 0.0663 0.4353
vn -0.8551 0.2967 0.4252
vn -0.8598 0.2784 0.4281
vn -0.4228 -0.7494 0.5095
vn -0.4227 -0.7495 0.5096
vn -0.6335 -0.6273 0.4529
vn -0.5959 -0.6513 0.4698
vn -0.7129 -0.5596 0.4227
vn -0.6821 -0.5845 0.4395
vn -0.7398 -0.5318 0.4122
vn -0.7296 -0.5410 0.4183
vn -0.7816 -0.4864 0.3905
vn -0.7780 -0.4902 0.3930
vn -0.8320 -0.4225 0.3595
vn -0.8212 -0.4357 0.3684
vn -0.8795 -0.3464 0.3263
vn -0.8597 -0.3761 0.3457
vn -0.9163 -0.2668 0.2986
vn -0.9028 -0.2929 0.3149
vn -0.9538 -0.1512 0.2596
vn -0.9458 -0.1743 0.2740
vn -0.9709 -0.0509 0.2342
vn -0.9648 -0.0777 0.2514
vn -0.9717 -0.0069 0.2362
vn -0.9679 -0.0268 0.2499
vn -0.9689 -0.0013 0.2474
vn -0.9669 -0.0108 0.2550
vn -0.9669 -0.0065 0.2550
vn -0.9649 -0.0144 0.2624
vn -0.9649 -0.0203 0.2618
vn -0.9632 -0.0265 0.2674
vn -0.9634 -0.0409 0.2648
vn -0.9639 -0.0385 0.2636
vn -0.9636 -0.0580 0.2612
vn -0.9644 -0.0498 0.2596
vn -0.9645 -0.0466 0.2598
vn -0.9651 -0.0378 0.2592
vn -0.9654 0.0090 0.2606
vn -0.9653 0.0009 0.2610
vn -0.9622 0.0733 0.2621
vn -0.9627 0.0653 0.2626
vn -0.8914 0.3767 0.2519
vn -0.8898 0.3809 0.2513
vn -0.4749 -0.7632 0.4381
vn -0.4735 -0.7638 0.4387
vn -0.7142 -0.5941 0.3701
vn -0.6532 -0.6426 0.4006
vn -0.7897 -0.5098 0.3412
vn -0.7382 -0.5617 0.3736
vn -0.8155 -0.4739 0.3322
vn -0.7980 -0.4941 0.3450
vn -0.8472 -0.4288 0.3135
vn -0.8570 -0.4155 0.3049
vn -0.8821 -0.3750 0.2852
vn -0.9063 -0.3344 0.2583
vn -0.9174 -0.3118 0.2474
vn -0.9466 -0.2489 0.2050
vn -0.9572 -0.2178 0.1908
vn -0.9789 -0.1455 0.1435
vn -0.9859 -0.1067 0.1286
vn -0.9918 -0.0712 0.1063
vn -0.9947 -0.0349 0.0970
vn -0.9949 -0.0322 0.0953
vn -0.9958 -0.0029 0.0917
vn -0.9952 -0.0123 0.0974
vn -0.9953 -0.0023 0.0971
vn -0.9948 -0.0091 0.1017
vn -0.9947 -0.0143 0.1016
vn -0.9942 -0.0193 0.1057
vn -0.9940 -0.0302 0.1049
vn -0.9936 -0.0338 0.1079
vn -0.9932 -0.0454 0.1068
vn -0.9935 -0.0429 0.1057
vn -0.9929 -0.0570 0.1048
vn -0.9939 -0.0405 0.1026
vn -0.9939 -0.0402 0.1026
vn -0.9947 -0.0166 0.1014
vn -0.9948 0.0019 0.1017
vn -0.9948 0.0063 0.1015
vn -0.9925 0.0669 0.1020
vn -0.9924 0.0690 0.1019
vn -0.8959 0.4336 0.0966
vn -0.9183 0.3829 0.1008
vn -0.5165 -0.7723 0.3699
vn -0.5274 -0.7669 0.3656
vn -0.7505 -0.5874 0.3030
vn -0.7156 -0.6205 0.3210
vn -0.8332 -0.4832 0.2688
vn -0.8055 -0.5181 0.2877
vn -0.8722 -0.4211 0.2490
vn -0.8663 -0.4301 0.2540
vn -0.9081 -0.3545 0.2228
vn -0.9182 -0.3350 0.2115
vn -0.9387 -0.2868 0.1913
vn -0.9621 -0.2249 0.1540
vn -0.9651 -0.2148 0.1498
vn -0.9886 -0.1198 0.0908
vn -0.9888 -0.1186 0.0904
vn -0.9977 -0.0482 0.0471
vn -0.9975 -0.0516 0.0480
vn -0.9994 -0.0188 0.0292
vn -0.9994 -0.0196 0.0293
vn -0.9997 -0.0080 0.0233
vn -0.9997 -0.0038 0.0233
vn -0.9997 -0.0033 0.0230
vn -0.9997 -0.0050 0.0229
vn -0.9997 -0.0059 0.0234
vn -0.9996 -0.0189 0.0228
vn -0.9996 -0.0183 0.0224
vn -0.9991 -0.0358 0.0217
vn -0.9991 -0.0362 0.0220
vn -0.9985 -0.0496 0.0217
vn -0.9981 -0.0566 0.0242
vn -0.9983 -0.0526 0.0243
vn -0.9977 -0.0627 0.0254
vn -0.9992 -0.0290 0.0263
vn -0.9995 -0.0200 0.0260
vn -0.9996 -0.0011 0.0265
vn -0.9994 0.0229 0.0260
vn -0.9979 0.0589 0.0266
vn -0.9970 0.0730 0.0264
vn -0.9273 0.3729 0.0312
vn -0.9639 0.2643 0.0339
vn -0.5596 -0.7697 0.3074
vn -0.5874 -0.7530 0.2964
vn -0.7800 -0.5762 0.2442
vn -0.7744 -0.5825 0.2471
vn -0.8645 -0.4579 0.2075
vn -0.8630 -0.4601 0.2085
vn -0.9088 -0.3762 0.1807
vn -0.9189 -0.3555 0.1708
vn -0.9448 -0.2917 0.1491
vn -0.9625 -0.2413 0.1237
vn -0.9747 -0.1957 0.1081
vn -0.9901 -0.1219 0.0692
vn -0.9921 -0.1073 0.0647
vn -0.9985 -0.0457 0.0304
vn -0.9986 -0.0432 0.0298
vn -0.9998 -0.0138 0.0130
vn -0.9998 -0.0165 0.0133
vn -1.0000 -0.0043 0.0066
vn -1.0000 -0.0066 0.0067
vn -1.0000 -0.0014 0.0041
vn -1.0000 -0.0020 0.0041
vn -1.0000 -0.0006 0.0035
vn -1.0000 -0.0048 0.0033
vn -1.0000 -0.0027 0.0024
vn -0.9998 -0.0178 0.0016
vn -0.9999 -0.0128 -0.0010
vn -0.9993 -0.0364 -0.0016
vn -0.9994 -0.0340 -0.0029
vn -0.9983 -0.0589 -0.0028
vn -0.9977 -0.0684 0.0005
vn -0.9975 -0.0706 0.0005
vn -0.9961 -0.0884 0.0025
vn -0.9993 -0.0362 0.0043
vn -0.9990 -0.0439 0.0044
vn -0.9999 0.0097 0.0068
vn -0.9996 0.0269 0.0070
vn -0.9982 0.0602 0.0087
vn -0.9985 0.0547 0.0086
vn -0.9685 0.2482 0.0200
vn -0.9880 0.1535 0.0185
vn -0.6136 -0.7531 0.2372
vn -0.6523 -0.7248 0.2217
vn -0.8188 -0.5452 0.1797
vn -0.8311 -0.5284 0.1731
vn -0.8984 -0.4146 0.1446
vn -0.9098 -0.3923 0.1359
vn -0.9407 -0.3185 0.1168
vn -0.9560 -0.2759 0.0996
vn -0.9726 -0.2167 0.0843
vn -0.9865 -0.1533 0.0572
vn -0.9927 -0.1108 0.0469
vn -0.9980 -0.0583 0.0229
vn -0.9989 -0.0426 0.0198
vn -0.9999 -0.0157 0.0062
vn -0.9999 -0.0130 0.0059
vn -1.0000 -0.0029 0.0003
vn -1.0000 -0.0041 0.0003
vn -1.0000 -0.0021 -0.0007
vn -1.0000 -0.0014 -0.0007
vn -1.0000 -0.0011 -0.0009
vn -1.0000 -0.0005 -0.0008
vn -1.0000 -0.0006 -0.0008
vn -1.0000 -0.0026 -0.0008
vn -1.0000 -0.0017 -0.0012
vn -0.9999 -0.0128 -0.0017
vn -1.0000 -0.0091 -0.0035
vn -0.9994 -0.0340 -0.0042
vn -0.9995 -0.0314 -0.0055
vn -0.9976 -0.0686 -0.0051
vn -0.9973 -0.0736 -0.0033
vn -0.9959 -0.0906 -0.0034
vn -0.9955 -0.0946 -0.0028
vn -0.9986 -0.0524 -0.0012
vn -0.9986 -0.0531 -0.0012
vn -0.9998 0.0206 0.0034
vn -0.9999 0.0158 0.0033
vn -0.9986 0.0518 0.0062
vn -0.9992 0.0407 0.0058
vn -0.9885 0.1500 0.0161
vn -0.9934 0.1138 0.0150
vn -0.6766 -0.7265 0.1201
vn -0.6966 -0.7087 0.1122
vn -0.8699 -0.4867 0.0802
vn -0.8828 -0.4641 0.0732
vn -0.9372 -0.3445 0.0551
vn -0.9476 -0.3161 0.0465
vn -0.9702 -0.2399 0.0349
vn -0.9788 -0.2035 0.0235
vn -0.9911 -0.1326 0.0132
vn -0.9954 -0.0959 0.0006
vn -0.9988 -0.0491 -0.0051
vn -0.9995 -0.0267 -0.0139
vn -0.9998 -0.0122 -0.0150
vn -0.9998 -0.0007 -0.0204
vn -0.9998 -0.0022 -0.0204
vn -0.9997 0.0022 -0.0226
vn -0.9997 -0.0025 -0.0229
vn -0.9998 -0.0093 -0.0196
vn -0.9998 -0.0016 -0.0189
vn -0.9998 -0.0099 -0.0151
vn -0.9999 -0.0007 -0.0143
vn -0.9999 -0.0072 -0.0114
vn -0.9999 -0.0016 -0.0110
vn -0.9999 -0.0080 -0.0082
vn -0.9999 -0.0090 -0.0083
vn -0.9999 -0.0132 -0.0064
vn -0.9995 -0.0313 -0.0074
vn -0.9994 -0.0333 -0.0065
vn -0.9973 -0.0733 -0.0068
vn -0.9973 -0.0738 -0.0067
vn -0.9953 -0.0961 -0.0068
vn -0.9958 -0.0908 -0.0078
vn -0.9980 -0.0633 -0.0071
vn -0.9982 -0.0591 -0.0074
vn -1.0000 0.0023 -0.0043
vn -1.0000 -0.0011 -0.0042
vn -0.9994 0.0358 -0.0016
vn -0.9994 0.0345 -0.0016
vn -0.9938 0.1110 0.0040
vn -0.9929 0.1187 0.0039
vn -0.6958 -0.7094 -0.1120
vn -0.7271 -0.6756 -0.1219
vn -0.9019 -0.4152 -0.1194
vn -0.9097 -0.3969 -0.1222
vn -0.9580 -0.2614 -0.1178
vn -0.9574 -0.2637 -0.1175
vn -0.9800 -0.1632 -0.1137
vn -0.9790 -0.1702 -0.1126
vn -0.9916 -0.0705 -0.1087
vn -0.9913 -0.0763 -0.1075
vn -0.9944 -0.0117 -0.1048
vn -0.9944 -0.0105 -0.1052
vn -0.9946 0.0059 -0.1039
vn -0.9943 0.0113 -0.1062
vn -0.9942 0.0024 -0.1078
vn -0.9941 0.0039 -0.1085
vn -0.9934 -0.0121 -0.1137
vn -0.9936 -0.0291 -0.1091
vn -0.9946 -0.0131 -0.1025
vn -0.9942 -0.0455 -0.0976
vn -0.9965 -0.0093 -0.0835
vn -0.9959 -0.0458 -0.0778
vn -0.9978 -0.0088 -0.0661
vn -0.9972 -0.0486 -0.0574
vn -0.9987 -0.0125 -0.0489
vn -0.9982 -0.0463 -0.0390
vn -0.9989 -0.0301 -0.0365
vn -0.9980 -0.0561 -0.0278
vn -0.9972 -0.0686 -0.0286
vn -0.9963 -0.0818 -0.0248
vn -0.9954 -0.0925 -0.0250
vn -0.9964 -0.0796 -0.0276
vn -0.9963 -0.0811 -0.0276
vn -0.9979 -0.0573 -0.0305
vn -0.9992 -0.0264 -0.0298
vn -0.9994 -0.0121 -0.0310
vn -0.9987 0.0405 -0.0298
vn -0.9988 0.0392 -0.0297
vn -0.9887 0.1473 -0.0280
vn -0.9910 0.1313 -0.0269
vn 0.9922 0.0169 0.1232
vn 0.3610 0.4726 0.8039
vn 0.9334 0.1232 0.3370
vn 0.8328 0.2278 0.5045
vn 0.1172 0.9430 0.3114
vn 0.9473 0.2830 0.1501
vn 0.2843 0.8623 0.4190
vn 0.9809 0.1354 0.1394
vn 0.9951 0.0554 0.0814
vn 0.4217 0.6448 0.6376
vn 0.9909 0.0613 0.1198
vn 0.5531 0.5261 0.6460
vn 0.9848 0.0675 0.1598
vn 0.4955 0.5082 0.7044
vn 0.9821 0.0544 0.1803
vn 0.6366 0.3998 0.6595
vn 0.9820 0.0269 0.1870
vn 0.7613 0.2680 0.5904
vn 0.9786 0.0014 0.2056
vn 0.7285 0.2259 0.6467
vn 0.9377 0.0259 0.3465
vn 0.6099 0.2319 0.7578
vn 0.9568 -0.1054 0.2709
vn -0.0087 0.2978 0.9546
vn 0.7201 -0.0522 0.6919
vn 0.3443 -0.0677 0.9364
vn 0.5559 -0.3574 -0.7505
vn 0.8028 -0.5725 -0.1666
vn -0.5126 0.2045 -0.8339
vn -0.5062 0.2006 -0.8387
vn 0.4684 -0.1416 0.8721
vn 0.4422 -0.1319 0.8872
vn 0.4986 -0.1807 0.8478
vn 0.4480 -0.1685 0.8780
vn 0.4416 -0.1659 0.8817
vn 0.4354 -0.1657 0.8848
vn 0.4880 -0.1720 0.8557
vn 0.7776 -0.1659 0.6065
vn 0.8388 0.5402 0.0674
vn 0.8288 0.5551 0.0697
vn 0.9976 0.0647 0.0260
vn 0.8050 0.5654 0.1797
vn 0.9982 0.0483 0.0357
vn 0.9381 0.3098 0.1551
vn 0.9982 0.0353 0.0480
vn 0.8678 0.4156 0.2724
vn 0.9981 0.0167 0.0597
vn 0.8446 0.3985 0.3576
vn 0.9975 -0.0032 0.0710
vn 0.8400 0.3373 0.4250
vn 0.9957 -0.0205 0.0901
vn 0.8134 0.2806 0.5096
vn 0.9882 -0.0179 0.1521
vn 0.8261 0.2064 0.5243
vn 0.9759 -0.0337 0.2157
vn 0.8491 0.1347 0.5108
vn 0.9712 -0.1923 0.1409
vn 0.7005 0.1187 0.7038
vn 0.8926 -0.4344 0.1206
vn 0.5012 -0.0407 0.8644
vn 0.5977 -0.1580 0.7860
vn 0.5550 -0.2657 0.7883
vn 0.3286 0.2574 0.9087
vn 0.6447 -0.0838 0.7598
vn 0.6298 -0.1073 0.7693
vn 0.6227 -0.1013 0.7759
vn 0.6097 -0.1261 0.7826
vn 0.6513 -0.1505 0.7438
vn 0.6656 -0.1815 0.7239
vn 0.7060 -0.1881 0.6828
vn 0.7061 -0.2407 0.6660
vn 0.5864 -0.2081 0.7829
vn 0.5450 -0.2288 0.8066
vn 0.5308 -0.2119 0.8206
vn 0.4990 -0.2276 0.8362
vn 0.5003 -0.2133 0.8392
vn 0.8627 0.5034 0.0485
vn 0.9919 0.1267 0.0046
vn 0.7575 0.6526 0.0150
vn 0.9873 0.1590 0.0018
vn 0.9938 0.1108 0.0022
vn 0.9954 0.0960 0.0018
vn 0.9971 0.0758 0.0024
vn 0.9939 0.1105 0.0036
vn 0.9983 0.0584 0.0051
vn 0.9794 0.2016 0.0121
vn 0.9995 0.0291 0.0115
vn 0.9564 0.2890 0.0421
vn 0.9998 0.0080 0.0205
vn 0.9420 0.3202 0.1001
vn 0.9994 -0.0086 0.0335
vn 0.9486 0.2668 0.1704
vn 0.9984 -0.0187 0.0540
vn 0.9770 0.1289 0.1698
vn 0.9964 -0.0316 0.0782
vn 0.9861 0.0500 0.1583
vn 0.9926 -0.0461 0.1121
vn 0.9865 0.0090 0.1635
vn 0.9777 -0.1064 0.1813
vn 0.9739 -0.0255 0.2257
vn 0.9053 -0.1735 0.3876
vn 0.9217 -0.0692 0.3816
vn 0.9913 0.1315 -0.0066
vn 0.9723 -0.0461 0.2291
vn 0.8415 -0.1487 0.5194
vn 0.8302 -0.1547 0.5355
vn 0.7780 -0.1766 0.6029
vn 0.7966 -0.1673 0.5809
vn 0.7026 -0.1982 0.6834
vn 0.7001 -0.1998 0.6855
vn 0.5958 -0.2256 0.7708
vn 0.6001 -0.2404 0.7629
vn 0.5279 -0.2746 0.8037
vn 0.5303 -0.3181 0.7858
vn 0.9888 0.1472 0.0262
vn 0.9987 0.0515 0.0052
vn 0.9546 0.2967 0.0269
vn 0.9993 0.0381 0.0017
vn 0.9948 0.1015 0.0032
vn 0.9995 0.0326 -0.0000
vn 0.9957 0.0931 -0.0015
vn 0.9990 0.0456 -0.0017
vn 0.9930 0.1177 -0.0061
vn 0.9972 0.0751 -0.0046
vn 0.9955 0.0949 -0.0063
vn 0.9951 0.0985 -0.0065
vn 0.9983 0.0585 -0.0024
vn 0.9923 0.1238 -0.0053
vn 0.9996 0.0267 0.0046
vn 0.9866 0.1629 0.0053
vn 0.9999 -0.0005 0.0134
vn 0.9949 0.0974 0.0255
vn 0.9996 -0.0187 0.0202
vn 0.9993 0.0198 0.0314
vn 0.9994 -0.0185 0.0285
vn 0.9991 0.0095 0.0408
vn 0.9987 -0.0200 0.0463
vn 0.9986 -0.0051 0.0521
vn 0.9967 -0.0247 0.0768
vn 0.9966 -0.0267 0.0775
vn 0.9261 -0.1841 0.3293
vn 0.9619 -0.1259 0.2428
vn 0.9655 -0.1200 0.2313
vn 0.9505 -0.1489 0.2728
vn 0.9587 -0.1376 0.2490
vn 0.9267 -0.2005 0.3179
vn 0.8576 -0.2622 0.4424
vn 0.8245 -0.3626 0.4344
vn 0.6146 -0.5103 0.6015
vn 0.5988 -0.6058 0.5239
vn 0.9984 0.0549 0.0147
vn 0.9992 0.0391 0.0090
vn 0.9983 0.0572 0.0129
vn 0.9995 0.0305 0.0061
vn 0.9984 0.0558 0.0106
vn 0.9996 0.0278 0.0047
vn 0.9961 0.0876 0.0132
vn 0.9995 0.0322 0.0040
vn 0.9823 0.1863 0.0194
vn 0.9993 0.0376 0.0024
vn 0.9818 0.1898 0.0094
vn 0.9992 0.0396 0.0001
vn 0.9895 0.1444 -0.0017
vn 0.9990 0.0447 -0.0024
vn 0.9946 0.1032 -0.0068
vn 0.9987 0.0515 -0.0047
vn 0.9996 0.0273 -0.0023
vn 0.9999 -0.0160 -0.0005
vn 0.9999 -0.0103 -0.0009
vn 0.9998 -0.0193 -0.0014
vn 1.0000 0.0003 -0.0017
vn 0.9998 0.0216 0.0041
vn 1.0000 -0.0044 0.0056
vn 0.9999 0.0085 0.0110
vn 0.9999 -0.0106 0.0136
vn 0.9999 -0.0054 0.0161
vn 0.9996 -0.0219 0.0190
vn 0.9996 -0.0238 0.0182
vn 0.9978 -0.0620 0.0253
vn 0.9969 -0.0747 0.0238
vn 0.9779 -0.2014 0.0562
vn 0.9827 -0.1773 0.0536
vn 0.9851 -0.1649 0.0489
vn 0.9683 -0.2438 0.0550
vn 0.9813 -0.1893 0.0346
vn 0.9425 -0.3331 0.0275
vn 0.9200 -0.3898 0.0415
vn 0.8581 -0.5135 0.0015
vn 0.5734 -0.8191 -0.0154
vn 0.5849 -0.8111 -0.0012
vn 0.9991 0.0400 0.0119
vn 0.9992 0.0384 0.0112
vn 0.9993 0.0355 0.0104
vn 0.9994 0.0323 0.0094
vn 0.9993 0.0364 0.0105
vn 0.9995 0.0316 0.0089
vn 0.9988 0.0467 0.0126
vn 0.9994 0.0327 0.0086
vn 0.9981 0.0599 0.0146
vn 0.9994 0.0329 0.0075
vn 0.9979 0.0641 0.0134
vn 0.9995 0.0314 0.0058
vn 0.9972 0.0732 0.0118
vn 0.9996 0.0279 0.0033
vn 0.9951 0.0983 0.0099
vn 1.0000 0.0020 -0.0018
vn 0.9970 -0.0773 -0.0060
vn 0.9760 -0.2174 -0.0142
vn 0.9994 -0.0330 -0.0075
vn 0.9997 -0.0235 -0.0067
vn 0.9998 0.0186 -0.0061
vn 0.9995 0.0309 -0.0030
vn 1.0000 0.0078 -0.0026
vn 0.9999 0.0162 0.0005
vn 1.0000 -0.0053 0.0006
vn 1.0000 -0.0083 -0.0007
vn 0.9997 -0.0251 -0.0018
vn 0.9987 -0.0497 -0.0128
vn 0.9959 -0.0882 -0.0184
vn 0.9877 -0.1509 -0.0412
vn 0.9651 -0.2549 -0.0599
vn 0.9442 -0.3198 -0.0792
vn 0.9438 -0.3209 -0.0794
vn 0.8816 -0.4564 -0.1207
vn 0.9127 -0.3939 -0.1087
vn 0.8045 -0.5703 -0.1661
vn 0.8034 -0.5717 -0.1664
vn 0.6906 -0.6921 -0.2101
vn 0.4996 -0.8313 -0.2435
vn 0.4866 -0.8375 -0.2486
vn 0.9992 0.0383 0.0109
vn 0.9991 0.0398 0.0115
vn 0.9994 0.0326 0.0096
vn 0.9994 0.0337 0.0100
vn 0.9994 0.0326 0.0097
vn 0.9994 0.0333 0.0099
vn 0.9993 0.0350 0.0104
vn 0.9994 0.0336 0.0099
vn 0.9993 0.0367 0.0107
vn 0.9994 0.0324 0.0094
vn 0.9993 0.0364 0.0103
vn 0.9995 0.0289 0.0079
vn 0.9994 0.0343 0.0091
vn 0.9998 0.0175 0.0041
vn 1.0000 0.0086 0.0023
vn 0.9994 -0.0327 -0.0082
vn 0.3669 -0.9155 -0.1650
vn 0.9955 -0.0939 -0.0152
vn 0.9997 -0.0231 -0.0064
vn 0.9998 0.0202 0.0015
vn 0.9995 0.0322 0.0017
vn 0.9995 0.0314 0.0015
vn 0.9999 0.0164 0.0017
vn 1.0000 0.0079 -0.0010
vn 1.0000 -0.0084 -0.0016
vn 0.9993 -0.0349 -0.0115
vn 0.9987 -0.0499 -0.0135
vn 0.9922 -0.1184 -0.0400
vn 0.9868 -0.1546 -0.0478
vn 0.9555 -0.2798 -0.0939
vn 0.9310 -0.3476 -0.1113
vn 0.8714 -0.4661 -0.1530
vn 0.8553 -0.4928 -0.1601
vn 0.7724 -0.6032 -0.1988
vn 0.7758 -0.5992 -0.1978
vn 0.6856 -0.6906 -0.2301
vn 0.6601 -0.7130 -0.2362
vn 0.5842 -0.7699 -0.2568
vn 0.4649 -0.8412 -0.2760
vn 0.4336 -0.8552 -0.2838
vn 0.9992 0.0393 0.0099
vn 0.9991 0.0409 0.0106
vn 0.9994 0.0324 0.0085
vn 0.9995 0.0320 0.0083
vn 0.9995 0.0313 0.0082
vn 0.9995 0.0306 0.0079
vn 0.9995 0.0318 0.0082
vn 0.9995 0.0296 0.0075
vn 0.9995 0.0310 0.0079
vn 0.9997 0.0242 0.0056
vn 0.9996 0.0276 0.0064
vn 0.9999 0.0145 0.0021
vn 0.9999 0.0161 0.0024
vn 0.9999 -0.0115 -0.0065
vn 0.9992 -0.0378 -0.0124
vn 0.9950 -0.0957 -0.0292
vn 0.9910 -0.1286 -0.0366
vn 0.9960 -0.0854 -0.0249
vn 0.9999 0.0162 -0.0059
vn 0.9997 0.0247 -0.0030
vn 0.9995 0.0306 -0.0024
vn 0.9997 0.0237 -0.0050
vn 1.0000 0.0068 -0.0064
vn 0.9998 -0.0136 -0.0137
vn 0.9992 -0.0362 -0.0164
vn 0.9952 -0.0913 -0.0358
vn 0.9921 -0.1189 -0.0409
vn 0.9680 -0.2370 -0.0824
vn 0.9560 -0.2785 -0.0922
vn 0.8935 -0.4257 -0.1429
vn 0.8712 -0.4664 -0.1534
vn 0.7934 -0.5779 -0.1912
vn 0.7739 -0.6017 -0.1975
vn 0.6914 -0.6862 -0.2260
vn 0.6912 -0.6864 -0.2261
vn 0.6071 -0.7546 -0.2490
vn 0.5929 -0.7649 -0.2517
vn 0.5180 -0.8123 -0.2679
vn 0.4395 -0.8540 -0.2784
vn 0.4105 -0.8663 -0.2845
vn 0.9992 0.0400 0.0035
vn 0.9988 0.0478 0.0076
vn 0.9996 0.0284 0.0024
vn 0.9998 0.0196 -0.0012
vn 0.9997 0.0237 -0.0000
vn 0.9999 0.0160 -0.0030
vn 0.9998 0.0223 -0.0012
vn 0.9999 0.0077 -0.0067
vn 0.9999 0.0167 -0.0043
vn 0.9999 -0.0091 -0.0141
vn 0.9999 0.0056 -0.0105
vn 0.9993 -0.0303 -0.0239
vn 0.9995 -0.0238 -0.0225
vn 0.9972 -0.0652 -0.0362
vn 0.9927 -0.1123 -0.0437
vn 0.9960 -0.0818 -0.0363
vn 0.9945 -0.0980 -0.0380
vn 0.9966 -0.0758 -0.0334
vn 0.9994 0.0188 -0.0284
vn 0.9993 -0.0086 -0.0375
vn 0.9992 0.0196 -0.0360
vn 0.9986 -0.0172 -0.0500
vn 0.9985 -0.0225 -0.0505
vn 0.9944 -0.0787 -0.0704
vn 0.9913 -0.1079 -0.0747
vn 0.9699 -0.2171 -0.1101
vn 0.9579 -0.2615 -0.1185
vn 0.8943 -0.4157 -0.1654
vn 0.8752 -0.4519 -0.1726
vn 0.7925 -0.5735 -0.2076
vn 0.7725 -0.5985 -0.2125
vn 0.6946 -0.6801 -0.2347
vn 0.6749 -0.6984 -0.2381
vn 0.6052 -0.7549 -0.2526
vn 0.5996 -0.7591 -0.2533
vn 0.5364 -0.8018 -0.2634
vn 0.5247 -0.8091 -0.2645
vn 0.4700 -0.8399 -0.2715
vn 0.4218 -0.8642 -0.2744
vn 0.3969 -0.8748 -0.2779
vn -0.3950 0.8874 -0.2375
vn -0.3970 0.8821 -0.2534
vn -0.2800 0.6618 -0.6954
vn -0.3017 0.7380 -0.6036
vn -0.1534 0.4458 -0.8819
vn -0.1942 0.5638 -0.8027
vn -0.0496 0.2711 -0.9613
vn -0.0759 0.3570 -0.9310
vn 0.0288 0.1371 -0.9901
vn 0.0261 0.1491 -0.9885
vn 0.0666 0.0587 -0.9960
vn 0.0721 0.0228 -0.9971
vn 0.0786 0.0072 -0.9969
vn 0.0843 -0.0375 -0.9957
vn 0.0693 0.0004 -0.9976
vn 0.0758 -0.0360 -0.9965
vn 0.0633 -0.0021 -0.9980
vn 0.0673 -0.0232 -0.9975
vn 0.0586 0.0026 -0.9983
vn 0.0619 -0.0191 -0.9979
vn 0.0595 -0.0108 -0.9982
vn 0.0613 -0.0252 -0.9978
vn 0.0695 -0.0568 -0.9960
vn 0.0679 -0.0449 -0.9967
vn 0.0907 -0.1357 -0.9866
vn 0.0813 -0.0774 -0.9937
vn 0.1295 -0.2641 -0.9558
vn 0.1057 -0.1413 -0.9843
vn 0.1805 -0.4234 -0.8878
vn 0.1439 -0.2514 -0.9571
vn 0.2275 -0.5693 -0.7900
vn 0.2014 -0.4441 -0.8730
vn 0.2540 -0.6582 -0.7087
vn 0.2416 -0.5927 -0.7684
vn 0.2702 -0.7214 -0.6376
vn 0.2623 -0.6738 -0.6908
vn 0.2875 -0.8049 -0.5191
vn 0.2852 -0.7826 -0.5534
vn 0.2987 -0.8835 -0.3609
vn 0.3002 -0.8751 -0.3795
vn -0.4142 0.8788 -0.2368
vn -0.3132 0.7111 -0.6295
vn -0.3329 0.7419 -0.5821
vn -0.2995 0.6784 -0.6709
vn -0.2442 0.5800 -0.7771
vn -0.1919 0.4697 -0.8617
vn -0.1495 0.3868 -0.9100
vn -0.1134 0.3016 -0.9467
vn -0.0600 0.1889 -0.9802
vn -0.0414 0.1378 -0.9896
vn -0.0163 0.0797 -0.9967
vn -0.0063 0.0465 -0.9989
vn -0.0012 0.0335 -0.9994
vn 0.0031 0.0154 -0.9999
vn 0.0002 0.0240 -0.9997
vn 0.0027 0.0127 -0.9999
vn 0.0001 0.0212 -0.9998
vn 0.0016 0.0135 -0.9999
vn 0.0012 0.0149 -0.9999
vn 0.0021 0.0103 -0.9999
vn 0.0032 0.0060 -1.0000
vn 0.0032 0.0056 -1.0000
vn 0.0066 -0.0085 -0.9999
vn 0.0055 -0.0009 -1.0000
vn 0.0114 -0.0268 -0.9996
vn 0.0088 -0.0096 -0.9999
vn 0.0210 -0.0619 -0.9979
vn 0.0147 -0.0250 -0.9996
vn 0.0402 -0.1273 -0.9910
vn 0.0246 -0.0505 -0.9984
vn 0.0825 -0.2604 -0.9620
vn 0.0516 -0.1340 -0.9896
vn 0.1273 -0.3973 -0.9088
vn 0.1028 -0.3031 -0.9474
vn 0.1565 -0.4899 -0.8576
vn 0.1473 -0.4550 -0.8782
vn 0.2140 -0.6918 -0.6897
vn 0.2119 -0.6827 -0.6993
vn 0.2626 -0.8722 -0.4127
vn 0.2622 -0.8603 -0.4372
vn -0.2155 0.6944 -0.6865
vn -0.1063 0.3924 -0.9136
vn -0.1866 0.5986 -0.7790
vn -0.1162 0.3989 -0.9096
vn -0.1181 0.4039 -0.9072
vn -0.0404 0.1672 -0.9851
vn -0.0775 0.2713 -0.9594
vn -0.0275 0.1087 -0.9937
vn -0.0361 0.1336 -0.9904
vn -0.0152 0.0589 -0.9981
vn -0.0131 0.0524 -0.9985
vn -0.0076 0.0301 -0.9995
vn -0.0059 0.0244 -0.9997
vn -0.0054 0.0220 -0.9997
vn -0.0049 0.0199 -0.9998
vn -0.0053 0.0222 -0.9997
vn -0.0045 0.0188 -0.9998
vn -0.0050 0.0220 -0.9997
vn -0.0034 0.0145 -0.9999
vn -0.0041 0.0188 -0.9998
vn -0.0022 0.0095 -1.0000
vn -0.0028 0.0147 -0.9999
vn -0.0008 0.0034 -1.0000
vn -0.0015 0.0098 -1.0000
vn 0.0009 -0.0042 -1.0000
vn 0.0002 0.0033 -1.0000
vn 0.0035 -0.0174 -0.9998
vn 0.0024 -0.0044 -1.0000
vn 0.0085 -0.0389 -0.9992
vn 0.0058 -0.0130 -0.9999
vn 0.0258 -0.1042 -0.9942
vn 0.0153 -0.0434 -0.9989
vn 0.0638 -0.2391 -0.9689
vn 0.0430 -0.1447 -0.9885
vn 0.0999 -0.3679 -0.9245
vn 0.0892 -0.3215 -0.9427
vn 0.1618 -0.6101 -0.7757
vn 0.1624 -0.6130 -0.7732
vn 0.2209 -0.8548 -0.4696
vn 0.2205 -0.8457 -0.4860
vn -0.0711 0.3846 -0.9203
vn -0.0443 0.2488 -0.9675
vn -0.0625 0.3324 -0.9411
vn -0.0331 0.1822 -0.9827
vn -0.0267 0.1522 -0.9880
vn -0.0113 0.0692 -0.9975
vn -0.0176 0.0981 -0.9950
vn -0.0075 0.0415 -0.9991
vn -0.0101 0.0535 -0.9985
vn -0.0060 0.0296 -0.9995
vn -0.0057 0.0280 -0.9996
vn -0.0056 0.0275 -0.9996
vn -0.0043 0.0207 -0.9998
vn -0.0055 0.0292 -0.9996
vn -0.0040 0.0207 -0.9998
vn -0.0054 0.0322 -0.9995
vn -0.0036 0.0205 -0.9998
vn -0.0049 0.0335 -0.9994
vn -0.0028 0.0178 -0.9998
vn -0.0039 0.0308 -0.9995
vn -0.0020 0.0141 -0.9999
vn -0.0026 0.0254 -0.9997
vn -0.0011 0.0095 -1.0000
vn -0.0014 0.0174 -0.9998
vn -0.0004 0.0036 -1.0000
vn -0.0004 0.0074 -1.0000
vn 0.0003 -0.0036 -1.0000
vn 0.0004 0.0004 -1.0000
vn 0.0015 -0.0119 -0.9999
vn 0.0017 -0.0039 -1.0000
vn 0.0066 -0.0390 -0.9992
vn 0.0052 -0.0159 -0.9999
vn 0.0242 -0.1234 -0.9921
vn 0.0157 -0.0620 -0.9980
vn 0.0531 -0.2583 -0.9646
vn 0.0417 -0.1894 -0.9810
vn 0.1060 -0.5282 -0.8425
vn 0.1028 -0.5079 -0.8553
vn 0.1631 -0.8387 -0.5197
vn 0.1630 -0.8339 -0.5273
vn -0.0326 0.2547 -0.9665
vn -0.0431 0.3681 -0.9288
vn -0.0200 0.1774 -0.9839
vn -0.0194 0.1717 -0.9850
vn -0.0071 0.0690 -0.9976
vn -0.0054 0.0502 -0.9987
vn -0.0042 0.0401 -0.9992
vn -0.0037 0.0333 -0.9994
vn -0.0030 0.0270 -0.9996
vn -0.0034 0.0336 -0.9994
vn -0.0025 0.0238 -0.9997
vn -0.0033 0.0380 -0.9993
vn -0.0022 0.0244 -0.9997
vn -0.0028 0.0417 -0.9991
vn -0.0019 0.0266 -0.9996
vn -0.0023 0.0444 -0.9990
vn -0.0015 0.0286 -0.9996
vn -0.0016 0.0463 -0.9989
vn -0.0010 0.0283 -0.9996
vn -0.0009 0.0444 -0.9990
vn -0.0005 0.0243 -0.9997
vn -0.0003 0.0364 -0.9993
vn -0.0001 0.0169 -0.9999
vn 0.0001 0.0226 -0.9997
vn -0.0000 0.0073 -1.0000
vn 0.0001 0.0078 -1.0000
vn 0.0001 0.0012 -1.0000
vn 0.0002 -0.0039 -1.0000
vn 0.0006 -0.0015 -1.0000
vn 0.0013 -0.0155 -0.9999
vn 0.0018 -0.0072 -1.0000
vn 0.0062 -0.0574 -0.9983
vn 0.0052 -0.0276 -0.9996
vn 0.0203 -0.1590 -0.9871
vn 0.0140 -0.0885 -0.9960
vn 0.0600 -0.4468 -0.8926
vn 0.0472 -0.3209 -0.9459
vn 0.1154 -0.8314 -0.5436
vn 0.1154 -0.8053 -0.5815
vn 0.0081 0.4643 -0.8856
vn -0.0083 0.1674 -0.9859
vn -0.0095 0.1889 -0.9819
vn -0.0094 0.1840 -0.9829
vn -0.0025 0.0564 -0.9984
vn -0.0028 0.0764 -0.9971
vn -0.0013 0.0365 -0.9993
vn -0.0012 0.0565 -0.9984
vn -0.0008 0.0344 -0.9994
vn -0.0003 0.0589 -0.9983
vn -0.0002 0.0363 -0.9993
vn 0.0006 0.0609 -0.9981
vn 0.0004 0.0379 -0.9993
vn 0.0015 0.0602 -0.9982
vn 0.0010 0.0398 -0.9992
vn 0.0022 0.0576 -0.9983
vn 0.0016 0.0422 -0.9991
vn 0.0025 0.0537 -0.9986
vn 0.0020 0.0424 -0.9991
vn 0.0024 0.0475 -0.9989
vn 0.0019 0.0357 -0.9994
vn 0.0019 0.0360 -0.9993
vn 0.0012 0.0223 -0.9998
vn 0.0010 0.0205 -0.9998
vn 0.0004 0.0078 -1.0000
vn 0.0003 0.0069 -1.0000
vn 0.0001 0.0013 -1.0000
vn -0.0000 -0.0015 -1.0000
vn 0.0003 -0.0006 -1.0000
vn 0.0002 -0.0071 -1.0000
vn 0.0009 -0.0038 -1.0000
vn 0.0016 -0.0265 -0.9996
vn 0.0023 -0.0143 -0.9999
vn 0.0081 -0.0824 -0.9966
vn 0.0068 -0.0460 -0.9989
vn 0.0384 -0.3096 -0.9501
vn 0.0280 -0.1862 -0.9821
vn 0.1132 -0.8052 -0.5821
vn 0.1122 -0.7521 -0.6494
vn 0.0110 0.2122 -0.9772
vn 0.0056 0.1526 -0.9883
vn 0.0025 0.2092 -0.9779
vn 0.0009 0.1791 -0.9838
vn 0.0008 0.0844 -0.9964
vn 0.0028 0.1103 -0.9939
vn 0.0013 0.0598 -0.9982
vn 0.0032 0.0804 -0.9968
vn 0.0023 0.0596 -0.9982
vn 0.0036 0.0718 -0.9974
vn 0.0029 0.0597 -0.9982
vn 0.0041 0.0697 -0.9976
vn 0.0034 0.0584 -0.9983
vn 0.0044 0.0655 -0.9978
vn 0.0037 0.0560 -0.9984
vn 0.0044 0.0606 -0.9982
vn 0.0038 0.0525 -0.9986
vn 0.0037 0.0518 -0.9987
vn 0.0033 0.0468 -0.9989
vn 0.0027 0.0430 -0.9991
vn 0.0022 0.0358 -0.9994
vn 0.0014 0.0308 -0.9995
vn 0.0009 0.0206 -0.9998
vn 0.0003 0.0175 -0.9998
vn -0.0000 0.0070 -1.0000
vn -0.0001 0.0066 -1.0000
vn -0.0001 0.0014 -1.0000
vn -0.0000 0.0016 -1.0000
vn 0.0002 -0.0002 -1.0000
vn 0.0001 -0.0037 -1.0000
vn 0.0007 -0.0024 -1.0000
vn 0.0010 -0.0139 -0.9999
vn 0.0023 -0.0096 -1.0000
vn 0.0062 -0.0455 -0.9989
vn 0.0070 -0.0342 -0.9994
vn 0.0319 -0.1914 -0.9810
vn 0.0302 -0.1541 -0.9876
vn 0.1361 -0.7595 -0.6361
vn 0.1372 -0.7301 -0.6694
vn 0.1809 0.4092 -0.8943
vn 0.1273 0.2899 -0.9486
vn 0.0426 0.0985 -0.9942
vn 0.0266 0.0630 -0.9977
vn 0.0099 0.0249 -0.9996
vn 0.0038 0.0117 -0.9999
vn 0.0034 0.0107 -0.9999
vn 0.0009 0.0055 -1.0000
vn 0.0020 0.0086 -1.0000
vn 0.0005 0.0054 -1.0000
vn 0.0016 0.0093 -1.0000
vn 0.0003 0.0057 -1.0000
vn 0.0012 0.0109 -0.9999
vn -0.0002 0.0054 -1.0000
vn 0.0004 0.0100 -0.9999
vn -0.0016 0.0007 -1.0000
vn -0.0012 0.0069 -1.0000
vn -0.0029 -0.0034 -1.0000
vn -0.0036 0.0127 -0.9999
vn -0.0041 0.0015 -1.0000
vn -0.0062 0.0196 -0.9998
vn -0.0061 0.0178 -0.9998
vn -0.0062 0.0187 -0.9998
vn -0.0065 0.0263 -0.9996
vn -0.0044 0.0084 -1.0000
vn -0.0044 0.0163 -0.9999
vn -0.0031 0.0023 -1.0000
vn -0.0027 0.0082 -1.0000
vn -0.0020 -0.0016 -1.0000
vn -0.0012 0.0040 -1.0000
vn -0.0004 -0.0169 -0.9999
vn -0.0002 -0.0157 -0.9999
vn 0.0028 -0.1065 -0.9943
vn 0.0022 -0.1183 -0.9930
vn 0.0202 -0.7225 -0.6911
vn 0.0161 -0.7786 -0.6273
vn -0.0026 0.0021 -1.0000
vn -0.0053 -0.0073 -1.0000
vn -0.0043 0.0174 -0.9998
vn -0.0057 0.0078 -1.0000
vn -0.0056 0.0261 -0.9996
vn -0.0059 0.0225 -0.9997
vn -0.0059 0.0166 -0.9998
vn -0.0058 0.0178 -0.9998
vn -0.0055 0.0081 -1.0000
vn -0.0046 0.0160 -0.9999
vn -0.0042 0.0034 -1.0000
vn -0.0025 0.0142 -0.9999
vn -0.0016 -0.0163 -0.9999
vn -0.0010 -0.0113 -0.9999
vn 0.0010 -0.1191 -0.9929
vn -0.0009 -0.1487 -0.9889
vn 0.0078 -0.7804 -0.6253
vn 0.0008 -0.8476 -0.5306
vn -0.0046 0.0083 -1.0000
vn -0.0068 0.0020 -1.0000
vn -0.0053 0.0225 -0.9997
vn -0.0060 0.0199 -0.9998
vn -0.0063 0.0172 -0.9998
vn -0.0063 0.0157 -0.9999
vn -0.0052 0.0194 -0.9998
vn -0.0052 0.0130 -0.9999
vn -0.0027 0.0206 -0.9998
vn -0.0021 -0.0122 -0.9999
vn -0.0009 -0.0071 -1.0000
vn 0.0010 -0.1457 -0.9893
vn -0.0012 -0.1649 -0.9863
vn 0.0053 -0.8455 -0.5340
vn -0.0015 -0.8724 -0.4889
vn 0.1655 0.9517 -0.2585
vn 0.1537 0.9532 -0.2603
vn 0.1169 0.6825 -0.7215
vn 0.1266 0.6845 -0.7179
vn 0.0458 0.1527 -0.9872
vn 0.0529 0.1559 -0.9864
vn 0.0312 0.0367 -0.9988
vn 0.0351 0.0369 -0.9987
vn 0.0216 -0.0195 -0.9996
vn 0.0164 -0.0131 -0.9998
vn 0.0109 -0.0239 -0.9997
vn 0.0006 -0.0079 -1.0000
vn 0.0044 -0.0042 -1.0000
vn -0.0023 -0.0021 -1.0000
vn 0.0011 0.0006 -1.0000
vn -0.0022 -0.0002 -1.0000
vn -0.0008 0.0009 -1.0000
vn 0.0015 0.0017 -1.0000
vn 0.0002 0.0006 -1.0000
vn 0.0089 0.0027 -1.0000
vn 0.0063 -0.0001 -1.0000
vn 0.0199 0.0012 -0.9998
vn 0.0190 -0.0027 -0.9998
vn 0.0170 -0.0030 -0.9999
vn -0.0067 0.9640 -0.2659
vn -0.0106 0.9476 -0.3194
vn -0.0079 0.6583 -0.7527
vn -0.0105 0.5355 -0.8444
vn -0.0030 0.1334 -0.9911
vn -0.0031 0.0885 -0.9961
vn -0.0016 0.0420 -0.9991
vn -0.0015 0.0227 -0.9997
vn -0.0014 0.0215 -0.9998
vn -0.0011 0.0108 -0.9999
vn -0.0004 0.0030 -1.0000
vn -0.0004 0.0031 -1.0000
vn 0.0004 -0.0045 -1.0000
vn 0.0004 -0.0027 -1.0000
vn 0.0002 -0.0011 -1.0000
vn 0.0001 -0.0014 -1.0000
vn -0.0001 0.0002 -1.0000
vn -0.0001 0.0008 -1.0000
vn -0.0001 0.0005 -1.0000
vn -0.0001 0.0006 -1.0000
vn -0.0001 -0.0000 -1.0000
vn -0.0000 -0.0007 -1.0000
vn 0.0001 -0.0004 -1.0000
vn 0.0001 -0.0049 -1.0000
vn 0.0006 -0.0035 -1.0000
vn 0.0003 -0.0205 -0.9998
vn 0.0015 -0.0170 -0.9999
vn 0.0001 -0.0530 -0.9986
vn -0.0003 -0.0544 -0.9985
vn -0.0042 -0.1120 -0.9937
vn -0.0087 -0.1362 -0.9906
vn -0.0157 -0.2335 -0.9722
vn -0.0179 -0.2474 -0.9687
vn -0.0246 -0.3666 -0.9300
vn -0.0224 -0.3499 -0.9365
vn -0.0344 -0.6484 -0.7605
vn -0.0286 -0.6144 -0.7885
vn -0.0286 0.9473 -0.3191
vn -0.0373 0.8822 -0.4693
vn -0.0242 0.5373 -0.8431
vn -0.0231 0.3930 -0.9193
vn -0.0063 0.0884 -0.9961
vn -0.0059 0.0698 -0.9975
vn -0.0023 0.0227 -0.9997
vn -0.0021 0.0158 -0.9999
vn -0.0016 0.0109 -0.9999
vn -0.0014 0.0069 -1.0000
vn -0.0008 0.0031 -1.0000
vn 0.0003 -0.0027 -1.0000
vn 0.0004 -0.0014 -1.0000
vn 0.0004 -0.0004 -1.0000
vn 0.0002 0.0002 -1.0000
vn -0.0000 0.0008 -1.0000
vn -0.0000 -0.0004 -1.0000
vn -0.0000 -0.0003 -1.0000
vn -0.0000 -0.0034 -1.0000
vn 0.0002 -0.0027 -1.0000
vn 0.0001 -0.0170 -0.9999
vn 0.0007 -0.0146 -0.9999
vn 0.0002 -0.0543 -0.9985
vn 0.0001 -0.0545 -0.9985
vn -0.0020 -0.1341 -0.9910
vn -0.0038 -0.1488 -0.9889
vn -0.0068 -0.2458 -0.9693
vn -0.0075 -0.2523 -0.9676
vn -0.0098 -0.3489 -0.9371
vn -0.0090 -0.3407 -0.9401
vn -0.0136 -0.6136 -0.7895
vn -0.0109 -0.5925 -0.8055
vn -0.0744 0.8809 -0.4674
vn -0.0797 0.7990 -0.5960
vn -0.0425 0.3981 -0.9164
vn -0.0417 0.3805 -0.9238
vn -0.0096 0.0699 -0.9975
vn -0.0105 0.0882 -0.9960
vn -0.0030 0.0160 -0.9999
vn -0.0031 0.0214 -0.9998
vn -0.0016 0.0070 -1.0000
vn -0.0016 0.0081 -1.0000
vn -0.0011 0.0034 -1.0000
vn -0.0011 0.0035 -1.0000
vn -0.0007 0.0004 -1.0000
vn -0.0007 0.0011 -1.0000
vn -0.0004 -0.0003 -1.0000
vn -0.0004 0.0006 -1.0000
vn -0.0003 0.0002 -1.0000
vn -0.0002 0.0006 -1.0000
vn -0.0003 0.0006 -1.0000
vn -0.0002 0.0008 -1.0000
vn -0.0002 0.0005 -1.0000
vn -0.0000 -0.0002 -1.0000
vn -0.0000 -0.0027 -1.0000
vn -0.0000 -0.0147 -0.9999
vn 0.0002 -0.0141 -0.9999
vn 0.0002 -0.0545 -0.9985
vn 0.0001 -0.0547 -0.9985
vn -0.0004 -0.1485 -0.9889
vn -0.0009 -0.1538 -0.9881
vn -0.0015 -0.2522 -0.9677
vn -0.0016 -0.2533 -0.9674
vn -0.0021 -0.3407 -0.9402
vn -0.0011 -0.3292 -0.9442
vn -0.0024 -0.5920 -0.8059
vn 0.0008 -0.5642 -0.8257
vn -0.0658 0.8033 -0.5919
vn -0.0665 0.7876 -0.6126
vn -0.0326 0.3789 -0.9249
vn -0.0341 0.4351 -0.8997
vn -0.0070 0.0861 -0.9963
vn -0.0073 0.1072 -0.9942
vn -0.0020 0.0201 -0.9998
vn -0.0019 0.0235 -0.9997
vn -0.0013 0.0079 -1.0000
vn -0.0012 0.0089 -1.0000
vn -0.0010 0.0035 -1.0000
vn -0.0011 0.0025 -1.0000
vn -0.0010 0.0011 -1.0000
vn -0.0010 0.0008 -1.0000
vn -0.0010 0.0007 -1.0000
vn -0.0009 0.0011 -1.0000
vn -0.0008 0.0007 -1.0000
vn -0.0008 0.0015 -1.0000
vn -0.0006 0.0009 -1.0000
vn -0.0006 0.0020 -1.0000
vn -0.0004 0.0008 -1.0000
vn -0.0001 0.0012 -1.0000
vn -0.0000 -0.0028 -1.0000
vn -0.0000 -0.0141 -0.9999
vn 0.0001 -0.0552 -0.9985
vn 0.0001 -0.1538 -0.9881
vn -0.0001 -0.1561 -0.9877
vn -0.0001 -0.2533 -0.9674
vn -0.0002 -0.2541 -0.9672
vn -0.0002 -0.3293 -0.9442
vn -0.0000 -0.3268 -0.9451
vn -0.0001 -0.5642 -0.8256
vn 0.0014 -0.5493 -0.8356
vn 0.0067 0.8682 -0.4962
vn -0.0017 0.7718 -0.6359
vn -0.0000 0.4478 -0.8941
vn -0.0038 0.3120 -0.9501
vn -0.0008 0.0868 -0.9962
vn -0.0012 0.0701 -0.9975
vn -0.0006 0.0178 -0.9998
vn -0.0005 0.0184 -0.9998
vn -0.0005 0.0077 -1.0000
vn -0.0004 0.0082 -1.0000
vn -0.0004 0.0027 -1.0000
vn -0.0004 0.0023 -1.0000
vn -0.0004 0.0011 -1.0000
vn -0.0004 0.0010 -1.0000
vn -0.0004 0.0013 -1.0000
vn -0.0004 0.0014 -1.0000
vn -0.0003 0.0019 -1.0000
vn -0.0002 0.0024 -1.0000
vn -0.0002 0.0022 -1.0000
vn -0.0002 0.0012 -1.0000
vn -0.0002 0.0013 -1.0000
vn -0.0002 -0.0001 -1.0000
vn -0.0002 -0.0003 -1.0000
vn -0.0002 -0.0028 -1.0000
vn -0.0003 -0.0030 -1.0000
vn -0.0002 -0.0141 -0.9999
vn -0.0003 -0.0143 -0.9999
vn -0.0002 -0.0552 -0.9985
vn -0.0002 -0.0558 -0.9984
vn -0.0003 -0.1577 -0.9875
vn -0.0002 -0.2544 -0.9671
vn -0.0002 -0.3268 -0.9451
vn -0.0002 -0.3271 -0.9450
vn -0.0002 -0.5493 -0.8356
vn 0.0001 -0.5463 -0.8376
vn 0.0609 0.8177 -0.5724
vn 0.0372 0.6446 -0.7636
vn 0.0188 0.3156 -0.9487
vn 0.0093 0.2055 -0.9786
vn 0.0028 0.0469 -0.9989
vn 0.0017 0.0333 -0.9994
vn 0.0008 0.0086 -1.0000
vn 0.0009 0.0101 -0.9999
vn 0.0007 0.0051 -1.0000
vn 0.0009 0.0066 -1.0000
vn 0.0007 0.0028 -1.0000
vn 0.0008 0.0033 -1.0000
vn 0.0006 0.0017 -1.0000
vn 0.0007 0.0020 -1.0000
vn 0.0007 0.0017 -1.0000
vn 0.0005 0.0012 -1.0000
vn 0.0006 0.0019 -1.0000
vn 0.0002 0.0009 -1.0000
vn 0.0005 0.0025 -1.0000
vn -0.0005 -0.0003 -1.0000
vn -0.0001 0.0023 -1.0000
vn -0.0015 -0.0032 -1.0000
vn -0.0011 0.0011 -1.0000
vn -0.0018 -0.0021 -1.0000
vn -0.0017 -0.0004 -1.0000
vn -0.0022 -0.0023 -1.0000
vn -0.0022 -0.0030 -1.0000
vn -0.0026 -0.0046 -1.0000
vn -0.0027 -0.0142 -0.9999
vn -0.0028 -0.0147 -0.9999
vn -0.0029 -0.0555 -0.9985
vn -0.0029 -0.0558 -0.9984
vn -0.0028 -0.1576 -0.9875
vn -0.0028 -0.1581 -0.9874
vn -0.0026 -0.2544 -0.9671
vn -0.0026 -0.2540 -0.9672
vn -0.0024 -0.3271 -0.9450
vn -0.0027 -0.3306 -0.9438
vn -0.0022 -0.5462 -0.8377
vn -0.0031 -0.5557 -0.8314
vn -0.0236 0.6272 -0.7785
vn 0.1364 0.9346 -0.3286
vn -0.0030 0.2010 -0.9796
vn 0.0958 0.6102 -0.7865
vn -0.0013 0.0400 -0.9992
vn 0.0173 0.1158 -0.9931
vn -0.0009 0.0190 -0.9998
vn -0.0005 0.0204 -0.9998
vn -0.0024 0.0121 -0.9999
vn -0.0069 0.0005 -1.0000
vn -0.0072 -0.0006 -1.0000
vn -0.0066 0.0007 -1.0000
vn -0.0079 -0.0040 -1.0000
vn -0.0030 0.0052 -1.0000
vn -0.0051 -0.0012 -1.0000
vn -0.0049 -0.0009 -1.0000
vn -0.0048 -0.0006 -1.0000
vn -0.0072 -0.0040 -1.0000
vn -0.0069 -0.0034 -1.0000
vn -0.0114 -0.0102 -0.9999
vn -0.0100 -0.0068 -0.9999
vn -0.0157 -0.0164 -0.9997
vn -0.0112 -0.0041 -0.9999
vn -0.0158 -0.0125 -0.9998
vn -0.0132 -0.0030 -0.9999
vn -0.0174 -0.0107 -0.9998
vn -0.0163 -0.0046 -0.9999
vn -0.0192 -0.0108 -0.9998
vn -0.0195 -0.0138 -0.9997
vn -0.0203 -0.0161 -0.9997
vn -0.0211 -0.0535 -0.9983
vn -0.0210 -0.0527 -0.9984
vn -0.0208 -0.1568 -0.9874
vn -0.0204 -0.1531 -0.9880
vn -0.0193 -0.2542 -0.9670
vn -0.0191 -0.2520 -0.9675
vn -0.0181 -0.3310 -0.9435
vn -0.0191 -0.3429 -0.9392
vn -0.0156 -0.5551 -0.8317
vn -0.0182 -0.5795 -0.8148
vn 0.0967 0.9344 -0.3429
vn 0.2036 0.9583 -0.2003
vn 0.0121 0.5846 -0.8112
vn 0.1392 0.7785 -0.6120
vn -0.0933 0.1518 -0.9840
vn -0.0560 0.2316 -0.9712
vn -0.0923 0.1281 -0.9875
vn -0.1355 0.0566 -0.9892
vn -0.1501 0.0212 -0.9885
vn -0.1996 -0.0514 -0.9785
vn -0.2198 -0.0984 -0.9706
vn -0.1636 -0.0229 -0.9863
vn -0.2071 -0.1169 -0.9713
vn -0.0986 0.0167 -0.9950
vn -0.1383 -0.0553 -0.9888
vn -0.1039 -0.0180 -0.9944
vn -0.1171 -0.0378 -0.9924
vn -0.1252 -0.0454 -0.9911
vn -0.1340 -0.0566 -0.9894
vn -0.1440 -0.0655 -0.9874
vn -0.1288 -0.0477 -0.9905
vn -0.1424 -0.0591 -0.9880
vn -0.1139 -0.0259 -0.9932
vn -0.1318 -0.0399 -0.9905
vn -0.1124 -0.0146 -0.9936
vn -0.1308 -0.0282 -0.9910
vn -0.1205 -0.0092 -0.9927
vn -0.1329 -0.0194 -0.9909
vn -0.1305 -0.0104 -0.9914
vn -0.1352 -0.0163 -0.9907
vn -0.1370 -0.0409 -0.9897
vn -0.1387 -0.0452 -0.9893
vn -0.1367 -0.1452 -0.9799
vn -0.1364 -0.1435 -0.9802
vn -0.1295 -0.2527 -0.9588
vn -0.1291 -0.2489 -0.9599
vn -0.1216 -0.3449 -0.9307
vn -0.1222 -0.3521 -0.9279
vn -0.0988 -0.5727 -0.8138
vn -0.0994 -0.5784 -0.8096
vn -0.3236 0.9134 -0.2469
vn -0.4406 0.8548 -0.2741
vn -0.8761 0.2576 -0.4077
vn -0.7954 0.4388 -0.4181
vn -0.9066 0.0592 -0.4178
vn -0.8716 0.2036 -0.4459
vn -0.8847 0.1463 -0.4425
vn -0.9151 0.0146 -0.4031
vn -0.9190 -0.0945 -0.3827
vn -0.9194 -0.0983 -0.3808
vn -0.9065 -0.2548 -0.3368
vn -0.8799 -0.0544 -0.4721
vn -0.8617 -0.3535 -0.3640
vn -0.7667 -0.0010 -0.6420
vn -0.7925 -0.2784 -0.5426
vn -0.6954 -0.0535 -0.7166
vn -0.7163 -0.2226 -0.6613
vn -0.6621 -0.1159 -0.7404
vn -0.6745 -0.2296 -0.7017
vn -0.6278 -0.1444 -0.7649
vn -0.6294 -0.1546 -0.7615
vn -0.6077 -0.1225 -0.7847
vn -0.5991 -0.0828 -0.7964
vn -0.6041 -0.0882 -0.7920
vn -0.5924 -0.0365 -0.8048
vn -0.6117 -0.0518 -0.7894
vn -0.6042 -0.0057 -0.7968
vn -0.6197 -0.0169 -0.7847
vn -0.6188 0.0062 -0.7855
vn -0.6263 -0.0015 -0.7796
vn -0.6256 -0.0126 -0.7801
vn -0.6316 -0.0262 -0.7749
vn -0.6179 -0.1136 -0.7780
vn -0.6191 -0.1261 -0.7751
vn -0.5927 -0.2305 -0.7717
vn -0.5926 -0.2328 -0.7711
vn -0.5613 -0.3289 -0.7595
vn -0.5628 -0.3183 -0.7629
vn -0.4813 -0.5087 -0.7139
vn -0.4936 -0.4501 -0.7442
vn 0.9975 0.0535 -0.0467
vn 0.9967 0.0673 -0.0461
vn 0.9971 0.0054 -0.0755
vn 0.9965 -0.0187 -0.0814
vn 0.9958 -0.0167 -0.0903
vn 0.9947 -0.0369 -0.0960
vn 0.9943 -0.0298 -0.1024
vn 0.9927 -0.0545 -0.1077
vn 0.9917 -0.0474 -0.1196
vn 0.9896 -0.0766 -0.1216
vn 0.9855 -0.0738 -0.1531
vn 0.9797 -0.1359 -0.1474
vn 0.9721 -0.1231 -0.1999
vn 0.9607 -0.2116 -0.1799
vn 0.9644 -0.1637 -0.2075
vn 0.9629 -0.1768 -0.2040
vn 0.9672 -0.1486 -0.2062
vn 0.9676 -0.1432 -0.2079
vn 0.9718 -0.0325 -0.2337
vn 0.9735 -0.0907 -0.2101
vn 0.9659 -0.0382 -0.2559
vn 0.9666 -0.1086 -0.2323
vn 0.9515 -0.1265 -0.2803
vn 0.9411 -0.2154 -0.2608
vn 0.9021 -0.3005 -0.3096
vn 0.8574 -0.4265 -0.2880
vn 0.7957 -0.5098 -0.3271
vn 0.7232 -0.6204 -0.3035
vn 0.6849 -0.6511 -0.3271
vn 0.6240 -0.7180 -0.3085
vn 0.5949 -0.7372 -0.3203
vn 0.5505 -0.7765 -0.3066
vn 0.5220 -0.7944 -0.3106
vn 0.4933 -0.8159 -0.3015
vn 0.4698 -0.8296 -0.3018
vn 0.4522 -0.8413 -0.2961
vn 0.4300 -0.8537 -0.2938
vn 0.4195 -0.8601 -0.2903
vn 0.3901 -0.8756 -0.2849
vn 0.3855 -0.8782 -0.2831
vn -0.6579 -0.6430 -0.3920
vn -0.8110 -0.4741 -0.3427
vn -0.8356 -0.3905 -0.3864
vn -0.8597 -0.3475 -0.3743
vn -0.8898 -0.2645 -0.3720
vn -0.8929 -0.2570 -0.3696
vn -0.9175 -0.1749 -0.3572
vn -0.9161 -0.1793 -0.3587
vn -0.9373 -0.0791 -0.3395
vn -0.9364 -0.0826 -0.3411
vn -0.9446 -0.0069 -0.3282
vn -0.9456 -0.0026 -0.3253
vn -0.9452 0.0127 -0.3262
vn -0.9463 0.0157 -0.3230
vn -0.9430 -0.0011 -0.3328
vn -0.9437 0.0004 -0.3307
vn -0.9386 -0.0362 -0.3430
vn -0.9326 -0.0466 -0.3578
vn -0.9438 -0.0529 -0.3261
vn -0.9178 -0.0992 -0.3846
vn -0.9579 -0.0523 -0.2822
vn -0.9093 -0.1492 -0.3884
vn -0.9728 -0.0519 -0.2259
vn -0.9155 -0.1875 -0.3559
vn -0.9841 -0.0432 -0.1722
vn -0.9472 -0.1676 -0.2734
vn -0.9914 -0.0411 -0.1246
vn -0.9673 -0.1566 -0.1997
vn -0.9943 -0.0598 -0.0884
vn -0.9772 -0.1641 -0.1350
vn -0.9943 -0.0714 -0.0793
vn -0.9896 -0.1137 -0.0886
vn -0.9935 -0.0794 -0.0820
vn -0.9952 -0.0571 -0.0795
vn -0.9962 -0.0219 -0.0847
vn -0.9965 -0.0034 -0.0833
vn -0.9937 0.0780 -0.0806
vn -0.9963 0.0111 -0.0852
vn -0.9806 0.1824 -0.0716
vn -0.9956 0.0484 -0.0803
vn 0.4641 0.5701 -0.6780
vn 0.6712 0.6273 -0.3948
vn 0.5764 0.2057 -0.7909
vn 0.6896 0.3524 -0.6327
vn 0.6111 0.0479 -0.7901
vn 0.6838 0.1673 -0.7102
vn 0.6415 -0.0086 -0.7671
vn 0.6791 0.0543 -0.7320
vn 0.6627 -0.0407 -0.7477
vn 0.6628 -0.0407 -0.7477
vn 0.6586 -0.0908 -0.7470
vn 0.6157 -0.1582 -0.7720
vn 0.6157 -0.1538 -0.7729
vn 0.5633 -0.2513 -0.7871
vn 0.5536 -0.1509 -0.8190
vn 0.5379 -0.2118 -0.8159
vn 0.5261 -0.1397 -0.8389
vn 0.5241 -0.1542 -0.8376
vn 0.5053 -0.0635 -0.8606
vn 0.4976 -0.1146 -0.8598
vn 0.4916 -0.0784 -0.8673
vn 0.4827 -0.1303 -0.8660
vn 0.4888 -0.1956 -0.8502
vn 0.4835 -0.2255 -0.8458
vn 0.4827 -0.4019 -0.7781
vn 0.4839 -0.3964 -0.7802
vn 0.4589 -0.5984 -0.6568
vn 0.4651 -0.5802 -0.6686
vn 0.4333 -0.7058 -0.5604
vn 0.4349 -0.7025 -0.5634
vn 0.4098 -0.7690 -0.4907
vn 0.4059 -0.7756 -0.4834
vn 0.3884 -0.8114 -0.4368
vn 0.3872 -0.8132 -0.4345
vn 0.3714 -0.8404 -0.3947
vn 0.3739 -0.8371 -0.3993
vn 0.3581 -0.8611 -0.3610
vn 0.3605 -0.8583 -0.3653
vn 0.3436 -0.8810 -0.3253
vn 0.3421 -0.8825 -0.3228
vn -0.7393 -0.0706 0.6697
vn -0.7143 0.0133 0.6997
vn -0.6782 -0.0063 0.7348
vn -0.7263 -0.0428 0.6860
vn -0.6621 -0.2900 0.6911
vn -0.6099 -0.3206 0.7247
vn 0.1657 -0.7173 0.6768
vn -0.6537 -0.0139 0.7566
vn -0.6686 -0.0278 0.7431
vn -0.6915 -0.2154 0.6895
vn -0.6899 -0.0660 0.7209
vn -0.6996 -0.1213 0.7042
vn -0.7152 -0.1648 0.6792
vn -0.5351 -0.4981 0.6824
vn -0.4705 -0.6238 0.6241
vn -0.5987 -0.4993 0.6263
vn -0.6026 -0.4117 0.6837
vn 0.5051 -0.3902 0.7698
vn -0.3651 -0.1826 -0.9129
vn 0.4039 -0.6614 0.6320
vn 0.4989 -0.4108 0.7632
vn 0.3642 -0.7337 0.5737
vn 0.4591 -0.5334 0.7104
vn 0.4375 -0.8614 0.2580
vn 0.4149 -0.7252 0.5495
vn 0.4679 -0.8789 0.0922
vn 0.4704 -0.8803 -0.0621
vn -0.0496 -0.6715 -0.7394
vn -0.0428 -0.6492 -0.7594
vn -0.0658 -0.6815 -0.7288
vn -0.0599 -0.6727 -0.7375
vn -0.0780 -0.6876 -0.7219
vn -0.0730 -0.6825 -0.7273
vn -0.0814 -0.6926 -0.7167
vn -0.0760 -0.6874 -0.7223
vn -0.0832 -0.6981 -0.7112
vn -0.0772 -0.6921 -0.7176
vn -0.0365 -0.3844 -0.9225
vn -0.0334 -0.3694 -0.9287
vn -0.0488 -0.3951 -0.9173
vn -0.0468 -0.3896 -0.9198
vn -0.0569 -0.3999 -0.9148
vn -0.0568 -0.3997 -0.9149
vn -0.0583 -0.3997 -0.9148
vn -0.0590 -0.4012 -0.9141
vn -0.0583 -0.3981 -0.9155
vn -0.0594 -0.4004 -0.9144
vn -0.0223 -0.2254 -0.9740
vn -0.0253 -0.2381 -0.9709
vn -0.0301 -0.2231 -0.9743
vn -0.0343 -0.2343 -0.9716
vn -0.0349 -0.2198 -0.9749
vn -0.0404 -0.2321 -0.9719
vn -0.0348 -0.2120 -0.9767
vn -0.0407 -0.2252 -0.9735
vn -0.0336 -0.2033 -0.9785
vn -0.0394 -0.2167 -0.9754
vn -0.0058 -0.0988 -0.9951
vn -0.0115 -0.1170 -0.9931
vn -0.0104 -0.0956 -0.9954
vn -0.0170 -0.1088 -0.9939
vn -0.0146 -0.0944 -0.9954
vn -0.0217 -0.1067 -0.9940
vn -0.0147 -0.0896 -0.9959
vn -0.0220 -0.1021 -0.9945
vn -0.0122 -0.0813 -0.9966
vn -0.0208 -0.0962 -0.9951
vn -0.0048 -0.0646 -0.9979
vn -0.0178 -0.0874 -0.9960
vn -0.0005 -0.0516 -0.9987
vn -0.0016 -0.0538 -0.9985
vn -0.0026 -0.0508 -0.9987
vn -0.0060 -0.0553 -0.9985
vn -0.0042 -0.0495 -0.9988
vn -0.0105 -0.0566 -0.9983
vn -0.0033 -0.0460 -0.9989
vn -0.0109 -0.0547 -0.9984
vn 0.0024 -0.0375 -0.9993
vn -0.0082 -0.0500 -0.9987
vn 0.0157 -0.0201 -0.9997
vn 0.0004 -0.0391 -0.9992
vn 0.0001 -0.0219 -0.9998
vn 0.0012 -0.0204 -0.9998
vn -0.0002 -0.0217 -0.9998
vn -0.0008 -0.0220 -0.9998
vn -0.0003 -0.0210 -0.9998
vn -0.0024 -0.0220 -0.9998
vn 0.0009 -0.0201 -0.9998
vn -0.0014 -0.0212 -0.9998
vn 0.0070 -0.0185 -0.9998
vn 0.0052 -0.0194 -0.9998
vn 0.0182 -0.0157 -0.9997
vn 0.0168 -0.0167 -0.9997
vn 0.0237 -0.0134 -0.9996
vn 0.0217 -0.0150 -0.9997
vn 0.0001 -0.0055 -1.0000
vn 0.0006 -0.0050 -1.0000
vn 0.0002 -0.0056 -1.0000
vn 0.0003 -0.0055 -1.0000
vn 0.0003 -0.0056 -1.0000
vn 0.0005 -0.0060 -1.0000
vn 0.0016 -0.0060 -1.0000
vn 0.0032 -0.0089 -1.0000
vn 0.0086 -0.0087 -0.9999
vn 0.0106 -0.0155 -0.9998
vn 0.0190 -0.0137 -0.9997
vn 0.0154 -0.0200 -0.9997
vn 0.0220 -0.0172 -0.9996
vn -0.0000 -0.0009 -1.0000
vn 0.0001 -0.0008 -1.0000
vn 0.0001 -0.0010 -1.0000
vn 0.0002 -0.0010 -1.0000
vn 0.0001 -0.0011 -1.0000
vn 0.0003 -0.0011 -1.0000
vn 0.0006 -0.0013 -1.0000
vn 0.0005 -0.0025 -1.0000
vn 0.0036 -0.0028 -1.0000
vn 0.0034 -0.0074 -1.0000
vn 0.0123 -0.0078 -0.9999
vn 0.0088 -0.0132 -0.9999
vn 0.0181 -0.0123 -0.9998
vn 0.0056 -0.0145 -0.9999
vn 0.0113 -0.0135 -0.9998
vn 0.0031 -0.0144 -0.9999
vn 0.0018 -0.0147 -0.9999
vn -0.0001 -0.0001 -1.0000
vn 0.0001 -0.0002 -1.0000
vn 0.0005 -0.0003 -1.0000
vn 0.0005 -0.0014 -1.0000
vn 0.0038 -0.0013 -1.0000
vn 0.0031 -0.0036 -1.0000
vn 0.0106 -0.0034 -0.9999
vn 0.0043 -0.0041 -1.0000
vn 0.0069 -0.0040 -1.0000
vn 0.0087 -0.0037 -1.0000
vn 0.0032 -0.0041 -1.0000
vn 0.0158 -0.0030 -0.9999
vn 0.0070 -0.0038 -1.0000
vn -0.0002 0.0003 -1.0000
vn -0.0001 0.0004 -1.0000
vn -0.0000 0.0003 -1.0000
vn 0.0001 0.0002 -1.0000
vn 0.0004 0.0002 -1.0000
vn 0.0005 0.0002 -1.0000
vn 0.0017 -0.0000 -1.0000
vn 0.0033 0.0003 -1.0000
vn 0.0059 0.0003 -1.0000
vn 0.0045 0.0002 -1.0000
vn 0.0124 0.0009 -0.9999
vn 0.0086 0.0005 -1.0000
vn 0.0102 0.0006 -0.9999
vn 0.0157 0.0011 -0.9999
vn -0.0003 0.0007 -1.0000
vn -0.0001 0.0007 -1.0000
vn 0.0002 0.0007 -1.0000
vn -0.0000 0.0007 -1.0000
vn 0.0004 0.0008 -1.0000
vn 0.0001 0.0007 -1.0000
vn 0.0006 0.0009 -1.0000
vn 0.0012 0.0011 -1.0000
vn 0.0004 0.0009 -1.0000
vn 0.0033 0.0017 -1.0000
vn 0.0017 0.0013 -1.0000
vn 0.0092 0.0033 -1.0000
vn 0.0059 0.0024 -1.0000
vn 0.0105 0.0035 -0.9999
vn 0.0127 0.0041 -0.9999
vn 0.0034 0.0016 -1.0000
vn 0.0121 0.0039 -0.9999
vn -0.0004 0.0005 -1.0000
vn 0.0008 0.0009 -1.0000
vn 0.0015 0.0011 -1.0000
vn 0.0024 0.0015 -1.0000
vn 0.0006 0.0010 -1.0000
vn 0.0041 0.0023 -1.0000
vn 0.0012 0.0012 -1.0000
vn 0.0092 0.0041 -0.9999
vn 0.0033 0.0020 -1.0000
vn 0.0153 0.0062 -0.9999
vn 0.0093 0.0041 -0.9999
vn 0.0102 0.0045 -0.9999
vn 0.0113 0.0049 -0.9999
vn 0.0019 0.0018 -1.0000
vn 0.0047 0.0028 -1.0000
vn -0.0002 -0.0011 -1.0000
vn 0.0001 -0.0007 -1.0000
vn 0.0005 -0.0008 -1.0000
vn 0.0007 -0.0008 -1.0000
vn 0.0011 -0.0009 -1.0000
vn 0.0015 -0.0009 -1.0000
vn 0.0022 -0.0011 -1.0000
vn 0.0023 -0.0011 -1.0000
vn 0.0048 -0.0013 -1.0000
vn 0.0039 -0.0013 -1.0000
vn 0.0115 -0.0018 -0.9999
vn 0.0087 -0.0017 -1.0000
vn 0.0179 -0.0021 -0.9998
vn 0.0128 -0.0019 -0.9999
vn 0.0123 -0.0010 -0.9999
vn 0.0052 -0.0012 -1.0000
vn 0.0033 -0.0000 -1.0000
vn -0.0010 -0.0006 -1.0000
vn 0.0002 -0.0044 -1.0000
vn 0.0002 -0.0045 -1.0000
vn -0.0000 -0.0045 -1.0000
vn 0.0001 -0.0044 -1.0000
vn 0.0004 -0.0048 -1.0000
vn 0.0010 -0.0058 -1.0000
vn 0.0005 -0.0068 -1.0000
vn 0.0020 -0.0081 -1.0000
vn 0.0013 -0.0092 -1.0000
vn 0.0040 -0.0130 -0.9999
vn 0.0040 -0.0157 -0.9999
vn 0.0085 -0.0236 -0.9997
vn 0.0093 -0.0270 -0.9996
vn 0.0109 -0.0301 -0.9995
vn 0.0112 -0.0274 -0.9996
vn 0.0058 -0.0109 -0.9999
vn -0.0017 -0.0044 -1.0000
vn -0.0002 0.0028 -1.0000
vn -0.0002 0.0029 -1.0000
vn -0.0001 0.0025 -1.0000
vn -0.0001 0.0028 -1.0000
vn -0.0000 0.0019 -1.0000
vn 0.0001 0.0024 -1.0000
vn -0.0000 0.0009 -1.0000
vn 0.0003 0.0015 -1.0000
vn 0.0006 -0.0006 -1.0000
vn 0.0004 -0.0040 -1.0000
vn 0.0014 -0.0058 -1.0000
vn 0.0015 -0.0118 -0.9999
vn 0.0036 -0.0192 -0.9998
vn 0.0044 -0.0283 -0.9996
vn 0.0070 -0.0389 -0.9992
vn 0.0079 -0.0447 -0.9990
vn 0.0068 -0.0403 -0.9992
vn 0.0101 -0.0393 -0.9992
vn 0.0018 -0.0161 -0.9999
vn -0.0008 0.0290 -0.9996
vn -0.0009 0.0215 -0.9998
vn -0.0002 0.0301 -0.9995
vn -0.0003 0.0290 -0.9996
vn -0.0001 0.0299 -0.9996
vn -0.0000 0.0301 -0.9995
vn -0.0000 0.0293 -0.9996
vn 0.0001 0.0299 -0.9996
vn -0.0000 0.0283 -0.9996
vn 0.0002 0.0291 -0.9996
vn 0.0003 0.0264 -0.9997
vn 0.0008 0.0273 -0.9996
vn 0.0018 0.0216 -0.9998
vn 0.0030 0.0213 -0.9998
vn 0.0066 0.0094 -0.9999
vn 0.0088 0.0066 -0.9999
vn 0.0130 -0.0058 -0.9999
vn 0.0152 -0.0092 -0.9998
vn 0.0177 -0.0158 -0.9997
vn 0.0175 -0.0155 -0.9997
vn -0.0008 0.0543 -0.9985
vn -0.0011 0.0420 -0.9991
vn -0.0002 0.0563 -0.9984
vn -0.0004 0.0543 -0.9985
vn -0.0000 0.0563 -0.9984
vn -0.0001 0.0563 -0.9984
vn -0.0000 0.0562 -0.9984
vn -0.0000 0.0560 -0.9984
vn 0.0001 0.0562 -0.9984
vn 0.0004 0.0554 -0.9985
vn 0.0005 0.0559 -0.9984
vn 0.0024 0.0541 -0.9985
vn 0.0027 0.0546 -0.9985
vn 0.0089 0.0505 -0.9987
vn 0.0102 0.0510 -0.9986
vn 0.0180 0.0453 -0.9988
vn 0.0210 0.0457 -0.9987
vn 0.0251 0.0408 -0.9989
vn 0.0287 0.0411 -0.9987
vn -0.0010 0.1569 -0.9876
vn -0.0018 0.1334 -0.9911
vn -0.0002 0.1602 -0.9871
vn -0.0005 0.1569 -0.9876
vn -0.0000 0.1604 -0.9870
vn -0.0001 0.1602 -0.9871
vn 0.0002 0.1605 -0.9870
vn 0.0002 0.1604 -0.9870
vn 0.0010 0.1607 -0.9870
vn 0.0010 0.1605 -0.9870
vn 0.0051 0.1610 -0.9869
vn 0.0050 0.1606 -0.9870
vn 0.0168 0.1608 -0.9868
vn 0.0171 0.1611 -0.9868
vn 0.0287 0.1589 -0.9869
vn 0.0327 0.1611 -0.9864
vn 0.0365 0.1558 -0.9871
vn 0.0436 0.1591 -0.9863
vn -0.0018 0.6872 -0.7265
vn -0.0037 0.6582 -0.7528
vn -0.0002 0.6893 -0.7245
vn -0.0005 0.6872 -0.7265
vn -0.0000 0.6893 -0.7245
vn 0.0001 0.6893 -0.7244
vn 0.0001 0.6893 -0.7245
vn 0.0008 0.6895 -0.7243
vn 0.0008 0.6894 -0.7244
vn 0.0043 0.6901 -0.7237
vn 0.0040 0.6895 -0.7243
vn 0.0194 0.6912 -0.7224
vn 0.0184 0.6901 -0.7235
vn 0.0569 0.6921 -0.7195
vn 0.0550 0.6912 -0.7205
vn 0.0831 0.6901 -0.7189
vn 0.0884 0.6917 -0.7168
vn 0.0946 0.6862 -0.7213
vn 0.1076 0.6893 -0.7165
vn -0.0014 0.9657 -0.2598
vn -0.0023 0.9640 -0.2658
vn -0.0002 0.9657 -0.2598
vn -0.0000 0.9657 -0.2598
vn 0.0001 0.9656 -0.2599
vn 0.0001 0.9657 -0.2598
vn 0.0010 0.9656 -0.2601
vn 0.0011 0.9656 -0.2599
vn 0.0051 0.9654 -0.2608
vn 0.0057 0.9656 -0.2600
vn 0.0234 0.9648 -0.2620
vn 0.0258 0.9651 -0.2607
vn 0.0715 0.9624 -0.2621
vn 0.0746 0.9623 -0.2614
vn 0.1111 0.9588 -0.2615
vn 0.1125 0.9587 -0.2612
vn 0.1328 0.9562 -0.2607
vn 0.1312 0.9564 -0.2610
vn -0.0206 -0.9974 0.0693
vn -0.0784 -0.9949 0.0639
vn -0.0236 -0.9979 0.0603
vn -0.0828 -0.9951 0.0545
vn -0.0261 -0.9984 0.0504
vn -0.0827 -0.9956 0.0444
vn -0.0242 -0.9989 0.0399
vn -0.0770 -0.9964 0.0342
vn -0.0178 -0.9994 0.0294
vn -0.0605 -0.9979 0.0249
vn -0.0096 -0.9997 0.0204
vn -0.0359 -0.9992 0.0173
vn -0.0056 -0.9999 0.0146
vn -0.0209 -0.9997 0.0124
vn -0.0042 -0.9999 0.0113
vn -0.0180 -0.9998 0.0089
vn -0.0043 -1.0000 0.0084
vn -0.0233 -0.9997 0.0042
vn -0.0039 -1.0000 0.0044
vn -0.0301 -0.9995 -0.0044
vn -0.0767 -0.9876 0.1373
vn -0.1608 -0.9802 0.1160
vn -0.0828 -0.9887 0.1246
vn -0.1684 -0.9803 0.1029
vn -0.0864 -0.9900 0.1113
vn -0.1733 -0.9809 0.0889
vn -0.0831 -0.9918 0.0976
vn -0.1703 -0.9825 0.0749
vn -0.0675 -0.9941 0.0843
vn -0.1497 -0.9867 0.0627
vn -0.0458 -0.9964 0.0715
vn -0.1189 -0.9916 0.0516
vn -0.0317 -0.9977 0.0594
vn -0.0982 -0.9943 0.0405
vn -0.0271 -0.9984 0.0486
vn -0.0967 -0.9950 0.0268
vn -0.0290 -0.9989 0.0367
vn -0.1080 -0.9941 0.0097
vn -0.0290 -0.9993 0.0224
vn -0.0968 -0.9953 -0.0055
vn -0.1532 -0.9750 0.1607
vn -0.2025 -0.9687 0.1433
vn -0.1599 -0.9752 0.1529
vn -0.2117 -0.9681 0.1342
vn -0.1649 -0.9756 0.1448
vn -0.2204 -0.9675 0.1243
vn -0.1629 -0.9770 0.1377
vn -0.2254 -0.9676 0.1141
vn -0.1450 -0.9804 0.1330
vn -0.2212 -0.9697 0.1034
vn -0.1200 -0.9845 0.1277
vn -0.2155 -0.9724 0.0898
vn -0.1031 -0.9877 0.1178
vn -0.2208 -0.9727 0.0709
vn -0.1014 -0.9896 0.1024
vn -0.2339 -0.9711 0.0476
vn -0.1058 -0.9909 0.0830
vn -0.2306 -0.9726 0.0286
vn -0.0825 -0.9942 0.0690
vn -0.1662 -0.9857 0.0271
vn -0.1993 -0.9675 0.1558
vn -0.2262 -0.9632 0.1453
vn -0.2075 -0.9666 0.1503
vn -0.2347 -0.9620 0.1394
vn -0.2151 -0.9658 0.1449
vn -0.2436 -0.9607 0.1331
vn -0.2186 -0.9657 0.1403
vn -0.2527 -0.9593 0.1259
vn -0.2129 -0.9673 0.1378
vn -0.2590 -0.9587 0.1177
vn -0.2060 -0.9693 0.1343
vn -0.2676 -0.9576 0.1067
vn -0.2089 -0.9698 0.1258
vn -0.2844 -0.9543 0.0920
vn -0.2188 -0.9691 0.1138
vn -0.3042 -0.9497 0.0749
vn -0.2097 -0.9720 0.1063
vn -0.2995 -0.9519 0.0642
vn -0.1430 -0.9831 0.1142
vn -0.2167 -0.9733 0.0759
vn -0.2265 -0.9633 0.1440
vn -0.2471 -0.9594 0.1359
vn -0.2347 -0.9620 0.1393
vn -0.2557 -0.9579 0.1308
vn -0.2432 -0.9606 0.1345
vn -0.2652 -0.9560 0.1252
vn -0.2516 -0.9592 0.1294
vn -0.2754 -0.9539 0.1190
vn -0.2565 -0.9584 0.1251
vn -0.2834 -0.9523 0.1131
vn -0.2633 -0.9572 0.1199
vn -0.2942 -0.9499 0.1056
vn -0.2777 -0.9542 0.1115
vn -0.3110 -0.9456 0.0958
vn -0.2950 -0.9501 0.1016
vn -0.3271 -0.9411 0.0862
vn -0.2879 -0.9524 0.1005
vn -0.3249 -0.9422 0.0820
vn -0.2097 -0.9700 0.1230
vn -0.2246 -0.9677 0.1143
vn -0.2481 -0.9596 0.1324
vn -0.2689 -0.9551 0.1245
vn -0.2567 -0.9580 0.1278
vn -0.2778 -0.9532 0.1196
vn -0.2659 -0.9561 0.1229
vn -0.2883 -0.9507 0.1140
vn -0.2758 -0.9540 0.1177
vn -0.2971 -0.9486 0.1090
vn -0.2834 -0.9523 0.1133
vn -0.3003 -0.9479 0.1061
vn -0.2932 -0.9499 0.1084
vn -0.3155 -0.9438 0.0986
vn -0.3091 -0.9457 0.1008
vn -0.3205 -0.9424 0.0957
vn -0.3241 -0.9413 0.0944
vn -0.3024 -0.9475 0.1043
vn -0.3194 -0.9425 0.0987
vn -0.2949 -0.9492 0.1101
vn -0.2229 -0.9658 0.1325
vn -0.1621 -0.9727 0.1661
vn -0.2692 -0.9551 0.1237
vn -0.2902 -0.9499 0.1165
vn -0.2778 -0.9532 0.1194
vn -0.2951 -0.9487 0.1134
vn -0.2879 -0.9507 0.1151
vn -0.3035 -0.9465 0.1097
vn -0.2961 -0.9486 0.1115
vn -0.3011 -0.9472 0.1098
vn -0.2987 -0.9479 0.1104
vn -0.2722 -0.9548 0.1196
vn -0.3111 -0.9439 0.1104
vn -0.2998 -0.9471 0.1142
vn -0.3152 -0.9426 0.1106
vn -0.2376 -0.9617 0.1370
vn -0.2962 -0.9468 0.1256
vn -0.1720 -0.9713 0.1643
vn -0.2842 -0.9465 0.1527
vn -0.1636 -0.9697 0.1813
vn -0.1632 -0.9698 0.1813
vn -0.0857 -0.9744 0.2078
vn -0.2872 -0.9495 0.1262
vn -0.3131 -0.9423 0.1185
vn -0.2923 -0.9485 0.1223
vn -0.3035 -0.9454 0.1190
vn -0.3000 -0.9464 0.1196
vn -0.2706 -0.9542 0.1277
vn -0.2960 -0.9471 0.1241
vn -0.2129 -0.9664 0.1443
vn -0.2662 -0.9538 0.1394
vn -0.1422 -0.9762 0.1639
vn -0.2829 -0.9452 0.1633
vn -0.1640 -0.9705 0.1766
vn -0.2294 -0.9564 0.1809
vn -0.1128 -0.9755 0.1888
vn -0.1721 -0.9644 0.2007
vn -0.0784 -0.9769 0.1990
vn -0.1669 -0.9580 0.2332
vn -0.0777 -0.9739 0.2132
vn -0.0893 -0.9716 0.2190
vn -0.0430 -0.9765 0.2111
vn -0.3038 -0.9403 0.1536
vn -0.3309 -0.9321 0.1471
vn -0.2947 -0.9436 0.1509
vn -0.2540 -0.9539 0.1596
vn -0.2626 -0.9517 0.1593
vn -0.1560 -0.9719 0.1765
vn -0.2065 -0.9615 0.1813
vn -0.0922 -0.9782 0.1862
vn -0.1416 -0.9697 0.1991
vn -0.0490 -0.9804 0.1910
vn -0.1596 -0.9574 0.2404
vn -0.0650 -0.9750 0.2126
vn -0.1197 -0.9625 0.2435
vn -0.0645 -0.9724 0.2240
vn -0.0893 -0.9665 0.2405
vn -0.0529 -0.9725 0.2269
vn -0.0896 -0.9628 0.2551
vn -0.0463 -0.9718 0.2311
vn -0.0525 -0.9703 0.2361
vn -0.0114 -0.9766 0.2149
vn -0.3180 -0.9200 0.2292
vn -0.2524 -0.9381 0.2373
vn -0.2469 -0.9397 0.2368
vn -0.1608 -0.9569 0.2416
vn -0.1587 -0.9574 0.2411
vn -0.0907 -0.9668 0.2388
vn -0.1003 -0.9647 0.2435
vn -0.0522 -0.9713 0.2320
vn -0.0599 -0.9696 0.2372
vn -0.0223 -0.9745 0.2231
vn -0.0756 -0.9613 0.2651
vn -0.0204 -0.9721 0.2339
vn -0.0804 -0.9557 0.2831
vn -0.0306 -0.9663 0.2556
vn -0.0735 -0.9547 0.2884
vn -0.0397 -0.9603 0.2761
vn -0.0655 -0.9539 0.2928
vn -0.0133 -0.9614 0.2747
vn -0.0314 -0.9581 0.2846
vn 0.0584 -0.9634 0.2616
vn -0.2617 -0.9005 0.3473
vn -0.1417 -0.9370 0.3192
vn -0.1774 -0.9243 0.3379
vn -0.1084 -0.9418 0.3182
vn -0.1113 -0.9409 0.3200
vn -0.0748 -0.9475 0.3110
vn -0.0747 -0.9475 0.3109
vn -0.0492 -0.9519 0.3025
vn -0.0468 -0.9525 0.3008
vn -0.0220 -0.9556 0.2938
vn -0.0391 -0.9517 0.3046
vn 0.0109 -0.9574 0.2885
vn -0.0452 -0.9471 0.3179
vn 0.0489 -0.9549 0.2929
vn -0.0565 -0.9406 0.3347
vn 0.0275 -0.9428 0.3322
vn -0.0264 -0.9390 0.3428
vn 0.0888 -0.9333 0.3479
vn 0.0561 -0.9348 0.3508
vn 0.1614 -0.9180 0.3622
vn -0.1564 -0.9154 0.3710
vn -0.0740 -0.9417 0.3283
vn -0.1217 -0.9229 0.3653
vn -0.0583 -0.9407 0.3341
vn -0.0887 -0.9303 0.3558
vn -0.0489 -0.9370 0.3458
vn -0.0649 -0.9326 0.3549
vn -0.0186 -0.9370 0.3488
vn -0.0403 -0.9332 0.3572
vn 0.0219 -0.9329 0.3595
vn -0.0019 -0.9316 0.3636
vn 0.1003 -0.9230 0.3715
vn 0.0504 -0.9260 0.3742
vn 0.1778 -0.9053 0.3857
vn 0.0268 -0.9228 0.3845
vn 0.1633 -0.8968 0.4111
vn 0.1038 -0.9081 0.4057
vn 0.2164 -0.8773 0.4285
vn 0.1810 -0.8872 0.4245
vn 0.1870 -0.8851 0.4261
vn -0.0810 -0.9338 0.3486
vn -0.0141 -0.9443 0.3288
vn -0.0635 -0.9333 0.3533
vn 0.0326 -0.9426 0.3324
vn -0.0533 -0.9303 0.3628
vn 0.0222 -0.9299 0.3672
vn -0.0228 -0.9277 0.3727
vn 0.0778 -0.9168 0.3916
vn 0.0199 -0.9212 0.3885
vn 0.1365 -0.8966 0.4213
vn 0.1108 -0.9020 0.4172
vn 0.1890 -0.8783 0.4392
vn 0.2096 -0.8718 0.4428
vn 0.2008 -0.8750 0.4405
vn 0.1777 -0.8821 0.4362
vn 0.1772 -0.8823 0.4361
vn 0.2329 -0.8641 0.4463
vn 0.1924 -0.8791 0.4361
vn 0.1925 -0.8791 0.4361
vn 0.1398 -0.8972 0.4189
vn -0.0218 -0.9345 0.3552
vn 0.0537 -0.9296 0.3646
vn 0.0305 -0.9304 0.3653
vn 0.1244 -0.9170 0.3790
vn 0.0223 -0.9275 0.3731
vn 0.1167 -0.9093 0.3994
vn 0.0780 -0.9164 0.3925
vn 0.1389 -0.9006 0.4119
vn 0.1313 -0.9025 0.4102
vn 0.1243 -0.9046 0.4077
vn 0.1766 -0.8896 0.4212
vn 0.1159 -0.9092 0.4000
vn 0.1836 -0.8900 0.4173
vn 0.1121 -0.9127 0.3929
vn 0.1587 -0.9008 0.4043
vn 0.1060 -0.9163 0.3863
vn 0.1598 -0.9033 0.3981
vn 0.1053 -0.9183 0.3816
vn 0.1190 -0.9155 0.3844
vn 0.0725 -0.9270 0.3680
vn 0.0508 -0.9126 0.4057
vn 0.0336 -0.9151 0.4019
vn 0.1331 -0.9039 0.4065
vn 0.0517 -0.9172 0.3952
vn 0.1154 -0.9107 0.3967
vn 0.0692 -0.9177 0.3912
vn 0.1264 -0.9108 0.3930
vn 0.0625 -0.9206 0.3855
vn 0.1119 -0.9151 0.3875
vn 0.0543 -0.9236 0.3795
vn 0.1042 -0.9185 0.3815
vn 0.0523 -0.9260 0.3740
vn 0.1025 -0.9211 0.3756
vn 0.0542 -0.9280 0.3687
vn 0.1012 -0.9236 0.3698
vn 0.0579 -0.9298 0.3636
vn 0.0967 -0.9263 0.3642
vn 0.0549 -0.9318 0.3587
vn 0.0685 -0.9309 0.3588
vn 0.0387 -0.9347 0.3532
vn 0.0338 -0.9140 0.4043
vn 0.0047 -0.9194 0.3934
vn 0.0524 -0.9154 0.3990
vn 0.0083 -0.9213 0.3888
vn 0.0690 -0.9179 0.3907
vn 0.0148 -0.9231 0.3844
vn 0.0618 -0.9215 0.3835
vn 0.0155 -0.9246 0.3806
vn 0.0540 -0.9240 0.3785
vn 0.0172 -0.9262 0.3767
vn 0.0523 -0.9259 0.3741
vn 0.0186 -0.9278 0.3725
vn 0.0544 -0.9276 0.3696
vn 0.0208 -0.9296 0.3681
vn 0.0580 -0.9292 0.3649
vn 0.0234 -0.9314 0.3633
vn 0.0554 -0.9310 0.3607
vn 0.0225 -0.9331 0.3590
vn 0.0398 -0.9330 0.3576
vn 0.0170 -0.9348 0.3548
vn 0.0126 -0.9336 0.3581
vn 0.0022 -0.9360 0.3520
vn 0.0136 -0.9341 0.3568
vn 0.0023 -0.9365 0.3508
vn 0.0156 -0.9345 0.3557
vn 0.0027 -0.9370 0.3493
vn 0.0168 -0.9351 0.3540
vn 0.0027 -0.9377 0.3475
vn 0.0191 -0.9356 0.3524
vn 0.0034 -0.9384 0.3456
vn 0.0229 -0.9361 0.3510
vn 0.0043 -0.9392 0.3434
vn 0.0215 -0.9374 0.3477
vn 0.0041 -0.9401 0.3409
vn 0.0159 -0.9390 0.3435
vn 0.0040 -0.9410 0.3384
vn 0.0017 -0.9576 0.2880
vn -0.0000 -0.9578 0.2873
vn 0.0020 -0.9577 0.2878
vn -0.0003 -0.9580 0.2868
vn 0.0020 -0.9578 0.2874
vn -0.0004 -0.9581 0.2864
vn 0.0024 -0.9579 0.2870
vn -0.0003 -0.9583 0.2859
vn 0.0038 -0.9580 0.2868
vn -0.0002 -0.9585 0.2853
vn 0.0033 -0.9583 0.2859
vn 0.0001 -0.9586 0.2847
vn 0.0028 -0.9585 0.2852
vn 0.0016 -0.9586 0.2847
vn -0.0005 -0.9857 0.1685
vn -0.0046 -0.9860 0.1668
vn -0.0005 -0.9859 0.1676
vn -0.0048 -0.9861 0.1659
vn -0.0006 -0.9860 0.1667
vn -0.0048 -0.9863 0.1650
vn -0.0005 -0.9862 0.1658
vn -0.0051 -0.9865 0.1639
vn -0.0004 -0.9863 0.1648
vn -0.0049 -0.9866 0.1629
vn -0.0000 -0.9865 0.1638
vn -0.0040 -0.9868 0.1617
vn -0.0076 -0.9934 -0.1148
vn -0.0283 -0.9919 -0.1235
vn -0.0077 -0.9928 -0.1197
vn -0.0284 -0.9913 -0.1284
vn -0.0079 -0.9922 -0.1246
vn -0.0291 -0.9906 -0.1335
vn -0.0076 -0.9915 -0.1295
vn -0.0272 -0.9901 -0.1380
vn -0.0076 -0.9909 -0.1344
vn -0.0202 -0.9897 -0.1414
vn -0.0001 0.9968 -0.0802
vn -0.0005 0.9970 -0.0780
vn -0.0001 0.9970 -0.0779
vn -0.0001 0.9970 -0.0780
vn -0.0000 0.9970 -0.0780
vn 0.0004 0.9970 -0.0780
vn 0.0005 0.9969 -0.0781
vn 0.0025 0.9969 -0.0780
vn 0.0031 0.9969 -0.0787
vn 0.0124 0.9969 -0.0781
vn 0.0162 0.9967 -0.0800
vn 0.0496 0.9956 -0.0791
vn 0.0602 0.9949 -0.0814
vn 0.1159 0.9899 -0.0815
vn 0.1197 0.9894 -0.0821
vn 0.1704 0.9819 -0.0825
vn 0.1636 0.9832 -0.0814
vn -0.0054 -0.9997 0.0236
vn -0.0185 -0.9996 0.0224
vn -0.0044 -0.9998 0.0201
vn -0.0199 -0.9996 0.0185
vn -0.0051 -0.9999 0.0159
vn -0.0197 -0.9997 0.0143
vn -0.0046 -0.9999 0.0115
vn -0.0180 -0.9998 0.0102
vn -0.0033 -1.0000 0.0073
vn -0.0133 -0.9999 0.0064
vn -0.0015 -1.0000 0.0040
vn -0.0058 -1.0000 0.0035
vn -0.0009 -1.0000 0.0025
vn -0.0024 -1.0000 0.0023
vn -0.0007 -1.0000 0.0020
vn -0.0018 -1.0000 0.0018
vn -0.0008 -1.0000 0.0016
vn -0.0024 -1.0000 0.0011
vn -0.0004 -1.0000 0.0009
vn -0.0032 -1.0000 -0.0005
vn -0.0323 -0.9189 -0.3933
vn -0.0662 -0.9180 -0.3911
vn -0.0327 -0.9156 -0.4007
vn -0.0664 -0.9148 -0.3985
vn -0.0304 -0.9125 -0.4079
vn -0.0627 -0.9120 -0.4053
vn -0.0221 -0.9091 -0.4159
vn -0.0479 -0.9106 -0.4105
vn -0.0485 -0.8370 -0.5450
vn -0.0333 -0.8228 -0.5674
vn -0.0661 -0.8427 -0.5344
vn -0.0480 -0.8371 -0.5450
vn -0.0804 -0.8457 -0.5276
vn -0.0625 -0.8431 -0.5342
vn -0.0836 -0.8495 -0.5209
vn -0.0660 -0.8474 -0.5269
vn -0.0847 -0.8539 -0.5136
vn -0.0660 -0.8516 -0.5200
vn -0.0005 0.9918 -0.1277
vn -0.0014 0.9914 -0.1310
vn -0.0001 0.9918 -0.1275
vn -0.0002 0.9918 -0.1277
vn -0.0000 0.9918 -0.1275
vn -0.0000 0.9918 -0.1276
vn 0.0001 0.9918 -0.1275
vn 0.0005 0.9918 -0.1280
vn 0.0010 0.9918 -0.1276
vn 0.0033 0.9916 -0.1291
vn 0.0050 0.9918 -0.1280
vn 0.0168 0.9912 -0.1310
vn 0.0233 0.9914 -0.1290
vn 0.0607 0.9893 -0.1324
vn 0.0720 0.9888 -0.1310
vn 0.1166 0.9843 -0.1326
vn 0.1163 0.9843 -0.1326
vn 0.1574 0.9787 -0.1315
vn 0.1418 0.9810 -0.1327
vn -0.3140 -0.8618 -0.3984
vn -0.1098 -0.5745 -0.8111
vn -0.2323 -0.8970 -0.3760
vn -0.0546 -0.6513 -0.7569
vn -0.1585 -0.9240 -0.3479
vn -0.0280 -0.7538 -0.6565
vn -0.0663 -0.9080 -0.4136
vn -0.0087 -0.8309 -0.5563
vn -0.0117 -0.8815 -0.4720
vn 0.0002 -0.8642 -0.5031
vn 0.0023 -0.8701 -0.4929
vn 0.0005 -0.8733 -0.4871
vn -0.1560 -0.3290 -0.9314
vn -0.0487 -0.1222 -0.9913
vn -0.2289 -0.5462 -0.8058
vn -0.0374 -0.1326 -0.9905
vn -0.1096 -0.3936 -0.9127
vn -0.0216 -0.1528 -0.9880
vn -0.0209 -0.2131 -0.9768
vn -0.0080 -0.1667 -0.9860
vn -0.0017 -0.1661 -0.9861
vn -0.0024 -0.1694 -0.9856
vn -0.0316 -0.0356 -0.9989
vn -0.0237 -0.0235 -0.9994
vn -0.0115 -0.0164 -0.9998
vn -0.0075 -0.0093 -0.9999
vn -0.0032 -0.0095 -1.0000
vn -0.0016 -0.0056 -1.0000
vn -0.0056 0.0208 -0.9998
vn -0.0071 0.0190 -0.9998
vn -0.0048 0.0194 -0.9998
vn -0.0028 0.0225 -0.9997
vn -0.0049 0.0204 -0.9998
vn -0.0057 0.0196 -0.9998
vn -0.0056 0.0193 -0.9998
vn -0.0048 0.0205 -0.9998
vn -0.0048 0.0175 -0.9998
vn -0.0054 0.0170 -0.9998
vn -0.0058 0.0172 -0.9998
vn -0.0057 0.0174 -0.9998
vn -0.0028 0.0204 -0.9998
vn -0.0060 0.0156 -0.9999
vn 0.0169 -0.0004 -0.9999
vn 0.0286 0.0007 -0.9996
vn 0.0339 0.0008 -0.9994
vn 0.0291 0.0002 -0.9996
vn 0.0045 0.0007 -1.0000
vn 0.0190 0.0032 -0.9998
vn 0.0237 0.0021 -0.9997
vn 0.0347 0.0034 -0.9994
vn 0.0517 0.0048 -0.9987
vn 0.0410 0.0036 -0.9992
vn 0.0581 0.0059 -0.9983
vn 0.0414 0.0039 -0.9991
vn 0.0417 0.0048 -0.9991
vn 0.0303 0.0030 -0.9995
vn 0.0023 0.0014 -1.0000
vn 0.0068 0.0027 -1.0000
vn 0.0178 0.0044 -0.9998
vn 0.0268 0.0065 -0.9996
vn 0.0547 0.0117 -0.9984
vn 0.0522 0.0112 -0.9986
vn 0.0537 0.0114 -0.9985
vn 0.0584 0.0124 -0.9982
vn 0.0228 0.0049 -0.9997
vn 0.0443 0.0096 -0.9990
vn 0.0107 0.0020 -0.9999
vn 0.0288 0.0060 -0.9996
vn 0.0140 0.0019 -0.9999
vn 0.0279 0.0046 -0.9996
vn 0.0075 0.0021 -1.0000
vn 0.0013 0.0006 -1.0000
vn 0.0312 0.0069 -0.9995
vn 0.0172 0.0039 -0.9998
vn 0.0548 0.0114 -0.9984
vn 0.0545 0.0113 -0.9984
vn 0.0339 0.0071 -0.9994
vn 0.0535 0.0112 -0.9985
vn 0.0118 0.0027 -0.9999
vn 0.0230 0.0051 -0.9997
vn 0.0052 0.0012 -1.0000
vn 0.0114 0.0026 -0.9999
vn 0.0099 0.0015 -0.9999
vn 0.0143 0.0023 -0.9999
vn 0.0213 0.0030 -0.9998
vn 0.0175 0.0023 -0.9998
vn 0.0156 -0.0060 -0.9999
vn 0.0016 -0.0029 -1.0000
vn 0.0398 -0.0120 -0.9991
vn 0.0195 -0.0073 -0.9998
vn 0.0493 -0.0143 -0.9987
vn 0.0430 -0.0128 -0.9990
vn 0.0330 -0.0090 -0.9994
vn 0.0207 -0.0067 -0.9998
vn 0.0128 -0.0028 -0.9999
vn 0.0054 -0.0023 -1.0000
vn 0.0076 -0.0008 -1.0000
vn 0.0021 -0.0010 -1.0000
vn 0.0176 -0.0002 -0.9998
vn 0.0072 -0.0008 -1.0000
vn 0.0447 0.0011 -0.9990
vn 0.0193 -0.0002 -0.9998
vn 0.0591 0.0045 -0.9982
vn 0.0219 0.0007 -0.9998
vn 0.0216 -0.0360 -0.9991
vn 0.0071 -0.0166 -0.9998
vn 0.0295 -0.0476 -0.9984
vn 0.0270 -0.0442 -0.9987
vn 0.0329 -0.0531 -0.9980
vn 0.0352 -0.0562 -0.9978
vn 0.0326 -0.0481 -0.9983
vn 0.0178 -0.0303 -0.9994
vn 0.0217 -0.0227 -0.9995
vn 0.0047 -0.0099 -0.9999
vn 0.0172 -0.0097 -0.9998
vn 0.0026 -0.0046 -1.0000
vn 0.0348 -0.0129 -0.9993
vn 0.0106 -0.0063 -0.9999
vn 0.0612 -0.0200 -0.9979
vn 0.0356 -0.0131 -0.9993
vn 0.0730 -0.0216 -0.9971
vn 0.0480 -0.0157 -0.9987
vn 0.0261 -0.0266 -0.9993
vn 0.0253 -0.0256 -0.9994
vn 0.0296 -0.0333 -0.9990
vn 0.0325 -0.0368 -0.9988
vn 0.0328 -0.0396 -0.9987
vn 0.0359 -0.0433 -0.9984
vn 0.0358 -0.0440 -0.9984
vn 0.0347 -0.0427 -0.9985
vn 0.0383 -0.0371 -0.9986
vn 0.0219 -0.0224 -0.9995
vn 0.0390 -0.0218 -0.9990
vn 0.0164 -0.0105 -0.9998
vn 0.0512 -0.0248 -0.9984
vn 0.0320 -0.0166 -0.9994
vn 0.0585 -0.0291 -0.9979
vn 0.0576 -0.0287 -0.9979
vn 0.0633 -0.0329 -0.9975
vn 0.0679 -0.0347 -0.9971
vn 0.0369 0.0330 -0.9988
vn 0.0406 0.0332 -0.9986
vn 0.0419 0.0296 -0.9987
vn 0.0459 0.0298 -0.9985
vn 0.0465 0.0263 -0.9986
vn 0.0509 0.0265 -0.9984
vn 0.0512 0.0231 -0.9984
vn 0.0557 0.0232 -0.9982
vn 0.0553 0.0203 -0.9983
vn 0.0590 0.0204 -0.9980
vn 0.0595 0.0191 -0.9980
vn 0.0590 0.0191 -0.9981
vn 0.0634 0.0170 -0.9978
vn 0.0671 0.0173 -0.9976
vn 0.0676 0.0145 -0.9976
vn 0.0731 0.0148 -0.9972
vn 0.0554 0.1502 -0.9871
vn 0.0617 0.1529 -0.9863
vn 0.0615 0.1471 -0.9872
vn 0.0694 0.1504 -0.9862
vn 0.0677 0.1440 -0.9873
vn 0.0764 0.1476 -0.9861
vn 0.0733 0.1403 -0.9874
vn 0.0839 0.1446 -0.9859
vn 0.0802 0.1371 -0.9873
vn 0.0900 0.1410 -0.9859
vn 0.0873 0.1344 -0.9871
vn 0.0964 0.1379 -0.9857
vn 0.0923 0.1322 -0.9869
vn 0.0998 0.1351 -0.9858
vn 0.0970 0.1300 -0.9868
vn 0.1051 0.1330 -0.9855
vn 0.1413 0.6796 -0.7198
vn 0.1461 0.6805 -0.7181
vn 0.1522 0.6761 -0.7209
vn 0.1628 0.6779 -0.7169
vn 0.1612 0.6709 -0.7238
vn 0.1798 0.6738 -0.7167
vn 0.1742 0.6644 -0.7268
vn 0.1967 0.6678 -0.7179
vn 0.1955 0.6588 -0.7264
vn 0.2113 0.6610 -0.7200
vn 0.2213 0.6557 -0.7219
vn 0.2241 0.6560 -0.7207
vn 0.2344 0.6538 -0.7195
vn 0.2367 0.6540 -0.7185
vn 0.2411 0.6515 -0.7193
vn 0.2482 0.6523 -0.7162
vn 0.2011 0.9459 -0.2546
vn 0.1766 0.9498 -0.2583
vn 0.2241 0.9418 -0.2505
vn 0.1949 0.9472 -0.2548
vn 0.2403 0.9388 -0.2468
vn 0.2136 0.9442 -0.2508
vn 0.2610 0.9342 -0.2431
vn 0.2365 0.9397 -0.2469
vn 0.2878 0.9275 -0.2386
vn 0.2580 0.9350 -0.2432
vn 0.3215 0.9181 -0.2320
vn 0.2796 0.9299 -0.2389
vn 0.3475 0.9104 -0.2246
vn 0.2969 0.9260 -0.2333
vn 0.3639 0.9057 -0.2172
vn 0.3097 0.9233 -0.2270
vn -0.0286 -0.9892 0.1436
vn -0.0444 -0.9895 0.1378
vn -0.0144 -0.9904 0.1377
vn -0.0623 -0.9896 0.1295
vn -0.0119 -0.9915 0.1298
vn -0.0866 -0.9889 0.1207
vn -0.0178 -0.9925 0.1208
vn -0.1004 -0.9886 0.1119
vn -0.0211 -0.9936 0.1112
vn -0.1052 -0.9891 0.1032
vn -0.0273 -0.9944 0.1019
vn -0.1095 -0.9894 0.0949
vn -0.0497 -0.9944 0.0934
vn -0.1159 -0.9894 0.0879
vn -0.0967 -0.9915 0.0873
vn -0.1258 -0.9885 0.0845
vn -0.1232 -0.9888 0.0844
vn -0.1262 -0.9884 0.0840
vn -0.0820 -0.9933 0.0821
vn -0.0979 -0.9920 0.0802
vn -0.0528 -0.9795 0.1942
vn -0.0385 -0.9787 0.2015
vn -0.0624 -0.9781 0.1984
vn -0.0919 -0.9776 0.1896
vn -0.0722 -0.9787 0.1923
vn -0.1207 -0.9763 0.1796
vn -0.0801 -0.9794 0.1854
vn -0.1311 -0.9763 0.1723
vn -0.0854 -0.9802 0.1787
vn -0.1374 -0.9766 0.1656
vn -0.0935 -0.9807 0.1716
vn -0.1437 -0.9767 0.1592
vn -0.1030 -0.9810 0.1644
vn -0.1499 -0.9768 0.1529
vn -0.1207 -0.9803 0.1565
vn -0.1549 -0.9768 0.1478
vn -0.1321 -0.9797 0.1507
vn -0.1555 -0.9772 0.1444
vn -0.1003 -0.9833 0.1516
vn -0.1511 -0.9788 0.1381
vn -0.0453 -0.9744 0.2204
vn -0.0406 -0.9738 0.2237
vn -0.0928 -0.9727 0.2125
vn -0.1075 -0.9725 0.2068
vn -0.1149 -0.9720 0.2052
vn -0.1433 -0.9702 0.1955
vn -0.1234 -0.9720 0.1998
vn -0.1526 -0.9699 0.1900
vn -0.1300 -0.9722 0.1949
vn -0.1595 -0.9697 0.1850
vn -0.1369 -0.9722 0.1899
vn -0.1647 -0.9697 0.1805
vn -0.1423 -0.9723 0.1853
vn -0.1698 -0.9696 0.1760
vn -0.1461 -0.9725 0.1811
vn -0.1761 -0.9694 0.1709
vn -0.1475 -0.9731 0.1771
vn -0.1798 -0.9696 0.1659
vn -0.1436 -0.9742 0.1740
vn -0.1852 -0.9697 0.1595
vn -0.0655 -0.9607 0.2698
vn -0.1396 -0.9679 0.2089
vn -0.1086 -0.9701 0.2173
vn -0.1643 -0.9676 0.1917
vn -0.1429 -0.9699 0.1972
vn -0.1707 -0.9675 0.1864
vn -0.1523 -0.9697 0.1910
vn -0.1747 -0.9675 0.1826
vn -0.1592 -0.9695 0.1864
vn -0.1819 -0.9671 0.1779
vn -0.1643 -0.9694 0.1822
vn -0.1870 -0.9669 0.1738
vn -0.1693 -0.9693 0.1781
vn -0.1912 -0.9667 0.1699
vn -0.1752 -0.9691 0.1739
vn -0.1972 -0.9663 0.1657
vn -0.1785 -0.9691 0.1704
vn -0.2026 -0.9659 0.1613
vn -0.1834 -0.9689 0.1662
vn -0.2087 -0.9654 0.1566
vn -0.1565 -0.9562 0.2473
vn -0.2317 -0.9562 0.1787
vn -0.1648 -0.9660 0.1995
vn -0.2217 -0.9602 0.1699
vn -0.1713 -0.9679 0.1839
vn -0.2015 -0.9644 0.1713
vn -0.1758 -0.9682 0.1782
vn -0.1993 -0.9653 0.1688
vn -0.1831 -0.9677 0.1730
vn -0.2050 -0.9649 0.1643
vn -0.1884 -0.9675 0.1686
vn -0.2090 -0.9647 0.1605
vn -0.1927 -0.9674 0.1646
vn -0.2117 -0.9646 0.1574
vn -0.1986 -0.9668 0.1606
vn -0.2162 -0.9641 0.1540
vn -0.2038 -0.9663 0.1571
vn -0.2226 -0.9633 0.1500
vn -0.2096 -0.9657 0.1533
vn -0.2297 -0.9623 0.1456
vn -0.2387 -0.9461 0.2189
vn -0.2997 -0.9403 0.1611
vn -0.2209 -0.9580 0.1826
vn -0.2726 -0.9495 0.1556
vn -0.2009 -0.9641 0.1737
vn -0.2375 -0.9583 0.1589
vn -0.1994 -0.9654 0.1681
vn -0.2308 -0.9604 0.1559
vn -0.2055 -0.9652 0.1619
vn -0.2333 -0.9606 0.1513
vn -0.2099 -0.9651 0.1567
vn -0.2327 -0.9612 0.1482
vn -0.2129 -0.9651 0.1526
vn -0.2313 -0.9619 0.1459
vn -0.2174 -0.9646 0.1491
vn -0.2339 -0.9617 0.1432
vn -0.2238 -0.9637 0.1455
vn -0.2419 -0.9603 0.1390
vn -0.2308 -0.9626 0.1417
vn -0.2519 -0.9584 0.1339
vn -0.3046 -0.9214 0.2414
vn -0.3739 -0.9097 0.1806
vn -0.2695 -0.9417 0.2014
vn -0.3472 -0.9233 0.1643
vn -0.2319 -0.9545 0.1877
vn -0.3044 -0.9388 0.1609
vn -0.2268 -0.9578 0.1764
vn -0.2898 -0.9446 0.1539
vn -0.2306 -0.9588 0.1657
vn -0.2856 -0.9472 0.1460
vn -0.2309 -0.9602 0.1569
vn -0.2753 -0.9509 0.1414
vn -0.2302 -0.9614 0.1505
vn -0.2635 -0.9546 0.1391
vn -0.2333 -0.9615 0.1454
vn -0.2614 -0.9556 0.1359
vn -0.2416 -0.9602 0.1401
vn -0.2702 -0.9539 0.1304
vn -0.2518 -0.9584 0.1344
vn -0.2829 -0.9511 0.1238
vn -0.3754 -0.8885 0.2637
vn -0.4282 -0.8763 0.2209
vn -0.3434 -0.9094 0.2347
vn -0.4177 -0.8860 0.2015
vn -0.2957 -0.9290 0.2226
vn -0.3929 -0.9001 0.1885
vn -0.2817 -0.9366 0.2083
vn -0.3820 -0.9077 0.1737
vn -0.2790 -0.9407 0.1929
vn -0.3718 -0.9144 0.1601
vn -0.2687 -0.9463 0.1799
vn -0.3524 -0.9236 0.1511
vn -0.2572 -0.9514 0.1695
vn -0.3309 -0.9325 0.1450
vn -0.2559 -0.9534 0.1596
vn -0.3221 -0.9366 0.1380
vn -0.2654 -0.9526 0.1491
vn -0.3263 -0.9364 0.1295
vn -0.2789 -0.9503 0.1387
vn -0.3305 -0.9359 0.1223
vn -0.4270 -0.8683 0.2523
vn -0.4520 -0.8612 0.2324
vn -0.4153 -0.8779 0.2385
vn -0.4517 -0.8640 0.2223
vn -0.3890 -0.8912 0.2333
vn -0.4446 -0.8699 0.2136
vn -0.3774 -0.8981 0.2258
vn -0.4404 -0.8744 0.2038
vn -0.3670 -0.9044 0.2177
vn -0.4350 -0.8794 0.1933
vn -0.3458 -0.9143 0.2107
vn -0.4258 -0.8863 0.1824
vn -0.3222 -0.9247 0.2027
vn -0.4146 -0.8938 0.1711
vn -0.3128 -0.9305 0.1907
vn -0.4064 -0.8996 0.1596
vn -0.3168 -0.9319 0.1764
vn -0.3992 -0.9045 0.1498
vn -0.3221 -0.9325 0.1635
vn -0.3797 -0.9136 0.1456
vn -0.4525 -0.8631 0.2242
vn -0.4638 -0.8594 0.2154
vn -0.4520 -0.8651 0.2174
vn -0.4636 -0.8602 0.2123
vn -0.4445 -0.8694 0.2158
vn -0.4600 -0.8627 0.2103
vn -0.4398 -0.8722 0.2140
vn -0.4588 -0.8640 0.2074
vn -0.4341 -0.8756 0.2121
vn -0.4597 -0.8646 0.2030
vn -0.4240 -0.8810 0.2098
vn -0.4609 -0.8653 0.1968
vn -0.4117 -0.8877 0.2061
vn -0.4574 -0.8686 0.1904
vn -0.4029 -0.8930 0.2005
vn -0.4367 -0.8795 0.1892
vn -0.3945 -0.8977 0.1965
vn -0.3991 -0.8959 0.1950
vn -0.3746 -0.9056 0.1987
vn -0.3376 -0.9176 0.2097
vn -0.4647 -0.8636 0.1957
vn -0.4693 -0.8619 0.1922
vn -0.4643 -0.8644 0.1929
vn -0.4680 -0.8627 0.1914
vn -0.4603 -0.8666 0.1926
vn -0.4651 -0.8644 0.1910
vn -0.4593 -0.8673 0.1919
vn -0.4637 -0.8653 0.1906
vn -0.4601 -0.8671 0.1911
vn -0.4635 -0.8655 0.1900
vn -0.4612 -0.8666 0.1904
vn -0.4588 -0.8677 0.1911
vn -0.4574 -0.8684 0.1913
vn -0.4277 -0.8815 0.2002
vn -0.4366 -0.8773 0.1991
vn -0.3254 -0.9177 0.2281
vn -0.3979 -0.8895 0.2245
vn -0.2228 -0.9403 0.2574
vn -0.3398 -0.9022 0.2657
vn -0.1820 -0.9420 0.2819
vn -0.4695 -0.8649 0.1773
vn -0.4508 -0.8721 0.1902
vn -0.4680 -0.8632 0.1895
vn -0.4399 -0.8761 0.1974
vn -0.4651 -0.8631 0.1967
vn -0.4479 -0.8714 0.1999
vn -0.4636 -0.8633 0.1995
vn -0.4485 -0.8706 0.2022
vn -0.4633 -0.8629 0.2018
vn -0.4352 -0.8762 0.2068
vn -0.4586 -0.8644 0.2063
vn -0.3976 -0.8917 0.2166
vn -0.4289 -0.8770 0.2167
vn -0.3007 -0.9244 0.2345
vn -0.3271 -0.9149 0.2365
vn -0.1504 -0.9564 0.2505
vn -0.2237 -0.9369 0.2686
vn -0.0710 -0.9629 0.2603
vn -0.1890 -0.9298 0.3159
vn -0.0785 -0.9534 0.2915
vn -0.4509 -0.8714 0.1934
vn -0.3911 -0.8928 0.2235
vn -0.4413 -0.8667 0.2325
vn -0.3464 -0.9081 0.2353
vn -0.4474 -0.8565 0.2574
vn -0.3472 -0.9043 0.2484
vn -0.4471 -0.8526 0.2705
vn -0.3482 -0.9005 0.2606
vn -0.4345 -0.8562 0.2794
vn -0.3143 -0.9109 0.2674
vn -0.4049 -0.8678 0.2881
vn -0.2684 -0.9236 0.2738
vn -0.3234 -0.9014 0.2879
vn -0.1806 -0.9452 0.2718
vn -0.1563 -0.9518 0.2637
vn -0.0613 -0.9648 0.2558
vn -0.3938 -0.8877 0.2384
vn -0.3241 -0.9086 0.2636
vn -0.3556 -0.8935 0.2741
vn -0.2444 -0.9342 0.2598
vn -0.3526 -0.8866 0.2992
vn -0.1707 -0.9528 0.2509
vn -0.3496 -0.8814 0.3175
vn -0.1372 -0.9565 0.2576
vn -0.3181 -0.8905 0.3252
vn -0.1133 -0.9565 0.2688
vn -0.2857 -0.8983 0.3338
vn -0.0994 -0.9534 0.2849
vn -0.2155 -0.9189 0.3305
vn -0.0772 -0.9507 0.3003
vn -0.3343 -0.8951 0.2950
vn -0.2666 -0.9060 0.3287
vn -0.2744 -0.9028 0.3311
vn -0.1873 -0.9252 0.3302
vn -0.1934 -0.9232 0.3320
vn -0.0693 -0.9482 0.3101
vn -0.1460 -0.9310 0.3344
vn -0.0233 -0.9507 0.3092
vn -0.1200 -0.9325 0.3406
vn -0.0144 -0.9472 0.3203
vn -0.2746 -0.8935 0.3553
vn -0.1626 -0.8985 0.4077
vn -0.2211 -0.8756 0.4296
vn -0.0822 -0.9037 0.4203
vn -0.0900 -0.9014 0.4235
vn -0.0116 -0.9152 0.4029
vn -0.1449 -0.9412 0.3053
vn -0.0694 -0.9300 0.3609
vn -0.0746 -0.9294 0.3616
vn -0.0206 -0.9274 0.3734
vn -0.0611 -0.9646 0.2564
vn -0.0201 -0.9569 0.2896
vn -0.0178 -0.9570 0.2896
vn -0.0040 -0.9558 0.2941
vn -0.0179 -0.9813 0.1915
vn -0.0028 -0.9787 0.2055
vn -0.0037 -0.9787 0.2053
vn -0.0008 -0.9784 0.2067
vn -0.0058 -0.9958 0.0917
vn -0.0036 -0.9957 0.0925
vn -0.0053 -0.9958 0.0913
vn -0.0024 -0.9957 0.0924
vn -0.0031 -0.9958 0.0920
vn 0.2674 0.9602 -0.0806
vn 0.2500 0.9651 -0.0783
vn 0.3197 0.9442 -0.0789
vn 0.2958 0.9522 -0.0757
vn 0.3635 0.9284 -0.0764
vn 0.3342 0.9397 -0.0722
vn 0.3974 0.9147 -0.0730
vn 0.3655 0.9283 -0.0684
vn 0.4255 0.9023 -0.0692
vn 0.3902 0.9185 -0.0643
vn 0.4604 0.8853 -0.0653
vn 0.4210 0.9051 -0.0605
vn 0.5049 0.8610 -0.0614
vn 0.4602 0.8860 -0.0562
vn -0.0020 -0.9969 0.0787
vn -0.0227 -0.9973 0.0698
vn 0.0102 -0.9978 0.0658
vn -0.0182 -0.9979 0.0623
vn 0.0129 -0.9982 0.0588
vn -0.0309 -0.9979 0.0569
vn 0.0087 -0.9986 0.0525
vn -0.0411 -0.9978 0.0513
vn 0.0050 -0.9989 0.0458
vn -0.0430 -0.9981 0.0451
vn -0.0020 -0.9992 0.0400
vn -0.0440 -0.9982 0.0398
vn -0.0227 -0.9991 0.0371
vn -0.0519 -0.9980 0.0367
vn -0.0574 -0.9976 0.0374
vn -0.0712 -0.9968 0.0367
vn -0.0743 -0.9965 0.0372
vn -0.0783 -0.9963 0.0367
vn -0.0482 -0.9983 0.0322
vn -0.0490 -0.9983 0.0321
vn -0.0107 -0.9999 0.0081
vn -0.0025 -1.0000 0.0047
vn -0.0096 -0.9999 0.0118
vn 0.0005 -0.9999 0.0141
vn -0.0058 -0.9999 0.0159
vn 0.0037 -0.9998 0.0197
vn -0.0050 -0.9998 0.0180
vn 0.0033 -0.9998 0.0217
vn -0.0051 -0.9998 0.0190
vn 0.0011 -0.9998 0.0221
vn -0.2368 -0.9426 -0.2353
vn -0.0648 -0.9614 -0.2673
vn -0.1598 -0.9746 -0.1572
vn -0.0268 -0.9862 -0.1636
vn -0.0656 -0.9932 -0.0965
vn -0.0063 -0.9953 -0.0964
vn -0.0248 -0.9972 -0.0709
vn -0.0014 -0.9975 -0.0710
vn -0.0016 -0.9981 -0.0610
vn 0.0011 -0.9981 -0.0611
vn 0.0069 -0.9982 -0.0603
vn 0.0015 -0.9982 -0.0599
vn 0.0059 -0.9978 -0.0662
vn -0.0022 -0.9980 -0.0634
vn 0.2490 0.9602 -0.1267
vn 0.2029 0.9706 -0.1296
vn 0.2920 0.9485 -0.1228
vn 0.2295 0.9650 -0.1265
vn 0.3255 0.9382 -0.1180
vn 0.2521 0.9599 -0.1224
vn 0.3547 0.9281 -0.1129
vn 0.2766 0.9538 -0.1175
vn 0.3824 0.9177 -0.1077
vn 0.2993 0.9475 -0.1122
vn 0.4179 0.9027 -0.1021
vn 0.3260 0.9393 -0.1070
vn 0.4572 0.8842 -0.0956
vn 0.3525 0.9303 -0.1016
vn 0.4902 0.8671 -0.0880
vn 0.3729 0.9229 -0.0955
vn 0.5461 -0.6542 0.5233
vn 0.5174 -0.4873 0.7034
vn 0.5485 -0.5971 0.5853
vn 0.5162 -0.4326 0.7392
vn 0.5143 -0.4259 0.7444
vn 0.5427 -0.3047 0.7827
vn 0.5196 -0.1808 0.8350
vn -0.6367 0.1593 -0.7544
vn -0.5882 0.2317 -0.7749
vn 0.4971 -0.2175 0.8400
vn 0.4930 -0.2003 0.8466
vn 0.4823 -0.1889 0.8554
vn 0.4618 -0.4861 0.7419
vn 0.5122 -0.1920 0.8372
vn -0.0067 0.5709 -0.8210
vn 0.5811 -0.2274 0.7814
vn -0.5053 -0.3612 -0.7837
vn -0.5589 0.2056 -0.8033
vn 0.1604 -0.8785 0.4500
vn 0.6214 -0.0750 0.7799
vn -0.4659 0.5006 -0.7296
vn -0.5321 0.4584 -0.7118
vn 0.9982 -0.0152 0.0586
vn 0.9963 -0.0283 0.0808
vn 0.9915 -0.0556 0.1176
vn 0.9911 -0.0570 0.1206
vn 0.9615 -0.0654 0.2668
vn 0.9793 -0.0354 0.1992
vn 0.0584 -0.7068 -0.7050
vn 0.0567 -0.7293 -0.6818
vn 0.0092 -0.1129 -0.9936
vn 0.0095 -0.1075 -0.9942
vn 0.0014 -0.0194 -0.9998
vn 0.0018 -0.0169 -0.9999
vn -0.0003 -0.0039 -1.0000
vn 0.0002 -0.0017 -1.0000
vn -0.0012 -0.0001 -1.0000
vn -0.0009 0.0019 -1.0000
vn -0.0025 0.0027 -1.0000
vn -0.0025 0.0076 -1.0000
vn -0.0054 0.0098 -0.9999
vn -0.0066 0.0190 -0.9998
vn -0.0084 0.0190 -0.9998
vn -0.0091 0.0230 -0.9997
vn -0.0087 0.0239 -0.9997
vn -0.0075 0.0158 -0.9998
vn -0.0059 0.0223 -0.9997
vn -0.0050 0.0082 -1.0000
vn -0.0048 0.0269 -0.9996
vn -0.0045 0.0134 -0.9999
vn -0.0027 0.0261 -0.9997
vn -0.0035 0.0132 -0.9999
vn 0.0003 0.0197 -0.9998
vn -0.0025 0.0077 -1.0000
vn 0.0025 0.0163 -0.9999
vn -0.0017 0.0059 -1.0000
vn 0.0074 0.0251 -0.9997
vn -0.0001 0.0085 -1.0000
vn 0.0174 0.0470 -0.9987
vn 0.0069 0.0239 -0.9997
vn 0.0355 0.0895 -0.9954
vn 0.0383 0.0958 -0.9947
vn 0.0908 0.2200 -0.9713
vn 0.1379 0.3268 -0.9350
vn 0.2220 0.5259 -0.8211
vn 0.2765 0.6473 -0.7103
vn 0.1661 0.4204 -0.8920
vn 0.3666 0.8484 -0.3819
vn 0.8393 -0.4377 0.3224
vn 0.8880 -0.3436 0.3055
vn 0.8717 -0.2114 0.4422
vn 0.6435 -0.5350 0.5475
vn 0.6689 -0.3545 0.6534
vn -0.1883 -0.8147 0.5485
vn -0.2376 -0.8495 0.4710
vn -0.4242 -0.8364 0.3472
vn -0.4416 -0.8537 0.2760
vn -0.4550 -0.8497 0.2665
vn -0.4585 -0.8581 0.2312
vn -0.4637 -0.8562 0.2278
vn -0.4656 -0.8645 0.1894
vn -0.4666 -0.8641 0.1888
vn -0.4675 -0.8727 0.1410
vn -0.4614 -0.8754 0.1445
vn -0.4607 -0.8835 0.0847
vn -0.4417 -0.8921 0.0949
vn -0.4384 -0.8985 0.0204
vn -0.3996 -0.9158 0.0403
vn -0.3925 -0.9189 -0.0401
vn -0.3344 -0.9424 -0.0105
vn -0.3228 -0.9421 -0.0911
vn -0.2485 -0.9673 -0.0514
vn -0.2371 -0.9652 -0.1101
vn -0.1394 -0.9882 -0.0635
vn -0.1343 -0.9873 -0.0843
vn -0.0266 -0.9986 -0.0458
vn -0.0225 -0.9978 -0.0624
vn 0.0746 -0.9966 -0.0336
vn 0.0791 -0.9950 -0.0607
vn 0.1443 -0.9832 -0.1123
vn 0.0749 -0.9810 -0.1791
vn 0.0648 -0.9866 -0.1495
vn -0.6713 0.3910 -0.6296
vn 0.0932 -0.9906 -0.1005
vn 0.1905 -0.9664 -0.1723
vn -0.0358 -0.9932 -0.1111
vn 0.0928 -0.9908 -0.0984
vn -0.1583 -0.9788 -0.1296
vn -0.0363 -0.9934 -0.1092
vn -0.2469 -0.9580 -0.1461
vn -0.1597 -0.9796 -0.1217
vn -0.3026 -0.9463 -0.1138
vn -0.2521 -0.9628 -0.0971
vn -0.3427 -0.9377 -0.0578
vn -0.3075 -0.9504 -0.0461
vn -0.3789 -0.9254 0.0039
vn -0.3466 -0.9379 0.0147
vn -0.4116 -0.9086 0.0705
vn -0.3822 -0.9205 0.0808
vn -0.4339 -0.8913 0.1319
vn -0.4133 -0.8998 0.1396
vn -0.4436 -0.8768 0.1853
vn -0.4335 -0.8810 0.1896
vn -0.4388 -0.8678 0.2332
vn -0.4412 -0.8669 0.2322
vn -0.4597 -0.8487 0.2617
vn -0.4324 -0.8578 0.2778
vn -0.5319 -0.7897 0.3056
vn -0.4048 -0.8210 0.4027
vn -0.1947 -0.7467 0.6361
vn -0.5316 -0.6738 0.5132
vn 0.1364 -0.7302 -0.6694
vn 0.1343 -0.7424 -0.6563
vn 0.0261 -0.1374 -0.9902
vn 0.0270 -0.1259 -0.9917
vn 0.0049 -0.0259 -0.9997
vn 0.0064 -0.0211 -0.9998
vn 0.0011 -0.0064 -1.0000
vn 0.0021 -0.0044 -1.0000
vn -0.0001 -0.0014 -1.0000
vn 0.0004 -0.0005 -1.0000
vn -0.0012 0.0007 -1.0000
vn -0.0008 0.0020 -1.0000
vn -0.0038 0.0051 -1.0000
vn -0.0038 0.0083 -1.0000
vn -0.0101 0.0193 -0.9998
vn -0.0106 0.0219 -0.9997
vn -0.0175 0.0403 -0.9990
vn -0.0163 0.0346 -0.9993
vn -0.0176 0.0487 -0.9987
vn -0.0150 0.0334 -0.9993
vn -0.0170 0.0559 -0.9983
vn -0.0152 0.0406 -0.9991
vn -0.0129 0.0575 -0.9983
vn -0.0126 0.0376 -0.9992
vn -0.0018 0.0504 -0.9987
vn -0.0072 0.0213 -0.9997
vn 0.0084 0.0419 -0.9991
vn -0.0035 0.0136 -0.9999
vn 0.0155 0.0503 -0.9986
vn 0.0031 0.0242 -0.9997
vn 0.0193 0.0577 -0.9981
vn 0.0149 0.0486 -0.9987
vn 0.0260 0.0761 -0.9968
vn 0.0328 0.0906 -0.9953
vn 0.0441 0.1250 -0.9912
vn 0.0698 0.1840 -0.9804
vn 0.0846 0.2277 -0.9700
vn 0.1020 0.2681 -0.9580
vn 0.1562 0.3984 -0.9038
vn 0.1616 0.4107 -0.8973
vn 0.1664 -0.9651 -0.2022
vn 0.1468 -0.9739 -0.1733
vn 0.5629 -0.3437 0.7517
vn 0.3762 -0.5468 0.7480
vn 0.3426 -0.6278 0.6989
vn -0.1848 -0.8590 0.4775
vn -0.2490 -0.9085 0.3357
vn -0.3059 -0.9044 0.2976
vn -0.3116 -0.9098 0.2741
vn -0.3710 -0.8978 0.2374
vn -0.3747 -0.9102 0.1763
vn -0.3612 -0.9140 0.1849
vn -0.3613 -0.9260 0.1097
vn -0.3325 -0.9344 0.1276
vn -0.3302 -0.9429 0.0433
vn -0.2966 -0.9529 0.0638
vn -0.2935 -0.9557 -0.0224
vn -0.2617 -0.9651 -0.0030
vn -0.2586 -0.9624 -0.0835
vn -0.2270 -0.9718 -0.0641
vn -0.2238 -0.9644 -0.1408
vn -0.1904 -0.9743 -0.1206
vn -0.1872 -0.9648 -0.1846
vn -0.1398 -0.9775 -0.1580
vn -0.1371 -0.9717 -0.1925
vn -0.0536 -0.9867 -0.1534
vn -0.0494 -0.9812 -0.1864
vn 0.0538 -0.9887 -0.1401
vn 0.0531 -0.9895 -0.1348
vn 0.1418 -0.9612 -0.2367
vn 0.1876 -0.7542 -0.6293
vn 0.1870 -0.7566 -0.6266
vn 0.0432 -0.1701 -0.9845
vn 0.0444 -0.1571 -0.9866
vn 0.0082 -0.0351 -0.9993
vn 0.0105 -0.0293 -0.9995
vn 0.0017 -0.0094 -1.0000
vn 0.0034 -0.0070 -1.0000
vn 0.0003 -0.0024 -1.0000
vn 0.0010 -0.0016 -1.0000
vn -0.0003 -0.0001 -1.0000
vn -0.0014 0.0023 -1.0000
vn -0.0009 0.0030 -1.0000
vn -0.0037 0.0104 -0.9999
vn -0.0035 0.0110 -0.9999
vn -0.0067 0.0266 -0.9996
vn -0.0071 0.0245 -0.9997
vn -0.0074 0.0411 -0.9991
vn -0.0084 0.0356 -0.9993
vn -0.0060 0.0517 -0.9986
vn -0.0077 0.0441 -0.9990
vn -0.0030 0.0584 -0.9983
vn -0.0058 0.0491 -0.9988
vn 0.0012 0.0637 -0.9980
vn -0.0030 0.0514 -0.9987
vn 0.0075 0.0628 -0.9980
vn -0.0000 0.0442 -0.9990
vn 0.0098 0.0648 -0.9978
vn 0.0065 0.0568 -0.9984
vn 0.0103 0.0673 -0.9977
vn 0.0109 0.0783 -0.9969
vn 0.0143 0.0874 -0.9961
vn 0.0184 0.1167 -0.9930
vn 0.0185 0.1170 -0.9930
vn 0.0788 0.2763 -0.9578
vn 0.0111 0.0811 -0.9966
vn 0.2197 0.6019 -0.7678
vn 0.0303 0.1168 -0.9927
vn 0.2205 -0.9465 -0.2356
vn 0.1923 -0.9606 -0.2009
vn 0.6361 0.2868 0.7163
vn -0.8172 -0.2155 -0.5345
vn 0.3904 -0.7807 0.4880
vn -0.5031 -0.8464 0.1747
vn -0.2692 -0.9631 -0.0000
vn -0.0976 -0.5551 -0.8261
vn -0.8355 -0.0230 -0.5489
vn 0.5590 -0.5151 0.6498
vn 0.6770 -0.4858 0.5529
vn 0.9033 -0.3382 0.2640
vn 0.4874 -0.4245 0.7631
vn 0.5800 -0.3993 0.7101
vn 0.3559 -0.5903 0.7245
vn 0.4393 -0.7457 0.5010
vn 0.8695 -0.3059 0.3878
vn 0.6670 0.2694 0.6947
vn 0.7452 -0.2652 0.6118
vn -0.1188 -0.9871 0.1076
vn 0.3879 0.8890 -0.2434
vn 0.4047 0.9056 -0.1271
vn 0.4004 0.9111 -0.0977
vn 0.0052 -0.9341 0.3570
vn 0.0294 -0.9125 0.4080
vn 0.0073 -0.9171 0.3985
vn 0.0195 -0.9153 0.4024
vn -0.0449 -0.9376 0.3447
vn 0.0091 -0.9368 0.3499
vn -0.0962 -0.9289 0.3577
vn -0.0307 -0.9552 0.2943
vn 0.7719 0.2618 -0.5793
vn -0.7248 0.2044 0.6579
vn 0.9709 0.2322 0.0583
vn -0.6529 0.7530 0.0820
vn 0.4059 0.9078 -0.1055
vn 0.4029 0.9034 -0.1467
vn 0.3781 0.8486 -0.3699
vn 0.3389 0.7642 -0.5488
vn 0.3433 0.7738 -0.5324
vn 0.3696 0.8159 -0.4447
vn 0.1553 0.3311 -0.9307
vn 0.1376 0.2955 -0.9454
vn 0.0356 0.0665 -0.9972
vn 0.0327 0.0612 -0.9976
vn 0.0126 0.0164 -0.9998
vn 0.0112 0.0143 -0.9998
vn 0.0100 0.0118 -0.9999
vn 0.0080 0.0095 -0.9999
vn 0.0092 0.0120 -0.9999
vn 0.0066 0.0088 -0.9999
vn 0.0072 0.0101 -0.9999
vn 0.0044 0.0060 -1.0000
vn 0.0046 0.0065 -1.0000
vn 0.0015 0.0016 -1.0000
vn 0.0016 0.0017 -1.0000
vn -0.0018 -0.0044 -1.0000
vn -0.0012 -0.0024 -1.0000
vn -0.0044 -0.0092 -0.9999
vn -0.0039 -0.0081 -1.0000
vn -0.0049 -0.0096 -0.9999
vn -0.0066 -0.0082 -0.9999
vn 0.0145 -0.0111 -0.9998
vn 0.0069 -0.0120 -0.9999
vn -0.0852 -0.6983 -0.7107
vn -0.0792 -0.7003 -0.7094
vn -0.0587 -0.3984 -0.9153
vn -0.0595 -0.3975 -0.9157
vn -0.0338 -0.2036 -0.9785
vn -0.0371 -0.2005 -0.9790
vn -0.0337 -0.1969 -0.9798
vn -0.0003 -0.0601 -0.9982
vn -0.0101 -0.0536 -0.9985
vn 0.0214 -0.0159 -0.9996
vn 0.0125 -0.0105 -0.9999
vn 0.0155 -0.0089 -0.9998
vn 0.0152 -0.0155 -0.9998
vn 0.0138 -0.0149 -0.9998
vn 0.0133 -0.0214 -0.9997
vn 0.0095 -0.0206 -0.9997
vn 0.0010 -0.0244 -0.9997
vn 0.0008 -0.0244 -0.9997
vn -0.0015 -0.0252 -0.9997
vn -0.0010 -0.0146 -0.9999
vn 0.0074 -0.0138 -0.9999
vn -0.0009 -0.0146 -0.9999
vn 0.0025 -0.9350 0.3547
vn -0.0008 -0.9351 0.3543
vn 0.0061 -0.9343 0.3564
vn 0.0003 -0.9358 0.3526
vn 0.0023 -0.9354 0.3537
vn -0.0011 -0.9578 0.2874
vn 0.0004 -0.9577 0.2878
vn 0.0012 -0.9577 0.2879
vn -0.0002 -0.9577 0.2877
vn -0.0007 -0.9855 0.1695
vn -0.0003 -0.9855 0.1696
vn -0.0041 -0.9858 0.1678
vn -0.0005 -0.9857 0.1686
vn -0.0079 -0.9939 -0.1099
vn -0.0288 -0.9931 -0.1138
vn -0.0077 -0.9934 -0.1148
vn -0.0289 -0.9931 -0.1138
vn -0.0332 -0.9251 -0.3783
vn -0.0321 -0.9252 -0.3782
vn -0.0670 -0.9179 -0.3912
vn -0.0406 -0.9224 -0.3842
vn -0.0667 -0.8560 -0.5127
vn -0.0871 -0.8561 -0.5095
vn -0.2151 -0.5752 -0.7892
vn -0.2016 -0.5583 -0.8048
vn -0.2214 -0.6215 -0.7514
vn -0.3112 -0.7777 -0.5462
vn -0.1553 -0.5425 -0.8256
vn -0.2444 -0.6927 -0.6785
vn -0.0978 -0.1865 -0.9776
vn -0.1169 -0.2275 -0.9667
vn -0.0777 -0.1558 -0.9847
vn -0.0970 -0.1957 -0.9759
vn -0.0421 -0.0477 -0.9980
vn -0.0397 -0.0408 -0.9984
vn -0.0358 -0.0397 -0.9986
vn -0.0419 -0.0439 -0.9982
vn -0.0401 -0.0413 -0.9983
vn -0.0411 -0.0429 -0.9982
vn -0.0215 0.0055 -0.9998
vn -0.0096 0.0174 -0.9998
vn -0.0177 0.0082 -0.9998
vn -0.0134 0.0133 -0.9998
vn -0.0061 0.0195 -0.9998
vn -0.0096 0.0172 -0.9998
vn -0.0060 0.0169 -0.9998
vn -0.0065 0.0166 -0.9998
vn -0.0077 0.0077 -0.9999
vn 0.0025 0.0177 -0.9998
vn -0.0065 0.0081 -0.9999
vn -0.0046 0.0109 -0.9999
vn 0.0189 -0.0083 -0.9998
vn -0.0039 -0.0022 -1.0000
vn 0.0011 0.0069 -1.0000
vn -0.0070 -0.0045 -1.0000
vn -0.0044 -0.0006 -1.0000
vn 0.0231 -0.0024 -0.9997
vn 0.0277 -0.0013 -0.9996
vn 0.0246 -0.0021 -0.9997
vn 0.0281 -0.0013 -0.9996
vn 0.0247 -0.0014 -0.9997
vn 0.0243 -0.0015 -0.9997
vn -0.0046 -0.0093 -0.9999
vn 0.0250 0.0004 -0.9997
vn 0.0410 0.0015 -0.9992
vn 0.0413 0.0025 -0.9991
vn 0.0236 0.0009 -0.9997
vn 0.0297 0.0020 -0.9996
vn 0.0070 0.0019 -1.0000
vn 0.0014 0.0026 -1.0000
vn 0.0262 0.0028 -0.9997
vn 0.0238 0.0026 -0.9997
vn 0.0273 0.0033 -0.9996
vn 0.0229 0.0029 -0.9997
vn 0.0194 0.0021 -0.9998
vn 0.0196 0.0025 -0.9998
vn 0.0160 0.0019 -0.9999
vn 0.0165 0.0029 -0.9999
vn 0.0234 0.0032 -0.9997
vn 0.0094 0.0018 -1.0000
vn 0.0209 0.0019 -0.9998
vn 0.0109 0.0038 -0.9999
vn 0.0318 -0.0095 -0.9994
vn 0.0182 -0.0020 -0.9998
vn 0.0302 -0.0129 -0.9995
vn 0.0765 0.0124 -0.9970
vn 0.0811 0.0114 -0.9966
vn 0.0793 0.0114 -0.9968
vn 0.0567 0.0172 -0.9982
vn 0.1160 0.1312 -0.9845
vn 0.1180 0.1309 -0.9844
vn 0.2790 0.6471 -0.7095
vn 0.2816 0.6461 -0.7094
vn 0.3939 0.8937 -0.2148
vn 0.3490 0.9124 -0.2139
vn -0.0078 -0.9677 0.2520
vn -0.0711 -0.9628 0.2607
vn -0.0890 -0.9376 0.3361
vn -0.0340 -0.9622 0.2701
vn -0.0276 -0.9527 0.3027
vn -0.0819 -0.9497 0.3024
vn -0.0277 -0.9527 0.3027
vn -0.0147 -0.9551 0.2959
vn 0.0218 -0.9481 0.3172
vn -0.0054 -0.9484 0.3172
vn -0.1142 -0.9208 0.3728
vn -0.0417 -0.9415 0.3343
vn -0.0972 -0.9251 0.3671
vn -0.0141 -0.9310 0.3649
vn -0.0442 -0.9247 0.3782
vn 0.0343 -0.9176 0.3961
vn 0.0233 -0.9183 0.3952
vn -0.0008 -0.9175 0.3978
vn -0.0313 -0.9081 0.4175
vn -0.0098 -0.9155 0.4022
vn -0.0201 -0.9093 0.4156
vn -0.0130 -0.9127 0.4084
vn -0.0096 -0.9120 0.4101
vn 0.0353 -0.9116 0.4095
vn -0.0010 -0.9278 0.3730
vn -0.0103 -0.9281 0.3722
vn -0.0001 -0.9279 0.3728
vn -0.0006 -0.9558 0.2942
vn -0.0002 -0.9558 0.2941
vn -0.0007 -0.9784 0.2067
vn -0.0005 -0.9784 0.2068
vn -0.0006 -0.9784 0.2067
vn -0.0026 -0.9957 0.0921
vn -0.0024 -0.9957 0.0923
vn -0.0025 -0.9957 0.0922
vn -0.0028 -0.9958 0.0920
vn -0.0027 -0.9957 0.0921
vn -0.0023 -0.9957 0.0922
vn 0.5180 0.8535 -0.0567
vn 0.4961 0.8668 -0.0506
vn 0.5333 0.8444 -0.0509
vn -0.0048 -0.9998 0.0193
vn -0.0048 -0.9998 0.0196
vn -0.0031 -0.9998 0.0206
vn -0.0222 -0.9998 0.0024
vn -0.0113 -0.9998 0.0147
vn -0.0596 -0.9974 -0.0392
vn -0.0420 -0.9990 -0.0133
vn -0.1486 -0.9825 -0.1119
vn -0.3021 -0.8721 -0.3851
vn -0.2905 -0.8756 -0.3859
vn -0.1490 -0.9464 -0.2865
vn -0.2854 -0.8802 -0.3793
vn 0.5252 0.8464 -0.0876
vn 0.4037 0.9107 -0.0870
vn 0.5229 -0.2164 0.8245
vn 0.4519 -0.2010 0.8691
vn -0.3427 -0.3471 -0.8730
vn 0.7401 -0.0219 -0.6721
vn 0.9941 0.0400 -0.1012
vn -0.0391 0.1377 -0.9897
vn 0.6284 0.0493 -0.7763
vn -0.0186 -0.0072 -0.9998
vn -0.1230 -0.0037 -0.9924
vn -0.0206 0.0063 -0.9998
vn -0.6964 0.0748 -0.7137
vn -0.9938 0.0053 -0.1114
vn -0.0568 0.2658 -0.9623
vn -0.8769 -0.1443 0.4585
vn 0.0602 -0.9407 0.3339
vn 1.0000 0.0090 -0.0039
vn 0.9999 0.0080 0.0061
vn 1.0000 0.0090 -0.0040
vn 1.0000 0.0053 0.0061
vn 1.0000 0.0066 -0.0025
vn 1.0000 -0.0009 -0.0000
vn 1.0000 0.0043 0.0061
vn 1.0000 0.0048 -0.0014
vn 1.0000 0.0034 -0.0010
vn 1.0000 0.0039 0.0061
vn 1.0000 0.0034 -0.0006
vn 1.0000 0.0025 0.0061
vn 1.0000 0.0022 0.0002
vn 0.9988 -0.0000 -0.0494
vn 1.0000 0.0018 0.0061
vn -0.7526 -0.0000 0.6585
vn 1.0000 -0.0000 0.0017
vn 1.0000 -0.0000 0.0040
vn 1.0000 0.0017 0.0054
vn 1.0000 0.0011 0.0004
vn 1.0000 0.0010 0.0008
vn 1.0000 0.0003 0.0014
vn 1.0000 -0.0000 0.0016
vn 1.0000 0.0013 0.0023
vn 1.0000 -0.0000 0.0041
vn -1.0000 -0.0000 -0.0081
vn 0.9946 0.0140 0.1025
vn 1.0000 -0.0000 0.0081
vn 1.0000 -0.0000 0.0082
vn 1.0000 -0.0030 0.0003
vn 1.0000 -0.0020 0.0036
vn -0.6110 0.2272 -0.7583
vn -0.7896 0.0177 -0.6133
vn -0.5462 0.3662 -0.7533
vn -0.7453 0.1702 -0.6447
vn -0.4818 0.4765 -0.7354
vn -0.6878 0.3054 -0.6585
vn -0.5982 0.2578 -0.7588
vn -0.5414 0.3261 -0.7749
vn -0.6135 0.2211 -0.7581
vn -0.5593 0.2917 -0.7759
vn -0.6262 0.1884 -0.7566
vn -0.5748 0.2603 -0.7758
vn -0.8917 -0.0456 -0.4503
vn -0.8127 -0.0902 -0.5756
vn -0.8127 -0.0902 -0.5757
vn -0.5809 0.4680 -0.6659
vn -0.7966 0.2466 -0.5519
vn -0.7795 -0.2819 -0.5593
vn -0.7796 -0.2819 -0.5593
vn 0.8141 0.0735 0.5760
vn 0.8942 0.1694 0.4145
vn -0.0000 0.8480 -0.5300
vn 0.8920 0.4460 0.0743
vn -0.0000 -0.3162 0.9487
vn -0.8127 -0.0901 -0.5757
vn -0.1612 0.9132 -0.3743
vn -0.8541 -0.1820 -0.4873
vn -0.6126 -0.6922 0.3817
vn -0.3210 -0.7970 0.5117
vn -0.8524 0.0431 -0.5211
vn -0.8418 0.0574 -0.5367
vn -0.9920 -0.0456 -0.1175
vn -0.8842 -0.0417 -0.4652
vn -0.8842 -0.0417 -0.4653
vn -0.4815 0.1478 -0.8639
vn 0.8582 0.1939 0.4753
vn 0.7976 0.1511 0.5839
s 0
usemtl black_spec.032
f 1//1 2//1 3//1
f 2//2 4//2 3//2
f 2//3 1//3 5//3
f 1//4 6//4 5//4
f 7//5 8//5 9//5
f 10//6 11//6 12//6
f 13//7 14//7 15//7
f 13//8 16//8 14//8
f 17//9 18//9 19//9
f 20//10 18//10 17//10
f 21//11 22//11 23//11
f 23//12 24//12 21//12
f 25//13 21//13 24//13
f 24//14 26//14 25//14
f 27//15 25//15 26//15
f 28//16 18//16 20//16
f 28//17 29//17 18//17
f 29//18 19//18 18//18
f 15//19 29//19 28//19
f 28//20 30//20 15//20
f 30//21 31//21 15//21
f 32//22 15//22 31//22
f 31//23 33//23 32//23
f 34//24 35//24 36//24
f 37//25 38//25 36//25
f 14//26 36//26 39//26
f 36//27 38//27 39//27
f 36//28 14//28 34//28
f 14//29 40//29 34//29
f 16//30 40//30 14//30
f 39//31 41//31 14//31
f 14//32 29//32 15//32
f 19//33 29//33 14//33
f 14//34 42//34 19//34
f 14//35 41//35 42//35
f 15//36 43//36 13//36
f 43//37 15//37 32//37
f 33//38 44//38 32//38
f 45//39 37//39 46//39
f 45//40 38//40 37//40
f 45//41 39//41 38//41
f 45//42 41//42 39//42
f 45//43 42//43 41//43
f 45//44 19//44 42//44
f 19//45 45//45 17//45
f 35//46 34//46 47//46
f 27//47 47//47 34//47
f 34//48 40//48 27//48
f 25//49 27//49 16//49
f 27//50 40//50 16//50
f 16//51 13//51 25//51
f 21//52 25//52 43//52
f 25//53 13//53 43//53
f 43//54 32//54 21//54
f 22//55 21//55 32//55
f 32//56 44//56 22//56
f 44//57 48//57 49//57
f 22//58 44//58 49//58
f 4//59 50//59 10//59
f 12//60 4//60 10//60
f 51//61 50//61 4//61
f 52//62 51//62 4//62
f 53//63 52//63 4//63
f 53//64 4//64 54//64
f 55//65 56//65 57//65
f 55//65 57//65 58//65
f 55//65 58//65 5//65
f 55//65 59//65 56//65
f 60//65 56//65 59//65
f 61//66 7//66 9//66
f 61//67 9//67 62//67
f 61//68 62//68 63//68
f 64//69 61//69 63//69
f 65//70 61//70 64//70
f 64//71 66//71 65//71
f 64//72 63//72 67//72
f 66//73 64//73 67//73
f 68//74 65//74 66//74
f 49//75 68//75 66//75
f 66//76 69//76 49//76
f 49//77 69//77 22//77
f 70//78 20//78 17//78
f 17//79 71//79 70//79
f 71//80 72//80 70//80
f 59//81 55//81 73//81
f 73//82 74//82 75//82
f 73//83 75//83 48//83
f 76//84 73//84 48//84
f 44//85 33//85 76//85
f 48//86 44//86 76//86
f 77//87 60//87 78//87
f 79//88 60//88 77//88
f 5//89 58//89 2//89
f 2//90 79//90 4//90
f 2//91 58//91 57//91
f 2//92 57//92 56//92
f 2//93 56//93 79//93
f 60//94 79//94 56//94
f 4//95 79//95 54//95
f 66//96 80//96 81//96
f 66//97 81//97 69//97
f 82//98 80//98 66//98
f 66//99 67//99 82//99
f 82//100 67//100 63//100
f 23//101 22//101 69//101
f 23//102 69//102 81//102
f 11//103 10//103 83//103
f 10//104 50//104 84//104
f 85//105 84//105 50//105
f 50//106 51//106 85//106
f 86//107 85//107 51//107
f 51//108 52//108 86//108
f 87//109 86//109 52//109
f 52//110 53//110 87//110
f 88//111 87//111 53//111
f 89//112 74//112 73//112
f 54//113 90//113 91//113
f 54//114 92//114 90//114
f 93//115 90//115 92//115
f 72//116 90//116 93//116
f 72//117 71//117 90//117
f 71//118 17//118 90//118
f 45//119 90//119 17//119
f 94//120 90//120 45//120
f 95//121 90//121 94//121
f 96//122 90//122 95//122
f 91//123 90//123 96//123
f 72//124 93//124 70//124
f 70//125 28//125 20//125
f 70//126 30//126 28//126
f 70//127 97//127 30//127
f 31//128 30//128 97//128
f 76//129 31//129 97//129
f 98//130 76//130 97//130
f 98//131 97//131 99//131
f 93//132 97//132 70//132
f 93//133 99//133 97//133
f 96//134 53//134 91//134
f 98//135 99//135 100//135
f 53//136 96//136 88//136
f 77//137 93//137 92//137
f 92//138 54//138 77//138
f 77//139 54//139 79//139
f 93//140 77//140 99//140
f 77//141 78//141 99//141
f 73//142 76//142 98//142
f 73//143 98//143 100//143
f 73//144 100//144 99//144
f 73//145 99//145 101//145
f 101//65 99//65 78//65
f 60//146 101//146 78//146
f 91//147 53//147 54//147
f 76//148 33//148 31//148
f 59//149 101//149 60//149
f 59//150 73//150 101//150
f 89//151 73//151 55//151
f 102//152 103//152 104//152
f 102//153 104//153 105//153
f 106//154 102//154 105//154
f 107//155 103//155 102//155
f 102//156 108//156 107//156
f 107//157 108//157 109//157
f 110//158 107//158 109//158
f 110//159 111//159 107//159
f 109//160 112//160 110//160
f 113//161 110//161 112//161
f 114//162 113//162 112//162
f 114//163 115//163 116//163
f 113//164 114//164 116//164
f 117//165 118//165 119//165
f 120//166 119//166 118//166
f 118//167 121//167 120//167
f 122//168 120//168 121//168
f 121//169 123//169 122//169
f 11//170 122//170 123//170
f 124//171 125//171 12//171
f 12//172 123//172 124//172
f 123//173 12//173 11//173
f 126//174 127//174 128//174
f 125//175 126//175 128//175
f 125//176 128//176 129//176
f 125//177 129//177 130//177
f 125//178 130//178 131//178
f 3//179 125//179 131//179
f 125//180 3//180 12//180
f 12//181 3//181 4//181
f 132//182 133//182 134//182
f 135//183 136//183 9//183
f 8//184 135//184 9//184
f 137//185 138//185 139//185
f 140//186 138//186 137//186
f 137//187 141//187 140//187
f 142//188 140//188 141//188
f 141//189 143//189 142//189
f 144//190 142//190 143//190
f 145//191 146//191 144//191
f 143//192 145//192 144//192
f 147//193 146//193 145//193
f 145//194 148//194 147//194
f 147//195 148//195 62//195
f 147//196 62//196 9//196
f 136//197 147//197 9//197
f 138//198 149//198 139//198
f 149//199 150//199 139//199
f 151//200 107//200 111//200
f 152//201 153//201 151//201
f 154//202 103//202 107//202
f 151//203 154//203 107//203
f 151//204 153//204 155//204
f 151//205 155//205 156//205
f 151//206 156//206 157//206
f 151//207 157//207 158//207
f 154//208 151//208 158//208
f 103//209 154//209 159//209
f 104//210 103//210 159//210
f 160//211 161//211 162//211
f 160//212 162//212 163//212
f 164//213 160//213 163//213
f 161//214 160//214 165//214
f 1//215 161//215 165//215
f 1//216 131//216 130//216
f 1//217 130//217 129//217
f 1//218 129//218 166//218
f 1//219 166//219 161//219
f 3//220 131//220 1//220
f 1//221 165//221 6//221
f 143//222 141//222 167//222
f 145//223 143//223 167//223
f 120//224 168//224 119//224
f 169//225 168//225 120//225
f 120//226 122//226 169//226
f 117//227 119//227 170//227
f 132//65 115//65 114//65
f 132//228 114//228 112//228
f 134//65 115//65 132//65
f 104//229 171//229 172//229
f 105//230 104//230 172//230
f 172//231 173//231 105//231
f 105//232 173//232 174//232
f 106//233 105//233 174//233
f 174//234 173//234 175//234
f 176//235 174//235 175//235
f 175//236 177//236 176//236
f 177//237 178//237 179//237
f 180//238 179//238 178//238
f 176//239 177//239 179//239
f 176//240 179//240 181//240
f 176//241 181//241 182//241
f 176//242 182//242 183//242
f 184//243 176//243 183//243
f 183//244 185//244 184//244
f 186//245 180//245 178//245
f 178//246 187//246 186//246
f 184//247 185//247 188//247
f 184//248 188//248 189//248
f 190//249 184//249 189//249
f 189//250 191//250 190//250
f 192//251 190//251 191//251
f 191//252 193//252 192//252
f 194//253 192//253 193//253
f 193//254 195//254 194//254
f 194//255 195//255 196//255
f 194//256 196//256 197//256
f 198//257 194//257 197//257
f 197//258 199//258 198//258
f 200//259 201//259 202//259
f 203//260 200//260 202//260
f 198//261 199//261 201//261
f 201//262 200//262 204//262
f 204//263 198//263 201//263
f 200//264 205//264 204//264
f 204//265 205//265 206//265
f 207//266 204//266 206//266
f 206//267 208//267 128//267
f 128//268 208//268 209//268
f 129//269 128//269 209//269
f 191//270 189//270 193//270
f 195//270 193//270 189//270
f 189//270 210//270 195//270
f 211//270 195//270 210//270
f 210//270 212//270 211//270
f 213//270 211//270 212//270
f 212//270 214//270 213//270
f 215//270 213//270 214//270
f 214//270 216//270 215//270
f 217//270 215//270 216//270
f 216//270 218//270 217//270
f 219//270 217//270 218//270
f 220//182 221//182 222//182
f 223//182 222//182 221//182
f 221//182 224//182 223//182
f 225//182 223//182 224//182
f 224//182 226//182 225//182
f 225//182 226//182 227//182
f 228//182 225//182 227//182
f 227//182 229//182 228//182
f 230//182 228//182 229//182
f 201//271 231//271 202//271
f 232//272 202//272 231//272
f 231//273 233//273 232//273
f 234//274 232//274 233//274
f 233//275 235//275 234//275
f 236//275 234//275 235//275
f 235//276 237//276 236//276
f 238//276 236//276 237//276
f 237//277 239//277 238//277
f 240//277 238//277 239//277
f 239//278 241//278 240//278
f 242//279 240//279 241//279
f 241//280 243//280 242//280
f 244//281 242//281 243//281
f 243//282 245//282 244//282
f 246//283 244//283 245//283
f 179//284 247//284 181//284
f 248//284 181//284 247//284
f 247//285 249//285 248//285
f 250//285 248//285 249//285
f 249//286 251//286 250//286
f 252//286 250//286 251//286
f 251//287 253//287 252//287
f 254//287 252//287 253//287
f 253//288 255//288 254//288
f 256//289 254//289 255//289
f 255//290 257//290 256//290
f 258//290 256//290 257//290
f 257//291 259//291 258//291
f 260//291 258//291 259//291
f 259//292 261//292 260//292
f 262//292 260//292 261//292
f 248//293 182//293 181//293
f 250//294 185//294 183//294
f 250//295 183//295 182//295
f 248//296 250//296 182//296
f 250//297 252//297 185//297
f 263//298 189//298 188//298
f 263//299 188//299 185//299
f 185//300 252//300 254//300
f 263//301 185//301 254//301
f 210//302 189//302 263//302
f 254//303 256//303 263//303
f 263//304 256//304 258//304
f 264//305 263//305 258//305
f 264//306 212//306 210//306
f 263//307 264//307 210//307
f 214//308 212//308 264//308
f 258//309 260//309 264//309
f 265//310 216//310 214//310
f 264//311 265//311 214//311
f 264//312 260//312 262//312
f 264//313 262//313 266//313
f 265//314 264//314 266//314
f 216//315 265//315 267//315
f 218//316 216//316 267//316
f 201//317 199//317 231//317
f 233//318 231//318 199//318
f 199//319 197//319 233//319
f 233//320 197//320 268//320
f 235//321 233//321 268//321
f 269//322 237//322 235//322
f 268//323 269//323 235//323
f 196//324 195//324 269//324
f 269//325 268//325 196//325
f 195//326 211//326 269//326
f 239//327 237//327 269//327
f 269//328 211//328 213//328
f 270//329 269//329 213//329
f 270//330 241//330 239//330
f 269//331 270//331 239//331
f 213//332 215//332 270//332
f 243//333 241//333 270//333
f 270//334 215//334 217//334
f 217//335 219//335 270//335
f 270//336 219//336 271//336
f 272//337 270//337 271//337
f 270//338 272//338 243//338
f 243//339 272//339 273//339
f 245//340 243//340 273//340
f 179//341 274//341 247//341
f 249//342 247//342 274//342
f 274//343 275//343 249//343
f 251//344 249//344 275//344
f 275//345 276//345 251//345
f 253//346 251//346 276//346
f 277//347 255//347 253//347
f 276//348 277//348 253//348
f 278//349 222//349 277//349
f 279//350 278//350 277//350
f 280//351 279//351 277//351
f 277//352 276//352 280//352
f 222//353 223//353 277//353
f 257//354 255//354 277//354
f 277//355 223//355 225//355
f 277//356 225//356 228//356
f 277//357 228//357 230//357
f 277//358 230//358 281//358
f 282//359 277//359 281//359
f 282//360 259//360 257//360
f 277//361 282//361 257//361
f 259//362 282//362 283//362
f 261//363 259//363 283//363
f 104//364 159//364 171//364
f 284//364 171//364 159//364
f 159//365 154//365 284//365
f 285//366 284//366 154//366
f 154//367 158//367 285//367
f 286//367 285//367 158//367
f 158//368 157//368 286//368
f 287//369 286//369 157//369
f 157//370 156//370 287//370
f 288//370 287//370 156//370
f 209//371 289//371 129//371
f 166//371 129//371 289//371
f 289//372 290//372 166//372
f 161//373 166//373 290//373
f 290//374 291//374 161//374
f 162//374 161//374 291//374
f 291//375 292//375 162//375
f 163//375 162//375 292//375
f 292//376 293//376 163//376
f 164//376 163//376 293//376
f 200//377 294//377 205//377
f 289//378 209//378 208//378
f 295//379 206//379 205//379
f 206//380 295//380 208//380
f 208//381 296//381 289//381
f 296//382 208//382 295//382
f 205//383 297//383 295//383
f 297//384 205//384 294//384
f 298//385 295//385 297//385
f 295//386 298//386 296//386
f 290//387 289//387 296//387
f 296//388 299//388 290//388
f 299//389 296//389 298//389
f 294//390 300//390 297//390
f 301//391 298//391 297//391
f 298//392 301//392 299//392
f 291//393 290//393 299//393
f 302//394 299//394 301//394
f 299//395 302//395 291//395
f 300//396 303//396 297//396
f 297//397 304//397 301//397
f 304//398 297//398 303//398
f 292//399 291//399 302//399
f 301//400 305//400 302//400
f 305//401 301//401 304//401
f 306//402 304//402 303//402
f 304//403 306//403 305//403
f 293//404 292//404 302//404
f 305//405 307//405 302//405
f 302//406 307//406 293//406
f 308//407 309//407 310//407
f 311//408 178//408 177//408
f 311//409 177//409 312//409
f 310//410 311//410 312//410
f 311//411 310//411 309//411
f 187//412 178//412 311//412
f 309//413 313//413 311//413
f 314//414 311//414 313//414
f 314//415 315//415 316//415
f 316//416 187//416 311//416
f 317//417 314//417 313//417
f 313//418 318//418 317//418
f 319//419 320//419 317//419
f 318//420 319//420 317//420
f 321//421 320//421 319//421
f 319//422 322//422 321//422
f 321//423 294//423 203//423
f 321//424 322//424 303//424
f 321//425 303//425 300//425
f 294//426 321//426 300//426
f 200//427 203//427 294//427
f 171//428 284//428 172//428
f 323//429 172//429 284//429
f 172//430 323//430 173//430
f 312//431 177//431 175//431
f 175//432 324//432 312//432
f 324//433 175//433 173//433
f 173//434 325//434 324//434
f 325//435 173//435 323//435
f 323//436 326//436 325//436
f 326//437 323//437 284//437
f 284//438 285//438 326//438
f 310//439 312//439 324//439
f 324//440 327//440 310//440
f 327//441 324//441 325//441
f 328//442 325//442 326//442
f 325//443 328//443 327//443
f 329//444 326//444 285//444
f 326//445 329//445 328//445
f 285//446 286//446 329//446
f 308//447 310//447 327//447
f 330//448 327//448 328//448
f 327//449 330//449 308//449
f 331//450 328//450 329//450
f 328//451 331//451 330//451
f 332//452 329//452 286//452
f 329//453 332//453 331//453
f 333//454 308//454 330//454
f 333//455 330//455 331//455
f 286//456 287//456 332//456
f 334//457 331//457 332//457
f 331//458 334//458 333//458
f 287//459 288//459 332//459
f 335//460 332//460 288//460
f 332//461 335//461 334//461
f 336//462 316//462 315//462
f 337//463 316//463 336//463
f 336//464 338//464 337//464
f 339//465 337//465 338//465
f 338//466 340//466 339//466
f 339//467 340//467 220//467
f 339//468 220//468 222//468
f 174//182 176//182 184//182
f 174//182 184//182 190//182
f 174//182 190//182 192//182
f 174//182 192//182 194//182
f 174//182 194//182 198//182
f 174//182 198//182 204//182
f 207//182 174//182 204//182
f 207//469 126//469 125//469
f 207//469 125//469 124//469
f 207//469 124//469 123//469
f 207//469 123//469 121//469
f 207//469 121//469 118//469
f 207//469 118//469 117//469
f 117//469 170//469 133//469
f 207//469 117//469 133//469
f 207//469 133//469 132//469
f 207//469 132//469 112//469
f 207//469 112//469 109//469
f 207//469 109//469 108//469
f 207//469 108//469 102//469
f 207//469 102//469 106//469
f 174//469 207//469 106//469
f 127//469 126//469 207//469
f 197//270 196//270 268//270
f 315//470 314//470 317//470
f 317//471 320//471 315//471
f 311//472 314//472 316//472
f 222//473 278//473 339//473
f 316//474 337//474 339//474
f 278//475 316//475 339//475
f 278//476 279//476 316//476
f 279//477 280//477 316//477
f 187//478 316//478 280//478
f 187//479 280//479 276//479
f 187//480 276//480 275//480
f 186//481 187//481 275//481
f 186//482 275//482 274//482
f 180//483 186//483 274//483
f 179//484 180//484 274//484
f 202//485 341//485 342//485
f 342//486 341//486 343//486
f 343//487 341//487 344//487
f 343//488 344//488 345//488
f 345//489 344//489 346//489
f 345//490 346//490 347//490
f 345//491 347//491 348//491
f 349//492 348//492 347//492
f 350//493 348//493 349//493
f 350//494 351//494 348//494
f 348//495 351//495 352//495
f 353//496 351//496 350//496
f 321//497 348//497 320//497
f 351//498 353//498 220//498
f 351//499 220//499 340//499
f 338//500 351//500 340//500
f 351//501 338//501 352//501
f 336//502 352//502 338//502
f 352//503 336//503 348//503
f 336//504 315//504 348//504
f 348//505 321//505 345//505
f 320//506 348//506 315//506
f 345//507 321//507 203//507
f 246//508 354//508 244//508
f 244//509 354//509 355//509
f 356//510 242//510 355//510
f 355//511 242//511 244//511
f 355//512 357//512 356//512
f 356//513 357//513 229//513
f 356//514 229//514 227//514
f 356//515 227//515 358//515
f 356//516 358//516 359//516
f 242//517 356//517 240//517
f 353//518 356//518 359//518
f 356//519 347//519 346//519
f 347//520 356//520 349//520
f 349//521 356//521 350//521
f 350//522 356//522 353//522
f 346//523 238//523 356//523
f 356//524 238//524 240//524
f 238//525 346//525 236//525
f 344//526 236//526 346//526
f 236//527 344//527 234//527
f 341//528 234//528 344//528
f 234//529 341//529 232//529
f 202//530 232//530 341//530
f 224//182 358//182 226//182
f 358//182 224//182 359//182
f 221//182 359//182 224//182
f 359//182 221//182 353//182
f 220//182 353//182 221//182
f 203//531 343//531 345//531
f 343//532 203//532 342//532
f 342//533 203//533 202//533
f 226//182 358//182 227//182
f 128//534 207//534 206//534
f 127//535 207//535 128//535
f 170//182 168//182 133//182
f 170//536 119//536 168//536
f 360//270 219//270 361//270
f 362//270 360//270 361//270
f 363//270 364//270 361//270
f 365//270 366//270 362//270
f 361//537 367//537 363//537
f 368//538 362//538 366//538
f 369//539 363//539 367//539
f 366//540 370//540 368//540
f 367//541 371//541 369//541
f 372//542 368//542 370//542
f 373//270 369//270 371//270
f 370//270 374//270 372//270
f 375//270 372//270 374//270
f 371//270 376//270 373//270
f 374//270 377//270 375//270
f 378//270 373//270 376//270
f 375//270 377//270 379//270
f 380//270 375//270 379//270
f 381//270 382//270 378//270
f 376//270 381//270 378//270
f 383//270 382//270 381//270
f 379//270 383//270 380//270
f 384//270 380//270 383//270
f 385//270 384//270 383//270
f 381//270 385//270 383//270
f 386//543 246//543 387//543
f 388//544 389//544 262//544
f 390//545 367//545 267//545
f 391//546 390//546 265//546
f 391//547 262//547 389//547
f 392//548 391//548 389//548
f 362//270 219//270 360//270
f 219//549 362//549 393//549
f 393//550 394//550 271//550
f 394//551 395//551 272//551
f 395//552 387//552 273//552
f 386//553 396//553 246//553
f 396//554 397//554 355//554
f 397//555 398//555 357//555
f 399//556 400//556 230//556
f 400//557 401//557 282//557
f 401//558 388//558 283//558
f 402//270 377//270 374//270
f 379//270 377//270 402//270
f 383//270 379//270 402//270
f 382//270 383//270 402//270
f 378//270 382//270 402//270
f 373//270 378//270 402//270
f 402//270 369//270 373//270
f 363//270 369//270 402//270
f 364//270 363//270 402//270
f 365//270 364//270 402//270
f 366//270 365//270 402//270
f 370//270 366//270 402//270
f 374//270 370//270 402//270
f 403//559 367//559 390//559
f 390//560 391//560 403//560
f 404//561 403//561 391//561
f 391//562 392//562 404//562
f 393//563 405//563 394//563
f 395//564 394//564 405//564
f 405//565 406//565 395//565
f 395//566 406//566 387//566
f 407//567 371//567 367//567
f 403//568 407//568 367//568
f 404//569 392//569 407//569
f 403//570 404//570 407//570
f 392//571 408//571 407//571
f 376//572 371//572 407//572
f 409//573 407//573 408//573
f 409//574 381//574 376//574
f 407//575 409//575 376//575
f 408//576 410//576 409//576
f 385//577 381//577 409//577
f 409//578 410//578 411//578
f 412//579 409//579 411//579
f 409//580 412//580 385//580
f 384//581 385//581 412//581
f 411//582 413//582 412//582
f 414//583 412//583 413//583
f 412//584 414//584 384//584
f 380//585 384//585 414//585
f 413//586 415//586 414//586
f 416//587 375//587 380//587
f 414//588 416//588 380//588
f 416//589 414//589 415//589
f 372//590 375//590 416//590
f 415//591 387//591 416//591
f 405//592 368//592 372//592
f 416//593 405//593 372//593
f 416//594 387//594 406//594
f 416//595 406//595 405//595
f 393//596 368//596 405//596
f 368//597 393//597 362//597
f 230//182 398//182 399//182
f 399//182 417//182 418//182
f 398//182 417//182 399//182
f 392//598 389//598 388//598
f 387//599 415//599 419//599
f 419//600 386//600 387//600
f 410//601 408//601 420//601
f 420//601 421//601 410//601
f 411//602 410//602 421//602
f 421//602 422//602 411//602
f 422//603 423//603 413//603
f 413//603 411//603 422//603
f 423//604 419//604 415//604
f 415//604 413//604 423//604
f 408//605 392//605 388//605
f 388//606 420//606 408//606
f 401//607 420//607 388//607
f 400//608 420//608 401//608
f 418//609 421//609 420//609
f 418//610 422//610 421//610
f 418//611 417//611 422//611
f 417//612 423//612 422//612
f 419//613 423//613 417//613
f 396//614 386//614 419//614
f 396//615 419//615 397//615
f 361//270 365//270 362//270
f 361//270 364//270 365//270
f 361//616 267//616 367//616
f 400//617 418//617 420//617
f 399//556 418//556 400//556
f 398//618 397//618 417//618
f 397//619 419//619 417//619
f 113//620 424//620 111//620
f 110//621 113//621 111//621
f 425//182 134//182 133//182
f 426//622 137//622 139//622
f 150//623 427//623 139//623
f 151//624 111//624 424//624
f 151//625 428//625 152//625
f 137//626 426//626 429//626
f 429//627 430//627 137//627
f 116//628 115//628 134//628
f 245//629 387//629 246//629
f 229//182 398//182 230//182
f 261//544 388//544 262//544
f 267//630 265//630 390//630
f 265//631 266//631 391//631
f 391//632 266//632 262//632
f 271//633 219//633 393//633
f 272//634 271//634 394//634
f 273//635 272//635 395//635
f 245//636 273//636 387//636
f 396//637 354//637 246//637
f 355//638 354//638 396//638
f 357//639 355//639 397//639
f 229//640 357//640 398//640
f 400//641 281//641 230//641
f 282//642 281//642 400//642
f 283//643 282//643 401//643
f 261//644 283//644 388//644
f 361//270 219//270 218//270
f 218//645 267//645 361//645
f 431//646 432//646 433//646
f 139//647 434//647 435//647
f 426//648 139//648 435//648
f 436//649 437//649 438//649
f 436//650 439//650 437//650
f 440//651 441//651 442//651
f 442//652 441//652 443//652
f 443//653 441//653 444//653
f 444//654 441//654 445//654
f 445//655 441//655 446//655
f 446//656 441//656 447//656
f 444//657 448//657 443//657
f 449//658 450//658 448//658
f 448//659 450//659 451//659
f 437//660 451//660 450//660
f 452//661 451//661 437//661
f 453//662 452//662 437//662
f 452//663 454//663 451//663
f 443//664 448//664 451//664
f 443//665 451//665 454//665
f 455//666 456//666 457//666
f 446//667 456//667 455//667
f 437//668 439//668 453//668
f 425//669 116//669 134//669
f 458//670 116//670 425//670
f 459//671 458//671 425//671
f 460//672 459//672 425//672
f 425//673 447//673 460//673
f 441//674 460//674 447//674
f 456//675 446//675 447//675
f 461//676 462//676 463//676
f 433//677 462//677 461//677
f 461//678 464//678 433//678
f 465//679 433//679 464//679
f 464//680 466//680 465//680
f 466//681 435//681 465//681
f 466//682 467//682 435//682
f 426//683 435//683 467//683
f 468//684 426//684 467//684
f 469//685 470//685 471//685
f 470//686 472//686 471//686
f 473//687 469//687 471//687
f 471//688 474//688 473//688
f 475//689 473//689 474//689
f 474//690 476//690 475//690
f 477//691 475//691 476//691
f 476//692 478//692 477//692
f 479//693 477//693 478//693
f 478//694 480//694 479//694
f 481//695 479//695 480//695
f 480//696 463//696 481//696
f 481//697 463//697 462//697
f 429//698 426//698 468//698
f 482//699 483//699 484//699
f 483//700 482//700 485//700
f 486//701 487//701 483//701
f 488//702 489//702 490//702
f 491//703 490//703 489//703
f 491//704 438//704 490//704
f 491//705 492//705 438//705
f 491//706 493//706 492//706
f 491//707 494//707 493//707
f 495//708 494//708 491//708
f 496//709 491//709 497//709
f 491//710 489//710 497//710
f 491//711 496//711 495//711
f 496//712 498//712 495//712
f 497//713 499//713 496//713
f 500//714 498//714 496//714
f 496//715 483//715 500//715
f 483//716 501//716 500//716
f 483//717 487//717 501//717
f 496//718 484//718 483//718
f 496//719 499//719 484//719
f 490//720 449//720 488//720
f 450//721 449//721 490//721
f 437//722 450//722 490//722
f 490//723 438//723 437//723
f 438//724 492//724 502//724
f 502//725 436//725 438//725
f 503//726 440//726 442//726
f 504//727 442//727 443//727
f 442//728 504//728 503//728
f 443//729 454//729 504//729
f 504//730 505//730 503//730
f 503//731 505//731 506//731
f 428//732 507//732 152//732
f 428//733 151//733 424//733
f 428//734 440//734 503//734
f 428//735 508//735 440//735
f 428//736 424//736 508//736
f 428//737 503//737 507//737
f 503//738 506//738 507//738
f 509//739 510//739 511//739
f 512//740 511//740 510//740
f 512//741 452//741 453//741
f 512//742 510//742 452//742
f 453//743 513//743 512//743
f 453//744 514//744 513//744
f 453//745 515//745 514//745
f 516//746 515//746 439//746
f 515//747 453//747 439//747
f 439//748 436//748 516//748
f 517//749 516//749 436//749
f 436//750 502//750 517//750
f 492//751 517//751 502//751
f 449//752 448//752 445//752
f 444//753 445//753 448//753
f 518//754 519//754 484//754
f 484//755 499//755 518//755
f 499//755 457//755 518//755
f 499//756 455//756 457//756
f 446//757 455//757 489//757
f 455//758 497//758 489//758
f 455//759 499//759 497//759
f 446//760 489//760 445//760
f 489//761 488//761 445//761
f 449//762 445//762 488//762
f 520//270 478//270 476//270
f 520//270 480//270 478//270
f 463//270 480//270 520//270
f 520//270 461//270 463//270
f 520//270 464//270 461//270
f 520//270 466//270 464//270
f 520//270 467//270 466//270
f 520//270 468//270 467//270
f 482//763 484//763 519//763
f 433//764 432//764 462//764
f 434//765 433//765 465//765
f 465//766 435//766 434//766
f 433//767 434//767 431//767
f 434//768 521//768 431//768
f 522//769 521//769 434//769
f 522//770 434//770 139//770
f 427//771 522//771 139//771
f 510//772 505//772 452//772
f 506//544 505//544 510//544
f 510//544 509//544 506//544
f 447//773 425//773 133//773
f 440//774 460//774 441//774
f 460//775 440//775 508//775
f 460//776 508//776 459//776
f 508//777 458//777 459//777
f 113//778 458//778 508//778
f 458//779 113//779 116//779
f 508//780 424//780 113//780
f 462//781 432//781 481//781
f 514//782 515//782 523//782
f 432//783 523//783 515//783
f 515//784 516//784 432//784
f 516//785 481//785 432//785
f 479//786 481//786 492//786
f 481//787 517//787 492//787
f 481//788 516//788 517//788
f 492//789 493//789 479//789
f 477//790 479//790 493//790
f 493//791 494//791 477//791
f 475//792 477//792 495//792
f 477//793 494//793 495//793
f 495//794 498//794 475//794
f 473//795 475//795 498//795
f 498//796 500//796 473//796
f 469//797 473//797 501//797
f 473//798 500//798 501//798
f 501//799 487//799 469//799
f 470//800 469//800 487//800
f 524//801 447//801 133//801
f 447//802 524//802 456//802
f 84//803 83//803 10//803
f 83//804 525//804 11//804
f 526//805 62//805 527//805
f 63//806 62//806 526//806
f 526//807 528//807 63//807
f 528//808 82//808 63//808
f 148//809 527//809 62//809
f 148//810 529//810 527//810
f 23//270 81//270 520//270
f 520//270 526//270 527//270
f 520//270 528//270 526//270
f 520//270 82//270 528//270
f 520//270 80//270 82//270
f 520//270 81//270 80//270
f 527//270 529//270 520//270
f 529//270 530//270 520//270
f 167//811 520//811 530//811
f 456//812 88//812 96//812
f 456//813 87//813 88//813
f 456//814 86//814 87//814
f 456//815 85//815 86//815
f 456//816 84//816 85//816
f 456//817 83//817 84//817
f 456//818 525//818 83//818
f 456//819 169//819 525//819
f 531//820 532//820 35//820
f 47//821 531//821 35//821
f 533//822 534//822 532//822
f 531//823 533//823 532//823
f 535//824 534//824 533//824
f 536//825 537//825 535//825
f 533//826 536//826 535//826
f 536//827 538//827 537//827
f 456//828 96//828 95//828
f 456//829 95//829 94//829
f 539//830 540//830 541//830
f 541//831 542//831 539//831
f 539//832 542//832 485//832
f 543//833 539//833 485//833
f 544//834 46//834 37//834
f 37//834 545//834 544//834
f 545//835 541//835 544//835
f 540//836 544//836 541//836
f 546//837 534//837 535//837
f 547//838 546//838 535//838
f 547//839 542//839 541//839
f 547//840 541//840 546//840
f 535//841 537//841 547//841
f 547//842 537//842 548//842
f 547//843 486//843 542//843
f 546//844 545//844 37//844
f 36//845 546//845 37//845
f 36//846 35//846 532//846
f 36//847 532//847 534//847
f 36//848 534//848 546//848
f 545//849 546//849 541//849
f 538//850 536//850 549//850
f 531//851 550//851 551//851
f 533//852 531//852 551//852
f 531//853 47//853 550//853
f 552//854 550//854 47//854
f 47//855 27//855 552//855
f 26//856 552//856 27//856
f 94//857 45//857 456//857
f 456//858 45//858 46//858
f 536//859 553//859 549//859
f 533//860 553//860 536//860
f 533//861 551//861 553//861
f 520//270 26//270 24//270
f 520//270 24//270 23//270
f 141//862 137//862 430//862
f 430//863 167//863 141//863
f 167//864 530//864 145//864
f 148//865 145//865 530//865
f 530//866 529//866 148//866
f 525//867 169//867 122//867
f 122//868 11//868 525//868
f 549//869 554//869 538//869
f 470//870 538//870 554//870
f 472//871 470//871 554//871
f 486//872 483//872 485//872
f 486//873 555//873 487//873
f 486//874 548//874 555//874
f 486//875 485//875 542//875
f 486//876 547//876 548//876
f 429//270 468//270 520//270
f 430//270 429//270 520//270
f 520//877 167//877 430//877
f 519//878 556//878 482//878
f 485//879 482//879 556//879
f 556//880 543//880 485//880
f 555//881 470//881 487//881
f 538//882 470//882 548//882
f 470//883 555//883 548//883
f 538//884 548//884 537//884
f 524//182 133//182 168//182
f 524//182 168//182 169//182
f 524//885 169//885 456//885
f 557//1 558//1 559//1
f 558//2 560//2 559//2
f 558//886 557//886 561//886
f 562//5 563//5 564//5
f 565//6 566//6 567//6
f 568//7 569//7 570//7
f 568//887 571//887 569//887
f 572//9 573//9 574//9
f 575//10 573//10 572//10
f 576//11 577//11 578//11
f 578//12 579//12 576//12
f 580//13 576//13 579//13
f 579//14 581//14 580//14
f 582//15 580//15 581//15
f 583//888 573//888 575//888
f 583//17 584//17 573//17
f 584//18 574//18 573//18
f 570//889 584//889 583//889
f 583//20 585//20 570//20
f 585//890 586//890 570//890
f 587//891 570//891 586//891
f 586//23 588//23 587//23
f 589//24 590//24 591//24
f 592//25 593//25 591//25
f 569//892 591//892 594//892
f 591//893 593//893 594//893
f 591//28 569//28 589//28
f 569//29 595//29 589//29
f 571//894 595//894 569//894
f 594//895 596//895 569//895
f 569//896 584//896 570//896
f 574//33 584//33 569//33
f 569//897 597//897 574//897
f 569//898 596//898 597//898
f 570//36 598//36 568//36
f 598//37 570//37 587//37
f 588//38 599//38 587//38
f 600//39 592//39 601//39
f 600//40 593//40 592//40
f 600//41 594//41 593//41
f 600//42 596//42 594//42
f 600//43 597//43 596//43
f 600//44 574//44 597//44
f 574//45 600//45 572//45
f 590//46 589//46 602//46
f 582//899 602//899 589//899
f 589//48 595//48 582//48
f 580//900 582//900 571//900
f 582//50 595//50 571//50
f 571//901 568//901 580//901
f 576//52 580//52 598//52
f 580//53 568//53 598//53
f 598//54 587//54 576//54
f 577//55 576//55 587//55
f 587//902 599//902 577//902
f 599//57 603//57 604//57
f 577//903 599//903 604//903
f 560//904 605//904 565//904
f 567//60 560//60 565//60
f 606//61 605//61 560//61
f 607//62 606//62 560//62
f 608//905 607//905 560//905
f 608//64 560//64 609//64
f 610//65 611//65 612//65
f 610//65 612//65 613//65
f 610//906 613//906 561//906
f 610//65 614//65 611//65
f 615//65 611//65 614//65
f 616//66 562//66 564//66
f 616//67 564//67 617//67
f 616//68 617//68 618//68
f 619//69 616//69 618//69
f 620//70 616//70 619//70
f 619//71 621//71 620//71
f 619//72 618//72 622//72
f 621//73 619//73 622//73
f 623//907 620//907 621//907
f 604//75 623//75 621//75
f 621//908 624//908 604//908
f 604//77 624//77 577//77
f 625//78 575//78 572//78
f 572//79 626//79 625//79
f 626//80 627//80 625//80
f 614//81 610//81 628//81
f 628//82 629//82 630//82
f 628//909 630//909 603//909
f 631//84 628//84 603//84
f 599//85 588//85 631//85
f 603//86 599//86 631//86
f 632//910 633//910 615//910
f 634//911 615//911 633//911
f 561//912 613//912 558//912
f 558//90 634//90 560//90
f 558//91 613//91 612//91
f 558//913 612//913 611//913
f 558//914 611//914 634//914
f 615//915 634//915 611//915
f 560//95 634//95 609//95
f 621//96 635//96 636//96
f 621//97 636//97 624//97
f 637//98 635//98 621//98
f 621//99 622//99 637//99
f 637//100 622//100 618//100
f 578//101 577//101 624//101
f 578//102 624//102 636//102
f 566//103 565//103 638//103
f 565//104 605//104 639//104
f 640//105 639//105 605//105
f 605//106 606//106 640//106
f 641//107 640//107 606//107
f 606//108 607//108 641//108
f 642//109 641//109 607//109
f 607//110 608//110 642//110
f 643//111 642//111 608//111
f 644//112 629//112 628//112
f 609//113 645//113 646//113
f 609//114 647//114 645//114
f 648//115 645//115 647//115
f 627//116 645//116 648//116
f 627//117 626//117 645//117
f 626//118 572//118 645//118
f 600//119 645//119 572//119
f 649//120 645//120 600//120
f 650//121 645//121 649//121
f 651//916 645//916 650//916
f 646//123 645//123 651//123
f 627//124 648//124 625//124
f 625//917 583//917 575//917
f 625//918 585//918 583//918
f 625//127 652//127 585//127
f 586//128 585//128 652//128
f 631//129 586//129 652//129
f 653//130 631//130 652//130
f 653//919 652//919 654//919
f 648//132 652//132 625//132
f 648//133 654//133 652//133
f 651//134 608//134 646//134
f 608//136 651//136 643//136
f 633//137 648//137 647//137
f 647//138 609//138 633//138
f 633//139 609//139 634//139
f 648//140 633//140 654//140
f 633//920 632//920 654//920
f 628//142 631//142 653//142
f 628//921 653//921 654//921
f 628//145 654//145 655//145
f 655//65 654//65 632//65
f 655//922 632//922 615//922
f 646//147 608//147 609//147
f 631//148 588//148 586//148
f 614//923 655//923 615//923
f 614//150 628//150 655//150
f 644//924 628//924 610//924
f 656//152 657//152 658//152
f 656//925 658//925 659//925
f 660//154 656//154 659//154
f 661//926 657//926 656//926
f 656//156 662//156 661//156
f 661//157 662//157 663//157
f 664//158 661//158 663//158
f 664//159 665//159 661//159
f 663//160 666//160 664//160
f 667//161 664//161 666//161
f 668//162 667//162 666//162
f 668//163 669//163 670//163
f 667//164 668//164 670//164
f 671//165 672//165 673//165
f 674//166 673//166 672//166
f 672//167 675//167 674//167
f 676//168 674//168 675//168
f 675//927 677//927 676//927
f 566//928 676//928 677//928
f 678//171 679//171 567//171
f 567//172 677//172 678//172
f 677//929 567//929 566//929
f 680//174 681//174 682//174
f 679//175 680//175 682//175
f 679//930 682//930 683//930
f 679//177 683//177 684//177
f 679//178 684//178 685//178
f 559//179 679//179 685//179
f 679//180 559//180 567//180
f 567//181 559//181 560//181
f 686//182 687//182 688//182
f 689//931 690//931 564//931
f 563//184 689//184 564//184
f 691//185 692//185 693//185
f 694//186 692//186 691//186
f 691//187 695//187 694//187
f 696//188 694//188 695//188
f 695//189 697//189 696//189
f 698//190 696//190 697//190
f 699//191 700//191 698//191
f 697//192 699//192 698//192
f 701//193 700//193 699//193
f 699//194 702//194 701//194
f 701//195 702//195 617//195
f 701//196 617//196 564//196
f 690//197 701//197 564//197
f 692//198 703//198 693//198
f 703//199 704//199 693//199
f 705//200 661//200 665//200
f 706//201 707//201 705//201
f 708//932 657//932 661//932
f 705//933 708//933 661//933
f 705//204 707//204 709//204
f 705//934 709//934 710//934
f 705//206 710//206 711//206
f 705//207 711//207 712//207
f 708//935 705//935 712//935
f 657//936 708//936 713//936
f 657//209 713//209 714//209
f 658//210 657//210 714//210
f 715//211 716//211 717//211
f 715//937 717//937 718//937
f 719//213 715//213 718//213
f 716//214 715//214 720//214
f 557//215 716//215 720//215
f 557//938 685//938 684//938
f 557//217 684//217 683//217
f 557//218 683//218 721//218
f 557//939 721//939 716//939
f 559//940 685//940 557//940
f 557//941 720//941 561//941
f 697//222 695//222 722//222
f 699//223 697//223 722//223
f 674//224 723//224 673//224
f 724//225 723//225 674//225
f 674//226 676//226 724//226
f 671//227 673//227 725//227
f 686//65 669//65 668//65
f 686//228 668//228 666//228
f 688//65 669//65 686//65
f 658//229 726//229 727//229
f 659//230 658//230 727//230
f 727//231 728//231 659//231
f 659//232 728//232 729//232
f 660//233 659//233 729//233
f 729//942 728//942 730//942
f 731//235 729//235 730//235
f 730//236 732//236 731//236
f 732//237 733//237 734//237
f 735//238 734//238 733//238
f 731//239 732//239 734//239
f 731//240 734//240 736//240
f 731//241 736//241 737//241
f 731//242 737//242 738//242
f 739//243 731//243 738//243
f 738//244 740//244 739//244
f 741//245 735//245 733//245
f 733//246 742//246 741//246
f 739//943 740//943 743//943
f 739//248 743//248 744//248
f 745//249 739//249 744//249
f 744//250 746//250 745//250
f 747//251 745//251 746//251
f 746//252 748//252 747//252
f 749//253 747//253 748//253
f 748//254 750//254 749//254
f 749//255 750//255 751//255
f 749//256 751//256 752//256
f 753//257 749//257 752//257
f 752//258 754//258 753//258
f 755//259 756//259 757//259
f 758//260 755//260 757//260
f 753//261 754//261 756//261
f 756//262 755//262 759//262
f 759//263 753//263 756//263
f 755//264 760//264 759//264
f 759//265 760//265 761//265
f 762//266 759//266 761//266
f 761//267 763//267 682//267
f 682//268 763//268 764//268
f 683//269 682//269 764//269
f 746//270 744//270 748//270
f 750//270 748//270 744//270
f 744//270 765//270 750//270
f 766//270 750//270 765//270
f 765//270 767//270 766//270
f 768//270 766//270 767//270
f 767//270 769//270 768//270
f 770//270 768//270 769//270
f 769//270 771//270 770//270
f 772//270 770//270 771//270
f 771//270 773//270 772//270
f 774//270 772//270 773//270
f 775//182 776//182 777//182
f 778//182 777//182 776//182
f 776//182 779//182 778//182
f 780//182 778//182 779//182
f 779//182 781//182 780//182
f 780//182 781//182 782//182
f 783//182 780//182 782//182
f 782//182 784//182 783//182
f 785//182 783//182 784//182
f 756//271 786//271 757//271
f 787//272 757//272 786//272
f 786//273 788//273 787//273
f 789//274 787//274 788//274
f 788//275 790//275 789//275
f 791//275 789//275 790//275
f 790//276 792//276 791//276
f 793//276 791//276 792//276
f 792//277 794//277 793//277
f 795//277 793//277 794//277
f 794//278 796//278 795//278
f 797//279 795//279 796//279
f 796//280 798//280 797//280
f 799//281 797//281 798//281
f 798//282 800//282 799//282
f 801//282 799//282 800//282
f 734//284 802//284 736//284
f 803//284 736//284 802//284
f 802//285 804//285 803//285
f 805//285 803//285 804//285
f 804//286 806//286 805//286
f 807//286 805//286 806//286
f 806//287 808//287 807//287
f 809//287 807//287 808//287
f 808//288 810//288 809//288
f 811//288 809//288 810//288
f 810//290 812//290 811//290
f 813//290 811//290 812//290
f 812//291 814//291 813//291
f 815//291 813//291 814//291
f 814//292 816//292 815//292
f 817//292 815//292 816//292
f 803//293 737//293 736//293
f 805//294 740//294 738//294
f 805//295 738//295 737//295
f 803//296 805//296 737//296
f 805//297 807//297 740//297
f 818//298 744//298 743//298
f 818//299 743//299 740//299
f 740//944 807//944 809//944
f 818//301 740//301 809//301
f 765//302 744//302 818//302
f 809//945 811//945 818//945
f 818//304 811//304 813//304
f 819//305 818//305 813//305
f 819//306 767//306 765//306
f 818//307 819//307 765//307
f 769//308 767//308 819//308
f 813//946 815//946 819//946
f 820//310 771//310 769//310
f 819//311 820//311 769//311
f 819//312 815//312 817//312
f 819//313 817//313 821//313
f 820//314 819//314 821//314
f 771//315 820//315 822//315
f 773//316 771//316 822//316
f 756//317 754//317 786//317
f 788//318 786//318 754//318
f 754//319 752//319 788//319
f 788//320 752//320 823//320
f 790//321 788//321 823//321
f 824//947 792//947 790//947
f 823//323 824//323 790//323
f 751//324 750//324 824//324
f 824//325 823//325 751//325
f 750//326 766//326 824//326
f 794//327 792//327 824//327
f 824//328 766//328 768//328
f 825//329 824//329 768//329
f 825//330 796//330 794//330
f 824//331 825//331 794//331
f 768//332 770//332 825//332
f 798//333 796//333 825//333
f 825//334 770//334 772//334
f 772//335 774//335 825//335
f 825//336 774//336 826//336
f 827//337 825//337 826//337
f 825//338 827//338 798//338
f 798//339 827//339 828//339
f 800//340 798//340 828//340
f 734//341 829//341 802//341
f 804//342 802//342 829//342
f 829//343 830//343 804//343
f 806//344 804//344 830//344
f 830//345 831//345 806//345
f 808//346 806//346 831//346
f 832//347 810//347 808//347
f 831//348 832//348 808//348
f 833//349 777//349 832//349
f 834//350 833//350 832//350
f 835//351 834//351 832//351
f 832//352 831//352 835//352
f 777//948 778//948 832//948
f 812//949 810//949 832//949
f 832//355 778//355 780//355
f 832//356 780//356 783//356
f 832//357 783//357 785//357
f 832//358 785//358 836//358
f 837//359 832//359 836//359
f 837//950 814//950 812//950
f 832//361 837//361 812//361
f 814//951 837//951 838//951
f 816//363 814//363 838//363
f 658//364 714//364 726//364
f 839//364 726//364 714//364
f 714//365 713//365 839//365
f 840//366 839//366 713//366
f 713//952 712//952 840//952
f 841//367 840//367 712//367
f 712//369 711//369 841//369
f 842//369 841//369 711//369
f 711//370 710//370 842//370
f 843//953 842//953 710//953
f 764//371 844//371 683//371
f 721//371 683//371 844//371
f 844//372 845//372 721//372
f 716//373 721//373 845//373
f 845//374 846//374 716//374
f 717//954 716//954 846//954
f 846//375 847//375 717//375
f 718//375 717//375 847//375
f 847//376 848//376 718//376
f 719//955 718//955 848//955
f 755//377 849//377 760//377
f 844//378 764//378 763//378
f 850//379 761//379 760//379
f 761//380 850//380 763//380
f 763//956 851//956 844//956
f 851//382 763//382 850//382
f 760//957 852//957 850//957
f 852//384 760//384 849//384
f 853//385 850//385 852//385
f 850//958 853//958 851//958
f 845//387 844//387 851//387
f 851//388 854//388 845//388
f 854//389 851//389 853//389
f 849//959 855//959 852//959
f 856//391 853//391 852//391
f 853//392 856//392 854//392
f 846//393 845//393 854//393
f 857//394 854//394 856//394
f 854//395 857//395 846//395
f 855//396 858//396 852//396
f 852//960 859//960 856//960
f 859//398 852//398 858//398
f 858//961 860//961 859//961
f 847//399 846//399 857//399
f 856//400 861//400 857//400
f 861//401 856//401 859//401
f 862//962 859//962 860//962
f 859//403 862//403 861//403
f 848//404 847//404 857//404
f 861//405 863//405 857//405
f 857//963 863//963 848//963
f 864//407 865//407 866//407
f 867//408 733//408 732//408
f 867//409 732//409 868//409
f 866//410 867//410 868//410
f 867//411 866//411 865//411
f 742//412 733//412 867//412
f 865//964 869//964 867//964
f 870//414 867//414 869//414
f 870//415 871//415 872//415
f 872//416 742//416 867//416
f 873//417 870//417 869//417
f 869//418 874//418 873//418
f 875//419 876//419 873//419
f 874//420 875//420 873//420
f 877//421 876//421 875//421
f 875//422 878//422 877//422
f 877//423 849//423 758//423
f 877//424 878//424 858//424
f 877//425 858//425 855//425
f 849//426 877//426 855//426
f 755//965 758//965 849//965
f 726//428 839//428 727//428
f 879//429 727//429 839//429
f 727//430 879//430 728//430
f 868//431 732//431 730//431
f 730//432 880//432 868//432
f 880//433 730//433 728//433
f 728//434 881//434 880//434
f 881//435 728//435 879//435
f 879//966 882//966 881//966
f 882//437 879//437 839//437
f 839//438 840//438 882//438
f 866//439 868//439 880//439
f 880//967 883//967 866//967
f 883//441 880//441 881//441
f 884//968 881//968 882//968
f 881//443 884//443 883//443
f 885//444 882//444 840//444
f 882//445 885//445 884//445
f 840//446 841//446 885//446
f 864//969 866//969 883//969
f 886//970 883//970 884//970
f 883//971 886//971 864//971
f 887//450 884//450 885//450
f 884//451 887//451 886//451
f 888//972 885//972 841//972
f 885//453 888//453 887//453
f 889//973 864//973 886//973
f 889//974 886//974 887//974
f 841//975 842//975 888//975
f 890//457 887//457 888//457
f 887//458 890//458 889//458
f 842//976 843//976 888//976
f 891//460 888//460 843//460
f 888//461 891//461 890//461
f 892//462 872//462 871//462
f 893//463 872//463 892//463
f 892//464 894//464 893//464
f 895//465 893//465 894//465
f 894//466 896//466 895//466
f 895//467 896//467 775//467
f 895//977 775//977 777//977
f 729//182 731//182 739//182
f 729//182 739//182 745//182
f 729//182 745//182 747//182
f 729//182 747//182 749//182
f 729//182 749//182 753//182
f 729//182 753//182 759//182
f 762//182 729//182 759//182
f 762//469 680//469 679//469
f 762//469 679//469 678//469
f 762//469 678//469 677//469
f 762//469 677//469 675//469
f 762//469 675//469 672//469
f 762//469 672//469 671//469
f 671//469 725//469 687//469
f 762//469 671//469 687//469
f 762//469 687//469 686//469
f 762//469 686//469 666//469
f 762//469 666//469 663//469
f 762//469 663//469 662//469
f 762//469 662//469 656//469
f 762//469 656//469 660//469
f 729//469 762//469 660//469
f 681//469 680//469 762//469
f 708//182 712//182 713//182
f 752//978 751//978 823//978
f 871//470 870//470 873//470
f 873//471 876//471 871//471
f 867//472 870//472 872//472
f 777//979 833//979 895//979
f 872//980 893//980 895//980
f 833//475 872//475 895//475
f 833//476 834//476 872//476
f 834//477 835//477 872//477
f 742//981 872//981 835//981
f 742//479 835//479 831//479
f 742//480 831//480 830//480
f 741//481 742//481 830//481
f 741//482 830//482 829//482
f 735//483 741//483 829//483
f 734//484 735//484 829//484
f 757//485 897//485 898//485
f 898//486 897//486 899//486
f 899//487 897//487 900//487
f 899//488 900//488 901//488
f 901//489 900//489 902//489
f 901//490 902//490 903//490
f 901//491 903//491 904//491
f 905//492 904//492 903//492
f 906//493 904//493 905//493
f 906//494 907//494 904//494
f 904//982 907//982 908//982
f 909//496 907//496 906//496
f 877//497 904//497 876//497
f 907//983 909//983 775//983
f 907//499 775//499 896//499
f 894//500 907//500 896//500
f 907//501 894//501 908//501
f 892//502 908//502 894//502
f 908//503 892//503 904//503
f 892//504 871//504 904//504
f 904//984 877//984 901//984
f 876//985 904//985 871//985
f 901//986 877//986 758//986
f 801//987 910//987 799//987
f 799//988 910//988 911//988
f 912//510 797//510 911//510
f 911//511 797//511 799//511
f 911//512 913//512 912//512
f 912//513 913//513 784//513
f 912//989 784//989 782//989
f 912//990 782//990 914//990
f 912//516 914//516 915//516
f 797//517 912//517 795//517
f 909//518 912//518 915//518
f 912//519 903//519 902//519
f 903//520 912//520 905//520
f 905//521 912//521 906//521
f 906//522 912//522 909//522
f 902//523 793//523 912//523
f 912//991 793//991 795//991
f 793//992 902//992 791//992
f 900//526 791//526 902//526
f 791//527 900//527 789//527
f 897//528 789//528 900//528
f 789//529 897//529 787//529
f 757//530 787//530 897//530
f 779//182 914//182 781//182
f 914//182 779//182 915//182
f 776//182 915//182 779//182
f 915//182 776//182 909//182
f 775//182 909//182 776//182
f 758//531 899//531 901//531
f 899//532 758//532 898//532
f 898//533 758//533 757//533
f 781//182 914//182 782//182
f 682//993 762//993 761//993
f 681//535 762//535 682//535
f 725//182 723//182 687//182
f 725//994 673//994 723//994
f 916//270 774//270 917//270
f 918//270 916//270 917//270
f 919//270 920//270 917//270
f 921//270 922//270 918//270
f 917//537 923//537 919//537
f 924//538 918//538 922//538
f 925//539 919//539 923//539
f 922//540 926//540 924//540
f 923//541 927//541 925//541
f 928//542 924//542 926//542
f 929//270 925//270 927//270
f 926//270 930//270 928//270
f 931//270 928//270 930//270
f 927//270 932//270 929//270
f 930//270 933//270 931//270
f 934//270 929//270 932//270
f 931//270 933//270 935//270
f 936//270 931//270 935//270
f 937//270 938//270 934//270
f 932//270 937//270 934//270
f 939//270 938//270 937//270
f 935//270 939//270 936//270
f 940//270 936//270 939//270
f 941//270 940//270 939//270
f 937//270 941//270 939//270
f 942//543 801//543 943//543
f 944//544 945//544 817//544
f 946//545 923//545 822//545
f 947//546 946//546 820//546
f 947//995 817//995 945//995
f 948//548 947//548 945//548
f 918//270 774//270 916//270
f 774//549 918//549 949//549
f 949//550 950//550 826//550
f 950//551 951//551 827//551
f 951//552 943//552 828//552
f 942//553 952//553 801//553
f 952//554 953//554 911//554
f 953//555 954//555 913//555
f 955//556 956//556 785//556
f 956//557 957//557 837//557
f 957//558 944//558 838//558
f 958//270 933//270 930//270
f 935//270 933//270 958//270
f 939//270 935//270 958//270
f 938//270 939//270 958//270
f 934//270 938//270 958//270
f 929//270 934//270 958//270
f 958//270 925//270 929//270
f 919//270 925//270 958//270
f 920//270 919//270 958//270
f 921//270 920//270 958//270
f 922//270 921//270 958//270
f 926//270 922//270 958//270
f 930//270 926//270 958//270
f 959//559 923//559 946//559
f 946//560 947//560 959//560
f 960//996 959//996 947//996
f 947//997 948//997 960//997
f 949//563 961//563 950//563
f 951//998 950//998 961//998
f 961//999 962//999 951//999
f 951//566 962//566 943//566
f 963//567 927//567 923//567
f 959//568 963//568 923//568
f 960//569 948//569 963//569
f 959//570 960//570 963//570
f 948//571 964//571 963//571
f 932//572 927//572 963//572
f 965//573 963//573 964//573
f 965//574 937//574 932//574
f 963//575 965//575 932//575
f 964//576 966//576 965//576
f 941//577 937//577 965//577
f 965//1000 966//1000 967//1000
f 968//579 965//579 967//579
f 965//580 968//580 941//580
f 940//581 941//581 968//581
f 967//1001 969//1001 968//1001
f 970//583 968//583 969//583
f 968//584 970//584 940//584
f 936//585 940//585 970//585
f 969//586 971//586 970//586
f 972//587 931//587 936//587
f 970//1002 972//1002 936//1002
f 972//589 970//589 971//589
f 928//590 931//590 972//590
f 971//591 943//591 972//591
f 961//592 924//592 928//592
f 972//593 961//593 928//593
f 972//1003 943//1003 962//1003
f 972//1004 962//1004 961//1004
f 949//596 924//596 961//596
f 924//597 949//597 918//597
f 785//182 954//182 955//182
f 955//182 973//182 974//182
f 954//182 973//182 955//182
f 948//598 945//598 944//598
f 943//599 971//599 975//599
f 975//600 942//600 943//600
f 966//601 964//601 976//601
f 976//601 977//601 966//601
f 967//602 966//602 977//602
f 977//602 978//602 967//602
f 978//603 979//603 969//603
f 969//603 967//603 978//603
f 979//604 975//604 971//604
f 971//604 969//604 979//604
f 964//605 948//605 944//605
f 944//606 976//606 964//606
f 957//607 976//607 944//607
f 956//608 976//608 957//608
f 974//609 977//609 976//609
f 974//610 978//610 977//610
f 974//611 973//611 978//611
f 973//612 979//612 978//612
f 975//613 979//613 973//613
f 952//1005 942//1005 975//1005
f 952//615 975//615 953//615
f 917//270 921//270 918//270
f 917//270 920//270 921//270
f 917//616 822//616 923//616
f 956//617 974//617 976//617
f 955//556 974//556 956//556
f 954//618 953//618 973//618
f 953//619 975//619 973//619
f 667//620 980//620 665//620
f 664//621 667//621 665//621
f 981//182 688//182 687//182
f 982//622 691//622 693//622
f 704//623 983//623 693//623
f 705//624 665//624 980//624
f 705//625 984//625 706//625
f 691//626 982//626 985//626
f 985//627 986//627 691//627
f 800//629 943//629 801//629
f 784//182 954//182 785//182
f 816//544 944//544 817//544
f 822//630 820//630 946//630
f 820//631 821//631 947//631
f 947//632 821//632 817//632
f 826//633 774//633 949//633
f 827//634 826//634 950//634
f 828//635 827//635 951//635
f 800//636 828//636 943//636
f 952//637 910//637 801//637
f 911//638 910//638 952//638
f 913//639 911//639 953//639
f 784//640 913//640 954//640
f 956//641 836//641 785//641
f 837//642 836//642 956//642
f 838//643 837//643 957//643
f 816//644 838//644 944//644
f 917//270 774//270 773//270
f 773//645 822//645 917//645
f 987//646 988//646 989//646
f 693//647 990//647 991//647
f 982//648 693//648 991//648
f 992//649 993//649 994//649
f 992//650 995//650 993//650
f 996//651 997//651 998//651
f 998//652 997//652 999//652
f 999//653 997//653 1000//653
f 1000//1006 997//1006 1001//1006
f 1001//655 997//655 1002//655
f 1002//656 997//656 1003//656
f 1000//657 1004//657 999//657
f 1005//658 1006//658 1004//658
f 1004//1007 1006//1007 1007//1007
f 993//660 1007//660 1006//660
f 1008//661 1007//661 993//661
f 1009//662 1008//662 993//662
f 1008//663 1010//663 1007//663
f 999//664 1004//664 1007//664
f 999//665 1007//665 1010//665
f 1011//666 1012//666 1013//666
f 1002//667 1012//667 1011//667
f 993//668 995//668 1009//668
f 981//669 670//669 688//669
f 1014//670 670//670 981//670
f 1015//671 1014//671 981//671
f 1016//672 1015//672 981//672
f 981//673 1003//673 1016//673
f 997//674 1016//674 1003//674
f 1012//675 1002//675 1003//675
f 1017//676 1018//676 1019//676
f 989//677 1018//677 1017//677
f 1017//678 1020//678 989//678
f 1021//679 989//679 1020//679
f 1020//680 1022//680 1021//680
f 1022//681 991//681 1021//681
f 1022//682 1023//682 991//682
f 982//683 991//683 1023//683
f 1024//684 982//684 1023//684
f 1025//1008 1026//1008 1027//1008
f 1026//1009 1028//1009 1027//1009
f 1029//687 1025//687 1027//687
f 1027//688 1030//688 1029//688
f 1031//689 1029//689 1030//689
f 1030//690 1032//690 1031//690
f 1033//691 1031//691 1032//691
f 1032//692 1034//692 1033//692
f 1035//693 1033//693 1034//693
f 1034//694 1036//694 1035//694
f 1037//695 1035//695 1036//695
f 1036//696 1019//696 1037//696
f 1037//697 1019//697 1018//697
f 985//698 982//698 1024//698
f 1038//699 1039//699 1040//699
f 1039//700 1038//700 1041//700
f 1042//701 1043//701 1039//701
f 1044//1010 1045//1010 1046//1010
f 1047//703 1046//703 1045//703
f 1047//1011 994//1011 1046//1011
f 1047//705 1048//705 994//705
f 1047//706 1049//706 1048//706
f 1047//707 1050//707 1049//707
f 1051//1012 1050//1012 1047//1012
f 1052//709 1047//709 1053//709
f 1047//710 1045//710 1053//710
f 1047//1013 1052//1013 1051//1013
f 1052//1014 1054//1014 1051//1014
f 1053//713 1055//713 1052//713
f 1056//714 1054//714 1052//714
f 1052//715 1039//715 1056//715
f 1039//716 1057//716 1056//716
f 1039//717 1043//717 1057//717
f 1052//718 1040//718 1039//718
f 1052//719 1055//719 1040//719
f 1046//720 1005//720 1044//720
f 1006//721 1005//721 1046//721
f 993//722 1006//722 1046//722
f 1046//723 994//723 993//723
f 994//1015 1048//1015 1058//1015
f 1058//1016 992//1016 994//1016
f 1059//726 996//726 998//726
f 1060//727 998//727 999//727
f 998//728 1060//728 1059//728
f 999//1017 1010//1017 1060//1017
f 1061//1018 1059//1018 1060//1018
f 1060//1019 1062//1019 1061//1019
f 984//732 1063//732 706//732
f 984//733 705//733 980//733
f 984//734 996//734 1059//734
f 984//735 1064//735 996//735
f 984//736 980//736 1064//736
f 984//737 1059//737 1063//737
f 1059//738 1061//738 1063//738
f 1065//739 1066//739 1067//739
f 1068//1020 1067//1020 1066//1020
f 1068//741 1008//741 1009//741
f 1068//742 1066//742 1008//742
f 1009//743 1069//743 1068//743
f 1009//744 1070//744 1069//744
f 1009//745 1071//745 1070//745
f 1072//746 1071//746 995//746
f 1071//747 1009//747 995//747
f 995//748 992//748 1072//748
f 1073//749 1072//749 992//749
f 992//750 1058//750 1073//750
f 1048//751 1073//751 1058//751
f 1005//752 1004//752 1001//752
f 1000//753 1001//753 1004//753
f 1074//754 1075//754 1040//754
f 1040//755 1055//755 1074//755
f 1055//756 1011//756 1013//756
f 1002//757 1011//757 1045//757
f 1011//758 1053//758 1045//758
f 1011//759 1055//759 1053//759
f 1002//760 1045//760 1001//760
f 1045//1021 1044//1021 1001//1021
f 1005//762 1001//762 1044//762
f 1076//270 1034//270 1032//270
f 1076//270 1036//270 1034//270
f 1019//270 1036//270 1076//270
f 1076//270 1017//270 1019//270
f 1076//270 1020//270 1017//270
f 1076//270 1022//270 1020//270
f 1076//270 1023//270 1022//270
f 1076//270 1024//270 1023//270
f 1038//763 1040//763 1075//763
f 989//764 988//764 1018//764
f 990//765 989//765 1021//765
f 1021//766 991//766 990//766
f 989//1022 990//1022 987//1022
f 990//768 1077//768 987//768
f 1078//769 1077//769 990//769
f 1078//770 990//770 693//770
f 983//1023 1078//1023 693//1023
f 1066//772 1062//772 1008//772
f 1061//544 1062//544 1066//544
f 1066//544 1065//544 1061//544
f 1003//773 981//773 687//773
f 996//774 1016//774 997//774
f 1016//775 996//775 1064//775
f 1016//776 1064//776 1015//776
f 1064//777 1014//777 1015//777
f 667//778 1014//778 1064//778
f 1014//1024 667//1024 670//1024
f 667//780 1064//780 980//780
f 1018//781 988//781 1037//781
f 1070//782 1071//782 1079//782
f 988//783 1079//783 1071//783
f 1071//784 1072//784 988//784
f 1072//785 1037//785 988//785
f 1035//786 1037//786 1048//786
f 1037//787 1073//787 1048//787
f 1037//1025 1072//1025 1073//1025
f 1048//789 1049//789 1035//789
f 1033//790 1035//790 1049//790
f 1049//791 1050//791 1033//791
f 1031//792 1033//792 1051//792
f 1033//793 1050//793 1051//793
f 1051//794 1054//794 1031//794
f 1029//795 1031//795 1054//795
f 1054//796 1056//796 1029//796
f 1025//797 1029//797 1057//797
f 1029//1026 1056//1026 1057//1026
f 1057//799 1043//799 1025//799
f 1026//800 1025//800 1043//800
f 1080//801 1003//801 687//801
f 1003//802 1080//802 1012//802
f 639//803 638//803 565//803
f 638//804 1081//804 566//804
f 1082//805 617//805 1083//805
f 618//806 617//806 1082//806
f 1082//807 1084//807 618//807
f 1084//808 637//808 618//808
f 702//809 1083//809 617//809
f 702//810 1085//810 1083//810
f 578//270 636//270 1076//270
f 1076//270 1082//270 1083//270
f 1076//270 1084//270 1082//270
f 1076//270 637//270 1084//270
f 1076//270 635//270 637//270
f 1076//270 636//270 635//270
f 1083//270 1085//270 1076//270
f 1085//270 1086//270 1076//270
f 722//811 1076//811 1086//811
f 1012//812 643//812 651//812
f 1012//813 642//813 643//813
f 1012//814 641//814 642//814
f 1012//815 640//815 641//815
f 1012//816 639//816 640//816
f 1012//817 638//817 639//817
f 1012//818 1081//818 638//818
f 1012//819 724//819 1081//819
f 1087//820 1088//820 590//820
f 602//821 1087//821 590//821
f 1089//822 1090//822 1088//822
f 1087//823 1089//823 1088//823
f 1091//824 1090//824 1089//824
f 1092//825 1093//825 1091//825
f 1089//1027 1092//1027 1091//1027
f 1092//827 1094//827 1093//827
f 1012//828 651//828 650//828
f 1012//829 650//829 649//829
f 1095//830 1096//830 1097//830
f 1097//831 1098//831 1095//831
f 1095//832 1098//832 1041//832
f 1099//833 1095//833 1041//833
f 1100//1028 600//1028 601//1028
f 1101//834 601//834 592//834
f 1102//1029 1096//1029 1101//1029
f 592//834 1102//834 1101//834
f 1102//1030 1097//1030 1096//1030
f 1103//837 1090//837 1091//837
f 1104//838 1103//838 1091//838
f 1104//839 1098//839 1097//839
f 1104//840 1097//840 1103//840
f 1091//841 1093//841 1104//841
f 1104//842 1093//842 1105//842
f 1104//843 1042//843 1098//843
f 1103//844 1102//844 592//844
f 591//845 1103//845 592//845
f 591//846 590//846 1088//846
f 591//847 1088//847 1090//847
f 591//848 1090//848 1103//848
f 1102//849 1103//849 1097//849
f 1094//850 1092//850 1106//850
f 1089//852 1087//852 1107//852
f 1108//851 1107//851 1087//851
f 1087//853 602//853 1108//853
f 1109//854 1108//854 602//854
f 602//855 582//855 1109//855
f 581//1031 1109//1031 582//1031
f 649//857 600//857 1012//857
f 1012//1032 600//1032 1100//1032
f 1092//859 1110//859 1106//859
f 1089//860 1110//860 1092//860
f 1089//861 1107//861 1110//861
f 601//1033 1012//1033 1100//1033
f 1076//270 581//270 579//270
f 1076//270 579//270 578//270
f 695//862 691//862 986//862
f 986//863 722//863 695//863
f 722//864 1086//864 699//864
f 702//865 699//865 1086//865
f 1086//866 1085//866 702//866
f 1081//867 724//867 676//867
f 676//868 566//868 1081//868
f 1106//869 1111//869 1094//869
f 1026//870 1094//870 1111//870
f 1028//871 1026//871 1111//871
f 1042//1034 1039//1034 1041//1034
f 1042//873 1112//873 1043//873
f 1042//874 1105//874 1112//874
f 1042//875 1041//875 1098//875
f 1042//876 1104//876 1105//876
f 985//270 1024//270 1076//270
f 986//270 985//270 1076//270
f 1076//877 722//877 986//877
f 1075//878 1113//878 1038//878
f 1041//879 1038//879 1113//879
f 1113//880 1099//880 1041//880
f 1112//881 1026//881 1043//881
f 1094//882 1026//882 1105//882
f 1026//883 1112//883 1105//883
f 1094//884 1105//884 1093//884
f 1080//182 687//182 723//182
f 1080//182 723//182 724//182
f 1080//885 724//885 1012//885
f 1114//1035 1115//1035 1116//1035
f 1117//1036 1118//1036 1119//1036
f 1119//1037 1115//1037 1114//1037
f 1114//1038 1116//1038 1120//1038
f 1121//1039 1122//1039 1123//1039
f 1124//1040 1123//1040 1122//1040
f 1125//1041 1124//1041 1126//1041
f 1124//1042 1122//1042 1126//1042
f 1127//1043 1125//1043 1128//1043
f 1125//1044 1126//1044 1128//1044
f 1129//1045 1127//1045 1130//1045
f 1127//1046 1128//1046 1130//1046
f 1131//1047 1129//1047 1130//1047
f 1131//1048 1132//1048 1129//1048
f 1133//1049 1129//1049 1132//1049
f 1134//1050 1135//1050 1136//1050
f 1134//1051 1137//1051 1135//1051
f 1137//1052 1138//1052 1135//1052
f 1137//1053 1139//1053 1138//1053
f 1139//1054 1140//1054 1138//1054
f 1139//1055 1141//1055 1140//1055
f 1140//1056 1141//1056 1142//1056
f 1143//1057 1142//1057 1144//1057
f 1142//1058 1141//1058 1144//1058
f 1123//1059 1145//1059 1121//1059
f 1146//1060 1134//1060 1136//1060
f 1147//65 1148//65 1149//65
f 1148//65 1150//65 1149//65
f 1150//65 1132//65 1149//65
f 1150//1061 1151//1061 1132//1061
f 1151//629 1152//629 1132//629
f 1152//65 1153//65 1132//65
f 1133//65 1132//65 1153//65
f 1154//544 1155//544 1156//544
f 1157//544 1155//544 1154//544
f 1154//544 1158//544 1157//544
f 1154//544 1159//544 1158//544
f 1154//544 1160//544 1159//544
f 1154//544 1161//544 1160//544
f 1154//544 1144//544 1161//544
f 1143//544 1144//544 1162//544
f 1144//544 1163//544 1162//544
f 1144//544 1154//544 1163//544
f 1147//1062 1164//1062 1148//1062
f 1164//1063 1165//1063 1148//1063
f 1166//1064 1165//1064 1164//1064
f 1164//1065 1167//1065 1166//1065
f 1168//1066 1166//1066 1167//1066
f 1167//1067 1169//1067 1168//1067
f 1169//1068 1170//1068 1171//1068
f 1172//1069 1173//1069 1170//1069
f 1170//1070 1174//1070 1172//1070
f 1174//1071 1175//1071 1172//1071
f 1176//1072 1175//1072 1174//1072
f 1174//1073 1177//1073 1176//1073
f 1177//1074 1178//1074 1176//1074
f 1177//1075 1179//1075 1178//1075
f 1180//1076 1179//1076 1177//1076
f 1156//1077 1181//1077 1154//1077
f 1182//1078 1154//1078 1181//1078
f 1181//1079 1183//1079 1182//1079
f 1117//1080 1182//1080 1183//1080
f 1183//1081 1118//1081 1117//1081
f 1114//1082 1117//1082 1119//1082
f 1184//1083 1114//1083 1120//1083
f 1120//1084 1185//1084 1184//1084
f 1186//1085 1184//1085 1187//1085
f 1184//1086 1185//1086 1187//1086
f 1187//1087 1188//1087 1186//1087
f 1189//1088 1186//1088 1190//1088
f 1186//1089 1191//1089 1190//1089
f 1186//199 1192//199 1191//199
f 1186//1090 1188//1090 1192//1090
f 1193//1091 1189//1091 1190//1091
f 1189//1092 1194//1092 1195//1092
f 1189//1093 1193//1093 1194//1093
f 1170//1094 1173//1094 1171//1094
f 1171//1095 1196//1095 1169//1095
f 1169//1096 1196//1096 1168//1096
f 1197//1097 983//1097 704//1097
f 1197//1098 704//1098 703//1098
f 1197//1099 703//1099 692//1099
f 1198//1100 1197//1100 692//1100
f 983//1101 1197//1101 1078//1101
f 1197//1102 1199//1102 1078//1102
f 306//1103 303//1103 1200//1103
f 303//1104 1201//1104 1200//1104
f 305//1105 306//1105 1202//1105
f 306//1106 1200//1106 1202//1106
f 307//1107 305//1107 1203//1107
f 305//1108 1202//1108 1203//1108
f 1204//1109 307//1109 1203//1109
f 1205//1110 307//1110 1204//1110
f 1204//1111 1206//1111 1205//1111
f 293//1112 1205//1112 1206//1112
f 308//1113 1207//1113 1208//1113
f 1208//1114 1207//1114 1209//1114
f 308//1051 333//1051 1207//1051
f 333//1115 1210//1115 1207//1115
f 333//1053 334//1053 1210//1053
f 334//1116 1211//1116 1210//1116
f 334//1117 1212//1117 1211//1117
f 334//1118 335//1118 1212//1118
f 1212//1056 335//1056 1213//1056
f 1214//1057 1213//1057 288//1057
f 1213//1058 335//1058 288//1058
f 303//182 322//182 1201//182
f 1201//1119 322//1119 1215//1119
f 322//1120 319//1120 1215//1120
f 319//1121 318//1121 1215//1121
f 318//1121 313//1121 1215//1121
f 313//1122 309//1122 1215//1122
f 1209//1123 1215//1123 1208//1123
f 1215//1124 309//1124 1208//1124
f 309//1125 308//1125 1208//1125
f 1216//1126 55//1126 1217//1126
f 55//65 5//65 1217//65
f 5//65 1218//65 1217//65
f 5//1127 6//1127 1218//1127
f 6//65 1206//65 1218//65
f 6//629 165//629 1206//629
f 165//629 160//629 1206//629
f 160//629 164//629 1206//629
f 293//65 1206//65 164//65
f 509//544 1219//544 506//544
f 1219//544 507//544 506//544
f 1219//544 152//544 507//544
f 1219//544 153//544 152//544
f 1219//544 155//544 153//544
f 1219//544 156//544 155//544
f 1219//544 288//544 156//544
f 288//544 1219//544 1214//544
f 1216//1128 1220//1128 55//1128
f 1220//1129 89//1129 55//1129
f 74//1130 89//1130 1220//1130
f 1220//1131 1221//1131 74//1131
f 75//1132 74//1132 1221//1132
f 1221//1133 1222//1133 75//1133
f 1222//1134 48//1134 75//1134
f 49//1135 48//1135 1222//1135
f 1222//1136 1223//1136 49//1136
f 1223//1137 68//1137 49//1137
f 65//1138 68//1138 1223//1138
f 1223//1139 1224//1139 65//1139
f 1224//1140 61//1140 65//1140
f 7//1141 61//1141 1224//1141
f 1224//1142 1225//1142 7//1142
f 1225//1143 8//1143 7//1143
f 1225//1144 135//1144 8//1144
f 136//1145 135//1145 1225//1145
f 509//1146 511//1146 1219//1146
f 1226//1147 1219//1147 511//1147
f 511//1079 512//1079 1226//1079
f 1227//1148 1226//1148 512//1148
f 512//1081 513//1081 1227//1081
f 1228//1149 1227//1149 514//1149
f 1227//1150 513//1150 514//1150
f 514//1151 523//1151 1228//1151
f 1229//1152 1228//1152 431//1152
f 1228//1153 432//1153 431//1153
f 1228//1154 523//1154 432//1154
f 431//1084 521//1084 1229//1084
f 1230//1102 1229//1102 522//1102
f 1229//1155 521//1155 522//1155
f 522//1101 427//1101 1230//1101
f 1231//1100 1230//1100 138//1100
f 1230//1099 149//1099 138//1099
f 1230//1098 150//1098 149//1098
f 1230//1097 427//1097 150//1097
f 140//1091 1231//1091 138//1091
f 1225//1156 1231//1156 147//1156
f 147//1157 136//1157 1225//1157
f 1231//1158 146//1158 147//1158
f 1231//1159 144//1159 146//1159
f 1231//1092 142//1092 144//1092
f 1231//1093 140//1093 142//1093
f 1232//1039 1233//1039 858//1039
f 860//1040 858//1040 1233//1040
f 862//1041 860//1041 1234//1041
f 860//1042 1233//1042 1234//1042
f 861//1043 862//1043 1235//1043
f 862//1044 1234//1044 1235//1044
f 863//1045 861//1045 1236//1045
f 861//1046 1235//1046 1236//1046
f 1237//1047 863//1047 1236//1047
f 1238//1110 863//1110 1237//1110
f 1237//1160 1239//1160 1238//1160
f 848//1112 1238//1112 1239//1112
f 864//1161 1240//1161 1241//1161
f 864//1051 889//1051 1240//1051
f 889//1115 1242//1115 1240//1115
f 889//1053 890//1053 1242//1053
f 890//1116 1243//1116 1242//1116
f 890//1117 1244//1117 1243//1117
f 890//1162 891//1162 1244//1162
f 1244//1056 891//1056 1245//1056
f 1246//1057 1245//1057 843//1057
f 1245//1058 891//1058 843//1058
f 858//1059 878//1059 1232//1059
f 1232//1163 878//1163 1247//1163
f 878//182 875//182 1247//182
f 875//182 874//182 1247//182
f 874//182 869//182 1247//182
f 869//182 865//182 1247//182
f 1247//1164 865//1164 1241//1164
f 865//1165 864//1165 1241//1165
f 1248//65 610//65 1249//65
f 610//65 561//65 1249//65
f 561//65 1239//65 1249//65
f 561//1061 720//1061 1239//1061
f 720//629 715//629 1239//629
f 715//65 719//65 1239//65
f 848//65 1239//65 719//65
f 1065//544 1250//544 1061//544
f 1250//544 1063//544 1061//544
f 1250//544 706//544 1063//544
f 1250//544 707//544 706//544
f 1250//544 709//544 707//544
f 1250//544 710//544 709//544
f 1250//544 843//544 710//544
f 843//544 1250//544 1246//544
f 1248//1062 1251//1062 610//1062
f 1251//1063 644//1063 610//1063
f 629//1064 644//1064 1251//1064
f 1251//1166 1252//1166 629//1166
f 630//1066 629//1066 1252//1066
f 1252//1167 1253//1167 630//1167
f 1253//1168 603//1168 630//1168
f 604//1169 603//1169 1253//1169
f 1253//1170 1254//1170 604//1170
f 1254//1094 623//1094 604//1094
f 620//1171 623//1171 1254//1171
f 1254//1172 1255//1172 620//1172
f 1255//1071 616//1071 620//1071
f 562//1072 616//1072 1255//1072
f 1255//1173 1256//1173 562//1173
f 1256//1143 563//1143 562//1143
f 1256//1144 689//1144 563//1144
f 690//1145 689//1145 1256//1145
f 1065//1077 1067//1077 1250//1077
f 1257//1078 1250//1078 1067//1078
f 1067//1079 1068//1079 1257//1079
f 1258//1148 1257//1148 1068//1148
f 1068//1081 1069//1081 1258//1081
f 1259//1149 1258//1149 1070//1149
f 1258//1174 1069//1174 1070//1174
f 1070//1037 1079//1037 1259//1037
f 1199//1152 1259//1152 987//1152
f 1259//1153 988//1153 987//1153
f 1259//1154 1079//1154 988//1154
f 987//1175 1077//1175 1199//1175
f 1199//1155 1077//1155 1078//1155
f 694//1091 1198//1091 692//1091
f 1256//1156 1198//1156 701//1156
f 701//1157 690//1157 1256//1157
f 1198//1158 700//1158 701//1158
f 1198//1159 698//1159 700//1159
f 1198//1092 696//1092 698//1092
f 1198//1093 694//1093 696//1093
f 1260//1176 1197//1176 1198//1176
f 1261//1177 1197//1177 1260//1177
f 1262//1178 1197//1178 1261//1178
f 1199//1179 1197//1179 1262//1179
f 1239//65 1263//65 1249//65
f 1264//65 1249//65 1263//65
f 1250//1180 1265//1180 1246//1180
f 1266//544 1246//544 1265//544
f 1267//1181 1261//1181 1260//1181
f 1267//1182 1260//1182 1268//1182
f 1269//1183 1270//1183 1271//1183
f 1272//1184 1270//1184 1269//1184
f 1273//1185 1270//1185 1272//1185
f 1274//1186 1270//1186 1273//1186
f 1247//1187 1272//1187 1275//1187
f 1276//1188 1247//1188 1275//1188
f 1209//1189 1207//1189 1277//1189
f 1241//1189 1240//1189 1274//1189
f 1240//1190 1270//1190 1274//1190
f 1240//1191 1242//1191 1270//1191
f 1271//1192 1270//1192 1242//1192
f 1242//1193 1243//1193 1271//1193
f 1243//1194 1244//1194 1271//1194
f 1244//1195 1245//1195 1271//1195
f 1245//1196 1278//1196 1271//1196
f 1266//1197 1278//1197 1246//1197
f 1278//1198 1245//1198 1246//1198
f 1200//1199 1279//1199 1202//1199
f 1279//1200 1203//1200 1202//1200
f 1200//1201 1280//1201 1279//1201
f 1200//1202 1201//1202 1280//1202
f 1281//1203 1203//1203 1279//1203
f 1203//1204 1281//1204 1204//1204
f 1281//1205 1206//1205 1204//1205
f 1281//1206 1282//1206 1206//1206
f 1283//1207 1281//1207 1279//1207
f 1281//1208 1283//1208 1282//1208
f 1283//1209 1284//1209 1282//1209
f 1285//1210 1284//1210 1283//1210
f 1279//1211 1286//1211 1287//1211
f 1279//1212 1280//1212 1286//1212
f 1279//1213 1287//1213 1283//1213
f 1283//1214 1288//1214 1285//1214
f 1288//1215 1289//1215 1285//1215
f 1288//1216 1283//1216 1287//1216
f 1286//1217 1290//1217 1287//1217
f 1287//1218 1291//1218 1288//1218
f 1291//1219 1287//1219 1292//1219
f 1287//1220 1293//1220 1292//1220
f 1287//1221 1290//1221 1293//1221
f 1294//1222 1289//1222 1288//1222
f 1288//1223 1295//1223 1294//1223
f 1295//1224 1288//1224 1291//1224
f 1296//1225 1294//1225 1295//1225
f 1292//1226 1297//1226 1291//1226
f 1298//1227 1291//1227 1299//1227
f 1291//1228 1297//1228 1299//1228
f 1291//1229 1298//1229 1295//1229
f 1300//1230 1295//1230 1298//1230
f 1295//1231 1300//1231 1296//1231
f 1300//1232 1301//1232 1296//1232
f 1302//1233 1301//1233 1300//1233
f 1299//1234 1303//1234 1298//1234
f 1304//1235 1298//1235 1305//1235
f 1298//1236 1303//1236 1305//1236
f 1298//1237 1304//1237 1300//1237
f 1306//1238 1300//1238 1304//1238
f 1300//1239 1306//1239 1302//1239
f 1306//1240 1307//1240 1302//1240
f 1305//1241 1308//1241 1304//1241
f 1304//1242 1309//1242 1269//1242
f 1304//1243 1308//1243 1309//1243
f 1304//1244 1269//1244 1306//1244
f 1310//1245 1307//1245 1306//1245
f 1306//1246 1269//1246 1271//1246
f 1306//1247 1271//1247 1310//1247
f 1309//1248 1272//1248 1269//1248
f 1266//1249 1310//1249 1278//1249
f 1310//1250 1271//1250 1278//1250
f 1276//1251 1233//1251 1232//1251
f 1234//1252 1233//1252 1311//1252
f 1235//1253 1234//1253 1312//1253
f 1234//1254 1311//1254 1312//1254
f 1236//1255 1235//1255 1312//1255
f 1237//1256 1236//1256 1313//1256
f 1236//1257 1312//1257 1313//1257
f 1313//1258 1263//1258 1237//1258
f 1239//1259 1237//1259 1263//1259
f 1314//1260 1312//1260 1311//1260
f 1312//1261 1314//1261 1313//1261
f 1314//1262 1263//1262 1313//1262
f 1314//1263 1315//1263 1263//1263
f 1276//1264 1275//1264 1233//1264
f 1275//1265 1311//1265 1233//1265
f 1311//1266 1316//1266 1314//1266
f 1316//1267 1311//1267 1317//1267
f 1311//1268 1275//1268 1317//1268
f 1318//1269 1315//1269 1314//1269
f 1317//1270 1319//1270 1316//1270
f 1320//1271 1314//1271 1321//1271
f 1314//1272 1316//1272 1321//1272
f 1314//1273 1320//1273 1318//1273
f 1320//1274 1322//1274 1318//1274
f 1320//1275 1323//1275 1322//1275
f 1321//1276 1316//1276 1324//1276
f 1316//1277 1319//1277 1324//1277
f 1324//1278 1325//1278 1321//1278
f 1321//1279 1326//1279 1320//1279
f 1326//1280 1321//1280 1327//1280
f 1321//1281 1325//1281 1327//1281
f 1328//1282 1323//1282 1320//1282
f 1329//1283 1320//1283 1326//1283
f 1320//1284 1329//1284 1328//1284
f 1329//1285 1330//1285 1328//1285
f 1327//1286 1331//1286 1326//1286
f 1326//1287 1331//1287 1332//1287
f 1332//182 1293//182 1333//182
f 1292//182 1293//182 1331//182
f 1293//182 1332//182 1331//182
f 1331//182 1327//182 1292//182
f 1297//182 1292//182 1327//182
f 1327//182 1325//182 1297//182
f 1299//182 1297//182 1325//182
f 1280//1288 1334//1288 1286//1288
f 1325//182 1324//182 1299//182
f 1303//182 1299//182 1324//182
f 1324//182 1319//182 1303//182
f 1319//182 1305//182 1303//182
f 1334//1289 1280//1289 1215//1289
f 1308//182 1305//182 1319//182
f 1319//182 1317//182 1308//182
f 1309//182 1308//182 1317//182
f 1317//182 1275//182 1309//182
f 1272//182 1309//182 1275//182
f 1280//1290 1201//1290 1215//1290
f 1209//1291 1277//1291 1215//1291
f 1273//1292 1272//1292 1247//1292
f 1274//1292 1273//1292 1247//1292
f 1276//1188 1232//1188 1247//1188
f 1241//1292 1274//1292 1247//1292
f 1335//1293 1261//1293 1336//1293
f 1261//1294 1267//1294 1336//1294
f 1261//1295 1335//1295 1262//1295
f 1335//1296 1337//1296 1262//1296
f 1335//1297 1338//1297 1337//1297
f 1339//1298 1338//1298 1335//1298
f 1339//1299 1340//1299 1338//1299
f 1339//1300 1265//1300 1340//1300
f 1339//1301 1341//1301 1265//1301
f 1336//1302 1342//1302 1335//1302
f 1335//1303 1343//1303 1339//1303
f 1343//1304 1335//1304 1344//1304
f 1335//1305 1345//1305 1344//1305
f 1335//1306 1342//1306 1345//1306
f 1346//1307 1339//1307 1343//1307
f 1339//1308 1346//1308 1341//1308
f 1346//1309 1347//1309 1341//1309
f 1344//1310 1348//1310 1343//1310
f 1349//1311 1343//1311 1350//1311
f 1343//1312 1348//1312 1350//1312
f 1343//1313 1349//1313 1346//1313
f 1351//1313 1346//1313 1349//1313
f 1346//1314 1351//1314 1347//1314
f 1351//1315 1352//1315 1347//1315
f 1350//1316 1353//1316 1349//1316
f 1354//1317 1352//1317 1351//1317
f 1355//1318 1349//1318 1356//1318
f 1349//1319 1357//1319 1356//1319
f 1353//1320 1357//1320 1349//1320
f 1349//1321 1355//1321 1351//1321
f 1351//1322 1358//1322 1354//1322
f 1358//1321 1351//1321 1355//1321
f 1359//1323 1354//1323 1358//1323
f 1356//1324 1360//1324 1355//1324
f 1361//1325 1355//1325 1362//1325
f 1355//1326 1360//1326 1362//1326
f 1355//1327 1361//1327 1358//1327
f 1363//1327 1358//1327 1361//1327
f 1358//1328 1363//1328 1359//1328
f 1363//1329 1364//1329 1359//1329
f 1362//1330 1365//1330 1361//1330
f 1366//1331 1361//1331 1367//1331
f 1361//1332 1365//1332 1367//1332
f 1361//1333 1366//1333 1363//1333
f 1363//1334 1368//1334 1364//1334
f 1368//1335 1369//1335 1364//1335
f 1368//1333 1363//1333 1366//1333
f 1366//1336 1223//1336 1368//1336
f 1366//1337 1224//1337 1223//1337
f 1366//1338 1225//1338 1224//1338
f 1366//1339 1370//1339 1225//1339
f 1366//1340 1371//1340 1370//1340
f 1366//1341 1367//1341 1371//1341
f 1220//1342 1368//1342 1221//1342
f 1368//1343 1222//1343 1221//1343
f 1368//1344 1223//1344 1222//1344
f 1368//1345 1220//1345 1369//1345
f 1369//1346 1220//1346 1216//1346
f 1268//1347 1260//1347 1198//1347
f 1262//1348 1337//1348 1199//1348
f 1337//1349 1259//1349 1199//1349
f 1258//1350 1259//1350 1337//1350
f 1337//1351 1338//1351 1258//1351
f 1257//1352 1258//1352 1340//1352
f 1258//1353 1338//1353 1340//1353
f 1340//1354 1265//1354 1257//1354
f 1250//1355 1257//1355 1265//1355
f 1256//1356 1372//1356 1373//1356
f 1256//1357 1255//1357 1372//1357
f 1255//1358 1374//1358 1372//1358
f 1255//1359 1254//1359 1374//1359
f 1254//1360 1375//1360 1374//1360
f 1376//1361 1375//1361 1253//1361
f 1375//1362 1254//1362 1253//1362
f 1253//1363 1252//1363 1376//1363
f 1377//1364 1376//1364 1252//1364
f 1252//1365 1251//1365 1377//1365
f 1378//1366 1377//1366 1248//1366
f 1377//1367 1251//1367 1248//1367
f 1379//1368 1380//1368 1381//1368
f 1380//1369 1382//1369 1381//1369
f 1383//1322 1384//1322 1385//1322
f 1384//1321 1383//1321 1379//1321
f 1386//1323 1385//1323 1384//1323
f 1381//1370 1387//1370 1379//1370
f 1379//1327 1388//1327 1384//1327
f 1388//1371 1379//1371 1389//1371
f 1379//1372 1387//1372 1389//1372
f 1390//1327 1384//1327 1388//1327
f 1384//1328 1390//1328 1386//1328
f 1390//1373 1391//1373 1386//1373
f 1389//1374 1392//1374 1388//1374
f 1393//1375 1388//1375 1394//1375
f 1388//1376 1395//1376 1394//1376
f 1388//1377 1392//1377 1395//1377
f 1388//1378 1393//1378 1390//1378
f 1396//1333 1390//1333 1393//1333
f 1390//1334 1396//1334 1391//1334
f 1396//1379 1397//1379 1391//1379
f 1394//1380 1398//1380 1393//1380
f 1393//1381 1374//1381 1396//1381
f 1393//1382 1372//1382 1374//1382
f 1393//1383 1373//1383 1372//1383
f 1393//1384 1399//1384 1373//1384
f 1393//1385 1398//1385 1399//1385
f 1377//1386 1396//1386 1376//1386
f 1396//1387 1375//1387 1376//1387
f 1396//1388 1374//1388 1375//1388
f 1396//1389 1377//1389 1397//1389
f 1377//1390 1378//1390 1397//1390
f 1310//1391 1266//1391 1265//1391
f 1265//1392 1341//1392 1310//1392
f 1307//1393 1310//1393 1341//1393
f 1302//1394 1307//1394 1347//1394
f 1307//1395 1341//1395 1347//1395
f 1301//1396 1302//1396 1347//1396
f 1347//1397 1352//1397 1301//1397
f 1296//1398 1301//1398 1352//1398
f 1352//1399 1354//1399 1296//1399
f 1294//1400 1296//1400 1354//1400
f 1289//1401 1294//1401 1354//1401
f 1354//1402 1359//1402 1289//1402
f 1285//1403 1289//1403 1359//1403
f 1359//1404 1364//1404 1285//1404
f 1284//1405 1285//1405 1364//1405
f 1282//1406 1284//1406 1369//1406
f 1284//1407 1364//1407 1369//1407
f 1206//1408 1282//1408 1218//1408
f 1282//1408 1217//1408 1218//1408
f 1282//1409 1369//1409 1217//1409
f 1328//1401 1330//1401 1385//1401
f 1385//1402 1386//1402 1328//1402
f 1323//1403 1328//1403 1386//1403
f 1386//1404 1391//1404 1323//1404
f 1322//1405 1323//1405 1391//1405
f 1318//1406 1322//1406 1397//1406
f 1322//1410 1391//1410 1397//1410
f 1315//1411 1318//1411 1397//1411
f 1397//1412 1378//1412 1315//1412
f 1315//1413 1264//1413 1263//1413
f 1315//1414 1378//1414 1264//1414
f 1369//1415 1216//1415 1217//1415
f 1378//1416 1248//1416 1264//1416
f 1249//65 1264//65 1248//65
f 1256//270 1373//270 1198//270
f 1268//270 1198//270 1373//270
f 1225//270 1370//270 1231//270
f 1231//1417 1371//1417 1367//1417
f 1231//270 1370//270 1371//270
f 1121//1418 1145//1418 1400//1418
f 1145//1419 1401//1419 1400//1419
f 1401//1420 1402//1420 1400//1420
f 1402//1421 1403//1421 1400//1421
f 1403//1422 1146//1422 1400//1422
f 1400//1423 1146//1423 1136//1423
f 1132//65 1404//65 1149//65
f 1121//1424 1405//1424 1122//1424
f 1406//1425 1122//1425 1405//1425
f 1326//1426 1407//1426 1329//1426
f 1407//1427 1326//1427 1408//1427
f 1326//1428 1332//1428 1408//1428
f 1409//1429 1330//1429 1329//1429
f 1410//1430 1329//1430 1407//1430
f 1329//1431 1410//1431 1409//1431
f 1408//1432 1411//1432 1407//1432
f 1412//1433 1409//1433 1410//1433
f 1407//1434 1413//1434 1410//1434
f 1413//1435 1407//1435 1414//1435
f 1407//1436 1415//1436 1414//1436
f 1407//1437 1411//1437 1415//1437
f 1416//1438 1410//1438 1413//1438
f 1410//1439 1416//1439 1412//1439
f 1416//1440 1417//1440 1412//1440
f 1416//1441 1418//1441 1417//1441
f 1419//1442 1418//1442 1416//1442
f 1416//1443 1138//1443 1140//1443
f 1416//1444 1413//1444 1138//1444
f 1416//1445 1140//1445 1419//1445
f 1143//1446 1419//1446 1142//1446
f 1419//1447 1140//1447 1142//1447
f 1138//1448 1413//1448 1135//1448
f 1413//1449 1414//1449 1135//1449
f 1414//1450 1136//1450 1135//1450
f 1406//1451 1126//1451 1122//1451
f 1406//1452 1420//1452 1126//1452
f 1128//1453 1126//1453 1420//1453
f 1420//1454 1421//1454 1128//1454
f 1421//1455 1130//1455 1128//1455
f 1130//1456 1421//1456 1131//1456
f 1132//1457 1131//1457 1422//1457
f 1131//1458 1421//1458 1422//1458
f 1132//1459 1422//1459 1423//1459
f 1333//1460 1405//1460 1332//1460
f 1405//1461 1408//1461 1332//1461
f 1411//1461 1408//1461 1405//1461
f 1415//182 1411//182 1405//182
f 1414//1462 1415//1462 1400//1462
f 1415//1463 1405//1463 1400//1463
f 1405//1418 1121//1418 1400//1418
f 1400//1464 1136//1464 1414//1464
f 1424//1465 1186//1465 1189//1465
f 1186//1466 1425//1466 1184//1466
f 1425//1467 1114//1467 1184//1467
f 1425//1468 1117//1468 1114//1468
f 1425//1469 1186//1469 1426//1469
f 1186//1470 1427//1470 1426//1470
f 1186//1471 1428//1471 1427//1471
f 1186//1472 1424//1472 1428//1472
f 1182//1473 1117//1473 1429//1473
f 1429//1474 1154//1474 1182//1474
f 1429//1475 1430//1475 1154//1475
f 1429//1476 1117//1476 1425//1476
f 1431//1477 1430//1477 1429//1477
f 1425//1303 1432//1303 1429//1303
f 1432//1478 1425//1478 1433//1478
f 1425//1479 1426//1479 1433//1479
f 1434//1480 1429//1480 1432//1480
f 1429//1481 1434//1481 1431//1481
f 1435//1482 1431//1482 1434//1482
f 1433//1483 1436//1483 1432//1483
f 1380//1484 1432//1484 1437//1484
f 1432//1485 1436//1485 1437//1485
f 1432//1313 1380//1313 1434//1313
f 1434//1486 1383//1486 1435//1486
f 1383//1487 1438//1487 1435//1487
f 1383//1313 1434//1313 1380//1313
f 1437//1488 1439//1488 1380//1488
f 1385//1317 1438//1317 1383//1317
f 1380//1321 1379//1321 1383//1321
f 1439//1489 1382//1489 1380//1489
f 1154//1490 1430//1490 1163//1490
f 1430//1490 1162//1490 1163//1490
f 1430//1490 1143//1490 1162//1490
f 1419//1491 1143//1491 1430//1491
f 1418//1492 1419//1492 1430//1492
f 1430//1493 1431//1493 1418//1493
f 1417//1494 1418//1494 1431//1494
f 1431//1495 1435//1495 1417//1495
f 1412//1496 1417//1496 1435//1496
f 1435//1497 1438//1497 1412//1497
f 1409//1398 1412//1398 1438//1398
f 1438//1399 1385//1399 1409//1399
f 1330//1498 1409//1498 1385//1498
f 1426//1499 1427//1499 1433//1499
f 1440//1500 1441//1500 1442//1500
f 1443//1501 1444//1501 1440//1501
f 1444//1502 1441//1502 1440//1502
f 1445//1503 1446//1503 1447//1503
f 1445//1504 1448//1504 1446//1504
f 1448//1505 1449//1505 1446//1505
f 1448//1506 1450//1506 1449//1506
f 1448//1507 1451//1507 1450//1507
f 1448//1508 1452//1508 1451//1508
f 1448//1509 1453//1509 1452//1509
f 1448//1510 1454//1510 1453//1510
f 1455//1511 1456//1511 1457//1511
f 1458//1512 1459//1512 1456//1512
f 1460//1513 1441//1513 1444//1513
f 1444//1514 1461//1514 1460//1514
f 1462//1515 1460//1515 1461//1515
f 1461//1516 1463//1516 1462//1516
f 1464//1517 1462//1517 1463//1517
f 1463//1518 1465//1518 1464//1518
f 1466//1519 1464//1519 1465//1519
f 1465//1520 1467//1520 1466//1520
f 1468//1521 1466//1521 1467//1521
f 1467//1522 1469//1522 1468//1522
f 1469//1523 1470//1523 1471//1523
f 1441//1524 1460//1524 1442//1524
f 1472//1525 1442//1525 1462//1525
f 1442//1526 1460//1526 1462//1526
f 1450//1527 1451//1527 1473//1527
f 1473//1528 1474//1528 1450//1528
f 1474//1529 1449//1529 1450//1529
f 1446//1530 1449//1530 1474//1530
f 1474//1531 1475//1531 1446//1531
f 1476//1532 1446//1532 1475//1532
f 1475//1533 1477//1533 1476//1533
f 1477//1534 1478//1534 1476//1534
f 1479//1535 1478//1535 1477//1535
f 1477//1536 1480//1536 1479//1536
f 1481//1537 1479//1537 1482//1537
f 1479//1538 1483//1538 1482//1538
f 1479//1539 1484//1539 1483//1539
f 1479//1540 1485//1540 1484//1540
f 1479//1541 1480//1541 1485//1541
f 1480//1542 1486//1542 1487//1542
f 1487//1543 1485//1543 1480//1543
f 1486//1544 1488//1544 1487//1544
f 1489//1545 1488//1545 1486//1545
f 1490//1546 1491//1546 1489//1546
f 1446//1547 1476//1547 1447//1547
f 1492//1548 1447//1548 1476//1548
f 1492//1549 1493//1549 1447//1549
f 1476//1550 1478//1550 1492//1550
f 1494//1551 1493//1551 1492//1551
f 1495//1552 1492//1552 1479//1552
f 1492//1553 1478//1553 1479//1553
f 1492//1554 1495//1554 1494//1554
f 1496//1555 1494//1555 1495//1555
f 1479//1556 1481//1556 1495//1556
f 1495//1557 1497//1557 1498//1557
f 1495//1558 1481//1558 1497//1558
f 1495//1559 1498//1559 1496//1559
f 1498//1560 1499//1560 1496//1560
f 1500//1561 1499//1561 1501//1561
f 1499//1562 1498//1562 1501//1562
f 1502//1563 1503//1563 1443//1563
f 1504//1564 1443//1564 1503//1564
f 1505//1565 1444//1565 1443//1565
f 1505//1566 1443//1566 1504//1566
f 1503//1567 1506//1567 1504//1567
f 1461//1568 1444//1568 1505//1568
f 1507//1569 1504//1569 1508//1569
f 1504//1570 1506//1570 1508//1570
f 1504//1571 1507//1571 1505//1571
f 1505//1572 1509//1572 1461//1572
f 1509//1573 1463//1573 1461//1573
f 1509//1574 1505//1574 1507//1574
f 1508//1575 1510//1575 1507//1575
f 1465//1576 1463//1576 1509//1576
f 1507//1577 1511//1577 1509//1577
f 1511//1578 1507//1578 1512//1578
f 1507//1579 1510//1579 1512//1579
f 1509//1580 1513//1580 1465//1580
f 1513//1581 1467//1581 1465//1581
f 1513//1577 1509//1577 1511//1577
f 1512//1582 1514//1582 1511//1582
f 1469//1583 1467//1583 1513//1583
f 1515//1584 1511//1584 1514//1584
f 1511//1585 1515//1585 1513//1585
f 1513//1586 1516//1586 1469//1586
f 1516//1585 1513//1585 1515//1585
f 1514//1587 1517//1587 1515//1587
f 1470//1588 1469//1588 1516//1588
f 1518//1589 1515//1589 1519//1589
f 1515//1590 1517//1590 1519//1590
f 1515//1591 1518//1591 1516//1591
f 1520//1591 1516//1591 1518//1591
f 1516//1592 1520//1592 1470//1592
f 1520//1593 1521//1593 1470//1593
f 1522//1594 1521//1594 1520//1594
f 1523//1595 1524//1595 1491//1595
f 1489//1596 1491//1596 1524//1596
f 1524//1597 1525//1597 1489//1597
f 1488//1598 1489//1598 1526//1598
f 1489//1599 1527//1599 1526//1599
f 1489//1600 1525//1600 1527//1600
f 1526//1601 1528//1601 1488//1601
f 1528//1602 1487//1602 1488//1602
f 1485//1603 1487//1603 1528//1603
f 1528//1604 1529//1604 1485//1604
f 1484//1605 1485//1605 1529//1605
f 1529//1606 1530//1606 1484//1606
f 1483//1607 1484//1607 1530//1607
f 1530//1608 1531//1608 1483//1608
f 1482//1609 1483//1609 1531//1609
f 1531//1610 1532//1610 1482//1610
f 1481//1611 1482//1611 1532//1611
f 1532//1612 1533//1612 1481//1612
f 1533//1613 1497//1613 1481//1613
f 1498//1614 1497//1614 1533//1614
f 1533//1615 1534//1615 1498//1615
f 1534//1616 1535//1616 1498//1616
f 1501//1617 1498//1617 1535//1617
f 1500//1618 1501//1618 1536//1618
f 1501//1619 1535//1619 1536//1619
f 1535//1620 1534//1620 1537//1620
f 1537//1621 1538//1621 1535//1621
f 1538//1622 1539//1622 1535//1622
f 1539//1623 1536//1623 1535//1623
f 1540//1624 1536//1624 1539//1624
f 1539//1625 1541//1625 1540//1625
f 1542//1626 1540//1626 1541//1626
f 1541//1627 1543//1627 1542//1627
f 1544//1628 1542//1628 1543//1628
f 1543//1629 1545//1629 1544//1629
f 1546//1630 1544//1630 1545//1630
f 1545//1631 1547//1631 1546//1631
f 1548//1632 1546//1632 1547//1632
f 1547//1633 1549//1633 1548//1633
f 1548//1634 1550//1634 1551//1634
f 1548//1635 1549//1635 1550//1635
f 1552//1636 1550//1636 1553//1636
f 1552//1637 1551//1637 1550//1637
f 1553//1638 1554//1638 1555//1638
f 1502//1639 1443//1639 1556//1639
f 1557//1640 1519//1640 1558//1640
f 1519//1641 1517//1641 1558//1641
f 1517//1642 1514//1642 1558//1642
f 1514//1643 1512//1643 1558//1643
f 1556//1644 1558//1644 1502//1644
f 1558//1645 1503//1645 1502//1645
f 1558//1646 1506//1646 1503//1646
f 1558//1647 1508//1647 1506//1647
f 1558//1648 1510//1648 1508//1648
f 1558//1649 1512//1649 1510//1649
f 1554//1650 1559//1650 1555//1650
f 1560//1651 1561//1651 1562//1651
f 1563//1652 1564//1652 1538//1652
f 1564//1653 1539//1653 1538//1653
f 1564//1654 1563//1654 1560//1654
f 1563//1655 1561//1655 1560//1655
f 1541//1656 1539//1656 1564//1656
f 1560//1657 1565//1657 1564//1657
f 1566//1658 1564//1658 1565//1658
f 1564//1659 1566//1659 1541//1659
f 1543//1660 1541//1660 1566//1660
f 1565//1661 1567//1661 1566//1661
f 1566//1662 1568//1662 1543//1662
f 1568//1663 1545//1663 1543//1663
f 1568//1664 1566//1664 1567//1664
f 1547//1665 1545//1665 1568//1665
f 1567//1666 1569//1666 1568//1666
f 1568//1667 1570//1667 1547//1667
f 1570//1668 1568//1668 1569//1668
f 1549//1669 1547//1669 1570//1669
f 1569//1670 1571//1670 1554//1670
f 1554//1671 1570//1671 1569//1671
f 1570//1672 1553//1672 1549//1672
f 1570//1673 1554//1673 1553//1673
f 1549//1674 1553//1674 1550//1674
f 1572//1675 1562//1675 1561//1675
f 1573//1676 1561//1676 1538//1676
f 1561//1677 1563//1677 1538//1677
f 1561//1678 1573//1678 1572//1678
f 1538//1679 1574//1679 1573//1679
f 1574//1680 1538//1680 1457//1680
f 1575//1681 1572//1681 1573//1681
f 1576//1682 1573//1682 1574//1682
f 1573//1683 1576//1683 1575//1683
f 1457//1684 1456//1684 1574//1684
f 1574//1685 1577//1685 1576//1685
f 1577//1686 1574//1686 1456//1686
f 1578//1687 1575//1687 1576//1687
f 1575//1688 1578//1688 1579//1688
f 1580//1689 1576//1689 1577//1689
f 1576//1690 1580//1690 1578//1690
f 1581//1691 1579//1691 1578//1691
f 1456//1692 1459//1692 1577//1692
f 1582//1693 1577//1693 1459//1693
f 1577//1694 1582//1694 1580//1694
f 1583//1695 1578//1695 1584//1695
f 1578//1696 1580//1696 1584//1696
f 1578//1697 1583//1697 1581//1697
f 1584//1698 1580//1698 1582//1698
f 1581//1699 1585//1699 1586//1699
f 1585//1700 1581//1700 1583//1700
f 1587//1701 1586//1701 1585//1701
f 1459//1702 1588//1702 1582//1702
f 1582//1703 1589//1703 1584//1703
f 1589//1704 1582//1704 1590//1704
f 1582//1702 1588//1702 1590//1702
f 1584//1705 1591//1705 1583//1705
f 1537//1706 1534//1706 1538//1706
f 1534//1707 1533//1707 1538//1707
f 1533//1708 1532//1708 1538//1708
f 1532//1709 1531//1709 1538//1709
f 1531//1710 1530//1710 1538//1710
f 1592//1711 1530//1711 1593//1711
f 1530//1712 1529//1712 1593//1712
f 1529//1713 1528//1713 1593//1713
f 1528//1714 1526//1714 1593//1714
f 1530//1715 1592//1715 1538//1715
f 1457//1716 1538//1716 1592//1716
f 1524//1717 1593//1717 1525//1717
f 1593//1718 1527//1718 1525//1718
f 1593//1719 1526//1719 1527//1719
f 1593//1720 1594//1720 1592//1720
f 1592//1721 1595//1721 1457//1721
f 1595//1722 1455//1722 1457//1722
f 1595//1723 1592//1723 1594//1723
f 1456//1722 1455//1722 1595//1722
f 1594//1724 1596//1724 1595//1724
f 1597//1725 1595//1725 1596//1725
f 1595//1726 1597//1726 1456//1726
f 1597//1727 1458//1727 1456//1727
f 1459//1727 1458//1727 1597//1727
f 1598//1728 1597//1728 1599//1728
f 1597//1729 1598//1729 1459//1729
f 1598//1730 1588//1730 1459//1730
f 1590//1730 1588//1730 1598//1730
f 1598//1731 1600//1731 1590//1731
f 1601//1732 1590//1732 1600//1732
f 1602//65 1551//65 1552//65
f 1548//65 1551//65 1602//65
f 1602//1733 1603//1733 1548//1733
f 1546//1734 1548//1734 1603//1734
f 1544//1735 1546//1735 1447//1735
f 1546//1736 1603//1736 1447//1736
f 1542//65 1544//65 1500//65
f 1544//65 1493//65 1500//65
f 1544//1737 1447//1737 1493//1737
f 1493//65 1494//65 1500//65
f 1499//65 1500//65 1494//65
f 1500//65 1536//65 1542//65
f 1536//65 1540//65 1542//65
f 1494//65 1496//65 1499//65
f 1604//1738 1605//1738 1606//1738
f 1442//1739 1472//1739 1607//1739
f 1462//1740 1464//1740 1472//1740
f 1608//1741 1472//1741 1466//1741
f 1472//1742 1464//1742 1466//1742
f 1609//1743 1610//1743 1611//1743
f 1610//1744 1612//1744 1611//1744
f 1610//1745 1609//1745 1613//1745
f 1609//1746 1604//1746 1613//1746
f 1613//1747 1614//1747 1610//1747
f 1615//1748 1616//1748 1617//1748
f 1618//1749 1619//1749 1620//1749
f 1618//1750 1621//1750 1619//1750
f 1620//1751 1622//1751 1618//1751
f 1605//1752 1621//1752 1618//1752
f 1606//1753 1618//1753 1622//1753
f 1618//1754 1606//1754 1605//1754
f 1622//1755 1614//1755 1613//1755
f 1622//1756 1613//1756 1606//1756
f 1604//1757 1606//1757 1613//1757
f 1590//1758 1601//1758 1589//1758
f 1623//1759 1624//1759 1625//1759
f 1625//1760 1626//1760 1623//1760
f 1626//1761 1625//1761 1611//1761
f 1611//1762 1612//1762 1626//1762
f 1600//1763 1624//1763 1601//1763
f 1627//65 1628//65 1629//65
f 1628//65 1630//65 1631//65
f 1630//1764 1619//1764 1631//1764
f 1632//1765 1454//1765 1633//1765
f 1634//1766 1635//1766 1632//1766
f 1632//1767 1636//1767 1454//1767
f 1636//1768 1453//1768 1454//1768
f 1636//1769 1632//1769 1637//1769
f 1632//1770 1635//1770 1637//1770
f 1452//1771 1453//1771 1636//1771
f 1637//1772 1638//1772 1636//1772
f 1636//1773 1639//1773 1452//1773
f 1639//1774 1473//1774 1452//1774
f 1639//1775 1636//1775 1640//1775
f 1636//1776 1638//1776 1640//1776
f 1474//1777 1473//1777 1639//1777
f 1640//1778 1641//1778 1639//1778
f 1639//1779 1642//1779 1474//1779
f 1639//1780 1641//1780 1643//1780
f 1452//1781 1473//1781 1451//1781
f 1644//1782 1645//1782 1629//1782
f 1645//1783 1644//1783 1646//1783
f 1644//1784 1647//1784 1646//1784
f 1629//1785 1631//1785 1644//1785
f 1648//1786 1647//1786 1644//1786
f 1644//1787 1611//1787 1648//1787
f 1611//1788 1644//1788 1609//1788
f 1644//1789 1604//1789 1609//1789
f 1644//1790 1631//1790 1604//1790
f 1648//1791 1611//1791 1625//1791
f 1596//1792 1599//1792 1597//1792
f 1599//1793 1596//1793 1649//1793
f 1599//1794 1650//1794 1598//1794
f 1650//1795 1599//1795 1649//1795
f 1649//1796 1647//1796 1650//1796
f 1646//1797 1647//1797 1649//1797
f 1600//1798 1598//1798 1650//1798
f 1650//1799 1651//1799 1600//1799
f 1651//1800 1650//1800 1647//1800
f 1647//1801 1648//1801 1651//1801
f 1624//1802 1600//1802 1651//1802
f 1651//1803 1625//1803 1624//1803
f 1625//1804 1651//1804 1648//1804
f 1627//65 1629//65 1652//65
f 1628//65 1631//65 1629//65
f 1619//1805 1621//1805 1631//1805
f 1621//65 1605//65 1631//65
f 1631//1806 1605//1806 1604//1806
f 1653//65 1654//65 1655//65
f 1448//1807 1656//1807 1633//1807
f 1633//1808 1656//1808 1657//1808
f 1658//1809 1633//1809 1657//1809
f 1659//1810 1660//1810 1633//1810
f 1658//1811 1659//1811 1633//1811
f 1661//1812 1660//1812 1659//1812
f 1662//1813 1661//1813 1659//1813
f 1663//1814 1662//1814 1659//1814
f 1659//1815 1664//1815 1663//1815
f 1632//1816 1661//1816 1634//1816
f 1632//1817 1633//1817 1660//1817
f 1661//1818 1632//1818 1660//1818
f 1634//1819 1661//1819 1662//1819
f 1634//1820 1662//1820 1663//1820
f 1633//1821 1454//1821 1448//1821
f 1665//1822 1666//1822 1667//1822
f 1654//65 1668//65 1655//65
f 1668//65 1627//65 1655//65
f 1652//65 1655//65 1627//65
f 1669//1823 1670//1823 1671//1823
f 1642//1824 1475//1824 1474//1824
f 1642//1825 1639//1825 1643//1825
f 1477//1826 1475//1826 1642//1826
f 1643//1827 1672//1827 1642//1827
f 1642//1828 1673//1828 1477//1828
f 1673//1829 1480//1829 1477//1829
f 1673//1830 1642//1830 1674//1830
f 1642//1831 1672//1831 1674//1831
f 1486//1832 1480//1832 1673//1832
f 1674//1833 1675//1833 1673//1833
f 1676//1834 1673//1834 1677//1834
f 1673//1835 1675//1835 1677//1835
f 1673//1836 1676//1836 1486//1836
f 1676//1837 1490//1837 1486//1837
f 1678//1838 1490//1838 1676//1838
f 1677//1839 1679//1839 1676//1839
f 1680//1840 1681//1840 1676//1840
f 1681//1841 1682//1841 1676//1841
f 1682//1842 1678//1842 1676//1842
f 1680//1843 1676//1843 1679//1843
f 1679//1844 1683//1844 1680//1844
f 1683//1845 1684//1845 1685//1845
f 1685//1846 1680//1846 1683//1846
f 1486//1847 1490//1847 1489//1847
f 1686//1848 1491//1848 1490//1848
f 1490//1849 1678//1849 1686//1849
f 1687//1850 1688//1850 1689//1850
f 1690//1851 1691//1851 1687//1851
f 1692//1852 1693//1852 1694//1852
f 1692//1853 1695//1853 1690//1853
f 1696//1854 1693//1854 1692//1854
f 1689//1855 1697//1855 1687//1855
f 1698//1856 1687//1856 1697//1856
f 1687//1857 1698//1857 1690//1857
f 1690//1858 1699//1858 1692//1858
f 1699//1857 1690//1857 1698//1857
f 1700//1859 1692//1859 1699//1859
f 1692//1860 1700//1860 1696//1860
f 1700//1861 1701//1861 1696//1861
f 1697//1862 1702//1862 1698//1862
f 1703//1863 1698//1863 1702//1863
f 1698//1864 1703//1864 1699//1864
f 1699//1865 1704//1865 1700//1865
f 1704//1866 1699//1866 1703//1866
f 1705//1867 1701//1867 1700//1867
f 1700//1868 1706//1868 1705//1868
f 1706//1869 1707//1869 1705//1869
f 1706//1870 1700//1870 1704//1870
f 1702//1871 1708//1871 1703//1871
f 1703//1872 1709//1872 1704//1872
f 1709//1873 1703//1873 1710//1873
f 1703//1874 1708//1874 1710//1874
f 1704//1875 1711//1875 1706//1875
f 1711//1872 1704//1872 1709//1872
f 1712//1876 1707//1876 1706//1876
f 1713//1877 1706//1877 1711//1877
f 1706//1878 1713//1878 1712//1878
f 1713//1879 1714//1879 1712//1879
f 1710//1880 1715//1880 1709//1880
f 1709//1881 1716//1881 1711//1881
f 1716//1882 1709//1882 1715//1882
f 1711//1883 1717//1883 1713//1883
f 1717//1884 1711//1884 1716//1884
f 1715//1885 1718//1885 1716//1885
f 1716//1886 1719//1886 1720//1886
f 1716//1887 1718//1887 1719//1887
f 1716//1888 1720//1888 1717//1888
f 1713//1889 1717//1889 1721//1889
f 1717//1890 1720//1890 1721//1890
f 1722//1891 1723//1891 1523//1891
f 1723//1892 1524//1892 1523//1892
f 1723//1893 1722//1893 1724//1893
f 1523//1894 1725//1894 1722//1894
f 1671//1895 1722//1895 1669//1895
f 1722//1896 1725//1896 1669//1896
f 1722//1897 1671//1897 1724//1897
f 1714//1898 1724//1898 1712//1898
f 1724//1899 1726//1899 1712//1899
f 1726//1900 1724//1900 1670//1900
f 1724//1901 1671//1901 1670//1901
f 1707//1902 1712//1902 1726//1902
f 1670//1903 1727//1903 1726//1903
f 1726//1904 1728//1904 1707//1904
f 1728//1905 1705//1905 1707//1905
f 1728//1906 1726//1906 1729//1906
f 1726//1907 1727//1907 1729//1907
f 1729//1908 1730//1908 1728//1908
f 1701//1909 1705//1909 1728//1909
f 1731//1910 1728//1910 1732//1910
f 1728//1911 1730//1911 1732//1911
f 1728//1912 1731//1912 1701//1912
f 1731//1913 1696//1913 1701//1913
f 1732//1914 1733//1914 1731//1914
f 1693//1915 1696//1915 1731//1915
f 1731//1916 1733//1916 1734//1916
f 1731//1917 1734//1917 1693//1917
f 1693//1918 1734//1918 1735//1918
f 1729//1919 1727//1919 1684//1919
f 1727//1920 1685//1920 1684//1920
f 1680//1921 1685//1921 1727//1921
f 1727//1922 1670//1922 1680//1922
f 1681//1923 1680//1923 1670//1923
f 1670//1924 1669//1924 1681//1924
f 1669//1925 1682//1925 1681//1925
f 1678//1926 1682//1926 1669//1926
f 1669//1927 1725//1927 1678//1927
f 1686//1928 1678//1928 1725//1928
f 1725//1929 1523//1929 1686//1929
f 1491//1930 1686//1930 1523//1930
f 1719//1931 1736//1931 1720//1931
f 1736//1932 1721//1932 1720//1932
f 1645//1933 1713//1933 1721//1933
f 1645//1934 1714//1934 1713//1934
f 1645//1935 1737//1935 1714//1935
f 1645//1936 1646//1936 1737//1936
f 1645//1937 1721//1937 1736//1937
f 1736//1938 1652//1938 1645//1938
f 1645//1939 1652//1939 1629//1939
f 1593//1940 1524//1940 1723//1940
f 1738//1941 1723//1941 1724//1941
f 1723//1942 1738//1942 1593//1942
f 1594//1943 1593//1943 1738//1943
f 1714//1944 1737//1944 1724//1944
f 1737//1945 1738//1945 1724//1945
f 1738//1946 1646//1946 1649//1946
f 1738//1947 1737//1947 1646//1947
f 1738//1948 1649//1948 1594//1948
f 1596//1949 1594//1949 1649//1949
f 1635//1950 1634//1950 1734//1950
f 1734//1951 1733//1951 1635//1951
f 1637//544 1635//544 1733//544
f 1733//544 1732//544 1637//544
f 1638//544 1637//544 1732//544
f 1732//544 1730//544 1638//544
f 1640//544 1638//544 1684//544
f 1638//544 1730//544 1684//544
f 1730//544 1729//544 1684//544
f 1684//544 1683//544 1640//544
f 1641//544 1640//544 1683//544
f 1683//544 1679//544 1641//544
f 1643//544 1641//544 1679//544
f 1679//544 1677//544 1643//544
f 1672//544 1643//544 1677//544
f 1677//544 1675//544 1672//544
f 1674//544 1672//544 1675//544
f 1708//65 1702//65 1739//65
f 1710//65 1708//65 1740//65
f 1715//65 1710//65 1741//65
f 1718//65 1715//65 1742//65
f 1743//65 1719//65 1718//65
f 1736//65 1719//65 1655//65
f 1719//65 1743//65 1655//65
f 1742//65 1743//65 1718//65
f 1741//65 1742//65 1715//65
f 1740//65 1741//65 1710//65
f 1739//65 1740//65 1708//65
f 1744//65 1739//65 1702//65
f 1702//65 1697//65 1744//65
f 1745//65 1744//65 1697//65
f 1697//65 1689//65 1745//65
f 1746//65 1745//65 1689//65
f 1689//65 1747//65 1746//65
f 1748//65 1746//65 1747//65
f 1734//1952 1634//1952 1663//1952
f 1749//1953 1734//1953 1663//1953
f 1664//1954 1750//1954 1751//1954
f 1664//544 1751//544 1752//544
f 1664//544 1752//544 1753//544
f 1664//544 1753//544 1754//544
f 1664//544 1754//544 1755//544
f 1664//544 1755//544 1756//544
f 1664//544 1756//544 1757//544
f 1664//544 1757//544 1758//544
f 1664//544 1758//544 1749//544
f 1663//1955 1664//1955 1749//1955
f 1759//1956 1750//1956 1664//1956
f 1758//1957 1760//1957 1761//1957
f 1749//1958 1758//1958 1761//1958
f 1762//1959 1760//1959 1758//1959
f 1758//1960 1757//1960 1762//1960
f 1763//1961 1762//1961 1757//1961
f 1757//1962 1756//1962 1763//1962
f 1764//1963 1763//1963 1756//1963
f 1756//1964 1755//1964 1764//1964
f 1765//1965 1764//1965 1755//1965
f 1755//1966 1754//1966 1765//1966
f 1766//1967 1765//1967 1754//1967
f 1754//1968 1753//1968 1766//1968
f 1752//1969 1751//1969 1767//1969
f 1751//1970 1750//1970 1767//1970
f 1768//1971 1769//1971 1759//1971
f 1760//1972 1770//1972 1771//1972
f 1761//1973 1760//1973 1771//1973
f 1772//1974 1746//1974 1748//1974
f 1772//1975 1748//1975 1773//1975
f 1772//1976 1773//1976 1774//1976
f 1775//1977 1772//1977 1774//1977
f 1775//1978 1774//1978 1776//1978
f 1775//1979 1776//1979 1777//1979
f 1770//1980 1775//1980 1777//1980
f 1775//1981 1770//1981 1760//1981
f 1760//1982 1762//1982 1775//1982
f 1745//1983 1746//1983 1772//1983
f 1778//1984 1744//1984 1745//1984
f 1772//1985 1778//1985 1745//1985
f 1778//1986 1772//1986 1775//1986
f 1775//1987 1762//1987 1763//1987
f 1779//1988 1775//1988 1763//1988
f 1775//1989 1779//1989 1778//1989
f 1763//1990 1764//1990 1779//1990
f 1739//1991 1744//1991 1778//1991
f 1780//1992 1778//1992 1779//1992
f 1778//1993 1780//1993 1739//1993
f 1779//1994 1781//1994 1780//1994
f 1779//1995 1764//1995 1765//1995
f 1781//1996 1779//1996 1765//1996
f 1740//1997 1739//1997 1780//1997
f 1765//1998 1766//1998 1781//1998
f 1782//1999 1780//1999 1781//1999
f 1782//2000 1741//2000 1740//2000
f 1780//2001 1782//2001 1740//2001
f 1781//2002 1783//2002 1782//2002
f 1781//2003 1766//2003 1767//2003
f 1781//2004 1767//2004 1783//2004
f 1742//2005 1741//2005 1782//2005
f 1784//2006 1782//2006 1783//2006
f 1782//2007 1784//2007 1742//2007
f 1743//2008 1742//2008 1784//2008
f 1783//2009 1767//2009 1769//2009
f 1783//2010 1785//2010 1786//2010
f 1784//2011 1787//2011 1788//2011
f 1789//2012 1784//2012 1788//2012
f 1784//2013 1789//2013 1743//2013
f 1743//2014 1789//2014 1790//2014
f 1655//2015 1743//2015 1790//2015
f 1693//2016 1735//2016 1791//2016
f 1694//2017 1693//2017 1791//2017
f 1692//2018 1694//2018 1792//2018
f 1695//2019 1692//2019 1792//2019
f 1690//2020 1695//2020 1691//2020
f 1687//2021 1691//2021 1688//2021
f 1689//2022 1688//2022 1793//2022
f 1747//2023 1689//2023 1793//2023
f 1694//1637 1791//1637 1761//1637
f 1761//1637 1791//1637 1735//1637
f 1761//2024 1735//2024 1734//2024
f 1749//2025 1761//2025 1734//2025
f 1747//2026 1793//2026 1748//2026
f 1773//2027 1748//2027 1793//2027
f 1793//2028 1688//2028 1773//2028
f 1774//2029 1773//2029 1688//2029
f 1688//2030 1691//2030 1774//2030
f 1776//2031 1774//2031 1691//2031
f 1777//2032 1776//2032 1691//2032
f 1691//2033 1695//2033 1777//2033
f 1770//2034 1777//2034 1695//2034
f 1695//2035 1792//2035 1770//2035
f 1771//2036 1770//2036 1792//2036
f 1792//2037 1694//2037 1771//2037
f 1761//2038 1771//2038 1694//2038
f 1787//2039 1783//2039 1786//2039
f 1787//2040 1784//2040 1783//2040
f 1768//2041 1785//2041 1769//2041
f 1769//2042 1785//2042 1783//2042
f 1759//2043 1769//2043 1750//2043
f 1750//1970 1769//1970 1767//1970
f 1752//2044 1767//2044 1766//2044
f 1752//2045 1766//2045 1753//2045
f 1652//65 1736//65 1655//65
f 1794//2046 1664//2046 1659//2046
f 1795//2047 1628//2047 1627//2047
f 1796//65 1797//65 1655//65
f 1798//2048 1796//2048 1655//2048
f 1628//2049 1795//2049 1799//2049
f 1665//2050 1800//2050 1801//2050
f 1665//2051 1801//2051 1799//2051
f 1799//2052 1795//2052 1665//2052
f 1665//2053 1795//2053 1627//2053
f 1665//182 1627//182 1802//182
f 1802//182 1803//182 1804//182
f 1802//182 1627//182 1803//182
f 1797//65 1653//65 1655//65
f 1624//2054 1805//2054 1601//2054
f 1806//2055 1615//2055 1807//2055
f 1807//2056 1808//2056 1806//2056
f 1612//2057 1806//2057 1808//2057
f 1808//2058 1626//2058 1612//2058
f 1809//2059 1810//2059 1811//2059
f 1812//2060 1807//2060 1615//2060
f 1812//2061 1615//2061 1813//2061
f 1812//2062 1813//2062 1810//2062
f 1810//2063 1809//2063 1814//2063
f 1812//2064 1810//2064 1814//2064
f 1808//2065 1807//2065 1812//2065
f 1814//2066 1815//2066 1812//2066
f 1623//2067 1626//2067 1808//2067
f 1812//2068 1623//2068 1808//2068
f 1623//2069 1812//2069 1815//2069
f 1815//2070 1816//2070 1623//2070
f 1624//2071 1623//2071 1816//2071
f 1816//2072 1805//2072 1624//2072
f 1817//2073 1818//2073 1819//2073
f 1819//2074 1816//2074 1820//2074
f 1819//2075 1818//2075 1805//2075
f 1819//2076 1805//2076 1816//2076
f 1820//2077 1816//2077 1815//2077
f 1820//2078 1815//2078 1821//2078
f 1821//2079 1815//2079 1814//2079
f 1822//2080 1814//2080 1809//2080
f 1601//2081 1805//2081 1818//2081
f 1591//2082 1818//2082 1817//2082
f 1589//2083 1601//2083 1818//2083
f 1823//2084 1824//2084 1617//2084
f 1823//2085 1617//2085 1614//2085
f 1622//2086 1823//2086 1614//2086
f 1825//2087 1824//2087 1823//2087
f 1826//2088 1823//2088 1622//2088
f 1823//2089 1826//2089 1825//2089
f 1622//2090 1620//2090 1826//2090
f 1827//2091 1825//2091 1826//2091
f 1826//2092 1828//2092 1827//2092
f 1828//2093 1826//2093 1620//2093
f 1620//2094 1829//2094 1828//2094
f 1829//2095 1620//2095 1619//2095
f 1830//2096 1827//2096 1828//2096
f 1619//2097 1831//2097 1829//2097
f 1831//2098 1619//2098 1630//2098
f 1832//2099 1830//2099 1828//2099
f 1832//2100 1828//2100 1829//2100
f 1630//2101 1628//2101 1831//2101
f 1800//2102 1832//2102 1829//2102
f 1829//2103 1801//2103 1800//2103
f 1801//2104 1829//2104 1831//2104
f 1799//2105 1831//2105 1628//2105
f 1831//2106 1799//2106 1801//2106
f 1665//2107 1830//2107 1832//2107
f 1665//2108 1832//2108 1800//2108
f 1830//2109 1607//2109 1827//2109
f 1825//2110 1827//2110 1607//2110
f 1824//2111 1825//2111 1607//2111
f 1607//2112 1833//2112 1824//2112
f 1824//2113 1833//2113 1834//2113
f 1617//2114 1824//2114 1834//2114
f 1835//2115 1617//2115 1834//2115
f 1836//2116 1835//2116 1834//2116
f 1834//2117 1837//2117 1836//2117
f 1836//2118 1837//2118 1838//2118
f 1835//2119 1836//2119 1839//2119
f 1839//2120 1615//2120 1835//2120
f 1617//2121 1835//2121 1615//2121
f 1615//2122 1806//2122 1616//2122
f 1840//2123 1614//2123 1617//2123
f 1840//2124 1617//2124 1616//2124
f 1840//2125 1616//2125 1806//2125
f 1840//2126 1610//2126 1614//2126
f 1840//2127 1806//2127 1612//2127
f 1610//2128 1840//2128 1612//2128
f 1841//2129 1842//2129 1822//2129
f 1843//2130 1822//2130 1809//2130
f 1822//2131 1843//2131 1841//2131
f 1809//2132 1811//2132 1843//2132
f 1844//2133 1843//2133 1811//2133
f 1844//2134 1845//2134 1841//2134
f 1843//2135 1844//2135 1841//2135
f 1811//2136 1810//2136 1844//2136
f 1846//2137 1844//2137 1810//2137
f 1844//2138 1846//2138 1845//2138
f 1810//2139 1813//2139 1846//2139
f 1839//2140 1838//2140 1845//2140
f 1846//2141 1839//2141 1845//2141
f 1846//2142 1813//2142 1615//2142
f 1846//2143 1615//2143 1839//2143
f 1838//2144 1839//2144 1836//2144
f 1847//2145 1848//2145 1849//2145
f 1847//2146 1842//2146 1841//2146
f 1848//2147 1847//2147 1841//2147
f 1849//2148 1608//2148 1468//2148
f 1608//2145 1849//2145 1848//2145
f 1466//2149 1468//2149 1608//2149
f 1848//2150 1850//2150 1608//2150
f 1472//2151 1608//2151 1850//2151
f 1850//2152 1607//2152 1472//2152
f 1833//2153 1607//2153 1850//2153
f 1834//2154 1833//2154 1850//2154
f 1850//2155 1837//2155 1834//2155
f 1850//2156 1845//2156 1838//2156
f 1850//2157 1838//2157 1837//2157
f 1841//2158 1850//2158 1848//2158
f 1841//2159 1845//2159 1850//2159
f 1665//2160 1607//2160 1830//2160
f 1665//2161 1442//2161 1607//2161
f 1851//2162 1852//2162 1853//2162
f 1854//2163 1852//2163 1851//2163
f 1851//2164 1855//2164 1854//2164
f 1855//2165 1856//2165 1854//2165
f 1857//2166 1856//2166 1855//2166
f 1858//2167 1857//2167 1855//2167
f 1855//2168 1859//2168 1858//2168
f 1860//2169 1858//2169 1859//2169
f 1861//2170 1860//2170 1859//2170
f 1862//2171 1863//2171 1861//2171
f 1864//2172 1863//2172 1862//2172
f 1471//2173 1468//2173 1469//2173
f 1865//2174 1471//2174 1470//2174
f 1470//2175 1521//2175 1865//2175
f 1866//2176 1865//2176 1521//2176
f 1521//2177 1522//2177 1866//2177
f 1867//2178 1866//2178 1522//2178
f 1522//2179 1868//2179 1867//2179
f 1869//2180 1867//2180 1868//2180
f 1868//2181 1870//2181 1869//2181
f 1871//2182 1869//2182 1872//2182
f 1853//2183 1873//2183 1851//2183
f 1874//2184 1875//2184 1853//2184
f 1875//2185 1874//2185 1876//2185
f 1877//2186 1878//2186 1879//2186
f 1877//2187 1880//2187 1878//2187
f 1877//2188 1876//2188 1880//2188
f 1879//2189 1881//2189 1882//2189
f 1883//2190 1882//2190 1884//2190
f 1884//2191 1885//2191 1883//2191
f 1882//2192 1886//2192 1884//2192
f 1882//2193 1881//2193 1886//2193
f 1887//2194 1888//2194 1885//2194
f 1888//2195 1883//2195 1885//2195
f 1889//2196 1883//2196 1888//2196
f 1888//2197 1890//2197 1889//2197
f 1890//2198 1891//2198 1892//2198
f 1891//2199 1893//2199 1894//2199
f 1894//2200 1893//2200 1871//2200
f 1468//2201 1471//2201 1849//2201
f 1895//2202 1842//2202 1847//2202
f 1896//2203 1849//2203 1865//2203
f 1849//2204 1471//2204 1865//2204
f 1849//2205 1896//2205 1847//2205
f 1897//2205 1847//2205 1896//2205
f 1847//2206 1897//2206 1895//2206
f 1897//2207 1898//2207 1895//2207
f 1865//2208 1866//2208 1896//2208
f 1899//2209 1898//2209 1897//2209
f 1900//2210 1896//2210 1867//2210
f 1896//2211 1866//2211 1867//2211
f 1896//2212 1900//2212 1897//2212
f 1901//2212 1897//2212 1900//2212
f 1897//2213 1901//2213 1899//2213
f 1901//2214 1902//2214 1899//2214
f 1867//2215 1869//2215 1900//2215
f 1903//2216 1902//2216 1901//2216
f 1900//2217 1891//2217 1901//2217
f 1900//2218 1893//2218 1891//2218
f 1900//2219 1871//2219 1893//2219
f 1900//2220 1869//2220 1871//2220
f 1887//2221 1901//2221 1888//2221
f 1901//2222 1890//2222 1888//2222
f 1901//2223 1891//2223 1890//2223
f 1901//2224 1887//2224 1903//2224
f 1904//2225 1905//2225 1906//2225
f 1904//2226 1907//2226 1905//2226
f 1904//2227 1908//2227 1907//2227
f 1907//2228 1909//2228 1905//2228
f 1909//2229 1906//2229 1905//2229
f 1909//2230 1910//2230 1906//2230
f 1911//2231 1912//2231 1910//2231
f 1911//2232 1910//2232 1909//2232
f 1909//2233 1913//2233 1911//2233
f 1914//2234 1911//2234 1913//2234
f 1911//2235 1914//2235 1915//2235
f 1913//2236 1916//2236 1914//2236
f 1914//2237 1917//2237 1918//2237
f 1914//2238 1919//2238 1917//2238
f 1914//2239 1920//2239 1919//2239
f 1914//2240 1916//2240 1920//2240
f 1921//2241 1922//2241 1822//2241
f 1921//2242 1822//2242 1842//2242
f 1842//2243 1895//2243 1921//2243
f 1923//2244 1922//2244 1921//2244
f 1924//2245 1921//2245 1895//2245
f 1921//2246 1924//2246 1923//2246
f 1895//2247 1898//2247 1924//2247
f 1925//2248 1923//2248 1924//2248
f 1926//2249 1924//2249 1898//2249
f 1924//2250 1926//2250 1925//2250
f 1898//2251 1899//2251 1926//2251
f 1927//2252 1925//2252 1926//2252
f 1928//2253 1926//2253 1899//2253
f 1926//2254 1928//2254 1927//2254
f 1929//2255 1927//2255 1928//2255
f 1899//2256 1902//2256 1928//2256
f 1928//2257 1930//2257 1929//2257
f 1930//2258 1928//2258 1902//2258
f 1931//2259 1929//2259 1930//2259
f 1902//2260 1903//2260 1930//2260
f 1932//2261 1930//2261 1903//2261
f 1930//2262 1932//2262 1931//2262
f 1920//2263 1931//2263 1932//2263
f 1903//2264 1887//2264 1932//2264
f 1932//2265 1933//2265 1920//2265
f 1933//2266 1932//2266 1885//2266
f 1932//2267 1887//2267 1885//2267
f 1919//2268 1920//2268 1933//2268
f 1885//2269 1884//2269 1933//2269
f 1933//2270 1934//2270 1919//2270
f 1934//2271 1917//2271 1919//2271
f 1934//2272 1933//2272 1884//2272
f 1884//2273 1886//2273 1934//2273
f 1934//2274 1881//2274 1917//2274
f 1881//2275 1935//2275 1917//2275
f 1934//2276 1886//2276 1881//2276
f 1881//2277 1879//2277 1935//2277
f 1879//2278 1878//2278 1935//2278
f 1878//2279 1880//2279 1935//2279
f 1591//2280 1584//2280 1589//2280
f 1583//2281 1936//2281 1585//2281
f 1936//2282 1583//2282 1591//2282
f 1937//2283 1585//2283 1936//2283
f 1585//2284 1937//2284 1587//2284
f 1938//2285 1587//2285 1937//2285
f 1587//2286 1938//2286 1939//2286
f 1938//2287 1940//2287 1939//2287
f 1589//2288 1818//2288 1591//2288
f 1591//2289 1941//2289 1936//2289
f 1941//2290 1591//2290 1942//2290
f 1591//2291 1817//2291 1942//2291
f 1943//2292 1936//2292 1944//2292
f 1936//2293 1941//2293 1944//2293
f 1936//2294 1943//2294 1937//2294
f 1937//2295 1945//2295 1938//2295
f 1937//2296 1946//2296 1945//2296
f 1937//2297 1943//2297 1946//2297
f 1908//2298 1940//2298 1938//2298
f 1947//2299 1938//2299 1948//2299
f 1938//2300 1949//2300 1948//2300
f 1938//2301 1945//2301 1949//2301
f 1938//2302 1947//2302 1908//2302
f 1907//2303 1908//2303 1950//2303
f 1908//2304 1947//2304 1950//2304
f 1821//2305 1814//2305 1822//2305
f 1822//2306 1922//2306 1821//2306
f 1821//2307 1951//2307 1820//2307
f 1951//2308 1821//2308 1923//2308
f 1821//2309 1922//2309 1923//2309
f 1952//2310 1820//2310 1951//2310
f 1820//2311 1952//2311 1819//2311
f 1953//2312 1819//2312 1952//2312
f 1819//2313 1953//2313 1817//2313
f 1953//2314 1942//2314 1817//2314
f 1941//2315 1942//2315 1953//2315
f 1923//2316 1925//2316 1951//2316
f 1951//2317 1954//2317 1952//2317
f 1954//2318 1951//2318 1925//2318
f 1955//2319 1952//2319 1954//2319
f 1952//2320 1955//2320 1953//2320
f 1953//2321 1956//2321 1941//2321
f 1956//2322 1944//2322 1941//2322
f 1956//2323 1953//2323 1955//2323
f 1943//2324 1944//2324 1956//2324
f 1925//2325 1927//2325 1954//2325
f 1954//2326 1957//2326 1955//2326
f 1957//2327 1954//2327 1927//2327
f 1955//2328 1958//2328 1956//2328
f 1958//2329 1955//2329 1957//2329
f 1959//2330 1956//2330 1958//2330
f 1956//2331 1959//2331 1943//2331
f 1959//2332 1946//2332 1943//2332
f 1959//2333 1945//2333 1946//2333
f 1927//2334 1929//2334 1957//2334
f 1949//2335 1945//2335 1959//2335
f 1960//2336 1957//2336 1929//2336
f 1957//2337 1960//2337 1958//2337
f 1958//2338 1961//2338 1959//2338
f 1961//2339 1958//2339 1960//2339
f 1959//2340 1962//2340 1949//2340
f 1962//2341 1948//2341 1949//2341
f 1962//2342 1959//2342 1961//2342
f 1929//2343 1931//2343 1960//2343
f 1947//2344 1948//2344 1962//2344
f 1960//2345 1916//2345 1961//2345
f 1960//2346 1920//2346 1916//2346
f 1960//2347 1931//2347 1920//2347
f 1961//2348 1916//2348 1913//2348
f 1961//2349 1913//2349 1962//2349
f 1962//2350 1909//2350 1947//2350
f 1909//2351 1950//2351 1947//2351
f 1962//2352 1913//2352 1909//2352
f 1907//2353 1950//2353 1909//2353
f 1963//2354 1854//2354 1856//2354
f 1963//2355 1852//2355 1854//2355
f 1963//2356 1853//2356 1852//2356
f 1963//2357 1874//2357 1853//2357
f 1963//2358 1876//2358 1874//2358
f 1935//2359 1880//2359 1876//2359
f 1964//2360 1965//2360 1966//2360
f 1964//2361 1966//2361 1967//2361
f 1968//2362 1964//2362 1967//2362
f 1939//2363 1969//2363 1587//2363
f 1586//2364 1587//2364 1969//2364
f 1969//2365 1970//2365 1586//2365
f 1586//2366 1971//2366 1581//2366
f 1971//2367 1586//2367 1970//2367
f 1970//2368 1972//2368 1971//2368
f 1973//2369 1557//2369 1558//2369
f 1974//2370 1973//2370 1558//2370
f 1975//2371 1974//2371 1558//2371
f 1975//2372 1558//2372 1976//2372
f 1977//2373 1975//2373 1976//2373
f 1978//2373 1977//2373 1976//2373
f 1979//2374 1978//2374 1976//2374
f 1980//2375 1979//2375 1976//2375
f 1981//2376 1979//2376 1980//2376
f 1911//2377 1982//2377 1912//2377
f 1983//2378 1910//2378 1912//2378
f 1983//2379 1912//2379 1982//2379
f 1983//2380 1982//2380 1984//2380
f 1910//2381 1904//2381 1906//2381
f 1904//2382 1910//2382 1983//2382
f 1940//2227 1908//2227 1904//2227
f 1984//2383 1985//2383 1983//2383
f 1983//2384 1986//2384 1904//2384
f 1986//2385 1983//2385 1985//2385
f 1987//2386 1904//2386 1986//2386
f 1904//2387 1987//2387 1940//2387
f 1939//2388 1940//2388 1987//2388
f 1985//2389 1988//2389 1986//2389
f 1989//2390 1986//2390 1988//2390
f 1986//2391 1989//2391 1987//2391
f 1988//2392 1990//2392 1989//2392
f 1991//2393 1969//2393 1939//2393
f 1987//2394 1991//2394 1939//2394
f 1991//2395 1987//2395 1989//2395
f 1970//2396 1969//2396 1991//2396
f 1989//2397 1992//2397 1991//2397
f 1989//2398 1990//2398 1993//2398
f 1992//2399 1989//2399 1993//2399
f 1993//2400 1994//2400 1992//2400
f 1995//2401 1991//2401 1992//2401
f 1991//2402 1995//2402 1970//2402
f 1972//2403 1970//2403 1995//2403
f 1996//2404 1992//2404 1994//2404
f 1992//2405 1996//2405 1995//2405
f 1994//2406 1997//2406 1996//2406
f 1995//2407 1998//2407 1972//2407
f 1998//2408 1995//2408 1996//2408
f 1996//2409 1997//2409 1999//2409
f 2000//544 1994//544 2001//544
f 1994//544 2000//544 1968//544
f 1994//2410 1968//2410 1967//2410
f 1994//2411 1967//2411 2002//2411
f 1997//2412 1994//2412 2002//2412
f 2003//2413 1965//2413 2004//2413
f 2005//2414 2004//2414 1965//2414
f 2003//2415 2006//2415 1965//2415
f 1966//2416 1965//2416 2006//2416
f 2006//2417 2002//2417 1966//2417
f 1967//2418 1966//2418 2002//2418
f 2007//2419 2008//2419 2009//2419
f 2010//2420 2009//2420 2008//2420
f 2008//2421 2011//2421 2010//2421
f 2012//2422 2010//2422 2011//2422
f 2011//2423 2013//2423 2012//2423
f 2014//2424 2012//2424 2013//2424
f 2013//2425 2015//2425 2014//2425
f 2016//2426 2014//2426 2015//2426
f 2015//2427 2017//2427 2016//2427
f 2018//2428 2016//2428 2017//2428
f 2017//2429 2019//2429 2018//2429
f 2020//2430 2018//2430 2019//2430
f 2019//2431 1981//2431 2020//2431
f 1980//2432 2020//2432 1981//2432
f 1981//2433 2019//2433 1979//2433
f 2021//2434 1979//2434 2019//2434
f 2021//2435 2022//2435 1977//2435
f 2021//2436 1977//2436 1978//2436
f 1979//2437 2021//2437 1978//2437
f 2023//2438 2022//2438 2021//2438
f 2019//2439 2017//2439 2021//2439
f 2021//2440 2017//2440 2015//2440
f 2024//2441 2021//2441 2015//2441
f 2024//2442 2025//2442 2023//2442
f 2021//2443 2024//2443 2023//2443
f 2026//2444 2025//2444 2024//2444
f 2015//2445 2013//2445 2024//2445
f 2024//2446 2013//2446 2011//2446
f 2027//2447 2024//2447 2011//2447
f 2027//2448 2028//2448 2026//2448
f 2024//2449 2027//2449 2026//2449
f 2029//2450 2028//2450 2027//2450
f 2011//2451 2008//2451 2027//2451
f 2027//2452 2030//2452 2029//2452
f 2027//2453 2008//2453 2007//2453
f 2027//2454 2007//2454 2031//2454
f 2027//2455 2031//2455 2032//2455
f 2030//2456 2027//2456 2032//2456
f 2029//2457 2030//2457 2033//2457
f 2034//2458 2029//2458 2033//2458
f 1872//2459 2035//2459 2034//2459
f 2029//2460 2034//2460 2035//2460
f 2035//2461 2036//2461 2029//2461
f 2028//2462 2029//2462 2036//2462
f 2036//2463 2037//2463 2028//2463
f 2026//2464 2028//2464 2037//2464
f 2037//2465 2038//2465 2026//2465
f 2025//2466 2026//2466 2038//2466
f 2038//2467 2039//2467 2025//2467
f 2023//2468 2025//2468 2039//2468
f 2039//2469 2040//2469 2023//2469
f 2022//2470 2023//2470 2040//2470
f 2040//2471 1975//2471 2022//2471
f 1977//2472 2022//2472 1975//2472
f 1870//2473 2036//2473 2035//2473
f 1872//2474 1870//2474 2035//2474
f 2041//2475 2039//2475 2038//2475
f 2041//2476 2038//2476 2037//2476
f 2036//2477 2041//2477 2037//2477
f 2041//2478 2036//2478 1870//2478
f 2042//2479 1974//2479 1975//2479
f 2042//2480 1975//2480 2040//2480
f 2042//2481 2040//2481 2039//2481
f 2042//2482 2039//2482 2041//2482
f 1870//2483 1868//2483 2041//2483
f 1973//2484 1974//2484 2042//2484
f 2041//2485 1868//2485 1522//2485
f 1520//2486 2041//2486 1522//2486
f 2041//2487 1520//2487 2042//2487
f 1518//2488 1557//2488 1973//2488
f 2042//2489 1518//2489 1973//2489
f 1518//2487 2042//2487 1520//2487
f 1519//2490 1557//2490 1518//2490
f 2043//2491 1894//2491 1871//2491
f 1894//2492 1892//2492 1891//2492
f 1892//2493 1889//2493 1890//2493
f 1882//2494 1877//2494 1879//2494
f 2007//2495 2044//2495 2045//2495
f 2009//2495 2044//2495 2007//2495
f 2034//2496 2033//2496 2043//2496
f 2046//2497 2043//2497 2033//2497
f 2033//2498 2030//2498 2046//2498
f 2047//2499 2046//2499 2030//2499
f 2030//2500 2032//2500 2047//2500
f 2048//2501 2047//2501 2032//2501
f 2032//2502 2031//2502 2048//2502
f 2049//2503 2048//2503 2031//2503
f 2031//2504 2007//2504 2049//2504
f 2045//2505 2049//2505 2007//2505
f 2043//2506 1871//2506 2034//2506
f 1872//2506 2034//2506 1871//2506
f 1869//2507 1870//2507 1872//2507
f 2050//2508 2051//2508 2052//2508
f 1990//2509 2053//2509 2054//2509
f 1993//2510 1990//2510 2054//2510
f 2055//2511 2050//2511 2052//2511
f 2055//2512 2052//2512 2056//2512
f 2053//2513 2055//2513 2056//2513
f 2055//2514 2053//2514 1990//2514
f 2057//2515 2050//2515 2055//2515
f 2057//2516 2058//2516 2050//2516
f 1990//2517 1988//2517 2055//2517
f 2055//2518 2059//2518 2057//2518
f 2059//2519 2055//2519 1988//2519
f 2060//2520 2058//2520 2057//2520
f 2057//2521 2061//2521 2060//2521
f 2061//2522 2057//2522 2059//2522
f 1988//2523 1985//2523 2059//2523
f 2062//2524 2060//2524 2061//2524
f 2059//2525 2063//2525 2061//2525
f 2063//2526 2059//2526 1985//2526
f 1985//2527 1984//2527 2063//2527
f 2064//2528 2061//2528 2063//2528
f 2065//2529 2066//2529 2051//2529
f 2052//2530 2051//2530 2066//2530
f 2066//2531 2067//2531 2052//2531
f 2056//2532 2052//2532 2067//2532
f 2067//2533 2068//2533 2056//2533
f 2053//2534 2056//2534 2068//2534
f 2068//2535 2069//2535 2053//2535
f 2054//2536 2053//2536 2069//2536
f 2070//2537 1993//2537 2054//2537
f 2069//2538 2070//2538 2054//2538
f 1994//2539 1993//2539 2070//2539
f 2070//2540 2071//2540 1994//2540
f 2071//2541 2072//2541 1994//2541
f 1994//544 2072//544 2001//544
f 1802//2542 1976//2542 1558//2542
f 1802//2543 1558//2543 2073//2543
f 2074//2544 2075//2544 2076//2544
f 2076//2545 2075//2545 2077//2545
f 2077//2546 2075//2546 2078//2546
f 2079//2547 2077//2547 2078//2547
f 2080//2548 2079//2548 2078//2548
f 2080//2549 2078//2549 2081//2549
f 2082//2550 2080//2550 2081//2550
f 2082//2551 2081//2551 2083//2551
f 2084//2552 2082//2552 2083//2552
f 2084//2553 2083//2553 2085//2553
f 2086//2554 2084//2554 2085//2554
f 2086//2555 2085//2555 2087//2555
f 2088//2556 2086//2556 2087//2556
f 2088//2557 2087//2557 2089//2557
f 2088//2558 2089//2558 2090//2558
f 2091//2559 2090//2559 2089//2559
f 2092//2560 2093//2560 2094//2560
f 2095//65 2096//65 2097//65
f 2098//65 2097//65 2096//65
f 2075//2561 2099//2561 2078//2561
f 2100//2562 2101//2562 2099//2562
f 2099//2563 2075//2563 2100//2563
f 2075//2564 2102//2564 2100//2564
f 2075//2565 2074//2565 2102//2565
f 2101//2566 2092//2566 2094//2566
f 2094//2567 2099//2567 2101//2567
f 2094//2568 2103//2568 2104//2568
f 2094//2569 2093//2569 2103//2569
f 2105//2570 2094//2570 2104//2570
f 2094//2571 2105//2571 2099//2571
f 2105//2572 2106//2572 2099//2572
f 2107//2573 2108//2573 2109//2573
f 2109//2574 2104//2574 2107//2574
f 2104//2575 2103//2575 2107//2575
f 2104//2576 2109//2576 2105//2576
f 2109//2577 2106//2577 2105//2577
f 2109//2578 2099//2578 2106//2578
f 2078//2579 2099//2579 2109//2579
f 2109//2580 2110//2580 2078//2580
f 2081//2581 2078//2581 2110//2581
f 2110//65 2111//65 2081//65
f 2083//65 2081//65 2111//65
f 2085//65 2083//65 2112//65
f 2113//65 2087//65 2085//65
f 2089//65 2087//65 2113//65
f 2079//2582 2114//2582 1571//2582
f 1571//2583 2115//2583 2079//2583
f 2115//2584 2077//2584 2079//2584
f 2077//2585 2115//2585 2116//2585
f 2076//2586 2117//2586 2118//2586
f 2077//2587 2117//2587 2076//2587
f 2119//2588 2120//2588 2121//2588
f 2120//2589 2122//2589 2121//2589
f 2123//2590 2122//2590 2120//2590
f 2120//2591 2124//2591 2123//2591
f 2125//2592 2123//2592 2124//2592
f 2124//2593 2126//2593 2125//2593
f 2127//2594 2125//2594 2126//2594
f 2126//2595 2128//2595 2127//2595
f 2129//2596 2127//2596 2128//2596
f 2128//2597 2130//2597 2102//2597
f 2102//2598 2129//2598 2128//2598
f 2130//2599 2100//2599 2102//2599
f 2130//2600 2101//2600 2100//2600
f 2129//2601 2074//2601 2076//2601
f 2129//2602 2102//2602 2074//2602
f 2130//2603 2131//2603 2101//2603
f 2092//2604 2101//2604 2131//2604
f 2131//2605 2132//2605 2092//2605
f 2132//2606 2093//2606 2092//2606
f 2103//2607 2093//2607 2107//2607
f 2093//2608 2132//2608 2107//2608
f 2133//2609 2107//2609 2132//2609
f 2097//2610 2098//2610 2134//2610
f 2135//2611 2134//2611 2098//2611
f 2136//2612 2137//2612 2138//2612
f 2139//2613 2138//2613 2137//2613
f 2137//2614 2134//2614 2139//2614
f 2135//2615 2139//2615 2134//2615
f 2140//2616 2097//2616 2003//2616
f 2002//2617 2137//2617 2136//2617
f 2002//2618 2134//2618 2137//2618
f 2002//2619 2097//2619 2134//2619
f 2002//2620 2006//2620 2097//2620
f 2006//2621 2003//2621 2097//2621
f 2141//544 2133//544 2131//544
f 2133//544 2132//544 2131//544
f 2131//544 2130//544 2141//544
f 2130//544 2128//544 2141//544
f 2142//2622 2141//2622 2128//2622
f 2128//2623 2126//2623 2142//2623
f 2142//2624 2126//2624 2124//2624
f 2124//2625 2120//2625 2142//2625
f 2142//2626 2119//2626 2143//2626
f 2142//2627 2120//2627 2119//2627
f 2119//2628 1999//2628 2136//2628
f 2136//2629 2143//2629 2119//2629
f 2136//2630 2144//2630 2143//2630
f 2136//2631 2145//2631 2144//2631
f 2138//2632 2145//2632 2136//2632
f 2002//2633 2136//2633 1997//2633
f 2136//2628 1999//2628 1997//2628
f 2123//2634 2146//2634 2122//2634
f 2147//2635 2122//2635 2146//2635
f 2122//2636 2147//2636 2121//2636
f 2121//2637 2148//2637 2119//2637
f 2148//2638 2121//2638 2147//2638
f 1999//2639 2119//2639 2148//2639
f 2146//2640 1972//2640 2147//2640
f 1972//2641 1998//2641 2147//2641
f 2147//2642 1998//2642 2148//2642
f 1996//2643 2148//2643 1998//2643
f 2148//2644 1996//2644 1999//2644
f 1554//2645 2149//2645 1559//2645
f 1554//2646 2150//2646 2149//2646
f 1554//2647 1571//2647 2150//2647
f 2151//2648 1559//2648 2149//2648
f 2151//2649 2149//2649 2152//2649
f 2149//2650 2150//2650 2152//2650
f 2080//2651 2114//2651 2079//2651
f 2152//2652 2150//2652 2114//2652
f 2153//2653 2114//2653 2082//2653
f 2114//2654 2080//2654 2082//2654
f 2114//2655 2153//2655 2152//2655
f 2082//2656 2084//2656 2153//2656
f 2153//2657 2154//2657 2152//2657
f 2154//2658 2155//2658 2152//2658
f 2154//2659 2153//2659 2084//2659
f 2156//2660 2154//2660 2084//2660
f 2084//2661 2086//2661 2156//2661
f 2157//2662 2156//2662 2086//2662
f 2086//2663 2088//2663 2157//2663
f 2158//2664 2157//2664 2088//2664
f 2091//2665 2158//2665 2090//2665
f 2158//2666 2088//2666 2090//2666
f 2114//2667 2150//2667 1571//2667
f 1571//2668 2116//2668 2115//2668
f 2123//2669 2125//2669 2159//2669
f 2160//2670 2159//2670 2125//2670
f 2160//2671 1562//2671 2159//2671
f 2125//2672 2127//2672 2160//2672
f 1560//2673 1562//2673 2160//2673
f 2161//2674 2160//2674 2129//2674
f 2160//2675 2127//2675 2129//2675
f 2160//2676 2161//2676 1560//2676
f 1565//2677 1560//2677 2161//2677
f 2129//2678 2076//2678 2161//2678
f 2161//2679 2118//2679 1565//2679
f 2161//2680 2076//2680 2118//2680
f 1567//2681 1565//2681 2077//2681
f 1565//2682 2117//2682 2077//2682
f 1565//2683 2118//2683 2117//2683
f 1569//2684 1567//2684 2116//2684
f 1567//2685 2077//2685 2116//2685
f 1569//2686 2116//2686 1571//2686
f 1562//2687 1572//2687 2159//2687
f 2162//2688 2159//2688 1572//2688
f 2163//2689 2159//2689 2162//2689
f 2163//2690 2123//2690 2159//2690
f 2146//2691 2123//2691 2163//2691
f 1572//2692 1575//2692 2162//2692
f 1579//2693 2162//2693 1575//2693
f 2162//2694 1579//2694 2163//2694
f 2163//2695 1971//2695 2146//2695
f 1971//2696 1972//2696 2146//2696
f 1971//2697 2163//2697 1579//2697
f 1579//2698 1581//2698 1971//2698
f 2096//2699 2145//2699 2098//2699
f 2145//2700 2135//2700 2098//2700
f 2145//2701 2139//2701 2135//2701
f 2145//2702 2138//2702 2139//2702
f 2164//2703 2145//2703 2096//2703
f 2165//2704 2091//2704 2113//2704
f 2166//2705 2167//2705 2168//2705
f 2169//2706 2167//2706 2166//2706
f 2166//2707 2170//2707 2169//2707
f 2166//2708 2171//2708 2170//2708
f 2172//2709 2168//2709 2167//2709
f 2173//2710 2172//2710 2174//2710
f 2174//2711 2172//2711 2167//2711
f 2175//2712 2174//2712 2167//2712
f 2169//2713 2175//2713 2167//2713
f 2175//2714 2169//2714 2176//2714
f 2176//2715 2169//2715 2177//2715
f 2178//2716 2179//2716 2180//2716
f 2181//2717 2180//2717 2179//2717
f 2179//2718 2182//2718 2181//2718
f 2183//2719 2181//2719 2182//2719
f 2184//2720 2181//2720 2183//2720
f 2185//2721 2184//2721 2183//2721
f 2171//2722 2186//2722 2187//2722
f 2187//2723 2186//2723 2178//2723
f 2187//2724 2177//2724 2188//2724
f 2187//2725 2189//2725 2177//2725
f 2189//2726 2176//2726 2177//2726
f 2189//2727 2187//2727 2178//2727
f 2178//2728 2190//2728 2189//2728
f 2190//2729 2184//2729 2185//2729
f 2190//2730 2181//2730 2184//2730
f 2190//2731 2178//2731 2180//2731
f 2180//2732 2181//2732 2190//2732
f 2170//2733 2171//2733 2188//2733
f 2171//2734 2187//2734 2188//2734
f 2188//2735 2177//2735 2170//2735
f 2177//2736 2169//2736 2170//2736
f 2191//270 2192//270 2193//270
f 2193//270 2194//270 2191//270
f 2193//2737 2195//2737 2194//2737
f 2195//2738 2165//2738 2194//2738
f 2151//2739 2196//2739 1559//2739
f 2152//2740 2155//2740 2151//2740
f 2197//2741 2196//2741 2151//2741
f 2198//2742 2151//2742 2155//2742
f 2151//2743 2198//2743 2197//2743
f 2198//2744 2192//2744 2197//2744
f 2198//2745 2193//2745 2192//2745
f 2155//2746 2199//2746 2198//2746
f 2195//2747 2198//2747 2199//2747
f 2198//2748 2195//2748 2193//2748
f 2199//2749 2200//2749 2195//2749
f 2165//2750 2195//2750 2200//2750
f 2156//2751 2155//2751 2154//2751
f 2156//2752 2157//2752 2199//2752
f 2201//2753 2199//2753 2157//2753
f 2157//2754 2158//2754 2201//2754
f 2158//2755 2200//2755 2201//2755
f 2158//2756 2091//2756 2200//2756
f 2165//2757 2200//2757 2091//2757
f 2155//2758 2156//2758 2199//2758
f 2200//2759 2199//2759 2201//2759
f 2202//2760 2203//2760 2204//2760
f 2168//2761 2172//2761 2205//2761
f 2206//2762 2205//2762 2172//2762
f 2206//2763 2207//2763 2205//2763
f 2206//2764 2172//2764 2208//2764
f 2172//2765 2173//2765 2208//2765
f 2208//2766 2209//2766 2206//2766
f 2210//2767 2207//2767 2206//2767
f 2211//2768 2206//2768 2212//2768
f 2206//2769 2209//2769 2212//2769
f 2206//2770 2211//2770 2210//2770
f 2211//2771 2213//2771 2210//2771
f 2212//2772 2214//2772 2211//2772
f 2215//2773 2213//2773 2211//2773
f 2211//2774 2216//2774 1555//2774
f 2211//2775 2214//2775 2216//2775
f 2211//2776 1555//2776 2215//2776
f 2185//2777 2183//2777 2217//2777
f 2218//2778 2183//2778 2219//2778
f 2220//2779 2221//2779 2202//2779
f 1559//2780 2196//2780 1555//2780
f 2196//2781 2222//2781 1555//2781
f 2196//2782 2215//2782 2222//2782
f 2196//544 2213//544 2215//544
f 2210//544 2213//544 2196//544
f 2196//544 2197//544 2210//544
f 2197//544 2207//544 2210//544
f 2197//544 2205//544 2207//544
f 2168//2783 2205//2783 2197//2783
f 2197//1954 2192//1954 2168//1954
f 2166//2784 2168//2784 2192//2784
f 2192//2628 2191//2628 2166//2628
f 2191//2785 2223//2785 2166//2785
f 2191//2783 2224//2783 2223//2783
f 1657//2786 2185//2786 2217//2786
f 2073//2787 1666//2787 1665//2787
f 1666//2788 2073//2788 2225//2788
f 2009//2789 1855//2789 1851//2789
f 2009//2790 1851//2790 1873//2790
f 1859//2791 1855//2791 2009//2791
f 1859//2792 1980//2792 2226//2792
f 1980//2793 2227//2793 2226//2793
f 2228//182 2226//182 2227//182
f 1802//182 1804//182 2228//182
f 2227//182 1802//182 2228//182
f 1802//182 2073//182 1665//182
f 2185//2794 1657//2794 2229//2794
f 2190//2795 2185//2795 2229//2795
f 2230//65 1602//65 1552//65
f 2231//2796 1445//2796 2230//2796
f 1552//65 2231//65 2230//65
f 1445//65 2231//65 2232//65
f 1445//65 2232//65 2233//65
f 1445//65 2233//65 2234//65
f 1445//65 2234//65 2235//65
f 1445//65 2235//65 2236//65
f 1656//2797 1445//2797 2236//2797
f 2236//2798 2237//2798 1656//2798
f 1656//2799 2237//2799 2238//2799
f 1656//2800 2238//2800 2239//2800
f 1656//2801 2239//2801 2229//2801
f 1657//2802 1656//2802 2229//2802
f 2216//2803 1552//2803 1555//2803
f 2231//2804 1552//2804 2216//2804
f 2216//2805 2214//2805 2231//2805
f 2231//2806 2214//2806 2212//2806
f 2232//2807 2231//2807 2212//2807
f 2212//2808 2209//2808 2232//2808
f 2233//2809 2232//2809 2209//2809
f 2209//2810 2208//2810 2233//2810
f 2234//2811 2233//2811 2208//2811
f 2173//2812 2234//2812 2208//2812
f 2235//2813 2234//2813 2173//2813
f 2235//2814 2173//2814 2174//2814
f 2236//2815 2235//2815 2174//2815
f 2174//2816 2175//2816 2236//2816
f 2237//2817 2236//2817 2175//2817
f 2237//2818 2175//2818 2176//2818
f 2237//2819 2176//2819 2238//2819
f 2189//2820 2238//2820 2176//2820
f 2239//2821 2238//2821 2189//2821
f 2239//2822 2189//2822 2190//2822
f 2229//2823 2239//2823 2190//2823
f 1448//2824 1445//2824 1656//2824
f 1555//2825 1552//2825 1553//2825
f 1859//2826 1862//2826 1861//2826
f 1445//2578 1602//2578 2230//2578
f 2044//182 2009//182 1873//182
f 1859//2827 2009//2827 2010//2827
f 1859//2828 2010//2828 2012//2828
f 1859//2829 2012//2829 2014//2829
f 1859//2830 2014//2830 2016//2830
f 1859//2830 2016//2830 2018//2830
f 1859//2831 2018//2831 2020//2831
f 1859//2832 2020//2832 1980//2832
f 2072//182 2071//182 2000//182
f 2000//182 2071//182 2070//182
f 2000//182 2070//182 2069//182
f 2000//182 2069//182 2068//182
f 2000//182 2068//182 2067//182
f 2000//182 2067//182 2066//182
f 2000//182 2066//182 2065//182
f 2000//182 2065//182 2240//182
f 2000//182 2240//182 2241//182
f 2000//182 2241//182 2242//182
f 2000//182 2242//182 2243//182
f 2244//2833 2245//2833 2246//2833
f 2244//2834 2217//2834 2218//2834
f 2245//2835 2244//2835 2218//2835
f 2244//270 1657//270 2217//270
f 2247//2836 2248//2836 2143//2836
f 2249//2837 2248//2837 2247//2837
f 2250//2838 2251//2838 2249//2838
f 2220//2839 2202//2839 2204//2839
f 2220//2840 2252//2840 2221//2840
f 2252//2841 2253//2841 2254//2841
f 2253//2842 2218//2842 2219//2842
f 2218//2843 2217//2843 2183//2843
f 2144//2844 2145//2844 2164//2844
f 2143//2845 2144//2845 2255//2845
f 2000//469 2256//469 1968//469
f 2257//2846 2258//2846 2251//2846
f 2245//2847 2259//2847 2260//2847
f 2258//2848 2260//2848 2259//2848
f 2251//2849 2261//2849 2249//2849
f 2262//2850 2249//2850 2261//2850
f 2261//2851 2220//2851 2262//2851
f 2204//2852 2262//2852 2220//2852
f 2263//2853 2220//2853 2261//2853
f 2261//2854 2251//2854 2258//2854
f 2263//2855 2261//2855 2258//2855
f 2252//2856 2220//2856 2263//2856
f 2258//2857 2259//2857 2263//2857
f 2263//2858 2259//2858 2252//2858
f 2253//2859 2252//2859 2259//2859
f 2259//2860 2245//2860 2253//2860
f 2218//2861 2253//2861 2245//2861
f 2072//544 2000//544 2001//544
f 2248//2862 2142//2862 2143//2862
f 2113//2863 2264//2863 2265//2863
f 2264//2864 2266//2864 2265//2864
f 2266//2865 2267//2865 2265//2865
f 2248//2866 2265//2866 2142//2866
f 2141//2867 2108//2867 2107//2867
f 2142//2868 2267//2868 2141//2868
f 2142//2869 2265//2869 2267//2869
f 2141//2870 2107//2870 2133//2870
f 2227//2871 1980//2871 1976//2871
f 2112//65 2113//65 2085//65
f 2111//65 2112//65 2083//65
f 2110//2872 2109//2872 2108//2872
f 2108//2873 2268//2873 2110//2873
f 2111//2874 2110//2874 2268//2874
f 2266//2875 2112//2875 2111//2875
f 2268//2876 2266//2876 2111//2876
f 2112//2877 2266//2877 2264//2877
f 2113//2878 2112//2878 2264//2878
f 2266//2879 2268//2879 2267//2879
f 2091//2880 2089//2880 2113//2880
f 2141//2881 2267//2881 2268//2881
f 2141//2882 2268//2882 2108//2882
f 2227//2883 1976//2883 1802//2883
f 2166//2884 2269//2884 2171//2884
f 2269//2885 2270//2885 2171//2885
f 2203//2886 2270//2886 2269//2886
f 2202//2887 2270//2887 2203//2887
f 2178//2888 2271//2888 2179//2888
f 2186//2889 2271//2889 2178//2889
f 2271//2890 2182//2890 2179//2890
f 2272//2891 2182//2891 2271//2891
f 2273//2892 2272//2892 2271//2892
f 2221//2893 2254//2893 2271//2893
f 2254//2894 2273//2894 2271//2894
f 2226//2895 2228//2895 2274//2895
f 2228//2896 2275//2896 2274//2896
f 2228//2897 1804//2897 2275//2897
f 2226//2898 2276//2898 2277//2898
f 2226//2899 2278//2899 2276//2899
f 2226//2900 2279//2900 2278//2900
f 2226//2901 2280//2901 2279//2901
f 2226//65 2281//65 2280//65
f 2226//65 2282//65 2281//65
f 2226//2902 2283//2902 2282//2902
f 2226//2903 2284//2903 2283//2903
f 2226//65 2274//65 2284//65
f 2182//2904 2272//2904 2183//2904
f 2272//2905 2273//2905 2183//2905
f 2219//2906 2183//2906 2273//2906
f 2271//2907 2202//2907 2221//2907
f 2271//2908 2270//2908 2202//2908
f 2271//2909 2186//2909 2270//2909
f 2171//2910 2270//2910 2186//2910
f 2285//2911 2286//2911 1798//2911
f 2287//2912 1798//2912 2286//2912
f 2286//2913 2288//2913 2287//2913
f 2289//2914 2287//2914 2288//2914
f 2288//2915 2290//2915 2289//2915
f 2291//2916 2289//2916 2290//2916
f 2290//2917 2292//2917 2291//2917
f 1803//2918 1668//2918 2293//2918
f 1668//2919 2294//2919 2293//2919
f 2295//2920 2294//2920 1654//2920
f 2294//2921 1668//2921 1654//2921
f 2295//2922 2296//2922 2294//2922
f 2297//2923 2298//2923 2299//2923
f 2300//2924 2296//2924 2295//2924
f 2300//2925 2299//2925 2296//2925
f 2300//2926 2297//2926 2299//2926
f 1654//2927 1653//2927 2295//2927
f 2301//2928 2295//2928 1797//2928
f 2295//2929 1653//2929 1797//2929
f 2295//2930 2301//2930 2300//2930
f 2300//2931 2302//2931 2297//2931
f 2302//2932 2303//2932 2297//2932
f 2302//2933 2300//2933 2301//2933
f 1797//2934 1796//2934 2301//2934
f 2301//2935 1798//2935 2287//2935
f 2301//2936 1796//2936 1798//2936
f 2301//2937 2287//2937 2302//2937
f 2304//2938 2303//2938 2302//2938
f 2302//2939 2287//2939 2289//2939
f 2302//2940 2289//2940 2304//2940
f 2304//2941 2289//2941 2291//2941
f 2291//2942 2292//2942 2305//2942
f 2298//2943 2274//2943 2306//2943
f 2274//2944 2307//2944 2306//2944
f 2274//2945 2275//2945 2307//2945
f 2275//2946 1804//2946 2307//2946
f 2274//2947 2298//2947 2297//2947
f 2308//2948 2297//2948 2303//2948
f 2297//2949 2308//2949 2274//2949
f 2284//2950 2274//2950 2308//2950
f 2303//2951 2304//2951 2308//2951
f 2283//2952 2284//2952 2308//2952
f 2283//2953 2308//2953 2304//2953
f 2304//2954 2291//2954 2283//2954
f 2282//2955 2283//2955 2291//2955
f 2291//2956 2305//2956 2282//2956
f 2281//2957 2282//2957 2305//2957
f 2280//2958 2281//2958 2305//2958
f 1655//2959 1790//2959 1147//2959
f 1164//2960 1790//2960 1789//2960
f 1789//2961 1788//2961 1167//2961
f 1787//2962 1169//2962 1788//2962
f 1170//2963 1787//2963 1786//2963
f 1786//2964 1785//2964 1174//2964
f 2269//2965 2223//2965 2224//2965
f 2223//2966 2269//2966 2166//2966
f 1555//2967 2222//2967 2215//2967
f 2253//2968 2219//2968 2273//2968
f 2273//2969 2254//2969 2253//2969
f 2252//2970 2254//2970 2221//2970
f 1668//65 1803//65 1627//65
f 1803//182 2293//182 1804//182
f 2307//182 1804//182 2293//182
f 2293//2971 2294//2971 2307//2971
f 2306//2972 2307//2972 2294//2972
f 2298//2973 2306//2973 2296//2973
f 2306//2974 2294//2974 2296//2974
f 2299//2975 2298//2975 2296//2975
f 1404//543 2309//543 1149//543
f 1149//65 2309//65 2310//65
f 1149//65 2310//65 2311//65
f 1149//65 2311//65 2312//65
f 1149//65 2312//65 2313//65
f 1149//2976 2313//2976 2314//2976
f 1149//1126 2314//1126 2315//1126
f 1149//65 2315//65 2316//65
f 1147//65 1149//65 2316//65
f 1147//65 2316//65 2317//65
f 1147//65 2317//65 2318//65
f 1147//65 2318//65 2319//65
f 1147//65 2319//65 2320//65
f 1147//2977 2320//2977 2321//2977
f 1147//65 2321//65 2285//65
f 1147//2978 2285//2978 1798//2978
f 1655//906 1147//906 1798//906
f 2322//2979 1177//2979 1794//2979
f 1785//2980 1794//2980 1177//2980
f 1177//2981 1174//2981 1785//2981
f 1170//2982 1786//2982 1174//2982
f 1170//2983 1169//2983 1787//2983
f 1169//2984 1167//2984 1788//2984
f 1167//2985 1164//2985 1789//2985
f 1790//1062 1164//1062 1147//1062
f 2323//2986 2324//2986 2325//2986
f 2323//2987 2325//2987 2326//2987
f 2327//2988 2323//2988 2326//2988
f 2328//2989 2324//2989 2323//2989
f 2329//2990 2330//2990 2328//2990
f 2323//2991 2329//2991 2328//2991
f 2331//2992 2330//2992 2329//2992
f 2329//2993 2332//2993 2331//2993
f 2333//2994 2331//2994 2332//2994
f 2334//2995 2333//2995 2332//2995
f 2335//2996 2334//2996 2332//2996
f 2332//2997 2336//2997 2335//2997
f 2337//2998 2336//2998 2332//2998
f 2338//2999 2339//2999 2337//2999
f 2332//3000 2338//3000 2337//3000
f 2339//3001 2340//3001 2337//3001
f 2341//3002 2342//3002 2343//3002
f 2342//3003 2344//3003 2343//3003
f 2344//3004 2345//3004 2343//3004
f 2343//3005 2345//3005 2346//3005
f 2347//3006 2336//3006 2337//3006
f 2337//3007 2340//3007 2341//3007
f 2337//3008 2341//3008 2343//3008
f 2347//3009 2337//3009 2343//3009
f 2343//3010 2346//3010 2348//3010
f 2347//3011 2343//3011 2349//3011
f 2292//3012 2350//3012 2351//3012
f 2276//3013 2351//3013 2350//3013
f 2277//3014 2276//3014 2350//3014
f 2350//3015 2352//3015 2277//3015
f 2353//3016 2277//3016 2352//3016
f 2352//3017 2327//3017 2353//3017
f 2353//3018 2327//3018 2326//3018
f 2325//3019 2353//3019 2326//3019
f 2305//3020 2351//3020 2276//3020
f 2351//3021 2305//3021 2292//3021
f 2276//3022 2278//3022 2305//3022
f 2278//3023 2279//3023 2305//3023
f 2279//3024 2280//3024 2305//3024
f 2354//3025 2327//3025 2352//3025
f 2354//3026 2352//3026 2350//3026
f 2350//3027 2292//3027 2290//3027
f 2354//3028 2350//3028 2290//3028
f 2355//3029 2327//3029 2354//3029
f 2354//3030 2356//3030 2355//3030
f 2356//3031 2354//3031 2290//3031
f 2290//3032 2288//3032 2356//3032
f 2357//3033 2355//3033 2356//3033
f 2288//3034 2286//3034 2356//3034
f 2356//3035 2358//3035 2357//3035
f 2358//3036 2356//3036 2286//3036
f 2358//3037 2321//3037 2357//3037
f 2321//3038 2358//3038 2286//3038
f 2318//3039 2357//3039 2321//3039
f 2286//3040 2285//3040 2321//3040
f 2321//3041 2320//3041 2319//3041
f 2321//3042 2319//3042 2318//3042
f 2355//3043 2332//3043 2329//3043
f 2355//3044 2329//3044 2323//3044
f 2327//3045 2355//3045 2323//3045
f 2359//3046 2332//3046 2355//3046
f 2355//3047 2357//3047 2359//3047
f 2360//3048 2359//3048 2357//3048
f 2357//3049 2318//3049 2360//3049
f 2360//3050 2318//3050 2317//3050
f 2360//3051 2317//3051 2316//3051
f 1132//3052 1423//3052 1404//3052
f 2361//3053 2362//3053 2363//3053
f 2364//3054 2361//3054 2363//3054
f 2365//3055 2366//3055 2362//3055
f 2361//3056 2365//3056 2362//3056
f 2366//3057 2365//3057 2367//3057
f 2368//3058 2366//3058 2367//3058
f 2369//3059 2370//3059 2368//3059
f 2367//3060 2369//3060 2368//3060
f 2371//3061 2370//3061 2369//3061
f 2345//3062 2371//3062 2346//3062
f 2372//3063 2346//3063 2371//3063
f 2369//3064 2372//3064 2371//3064
f 2346//3065 2372//3065 2348//3065
f 2373//3066 2314//3066 2313//3066
f 2373//3067 2313//3067 2312//3067
f 2373//3068 2312//3068 2311//3068
f 2374//3069 2373//3069 2311//3069
f 2374//3070 2341//3070 2340//3070
f 2374//3071 2340//3071 2339//3071
f 2374//3072 2339//3072 2338//3072
f 2374//3073 2338//3073 2373//3073
f 2311//3074 2310//3074 2374//3074
f 2342//3075 2341//3075 2374//3075
f 2374//3076 2310//3076 2309//3076
f 2374//3077 2309//3077 1404//3077
f 2374//3078 1404//3078 2375//3078
f 2375//3079 2345//3079 2344//3079
f 2375//3080 2344//3080 2342//3080
f 2374//3081 2375//3081 2342//3081
f 2371//3082 2368//3082 2370//3082
f 2376//3083 2366//3083 2371//3083
f 2371//3084 2377//3084 2376//3084
f 2377//3085 2371//3085 2345//3085
f 2378//3086 2376//3086 2377//3086
f 2379//3087 2378//3087 2377//3087
f 2377//3088 2380//3088 2379//3088
f 2380//3089 2377//3089 2375//3089
f 2381//3090 2379//3090 2380//3090
f 2380//3091 2375//3091 1404//3091
f 2382//3092 2381//3092 2380//3092
f 2380//3093 1423//3093 2382//3093
f 1423//3094 2380//3094 1404//3094
f 1422//3095 2382//3095 1423//3095
f 2362//3096 2383//3096 2363//3096
f 2383//3097 2362//3097 2366//3097
f 2366//3098 2376//3098 2383//3098
f 1406//3099 2363//3099 2383//3099
f 2363//3100 1406//3100 2364//3100
f 2376//3101 2378//3101 2383//3101
f 1405//3102 2364//3102 1406//3102
f 2378//3103 2379//3103 2383//3103
f 1421//3104 2383//3104 2379//3104
f 2383//3105 1421//3105 1406//3105
f 2379//3106 2381//3106 1421//3106
f 2381//3107 2382//3107 1421//3107
f 1420//3108 1406//3108 1421//3108
f 2382//3109 1422//3109 1421//3109
f 1333//3110 2364//3110 1405//3110
f 2384//3111 2361//3111 2364//3111
f 2384//3112 2364//3112 1333//3112
f 2365//3113 2361//3113 2384//3113
f 1333//3114 2385//3114 2384//3114
f 2332//3115 2359//3115 2338//3115
f 2373//3116 2338//3116 2359//3116
f 2359//3117 2360//3117 2373//3117
f 2314//3118 2373//3118 2360//3118
f 2315//3119 2314//3119 2360//3119
f 2360//3120 2316//3120 2315//3120
f 2226//65 2277//65 2353//65
f 2226//65 2353//65 2325//65
f 2226//65 2325//65 2324//65
f 2226//65 2324//65 2328//65
f 2226//65 2328//65 2330//65
f 2226//65 2330//65 2331//65
f 2226//65 2331//65 2333//65
f 2226//65 2333//65 2334//65
f 2226//65 2334//65 2335//65
f 2336//65 2226//65 2335//65
f 2345//3121 2375//3121 2377//3121
f 2386//270 2387//270 2388//270
f 2389//3122 1367//3122 1365//3122
f 2389//270 1365//270 1362//270
f 2389//270 1362//270 1360//270
f 2389//270 1360//270 1356//270
f 2389//270 1231//270 1367//270
f 1214//544 2390//544 2391//544
f 1214//544 2391//544 2392//544
f 1214//544 2392//544 2393//544
f 2394//544 1214//544 2393//544
f 1226//3123 2395//3123 2396//3123
f 1219//1147 1226//1147 2396//1147
f 2397//3124 2395//3124 1226//3124
f 1226//3125 1227//3125 2397//3125
f 2398//3126 2397//3126 1227//3126
f 1227//3127 1228//3127 2398//3127
f 2399//3128 2398//3128 1228//3128
f 1228//3129 1229//3129 2399//3129
f 2399//3130 1229//3130 1230//3130
f 2400//3131 2399//3131 1230//3131
f 2401//3132 2400//3132 1230//3132
f 2389//3133 2401//3133 1230//3133
f 1231//3134 2389//3134 1230//3134
f 2396//3135 2402//3135 2403//3135
f 2404//3136 2403//3136 2402//3136
f 2402//3137 2405//3137 2404//3137
f 2406//3138 2404//3138 2405//3138
f 2405//3139 2407//3139 2406//3139
f 2408//3140 2406//3140 2407//3140
f 2409//3141 2410//3141 2408//3141
f 2407//3142 2409//3142 2408//3142
f 2411//3143 2410//3143 2409//3143
f 2409//3144 2412//3144 2411//3144
f 2413//3145 2411//3145 2412//3145
f 2412//3146 2414//3146 2413//3146
f 2415//3147 2413//3147 2414//3147
f 2416//3148 2390//3148 2415//3148
f 2414//3149 2416//3149 2415//3149
f 2391//3150 2390//3150 2416//3150
f 2416//3151 2417//3151 2391//3151
f 2392//3152 2391//3152 2417//3152
f 2417//3153 2418//3153 2392//3153
f 2393//3154 2392//3154 2418//3154
f 2418//3155 2394//3155 2393//3155
f 2387//3156 2419//3156 2420//3156
f 2421//3157 2420//3157 2422//3157
f 2423//3158 2421//3158 2424//3158
f 2423//3159 2425//3159 2426//3159
f 2427//3160 2423//3160 2426//3160
f 2426//3161 2428//3161 2427//3161
f 2427//3162 2428//3162 2429//3162
f 2430//3163 2427//3163 2429//3163
f 2430//3164 2429//3164 2431//3164
f 2432//3165 2430//3165 2431//3165
f 2431//3166 2433//3166 2432//3166
f 2434//3167 2432//3167 2433//3167
f 2433//3168 2435//3168 2434//3168
f 2436//3169 2437//3169 2438//3169
f 2438//3170 2437//3170 2439//3170
f 2438//3171 2439//3171 2440//3171
f 2438//3172 2440//3172 2441//3172
f 2438//3169 2441//3169 2442//3169
f 2442//3169 2443//3169 2438//3169
f 2438//3169 2443//3169 2444//3169
f 2438//3169 2444//3169 2445//3169
f 2438//3173 2445//3173 2446//3173
f 2438//3169 2446//3169 2447//3169
f 2438//3173 2399//3173 2400//3173
f 2438//3169 2400//3169 2401//3169
f 2438//3169 2401//3169 2389//3169
f 2438//3169 2389//3169 2448//3169
f 2438//3169 2448//3169 2449//3169
f 2438//3169 2449//3169 2436//3169
f 2447//3173 2450//3173 2438//3173
f 2438//3169 2450//3169 2398//3169
f 2398//3169 2399//3169 2438//3169
f 2450//3169 2451//3169 2398//3169
f 2397//3169 2398//3169 2451//3169
f 2451//3173 2452//3173 2397//3173
f 2395//3173 2397//3173 2452//3173
f 2452//3169 2453//3169 2395//3169
f 2395//3174 2453//3174 2394//3174
f 2396//3175 2395//3175 2394//3175
f 2394//3176 2418//3176 2396//3176
f 2402//3176 2396//3176 2418//3176
f 2418//3173 2417//3173 2402//3173
f 2405//3173 2402//3173 2417//3173
f 2417//3173 2416//3173 2405//3173
f 2454//3177 2455//3177 2456//3177
f 2456//3178 2455//3178 2457//3178
f 2458//3179 2459//3179 2460//3179
f 2454//3180 2456//3180 2461//3180
f 2454//3180 2461//3180 2458//3180
f 2454//3180 2458//3180 2460//3180
f 2462//3181 2454//3181 2460//3181
f 2463//3182 2462//3182 2460//3182
f 2464//3180 2463//3180 2460//3180
f 2465//3180 2464//3180 2460//3180
f 2460//3180 2459//3180 2388//3180
f 2460//3180 2388//3180 2387//3180
f 2460//3180 2387//3180 2420//3180
f 2460//3180 2420//3180 2421//3180
f 2460//3180 2421//3180 2423//3180
f 2466//3183 2465//3183 2460//3183
f 2427//3184 2466//3184 2460//3184
f 2423//3180 2427//3180 2460//3180
f 2467//3185 2466//3185 2427//3185
f 2427//3186 2430//3186 2467//3186
f 2468//3187 2467//3187 2430//3187
f 2430//3188 2432//3188 2468//3188
f 2469//3189 2468//3189 2432//3189
f 2459//3190 2449//3190 2448//3190
f 2388//3191 2459//3191 2448//3191
f 2436//3192 2449//3192 2459//3192
f 2459//3193 2458//3193 2436//3193
f 2437//3194 2436//3194 2458//3194
f 2458//3195 2461//3195 2437//3195
f 2439//3196 2437//3196 2461//3196
f 2461//3197 2456//3197 2439//3197
f 2470//3198 2439//3198 2456//3198
f 2456//3199 2457//3199 2470//3199
f 2471//3200 2470//3200 2457//3200
f 2472//3201 2473//3201 2471//3201
f 2457//3202 2472//3202 2471//3202
f 2474//3203 2473//3203 2472//3203
f 2475//3204 2476//3204 2474//3204
f 2472//3205 2475//3205 2474//3205
f 2475//3206 2477//3206 2476//3206
f 2440//3207 2476//3207 2477//3207
f 1277//182 2478//182 2479//182
f 2480//3208 2481//3208 2478//3208
f 2482//3209 2480//3209 2478//3209
f 2483//3210 2482//3210 2478//3210
f 1277//182 2443//182 2478//182
f 2484//3211 2483//3211 2478//3211
f 2485//3212 2484//3212 2478//3212
f 2486//182 2485//182 2478//182
f 2487//182 2486//182 2478//182
f 2442//182 2487//182 2478//182
f 2443//182 2442//182 2478//182
f 2488//182 2487//182 2442//182
f 2489//182 2490//182 2488//182
f 2442//182 2489//182 2488//182
f 2454//3213 2462//3213 2491//3213
f 2062//182 2490//182 2491//182
f 2060//182 2062//182 2491//182
f 2462//1124 2492//1124 2491//1124
f 2394//3214 2453//3214 1214//3214
f 1213//3215 1214//3215 2453//3215
f 2453//3216 2452//3216 1213//3216
f 1213//3217 2452//3217 1212//3217
f 2452//3218 2451//3218 1212//3218
f 1211//3219 1212//3219 2451//3219
f 2451//3220 2450//3220 1211//3220
f 2450//3221 2447//3221 1211//3221
f 1210//3222 1211//3222 2447//3222
f 2447//3223 2446//3223 1210//3223
f 1207//3224 1210//3224 2446//3224
f 2445//3225 1207//3225 2446//3225
f 2444//3226 1207//3226 2445//3226
f 2443//3227 1207//3227 2444//3227
f 1277//1189 1207//1189 2443//1189
f 2061//3228 2064//3228 2062//3228
f 2490//3229 2062//3229 2064//3229
f 2063//3230 2493//3230 2064//3230
f 2493//3231 2063//3231 1984//3231
f 2494//3232 2064//3232 2493//3232
f 2064//3233 2494//3233 2490//3233
f 2488//3234 2490//3234 2494//3234
f 2477//3235 2489//3235 2495//3235
f 2496//3236 2489//3236 2477//3236
f 2477//3237 2497//3237 2496//3237
f 2498//3238 2496//3238 2497//3238
f 2497//3239 2455//3239 2498//3239
f 2498//3240 2455//3240 2454//3240
f 2455//3241 2475//3241 2472//3241
f 2457//3242 2455//3242 2472//3242
f 2439//3243 2470//3243 2471//3243
f 2439//3244 2471//3244 2473//3244
f 2439//3245 2473//3245 2474//3245
f 2439//3246 2474//3246 2476//3246
f 2439//3247 2476//3247 2440//3247
f 2454//3248 2491//3248 2498//3248
f 2491//1288 2496//1288 2498//1288
f 2489//1124 2496//1124 2491//1124
f 2489//1288 2491//1288 2490//1288
f 2441//3249 2489//3249 2442//3249
f 2441//3250 2495//3250 2489//3250
f 2440//3251 2495//3251 2441//3251
f 2477//3252 2495//3252 2440//3252
f 2455//3253 2497//3253 2475//3253
f 2497//3254 2477//3254 2475//3254
f 1219//544 2396//544 2403//544
f 1219//544 2403//544 2404//544
f 1219//544 2404//544 2406//544
f 1219//544 2406//544 2408//544
f 1219//544 2408//544 2410//544
f 1219//544 2410//544 1214//544
f 2411//544 1214//544 2410//544
f 2411//544 2413//544 1214//544
f 2413//544 2415//544 1214//544
f 2415//544 2390//544 1214//544
f 2499//3255 2500//3255 2501//3255
f 2499//3256 2502//3256 2500//3256
f 2503//3257 2500//3257 2502//3257
f 2504//3258 2503//3258 2502//3258
f 2504//3259 2502//3259 2505//3259
f 2506//3260 2504//3260 2505//3260
f 2502//3261 2507//3261 2508//3261
f 2499//3262 2507//3262 2502//3262
f 2509//3263 2510//3263 2511//3263
f 2512//3264 2513//3264 2514//3264
f 2515//3265 2516//3265 2247//3265
f 2517//3266 2518//3266 2519//3266
f 2516//3267 2519//3267 2518//3267
f 2518//3268 2250//3268 2516//3268
f 2247//3269 2516//3269 2250//3269
f 2520//3270 2518//3270 2517//3270
f 2521//3271 2518//3271 2520//3271
f 2521//3272 2250//3272 2518//3272
f 2521//3273 2257//3273 2250//3273
f 2260//3274 2521//3274 2522//3274
f 2521//3275 2520//3275 2522//3275
f 2521//3276 2260//3276 2257//3276
f 2523//3277 2260//3277 2524//3277
f 2260//3278 2522//3278 2524//3278
f 2524//3279 2246//3279 2523//3279
f 2525//3280 2526//3280 2527//3280
f 2526//3281 2528//3281 2527//3281
f 2529//3282 2530//3282 2531//3282
f 2532//3283 2531//3283 2530//3283
f 2531//3284 2532//3284 2525//3284
f 2526//3285 2525//3285 2532//3285
f 2530//3286 2533//3286 2532//3286
f 2528//3287 2526//3287 2532//3287
f 2532//3288 2534//3288 2528//3288
f 2534//3289 2532//3289 2533//3289
f 2533//3290 2535//3290 2534//3290
f 2535//3291 2536//3291 2534//3291
f 2536//3292 2509//3292 2534//3292
f 2534//3293 2511//3293 2528//3293
f 2511//3294 2534//3294 2509//3294
f 2537//3295 2529//3295 2538//3295
f 2530//3296 2529//3296 2537//3296
f 2537//3297 2539//3297 2530//3297
f 2533//3298 2530//3298 2539//3298
f 2535//3299 2533//3299 2539//3299
f 2539//3300 2540//3300 2535//3300
f 2536//3301 2535//3301 2540//3301
f 2509//3302 2536//3302 2540//3302
f 2510//3303 2509//3303 2540//3303
f 2540//3304 2541//3304 2510//3304
f 2542//3305 2543//3305 2537//3305
f 2539//3306 2537//3306 2543//3306
f 2540//3307 2539//3307 2543//3307
f 2543//3308 2544//3308 2540//3308
f 2541//3309 2540//3309 2544//3309
f 2250//3310 2257//3310 2251//3310
f 2257//3311 2260//3311 2258//3311
f 2245//3312 2260//3312 2523//3312
f 2527//3313 2528//3313 2507//3313
f 2514//270 2527//270 2507//270
f 2507//3314 2499//3314 2514//3314
f 2508//3315 2528//3315 2511//3315
f 2508//3316 2507//3316 2528//3316
f 2545//3317 2511//3317 2546//3317
f 2511//3318 2510//3318 2546//3318
f 2510//3319 2541//3319 2546//3319
f 2511//3320 2545//3320 2508//3320
f 2546//3321 2547//3321 2545//3321
f 2545//3322 2548//3322 2508//3322
f 2548//3323 2545//3323 2549//3323
f 2545//3324 2547//3324 2549//3324
f 2550//3325 2508//3325 2548//3325
f 2550//3326 2502//3326 2508//3326
f 2550//3327 2505//3327 2502//3327
f 2549//3328 2551//3328 2548//3328
f 2552//3329 2505//3329 2550//3329
f 2553//3330 2548//3330 2554//3330
f 2548//3331 2551//3331 2554//3331
f 2548//3332 2553//3332 2550//3332
f 2550//3333 2555//3333 2552//3333
f 2555//3334 2556//3334 2552//3334
f 2555//3335 2550//3335 2553//3335
f 2557//3336 2556//3336 2555//3336
f 2554//3337 2558//3337 2553//3337
f 2559//3338 2553//3338 2560//3338
f 2553//3339 2558//3339 2560//3339
f 2553//3340 2559//3340 2555//3340
f 2561//3341 2555//3341 2559//3341
f 2555//3342 2561//3342 2557//3342
f 2561//3343 2562//3343 2557//3343
f 2563//3344 2562//3344 2561//3344
f 2560//3345 2564//3345 2559//3345
f 2565//3346 2559//3346 2564//3346
f 2559//3347 2565//3347 2561//3347
f 2561//3348 2566//3348 2563//3348
f 2520//3349 2517//3349 2529//3349
f 2529//3350 2531//3350 2520//3350
f 2522//3351 2520//3351 2531//3351
f 2531//3352 2525//3352 2522//3352
f 2524//3353 2522//3353 2525//3353
f 2525//3354 2527//3354 2524//3354
f 2527//270 2514//270 2524//270
f 2246//3355 2524//3355 2514//3355
f 2567//3356 2506//3356 2505//3356
f 2505//3357 2552//3357 2567//3357
f 2568//3358 2567//3358 2552//3358
f 2552//3359 2556//3359 2568//3359
f 2569//3360 2568//3360 2556//3360
f 2556//3361 2557//3361 2569//3361
f 2570//3362 2569//3362 2557//3362
f 2557//3363 2562//3363 2570//3363
f 2571//3364 2570//3364 2562//3364
f 2562//3365 2563//3365 2571//3365
f 2571//3366 2563//3366 2572//3366
f 2247//3367 2250//3367 2249//3367
f 2573//3368 2247//3368 2143//3368
f 2573//3369 2255//3369 2247//3369
f 2255//3370 2515//3370 2247//3370
f 2529//3371 2517//3371 2538//3371
f 2517//3372 2537//3372 2538//3372
f 2517//3373 2542//3373 2537//3373
f 2519//3374 2542//3374 2517//3374
f 2574//3375 2512//3375 2501//3375
f 2514//1950 2501//1950 2512//1950
f 2501//544 2500//544 2575//544
f 2500//544 2503//544 2576//544
f 2503//544 2504//544 2577//544
f 2504//544 2506//544 2578//544
f 2506//544 2567//544 2579//544
f 2567//544 2568//544 2580//544
f 2568//544 2569//544 2581//544
f 2569//544 2570//544 2582//544
f 2570//544 2571//544 2583//544
f 2514//270 2499//270 2501//270
f 2514//3376 2244//3376 2246//3376
f 2523//3377 2246//3377 2245//3377
f 2564//65 2560//65 2584//65
f 2560//65 2558//65 2584//65
f 2558//65 2554//65 2584//65
f 2554//3378 2544//3378 2584//3378
f 2554//3379 2551//3379 2544//3379
f 2551//3380 2549//3380 2544//3380
f 2549//3381 2547//3381 2544//3381
f 2547//3382 2546//3382 2544//3382
f 2546//3383 2541//3383 2544//3383
f 2585//3384 2586//3384 2587//3384
f 2588//3385 2586//3385 2585//3385
f 2589//3386 2586//3386 2588//3386
f 2590//3387 2586//3387 2589//3387
f 2590//3388 2584//3388 2586//3388
f 2591//65 2584//65 2590//65
f 2592//65 2584//65 2591//65
f 2564//65 2584//65 2592//65
f 2593//544 2583//544 2571//544
f 2583//544 2582//544 2570//544
f 2582//544 2581//544 2569//544
f 2581//544 2580//544 2568//544
f 2580//544 2579//544 2567//544
f 2579//544 2578//544 2506//544
f 2578//544 2577//544 2504//544
f 2577//544 2576//544 2503//544
f 2576//544 2575//544 2500//544
f 2575//544 2574//544 2501//544
f 2594//3389 2587//3389 2586//3389
f 2576//3390 2595//3390 2596//3390
f 2576//3391 2596//3391 2597//3391
f 2575//3392 2576//3392 2597//3392
f 2576//3393 2577//3393 2595//3393
f 2577//3394 2578//3394 2595//3394
f 2579//3395 2580//3395 2598//3395
f 2599//3396 2598//3396 2580//3396
f 2580//3397 2581//3397 2599//3397
f 2600//3398 2599//3398 2581//3398
f 2581//3399 2582//3399 2600//3399
f 2601//3400 2600//3400 2582//3400
f 2582//3401 2583//3401 2601//3401
f 2602//3402 2601//3402 2583//3402
f 2583//3403 2593//3403 2602//3403
f 2572//3404 2602//3404 2593//3404
f 2593//3405 2571//3405 2572//3405
f 2596//3406 2603//3406 2604//3406
f 2597//3407 2596//3407 2604//3407
f 2605//3408 2606//3408 2607//3408
f 2603//3409 2605//3409 2607//3409
f 2603//3410 2596//3410 2595//3410
f 2603//3411 2595//3411 2605//3411
f 2608//3412 2606//3412 2605//3412
f 2608//3413 2587//3413 2594//3413
f 2608//3414 2594//3414 2606//3414
f 2585//3415 2587//3415 2608//3415
f 2608//3416 2605//3416 2609//3416
f 2610//3417 2608//3417 2609//3417
f 2610//3418 2588//3418 2585//3418
f 2608//3419 2610//3419 2585//3419
f 2609//3420 2611//3420 2610//3420
f 2605//3421 2595//3421 2598//3421
f 2609//3422 2605//3422 2598//3422
f 2611//3423 2609//3423 2598//3423
f 2598//3424 2599//3424 2611//3424
f 2589//3425 2588//3425 2610//3425
f 2612//3426 2590//3426 2589//3426
f 2610//3427 2612//3427 2589//3427
f 2612//3428 2610//3428 2611//3428
f 2611//3429 2599//3429 2600//3429
f 2613//3430 2611//3430 2600//3430
f 2611//3431 2613//3431 2612//3431
f 2600//3432 2601//3432 2613//3432
f 2591//3433 2590//3433 2612//3433
f 2565//3434 2592//3434 2591//3434
f 2612//3435 2565//3435 2591//3435
f 2565//3436 2612//3436 2613//3436
f 2613//3437 2566//3437 2565//3437
f 2613//3438 2601//3438 2602//3438
f 2566//3439 2613//3439 2602//3439
f 2602//3440 2572//3440 2566//3440
f 2564//3441 2592//3441 2565//3441
f 2566//3442 2572//3442 2563//3442
f 2565//3443 2566//3443 2561//3443
f 2614//3444 2164//3444 2096//3444
f 2164//3445 2255//3445 2144//3445
f 2255//3446 2573//3446 2143//3446
f 1964//3447 2615//3447 2616//3447
f 1964//3448 2616//3448 2005//3448
f 1964//3449 2005//3449 1965//3449
f 1968//469 2256//469 2617//469
f 1964//469 1968//469 2617//469
f 2618//3450 2574//3450 2619//3450
f 2620//3451 2618//3451 2619//3451
f 2574//3452 2575//3452 2619//3452
f 2597//3453 2619//3453 2575//3453
f 2095//182 2097//182 2140//182
f 2140//3454 2003//3454 2004//3454
f 2140//3455 2004//3455 2621//3455
f 2140//3456 2621//3456 2622//3456
f 2095//1637 2140//1637 2096//1637
f 2096//3457 2140//3457 2614//3457
f 2623//3458 2624//3458 2625//3458
f 2626//3459 2625//3459 2624//3459
f 2626//3460 2624//3460 2140//3460
f 2627//3461 2626//3461 2140//3461
f 2615//3462 1964//3462 2622//3462
f 2618//1126 2620//1126 2622//1126
f 2622//543 2620//543 2628//543
f 2622//543 2628//543 2629//543
f 2622//3463 2629//3463 2630//3463
f 2622//629 2630//629 2631//629
f 2622//629 2631//629 2627//629
f 2140//629 2622//629 2627//629
f 2005//3464 2616//3464 2004//3464
f 2621//3465 2004//3465 2616//3465
f 2616//3466 2615//3466 2621//3466
f 2622//3467 2621//3467 2615//3467
f 2631//3468 2632//3468 2626//3468
f 2627//3469 2631//3469 2626//3469
f 2631//3470 2630//3470 2632//3470
f 2633//3471 2632//3471 2630//3471
f 2630//3472 2629//3472 2633//3472
f 2634//3473 2633//3473 2629//3473
f 2629//3474 2628//3474 2634//3474
f 2619//3475 2634//3475 2628//3475
f 2628//3476 2620//3476 2619//3476
f 2597//3477 2604//3477 2619//3477
f 2603//3478 2607//3478 2604//3478
f 2594//3479 2635//3479 2606//3479
f 2606//3480 2636//3480 2607//3480
f 2636//3481 2606//3481 2635//3481
f 2633//3482 2607//3482 2636//3482
f 2632//3483 2636//3483 2635//3483
f 2636//3484 2632//3484 2633//3484
f 2635//3485 2626//3485 2632//3485
f 2635//3486 2594//3486 2637//3486
f 2637//3487 2625//3487 2635//3487
f 2626//3488 2635//3488 2625//3488
f 2586//3489 2637//3489 2594//3489
f 2586//3490 2638//3490 2637//3490
f 2625//3491 2637//3491 2638//3491
f 2625//3492 2638//3492 2623//3492
f 2578//3493 2598//3493 2595//3493
f 2579//3494 2598//3494 2578//3494
f 2604//3495 2634//3495 2619//3495
f 2604//3496 2607//3496 2634//3496
f 2607//3497 2633//3497 2634//3497
f 2639//3498 2640//3498 2641//3498
f 2642//3499 2643//3499 2644//3499
f 2642//3500 2644//3500 2639//3500
f 2641//3501 2642//3501 2639//3501
f 2645//544 2646//544 2647//544
f 2648//544 2647//544 2646//544
f 2646//544 2649//544 2648//544
f 2650//544 2648//544 2649//544
f 2649//544 2651//544 2650//544
f 2652//544 2650//544 2651//544
f 2651//544 2653//544 2652//544
f 2654//544 2652//544 2653//544
f 2653//544 2655//544 2654//544
f 2656//544 2654//544 2655//544
f 2655//544 2657//544 2656//544
f 2658//544 2656//544 2657//544
f 2657//544 2659//544 2658//544
f 2660//544 2658//544 2659//544
f 2659//544 2661//544 2660//544
f 2660//544 2661//544 2662//544
f 2663//544 2660//544 2662//544
f 2663//3502 2664//3502 2665//3502
f 2663//3503 2665//3503 2666//3503
f 2667//3504 2663//3504 2666//3504
f 2668//629 2669//629 2639//629
f 2640//65 2639//65 2669//65
f 2670//65 2671//65 2640//65
f 2669//65 2670//65 2640//65
f 2672//65 2671//65 2670//65
f 2670//65 2673//65 2672//65
f 2674//65 2672//65 2673//65
f 2673//65 2675//65 2674//65
f 2676//65 2674//65 2675//65
f 2675//65 2677//65 2676//65
f 2678//65 2676//65 2677//65
f 2677//65 2679//65 2678//65
f 2680//65 2678//65 2679//65
f 2679//65 2681//65 2680//65
f 2682//65 2680//65 2681//65
f 2681//65 2683//65 2682//65
f 2684//65 2682//65 2683//65
f 2683//65 2685//65 2684//65
f 2684//65 2685//65 2686//65
f 2687//65 2684//65 2686//65
f 2643//3505 2688//3505 2574//3505
f 2689//3506 2643//3506 2574//3506
f 2690//3505 2688//3505 2643//3505
f 2669//3507 2691//3507 2692//3507
f 2670//3508 2669//3508 2692//3508
f 2673//3509 2670//3509 2692//3509
f 2675//3510 2673//3510 2692//3510
f 2677//3511 2675//3511 2692//3511
f 2692//3512 2693//3512 2677//3512
f 2679//3513 2677//3513 2693//3513
f 2693//3514 2694//3514 2679//3514
f 2681//3515 2679//3515 2694//3515
f 2694//3516 2695//3516 2681//3516
f 2683//3517 2681//3517 2695//3517
f 2695//3518 2696//3518 2683//3518
f 2685//3519 2683//3519 2696//3519
f 2696//3520 2697//3520 2685//3520
f 2686//3521 2685//3521 2697//3521
f 2697//3522 2698//3522 2686//3522
f 2686//3523 2698//3523 2699//3523
f 2687//3524 2686//3524 2699//3524
f 2699//3525 2700//3525 2687//3525
f 2684//3526 2687//3526 2700//3526
f 2700//3527 2701//3527 2684//3527
f 2682//3528 2684//3528 2701//3528
f 2701//3529 2702//3529 2682//3529
f 2680//3530 2682//3530 2702//3530
f 2702//3531 2703//3531 2680//3531
f 2678//3532 2680//3532 2703//3532
f 2703//3533 2704//3533 2678//3533
f 2676//3534 2678//3534 2704//3534
f 2704//3535 2705//3535 2676//3535
f 2674//3536 2676//3536 2705//3536
f 2674//3537 2705//3537 2672//3537
f 2671//3538 2672//3538 2705//3538
f 2671//3539 2705//3539 2706//3539
f 2671//3540 2706//3540 2641//3540
f 2640//3541 2671//3541 2641//3541
f 2386//3542 2419//3542 2387//3542
f 2419//3543 2707//3543 2420//3543
f 2707//3544 2422//3544 2420//3544
f 2422//3545 2424//3545 2421//3545
f 2424//3546 2425//3546 2423//3546
f 2708//3547 2709//3547 2710//3547
f 2711//3548 2708//3548 2710//3548
f 2710//3549 2712//3549 2711//3549
f 2713//3550 2711//3550 2712//3550
f 2712//3551 2714//3551 2713//3551
f 2492//3552 2713//3552 2714//3552
f 2715//3553 2716//3553 2717//3553
f 2718//3554 2717//3554 2719//3554
f 2717//3555 2718//3555 2715//3555
f 2720//3556 2715//3556 2718//3556
f 2720//3557 2721//3557 2715//3557
f 2722//3558 2431//3558 2429//3558
f 2722//3559 2429//3559 2723//3559
f 2722//3560 2723//3560 2721//3560
f 2722//3561 2721//3561 2720//3561
f 2433//3562 2431//3562 2722//3562
f 2718//3563 2724//3563 2720//3563
f 2718//3564 2719//3564 2725//3564
f 2724//3565 2718//3565 2725//3565
f 2726//3566 2720//3566 2724//3566
f 2720//3567 2726//3567 2722//3567
f 2727//3568 2722//3568 2726//3568
f 2727//3569 2435//3569 2433//3569
f 2722//3570 2727//3570 2433//3570
f 2728//3571 2435//3571 2727//3571
f 2727//3572 2729//3572 2728//3572
f 2730//3573 2729//3573 2727//3573
f 2726//3574 2730//3574 2727//3574
f 2731//3575 2728//3575 2729//3575
f 2732//3576 2730//3576 2726//3576
f 2724//3577 2732//3577 2726//3577
f 2732//3578 2724//3578 2725//3578
f 2733//3579 2734//3579 2731//3579
f 2729//3580 2733//3580 2731//3580
f 2733//3581 2729//3581 2730//3581
f 2735//3582 2734//3582 2733//3582
f 2736//3583 2730//3583 2732//3583
f 2730//3584 2736//3584 2733//3584
f 2737//3585 2732//3585 2725//3585
f 2732//3586 2737//3586 2736//3586
f 2725//3587 2738//3587 2737//3587
f 2739//3588 2733//3588 2736//3588
f 2739//3589 2740//3589 2735//3589
f 2733//3590 2739//3590 2735//3590
f 2709//3591 2740//3591 2739//3591
f 2736//3592 2741//3592 2739//3592
f 2741//3593 2736//3593 2737//3593
f 2742//3594 2737//3594 2738//3594
f 2737//3595 2742//3595 2741//3595
f 2739//3596 2743//3596 2709//3596
f 2743//3597 2739//3597 2741//3597
f 2741//3598 2744//3598 2743//3598
f 2744//3599 2741//3599 2742//3599
f 2742//3600 2745//3600 2744//3600
f 2742//3601 2738//3601 2745//3601
f 2746//3602 2744//3602 2745//3602
f 2664//3603 2747//3603 2665//3603
f 2748//3604 2749//3604 2667//3604
f 2666//3605 2748//3605 2667//3605
f 2748//3606 2666//3606 2665//3606
f 2665//3607 2747//3607 2750//3607
f 2751//3608 2665//3608 2750//3608
f 2665//3609 2751//3609 2748//3609
f 2750//3610 2752//3610 2751//3610
f 2748//3611 2753//3611 2749//3611
f 2753//3612 2748//3612 2751//3612
f 2751//3613 2754//3613 2753//3613
f 2754//3614 2751//3614 2752//3614
f 2752//3615 2755//3615 2754//3615
f 2756//3616 2749//3616 2753//3616
f 2757//3617 2754//3617 2755//3617
f 2754//3618 2757//3618 2753//3618
f 2758//3619 2753//3619 2757//3619
f 2753//3620 2758//3620 2756//3620
f 2759//3621 2757//3621 2755//3621
f 2757//3622 2759//3622 2758//3622
f 2760//3623 2749//3623 2756//3623
f 2755//3624 2761//3624 2759//3624
f 2762//3625 2758//3625 2759//3625
f 2758//3626 2762//3626 2756//3626
f 2756//3627 2763//3627 2760//3627
f 2763//3628 2756//3628 2762//3628
f 2759//3629 2764//3629 2762//3629
f 2764//3630 2759//3630 2761//3630
f 2765//3631 2760//3631 2763//3631
f 2760//3632 2765//3632 2766//3632
f 2762//3633 2767//3633 2763//3633
f 2767//3634 2762//3634 2764//3634
f 2768//3635 2763//3635 2767//3635
f 2763//3636 2768//3636 2765//3636
f 2765//3637 2769//3637 2766//3637
f 2770//3638 2764//3638 2761//3638
f 2764//3639 2770//3639 2767//3639
f 2771//3640 2765//3640 2768//3640
f 2765//3641 2771//3641 2769//3641
f 2761//3642 2725//3642 2770//3642
f 2772//3643 2767//3643 2770//3643
f 2767//3644 2772//3644 2768//3644
f 2716//3645 2768//3645 2772//3645
f 2768//3646 2716//3646 2771//3646
f 2721//3647 2723//3647 2773//3647
f 2769//3648 2721//3648 2773//3648
f 2721//3649 2769//3649 2771//3649
f 2770//3650 2725//3650 2719//3650
f 2772//3651 2770//3651 2719//3651
f 2772//3652 2719//3652 2717//3652
f 2772//3653 2717//3653 2716//3653
f 2771//3654 2716//3654 2715//3654
f 2771//3655 2715//3655 2721//3655
f 2774//3656 2723//3656 2429//3656
f 2661//3657 2775//3657 2776//3657
f 2662//3658 2661//3658 2776//3658
f 2775//3659 2661//3659 2659//3659
f 2777//3660 2775//3660 2659//3660
f 2777//3661 2778//3661 2779//3661
f 2775//3662 2777//3662 2779//3662
f 2659//3663 2657//3663 2777//3663
f 2777//3664 2657//3664 2655//3664
f 2780//3665 2777//3665 2655//3665
f 2781//3666 2693//3666 2692//3666
f 2694//3667 2693//3667 2781//3667
f 2655//3668 2653//3668 2780//3668
f 2780//3669 2782//3669 2781//3669
f 2780//3670 2653//3670 2651//3670
f 2782//3671 2780//3671 2651//3671
f 2783//3672 2695//3672 2694//3672
f 2781//3673 2783//3673 2694//3673
f 2783//3674 2781//3674 2782//3674
f 2696//3675 2695//3675 2783//3675
f 2651//3676 2649//3676 2782//3676
f 2782//3677 2649//3677 2646//3677
f 2784//3678 2782//3678 2646//3678
f 2782//3679 2784//3679 2783//3679
f 2785//3680 2697//3680 2696//3680
f 2783//3681 2785//3681 2696//3681
f 2785//3682 2783//3682 2784//3682
f 2698//3683 2697//3683 2785//3683
f 2646//3684 2645//3684 2784//3684
f 2786//3685 2699//3685 2698//3685
f 2785//3685 2786//3685 2698//3685
f 2784//3686 2645//3686 2647//3686
f 2787//3687 2784//3687 2647//3687
f 2787//3688 2786//3688 2785//3688
f 2784//3689 2787//3689 2785//3689
f 2700//3690 2699//3690 2786//3690
f 2647//3691 2648//3691 2787//3691
f 2788//3692 2701//3692 2700//3692
f 2786//3693 2788//3693 2700//3693
f 2788//3694 2786//3694 2787//3694
f 2787//3695 2648//3695 2650//3695
f 2789//3696 2787//3696 2650//3696
f 2787//3697 2789//3697 2788//3697
f 2702//3698 2701//3698 2788//3698
f 2650//3699 2652//3699 2789//3699
f 2790//3700 2788//3700 2789//3700
f 2790//3701 2703//3701 2702//3701
f 2788//3702 2790//3702 2702//3702
f 2789//3703 2791//3703 2790//3703
f 2789//3704 2652//3704 2654//3704
f 2791//3705 2789//3705 2654//3705
f 2704//3706 2703//3706 2790//3706
f 2654//3707 2656//3707 2791//3707
f 2792//3708 2705//3708 2704//3708
f 2790//3709 2792//3709 2704//3709
f 2792//3710 2790//3710 2791//3710
f 2793//3711 2791//3711 2656//3711
f 2791//3712 2793//3712 2792//3712
f 2656//3713 2658//3713 2793//3713
f 2793//3714 2658//3714 2660//3714
f 2793//3715 2660//3715 2663//3715
f 2793//3716 2663//3716 2794//3716
f 2793//3717 2794//3717 2795//3717
f 2793//3718 2795//3718 2792//3718
f 2792//3719 2795//3719 2796//3719
f 2792//3720 2796//3720 2797//3720
f 2798//3721 2792//3721 2797//3721
f 2798//3722 2706//3722 2705//3722
f 2798//3723 2705//3723 2792//3723
f 2706//3724 2798//3724 2799//3724
f 2641//3725 2706//3725 2799//3725
f 2641//3726 2799//3726 2642//3726
f 2800//3727 2642//3727 2799//3727
f 2800//3728 2799//3728 2798//3728
f 2798//3729 2797//3729 2800//3729
f 2801//3730 2800//3730 2797//3730
f 2802//3731 2801//3731 2797//3731
f 2796//3732 2802//3732 2797//3732
f 2803//3733 2802//3733 2796//3733
f 2796//3734 2795//3734 2803//3734
f 2804//3735 2803//3735 2795//3735
f 2795//3736 2794//3736 2804//3736
f 2667//3737 2804//3737 2794//3737
f 2794//3738 2663//3738 2667//3738
f 2801//3739 2802//3739 2805//3739
f 2806//3740 2805//3740 2802//3740
f 2802//3741 2803//3741 2806//3741
f 2749//3742 2806//3742 2803//3742
f 2803//3743 2804//3743 2749//3743
f 2804//3744 2667//3744 2749//3744
f 2805//3745 2422//3745 2707//3745
f 2805//3746 2707//3746 2419//3746
f 2386//3747 2805//3747 2419//3747
f 2774//3748 2429//3748 2428//3748
f 2774//3749 2428//3749 2426//3749
f 2807//3750 2422//3750 2805//3750
f 2773//3751 2774//3751 2807//3751
f 2774//3752 2773//3752 2723//3752
f 2808//3753 2807//3753 2805//3753
f 2807//3754 2808//3754 2773//3754
f 2769//3755 2773//3755 2808//3755
f 2808//3756 2809//3756 2769//3756
f 2809//3757 2808//3757 2805//3757
f 2805//3758 2806//3758 2809//3758
f 2809//3759 2766//3759 2769//3759
f 2766//3760 2809//3760 2806//3760
f 2760//3761 2766//3761 2806//3761
f 2806//3762 2749//3762 2760//3762
f 2639//3763 2644//3763 2668//3763
f 2810//3764 2668//3764 2644//3764
f 2644//3765 2643//3765 2810//3765
f 2689//3766 2810//3766 2643//3766
f 2811//3767 2668//3767 2810//3767
f 2810//1461 2689//1461 2811//1461
f 2811//182 2691//182 2669//182
f 2669//3767 2668//3767 2811//3767
f 2747//3768 2664//3768 2812//3768
f 2813//3769 2814//3769 2815//3769
f 2814//3770 2813//3770 2812//3770
f 2815//3771 2816//3771 2813//3771
f 2817//3772 2812//3772 2813//3772
f 2812//3773 2817//3773 2747//3773
f 2750//3774 2747//3774 2817//3774
f 2817//3775 2818//3775 2750//3775
f 2818//3776 2817//3776 2813//3776
f 2752//3777 2750//3777 2818//3777
f 2816//3778 2819//3778 2813//3778
f 2820//3779 2813//3779 2819//3779
f 2813//3780 2820//3780 2818//3780
f 2819//3781 2821//3781 2820//3781
f 2822//3782 2820//3782 2821//3782
f 2820//3783 2822//3783 2818//3783
f 2755//3784 2752//3784 2818//3784
f 2818//3785 2823//3785 2755//3785
f 2823//3786 2818//3786 2822//3786
f 2824//3787 2825//3787 2821//3787
f 2822//3788 2826//3788 2823//3788
f 2826//3789 2822//3789 2821//3789
f 2821//3790 2827//3790 2826//3790
f 2827//3791 2821//3791 2825//3791
f 2828//3792 2823//3792 2826//3792
f 2823//3793 2828//3793 2755//3793
f 2761//3794 2755//3794 2828//3794
f 2825//3795 2829//3795 2827//3795
f 2830//3796 2826//3796 2827//3796
f 2826//3797 2830//3797 2828//3797
f 2829//3798 2831//3798 2827//3798
f 2828//3799 2832//3799 2761//3799
f 2832//3800 2828//3800 2830//3800
f 2833//3801 2827//3801 2831//3801
f 2827//3802 2833//3802 2830//3802
f 2725//3803 2761//3803 2832//3803
f 2829//3804 2834//3804 2831//3804
f 2830//3805 2835//3805 2832//3805
f 2835//3806 2830//3806 2833//3806
f 2738//3807 2832//3807 2835//3807
f 2832//3808 2738//3808 2725//3808
f 2746//3809 2833//3809 2831//3809
f 2833//3810 2746//3810 2835//3810
f 2831//3811 2836//3811 2746//3811
f 2836//3812 2831//3812 2834//3812
f 2745//3813 2835//3813 2746//3813
f 2835//3814 2745//3814 2738//3814
f 2834//3815 2837//3815 2743//3815
f 2746//3816 2836//3816 2744//3816
f 2838//3817 2839//3817 2714//3817
f 2838//3818 2714//3818 2712//3818
f 2710//3819 2837//3819 2838//3819
f 2838//3820 2840//3820 2839//3820
f 2841//3821 2840//3821 2838//3821
f 2838//3822 2842//3822 2841//3822
f 2838//3823 2837//3823 2834//3823
f 2842//3824 2838//3824 2834//3824
f 2834//3825 2829//3825 2842//3825
f 2843//3826 2841//3826 2842//3826
f 2842//3827 2829//3827 2843//3827
f 2829//3828 2825//3828 2843//3828
f 2844//3829 2843//3829 2825//3829
f 2825//3830 2824//3830 2844//3830
f 2845//3831 2811//3831 2846//3831
f 2846//3832 2847//3832 2845//3832
f 2846//3833 2714//3833 2847//3833
f 2848//3834 2845//3834 2847//3834
f 2847//3835 2714//3835 2839//3835
f 2849//3836 2847//3836 2839//3836
f 2847//3837 2849//3837 2848//3837
f 2849//3838 2839//3838 2840//3838
f 2850//3839 2849//3839 2840//3839
f 2849//3840 2850//3840 2848//3840
f 2840//3841 2841//3841 2850//3841
f 2851//3842 2848//3842 2850//3842
f 2850//3843 2852//3843 2851//3843
f 2852//3844 2850//3844 2841//3844
f 2852//3845 2841//3845 2843//3845
f 2853//3846 2851//3846 2852//3846
f 2852//3847 2854//3847 2853//3847
f 2854//3848 2852//3848 2843//3848
f 2855//3849 2853//3849 2854//3849
f 2854//3850 2843//3850 2844//3850
f 2854//3851 2819//3851 2855//3851
f 2854//3852 2844//3852 2824//3852
f 2819//3853 2854//3853 2824//3853
f 2855//3854 2819//3854 2816//3854
f 2815//3855 2855//3855 2816//3855
f 2824//3856 2821//3856 2819//3856
f 2811//3857 2856//3857 2691//3857
f 2845//3858 2856//3858 2811//3858
f 2848//3859 2778//3859 2856//3859
f 2845//3860 2848//3860 2856//3860
f 2851//3861 2779//3861 2778//3861
f 2848//3862 2851//3862 2778//3862
f 2851//3863 2853//3863 2779//3863
f 2775//3864 2779//3864 2853//3864
f 2853//3865 2855//3865 2775//3865
f 2776//3866 2775//3866 2855//3866
f 2855//3867 2815//3867 2776//3867
f 2662//3868 2776//3868 2815//3868
f 2691//3869 2856//3869 2692//3869
f 2692//3870 2856//3870 2778//3870
f 2778//3871 2857//3871 2692//3871
f 2857//3872 2781//3872 2692//3872
f 2780//3873 2857//3873 2777//3873
f 2781//3874 2857//3874 2780//3874
f 2777//3875 2857//3875 2778//3875
f 2425//3876 2774//3876 2426//3876
f 2424//3877 2774//3877 2425//3877
f 2422//3878 2807//3878 2424//3878
f 2424//3879 2807//3879 2774//3879
f 2800//3880 2801//3880 2805//3880
f 2642//3881 2800//3881 2805//3881
f 2642//3882 2805//3882 2858//3882
f 2858//3883 2805//3883 2859//3883
f 2386//3884 2859//3884 2805//3884
f 2662//3885 2815//3885 2814//3885
f 2662//3886 2814//3886 2812//3886
f 2662//3887 2812//3887 2664//3887
f 2662//3888 2664//3888 2663//3888
f 2743//3889 2744//3889 2836//3889
f 2743//3890 2836//3890 2834//3890
f 2709//3891 2743//3891 2837//3891
f 2709//3892 2837//3892 2710//3892
f 2712//3893 2710//3893 2838//3893
f 2860//2516 2050//2516 2058//2516
f 2860//3894 2861//3894 2050//3894
f 2051//3895 2050//3895 2861//3895
f 2861//3896 2862//3896 2051//3896
f 2862//3897 2863//3897 2051//3897
f 2618//3898 2862//3898 2861//3898
f 2863//3899 2862//3899 2618//3899
f 2622//3900 2864//3900 2618//3900
f 2622//2976 1964//2976 2864//2976
f 2617//65 2864//65 1964//65
f 2240//3901 2065//3901 2863//3901
f 2065//3902 2051//3902 2863//3902
f 2241//3903 2240//3903 2863//3903
f 2242//3904 2241//3904 2863//3904
f 2243//3905 2242//3905 2863//3905
f 2865//3906 2243//3906 2863//3906
f 2866//3907 2865//3907 2864//3907
f 2865//3907 2618//3907 2864//3907
f 2865//3908 2863//3908 2618//3908
f 2618//3909 2689//3909 2574//3909
f 2618//1461 2811//1461 2689//1461
f 2618//3910 2861//3910 2811//3910
f 2811//182 2861//182 2846//182
f 2861//182 2860//182 2714//182
f 2714//182 2846//182 2861//182
f 2860//182 2058//182 2714//182
f 2058//3208 2492//3208 2714//3208
f 2058//182 2060//182 2491//182
f 2491//182 2492//182 2058//182
f 2867//3911 2514//3911 2513//3911
f 2513//3912 2688//3912 2867//3912
f 2690//3913 2867//3913 2688//3913
f 2513//3914 2512//3914 2574//3914
f 2513//3915 2574//3915 2688//3915
f 2256//182 2000//182 2866//182
f 2000//182 2865//182 2866//182
f 2000//182 2243//182 2865//182
f 2047//3916 2048//3916 2868//3916
f 1935//3917 1963//3917 2869//3917
f 2870//3918 2871//3918 2872//3918
f 2873//3919 2872//3919 2871//3919
f 2871//3920 2874//3920 2873//3920
f 2875//3921 2873//3921 2874//3921
f 2874//3922 2876//3922 2875//3922
f 1862//3923 2875//3923 1864//3923
f 2875//3924 2876//3924 1864//3924
f 2877//3925 2878//3925 2879//3925
f 2880//3926 2879//3926 2878//3926
f 2878//3927 2881//3927 2880//3927
f 2882//3928 2880//3928 2881//3928
f 2881//3929 2883//3929 2882//3929
f 2884//3930 2882//3930 2883//3930
f 2883//3931 2885//3931 2884//3931
f 2886//3932 2884//3932 2885//3932
f 2885//3933 2870//3933 2886//3933
f 2872//3934 2886//3934 2870//3934
f 2879//3935 2887//3935 2877//3935
f 2488//3936 2888//3936 2487//3936
f 2494//3937 2889//3937 2888//3937
f 2494//3938 2888//3938 2488//3938
f 2493//3939 2890//3939 2889//3939
f 2493//3940 2891//3940 2890//3940
f 2889//3941 2494//3941 2493//3941
f 1984//3942 2891//3942 2493//3942
f 2892//3943 2893//3943 2894//3943
f 2893//3944 2895//3944 2896//3944
f 2895//3945 2890//3945 2896//3945
f 2895//3946 2889//3946 2890//3946
f 2895//3947 2893//3947 2897//3947
f 2893//3948 2892//3948 2897//3948
f 2897//3949 2898//3949 2895//3949
f 2895//3950 2899//3950 2889//3950
f 2899//3951 2888//3951 2889//3951
f 2899//3952 2895//3952 2900//3952
f 2895//3953 2898//3953 2900//3953
f 2900//3954 2901//3954 2899//3954
f 2899//3955 2902//3955 2903//3955
f 2899//3956 2901//3956 2902//3956
f 2899//3957 2903//3957 2888//3957
f 2903//3958 2487//3958 2888//3958
f 2904//3959 2487//3959 2903//3959
f 2904//3960 2486//3960 2487//3960
f 2485//3961 2486//3961 2904//3961
f 2904//3962 2905//3962 2485//3962
f 2484//3963 2485//3963 2906//3963
f 2485//3964 2907//3964 2906//3964
f 2485//3965 2905//3965 2907//3965
f 1875//3966 1877//3966 2908//3966
f 2908//3967 2909//3967 2910//3967
f 2909//3968 2911//3968 2910//3968
f 2909//3969 2912//3969 2911//3969
f 2909//3970 2908//3970 1877//3970
f 2913//3971 2912//3971 2909//3971
f 1877//3972 1882//3972 2909//3972
f 2909//3973 2914//3973 2913//3973
f 2914//3974 2915//3974 2913//3974
f 2914//3975 2909//3975 1883//3975
f 2909//3976 1882//3976 1883//3976
f 2916//3977 2915//3977 2914//3977
f 1883//3978 1889//3978 2914//3978
f 2917//3979 2914//3979 1892//3979
f 2914//3980 1889//3980 1892//3980
f 2914//3981 2917//3981 2916//3981
f 2917//3982 2918//3982 2916//3982
f 2919//3983 2918//3983 2917//3983
f 1892//3984 1894//3984 2917//3984
f 2868//3985 2917//3985 2047//3985
f 2917//3986 2046//3986 2047//3986
f 2917//3987 2043//3987 2046//3987
f 2917//3988 1894//3988 2043//3988
f 2917//3989 2868//3989 2919//3989
f 2045//3990 2919//3990 2049//3990
f 2919//3991 2048//3991 2049//3991
f 2919//3992 2868//3992 2048//3992
f 2911//3993 2912//3993 1873//3993
f 2920//3994 1873//3994 2912//3994
f 2912//3995 2913//3995 2920//3995
f 2921//3996 2920//3996 2913//3996
f 2913//3997 2915//3997 2921//3997
f 2922//3998 2921//3998 2915//3998
f 2915//3999 2916//3999 2922//3999
f 2923//4000 2922//4000 2916//4000
f 2916//4001 2918//4001 2923//4001
f 2924//4002 2923//4002 2918//4002
f 2918//4003 2919//4003 2924//4003
f 2925//4004 2924//4004 2919//4004
f 2919//4005 2045//4005 2925//4005
f 2044//4006 2925//4006 2045//4006
f 1853//4007 2911//4007 1873//4007
f 1853//4007 2910//4007 2911//4007
f 1853//4008 2908//4008 2910//4008
f 1853//4009 1875//4009 2908//4009
f 1877//4010 1875//4010 1876//4010
f 1982//4011 2891//4011 1984//4011
f 2890//4012 2891//4012 2926//4012
f 2891//4013 1982//4013 2926//4013
f 1915//4014 1982//4014 1911//4014
f 1914//4015 2927//4015 1915//4015
f 1918//4016 2927//4016 1914//4016
f 1917//4017 1935//4017 1918//4017
f 2928//4018 2890//4018 2926//4018
f 2928//4019 2896//4019 2890//4019
f 2928//4020 2926//4020 1915//4020
f 2926//4021 1982//4021 1915//4021
f 1915//4022 2927//4022 2928//4022
f 2929//4023 2928//4023 1918//4023
f 2928//4024 2927//4024 1918//4024
f 2928//4025 2929//4025 2896//4025
f 2929//4026 2893//4026 2896//4026
f 2894//4027 2893//4027 2929//4027
f 1918//4028 1935//4028 2929//4028
f 2929//4029 2930//4029 2894//4029
f 2930//4030 2929//4030 2869//4030
f 2929//4031 1935//4031 2869//4031
f 2484//4032 2906//4032 2483//4032
f 2931//4033 2482//4033 2483//4033
f 2482//4034 2931//4034 2480//4034
f 2483//4035 2932//4035 2931//4035
f 2932//4036 2483//4036 2906//4036
f 2933//4037 2480//4037 2931//4037
f 2906//4038 2907//4038 2932//4038
f 2934//4039 2480//4039 2933//4039
f 2481//4040 2480//4040 2934//4040
f 2934//4041 2935//4041 2481//4041
f 2936//4042 2937//4042 2938//4042
f 2939//4043 2938//4043 2940//4043
f 2938//4044 2937//4044 2940//4044
f 2940//4045 2941//4045 2939//4045
f 2942//4046 2939//4046 2941//4046
f 2939//4047 2942//4047 2943//4047
f 2942//4048 2944//4048 2943//4048
f 2945//4049 2944//4049 2942//4049
f 2384//4050 2942//4050 2365//4050
f 2942//4051 2367//4051 2365//4051
f 2942//4052 2941//4052 2367//4052
f 2942//4053 2384//4053 2945//4053
f 2384//4054 2385//4054 2945//4054
f 2372//4055 2937//4055 2348//4055
f 2372//4056 2369//4056 2937//4056
f 2369//4057 2940//4057 2937//4057
f 2941//4058 2940//4058 2369//4058
f 2369//4059 2367//4059 2941//4059
f 2481//1187 2935//1187 2478//1187
f 2935//3454 2946//3454 2478//3454
f 2946//3454 2947//3454 2478//3454
f 2947//182 2948//182 2478//182
f 2948//4060 2936//4060 2478//4060
f 2936//4061 2938//4061 2478//4061
f 2938//182 2939//182 2478//182
f 2939//182 2479//182 2478//182
f 2479//182 1333//182 1293//182
f 2479//182 2385//182 1333//182
f 2939//4062 2943//4062 2479//4062
f 2943//182 2944//182 2479//182
f 2944//182 2945//182 2479//182
f 2945//182 2385//182 2479//182
f 2949//4063 2950//4063 2887//4063
f 2950//4064 2949//4064 2951//4064
f 2949//4065 2952//4065 2951//4065
f 2949//4066 2953//4066 2952//4066
f 2949//4067 2954//4067 2953//4067
f 2954//4068 2933//4068 2953//4068
f 2934//4069 2933//4069 2954//4069
f 2935//4070 2934//4070 2954//4070
f 2955//4071 2946//4071 2954//4071
f 2955//4072 2954//4072 2949//4072
f 2946//4073 2935//4073 2954//4073
f 2949//4074 2956//4074 2955//4074
f 2956//4075 2949//4075 2887//4075
f 2947//4076 2946//4076 2955//4076
f 2948//4077 2947//4077 2955//4077
f 2936//4078 2948//4078 2955//4078
f 2956//4079 2887//4079 2957//4079
f 2956//4080 2957//4080 2955//4080
f 2937//4081 2936//4081 2955//4081
f 2887//4082 2958//4082 2957//4082
f 2349//4083 2937//4083 2955//4083
f 2349//4084 2348//4084 2937//4084
f 2349//4085 2955//4085 2957//4085
f 2957//4086 2347//4086 2349//4086
f 2349//4087 2343//4087 2348//4087
f 2958//4088 2347//4088 2957//4088
f 2347//4089 2958//4089 2336//4089
f 2933//4090 2931//4090 2953//4090
f 2931//4091 2952//4091 2953//4091
f 2952//4092 2959//4092 2951//4092
f 2959//4093 2950//4093 2951//4093
f 2959//4094 2952//4094 2931//4094
f 2960//4095 2950//4095 2959//4095
f 2960//4096 2887//4096 2950//4096
f 2960//4097 2877//4097 2887//4097
f 2960//4098 2878//4098 2877//4098
f 2960//4099 2881//4099 2878//4099
f 2960//4100 2883//4100 2881//4100
f 2931//4101 2932//4101 2959//4101
f 2961//4102 2959//4102 2907//4102
f 2959//4103 2932//4103 2907//4103
f 2959//4104 2961//4104 2960//4104
f 2885//4105 2883//4105 2960//4105
f 2962//4106 2960//4106 2961//4106
f 2960//4107 2962//4107 2885//4107
f 2962//4108 2870//4108 2885//4108
f 2962//4109 2871//4109 2870//4109
f 2907//4110 2905//4110 2961//4110
f 2903//4111 2961//4111 2904//4111
f 2961//4112 2905//4112 2904//4112
f 2961//4113 2903//4113 2962//4113
f 2874//4114 2871//4114 2962//4114
f 2963//4115 2962//4115 2900//4115
f 2962//4116 2901//4116 2900//4116
f 2962//4117 2902//4117 2901//4117
f 2962//4118 2903//4118 2902//4118
f 2962//4119 2963//4119 2874//4119
f 2963//4120 2876//4120 2874//4120
f 2963//4121 1864//4121 2876//4121
f 2900//4122 2898//4122 2963//4122
f 2964//4123 2963//4123 2894//4123
f 2963//4124 2892//4124 2894//4124
f 2963//4125 2897//4125 2892//4125
f 2963//4126 2898//4126 2897//4126
f 2963//4127 2964//4127 1864//4127
f 2964//4128 1863//4128 1864//4128
f 2964//4129 1861//4129 1863//4129
f 2964//4130 1860//4130 1861//4130
f 2964//4131 1858//4131 1860//4131
f 2964//4132 1857//4132 1858//4132
f 2894//4133 2930//4133 2964//4133
f 1856//4134 1857//4134 2964//4134
f 2964//4135 1963//4135 1856//4135
f 1963//4136 2964//4136 2869//4136
f 2964//4137 2930//4137 2869//4137
f 1963//4138 1935//4138 1876//4138
f 2322//4139 1794//4139 2965//4139
f 2226//801 2336//801 1859//801
f 2336//4140 1862//4140 1859//4140
f 2336//4141 2875//4141 1862//4141
f 2336//4142 2887//4142 2875//4142
f 2887//4143 2873//4143 2875//4143
f 2887//4144 2872//4144 2873//4144
f 2887//4145 2886//4145 2872//4145
f 2887//4146 2884//4146 2886//4146
f 2887//4147 2882//4147 2884//4147
f 2336//4148 2958//4148 2887//4148
f 2920//182 2044//182 1873//182
f 2925//182 2044//182 2920//182
f 2920//182 2921//182 2925//182
f 2924//182 2925//182 2921//182
f 2921//182 2922//182 2924//182
f 2923//182 2924//182 2922//182
f 2880//4149 2882//4149 2887//4149
f 2880//4150 2887//4150 2879//4150
f 1558//4151 2225//4151 2073//4151
f 1442//4152 1667//4152 1666//4152
f 1442//4153 1665//4153 1667//4153
f 1666//4154 2225//4154 1440//4154
f 1442//4155 1666//4155 1440//4155
f 1602//4156 1447//4156 1603//4156
f 1602//4157 1445//4157 1447//4157
f 2966//4158 2967//4158 2968//4158
f 2967//2 2969//2 2968//2
f 2967//886 2966//886 1150//886
f 1176//5 1178//5 2970//5
f 2971//6 2972//6 2973//6
f 2974//7 2975//7 2976//7
f 2974//8 2977//8 2975//8
f 2978//9 2979//9 2980//9
f 2981//10 2979//10 2978//10
f 2982//4159 2983//4159 2984//4159
f 2984//12 2985//12 2982//12
f 2986//13 2982//13 2985//13
f 2985//14 2987//14 2986//14
f 2988//15 2986//15 2987//15
f 2989//888 2979//888 2981//888
f 2989//17 2990//17 2979//17
f 2990//18 2980//18 2979//18
f 2976//889 2990//889 2989//889
f 2989//20 2991//20 2976//20
f 2991//890 2992//890 2976//890
f 2993//891 2976//891 2992//891
f 2992//23 2994//23 2993//23
f 2995//24 2996//24 2997//24
f 2998//25 2999//25 2997//25
f 2975//26 2997//26 3000//26
f 2997//27 2999//27 3000//27
f 2997//28 2975//28 2995//28
f 2975//29 3001//29 2995//29
f 2977//30 3001//30 2975//30
f 3000//31 3002//31 2975//31
f 2975//32 2990//32 2976//32
f 2980//33 2990//33 2975//33
f 2975//34 3003//34 2980//34
f 2975//35 3002//35 3003//35
f 2976//36 3004//36 2974//36
f 3004//37 2976//37 2993//37
f 2994//38 3005//38 2993//38
f 3006//39 2998//39 3007//39
f 3006//40 2999//40 2998//40
f 3006//4160 3000//4160 2999//4160
f 3006//42 3002//42 3000//42
f 3006//43 3003//43 3002//43
f 3006//44 2980//44 3003//44
f 2980//45 3006//45 2978//45
f 2996//46 2995//46 3008//46
f 2988//47 3008//47 2995//47
f 2995//48 3001//48 2988//48
f 2986//900 2988//900 2977//900
f 2988//50 3001//50 2977//50
f 2977//901 2974//901 2986//901
f 2982//52 2986//52 3004//52
f 2986//53 2974//53 3004//53
f 3004//54 2993//54 2982//54
f 2983//55 2982//55 2993//55
f 2993//902 3005//902 2983//902
f 3005//4161 1196//4161 1171//4161
f 2983//58 3005//58 1171//58
f 2969//904 3009//904 2971//904
f 2973//60 2969//60 2971//60
f 3010//61 3009//61 2969//61
f 3011//62 3010//62 2969//62
f 3012//905 3011//905 2969//905
f 3012//64 2969//64 3013//64
f 1148//65 3014//65 3015//65
f 1148//65 3015//65 3016//65
f 1148//65 3016//65 1150//65
f 1148//65 3017//65 3014//65
f 3018//65 3014//65 3017//65
f 1175//66 1176//66 2970//66
f 1175//67 2970//67 3019//67
f 1175//68 3019//68 3020//68
f 3021//69 1175//69 3020//69
f 1172//70 1175//70 3021//70
f 3021//71 3022//71 1172//71
f 3021//72 3020//72 3023//72
f 3022//73 3021//73 3023//73
f 1173//907 1172//907 3022//907
f 1171//75 1173//75 3022//75
f 3022//76 3024//76 1171//76
f 1171//77 3024//77 2983//77
f 3025//78 2981//78 2978//78
f 2978//79 3026//79 3025//79
f 3026//80 3027//80 3025//80
f 3017//81 1148//81 3028//81
f 3028//82 1166//82 1168//82
f 3028//909 1168//909 1196//909
f 3029//84 3028//84 1196//84
f 3005//4162 2994//4162 3029//4162
f 1196//86 3005//86 3029//86
f 3030//4163 3018//4163 3031//4163
f 1150//912 3016//912 2967//912
f 2967//90 3030//90 2969//90
f 2967//91 3016//91 3015//91
f 2967//92 3015//92 3014//92
f 2967//93 3014//93 3030//93
f 3018//4164 3030//4164 3014//4164
f 2969//95 3030//95 3013//95
f 3022//96 3032//96 3033//96
f 3022//97 3033//97 3024//97
f 3034//98 3032//98 3022//98
f 3022//99 3023//99 3034//99
f 3034//100 3023//100 3020//100
f 2984//101 2983//101 3024//101
f 2984//102 3024//102 3033//102
f 2972//103 2971//103 3035//103
f 2971//104 3009//104 3036//104
f 3037//105 3036//105 3009//105
f 3009//106 3010//106 3037//106
f 3038//107 3037//107 3010//107
f 3010//108 3011//108 3038//108
f 3039//109 3038//109 3011//109
f 3011//110 3012//110 3039//110
f 3040//111 3039//111 3012//111
f 1165//112 1166//112 3028//112
f 3013//113 3041//113 3042//113
f 3013//4165 3043//4165 3041//4165
f 3044//115 3041//115 3043//115
f 3027//116 3041//116 3044//116
f 3027//117 3026//117 3041//117
f 3026//118 2978//118 3041//118
f 3006//119 3041//119 2978//119
f 3045//120 3041//120 3006//120
f 3046//121 3041//121 3045//121
f 3047//122 3041//122 3046//122
f 3042//123 3041//123 3047//123
f 3027//124 3044//124 3025//124
f 3025//125 2989//125 2981//125
f 3025//918 2991//918 2989//918
f 3025//127 3048//127 2991//127
f 2992//128 2991//128 3048//128
f 3029//129 2992//129 3048//129
f 3049//130 3029//130 3048//130
f 3049//4166 3048//4166 3050//4166
f 3044//132 3048//132 3025//132
f 3044//4167 3050//4167 3048//4167
f 3047//134 3012//134 3042//134
f 3049//4168 3050//4168 3051//4168
f 3051//4169 3050//4169 3052//4169
f 3012//136 3047//136 3040//136
f 3031//137 3044//137 3043//137
f 3043//138 3013//138 3031//138
f 3031//139 3013//139 3030//139
f 3044//4170 3031//4170 3050//4170
f 3031//4171 3018//4171 3052//4171
f 3031//4172 3052//4172 3050//4172
f 3028//4173 3029//4173 3049//4173
f 3028//4174 3049//4174 3051//4174
f 3028//4175 3051//4175 3052//4175
f 3042//147 3012//147 3013//147
f 3029//4176 2994//4176 2992//4176
f 3017//4177 3052//4177 3018//4177
f 3017//150 3028//150 3052//150
f 1165//924 3028//924 1148//924
f 3053//152 3054//152 3055//152
f 3053//153 3055//153 3056//153
f 3057//154 3053//154 3056//154
f 3058//926 3054//926 3053//926
f 3053//156 3059//156 3058//156
f 3058//157 3059//157 3060//157
f 3061//158 3058//158 3060//158
f 3061//159 3062//159 3058//159
f 3060//160 3063//160 3061//160
f 3064//161 3061//161 3063//161
f 3065//162 3064//162 3063//162
f 3065//163 3066//163 3067//163
f 3064//164 3065//164 3067//164
f 3068//165 3069//165 3070//165
f 3071//166 3069//166 3068//166
f 3068//167 3072//167 3071//167
f 3073//168 3071//168 3072//168
f 3072//927 3074//927 3073//927
f 2972//928 3073//928 3074//928
f 3075//171 3076//171 2973//171
f 2973//172 3074//172 3075//172
f 3074//929 2973//929 2972//929
f 3077//174 3078//174 3079//174
f 3076//175 3077//175 3079//175
f 3076//176 3079//176 3080//176
f 3076//177 3080//177 3081//177
f 3076//178 3081//178 3082//178
f 2968//179 3076//179 3082//179
f 3076//180 2968//180 2973//180
f 2973//181 2968//181 2969//181
f 3083//182 3084//182 3085//182
f 1179//183 1180//183 2970//183
f 1178//184 1179//184 2970//184
f 3086//185 1190//185 3087//185
f 1193//186 1190//186 3086//186
f 3086//187 3088//187 1193//187
f 1194//188 1193//188 3088//188
f 3088//189 3089//189 1194//189
f 1195//190 1194//190 3089//190
f 3090//191 3091//191 1195//191
f 3089//192 3090//192 1195//192
f 3092//4178 3091//4178 3090//4178
f 3090//194 3093//194 3092//194
f 3092//195 3093//195 3019//195
f 3092//196 3019//196 2970//196
f 1180//197 3092//197 2970//197
f 1190//198 1191//198 3087//198
f 1191//199 1192//199 3087//199
f 3094//4179 3058//4179 3062//4179
f 1158//4180 1159//4180 3094//4180
f 3095//932 3054//932 3058//932
f 3094//933 3095//933 3058//933
f 3094//204 1159//204 1160//204
f 3094//205 1160//205 1161//205
f 3094//206 1161//206 3096//206
f 3094//207 3096//207 3097//207
f 3095//208 3094//208 3097//208
f 3054//4181 3095//4181 3098//4181
f 3054//209 3098//209 3099//209
f 3055//210 3054//210 3099//210
f 1152//211 3100//211 3101//211
f 1152//937 3101//937 3102//937
f 1153//213 1152//213 3102//213
f 3100//214 1152//214 1151//214
f 2966//215 3100//215 1151//215
f 2966//216 3082//216 3081//216
f 2966//217 3081//217 3080//217
f 2966//218 3080//218 3103//218
f 2966//939 3103//939 3100//939
f 2968//220 3082//220 2966//220
f 2966//941 1151//941 1150//941
f 3089//222 3088//222 3104//222
f 3090//223 3089//223 3104//223
f 3071//224 3105//224 3069//224
f 3106//225 3105//225 3071//225
f 3071//226 3073//226 3106//226
f 3070//227 3069//227 3107//227
f 3083//65 3066//65 3065//65
f 3083//228 3065//228 3063//228
f 3085//65 3066//65 3083//65
f 3055//229 3108//229 3109//229
f 3056//230 3055//230 3109//230
f 3109//231 3110//231 3056//231
f 3056//232 3110//232 3111//232
f 3057//233 3056//233 3111//233
f 3111//234 3110//234 3112//234
f 3113//235 3111//235 3112//235
f 3112//236 3114//236 3113//236
f 3114//237 3115//237 3116//237
f 3117//238 3116//238 3115//238
f 3113//239 3114//239 3116//239
f 3113//240 3116//240 3118//240
f 3113//241 3118//241 3119//241
f 3113//242 3119//242 3120//242
f 3121//243 3113//243 3120//243
f 3120//244 3122//244 3121//244
f 3123//245 3117//245 3115//245
f 3115//246 3124//246 3123//246
f 3121//247 3122//247 3125//247
f 3121//248 3125//248 3126//248
f 3127//249 3121//249 3126//249
f 3126//250 3128//250 3127//250
f 3129//251 3127//251 3128//251
f 3128//252 3130//252 3129//252
f 3131//253 3129//253 3130//253
f 3130//254 3132//254 3131//254
f 3131//255 3132//255 3133//255
f 3131//4182 3133//4182 3134//4182
f 3135//257 3131//257 3134//257
f 3134//4183 3136//4183 3135//4183
f 3137//259 3138//259 3139//259
f 3140//260 3137//260 3139//260
f 3135//261 3136//261 3138//261
f 3138//262 3137//262 3141//262
f 3141//263 3135//263 3138//263
f 3137//264 3142//264 3141//264
f 3141//265 3142//265 3143//265
f 3144//266 3141//266 3143//266
f 3143//267 3145//267 3079//267
f 3079//268 3145//268 3146//268
f 3080//269 3079//269 3146//269
f 3128//270 3126//270 3130//270
f 3132//270 3130//270 3126//270
f 3126//270 3147//270 3132//270
f 3148//270 3132//270 3147//270
f 3147//270 3149//270 3148//270
f 3150//270 3148//270 3149//270
f 3149//270 3151//270 3150//270
f 3152//270 3150//270 3151//270
f 3151//270 3153//270 3152//270
f 3154//270 3152//270 3153//270
f 3153//270 3155//270 3154//270
f 3156//270 3154//270 3155//270
f 3157//182 3158//182 3159//182
f 3160//182 3159//182 3158//182
f 3158//182 3161//182 3160//182
f 3162//182 3160//182 3161//182
f 3161//182 3163//182 3162//182
f 3162//182 3163//182 3164//182
f 3165//182 3162//182 3164//182
f 3164//182 3166//182 3165//182
f 3167//182 3165//182 3166//182
f 3138//272 3168//272 3139//272
f 3169//272 3139//272 3168//272
f 3168//273 3170//273 3169//273
f 3171//274 3169//274 3170//274
f 3170//275 3172//275 3171//275
f 3173//275 3171//275 3172//275
f 3172//276 3174//276 3173//276
f 3175//276 3173//276 3174//276
f 3174//277 3176//277 3175//277
f 3177//4184 3175//4184 3176//4184
f 3176//278 3178//278 3177//278
f 3179//279 3177//279 3178//279
f 3178//280 3180//280 3179//280
f 3181//281 3179//281 3180//281
f 3180//282 3182//282 3181//282
f 3183//282 3181//282 3182//282
f 3116//284 3184//284 3118//284
f 3185//284 3118//284 3184//284
f 3184//285 3186//285 3185//285
f 3187//285 3185//285 3186//285
f 3186//286 3188//286 3187//286
f 3189//286 3187//286 3188//286
f 3188//287 3190//287 3189//287
f 3191//287 3189//287 3190//287
f 3190//288 3192//288 3191//288
f 3193//289 3191//289 3192//289
f 3192//290 3194//290 3193//290
f 3195//290 3193//290 3194//290
f 3194//291 3196//291 3195//291
f 3197//291 3195//291 3196//291
f 3196//292 3198//292 3197//292
f 3199//292 3197//292 3198//292
f 3185//293 3119//293 3118//293
f 3187//294 3122//294 3120//294
f 3187//295 3120//295 3119//295
f 3185//296 3187//296 3119//296
f 3187//297 3189//297 3122//297
f 3200//298 3126//298 3125//298
f 3200//299 3125//299 3122//299
f 3122//300 3189//300 3191//300
f 3200//301 3122//301 3191//301
f 3147//302 3126//302 3200//302
f 3191//4185 3193//4185 3200//4185
f 3200//304 3193//304 3195//304
f 3201//305 3200//305 3195//305
f 3201//306 3149//306 3147//306
f 3200//4186 3201//4186 3147//4186
f 3151//308 3149//308 3201//308
f 3195//309 3197//309 3201//309
f 3202//310 3153//310 3151//310
f 3201//311 3202//311 3151//311
f 3201//312 3197//312 3199//312
f 3201//313 3199//313 3203//313
f 3202//314 3201//314 3203//314
f 3153//315 3202//315 3204//315
f 3155//316 3153//316 3204//316
f 3138//317 3136//317 3168//317
f 3170//318 3168//318 3136//318
f 3136//319 3134//319 3170//319
f 3170//4187 3134//4187 3205//4187
f 3172//4188 3170//4188 3205//4188
f 3206//322 3174//322 3172//322
f 3205//323 3206//323 3172//323
f 3133//324 3132//324 3206//324
f 3206//325 3205//325 3133//325
f 3132//326 3148//326 3206//326
f 3176//327 3174//327 3206//327
f 3206//328 3148//328 3150//328
f 3207//329 3206//329 3150//329
f 3207//330 3178//330 3176//330
f 3206//331 3207//331 3176//331
f 3150//332 3152//332 3207//332
f 3180//333 3178//333 3207//333
f 3207//334 3152//334 3154//334
f 3154//335 3156//335 3207//335
f 3207//336 3156//336 3208//336
f 3209//337 3207//337 3208//337
f 3207//338 3209//338 3180//338
f 3180//339 3209//339 3210//339
f 3182//340 3180//340 3210//340
f 3116//341 3211//341 3184//341
f 3186//342 3184//342 3211//342
f 3211//343 3212//343 3186//343
f 3188//344 3186//344 3212//344
f 3212//345 3213//345 3188//345
f 3190//346 3188//346 3213//346
f 3214//347 3192//347 3190//347
f 3213//348 3214//348 3190//348
f 3215//349 3159//349 3214//349
f 3216//350 3215//350 3214//350
f 3217//351 3216//351 3214//351
f 3214//352 3213//352 3217//352
f 3159//948 3160//948 3214//948
f 3194//949 3192//949 3214//949
f 3214//355 3160//355 3162//355
f 3214//356 3162//356 3165//356
f 3214//357 3165//357 3167//357
f 3214//358 3167//358 3218//358
f 3219//359 3214//359 3218//359
f 3219//360 3196//360 3194//360
f 3214//361 3219//361 3194//361
f 3196//362 3219//362 3220//362
f 3198//363 3196//363 3220//363
f 3055//364 3099//364 3108//364
f 3221//364 3108//364 3099//364
f 3099//365 3098//365 3221//365
f 3222//366 3221//366 3098//366
f 3098//367 3097//367 3222//367
f 3223//367 3222//367 3097//367
f 3097//368 3096//368 3223//368
f 3224//369 3223//369 3096//369
f 3096//370 1161//370 3224//370
f 1144//370 3224//370 1161//370
f 3146//371 3225//371 3080//371
f 3103//371 3080//371 3225//371
f 3225//372 3226//372 3103//372
f 3100//373 3103//373 3226//373
f 3226//374 3227//374 3100//374
f 3101//954 3100//954 3227//954
f 3227//375 3228//375 3101//375
f 3102//375 3101//375 3228//375
f 3228//376 1133//376 3102//376
f 1153//376 3102//376 1133//376
f 3137//377 3229//377 3142//377
f 3225//4189 3146//4189 3145//4189
f 3230//379 3143//379 3142//379
f 3143//380 3230//380 3145//380
f 3145//381 3231//381 3225//381
f 3231//382 3145//382 3230//382
f 3142//383 3232//383 3230//383
f 3232//384 3142//384 3229//384
f 3233//385 3230//385 3232//385
f 3230//958 3233//958 3231//958
f 3226//387 3225//387 3231//387
f 3231//388 3234//388 3226//388
f 3234//389 3231//389 3233//389
f 3229//4190 3235//4190 3232//4190
f 3236//391 3233//391 3232//391
f 3233//392 3236//392 3234//392
f 3227//393 3226//393 3234//393
f 3237//394 3234//394 3236//394
f 3234//395 3237//395 3227//395
f 3235//4191 1123//4191 3232//4191
f 3232//960 3238//960 3236//960
f 3238//398 3232//398 1123//398
f 1123//4192 1124//4192 3238//4192
f 3228//399 3227//399 3237//399
f 3236//400 1127//400 3237//400
f 1127//401 3236//401 3238//401
f 1125//962 3238//962 1124//962
f 3238//403 1125//403 1127//403
f 1133//4193 3228//4193 3237//4193
f 1127//405 1129//405 3237//405
f 3237//963 1129//963 1133//963
f 1134//407 1146//407 3239//407
f 3240//408 3115//408 3114//408
f 3240//4194 3114//4194 3241//4194
f 3239//410 3240//410 3241//410
f 3240//411 3239//411 1146//411
f 3124//412 3115//412 3240//412
f 1146//413 1403//413 3240//413
f 3242//414 3240//414 1403//414
f 3242//415 3243//415 3244//415
f 3244//416 3124//416 3240//416
f 3245//417 3242//417 1403//417
f 1403//418 1402//418 3245//418
f 1401//419 3246//419 3245//419
f 1402//420 1401//420 3245//420
f 3247//421 3246//421 1401//421
f 1401//422 1145//422 3247//422
f 3247//423 3229//423 3140//423
f 3247//424 1145//424 1123//424
f 3247//425 1123//425 3235//425
f 3229//426 3247//426 3235//426
f 3137//427 3140//427 3229//427
f 3108//428 3221//428 3109//428
f 3248//429 3109//429 3221//429
f 3109//430 3248//430 3110//430
f 3241//431 3114//431 3112//431
f 3112//432 3249//432 3241//432
f 3249//433 3112//433 3110//433
f 3110//434 3250//434 3249//434
f 3250//435 3110//435 3248//435
f 3248//966 3251//966 3250//966
f 3251//437 3248//437 3221//437
f 3221//438 3222//438 3251//438
f 3239//4195 3241//4195 3249//4195
f 3249//967 3252//967 3239//967
f 3252//441 3249//441 3250//441
f 3253//442 3250//442 3251//442
f 3250//443 3253//443 3252//443
f 3254//444 3251//444 3222//444
f 3251//445 3254//445 3253//445
f 3222//446 3223//446 3254//446
f 1134//969 3239//969 3252//969
f 3255//970 3252//970 3253//970
f 3252//449 3255//449 1134//449
f 3256//450 3253//450 3254//450
f 3253//451 3256//451 3255//451
f 3257//452 3254//452 3223//452
f 3254//453 3257//453 3256//453
f 1137//973 1134//973 3255//973
f 1137//974 3255//974 3256//974
f 3223//456 3224//456 3257//456
f 1139//4196 3256//4196 3257//4196
f 3256//458 1139//458 1137//458
f 3224//459 1144//459 3257//459
f 1141//460 3257//460 1144//460
f 3257//4197 1141//4197 1139//4197
f 3258//462 3244//462 3243//462
f 3259//463 3244//463 3258//463
f 3258//464 3260//464 3259//464
f 3261//465 3259//465 3260//465
f 3260//466 3262//466 3261//466
f 3261//467 3262//467 3157//467
f 3261//468 3157//468 3159//468
f 3111//182 3113//182 3121//182
f 3111//182 3121//182 3127//182
f 3111//182 3127//182 3129//182
f 3111//182 3129//182 3131//182
f 3111//182 3131//182 3135//182
f 3111//182 3135//182 3141//182
f 3144//182 3111//182 3141//182
f 3144//469 3077//469 3076//469
f 3144//469 3076//469 3075//469
f 3144//469 3075//469 3074//469
f 3144//469 3074//469 3072//469
f 3144//469 3072//469 3068//469
f 3144//469 3068//469 3070//469
f 3070//469 3107//469 3084//469
f 3144//469 3070//469 3084//469
f 3144//469 3084//469 3083//469
f 3144//469 3083//469 3063//469
f 3144//469 3063//469 3060//469
f 3144//469 3060//469 3059//469
f 3144//469 3059//469 3053//469
f 3144//469 3053//469 3057//469
f 3111//469 3144//469 3057//469
f 3078//469 3077//469 3144//469
f 3095//469 3097//469 3098//469
f 3134//270 3133//270 3205//270
f 3243//470 3242//470 3245//470
f 3245//471 3246//471 3243//471
f 3240//472 3242//472 3244//472
f 3159//473 3215//473 3261//473
f 3244//980 3259//980 3261//980
f 3215//475 3244//475 3261//475
f 3215//476 3216//476 3244//476
f 3216//4198 3217//4198 3244//4198
f 3124//981 3244//981 3217//981
f 3124//479 3217//479 3213//479
f 3124//480 3213//480 3212//480
f 3123//481 3124//481 3212//481
f 3123//482 3212//482 3211//482
f 3117//483 3123//483 3211//483
f 3116//484 3117//484 3211//484
f 3139//485 3263//485 3264//485
f 3264//486 3263//486 3265//486
f 3265//487 3263//487 3266//487
f 3265//488 3266//488 3267//488
f 3267//489 3266//489 3268//489
f 3267//490 3268//490 3269//490
f 3267//491 3269//491 3270//491
f 3271//4199 3270//4199 3269//4199
f 3272//493 3270//493 3271//493
f 3272//494 3273//494 3270//494
f 3270//495 3273//495 3274//495
f 3275//4200 3273//4200 3272//4200
f 3247//497 3270//497 3246//497
f 3273//983 3275//983 3157//983
f 3273//499 3157//499 3262//499
f 3260//500 3273//500 3262//500
f 3273//501 3260//501 3274//501
f 3258//502 3274//502 3260//502
f 3274//503 3258//503 3270//503
f 3258//504 3243//504 3270//504
f 3270//984 3247//984 3267//984
f 3246//506 3270//506 3243//506
f 3267//986 3247//986 3140//986
f 3183//987 3276//987 3181//987
f 3181//509 3276//509 3277//509
f 3278//510 3179//510 3277//510
f 3277//511 3179//511 3181//511
f 3277//512 3279//512 3278//512
f 3278//4201 3279//4201 3166//4201
f 3278//514 3166//514 3164//514
f 3278//990 3164//990 3280//990
f 3278//516 3280//516 3281//516
f 3179//4202 3278//4202 3177//4202
f 3275//4203 3278//4203 3281//4203
f 3278//519 3269//519 3268//519
f 3269//520 3278//520 3271//520
f 3271//521 3278//521 3272//521
f 3272//522 3278//522 3275//522
f 3268//523 3175//523 3278//523
f 3278//524 3175//524 3177//524
f 3175//525 3268//525 3173//525
f 3266//526 3173//526 3268//526
f 3173//527 3266//527 3171//527
f 3263//528 3171//528 3266//528
f 3171//529 3263//529 3169//529
f 3139//530 3169//530 3263//530
f 3161//182 3280//182 3163//182
f 3280//182 3161//182 3281//182
f 3158//182 3281//182 3161//182
f 3281//182 3158//182 3275//182
f 3157//182 3275//182 3158//182
f 3140//531 3265//531 3267//531
f 3265//532 3140//532 3264//532
f 3264//533 3140//533 3139//533
f 3163//182 3280//182 3164//182
f 3079//534 3144//534 3143//534
f 3078//535 3144//535 3079//535
f 3107//182 3105//182 3084//182
f 3107//536 3069//536 3105//536
f 3282//270 3156//270 3283//270
f 3284//270 3282//270 3283//270
f 3285//270 3286//270 3283//270
f 3287//270 3288//270 3284//270
f 3283//537 3289//537 3285//537
f 3290//538 3284//538 3288//538
f 3291//539 3285//539 3289//539
f 3288//540 3292//540 3290//540
f 3289//541 3293//541 3291//541
f 3294//542 3290//542 3292//542
f 3295//270 3291//270 3293//270
f 3292//270 3296//270 3294//270
f 3297//270 3294//270 3296//270
f 3293//270 3298//270 3295//270
f 3296//270 3299//270 3297//270
f 3300//270 3295//270 3298//270
f 3297//270 3299//270 3301//270
f 3302//270 3297//270 3301//270
f 3303//270 3304//270 3300//270
f 3298//270 3303//270 3300//270
f 3305//270 3304//270 3303//270
f 3301//270 3305//270 3302//270
f 3306//270 3302//270 3305//270
f 3307//270 3306//270 3305//270
f 3303//270 3307//270 3305//270
f 3308//543 3183//543 3309//543
f 3310//544 3311//544 3199//544
f 3312//545 3289//545 3204//545
f 3313//546 3312//546 3202//546
f 3313//547 3199//547 3311//547
f 3314//548 3313//548 3311//548
f 3284//270 3156//270 3282//270
f 3156//549 3284//549 3315//549
f 3315//550 3316//550 3208//550
f 3316//551 3317//551 3209//551
f 3317//552 3309//552 3210//552
f 3308//553 3318//553 3183//553
f 3318//554 3319//554 3277//554
f 3319//555 3320//555 3279//555
f 3321//556 3322//556 3167//556
f 3322//557 3323//557 3219//557
f 3323//558 3310//558 3220//558
f 3324//4204 3289//4204 3312//4204
f 3312//560 3313//560 3324//560
f 3325//561 3324//561 3313//561
f 3313//562 3314//562 3325//562
f 3315//4205 3326//4205 3316//4205
f 3317//564 3316//564 3326//564
f 3326//999 3327//999 3317//999
f 3317//566 3327//566 3309//566
f 3328//567 3293//567 3289//567
f 3324//568 3328//568 3289//568
f 3325//569 3314//569 3328//569
f 3324//4206 3325//4206 3328//4206
f 3314//571 3329//571 3328//571
f 3298//572 3293//572 3328//572
f 3330//573 3328//573 3329//573
f 3330//574 3303//574 3298//574
f 3328//575 3330//575 3298//575
f 3329//576 3331//576 3330//576
f 3307//577 3303//577 3330//577
f 3330//578 3331//578 3332//578
f 3333//579 3330//579 3332//579
f 3330//580 3333//580 3307//580
f 3306//581 3307//581 3333//581
f 3332//582 3334//582 3333//582
f 3335//583 3333//583 3334//583
f 3333//584 3335//584 3306//584
f 3302//585 3306//585 3335//585
f 3334//586 3336//586 3335//586
f 3337//587 3297//587 3302//587
f 3335//588 3337//588 3302//588
f 3337//589 3335//589 3336//589
f 3294//590 3297//590 3337//590
f 3336//591 3309//591 3337//591
f 3326//4207 3290//4207 3294//4207
f 3337//593 3326//593 3294//593
f 3337//1003 3309//1003 3327//1003
f 3337//595 3327//595 3326//595
f 3315//4208 3290//4208 3326//4208
f 3290//597 3315//597 3284//597
f 3167//182 3320//182 3321//182
f 3321//182 3338//182 3339//182
f 3320//182 3338//182 3321//182
f 3314//598 3311//598 3310//598
f 3309//599 3336//599 3340//599
f 3340//600 3308//600 3309//600
f 3331//601 3329//601 3341//601
f 3341//601 3342//601 3331//601
f 3332//602 3331//602 3342//602
f 3342//602 3343//602 3332//602
f 3343//603 3344//603 3334//603
f 3334//603 3332//603 3343//603
f 3344//604 3340//604 3336//604
f 3336//604 3334//604 3344//604
f 3329//605 3314//605 3310//605
f 3310//606 3341//606 3329//606
f 3323//607 3341//607 3310//607
f 3322//4209 3341//4209 3323//4209
f 3339//609 3342//609 3341//609
f 3339//610 3343//610 3342//610
f 3339//611 3338//611 3343//611
f 3338//612 3344//612 3343//612
f 3340//613 3344//613 3338//613
f 3318//1005 3308//1005 3340//1005
f 3318//615 3340//615 3319//615
f 3283//270 3287//270 3284//270
f 3283//270 3286//270 3287//270
f 3283//616 3204//616 3289//616
f 3322//617 3339//617 3341//617
f 3321//556 3339//556 3322//556
f 3320//618 3319//618 3338//618
f 3319//4210 3340//4210 3338//4210
f 3064//620 3345//620 3062//620
f 3061//621 3064//621 3062//621
f 3346//182 3085//182 3084//182
f 3347//622 3086//622 3087//622
f 1192//623 1188//623 3087//623
f 3094//624 3062//624 3345//624
f 3094//625 3348//625 1158//625
f 3086//626 3347//626 3349//626
f 3349//627 3350//627 3086//627
f 3067//628 3066//628 3085//628
f 3182//629 3309//629 3183//629
f 3166//182 3320//182 3167//182
f 3198//544 3310//544 3199//544
f 3204//630 3202//630 3312//630
f 3202//4211 3203//4211 3313//4211
f 3313//632 3203//632 3199//632
f 3208//633 3156//633 3315//633
f 3209//634 3208//634 3316//634
f 3210//635 3209//635 3317//635
f 3182//636 3210//636 3309//636
f 3318//637 3276//637 3183//637
f 3277//638 3276//638 3318//638
f 3279//639 3277//639 3319//639
f 3166//640 3279//640 3320//640
f 3322//641 3218//641 3167//641
f 3219//642 3218//642 3322//642
f 3220//643 3219//643 3323//643
f 3198//644 3220//644 3310//644
f 3283//270 3156//270 3155//270
f 3155//645 3204//645 3283//645
f 1120//646 1116//646 3351//646
f 3087//647 3352//647 3353//647
f 3347//648 3087//648 3353//648
f 3354//4212 3355//4212 3356//4212
f 3354//650 3357//650 3355//650
f 3358//651 3359//651 3360//651
f 3360//652 3359//652 3361//652
f 3361//653 3359//653 3362//653
f 3362//1006 3359//1006 3363//1006
f 3363//655 3359//655 3364//655
f 3364//656 3359//656 3365//656
f 3362//4213 3366//4213 3361//4213
f 3367//658 3368//658 3366//658
f 3366//4214 3368//4214 3369//4214
f 3355//660 3369//660 3368//660
f 3370//661 3369//661 3355//661
f 3371//4215 3370//4215 3355//4215
f 3370//663 3372//663 3369//663
f 3361//664 3366//664 3369//664
f 3361//665 3369//665 3372//665
f 3373//666 3374//666 3375//666
f 3364//667 3374//667 3373//667
f 3355//668 3357//668 3371//668
f 3346//669 3067//669 3085//669
f 3376//670 3067//670 3346//670
f 3377//671 3376//671 3346//671
f 3378//672 3377//672 3346//672
f 3346//673 3365//673 3378//673
f 3359//674 3378//674 3365//674
f 3374//675 3364//675 3365//675
f 3379//676 3380//676 3381//676
f 3351//677 3380//677 3379//677
f 3379//678 3382//678 3351//678
f 3383//679 3351//679 3382//679
f 3382//680 3384//680 3383//680
f 3384//681 3353//681 3383//681
f 3384//682 3385//682 3353//682
f 3347//683 3353//683 3385//683
f 3386//684 3347//684 3385//684
f 3387//4216 3388//4216 3389//4216
f 3388//4217 3390//4217 3389//4217
f 3389//4218 3391//4218 3387//4218
f 3392//687 3387//687 3391//687
f 3391//688 3393//688 3392//688
f 3394//689 3392//689 3393//689
f 3393//690 3395//690 3394//690
f 3396//691 3394//691 3395//691
f 3395//692 3397//692 3396//692
f 3398//693 3396//693 3397//693
f 3397//694 3399//694 3398//694
f 3400//695 3398//695 3399//695
f 3399//696 3381//696 3400//696
f 3400//697 3381//697 3380//697
f 3349//698 3347//698 3386//698
f 3401//4219 3402//4219 3403//4219
f 3402//700 3401//700 3404//700
f 3405//701 3406//701 3402//701
f 3407//702 3408//702 3409//702
f 3410//703 3409//703 3408//703
f 3410//1011 3356//1011 3409//1011
f 3410//705 3411//705 3356//705
f 3410//706 3412//706 3411//706
f 3410//707 3413//707 3412//707
f 3414//708 3413//708 3410//708
f 3415//709 3410//709 3416//709
f 3410//710 3408//710 3416//710
f 3410//711 3415//711 3414//711
f 3415//712 3417//712 3414//712
f 3416//713 3418//713 3415//713
f 3419//714 3417//714 3415//714
f 3415//4220 3402//4220 3419//4220
f 3402//716 3420//716 3419//716
f 3402//717 3406//717 3420//717
f 3415//718 3403//718 3402//718
f 3415//719 3418//719 3403//719
f 3409//720 3367//720 3407//720
f 3368//721 3367//721 3409//721
f 3355//722 3368//722 3409//722
f 3409//723 3356//723 3355//723
f 3356//4221 3411//4221 3421//4221
f 3421//725 3354//725 3356//725
f 3422//726 3358//726 3360//726
f 3423//727 3360//727 3361//727
f 3360//728 3423//728 3422//728
f 3361//729 3372//729 3423//729
f 1155//1018 3422//1018 3423//1018
f 3423//1019 3424//1019 1155//1019
f 3348//732 1157//732 1158//732
f 3348//733 3094//733 3345//733
f 3348//734 3358//734 3422//734
f 3348//735 3425//735 3358//735
f 3348//4222 3345//4222 3425//4222
f 3348//737 3422//737 1157//737
f 3422//738 1155//738 1157//738
f 1156//739 3426//739 1181//739
f 1183//740 1181//740 3426//740
f 1183//741 3370//741 3371//741
f 1183//742 3426//742 3370//742
f 3371//743 1118//743 1183//743
f 3371//744 1119//744 1118//744
f 3371//745 3427//745 1119//745
f 3428//746 3427//746 3357//746
f 3427//747 3371//747 3357//747
f 3357//748 3354//748 3428//748
f 3429//749 3428//749 3354//749
f 3354//750 3421//750 3429//750
f 3411//751 3429//751 3421//751
f 3367//752 3366//752 3363//752
f 3362//4223 3363//4223 3366//4223
f 3430//754 3431//754 3403//754
f 3403//755 3418//755 3430//755
f 3364//757 3373//757 3408//757
f 3373//758 3416//758 3408//758
f 3373//759 3418//759 3416//759
f 3364//760 3408//760 3363//760
f 3408//761 3407//761 3363//761
f 3367//762 3363//762 3407//762
f 3432//270 3397//270 3395//270
f 3432//270 3399//270 3397//270
f 3381//270 3399//270 3432//270
f 3432//270 3379//270 3381//270
f 3432//270 3382//270 3379//270
f 3432//270 3384//270 3382//270
f 3432//270 3385//270 3384//270
f 3432//270 3386//270 3385//270
f 3401//763 3403//763 3431//763
f 3351//764 1116//764 3380//764
f 3352//765 3351//765 3383//765
f 3383//766 3353//766 3352//766
f 3351//767 3352//767 1120//767
f 3352//768 1185//768 1120//768
f 1187//769 1185//769 3352//769
f 1187//770 3352//770 3087//770
f 1188//771 1187//771 3087//771
f 3426//772 3424//772 3370//772
f 1155//544 3424//544 3426//544
f 3426//544 1156//544 1155//544
f 3365//773 3346//773 3084//773
f 3358//774 3378//774 3359//774
f 3378//775 3358//775 3425//775
f 3378//776 3425//776 3377//776
f 3425//777 3376//777 3377//777
f 3064//778 3376//778 3425//778
f 3376//779 3064//779 3067//779
f 3425//780 3345//780 3064//780
f 3380//781 1116//781 3400//781
f 1119//782 3427//782 1115//782
f 1116//4224 1115//4224 3427//4224
f 3427//784 3428//784 1116//784
f 3428//785 3400//785 1116//785
f 3398//786 3400//786 3411//786
f 3400//787 3429//787 3411//787
f 3400//788 3428//788 3429//788
f 3411//789 3412//789 3398//789
f 3396//790 3398//790 3412//790
f 3412//791 3413//791 3396//791
f 3394//792 3396//792 3414//792
f 3396//793 3413//793 3414//793
f 3414//794 3417//794 3394//794
f 3392//795 3394//795 3417//795
f 3417//796 3419//796 3392//796
f 3387//797 3392//797 3420//797
f 3392//798 3419//798 3420//798
f 3420//799 3406//799 3387//799
f 3388//800 3387//800 3406//800
f 3433//801 3365//801 3084//801
f 3365//802 3433//802 3374//802
f 3036//803 3035//803 2971//803
f 3035//804 3434//804 2972//804
f 3435//805 3019//805 3436//805
f 3020//806 3019//806 3435//806
f 3435//807 3437//807 3020//807
f 3437//808 3034//808 3020//808
f 3093//809 3436//809 3019//809
f 3093//810 3438//810 3436//810
f 2984//270 3033//270 3432//270
f 3432//270 3435//270 3436//270
f 3432//270 3437//270 3435//270
f 3432//270 3034//270 3437//270
f 3432//270 3032//270 3034//270
f 3432//270 3033//270 3032//270
f 3436//270 3438//270 3432//270
f 3438//270 3439//270 3432//270
f 3104//811 3432//811 3439//811
f 3374//812 3040//812 3047//812
f 3374//813 3039//813 3040//813
f 3374//814 3038//814 3039//814
f 3374//815 3037//815 3038//815
f 3374//816 3036//816 3037//816
f 3374//817 3035//817 3036//817
f 3374//818 3434//818 3035//818
f 3374//819 3106//819 3434//819
f 3440//820 3441//820 2996//820
f 3008//821 3440//821 2996//821
f 3442//822 3443//822 3441//822
f 3440//823 3442//823 3441//823
f 3444//4225 3443//4225 3442//4225
f 3445//825 3446//825 3444//825
f 3442//1027 3445//1027 3444//1027
f 3445//827 3447//827 3446//827
f 3374//828 3047//828 3046//828
f 3374//829 3046//829 3045//829
f 3448//830 3449//830 3450//830
f 3450//831 3451//831 3448//831
f 3448//832 3451//832 3404//832
f 3452//833 3448//833 3404//833
f 3453//1028 3006//1028 3007//1028
f 2998//834 3454//834 3455//834
f 3454//835 3450//835 3455//835
f 3449//836 3455//836 3450//836
f 3456//837 3443//837 3444//837
f 3457//838 3456//838 3444//838
f 3457//839 3451//839 3450//839
f 3457//840 3450//840 3456//840
f 3444//841 3446//841 3457//841
f 3457//842 3446//842 3458//842
f 3457//843 3405//843 3451//843
f 3456//844 3454//844 2998//844
f 2997//845 3456//845 2998//845
f 2997//846 2996//846 3441//846
f 2997//847 3441//847 3443//847
f 2997//848 3443//848 3456//848
f 3454//849 3456//849 3450//849
f 3447//850 3445//850 3459//850
f 3440//4226 3460//4226 3461//4226
f 3442//852 3440//852 3461//852
f 3462//4227 3460//4227 3440//4227
f 3440//853 3008//853 3462//853
f 3463//854 3462//854 3008//854
f 3008//855 2988//855 3463//855
f 2987//856 3463//856 2988//856
f 3045//857 3006//857 3374//857
f 3374//4228 3006//4228 3453//4228
f 3445//859 3464//859 3459//859
f 3442//860 3464//860 3445//860
f 3442//861 3461//861 3464//861
f 3007//1033 3374//1033 3453//1033
f 3432//270 2987//270 2985//270
f 3432//270 2985//270 2984//270
f 3088//862 3086//862 3350//862
f 3350//863 3104//863 3088//863
f 3104//864 3439//864 3090//864
f 3093//865 3090//865 3439//865
f 3439//866 3438//866 3093//866
f 3434//867 3106//867 3073//867
f 3073//868 2972//868 3434//868
f 3459//869 3465//869 3447//869
f 3388//870 3447//870 3465//870
f 3390//871 3388//871 3465//871
f 3405//872 3402//872 3404//872
f 3405//873 3466//873 3406//873
f 3405//874 3458//874 3466//874
f 3405//875 3404//875 3451//875
f 3405//876 3457//876 3458//876
f 3349//270 3386//270 3432//270
f 3350//270 3349//270 3432//270
f 3432//877 3104//877 3350//877
f 3431//878 3467//878 3401//878
f 3404//879 3401//879 3467//879
f 3467//880 3452//880 3404//880
f 3466//881 3388//881 3406//881
f 3447//882 3388//882 3458//882
f 3388//883 3466//883 3458//883
f 3447//884 3458//884 3446//884
f 3433//182 3084//182 3105//182
f 3433//182 3105//182 3106//182
f 3433//885 3106//885 3374//885
f 1556//4229 2225//4229 1558//4229
f 1443//4230 2225//4230 1556//4230
f 1440//4231 2225//4231 1443//4231
f 1353//270 3468//270 1357//270
f 1350//270 3468//270 1353//270
f 1348//270 3468//270 1350//270
f 1344//270 3468//270 1348//270
f 1345//270 3468//270 1344//270
f 1342//270 3468//270 1345//270
f 1336//270 3468//270 1342//270
f 1267//270 3468//270 1336//270
f 1268//270 3468//270 1267//270
f 1373//270 3468//270 1268//270
f 1373//270 1399//270 3468//270
f 1399//270 1398//270 3468//270
f 1398//270 1394//270 3468//270
f 1394//270 1395//270 3468//270
f 1395//270 1392//270 3468//270
f 1392//270 1389//270 3468//270
f 1389//270 1387//270 3468//270
f 1387//270 1381//270 3468//270
f 1381//270 1382//270 3468//270
f 2322//270 3469//270 1177//270
f 1427//4232 3469//4232 1433//4232
f 1195//3314 3469//3314 1189//3314
f 1189//4233 3469//4233 1424//4233
f 1424//4233 3469//4233 1428//4233
f 1428//4234 3469//4234 1427//4234
f 3091//3498 3469//3498 1195//3498
f 3092//4235 3469//4235 3091//4235
f 1180//4235 3469//4235 3092//4235
f 1180//4235 1177//4235 3469//4235
f 2965//270 3468//270 3469//270
f 2322//270 2965//270 3469//270
f 1382//270 1439//270 3469//270
f 1382//270 3469//270 3468//270
f 1437//270 3469//270 1439//270
f 1436//270 3469//270 1437//270
f 1436//270 1433//270 3469//270
f 1290//182 2479//182 1293//182
f 1290//182 1286//182 2479//182
f 1286//182 1334//182 2479//182
f 1215//4236 2479//4236 1334//4236
f 1215//1288 1277//1288 2479//1288
f 3470//4237 2965//4237 1794//4237
f 2388//4238 2859//4238 2386//4238
f 2690//270 3470//270 2867//270
f 1657//4239 3470//4239 1794//4239
f 1657//4239 1794//4239 1658//4239
f 1794//4240 1659//4240 1658//4240
f 2514//270 3471//270 2244//270
f 3471//270 1657//270 2244//270
f 2867//270 3471//270 2514//270
f 1657//270 3471//270 3470//270
f 3471//270 2867//270 3470//270
f 1768//4241 3472//4241 1785//4241
f 3472//4242 1794//4242 1785//4242
f 1664//4243 3472//4243 1768//4243
f 1664//270 1768//270 1759//270
f 1664//4243 1794//4243 3472//4243
f 1356//270 2448//270 2389//270
f 2448//270 2965//270 3470//270
f 2859//270 2388//270 2858//270
f 2448//270 3470//270 2388//270
f 2448//270 3468//270 2965//270
f 1356//270 3468//270 2448//270
f 1356//270 1357//270 3468//270
f 2858//4244 3473//4244 2642//4244
f 3470//270 3473//270 2388//270
f 3473//270 2858//270 2388//270
f 2690//4245 2643//4245 3473//4245
f 2642//4246 3473//4246 2643//4246
f 2690//270 3473//270 3470//270
f 669//628 688//628 670//628
f 3423//4247 3372//4247 3424//4247
f 3372//4248 3370//4248 3424//4248
f 1060//4247 1010//4247 1062//4247
f 1010//4248 1008//4248 1062//4248
f 504//4247 454//4247 505//4247
f 454//4248 452//4248 505//4248
f 2463//4249 2492//4249 2462//4249
f 2463//4250 2713//4250 2492//4250
f 2464//4251 2713//4251 2463//4251
f 2464//4252 2711//4252 2713//4252
f 2465//4253 2711//4253 2464//4253
f 2465//4254 2708//4254 2711//4254
f 2466//4255 2708//4255 2465//4255
f 2466//4256 2709//4256 2708//4256
f 2467//4257 2709//4257 2466//4257
f 2467//4258 2740//4258 2709//4258
f 2468//4259 2740//4259 2467//4259
f 2468//4260 2735//4260 2740//4260
f 2469//4261 2735//4261 2468//4261
f 2469//4262 2734//4262 2735//4262
f 3474//4263 2734//4263 2469//4263
f 3474//4264 2731//4264 2734//4264
f 3475//4265 2731//4265 3474//4265
f 3475//4266 2728//4266 2731//4266
f 3476//4267 2728//4267 3475//4267
f 2435//4268 2728//4268 3476//4268
f 2434//4269 2435//4269 3476//4269
f 2542//4270 2519//4270 2624//4270
f 2542//4271 2624//4271 2623//4271
f 2543//4272 2542//4272 2623//4272
f 2543//4273 2623//4273 2638//4273
f 2584//4274 2638//4274 2586//4274
f 2543//4275 2584//4275 2544//4275
f 2543//4276 2638//4276 2584//4276
f 2255//4277 2516//4277 2515//4277
f 2164//4278 2516//4278 2255//4278
f 2164//4279 2614//4279 2516//4279
f 2519//4280 2614//4280 2624//4280
f 2516//4281 2614//4281 2519//4281
f 2140//4282 2624//4282 2614//4282
f 2165//4283 2204//4283 2203//4283
f 2113//4284 2204//4284 2165//4284
f 2113//4285 2265//4285 2204//4285
f 2204//4286 2265//4286 2262//4286
f 2248//4287 2262//4287 2265//4287
f 2248//4288 2249//4288 2262//4288
f 2165//4289 2203//4289 2224//4289
f 2203//4290 2269//4290 2224//4290
f 2165//4291 2224//4291 2191//4291
f 474//270 520//270 476//270
f 471//270 520//270 474//270
f 471//4292 472//4292 520//4292
f 520//4293 472//4293 554//4293
f 520//4294 554//4294 549//4294
f 520//4295 549//4295 553//4295
f 520//4296 553//4296 551//4296
f 520//4297 551//4297 550//4297
f 520//270 550//270 552//270
f 520//270 552//270 26//270
f 539//4298 543//4298 456//4298
f 540//4299 539//4299 456//4299
f 46//4300 544//4300 456//4300
f 540//4301 456//4301 544//4301
f 543//4302 556//4302 456//4302
f 456//4303 556//4303 519//4303
f 518//4304 456//4304 519//4304
f 457//4305 456//4305 518//4305
f 1013//4306 1012//4306 1074//4306
f 1074//4304 1012//4304 1075//4304
f 1012//4303 1113//4303 1075//4303
f 1099//4302 1113//4302 1012//4302
f 1096//4301 1012//4301 1101//4301
f 601//4300 1101//4300 1012//4300
f 1096//4307 1095//4307 1012//4307
f 1095//4298 1099//4298 1012//4298
f 1055//755 1013//755 1074//755
f 1076//270 1109//270 581//270
f 1076//270 1108//270 1109//270
f 1076//4297 1107//4297 1108//4297
f 1076//4296 1110//4296 1107//4296
f 1076//4295 1106//4295 1110//4295
f 1076//4294 1111//4294 1106//4294
f 1076//4293 1028//4293 1111//4293
f 1027//4292 1028//4292 1076//4292
f 1027//270 1076//270 1030//270
f 1030//270 1076//270 1032//270
f 3393//270 3432//270 3395//270
f 3391//270 3432//270 3393//270
f 3391//4308 3390//4308 3432//4308
f 3432//4293 3390//4293 3465//4293
f 3432//4294 3465//4294 3459//4294
f 3432//4295 3459//4295 3464//4295
f 3432//4296 3464//4296 3461//4296
f 3432//4309 3461//4309 3462//4309
f 3432//270 3462//270 3463//270
f 3432//270 3463//270 2987//270
f 3375//4306 3374//4306 3430//4306
f 3430//4304 3374//4304 3431//4304
f 3374//4303 3467//4303 3431//4303
f 3452//4302 3467//4302 3374//4302
f 3449//4301 3374//4301 3455//4301
f 3007//4300 3455//4300 3374//4300
f 3449//4299 3448//4299 3374//4299
f 3448//4298 3452//4298 3374//4298
f 3455//834 3007//834 2998//834
f 3418//756 3373//756 3375//756
f 3418//755 3375//755 3430//755
f 3296//270 3292//270 3477//270
f 3292//270 3288//270 3477//270
f 3288//270 3287//270 3477//270
f 3287//270 3286//270 3477//270
f 3286//270 3285//270 3477//270
f 3285//270 3291//270 3477//270
f 3477//270 3291//270 3295//270
f 3295//270 3300//270 3477//270
f 3300//270 3304//270 3477//270
f 3304//270 3305//270 3477//270
f 3305//270 3301//270 3477//270
f 3301//270 3299//270 3477//270
f 3477//270 3299//270 3296//270
f 2414//3173 2412//3173 2409//3173
f 2409//3169 2407//3169 2405//3169
f 2405//3169 2416//3169 2414//3169
f 2409//3169 2405//3169 2414//3169
f 2434//4310 3476//4310 3475//4310
f 3475//4311 3474//4311 2469//4311
f 2469//4312 2432//4312 2434//4312
f 3475//4313 2469//4313 2434//4313
f 3478//4314 3479//4314 3480//4314
f 3480//4315 3481//4315 3478//4315
f 3478//4316 3481//4316 3482//4316
f 3478//4316 3482//4316 3483//4316
f 3483//4316 3482//4316 3484//4316
f 3485//4316 3486//4316 3487//4316
f 3482//4316 3488//4316 3484//4316
f 3484//4316 3488//4316 3485//4316
f 3484//4316 3485//4316 3489//4316
f 3489//4316 3485//4316 3487//4316
f 3490//270 3491//270 3492//270
f 3492//270 3491//270 3493//270
f 3492//270 3493//270 3494//270
f 3495//270 3496//270 3497//270
f 3497//270 3496//270 3498//270
f 3494//270 3499//270 3492//270
f 3492//270 3499//270 3500//270
f 3492//270 3500//270 3496//270
f 3495//270 3501//270 3496//270
f 3496//270 3501//270 3502//270
f 3496//270 3502//270 3492//270
f 3503//65 3504//65 3505//65
f 3506//65 3507//65 3505//65
f 3508//65 3505//65 3509//65
f 3509//65 3505//65 3490//65
f 3509//65 3490//65 3510//65
f 3492//65 3481//65 3490//65
f 3490//65 3481//65 3480//65
f 3505//65 3507//65 3503//65
f 3503//65 3507//65 3511//65
f 3503//65 3511//65 3512//65
f 3512//65 3513//65 3503//65
f 3503//65 3513//65 3514//65
f 3503//65 3514//65 3515//65
f 3508//65 3516//65 3505//65
f 3505//65 3516//65 3517//65
f 3505//65 3517//65 3518//65
f 3480//65 3519//65 3490//65
f 3490//65 3519//65 3520//65
f 3490//65 3520//65 3521//65
f 3522//65 3523//65 3524//65
f 3518//65 3525//65 3505//65
f 3505//65 3525//65 3526//65
f 3505//65 3526//65 3506//65
f 3521//65 3527//65 3490//65
f 3490//65 3527//65 3528//65
f 3490//65 3528//65 3510//65
f 3515//65 3529//65 3503//65
f 3503//65 3529//65 3530//65
f 3503//65 3530//65 3531//65
f 3531//65 3532//65 3503//65
f 3503//65 3532//65 3522//65
f 3503//65 3522//65 3533//65
f 3533//65 3522//65 3524//65
f 3478//544 3493//544 3479//544
f 3479//544 3493//544 3491//544
f 3479//544 3491//544 3534//544
f 3535//544 3536//544 3491//544
f 3491//544 3536//544 3537//544
f 3491//544 3537//544 3538//544
f 3539//544 3540//544 3491//544
f 3541//544 3542//544 3543//544
f 3543//544 3542//544 3544//544
f 3538//544 3545//544 3491//544
f 3491//544 3545//544 3546//544
f 3491//544 3546//544 3534//544
f 3539//544 3491//544 3547//544
f 3540//544 3548//544 3491//544
f 3491//544 3548//544 3549//544
f 3491//544 3549//544 3535//544
f 3544//544 3550//544 3543//544
f 3543//544 3550//544 3551//544
f 3543//544 3551//544 3552//544
f 3552//544 3551//544 3553//544
f 3553//544 3551//544 3554//544
f 3553//544 3554//544 3491//544
f 3491//544 3554//544 3555//544
f 3491//544 3555//544 3547//544
f 3556//544 3557//544 3543//544
f 3543//544 3557//544 3558//544
f 3543//544 3558//544 3541//544
f 3543//544 3559//544 3556//544
f 3556//544 3559//544 3560//544
f 3556//544 3560//544 3561//544
f 3561//544 3562//544 3556//544
f 3556//544 3562//544 3563//544
f 3556//544 3563//544 3564//544
f 3565//4317 3566//4317 3486//4317
f 3486//4317 3566//4317 3567//4317
f 3486//4317 3567//4317 3487//4317
f 3491//4318 3490//4318 3553//4318
f 3553//4318 3490//4318 3505//4318
f 3553//469 3505//469 3552//469
f 3552//469 3505//469 3504//469
f 3552//4319 3504//4319 3543//4319
f 3543//4319 3504//4319 3503//4319
f 3543//4320 3503//4320 3559//4320
f 3559//4320 3503//4320 3533//4320
f 3559//4321 3533//4321 3560//4321
f 3560//4321 3533//4321 3524//4321
f 3560//4322 3524//4322 3561//4322
f 3561//4322 3524//4322 3523//4322
f 3561//4323 3523//4323 3562//4323
f 3562//4323 3523//4323 3522//4323
f 3562//4324 3522//4324 3563//4324
f 3563//4324 3522//4324 3532//4324
f 3563//4325 3532//4325 3564//4325
f 3564//4325 3532//4325 3531//4325
f 3564//4326 3531//4326 3556//4326
f 3556//4326 3531//4326 3530//4326
f 3556//4327 3530//4327 3557//4327
f 3557//4327 3530//4327 3529//4327
f 3557//4328 3529//4328 3558//4328
f 3558//4328 3529//4328 3515//4328
f 3558//4329 3515//4329 3541//4329
f 3541//4329 3515//4329 3514//4329
f 3541//4330 3514//4330 3542//4330
f 3542//4330 3514//4330 3513//4330
f 3542//4331 3513//4331 3544//4331
f 3544//4331 3513//4331 3512//4331
f 3544//4332 3512//4332 3550//4332
f 3550//4332 3512//4332 3511//4332
f 3550//4333 3511//4333 3551//4333
f 3551//4333 3511//4333 3507//4333
f 3551//4334 3507//4334 3554//4334
f 3554//4334 3507//4334 3506//4334
f 3554//4335 3506//4335 3555//4335
f 3555//4335 3506//4335 3526//4335
f 3555//4336 3526//4336 3547//4336
f 3547//4336 3526//4336 3525//4336
f 3547//4337 3525//4337 3539//4337
f 3539//4337 3525//4337 3518//4337
f 3539//4338 3518//4338 3540//4338
f 3540//4338 3518//4338 3517//4338
f 3540//4339 3517//4339 3548//4339
f 3548//4339 3517//4339 3516//4339
f 3548//4340 3516//4340 3549//4340
f 3549//4340 3516//4340 3508//4340
f 3549//4341 3508//4341 3535//4341
f 3535//4341 3508//4341 3509//4341
f 3535//4342 3509//4342 3536//4342
f 3536//4342 3509//4342 3510//4342
f 3536//4343 3510//4343 3537//4343
f 3537//4343 3510//4343 3528//4343
f 3537//4344 3528//4344 3538//4344
f 3538//4344 3528//4344 3527//4344
f 3538//4345 3527//4345 3545//4345
f 3545//4345 3527//4345 3521//4345
f 3545//4346 3521//4346 3546//4346
f 3546//4346 3521//4346 3520//4346
f 3546//4347 3520//4347 3534//4347
f 3534//4347 3520//4347 3519//4347
f 3519//4348 3480//4348 3534//4348
f 3534//4348 3480//4348 3479//4348
f 3499//4349 3494//4349 3484//4349
f 3484//4349 3494//4349 3483//4349
f 3500//4350 3499//4350 3489//4350
f 3489//4350 3499//4350 3484//4350
f 3501//2373 3495//2373 3488//2373
f 3488//2373 3495//2373 3485//2373
f 3502//4351 3501//4351 3482//4351
f 3482//4351 3501//4351 3488//4351
f 3492//4352 3502//4352 3481//4352
f 3481//4352 3502//4352 3482//4352
f 3494//4353 3493//4353 3483//4353
f 3483//4353 3493//4353 3478//4353
f 3567//4354 3496//4354 3487//4354
f 3487//4354 3496//4354 3500//4354
f 3487//4354 3500//4354 3489//4354
f 3497//4355 3565//4355 3495//4355
f 3495//4355 3565//4355 3486//4355
f 3495//4355 3486//4355 3485//4355
f 3496//4356 3567//4356 3568//4356
f 3568//4356 3567//4356 3569//4356
f 3570//4357 3571//4357 3497//4357
f 3497//4357 3571//4357 3565//4357
f 3572//4358 3573//4358 3574//4358
f 3572//4359 3574//4359 3575//4359
f 3576//4360 3577//4360 3578//4360
f 3576//4361 3578//4361 3579//4361
f 3580//4362 3581//4362 3582//4362
f 3580//4363 3582//4363 3583//4363
f 3584//4364 3585//4364 3586//4364
f 3584//4365 3586//4365 3587//4365
f 3588//4366 3589//4366 3578//4366
f 3588//4367 3578//4367 3577//4367
f 3585//4368 3590//4368 3591//4368
f 3585//4369 3591//4369 3586//4369
f 3590//4370 3592//4370 3593//4370
f 3590//4371 3593//4371 3591//4371
f 3594//4372 3595//4372 3596//4372
f 3594//4373 3596//4373 3597//4373
f 3595//4374 3598//4374 3599//4374
f 3595//4375 3599//4375 3596//4375
f 3598//4376 3600//4376 3601//4376
f 3598//4377 3601//4377 3599//4377
f 3600//4378 3602//4378 3603//4378
f 3600//4379 3603//4379 3601//4379
f 3602//4380 3604//4380 3605//4380
f 3602//4381 3605//4381 3603//4381
f 3606//4382 3607//4382 3608//4382
f 3606//4383 3608//4383 3609//4383
f 3610//4384 3611//4384 3612//4384
f 3610//4385 3612//4385 3613//4385
f 3614//4386 3580//4386 3583//4386
f 3614//4387 3583//4387 3615//4387
f 3616//4388 3617//4388 3575//4388
f 3616//4389 3575//4389 3574//4389
f 3617//4390 3618//4390 3619//4390
f 3617//4391 3619//4391 3575//4391
f 3618//4392 3620//4392 3621//4392
f 3618//4393 3621//4393 3619//4393
f 3620//4394 3622//4394 3623//4394
f 3620//4395 3623//4395 3621//4395
f 3622//4396 3624//4396 3625//4396
f 3622//4397 3625//4397 3623//4397
f 3624//4398 3626//4398 3627//4398
f 3624//4399 3627//4399 3625//4399
f 3626//4400 3628//4400 3629//4400
f 3626//4401 3629//4401 3627//4401
f 3628//4402 3630//4402 3631//4402
f 3628//4403 3631//4403 3629//4403
f 3630//4404 3632//4404 3633//4404
f 3630//4405 3633//4405 3631//4405
f 3634//4406 3635//4406 3636//4406
f 3634//4407 3636//4407 3637//4407
f 3635//4408 3638//4408 3639//4408
f 3635//4409 3639//4409 3636//4409
f 3638//4410 3640//4410 3641//4410
f 3638//4411 3641//4411 3639//4411
f 3642//4412 3643//4412 3644//4412
f 3642//4413 3644//4413 3645//4413
f 3643//4414 3646//4414 3647//4414
f 3643//4415 3647//4415 3644//4415
f 3646//4416 3648//4416 3649//4416
f 3646//4417 3649//4417 3647//4417
f 3648//4418 3650//4418 3651//4418
f 3648//4419 3651//4419 3649//4419
f 3650//4420 3652//4420 3653//4420
f 3650//4421 3653//4421 3651//4421
f 3652//4422 3654//4422 3655//4422
f 3652//4423 3655//4423 3653//4423
f 3654//4424 3576//4424 3579//4424
f 3654//4425 3579//4425 3655//4425
f 3589//4426 3656//4426 3579//4426
f 3589//4427 3579//4427 3578//4427
f 3656//4428 3657//4428 3655//4428
f 3656//4429 3655//4429 3579//4429
f 3657//4430 3658//4430 3653//4430
f 3657//4431 3653//4431 3655//4431
f 3658//4432 3659//4432 3651//4432
f 3658//4433 3651//4433 3653//4433
f 3659//4434 3660//4434 3649//4434
f 3659//4435 3649//4435 3651//4435
f 3660//4436 3661//4436 3647//4436
f 3660//4437 3647//4437 3649//4437
f 3661//4438 3662//4438 3644//4438
f 3661//4439 3644//4439 3647//4439
f 3663//4440 3664//4440 3641//4440
f 3663//4441 3641//4441 3665//4441
f 3664//4442 3666//4442 3639//4442
f 3664//4443 3639//4443 3641//4443
f 3666//4444 3667//4444 3636//4444
f 3666//4445 3636//4445 3639//4445
f 3668//4446 3669//4446 3633//4446
f 3668//4447 3633//4447 3670//4447
f 3669//4448 3671//4448 3631//4448
f 3669//4449 3631//4449 3633//4449
f 3671//4450 3672//4450 3629//4450
f 3671//4451 3629//4451 3631//4451
f 3672//4452 3673//4452 3627//4452
f 3672//4453 3627//4453 3629//4453
f 3673//4454 3674//4454 3625//4454
f 3673//4455 3625//4455 3627//4455
f 3674//4456 3675//4456 3623//4456
f 3674//4457 3623//4457 3625//4457
f 3675//4458 3676//4458 3621//4458
f 3675//4459 3621//4459 3623//4459
f 3676//4460 3677//4460 3619//4460
f 3676//4461 3619//4461 3621//4461
f 3677//4462 3572//4462 3575//4462
f 3677//4463 3575//4463 3619//4463
f 3678//4464 3679//4464 3680//4464
f 3678//4465 3680//4465 3681//4465
f 3682//4466 3683//4466 3684//4466
f 3682//4467 3684//4467 3685//4467
f 3686//4468 3687//4468 3688//4468
f 3686//4469 3688//4469 3689//4469
f 3689//4470 3688//4470 3690//4470
f 3689//4471 3690//4471 3691//4471
f 3614//4472 3692//4472 3693//4472
f 3614//4473 3693//4473 3580//4473
f 3692//4474 3694//4474 3695//4474
f 3692//4475 3695//4475 3693//4475
f 3694//4476 3696//4476 3697//4476
f 3694//4477 3697//4477 3695//4477
f 3696//4478 3698//4478 3699//4478
f 3696//4479 3699//4479 3697//4479
f 3698//4480 3700//4480 3701//4480
f 3698//4481 3701//4481 3699//4481
f 3700//4482 3702//4482 3703//4482
f 3700//4483 3703//4483 3701//4483
f 3702//4484 3704//4484 3705//4484
f 3702//4485 3705//4485 3703//4485
f 3704//4486 3706//4486 3707//4486
f 3704//4487 3707//4487 3705//4487
f 3708//4488 3709//4488 3692//4488
f 3708//4489 3692//4489 3614//4489
f 3709//4490 3710//4490 3694//4490
f 3709//4491 3694//4491 3692//4491
f 3710//4492 3711//4492 3696//4492
f 3710//4493 3696//4493 3694//4493
f 3711//4494 3712//4494 3698//4494
f 3711//4495 3698//4495 3696//4495
f 3712//4496 3713//4496 3700//4496
f 3712//4497 3700//4497 3698//4497
f 3713//4498 3714//4498 3702//4498
f 3713//4499 3702//4499 3700//4499
f 3714//4500 3715//4500 3704//4500
f 3714//4501 3704//4501 3702//4501
f 3715//4502 3716//4502 3706//4502
f 3715//4503 3706//4503 3704//4503
f 3717//4504 3718//4504 3719//4504
f 3717//4505 3719//4505 3720//4505
f 3718//4506 3721//4506 3722//4506
f 3718//4507 3722//4507 3719//4507
f 3611//4508 3723//4508 3718//4508
f 3611//4509 3718//4509 3717//4509
f 3723//4510 3724//4510 3721//4510
f 3723//4511 3721//4511 3718//4511
f 3610//4512 3725//4512 3723//4512
f 3610//4513 3723//4513 3611//4513
f 3725//4514 3726//4514 3724//4514
f 3725//4515 3724//4515 3723//4515
f 3727//4516 3728//4516 3725//4516
f 3727//4517 3725//4517 3610//4517
f 3606//4518 3729//4518 3730//4518
f 3606//4519 3730//4519 3607//4519
f 3602//4520 3731//4520 3732//4520
f 3602//4521 3732//4521 3604//4521
f 3600//4522 3733//4522 3731//4522
f 3600//4523 3731//4523 3602//4523
f 3598//4524 3734//4524 3733//4524
f 3598//4525 3733//4525 3600//4525
f 3590//4526 3735//4526 3736//4526
f 3590//4527 3736//4527 3592//4527
f 3735//4528 3737//4528 3738//4528
f 3735//4529 3738//4529 3736//4529
f 3737//4530 3739//4530 3740//4530
f 3737//4531 3740//4531 3738//4531
f 3739//4532 3741//4532 3742//4532
f 3739//4533 3742//4533 3740//4533
f 3741//4534 3743//4534 3744//4534
f 3741//4535 3744//4535 3742//4535
f 3743//4536 3745//4536 3746//4536
f 3743//4537 3746//4537 3744//4537
f 3585//4538 3747//4538 3735//4538
f 3585//4539 3735//4539 3590//4539
f 3747//4540 3748//4540 3737//4540
f 3747//4541 3737//4541 3735//4541
f 3748//4542 3749//4542 3739//4542
f 3748//4543 3739//4543 3737//4543
f 3749//4544 3750//4544 3741//4544
f 3749//4545 3741//4545 3739//4545
f 3750//4546 3751//4546 3743//4546
f 3750//4547 3743//4547 3741//4547
f 3751//4548 3752//4548 3745//4548
f 3751//4549 3745//4549 3743//4549
f 3752//4550 3753//4550 3754//4550
f 3752//4551 3754//4551 3745//4551
f 3753//4552 3755//4552 3756//4552
f 3753//4553 3756//4553 3754//4553
f 3755//4554 3757//4554 3758//4554
f 3755//4555 3758//4555 3756//4555
f 3759//4556 3760//4556 3758//4556
f 3758//4557 3757//4557 3761//4557
f 3761//4558 3762//4558 3759//4558
f 3758//4559 3761//4559 3759//4559
f 3677//4560 3763//4560 3764//4560
f 3677//4561 3764//4561 3572//4561
f 3763//4562 3765//4562 3766//4562
f 3763//4563 3766//4563 3764//4563
f 3765//4564 3767//4564 3768//4564
f 3765//4565 3768//4565 3766//4565
f 3767//4566 3769//4566 3770//4566
f 3767//4567 3770//4567 3768//4567
f 3769//4568 3771//4568 3772//4568
f 3769//4569 3772//4569 3770//4569
f 3771//4570 3773//4570 3774//4570
f 3771//4571 3774//4571 3772//4571
f 3773//4572 3775//4572 3776//4572
f 3773//4573 3776//4573 3774//4573
f 3775//4574 3777//4574 3778//4574
f 3775//4575 3778//4575 3776//4575
f 3777//4576 3779//4576 3780//4576
f 3777//4577 3780//4577 3778//4577
f 3779//4578 3781//4578 3782//4578
f 3779//4579 3782//4579 3780//4579
f 3781//4580 3783//4580 3784//4580
f 3781//4581 3784//4581 3782//4581
f 3783//4582 3785//4582 3786//4582
f 3783//4583 3786//4583 3784//4583
f 3785//4584 3787//4584 3788//4584
f 3785//4585 3788//4585 3786//4585
f 3787//4586 3789//4586 3790//4586
f 3787//4587 3790//4587 3788//4587
f 3676//4588 3791//4588 3763//4588
f 3676//4589 3763//4589 3677//4589
f 3791//4590 3792//4590 3765//4590
f 3791//4591 3765//4591 3763//4591
f 3792//4592 3793//4592 3767//4592
f 3792//4593 3767//4593 3765//4593
f 3793//4594 3794//4594 3769//4594
f 3793//4595 3769//4595 3767//4595
f 3794//4596 3795//4596 3771//4596
f 3794//4597 3771//4597 3769//4597
f 3795//4598 3796//4598 3773//4598
f 3795//4599 3773//4599 3771//4599
f 3796//4600 3797//4600 3775//4600
f 3796//4601 3775//4601 3773//4601
f 3797//4602 3798//4602 3777//4602
f 3797//4603 3777//4603 3775//4603
f 3798//4604 3799//4604 3779//4604
f 3798//4605 3779//4605 3777//4605
f 3799//4606 3800//4606 3781//4606
f 3799//4607 3781//4607 3779//4607
f 3800//4608 3801//4608 3783//4608
f 3800//4609 3783//4609 3781//4609
f 3801//4610 3802//4610 3785//4610
f 3801//4611 3785//4611 3783//4611
f 3802//4612 3803//4612 3787//4612
f 3802//4613 3787//4613 3785//4613
f 3803//4614 3804//4614 3789//4614
f 3803//4615 3789//4615 3787//4615
f 3675//4616 3805//4616 3791//4616
f 3675//4617 3791//4617 3676//4617
f 3805//4618 3806//4618 3792//4618
f 3805//4619 3792//4619 3791//4619
f 3806//4620 3807//4620 3793//4620
f 3806//4621 3793//4621 3792//4621
f 3807//4622 3808//4622 3794//4622
f 3807//4623 3794//4623 3793//4623
f 3808//4624 3809//4624 3795//4624
f 3808//4625 3795//4625 3794//4625
f 3809//4626 3810//4626 3796//4626
f 3809//4627 3796//4627 3795//4627
f 3810//4628 3811//4628 3797//4628
f 3810//4629 3797//4629 3796//4629
f 3811//4630 3812//4630 3798//4630
f 3811//4631 3798//4631 3797//4631
f 3812//4632 3813//4632 3799//4632
f 3812//4633 3799//4633 3798//4633
f 3813//4634 3814//4634 3800//4634
f 3813//4635 3800//4635 3799//4635
f 3814//4636 3815//4636 3801//4636
f 3814//4637 3801//4637 3800//4637
f 3815//4638 3816//4638 3802//4638
f 3815//4639 3802//4639 3801//4639
f 3816//4640 3817//4640 3803//4640
f 3816//4641 3803//4641 3802//4641
f 3817//4642 3818//4642 3804//4642
f 3817//4643 3804//4643 3803//4643
f 3818//4644 3819//4644 3820//4644
f 3818//4645 3820//4645 3804//4645
f 3674//4646 3821//4646 3805//4646
f 3674//4647 3805//4647 3675//4647
f 3821//4648 3822//4648 3806//4648
f 3821//4649 3806//4649 3805//4649
f 3822//4650 3823//4650 3807//4650
f 3822//4651 3807//4651 3806//4651
f 3823//4652 3824//4652 3808//4652
f 3823//4653 3808//4653 3807//4653
f 3824//4654 3825//4654 3809//4654
f 3824//4655 3809//4655 3808//4655
f 3825//4656 3826//4656 3810//4656
f 3825//4657 3810//4657 3809//4657
f 3826//4658 3827//4658 3811//4658
f 3826//4659 3811//4659 3810//4659
f 3827//4660 3828//4660 3812//4660
f 3827//4661 3812//4661 3811//4661
f 3828//4662 3829//4662 3813//4662
f 3828//4663 3813//4663 3812//4663
f 3829//4664 3830//4664 3814//4664
f 3829//4665 3814//4665 3813//4665
f 3830//4666 3831//4666 3815//4666
f 3830//4667 3815//4667 3814//4667
f 3831//4668 3832//4668 3816//4668
f 3831//4669 3816//4669 3815//4669
f 3832//4670 3833//4670 3817//4670
f 3832//4671 3817//4671 3816//4671
f 3833//4672 3834//4672 3818//4672
f 3833//4673 3818//4673 3817//4673
f 3834//4674 3835//4674 3819//4674
f 3834//4675 3819//4675 3818//4675
f 3673//4676 3836//4676 3821//4676
f 3673//4677 3821//4677 3674//4677
f 3836//4678 3837//4678 3822//4678
f 3836//4679 3822//4679 3821//4679
f 3837//4680 3838//4680 3823//4680
f 3837//4681 3823//4681 3822//4681
f 3838//4682 3839//4682 3824//4682
f 3838//4683 3824//4683 3823//4683
f 3839//4684 3840//4684 3825//4684
f 3839//4685 3825//4685 3824//4685
f 3840//4686 3841//4686 3826//4686
f 3840//4687 3826//4687 3825//4687
f 3841//4688 3842//4688 3827//4688
f 3841//4689 3827//4689 3826//4689
f 3842//4690 3843//4690 3828//4690
f 3842//4691 3828//4691 3827//4691
f 3843//4692 3844//4692 3829//4692
f 3843//4693 3829//4693 3828//4693
f 3844//4694 3845//4694 3830//4694
f 3844//4695 3830//4695 3829//4695
f 3845//4696 3846//4696 3831//4696
f 3845//4697 3831//4697 3830//4697
f 3846//4698 3847//4698 3832//4698
f 3846//4699 3832//4699 3831//4699
f 3847//4700 3848//4700 3833//4700
f 3847//4701 3833//4701 3832//4701
f 3848//4702 3849//4702 3834//4702
f 3848//4703 3834//4703 3833//4703
f 3849//4704 3850//4704 3835//4704
f 3849//4705 3835//4705 3834//4705
f 3672//4706 3851//4706 3836//4706
f 3672//4707 3836//4707 3673//4707
f 3851//4708 3852//4708 3837//4708
f 3851//4709 3837//4709 3836//4709
f 3852//4710 3853//4710 3838//4710
f 3852//4711 3838//4711 3837//4711
f 3853//4712 3854//4712 3839//4712
f 3853//4713 3839//4713 3838//4713
f 3854//4714 3855//4714 3840//4714
f 3854//4715 3840//4715 3839//4715
f 3855//4716 3856//4716 3841//4716
f 3855//4717 3841//4717 3840//4717
f 3856//4718 3857//4718 3842//4718
f 3856//4719 3842//4719 3841//4719
f 3857//4720 3858//4720 3843//4720
f 3857//4721 3843//4721 3842//4721
f 3858//4722 3859//4722 3844//4722
f 3858//4723 3844//4723 3843//4723
f 3859//4724 3860//4724 3845//4724
f 3859//4725 3845//4725 3844//4725
f 3860//4726 3861//4726 3846//4726
f 3860//4727 3846//4727 3845//4727
f 3861//4728 3862//4728 3847//4728
f 3861//4729 3847//4729 3846//4729
f 3862//4730 3863//4730 3848//4730
f 3862//4731 3848//4731 3847//4731
f 3863//4732 3864//4732 3849//4732
f 3863//4733 3849//4733 3848//4733
f 3671//4734 3865//4734 3851//4734
f 3671//4735 3851//4735 3672//4735
f 3865//4736 3866//4736 3852//4736
f 3865//4737 3852//4737 3851//4737
f 3866//4738 3867//4738 3853//4738
f 3866//4739 3853//4739 3852//4739
f 3867//4740 3868//4740 3854//4740
f 3867//4741 3854//4741 3853//4741
f 3868//4742 3869//4742 3855//4742
f 3868//4743 3855//4743 3854//4743
f 3869//4744 3870//4744 3856//4744
f 3869//4745 3856//4745 3855//4745
f 3870//4746 3871//4746 3857//4746
f 3870//4747 3857//4747 3856//4747
f 3871//4748 3872//4748 3858//4748
f 3871//4749 3858//4749 3857//4749
f 3872//4750 3873//4750 3859//4750
f 3872//4751 3859//4751 3858//4751
f 3873//4752 3874//4752 3860//4752
f 3873//4753 3860//4753 3859//4753
f 3874//4754 3875//4754 3861//4754
f 3874//4755 3861//4755 3860//4755
f 3875//4756 3876//4756 3862//4756
f 3875//4757 3862//4757 3861//4757
f 3876//4758 3877//4758 3863//4758
f 3876//4759 3863//4759 3862//4759
f 3877//4760 3878//4760 3864//4760
f 3877//4761 3864//4761 3863//4761
f 3669//4762 3879//4762 3865//4762
f 3669//4763 3865//4763 3671//4763
f 3879//4764 3880//4764 3866//4764
f 3879//4765 3866//4765 3865//4765
f 3880//4766 3881//4766 3867//4766
f 3880//4767 3867//4767 3866//4767
f 3881//4768 3882//4768 3868//4768
f 3881//4769 3868//4769 3867//4769
f 3882//4770 3883//4770 3869//4770
f 3882//4771 3869//4771 3868//4771
f 3883//4772 3884//4772 3870//4772
f 3883//4773 3870//4773 3869//4773
f 3884//4774 3885//4774 3871//4774
f 3884//4775 3871//4775 3870//4775
f 3885//4776 3886//4776 3872//4776
f 3885//4777 3872//4777 3871//4777
f 3886//4778 3887//4778 3873//4778
f 3886//4779 3873//4779 3872//4779
f 3887//4780 3888//4780 3874//4780
f 3887//4781 3874//4781 3873//4781
f 3888//4782 3889//4782 3875//4782
f 3888//4783 3875//4783 3874//4783
f 3889//4784 3890//4784 3876//4784
f 3889//4785 3876//4785 3875//4785
f 3890//4786 3891//4786 3877//4786
f 3890//4787 3877//4787 3876//4787
f 3891//4788 3892//4788 3878//4788
f 3891//4789 3878//4789 3877//4789
f 3892//4790 3893//4790 3894//4790
f 3892//4791 3894//4791 3878//4791
f 3893//4792 3895//4792 3896//4792
f 3893//4793 3896//4793 3894//4793
f 3895//4794 3897//4794 3898//4794
f 3895//4795 3898//4795 3899//4795
f 3897//4796 3900//4796 3901//4796
f 3897//4797 3901//4797 3898//4797
f 3900//4798 3902//4798 3903//4798
f 3900//4799 3903//4799 3901//4799
f 3902//4800 3689//4800 3691//4800
f 3902//4801 3691//4801 3903//4801
f 3668//4802 3904//4802 3879//4802
f 3668//4803 3879//4803 3669//4803
f 3904//4804 3905//4804 3880//4804
f 3904//4805 3880//4805 3879//4805
f 3905//4806 3906//4806 3881//4806
f 3905//4807 3881//4807 3880//4807
f 3906//4808 3907//4808 3882//4808
f 3906//4809 3882//4809 3881//4809
f 3907//4810 3908//4810 3883//4810
f 3907//4811 3883//4811 3882//4811
f 3908//4812 3909//4812 3884//4812
f 3908//4813 3884//4813 3883//4813
f 3909//4814 3910//4814 3885//4814
f 3909//4815 3885//4815 3884//4815
f 3910//4816 3911//4816 3886//4816
f 3910//4817 3886//4817 3885//4817
f 3911//4818 3912//4818 3887//4818
f 3911//4819 3887//4819 3886//4819
f 3912//4820 3913//4820 3888//4820
f 3912//4821 3888//4821 3887//4821
f 3913//4822 3914//4822 3889//4822
f 3913//4823 3889//4823 3888//4823
f 3914//4824 3915//4824 3890//4824
f 3914//4825 3890//4825 3889//4825
f 3915//4826 3916//4826 3891//4826
f 3915//4827 3891//4827 3890//4827
f 3916//4828 3917//4828 3892//4828
f 3916//4829 3892//4829 3891//4829
f 3917//4830 3918//4830 3893//4830
f 3917//4831 3893//4831 3892//4831
f 3918//4832 3919//4832 3895//4832
f 3918//4833 3895//4833 3893//4833
f 3919//4834 3920//4834 3897//4834
f 3919//4835 3897//4835 3895//4835
f 3920//4836 3921//4836 3900//4836
f 3920//4837 3900//4837 3897//4837
f 3921//4838 3922//4838 3902//4838
f 3921//4839 3902//4839 3900//4839
f 3922//4840 3686//4840 3689//4840
f 3922//4841 3689//4841 3902//4841
f 3923//4842 3924//4842 3925//4842
f 3923//4843 3925//4843 3926//4843
f 3927//4844 3928//4844 3929//4844
f 3927//4845 3929//4845 3930//4845
f 3928//4846 3931//4846 3932//4846
f 3928//4847 3932//4847 3929//4847
f 3931//4848 3933//4848 3934//4848
f 3931//4849 3934//4849 3932//4849
f 3933//4850 3935//4850 3936//4850
f 3933//4851 3936//4851 3934//4851
f 3935//4852 3937//4852 3938//4852
f 3935//4853 3938//4853 3936//4853
f 3937//4854 3939//4854 3940//4854
f 3937//4855 3940//4855 3938//4855
f 3939//4856 3941//4856 3942//4856
f 3939//4857 3942//4857 3940//4857
f 3941//4858 3943//4858 3944//4858
f 3941//4859 3944//4859 3942//4859
f 3943//4860 3945//4860 3946//4860
f 3943//4861 3946//4861 3944//4861
f 3945//4862 3947//4862 3948//4862
f 3945//4863 3948//4863 3946//4863
f 3947//4864 3949//4864 3950//4864
f 3947//4865 3950//4865 3948//4865
f 3949//4866 3682//4866 3685//4866
f 3949//4867 3685//4867 3950//4867
f 3666//4868 3951//4868 3952//4868
f 3666//4869 3952//4869 3667//4869
f 3951//4870 3953//4870 3954//4870
f 3951//4871 3954//4871 3952//4871
f 3953//4872 3955//4872 3956//4872
f 3953//4873 3956//4873 3954//4873
f 3955//4874 3957//4874 3958//4874
f 3955//4875 3958//4875 3956//4875
f 3957//4876 3959//4876 3960//4876
f 3957//4877 3960//4877 3958//4877
f 3959//4878 3961//4878 3962//4878
f 3959//4879 3962//4879 3960//4879
f 3961//4880 3963//4880 3964//4880
f 3961//4881 3964//4881 3962//4881
f 3963//4882 3965//4882 3966//4882
f 3963//4883 3966//4883 3964//4883
f 3965//4884 3967//4884 3968//4884
f 3965//4885 3968//4885 3966//4885
f 3967//4886 3969//4886 3970//4886
f 3967//4887 3970//4887 3968//4887
f 3969//4888 3971//4888 3972//4888
f 3969//4889 3972//4889 3970//4889
f 3971//4890 3973//4890 3974//4890
f 3971//4891 3974//4891 3972//4891
f 3973//4892 3975//4892 3976//4892
f 3973//4893 3976//4893 3974//4893
f 3975//4894 3977//4894 3978//4894
f 3975//4895 3978//4895 3976//4895
f 3977//4896 3979//4896 3980//4896
f 3977//4897 3980//4897 3978//4897
f 3979//4898 3981//4898 3982//4898
f 3979//4899 3982//4899 3980//4899
f 3981//4900 3983//4900 3984//4900
f 3981//4901 3984//4901 3982//4901
f 3983//4902 3985//4902 3986//4902
f 3983//4903 3986//4903 3984//4903
f 3985//4904 3987//4904 3988//4904
f 3985//4905 3988//4905 3986//4905
f 3987//4906 3678//4906 3681//4906
f 3987//4907 3681//4907 3988//4907
f 3664//4908 3989//4908 3951//4908
f 3664//4909 3951//4909 3666//4909
f 3989//4910 3990//4910 3953//4910
f 3989//4911 3953//4911 3951//4911
f 3990//4912 3991//4912 3955//4912
f 3990//4913 3955//4913 3953//4913
f 3991//4914 3992//4914 3957//4914
f 3991//4915 3957//4915 3955//4915
f 3992//4916 3993//4916 3959//4916
f 3992//4917 3959//4917 3957//4917
f 3993//4918 3994//4918 3961//4918
f 3993//4919 3961//4919 3959//4919
f 3994//4920 3995//4920 3963//4920
f 3994//4921 3963//4921 3961//4921
f 3995//4922 3996//4922 3965//4922
f 3995//4923 3965//4923 3963//4923
f 3996//4924 3997//4924 3967//4924
f 3996//4925 3967//4925 3965//4925
f 3997//4926 3998//4926 3969//4926
f 3997//4927 3969//4927 3967//4927
f 3998//4928 3999//4928 3971//4928
f 3998//4929 3971//4929 3969//4929
f 3999//4930 4000//4930 3973//4930
f 3999//4931 3973//4931 3971//4931
f 4000//4932 4001//4932 3975//4932
f 4000//4933 3975//4933 3973//4933
f 4001//4934 4002//4934 3977//4934
f 4001//4935 3977//4935 3975//4935
f 4002//4936 4003//4936 3979//4936
f 4002//4937 3979//4937 3977//4937
f 4003//4938 4004//4938 3981//4938
f 4003//4939 3981//4939 3979//4939
f 4004//4940 4005//4940 3983//4940
f 4004//4941 3983//4941 3981//4941
f 4005//4942 4006//4942 3985//4942
f 4005//4943 3985//4943 3983//4943
f 4006//4944 4007//4944 3987//4944
f 4006//4945 3987//4945 3985//4945
f 4007//4946 4008//4946 3678//4946
f 4007//4947 3678//4947 3987//4947
f 3663//4948 4009//4948 3989//4948
f 3663//4949 3989//4949 3664//4949
f 4009//4950 4010//4950 3990//4950
f 4009//4951 3990//4951 3989//4951
f 4010//4952 4011//4952 3991//4952
f 4010//4953 3991//4953 3990//4953
f 4011//4954 4012//4954 3992//4954
f 4011//4955 3992//4955 3991//4955
f 4012//4956 4013//4956 3993//4956
f 4012//4957 3993//4957 3992//4957
f 4013//4958 4014//4958 3994//4958
f 4013//4959 3994//4959 3993//4959
f 4014//4960 4015//4960 3995//4960
f 4014//4961 3995//4961 3994//4961
f 4015//4962 4016//4962 3996//4962
f 4015//4963 3996//4963 3995//4963
f 4016//4964 4017//4964 3997//4964
f 4016//4965 3997//4965 3996//4965
f 4017//4966 4018//4966 3998//4966
f 4017//4967 3998//4967 3997//4967
f 4018//4968 4019//4968 3999//4968
f 4018//4969 3999//4969 3998//4969
f 4019//4970 4020//4970 4000//4970
f 4019//4971 4000//4971 3999//4971
f 4020//4972 4021//4972 4001//4972
f 4020//4973 4001//4973 4000//4973
f 4021//4974 4022//4974 4002//4974
f 4021//4975 4002//4975 4001//4975
f 4002//4976 4022//4976 4023//4976
f 4023//4977 4024//4977 4003//4977
f 4023//4978 4003//4978 4002//4978
f 4025//4979 4026//4979 4006//4979
f 4025//4980 4006//4980 4005//4980
f 4026//4981 4027//4981 4006//4981
f 4027//4982 4007//4982 4006//4982
f 3661//4983 4028//4983 4029//4983
f 3661//4984 4029//4984 3662//4984
f 4028//4985 4030//4985 4031//4985
f 4028//4986 4031//4986 4029//4986
f 4030//4987 4032//4987 4033//4987
f 4030//4988 4033//4988 4031//4988
f 4032//4989 4034//4989 4035//4989
f 4032//4990 4035//4990 4033//4990
f 4034//4991 4036//4991 4037//4991
f 4034//4992 4037//4992 4035//4992
f 4036//4993 4038//4993 4039//4993
f 4036//4994 4039//4994 4037//4994
f 4038//4995 4040//4995 4041//4995
f 4038//4996 4041//4996 4039//4996
f 4040//4997 4042//4997 4043//4997
f 4040//4998 4043//4998 4041//4998
f 4042//4999 4044//4999 4045//4999
f 4042//5000 4045//5000 4043//5000
f 4044//5001 4046//5001 4047//5001
f 4044//5002 4047//5002 4045//5002
f 4046//5003 4048//5003 4049//5003
f 4046//5004 4049//5004 4047//5004
f 4048//5005 4050//5005 4051//5005
f 4048//5006 4051//5006 4049//5006
f 3660//5007 4052//5007 4028//5007
f 3660//5008 4028//5008 3661//5008
f 4052//5009 4053//5009 4030//5009
f 4052//5010 4030//5010 4028//5010
f 4053//5011 4054//5011 4032//5011
f 4053//5012 4032//5012 4030//5012
f 4054//5013 4055//5013 4034//5013
f 4054//5014 4034//5014 4032//5014
f 4055//5015 4056//5015 4036//5015
f 4055//5016 4036//5016 4034//5016
f 4056//5017 4057//5017 4038//5017
f 4056//5018 4038//5018 4036//5018
f 4057//5019 4058//5019 4040//5019
f 4057//5020 4040//5020 4038//5020
f 4058//5021 4059//5021 4042//5021
f 4058//5022 4042//5022 4040//5022
f 4059//5023 4060//5023 4044//5023
f 4059//5024 4044//5024 4042//5024
f 4060//5025 4061//5025 4046//5025
f 4060//5026 4046//5026 4044//5026
f 3659//5027 4062//5027 4052//5027
f 3659//5028 4052//5028 3660//5028
f 4062//5029 4063//5029 4053//5029
f 4062//5030 4053//5030 4052//5030
f 4063//5031 4064//5031 4054//5031
f 4063//5032 4054//5032 4053//5032
f 4064//5033 4065//5033 4055//5033
f 4064//5034 4055//5034 4054//5034
f 4065//5035 4066//5035 4056//5035
f 4065//5036 4056//5036 4055//5036
f 4066//5037 4067//5037 4057//5037
f 4066//5038 4057//5038 4056//5038
f 4067//5039 4068//5039 4058//5039
f 4067//5040 4058//5040 4057//5040
f 4068//5041 4069//5041 4059//5041
f 4068//5042 4059//5042 4058//5042
f 3658//5043 4070//5043 4062//5043
f 3658//5044 4062//5044 3659//5044
f 4070//5045 4071//5045 4063//5045
f 4070//5046 4063//5046 4062//5046
f 4071//5047 4072//5047 4064//5047
f 4071//5048 4064//5048 4063//5048
f 4072//5049 4073//5049 4065//5049
f 4072//5050 4065//5050 4064//5050
f 4073//5051 4074//5051 4066//5051
f 4073//5052 4066//5052 4065//5052
f 4074//5053 4075//5053 4067//5053
f 4074//5054 4067//5054 4066//5054
f 4075//5055 4076//5055 4068//5055
f 4075//5056 4068//5056 4067//5056
f 3657//5057 4077//5057 4070//5057
f 3657//5058 4070//5058 3658//5058
f 4077//5059 4078//5059 4071//5059
f 4077//5060 4071//5060 4070//5060
f 4078//5061 4079//5061 4072//5061
f 4078//5062 4072//5062 4071//5062
f 4079//5063 4080//5063 4073//5063
f 4079//5064 4073//5064 4072//5064
f 4080//5065 4081//5065 4074//5065
f 4080//5066 4074//5066 4073//5066
f 4081//5067 4082//5067 4075//5067
f 4081//5068 4075//5068 4074//5068
f 3656//5069 4083//5069 4077//5069
f 3656//5070 4077//5070 3657//5070
f 4083//5071 4084//5071 4078//5071
f 4083//5072 4078//5072 4077//5072
f 4084//5073 4085//5073 4079//5073
f 4084//5074 4079//5074 4078//5074
f 4085//5075 4086//5075 4080//5075
f 4085//5076 4080//5076 4079//5076
f 4086//5077 4087//5077 4081//5077
f 4086//5078 4081//5078 4080//5078
f 3589//5079 4088//5079 4083//5079
f 3589//5080 4083//5080 3656//5080
f 4088//5081 4089//5081 4084//5081
f 4088//5082 4084//5082 4083//5082
f 4089//5083 4090//5083 4085//5083
f 4089//5084 4085//5084 4084//5084
f 4090//5085 4091//5085 4086//5085
f 4090//5086 4086//5086 4085//5086
f 4091//5087 4092//5087 4087//5087
f 4091//5088 4087//5088 4086//5088
f 3572//5089 3764//5089 4093//5089
f 3572//5090 4093//5090 3573//5090
f 3764//5091 3766//5091 4094//5091
f 3764//5092 4094//5092 4093//5092
f 3766//5093 3768//5093 4095//5093
f 3766//5094 4095//5094 4094//5094
f 3768//5095 3770//5095 4096//5095
f 3768//5096 4096//5096 4095//5096
f 3770//5097 3772//5097 4097//5097
f 3770//5098 4097//5098 4096//5098
f 3772//5099 3774//5099 4098//5099
f 3772//5100 4098//5100 4097//5100
f 3774//5101 3776//5101 4099//5101
f 3774//5102 4099//5102 4098//5102
f 3776//5103 3778//5103 4100//5103
f 3776//5104 4100//5104 4099//5104
f 3778//5105 3780//5105 4101//5105
f 3778//5106 4101//5106 4100//5106
f 3780//5107 3782//5107 4102//5107
f 3780//5108 4102//5108 4101//5108
f 3782//5109 3784//5109 4103//5109
f 3782//5110 4103//5110 4102//5110
f 3784//5111 3786//5111 4104//5111
f 3784//5112 4104//5112 4103//5112
f 3786//5113 3788//5113 4105//5113
f 3786//5114 4105//5114 4104//5114
f 3588//5115 4106//5115 4088//5115
f 3588//5116 4088//5116 3589//5116
f 4106//5117 4107//5117 4089//5117
f 4106//5118 4089//5118 4088//5118
f 4107//5119 4108//5119 4090//5119
f 4107//5120 4090//5120 4089//5120
f 4108//5121 4109//5121 4091//5121
f 4108//5122 4091//5122 4090//5122
f 4109//5123 4110//5123 4092//5123
f 4109//5124 4092//5124 4091//5124
f 4110//5125 4111//5125 4112//5125
f 4110//5126 4112//5126 4092//5126
f 4111//5127 4113//5127 4114//5127
f 4111//5128 4114//5128 4112//5128
f 4113//5129 4115//5129 4116//5129
f 4113//5130 4116//5130 4114//5130
f 3580//5131 3693//5131 4117//5131
f 3580//5132 4117//5132 3581//5132
f 3693//5133 3695//5133 4118//5133
f 3693//5134 4118//5134 4117//5134
f 3695//5135 3697//5135 4119//5135
f 3695//5136 4119//5136 4118//5136
f 3697//5137 3699//5137 4120//5137
f 3697//5138 4120//5138 4119//5138
f 3699//5139 3701//5139 4121//5139
f 3699//5140 4121//5140 4120//5140
f 3701//5141 3703//5141 4122//5141
f 3701//5142 4122//5142 4121//5142
f 3703//5143 3705//5143 4123//5143
f 3703//5144 4123//5144 4122//5144
f 3705//5145 3707//5145 4124//5145
f 3705//5146 4124//5146 4123//5146
f 3584//5147 4125//5147 3747//5147
f 3584//5148 3747//5148 3585//5148
f 4125//5149 4126//5149 3748//5149
f 4125//5150 3748//5150 3747//5150
f 4126//5151 4127//5151 3749//5151
f 4126//5152 3749//5152 3748//5152
f 4127//5153 4128//5153 3750//5153
f 4127//5154 3750//5154 3749//5154
f 4128//5155 4129//5155 3751//5155
f 4128//5156 3751//5156 3750//5156
f 4129//5157 4130//5157 3752//5157
f 4129//5158 3752//5158 3751//5158
f 4130//5159 4131//5159 3753//5159
f 4130//5160 3753//5160 3752//5160
f 4131//5161 4132//5161 3755//5161
f 4131//5162 3755//5162 3753//5162
f 4132//5163 4133//5163 3757//5163
f 4132//5164 3757//5164 3755//5164
f 4133//5165 3761//5165 4134//5165
f 4133//5166 4134//5166 3757//5166
f 4135//5167 4136//5167 4137//5167
f 4135//5168 4137//5168 4138//5168
f 4138//5169 4137//5169 4139//5169
f 4138//5170 4139//5170 4140//5170
f 4140//5171 4139//5171 4141//5171
f 4140//5172 4141//5172 4142//5172
f 4142//5173 4141//5173 4143//5173
f 4142//5174 4143//5174 4144//5174
f 4144//5175 4143//5175 4145//5175
f 4143//5176 4146//5176 4145//5176
f 4104//5177 4105//5177 4147//5177
f 4104//5178 4147//5178 4148//5178
f 4148//5179 4147//5179 4135//5179
f 4148//5180 4135//5180 4149//5180
f 4149//5181 4135//5181 4138//5181
f 4149//5182 4138//5182 4150//5182
f 4150//5183 4138//5183 4140//5183
f 4150//5184 4140//5184 4151//5184
f 4151//5185 4140//5185 4142//5185
f 4151//5186 4142//5186 4152//5186
f 4152//5187 4142//5187 4144//5187
f 4152//5188 4144//5188 4153//5188
f 4153//5189 4144//5189 4145//5189
f 4153//5190 4145//5190 4154//5190
f 4103//5191 4104//5191 4148//5191
f 4103//5192 4148//5192 4155//5192
f 4155//5193 4148//5193 4149//5193
f 4155//5194 4149//5194 4156//5194
f 4156//5195 4149//5195 4150//5195
f 4156//5196 4150//5196 4157//5196
f 4157//5197 4150//5197 4151//5197
f 4157//5198 4151//5198 4158//5198
f 4158//5199 4151//5199 4152//5199
f 4158//5200 4152//5200 4159//5200
f 4159//5201 4152//5201 4153//5201
f 4159//5202 4153//5202 4160//5202
f 4160//5203 4153//5203 4154//5203
f 4160//5204 4154//5204 4161//5204
f 4161//5205 4154//5205 4162//5205
f 4161//5206 4162//5206 4163//5206
f 4163//5207 4162//5207 4164//5207
f 4163//5208 4164//5208 4165//5208
f 4165//5209 4164//5209 4166//5209
f 4165//5210 4166//5210 4167//5210
f 4167//5211 4166//5211 4168//5211
f 4167//5212 4168//5212 4169//5212
f 4169//5213 4168//5213 4170//5213
f 4169//5214 4170//5214 4171//5214
f 4171//5215 4170//5215 4172//5215
f 4171//5216 4172//5216 4173//5216
f 4173//5217 4172//5217 4174//5217
f 4173//5218 4174//5218 4175//5218
f 4175//5219 4174//5219 4176//5219
f 4175//5220 4176//5220 4177//5220
f 4177//5221 4176//5221 4178//5221
f 4177//5222 4178//5222 4179//5222
f 4179//5223 4178//5223 4180//5223
f 4179//5224 4180//5224 4181//5224
f 4182//5225 4183//5225 4184//5225
f 4182//5226 4184//5226 4185//5226
f 4185//5227 4184//5227 3759//5227
f 4185//5228 3759//5228 3762//5228
f 4102//5229 4103//5229 4155//5229
f 4102//5230 4155//5230 4186//5230
f 4186//5231 4155//5231 4156//5231
f 4186//5232 4156//5232 4187//5232
f 4187//5233 4156//5233 4157//5233
f 4187//5234 4157//5234 4188//5234
f 4188//5235 4157//5235 4158//5235
f 4188//5236 4158//5236 4189//5236
f 4189//5237 4158//5237 4159//5237
f 4189//5238 4159//5238 4190//5238
f 4190//5239 4159//5239 4160//5239
f 4190//5240 4160//5240 4191//5240
f 4191//5241 4160//5241 4161//5241
f 4191//5242 4161//5242 4192//5242
f 4192//5243 4161//5243 4163//5243
f 4192//5244 4163//5244 4193//5244
f 4193//5245 4163//5245 4165//5245
f 4193//5246 4165//5246 4194//5246
f 4194//5247 4165//5247 4167//5247
f 4194//5248 4167//5248 4195//5248
f 4195//5249 4167//5249 4169//5249
f 4195//5250 4169//5250 4196//5250
f 4196//5251 4169//5251 4171//5251
f 4196//5252 4171//5252 4197//5252
f 4197//5253 4171//5253 4173//5253
f 4197//5254 4173//5254 4198//5254
f 4198//5255 4173//5255 4175//5255
f 4198//5256 4175//5256 4199//5256
f 4199//5257 4175//5257 4177//5257
f 4199//5258 4177//5258 4200//5258
f 4200//5259 4177//5259 4179//5259
f 4200//5260 4179//5260 4201//5260
f 4201//5261 4179//5261 4181//5261
f 4201//5262 4181//5262 4202//5262
f 4202//5263 4181//5263 4182//5263
f 4202//5264 4182//5264 4203//5264
f 4203//5265 4182//5265 4185//5265
f 4203//5266 4185//5266 4204//5266
f 4204//5267 4185//5267 3762//5267
f 4204//5268 3762//5268 3761//5268
f 4101//5269 4102//5269 4186//5269
f 4101//5270 4186//5270 4205//5270
f 4205//5271 4186//5271 4187//5271
f 4205//5272 4187//5272 4206//5272
f 4206//5273 4187//5273 4188//5273
f 4206//5274 4188//5274 4207//5274
f 4207//5275 4188//5275 4189//5275
f 4207//5276 4189//5276 4208//5276
f 4208//5277 4189//5277 4190//5277
f 4208//5278 4190//5278 4209//5278
f 4209//5279 4190//5279 4191//5279
f 4209//5280 4191//5280 4210//5280
f 4210//5281 4191//5281 4192//5281
f 4210//5282 4192//5282 4211//5282
f 4211//5283 4192//5283 4193//5283
f 4211//5284 4193//5284 4212//5284
f 4212//5285 4193//5285 4194//5285
f 4212//5286 4194//5286 4213//5286
f 4213//5287 4194//5287 4195//5287
f 4213//5288 4195//5288 4214//5288
f 4214//5289 4195//5289 4196//5289
f 4214//5290 4196//5290 4215//5290
f 4215//5291 4196//5291 4197//5291
f 4215//5292 4197//5292 4216//5292
f 4216//5293 4197//5293 4198//5293
f 4216//5294 4198//5294 4217//5294
f 4217//5295 4198//5295 4199//5295
f 4217//5296 4199//5296 4218//5296
f 4218//5297 4199//5297 4200//5297
f 4218//5298 4200//5298 4219//5298
f 4219//5299 4200//5299 4201//5299
f 4219//5300 4201//5300 4220//5300
f 4220//5301 4201//5301 4202//5301
f 4220//5302 4202//5302 4221//5302
f 4221//5303 4202//5303 4203//5303
f 4221//5304 4203//5304 4222//5304
f 4222//5305 4203//5305 4204//5305
f 4222//5306 4204//5306 4223//5306
f 4223//5307 4204//5307 3761//5307
f 4223//5308 3761//5308 4133//5308
f 4100//5309 4101//5309 4205//5309
f 4100//5310 4205//5310 4224//5310
f 4224//5311 4205//5311 4206//5311
f 4224//5312 4206//5312 4225//5312
f 4225//5313 4206//5313 4207//5313
f 4225//5314 4207//5314 4226//5314
f 4226//5315 4207//5315 4208//5315
f 4226//5316 4208//5316 4227//5316
f 4227//5317 4208//5317 4209//5317
f 4227//5318 4209//5318 4228//5318
f 4228//5319 4209//5319 4210//5319
f 4228//5320 4210//5320 4229//5320
f 4229//5321 4210//5321 4211//5321
f 4229//5322 4211//5322 4230//5322
f 4230//5323 4211//5323 4212//5323
f 4230//5324 4212//5324 4231//5324
f 4231//5325 4212//5325 4213//5325
f 4231//5326 4213//5326 4232//5326
f 4232//5327 4213//5327 4214//5327
f 4232//5328 4214//5328 4233//5328
f 4233//5329 4214//5329 4215//5329
f 4233//5330 4215//5330 4234//5330
f 4234//5331 4215//5331 4216//5331
f 4234//5332 4216//5332 4235//5332
f 4235//5333 4216//5333 4217//5333
f 4235//5334 4217//5334 4236//5334
f 4236//5335 4217//5335 4218//5335
f 4236//5336 4218//5336 4237//5336
f 4237//5337 4218//5337 4219//5337
f 4237//5338 4219//5338 4238//5338
f 4238//5339 4219//5339 4220//5339
f 4238//5340 4220//5340 4239//5340
f 4239//5341 4220//5341 4221//5341
f 4239//5342 4221//5342 4240//5342
f 4240//5343 4221//5343 4222//5343
f 4240//5344 4222//5344 4241//5344
f 4241//5345 4222//5345 4223//5345
f 4241//5346 4223//5346 4242//5346
f 4242//5347 4223//5347 4133//5347
f 4242//5348 4133//5348 4132//5348
f 4099//5349 4100//5349 4224//5349
f 4099//5350 4224//5350 4243//5350
f 4243//5351 4224//5351 4225//5351
f 4243//5352 4225//5352 4244//5352
f 4244//5353 4225//5353 4226//5353
f 4244//5354 4226//5354 4245//5354
f 4245//5355 4226//5355 4227//5355
f 4245//5356 4227//5356 4246//5356
f 4246//5357 4227//5357 4228//5357
f 4246//5358 4228//5358 4247//5358
f 4247//5359 4228//5359 4229//5359
f 4247//5360 4229//5360 4248//5360
f 4248//5361 4229//5361 4230//5361
f 4248//5362 4230//5362 4249//5362
f 4249//5363 4230//5363 4231//5363
f 4249//5364 4231//5364 4250//5364
f 4250//5365 4231//5365 4232//5365
f 4250//5366 4232//5366 4251//5366
f 4251//5367 4232//5367 4233//5367
f 4251//5368 4233//5368 4252//5368
f 4252//5369 4233//5369 4234//5369
f 4252//5370 4234//5370 4253//5370
f 4253//5371 4234//5371 4235//5371
f 4253//5372 4235//5372 4254//5372
f 4254//5373 4235//5373 4236//5373
f 4254//5374 4236//5374 4255//5374
f 4255//5375 4236//5375 4237//5375
f 4255//5376 4237//5376 4256//5376
f 4256//5377 4237//5377 4238//5377
f 4256//5378 4238//5378 4257//5378
f 4257//5379 4238//5379 4239//5379
f 4257//5380 4239//5380 4258//5380
f 4258//5381 4239//5381 4240//5381
f 4258//5382 4240//5382 4259//5382
f 4259//5383 4240//5383 4241//5383
f 4259//5384 4241//5384 4260//5384
f 4260//5385 4241//5385 4242//5385
f 4260//5386 4242//5386 4261//5386
f 4261//5387 4242//5387 4132//5387
f 4261//5388 4132//5388 4131//5388
f 4098//5389 4099//5389 4243//5389
f 4098//5390 4243//5390 4262//5390
f 4262//5391 4243//5391 4244//5391
f 4262//5392 4244//5392 4263//5392
f 4263//5393 4244//5393 4245//5393
f 4263//5394 4245//5394 4264//5394
f 4264//5395 4245//5395 4246//5395
f 4264//5396 4246//5396 4265//5396
f 4265//5397 4246//5397 4247//5397
f 4265//5398 4247//5398 4266//5398
f 4266//5399 4247//5399 4248//5399
f 4266//5400 4248//5400 4267//5400
f 4267//5401 4248//5401 4249//5401
f 4267//5402 4249//5402 4268//5402
f 4268//5403 4249//5403 4250//5403
f 4268//5404 4250//5404 4269//5404
f 4269//5405 4250//5405 4251//5405
f 4269//5406 4251//5406 4270//5406
f 4270//5407 4251//5407 4252//5407
f 4270//5408 4252//5408 4271//5408
f 4271//5409 4252//5409 4253//5409
f 4271//5410 4253//5410 4272//5410
f 4272//5411 4253//5411 4254//5411
f 4272//5412 4254//5412 4273//5412
f 4273//5413 4254//5413 4255//5413
f 4273//5414 4255//5414 4274//5414
f 4274//5415 4255//5415 4256//5415
f 4274//5416 4256//5416 4275//5416
f 4275//5417 4256//5417 4257//5417
f 4275//5418 4257//5418 4276//5418
f 4276//5419 4257//5419 4258//5419
f 4276//5420 4258//5420 4277//5420
f 4277//5421 4258//5421 4259//5421
f 4277//5422 4259//5422 4278//5422
f 4278//5423 4259//5423 4260//5423
f 4278//5424 4260//5424 4279//5424
f 4279//5425 4260//5425 4261//5425
f 4279//5426 4261//5426 4280//5426
f 4280//5427 4261//5427 4131//5427
f 4280//5428 4131//5428 4130//5428
f 4097//5429 4098//5429 4262//5429
f 4097//5430 4262//5430 4281//5430
f 4281//5431 4262//5431 4263//5431
f 4281//5432 4263//5432 4282//5432
f 4282//5433 4263//5433 4264//5433
f 4282//5434 4264//5434 4283//5434
f 4283//5435 4264//5435 4265//5435
f 4283//5436 4265//5436 4284//5436
f 4284//5437 4265//5437 4266//5437
f 4284//5438 4266//5438 4285//5438
f 4285//5439 4266//5439 4267//5439
f 4285//5440 4267//5440 4286//5440
f 4286//5441 4267//5441 4268//5441
f 4286//5442 4268//5442 4287//5442
f 4287//5443 4268//5443 4269//5443
f 4287//5444 4269//5444 4288//5444
f 4288//5445 4269//5445 4270//5445
f 4288//5446 4270//5446 4289//5446
f 4289//5447 4270//5447 4271//5447
f 4289//5448 4271//5448 4290//5448
f 4290//5449 4271//5449 4272//5449
f 4290//5450 4272//5450 4291//5450
f 4291//5451 4272//5451 4273//5451
f 4291//5452 4273//5452 4292//5452
f 4292//5453 4273//5453 4274//5453
f 4292//5454 4274//5454 4293//5454
f 4293//5455 4274//5455 4275//5455
f 4293//5456 4275//5456 4294//5456
f 4294//5457 4275//5457 4276//5457
f 4294//5458 4276//5458 4295//5458
f 4295//5459 4276//5459 4277//5459
f 4295//5460 4277//5460 4296//5460
f 4296//5461 4277//5461 4278//5461
f 4296//5462 4278//5462 4297//5462
f 4297//5463 4278//5463 4279//5463
f 4297//5464 4279//5464 4298//5464
f 4298//5465 4279//5465 4280//5465
f 4298//5466 4280//5466 4299//5466
f 4299//5467 4280//5467 4130//5467
f 4299//5468 4130//5468 4129//5468
f 4096//5469 4097//5469 4281//5469
f 4096//5470 4281//5470 4300//5470
f 4300//5471 4281//5471 4282//5471
f 4300//5472 4282//5472 4301//5472
f 4301//5473 4282//5473 4283//5473
f 4301//5474 4283//5474 4302//5474
f 4302//5475 4283//5475 4284//5475
f 4302//5476 4284//5476 4303//5476
f 4303//5477 4284//5477 4285//5477
f 4303//5478 4285//5478 4304//5478
f 4304//5479 4285//5479 4286//5479
f 4304//5480 4286//5480 4305//5480
f 4305//5481 4286//5481 4287//5481
f 4305//5482 4287//5482 4306//5482
f 4306//5483 4287//5483 4288//5483
f 4306//5484 4288//5484 4307//5484
f 4307//5485 4288//5485 4289//5485
f 4307//5486 4289//5486 4308//5486
f 4308//5487 4289//5487 4290//5487
f 4308//5488 4290//5488 4309//5488
f 4309//5489 4290//5489 4291//5489
f 4309//5490 4291//5490 4310//5490
f 4310//5491 4291//5491 4292//5491
f 4310//5492 4292//5492 4311//5492
f 4311//5493 4292//5493 4293//5493
f 4311//5494 4293//5494 4312//5494
f 4312//5495 4293//5495 4294//5495
f 4312//5496 4294//5496 4313//5496
f 4313//5497 4294//5497 4295//5497
f 4313//5498 4295//5498 4314//5498
f 4314//5499 4295//5499 4296//5499
f 4314//5500 4296//5500 4315//5500
f 4315//5501 4296//5501 4297//5501
f 4315//5502 4297//5502 4316//5502
f 4316//5503 4297//5503 4298//5503
f 4316//5504 4298//5504 4317//5504
f 4317//5505 4298//5505 4299//5505
f 4317//5506 4299//5506 4318//5506
f 4318//5507 4299//5507 4129//5507
f 4318//5508 4129//5508 4128//5508
f 4095//5509 4096//5509 4300//5509
f 4095//5510 4300//5510 4319//5510
f 4319//5511 4300//5511 4301//5511
f 4319//5512 4301//5512 4320//5512
f 4320//5513 4301//5513 4302//5513
f 4320//5514 4302//5514 4321//5514
f 4321//5515 4302//5515 4303//5515
f 4321//5516 4303//5516 4322//5516
f 4322//5517 4303//5517 4304//5517
f 4322//5518 4304//5518 4323//5518
f 4323//5519 4304//5519 4305//5519
f 4323//5520 4305//5520 4324//5520
f 4324//5521 4305//5521 4306//5521
f 4324//5522 4306//5522 4325//5522
f 4325//5523 4306//5523 4307//5523
f 4325//5524 4307//5524 4326//5524
f 4326//5525 4307//5525 4308//5525
f 4326//5526 4308//5526 4327//5526
f 4327//5527 4308//5527 4309//5527
f 4327//5528 4309//5528 4328//5528
f 4328//5529 4309//5529 4310//5529
f 4328//5530 4310//5530 4329//5530
f 4329//5531 4310//5531 4311//5531
f 4329//5532 4311//5532 4330//5532
f 4330//5533 4311//5533 4312//5533
f 4330//5534 4312//5534 4331//5534
f 4331//5535 4312//5535 4313//5535
f 4331//5536 4313//5536 4332//5536
f 4332//5537 4313//5537 4314//5537
f 4332//5538 4314//5538 4333//5538
f 4333//5539 4314//5539 4315//5539
f 4333//5540 4315//5540 4334//5540
f 4334//5541 4315//5541 4316//5541
f 4334//5542 4316//5542 4335//5542
f 4335//5543 4316//5543 4317//5543
f 4335//5544 4317//5544 4336//5544
f 4336//5545 4317//5545 4318//5545
f 4336//5546 4318//5546 4337//5546
f 4337//5547 4318//5547 4128//5547
f 4337//5548 4128//5548 4127//5548
f 4094//5549 4095//5549 4319//5549
f 4094//5550 4319//5550 4338//5550
f 4338//5551 4319//5551 4320//5551
f 4338//5552 4320//5552 4339//5552
f 4339//5553 4320//5553 4321//5553
f 4339//5554 4321//5554 4340//5554
f 4340//5555 4321//5555 4322//5555
f 4340//5556 4322//5556 4341//5556
f 4341//5557 4322//5557 4323//5557
f 4341//5558 4323//5558 4342//5558
f 4342//5559 4323//5559 4324//5559
f 4342//5560 4324//5560 4343//5560
f 4343//5561 4324//5561 4325//5561
f 4343//5562 4325//5562 4344//5562
f 4344//5563 4325//5563 4326//5563
f 4344//5564 4326//5564 4345//5564
f 4345//5565 4326//5565 4327//5565
f 4345//5566 4327//5566 4346//5566
f 4346//5567 4327//5567 4328//5567
f 4346//5568 4328//5568 4347//5568
f 4347//5569 4328//5569 4329//5569
f 4347//5570 4329//5570 4348//5570
f 4348//5571 4329//5571 4330//5571
f 4348//5572 4330//5572 4349//5572
f 4349//5573 4330//5573 4331//5573
f 4349//5574 4331//5574 4350//5574
f 4350//5575 4331//5575 4332//5575
f 4350//5576 4332//5576 4351//5576
f 4351//5577 4332//5577 4333//5577
f 4351//5578 4333//5578 4352//5578
f 4352//5579 4333//5579 4334//5579
f 4352//5580 4334//5580 4353//5580
f 4353//5581 4334//5581 4335//5581
f 4353//5582 4335//5582 4354//5582
f 4354//5583 4335//5583 4336//5583
f 4354//5584 4336//5584 4355//5584
f 4355//5585 4336//5585 4337//5585
f 4355//5586 4337//5586 4356//5586
f 4356//5587 4337//5587 4127//5587
f 4356//5588 4127//5588 4126//5588
f 4093//5589 4094//5589 4338//5589
f 4093//5590 4338//5590 4357//5590
f 4357//5591 4338//5591 4339//5591
f 4357//5592 4339//5592 4358//5592
f 4358//5593 4339//5593 4340//5593
f 4358//5594 4340//5594 4359//5594
f 4359//5595 4340//5595 4341//5595
f 4359//5596 4341//5596 4360//5596
f 4360//5597 4341//5597 4342//5597
f 4360//5598 4342//5598 4361//5598
f 4361//5599 4342//5599 4343//5599
f 4361//5600 4343//5600 4362//5600
f 4362//5601 4343//5601 4344//5601
f 4362//5602 4344//5602 4363//5602
f 4363//5603 4344//5603 4345//5603
f 4363//5604 4345//5604 4364//5604
f 4364//5605 4345//5605 4346//5605
f 4364//5606 4346//5606 4365//5606
f 4365//5607 4346//5607 4347//5607
f 4365//5608 4347//5608 4366//5608
f 4366//5609 4347//5609 4348//5609
f 4366//5610 4348//5610 4367//5610
f 4367//5611 4348//5611 4349//5611
f 4367//5612 4349//5612 4368//5612
f 4368//5613 4349//5613 4350//5613
f 4368//5614 4350//5614 4369//5614
f 4369//5615 4350//5615 4351//5615
f 4369//5616 4351//5616 4370//5616
f 4370//5617 4351//5617 4352//5617
f 4370//5618 4352//5618 4371//5618
f 4371//5619 4352//5619 4353//5619
f 4371//5620 4353//5620 4372//5620
f 4372//5621 4353//5621 4354//5621
f 4372//5622 4354//5622 4373//5622
f 4373//5623 4354//5623 4355//5623
f 4373//5624 4355//5624 4374//5624
f 4374//5625 4355//5625 4356//5625
f 4374//5626 4356//5626 4375//5626
f 4375//5627 4356//5627 4126//5627
f 4375//5628 4126//5628 4125//5628
f 3573//5629 4093//5629 4357//5629
f 3573//5630 4357//5630 4376//5630
f 4376//5631 4357//5631 4358//5631
f 4376//5632 4358//5632 4377//5632
f 4377//5633 4358//5633 4359//5633
f 4377//5634 4359//5634 4378//5634
f 4378//5635 4359//5635 4360//5635
f 4378//5636 4360//5636 4379//5636
f 4379//5637 4360//5637 4361//5637
f 4379//5638 4361//5638 4380//5638
f 4380//5639 4361//5639 4362//5639
f 4380//5640 4362//5640 4381//5640
f 4381//5641 4362//5641 4363//5641
f 4381//5642 4363//5642 4382//5642
f 4382//5643 4363//5643 4364//5643
f 4382//5644 4364//5644 4383//5644
f 4383//5645 4364//5645 4365//5645
f 4383//5646 4365//5646 4384//5646
f 4384//5647 4365//5647 4366//5647
f 4384//5648 4366//5648 4385//5648
f 4385//5649 4366//5649 4367//5649
f 4385//5650 4367//5650 4386//5650
f 4386//5651 4367//5651 4368//5651
f 4386//5652 4368//5652 4387//5652
f 4387//5653 4368//5653 4369//5653
f 4387//5654 4369//5654 4388//5654
f 4388//5655 4369//5655 4370//5655
f 4388//5656 4370//5656 4389//5656
f 4389//5657 4370//5657 4371//5657
f 4389//5658 4371//5658 4390//5658
f 4390//5659 4371//5659 4372//5659
f 4390//5660 4372//5660 4391//5660
f 4391//5661 4372//5661 4373//5661
f 4391//5662 4373//5662 4392//5662
f 4392//5663 4373//5663 4374//5663
f 4392//5664 4374//5664 4393//5664
f 4393//5665 4374//5665 4375//5665
f 4393//5666 4375//5666 4394//5666
f 4394//5667 4375//5667 4125//5667
f 4394//5668 4125//5668 3584//5668
f 4395//5669 4396//5669 4397//5669
f 4395//5670 4397//5670 4398//5670
f 4398//5671 4397//5671 4399//5671
f 4398//5672 4399//5672 4400//5672
f 4124//5673 4401//5673 4402//5673
f 4401//5674 4403//5674 4402//5674
f 4402//5675 4403//5675 4404//5675
f 4403//5676 4405//5676 4404//5676
f 4404//5677 4405//5677 4406//5677
f 4404//5678 4406//5678 4407//5678
f 4407//5679 4406//5679 4395//5679
f 4407//5680 4395//5680 4408//5680
f 4408//5681 4395//5681 4398//5681
f 4408//5682 4398//5682 4409//5682
f 4409//5683 4398//5683 4400//5683
f 4409//5684 4400//5684 4410//5684
f 4410//5685 4400//5685 4411//5685
f 4410//5686 4411//5686 4412//5686
f 4412//5687 4411//5687 4413//5687
f 4412//5688 4413//5688 4414//5688
f 4414//5689 4413//5689 4415//5689
f 4414//5690 4415//5690 4416//5690
f 4416//5691 4415//5691 4417//5691
f 4416//5692 4417//5692 4418//5692
f 4418//5693 4417//5693 4419//5693
f 4417//5694 4420//5694 4419//5694
f 4419//5695 4420//5695 4421//5695
f 4420//5696 4422//5696 4421//5696
f 4421//5697 4422//5697 4423//5697
f 4422//5698 4424//5698 4423//5698
f 4423//5699 4424//5699 4425//5699
f 4423//5700 4425//5700 4426//5700
f 4426//5701 4425//5701 4427//5701
f 4426//5702 4427//5702 4428//5702
f 4428//5703 4427//5703 4429//5703
f 4428//5704 4429//5704 4430//5704
f 4430//5705 4429//5705 4431//5705
f 4430//5706 4431//5706 4432//5706
f 4123//5707 4124//5707 4402//5707
f 4123//5708 4402//5708 4433//5708
f 4434//5709 4404//5709 4407//5709
f 4434//5710 4407//5710 4435//5710
f 4435//5711 4407//5711 4408//5711
f 4435//5712 4408//5712 4436//5712
f 4436//5713 4408//5713 4409//5713
f 4436//5714 4409//5714 4437//5714
f 4437//5715 4409//5715 4410//5715
f 4437//5716 4410//5716 4438//5716
f 4438//5717 4410//5717 4412//5717
f 4438//5718 4412//5718 4439//5718
f 4439//5719 4412//5719 4414//5719
f 4439//5720 4414//5720 4440//5720
f 4440//5721 4414//5721 4416//5721
f 4440//5722 4416//5722 4441//5722
f 4441//5723 4416//5723 4418//5723
f 4441//5724 4418//5724 4442//5724
f 4442//5725 4418//5725 4419//5725
f 4442//5726 4419//5726 4443//5726
f 4443//5727 4419//5727 4421//5727
f 4443//5728 4421//5728 4444//5728
f 4444//5729 4421//5729 4445//5729
f 4421//5730 4423//5730 4445//5730
f 4445//5731 4423//5731 4426//5731
f 4445//5732 4426//5732 4446//5732
f 4446//5733 4426//5733 4428//5733
f 4446//5734 4428//5734 4447//5734
f 4447//5735 4428//5735 4430//5735
f 4447//5736 4430//5736 4448//5736
f 4448//5737 4430//5737 4432//5737
f 4448//5738 4432//5738 4449//5738
f 4449//5739 4432//5739 4450//5739
f 4449//5740 4450//5740 4451//5740
f 4451//5741 4450//5741 4452//5741
f 4451//5742 4452//5742 4453//5742
f 4453//5743 4452//5743 4115//5743
f 4453//5744 4115//5744 4113//5744
f 4122//5745 4123//5745 4433//5745
f 4122//5746 4433//5746 4454//5746
f 4454//5747 4433//5747 4434//5747
f 4454//5748 4434//5748 4455//5748
f 4455//5749 4434//5749 4435//5749
f 4455//5750 4435//5750 4456//5750
f 4456//5751 4435//5751 4436//5751
f 4456//5752 4436//5752 4457//5752
f 4457//5753 4436//5753 4437//5753
f 4457//5754 4437//5754 4458//5754
f 4458//5755 4437//5755 4438//5755
f 4458//5756 4438//5756 4459//5756
f 4459//5757 4438//5757 4439//5757
f 4459//5758 4439//5758 4460//5758
f 4460//5759 4439//5759 4440//5759
f 4460//5760 4440//5760 4461//5760
f 4461//5761 4440//5761 4441//5761
f 4461//5762 4441//5762 4462//5762
f 4462//5763 4441//5763 4442//5763
f 4462//5764 4442//5764 4463//5764
f 4463//5765 4442//5765 4443//5765
f 4463//5766 4443//5766 4464//5766
f 4464//5767 4443//5767 4444//5767
f 4464//5768 4444//5768 4465//5768
f 4465//5769 4444//5769 4445//5769
f 4465//5770 4445//5770 4466//5770
f 4466//5771 4445//5771 4446//5771
f 4466//5772 4446//5772 4467//5772
f 4468//5773 4447//5773 4448//5773
f 4468//5774 4448//5774 4469//5774
f 4469//5775 4448//5775 4449//5775
f 4469//5776 4449//5776 4470//5776
f 4470//5777 4449//5777 4451//5777
f 4470//5778 4451//5778 4471//5778
f 4471//5779 4451//5779 4453//5779
f 4471//5780 4453//5780 4472//5780
f 4472//5781 4453//5781 4113//5781
f 4472//5782 4113//5782 4111//5782
f 4121//5783 4122//5783 4454//5783
f 4121//5784 4454//5784 4473//5784
f 4473//5785 4454//5785 4455//5785
f 4473//5786 4455//5786 4474//5786
f 4474//5787 4455//5787 4456//5787
f 4474//5788 4456//5788 4475//5788
f 4475//5789 4456//5789 4457//5789
f 4475//5790 4457//5790 4476//5790
f 4476//5791 4457//5791 4458//5791
f 4476//5792 4458//5792 4477//5792
f 4477//5793 4458//5793 4459//5793
f 4477//5794 4459//5794 4478//5794
f 4478//5795 4459//5795 4460//5795
f 4478//5796 4460//5796 4479//5796
f 4479//5797 4460//5797 4461//5797
f 4479//5798 4461//5798 4480//5798
f 4480//5799 4461//5799 4462//5799
f 4480//5800 4462//5800 4481//5800
f 4481//5801 4462//5801 4463//5801
f 4481//5802 4463//5802 4482//5802
f 4482//5803 4463//5803 4464//5803
f 4482//5804 4464//5804 4483//5804
f 4483//5805 4464//5805 4465//5805
f 4483//5806 4465//5806 4484//5806
f 4485//5807 4466//5807 4467//5807
f 4485//5808 4467//5808 4486//5808
f 4487//5809 4468//5809 4469//5809
f 4487//5810 4469//5810 4488//5810
f 4488//5811 4469//5811 4470//5811
f 4488//5812 4470//5812 4489//5812
f 4489//5813 4470//5813 4471//5813
f 4489//5814 4471//5814 4490//5814
f 4490//5815 4471//5815 4472//5815
f 4490//5816 4472//5816 4491//5816
f 4491//5817 4472//5817 4111//5817
f 4491//5818 4111//5818 4110//5818
f 4120//5819 4121//5819 4473//5819
f 4120//5820 4473//5820 4492//5820
f 4492//5821 4473//5821 4474//5821
f 4492//5822 4474//5822 4493//5822
f 4493//5823 4474//5823 4475//5823
f 4493//5824 4475//5824 4494//5824
f 4494//5825 4475//5825 4476//5825
f 4494//5826 4476//5826 4495//5826
f 4495//5827 4476//5827 4477//5827
f 4495//5828 4477//5828 4496//5828
f 4496//5829 4477//5829 4478//5829
f 4496//5830 4478//5830 4497//5830
f 4497//5831 4478//5831 4479//5831
f 4497//5832 4479//5832 4498//5832
f 4498//5833 4479//5833 4480//5833
f 4498//5834 4480//5834 4499//5834
f 4499//5835 4480//5835 4481//5835
f 4499//5836 4481//5836 4500//5836
f 4500//5837 4481//5837 4482//5837
f 4500//5838 4482//5838 4501//5838
f 4501//5839 4482//5839 4483//5839
f 4501//5840 4483//5840 4502//5840
f 4502//5841 4483//5841 4484//5841
f 4502//5842 4484//5842 4503//5842
f 4503//5843 4484//5843 4485//5843
f 4503//5844 4485//5844 4504//5844
f 4504//5845 4485//5845 4486//5845
f 4504//5846 4486//5846 4505//5846
f 4505//5847 4486//5847 4487//5847
f 4505//5848 4487//5848 4506//5848
f 4506//5849 4487//5849 4488//5849
f 4506//5850 4488//5850 4507//5850
f 4507//5851 4488//5851 4489//5851
f 4507//5852 4489//5852 4508//5852
f 4508//5853 4489//5853 4490//5853
f 4508//5854 4490//5854 4509//5854
f 4509//5855 4490//5855 4491//5855
f 4509//5856 4491//5856 4510//5856
f 4510//5857 4491//5857 4110//5857
f 4510//5858 4110//5858 4109//5858
f 4119//5859 4120//5859 4492//5859
f 4119//5860 4492//5860 4511//5860
f 4511//5861 4492//5861 4493//5861
f 4511//5862 4493//5862 4512//5862
f 4512//5863 4493//5863 4494//5863
f 4512//5864 4494//5864 4513//5864
f 4513//5865 4494//5865 4495//5865
f 4513//5866 4495//5866 4514//5866
f 4514//5867 4495//5867 4496//5867
f 4514//5868 4496//5868 4515//5868
f 4515//5869 4496//5869 4497//5869
f 4515//5870 4497//5870 4516//5870
f 4516//5871 4497//5871 4498//5871
f 4516//5872 4498//5872 4517//5872
f 4517//5873 4498//5873 4499//5873
f 4517//5874 4499//5874 4518//5874
f 4518//5875 4499//5875 4500//5875
f 4518//5876 4500//5876 4519//5876
f 4519//5877 4500//5877 4501//5877
f 4519//5878 4501//5878 4520//5878
f 4520//5879 4501//5879 4502//5879
f 4520//5880 4502//5880 4521//5880
f 4521//5881 4502//5881 4503//5881
f 4521//5882 4503//5882 4522//5882
f 4522//5883 4503//5883 4504//5883
f 4522//5884 4504//5884 4523//5884
f 4523//5885 4504//5885 4505//5885
f 4523//5886 4505//5886 4524//5886
f 4524//5887 4505//5887 4506//5887
f 4524//5888 4506//5888 4525//5888
f 4525//5889 4506//5889 4507//5889
f 4525//5890 4507//5890 4526//5890
f 4526//5891 4507//5891 4508//5891
f 4526//5892 4508//5892 4527//5892
f 4527//5893 4508//5893 4509//5893
f 4527//5894 4509//5894 4528//5894
f 4528//5895 4509//5895 4510//5895
f 4528//5896 4510//5896 4529//5896
f 4529//5897 4510//5897 4109//5897
f 4529//5898 4109//5898 4108//5898
f 4118//5899 4119//5899 4511//5899
f 4118//5900 4511//5900 4530//5900
f 4530//5901 4511//5901 4512//5901
f 4530//5902 4512//5902 4531//5902
f 4531//5903 4512//5903 4513//5903
f 4531//5904 4513//5904 4532//5904
f 4532//5905 4513//5905 4514//5905
f 4532//5906 4514//5906 4533//5906
f 4533//5907 4514//5907 4515//5907
f 4533//5908 4515//5908 4534//5908
f 4534//5909 4515//5909 4516//5909
f 4534//5910 4516//5910 4535//5910
f 4535//5911 4516//5911 4517//5911
f 4535//5912 4517//5912 4536//5912
f 4536//5913 4517//5913 4518//5913
f 4536//5914 4518//5914 4537//5914
f 4537//5915 4518//5915 4519//5915
f 4537//5916 4519//5916 4538//5916
f 4538//5917 4519//5917 4520//5917
f 4538//5918 4520//5918 4539//5918
f 4539//5919 4520//5919 4521//5919
f 4539//5920 4521//5920 4540//5920
f 4540//5921 4521//5921 4522//5921
f 4540//5922 4522//5922 4541//5922
f 4541//5923 4522//5923 4523//5923
f 4541//5924 4523//5924 4542//5924
f 4542//5925 4523//5925 4524//5925
f 4542//5926 4524//5926 4543//5926
f 4543//5927 4524//5927 4525//5927
f 4543//5928 4525//5928 4544//5928
f 4544//5929 4525//5929 4526//5929
f 4544//5930 4526//5930 4545//5930
f 4545//5931 4526//5931 4527//5931
f 4545//5932 4527//5932 4546//5932
f 4546//5933 4527//5933 4528//5933
f 4546//5934 4528//5934 4547//5934
f 4547//5935 4528//5935 4529//5935
f 4547//5936 4529//5936 4548//5936
f 4548//5937 4529//5937 4108//5937
f 4548//5938 4108//5938 4107//5938
f 4117//5939 4118//5939 4530//5939
f 4117//5940 4530//5940 4549//5940
f 4549//5941 4530//5941 4531//5941
f 4549//5942 4531//5942 4550//5942
f 4550//5943 4531//5943 4532//5943
f 4550//5944 4532//5944 4551//5944
f 4551//5945 4532//5945 4533//5945
f 4551//5946 4533//5946 4552//5946
f 4552//5947 4533//5947 4534//5947
f 4552//5948 4534//5948 4553//5948
f 4553//5949 4534//5949 4535//5949
f 4553//5950 4535//5950 4554//5950
f 4554//5951 4535//5951 4536//5951
f 4554//5952 4536//5952 4555//5952
f 4555//5953 4536//5953 4537//5953
f 4555//5954 4537//5954 4556//5954
f 4556//5955 4537//5955 4538//5955
f 4556//5956 4538//5956 4557//5956
f 4557//5957 4538//5957 4539//5957
f 4557//5958 4539//5958 4558//5958
f 4558//5959 4539//5959 4540//5959
f 4558//5960 4540//5960 4559//5960
f 4559//5961 4540//5961 4541//5961
f 4559//5962 4541//5962 4560//5962
f 4560//5963 4541//5963 4542//5963
f 4560//5964 4542//5964 4561//5964
f 4561//5965 4542//5965 4543//5965
f 4561//5966 4543//5966 4562//5966
f 4562//5967 4543//5967 4544//5967
f 4562//5968 4544//5968 4563//5968
f 4563//5969 4544//5969 4545//5969
f 4563//5970 4545//5970 4564//5970
f 4564//5971 4545//5971 4546//5971
f 4564//5972 4546//5972 4565//5972
f 4565//5973 4546//5973 4547//5973
f 4565//5974 4547//5974 4566//5974
f 4566//5975 4547//5975 4548//5975
f 4566//5976 4548//5976 4567//5976
f 4567//5977 4548//5977 4107//5977
f 4567//5978 4107//5978 4106//5978
f 3581//5979 4117//5979 4549//5979
f 3581//5980 4549//5980 4568//5980
f 4568//5981 4549//5981 4550//5981
f 4568//5982 4550//5982 4569//5982
f 4569//5983 4550//5983 4551//5983
f 4569//5984 4551//5984 4570//5984
f 4570//5985 4551//5985 4552//5985
f 4570//5986 4552//5986 4571//5986
f 4571//5987 4552//5987 4553//5987
f 4571//5988 4553//5988 4572//5988
f 4572//5989 4553//5989 4554//5989
f 4572//5990 4554//5990 4573//5990
f 4573//5991 4554//5991 4555//5991
f 4573//5992 4555//5992 4574//5992
f 4574//5993 4555//5993 4556//5993
f 4574//5994 4556//5994 4575//5994
f 4575//5995 4556//5995 4557//5995
f 4575//5996 4557//5996 4576//5996
f 4576//5997 4557//5997 4558//5997
f 4576//5998 4558//5998 4577//5998
f 4577//5999 4558//5999 4559//5999
f 4577//6000 4559//6000 4578//6000
f 4578//6001 4559//6001 4560//6001
f 4578//6002 4560//6002 4579//6002
f 4579//6003 4560//6003 4561//6003
f 4579//6004 4561//6004 4580//6004
f 4580//6005 4561//6005 4562//6005
f 4580//6006 4562//6006 4581//6006
f 4581//6007 4562//6007 4563//6007
f 4581//6008 4563//6008 4582//6008
f 4582//6009 4563//6009 4564//6009
f 4582//6010 4564//6010 4583//6010
f 4583//6011 4564//6011 4565//6011
f 4583//6012 4565//6012 4584//6012
f 4584//6013 4565//6013 4566//6013
f 4584//6014 4566//6014 4585//6014
f 4585//6015 4566//6015 4567//6015
f 4585//6016 4567//6016 4586//6016
f 4586//6017 4567//6017 4106//6017
f 4586//6018 4106//6018 3588//6018
f 3615//6019 3583//6019 4587//6019
f 3615//6020 4587//6020 4588//6020
f 4588//6021 4587//6021 4589//6021
f 4588//6022 4589//6022 4590//6022
f 4590//6023 4589//6023 4591//6023
f 4590//6024 4591//6024 4592//6024
f 4592//6025 4591//6025 4593//6025
f 4592//6026 4593//6026 4594//6026
f 4594//6027 4593//6027 4595//6027
f 4594//6028 4595//6028 4596//6028
f 4596//6029 4595//6029 4597//6029
f 4596//6030 4597//6030 4598//6030
f 4598//6031 4597//6031 4599//6031
f 4598//6032 4599//6032 4600//6032
f 4600//6033 4599//6033 4601//6033
f 4600//6034 4601//6034 4602//6034
f 4602//6035 4601//6035 4603//6035
f 4602//6036 4603//6036 4604//6036
f 4604//6037 4603//6037 4605//6037
f 4604//6038 4605//6038 4606//6038
f 4606//6039 4605//6039 4607//6039
f 4606//6040 4607//6040 4608//6040
f 4608//6041 4607//6041 4609//6041
f 4608//6042 4609//6042 4610//6042
f 4610//6043 4609//6043 4611//6043
f 4610//6044 4611//6044 4612//6044
f 4612//6045 4611//6045 4613//6045
f 4612//6046 4613//6046 4614//6046
f 4614//6047 4613//6047 4615//6047
f 4614//6048 4615//6048 4616//6048
f 4616//6049 4615//6049 4617//6049
f 4616//6050 4617//6050 4618//6050
f 4618//6051 4617//6051 4619//6051
f 4618//6052 4619//6052 4620//6052
f 4620//6053 4619//6053 4621//6053
f 4620//6054 4621//6054 4622//6054
f 4622//6055 4621//6055 4623//6055
f 4622//6056 4623//6056 4624//6056
f 4624//6057 4623//6057 3576//6057
f 4624//6058 3576//6058 3654//6058
f 4625//6059 3615//6059 4588//6059
f 4625//6060 4588//6060 4626//6060
f 4626//6061 4588//6061 4590//6061
f 4626//6062 4590//6062 4627//6062
f 4627//6063 4590//6063 4592//6063
f 4627//6064 4592//6064 4628//6064
f 4628//6065 4592//6065 4594//6065
f 4628//6066 4594//6066 4629//6066
f 4629//6067 4594//6067 4596//6067
f 4629//6068 4596//6068 4630//6068
f 4630//6069 4596//6069 4598//6069
f 4630//6070 4598//6070 4631//6070
f 4631//6071 4598//6071 4600//6071
f 4631//6072 4600//6072 4632//6072
f 4632//6073 4600//6073 4602//6073
f 4632//6074 4602//6074 4633//6074
f 4633//6075 4602//6075 4604//6075
f 4633//6076 4604//6076 4634//6076
f 4634//6077 4604//6077 4606//6077
f 4634//6078 4606//6078 4635//6078
f 4635//6079 4606//6079 4608//6079
f 4635//6080 4608//6080 4636//6080
f 4636//6081 4608//6081 4610//6081
f 4636//6082 4610//6082 4637//6082
f 4637//6083 4610//6083 4612//6083
f 4637//6084 4612//6084 4638//6084
f 4638//6085 4612//6085 4614//6085
f 4638//6086 4614//6086 4639//6086
f 4639//6087 4614//6087 4616//6087
f 4639//6088 4616//6088 4640//6088
f 4640//6089 4616//6089 4618//6089
f 4640//6090 4618//6090 4641//6090
f 4641//6091 4618//6091 4620//6091
f 4641//6092 4620//6092 4642//6092
f 4642//6093 4620//6093 4622//6093
f 4642//6094 4622//6094 4643//6094
f 4643//6095 4622//6095 4624//6095
f 4643//6096 4624//6096 4644//6096
f 4644//6097 4624//6097 3654//6097
f 4644//6098 3654//6098 3652//6098
f 4645//6099 4625//6099 4626//6099
f 4645//6100 4626//6100 4646//6100
f 4646//6101 4626//6101 4627//6101
f 4646//6102 4627//6102 4647//6102
f 4647//6103 4627//6103 4628//6103
f 4647//6104 4628//6104 4648//6104
f 4648//6105 4628//6105 4629//6105
f 4648//6106 4629//6106 4649//6106
f 4649//6107 4629//6107 4630//6107
f 4649//6108 4630//6108 4650//6108
f 4650//6109 4630//6109 4631//6109
f 4650//6110 4631//6110 4651//6110
f 4651//6111 4631//6111 4632//6111
f 4651//6112 4632//6112 4652//6112
f 4652//6113 4632//6113 4633//6113
f 4652//6114 4633//6114 4653//6114
f 4653//6115 4633//6115 4634//6115
f 4653//6116 4634//6116 4654//6116
f 4654//6117 4634//6117 4635//6117
f 4654//6118 4635//6118 4655//6118
f 4655//6119 4635//6119 4636//6119
f 4655//6120 4636//6120 4656//6120
f 4656//6121 4636//6121 4637//6121
f 4656//6122 4637//6122 4657//6122
f 4657//6123 4637//6123 4638//6123
f 4657//6124 4638//6124 4658//6124
f 4658//6125 4638//6125 4639//6125
f 4658//6126 4639//6126 4659//6126
f 4659//6127 4639//6127 4640//6127
f 4659//6128 4640//6128 4660//6128
f 4660//6129 4640//6129 4641//6129
f 4660//6130 4641//6130 4661//6130
f 4661//6131 4641//6131 4642//6131
f 4661//6132 4642//6132 4662//6132
f 4662//6133 4642//6133 4643//6133
f 4662//6134 4643//6134 4663//6134
f 4663//6135 4643//6135 4644//6135
f 4663//6136 4644//6136 4664//6136
f 4664//6137 4644//6137 3652//6137
f 4664//6138 3652//6138 3650//6138
f 4665//6139 4645//6139 4646//6139
f 4665//6140 4646//6140 4666//6140
f 4666//6141 4646//6141 4647//6141
f 4666//6142 4647//6142 4667//6142
f 4667//6143 4647//6143 4648//6143
f 4667//6144 4648//6144 4668//6144
f 4668//6145 4648//6145 4649//6145
f 4668//6146 4649//6146 4669//6146
f 4669//6147 4649//6147 4650//6147
f 4669//6148 4650//6148 4670//6148
f 4670//6149 4650//6149 4651//6149
f 4670//6150 4651//6150 4671//6150
f 4671//6151 4651//6151 4652//6151
f 4671//6152 4652//6152 4672//6152
f 4672//6153 4652//6153 4653//6153
f 4672//6154 4653//6154 4673//6154
f 4673//6155 4653//6155 4654//6155
f 4673//6156 4654//6156 4674//6156
f 4674//6157 4654//6157 4655//6157
f 4674//6158 4655//6158 4675//6158
f 4675//6159 4655//6159 4656//6159
f 4675//6160 4656//6160 4676//6160
f 4676//6161 4656//6161 4657//6161
f 4676//6162 4657//6162 4677//6162
f 4677//6163 4657//6163 4658//6163
f 4677//6164 4658//6164 4678//6164
f 4678//6165 4658//6165 4659//6165
f 4678//6166 4659//6166 4679//6166
f 4679//6167 4659//6167 4660//6167
f 4679//6168 4660//6168 4680//6168
f 4680//6169 4660//6169 4661//6169
f 4680//6170 4661//6170 4681//6170
f 4681//6171 4661//6171 4662//6171
f 4681//6172 4662//6172 4682//6172
f 4682//6173 4662//6173 4663//6173
f 4682//6174 4663//6174 4683//6174
f 4683//6175 4663//6175 4664//6175
f 4683//6176 4664//6176 4684//6176
f 4684//6177 4664//6177 3650//6177
f 4684//6178 3650//6178 3648//6178
f 3612//6179 4665//6179 4666//6179
f 3612//6180 4666//6180 4685//6180
f 4685//6181 4666//6181 4667//6181
f 4685//6182 4667//6182 4686//6182
f 4686//6183 4667//6183 4668//6183
f 4686//6184 4668//6184 4687//6184
f 4687//6185 4668//6185 4669//6185
f 4687//6186 4669//6186 4688//6186
f 4688//6187 4669//6187 4670//6187
f 4688//6188 4670//6188 4689//6188
f 4689//6189 4670//6189 4671//6189
f 4689//6190 4671//6190 4690//6190
f 4690//6191 4671//6191 4672//6191
f 4690//6192 4672//6192 4691//6192
f 4691//6193 4672//6193 4673//6193
f 4691//6194 4673//6194 4692//6194
f 4692//6195 4673//6195 4674//6195
f 4692//6196 4674//6196 4693//6196
f 4693//6197 4674//6197 4675//6197
f 4693//6198 4675//6198 4694//6198
f 4694//6199 4675//6199 4676//6199
f 4694//6200 4676//6200 4695//6200
f 4695//6201 4676//6201 4677//6201
f 4695//6202 4677//6202 4696//6202
f 4696//6203 4677//6203 4678//6203
f 4696//6204 4678//6204 4697//6204
f 4697//4271 4678//4271 4679//4271
f 4697//6205 4679//6205 4698//6205
f 4698//6206 4679//6206 4680//6206
f 4698//6207 4680//6207 4699//6207
f 4699//6208 4680//6208 4681//6208
f 4699//6209 4681//6209 4700//6209
f 4700//6210 4681//6210 4682//6210
f 4700//6211 4682//6211 4701//6211
f 4701//6212 4682//6212 4683//6212
f 4701//6213 4683//6213 4702//6213
f 4702//6214 4683//6214 4684//6214
f 4702//6215 4684//6215 4703//6215
f 4703//6216 4684//6216 3648//6216
f 4703//6217 3648//6217 3646//6217
f 3613//6218 3612//6218 4685//6218
f 3613//6219 4685//6219 4704//6219
f 4704//6220 4685//6220 4686//6220
f 4704//6221 4686//6221 4705//6221
f 4705//6222 4686//6222 4687//6222
f 4705//6223 4687//6223 4706//6223
f 4706//6224 4687//6224 4688//6224
f 4706//6225 4688//6225 4707//6225
f 4707//6226 4688//6226 4689//6226
f 4707//6227 4689//6227 4708//6227
f 4708//6228 4689//6228 4690//6228
f 4708//6229 4690//6229 4709//6229
f 4709//6230 4690//6230 4691//6230
f 4709//6231 4691//6231 4710//6231
f 4710//6232 4691//6232 4692//6232
f 4710//6233 4692//6233 4711//6233
f 4711//6234 4692//6234 4693//6234
f 4711//6235 4693//6235 4712//6235
f 4712//6236 4693//6236 4694//6236
f 4712//6237 4694//6237 4713//6237
f 4713//6238 4694//6238 4695//6238
f 4713//6239 4695//6239 4714//6239
f 4714//6240 4695//6240 4696//6240
f 4714//6241 4696//6241 4715//6241
f 4715//6242 4696//6242 4697//6242
f 4715//6243 4697//6243 4716//6243
f 4716//6205 4697//6205 4698//6205
f 4716//6244 4698//6244 4717//6244
f 4717//6245 4698//6245 4699//6245
f 4717//6246 4699//6246 4718//6246
f 4718//6247 4699//6247 4700//6247
f 4718//6248 4700//6248 4719//6248
f 4719//6249 4700//6249 4701//6249
f 4719//6250 4701//6250 4720//6250
f 4720//6251 4701//6251 4702//6251
f 4720//6252 4702//6252 4721//6252
f 4721//6253 4702//6253 4703//6253
f 4721//6254 4703//6254 4722//6254
f 4722//6255 4703//6255 3646//6255
f 4722//6256 3646//6256 3643//6256
f 4723//6257 3613//6257 4704//6257
f 4723//6258 4704//6258 4724//6258
f 4724//6259 4704//6259 4705//6259
f 4724//6260 4705//6260 4725//6260
f 4725//6261 4705//6261 4706//6261
f 4725//6262 4706//6262 4726//6262
f 4726//6263 4706//6263 4707//6263
f 4726//6264 4707//6264 4727//6264
f 4727//6265 4707//6265 4708//6265
f 4727//6266 4708//6266 4728//6266
f 4728//6267 4708//6267 4709//6267
f 4728//6268 4709//6268 4729//6268
f 4729//6269 4709//6269 4710//6269
f 4729//6270 4710//6270 4730//6270
f 4730//6271 4710//6271 4711//6271
f 4730//6272 4711//6272 4731//6272
f 4731//6273 4711//6273 4712//6273
f 4731//6274 4712//6274 4732//6274
f 4732//6275 4712//6275 4713//6275
f 4732//6276 4713//6276 4733//6276
f 4733//6277 4713//6277 4714//6277
f 4733//6278 4714//6278 4734//6278
f 4734//6279 4714//6279 4715//6279
f 4734//6280 4715//6280 4735//6280
f 4735//6281 4715//6281 4716//6281
f 4735//6282 4716//6282 4736//6282
f 4736//6283 4716//6283 4717//6283
f 4736//6284 4717//6284 4737//6284
f 4737//4000 4717//4000 4718//4000
f 4737//6285 4718//6285 4738//6285
f 4738//6286 4718//6286 4719//6286
f 4738//6287 4719//6287 4739//6287
f 4739//6288 4719//6288 4720//6288
f 4739//6289 4720//6289 4740//6289
f 4740//6290 4720//6290 4721//6290
f 4740//6291 4721//6291 4741//6291
f 4741//6292 4721//6292 4722//6292
f 4741//6293 4722//6293 4742//6293
f 4742//6294 4722//6294 3643//6294
f 4742//6295 3643//6295 3642//6295
f 4743//6296 4744//6296 4745//6296
f 4743//6297 4745//6297 4746//6297
f 4746//6298 4745//6298 4747//6298
f 4746//6299 4747//6299 4748//6299
f 4748//6300 4747//6300 4749//6300
f 4748//6301 4749//6301 4750//6301
f 4750//6302 4749//6302 4751//6302
f 4750//6303 4751//6303 4752//6303
f 4752//6304 4751//6304 4753//6304
f 4752//6305 4753//6305 4754//6305
f 4754//6306 4753//6306 4755//6306
f 4754//6307 4755//6307 4756//6307
f 4756//6308 4755//6308 4757//6308
f 4756//6309 4757//6309 4758//6309
f 4758//6310 4757//6310 4759//6310
f 4758//6311 4759//6311 4760//6311
f 4760//6312 4759//6312 4761//6312
f 4760//6313 4761//6313 4762//6313
f 4762//6314 4761//6314 4763//6314
f 4762//6315 4763//6315 4764//6315
f 4764//6316 4763//6316 4765//6316
f 4764//6317 4765//6317 4766//6317
f 4766//6318 4765//6318 4767//6318
f 4766//6319 4767//6319 4768//6319
f 4768//6320 4767//6320 4769//6320
f 4768//6321 4769//6321 4770//6321
f 4770//6322 4769//6322 4771//6322
f 4770//6323 4771//6323 4772//6323
f 4772//6324 4771//6324 4773//6324
f 4772//6325 4773//6325 4774//6325
f 4774//6326 4773//6326 4775//6326
f 4774//6327 4775//6327 4776//6327
f 4776//6328 4775//6328 4777//6328
f 4776//6329 4777//6329 4778//6329
f 4778//6330 4777//6330 3640//6330
f 4778//6331 3640//6331 3638//6331
f 4779//6332 4762//6332 4764//6332
f 4779//6333 4764//6333 4780//6333
f 4780//6334 4764//6334 4766//6334
f 4780//6335 4766//6335 4781//6335
f 4781//6336 4766//6336 4768//6336
f 4781//6337 4768//6337 4782//6337
f 4782//6338 4768//6338 4770//6338
f 4782//6339 4770//6339 4783//6339
f 4783//6340 4770//6340 4772//6340
f 4783//6341 4772//6341 4784//6341
f 4784//6342 4772//6342 4774//6342
f 4784//6343 4774//6343 4785//6343
f 4785//6344 4774//6344 4776//6344
f 4785//6345 4776//6345 4786//6345
f 4786//6346 4776//6346 4778//6346
f 4786//6347 4778//6347 4787//6347
f 4787//6348 4778//6348 3638//6348
f 4787//6349 3638//6349 3635//6349
f 4788//6350 4780//6350 4781//6350
f 4788//6351 4781//6351 4789//6351
f 4789//6352 4781//6352 4782//6352
f 4789//6353 4782//6353 4790//6353
f 4790//6317 4782//6317 4783//6317
f 4790//6354 4783//6354 4791//6354
f 4791//6355 4783//6355 4784//6355
f 4791//6356 4784//6356 4792//6356
f 4792//6357 4784//6357 4785//6357
f 4792//6358 4785//6358 4793//6358
f 4793//6359 4785//6359 4786//6359
f 4793//6360 4786//6360 4794//6360
f 4794//6361 4786//6361 4787//6361
f 4794//6362 4787//6362 4795//6362
f 4795//6363 4787//6363 3635//6363
f 4795//6364 3635//6364 3634//6364
f 3609//6365 3608//6365 4796//6365
f 3609//6366 4796//6366 4797//6366
f 4797//6367 4796//6367 4798//6367
f 4797//6368 4798//6368 4799//6368
f 4799//6369 4798//6369 4800//6369
f 4799//6370 4800//6370 4801//6370
f 4801//6371 4800//6371 4802//6371
f 4801//6372 4802//6372 4803//6372
f 4803//6373 4802//6373 4804//6373
f 4803//6374 4804//6374 4805//6374
f 4805//6375 4804//6375 4806//6375
f 4805//6376 4806//6376 4807//6376
f 4807//6377 4806//6377 4808//6377
f 4807//6378 4808//6378 4809//6378
f 4809//6379 4808//6379 4810//6379
f 4809//6380 4810//6380 4811//6380
f 4811//6381 4810//6381 4812//6381
f 4811//6382 4812//6382 4813//6382
f 4813//6383 4812//6383 4814//6383
f 4813//6384 4814//6384 4815//6384
f 4815//6385 4814//6385 4816//6385
f 4815//6386 4816//6386 4817//6386
f 4817//6387 4816//6387 4818//6387
f 4817//6388 4818//6388 4819//6388
f 3603//6389 3605//6389 4820//6389
f 3603//6390 4820//6390 4821//6390
f 4821//6391 4820//6391 4822//6391
f 4821//6392 4822//6392 4823//6392
f 4823//6393 4822//6393 4824//6393
f 4823//6394 4824//6394 4825//6394
f 4825//6395 4824//6395 4826//6395
f 4825//6396 4826//6396 4827//6396
f 4827//6397 4826//6397 4828//6397
f 4827//6398 4828//6398 4829//6398
f 4829//6399 4828//6399 4830//6399
f 4829//6400 4830//6400 4831//6400
f 4831//6401 4830//6401 4832//6401
f 4831//6402 4832//6402 4833//6402
f 4833//6403 4832//6403 4834//6403
f 4833//6404 4834//6404 4835//6404
f 4835//4270 4834//4270 4836//4270
f 4835//6405 4836//6405 4837//6405
f 4837//6406 4836//6406 4838//6406
f 4837//6406 4838//6406 4839//6406
f 4839//6407 4838//6407 4840//6407
f 4839//6408 4840//6408 4841//6408
f 4841//6409 4840//6409 4842//6409
f 4841//3374 4842//3374 4843//3374
f 4843//6410 4842//6410 4844//6410
f 4843//6411 4844//6411 4845//6411
f 4845//6412 4844//6412 4846//6412
f 4845//6413 4846//6413 4847//6413
f 4847//6414 4846//6414 4848//6414
f 4847//6415 4848//6415 4849//6415
f 4849//6416 4848//6416 4850//6416
f 4849//6417 4850//6417 4851//6417
f 4851//6418 4850//6418 4852//6418
f 4851//6419 4852//6419 4853//6419
f 4853//6420 4852//6420 4854//6420
f 4853//6421 4854//6421 4855//6421
f 4855//6422 4854//6422 4856//6422
f 4855//6423 4856//6423 4857//6423
f 4857//6424 4856//6424 3632//6424
f 4857//6425 3632//6425 3630//6425
f 3601//6426 3603//6426 4821//6426
f 3601//6427 4821//6427 4858//6427
f 4858//6428 4821//6428 4823//6428
f 4858//6429 4823//6429 4859//6429
f 4859//6430 4823//6430 4825//6430
f 4859//6431 4825//6431 4860//6431
f 4860//6432 4825//6432 4827//6432
f 4860//6433 4827//6433 4861//6433
f 4861//6434 4827//6434 4829//6434
f 4861//6435 4829//6435 4862//6435
f 4862//6436 4829//6436 4831//6436
f 4862//6121 4831//6121 4863//6121
f 4863//6437 4831//6437 4833//6437
f 4863//4271 4833//4271 4864//4271
f 4864//6438 4833//6438 4835//6438
f 4864//6439 4835//6439 4865//6439
f 4865//6440 4835//6440 4837//6440
f 4865//6440 4837//6440 4866//6440
f 4866//6441 4837//6441 4839//6441
f 4866//2025 4839//2025 4867//2025
f 4867//2025 4839//2025 4841//2025
f 4867//4270 4841//4270 4868//4270
f 4868//3374 4841//3374 4843//3374
f 4868//3374 4843//3374 4869//3374
f 4869//6442 4843//6442 4845//6442
f 4869//6443 4845//6443 4870//6443
f 4870//6444 4845//6444 4847//6444
f 4870//6445 4847//6445 4871//6445
f 4871//6446 4847//6446 4849//6446
f 4871//6447 4849//6447 4872//6447
f 4872//6448 4849//6448 4851//6448
f 4872//6449 4851//6449 4873//6449
f 4873//6450 4851//6450 4853//6450
f 4873//6451 4853//6451 4874//6451
f 4874//6452 4853//6452 4855//6452
f 4874//6453 4855//6453 4875//6453
f 4875//6454 4855//6454 4857//6454
f 4875//6455 4857//6455 4876//6455
f 4876//6456 4857//6456 3630//6456
f 4876//6457 3630//6457 3628//6457
f 3599//6458 3601//6458 4858//6458
f 3599//6459 4858//6459 4877//6459
f 4877//6460 4858//6460 4859//6460
f 4877//6461 4859//6461 4878//6461
f 4878//6462 4859//6462 4860//6462
f 4878//6463 4860//6463 4879//6463
f 4879//6464 4860//6464 4861//6464
f 4879//6465 4861//6465 4880//6465
f 4880//6466 4861//6466 4862//6466
f 4880//6467 4862//6467 4881//6467
f 4881//6468 4862//6468 4863//6468
f 4881//6469 4863//6469 4882//6469
f 4882//6470 4863//6470 4864//6470
f 4882//6471 4864//6471 4883//6471
f 4883//6472 4864//6472 4865//6472
f 4883//6473 4865//6473 4884//6473
f 4884//6474 4865//6474 4866//6474
f 4884//6475 4866//6475 4885//6475
f 4885//6476 4866//6476 4867//6476
f 4885//6477 4867//6477 4886//6477
f 4886//6478 4867//6478 4868//6478
f 4886//6406 4868//6406 4887//6406
f 4887//6405 4868//6405 4869//6405
f 4887//4270 4869//4270 4888//4270
f 4888//6443 4869//6443 4870//6443
f 4888//6479 4870//6479 4889//6479
f 4889//6480 4870//6480 4871//6480
f 4889//6480 4871//6480 4890//6480
f 4890//6481 4871//6481 4872//6481
f 4890//6482 4872//6482 4891//6482
f 4891//6483 4872//6483 4873//6483
f 4891//6484 4873//6484 4892//6484
f 4892//6485 4873//6485 4874//6485
f 4892//6486 4874//6486 4893//6486
f 4893//6487 4874//6487 4875//6487
f 4893//6488 4875//6488 4894//6488
f 4894//6489 4875//6489 4876//6489
f 4894//6490 4876//6490 4895//6490
f 4895//6491 4876//6491 3628//6491
f 4895//6492 3628//6492 3626//6492
f 3596//6493 3599//6493 4877//6493
f 3596//6494 4877//6494 4896//6494
f 4896//6495 4877//6495 4878//6495
f 4896//6496 4878//6496 4897//6496
f 4897//6497 4878//6497 4879//6497
f 4897//6498 4879//6498 4898//6498
f 4898//6499 4879//6499 4880//6499
f 4898//6500 4880//6500 4899//6500
f 4899//6501 4880//6501 4881//6501
f 4899//6502 4881//6502 4900//6502
f 4900//6503 4881//6503 4882//6503
f 4900//6504 4882//6504 4901//6504
f 4901//6505 4882//6505 4883//6505
f 4901//6506 4883//6506 4902//6506
f 4902//6507 4883//6507 4884//6507
f 4902//6508 4884//6508 4903//6508
f 4903//6509 4884//6509 4885//6509
f 4903//6510 4885//6510 4904//6510
f 4904//6511 4885//6511 4886//6511
f 4904//6512 4886//6512 4905//6512
f 4905//6513 4886//6513 4887//6513
f 4905//2837 4887//2837 4906//2837
f 4906//6478 4887//6478 4888//6478
f 4906//6514 4888//6514 4907//6514
f 4907//6479 4888//6479 4889//6479
f 4907//3505 4889//3505 4908//3505
f 4908//6480 4889//6480 4890//6480
f 4908//6515 4890//6515 4909//6515
f 4909//6516 4890//6516 4891//6516
f 4909//6516 4891//6516 4910//6516
f 4910//6484 4891//6484 4892//6484
f 4910//6517 4892//6517 4911//6517
f 4911//6518 4892//6518 4893//6518
f 4911//6519 4893//6519 4912//6519
f 4912//6520 4893//6520 4894//6520
f 4912//6521 4894//6521 4913//6521
f 4913//6522 4894//6522 4895//6522
f 4913//6523 4895//6523 4914//6523
f 4914//6524 4895//6524 3626//6524
f 4914//6525 3626//6525 3624//6525
f 3597//6526 3596//6526 4896//6526
f 3597//6527 4896//6527 4915//6527
f 4915//6528 4896//6528 4897//6528
f 4915//6529 4897//6529 4916//6529
f 4916//6530 4897//6530 4898//6530
f 4916//6531 4898//6531 4917//6531
f 4917//6532 4898//6532 4899//6532
f 4917//6533 4899//6533 4918//6533
f 4918//6534 4899//6534 4900//6534
f 4918//6535 4900//6535 4919//6535
f 4919//6536 4900//6536 4901//6536
f 4919//6537 4901//6537 4920//6537
f 4920//6538 4901//6538 4902//6538
f 4920//6539 4902//6539 4921//6539
f 4921//6538 4902//6538 4903//6538
f 4921//6540 4903//6540 4922//6540
f 4922//6541 4903//6541 4904//6541
f 4922//6542 4904//6542 4923//6542
f 4923//6542 4904//6542 4905//6542
f 4923//6543 4905//6543 4924//6543
f 4924//6544 4905//6544 4906//6544
f 4924//6544 4906//6544 4925//6544
f 4925//6545 4906//6545 4907//6545
f 4925//6546 4907//6546 4926//6546
f 4926//6547 4907//6547 4908//6547
f 4926//6548 4908//6548 4927//6548
f 4927//6549 4908//6549 4909//6549
f 4927//6550 4909//6550 4928//6550
f 4928//6551 4909//6551 4910//6551
f 4928//6552 4910//6552 4929//6552
f 4929//6553 4910//6553 4911//6553
f 4929//6554 4911//6554 4930//6554
f 4930//6519 4911//6519 4912//6519
f 4930//6555 4912//6555 4931//6555
f 4931//6521 4912//6521 4913//6521
f 4931//6556 4913//6556 4932//6556
f 4932//6557 4913//6557 4914//6557
f 4932//6558 4914//6558 4933//6558
f 4933//6559 4914//6559 3624//6559
f 4933//6560 3624//6560 3622//6560
f 4934//6561 3597//6561 4915//6561
f 4934//6562 4915//6562 4935//6562
f 4935//6563 4915//6563 4916//6563
f 4935//6564 4916//6564 4936//6564
f 4936//6565 4916//6565 4917//6565
f 4936//6566 4917//6566 4937//6566
f 4937//6567 4917//6567 4918//6567
f 4937//6568 4918//6568 4938//6568
f 4938//6569 4918//6569 4919//6569
f 4938//6570 4919//6570 4939//6570
f 4939//6571 4919//6571 4920//6571
f 4939//6572 4920//6572 4940//6572
f 4940//6573 4920//6573 4921//6573
f 4940//6574 4921//6574 4941//6574
f 4941//6575 4921//6575 4922//6575
f 4941//6576 4922//6576 4942//6576
f 4942//6577 4922//6577 4923//6577
f 4942//6578 4923//6578 4943//6578
f 4943//6579 4923//6579 4924//6579
f 4943//6580 4924//6580 4944//6580
f 4944//6581 4924//6581 4925//6581
f 4944//6582 4925//6582 4945//6582
f 4945//6583 4925//6583 4926//6583
f 4945//6584 4926//6584 4946//6584
f 4946//6585 4926//6585 4927//6585
f 4946//6586 4927//6586 4947//6586
f 4947//6587 4927//6587 4928//6587
f 4947//6588 4928//6588 4948//6588
f 4948//6589 4928//6589 4929//6589
f 4948//6590 4929//6590 4949//6590
f 4949//6591 4929//6591 4930//6591
f 4949//6592 4930//6592 4950//6592
f 4950//6593 4930//6593 4931//6593
f 4950//6594 4931//6594 4951//6594
f 4951//6595 4931//6595 4932//6595
f 4951//6596 4932//6596 4952//6596
f 4952//6597 4932//6597 4933//6597
f 4952//6598 4933//6598 4953//6598
f 4953//6599 4933//6599 3622//6599
f 4953//6600 3622//6600 3620//6600
f 3593//6601 4934//6601 4935//6601
f 3593//6602 4935//6602 4954//6602
f 4954//6603 4935//6603 4936//6603
f 4954//6604 4936//6604 4955//6604
f 4955//6605 4936//6605 4937//6605
f 4955//6606 4937//6606 4956//6606
f 4956//6607 4937//6607 4938//6607
f 4956//6608 4938//6608 4957//6608
f 4957//6609 4938//6609 4939//6609
f 4957//6610 4939//6610 4958//6610
f 4958//6611 4939//6611 4940//6611
f 4958//6612 4940//6612 4959//6612
f 4959//6613 4940//6613 4941//6613
f 4959//6614 4941//6614 4960//6614
f 4960//6615 4941//6615 4942//6615
f 4960//6616 4942//6616 4961//6616
f 4961//6617 4942//6617 4943//6617
f 4961//6618 4943//6618 4962//6618
f 4962//6619 4943//6619 4944//6619
f 4962//6620 4944//6620 4963//6620
f 4963//6621 4944//6621 4945//6621
f 4963//6622 4945//6622 4964//6622
f 4964//6623 4945//6623 4946//6623
f 4964//6624 4946//6624 4965//6624
f 4965//6625 4946//6625 4947//6625
f 4965//6626 4947//6626 4966//6626
f 4966//6627 4947//6627 4948//6627
f 4966//6628 4948//6628 4967//6628
f 4967//6629 4948//6629 4949//6629
f 4967//6630 4949//6630 4968//6630
f 4968//6631 4949//6631 4950//6631
f 4968//6632 4950//6632 4969//6632
f 4969//6633 4950//6633 4951//6633
f 4969//6634 4951//6634 4970//6634
f 4970//6635 4951//6635 4952//6635
f 4970//6636 4952//6636 4971//6636
f 4971//6637 4952//6637 4953//6637
f 4971//6638 4953//6638 4972//6638
f 4972//6639 4953//6639 3620//6639
f 4972//6640 3620//6640 3618//6640
f 3591//6641 3593//6641 4954//6641
f 3591//6642 4954//6642 4973//6642
f 4973//6643 4954//6643 4955//6643
f 4973//6644 4955//6644 4974//6644
f 4974//6645 4955//6645 4956//6645
f 4974//6646 4956//6646 4975//6646
f 4975//6647 4956//6647 4957//6647
f 4975//6648 4957//6648 4976//6648
f 4976//6649 4957//6649 4958//6649
f 4976//6650 4958//6650 4977//6650
f 4977//6651 4958//6651 4959//6651
f 4977//6652 4959//6652 4978//6652
f 4978//6653 4959//6653 4960//6653
f 4978//6654 4960//6654 4979//6654
f 4979//6655 4960//6655 4961//6655
f 4979//6656 4961//6656 4980//6656
f 4980//6657 4961//6657 4962//6657
f 4980//6658 4962//6658 4981//6658
f 4981//6659 4962//6659 4963//6659
f 4981//6660 4963//6660 4982//6660
f 4982//6661 4963//6661 4964//6661
f 4982//6662 4964//6662 4983//6662
f 4983//6663 4964//6663 4965//6663
f 4983//6664 4965//6664 4984//6664
f 4984//6665 4965//6665 4966//6665
f 4984//6666 4966//6666 4985//6666
f 4985//6667 4966//6667 4967//6667
f 4985//6668 4967//6668 4986//6668
f 4986//6669 4967//6669 4968//6669
f 4986//6670 4968//6670 4987//6670
f 4987//6671 4968//6671 4969//6671
f 4987//6672 4969//6672 4988//6672
f 4988//6673 4969//6673 4970//6673
f 4988//6674 4970//6674 4989//6674
f 4989//6675 4970//6675 4971//6675
f 4989//6676 4971//6676 4990//6676
f 4990//6677 4971//6677 4972//6677
f 4990//6678 4972//6678 4991//6678
f 4991//6679 4972//6679 3618//6679
f 4991//6680 3618//6680 3617//6680
f 3586//6681 3591//6681 4973//6681
f 3586//6682 4973//6682 3587//6682
f 3587//6683 4973//6683 4974//6683
f 3587//6684 4974//6684 4992//6684
f 4992//6685 4974//6685 4975//6685
f 4992//6686 4975//6686 4993//6686
f 4993//6687 4975//6687 4976//6687
f 4993//6688 4976//6688 4994//6688
f 4994//6689 4976//6689 4977//6689
f 4994//6690 4977//6690 4995//6690
f 4995//6691 4977//6691 4978//6691
f 4995//6692 4978//6692 4996//6692
f 4996//6693 4978//6693 4979//6693
f 4996//6694 4979//6694 4997//6694
f 4997//6695 4979//6695 4980//6695
f 4997//6696 4980//6696 4998//6696
f 4998//6697 4980//6697 4981//6697
f 4998//6698 4981//6698 4999//6698
f 4999//6699 4981//6699 4982//6699
f 4999//6700 4982//6700 5000//6700
f 5000//6701 4982//6701 4983//6701
f 5000//6702 4983//6702 5001//6702
f 5001//6703 4983//6703 4984//6703
f 5001//6704 4984//6704 5002//6704
f 5002//6705 4984//6705 4985//6705
f 5002//6706 4985//6706 5003//6706
f 5003//6707 4985//6707 4986//6707
f 5003//6708 4986//6708 5004//6708
f 5004//6709 4986//6709 4987//6709
f 5004//6710 4987//6710 5005//6710
f 5005//6711 4987//6711 4988//6711
f 5005//6712 4988//6712 5006//6712
f 5006//6713 4988//6713 4989//6713
f 5006//6714 4989//6714 5007//6714
f 5007//6715 4989//6715 4990//6715
f 5007//6716 4990//6716 5008//6716
f 5008//6717 4990//6717 4991//6717
f 5008//6718 4991//6718 5009//6718
f 5009//6719 4991//6719 3617//6719
f 5009//6720 3617//6720 3616//6720
f 3581//6721 4568//6721 5010//6721
f 3581//6722 5010//6722 3582//6722
f 4568//6723 4569//6723 5011//6723
f 4568//6724 5011//6724 5010//6724
f 4569//6725 4570//6725 5012//6725
f 4569//6726 5012//6726 5011//6726
f 4570//6727 4571//6727 5013//6727
f 4570//6728 5013//6728 5012//6728
f 4571//6729 4572//6729 5014//6729
f 4571//6730 5014//6730 5013//6730
f 4572//6731 4573//6731 5015//6731
f 4572//6732 5015//6732 5014//6732
f 4573//6733 4574//6733 5016//6733
f 4573//6734 5016//6734 5015//6734
f 4574//6735 4575//6735 5017//6735
f 4574//6736 5017//6736 5016//6736
f 4575//6737 4576//6737 5018//6737
f 4575//6738 5018//6738 5017//6738
f 4576//6739 4577//6739 5019//6739
f 4576//6740 5019//6740 5018//6740
f 4577//6741 4578//6741 5020//6741
f 4577//6742 5020//6742 5019//6742
f 4578//6743 4579//6743 5021//6743
f 4578//6744 5021//6744 5020//6744
f 4579//6745 4580//6745 5022//6745
f 4579//6746 5022//6746 5021//6746
f 4580//6747 4581//6747 5023//6747
f 4580//6748 5023//6748 5022//6748
f 4581//6749 4582//6749 5024//6749
f 4581//6750 5024//6750 5023//6750
f 4582//6751 4583//6751 5025//6751
f 4582//6752 5025//6752 5024//6752
f 4583//6753 4584//6753 5026//6753
f 4583//6754 5026//6754 5025//6754
f 4584//6755 4585//6755 5027//6755
f 4584//6756 5027//6756 5026//6756
f 4585//6757 4586//6757 5028//6757
f 4585//6758 5028//6758 5027//6758
f 4586//6759 3588//6759 3577//6759
f 4586//6760 3577//6760 5028//6760
f 3573//6761 4376//6761 3616//6761
f 3573//6762 3616//6762 3574//6762
f 4376//6763 4377//6763 5009//6763
f 4376//6764 5009//6764 3616//6764
f 4377//6765 4378//6765 5008//6765
f 4377//6766 5008//6766 5009//6766
f 4378//6767 4379//6767 5007//6767
f 4378//6768 5007//6768 5008//6768
f 4379//6769 4380//6769 5006//6769
f 4379//6770 5006//6770 5007//6770
f 4380//6771 4381//6771 5005//6771
f 4380//6772 5005//6772 5006//6772
f 4381//6773 4382//6773 5004//6773
f 4381//6774 5004//6774 5005//6774
f 4382//6775 4383//6775 5003//6775
f 4382//6776 5003//6776 5004//6776
f 4383//6777 4384//6777 5002//6777
f 4383//6778 5002//6778 5003//6778
f 4384//6779 4385//6779 5001//6779
f 4384//6780 5001//6780 5002//6780
f 4385//6781 4386//6781 5000//6781
f 4385//6782 5000//6782 5001//6782
f 4386//6783 4387//6783 4999//6783
f 4386//6784 4999//6784 5000//6784
f 4387//6785 4388//6785 4998//6785
f 4387//6786 4998//6786 4999//6786
f 4388//6787 4389//6787 4997//6787
f 4388//6788 4997//6788 4998//6788
f 4389//6789 4390//6789 4996//6789
f 4389//6790 4996//6790 4997//6790
f 4390//6791 4391//6791 4995//6791
f 4390//6792 4995//6792 4996//6792
f 4391//6793 4392//6793 4994//6793
f 4391//6794 4994//6794 4995//6794
f 4392//6795 4393//6795 4993//6795
f 4392//6796 4993//6796 4994//6796
f 4393//6797 4394//6797 4992//6797
f 4393//6798 4992//6798 4993//6798
f 4394//6799 3584//6799 3587//6799
f 4394//6800 3587//6800 4992//6800
f 3583//6801 3582//6801 5010//6801
f 3583//6802 5010//6802 4587//6802
f 4587//6803 5010//6803 5011//6803
f 4587//6804 5011//6804 4589//6804
f 4589//6805 5011//6805 5012//6805
f 4589//6806 5012//6806 4591//6806
f 4591//6807 5012//6807 5013//6807
f 4591//6808 5013//6808 4593//6808
f 4593//6809 5013//6809 5014//6809
f 4593//6810 5014//6810 4595//6810
f 4595//6811 5014//6811 5015//6811
f 4595//6812 5015//6812 4597//6812
f 4597//6813 5015//6813 5016//6813
f 4597//6814 5016//6814 4599//6814
f 4599//6815 5016//6815 5017//6815
f 4599//6816 5017//6816 4601//6816
f 4601//6817 5017//6817 5018//6817
f 4601//6818 5018//6818 4603//6818
f 4603//6819 5018//6819 5019//6819
f 4603//6820 5019//6820 4605//6820
f 4605//6821 5019//6821 5020//6821
f 4605//6822 5020//6822 4607//6822
f 4607//6823 5020//6823 5021//6823
f 4607//6824 5021//6824 4609//6824
f 4609//6825 5021//6825 5022//6825
f 4609//6826 5022//6826 4611//6826
f 4611//6827 5022//6827 5023//6827
f 4611//6828 5023//6828 4613//6828
f 4613//6829 5023//6829 5024//6829
f 4613//6830 5024//6830 4615//6830
f 4615//6831 5024//6831 5025//6831
f 4615//6832 5025//6832 4617//6832
f 4617//6833 5025//6833 5026//6833
f 4617//6834 5026//6834 4619//6834
f 4619//6835 5026//6835 5027//6835
f 4619//6836 5027//6836 4621//6836
f 4621//6837 5027//6837 5028//6837
f 4621//6838 5028//6838 4623//6838
f 4623//6839 5028//6839 3577//6839
f 4623//6840 3577//6840 3576//6840
f 4146//6841 4183//6841 4180//6841
f 4180//6842 4178//6842 4176//6842
f 4180//6843 4176//6843 4174//6843
f 4145//6844 4146//6844 4180//6844
f 4162//6845 4154//6845 4145//6845
f 4166//6846 4164//6846 4162//6846
f 4168//6847 4166//6847 4162//6847
f 4145//6848 4180//6848 4174//6848
f 4145//6849 4174//6849 4172//6849
f 4168//6850 4162//6850 4145//6850
f 4145//6851 4172//6851 4170//6851
f 4170//6852 4168//6852 4145//6852
f 3790//6853 4146//6853 4136//6853
f 4136//6854 4135//6854 4147//6854
f 4147//6855 4105//6855 3788//6855
f 3788//6856 3790//6856 4136//6856
f 4136//6857 4147//6857 3788//6857
f 5029//6858 5030//6858 4051//6858
f 4051//6858 4050//6858 5031//6858
f 5031//6859 5032//6859 5029//6859
f 4051//6858 5031//6858 5029//6858
f 4048//6860 4046//6860 4061//6860
f 4048//6861 4061//6861 4050//6861
f 4060//6862 4059//6862 4069//6862
f 4060//6863 4069//6863 4061//6863
f 4076//6864 4075//6864 4082//6864
f 4069//6865 4068//6865 4076//6865
f 4081//6866 4087//6866 4092//6866
f 4081//6867 4092//6867 4082//6867
f 4856//6868 5033//6868 5034//6868
f 4856//6869 5034//6869 3632//6869
f 5033//6870 5035//6870 5036//6870
f 5033//6871 5036//6871 5034//6871
f 5035//6872 5037//6872 5038//6872
f 5035//6873 5038//6873 5036//6873
f 5037//6874 5039//6874 5040//6874
f 5037//6875 5040//6875 5038//6875
f 5039//6876 5041//6876 5042//6876
f 5039//6877 5042//6877 5040//6877
f 4854//6878 5043//6878 5033//6878
f 4854//6879 5033//6879 4856//6879
f 5043//6880 5044//6880 5035//6880
f 5043//6881 5035//6881 5033//6881
f 5044//6882 5045//6882 5037//6882
f 5044//6883 5037//6883 5035//6883
f 5045//6884 5046//6884 5039//6884
f 5045//6885 5039//6885 5037//6885
f 5046//6886 5047//6886 5041//6886
f 5046//6887 5041//6887 5039//6887
f 4852//6888 5048//6888 5043//6888
f 4852//6889 5043//6889 4854//6889
f 5048//6890 5049//6890 5044//6890
f 5048//6891 5044//6891 5043//6891
f 5049//6892 5050//6892 5045//6892
f 5049//6893 5045//6893 5044//6893
f 5050//6894 5051//6894 5046//6894
f 5050//6895 5046//6895 5045//6895
f 5051//6896 5052//6896 5047//6896
f 5051//6897 5047//6897 5046//6897
f 4850//6898 5053//6898 5048//6898
f 4850//6899 5048//6899 4852//6899
f 5053//6900 5054//6900 5049//6900
f 5053//6901 5049//6901 5048//6901
f 5054//6902 5055//6902 5050//6902
f 5054//6903 5050//6903 5049//6903
f 5055//6904 5056//6904 5051//6904
f 5055//6905 5051//6905 5050//6905
f 5056//6906 5057//6906 5052//6906
f 5056//6907 5052//6907 5051//6907
f 5057//6908 5058//6908 5059//6908
f 5057//6909 5059//6909 5052//6909
f 4848//6910 5060//6910 5053//6910
f 4848//6911 5053//6911 4850//6911
f 5060//6912 5061//6912 5054//6912
f 5060//6913 5054//6913 5053//6913
f 5061//6914 5062//6914 5055//6914
f 5061//6915 5055//6915 5054//6915
f 5062//6916 5063//6916 5056//6916
f 5062//6917 5056//6917 5055//6917
f 5063//6918 5064//6918 5057//6918
f 5063//6919 5057//6919 5056//6919
f 5064//6920 5065//6920 5058//6920
f 5064//6921 5058//6921 5057//6921
f 4846//6922 5066//6922 5060//6922
f 4846//6923 5060//6923 4848//6923
f 5066//6924 5067//6924 5061//6924
f 5066//6925 5061//6925 5060//6925
f 5067//6926 5068//6926 5062//6926
f 5067//6927 5062//6927 5061//6927
f 5068//6928 5069//6928 5063//6928
f 5068//6929 5063//6929 5062//6929
f 5069//6930 5070//6930 5064//6930
f 5069//6931 5064//6931 5063//6931
f 5070//6932 5071//6932 5065//6932
f 5070//6933 5065//6933 5064//6933
f 5071//6934 5072//6934 5073//6934
f 5071//6935 5073//6935 5065//6935
f 4844//6936 5074//6936 5066//6936
f 4844//6937 5066//6937 4846//6937
f 5074//6938 5075//6938 5067//6938
f 5074//6939 5067//6939 5066//6939
f 5075//6940 5076//6940 5068//6940
f 5075//6940 5068//6940 5067//6940
f 5076//6941 5077//6941 5069//6941
f 5076//6942 5069//6942 5068//6942
f 5077//6943 5078//6943 5070//6943
f 5077//6944 5070//6944 5069//6944
f 5078//6945 5079//6945 5071//6945
f 5078//6946 5071//6946 5070//6946
f 5079//6947 5080//6947 5072//6947
f 5079//6948 5072//6948 5071//6948
f 4842//6949 5081//6949 5074//6949
f 4842//6950 5074//6950 4844//6950
f 5081//6951 5082//6951 5075//6951
f 5081//6952 5075//6952 5074//6952
f 5082//6953 5083//6953 5076//6953
f 5082//6954 5076//6954 5075//6954
f 5083//3458 5084//3458 5077//3458
f 5083//6955 5077//6955 5076//6955
f 5084//6956 5085//6956 5078//6956
f 5084//6957 5078//6957 5077//6957
f 5085//6958 5086//6958 5079//6958
f 5085//6959 5079//6959 5078//6959
f 5086//6960 5087//6960 5080//6960
f 5086//6961 5080//6961 5079//6961
f 5087//6962 5088//6962 5089//6962
f 5087//6963 5089//6963 5080//6963
f 5088//6964 5090//6964 5091//6964
f 5088//6965 5091//6965 5089//6965
f 4840//6966 5092//6966 5081//6966
f 4840//1637 5081//1637 4842//1637
f 5092//6479 5093//6479 5082//6479
f 5092//1636 5082//1636 5081//1636
f 5093//6479 5094//6479 5083//6479
f 5093//6967 5083//6967 5082//6967
f 5094//6479 5095//6479 5084//6479
f 5094//6967 5084//6967 5083//6967
f 5095//6411 5096//6411 5085//6411
f 5095//6968 5085//6968 5084//6968
f 5096//6969 5097//6969 5086//6969
f 5096//6970 5086//6970 5085//6970
f 5097//6971 5098//6971 5087//6971
f 5097//6972 5087//6972 5086//6972
f 5098//6973 5099//6973 5088//6973
f 5098//6974 5088//6974 5087//6974
f 5099//6975 5100//6975 5090//6975
f 5099//6976 5090//6976 5088//6976
f 5100//6977 4817//6977 4819//6977
f 5100//6978 4819//6978 5090//6978
f 4838//6979 5101//6979 5092//6979
f 4838//6980 5092//6980 4840//6980
f 5101//6405 5102//6405 5093//6405
f 5101//6981 5093//6981 5092//6981
f 5102//3374 5103//3374 5094//3374
f 5102//3374 5094//3374 5093//3374
f 5103//6982 5104//6982 5095//6982
f 5103//3374 5095//3374 5094//3374
f 5104//6982 5105//6982 5096//6982
f 5104//6982 5096//6982 5095//6982
f 5105//6983 5106//6983 5097//6983
f 5105//6984 5097//6984 5096//6984
f 5106//6985 5107//6985 5098//6985
f 5106//6986 5098//6986 5097//6986
f 5107//6987 5108//6987 5099//6987
f 5107//6988 5099//6988 5098//6988
f 5108//6989 5109//6989 5100//6989
f 5108//6990 5100//6990 5099//6990
f 5109//6991 4815//6991 4817//6991
f 5109//6992 4817//6992 5100//6992
f 4836//6993 5110//6993 5101//6993
f 4836//6477 5101//6477 4838//6477
f 5110//6475 5111//6475 5102//6475
f 5110//6994 5102//6994 5101//6994
f 5111//6995 5112//6995 5103//6995
f 5111//6996 5103//6996 5102//6996
f 5112//6997 5113//6997 5104//6997
f 5112//6998 5104//6998 5103//6998
f 5113//6999 5114//6999 5105//6999
f 5113//6998 5105//6998 5104//6998
f 5114//7000 5115//7000 5106//7000
f 5114//7001 5106//7001 5105//7001
f 5115//7002 5116//7002 5107//7002
f 5115//7003 5107//7003 5106//7003
f 5116//7004 5117//7004 5108//7004
f 5116//7005 5108//7005 5107//7005
f 5117//7006 5118//7006 5109//7006
f 5117//7007 5109//7007 5108//7007
f 5118//7008 4813//7008 4815//7008
f 5118//7009 4815//7009 5109//7009
f 4834//6408 5119//6408 5110//6408
f 4834//7010 5110//7010 4836//7010
f 5119//6998 5120//6998 5111//6998
f 5119//6475 5111//6475 5110//6475
f 5120//7011 5121//7011 5112//7011
f 5120//6995 5112//6995 5111//6995
f 5121//7012 5122//7012 5113//7012
f 5121//6997 5113//6997 5112//6997
f 5122//7013 5123//7013 5114//7013
f 5122//7014 5114//7014 5113//7014
f 5123//7015 5124//7015 5115//7015
f 5123//7016 5115//7016 5114//7016
f 5124//7017 5125//7017 5116//7017
f 5124//7018 5116//7018 5115//7018
f 5125//7019 5126//7019 5117//7019
f 5125//7020 5117//7020 5116//7020
f 5126//7021 5127//7021 5118//7021
f 5126//7022 5118//7022 5117//7022
f 5127//7023 4811//7023 4813//7023
f 5127//7024 4813//7024 5118//7024
f 4832//6410 5128//6410 5119//6410
f 4832//7025 5119//7025 4834//7025
f 5128//7026 5129//7026 5120//7026
f 5128//6410 5120//6410 5119//6410
f 5129//7027 5130//7027 5121//7027
f 5129//7028 5121//7028 5120//7028
f 5130//7029 5131//7029 5122//7029
f 5130//7030 5122//7030 5121//7030
f 5131//7031 5132//7031 5123//7031
f 5131//7032 5123//7032 5122//7032
f 5132//7033 5133//7033 5124//7033
f 5132//7034 5124//7034 5123//7034
f 5133//7035 5134//7035 5125//7035
f 5133//7036 5125//7036 5124//7036
f 5134//7037 5135//7037 5126//7037
f 5134//7038 5126//7038 5125//7038
f 5135//7039 5136//7039 5127//7039
f 5135//7040 5127//7040 5126//7040
f 5136//7041 4809//7041 4811//7041
f 5136//7042 4811//7042 5127//7042
f 4830//7043 5137//7043 5128//7043
f 4830//7044 5128//7044 4832//7044
f 5137//7045 5138//7045 5129//7045
f 5137//7046 5129//7046 5128//7046
f 5138//6412 5139//6412 5130//6412
f 5138//7047 5130//7047 5129//7047
f 5139//6938 5140//6938 5131//6938
f 5139//7048 5131//7048 5130//7048
f 5140//7049 5141//7049 5132//7049
f 5140//7050 5132//7050 5131//7050
f 5141//7051 5142//7051 5133//7051
f 5141//7052 5133//7052 5132//7052
f 5142//7053 5143//7053 5134//7053
f 5142//7054 5134//7054 5133//7054
f 5143//7055 5144//7055 5135//7055
f 5143//7056 5135//7056 5134//7056
f 5144//7057 5145//7057 5136//7057
f 5144//6964 5136//6964 5135//6964
f 5145//7058 4807//7058 4809//7058
f 5145//7059 4809//7059 5136//7059
f 4828//7060 5146//7060 5137//7060
f 4828//7061 5137//7061 4830//7061
f 5146//7062 5147//7062 5138//7062
f 5146//7063 5138//7063 5137//7063
f 5147//7064 5148//7064 5139//7064
f 5147//7065 5139//7065 5138//7065
f 5148//7066 5149//7066 5140//7066
f 5148//7067 5140//7067 5139//7067
f 5149//6950 5150//6950 5141//6950
f 5149//7068 5141//7068 5140//7068
f 5150//7069 5151//7069 5142//7069
f 5150//7070 5142//7070 5141//7070
f 5151//7071 5152//7071 5143//7071
f 5151//7072 5143//7072 5142//7072
f 5152//7073 5153//7073 5144//7073
f 5152//7074 5144//7074 5143//7074
f 5153//7075 5154//7075 5145//7075
f 5153//7076 5145//7076 5144//7076
f 5154//7077 4805//7077 4807//7077
f 5154//7078 4807//7078 5145//7078
f 4826//7079 5155//7079 5146//7079
f 4826//7080 5146//7080 4828//7080
f 5155//7081 5156//7081 5147//7081
f 5155//7082 5147//7082 5146//7082
f 5156//7083 5157//7083 5148//7083
f 5156//7084 5148//7084 5147//7084
f 5157//7085 5158//7085 5149//7085
f 5157//7086 5149//7086 5148//7086
f 5158//7087 5159//7087 5150//7087
f 5158//7088 5150//7088 5149//7088
f 5159//7089 5160//7089 5151//7089
f 5159//7090 5151//7090 5150//7090
f 5160//7091 5161//7091 5152//7091
f 5160//7092 5152//7092 5151//7092
f 5161//7093 5162//7093 5153//7093
f 5161//7094 5153//7094 5152//7094
f 5162//7095 5163//7095 5154//7095
f 5162//7096 5154//7096 5153//7096
f 5163//7097 4803//7097 4805//7097
f 5163//7098 4805//7098 5154//7098
f 4824//7099 5164//7099 5155//7099
f 4824//7100 5155//7100 4826//7100
f 5164//7101 5165//7101 5156//7101
f 5164//7102 5156//7102 5155//7102
f 5165//7103 5166//7103 5157//7103
f 5165//7104 5157//7104 5156//7104
f 5166//7105 5167//7105 5158//7105
f 5166//7103 5158//7103 5157//7103
f 5167//7106 5168//7106 5159//7106
f 5167//7107 5159//7107 5158//7107
f 5168//7108 5169//7108 5160//7108
f 5168//7109 5160//7109 5159//7109
f 5169//7110 5170//7110 5161//7110
f 5169//7111 5161//7111 5160//7111
f 5170//7112 5171//7112 5162//7112
f 5170//7113 5162//7113 5161//7113
f 5171//7114 5172//7114 5163//7114
f 5171//7115 5163//7115 5162//7115
f 5172//7116 4801//7116 4803//7116
f 5172//7117 4803//7117 5163//7117
f 4822//7118 5173//7118 5164//7118
f 4822//7119 5164//7119 4824//7119
f 5173//7120 5174//7120 5165//7120
f 5173//7121 5165//7121 5164//7121
f 5174//7122 5175//7122 5166//7122
f 5174//7123 5166//7123 5165//7123
f 5175//7122 5176//7122 5167//7122
f 5175//7122 5167//7122 5166//7122
f 5176//7124 5177//7124 5168//7124
f 5176//7125 5168//7125 5167//7125
f 5177//7126 5178//7126 5169//7126
f 5177//7127 5169//7127 5168//7127
f 5178//7128 5179//7128 5170//7128
f 5178//7129 5170//7129 5169//7129
f 5179//7130 5180//7130 5171//7130
f 5179//7131 5171//7131 5170//7131
f 5180//7132 5181//7132 5172//7132
f 5180//7133 5172//7133 5171//7133
f 5181//7134 4799//7134 4801//7134
f 5181//7135 4801//7135 5172//7135
f 4820//7136 5182//7136 5173//7136
f 4820//7137 5173//7137 4822//7137
f 5182//7138 5183//7138 5174//7138
f 5182//7139 5174//7139 5173//7139
f 5183//7140 5184//7140 5175//7140
f 5183//7140 5175//7140 5174//7140
f 5184//7141 5185//7141 5176//7141
f 5184//7142 5176//7142 5175//7142
f 5185//7143 5186//7143 5177//7143
f 5185//7144 5177//7144 5176//7144
f 5186//7145 5187//7145 5178//7145
f 5186//7146 5178//7146 5177//7146
f 5187//7147 5188//7147 5179//7147
f 5187//7148 5179//7148 5178//7148
f 5188//7149 5189//7149 5180//7149
f 5188//7150 5180//7150 5179//7150
f 5189//7151 5190//7151 5181//7151
f 5189//7152 5181//7152 5180//7152
f 5190//7153 4797//7153 4799//7153
f 5190//7154 4799//7154 5181//7154
f 3605//7155 5191//7155 5182//7155
f 3605//7156 5182//7156 4820//7156
f 5191//7157 5192//7157 5183//7157
f 5191//7157 5183//7157 5182//7157
f 5192//7158 5193//7158 5184//7158
f 5192//7158 5184//7158 5183//7158
f 5193//7159 5194//7159 5185//7159
f 5193//7160 5185//7160 5184//7160
f 5194//7161 5195//7161 5186//7161
f 5194//7162 5186//7162 5185//7162
f 5195//7163 5196//7163 5187//7163
f 5195//7164 5187//7164 5186//7164
f 5196//7165 5197//7165 5188//7165
f 5196//7166 5188//7166 5187//7166
f 5197//7167 5198//7167 5189//7167
f 5197//7168 5189//7168 5188//7168
f 5198//7169 5199//7169 5190//7169
f 5198//7170 5190//7170 5189//7170
f 5199//7171 3609//7171 4797//7171
f 5199//7172 4797//7172 5190//7172
f 3950//7173 3685//7173 5200//7173
f 3950//7174 5200//7174 5201//7174
f 5201//7175 5200//7175 5202//7175
f 5201//7176 5202//7176 5203//7176
f 5203//7177 5202//7177 5204//7177
f 5203//7178 5204//7178 5205//7178
f 5205//7179 5204//7179 5206//7179
f 5205//7180 5206//7180 5207//7180
f 5207//7181 5206//7181 5208//7181
f 5207//7182 5208//7182 5209//7182
f 5209//7183 5208//7183 5210//7183
f 5209//7184 5210//7184 5211//7184
f 5211//7185 5210//7185 5212//7185
f 5211//7186 5212//7186 5213//7186
f 5213//7187 5212//7187 5214//7187
f 5213//7188 5214//7188 5215//7188
f 5215//7189 5214//7189 5216//7189
f 5215//7190 5216//7190 5217//7190
f 5217//7191 5216//7191 3686//7191
f 5217//7192 3686//7192 3922//7192
f 3948//7193 3950//7193 5201//7193
f 3948//7194 5201//7194 5218//7194
f 5218//7195 5201//7195 5203//7195
f 5218//7196 5203//7196 5219//7196
f 5219//7197 5203//7197 5205//7197
f 5219//7198 5205//7198 5220//7198
f 5220//7199 5205//7199 5207//7199
f 5220//7200 5207//7200 5221//7200
f 5221//7201 5207//7201 5209//7201
f 5221//7202 5209//7202 5222//7202
f 5222//7203 5209//7203 5211//7203
f 5222//7204 5211//7204 5223//7204
f 5223//7205 5211//7205 5213//7205
f 5223//7206 5213//7206 5224//7206
f 5224//7207 5213//7207 5215//7207
f 5224//7208 5215//7208 5225//7208
f 5225//7209 5215//7209 5217//7209
f 5225//7210 5217//7210 5226//7210
f 5226//7211 5217//7211 3922//7211
f 5226//7212 3922//7212 3921//7212
f 3946//7213 3948//7213 5218//7213
f 3946//7214 5218//7214 5227//7214
f 5227//7215 5218//7215 5219//7215
f 5227//7216 5219//7216 5228//7216
f 5228//7217 5219//7217 5220//7217
f 5228//7218 5220//7218 5229//7218
f 5229//7219 5220//7219 5221//7219
f 5229//7220 5221//7220 5230//7220
f 5230//7221 5221//7221 5222//7221
f 5230//7222 5222//7222 5231//7222
f 5231//7223 5222//7223 5223//7223
f 5231//7224 5223//7224 5232//7224
f 5232//7225 5223//7225 5224//7225
f 5232//7226 5224//7226 5233//7226
f 5233//7227 5224//7227 5225//7227
f 5233//7228 5225//7228 5234//7228
f 5234//7229 5225//7229 5226//7229
f 5234//7230 5226//7230 5235//7230
f 5235//7231 5226//7231 3921//7231
f 5235//7232 3921//7232 3920//7232
f 3944//7233 3946//7233 5227//7233
f 3944//7234 5227//7234 5236//7234
f 5236//7235 5227//7235 5228//7235
f 5236//7236 5228//7236 5237//7236
f 5237//7237 5228//7237 5229//7237
f 5237//7238 5229//7238 5238//7238
f 5238//7239 5229//7239 5230//7239
f 5238//7240 5230//7240 5239//7240
f 5239//7241 5230//7241 5231//7241
f 5239//7242 5231//7242 5240//7242
f 5240//7243 5231//7243 5232//7243
f 5240//7244 5232//7244 5241//7244
f 5241//7245 5232//7245 5233//7245
f 5241//7246 5233//7246 5242//7246
f 5242//7247 5233//7247 5234//7247
f 5242//7248 5234//7248 5243//7248
f 5243//7249 5234//7249 5235//7249
f 5243//7250 5235//7250 5244//7250
f 5244//7251 5235//7251 3920//7251
f 5244//7252 3920//7252 3919//7252
f 3942//7253 3944//7253 5236//7253
f 3942//7254 5236//7254 5245//7254
f 5245//7255 5236//7255 5237//7255
f 5245//7256 5237//7256 5246//7256
f 5246//7257 5237//7257 5238//7257
f 5246//7258 5238//7258 5247//7258
f 5247//7259 5238//7259 5239//7259
f 5247//7260 5239//7260 5248//7260
f 5248//7261 5239//7261 5240//7261
f 5248//7262 5240//7262 5249//7262
f 5249//7263 5240//7263 5241//7263
f 5249//7264 5241//7264 5250//7264
f 5250//7265 5241//7265 5242//7265
f 5250//7266 5242//7266 5251//7266
f 5251//7267 5242//7267 5243//7267
f 5251//7268 5243//7268 5252//7268
f 5252//7269 5243//7269 5244//7269
f 5252//7270 5244//7270 5253//7270
f 5253//7271 5244//7271 3919//7271
f 5253//7272 3919//7272 3918//7272
f 3940//7273 3942//7273 5245//7273
f 3940//7274 5245//7274 5254//7274
f 5254//7275 5245//7275 5246//7275
f 5254//7276 5246//7276 5255//7276
f 5255//7277 5246//7277 5247//7277
f 5255//7278 5247//7278 5256//7278
f 5256//7279 5247//7279 5248//7279
f 5256//7280 5248//7280 5257//7280
f 5257//7281 5248//7281 5249//7281
f 5257//7282 5249//7282 5258//7282
f 5258//7283 5249//7283 5250//7283
f 5258//7284 5250//7284 5259//7284
f 5259//7285 5250//7285 5251//7285
f 5259//7286 5251//7286 5260//7286
f 5260//7287 5251//7287 5252//7287
f 5260//7288 5252//7288 5261//7288
f 5261//7289 5252//7289 5253//7289
f 5261//7290 5253//7290 5262//7290
f 5262//7291 5253//7291 3918//7291
f 5262//7292 3918//7292 3917//7292
f 3938//7293 3940//7293 5254//7293
f 3938//7294 5254//7294 5263//7294
f 5263//7295 5254//7295 5255//7295
f 5263//7296 5255//7296 5264//7296
f 5264//7297 5255//7297 5256//7297
f 5264//7298 5256//7298 5265//7298
f 5265//7299 5256//7299 5257//7299
f 5265//7300 5257//7300 5266//7300
f 5266//7301 5257//7301 5258//7301
f 5266//7302 5258//7302 5267//7302
f 5267//7303 5258//7303 5259//7303
f 5267//7304 5259//7304 5268//7304
f 5268//7305 5259//7305 5260//7305
f 5268//7306 5260//7306 5269//7306
f 5269//7307 5260//7307 5261//7307
f 5269//7308 5261//7308 5270//7308
f 5270//7309 5261//7309 5262//7309
f 5270//7310 5262//7310 5271//7310
f 5271//7311 5262//7311 3917//7311
f 5271//7312 3917//7312 3916//7312
f 3936//7313 3938//7313 5263//7313
f 3936//7314 5263//7314 5272//7314
f 5272//7315 5263//7315 5264//7315
f 5272//7316 5264//7316 5273//7316
f 5273//7317 5264//7317 5265//7317
f 5273//7318 5265//7318 5274//7318
f 5274//7319 5265//7319 5266//7319
f 5274//7320 5266//7320 5275//7320
f 5275//7321 5266//7321 5267//7321
f 5275//7322 5267//7322 5276//7322
f 5276//7323 5267//7323 5268//7323
f 5276//7324 5268//7324 5277//7324
f 5277//7325 5268//7325 5269//7325
f 5277//7326 5269//7326 5278//7326
f 5278//7327 5269//7327 5270//7327
f 5278//7328 5270//7328 5279//7328
f 5279//7329 5270//7329 5271//7329
f 5279//7330 5271//7330 5280//7330
f 5280//7331 5271//7331 3916//7331
f 5280//7332 3916//7332 3915//7332
f 3934//7333 3936//7333 5272//7333
f 3934//7334 5272//7334 5281//7334
f 5281//7335 5272//7335 5273//7335
f 5281//7336 5273//7336 5282//7336
f 5282//7337 5273//7337 5274//7337
f 5282//7338 5274//7338 5283//7338
f 5283//7339 5274//7339 5275//7339
f 5283//7340 5275//7340 5284//7340
f 5284//7341 5275//7341 5276//7341
f 5284//7342 5276//7342 5285//7342
f 5285//7343 5276//7343 5277//7343
f 5285//7344 5277//7344 5286//7344
f 5286//7345 5277//7345 5278//7345
f 5286//7346 5278//7346 5287//7346
f 5287//7347 5278//7347 5279//7347
f 5287//7348 5279//7348 5288//7348
f 5288//7349 5279//7349 5280//7349
f 5288//7350 5280//7350 5289//7350
f 5289//7351 5280//7351 3915//7351
f 5289//7352 3915//7352 3914//7352
f 3932//7353 3934//7353 5281//7353
f 3932//7354 5281//7354 5290//7354
f 5290//7355 5281//7355 5282//7355
f 5290//7356 5282//7356 5291//7356
f 5291//7357 5282//7357 5283//7357
f 5291//7358 5283//7358 5292//7358
f 5292//7359 5283//7359 5284//7359
f 5292//7360 5284//7360 5293//7360
f 5293//7361 5284//7361 5285//7361
f 5293//7362 5285//7362 5294//7362
f 5294//7363 5285//7363 5286//7363
f 5294//7364 5286//7364 5295//7364
f 5295//7365 5286//7365 5287//7365
f 5295//7366 5287//7366 5296//7366
f 5296//7367 5287//7367 5288//7367
f 5296//7368 5288//7368 5297//7368
f 5297//7369 5288//7369 5289//7369
f 5297//7370 5289//7370 5298//7370
f 5298//7371 5289//7371 3914//7371
f 5298//7372 3914//7372 3913//7372
f 3929//7373 3932//7373 5290//7373
f 3929//7374 5290//7374 5299//7374
f 5299//7375 5290//7375 5291//7375
f 5299//7376 5291//7376 5300//7376
f 5300//7377 5291//7377 5292//7377
f 5300//7378 5292//7378 5301//7378
f 5301//7379 5292//7379 5293//7379
f 5301//7380 5293//7380 5302//7380
f 5302//7381 5293//7381 5294//7381
f 5302//7382 5294//7382 5303//7382
f 5303//7383 5294//7383 5295//7383
f 5303//7384 5295//7384 5304//7384
f 5304//7385 5295//7385 5296//7385
f 5304//7386 5296//7386 5305//7386
f 5305//7387 5296//7387 5297//7387
f 5305//7388 5297//7388 5306//7388
f 5306//7389 5297//7389 5298//7389
f 5306//7390 5298//7390 5307//7390
f 5307//7391 5298//7391 3913//7391
f 5307//7392 3913//7392 3912//7392
f 3930//7393 3929//7393 5299//7393
f 3930//7394 5299//7394 5308//7394
f 5308//7395 5299//7395 5300//7395
f 5308//7396 5300//7396 5309//7396
f 5309//7397 5300//7397 5301//7397
f 5309//7398 5301//7398 5310//7398
f 5310//7399 5301//7399 5302//7399
f 5310//7400 5302//7400 5311//7400
f 5311//7401 5302//7401 5303//7401
f 5311//7402 5303//7402 5312//7402
f 5312//7403 5303//7403 5304//7403
f 5312//7404 5304//7404 5313//7404
f 5313//7405 5304//7405 5305//7405
f 5313//7406 5305//7406 5314//7406
f 5314//7407 5305//7407 5306//7407
f 5314//7408 5306//7408 5315//7408
f 5315//7409 5306//7409 5307//7409
f 5315//7410 5307//7410 5316//7410
f 5316//7411 5307//7411 3912//7411
f 5316//7412 3912//7412 3911//7412
f 5317//7413 3930//7413 5308//7413
f 5317//7414 5308//7414 5318//7414
f 5318//7415 5308//7415 5309//7415
f 5318//7416 5309//7416 5319//7416
f 5319//7417 5309//7417 5310//7417
f 5319//7418 5310//7418 5320//7418
f 5320//7419 5310//7419 5311//7419
f 5320//7420 5311//7420 5321//7420
f 5321//7421 5311//7421 5312//7421
f 5321//7422 5312//7422 5322//7422
f 5322//7423 5312//7423 5313//7423
f 5322//7424 5313//7424 5323//7424
f 5323//7425 5313//7425 5314//7425
f 5323//7426 5314//7426 5324//7426
f 5324//7427 5314//7427 5315//7427
f 5324//7428 5315//7428 5325//7428
f 5325//7429 5315//7429 5316//7429
f 5325//7430 5316//7430 5326//7430
f 5326//7431 5316//7431 3911//7431
f 5326//7432 3911//7432 3910//7432
f 3925//7433 5317//7433 5318//7433
f 3925//7434 5318//7434 5327//7434
f 5327//7435 5318//7435 5319//7435
f 5327//7436 5319//7436 5328//7436
f 5328//7437 5319//7437 5320//7437
f 5328//7438 5320//7438 5329//7438
f 5329//7439 5320//7439 5321//7439
f 5329//7440 5321//7440 5330//7440
f 5330//7441 5321//7441 5322//7441
f 5330//7442 5322//7442 5331//7442
f 5331//7443 5322//7443 5323//7443
f 5331//7444 5323//7444 5332//7444
f 5332//7445 5323//7445 5324//7445
f 5332//7446 5324//7446 5333//7446
f 5333//7447 5324//7447 5325//7447
f 5333//7448 5325//7448 5334//7448
f 5334//7449 5325//7449 5326//7449
f 5334//7450 5326//7450 5335//7450
f 5335//7451 5326//7451 3910//7451
f 5335//7452 3910//7452 3909//7452
f 3926//7453 3925//7453 5327//7453
f 3926//7454 5327//7454 5336//7454
f 5336//7455 5327//7455 5328//7455
f 5336//7456 5328//7456 5337//7456
f 5337//7457 5328//7457 5329//7457
f 5337//7458 5329//7458 5338//7458
f 5338//7459 5329//7459 5330//7459
f 5338//7460 5330//7460 5339//7460
f 5339//7461 5330//7461 5331//7461
f 5339//7462 5331//7462 5340//7462
f 5340//7463 5331//7463 5332//7463
f 5340//7464 5332//7464 5341//7464
f 5341//7465 5332//7465 5333//7465
f 5341//7466 5333//7466 5342//7466
f 5342//7467 5333//7467 5334//7467
f 5342//7468 5334//7468 5343//7468
f 5343//7469 5334//7469 5335//7469
f 5343//7470 5335//7470 5344//7470
f 5344//7471 5335//7471 3909//7471
f 5344//7472 3909//7472 3908//7472
f 5345//7473 3926//7473 5336//7473
f 5345//7474 5336//7474 5346//7474
f 5346//7475 5336//7475 5337//7475
f 5346//7476 5337//7476 5347//7476
f 5347//7477 5337//7477 5338//7477
f 5347//7478 5338//7478 5348//7478
f 5348//7479 5338//7479 5339//7479
f 5348//7480 5339//7480 5349//7480
f 5349//7481 5339//7481 5340//7481
f 5349//7482 5340//7482 5350//7482
f 5350//7483 5340//7483 5341//7483
f 5350//7484 5341//7484 5351//7484
f 5351//7485 5341//7485 5342//7485
f 5351//7486 5342//7486 5352//7486
f 5352//7487 5342//7487 5343//7487
f 5352//7488 5343//7488 5353//7488
f 5353//7489 5343//7489 5344//7489
f 5353//7490 5344//7490 5354//7490
f 5354//7491 5344//7491 3908//7491
f 5354//7492 3908//7492 3907//7492
f 5355//7493 5347//7493 5348//7493
f 5355//7494 5348//7494 5356//7494
f 5356//7495 5348//7495 5349//7495
f 5356//7496 5349//7496 5357//7496
f 5357//7497 5349//7497 5350//7497
f 5357//7498 5350//7498 5358//7498
f 5358//7499 5350//7499 5351//7499
f 5358//7500 5351//7500 5359//7500
f 5359//7501 5351//7501 5352//7501
f 5359//7502 5352//7502 5360//7502
f 5360//7503 5352//7503 5353//7503
f 5360//7504 5353//7504 5361//7504
f 5361//7505 5353//7505 5354//7505
f 5361//7506 5354//7506 5362//7506
f 5362//7507 5354//7507 3907//7507
f 5362//7508 3907//7508 3906//7508
f 5363//7509 5356//7509 5357//7509
f 5363//7510 5357//7510 5364//7510
f 5364//7511 5357//7511 5358//7511
f 5364//7512 5358//7512 5365//7512
f 5365//7513 5358//7513 5359//7513
f 5365//7514 5359//7514 5366//7514
f 5366//7515 5359//7515 5360//7515
f 5366//7516 5360//7516 5367//7516
f 5367//7517 5360//7517 5361//7517
f 5367//7518 5361//7518 5368//7518
f 5368//7519 5361//7519 5362//7519
f 5368//7520 5362//7520 5369//7520
f 5369//7521 5362//7521 3906//7521
f 5369//7522 3906//7522 3905//7522
f 5370//7523 5364//7523 5365//7523
f 5370//7524 5365//7524 5371//7524
f 5371//7525 5365//7525 5366//7525
f 5371//7526 5366//7526 5372//7526
f 5372//7527 5366//7527 5367//7527
f 5372//7528 5367//7528 5373//7528
f 5373//7529 5367//7529 5368//7529
f 5373//7530 5368//7530 5374//7530
f 5374//7531 5368//7531 5369//7531
f 5374//7532 5369//7532 5375//7532
f 5375//7533 5369//7533 3905//7533
f 5375//7534 3905//7534 3904//7534
f 5376//7535 5371//7535 5372//7535
f 5376//7536 5372//7536 5377//7536
f 5377//7537 5372//7537 5373//7537
f 5377//7538 5373//7538 5378//7538
f 5378//7539 5373//7539 5374//7539
f 5378//7540 5374//7540 5379//7540
f 5379//7541 5374//7541 5375//7541
f 5379//7542 5375//7542 5380//7542
f 5380//7543 5375//7543 3904//7543
f 5380//7544 3904//7544 3668//7544
f 3604//7545 3732//7545 5381//7545
f 3604//7546 5381//7546 5382//7546
f 5382//7547 5381//7547 5383//7547
f 5382//7547 5383//7547 5384//7547
f 5384//7547 5383//7547 5385//7547
f 5384//7548 5385//7548 5386//7548
f 5386//7549 5385//7549 5387//7549
f 5386//7549 5387//7549 5388//7549
f 5388//7550 5387//7550 5389//7550
f 5388//7551 5389//7551 5390//7551
f 5390//7552 5389//7552 5391//7552
f 5390//7553 5391//7553 5392//7553
f 5392//7554 5391//7554 5393//7554
f 5392//7555 5393//7555 5394//7555
f 5394//7556 5393//7556 5395//7556
f 5394//7557 5395//7557 5396//7557
f 5396//7558 5395//7558 5397//7558
f 5396//7559 5397//7559 5398//7559
f 5398//7560 5397//7560 3729//7560
f 5398//7561 3729//7561 3606//7561
f 3685//7562 3684//7562 5399//7562
f 3685//7563 5399//7563 5200//7563
f 5200//7564 5399//7564 5400//7564
f 5200//7565 5400//7565 5202//7565
f 5202//7566 5400//7566 5401//7566
f 5202//7567 5401//7567 5204//7567
f 5204//7568 5401//7568 5402//7568
f 5204//7569 5402//7569 5206//7569
f 5206//7570 5402//7570 5403//7570
f 5206//7571 5403//7571 5208//7571
f 5208//7572 5403//7572 5404//7572
f 5208//7573 5404//7573 5210//7573
f 5210//7574 5404//7574 5405//7574
f 5210//7575 5405//7575 5212//7575
f 5212//7576 5405//7576 5406//7576
f 5212//7577 5406//7577 5214//7577
f 5214//7578 5406//7578 5407//7578
f 5214//7579 5407//7579 5216//7579
f 5216//7580 5407//7580 3687//7580
f 5216//7581 3687//7581 3686//7581
f 5377//7582 5378//7582 5408//7582
f 5377//7583 5408//7583 5409//7583
f 5378//7584 5379//7584 5410//7584
f 5378//7585 5410//7585 5408//7585
f 5379//7586 5380//7586 5411//7586
f 5379//7587 5411//7587 5410//7587
f 5380//7588 3668//7588 3670//7588
f 5380//7589 3670//7589 5411//7589
f 3632//7590 5034//7590 3670//7590
f 3632//7591 3670//7591 3633//7591
f 5034//7592 5036//7592 5411//7592
f 5034//7593 5411//7593 3670//7593
f 5036//7594 5038//7594 5410//7594
f 5036//7595 5410//7595 5411//7595
f 5038//7596 5040//7596 5408//7596
f 5038//7597 5408//7597 5410//7597
f 5040//7598 5042//7598 5409//7598
f 5040//7599 5409//7599 5408//7599
f 3604//7600 5382//7600 5191//7600
f 3604//7601 5191//7601 3605//7601
f 5382//7602 5384//7602 5192//7602
f 5382//7603 5192//7603 5191//7603
f 5384//7602 5386//7602 5193//7602
f 5384//7604 5193//7604 5192//7604
f 5386//7605 5388//7605 5194//7605
f 5386//7606 5194//7606 5193//7606
f 5388//7607 5390//7607 5195//7607
f 5388//7608 5195//7608 5194//7608
f 5390//7609 5392//7609 5196//7609
f 5390//7610 5196//7610 5195//7610
f 5392//7611 5394//7611 5197//7611
f 5392//7612 5197//7612 5196//7612
f 5394//7613 5396//7613 5198//7613
f 5394//7614 5198//7614 5197//7614
f 5396//7615 5398//7615 5199//7615
f 5396//7616 5199//7616 5198//7616
f 5398//7617 3606//7617 3609//7617
f 5398//7618 3609//7618 5199//7618
f 5412//7619 5413//7619 5414//7619
f 5412//7620 5414//7620 5415//7620
f 5413//7621 5416//7621 5417//7621
f 5413//7622 5417//7622 5414//7622
f 5416//7623 5418//7623 5419//7623
f 5416//7624 5419//7624 5417//7624
f 5418//7625 5420//7625 5421//7625
f 5418//7626 5421//7626 5419//7626
f 5420//7627 5422//7627 5423//7627
f 5420//7628 5423//7628 5421//7628
f 5422//7629 4795//7629 3634//7629
f 5422//7630 3634//7630 5423//7630
f 5424//7631 5425//7631 5416//7631
f 5424//7632 5416//7632 5413//7632
f 5425//7633 5426//7633 5418//7633
f 5425//7634 5418//7634 5416//7634
f 5426//7635 5427//7635 5420//7635
f 5426//7636 5420//7636 5418//7636
f 5427//7637 5428//7637 5422//7637
f 5427//7638 5422//7638 5420//7638
f 5428//7639 4794//7639 4795//7639
f 5428//7640 4795//7640 5422//7640
f 5429//7641 5430//7641 5427//7641
f 5429//7642 5427//7642 5426//7642
f 5430//7643 5431//7643 5428//7643
f 5430//7644 5428//7644 5427//7644
f 5431//7645 4793//7645 4794//7645
f 5431//7646 4794//7646 5428//7646
f 5432//7647 5433//7647 5431//7647
f 5432//7648 5431//7648 5430//7648
f 5433//7649 4792//7649 4793//7649
f 5433//7650 4793//7650 5431//7650
f 5434//7651 5435//7651 5433//7651
f 5434//7652 5433//7652 5432//7652
f 5435//7653 4791//7653 4792//7653
f 5435//7654 4792//7654 5433//7654
f 5436//7655 5437//7655 5435//7655
f 5436//7656 5435//7656 5434//7656
f 5437//7657 4790//7657 4791//7657
f 5437//7658 4791//7658 5435//7658
f 5438//7659 4789//7659 4790//7659
f 5438//7660 4790//7660 5437//7660
f 4814//7661 5439//7661 5440//7661
f 4814//7662 5440//7662 4816//7662
f 5439//7663 5441//7663 5442//7663
f 5439//7664 5442//7664 5440//7664
f 4812//7665 5443//7665 5439//7665
f 4812//7666 5439//7666 4814//7666
f 5443//7667 5444//7667 5441//7667
f 5443//7668 5441//7668 5439//7668
f 5444//7669 5445//7669 5446//7669
f 5444//7670 5446//7670 5441//7670
f 5445//7671 5447//7671 5448//7671
f 5445//7672 5448//7672 5446//7672
f 5447//7673 5449//7673 5450//7673
f 5447//7674 5450//7674 5448//7674
f 4810//7675 5451//7675 5443//7675
f 4810//7676 5443//7676 4812//7676
f 5451//7677 5452//7677 5444//7677
f 5451//7678 5444//7678 5443//7678
f 5452//7679 5453//7679 5445//7679
f 5452//7680 5445//7680 5444//7680
f 5453//7681 5454//7681 5447//7681
f 5453//7682 5447//7682 5445//7682
f 5454//7683 5455//7683 5449//7683
f 5454//7684 5449//7684 5447//7684
f 5455//7685 5456//7685 5457//7685
f 5455//7686 5457//7686 5449//7686
f 5456//7687 5458//7687 5459//7687
f 5456//7688 5459//7688 5457//7688
f 4808//7689 5460//7689 5451//7689
f 4808//7690 5451//7690 4810//7690
f 5460//7691 5461//7691 5452//7691
f 5460//7692 5452//7692 5451//7692
f 5461//7693 5462//7693 5453//7693
f 5461//7694 5453//7694 5452//7694
f 5462//7695 5463//7695 5454//7695
f 5462//7696 5454//7696 5453//7696
f 5463//7697 5464//7697 5455//7697
f 5463//7698 5455//7698 5454//7698
f 5464//7699 5465//7699 5456//7699
f 5464//7700 5456//7700 5455//7700
f 5465//7701 5466//7701 5458//7701
f 5465//7702 5458//7702 5456//7702
f 5466//7703 5467//7703 5468//7703
f 5466//7704 5468//7704 5458//7704
f 4806//7705 5469//7705 5460//7705
f 4806//7706 5460//7706 4808//7706
f 5469//7707 5470//7707 5461//7707
f 5469//7708 5461//7708 5460//7708
f 5470//7709 5471//7709 5462//7709
f 5470//7710 5462//7710 5461//7710
f 5471//7711 5472//7711 5463//7711
f 5471//7712 5463//7712 5462//7712
f 5472//7713 5473//7713 5464//7713
f 5472//7714 5464//7714 5463//7714
f 5473//7715 5474//7715 5465//7715
f 5473//7716 5465//7716 5464//7716
f 5474//7717 5475//7717 5466//7717
f 5474//7718 5466//7718 5465//7718
f 5475//7719 5476//7719 5467//7719
f 5475//7720 5467//7720 5466//7720
f 5476//7721 5477//7721 5478//7721
f 5476//7722 5478//7722 5467//7722
f 4804//7723 5479//7723 5469//7723
f 4804//7724 5469//7724 4806//7724
f 5479//7725 5480//7725 5470//7725
f 5479//7726 5470//7726 5469//7726
f 5480//7727 5481//7727 5471//7727
f 5480//7728 5471//7728 5470//7728
f 5481//7729 5482//7729 5472//7729
f 5481//7730 5472//7730 5471//7730
f 5482//7731 5483//7731 5473//7731
f 5482//7732 5473//7732 5472//7732
f 5483//7733 5484//7733 5474//7733
f 5483//7734 5474//7734 5473//7734
f 5484//7735 5485//7735 5475//7735
f 5484//7736 5475//7736 5474//7736
f 5485//7737 5486//7737 5476//7737
f 5485//7738 5476//7738 5475//7738
f 5486//7739 5487//7739 5477//7739
f 5486//7740 5477//7740 5476//7740
f 4802//7741 5488//7741 5479//7741
f 4802//7742 5479//7742 4804//7742
f 5488//7743 5489//7743 5480//7743
f 5488//7744 5480//7744 5479//7744
f 5489//7745 5490//7745 5481//7745
f 5489//7746 5481//7746 5480//7746
f 5490//7747 5491//7747 5482//7747
f 5490//7748 5482//7748 5481//7748
f 5491//7749 5492//7749 5483//7749
f 5491//7750 5483//7750 5482//7750
f 5492//7751 5493//7751 5484//7751
f 5492//7752 5484//7752 5483//7752
f 5493//7753 5494//7753 5485//7753
f 5493//7754 5485//7754 5484//7754
f 5494//7755 5495//7755 5486//7755
f 5494//7756 5486//7756 5485//7756
f 5495//7757 5496//7757 5487//7757
f 5495//7758 5487//7758 5486//7758
f 4800//7759 5497//7759 5488//7759
f 4800//7760 5488//7760 4802//7760
f 5497//7761 5498//7761 5489//7761
f 5497//7762 5489//7762 5488//7762
f 5498//7763 5499//7763 5490//7763
f 5498//7764 5490//7764 5489//7764
f 5499//7765 5500//7765 5491//7765
f 5499//7766 5491//7766 5490//7766
f 5500//7767 5501//7767 5492//7767
f 5500//7768 5492//7768 5491//7768
f 5501//7769 5502//7769 5493//7769
f 5501//7770 5493//7770 5492//7770
f 5502//7771 5503//7771 5494//7771
f 5502//7772 5494//7772 5493//7772
f 5503//7773 5504//7773 5495//7773
f 5503//7774 5495//7774 5494//7774
f 4798//7775 5505//7775 5497//7775
f 4798//7776 5497//7776 4800//7776
f 5505//7777 5506//7777 5498//7777
f 5505//7778 5498//7778 5497//7778
f 5506//7779 5507//7779 5499//7779
f 5506//7780 5499//7780 5498//7780
f 5507//7781 5508//7781 5500//7781
f 5507//7782 5500//7782 5499//7782
f 5508//7783 5509//7783 5501//7783
f 5508//7784 5501//7784 5500//7784
f 5509//7785 5510//7785 5502//7785
f 5509//7786 5502//7786 5501//7786
f 5510//7787 5511//7787 5503//7787
f 5510//7788 5503//7788 5502//7788
f 5511//7789 5512//7789 5504//7789
f 5511//7790 5504//7790 5503//7790
f 4796//7791 5513//7791 5505//7791
f 4796//7792 5505//7792 4798//7792
f 5513//7793 5514//7793 5506//7793
f 5513//7794 5506//7794 5505//7794
f 5514//7795 5515//7795 5507//7795
f 5514//7796 5507//7796 5506//7796
f 5515//7797 5516//7797 5508//7797
f 5515//7798 5508//7798 5507//7798
f 5516//7799 5517//7799 5509//7799
f 5516//7800 5509//7800 5508//7800
f 5517//7801 5518//7801 5510//7801
f 5517//7802 5510//7802 5509//7802
f 5518//7803 5519//7803 5511//7803
f 5518//7804 5511//7804 5510//7804
f 5519//7805 5520//7805 5512//7805
f 5519//7806 5512//7806 5511//7806
f 3608//7807 5521//7807 5513//7807
f 3608//7808 5513//7808 4796//7808
f 5521//7809 5522//7809 5514//7809
f 5521//7810 5514//7810 5513//7810
f 5522//7811 5523//7811 5515//7811
f 5522//7812 5515//7812 5514//7812
f 5523//7813 5524//7813 5516//7813
f 5523//7814 5516//7814 5515//7814
f 5524//7815 5525//7815 5517//7815
f 5524//7816 5517//7816 5516//7816
f 5525//7817 5526//7817 5518//7817
f 5525//7818 5518//7818 5517//7818
f 5526//7819 5527//7819 5519//7819
f 5526//7820 5519//7820 5518//7820
f 5527//7821 5528//7821 5520//7821
f 5527//7822 5520//7822 5519//7822
f 3988//7823 3681//7823 5529//7823
f 3988//7824 5529//7824 5530//7824
f 5530//7825 5529//7825 5531//7825
f 5530//7826 5531//7826 5532//7826
f 5532//7827 5531//7827 5533//7827
f 5532//7828 5533//7828 5534//7828
f 5534//7829 5533//7829 5535//7829
f 5534//7830 5535//7830 5536//7830
f 5536//7831 5535//7831 5537//7831
f 5536//7832 5537//7832 5538//7832
f 5538//7833 5537//7833 5539//7833
f 5538//7834 5539//7834 5540//7834
f 5540//7835 5539//7835 5541//7835
f 5540//7836 5541//7836 5542//7836
f 5542//7837 5541//7837 5543//7837
f 5542//7838 5543//7838 5544//7838
f 5544//7839 5543//7839 5545//7839
f 5544//7840 5545//7840 5546//7840
f 5546//7841 5545//7841 3682//7841
f 5546//7842 3682//7842 3949//7842
f 3986//7843 3988//7843 5530//7843
f 3986//7844 5530//7844 5547//7844
f 5547//7845 5530//7845 5532//7845
f 5547//7846 5532//7846 5548//7846
f 5548//7847 5532//7847 5534//7847
f 5548//7848 5534//7848 5549//7848
f 5549//7849 5534//7849 5536//7849
f 5549//7850 5536//7850 5550//7850
f 5550//7851 5536//7851 5538//7851
f 5550//7852 5538//7852 5551//7852
f 5551//7853 5538//7853 5540//7853
f 5551//7854 5540//7854 5552//7854
f 5552//7855 5540//7855 5542//7855
f 5552//7856 5542//7856 5553//7856
f 5553//7857 5542//7857 5544//7857
f 5553//7858 5544//7858 5554//7858
f 5554//7859 5544//7859 5546//7859
f 5554//7860 5546//7860 5555//7860
f 5555//7861 5546//7861 3949//7861
f 5555//7862 3949//7862 3947//7862
f 3984//7863 3986//7863 5547//7863
f 3984//7864 5547//7864 5556//7864
f 5556//7865 5547//7865 5548//7865
f 5556//7866 5548//7866 5557//7866
f 5557//7867 5548//7867 5549//7867
f 5557//7868 5549//7868 5558//7868
f 5558//7869 5549//7869 5550//7869
f 5558//7870 5550//7870 5559//7870
f 5559//7871 5550//7871 5551//7871
f 5559//7872 5551//7872 5560//7872
f 5560//7873 5551//7873 5552//7873
f 5560//7874 5552//7874 5561//7874
f 5561//7875 5552//7875 5553//7875
f 5561//7876 5553//7876 5562//7876
f 5562//7877 5553//7877 5554//7877
f 5562//7878 5554//7878 5563//7878
f 5563//7879 5554//7879 5555//7879
f 5563//7880 5555//7880 5564//7880
f 5564//7881 5555//7881 3947//7881
f 5564//7882 3947//7882 3945//7882
f 3982//7883 3984//7883 5556//7883
f 3982//7884 5556//7884 5565//7884
f 5565//7885 5556//7885 5557//7885
f 5565//7886 5557//7886 5566//7886
f 5566//7887 5557//7887 5558//7887
f 5566//7888 5558//7888 5567//7888
f 5567//7889 5558//7889 5559//7889
f 5567//7890 5559//7890 5568//7890
f 5568//7891 5559//7891 5560//7891
f 5568//7892 5560//7892 5569//7892
f 5569//7893 5560//7893 5561//7893
f 5569//7894 5561//7894 5570//7894
f 5570//7895 5561//7895 5562//7895
f 5570//7896 5562//7896 5571//7896
f 5571//7897 5562//7897 5563//7897
f 5571//7898 5563//7898 5572//7898
f 5572//7899 5563//7899 5564//7899
f 5572//7900 5564//7900 5573//7900
f 5573//7901 5564//7901 3945//7901
f 5573//7902 3945//7902 3943//7902
f 3980//7903 3982//7903 5565//7903
f 3980//7904 5565//7904 5574//7904
f 5574//7905 5565//7905 5566//7905
f 5574//7906 5566//7906 5575//7906
f 5575//7907 5566//7907 5567//7907
f 5575//7908 5567//7908 5576//7908
f 5576//7909 5567//7909 5568//7909
f 5576//7910 5568//7910 5577//7910
f 5577//7911 5568//7911 5569//7911
f 5577//7912 5569//7912 5578//7912
f 5578//7913 5569//7913 5570//7913
f 5578//7914 5570//7914 5579//7914
f 5579//7915 5570//7915 5571//7915
f 5579//7916 5571//7916 5580//7916
f 5580//7917 5571//7917 5572//7917
f 5580//7918 5572//7918 5581//7918
f 5581//7919 5572//7919 5573//7919
f 5581//7920 5573//7920 5582//7920
f 5582//7921 5573//7921 3943//7921
f 5582//7922 3943//7922 3941//7922
f 3978//7923 3980//7923 5574//7923
f 3978//7924 5574//7924 5583//7924
f 5583//7925 5574//7925 5575//7925
f 5583//7926 5575//7926 5584//7926
f 5584//7927 5575//7927 5576//7927
f 5584//7928 5576//7928 5585//7928
f 5585//7929 5576//7929 5577//7929
f 5585//7930 5577//7930 5586//7930
f 5586//7931 5577//7931 5578//7931
f 5586//7932 5578//7932 5587//7932
f 5587//7933 5578//7933 5579//7933
f 5587//7934 5579//7934 5588//7934
f 5588//7935 5579//7935 5580//7935
f 5588//7936 5580//7936 5589//7936
f 5589//7937 5580//7937 5581//7937
f 5589//7938 5581//7938 5590//7938
f 5590//7939 5581//7939 5582//7939
f 5590//7940 5582//7940 5591//7940
f 5591//7941 5582//7941 3941//7941
f 5591//7942 3941//7942 3939//7942
f 3976//7943 3978//7943 5583//7943
f 3976//7944 5583//7944 5592//7944
f 5592//7945 5583//7945 5584//7945
f 5592//7946 5584//7946 5593//7946
f 5593//7947 5584//7947 5585//7947
f 5593//7948 5585//7948 5594//7948
f 5594//7949 5585//7949 5586//7949
f 5594//7950 5586//7950 5595//7950
f 5595//7951 5586//7951 5587//7951
f 5595//7952 5587//7952 5596//7952
f 5596//7953 5587//7953 5588//7953
f 5596//7954 5588//7954 5597//7954
f 5597//7955 5588//7955 5589//7955
f 5597//7956 5589//7956 5598//7956
f 5598//7957 5589//7957 5590//7957
f 5598//7958 5590//7958 5599//7958
f 5599//7959 5590//7959 5591//7959
f 5599//7960 5591//7960 5600//7960
f 5600//7961 5591//7961 3939//7961
f 5600//7962 3939//7962 3937//7962
f 3974//7963 3976//7963 5592//7963
f 3974//7964 5592//7964 5601//7964
f 5601//7965 5592//7965 5593//7965
f 5601//7966 5593//7966 5602//7966
f 5602//7967 5593//7967 5594//7967
f 5602//7968 5594//7968 5603//7968
f 5603//7969 5594//7969 5595//7969
f 5603//7970 5595//7970 5604//7970
f 5604//7971 5595//7971 5596//7971
f 5604//7972 5596//7972 5605//7972
f 5605//7973 5596//7973 5597//7973
f 5605//7974 5597//7974 5606//7974
f 5606//7975 5597//7975 5598//7975
f 5606//7976 5598//7976 5607//7976
f 5607//7977 5598//7977 5599//7977
f 5607//7978 5599//7978 5608//7978
f 5608//7979 5599//7979 5600//7979
f 5608//7980 5600//7980 5609//7980
f 5609//7981 5600//7981 3937//7981
f 5609//7982 3937//7982 3935//7982
f 3972//7983 3974//7983 5601//7983
f 3972//7984 5601//7984 5610//7984
f 5610//7985 5601//7985 5602//7985
f 5610//7986 5602//7986 5611//7986
f 5611//7987 5602//7987 5603//7987
f 5611//7988 5603//7988 5612//7988
f 5612//7989 5603//7989 5604//7989
f 5612//7990 5604//7990 5613//7990
f 5613//7991 5604//7991 5605//7991
f 5613//7992 5605//7992 5614//7992
f 5614//7993 5605//7993 5606//7993
f 5614//7994 5606//7994 5615//7994
f 5615//7995 5606//7995 5607//7995
f 5615//7996 5607//7996 5616//7996
f 5616//7997 5607//7997 5608//7997
f 5616//7998 5608//7998 5617//7998
f 5617//7999 5608//7999 5609//7999
f 5617//8000 5609//8000 5618//8000
f 5618//8001 5609//8001 3935//8001
f 5618//8002 3935//8002 3933//8002
f 3970//8003 3972//8003 5610//8003
f 3970//8004 5610//8004 5619//8004
f 5619//8005 5610//8005 5611//8005
f 5619//8006 5611//8006 5620//8006
f 5620//8007 5611//8007 5612//8007
f 5620//8008 5612//8008 5621//8008
f 5621//8009 5612//8009 5613//8009
f 5621//8010 5613//8010 5622//8010
f 5622//8011 5613//8011 5614//8011
f 5622//8012 5614//8012 5623//8012
f 5623//8013 5614//8013 5615//8013
f 5623//8014 5615//8014 5624//8014
f 5624//8015 5615//8015 5616//8015
f 5624//8016 5616//8016 5625//8016
f 5625//8017 5616//8017 5617//8017
f 5625//8018 5617//8018 5626//8018
f 5626//8019 5617//8019 5618//8019
f 5626//8020 5618//8020 5627//8020
f 5627//8021 5618//8021 3933//8021
f 5627//8022 3933//8022 3931//8022
f 3968//8023 3970//8023 5619//8023
f 3968//8024 5619//8024 5628//8024
f 5628//8025 5619//8025 5620//8025
f 5628//8026 5620//8026 5629//8026
f 5629//8027 5620//8027 5621//8027
f 5629//8028 5621//8028 5630//8028
f 5630//8029 5621//8029 5622//8029
f 5630//8030 5622//8030 5631//8030
f 5631//8031 5622//8031 5623//8031
f 5631//8032 5623//8032 5632//8032
f 5632//8033 5623//8033 5624//8033
f 5632//8034 5624//8034 5633//8034
f 5633//8035 5624//8035 5625//8035
f 5633//8036 5625//8036 5634//8036
f 5634//8037 5625//8037 5626//8037
f 5634//8038 5626//8038 5635//8038
f 5635//8039 5626//8039 5627//8039
f 5635//8040 5627//8040 5636//8040
f 5636//8041 5627//8041 3931//8041
f 5636//8042 3931//8042 3928//8042
f 3966//8043 3968//8043 5628//8043
f 3966//8044 5628//8044 5637//8044
f 5637//8045 5628//8045 5629//8045
f 5637//8046 5629//8046 5638//8046
f 5638//8047 5629//8047 5630//8047
f 5638//8048 5630//8048 5639//8048
f 5639//8049 5630//8049 5631//8049
f 5639//8050 5631//8050 5640//8050
f 5640//8051 5631//8051 5632//8051
f 5640//8052 5632//8052 5641//8052
f 5641//8053 5632//8053 5633//8053
f 5641//8054 5633//8054 5642//8054
f 5642//8055 5633//8055 5634//8055
f 5642//8056 5634//8056 5643//8056
f 5643//8057 5634//8057 5635//8057
f 5643//8058 5635//8058 5644//8058
f 5644//8059 5635//8059 5636//8059
f 5644//8060 5636//8060 5645//8060
f 5645//8061 5636//8061 3928//8061
f 5645//8062 3928//8062 3927//8062
f 3964//8063 3966//8063 5637//8063
f 3964//8064 5637//8064 5646//8064
f 5646//8065 5637//8065 5638//8065
f 5646//8066 5638//8066 5647//8066
f 5647//8067 5638//8067 5639//8067
f 5647//8068 5639//8068 5648//8068
f 5648//8069 5639//8069 5640//8069
f 5648//8070 5640//8070 5649//8070
f 5649//8071 5640//8071 5641//8071
f 5649//8072 5641//8072 5650//8072
f 5650//8073 5641//8073 5642//8073
f 5650//8074 5642//8074 5651//8074
f 5651//8075 5642//8075 5643//8075
f 5651//8076 5643//8076 5652//8076
f 5652//8077 5643//8077 5644//8077
f 5652//8078 5644//8078 5653//8078
f 3962//8079 3964//8079 5646//8079
f 3962//8080 5646//8080 5654//8080
f 5654//8081 5646//8081 5647//8081
f 5654//8082 5647//8082 5655//8082
f 5655//8083 5647//8083 5648//8083
f 5655//8084 5648//8084 5656//8084
f 5656//8085 5648//8085 5649//8085
f 5656//8086 5649//8086 5657//8086
f 5657//8087 5649//8087 5650//8087
f 5657//8088 5650//8088 5658//8088
f 5658//8089 5650//8089 5651//8089
f 5658//8090 5651//8090 5659//8090
f 5659//8091 5651//8091 5652//8091
f 5659//8092 5652//8092 5660//8092
f 3960//8093 3962//8093 5654//8093
f 3960//8094 5654//8094 5661//8094
f 5661//8095 5654//8095 5655//8095
f 5661//8096 5655//8096 5662//8096
f 5662//8097 5655//8097 5656//8097
f 5662//8098 5656//8098 5663//8098
f 5663//8099 5656//8099 5657//8099
f 5663//8100 5657//8100 5664//8100
f 5664//8101 5657//8101 5658//8101
f 5664//8102 5658//8102 5665//8102
f 3958//8103 3960//8103 5661//8103
f 3958//8104 5661//8104 5666//8104
f 5666//8105 5661//8105 5662//8105
f 5666//8106 5662//8106 5667//8106
f 5667//8107 5662//8107 5663//8107
f 5667//8108 5663//8108 5668//8108
f 3956//8109 3958//8109 5666//8109
f 3956//8110 5666//8110 5669//8110
f 5669//8111 5666//8111 5667//8111
f 5669//8112 5667//8112 5670//8112
f 3954//8113 3956//8113 5669//8113
f 3954//8114 5669//8114 5671//8114
f 5671//8115 5669//8115 5670//8115
f 5671//8116 5670//8116 5672//8116
f 3952//8117 3954//8117 5671//8117
f 3952//8118 5671//8118 5673//8118
f 5673//8119 5671//8119 5672//8119
f 5673//8120 5672//8120 5674//8120
f 3667//8121 3952//8121 5673//8121
f 3667//8121 5673//8121 5675//8121
f 5675//8122 5673//8122 5674//8122
f 5675//8123 5674//8123 5676//8123
f 5676//8124 5674//8124 5677//8124
f 5676//8125 5677//8125 5678//8125
f 3607//8126 3730//8126 5679//8126
f 3607//8127 5679//8127 5680//8127
f 5680//8128 5679//8128 5681//8128
f 5680//8129 5681//8129 5682//8129
f 5682//8130 5681//8130 5683//8130
f 5682//8131 5683//8131 5684//8131
f 5684//8132 5683//8132 5685//8132
f 5684//8133 5685//8133 5686//8133
f 5686//8134 5685//8134 5687//8134
f 5686//8135 5687//8135 5688//8135
f 5688//8136 5687//8136 5689//8136
f 5688//8137 5689//8137 5690//8137
f 5690//8138 5689//8138 5691//8138
f 5690//8139 5691//8139 5692//8139
f 3681//8140 3680//8140 5693//8140
f 3681//8141 5693//8141 5529//8141
f 5529//8142 5693//8142 5694//8142
f 5529//8143 5694//8143 5531//8143
f 5531//8144 5694//8144 5695//8144
f 5531//8145 5695//8145 5533//8145
f 5533//8146 5695//8146 5696//8146
f 5533//8147 5696//8147 5535//8147
f 5535//8148 5696//8148 5697//8148
f 5535//8149 5697//8149 5537//8149
f 5537//8150 5697//8150 5698//8150
f 5537//8151 5698//8151 5539//8151
f 5539//8152 5698//8152 5699//8152
f 5539//8153 5699//8153 5541//8153
f 5541//8154 5699//8154 5700//8154
f 5541//8155 5700//8155 5543//8155
f 5543//8156 5700//8156 5701//8156
f 5543//8157 5701//8157 5545//8157
f 5545//8158 5701//8158 3683//8158
f 5545//8159 3683//8159 3682//8159
f 3667//8160 5675//8160 3637//8160
f 3667//8161 3637//8161 3636//8161
f 5675//8162 5676//8162 5702//8162
f 5675//8163 5702//8163 3637//8163
f 5676//8164 5678//8164 5703//8164
f 5676//8165 5703//8165 5702//8165
f 5678//8166 5704//8166 5705//8166
f 5678//8167 5705//8167 5703//8167
f 5704//8168 5706//8168 5707//8168
f 5704//8169 5707//8169 5705//8169
f 5708//8170 5415//8170 5709//8170
f 5708//8171 5709//8171 5710//8171
f 5415//8172 5414//8172 5711//8172
f 5415//8173 5711//8173 5709//8173
f 5414//8174 5417//8174 5707//8174
f 5414//8175 5707//8175 5711//8175
f 5417//8176 5419//8176 5705//8176
f 5417//8177 5705//8177 5707//8177
f 5419//8178 5421//8178 5703//8178
f 5419//8179 5703//8179 5705//8179
f 5421//8180 5423//8180 5702//8180
f 5421//8181 5702//8181 5703//8181
f 5423//8182 3634//8182 3637//8182
f 5423//8183 3637//8183 5702//8183
f 3607//8184 5680//8184 5521//8184
f 3607//8185 5521//8185 3608//8185
f 5680//8186 5682//8186 5522//8186
f 5680//8187 5522//8187 5521//8187
f 5682//8188 5684//8188 5523//8188
f 5682//8189 5523//8189 5522//8189
f 5684//8190 5686//8190 5524//8190
f 5684//8191 5524//8191 5523//8191
f 5686//8192 5688//8192 5525//8192
f 5686//8193 5525//8193 5524//8193
f 5688//8194 5690//8194 5526//8194
f 5688//8195 5526//8195 5525//8195
f 5690//8196 5692//8196 5527//8196
f 5690//8197 5527//8197 5526//8197
f 5692//8198 5712//8198 5528//8198
f 5692//8199 5528//8199 5527//8199
f 4082//8200 4092//8200 4076//8200
f 4112//8201 4069//8201 4076//8201
f 4112//8202 4076//8202 4092//8202
f 4114//8203 4061//8203 4069//8203
f 4114//8204 4069//8204 4112//8204
f 4116//8205 4050//8205 4061//8205
f 4116//8206 4061//8206 4114//8206
f 5713//8207 5714//8207 4050//8207
f 5713//8208 4050//8208 5031//8208
f 4115//8209 4452//8209 4427//8209
f 4425//8210 4424//8210 4115//8210
f 4425//8211 4115//8211 4427//8211
f 4061//8212 4050//8212 4060//8212
f 4116//8213 4115//8213 4424//8213
f 5715//8214 5030//8214 5716//8214
f 5717//8215 5714//8215 4050//8215
f 4116//8216 4050//8216 5718//8216
f 4050//8217 5717//8217 5718//8217
f 4003//8218 4024//8218 4004//8218
f 5717//8219 5719//8219 5714//8219
f 5720//8220 5716//8220 5715//8220
f 5720//8221 5715//8221 5721//8221
f 4485//8222 4484//8222 4465//8222
f 4485//8223 4465//8223 4466//8223
f 4487//8224 4486//8224 4467//8224
f 4487//8225 4467//8225 4468//8225
f 4447//8226 4468//8226 4467//8226
f 4447//8227 4467//8227 4446//8227
f 4777//8228 5722//8228 5723//8228
f 4777//8229 5723//8229 3640//8229
f 4775//8230 5724//8230 5722//8230
f 4775//8231 5722//8231 4777//8231
f 4773//8232 5725//8232 5724//8232
f 4773//8233 5724//8233 4775//8233
f 4771//8234 5726//8234 5725//8234
f 4771//8235 5725//8235 4773//8235
f 4769//8236 5727//8236 5726//8236
f 4769//8237 5726//8237 4771//8237
f 4767//8238 5728//8238 5727//8238
f 4767//8239 5727//8239 4769//8239
f 4765//8240 5729//8240 5728//8240
f 4765//8241 5728//8241 4767//8241
f 4763//8242 5730//8242 5729//8242
f 4763//8243 5729//8243 4765//8243
f 4761//8244 5731//8244 5730//8244
f 4761//8245 5730//8245 4763//8245
f 4759//8246 5732//8246 5731//8246
f 4759//8247 5731//8247 4761//8247
f 4757//8248 5733//8248 5732//8248
f 4757//8249 5732//8249 4759//8249
f 4755//8250 5734//8250 5733//8250
f 4755//8251 5733//8251 4757//8251
f 4753//8252 5735//8252 5734//8252
f 4753//8253 5734//8253 4755//8253
f 4751//8254 5736//8254 5735//8254
f 4751//8255 5735//8255 4753//8255
f 4749//8256 5737//8256 5736//8256
f 4749//8257 5736//8257 4751//8257
f 4747//8258 5738//8258 5737//8258
f 4747//8259 5737//8259 4749//8259
f 4745//8260 5739//8260 5738//8260
f 4745//8261 5738//8261 4747//8261
f 4744//8262 5740//8262 5739//8262
f 4744//8263 5739//8263 4745//8263
f 5741//8264 5742//8264 5740//8264
f 5741//8265 5740//8265 4744//8265
f 5743//8266 5744//8266 5742//8266
f 5743//8267 5742//8267 5741//8267
f 5745//8268 5746//8268 4023//8268
f 5745//8269 4023//8269 4022//8269
f 5747//8270 5745//8270 4022//8270
f 5747//8271 4022//8271 4021//8271
f 5748//8272 5747//8272 4021//8272
f 5748//8273 4021//8273 4020//8273
f 5749//8274 5748//8274 4020//8274
f 5749//8275 4020//8275 4019//8275
f 5750//8276 5749//8276 4019//8276
f 5750//8277 4019//8277 4018//8277
f 5751//8278 5750//8278 4018//8278
f 5751//8279 4018//8279 4017//8279
f 5752//8280 5751//8280 4017//8280
f 5752//8281 4017//8281 4016//8281
f 5753//8282 5752//8282 4016//8282
f 5753//8283 4016//8283 4015//8283
f 5754//8284 5753//8284 4015//8284
f 5754//8285 4015//8285 4014//8285
f 5755//8286 5754//8286 4014//8286
f 5755//8287 4014//8287 4013//8287
f 5756//8288 5755//8288 4013//8288
f 5756//8289 4013//8289 4012//8289
f 5757//8290 5756//8290 4012//8290
f 5757//8291 4012//8291 4011//8291
f 5758//8292 5757//8292 4011//8292
f 5758//8293 4011//8293 4010//8293
f 5759//8294 5758//8294 4010//8294
f 5759//8295 4010//8295 4009//8295
f 5760//8296 5759//8296 4009//8296
f 5760//8297 4009//8297 3663//8297
f 5760//8298 3663//8298 3665//8298
f 5760//8299 3665//8299 5761//8299
f 3640//8300 5723//8300 3665//8300
f 3640//8301 3665//8301 3641//8301
f 4025//8302 4023//8302 4005//8302
f 5762//8303 5760//8303 5761//8303
f 5762//8304 5761//8304 3645//8304
f 5762//8305 5763//8305 5759//8305
f 5762//8306 5759//8306 5760//8306
f 5763//8307 5764//8307 5758//8307
f 5763//8308 5758//8308 5759//8308
f 5764//8309 5765//8309 5757//8309
f 5764//8310 5757//8310 5758//8310
f 5765//8311 5766//8311 5756//8311
f 5765//8312 5756//8312 5757//8312
f 5766//8313 5767//8313 5755//8313
f 5766//8314 5755//8314 5756//8314
f 5767//8315 5768//8315 5754//8315
f 5767//8316 5754//8316 5755//8316
f 5768//8317 5769//8317 5753//8317
f 5768//8318 5753//8318 5754//8318
f 5769//8319 5770//8319 5752//8319
f 5769//8320 5752//8320 5753//8320
f 5770//8321 5771//8321 5751//8321
f 5770//8322 5751//8322 5752//8322
f 5771//8323 5772//8323 5750//8323
f 5771//8324 5750//8324 5751//8324
f 5772//8325 5773//8325 5749//8325
f 5772//8326 5749//8326 5750//8326
f 5773//8327 5774//8327 5748//8327
f 5773//8328 5748//8328 5749//8328
f 5774//8329 5775//8329 5748//8329
f 5775//8330 5747//8330 5748//8330
f 5722//8331 5776//8331 5777//8331
f 5722//8332 5777//8332 5723//8332
f 5724//8333 5778//8333 5776//8333
f 5724//8334 5776//8334 5722//8334
f 5725//8335 5779//8335 5778//8335
f 5725//8336 5778//8336 5724//8336
f 5726//8337 5780//8337 5779//8337
f 5726//8338 5779//8338 5725//8338
f 5727//8339 5781//8339 5780//8339
f 5727//8340 5780//8340 5726//8340
f 5728//8341 5782//8341 5781//8341
f 5728//8342 5781//8342 5727//8342
f 5729//8343 5783//8343 5782//8343
f 5729//8344 5782//8344 5728//8344
f 5730//8345 5784//8345 5783//8345
f 5730//8346 5783//8346 5729//8346
f 5731//8347 5785//8347 5784//8347
f 5731//8348 5784//8348 5730//8348
f 5732//8349 5786//8349 5785//8349
f 5732//8350 5785//8350 5731//8350
f 5733//8351 5787//8351 5786//8351
f 5733//8352 5786//8352 5732//8352
f 5734//8353 5788//8353 5787//8353
f 5734//8354 5787//8354 5733//8354
f 5735//8355 5789//8355 5788//8355
f 5735//8356 5788//8356 5734//8356
f 5736//8357 5790//8357 5789//8357
f 5736//8358 5789//8358 5735//8358
f 5737//8359 5791//8359 5790//8359
f 5737//8360 5790//8360 5736//8360
f 5738//8361 5792//8361 5791//8361
f 5738//8362 5791//8362 5737//8362
f 5739//8363 5793//8363 5792//8363
f 5739//8364 5792//8364 5738//8364
f 5740//8365 5794//8365 5793//8365
f 5740//8366 5793//8366 5739//8366
f 5742//8367 5795//8367 5794//8367
f 5742//8368 5794//8368 5740//8368
f 5744//8369 5796//8369 5795//8369
f 5744//8370 5795//8370 5742//8370
f 5723//8371 5777//8371 5761//8371
f 5723//8372 5761//8372 3665//8372
f 4051//8373 5030//8373 5775//8373
f 4051//8374 5775//8374 5774//8374
f 4049//8375 4051//8375 5774//8375
f 4049//8376 5774//8376 5773//8376
f 4047//8377 4049//8377 5773//8377
f 4047//8378 5773//8378 5772//8378
f 4045//8379 4047//8379 5772//8379
f 4045//8380 5772//8380 5771//8380
f 4043//8381 4045//8381 5771//8381
f 4043//8382 5771//8382 5770//8382
f 4041//8383 4043//8383 5770//8383
f 4041//8384 5770//8384 5769//8384
f 4039//8385 4041//8385 5769//8385
f 4039//8386 5769//8386 5768//8386
f 4037//8387 4039//8387 5768//8387
f 4037//8388 5768//8388 5767//8388
f 4035//8389 4037//8389 5767//8389
f 4035//8390 5767//8390 5766//8390
f 4033//8391 4035//8391 5766//8391
f 4033//8392 5766//8392 5765//8392
f 4031//8393 4033//8393 5765//8393
f 4031//8394 5765//8394 5764//8394
f 4029//8395 4031//8395 5764//8395
f 4029//8396 5764//8396 5763//8396
f 3662//8397 4029//8397 5763//8397
f 3662//8398 5763//8398 5762//8398
f 3662//8399 5762//8399 3645//8399
f 3662//8400 3645//8400 3644//8400
f 5776//8401 4742//8401 3642//8401
f 5776//8402 3642//8402 5777//8402
f 5778//8403 4741//8403 4742//8403
f 5778//8404 4742//8404 5776//8404
f 5779//8405 4740//8405 4741//8405
f 5779//8406 4741//8406 5778//8406
f 5780//8407 4739//8407 4740//8407
f 5780//8408 4740//8408 5779//8408
f 5781//8409 4738//8409 4739//8409
f 5781//8410 4739//8410 5780//8410
f 5782//8411 4737//8411 4738//8411
f 5782//6981 4738//6981 5781//6981
f 5783//8412 4736//8412 4737//8412
f 5783//8413 4737//8413 5782//8413
f 5784//8414 4735//8414 4736//8414
f 5784//8415 4736//8415 5783//8415
f 5785//8416 4734//8416 4735//8416
f 5785//8417 4735//8417 5784//8417
f 5786//8418 4733//8418 4734//8418
f 5786//8419 4734//8419 5785//8419
f 5787//8420 4732//8420 4733//8420
f 5787//8421 4733//8421 5786//8421
f 5788//8422 4731//8422 4732//8422
f 5788//8423 4732//8423 5787//8423
f 5789//8424 4730//8424 4731//8424
f 5789//8425 4731//8425 5788//8425
f 5790//8426 4729//8426 4730//8426
f 5790//8427 4730//8427 5789//8427
f 5791//8428 4728//8428 4729//8428
f 5791//8429 4729//8429 5790//8429
f 5792//8430 4727//8430 4728//8430
f 5792//8430 4728//8430 5791//8430
f 5793//8431 4726//8431 4727//8431
f 5793//8432 4727//8432 5792//8432
f 5794//8433 4725//8433 4726//8433
f 5794//8434 4726//8434 5793//8434
f 5795//8435 4724//8435 4725//8435
f 5795//8436 4725//8436 5794//8436
f 5796//8437 4723//8437 4724//8437
f 5796//8438 4724//8438 5795//8438
f 5777//8439 3642//8439 3645//8439
f 5777//8440 3645//8440 5761//8440
f 4025//8441 5797//8441 4026//8441
f 5798//8442 5719//8442 5799//8442
f 5799//8443 5800//8443 5721//8443
f 5721//8444 5715//8444 5801//8444
f 5802//8445 5803//8445 5798//8445
f 5721//8446 5801//8446 5802//8446
f 5798//8442 5799//8442 5721//8442
f 5721//8447 5802//8447 5798//8447
f 5804//8448 5745//8448 5747//8448
f 5747//8449 5715//8449 5805//8449
f 5805//1637 5806//1637 5804//1637
f 5747//8448 5805//8448 5804//8448
f 5745//8450 5807//8450 5746//8450
f 5715//8451 5747//8451 5775//8451
f 5715//8452 5775//8452 5030//8452
f 4004//8453 4024//8453 4023//8453
f 4004//8454 4023//8454 4005//8454
f 4023//8455 5746//8455 5808//8455
f 5808//8456 5797//8456 4025//8456
f 5808//8457 4025//8457 4023//8457
f 3896//8458 3895//8458 3899//8458
f 5809//8459 3727//8459 5743//8459
f 5809//8460 5743//8460 5810//8460
f 3728//8461 3727//8461 5809//8461
f 5345//8462 5811//8462 5812//8462
f 5813//8463 3923//8463 3926//8463
f 3926//8464 5345//8464 5812//8464
f 3926//8465 5812//8465 5813//8465
f 5814//8466 5815//8466 5317//8466
f 5317//8467 3925//8467 3924//8467
f 5317//8466 3924//8466 5814//8466
f 3927//8468 3930//8468 5317//8468
f 5317//8469 5815//8469 5816//8469
f 5317//8469 5816//8469 3927//8469
f 4180//8470 4183//8470 4182//8470
f 4181//8471 4180//8471 4182//8471
f 4402//8472 4404//8472 4434//8472
f 4433//8473 4402//8473 4434//8473
f 5810//8474 5743//8474 5741//8474
f 5810//8475 5741//8475 5817//8475
f 5817//8476 5741//8476 4744//8476
f 4744//8477 4743//8477 5818//8477
f 4744//8478 5818//8478 5817//8478
f 5818//8479 4743//8479 5819//8479
f 5819//8480 4743//8480 4746//8480
f 5819//8481 4746//8481 5820//8481
f 5820//8482 4746//8482 4748//8482
f 5820//8483 4748//8483 5821//8483
f 5821//8484 4748//8484 4750//8484
f 5821//8485 4750//8485 5822//8485
f 5822//8486 4750//8486 4752//8486
f 5822//8487 4752//8487 5823//8487
f 5823//8488 4752//8488 4754//8488
f 5823//8489 4754//8489 5824//8489
f 5824//8490 4754//8490 4756//8490
f 5824//8491 4756//8491 5825//8491
f 5825//8492 4756//8492 4758//8492
f 5825//8493 4758//8493 5826//8493
f 5826//8494 4758//8494 4760//8494
f 5826//8495 4760//8495 5827//8495
f 5827//8496 4760//8496 4762//8496
f 4762//8497 4779//8497 5828//8497
f 4762//8498 5828//8498 5827//8498
f 5828//8499 4779//8499 5829//8499
f 5830//8499 5829//8499 4779//8499
f 4779//8500 4780//8500 4788//8500
f 4779//8499 4788//8499 5830//8499
f 5831//8501 4819//8501 4818//8501
f 5831//8502 4818//8502 5832//8502
f 5042//8503 5041//8503 5833//8503
f 5042//8504 5833//8504 5834//8504
f 5041//8505 5047//8505 5835//8505
f 5041//8506 5835//8506 5833//8506
f 5047//8507 5052//8507 5059//8507
f 5059//8508 5836//8508 5835//8508
f 5059//8508 5835//8508 5047//8508
f 5059//8509 5837//8509 5836//8509
f 5059//8510 5058//8510 5838//8510
f 5059//8511 5838//8511 5837//8511
f 5058//8512 5065//8512 5073//8512
f 5073//8513 5839//8513 5838//8513
f 5073//8513 5838//8513 5058//8513
f 5073//8514 5840//8514 5839//8514
f 5073//8515 5072//8515 5841//8515
f 5073//8516 5841//8516 5840//8516
f 5842//8517 5841//8517 5072//8517
f 5072//8518 5080//8518 5089//8518
f 5072//8517 5089//8517 5842//8517
f 5842//8519 5089//8519 5091//8519
f 5842//8520 5091//8520 5843//8520
f 5091//8521 5844//8521 5843//8521
f 5831//8522 5844//8522 5091//8522
f 5091//8523 5090//8523 4819//8523
f 5091//8524 4819//8524 5831//8524
f 5345//8525 5346//8525 5845//8525
f 5345//8526 5845//8526 5811//8526
f 5845//8527 5346//8527 5347//8527
f 5347//8528 5355//8528 5846//8528
f 5347//8529 5846//8529 5845//8529
f 5355//8530 5847//8530 5846//8530
f 5848//8531 5847//8531 5355//8531
f 5355//8532 5356//8532 5363//8532
f 5355//8533 5363//8533 5848//8533
f 5363//8534 5849//8534 5848//8534
f 5849//8535 5363//8535 5364//8535
f 5364//8536 5370//8536 5850//8536
f 5364//8537 5850//8537 5849//8537
f 5370//8538 5851//8538 5850//8538
f 5852//8539 5851//8539 5370//8539
f 5370//8540 5371//8540 5376//8540
f 5370//8541 5376//8541 5852//8541
f 5376//8542 5853//8542 5852//8542
f 5853//8543 5376//8543 5377//8543
f 5377//8544 5409//8544 5854//8544
f 5377//8545 5854//8545 5853//8545
f 5854//8546 5409//8546 5042//8546
f 5854//8547 5042//8547 5834//8547
f 5855//8548 5856//8548 5857//8548
f 5708//8549 5857//8549 5856//8549
f 5708//8550 5856//8550 5858//8550
f 5859//8551 5412//8551 5415//8551
f 5415//8552 5708//8552 5858//8552
f 5415//8553 5858//8553 5859//8553
f 5860//8554 5412//8554 5859//8554
f 5861//8555 5424//8555 5413//8555
f 5413//8556 5412//8556 5860//8556
f 5413//8557 5860//8557 5861//8557
f 5862//8558 5424//8558 5861//8558
f 5863//8559 5425//8559 5424//8559
f 5863//8560 5424//8560 5862//8560
f 5864//8561 5429//8561 5426//8561
f 5426//8562 5425//8562 5863//8562
f 5426//8563 5863//8563 5864//8563
f 5865//8564 5429//8564 5864//8564
f 5866//8565 5432//8565 5430//8565
f 5430//8566 5429//8566 5865//8566
f 5430//8567 5865//8567 5866//8567
f 5867//8568 5434//8568 5432//8568
f 5867//8569 5432//8569 5866//8569
f 5868//8570 5436//8570 5434//8570
f 5868//8571 5434//8571 5867//8571
f 5869//8572 5436//8572 5868//8572
f 5870//8573 5438//8573 5437//8573
f 5437//8574 5436//8574 5869//8574
f 5437//8575 5869//8575 5870//8575
f 4818//8576 5871//8576 5832//8576
f 5872//8577 5438//8577 5870//8577
f 5873//8578 4788//8578 4789//8578
f 4789//8579 5438//8579 5872//8579
f 4789//8580 5872//8580 5873//8580
f 5871//8581 4818//8581 4816//8581
f 4816//8582 5440//8582 5874//8582
f 4816//8583 5874//8583 5871//8583
f 5874//8584 5440//8584 5442//8584
f 5874//8585 5442//8585 5875//8585
f 5442//8586 5876//8586 5875//8586
f 5830//8587 4788//8587 5873//8587
f 5877//8588 5876//8588 5442//8588
f 5442//8589 5441//8589 5446//8589
f 5442//8588 5446//8588 5877//8588
f 5877//8590 5446//8590 5448//8590
f 5877//8591 5448//8591 5878//8591
f 5878//8592 5448//8592 5450//8592
f 5878//8593 5450//8593 5879//8593
f 5450//1637 5880//1637 5879//1637
f 5881//8594 5880//8594 5450//8594
f 5450//8595 5449//8595 5457//8595
f 5450//8596 5457//8596 5881//8596
f 5881//8597 5457//8597 5459//8597
f 5881//8598 5459//8598 5882//8598
f 5459//8599 5883//8599 5882//8599
f 5884//8600 5883//8600 5459//8600
f 5459//7704 5458//7704 5468//7704
f 5459//8600 5468//8600 5884//8600
f 5468//8601 5885//8601 5884//8601
f 5886//8602 5885//8602 5468//8602
f 5468//8603 5467//8603 5478//8603
f 5468//8602 5478//8602 5886//8602
f 5478//8604 5887//8604 5886//8604
f 5478//8605 5477//8605 5888//8605
f 5478//8606 5888//8606 5887//8606
f 5477//8607 5487//8607 5889//8607
f 5477//8608 5889//8608 5888//8608
f 5889//8609 5487//8609 5496//8609
f 5889//7710 5496//7710 5890//7710
f 5495//8610 5504//8610 5891//8610
f 5891//8611 5892//8611 5496//8611
f 5891//8612 5496//8612 5495//8612
f 5496//8613 5892//8613 5890//8613
f 5504//8614 5512//8614 5893//8614
f 5504//8615 5893//8615 5891//8615
f 5512//8616 5520//8616 5894//8616
f 5512//8617 5894//8617 5893//8617
f 5520//8618 5528//8618 5895//8618
f 5520//8619 5895//8619 5894//8619
f 5896//8620 5897//8620 5653//8620
f 5653//8621 5644//8621 5645//8621
f 5653//8620 5645//8620 5896//8620
f 5645//8622 3927//8622 5816//8622
f 5645//8623 5816//8623 5896//8623
f 5898//8624 5899//8624 5660//8624
f 5660//8625 5652//8625 5653//8625
f 5660//8626 5653//8626 5898//8626
f 5898//8627 5653//8627 5897//8627
f 3924//8628 5900//8628 5814//8628
f 5901//8629 5665//8629 5658//8629
f 5658//8630 5659//8630 5902//8630
f 5658//8631 5902//8631 5901//8631
f 5902//8632 5659//8632 5660//8632
f 5902//8633 5660//8633 5903//8633
f 5899//8634 5903//8634 5660//8634
f 3924//8635 3923//8635 5904//8635
f 3924//8636 5904//8636 5900//8636
f 5905//8637 5668//8637 5663//8637
f 5663//8638 5664//8638 5906//8638
f 5663//8639 5906//8639 5905//8639
f 5664//8640 5665//8640 5907//8640
f 5664//8641 5907//8641 5906//8641
f 5665//8642 5901//8642 5907//8642
f 3923//8643 5813//8643 5904//8643
f 5908//8644 5909//8644 5670//8644
f 5670//8645 5667//8645 5668//8645
f 5670//8644 5668//8644 5908//8644
f 5905//8646 5908//8646 5668//8646
f 5910//8647 5672//8647 5670//8647
f 5910//8648 5670//8648 5909//8648
f 5911//8649 5677//8649 5674//8649
f 5674//8650 5672//8650 5910//8650
f 5674//8651 5910//8651 5911//8651
f 5911//8120 5912//8120 5677//8120
f 5913//8652 5704//8652 5678//8652
f 5678//8653 5677//8653 5912//8653
f 5678//8654 5912//8654 5913//8654
f 5914//8655 5706//8655 5704//8655
f 5914//8656 5704//8656 5913//8656
f 5914//8657 5915//8657 5706//8657
f 5692//8658 5691//8658 5916//8658
f 5692//8659 5916//8659 5712//8659
f 5712//8660 5916//8660 5917//8660
f 5707//8661 5706//8661 5915//8661
f 5915//8662 5918//8662 5711//8662
f 5915//8663 5711//8663 5707//8663
f 5919//8664 5709//8664 5711//8664
f 5919//8665 5711//8665 5918//8665
f 5920//8666 5710//8666 5709//8666
f 5920//8667 5709//8667 5919//8667
f 5710//8668 5920//8668 5921//8668
f 5855//8669 5857//8669 5922//8669
f 5922//8670 5857//8670 5708//8670
f 5708//8671 5710//8671 5921//8671
f 5708//8672 5921//8672 5922//8672
f 5528//8673 5712//8673 5917//8673
f 5528//8674 5917//8674 5895//8674
f 4427//8675 4452//8675 4450//8675
f 4431//8676 4429//8676 4427//8676
f 4427//8677 4450//8677 4431//8677
f 4450//8678 4432//8678 4431//8678
f 5815//8679 5814//8679 5923//8679
f 5815//8680 5923//8680 5924//8680
f 5816//8681 5815//8681 5924//8681
f 5816//8682 5924//8682 5925//8682
f 5896//8683 5816//8683 5925//8683
f 5896//8684 5925//8684 5926//8684
f 5927//8685 5898//8685 5896//8685
f 5927//8684 5896//8684 5926//8684
f 5899//8686 5898//8686 5927//8686
f 5899//8687 5927//8687 5928//8687
f 5923//8688 3924//8688 5814//8688
f 5896//8689 5898//8689 5897//8689
f 5900//8690 5904//8690 5929//8690
f 5900//8691 5929//8691 5923//8691
f 5813//65 5812//65 5904//65
f 5929//8692 5904//8692 5812//8692
f 5929//8693 5812//8693 5930//8693
f 5930//8694 5812//8694 5811//8694
f 5811//8695 5845//8695 5846//8695
f 5846//8696 5931//8696 5930//8696
f 5811//8694 5846//8694 5930//8694
f 5931//8697 5846//8697 5847//8697
f 5847//8698 5848//8698 5932//8698
f 5847//8699 5932//8699 5931//8699
f 5848//65 5849//65 5850//65
f 5848//8700 5850//8700 5932//8700
f 5933//8701 5932//8701 5850//8701
f 5933//8702 5851//8702 5852//8702
f 5852//8703 5934//8703 5935//8703
f 5936//8704 5691//8704 5933//8704
f 5852//8705 5935//8705 5936//8705
f 5852//8704 5936//8704 5933//8704
f 5850//8702 5851//8702 5933//8702
f 5844//8706 5934//8706 5843//8706
f 5879//8707 5935//8707 5878//8707
f 5936//8708 5935//8708 5880//8708
f 5934//8709 5852//8709 5854//8709
f 5834//65 5833//65 5835//65
f 5835//8710 5934//8710 5854//8710
f 5835//65 5854//65 5834//65
f 5840//8706 5841//8706 5934//8706
f 5934//8711 5835//8711 5837//8711
f 5837//65 5839//65 5840//65
f 5840//8712 5934//8712 5837//8712
f 5842//8706 5843//8706 5934//8706
f 5842//8706 5934//8706 5841//8706
f 5935//8713 5934//8713 5844//8713
f 5935//8714 5844//8714 5878//8714
f 5887//8715 5879//8715 5936//8715
f 5889//65 5890//65 5892//65
f 5892//65 5891//65 5893//65
f 5893//65 5894//65 5895//65
f 5895//65 5917//65 5916//65
f 5916//8716 5691//8716 5936//8716
f 5936//8717 5887//8717 5888//8717
f 5889//65 5892//65 5893//65
f 5936//8718 5888//8718 5889//8718
f 5895//8719 5916//8719 5936//8719
f 5889//65 5893//65 5895//65
f 5889//8720 5895//8720 5936//8720
f 5901//544 5902//544 5903//544
f 5903//544 5899//544 5928//544
f 5928//544 5937//544 5905//544
f 5905//544 5906//544 5907//544
f 5901//544 5903//544 5928//544
f 5905//1954 5907//1954 5901//1954
f 5901//544 5928//544 5905//544
f 5909//544 5905//544 5937//544
f 5909//544 5937//544 5910//544
f 5910//544 5937//544 5938//544
f 5910//544 5870//544 5912//544
f 5910//544 5938//544 5870//544
f 5868//544 5867//544 5915//544
f 5914//544 5913//544 5912//544
f 5868//544 5915//544 5914//544
f 5870//544 5869//544 5868//544
f 5914//544 5912//544 5870//544
f 5914//544 5870//544 5868//544
f 5864//544 5863//544 5921//544
f 5921//544 5920//544 5919//544
f 5919//544 5918//544 5915//544
f 5915//544 5867//544 5865//544
f 5865//544 5864//544 5921//544
f 5921//544 5919//544 5915//544
f 5921//544 5915//544 5865//544
f 5860//544 5859//544 5921//544
f 5921//544 5863//544 5861//544
f 5921//544 5861//544 5860//544
f 5855//544 5921//544 5859//544
f 5870//544 5938//544 5820//544
f 5714//8721 5713//8721 5799//8721
f 5714//8722 5799//8722 5719//8722
f 5713//8723 5939//8723 5800//8723
f 5713//8724 5800//8724 5799//8724
f 5939//8725 5720//8725 5721//8725
f 5939//8726 5721//8726 5800//8726
f 5716//8727 5720//8727 5029//8727
f 5716//8728 5029//8728 5030//8728
f 5720//8729 5939//8729 5032//8729
f 5720//8730 5032//8730 5029//8730
f 5939//8731 5713//8731 5031//8731
f 5939//8732 5031//8732 5032//8732
f 5940//8733 5803//8733 5802//8733
f 5802//8734 5941//8734 5942//8734
f 5802//8735 5942//8735 5940//8735
f 5943//8736 5798//8736 5803//8736
f 5943//8737 5803//8737 5940//8737
f 5942//8738 5941//8738 5944//8738
f 5942//8738 5944//8738 5940//8738
f 5943//8739 5940//8739 5944//8739
f 5943//8736 5944//8736 5945//8736
f 5941//8740 5945//8740 5715//8740
f 5715//8741 5945//8741 5807//8741
f 5807//8742 5946//8742 5947//8742
f 5947//8743 5948//8743 5715//8743
f 5807//8744 5947//8744 5715//8744
f 5715//8745 5941//8745 5802//8745
f 5715//8746 5802//8746 5801//8746
f 5745//8747 5807//8747 5949//8747
f 5807//8748 5950//8748 5949//8748
f 5950//8748 5951//8748 5949//8748
f 5951//8748 5952//8748 5949//8748
f 5952//8749 5715//8749 5949//8749
f 5715//8750 5805//8750 5949//8750
f 5805//8751 5806//8751 5949//8751
f 5806//8751 5804//8751 5949//8751
f 5804//8751 5745//8751 5949//8751
f 5807//8752 5746//8752 5953//8752
f 5807//8752 5953//8752 5954//8752
f 5715//8753 5949//8753 5955//8753
f 5715//8754 5955//8754 5956//8754
f 5957//8755 5954//8755 5955//8755
f 5954//8756 5807//8756 5949//8756
f 5954//8757 5949//8757 5955//8757
