# Blender 4.4.3
# www.blender.org
mtllib palm_E2M3.mtl
o palm
v -2.786910 9.192038 96.433296
v -3.924050 9.963287 98.567810
v -2.620620 9.467447 96.439240
v -5.430320 9.803727 99.675354
v -4.793490 9.696987 99.054817
v -4.198380 9.560898 98.364746
v -3.701070 9.410407 97.676651
v -3.295740 9.252327 97.008415
v -2.773150 8.939657 95.813774
v -5.282830 10.684657 99.701271
v -4.620520 10.573647 99.055901
v -4.001440 10.432067 98.338036
v -3.484210 10.275547 97.622360
v -4.602330 11.047017 97.444977
v -3.062680 10.111147 96.927406
v -4.257560 11.047008 96.202530
v -2.726720 9.944847 96.266594
v -2.726720 9.955247 93.819527
v -2.726720 10.024967 95.043266
v -4.151420 11.047008 95.043907
v -4.223230 11.046996 94.010628
v -2.869010 5.743886 90.324326
v -4.627940 7.941446 90.842697
v -4.181190 7.941447 91.624817
v -3.861820 7.941447 92.366386
v -3.641560 7.941447 93.064964
v -2.868990 7.192167 93.232956
v -1.999440 7.301867 92.424171
v -1.999440 6.946587 91.579796
v -1.999440 6.388297 90.624565
v -1.999440 8.255736 93.053154
v -1.999440 7.519197 93.152618
v -2.006080 8.380596 93.926125
v -2.018640 8.653987 94.050018
v -2.006080 7.874667 93.622437
v -4.497180 11.019346 91.706810
v -4.652870 11.178666 92.904175
v -5.123730 11.277287 91.904556
v -2.620160 8.736487 95.126511
v -3.429620 8.641217 95.293396
v -2.443190 8.562806 94.715187
v -3.053390 8.506698 94.931900
v -2.669690 8.342576 94.605537
v -2.076940 8.797776 92.930527
v -2.191440 9.329926 94.736450
v -2.054620 8.884517 94.203629
v -2.247900 9.447698 94.970757
v -2.198610 9.231287 95.045898
v -2.197020 7.587207 93.894585
v -2.324040 7.079447 93.260620
v -2.318860 5.638146 90.399521
v -3.272890 7.839057 94.264496
v -2.404300 8.831187 95.133530
v -2.227300 8.656397 94.634476
v -2.252530 9.009328 95.104507
v -2.623310 7.530337 93.961029
v -2.309360 8.161986 94.331787
v -2.006080 8.328627 93.393311
v -3.505520 7.941597 93.726028
v -6.261600 11.175326 88.884270
v -9.964450 8.496997 87.000786
v -4.238450 5.636336 88.406349
v -1.999440 7.996997 92.172379
v -2.071300 8.649647 92.465088
v -2.257940 9.215257 92.837357
v -2.500420 9.656787 93.294861
v -3.310680 10.476526 94.442535
v -3.485350 10.586886 93.599617
v -3.710030 10.705767 92.564819
v -3.968190 10.814177 91.430046
v -4.239840 10.899237 90.284386
v -13.135329 10.996997 85.438469
v -10.999450 10.996997 85.202827
v -8.863590 10.996997 85.438461
v -6.830640 10.996997 86.133926
v -4.999440 10.996997 87.254829
v -17.236309 10.987626 88.178970
v -4.763630 10.987717 88.174805
v -4.508020 10.956476 89.190735
v -18.411329 1.433596 87.000786
v -19.129879 1.272937 87.702286
v -19.129879 -0.003003 87.591606
v -18.845140 -0.003003 87.290726
v -18.549269 -0.003003 87.000786
v -19.129879 2.371977 87.982567
v -18.003490 2.815377 87.000786
v -17.347300 4.084136 87.000786
v -16.499439 5.996996 87.000786
v -15.999439 6.969347 88.117020
v -12.034420 8.496997 87.000786
v -8.576180 7.147377 87.000786
v -9.949440 7.941446 87.465317
v -9.949440 7.473466 87.000786
v -8.391240 7.941446 87.853546
v -7.306550 6.582026 87.000801
v -6.128600 5.765447 87.000801
v -4.068770 2.916027 87.000801
v -5.047130 4.641356 87.000801
v -3.633640 1.653777 87.000801
v -3.449610 -0.003003 87.000801
v -3.153750 -0.003003 87.290741
v -2.869010 -0.003003 87.591606
v -2.869010 1.273527 87.702408
v -2.869010 2.372907 87.982887
v -2.869010 3.312027 88.374588
v -15.999439 8.496997 87.000786
v -19.999439 -0.003003 87.254829
v -19.999439 1.330767 87.370522
v -19.999439 2.479877 87.663536
v -1.999440 -8.003003 87.254837
v -1.999440 -0.003003 87.254837
v -1.999440 4.287086 88.551376
v -10.999940 11.396996 88.275291
v -19.563879 -0.003003 87.750656
v -19.942820 -0.003003 87.485939
v -19.785780 -0.003003 87.664711
v -19.327400 -0.003003 87.724297
v -2.213100 -0.003003 87.664719
v -2.056060 -0.003003 87.485947
v -2.318860 3.119357 88.424698
v -2.671490 -0.003003 87.724297
v -2.435000 -0.003003 87.750656
v -13.766850 -11.003003 83.838745
v -10.999430 -11.003003 83.548828
v -8.231700 -11.003003 83.838829
v -6.571360 -11.003003 84.387497
v -4.999440 -11.003003 85.190086
v -19.721849 -9.240913 87.009521
v -19.021660 -10.218993 86.445816
v -2.278030 -9.243193 87.008667
v -2.976770 -10.218583 86.446144
v -3.911170 -10.773393 85.813187
v -19.129869 -8.003003 87.591606
v -18.908609 -9.034573 87.356941
v -18.369070 -9.827403 86.835220
v -18.549269 -4.003003 87.000801
v -17.614029 -10.308373 86.218658
v -16.915930 -4.003003 85.727448
v -16.738569 -10.503003 85.616638
v -15.618099 -10.503003 85.017418
v -15.888330 -9.003003 85.146927
v -15.521029 -9.487773 84.973076
v -15.888330 -6.003004 85.146927
v -15.412940 -5.674414 84.925041
v -15.073230 -5.465333 84.782959
v -15.065780 -4.003004 84.779991
v -14.748520 -5.296044 84.659447
v -15.043300 -10.022233 84.771080
v -14.440949 -10.498633 84.554176
v -14.278029 -5.113904 84.500755
v -13.564400 -5.003004 84.304031
v -13.069920 -4.003004 84.197418
v -11.861799 -5.003004 84.034660
v -10.999430 -4.003004 84.000801
v -10.137070 -5.003004 84.034660
v -8.928949 -4.003004 84.197418
v -8.434470 -5.003004 84.304031
v -7.751590 -5.104854 84.491211
v -7.142360 -5.348544 84.699196
v -6.933100 -4.003004 84.779991
v -6.600890 -5.664644 84.918495
v -6.380520 -10.503003 85.017525
v -6.110550 -9.003003 85.146927
v -5.260310 -10.503003 85.616638
v -6.110550 -6.003004 85.146927
v -5.082950 -4.003003 85.727448
v -4.314020 -10.501273 86.222015
v -3.648060 -9.849343 86.818054
v -3.449610 -4.003003 87.000801
v -3.091060 -9.036473 87.356117
v -2.869010 -8.003003 87.591606
v -13.036039 -5.003004 84.670265
v -8.962830 -5.003004 84.670265
v -12.598400 -5.003004 85.139931
v -9.400470 -5.003004 85.139931
v -12.270329 -5.003003 85.692757
v -9.728539 -5.003003 85.692757
v -12.067690 -5.003003 86.302238
v -9.931180 -5.003003 86.302238
v -10.999430 -10.003003 85.000801
v -12.665549 -10.003003 85.053581
v -10.999430 -10.003003 85.402496
v -12.380110 -10.003003 85.475945
v -10.999430 -10.003003 85.743256
v -12.170449 -10.003003 85.940117
v -10.999430 -10.003003 86.010857
v -9.956369 -10.003003 86.432037
v -12.042510 -10.003003 86.431992
v -6.588660 -6.003004 84.981186
v -6.588780 -9.003003 84.981155
v -7.094500 -6.003004 84.940796
v -7.094570 -9.003003 84.940811
v -7.593120 -6.003004 85.028687
v -7.593190 -9.003003 85.028717
v -8.053510 -6.003004 85.238861
v -8.053570 -9.003003 85.238892
v -8.446400 -6.003003 85.557861
v -8.446460 -9.003003 85.557907
v -8.746750 -6.003003 85.965446
v -8.746830 -9.003003 85.965599
v -8.935400 -6.003003 86.436516
v -8.935470 -9.003003 86.436745
v -15.410210 -9.003003 84.981186
v -15.410210 -6.003004 84.981186
v -14.904380 -9.003003 84.940796
v -14.904380 -6.003004 84.940796
v -14.405749 -9.003003 85.028687
v -14.405749 -6.003004 85.028687
v -13.945359 -9.003003 85.238861
v -13.945359 -6.003004 85.238861
v -13.552469 -9.003003 85.557861
v -13.552469 -6.003003 85.557861
v -13.252130 -9.003003 85.965446
v -13.252130 -6.003003 85.965446
v -13.063470 -9.003003 86.436516
v -13.063470 -6.003003 86.436516
v -13.711129 -5.295894 85.041809
v -12.973189 -5.295893 85.865364
v -7.251360 -5.304944 84.661987
v -8.282820 -5.295894 85.038467
v -9.024280 -5.295893 85.862747
v -15.208610 -9.246233 84.919319
v -14.459410 -9.511953 84.868614
v -13.922339 -9.704913 84.924095
v -13.035270 -9.710103 85.755577
v -12.970819 -9.981973 85.014389
v -13.253420 -9.925663 84.992645
v -13.521800 -9.844973 84.971176
v -19.327389 -8.003003 87.724297
v -19.563879 -8.003003 87.750656
v -19.785780 -8.003003 87.664719
v -19.942820 -8.003003 87.485947
v -2.671510 -8.002993 87.724289
v -2.435020 -8.002993 87.750671
v -2.213120 -8.002993 87.664726
v -2.056060 -8.002993 87.485947
v -5.225360 -10.753003 85.559486
v -3.529030 -9.981543 86.879318
v -2.865960 -9.193233 87.469467
v -4.237980 -10.624413 86.185898
v -3.308250 -10.171173 86.830666
v -2.611410 -9.291813 87.432045
v -5.138560 -10.919373 85.417557
v -3.153240 -10.234453 86.724304
v -4.003310 -10.798633 85.966179
v -2.310820 -9.291523 87.141251
v -16.868999 -10.936013 85.403366
v -14.522639 -10.856553 84.425804
v -12.049439 -10.852383 83.899811
v -10.999430 -10.669673 84.022301
v -13.474549 -10.617003 84.287407
v -10.999430 -10.979253 83.701759
v -9.949440 -10.852383 83.899811
v -7.476230 -10.856553 84.425804
v -19.084249 -9.163803 87.460358
v -16.784119 -10.773333 85.542145
v -17.711250 -10.546003 86.214577
v -18.575390 -10.086013 86.874741
v -19.281410 -9.256233 87.465866
v -17.838930 -10.708073 86.130630
v -18.758200 -10.203573 86.793900
v -19.465080 -9.305683 87.393257
v -16.984949 -10.995563 85.213791
v -17.992889 -10.796893 85.973251
v -18.929810 -10.240923 86.642456
v -19.634769 -9.308233 87.234917
v -10.999430 -10.048993 84.668434
v -10.999430 -10.186833 84.389030
v -10.999430 -10.403163 84.165649
v -12.786429 -10.321243 84.332054
v -12.731470 -10.172073 84.660172
v -9.266300 -10.172073 84.660172
v -9.211340 -10.321243 84.332054
v -8.523220 -10.617003 84.287407
v -8.475969 -9.844973 84.971176
v -8.744340 -9.925663 84.992645
v -9.026950 -9.981973 85.014389
v -8.962500 -9.710103 85.755577
v -8.075430 -9.704913 84.924095
v -7.538350 -9.511953 84.868614
v -6.789150 -9.246233 84.919319
v -9.827310 -10.003003 85.940117
v -9.617650 -10.003003 85.475945
v -9.332210 -10.003003 85.053581
v -7.556810 -10.498633 84.554176
v -6.954460 -10.022233 84.771080
v -6.476730 -9.487773 84.973076
v -9.999430 -5.003003 86.938538
v -11.999430 -5.003003 93.268745
v -9.999430 -5.003003 93.268745
v -9.767050 -5.003003 94.093719
v -11.221960 -5.003003 94.025871
v -10.776910 -5.003003 94.025871
v -11.622920 -5.003003 94.218956
v -10.375939 -5.003003 94.218956
v -12.365459 -5.072392 94.000801
v -11.900400 -5.003003 94.566917
v -10.098470 -5.003003 94.566917
v -12.169129 -5.003003 94.921448
v -9.829740 -5.003003 94.921455
v -11.999430 -5.003003 95.000801
v -9.999430 -5.003003 95.000801
v -9.913819 -5.003003 95.443420
v -12.078440 -5.003003 95.459297
v -10.131710 -5.003003 95.497849
v -11.865160 -5.003003 95.501320
v -10.496710 -5.003003 95.865250
v -10.233749 -5.003003 95.888611
v -11.753770 -5.003003 95.898270
v -11.498250 -5.003003 95.867508
v -10.997210 -5.003003 96.000786
v -10.717979 -5.003003 96.138885
v -11.264700 -5.003003 96.142776
v -8.999060 -6.003003 94.000786
v -8.999430 -9.003003 86.938538
v -8.999430 -9.003003 94.000801
v -11.999430 -10.003003 86.938538
v -9.999430 -10.003003 94.000801
v -11.999430 -10.003003 94.000801
v -12.999439 -9.003003 94.000801
v -12.999439 -6.003003 93.960976
v -12.999439 -6.003003 86.938538
v -12.382140 -5.079123 86.938538
v -12.698020 -5.287473 94.000801
v -12.706560 -5.295903 86.938538
v -12.921010 -5.614783 94.000801
v -12.994499 -6.003003 94.141174
v -9.567800 -5.110373 94.235855
v -9.616750 -5.079123 86.938538
v -9.300859 -5.287463 94.000801
v -9.292330 -5.295893 86.938538
v -9.077860 -5.614783 94.000801
v -9.075560 -5.620313 86.938538
v -9.133420 -9.503023 94.000801
v -9.292330 -9.710103 86.938538
v -9.499460 -9.869043 94.000801
v -9.616750 -9.926883 86.938538
v -12.499439 -9.869023 94.000801
v -12.706540 -9.710103 86.938538
v -12.865459 -9.503003 94.000801
v -12.923320 -9.385683 86.938538
v -10.999430 -5.003003 95.000801
v -12.736740 -5.338202 94.184776
v -12.927489 -5.645753 94.152557
v -9.262139 -5.338192 94.184784
v -9.071390 -5.645753 94.152557
v -9.725949 -5.022003 94.505577
v -12.812110 -5.275643 95.411621
v -13.101840 -5.945673 95.541168
v -12.159389 -5.275643 96.453056
v -12.329679 -5.945673 96.716187
v -10.999440 -5.945673 97.171539
v -10.999440 -5.275643 96.859451
v -9.669189 -5.945673 96.716187
v -9.839490 -5.275643 96.453056
v -8.897030 -5.945673 95.541168
v -9.186760 -5.275643 95.411621
v -11.999430 -10.003002 95.500801
v -9.999430 -10.003002 95.500801
v -8.897030 -8.945672 95.541168
v -13.101840 -8.945672 95.541168
v -12.329679 -8.945672 96.716187
v -10.999440 -8.945672 97.171539
v -9.669189 -8.945672 96.716187
v -17.759480 10.899126 90.286186
v -17.492100 10.956266 89.195724
v -17.953510 10.838436 91.104385
v -18.283360 10.708377 92.540085
v -18.506460 10.591006 93.566208
v -19.044199 10.192206 94.418137
v -18.682390 10.480476 94.413857
v -19.272169 9.955236 93.819519
v -19.740950 9.215257 92.837349
v -19.999439 7.996997 92.172371
v -18.663649 4.102947 88.262756
v -19.129879 4.099387 88.830986
v -17.842100 6.160497 88.985039
v -19.129879 5.296526 89.822845
v -15.999439 7.742967 89.000786
v -15.999439 8.496997 89.000786
v -19.999439 4.285877 88.550560
v -19.999439 5.537416 89.587486
v -19.999439 7.424547 92.802727
v -15.737280 11.262197 88.884270
v -15.117949 11.396996 89.683815
v -19.680019 5.638156 90.399536
v -19.680019 3.119377 88.424698
v -16.499439 8.496997 92.085320
v -16.499439 7.941446 89.743805
v -11.999430 -5.003003 86.938538
v -8.999430 -6.003003 86.938538
v -9.999430 -10.003003 86.938538
v -12.999439 -9.003003 86.938538
v -12.923320 -5.620333 86.938538
v -9.075560 -9.385683 86.938538
v -12.382120 -9.926883 86.938538
v -18.732639 7.839057 94.264496
v -14.289000 9.105098 98.620461
v -13.785399 11.496998 99.471634
v -18.074839 9.963287 98.567795
v -16.281109 10.274487 100.347649
v -19.408440 9.572027 96.426186
v -19.381399 9.779307 96.360046
v -19.778219 8.656397 94.634476
v -19.753000 9.009328 95.104500
v -19.806919 9.231287 95.045891
v -19.808510 7.587207 93.894577
v -19.855730 8.205346 94.231911
v -19.563879 7.037737 93.270897
v -19.825439 9.292047 94.662155
v -19.750980 9.447698 94.970757
v -19.625389 9.636368 95.451027
v -19.459860 9.807907 95.896767
v -19.382219 7.530337 93.961021
v -19.557770 8.559876 94.710388
v -18.569210 8.641237 95.293449
v -19.329609 8.342386 94.605194
v -19.696159 8.161986 94.331787
v -13.544410 9.651157 100.621346
v -14.337990 9.491967 99.770378
v -16.968239 9.740857 99.298386
v -15.848269 9.887338 100.264694
v -14.175099 8.699927 97.513504
v -17.920959 8.540977 95.212418
v -18.217619 9.433727 97.784737
v -19.385370 8.736487 95.126495
v -19.026260 9.092398 96.372894
v -14.737630 11.496998 98.712387
v -15.489949 11.496998 97.754944
v -16.002699 11.496998 96.649246
v -16.247660 11.496998 95.454948
v -16.211910 11.496997 94.239128
v -16.028250 11.496997 93.172760
v -15.795369 11.496997 92.227119
v -15.494610 11.496997 91.415619
v -15.110510 11.496997 90.763176
v -14.865990 9.951358 100.916817
v -16.875050 11.277307 91.904388
v -17.345900 11.178697 92.903946
v -16.348749 11.345567 91.020515
v -17.501709 11.019346 91.706825
v -19.950909 8.884517 94.203629
v -19.999439 7.874667 93.622429
v -19.999439 8.328627 93.393295
v -17.377779 8.495466 94.563438
v -19.129879 6.306837 91.126114
v -19.129900 7.192167 93.232948
v -17.933020 7.941447 91.868484
v -17.580200 7.941446 91.182487
v -17.110910 7.941446 90.469147
v -17.775650 11.088846 94.010628
v -19.272169 10.011296 94.475685
v -19.272169 10.001687 95.685066
v -19.272169 10.024628 95.093056
v -17.847450 11.047008 95.045555
v -19.272169 9.944847 96.266586
v -17.740749 11.047008 96.205765
v -18.641989 10.230018 97.424957
v -18.220360 10.369647 98.044868
v -17.394800 11.047017 97.449577
v -17.716249 10.501637 98.680054
v -16.756689 11.047017 98.709045
v -16.532799 10.709357 99.861595
v -15.967030 10.771597 100.314087
v -15.806740 11.047017 99.877998
v -14.945479 10.838167 100.992287
v -14.601709 11.047008 100.824966
v -4.084560 8.540977 95.212418
v -5.751230 11.496998 95.454948
v -6.888850 11.496997 90.762535
v -6.504310 11.496997 91.415527
v -6.203460 11.496997 92.227280
v -5.970590 11.496997 93.172966
v -5.786960 11.496997 94.239128
v -7.351290 11.496997 90.291069
v -8.260819 11.496997 89.710197
v -9.300600 11.496997 89.290756
v -10.999430 11.496998 95.124367
v -10.999430 11.495306 88.985916
v -8.091430 11.396996 88.936478
v -5.650190 11.345567 91.020401
v -6.880930 11.396996 89.683815
v -10.999440 8.496998 95.000786
v -9.949440 8.496997 88.865036
v -4.410730 8.496998 95.040909
v -4.627750 8.495466 94.563446
v -4.862530 8.496997 93.957695
v -4.977020 8.496997 93.425865
v -5.152640 8.496997 92.864227
v -5.406160 8.496997 92.268547
v -5.759420 8.496997 91.640411
v -6.238810 8.496997 90.990021
v -6.873690 8.496997 90.339439
v -7.693720 8.496997 89.726105
v -8.718500 8.496997 89.208786
v -10.999440 8.557307 98.134796
v -5.236170 7.941446 90.033859
v -6.043620 7.941446 89.227966
v -5.238700 11.047017 98.703621
v -6.187040 11.047008 99.872978
v -5.908900 10.759757 100.220886
v -7.391140 11.047008 100.821236
v -7.002280 10.836078 100.962097
v -8.760360 11.046997 101.472588
v -8.422680 10.856088 101.667168
v -8.953400 10.856088 101.848694
v -10.236910 11.046997 101.806389
v -10.176660 10.856088 102.100319
v -11.754990 11.046997 101.807167
v -11.460100 10.856088 102.132965
v -8.983140 9.968588 101.749176
v -8.451730 9.651157 100.621346
v -9.694980 9.651157 101.032364
v -10.188620 9.968588 101.997139
v -12.059939 9.968588 101.963661
v -10.999479 9.651157 101.171806
v -6.508940 11.496998 97.754967
v -5.996190 11.496998 96.649269
v -7.261260 11.496998 98.712387
v -8.213480 11.496998 99.471634
v -6.032390 9.875957 100.175087
v -7.709880 9.105107 98.620461
v -7.661480 9.492408 99.771996
v -7.557510 9.963987 101.153107
v -7.890380 10.381727 101.668221
v -9.931470 10.380307 102.291756
v -12.067410 10.380307 102.291756
v -5.717770 10.274487 100.347649
v -10.999440 11.487997 100.500801
v -8.728760 11.487997 100.010201
v -9.860980 11.487997 100.376747
v -7.087710 7.941446 88.475136
v -13.907920 11.396996 88.936707
v -12.506189 11.396996 88.446251
v -9.493549 11.396996 88.446045
v -12.698400 11.496997 89.290794
v -13.738159 11.496997 89.710236
v -12.160970 11.487997 100.376747
v -13.270120 11.487997 100.010201
v -14.108510 10.381727 101.668221
v -14.647579 11.496997 90.291069
v -13.595349 9.968588 101.548119
v -12.303980 9.651157 101.032356
v -13.633630 10.856088 101.644676
v -12.651050 10.856088 101.954376
v -13.231890 11.046997 101.474876
v 19.213089 9.192038 100.433296
v 18.075960 9.963287 102.567810
v 19.379379 9.467447 100.439240
v 16.569679 9.803727 103.675354
v 17.206509 9.696987 103.054817
v 17.801620 9.560898 102.364746
v 18.298929 9.410407 101.676651
v 18.704260 9.252327 101.008415
v 19.226849 8.939668 99.813774
v 16.717169 10.684657 103.701271
v 17.379480 10.573647 103.055901
v 17.998560 10.432067 102.338036
v 18.515789 10.275547 101.622360
v 17.397669 11.047017 101.444977
v 18.937319 10.111157 100.927406
v 17.742439 11.047008 100.202530
v 19.273279 9.944847 100.266594
v 19.273289 10.024978 99.043266
v 17.848579 11.047008 99.043907
v 17.776770 11.046997 98.010628
v 19.130989 5.743887 94.324326
v 17.372059 7.941447 94.842697
v 17.818810 7.941447 95.624817
v 18.138189 7.941447 96.366386
v 18.358440 7.941447 97.064964
v 19.131010 7.192167 97.232956
v 20.000559 7.424627 96.802986
v 20.000559 6.946587 95.579796
v 20.000559 6.388297 94.624565
v 20.000559 8.255737 97.053154
v 20.000559 7.585417 97.307510
v 19.993919 8.380597 97.926125
v 17.502819 11.019358 95.706810
v 17.347130 11.178678 96.904175
v 16.876270 11.277287 95.904556
v 19.379839 8.736487 99.126511
v 18.570379 8.641217 99.293396
v 19.556810 8.562807 98.715187
v 18.946609 8.506698 98.931900
v 19.330309 8.342577 98.605537
v 19.923059 8.797777 96.930527
v 19.808559 9.329927 98.736450
v 19.945389 8.884518 98.203629
v 19.752100 9.447698 98.970757
v 19.801390 9.231297 99.045898
v 19.993919 7.874667 97.622437
v 19.802980 7.587207 97.894585
v 19.675959 7.079447 97.260620
v 19.681139 5.638147 94.399521
v 18.727110 7.839057 98.264496
v 19.595709 8.831187 99.133530
v 19.772699 8.656398 98.634476
v 19.747469 9.009328 99.104507
v 19.376690 7.530337 97.961029
v 19.690639 8.161987 98.331787
v 19.993919 8.328628 97.393311
v 18.494480 7.941597 97.726028
v 15.738400 11.175326 92.884270
v 12.035550 8.496997 91.000786
v 17.761549 5.636337 92.406349
v 18.031809 10.814187 95.430046
v 17.760160 10.899237 94.284386
v 6.831720 10.996997 90.133957
v 8.864670 10.996997 89.438469
v 13.136410 10.996997 89.438461
v 15.169359 10.996997 90.133926
v 17.000559 10.996997 91.254829
v 4.763700 10.987626 92.178970
v 17.236370 10.987717 92.174805
v 17.491980 10.956476 93.190735
v 3.588670 1.433597 91.000786
v 2.870130 1.272937 91.702286
v 2.870130 -0.003003 91.591606
v 3.154870 -0.003003 91.290726
v 3.450730 -0.003003 91.000786
v 2.870130 2.371977 91.982567
v 3.996510 2.815377 91.000786
v 4.652710 4.084146 91.000786
v 5.500560 5.996996 91.000786
v 6.000560 6.969347 92.117020
v 9.965580 8.496997 91.000786
v 13.423820 7.147377 91.000786
v 12.050570 7.941446 91.465317
v 12.050570 7.473466 91.000786
v 13.608760 7.941447 91.853546
v 14.693450 6.582026 91.000801
v 15.999229 5.632576 91.000801
v 17.931229 2.916027 91.000801
v 16.952869 4.641356 91.000801
v 18.366369 1.653777 91.000801
v 18.550390 -0.003003 91.000801
v 18.846249 -0.003003 91.290741
v 19.130989 -0.003003 91.591606
v 19.130989 1.273537 91.702408
v 19.130989 2.372907 91.982887
v 19.130989 3.312027 92.374588
v 6.000560 8.496997 91.000786
v 2.000560 2.479887 91.663536
v 11.000060 11.396996 92.275291
v 2.325170 -0.003003 91.707680
v 2.057180 -0.003003 91.485939
v 2.214220 -0.003003 91.664711
v 2.436120 -0.003003 91.750656
v 2.672610 -0.003003 91.724297
v 19.786900 -0.003003 91.664719
v 19.943939 -0.003003 91.485947
v 19.681139 3.119357 92.424698
v 19.328520 -0.003003 91.724297
v 19.564999 -0.003003 91.750656
v 15.428639 -11.003003 88.387497
v 17.000559 -11.003003 89.190086
v 19.721979 -9.243183 91.008667
v 19.023230 -10.218583 90.446144
v 18.088829 -10.773383 89.813187
v 17.739790 -10.910503 89.594536
v 2.870130 -8.003003 91.591606
v 3.091400 -9.034573 91.356941
v 3.630930 -9.827403 90.835220
v 3.450730 -4.003003 91.000801
v 4.385970 -10.308373 90.218658
v 5.084070 -4.003003 89.727448
v 5.261430 -10.503003 89.616638
v 6.381900 -10.503003 89.017418
v 6.111670 -9.003003 89.146927
v 6.478970 -9.487773 88.973076
v 6.111670 -6.003003 89.146927
v 6.587060 -5.674413 88.925041
v 6.926770 -5.465333 88.782959
v 6.934220 -4.003003 88.779991
v 7.251480 -5.296043 88.659447
v 6.956700 -10.022233 88.771080
v 7.559050 -10.498633 88.554176
v 7.721980 -5.113903 88.500755
v 8.435599 -5.003003 88.304031
v 8.930079 -4.003003 88.197418
v 10.138200 -5.003003 88.034660
v 11.000569 -4.003003 88.000801
v 11.862929 -5.003003 88.034660
v 13.071050 -4.003003 88.197418
v 13.565530 -5.003003 88.304031
v 14.248409 -5.104853 88.491211
v 14.857650 -5.348543 88.699196
v 15.066899 -4.003003 88.779991
v 15.399110 -5.664643 88.918495
v 15.619479 -10.503003 89.017525
v 15.889450 -9.003003 89.146927
v 16.739689 -10.503003 89.616638
v 15.889450 -6.003003 89.146927
v 16.917059 -4.003003 89.727448
v 17.685980 -10.501273 90.222015
v 18.351940 -9.849343 90.818054
v 18.550390 -4.003003 91.000801
v 18.908939 -9.036473 91.356117
v 19.130989 -8.003003 91.591606
v 8.963960 -5.003003 88.670265
v 13.037169 -5.003003 88.670265
v 9.401600 -5.003003 89.139931
v 12.599529 -5.003003 89.139931
v 9.729670 -5.003003 89.692757
v 12.271460 -5.003003 89.692757
v 9.932310 -5.003003 90.302238
v 12.068820 -5.003003 90.302238
v 11.000569 -10.003003 89.000801
v 9.334450 -10.003003 89.053581
v 11.000569 -10.003003 89.402496
v 9.619890 -10.003003 89.475945
v 11.000569 -10.003003 89.743256
v 9.829550 -10.003003 89.940117
v 11.000569 -10.003003 90.010857
v 12.043640 -10.003003 90.432037
v 9.957490 -10.003003 90.431984
v 15.411340 -6.003003 88.981186
v 15.411220 -9.003003 88.981155
v 14.905499 -6.003003 88.940796
v 14.905439 -9.003003 88.940811
v 14.406879 -6.003003 89.028687
v 14.406810 -9.003003 89.028717
v 13.946489 -6.003003 89.238861
v 13.946440 -9.003003 89.238884
v 13.553599 -6.003003 89.557861
v 13.553539 -9.003003 89.557907
v 13.253260 -6.003003 89.965446
v 13.253170 -9.003003 89.965599
v 13.064600 -6.003003 90.436516
v 13.064540 -9.003003 90.436745
v 6.589790 -9.003003 88.981186
v 6.589790 -6.003003 88.981186
v 7.095620 -9.003003 88.940796
v 7.095620 -6.003003 88.940796
v 7.594250 -9.003003 89.028687
v 7.594250 -6.003003 89.028687
v 8.054640 -9.003003 89.238861
v 8.054640 -6.003003 89.238861
v 8.447530 -9.003003 89.557861
v 8.447530 -6.003003 89.557861
v 8.747869 -9.003003 89.965446
v 8.747869 -6.003003 89.965446
v 8.936530 -9.003003 90.436516
v 8.936530 -6.003003 90.436516
v 8.288879 -5.295893 89.041809
v 9.026810 -5.295893 89.865364
v 14.748640 -5.304943 88.661987
v 13.717179 -5.295893 89.038467
v 12.975719 -5.295893 89.862747
v 6.791390 -9.246223 88.919319
v 7.540590 -9.511953 88.868614
v 8.077670 -9.704903 88.924095
v 8.964740 -9.710103 89.755577
v 9.029180 -9.981973 89.014389
v 8.746580 -9.925663 88.992645
v 8.478200 -9.844963 88.971176
v 2.672610 -8.003003 91.724297
v 2.436120 -8.003003 91.750656
v 2.214220 -8.003003 91.664719
v 2.057180 -8.003003 91.485947
v 19.328489 -8.002993 91.724289
v 19.564980 -8.002993 91.750671
v 19.786879 -8.002993 91.664726
v 19.943939 -8.002993 91.485947
v 16.774639 -10.753003 89.559486
v 18.470970 -9.981543 90.879318
v 19.134039 -9.193233 91.469467
v 17.762030 -10.624413 90.185898
v 18.691750 -10.171163 90.830666
v 19.388590 -9.291813 91.432045
v 16.861439 -10.919373 89.417557
v 18.846769 -10.234453 90.724304
v 17.996689 -10.798623 89.966179
v 19.689180 -9.291523 91.141251
v 5.131000 -10.936013 89.403366
v 7.477360 -10.856553 88.425804
v 9.950570 -10.852383 87.899811
v 11.000569 -10.669673 88.022301
v 8.525450 -10.617003 88.287407
v 11.000569 -10.979253 87.701759
v 12.050570 -10.852383 87.899811
v 14.523769 -10.856553 88.425804
v 2.915750 -9.163793 91.460358
v 5.215880 -10.773333 89.542145
v 4.288750 -10.546003 90.214577
v 3.424610 -10.086013 90.874741
v 2.718590 -9.256233 91.465866
v 4.161070 -10.708063 90.130630
v 3.241800 -10.203573 90.793900
v 2.534920 -9.305683 91.393257
v 4.007110 -10.796893 89.973251
v 3.070190 -10.240923 90.642456
v 2.365230 -9.308233 91.234917
v 11.000569 -10.048993 88.668434
v 11.000569 -10.186833 88.389030
v 11.000569 -10.403163 88.165649
v 9.213580 -10.321243 88.332054
v 9.268530 -10.172073 88.660172
v 12.733709 -10.172073 88.660172
v 12.788660 -10.321243 88.332054
v 13.476789 -10.617003 88.287407
v 13.524030 -9.844963 88.971176
v 13.255660 -9.925663 88.992645
v 12.973050 -9.981973 89.014389
v 13.037499 -9.710103 89.755577
v 13.924570 -9.704903 88.924095
v 14.461650 -9.511953 88.868614
v 15.210850 -9.246223 88.919319
v 12.172689 -10.003003 89.940117
v 12.382350 -10.003003 89.475945
v 12.667789 -10.003003 89.053581
v 14.443190 -10.498623 88.554176
v 15.045540 -10.022233 88.771080
v 15.523270 -9.487773 88.973076
v 12.000569 -5.003003 90.938538
v 10.000569 -5.003003 97.268745
v 12.000569 -5.003003 97.268745
v 12.232949 -5.003002 98.093719
v 10.778040 -5.003002 98.025871
v 11.223090 -5.003002 98.025871
v 10.377080 -5.003002 98.218956
v 11.624060 -5.003002 98.218956
v 9.634540 -5.072392 98.000801
v 10.099600 -5.003002 98.566917
v 11.901529 -5.003002 98.566917
v 9.830870 -5.003002 98.921448
v 12.170259 -5.003002 98.921455
v 10.000569 -5.003002 99.000801
v 12.000569 -5.003002 99.000801
v 12.086180 -5.003002 99.443420
v 9.921559 -5.003002 99.459297
v 11.868290 -5.003002 99.497849
v 10.134840 -5.003002 99.501320
v 11.503290 -5.003002 99.865250
v 11.766250 -5.003002 99.888611
v 10.246230 -5.003002 99.898270
v 10.501750 -5.003002 99.867508
v 11.002789 -5.003002 100.000786
v 11.282020 -5.003002 100.138885
v 10.735300 -5.003002 100.142776
v 13.000939 -6.003002 98.000786
v 13.000569 -9.003003 90.938538
v 13.000569 -9.003002 98.000801
v 10.000569 -10.003003 90.938538
v 12.000569 -10.003002 98.000801
v 10.000569 -10.003002 98.000801
v 9.000560 -9.003002 98.000801
v 9.000560 -6.003002 97.960976
v 9.000560 -6.003003 90.938538
v 9.617860 -5.079123 90.938538
v 9.301980 -5.287472 98.000801
v 9.293440 -5.295903 90.938538
v 9.079000 -5.614782 98.000801
v 9.005500 -6.003002 98.141174
v 12.432199 -5.110372 98.235855
v 12.383249 -5.079123 90.938538
v 12.699150 -5.287462 98.000801
v 12.707669 -5.295893 90.938538
v 12.922140 -5.614782 98.000801
v 12.924439 -5.620313 90.938538
v 12.866580 -9.503022 98.000801
v 12.707669 -9.710103 90.938538
v 12.500540 -9.869042 98.000801
v 12.383249 -9.926883 90.938538
v 9.500560 -9.869022 98.000801
v 9.293460 -9.710103 90.938538
v 9.134540 -9.503002 98.000801
v 9.076690 -9.385683 90.938538
v 11.000569 -5.003002 99.000801
v 9.263260 -5.338202 98.184776
v 9.072510 -5.645752 98.152557
v 12.737860 -5.338192 98.184784
v 12.928610 -5.645752 98.152557
v 12.274050 -5.022002 98.505577
v 9.187890 -5.275642 99.411621
v 8.898160 -5.945672 99.541168
v 9.840610 -5.275642 100.453056
v 9.670320 -5.945672 100.716187
v 11.000560 -5.945672 101.171539
v 11.000560 -5.275642 100.859444
v 12.330810 -5.945672 100.716187
v 12.160510 -5.275642 100.453056
v 13.102970 -5.945672 99.541168
v 12.813240 -5.275642 99.411621
v 10.000569 -10.003002 99.500801
v 12.000569 -10.003002 99.500801
v 13.102970 -8.945672 99.541168
v 8.898160 -8.945672 99.541168
v 9.670320 -8.945672 100.716187
v 11.000560 -8.945672 101.171539
v 12.330810 -8.945672 100.716187
v 4.240520 10.899126 94.286186
v 4.507900 10.956266 93.195724
v 4.046490 10.838437 95.104385
v 3.716650 10.708378 96.540085
v 3.493540 10.591007 97.566208
v 2.955800 10.192207 98.418137
v 3.317610 10.480477 98.413857
v 2.727830 9.955248 97.819519
v 2.259060 9.215258 96.837349
v 2.072410 8.649648 96.465080
v 2.000560 7.996997 96.172371
v 3.336350 4.102947 92.262756
v 2.870130 4.099387 92.830986
v 4.157900 6.160497 92.985039
v 2.870120 5.296527 93.822845
v 6.000560 7.742967 93.000786
v 6.000560 8.496997 93.000786
v 2.000560 4.285877 92.550560
v 2.000560 5.537417 93.587486
v 2.000560 7.424547 96.802727
v 6.262730 11.262197 92.884270
v 6.882050 11.396996 93.683815
v 2.319980 5.638157 94.399536
v 2.319980 3.119377 92.424698
v 5.500560 8.496998 96.085320
v 5.500560 7.941447 93.743805
v 10.000569 -5.003003 90.938538
v 13.000569 -6.003003 90.938538
v 12.000569 -10.003003 90.938538
v 9.000560 -9.003003 90.938538
v 9.076680 -5.620323 90.938538
v 12.924450 -9.385683 90.938538
v 9.617880 -9.926883 90.938538
v 3.267370 7.839057 98.264496
v 8.214600 11.496998 103.471634
v 3.925160 9.963287 102.567795
v 5.718890 10.274487 104.347649
v 2.591570 9.572027 100.426186
v 2.618610 9.779307 100.360046
v 2.221780 8.656398 98.634476
v 2.247010 9.009328 99.104500
v 2.193080 9.231287 99.045891
v 2.191500 7.587207 97.894577
v 2.144270 8.205347 98.231911
v 2.436120 7.037737 97.270897
v 2.174560 9.292048 98.662155
v 2.249020 9.447698 98.970757
v 2.374610 9.636368 99.451027
v 2.540150 9.807907 99.896767
v 2.617790 7.530337 97.961014
v 2.442240 8.559877 98.710388
v 3.430790 8.641237 99.293449
v 2.670400 8.342387 98.605194
v 2.303840 8.161987 98.331787
v 8.455590 9.651157 104.621346
v 7.662010 9.491967 103.770378
v 5.031760 9.740857 103.298386
v 6.151730 9.887338 104.264694
v 7.824900 8.699927 101.513504
v 4.079040 8.540977 99.212418
v 3.782380 9.433727 101.784737
v 2.614640 8.736487 99.126495
v 2.973740 9.092398 100.372894
v 7.262370 11.496998 102.712387
v 6.510050 11.496998 101.754944
v 5.997300 11.496998 100.649246
v 5.752350 11.496998 99.454948
v 5.788090 11.496998 98.239128
v 5.971760 11.496998 97.172760
v 6.204630 11.496998 96.227119
v 6.505390 11.496998 95.415619
v 6.889490 11.496998 94.763176
v 7.134010 9.951358 104.916817
v 5.124950 11.277308 95.904388
v 4.654100 11.178698 96.903946
v 5.651250 11.345568 95.020515
v 4.498290 11.019347 95.706825
v 2.049090 8.884518 98.203629
v 2.000560 7.874667 97.622429
v 2.000560 8.328628 97.393295
v 4.622230 8.495467 98.563438
v 2.870120 6.306837 95.126114
v 2.870110 7.192167 97.232948
v 4.066980 7.941447 95.868484
v 4.419810 7.941447 95.182487
v 4.889100 7.941447 94.469147
v 4.224350 11.088847 98.010628
v 2.727830 10.011297 98.475685
v 2.727830 10.001687 99.685066
v 2.727830 10.024628 99.093056
v 4.152550 11.047008 99.045555
v 2.727830 9.944847 100.266586
v 4.259250 11.047008 100.205765
v 3.358010 10.230018 101.424957
v 3.779640 10.369647 102.044868
v 4.605200 11.047017 101.449577
v 4.283760 10.501637 102.680054
v 5.243310 11.047017 102.709045
v 5.467210 10.709357 103.861595
v 6.032970 10.771597 104.314087
v 6.193260 11.047017 103.877998
v 7.054520 10.838167 104.992287
v 7.398290 11.047008 104.824966
v 17.915440 8.540977 99.212418
v 16.248770 11.496998 99.454948
v 15.111150 11.496998 94.762535
v 15.495689 11.496998 95.415527
v 15.796539 11.496998 96.227280
v 16.029409 11.496998 97.172966
v 16.213039 11.496998 98.239128
v 14.648709 11.496997 94.291069
v 13.739180 11.496997 93.710197
v 12.699400 11.496997 93.290756
v 11.000569 11.496998 99.124367
v 11.000569 11.495306 92.985916
v 13.908569 11.396996 92.936478
v 16.349810 11.345568 95.020401
v 15.119070 11.396996 93.683815
v 11.000569 8.496998 99.000786
v 12.050570 8.496997 92.865036
v 17.589270 8.496998 99.040909
v 17.372259 8.495467 98.563446
v 17.137480 8.496998 97.957695
v 17.022989 8.496998 97.425865
v 16.847359 8.496998 96.864227
v 16.593840 8.496998 96.268547
v 16.240580 8.496998 95.640411
v 15.761189 8.496998 94.990021
v 15.126309 8.496997 94.339439
v 14.306279 8.496997 93.726105
v 13.281500 8.496997 93.208786
v 11.000560 8.557307 102.134796
v 16.763830 7.941447 94.033859
v 15.956380 7.941447 93.227966
v 16.761299 11.047017 102.703621
v 15.812960 11.047008 103.872978
v 16.091099 10.759757 104.220886
v 14.608860 11.047008 104.821236
v 14.997720 10.836078 104.962097
v 13.239639 11.046997 105.472588
v 13.577320 10.856088 105.667168
v 13.046599 10.856088 105.848694
v 11.763090 11.046997 105.806389
v 11.823339 10.856088 106.100319
v 10.245009 11.046997 105.807167
v 10.539900 10.856088 106.132965
v 13.016860 9.968588 105.749176
v 13.548269 9.651157 104.621346
v 12.305019 9.651157 105.032364
v 11.811379 9.968588 105.997139
v 9.940060 9.968588 105.963654
v 11.000529 9.651157 105.171806
v 16.003809 11.496998 100.649269
v 13.786520 11.496998 103.471634
v 15.967620 9.875957 104.175087
v 14.290119 9.105107 102.620461
v 14.675930 8.718448 101.575859
v 14.442499 9.963987 105.153107
v 14.109630 10.381738 105.668221
v 12.068530 10.380307 106.291756
v 9.932600 10.380307 106.291756
v 16.282230 10.274487 104.347649
v 11.000560 11.487997 104.500801
v 13.271239 11.487997 104.010201
v 12.139030 11.487997 104.376747
v 14.912290 7.941447 92.475136
v 8.092080 11.396996 92.936707
v 9.493810 11.396996 92.446251
v 12.506450 11.396996 92.446045
v 9.301600 11.496997 93.290794
v 8.261840 11.496997 93.710236
v 9.839029 11.487997 104.376747
v 8.729879 11.487997 104.010201
v 7.891500 10.381727 105.668221
v 7.352420 11.496997 94.291069
v 8.404650 9.968588 105.548119
v 9.696020 9.651157 105.032356
v 8.366370 10.856088 105.644676
v 9.348949 10.856088 105.954376
v 8.768109 11.046997 105.474876
v 24.000559 7.424547 92.802727
v 24.000559 5.537416 89.587486
v 24.000559 4.285887 88.550560
v 24.000559 7.996997 92.172371
v 24.072409 8.649647 92.465080
v 24.259048 9.215257 92.837349
v 24.501539 9.656787 93.294846
v 24.727829 9.955247 93.819519
v 25.317610 10.480476 94.413857
v 24.955799 10.192206 94.418137
v 25.493540 10.591006 93.566208
v 25.716639 10.708377 92.540085
v 26.046490 10.838436 91.104385
v 26.507900 10.956266 89.195724
v 26.240519 10.899126 90.286186
v 24.316940 9.337336 80.002296
v 24.657709 9.874486 80.000000
v 27.015049 -10.995563 85.213791
v 39.739799 -10.910503 85.594536
v 39.768280 -10.899694 80.000000
v 40.088829 -10.773393 85.813187
v 40.502048 -10.596704 80.000000
v 41.023239 -10.218583 86.446144
v 41.121201 -10.121364 80.000000
v 41.596870 -9.502194 80.000000
v 41.721977 -9.243183 87.008667
v 26.224100 -10.900784 80.000801
v 25.902260 -10.769443 85.819466
v 25.499170 -10.596904 80.000000
v 24.402590 -9.499594 80.000000
v 24.978340 -10.218993 86.445816
v 24.278149 -9.240913 87.009521
v 39.000561 -11.003003 85.190086
v 39.000259 -10.999664 80.000000
v 37.428650 -11.003003 84.387497
v 28.573059 -11.003003 84.387260
v 26.997990 -11.006474 79.965446
v 42.000561 4.287097 88.551376
v 42.000561 2.480867 87.663879
v 42.000561 1.331397 87.370636
v 42.000561 -0.003003 87.254837
v 42.000561 -8.003003 87.254837
v 24.000559 2.479887 87.663536
v 24.000559 1.330767 87.370522
v 24.000559 -0.003003 87.254829
v 24.000559 -8.003003 87.254837
v 39.491989 10.956476 89.190735
v 39.236370 10.987717 88.174805
v 26.763689 10.987637 88.178970
v 27.000559 10.996997 87.254829
v 39.000561 10.996997 87.254829
v 37.169357 10.996997 86.133926
v 35.136410 10.996997 85.438461
v 33.000549 10.996997 85.202827
v 30.864670 10.996997 85.438469
v 28.831718 10.996997 86.133957
v 41.900188 -8.768024 80.000000
v 24.100260 -8.767794 80.000000
v 42.000259 -7.999663 80.000000
v 24.000259 -3.999664 80.000000
v 24.000259 -7.999663 80.000000
v 24.000259 6.000336 80.000000
v 24.000259 8.000336 80.000000
v 24.073669 8.659916 80.000000
v 25.125799 10.342646 80.000000
v 25.663029 10.681806 80.001572
v 40.302490 10.702966 80.000000
v 40.874928 10.342476 80.000000
v 41.342979 9.874266 80.000000
v 41.703117 9.302075 80.000000
v 41.926868 8.659865 80.000000
v 42.000259 8.000336 80.000000
v 42.000259 6.000336 80.000000
v 27.000259 11.000336 80.000000
v 39.000259 11.000335 68.445816
v 39.760170 10.899237 90.284386
v 40.031811 10.814177 91.430046
v 40.289970 10.705767 92.564819
v 40.514660 10.586886 93.599617
v 40.689320 10.476526 94.442535
v 41.499580 9.656787 93.294861
v 41.742069 9.215257 92.837357
v 41.928707 8.649656 92.465088
v 42.000561 7.997007 92.172379
v 41.273289 9.955247 93.819527
v 3.698510 10.703197 84.000000
v -4.999440 -11.003004 80.000801
v -3.498650 -10.596914 80.000000
v -2.878260 -10.120824 80.000000
v -2.402270 -9.499504 79.999977
v -2.053950 -8.572293 87.205307
v -17.775900 -10.900784 80.000801
v -18.097750 -10.769443 85.819466
v -18.501530 -10.596714 80.000000
v -19.120680 -10.121374 80.000000
v -19.596350 -9.502194 80.000000
v -15.426940 -11.003003 84.387260
v -16.999439 -11.003003 83.000801
v -1.999450 2.480867 87.663879
v -1.999450 1.331387 87.370636
v -1.999450 5.538357 89.588455
v -19.999439 -8.003003 87.254837
v -19.927589 8.649647 92.465080
v -19.498470 9.656787 93.294846
v -16.999439 10.996997 87.254829
v -15.168280 10.996997 86.133957
v 5.015050 -10.995563 89.213776
v 17.768280 -10.899693 84.000000
v 18.502050 -10.596703 84.000000
v 19.121199 -10.121363 84.000000
v 19.596870 -9.502193 84.000000
v 19.946049 -8.572293 91.205307
v 4.224100 -10.900783 84.000786
v 3.902260 -10.769443 89.819466
v 3.498470 -10.596713 84.000000
v 2.879320 -10.121373 84.000000
v 2.978330 -10.218993 90.445808
v 2.403640 -9.502193 84.000000
v 2.278150 -9.240913 91.009506
v 17.000259 -10.999663 84.000000
v 13.768300 -11.003003 87.838821
v 11.000560 -11.003003 87.548820
v 8.233150 -11.003003 87.838737
v 6.573060 -11.003003 88.387245
v 5.000260 -10.999663 84.000000
v 20.000559 4.287097 92.551369
v 20.000559 2.480867 91.663864
v 20.000559 1.331387 91.370628
v 20.000559 -0.003003 91.254829
v 20.000559 -8.003003 91.254837
v 2.000560 1.330767 91.370514
v 2.000560 -0.003003 91.254829
v 2.000560 -8.003003 91.254829
v 20.000559 7.996997 96.172371
v 19.928709 8.649648 96.465080
v 19.742060 9.215258 96.837349
v 19.499580 9.656788 97.294846
v 19.273279 9.955248 97.819519
v 18.689310 10.476527 98.442528
v 18.514650 10.586887 97.599609
v 18.289959 10.705768 96.564804
v 2.501540 9.656788 97.294846
v 5.000560 10.996997 91.254829
v 11.000540 10.996997 89.202827
v -19.899670 -8.768024 80.000000
v -2.099740 -8.767794 80.000000
v 19.900179 -8.768023 84.000000
v 2.100320 -8.768023 84.000000
v 2.000260 -7.999663 84.000000
v 20.000259 -7.999663 84.000000
v -16.999739 -10.999674 80.000000
v -10.999740 -11.001334 78.344086
v 11.000560 -11.003003 82.163971
v -1.999740 -7.999663 80.000000
v -1.999740 -3.999664 80.000000
v -19.999739 -7.999663 80.000000
v -19.999739 8.000336 71.658287
v -19.926319 8.660026 80.000000
v -19.702370 9.302555 80.000000
v -19.341879 9.874995 80.000000
v -18.873680 10.343056 80.000000
v -18.301489 10.703185 80.000000
v -4.340090 10.926906 80.000000
v -3.628340 10.668796 79.999390
v -3.125280 10.342635 80.000000
v -2.657190 9.874475 80.000000
v -2.344030 9.381525 80.000580
v -1.999440 7.996996 80.000801
v -1.999740 6.000336 80.000000
v 2.000260 8.000337 84.000000
v 2.073690 8.660036 84.000000
v 2.297630 9.302567 84.000000
v 2.658120 9.875007 84.000000
v 3.126320 10.343057 84.000000
v 18.302010 10.703197 84.000000
v 18.874199 10.343057 84.000000
v 19.342400 9.875007 84.000000
v 19.702879 9.302567 84.000000
v 19.926830 8.660036 84.000000
v 20.000259 8.000337 84.000000
v 20.000259 6.000336 84.000000
v 17.000259 11.000337 84.000000
v 5.000260 11.000337 84.000000
v -4.999740 11.000336 80.000000
v -16.999739 11.000336 80.000000
v 3.862410 -10.597994 81.403526
v 2.429480 -9.539404 80.001572
v -2.163090 -9.498304 78.958191
v -2.834100 -10.597994 77.818855
v -1.496830 -9.498304 78.122726
v -0.917830 -10.597744 76.622559
v -0.534040 -9.498304 77.659058
v 0.595260 -10.597744 76.550949
v 0.534560 -9.498304 77.659058
v 1.996900 -10.597744 77.125381
v 1.497340 -9.498304 78.122726
v 3.024540 -10.597744 78.238281
v 2.163610 -9.498304 78.958191
v 3.716040 -10.597994 79.603668
v 2.114560 -8.819874 80.000000
v 19.584429 -9.497994 79.999771
v 19.892109 -8.797915 80.000000
v 18.403940 -10.648384 79.906197
v 19.920809 -9.498304 78.799438
v 18.992470 -10.597744 78.210251
v 20.036209 -10.597744 77.103027
v 20.799690 -9.498304 77.920547
v 21.451180 -10.597744 76.543350
v 22.000259 -9.498304 77.598862
v -1.226030 -10.999664 75.152710
v 36.384720 -10.999664 74.669846
v 22.288979 -10.999664 75.008347
v -0.269430 -10.999664 75.007278
v 21.317369 -10.999664 75.046860
v 0.697250 -10.999664 75.048828
v 20.371260 -10.999664 75.272797
v 1.638100 -10.999664 75.275879
v -2.137150 -10.999664 75.479889
v 19.487110 -10.999664 75.677505
v 2.517310 -10.999664 75.679756
v 18.697750 -10.999664 76.245880
v 3.302530 -10.999664 76.245667
v -4.249740 -10.999664 75.500000
v 3.963750 -10.999664 76.951927
v 18.033609 -10.999664 76.956047
v 4.476600 -10.999664 77.772369
v 17.519459 -10.999664 77.781357
v 4.821960 -10.999664 78.676682
v 17.174639 -10.999664 78.691040
v -4.205970 -10.999994 77.519279
v -16.999739 -10.999664 71.073540
v 4.985890 -10.999664 79.621201
v 5.012050 -10.999664 81.492416
v 17.006720 -10.999664 81.497406
v 5.000260 -10.999663 82.404785
v 3.153650 10.598415 78.481400
v 2.163610 9.498976 78.958191
v 2.182470 10.598415 77.263596
v 1.497340 9.498976 78.122726
v 0.779080 10.598415 76.587746
v 0.534560 9.498976 77.659058
v -0.778570 10.598415 76.587746
v -0.534050 9.498976 77.659058
v -2.181960 10.598415 77.263596
v -1.496830 9.498976 78.122726
v -3.153130 10.598415 78.481400
v -2.163090 9.498976 78.958191
v 4.332700 10.838366 80.000000
v 3.588770 10.633665 80.000130
v 3.129790 10.345825 80.000000
v 2.654770 9.870806 80.000000
v 2.343810 9.382505 79.997742
v 2.075470 8.667895 80.000000
v 22.779079 10.598415 76.587746
v 22.534559 9.498976 77.659058
v 21.221439 10.598415 76.587746
v 21.465960 9.498976 77.659058
v 19.818050 10.598415 77.263596
v 20.503170 9.498976 78.122726
v 17.667999 10.887345 80.000000
v 18.846870 10.598415 78.481400
v 19.345760 9.870795 80.000000
v 18.870739 10.345825 80.000000
v 18.393969 10.649546 80.002640
v 19.836910 9.498976 78.958191
v 19.657639 9.371016 80.000557
v 2.000260 -7.999663 80.000000
v 1.932110 -7.999663 79.482361
v 1.816940 7.996986 79.124008
v 1.732310 -7.999663 79.000000
v 1.414470 -7.999664 78.585800
v 1.358160 7.996366 78.504211
v 1.000260 -7.999664 78.267960
v 0.706520 7.997725 78.114319
v 0.517890 -7.999664 78.068161
v 0.000260 -7.999664 78.000000
v 0.003620 7.996866 77.980995
v -0.517380 -7.999664 78.068161
v -0.738960 7.997245 78.124802
v -0.999740 -7.999664 78.267960
v -1.349700 7.997156 78.502602
v -1.413950 -7.999664 78.585800
v -1.731790 -7.999663 79.000000
v 22.000200 -7.999664 78.000000
v 22.003620 7.996866 77.980995
v 21.482630 -7.999664 78.068146
v 21.261059 7.997245 78.124802
v 21.000250 -7.999664 78.267960
v 20.650309 7.997156 78.502602
v 20.586039 -7.999664 78.585800
v 20.268209 -7.999663 79.000000
v 20.180429 7.996546 79.120590
v 20.000259 -7.999663 80.000000
v 20.068409 -7.999663 79.482361
v -1.815180 7.996526 79.114258
v 2.000870 7.998626 80.000000
v 20.026100 8.002255 79.785767
v 20.000259 6.000336 80.000000
v 17.000259 11.000336 80.000000
v 5.000260 11.000336 80.000000
v -4.846000 11.000336 78.769638
v -4.961660 11.000336 79.384048
v 17.072119 11.000336 79.155350
v 4.928740 11.000336 79.157379
v 17.292480 11.000336 78.315720
v 4.708030 11.000336 78.315689
v 4.336710 11.000336 77.510986
v 17.664629 11.000336 77.509544
v -0.934440 11.000336 75.088150
v -1.779800 11.000336 75.327591
v -2.568620 11.000336 75.710388
v -4.387880 11.000006 77.501068
v -3.281240 11.000336 76.227509
v 18.176229 11.000336 76.778702
v 3.825240 11.000336 76.779831
v 18.805569 11.000336 76.153717
v 3.194810 11.000336 76.153610
v 19.528919 11.000336 75.653458
v 2.470280 11.000336 75.652710
v 20.326019 11.000336 75.288651
v 1.672870 11.000336 75.288071
v 21.176970 11.000336 75.068245
v 22.056419 11.000336 75.000320
v 0.822370 11.000336 75.068047
v -0.056910 11.000336 75.000336
v 35.768311 -11.003003 83.838829
v 33.000568 -11.003003 83.548828
v 30.233149 -11.003003 83.838745
v 22.969919 -10.597744 76.637009
v 23.200829 -9.498304 77.920547
v 24.079710 -9.498304 78.799438
v 24.426199 -10.597994 77.569984
v 40.448280 -10.604164 74.808990
v 41.176937 -10.060894 74.960770
v 41.686390 -9.551994 74.607185
v 42.000000 -5.538445 70.524696
v 41.997669 -8.011104 74.094620
v 23.249689 -10.999664 75.158630
v 39.022671 -10.999994 75.082916
v 24.163559 -10.999664 75.492218
v 25.029650 -10.999664 76.311890
v 25.976419 -10.999994 77.808350
v 33.000408 -11.014164 78.344498
v 25.153650 10.598415 78.481400
v 24.163609 9.498976 78.958191
v 24.182470 10.598415 77.263596
v 23.497349 9.498976 78.122726
v 23.932110 -7.999663 79.482361
v 23.942080 7.997396 79.455788
v 23.732309 -7.999663 79.000000
v 23.606459 7.997036 78.779907
v 23.414480 -7.999664 78.585800
v 23.206829 8.000336 78.404945
v 23.000259 -7.999664 78.267960
v 22.706530 7.997736 78.114319
v 22.517920 -7.999664 78.068161
v 42.000000 -4.371914 66.473175
v 26.962389 11.000336 79.385757
v 26.846819 11.000336 78.770836
v 24.567120 11.000336 75.709167
v 23.778080 11.000336 75.326736
v 22.933369 11.000336 75.087837
v 25.280840 11.000336 76.226700
v 26.776430 11.000006 78.092125
v 25.819859 10.888856 78.117722
v 32.419659 -10.399439 12.096821
v 32.072529 -12.242128 12.443951
v 31.505579 -13.972339 13.010900
v 30.735849 -15.538078 13.780631
v 31.638689 -14.490418 14.445611
v 29.786489 -16.892288 14.730000
v 28.685999 -17.994268 15.830490
v 27.467470 -18.810898 17.049021
v 32.070408 -8.486059 13.147421
v 28.403490 -8.478859 11.381371
v 35.000248 -3.936309 11.335910
v 35.000248 -5.767119 10.523140
v 35.000248 -7.437229 9.417141
v 35.000248 -8.900099 8.048740
v 35.000248 -10.114959 6.456061
v 35.000248 -11.047959 4.683491
v 35.000248 -11.673100 2.780411
v 35.000248 -11.972970 0.799871
v 35.000248 -11.939210 -1.202969
v 35.000248 -11.572760 -3.172289
v 29.568960 -8.933689 8.011440
v 30.374840 -8.144999 8.837511
v 28.555639 -9.642999 7.141841
v 27.305819 -10.220290 6.258471
v 27.400249 -11.090159 4.582671
v 27.400249 -11.648870 2.880261
v 26.693140 -11.321600 2.978251
v 27.400249 -11.947869 1.113641
v 26.693140 -11.694790 0.529431
v 25.933590 -9.859529 5.580841
v 23.331669 -11.284570 5.488651
v 25.973909 -12.570449 6.521761
v 24.851940 -11.606910 5.522401
v 25.381189 -14.244259 7.114471
v 22.472120 -13.824709 6.348201
v 24.596380 -15.751698 7.899291
v 23.892899 -14.441059 6.481451
v 23.642179 -17.049110 8.853480
v 21.123739 -15.896818 7.696591
v 22.388430 -16.753010 7.985911
v 22.546259 -18.098930 9.949421
v 19.405020 -17.318781 9.415311
v 20.470789 -18.339560 9.903561
v 21.340309 -18.870750 11.155351
v 20.059309 -19.342201 12.436372
v 17.467039 -17.965611 11.353291
v 18.308489 -19.061260 12.065862
v 18.740320 -19.499649 13.755362
v 33.465137 -13.235399 -4.380779
v 33.173611 -11.740769 -2.479189
v 31.965130 -11.927700 -1.312199
v 30.600248 -11.995120 -0.330119
v 30.058479 -11.999370 -0.083629
v 29.533369 -11.999650 0.015401
v 28.992340 -11.999640 -0.019969
v 28.454319 -11.998070 -0.195269
v 27.920010 -11.988319 -0.521529
v 27.407869 -11.948689 -0.931879
v 27.095779 -11.872330 -1.379369
v 26.717588 -11.599589 -1.870699
v 26.456490 -11.058920 -2.464809
v 26.481529 -14.054910 -5.301299
v 26.400249 -4.328451 -11.000000
v 24.014629 -8.499660 5.092440
v 16.677950 -16.499321 11.575070
v 17.653589 -16.366720 10.599431
v 18.598009 -15.998138 9.655021
v 19.483110 -15.404799 8.769911
v 22.283489 -8.499650 5.969530
v 22.198170 -9.883820 6.054851
v 21.945139 -11.224919 6.307891
v 21.532379 -12.483028 6.720641
v 20.972559 -13.620779 7.280471
v 20.282579 -14.604408 7.970441
v 22.283489 -7.749660 5.969530
v 19.834080 -7.731839 8.359891
v 24.577480 -13.490491 -6.585429
v 17.341770 -13.084130 -7.208289
v 20.867889 -13.108590 -7.334049
v 24.432419 -12.360861 -7.882919
v 17.486290 -11.329850 -8.838139
v 24.264309 -11.051781 -8.980519
v 20.856699 -11.356471 -8.913339
v 24.078850 -9.607660 -9.850239
v 17.656670 -9.261781 -10.049159
v 20.843620 -9.307321 -10.083009
v 23.880020 -8.059451 -10.482169
v 16.214319 -4.669021 -11.015249
v 17.840319 -7.032481 -10.770159
v 20.829569 -7.107571 -10.778338
v 23.455170 -4.751331 -11.000000
v 20.806250 -4.910441 -11.000239
v 23.671520 -6.435801 -10.868109
v 18.497009 -4.885051 -10.990560
v 17.103180 -14.403689 -5.273829
v 21.017170 -14.452459 -5.464399
v 19.672049 -14.448310 -5.462519
v 17.629410 -16.837530 -0.581079
v 20.161499 -16.824301 -1.002199
v 23.596750 -18.296160 2.505691
v 18.735910 -18.841341 3.969481
v 21.208899 -18.772331 3.326561
v 16.323130 -18.631910 4.758181
v 25.024580 -19.766380 6.560331
v 20.334389 -20.434790 8.385592
v 22.725050 -20.309891 7.528271
v 17.993799 -20.216761 9.371592
v 15.747669 -19.646170 10.485722
v 26.834570 -20.859951 10.495751
v 24.628809 -21.455990 11.608292
v 22.338320 -21.627979 12.674541
v 20.082409 -21.413689 13.853102
v 17.901909 -20.789568 15.133262
v 28.950480 -21.599249 14.314192
v 26.839010 -22.229639 15.572032
v 25.693859 -14.366230 -4.943739
v 26.677910 -14.318540 -4.759369
v 27.057508 -14.559390 -4.132729
v 27.517170 -14.713229 -3.633959
v 28.065609 -14.798779 -3.222569
v 29.337379 -14.755830 -2.737569
v 29.992100 -14.634350 -2.698549
v 28.627289 -14.799450 -2.944839
v 31.813768 -14.025620 -3.271419
v 31.226170 -14.248409 -3.011169
v 30.600248 -14.464350 -2.799359
v 32.287781 -13.855120 -3.545269
v 32.721668 -14.682719 -0.780079
v 25.760559 -17.307371 1.196891
v 29.247889 -16.000090 0.241171
v 26.340639 -17.953241 2.998651
v 33.498310 -15.355419 1.854641
v 30.214920 -16.975250 3.374351
v 26.920719 -18.599121 4.800411
v 27.727909 -19.131071 6.687081
v 34.474819 -15.902980 4.432591
v 31.447470 -17.747110 6.431111
v 28.535120 -19.663031 8.573751
v 35.629841 -16.330900 6.950411
v 29.586870 -20.059801 10.557812
v 32.908791 -18.325771 9.408881
v 30.638609 -20.456570 12.541882
v 31.938589 -20.689219 14.620751
v 34.562160 -18.721361 12.305120
v 23.400249 -15.352599 -3.491139
v 17.678480 -2.252671 -10.979990
v 26.400249 0.000339 -11.000000
v 26.400249 -5.999660 6.000000
v 26.400249 -6.185411 -10.846009
v 26.395069 -7.731599 5.017750
v 26.400249 -7.983771 -10.390339
v 26.513069 -10.342420 5.168801
v 26.400249 -9.674241 -9.648619
v 26.400249 -10.422130 3.517401
v 26.400249 -10.624570 -2.848019
v 26.400249 -11.227020 -8.632099
v 26.400249 -12.581301 -7.378909
v 26.400249 -13.702430 -5.925879
v 26.400249 -10.926929 -1.262839
v 26.400249 -10.994100 0.349611
v 26.400249 -10.824610 1.954551
v 17.807880 0.018829 -10.968920
v 26.401310 0.004721 11.027630
v 27.056650 0.009041 11.893700
v 35.028111 0.000401 11.995700
v 18.445629 0.000341 14.190539
v 30.443220 -16.821579 15.962570
v 41.723957 -14.988138 14.960041
v 40.586308 -14.567879 15.870160
v 36.078270 -8.499549 15.917670
v 41.686008 -7.846389 15.457411
v 41.993778 -9.961208 14.295361
v 41.768360 -10.688519 14.904301
v 41.475121 -13.705659 15.476531
v 40.743858 -13.574328 15.745851
v 41.901421 -13.687889 14.881580
v 42.000248 -13.190319 14.223221
v 36.801727 -18.689329 15.871611
v 40.324841 -16.751478 15.042260
v 41.177620 -15.928658 15.160561
v 40.124500 -15.270988 15.933730
v 41.798557 -15.101449 14.199861
v 41.573380 -15.566639 14.151120
v 36.394447 -18.926088 15.099561
v 38.389877 -16.849871 11.792181
v 40.178749 -16.921059 14.265580
v 42.000248 2.483392 21.605059
v 42.000248 -10.670350 4.095721
v 42.000248 -11.570879 7.146531
v 42.000248 -4.597659 15.664479
v 42.012817 -6.841379 14.962471
v 42.000248 -9.203149 14.248711
v 42.000248 1.331452 20.130859
v 42.020210 -13.838649 14.297920
v 42.000248 -11.527449 14.084471
v 42.000248 -12.690879 10.550430
v 42.000248 -2.459449 16.884909
v 40.373638 0.000341 17.383530
v 42.000248 0.000341 18.437679
v 26.400249 11.000340 11.999999
v 35.707371 -6.776409 9.546301
v 35.707371 -9.356179 7.036460
v 35.707371 -11.051570 3.861541
v 41.540340 -12.200940 3.641401
v 41.572781 -13.768048 8.916581
v 38.946590 -14.482480 5.486781
v 40.272350 -13.747149 5.044611
v 36.941971 -16.644690 9.404731
v 40.171909 -14.742008 7.981741
v 40.185719 -15.745608 10.958211
v 36.000248 -3.635309 10.381810
v 36.000248 -5.322479 9.626400
v 36.000248 -6.858379 8.599881
v 36.000248 -8.204789 7.326370
v 36.000248 -9.318120 5.845170
v 36.000248 -10.166260 4.199991
v 36.000019 10.999890 11.005749
v 39.035210 10.995873 49.494038
v 39.000248 11.000340 -0.000001
v 35.776638 11.000001 11.664489
v 42.000248 8.000340 -0.000001
v 42.000248 3.414532 23.223810
v 36.000248 -1.844169 10.844250
v 36.001549 0.000231 11.042049
v 39.667820 10.925119 -0.000001
v 35.500248 0.000341 11.866019
v 35.707348 0.000341 11.707109
v 35.866287 0.000341 11.500000
v 35.707371 -3.556119 11.153830
v 35.016300 10.999091 11.999289
v 26.465439 8.995501 11.934099
v 35.028721 -0.000859 13.184060
v 27.016809 -0.015909 12.242849
v 35.707371 -11.702340 0.321631
v 35.707371 -11.246989 -3.248679
v 41.790501 -5.249300 -8.185360
v 41.122440 -5.675620 -9.110200
v 40.104530 -6.720840 -9.329529
v 41.790501 -7.108090 -7.059629
v 41.122440 -7.731270 -7.865059
v 40.104530 -9.117571 -7.542279
v 41.790501 -8.662260 -5.536369
v 41.122440 -9.455870 -6.174530
v 41.790501 -9.813160 -3.685859
v 40.998501 -10.874050 -3.698949
v 35.708569 -12.464149 -4.838629
v 35.391041 -11.271200 -6.775299
v 39.766819 -10.030181 -6.704769
v 39.677708 -8.880741 -7.948279
v 38.503269 -9.609481 -7.801749
v 39.572411 -7.560160 -9.001348
v 37.779819 -7.191381 -9.583109
v 39.450840 -6.084371 -9.852670
v 39.313801 -4.481001 -10.481510
v 36.955200 -4.637851 -10.659180
v 35.958500 -8.662420 -7.283499
v 35.906017 -9.912870 -8.076259
v 35.756847 -9.603351 -6.615099
v 35.605900 -10.898741 -7.172769
v 35.523701 -10.170810 -6.084329
v 35.278999 -10.594570 -5.563519
v 35.085728 -11.800400 -6.210569
v 35.000248 -10.883820 -5.053209
v 34.382549 -12.563650 -5.283659
v 34.204571 -11.393559 -3.765509
v 41.831787 -10.325550 -1.580419
v 40.452030 -11.228350 -3.756159
v 41.394798 -11.078779 -1.490789
v 35.975498 -13.183100 -2.767199
v 39.884449 -11.554299 -3.606519
v 38.226559 -12.188280 -3.499429
v 39.998249 -12.452600 -0.543649
v 36.622608 -13.684859 -0.231989
v 36.000248 -3.910521 -10.862229
v 36.000248 -5.679771 -10.452290
v 36.000248 -8.876571 -8.876909
v 36.000248 -7.360101 -9.777948
v 36.000248 -7.777830 -7.778169
v 36.000248 -8.972791 -6.362619
v 36.000248 -9.911620 -4.770009
v 36.000248 -10.569540 -3.045909
v 36.000248 -10.929669 -1.238859
v 36.000248 -10.726080 2.437971
v 36.000248 -10.982840 0.607901
v 36.000248 11.000340 -0.000001
v 42.000248 -9.964220 1.307481
v 42.000248 -9.396600 -1.404719
v 42.000248 7.878380 -1.391561
v 42.000248 -9.035069 -2.694289
v 42.000248 7.516860 -2.738980
v 42.000248 -8.434979 -3.937859
v 42.000248 6.926709 -4.003160
v 42.000248 -7.607240 -5.080389
v 42.000248 6.125730 -5.145840
v 42.000248 -6.585680 -6.067509
v 42.000248 5.138509 -6.131820
v 42.000248 -5.367960 -6.890199
v 42.000248 3.994869 -6.931360
v 42.000248 -4.019850 -7.495259
v 42.000248 2.730239 -7.519820
v 42.000248 -2.567220 -7.870460
v 42.000248 1.381559 -7.879860
v 42.000248 -1.033450 -8.000000
v 42.000248 0.000339 -8.000000
v 36.002430 -2.089961 -11.001340
v 36.000248 0.000339 -11.000000
v 36.000248 10.864900 -1.720861
v 36.000248 10.461909 -3.399351
v 36.000248 9.801300 -4.994111
v 36.000248 8.899329 -6.465900
v 36.000248 7.778229 -7.778450
v 36.000248 6.465590 -8.899470
v 36.000248 4.993929 -9.801229
v 36.000248 3.399289 -10.461699
v 36.000248 1.720969 -10.864600
v 39.000248 1.640089 -10.877100
v 39.000248 0.000339 -11.000000
v 39.000248 3.244469 -10.510739
v 39.000248 4.775519 -9.909470
v 39.000248 6.198619 -9.087430
v 39.000248 7.482949 -8.062921
v 39.000248 8.600629 -6.858200
v 38.977108 10.488350 -3.499001
v 39.000248 10.892429 -1.817461
v 40.870720 10.345830 -0.000001
v 40.393539 10.649859 -0.002851
v 40.448811 9.927259 -3.464021
v 41.345760 9.870810 -0.000001
v 41.696907 9.311900 0.000029
v 41.925030 8.667900 -0.000001
v 40.409500 0.000769 -10.636100
v 39.667820 0.000339 -10.924780
v 41.598339 2.459119 -9.176300
v 41.925030 0.000339 -8.667560
v 41.642410 0.002819 -9.403950
v 40.498890 2.878039 -10.200720
v 41.345760 0.000339 -9.870470
v 40.870720 0.000339 -10.345490
v 41.598339 4.750340 -8.227240
v 40.498890 5.539539 -9.036210
v 41.598339 6.717859 -6.717510
v 40.498890 7.784889 -7.192810
v 41.598339 8.227580 -4.750000
v 41.598339 9.176630 -2.458781
v 39.163651 -2.793671 -10.867330
v 37.007000 -1.757821 -11.000000
v 38.007130 -1.405261 -11.000000
v 39.000248 -1.033451 -11.000000
v 40.104530 -3.962301 -10.423570
v 41.122440 -3.405771 -9.867499
v 41.790501 -3.190391 -8.872169
v 40.210461 -1.032831 -10.732610
v 39.688419 -1.033451 -10.920000
v 41.191219 -1.036731 -10.061060
v 41.745838 -1.034991 -9.191689
v 41.925671 -1.033450 -8.664810
v 42.001247 -0.716289 18.437929
v 42.000469 4.694652 28.631779
v 42.000248 4.551242 26.766989
v 42.000248 0.000341 18.848030
v 37.135597 0.000341 19.331379
v 42.000248 4.107222 24.952900
v 12.488549 0.000341 15.797460
v 33.238560 -20.921869 16.699631
v 40.067570 -16.004229 15.871800
v 40.760658 -15.521838 15.751841
v 40.225887 -16.423618 15.522441
v 33.357368 -19.377958 18.470011
v 36.380737 -17.225319 16.867271
v 34.805279 -18.148939 17.559721
v 36.713840 -18.038359 16.644302
v 38.094601 -16.322199 16.334831
v 33.580948 -19.835438 18.334522
v 33.702980 -20.361219 17.978352
v 33.547588 -20.858519 17.232431
v 30.691710 -22.247688 18.435131
v 31.626789 -21.898539 18.600922
v 31.840279 -21.445259 19.191351
v 31.804850 -20.767508 19.564032
v 31.412720 -21.953678 17.937782
v 32.265511 -19.557428 19.090281
v 41.252148 -11.004429 15.388371
v 40.647129 -11.326499 15.577181
v 40.529858 -9.020059 15.797781
v 41.139530 -8.519969 15.750001
v 40.407970 -6.809148 16.372110
v 41.015907 -6.134358 16.528730
v 41.587860 -5.176949 16.533300
v 40.384239 -4.488049 17.392160
v 41.931919 -4.012568 16.465799
v 40.926449 -3.843628 17.703009
v 41.230488 -3.300179 17.899910
v 41.476589 -2.758468 18.060869
v 41.811150 -1.865798 18.297659
v 35.712749 -9.705119 15.916551
v 35.292061 -10.917318 16.036640
v 39.140087 -13.047459 15.912050
v 36.256588 -12.375669 16.181969
v 35.099331 -11.526118 16.163340
v 34.118000 -13.056079 16.558632
v 38.581341 -14.439468 16.130642
v 41.265430 -14.760379 15.591190
v 29.345249 -16.448059 19.291731
v 31.476999 -15.179209 17.951511
v 33.818291 -18.552078 18.041241
v 35.417110 -17.434629 17.183451
v 33.030781 -13.914529 16.946671
v 36.997120 -16.055189 16.526812
v 29.027149 -17.605968 18.874962
v 28.509630 -18.421309 17.896162
v 30.801840 -16.137709 17.100271
v 33.638218 -12.777199 15.805040
v 16.994280 -9.817977 31.764849
v 16.699249 -10.417857 31.946739
v 16.309790 -10.982057 32.005840
v 15.849350 -11.480687 31.941809
v 15.352130 -11.884047 31.765268
v 14.838850 -12.182638 31.489380
v 14.329360 -12.368058 31.127310
v 26.167519 -19.317648 18.348961
v 24.825220 -19.499258 19.691261
v 26.329359 -19.149008 20.076422
v 27.026060 -18.273878 20.876060
v 23.480919 -19.350298 21.035561
v 21.395060 -18.034819 23.975502
v 20.946730 -18.088358 23.569752
v 22.175020 -18.875238 22.341471
v 24.094049 -18.940718 22.311741
v 22.807650 -17.274929 24.783951
v 22.344950 -17.619608 24.595291
v 21.906479 -17.855818 24.346062
v 24.974440 -18.082708 22.927681
v 17.421549 -19.338539 15.074121
v 16.141199 -18.863508 16.354481
v 14.936330 -18.088348 17.559341
v 15.528509 -17.957008 24.596241
v 20.261929 -19.889578 26.448622
v 19.213820 -18.990538 27.482792
v 16.936220 -16.858948 30.158461
v 18.191849 -18.063108 28.615801
v 18.990660 -17.988428 29.047941
v 19.740820 -17.362608 29.204792
v 16.331409 -15.518137 32.233101
v 17.215960 -14.867797 32.393059
v 30.568039 -19.940788 20.112841
v 28.396648 -17.089798 20.172592
v 28.937698 -20.184059 21.220982
v 27.432890 -17.510118 21.050821
v 27.353060 -20.111368 22.339451
v 26.406818 -17.718008 21.981041
v 25.853859 -19.721228 23.445112
v 25.323210 -17.679249 22.968912
v 24.462950 -19.049408 24.509401
v 24.254820 -17.385418 23.947861
v 23.009180 -19.027708 26.102711
v 23.148390 -16.878639 24.867441
v 23.198820 -18.140188 25.503212
v 22.345739 -16.220268 25.728161
v 21.272650 -17.608948 27.679482
v 22.079659 -17.026558 26.409101
v 21.590139 -15.584958 26.504631
v 20.157200 -16.651409 28.870762
v 17.499830 -14.381307 32.225430
v 20.965439 -14.977737 27.193882
v 21.123350 -15.732718 27.218712
v 20.376820 -14.311357 27.891041
v 20.017679 -13.853787 28.334711
v 19.662100 -13.331987 28.795961
v 16.911129 -19.998398 18.422041
v 24.661119 -22.431028 16.843611
v 22.502699 -22.216898 18.208851
v 18.234289 -20.367628 20.844070
v 20.402149 -21.553728 19.645422
v 22.794809 -21.723639 24.323452
v 19.742090 -20.532848 23.211132
v 31.134048 -20.311558 19.939352
v 29.809340 -22.524048 19.049091
v 29.856409 -20.687609 20.837511
v 29.936270 -21.366539 20.869272
v 29.863039 -22.075018 20.565651
v 29.129589 -22.672338 19.525942
v 29.574049 -22.546278 20.023392
v 27.998110 -22.827509 20.330921
v 28.596489 -20.854799 21.739141
v 28.037609 -21.543619 22.234392
v 27.855619 -22.260458 22.005220
v 27.487440 -22.735968 21.517422
v 27.170790 -22.850668 20.932411
v 26.177769 -22.792389 21.672102
v 27.138960 -20.806158 22.819731
v 25.207279 -22.625618 22.415562
v 26.183180 -21.308828 23.640781
v 25.894218 -22.011278 23.490601
v 24.435659 -22.421459 23.016682
v 25.446520 -22.475239 23.061691
v 25.654999 -20.475668 23.971802
v 23.602819 -22.113089 23.676201
v 24.211180 -19.838888 25.126541
v 24.411779 -20.658249 25.044182
v 22.830729 -19.525608 26.366982
v 24.020910 -21.322758 24.972691
v 22.363619 -20.159769 26.411682
v 23.501730 -21.759218 24.599051
v 21.249880 -20.698038 25.578192
v 21.689959 -20.621138 26.041262
v 22.010630 -21.252478 24.957500
v 20.788450 -4.830187 30.145149
v 20.662199 -5.250207 29.822498
v 20.449850 -5.827578 29.585810
v 20.261070 -6.371297 29.463579
v 20.029139 -7.073067 29.382259
v 19.776430 -7.902457 29.360140
v 19.560110 -8.670467 29.391270
v 19.409479 -9.262438 29.444180
v 19.254559 -9.925298 29.530100
v 19.100809 -10.631788 29.658548
v 18.949780 -11.716998 29.801609
v 17.115250 -13.815407 32.820549
v 19.111359 -12.303068 29.545710
v 19.376980 -12.716118 29.271940
v 20.377750 -0.002948 29.531540
v 20.793100 -0.017378 30.146420
v 19.140049 -0.003108 29.622019
v 19.717310 -0.013358 29.356989
v 16.273079 0.000332 32.486050
v 12.030450 0.000332 32.486050
v 6.020040 0.000332 26.475630
v 5.601190 0.000332 25.950399
v 5.309710 0.000332 25.345150
v 5.160220 0.000332 24.690199
v 5.160220 0.000332 24.018419
v 5.309710 0.000332 23.363470
v 5.601190 0.000342 22.758209
v 6.221340 -0.003728 22.038799
v 2.300260 0.000341 14.500000
v 2.233440 0.000341 15.050360
v 2.300260 0.000341 10.000000
v 2.036850 0.000341 15.568780
v 1.721900 0.000341 16.025099
v 1.306880 0.000341 16.392809
v 0.815900 0.000341 16.650520
v 0.277510 0.000341 16.783230
v -0.277000 0.000341 16.783230
v -2.299750 -2.199659 10.000000
v -1.378830 -2.193289 8.503350
v 1.418520 -2.181339 8.504769
v 2.100020 -2.186279 8.888610
v 2.297690 -2.194449 9.435690
v 2.300260 -2.199659 10.000000
v 3.407610 -10.999667 32.262131
v 1.310370 -10.999668 28.350470
v -0.462360 -10.999668 24.083439
v 15.587979 -19.629169 16.000011
v 14.018990 -18.146770 5.701561
v 15.700199 -16.391640 12.552831
v 14.749550 -16.046379 13.503481
v 13.854540 -15.473248 14.398491
v 7.964790 -5.699658 20.288229
v 6.741230 -9.817978 21.511799
v 6.441890 -9.499497 21.811140
v 6.154040 -8.861788 22.109940
v 6.020040 -8.074588 22.232990
v 15.423699 -15.286607 32.260769
v 12.346789 -14.958708 28.083731
v 8.567650 -12.455257 30.710230
v 6.451560 -12.399498 27.242369
v 9.727819 -15.059527 23.616791
v 13.136180 -17.598358 20.427202
v 4.796220 -12.348087 23.804539
v 7.353800 -14.737597 19.060532
v 3.314480 -12.279058 19.909729
v 11.061910 -17.036879 16.101212
v 13.389179 -18.549250 11.103730
v 5.796500 -14.298999 15.814700
v 2.033090 -12.173429 15.575901
v 2.300260 -12.418669 14.500001
v 9.326020 -16.296740 11.640811
v 11.690670 -17.197760 6.206071
v 4.455630 -13.760279 8.993650
v 2.300260 -12.713479 9.366760
v 7.948740 -15.402069 7.068591
v 2.300260 -12.661489 4.176251
v 2.300260 -5.999659 14.500000
v 2.297930 -6.495509 9.455451
v 1.356990 -6.494390 8.502941
v -1.363010 -6.493809 8.503120
v 1.993400 -6.483579 8.769721
v 6.020040 -8.074578 26.475630
v 5.602690 -8.074578 25.952789
v 5.317310 -8.074578 25.366610
v 5.164950 -8.074578 24.729809
v 5.155270 -8.074578 24.065729
v 5.297520 -8.074578 23.399029
v 5.590000 -8.074578 22.776159
v 5.674360 -9.664207 22.901619
v 6.563610 -10.397498 21.794909
v 6.500460 -10.934708 22.158859
v 5.540180 -10.155668 23.955490
v 6.549320 -11.421127 22.594439
v 6.711430 -11.836438 23.086729
v 5.831480 -10.484048 25.040609
v 6.987410 -12.159708 23.619699
v 7.364130 -12.363348 24.158329
v 6.101620 -9.142467 26.394049
v 6.339350 -10.151058 26.156319
v 6.717240 -11.055808 25.778429
v 7.214420 -11.821308 25.281250
v 7.823020 -12.433067 24.672649
v 14.490350 -18.022779 17.061241
v 14.089399 -17.800529 16.481752
v 13.840509 -17.517818 16.009922
v 13.669209 -17.103739 15.509431
v 13.616199 -16.651749 15.099811
v 13.676419 -16.055168 14.682991
v 16.091589 -18.854689 14.282761
v 15.480120 -17.780468 13.340211
v 13.833429 -12.433078 30.683060
v 12.030450 -8.074577 32.486050
v 13.215179 -11.809208 31.301310
v 12.709990 -11.021887 31.806499
v 12.337510 -10.112677 32.178989
v 12.109300 -9.124637 32.407200
v 0.000170 -11.189108 19.043669
v -0.076360 -11.284319 16.801260
v 0.510400 -11.450699 16.742710
v 1.367790 -11.787699 16.347210
v 1.751140 -11.990739 15.991441
v 2.556360 -11.727178 21.342070
v 0.967210 -11.613269 16.586859
v 1.517370 -11.181178 23.972029
v 4.382110 -11.727178 26.073519
v 3.533600 -11.181178 28.577259
v 6.740650 -11.727178 30.536589
v 6.072240 -11.181177 32.916248
v 5.794980 -8.759770 -8.489139
v 4.755620 -5.592011 -10.167550
v 5.215120 -3.956541 -10.439440
v 5.211000 -5.297141 -9.873010
v 5.210830 -6.458120 -9.396449
v 5.211000 -7.776610 -8.838879
v 5.210830 -2.714341 -8.735020
v 5.203350 -6.405710 -7.440809
v 5.210830 -1.687670 -7.072510
v 5.210830 -5.343220 -6.289350
v 5.210830 -0.884650 -5.291130
v 5.210830 -4.465910 -4.857719
v 5.210830 -0.318810 -3.420870
v 5.210830 -3.823350 -3.306450
v 5.210830 -3.431390 -1.673780
v 5.210830 -3.299660 0.000000
v 5.106530 -8.621760 -8.757249
v 5.567880 -9.222011 -8.367979
v 7.942150 -9.495240 -8.740509
v 4.678720 -7.977670 -9.108909
v 4.651650 -6.423251 -9.959959
v 4.670740 -4.852911 -10.538280
v 4.777670 -3.384941 -10.841280
v 4.687510 -1.546731 -8.492450
v 4.528950 -2.932761 -10.932119
v 2.017720 -6.480950 1.210310
v 1.401570 -6.490260 1.494740
v -2.299750 -6.499660 0.000000
v 0.000250 -6.499660 1.500000
v 0.000250 -6.499660 0.000000
v 5.210830 0.000340 0.023740
v 2.300250 -3.941271 -10.598209
v 2.300250 -1.963331 -10.949920
v 2.300250 -5.810741 -9.926610
v 2.300250 -7.528110 -8.955489
v 2.300280 -0.536841 -8.149250
v 2.300250 -9.043911 -7.713659
v 2.300250 -10.299950 -6.256009
v 2.300250 -11.273290 -4.621329
v 2.300260 -11.938610 -2.862989
v 2.315540 0.016560 -3.927990
v 2.299170 -6.497400 0.524700
v 7.083760 -13.400559 -2.553779
v 4.554970 -12.843810 -1.734789
v 2.300260 -12.281079 -1.051249
v 6.950380 -14.377040 2.407111
v 3.512290 -13.138010 3.885741
v 17.237720 -3.053441 -10.964840
v 17.221230 -1.645990 -8.417930
v 16.195820 -6.672480 -7.992569
v 16.201639 -3.874041 -8.524310
v 16.198540 -5.914410 -7.054829
v 16.202950 -5.212150 -6.098249
v 16.203009 -3.466240 -7.260019
v 16.215759 -4.456250 -4.434589
v 16.206329 -3.061750 -5.941990
v 16.208229 -2.704050 -4.547070
v 16.202520 -3.791150 -2.540310
v 16.205360 -2.436580 -3.052170
v 16.194540 -3.580140 -1.050270
v 16.223719 -3.549330 -0.034750
v 16.198780 -2.293060 -1.477190
v 16.205540 -2.271420 0.000000
v 16.182419 -3.408201 -11.022340
v 16.200199 -2.610711 -9.880139
v 16.248409 -1.388591 -7.110420
v 16.205540 -8.508551 -9.782239
v 13.684690 -14.269629 -4.679859
v 10.074490 -13.246790 -5.129909
v 10.334820 -12.334161 -6.624549
v 13.771239 -13.246481 -6.437719
v 10.656010 -11.208160 -7.942199
v 11.030620 -9.836330 -9.103418
v 14.009480 -11.860511 -8.034509
v 15.686760 -10.029430 -9.582269
v 13.707319 -10.132931 -9.304978
v 16.191490 -7.384731 -10.663279
v 16.371790 -9.384271 -9.929199
v 9.882990 -13.918159 -3.498849
v 15.156640 -16.664951 0.006751
v 10.518430 -15.637300 1.335701
v 12.795449 -16.314611 0.779521
v 0.000250 -2.199660 1.500000
v 1.401120 -2.191830 1.495550
v 1.912010 -2.186240 1.299560
v 2.289860 -2.168580 0.713380
v 2.287220 -1.816290 -0.795310
v 0.000250 -2.199660 0.000000
v 2.273690 -2.196310 -0.160330
v 2.294550 -1.267140 -0.997560
v -2.316270 -2.099690 -0.452670
v 17.699999 8.171199 -6.316010
v 17.467909 10.465879 0.405689
v 17.630770 10.523499 0.258189
v 18.278309 10.980830 1.473279
v 17.806450 10.636479 -0.019721
v 18.095890 10.916890 0.924559
v 17.941839 10.794849 0.381509
v 17.648670 10.120810 -0.445741
v 17.705860 10.249470 -2.090501
v 17.700260 9.793810 -3.024951
v 17.699999 9.014330 -5.270421
v 17.699999 9.622140 -4.300241
v 17.700260 9.000340 -3.324551
v 17.692549 9.020940 -0.822161
v 17.150311 0.000340 -0.000000
v 17.582260 0.000340 -4.953710
v 17.221230 -0.616450 -5.657730
v 17.217819 0.000600 -2.766810
v 16.295740 0.018350 0.009930
v 16.267410 -0.458890 -4.497200
v 16.200500 0.000340 -1.732240
v 16.204260 -0.285290 -3.352020
v 16.759609 6.806160 0.125979
v 17.913300 7.123549 -8.095981
v 17.919930 4.977229 -9.562750
v 17.919930 2.562169 -10.471510
v 17.830990 10.864870 1.349149
v 17.288599 10.704170 0.949749
v 16.715460 9.701039 0.119449
v 17.682579 0.415239 -10.323009
v 17.700260 1.747699 -10.099959
v 17.700260 2.746139 -9.875380
v 17.700260 -1.223161 -9.625649
v 17.700260 3.795419 -9.521550
v 17.700260 4.866459 -9.021270
v 17.700260 5.926059 -8.363510
v 17.700260 -0.557191 -8.197590
v 17.700710 6.937469 -7.576310
v 17.700260 0.000339 -6.723840
v 17.698969 6.922650 -0.906581
v 17.699999 6.043140 -0.720100
v 17.700260 5.181120 -0.259020
v 18.280790 10.774340 -2.241561
v 18.289459 10.099740 -4.354921
v 18.281000 9.490129 -5.562721
v 18.281000 8.714689 -6.712690
v 18.281000 7.475479 -8.136741
v 18.450260 5.901179 -9.283330
v 18.450260 4.617709 -9.983970
v 18.450260 3.342989 -10.479819
v 18.450260 2.123299 -10.793190
v 18.450260 0.998369 -10.954630
v 3.235950 9.184020 -0.000431
v 16.700249 9.000340 -0.000001
v 3.215580 7.339040 0.009559
v 18.335030 10.995029 -0.001351
v 18.432230 10.994650 1.944779
v 3.264480 11.000000 1.826539
v 3.170980 10.900000 1.302519
v 17.700249 0.000340 -0.000000
v 26.316750 0.004721 11.433050
v 37.500248 0.000342 21.000000
v 8.006619 0.000342 20.251999
v 37.408009 0.000342 20.145929
v 26.400249 0.000340 6.000000
v 26.400249 11.000340 -0.000001
v 26.400249 1.720969 -10.864600
v 26.400249 3.399289 -10.461699
v 26.400249 4.993929 -9.801229
v 26.400249 6.465590 -8.899470
v 26.400249 7.778229 -7.778450
v 26.400249 8.899329 -6.465900
v 26.400249 9.801300 -4.994111
v 26.400249 10.461909 -3.399341
v 26.400249 10.864900 -1.720861
v -0.815390 0.000341 16.650520
v -1.306370 0.000341 16.392809
v -1.721390 0.000341 16.025099
v -2.036340 0.000341 15.568780
v -2.299750 0.000341 10.000000
v 2.611860 10.996290 0.893929
v -3.237460 10.999770 1.760759
v -0.052170 11.000000 3.212279
v -21.200439 11.000001 11.017599
v -33.809200 11.001851 14.354738
v -2.319100 -1.659010 -0.899580
v -2.306830 5.299720 -0.986800
v 2.300250 0.000340 -1.000000
v 2.308870 7.500380 -0.983301
v -2.328380 9.096660 -0.966521
v 2.345650 9.219880 -0.947711
v 3.306250 9.923090 0.202869
v 16.802439 10.217400 0.399459
v 3.306760 10.569730 0.723359
v -2.483520 10.766100 0.167759
v 2.303110 9.919189 -0.776431
v -2.321700 10.086500 -0.696731
v 2.542430 10.735200 0.239219
v 2.555470 7.501820 -0.299831
v 2.601480 8.999380 -0.253051
v 2.593150 9.789300 -0.152881
v 3.400260 0.000340 -0.000000
v 5.154990 0.002280 -2.324820
v 5.073860 0.000340 -3.172140
v 4.393450 0.027190 -3.111240
v 4.967660 -0.615850 -5.859200
v 17.316031 10.443950 0.519519
v 17.189810 9.873099 0.045229
v 17.264820 9.028200 -0.148861
v 41.707977 3.881462 30.840889
v 41.239090 3.511742 30.857830
v 40.683178 3.300372 30.864920
v 41.670650 2.000232 22.589010
v 40.825680 1.725212 23.157660
v 41.670650 3.295912 25.505310
v 41.619457 3.730132 28.656799
v 40.825680 2.838892 25.819090
v 40.924198 3.267172 28.674809
v 37.500057 3.925602 32.070938
v 37.500210 3.759382 32.926201
v 37.500259 3.231873 35.254448
v 37.509090 3.570482 33.799030
v 40.090340 3.374402 30.863649
v 37.500248 2.194242 22.054239
v 37.404350 0.732452 20.145079
v 39.839230 2.332452 24.119690
v 39.839230 2.940172 25.744389
v 37.500248 3.324752 24.152760
v 38.716087 3.238572 25.058279
v 39.839237 3.255952 27.190510
v 37.494617 3.942512 26.103859
v 40.017517 3.329762 28.774769
v 37.500259 4.213642 27.702160
v 38.530319 3.825342 31.032990
v 37.500259 4.268492 29.535419
v 37.500259 4.060843 31.354959
v 17.342739 6.797240 -0.133870
v 17.067890 10.458260 0.640869
v 42.000000 4.607183 30.811119
v -15.615470 11.000333 37.175659
v 41.947689 0.000341 19.366999
v 38.071468 0.000341 19.686689
v 41.718418 -0.005728 20.013399
v 38.971821 0.000342 20.134560
v 39.720577 0.012392 20.580660
v 41.141010 -0.023128 20.674980
v 40.323608 -0.009778 20.877829
v 37.500259 0.000333 43.274227
v 40.884529 0.006823 45.220261
v 33.259781 0.000333 41.067810
v 39.006050 11.000004 50.903587
v 42.000259 -3.328975 61.750278
v 42.000259 -2.689285 58.809860
v 42.000259 -2.018636 56.146030
v 42.000259 -1.338226 53.734180
v 42.000259 -0.663096 51.546749
v 42.000000 0.019434 49.445957
v 42.000259 0.904654 46.988117
v 42.000259 1.272253 45.990879
v 42.000259 2.642253 42.401550
v 42.000259 3.268843 40.784130
v 42.000259 3.808063 39.209007
v 42.000259 4.260583 37.457409
v 42.000000 4.418333 35.707909
v 40.776340 1.298363 41.789150
v 37.500259 2.068333 38.470188
v 37.500259 2.360553 37.780609
v 39.129047 2.102253 39.006748
v 40.750759 1.889213 40.251320
v 37.500259 1.772123 39.160069
v 40.802307 0.655543 43.468750
v 37.500259 1.474003 39.849140
v 37.500259 1.175813 40.536400
v 37.500259 0.879063 41.221081
v 37.500259 0.584233 41.904358
v 37.500259 0.291363 42.588089
v 37.864677 -1.288266 46.673458
v 40.951450 -1.312936 49.001640
v 40.888100 -2.057926 51.151218
v 40.905499 -2.780196 53.517899
v 40.921139 -3.491826 56.083740
v 40.935631 -4.222836 59.068378
v 38.000259 -4.329845 56.006687
v 40.948269 -4.896935 62.314560
v 40.992760 -6.270945 69.459770
v 39.567440 -6.945815 69.685257
v 34.579887 -2.496016 47.512188
v 31.279799 -8.577695 66.958687
v 31.612320 -6.536136 57.162758
v 40.395687 3.101423 35.406940
v 39.239227 3.583482 31.843449
v 40.613319 2.377883 38.011818
v 37.500259 2.826603 36.560921
v 40.817909 3.102713 35.648991
v 41.352989 2.081533 40.327950
v 41.388550 3.321123 35.681610
v 41.898880 2.687423 40.560760
v 41.784489 3.785963 35.751518
v 41.426018 0.115733 45.588650
v 41.921040 0.689923 45.900200
v 34.055000 -10.999664 74.026657
v 40.055859 -10.397844 74.100128
v 39.108429 -10.819934 74.496155
v 36.985188 -10.491844 73.654327
v 40.506348 -9.574354 73.479546
v 34.988148 -10.549644 73.191101
v 40.755978 -9.052664 73.035675
v 33.177010 -10.601534 72.656845
v 40.740059 -8.173674 72.103867
v 33.821850 -9.330604 71.184746
v 40.781170 -7.470934 71.169540
v 40.906269 -6.780805 70.135559
v 33.588169 -8.448875 69.188339
v 41.627068 -0.923286 48.991539
v 41.684170 -3.340086 57.582100
v 41.734550 -5.011445 66.374069
v 41.134529 -8.969624 73.121918
v 41.558640 -6.348374 70.154007
v 41.401569 -8.820024 73.272598
v 41.607990 -8.702534 73.393280
v 41.879429 -5.994405 70.342720
v 41.747101 -8.554324 73.543129
v 41.882450 -8.398494 73.702438
v 41.010220 -9.772724 73.818192
v 35.063049 -10.908904 73.793137
v -10.398590 0.006953 33.550400
v -9.724710 0.009163 33.461201
v -9.210549 0.022133 33.705040
v -3.901360 0.000333 41.241348
v -19.543989 11.000333 39.926449
v -34.392441 11.000681 18.741070
v -9.879710 11.000334 45.367180
v 4.379430 11.000003 41.388309
v -16.999739 11.000334 50.352699
v -19.999739 0.575464 58.427227
v -19.999739 -0.622516 58.422699
v -19.999739 -1.834576 58.184769
v -19.999739 -3.073206 57.689629
v -19.999739 -4.338686 56.898418
v -19.999739 -5.607615 55.774017
v -19.999739 -6.841156 54.292900
v -19.999739 -7.998406 52.444618
v -19.999739 1.780354 58.200710
v -19.999739 3.013254 57.720047
v -19.999739 4.281844 56.941139
v -19.999739 5.563774 55.819767
v -19.999739 6.816534 54.327808
v -19.999739 7.998814 52.444538
v -19.943390 8.579054 52.413849
v -19.764700 9.164384 52.288727
v -19.456749 9.721694 52.073109
v -19.013090 10.224394 51.762447
v -18.436850 10.633723 51.358959
v -17.750189 10.904954 50.878159
v -20.975700 6.666644 53.136677
v -21.766470 5.159234 53.690399
v -22.346369 3.515694 54.096439
v -22.700310 1.779014 54.344269
v -22.818890 -0.004546 54.427299
v -22.698709 -1.790236 54.343147
v -22.342939 -3.527426 54.094040
v -21.760380 -5.172545 53.686119
v -20.968979 -6.676726 53.131977
v -34.898270 10.937531 20.044659
v -21.027569 10.850213 40.965260
v -35.943527 10.526862 22.156380
v -22.470690 10.403923 41.975739
v -23.833929 9.673653 42.930290
v -36.269260 10.296982 23.008280
v -36.984249 9.508692 24.397640
v -37.546299 8.921612 25.435549
v -25.080090 8.679322 43.802860
v -37.792759 8.574712 25.877859
v -38.325897 7.550992 26.866369
v -26.175129 7.448063 44.569630
v -38.860149 6.577402 27.712349
v -27.089169 6.013493 45.209641
v -39.627197 5.086402 28.249460
v -27.797239 4.414753 45.705441
v -40.189560 3.465122 28.643229
v -28.279999 2.695503 46.043480
v -28.602789 0.000333 46.167049
v -28.447130 -2.031306 46.059418
v -27.987400 -3.993047 45.737518
v -27.150888 -5.958756 45.224117
v -26.188349 -7.466746 44.555908
v -25.040800 -8.752927 43.747311
v -23.816099 -9.684747 42.917809
v -22.448759 -10.412416 41.960388
v -21.008560 -10.853387 40.951950
v -19.552540 -11.002007 39.924351
v -3.978400 -2.999667 41.235039
v -6.781600 8.391953 43.197868
v -12.989070 0.000334 47.544388
v -7.719320 9.420953 43.854469
v -5.940830 7.176533 42.532841
v -3.978400 -10.999667 41.235039
v -16.999739 -10.999666 50.352688
v -17.497959 -10.958006 50.701538
v -17.993450 -10.830306 51.048489
v -18.449060 -10.626346 51.367508
v -18.858749 -10.354246 51.654377
v -8.756650 10.294514 44.580811
v -19.223169 -10.013706 51.909550
v -19.540419 -9.594955 52.131687
v -19.789900 -9.101936 52.306389
v -19.949360 -8.547156 52.418030
v -11.193830 6.331942 34.079609
v -10.533310 -10.999667 33.617100
v -10.508890 4.727202 33.600010
v -13.113520 9.076423 35.423779
v -14.304660 10.153692 36.257839
v -19.543989 0.000333 39.926449
v -12.068640 7.792732 34.692150
v -5.212530 5.841003 42.126007
v -4.699140 4.619293 41.826637
v -9.846120 3.173973 33.600010
v -4.379690 3.415713 41.533657
v -4.117280 2.243993 41.408260
v -9.454150 1.593243 33.600010
v -4.003200 1.100533 41.285740
v -30.482288 -10.999998 24.310369
v -0.271070 -10.999665 68.606926
v -2.668890 -10.999665 58.107727
v 14.650390 -10.999665 57.101639
v 11.953730 -10.999216 54.072590
v 11.263030 -11.002446 52.766037
v 10.934620 -11.000756 51.025860
v 10.928490 -10.999416 48.999989
v 11.218520 -10.999666 46.785217
v 11.691970 -10.999666 44.646358
v 12.286150 -10.999667 42.554859
v 8.894050 -10.999667 39.428230
v -9.148610 -10.999997 33.852150
v 5.897190 -10.999667 35.930790
v -9.234380 -10.999667 31.980650
v -10.032760 -10.999997 33.429237
v -9.562099 -10.999997 33.514339
v 9.646660 -11.727177 34.639507
v 9.141330 -11.181177 36.899128
v -9.140590 -2.999667 33.862671
v -2.598050 5.301720 -0.254840
v -2.552360 8.999990 -0.303891
v -2.592640 9.789860 -0.152671
v -16.474129 10.369690 0.381169
v -15.657660 9.707600 -0.002111
v -15.947330 9.659760 -0.319781
v -14.940630 8.916610 -0.058521
v -15.170030 8.858940 -0.153021
v -15.338449 8.811560 -0.323581
v -15.483239 8.770540 -0.516631
v -15.540720 8.754980 -0.666101
v -15.081670 7.933220 -0.172561
v -15.413839 7.932840 -0.578481
v -15.245219 5.302890 -0.298570
v -16.919680 10.577539 -0.002341
v -17.798439 11.000000 -0.002511
v -15.559179 8.564610 -0.964051
v -15.883539 9.445089 -0.804911
v -15.901670 8.695630 -3.826471
v -16.916489 9.686970 -3.501901
v -15.901670 6.983190 -6.441250
v -17.001110 7.336199 -7.649900
v -15.901670 4.514859 -8.358769
v -17.001110 4.694929 -9.502450
v -15.901670 1.557829 -9.371460
v -17.001110 1.618679 -10.474569
v -17.001110 -1.607521 -10.476200
v -15.901670 -1.567791 -9.369679
v -3.306880 9.550910 0.052469
v -15.345480 9.846390 0.199769
v -3.305900 10.272870 0.430299
v -15.929239 10.336170 0.422519
v -17.278999 11.000000 1.293519
v -3.305050 11.000000 1.061109
v -18.500000 10.342750 -3.497731
v -18.499750 8.534949 -6.939760
v -18.499750 7.308209 -8.221611
v -18.499750 5.891349 -9.289559
v -18.499750 4.321219 -10.115820
v -18.499750 2.638659 -10.678920
v -18.499750 0.887519 -10.964170
v -18.499750 -0.886751 -10.964170
v -2.299750 -1.199660 -1.000000
v -2.299750 4.688640 -0.952940
v -14.657610 8.995870 -0.002381
v -14.539430 8.474390 0.000479
v -14.582530 7.937040 -0.006591
v -3.213320 9.000760 0.005549
v -14.586960 5.300120 0.005070
v -3.190260 5.301420 0.004920
v -15.499749 -0.005981 -7.999990
v -15.499749 1.432909 -7.870680
v -15.499749 2.825350 -7.484590
v -15.499749 4.125519 -6.854390
v -15.499749 5.291170 -6.000590
v -15.499749 6.284229 -4.951020
v -15.499749 7.072209 -3.740140
v -15.499749 7.629730 -2.406740
v -15.499749 7.937590 -0.999991
v -15.495620 5.300160 -0.882100
v -15.499749 0.084420 -0.897500
v -21.199749 -10.999660 0.000001
v -21.199749 10.850599 -1.808821
v -21.199749 -10.849279 -1.812679
v -21.199749 10.405450 -3.568421
v -21.199749 -10.402810 -3.574119
v -21.199749 9.677000 -5.230891
v -21.199749 -9.671209 -5.240349
v -21.199749 8.685069 -6.750950
v -21.199749 -8.676041 -6.761679
v -21.199749 7.456669 -8.087211
v -21.199749 -7.444190 -8.098089
v -21.199749 6.025239 -9.203290
v -21.199749 -6.007061 -9.214720
v -21.199749 4.429739 -10.068769
v -21.199749 -4.407911 -10.078060
v -21.199749 2.713639 -10.660100
v -21.199749 0.923649 -10.961180
v -21.199749 -2.687471 -10.666560
v -21.199749 -10.999659 12.000001
v -21.199749 11.000340 0.000009
v -18.499750 11.000340 0.000009
v -2.695170 11.006000 1.046039
v -21.287659 0.021751 11.855030
v -21.200260 0.001471 11.013920
v -21.199749 -0.892431 -10.963710
v -15.538300 -5.199590 -0.898280
v -15.499749 -7.630670 -2.401609
v -15.549109 -8.076489 -0.984579
v -15.499749 -7.074400 -3.734710
v -15.499749 -6.288250 -4.945059
v -15.499749 -5.296880 -5.994949
v -15.499749 -4.133121 -6.849410
v -15.499749 -2.834610 -7.480850
v -15.499749 -1.443951 -7.868540
v -2.259810 -2.413970 0.055230
v -2.299750 -1.649659 10.000000
v -18.500000 -10.257649 -3.326309
v -18.499750 -10.973149 -0.763209
v -18.499750 -10.999660 0.000001
v -18.499750 -8.534270 -6.939769
v -18.499750 -7.307530 -8.221609
v -18.499750 -5.890670 -9.289550
v -18.499750 -4.320531 -10.115840
v -18.499750 -2.638021 -10.678909
v -17.277880 -10.657000 0.000031
v -17.369089 -10.781930 0.721981
v -17.000000 -9.921340 -3.431899
v -16.078550 -9.686600 -0.560209
v -16.692329 -10.371770 0.099891
v -15.901670 -8.699289 -3.816599
v -17.000000 -9.287840 -5.088639
v -15.901670 -6.989820 -6.433310
v -17.001110 -7.327870 -7.657229
v -15.901670 -4.523670 -8.353630
v -17.001110 -4.684741 -9.507140
v -2.289170 -2.168609 9.286119
v -1.911320 -2.186259 8.700350
v -2.300040 -11.000419 14.499921
v -17.608929 -10.974390 1.555851
v -2.299750 -10.999660 2.000001
v -2.017100 -6.480690 8.789091
v -2.298920 -6.498049 9.482671
v -14.499749 -6.331240 0.000000
v -3.299750 -5.199660 0.000000
v -14.660820 -7.921500 0.001841
v -14.675839 -8.980340 -0.002459
v -2.299750 -8.999660 0.000001
v -2.299750 -10.904039 1.388991
v -2.299750 -10.616640 0.822981
v -2.299750 -10.177569 0.383671
v -2.299750 -9.611139 0.095771
v -15.359540 -9.813849 0.168551
v -16.293930 -10.416470 0.562151
v -16.803110 -10.678349 0.915321
v -15.304780 -8.813290 -0.286509
v -15.689010 -9.705780 -0.048099
v -15.133380 -7.930430 -0.232639
v -15.104970 -5.205690 -0.144870
v -22.155260 0.007381 11.999100
v -33.799740 11.000340 0.000009
v -30.799749 11.000340 0.000009
v -30.799280 10.999511 11.010659
v -22.160059 11.000001 11.998399
v -29.841980 10.993860 11.998118
v -30.598730 10.986781 11.612789
v -33.882538 11.000340 15.895469
v -34.091099 11.000340 17.350229
v -36.799740 -0.007771 -7.999990
v -36.799740 -1.397381 -7.876940
v -36.799740 1.382839 -7.879630
v -36.799740 2.731750 -7.519260
v -36.799740 -2.744150 -7.514500
v -36.799740 3.997259 -6.929970
v -36.799740 -4.007700 -6.923549
v -36.799740 5.141160 -6.129591
v -36.799740 -5.149290 -6.122190
v -36.799740 6.128429 -5.142611
v -36.799740 -6.134530 -5.134520
v -36.799740 6.929199 -3.998840
v -36.799740 -6.932930 -3.991210
v -36.799740 7.518720 -2.733840
v -36.799740 -7.520770 -2.726339
v -36.799740 7.879600 -1.384641
v -36.799740 -7.880030 -1.378309
v -36.799740 -7.999660 0.000011
v -36.799740 8.000340 0.000009
v -36.814430 -0.008069 12.385389
v -36.802109 -3.576119 12.742539
v -36.790829 -7.048109 13.762811
v -36.798019 -8.003529 14.367950
v -36.796700 3.532301 12.708690
v -36.799667 7.134721 13.807289
v -36.799740 8.000340 14.354878
v -30.798559 -10.999999 11.023331
v -30.799749 -10.999660 0.000001
v -30.799749 -10.849500 -1.811369
v -30.799749 10.850410 -1.809941
v -30.799749 10.404710 -3.570571
v -30.799749 -10.403220 -3.572949
v -30.799749 9.675380 -5.233881
v -30.799749 -9.673100 -5.236849
v -30.799749 8.682279 -6.754530
v -30.799749 -8.679050 -6.757819
v -30.799749 7.452489 -8.091071
v -30.799749 -7.448070 -8.094519
v -30.799749 6.019529 -9.207020
v -30.799749 -6.013580 -9.210470
v -30.799749 4.422459 -10.071970
v -30.799749 -4.414711 -10.075080
v -30.799749 2.704829 -10.662340
v -30.799749 -2.695611 -10.664499
v -30.799749 -0.903181 -10.962820
v -30.799749 0.913459 -10.962020
v -29.868340 -10.999999 11.996490
v -33.799740 -10.999660 0.000001
v -33.799740 -10.474640 -3.499999
v -33.799740 -8.520321 -6.956899
v -33.799740 -7.294010 -8.233609
v -33.799740 -5.878790 -9.297080
v -33.799740 -4.311291 -10.119780
v -33.799740 -2.632171 -10.680349
v -33.799740 -0.884751 -10.964320
v -33.799740 0.885509 -10.964320
v -33.799740 2.632809 -10.680349
v -33.799740 4.311979 -10.119760
v -33.799740 5.879469 -9.297080
v -33.799740 7.294689 -8.233611
v -33.799740 8.520988 -6.956890
v -33.799999 10.202640 -3.501281
v -33.799740 10.974620 -0.751801
v -35.393799 10.772632 21.172470
v -40.532841 1.755032 28.883589
v -40.648220 0.000102 28.964390
v -40.532749 -1.755048 28.883530
v -40.189400 -3.465048 28.643108
v -39.626961 -5.086308 28.249279
v -38.859818 -6.577258 27.712130
v -37.509300 -8.970218 25.364870
v -36.647148 -8.813047 26.976149
v -35.215359 -9.880478 25.973589
v -35.787659 -10.703758 22.415119
v -33.650391 -10.603998 24.877789
v -34.582180 -10.999668 19.698990
v -39.029728 4.638151 17.881039
v -38.321030 7.126751 19.065489
v -38.936890 7.185741 20.701809
v -38.752567 2.727441 17.025759
v -39.974270 3.832741 18.597860
v -40.541500 5.532781 21.422459
v -38.659630 8.355242 23.497099
v -40.504509 5.921012 24.855379
v -38.766239 8.037472 24.726700
v -40.831860 2.041181 19.198339
v -38.709938 -0.009989 16.612570
v -41.766258 2.945912 22.280039
v -41.633961 3.105682 25.646229
v -42.023399 0.007102 25.918919
v -42.192249 0.003642 22.578329
v -41.129547 -0.001759 19.406780
v -41.637280 -3.092098 25.648550
v -41.768101 -2.939028 22.281340
v -40.830669 -2.044448 19.197510
v -38.653610 -2.752789 16.833380
v -40.510818 -5.909218 24.859798
v -40.345520 -5.527049 21.424900
v -39.972050 -3.835258 18.596300
v -39.459629 -7.330438 24.226040
v -38.281830 -8.521098 24.555910
v -38.996418 -6.806418 20.060919
v -38.726238 -8.313538 23.170139
v -38.644970 -5.096658 17.598370
v -38.540779 -6.845509 19.163340
v -36.827599 6.869921 14.414749
v -37.170460 8.978271 18.081280
v -36.948780 0.001271 13.508520
v -36.881809 3.441361 13.537789
v -36.990547 6.431481 15.167189
v -37.030849 3.323671 14.130660
v -37.364529 0.000451 14.747390
v -37.299587 8.251841 17.847870
v -37.228928 3.208211 14.711869
v -37.275089 6.013791 15.884219
v -37.498680 3.097511 15.269690
v -37.461491 8.891942 19.557369
v -38.011337 -0.007009 15.815200
v -37.577351 5.716091 16.395300
v -37.591789 7.813431 18.209280
v -37.814869 2.991861 15.801129
v -37.875809 8.755102 20.775629
v -37.726761 9.175732 21.416180
v -37.930759 5.430841 16.884939
v -37.939487 7.387181 18.560730
v -38.156578 8.820632 23.437239
v -38.320580 2.862491 16.458269
v -38.297699 8.201642 20.974279
v -38.237869 8.663181 24.269859
v -38.350548 5.176771 17.321100
v -37.877411 8.828522 25.088179
v -36.398430 -9.498219 0.000011
v -36.697529 -8.776120 0.000011
v -35.299740 -10.597740 0.000001
v -34.576210 -10.897440 0.000001
v -36.398609 -8.925460 -3.248719
v -35.921070 -10.120979 0.000001
v -36.398609 -7.276040 -6.105599
v -35.299740 -7.489470 -7.498129
v -36.398609 -4.748981 -8.226049
v -35.299740 -4.807910 -9.444560
v -36.398609 -1.649081 -9.354330
v -35.299740 -1.656341 -10.467780
v -35.299740 1.657179 -10.467750
v -36.398609 1.649759 -9.354330
v -35.299740 4.808740 -9.444489
v -36.398609 4.749660 -8.226049
v -35.299740 7.490269 -7.498000
v -36.398609 7.276720 -6.105600
v -35.299999 9.697020 -3.486101
v -36.398609 8.926140 -3.248721
v -36.724529 8.667900 0.000009
v -36.476658 9.347660 -0.001751
v -36.145229 9.870810 0.000009
v -35.670219 10.345830 0.000009
v -35.195599 10.639430 -0.001031
v -34.467308 10.925119 0.000009
v -34.936520 10.778090 14.352919
v -35.583759 10.415260 14.354589
v -36.212639 9.773351 14.359109
v -36.545509 9.213390 14.358869
v -36.749741 8.524311 14.358019
v -35.687599 10.646121 18.534700
v -36.530041 10.037611 18.282890
v -36.513748 10.325142 21.992790
v -36.951279 10.049771 21.786110
v -37.387897 9.676692 21.553799
v -30.549629 -10.999999 11.667030
v -34.036270 -10.999669 16.912409
v -33.799759 -10.999659 14.354300
v -36.854740 -0.000669 12.866179
v -36.834129 -6.803909 14.487921
v -36.853081 -8.251079 15.529410
v -36.853741 -3.463849 13.325959
v -36.980671 -3.334599 13.981890
v -37.070587 0.000841 13.924100
v -36.949650 -8.468879 16.477070
v -36.980579 -6.449129 15.099521
v -37.211800 -8.513039 17.677790
v -37.170578 -6.122739 15.662299
v -37.261929 -3.173429 14.800179
v -37.169510 -8.873719 17.997919
v -37.428368 -9.100918 19.636349
v -37.507957 -5.755908 16.294979
v -37.607498 -7.753819 18.238190
v -37.653259 -3.027239 15.543139
v -37.738277 -9.155588 21.348110
v -37.919449 -5.425879 16.864140
v -38.336689 -8.166478 21.077070
v -38.102379 -2.900609 16.186319
v -38.150249 -7.169878 18.721910
v -38.381878 -5.177228 17.332420
v -38.703621 -7.762748 21.093050
v -36.792641 -10.162328 21.867699
v -35.077290 -10.926618 19.095690
v -35.453251 -10.789108 18.513279
v -35.899467 -10.557009 18.416449
v -37.389530 -9.680748 21.557449
v -36.470779 -10.087889 18.292370
v -37.067978 -9.196089 18.177210
v -34.480740 -10.917839 14.357720
v -34.343781 -10.999349 17.051720
v -35.155621 -10.663829 14.354441
v -35.068821 -10.815649 16.932499
v -35.537148 -10.592289 16.853889
v -35.988209 -10.045089 14.357481
v -36.156830 -10.121509 16.750269
v -36.417969 -9.453519 14.353391
v -36.766579 -9.264769 16.649019
v -36.697529 -8.776129 14.354311
v -35.299740 -9.689360 -3.360099
v -2.299740 -11.002318 16.699600
v -1.445890 -11.042699 16.306370
v -2.299740 -10.999659 17.782909
v -1.463610 -10.999668 21.009459
v -2.299740 -1.030909 14.500000
v -21.402100 11.000001 11.614199
v -2.299740 0.000341 14.500000
v -2.232930 0.000341 15.050360
v 13.084710 -11.721227 38.315029
v 14.127540 -11.529567 38.507290
v 12.682779 -11.153477 40.656380
v 13.744060 -10.890517 40.622707
v 15.604460 -9.664207 32.831730
v 14.550590 -10.155667 32.965900
v 13.465480 -10.484047 32.674610
v 12.531199 -10.585466 31.985289
v 15.750259 -8.074577 32.903400
v 15.164080 -8.074577 33.188770
v 14.527269 -8.074577 33.341129
v 13.863190 -8.074577 33.350800
v 13.196489 -8.074577 33.208561
v 12.573629 -8.074577 32.916080
v 16.273079 -8.074587 32.486050
v 16.322710 -8.599667 32.436420
v 16.578579 -9.282787 32.187080
v 10.928940 -12.521497 33.745518
v 14.008260 -13.534137 34.815948
v 13.474640 -12.606767 36.327129
v 16.816380 -15.274157 32.406799
v 15.126470 -14.035577 34.293339
v 14.018900 -12.666787 36.529510
v 14.524050 -12.495447 36.580971
v 15.847110 -13.604406 34.376049
v 15.893270 -12.569517 34.952370
v 11.365930 -10.947946 48.999249
v 31.132710 -10.955984 72.558868
v 27.477680 -10.761724 70.159729
v 30.119019 -10.687914 71.443398
v 23.742399 -10.999995 68.458679
v 27.244110 -10.999994 70.838196
v 28.518169 -10.999664 71.694984
v 30.149029 -10.999664 72.512497
v 31.985430 -10.999664 73.297028
v 14.983760 -10.931986 56.806160
v 18.002020 -9.761606 55.002319
v 17.009390 -11.002665 59.616737
v 24.420759 -4.891907 45.533169
v 18.997059 -11.001315 62.176479
v 20.797909 -10.999995 64.637566
v 22.000570 -10.999995 66.676880
v 27.692499 -4.342186 46.928009
v 22.760870 -10.999665 67.551056
v 25.000820 -8.354985 56.995037
v 26.298090 -10.033985 67.499969
v 31.167200 -3.360096 47.482807
v 12.539869 -10.941155 54.149689
v 14.721390 -9.783846 51.553497
v 20.364969 -6.035636 44.814430
v 17.580120 -7.995006 48.145088
v 22.399549 -4.322406 42.367687
v 25.445070 -0.814027 36.974510
v 24.712000 -1.228547 36.980881
v 24.010399 -1.598447 36.813419
v 11.733570 -10.926056 52.601219
v 11.559990 -10.879806 50.937637
v 15.868159 -8.362276 46.511200
v 23.369629 -1.929787 36.483730
v 20.136339 -4.134037 40.559219
v 22.834759 -2.212047 36.020428
v 22.433840 -2.431767 35.463779
v 11.703680 -10.782336 49.000038
v 12.631840 -10.605556 45.063030
v 12.073359 -10.701826 47.100208
v 14.397540 -9.204456 44.825150
v 21.788530 -2.890367 34.141640
v 13.972520 -10.529277 40.977619
v 13.670230 -10.476787 41.967987
v 13.288520 -10.510577 43.040749
v 18.385479 -6.267467 37.948608
v 21.335699 -3.403578 32.895100
v 20.995779 -4.047257 31.538969
v 14.263969 -10.658027 39.960350
v 15.067480 -11.442986 37.172680
v 14.811150 -11.126697 38.027279
v 14.543710 -10.860737 38.963409
v 17.218809 -8.339167 35.855370
v 15.315160 -11.799367 36.403870
v 16.647409 -13.383057 33.521111
v 16.776329 -10.931207 34.088970
v 21.109850 0.000332 32.065929
v 21.654390 0.000333 33.810619
v 22.433840 0.000333 35.463779
v 22.774130 0.000333 35.951778
v 23.204239 0.000333 36.363209
v 26.921829 -0.003497 36.825138
v 15.747869 0.000332 32.904888
v 12.555679 0.000332 32.904888
v 15.142610 0.000333 33.196369
v 14.487670 0.000333 33.345860
v 13.160939 0.000333 33.196369
v 13.815880 0.000333 33.345860
v 23.707199 0.000333 36.681660
v 25.158110 0.016623 37.001728
v 24.263140 0.000333 36.894527
v 41.213100 9.192038 96.433296
v 40.075958 9.963287 98.567810
v 41.379391 9.467447 96.439240
v 38.569691 9.803727 99.675354
v 39.206520 9.696987 99.054817
v 39.801620 9.560898 98.364746
v 40.298927 9.410407 97.676651
v 40.704258 9.252327 97.008415
v 41.226849 8.939668 95.813774
v 38.717171 10.684657 99.701271
v 39.379490 10.573647 99.055901
v 39.998569 10.432067 98.338036
v 40.515789 10.275547 97.622360
v 39.397671 11.047017 97.444977
v 40.937321 10.111147 96.927406
v 39.742439 11.047008 96.202530
v 41.273277 9.944847 96.266594
v 41.273289 10.024978 95.043266
v 39.848579 11.047008 95.043907
v 39.776779 11.046996 94.010628
v 41.130989 5.743886 90.324326
v 39.372059 7.941446 90.842697
v 39.818810 7.941447 91.624817
v 40.138187 7.941447 92.366386
v 40.358440 7.941447 93.064964
v 41.131020 7.192167 93.232956
v 42.000561 7.301867 92.424171
v 42.000561 6.946597 91.579796
v 42.000561 6.388297 90.624565
v 42.000561 8.255736 93.053154
v 42.000561 7.706127 93.465698
v 41.993919 8.328627 93.393311
v 41.981369 8.653987 94.050018
v 39.502831 11.019346 91.706810
v 39.347130 11.178677 92.904175
v 38.876270 11.277287 91.904556
v 41.379841 8.736487 95.126511
v 40.570377 8.641217 95.293396
v 41.556808 8.562806 94.715187
v 40.946609 8.506698 94.931900
v 41.330311 8.342576 94.605537
v 41.923058 8.797776 92.930527
v 41.808559 9.329926 94.736450
v 41.945389 8.884517 94.203629
v 41.752098 9.447698 94.970757
v 41.801399 9.231297 95.045898
v 41.802979 7.587217 93.894585
v 41.675961 7.079447 93.260620
v 41.681137 5.638146 90.399521
v 40.727119 7.839057 94.264496
v 41.595711 8.831187 95.133530
v 41.772697 8.656397 94.634476
v 41.747467 9.009328 95.104507
v 41.956600 8.269426 94.083939
v 41.376690 7.530337 93.961029
v 41.690639 8.161986 94.331787
v 40.494480 7.941597 93.726028
v 37.738400 11.175326 88.884270
v 34.035561 8.496997 87.000786
v 39.761547 5.636336 88.406349
v 25.588669 1.433596 87.000786
v 24.870119 1.272937 87.702286
v 24.870119 -0.003003 87.591606
v 25.154860 -0.003003 87.290726
v 25.450729 -0.003003 87.000786
v 24.870119 2.371987 87.982567
v 25.996510 2.815377 87.000786
v 26.652699 4.084146 87.000786
v 27.500559 5.996996 87.000786
v 28.000559 6.969347 88.117020
v 31.965569 8.496997 87.000786
v 35.423820 7.147377 87.000786
v 34.050568 7.941446 87.465317
v 34.050568 7.473466 87.000786
v 35.608761 7.941446 87.853546
v 36.693451 6.582026 87.000801
v 37.999229 5.632576 87.000801
v 39.931229 2.916027 87.000801
v 38.952869 4.641356 87.000801
v 40.366367 1.653777 87.000801
v 40.550400 -0.003003 87.000801
v 40.846260 -0.003003 87.290741
v 41.130989 -0.003003 87.591606
v 41.130989 1.273537 87.702408
v 41.130989 2.372907 87.982887
v 41.130989 3.312027 88.374588
v 28.000559 8.496997 87.000786
v 33.000061 11.396996 88.275291
v 24.325169 -0.003003 87.707680
v 24.057178 -0.003003 87.485939
v 24.214220 -0.003003 87.664711
v 24.436119 -0.003003 87.750656
v 24.672600 -0.003003 87.724297
v 41.786900 -0.003003 87.664719
v 41.943939 -0.003003 87.485947
v 41.681137 3.119367 88.424698
v 41.328518 -0.003003 87.724297
v 41.565010 -0.003003 87.750656
v 24.870129 -8.003003 87.591606
v 25.091389 -9.034573 87.356941
v 25.630930 -9.827403 86.835220
v 25.450729 -4.003003 87.000801
v 26.385969 -10.308373 86.218658
v 27.084070 -4.003003 85.727448
v 27.261429 -10.503003 85.616638
v 28.381899 -10.503003 85.017418
v 28.111670 -9.003003 85.146927
v 28.478970 -9.487773 84.973076
v 28.111670 -6.003004 85.146927
v 28.587059 -5.674414 84.925041
v 28.926769 -5.465333 84.782959
v 28.934219 -4.003004 84.779991
v 29.251480 -5.296044 84.659447
v 28.956699 -10.022233 84.771080
v 29.559050 -10.498623 84.554176
v 29.721970 -5.113904 84.500755
v 30.435598 -5.003004 84.304031
v 30.930079 -4.003004 84.197418
v 32.138199 -5.003004 84.034660
v 33.000568 -4.003004 84.000801
v 33.862930 -5.003004 84.034660
v 35.071049 -4.002994 84.197418
v 35.565529 -5.002994 84.304031
v 36.248421 -5.104854 84.491211
v 36.857651 -5.348544 84.699196
v 37.066910 -4.002994 84.779991
v 37.399109 -5.664634 84.918495
v 37.619480 -10.503003 85.017525
v 37.889450 -9.003003 85.146927
v 38.739700 -10.503003 85.616638
v 37.889450 -6.002994 85.146927
v 38.917061 -4.002993 85.727448
v 39.685989 -10.501273 86.222015
v 40.351940 -9.849343 86.818054
v 40.550400 -4.002993 87.000801
v 40.908939 -9.036473 87.356117
v 41.130989 -8.003003 87.591606
v 30.963949 -5.003004 84.670265
v 35.037170 -5.002994 84.670265
v 31.401600 -5.003004 85.139931
v 34.599529 -5.003004 85.139931
v 31.729670 -5.003003 85.692757
v 34.271458 -5.003003 85.692757
v 31.932310 -5.003003 86.302238
v 34.068821 -5.003003 86.302238
v 33.000568 -10.003003 85.000801
v 31.334450 -10.003003 85.053581
v 33.000568 -10.003003 85.402496
v 31.619888 -10.003003 85.475945
v 33.000568 -10.003003 85.743256
v 31.829550 -10.003003 85.940117
v 33.000568 -10.003003 86.010857
v 34.043640 -10.003003 86.432037
v 31.957489 -10.003003 86.431992
v 37.411339 -6.002994 84.981186
v 37.411221 -9.003003 84.981155
v 36.905510 -6.002994 84.940796
v 36.905437 -9.003003 84.940811
v 36.406879 -6.002994 85.028687
v 36.406811 -9.003003 85.028717
v 35.946487 -6.002994 85.238861
v 35.946438 -9.003003 85.238892
v 35.553600 -6.002993 85.557861
v 35.553551 -9.003003 85.557907
v 35.253258 -6.002993 85.965446
v 35.253170 -9.003003 85.965599
v 35.064598 -6.002993 86.436516
v 35.064541 -9.003003 86.436745
v 28.589788 -9.003003 84.981186
v 28.589788 -6.003004 84.981186
v 29.095619 -9.003003 84.940796
v 29.095619 -6.003004 84.940796
v 29.594250 -9.003003 85.028687
v 29.594250 -6.003004 85.028687
v 30.054640 -9.003003 85.238861
v 30.054628 -6.003004 85.238861
v 30.447529 -9.003003 85.557861
v 30.447529 -6.003003 85.557861
v 30.747869 -9.003003 85.965446
v 30.747869 -6.003003 85.965446
v 30.936529 -9.003003 86.436516
v 30.936529 -6.003003 86.436516
v 30.288870 -5.295894 85.041809
v 31.026810 -5.295893 85.865364
v 36.748650 -5.304944 84.661987
v 35.717178 -5.295894 85.038467
v 34.975719 -5.295893 85.862747
v 28.791389 -9.246223 84.919319
v 29.540588 -9.511953 84.868614
v 30.077669 -9.704903 84.924095
v 30.964739 -9.710103 85.755577
v 31.029179 -9.981973 85.014389
v 30.746580 -9.925663 84.992645
v 30.478199 -9.844963 84.971176
v 24.672609 -8.003003 87.724297
v 24.436119 -8.003003 87.750656
v 24.214220 -8.003003 87.664719
v 24.057178 -8.003003 87.485947
v 41.328499 -8.002993 87.724289
v 41.564980 -8.002993 87.750671
v 41.786880 -8.002993 87.664726
v 41.943939 -8.002993 87.485947
v 38.774651 -10.753003 85.559486
v 40.470970 -9.981543 86.879318
v 41.134041 -9.193233 87.469467
v 39.762028 -10.624413 86.185898
v 40.691750 -10.171163 86.830666
v 41.388588 -9.291813 87.432045
v 38.861450 -10.919373 85.417557
v 40.846767 -10.234453 86.724304
v 39.996689 -10.798623 85.966179
v 41.689178 -9.291523 87.141251
v 27.130999 -10.936013 85.403366
v 29.477360 -10.856553 84.425804
v 31.950560 -10.852383 83.899811
v 33.000568 -10.669673 84.022301
v 30.525450 -10.617003 84.287407
v 33.000568 -10.979253 83.701759
v 34.050568 -10.852383 83.899811
v 36.523769 -10.856553 84.425804
v 24.915749 -9.163793 87.460358
v 27.215879 -10.773333 85.542145
v 26.288750 -10.546003 86.214577
v 25.424610 -10.086013 86.874741
v 24.718590 -9.256233 87.465866
v 26.161070 -10.708063 86.130630
v 25.241800 -10.203573 86.793900
v 24.534920 -9.305683 87.393257
v 26.007109 -10.796893 85.973251
v 25.070189 -10.240923 86.642456
v 24.365229 -9.308223 87.234917
v 33.000568 -10.048993 84.668434
v 33.000568 -10.186833 84.389030
v 33.000568 -10.403163 84.165649
v 31.213579 -10.321243 84.332054
v 31.268530 -10.172073 84.660172
v 34.733707 -10.172073 84.660172
v 34.788670 -10.321243 84.332054
v 35.476788 -10.617003 84.287407
v 35.524040 -9.844963 84.971176
v 35.255661 -9.925663 84.992645
v 34.973061 -9.981973 85.014389
v 35.037510 -9.710103 85.755577
v 35.924580 -9.704903 84.924095
v 36.461651 -9.511953 84.868614
v 37.210850 -9.246223 84.919319
v 34.172688 -10.003003 85.940117
v 34.382351 -10.003003 85.475945
v 34.667789 -10.003003 85.053581
v 36.443199 -10.498623 84.554176
v 37.045540 -10.022233 84.771080
v 37.523270 -9.487773 84.973076
v 34.000568 -5.003003 86.938538
v 32.000568 -5.003003 93.268745
v 34.000568 -5.003003 93.268745
v 34.232948 -5.003003 94.093719
v 32.778049 -5.003003 94.025871
v 33.223087 -5.003003 94.025871
v 32.377079 -5.003003 94.218956
v 33.624058 -5.003003 94.218956
v 31.634529 -5.072392 94.000801
v 32.099598 -5.003003 94.566917
v 33.901539 -5.003003 94.566917
v 31.830870 -5.003003 94.921448
v 34.170258 -5.003003 94.921455
v 32.000568 -5.003003 95.000801
v 34.000568 -5.003003 95.000801
v 34.086178 -5.003003 95.443420
v 31.921558 -5.003003 95.459297
v 33.868290 -5.003003 95.497849
v 32.134838 -5.003003 95.501320
v 33.503288 -5.003003 95.865250
v 33.766251 -5.003003 95.888611
v 32.246231 -5.003003 95.898270
v 32.501751 -5.003003 95.867508
v 33.002789 -5.003003 96.000786
v 33.282021 -5.003003 96.138885
v 32.735298 -5.003003 96.142776
v 35.000938 -6.002993 94.000786
v 35.000568 -9.003003 86.938538
v 35.000568 -9.003003 94.000801
v 32.000568 -10.003003 86.938538
v 34.000568 -10.003003 94.000801
v 32.000568 -10.003003 94.000801
v 31.000559 -9.003003 94.000801
v 31.000559 -6.003003 93.960976
v 31.000559 -6.003003 86.938538
v 31.617859 -5.079123 86.938538
v 31.301979 -5.287463 94.000801
v 31.293440 -5.295903 86.938538
v 31.078989 -5.614783 94.000801
v 31.005499 -6.003003 94.141174
v 34.432198 -5.110373 94.235855
v 34.383247 -5.079123 86.938538
v 34.699150 -5.287463 94.000801
v 34.707680 -5.295893 86.938538
v 34.922138 -5.614783 94.000801
v 34.924450 -5.620313 86.938538
v 34.866581 -9.503023 94.000801
v 34.707680 -9.710103 86.938538
v 34.500549 -9.869043 94.000801
v 34.383247 -9.926883 86.938538
v 31.500559 -9.869023 94.000801
v 31.293459 -9.710103 86.938538
v 31.134529 -9.503003 94.000801
v 31.076679 -9.385683 86.938538
v 31.263248 -5.338202 94.184776
v 31.072510 -5.645753 94.152557
v 34.737869 -5.338182 94.184784
v 34.928608 -5.645743 94.152557
v 34.274048 -5.022003 94.505577
v 31.187880 -5.275643 95.411621
v 30.898159 -5.945673 95.541168
v 31.840599 -5.275643 96.453056
v 31.670319 -5.945673 96.716187
v 33.000561 -5.945673 97.171539
v 33.000561 -5.275643 96.859451
v 34.330811 -5.945673 96.716187
v 34.160511 -5.275643 96.453056
v 35.102970 -5.945673 95.541168
v 34.813240 -5.275643 95.411621
v 32.000568 -10.003002 95.500801
v 34.000568 -10.003002 95.500801
v 35.102970 -8.945672 95.541168
v 30.898159 -8.945672 95.541168
v 31.670319 -8.945672 96.716187
v 33.000561 -8.945672 97.171539
v 34.330811 -8.945672 96.716187
v 25.336349 4.102947 88.262756
v 24.870119 4.099387 88.830986
v 26.157900 6.160497 88.985039
v 24.870119 5.296526 89.822845
v 28.000559 7.742967 89.000786
v 28.000559 8.496997 89.000786
v 28.262720 11.262197 88.884270
v 28.882050 11.396996 89.683815
v 24.319979 5.638166 90.399536
v 24.319979 3.119377 88.424698
v 27.500559 8.496997 92.085320
v 27.500559 7.941446 89.743805
v 32.000568 -5.003003 86.938538
v 35.000568 -6.002993 86.938538
v 34.000568 -10.003003 86.938538
v 31.000559 -9.003003 86.938538
v 31.076679 -5.620323 86.938538
v 34.924450 -9.385683 86.938538
v 31.617880 -9.926883 86.938538
v 25.267370 7.839057 94.264496
v 30.421059 11.491998 99.791626
v 25.925159 9.963287 98.567795
v 27.718889 10.274487 100.347649
v 24.591570 9.572027 96.426186
v 24.618599 9.779307 96.360046
v 24.221779 8.656397 94.634476
v 24.247000 9.009328 95.104500
v 24.193079 9.231297 95.045891
v 24.191500 7.587207 93.894577
v 24.144270 8.205346 94.231911
v 24.436119 7.037737 93.270897
v 24.174559 9.292047 94.662155
v 24.249020 9.447698 94.970757
v 24.374609 9.636368 95.451027
v 24.540140 9.807907 95.896767
v 24.617779 7.530337 93.961021
v 24.442240 8.559887 94.710388
v 25.430790 8.641237 95.293449
v 24.670389 8.342386 94.605194
v 24.303839 8.161986 94.331787
v 30.455589 9.651157 100.621346
v 29.662010 9.491967 99.770378
v 29.710999 9.105107 98.620461
v 27.031759 9.740857 99.298386
v 28.151730 9.887338 100.264694
v 29.824900 8.699927 97.513504
v 26.079039 8.540977 95.212418
v 25.782379 9.433727 97.784737
v 24.614630 8.736487 95.126495
v 24.973740 9.092398 96.372894
v 30.214600 11.496998 99.471634
v 29.262369 11.496998 98.712387
v 28.510050 11.496998 97.754944
v 27.997299 11.496998 96.649246
v 27.752338 11.496998 95.454948
v 27.788090 11.496997 94.239128
v 27.971748 11.496997 93.172760
v 28.204630 11.496997 92.227119
v 28.505390 11.496997 91.415619
v 28.889490 11.496997 90.763176
v 29.134008 9.951358 100.916817
v 27.124949 11.277307 91.904388
v 26.654099 11.178697 92.903946
v 27.651249 11.345567 91.020515
v 26.498289 11.019346 91.706825
v 24.049089 8.884517 94.203629
v 24.000559 7.874667 93.622429
v 24.000559 8.328627 93.393295
v 26.622219 8.495466 94.563438
v 24.870119 6.306847 91.126114
v 24.870100 7.192167 93.232948
v 26.066978 7.941447 91.868484
v 26.419800 7.941446 91.182487
v 26.889090 7.941446 90.469147
v 26.224350 11.088846 94.010628
v 24.727829 10.011307 94.475685
v 24.727829 10.001687 95.685066
v 24.727829 10.024628 95.093056
v 26.152550 11.047008 95.045555
v 24.727829 9.944858 96.266586
v 26.259249 11.047008 96.205765
v 25.358009 10.230018 97.424957
v 25.779640 10.369647 98.044868
v 26.605200 11.047017 97.449577
v 26.283749 10.501637 98.680054
v 27.243309 11.047017 98.709045
v 27.467199 10.709357 99.861595
v 28.032969 10.771597 100.314087
v 28.193249 11.047017 99.877998
v 29.054520 10.838178 100.992287
v 29.398289 11.047008 100.824966
v 39.915440 8.540977 95.212418
v 38.248779 11.496998 95.454948
v 37.111160 11.496997 90.762535
v 37.495689 11.496997 91.415527
v 37.796539 11.496997 92.227280
v 38.029408 11.496997 93.172966
v 38.213039 11.496997 94.239128
v 36.648708 11.496997 90.291069
v 35.739189 11.496997 89.710197
v 34.699398 11.496997 89.290756
v 33.000568 11.496998 95.124367
v 33.000568 11.495306 88.985916
v 35.908569 11.396996 88.936478
v 38.349808 11.345567 91.020401
v 37.119080 11.396996 89.683815
v 33.000561 8.496998 95.000786
v 34.050568 8.496997 88.865036
v 39.589279 8.496998 95.040909
v 39.372257 8.495466 94.563446
v 39.137478 8.496997 93.957695
v 39.022987 8.496997 93.425865
v 38.847359 8.496997 92.864227
v 38.593849 8.496997 92.268547
v 38.240578 8.496997 91.640411
v 37.761200 8.496997 90.990021
v 37.126308 8.496997 90.339439
v 36.306278 8.496997 89.726105
v 35.281509 8.496997 89.208786
v 33.000561 8.557307 98.134796
v 38.763840 7.941446 90.033859
v 37.956379 7.941446 89.227966
v 38.761311 11.047017 98.703621
v 37.812958 11.047008 99.872978
v 38.091099 10.759757 100.220886
v 36.608860 11.047008 100.821236
v 36.997719 10.836078 100.962097
v 35.239639 11.046997 101.472588
v 35.577320 10.856088 101.667168
v 35.046600 10.856088 101.848694
v 33.763100 11.046997 101.806389
v 33.823338 10.856088 102.100319
v 32.245010 11.046997 101.807167
v 32.539898 10.856088 102.132965
v 35.016861 9.968588 101.749176
v 35.548267 9.651157 100.621346
v 34.305019 9.651157 101.032364
v 33.811378 9.968588 101.997139
v 31.940060 9.968588 101.963661
v 33.000530 9.651157 101.171806
v 37.491070 11.496998 97.754967
v 38.003811 11.496998 96.649269
v 36.738750 11.496998 98.712387
v 35.786530 11.496998 99.471634
v 37.967621 9.875957 100.175087
v 36.290119 9.105107 98.620461
v 36.675930 8.718448 97.575859
v 36.338520 9.492408 99.771996
v 36.442497 9.963987 101.153107
v 36.109631 10.381738 101.668221
v 34.068531 10.380307 102.291756
v 31.932589 10.380307 102.291756
v 38.282230 10.274487 100.347649
v 33.000561 11.488008 100.500801
v 35.271240 11.488008 100.010201
v 35.580151 11.491998 99.791534
v 34.139030 11.488008 100.376747
v 36.912289 7.941446 88.475136
v 30.092079 11.396996 88.936707
v 31.493809 11.396996 88.446251
v 34.506451 11.396996 88.446045
v 31.301600 11.496997 89.290794
v 30.261839 11.496997 89.710236
v 31.839029 11.488008 100.376747
v 30.729879 11.488008 100.010201
v 29.891489 10.381738 101.668221
v 29.352409 11.496997 90.291069
v 30.404650 9.968588 101.548119
v 31.696020 9.651157 101.032356
v 30.366369 10.856088 101.644676
v 31.348949 10.856088 101.954376
v 30.768108 11.046997 101.474876
v 9.721459 11.000334 54.887047
v 30.634600 11.000005 64.292709
v -1.223480 11.000002 31.373989
v 2.192500 11.000171 12.224829
v 39.013760 10.998610 12.248158
v -22.299639 11.000221 21.385099
v 14.338520 9.492408 103.771996
v 7.711000 9.105107 102.620461
v 14.738740 11.496998 102.712387
v 15.491059 11.496998 101.754967
v 33.000568 -5.003003 95.000801
vn -0.2765 -0.5929 0.7563
vn -0.2212 -0.6100 0.7609
vn 0.8748 -0.2989 0.3813
vn 0.8968 -0.2823 0.3406
vn 0.1199 0.9925 0.0225
vn -0.5502 -0.6273 0.5512
vn 0.8536 0.2230 0.4708
vn 0.7895 0.3703 0.4896
vn 0.1711 -0.9322 0.3188
vn 0.1747 -0.9330 0.3147
vn 0.2767 0.9606 0.0253
vn 0.2632 0.9632 0.0540
vn 0.2677 0.9606 0.0743
vn 0.2457 0.9626 0.1139
vn 0.2471 0.9609 0.1249
vn 0.3688 -0.8658 0.3381
vn 0.4026 -0.8446 0.3530
vn 0.3082 -0.8786 0.3648
vn 0.7924 -0.4864 0.3683
vn 0.7306 -0.5584 0.3931
vn 0.9396 -0.1465 0.3094
vn 0.9284 0.2902 0.2320
vn 0.9282 0.2916 0.2311
vn 0.6097 0.4163 0.6745
vn 0.4501 -0.6296 0.6333
vn 0.5277 -0.5685 0.6312
vn 0.5146 -0.5833 0.6285
vn 0.6991 0.2893 0.6539
vn 0.6960 0.2586 0.6698
vn 0.7333 0.3930 0.5549
vn 0.5154 -0.6393 0.5706
vn 0.7148 -0.4433 0.5409
vn 0.5037 -0.6913 0.5181
vn 0.6269 -0.5820 0.5179
vn 0.5468 -0.6433 0.5359
vn 0.8546 0.2361 0.4625
vn 0.8735 0.3252 0.3623
vn 0.7716 0.6348 0.0416
vn 0.1449 -0.9397 0.3097
vn 0.1440 -0.9400 0.3094
vn 0.1439 -0.9400 0.3094
vn 0.1437 -0.9400 0.3093
vn 0.1435 -0.9401 0.3093
vn 0.1434 -0.9401 0.3094
vn 0.1034 -0.9395 0.3267
vn 0.4052 0.8372 0.3673
vn 0.4044 0.8537 0.3280
vn 0.4531 0.8313 0.3220
vn 0.4888 0.8366 0.2472
vn 0.4901 0.8324 0.2585
vn 0.5334 0.8204 0.2061
vn 0.5503 0.8209 0.1527
vn 0.5478 0.8253 0.1370
vn 0.5794 0.8100 0.0907
vn 0.5820 0.8115 0.0533
vn 0.5821 0.8114 0.0531
vn 0.6389 0.7680 -0.0438
vn 0.5823 0.8118 0.0441
vn -0.6297 -0.6158 0.4736
vn -0.6271 -0.6118 0.4821
vn -0.6741 -0.6304 0.3850
vn -0.7233 -0.6163 0.3115
vn -0.7775 -0.5791 0.2452
vn -0.6944 -0.6441 0.3207
vn 1.0000 -0.0000 -0.0000
vn 0.1012 0.9936 0.0498
vn 0.2419 0.9669 -0.0807
vn 0.3518 0.8901 -0.2897
vn 0.3196 0.9434 -0.0885
vn 0.3644 0.9312 0.0061
vn 0.4289 0.9011 -0.0641
vn 0.3416 0.9306 -0.1315
vn 0.3586 0.9303 -0.0772
vn 0.4498 0.8931 0.0050
vn 0.4393 0.8979 0.0265
vn 0.5674 0.8142 -0.1234
vn 0.5425 0.8392 -0.0377
vn 0.1956 -0.8705 0.4517
vn 0.2745 -0.7722 0.5730
vn 0.3052 -0.6571 0.6893
vn 0.9904 0.1328 -0.0390
vn 0.9074 0.4120 0.0833
vn 0.9104 0.3720 0.1810
vn 0.8286 0.5491 -0.1093
vn 0.7531 0.6425 -0.1414
vn 0.7842 0.6195 -0.0353
vn 0.9000 -0.3413 0.2710
vn 0.8059 -0.5303 0.2632
vn 0.8075 -0.4561 0.3741
vn -0.2270 -0.8699 0.4378
vn 0.8582 -0.4431 0.2590
vn 0.9197 -0.3619 0.1523
vn 0.8715 -0.4374 0.2219
vn 0.8124 -0.5587 0.1667
vn -0.2034 -0.8764 0.4364
vn 0.2271 0.9731 -0.0391
vn 0.2774 0.9607 0.0066
vn 0.2238 0.9731 -0.0551
vn 0.2001 0.9798 0.0024
vn 0.1887 0.9813 -0.0366
vn 0.2663 0.9637 -0.0185
vn 0.2754 0.9613 -0.0081
vn -0.2649 -0.9270 0.2655
vn -0.2992 -0.9273 0.2250
vn -0.2998 -0.9280 0.2210
vn -0.3246 -0.9275 0.1854
vn -0.3248 -0.9280 0.1827
vn -0.3431 -0.9276 0.1477
vn -0.3430 -0.9279 0.1460
vn -0.3560 -0.9277 0.1122
vn -0.3559 -0.9279 0.1113
vn 0.9207 0.3750 -0.1082
vn -0.6946 -0.6997 0.1668
vn -0.1926 -0.8635 0.4661
vn 0.1259 -0.5480 0.8270
vn 0.1833 -0.6923 0.6979
vn 0.2396 -0.7247 0.6461
vn 0.3300 -0.7194 0.6112
vn 0.0436 -0.7847 0.6184
vn -0.1494 -0.8515 0.5026
vn -0.3957 -0.9000 0.1827
vn -0.4031 -0.9021 0.1540
vn -0.3805 -0.9247 -0.0117
vn 0.2492 -0.6247 0.7400
vn 0.3378 -0.8062 0.4858
vn 0.7485 -0.5876 0.3074
vn 0.4965 -0.6811 0.5381
vn 0.9644 -0.1841 0.1900
vn 0.9985 -0.0541 0.0059
vn 0.9407 -0.0992 0.3245
vn 0.9400 -0.0905 0.3288
vn 0.4868 -0.5135 0.7067
vn 0.8262 -0.3875 0.4089
vn -0.3666 -0.9273 0.0757
vn 0.8763 -0.1649 0.4526
vn -0.3647 -0.9278 0.0785
vn 0.2002 -0.5681 0.7983
vn 0.1787 -0.9140 0.3642
vn -0.1871 -0.7481 0.6367
vn 0.8345 -0.2209 0.5048
vn 0.8942 -0.2304 0.3839
vn 0.9410 0.3362 -0.0394
vn 0.9845 0.1730 -0.0290
vn 0.9969 0.0655 -0.0435
vn 0.9906 0.1365 -0.0133
vn 0.9999 0.0052 0.0102
vn -0.7049 -0.6943 0.1452
vn 0.9614 0.2549 0.1035
vn 0.9998 0.0026 0.0190
vn 0.9902 0.1392 -0.0105
vn 0.9923 0.1212 -0.0265
vn 0.7042 -0.0614 0.7073
vn 0.7240 -0.0803 0.6851
vn 0.6983 -0.0671 0.7126
vn 0.7075 -0.1746 0.6848
vn 0.6876 -0.2029 0.6972
vn 0.6897 -0.3567 0.6302
vn 0.6601 -0.2900 0.6929
vn 0.7391 -0.2969 0.6046
vn 0.6596 -0.2924 0.6924
vn 0.7136 -0.4679 0.5214
vn 0.5224 -0.7449 0.4149
vn 0.5624 -0.6222 0.5446
vn 0.5389 -0.6398 0.5479
vn -0.1650 -0.6948 0.7000
vn -0.1722 -0.7020 0.6910
vn -0.2966 -0.6660 0.6845
vn -0.3184 -0.6729 0.6677
vn -0.4357 -0.6286 0.6442
vn -0.4551 -0.6282 0.6311
vn -0.6629 -0.3759 0.6475
vn -0.5342 -0.5140 0.6712
vn -0.4992 -0.6102 0.6152
vn -0.6978 -0.0775 0.7121
vn -0.9062 -0.3124 -0.2852
vn -0.7173 -0.1574 0.6788
vn -0.5740 -0.0708 0.8158
vn -0.6710 -0.1833 0.7184
vn -0.6809 -0.2819 0.6759
vn -0.6374 -0.3847 0.6676
vn -0.7220 -0.4328 0.5398
vn -0.0000 -1.0000 -0.0000
vn 0.1152 0.9932 -0.0195
vn 0.1240 0.9923 -0.0007
vn -0.0700 0.9918 -0.1072
vn -0.0679 0.9915 -0.1110
vn -0.0428 0.9916 -0.1223
vn -0.0421 0.9915 -0.1231
vn -0.0146 0.9916 -0.1288
vn -0.0142 0.9915 -0.1291
vn 0.0142 0.9916 -0.1289
vn 0.0146 0.9915 -0.1291
vn 0.0421 0.9915 -0.1231
vn 0.0428 0.9916 -0.1223
vn 0.0684 0.9915 -0.1108
vn 0.2103 0.9718 -0.1065
vn 0.0453 0.9962 -0.0740
vn -0.1653 0.9857 -0.0324
vn -0.1740 0.9846 -0.0134
vn 0.1215 -0.4376 0.8909
vn -0.7824 -0.2746 0.5590
vn 0.6407 -0.1897 0.7440
vn 0.4666 -0.1700 0.8680
vn -0.8758 -0.1193 0.4677
vn -0.9419 -0.0290 0.3346
vn -0.9712 0.0102 0.2379
vn -0.7445 -0.1340 0.6540
vn -0.3531 -0.2099 0.9117
vn 0.1108 -0.0000 0.9938
vn 0.5562 -0.0718 0.8280
vn 0.3573 0.1461 0.9225
vn 0.7511 0.0251 0.6598
vn 0.9711 -0.0206 0.2379
vn 0.8484 -0.1308 0.5129
vn 0.8678 -0.1355 0.4780
vn -0.4048 -0.2260 0.8860
vn -0.7133 -0.0606 0.6982
vn -0.5534 -0.1223 0.8239
vn -0.1084 -0.2059 0.9725
vn -0.2138 -0.3760 0.9016
vn 0.7824 -0.2746 0.5590
vn -0.0156 0.9904 -0.1370
vn 0.0155 0.9904 -0.1370
vn -0.0915 -0.9256 0.3674
vn -0.0996 -0.9289 0.3567
vn -0.1623 -0.9261 0.3404
vn -0.9998 -0.0147 0.0148
vn 0.9471 -0.1894 -0.2592
vn 0.7276 -0.0000 0.6860
vn 0.7263 -0.0001 0.6874
vn 0.6954 0.0004 0.7186
vn 0.7154 0.0023 0.6987
vn 0.6999 -0.0000 0.7142
vn 0.6316 -0.0025 0.7753
vn 0.6148 -0.0066 0.7886
vn 0.5668 0.0014 0.8238
vn 0.4716 0.0088 0.8818
vn 0.4264 -0.0013 0.9045
vn 0.4858 -0.0016 0.8741
vn 0.4919 -0.0000 0.8707
vn 0.4415 -0.0334 0.8966
vn 0.4167 -0.0607 0.9070
vn 0.4558 -0.0005 0.8901
vn 0.3555 0.0001 0.9347
vn 0.3920 0.0027 0.9200
vn 0.3658 0.0391 0.9299
vn 0.3227 -0.0090 0.9465
vn 0.2724 -0.0484 0.9610
vn 0.2800 -0.0362 0.9593
vn 0.1562 0.0280 0.9873
vn 0.0944 -0.0478 0.9944
vn -0.0000 0.0338 0.9994
vn -0.0944 -0.0478 0.9944
vn -0.1562 0.0280 0.9873
vn -0.2684 -0.0301 0.9628
vn -0.3746 -0.1566 0.9139
vn -0.2802 -0.0141 0.9598
vn -0.3741 0.0025 0.9274
vn -0.4835 -0.0000 0.8753
vn -0.4716 0.0088 0.8818
vn -0.4281 -0.0103 0.9037
vn -0.4896 -0.0015 0.8719
vn -0.4557 -0.0242 0.8898
vn -0.5389 0.0003 0.8424
vn -0.6557 -0.0202 0.7547
vn -0.6148 -0.0038 0.7887
vn -0.6951 0.0004 0.7190
vn -0.7274 -0.0001 0.6862
vn -0.7263 -0.0000 0.6874
vn -0.0000 1.0000 -0.0000
vn -0.3275 -0.0000 0.9448
vn -0.0796 -0.0000 0.9968
vn -0.0795 -0.0000 0.9968
vn 0.1736 -0.0000 0.9848
vn 0.4153 -0.0000 0.9097
vn 0.6303 -0.0000 0.7763
vn 0.8050 -0.0000 0.5932
vn 0.8051 -0.0000 0.5932
vn 0.9283 -0.0000 0.3718
vn 0.9283 -0.0000 0.3717
vn 0.9920 -0.0000 0.1265
vn 0.9920 -0.0000 0.1264
vn 0.3275 -0.0000 0.9448
vn 0.0796 -0.0000 0.9968
vn -0.1736 -0.0000 0.9848
vn -0.4153 -0.0000 0.9097
vn -0.6303 -0.0000 0.7763
vn -0.8050 -0.0000 0.5932
vn -0.9283 -0.0000 0.3718
vn -0.9920 -0.0000 0.1265
vn 0.3232 0.1620 0.9324
vn 0.1811 0.3289 0.9268
vn 0.1844 0.3297 0.9259
vn 0.0784 0.1685 0.9826
vn -0.1595 0.3952 0.9047
vn -0.0453 0.9315 0.3608
vn -0.1746 0.8634 0.4733
vn -0.4005 0.2641 0.8774
vn -0.3237 0.3520 0.8782
vn -0.2226 0.9205 0.3212
vn -0.5801 0.3912 0.7144
vn -0.7806 0.2446 0.5752
vn -0.6943 0.3619 0.6221
vn -0.2605 0.9345 0.2427
vn -0.2707 0.9316 0.2425
vn -0.3350 0.9210 0.1988
vn -0.8563 0.3863 0.3429
vn -0.3238 0.9400 0.1076
vn -0.3641 0.9270 0.0905
vn -0.9670 0.2231 0.1233
vn -0.9755 0.1940 0.1040
vn -0.8143 0.5440 0.2023
vn -0.5473 0.8190 -0.1725
vn -0.1950 0.9806 0.0209
vn -0.3233 0.1611 0.9325
vn -0.0783 0.1789 0.9807
vn -0.1834 0.3286 0.9265
vn -0.1848 0.3284 0.9263
vn 0.1593 0.3968 0.9039
vn 0.3866 0.3653 0.8468
vn 0.3286 0.3081 0.8928
vn 0.0393 0.9309 0.3631
vn 0.1814 0.8603 0.4764
vn 0.2226 0.9205 0.3211
vn 0.5802 0.3907 0.7146
vn 0.2666 0.9312 0.2484
vn 0.2664 0.9336 0.2396
vn 0.7469 0.3731 0.5504
vn 0.7083 0.3041 0.6371
vn 0.3350 0.9210 0.1988
vn 0.8564 0.3859 0.3430
vn 0.3567 0.9266 0.1186
vn 0.3223 0.9460 0.0346
vn 0.1943 0.9768 -0.0898
vn 0.5503 0.8236 0.1371
vn 0.9247 0.3032 0.2304
vn 0.8166 0.5457 -0.1880
vn 0.9732 0.1936 0.1241
vn 0.3274 0.0311 0.9444
vn 0.0783 -0.1844 0.9797
vn 0.0250 -0.1189 0.9926
vn -0.1667 -0.2798 0.9455
vn -0.1961 -0.2753 0.9411
vn -0.3827 -0.3885 0.8383
vn -0.6124 -0.2370 0.7542
vn -0.6467 -0.3297 0.6878
vn -0.1074 -0.9364 0.3341
vn -0.2088 -0.9239 0.3207
vn -0.2957 -0.8938 0.3371
vn -0.3453 -0.8655 0.3630
vn -0.3200 -0.9224 0.2163
vn -0.7414 -0.3896 0.5464
vn -0.3466 -0.9248 0.1566
vn -0.3362 -0.9377 0.0875
vn -0.2988 -0.9540 0.0254
vn -0.1946 -0.9783 -0.0718
vn -0.5491 -0.8217 0.1526
vn -0.9095 -0.2005 0.3642
vn -0.9022 -0.3511 0.2507
vn -0.8166 -0.5457 -0.1880
vn -0.9732 -0.1936 0.1241
vn 0.5576 -0.0000 0.8301
vn 0.1107 -0.0000 0.9938
vn -0.3611 -0.0000 0.9325
vn -0.7513 -0.0000 0.6600
vn -0.9713 -0.0000 0.2380
vn -0.5576 -0.0000 0.8301
vn -0.1109 -0.0000 0.9938
vn -0.1107 -0.0000 0.9938
vn 0.3612 -0.0000 0.9325
vn 0.3611 -0.0000 0.9325
vn 0.7513 -0.0000 0.6600
vn 0.9713 -0.0000 0.2380
vn -0.5202 -0.2588 0.8139
vn -0.5563 -0.0692 0.8281
vn -0.5763 -0.1463 0.8040
vn -0.5729 -0.1418 0.8073
vn -0.5029 -0.1016 0.8583
vn -0.5349 -0.1697 0.8277
vn -0.3679 -0.4636 0.8060
vn -0.4224 -0.4854 0.7655
vn -0.2874 -0.5379 0.7925
vn -0.2109 -0.4660 0.8593
vn -0.1088 -0.1911 0.9755
vn 0.0472 -0.2458 0.9682
vn -0.0766 -0.5207 0.8503
vn -0.3118 -0.7056 0.6364
vn 0.0312 -0.8383 0.5443
vn 0.2199 -0.6634 0.7152
vn 0.3477 -0.2696 0.8980
vn 0.5072 -0.6846 0.5236
vn 0.6575 -0.3258 0.6793
vn 0.0085 -0.9368 0.3496
vn -0.0176 -0.7925 0.6096
vn -0.1934 -0.8588 0.4744
vn 0.7144 -0.3092 0.6277
vn 0.6160 -0.7054 0.3506
vn 0.4062 -0.8901 0.2069
vn 0.2214 -0.9748 -0.0275
vn 0.4447 -0.8874 0.1214
vn 0.9410 -0.2477 0.2305
vn 0.8155 -0.5787 -0.0093
vn 0.9583 -0.2446 0.1478
vn 0.1180 -0.9657 0.2312
vn 0.4715 -0.0144 0.8817
vn 0.4123 -0.3060 0.8581
vn 0.2932 -0.7044 0.6464
vn 0.1431 -0.9533 0.2659
vn 0.3392 -0.3852 0.8582
vn 0.1305 -0.9094 0.3948
vn 0.0710 -0.9425 0.3266
vn 0.0543 -0.7523 0.6566
vn 0.2045 -0.3715 0.9056
vn 0.0400 -0.7316 0.6806
vn 0.0161 -0.9880 0.1534
vn -0.0400 -0.7316 0.6806
vn -0.0161 -0.9880 0.1534
vn -0.0710 -0.9425 0.3266
vn -0.1305 -0.9094 0.3948
vn -0.4425 -0.1169 0.8891
vn -0.1420 -0.9500 0.2781
vn -0.1385 -0.9540 0.2660
vn -0.2932 -0.7044 0.6464
vn -0.4556 -0.2584 0.8519
vn 0.5563 -0.0691 0.8281
vn 0.5465 -0.0752 0.8341
vn 0.5760 -0.1382 0.8057
vn 0.4919 -0.3074 0.8146
vn 0.5331 -0.2321 0.8136
vn 0.5243 -0.2286 0.8203
vn 0.4919 -0.2658 0.8291
vn 0.4867 -0.2609 0.8337
vn 0.2261 -0.4302 0.8740
vn 0.1191 -0.1963 0.9733
vn 0.1087 -0.1969 0.9744
vn 0.2953 -0.7046 0.6453
vn 0.3609 -0.6371 0.6810
vn 0.2607 -0.5980 0.7579
vn 0.0085 -0.5754 0.8178
vn 0.1317 -0.6925 0.7093
vn -0.2890 -0.2736 0.9174
vn -0.1371 -0.6223 0.7706
vn -0.3474 -0.2725 0.8972
vn 0.0003 -0.9541 0.2995
vn -0.0696 -0.8381 0.5411
vn 0.1195 -0.9101 0.3967
vn -0.3796 -0.7015 0.6032
vn -0.2014 -0.8733 0.4436
vn -0.6473 -0.3049 0.6986
vn -0.4819 -0.6995 0.5277
vn -0.2139 -0.9764 -0.0284
vn -0.4322 -0.8915 0.1356
vn -0.7188 -0.2911 0.6314
vn -0.6911 -0.6792 0.2470
vn -0.4514 -0.8853 0.1121
vn -0.9365 -0.2652 0.2294
vn -0.9239 -0.2624 0.2786
vn -0.7755 -0.6210 0.1142
vn 0.0840 -0.4720 0.8776
vn 0.0737 -0.3144 0.9464
vn 0.0318 -0.7180 0.6953
vn 0.0557 -0.9124 0.4055
vn 0.0615 -0.8951 0.4416
vn 0.0696 -0.9882 0.1367
vn 0.0124 -0.9194 0.3930
vn -0.0000 -0.0000 1.0000
vn 0.0001 -0.0000 1.0000
vn -0.4274 -0.8729 0.2355
vn -0.4273 -0.8729 0.2354
vn -0.4273 -0.8729 0.2355
vn 0.0441 -0.7186 0.6940
vn -0.0441 -0.7186 0.6940
vn 0.1970 -0.3283 0.9238
vn -0.1148 -0.9056 0.4084
vn 0.3531 -0.8726 0.3375
vn 0.1974 -0.8020 0.5638
vn -0.1888 -0.6710 0.7170
vn -0.2528 -0.6501 0.7166
vn 0.1260 -0.6534 0.7464
vn -0.2127 -0.2951 0.9315
vn -0.2043 -0.3007 0.9316
vn 0.1040 -0.3002 0.9482
vn -0.0001 -0.1877 0.9822
vn 0.2626 -0.1268 0.9565
vn 0.2700 -0.1372 0.9530
vn -0.2703 -0.1376 0.9529
vn -0.2626 -0.1268 0.9565
vn 0.0001 -0.1877 0.9822
vn -0.1040 -0.3002 0.9482
vn 0.2043 -0.3007 0.9316
vn 0.2127 -0.2951 0.9315
vn -0.1260 -0.6534 0.7464
vn 0.2528 -0.6501 0.7166
vn 0.1888 -0.6710 0.7170
vn -0.1974 -0.8020 0.5638
vn -0.3531 -0.8726 0.3375
vn 0.1148 -0.9056 0.4084
vn -0.1971 -0.3275 0.9241
vn -0.0124 -0.9194 0.3930
vn -0.0695 -0.9882 0.1367
vn -0.0615 -0.8951 0.4416
vn -0.0557 -0.9124 0.4055
vn -0.0318 -0.7180 0.6953
vn -0.0737 -0.3143 0.9465
vn -0.0839 -0.4720 0.8776
vn -0.2046 -0.3710 0.9058
vn -0.0543 -0.7523 0.6566
vn -0.3396 -0.3844 0.8585
vn 0.9732 -0.1936 0.1240
vn 0.8166 -0.5457 -0.1881
vn 0.9024 -0.3499 0.2516
vn 0.9095 -0.2006 0.3642
vn 0.5490 -0.8217 0.1531
vn 0.1946 -0.9783 -0.0717
vn 0.2984 -0.9541 0.0254
vn 0.3364 -0.9376 0.0883
vn 0.3466 -0.9248 0.1566
vn 0.7418 -0.3886 0.5465
vn 0.3201 -0.9224 0.2163
vn 0.3453 -0.8655 0.3630
vn 0.2957 -0.8938 0.3371
vn 0.2088 -0.9239 0.3207
vn 0.1074 -0.9364 0.3341
vn 0.6469 -0.3287 0.6881
vn 0.6125 -0.2361 0.7544
vn 0.3828 -0.3880 0.8384
vn 0.1960 -0.2750 0.9413
vn 0.1667 -0.2795 0.9456
vn -0.0250 -0.1190 0.9926
vn -0.0781 -0.1847 0.9797
vn -0.3274 0.0296 0.9444
vn -0.3661 0.0396 0.9297
vn -0.3924 0.0031 0.9198
vn -0.4279 -0.0010 0.9038
vn -0.7176 0.0026 0.6965
vn -0.6999 -0.0000 0.7142
vn -0.9998 -0.0203 0.0080
vn -0.1051 0.9936 0.0416
vn 0.0093 0.9989 0.0452
vn -0.0754 0.9953 -0.0601
vn 0.0450 0.9983 -0.0359
vn -0.0772 0.9953 -0.0585
vn 0.0453 0.9984 -0.0343
vn 1.0000 -0.0001 -0.0000
vn -1.0000 -0.0000 -0.0000
vn -0.5431 0.8397 0.0005
vn -0.8264 0.5630 0.0003
vn -0.9802 0.1980 -0.0000
vn -0.9804 0.1953 0.0269
vn 0.4830 0.8755 -0.0157
vn 0.5527 0.8334 -0.0001
vn 0.8264 0.5630 0.0003
vn 0.9800 0.1989 0.0002
vn 0.9659 -0.2588 -0.0000
vn 0.7071 -0.7071 0.0048
vn 0.2588 -0.9659 0.0036
vn -0.2588 -0.9659 -0.0000
vn -0.7071 -0.7071 0.0048
vn -0.9659 -0.2588 0.0036
vn -0.5394 0.8340 0.1164
vn -0.8263 0.5629 -0.0187
vn -0.8510 0.5205 0.0699
vn -0.9828 0.1845 -0.0043
vn 0.6048 0.7911 0.0908
vn 0.8263 0.5629 -0.0187
vn 0.8510 0.5205 0.0699
vn 0.9800 0.1989 -0.0012
vn -0.3826 0.9238 0.0120
vn -0.6055 0.7921 -0.0776
vn -0.9824 0.1831 0.0362
vn -0.8434 0.5314 -0.0789
vn -0.9204 0.3813 -0.0862
vn -0.3511 0.9345 0.0592
vn -0.7671 0.4247 0.4808
vn -0.3085 0.9234 0.2282
vn -0.3523 0.9095 0.2208
vn -0.7683 0.3935 0.5049
vn -0.1669 0.9277 0.3339
vn -0.2949 0.4133 0.8615
vn -0.3027 0.4024 0.8640
vn -0.1390 0.9074 0.3966
vn 0.0025 0.9350 0.3547
vn 0.2964 0.4033 0.8658
vn 0.3010 0.4139 0.8591
vn 0.1393 0.9069 0.3976
vn 0.1703 0.9286 0.3296
vn 0.7683 0.3935 0.5049
vn 0.3495 0.9027 0.2511
vn 0.3348 0.9186 0.2098
vn 0.7671 0.4247 0.4808
vn 0.3527 0.9340 0.0568
vn 0.9205 0.3835 -0.0752
vn 0.6135 0.7809 0.1175
vn 0.4357 0.8972 -0.0725
vn 0.9823 0.1836 0.0361
vn 0.8435 0.5314 -0.0789
vn 0.6051 0.7903 0.0959
vn 0.4783 0.8781 -0.0072
vn -0.9996 0.0004 0.0274
vn 0.9978 -0.0000 -0.0661
vn 0.9978 -0.0001 -0.0663
vn -0.8357 -0.0000 0.5492
vn -0.3239 -0.0000 0.9461
vn 0.3239 -0.0000 0.9461
vn 0.8357 -0.0000 0.5492
vn -0.9975 0.0025 -0.0712
vn -0.9645 -0.2584 -0.0545
vn -0.6996 -0.6996 0.1458
vn -0.6236 -0.6658 0.4098
vn -0.2085 -0.7652 0.6091
vn -0.0000 -0.8450 0.5348
vn 0.2085 -0.7652 0.6091
vn 0.6236 -0.6658 0.4098
vn 0.9645 -0.2585 -0.0545
vn 0.6995 -0.6996 0.1458
vn -0.1872 0.9823 -0.0005
vn -0.6799 -0.7151 0.1628
vn 0.2588 -0.9659 -0.0000
vn 0.6799 -0.7151 0.1627
vn 0.6806 -0.4674 0.5642
vn 0.6841 -0.4692 0.5584
vn -0.0698 0.9911 -0.1130
vn -0.1700 0.9854 0.0099
vn 0.4938 -0.5548 0.6696
vn -0.8892 -0.2823 0.3601
vn -0.0697 0.9912 -0.1128
vn -0.0475 0.9919 -0.1178
vn 0.8297 -0.0000 0.5583
vn 1.0000 -0.0000 -0.0001
vn -0.5556 0.8315 -0.0003
vn -0.8315 0.5555 -0.0002
vn -0.9808 0.1951 0.0002
vn 0.1951 0.9808 0.0029
vn 0.5556 0.8315 -0.0003
vn 0.8315 0.5556 -0.0002
vn 0.9808 0.1951 -0.0001
vn 0.9808 -0.1951 0.0048
vn 0.8315 -0.5556 -0.0024
vn 0.5556 -0.8315 -0.0024
vn 0.1951 -0.9808 -0.0000
vn -0.1951 -0.9808 0.0048
vn -0.5556 -0.8315 -0.0024
vn -0.8315 -0.5556 -0.0024
vn -0.9808 -0.1951 -0.0000
vn -0.1951 0.9808 -0.0000
vn -0.4399 0.8977 0.0258
vn -0.3431 0.9296 -0.1345
vn -0.1209 0.9900 -0.0732
vn -0.9532 0.2032 0.2239
vn -0.9473 0.2912 0.1333
vn 0.1918 -0.8630 0.4673
vn -0.1259 -0.5480 0.8270
vn -0.1825 -0.6903 0.7001
vn -0.2696 -0.7382 0.6183
vn -0.0440 -0.7845 0.6186
vn 0.3448 -0.8711 0.3497
vn -0.2490 -0.6208 0.7434
vn -0.5327 -0.6769 0.5080
vn -0.4866 -0.6859 0.5411
vn -0.9644 -0.1841 0.1900
vn -0.9393 -0.2294 0.2550
vn -0.9745 0.2097 0.0802
vn -0.9418 -0.1189 0.3145
vn -0.4720 -0.5160 0.7148
vn -0.5530 -0.4999 0.6666
vn -0.1070 -0.9372 0.3320
vn -0.0836 -0.9755 0.2035
vn -0.9562 0.2785 0.0902
vn 0.8184 -0.5591 0.1327
vn 0.2641 -0.9384 0.2227
vn 0.3083 -0.9294 0.2028
vn 0.3333 -0.9271 0.1714
vn 0.3427 -0.9316 0.1209
vn 0.4158 -0.9039 0.1001
vn -0.0201 -0.9984 0.0532
vn -0.2465 0.9682 -0.0425
vn -0.2326 0.9725 -0.0114
vn -0.2238 0.9731 -0.0551
vn -0.2001 0.9798 0.0024
vn -0.1798 0.9814 -0.0666
vn -0.1647 0.9861 -0.0219
vn -0.1376 0.9872 -0.0810
vn -0.1394 0.9861 -0.0904
vn -0.0930 0.9915 -0.0912
vn -0.1179 0.9614 0.2485
vn -0.2803 0.9171 0.2835
vn -0.1704 0.9612 0.2168
vn -0.1710 0.9617 0.2144
vn -0.2145 0.9611 0.1743
vn -0.2147 0.9620 0.1687
vn -0.2471 0.9609 0.1252
vn -0.2457 0.9626 0.1139
vn -0.2677 0.9606 0.0745
vn -0.2632 0.9632 0.0540
vn -0.2767 0.9606 0.0254
vn -0.2689 0.9631 -0.0079
vn -0.2554 0.9666 0.0214
vn -0.0698 0.9916 -0.1092
vn -0.3400 -0.6263 0.7015
vn -0.2235 -0.5177 0.8259
vn -0.2764 0.3217 0.9056
vn -0.6454 -0.5707 0.5077
vn -0.6437 -0.5743 0.5058
vn -0.8401 0.2613 0.4754
vn -0.6798 0.6453 0.3485
vn -0.8840 0.0880 0.4592
vn -0.8142 0.3264 0.4802
vn -0.7575 0.3964 0.5188
vn -0.5314 -0.5620 0.6338
vn -0.4964 -0.6744 0.5466
vn -0.6934 0.3281 0.6415
vn -0.6976 0.3153 0.6433
vn -0.4527 -0.6393 0.6216
vn -0.5942 0.4217 0.6849
vn -0.4964 0.3667 0.7868
vn -0.5515 0.1911 0.8120
vn -0.4038 0.4440 0.7999
vn -0.4172 -0.5408 0.7304
vn -0.4120 -0.6064 0.6801
vn -0.7042 -0.6028 0.3750
vn -0.5509 -0.7065 0.4444
vn -0.9400 -0.1471 0.3077
vn -0.9538 0.1968 0.2268
vn -0.7761 0.6075 0.1690
vn -0.8967 0.4056 0.1769
vn 0.3300 -0.8072 0.4893
vn -0.2002 -0.5681 0.7983
vn -0.1971 -0.7727 0.6034
vn -0.5601 -0.4294 0.7085
vn -0.8672 -0.4896 0.0912
vn -0.7917 -0.5355 0.2941
vn -0.8690 -0.3157 0.3810
vn 0.4041 -0.5644 0.7198
vn 0.3380 -0.8513 0.4013
vn 0.5201 -0.7874 0.3309
vn 0.1498 -0.7814 0.6058
vn -0.6731 -0.6537 0.3459
vn -0.7949 -0.5233 0.3071
vn -0.9917 0.1243 -0.0338
vn -0.9547 0.2962 0.0286
vn -0.9339 0.3529 -0.0581
vn -0.9701 0.2232 -0.0950
vn -0.8466 0.5286 -0.0614
vn -0.7798 0.6257 -0.0196
vn -0.7980 0.6005 -0.0513
vn -0.7680 0.6403 -0.0138
vn -0.8012 0.5893 -0.1039
vn -0.7628 0.6444 -0.0537
vn -0.7271 0.6860 0.0266
vn -0.7187 0.6953 -0.0007
vn -0.6762 0.7332 0.0717
vn -0.1938 -0.8716 0.4502
vn -0.3349 -0.6712 0.6614
vn -0.1441 -0.9397 0.3102
vn -0.1445 -0.9397 0.3100
vn -0.1215 -0.9361 0.3301
vn -0.1498 -0.9393 0.3087
vn -0.1492 -0.9378 0.3134
vn -0.1486 -0.9376 0.3143
vn -0.1065 -0.9431 0.3150
vn -0.1650 -0.9329 0.3201
vn -0.1735 -0.9326 0.3163
vn -0.1431 -0.9387 0.3136
vn -0.6000 0.7819 -0.1695
vn -0.3586 0.9303 -0.0772
vn -0.3416 0.9306 -0.1315
vn -0.4758 0.8778 -0.0549
vn -0.3378 0.9406 0.0341
vn -0.3706 0.9288 -0.0010
vn -0.2695 0.9592 -0.0859
vn -0.1514 0.9878 0.0374
vn -0.9988 0.0224 0.0444
vn -0.0012 -1.0000 -0.0010
vn 0.6690 -0.7179 0.1926
vn 0.7137 -0.6458 0.2714
vn 0.6746 -0.6515 0.3470
vn 0.6489 -0.6299 0.4269
vn 0.6481 -0.6267 0.4327
vn 0.5823 -0.6481 0.4909
vn 0.6805 -0.5791 0.4489
vn -0.5588 0.8293 -0.0052
vn -0.6304 0.7734 -0.0661
vn -0.6231 0.7821 -0.0103
vn -0.6235 0.7816 -0.0169
vn -0.5817 0.8124 0.0402
vn -0.5819 0.8115 0.0535
vn -0.5660 0.8205 0.0802
vn -0.5820 0.8125 0.0315
vn -0.5773 0.8084 0.1150
vn -0.5438 0.8255 0.1512
vn -0.5412 0.8207 0.1833
vn -0.4846 0.8396 0.2455
vn -0.5107 0.8275 0.2334
vn -0.4738 0.8160 0.3311
vn -0.4044 0.8535 0.3286
vn -0.3969 0.8349 0.3814
vn -0.3207 0.8548 0.4081
vn -0.3303 0.8481 0.4142
vn -0.2594 0.8269 0.4990
vn -0.2168 0.8627 0.4570
vn 0.0002 -1.0000 -0.0000
vn -0.0011 -0.9998 0.0192
vn -0.2664 -0.9282 0.2600
vn -0.2227 -0.9283 0.2977
vn 0.0930 0.9915 -0.0912
vn 0.1394 0.9861 -0.0904
vn 0.1376 0.9872 -0.0810
vn 0.1494 0.9872 -0.0554
vn 0.0682 0.9915 -0.1105
vn 0.0718 0.9911 -0.1124
vn -0.0009 1.0000 -0.0003
vn -0.0086 -1.0000 0.0018
vn -0.0080 -1.0000 0.0025
vn -0.0075 -1.0000 0.0032
vn -0.0068 -1.0000 0.0038
vn -0.0060 -1.0000 0.0044
vn -0.0051 -1.0000 0.0050
vn -0.0041 -1.0000 0.0055
vn -0.0030 -1.0000 0.0060
vn 0.3253 0.8609 0.3912
vn 0.3353 0.8404 0.4258
vn 0.2328 0.8650 0.4445
vn 0.2503 0.8127 0.5261
vn 0.1765 0.8382 0.5160
vn 0.1082 0.8437 0.5258
vn 0.1119 0.8618 0.4948
vn 0.0003 0.8387 0.5447
vn -0.0091 -1.0000 0.0010
vn -0.0063 -1.0000 0.0061
vn 0.1040 -0.9435 0.3146
vn 0.0708 -0.9362 0.3443
vn -0.0055 -0.9507 0.3100
vn 0.0452 -0.9048 0.4233
vn 0.1445 -0.9397 0.3100
vn 0.1274 -0.9415 0.3119
vn 0.1891 -0.9184 0.3476
vn 0.3040 0.3431 0.8888
vn 0.2804 0.2789 0.9185
vn 0.1553 -0.6372 0.7549
vn 0.2524 -0.5058 0.8249
vn 0.1804 0.4457 0.8768
vn 0.0235 0.3836 0.9232
vn -0.0000 -0.5819 0.8132
vn 0.4301 -0.5448 0.7198
vn 0.3904 -0.6077 0.6916
vn 0.5324 0.4040 0.7438
vn 0.4447 0.0381 0.8949
vn 0.4622 0.5202 0.7181
vn 0.2946 -0.6402 0.7095
vn 0.0002 0.9474 0.3199
vn 0.1941 0.9600 0.2018
vn 0.1373 0.9475 0.2887
vn 0.1706 0.9613 0.2166
vn 0.1710 0.9616 0.2145
vn 0.2146 0.9611 0.1740
vn 0.2148 0.9620 0.1687
vn 0.0581 -0.9880 0.1429
vn 0.1169 -0.9523 0.2820
vn 0.0330 0.9526 0.3025
vn 0.0703 0.9479 0.3109
vn 0.0937 0.9526 0.2893
vn -0.0446 0.9908 -0.1275
vn -0.0210 0.9923 -0.1223
vn 0.0210 0.9923 -0.1223
vn 0.0446 0.9908 -0.1275
vn 0.0475 0.9919 -0.1178
vn -0.1673 -0.9286 0.3313
vn -0.2199 -0.9266 0.3050
vn -0.0323 0.9525 0.3028
vn -0.0702 0.9475 0.3120
vn -0.0956 0.9525 0.2893
vn -0.2322 -0.6088 0.7586
vn -0.2873 0.2940 0.9116
vn -0.1316 0.4609 0.8776
vn -0.0140 -0.6233 0.7819
vn -0.0000 0.3166 0.9486
vn 0.0009 1.0000 -0.0003
vn -0.1051 -0.9426 0.3171
vn -0.0928 -0.9348 0.3429
vn -0.0354 -0.9431 0.3307
vn -0.1682 0.8287 0.5337
vn -0.1322 0.7984 0.5875
vn -0.0655 0.8973 0.4366
vn 0.0126 0.8677 0.4970
vn 0.0488 -0.9986 0.0192
vn -0.2213 -0.6100 0.7609
vn 0.8892 -0.2823 0.3600
vn 0.7894 0.3703 0.4895
vn 0.2767 0.9606 0.0254
vn 0.3689 -0.8658 0.3381
vn 0.7923 -0.4864 0.3683
vn 0.7306 -0.5583 0.3931
vn 0.9396 -0.1466 0.3094
vn 0.9282 0.2917 0.2311
vn 0.7333 0.3930 0.5548
vn 0.5154 -0.6394 0.5706
vn 0.8735 0.3251 0.3623
vn 0.5334 0.8204 0.2060
vn 0.5477 0.8254 0.1370
vn 0.5820 0.8114 0.0533
vn 0.5821 0.8114 0.0532
vn -0.7775 -0.5791 0.2451
vn 1.0000 0.0001 -0.0000
vn 0.4498 0.8931 0.0049
vn 0.7532 0.6425 -0.1414
vn 0.9007 -0.3104 0.3041
vn 0.7987 -0.5375 0.2705
vn 0.7540 -0.4613 0.4676
vn 0.9269 -0.3495 0.1366
vn 0.8459 -0.4757 0.2412
vn 0.8216 -0.5431 0.1731
vn -0.3430 -0.9276 0.1477
vn -0.6946 -0.6998 0.1668
vn 0.9400 -0.0906 0.3288
vn 0.4868 -0.5134 0.7067
vn 0.9937 0.1094 -0.0249
vn 0.9999 0.0073 0.0144
vn 0.9998 0.0068 0.0180
vn 0.9923 0.1211 -0.0265
vn -0.4519 -0.6214 0.6401
vn -0.4582 -0.6215 0.6355
vn -0.4941 -0.6083 0.6211
vn -0.9061 -0.3124 -0.2852
vn -0.7172 -0.1574 0.6788
vn 0.5070 -0.2130 0.8352
vn 0.4330 -0.2011 0.8787
vn -0.9712 0.0102 0.2380
vn -0.3531 -0.2100 0.9117
vn -0.3567 0.1563 0.9211
vn 0.7510 0.0251 0.6598
vn 0.4265 -0.0013 0.9045
vn 0.3227 -0.0090 0.9464
vn -0.6148 -0.0038 0.7886
vn -0.3276 -0.0000 0.9448
vn 0.9284 -0.0000 0.3717
vn -0.5801 0.3913 0.7144
vn -0.8143 0.5441 0.2023
vn -0.5472 0.8190 -0.1725
vn -0.3827 -0.3885 0.8382
vn -0.3201 -0.9224 0.2163
vn -0.9713 -0.0000 0.2379
vn -0.5730 -0.1418 0.8072
vn -0.2108 -0.4660 0.8593
vn -0.0601 -0.9436 0.3256
vn 0.3386 -0.9397 0.0489
vn 0.8154 -0.5788 -0.0093
vn 0.9583 -0.2446 0.1479
vn 0.4123 -0.3059 0.8581
vn 0.1305 -0.9095 0.3948
vn 0.0400 -0.7316 0.6805
vn 0.5464 -0.0752 0.8341
vn 0.4918 -0.3074 0.8146
vn 0.1192 -0.1963 0.9733
vn 0.1086 -0.1969 0.9744
vn 0.0084 -0.5754 0.8178
vn -0.3475 -0.2725 0.8972
vn -0.0695 -0.8381 0.5411
vn 0.1196 -0.9101 0.3967
vn -0.2139 -0.9764 -0.0285
vn -0.4322 -0.8915 0.1355
vn -0.6910 -0.6793 0.2471
vn -0.7755 -0.6209 0.1141
vn -0.4274 -0.8729 0.2354
vn 0.3531 -0.8726 0.3376
vn -0.2529 -0.6501 0.7165
vn 0.1260 -0.6534 0.7465
vn -0.1260 -0.6534 0.7465
vn 0.2529 -0.6501 0.7165
vn -0.0124 -0.9194 0.3931
vn -0.2046 -0.3709 0.9058
vn -0.3396 -0.3843 0.8585
vn 0.9732 -0.1936 0.1241
vn 0.8166 -0.5457 -0.1882
vn 0.9095 -0.2006 0.3641
vn 0.2985 -0.9541 0.0254
vn 0.3364 -0.9376 0.0882
vn 0.2087 -0.9239 0.3207
vn -0.7175 0.0026 0.6965
vn -0.9998 -0.0203 0.0081
vn -0.8510 0.5205 0.0698
vn -0.9828 0.1845 -0.0044
vn 0.6049 0.7911 0.0909
vn 0.8263 0.5629 -0.0186
vn 0.8434 0.5314 -0.0789
vn 0.6051 0.7903 0.0958
vn 0.9978 -0.0002 -0.0664
vn 0.3449 -0.8711 0.3497
vn -0.1179 0.9614 0.2486
vn -0.2802 0.9171 0.2835
vn -0.3401 -0.6263 0.7015
vn -0.5509 -0.7064 0.4444
vn -0.9539 0.1968 0.2268
vn -0.7762 0.6075 0.1690
vn -0.8967 0.4057 0.1769
vn -0.5601 -0.4294 0.7084
vn -0.7705 -0.5969 0.2237
vn -0.8949 -0.3911 0.2148
vn -0.1938 -0.8716 0.4503
vn -0.1736 -0.9326 0.3163
vn -0.1431 -0.9387 0.3137
vn 0.5823 -0.6481 0.4908
vn 0.0453 -0.9048 0.4233
vn 0.2568 -0.8716 0.4175
vn 0.1444 -0.9397 0.3100
vn 0.1334 -0.9358 0.3262
vn 0.2523 -0.5058 0.8249
vn 0.4622 0.5203 0.7181
vn 0.0687 -0.9834 0.1680
vn 0.0977 -0.9210 0.3770
vn -0.0140 -0.6233 0.7818
vn -0.6232 0.7821 -0.0044
vn -0.7938 0.6082 -0.0036
vn -0.7201 0.6938 -0.0004
vn -0.5627 0.8266 -0.0090
vn 0.1291 -0.9916 -0.0006
vn 0.1249 -0.9922 -0.0013
vn 0.3668 -0.9303 -0.0022
vn 0.3817 -0.9243 0.0002
vn 0.5131 -0.8583 -0.0051
vn 0.6089 -0.7931 0.0192
vn 0.8110 -0.5851 0.0071
vn 0.7930 -0.6092 0.0029
vn 0.9242 -0.3818 -0.0024
vn 0.9915 -0.1291 0.0165
vn 0.9757 -0.2191 -0.0001
vn -0.1352 -0.9908 0.0025
vn -0.1931 -0.9811 0.0115
vn -0.3866 -0.9222 -0.0006
vn -0.5070 -0.8619 0.0096
vn -0.7073 -0.7068 -0.0157
vn -0.8111 -0.5848 0.0072
vn -0.9242 -0.3818 -0.0023
vn -0.9916 -0.1291 -0.0000
vn -0.9753 -0.2207 0.0099
vn 0.0003 -1.0000 -0.0006
vn -0.0037 -1.0000 0.0021
vn 1.0000 0.0001 -0.0001
vn 0.9939 0.1106 -0.0000
vn 0.9940 0.1095 -0.0001
vn 0.9497 0.3133 0.0001
vn 0.9443 0.3290 -0.0006
vn 0.8768 0.4809 0.0006
vn 0.8463 0.5327 -0.0013
vn 0.7072 0.7070 0.0025
vn 0.4788 0.8779 -0.0031
vn 0.5329 0.8462 0.0003
vn 0.3865 0.9223 0.0002
vn 0.3065 0.9519 -0.0020
vn 0.2615 0.9652 -0.0046
vn 0.2211 0.9752 -0.0032
vn 0.1247 0.9922 -0.0009
vn 0.0386 0.9993 0.0002
vn -0.9940 0.1094 0.0001
vn -0.9939 0.1106 -0.0000
vn -0.9497 0.3133 0.0002
vn -0.9412 0.3380 -0.0010
vn -0.8768 0.4809 0.0006
vn -0.8444 0.5357 0.0012
vn -0.7071 0.7070 0.0062
vn -0.4769 0.8789 -0.0032
vn -0.5338 0.8456 0.0065
vn -0.3970 0.9178 -0.0081
vn -0.3090 0.9510 -0.0027
vn -0.2317 0.9728 0.0005
vn -0.1207 0.9925 -0.0209
vn -0.2370 0.9715 -0.0072
vn 0.0003 1.0000 0.0005
vn 0.0001 1.0000 0.0006
vn 0.0002 1.0000 0.0005
vn 0.5373 0.8434 -0.0009
vn 0.6653 0.7466 -0.0010
vn 0.7973 0.6036 0.0005
vn -0.2332 0.9724 -0.0062
vn -0.1694 0.9855 -0.0122
vn -0.1154 0.9931 -0.0195
vn -0.2225 0.9749 0.0005
vn -0.3062 0.9520 -0.0020
vn -0.5327 0.8463 0.0064
vn 0.2143 -0.9767 -0.0144
vn 0.2612 -0.9653 -0.0000
vn 0.5131 -0.8583 -0.0052
vn 0.6087 -0.7932 0.0191
vn 0.8110 -0.5850 0.0070
vn 0.7938 -0.6081 0.0029
vn 0.9241 -0.3821 -0.0024
vn 0.9483 -0.3175 0.0026
vn 0.9916 -0.1291 -0.0028
vn 0.9954 -0.0953 -0.0001
vn -0.1468 -0.9892 0.0043
vn -0.1264 -0.9920 -0.0011
vn -0.3865 -0.9223 -0.0006
vn -0.6090 -0.7932 -0.0027
vn -0.7930 -0.6092 0.0030
vn -0.8111 -0.5849 0.0073
vn -0.0003 -1.0000 -0.0001
vn 0.0001 -1.0000 -0.0004
vn -0.0000 -1.0000 -0.0003
vn -0.0001 -1.0000 -0.0004
vn -0.0006 -1.0000 -0.0011
vn 0.0001 -1.0000 -0.0002
vn -0.0030 -1.0000 0.0034
vn 1.0000 -0.0002 -0.0000
vn 1.0000 0.0002 -0.0002
vn 0.9704 0.2415 -0.0000
vn 0.9931 0.1160 -0.0149
vn 0.9492 0.3147 -0.0023
vn 0.8441 0.5362 0.0013
vn 0.8755 0.4833 -0.0024
vn 0.7072 0.7071 0.0032
vn 0.7920 0.6105 -0.0057
vn 0.6669 0.7451 0.0017
vn 0.5440 0.8391 -0.0008
vn 0.5360 0.8442 -0.0006
vn 0.4661 0.8847 0.0004
vn 0.3409 0.9401 -0.0005
vn 0.4023 0.9155 -0.0041
vn 0.3002 0.9539 -0.0004
vn 0.1106 0.9939 0.0016
vn 0.2408 0.9705 -0.0083
vn 0.1300 0.9915 -0.0022
vn 0.0375 0.9993 0.0005
vn -0.9940 0.1094 -0.0000
vn -0.9939 0.1107 -0.0000
vn -0.9443 0.3291 -0.0006
vn -0.8462 0.5329 0.0012
vn -0.7934 0.6087 -0.0041
vn -0.7202 0.6938 -0.0004
vn -0.7070 0.7072 0.0062
vn -0.5626 0.8267 -0.0090
vn -0.6232 0.7821 -0.0043
vn -0.3969 0.9178 -0.0081
vn -0.0000 1.0000 0.0005
vn -0.0003 1.0000 0.0005
vn -0.0004 1.0000 0.0013
vn -0.0001 1.0000 0.0007
vn 0.9916 -0.1292 -0.0028
vn -0.1264 -0.9920 0.0011
vn -0.8111 -0.5848 0.0073
vn 0.0007 -1.0000 -0.0005
vn -0.0007 -1.0000 -0.0005
vn -0.0044 -1.0000 0.0008
vn 0.9443 0.3291 -0.0006
vn 0.8462 0.5329 -0.0013
vn 0.7972 0.6037 0.0005
vn 0.6653 0.7465 -0.0010
vn 0.7070 0.7072 0.0025
vn 0.4787 0.8780 -0.0031
vn 0.5327 0.8463 0.0003
vn 0.2225 0.9749 -0.0069
vn -0.7934 0.6087 -0.0040
vn -0.4769 0.8790 -0.0032
vn -0.2225 0.9749 -0.0023
vn -0.2653 0.9641 -0.0095
vn -0.5313 0.8472 -0.0002
vn -0.5327 0.8463 0.0001
vn -1.0000 -0.0000 -0.0002
vn -0.2653 0.9642 -0.0023
vn -0.2357 0.9716 0.0200
vn -0.6251 -0.7789 0.0508
vn -0.3018 -0.9531 0.0245
vn -0.3301 -0.9439 0.0046
vn -0.3295 -0.9441 -0.0043
vn -0.0001 -1.0000 -0.0011
vn 0.0006 -1.0000 -0.0000
vn -0.1264 -0.9920 -0.0000
vn -0.2737 -0.9590 -0.0737
vn -0.3859 -0.9210 -0.0536
vn -0.5435 -0.8360 -0.0758
vn -0.6083 -0.7923 -0.0469
vn -0.7930 -0.6092 0.0005
vn -0.9242 -0.3818 -0.0024
vn -0.9161 -0.4009 0.0019
vn -0.9904 -0.1380 -0.0000
vn -0.9916 -0.1291 -0.0019
vn 0.5985 -0.7800 0.1828
vn 0.7851 -0.6015 0.1475
vn 0.2640 -0.9611 0.0809
vn 0.2603 -0.9620 0.0821
vn 0.7517 -0.6367 0.1718
vn 0.9041 -0.3738 0.2071
vn 0.9912 -0.1290 0.0302
vn 0.9289 -0.2743 0.2489
vn 0.5199 -0.7468 0.4146
vn 0.7598 -0.2356 0.6059
vn 0.7728 -0.2260 0.5930
vn 0.5864 -0.2686 0.7642
vn 0.1280 -0.9704 0.2048
vn 0.2270 -0.9463 0.2302
vn 0.3979 -0.6600 0.6373
vn 0.4227 -0.2253 0.8778
vn 0.3707 -0.2484 0.8949
vn 0.3067 -0.7074 0.6368
vn 0.0882 -0.9654 0.2455
vn 0.0341 -0.6919 0.7212
vn 0.0123 -0.9657 0.2592
vn -0.0102 -0.9713 0.2376
vn 0.0389 -0.9659 0.2560
vn 0.1260 -0.2626 0.9567
vn -0.0000 -0.2218 0.9751
vn -0.0000 -0.7099 0.7043
vn -0.1260 -0.2626 0.9567
vn -0.0613 -0.9652 0.2541
vn -0.0961 -0.9674 0.2344
vn -0.1021 -0.9697 0.2222
vn -0.2745 -0.6901 0.6697
vn -0.3046 -0.7122 0.6325
vn -0.4209 -0.2432 0.8739
vn -0.3740 -0.2116 0.9030
vn -0.5864 -0.2686 0.7642
vn -0.1535 -0.9649 0.2130
vn -0.1830 -0.9685 0.1690
vn -0.1828 -0.9682 0.1711
vn -0.5329 -0.6885 0.4920
vn -0.5472 -0.7142 0.4364
vn -0.7609 -0.2296 0.6068
vn -0.7705 -0.2382 0.5912
vn -0.2225 -0.9650 0.1391
vn -0.2453 -0.9615 0.1240
vn -0.2384 -0.9669 0.0911
vn -0.6326 -0.7051 0.3203
vn -0.8905 -0.2666 0.3688
vn -0.6074 -0.7847 0.1239
vn -0.9458 -0.2273 0.2320
vn -0.3018 -0.9519 0.0524
vn -0.9821 -0.1369 0.1293
vn -0.8739 -0.3831 -0.2991
vn 0.1291 -0.9916 0.0003
vn 0.3817 -0.9243 0.0025
vn 0.6081 -0.7921 -0.0530
vn 0.6982 -0.7159 -0.0077
vn 0.7930 -0.6092 -0.0031
vn 0.9242 -0.3818 0.0010
vn 0.9155 -0.4023 -0.0033
vn 0.9909 -0.1343 -0.0010
vn 0.9916 -0.1292 -0.0000
vn 0.6774 -0.7106 0.1900
vn 0.8867 -0.3898 0.2486
vn 0.9858 -0.1336 0.1015
vn 0.9794 -0.1552 0.1289
vn 0.1090 -0.9940 0.0065
vn 0.2876 -0.9576 -0.0141
vn 0.6854 -0.6951 0.2171
vn 0.2473 -0.9673 0.0570
vn 0.2029 -0.9762 0.0769
vn 0.8930 -0.2565 0.3699
vn 0.2229 -0.9649 0.1388
vn 0.4958 -0.7130 0.4958
vn 0.5192 -0.7007 0.4894
vn 0.6846 -0.2503 0.6846
vn 0.7837 -0.1552 0.6014
vn 0.5884 -0.2565 0.7668
vn 0.1813 -0.9684 0.1709
vn 0.1826 -0.9683 0.1707
vn 0.1534 -0.9649 0.2130
vn 0.2671 -0.6876 0.6752
vn 0.0907 -0.9691 0.2294
vn 0.1061 -0.9670 0.2318
vn 0.3699 -0.2565 0.8930
vn 0.1779 -0.7263 0.6640
vn 0.2531 -0.2084 0.9447
vn 0.1262 -0.2565 0.9583
vn 0.0606 -0.9653 0.2538
vn 0.0102 -0.9660 0.2585
vn -0.0000 -1.0000 -0.0002
vn 0.0002 -1.0000 -0.0002
vn 0.0001 -1.0000 -0.0012
vn -0.0003 -1.0000 -0.0000
vn -0.0006 -1.0000 -0.0000
vn -0.2453 0.9683 0.0478
vn -0.2283 0.9718 0.0599
vn -0.5267 0.8398 0.1314
vn -0.7031 0.7031 0.1059
vn -0.8433 0.5371 -0.0197
vn -0.6844 0.7019 0.1973
vn -0.9175 0.3451 0.1977
vn -0.9938 0.1108 0.0043
vn -0.9499 0.2412 0.1990
vn -0.2378 0.9651 0.1097
vn -0.5599 0.6979 0.4466
vn -0.2044 0.9652 0.1630
vn -0.1639 0.9726 0.1650
vn -0.2087 0.9670 0.1460
vn -0.5600 0.6979 0.4466
vn -0.7586 0.2419 0.6050
vn -0.7842 0.2199 0.5802
vn -0.1482 0.9654 0.2144
vn -0.1083 0.9683 0.2250
vn -0.1022 0.9693 0.2236
vn -0.3107 0.6979 0.6453
vn -0.3108 0.6979 0.6453
vn -0.4190 0.2597 0.8701
vn -0.5030 0.1975 0.8414
vn -0.0656 0.9651 0.2534
vn -0.1799 0.2665 0.9469
vn -0.0000 0.9659 0.2589
vn 0.0234 0.9720 0.2338
vn -0.0196 0.9667 0.2551
vn -0.0000 0.6979 0.7162
vn -0.0000 0.2096 0.9778
vn 0.1833 0.2683 0.9457
vn 0.0712 0.9653 0.2513
vn 0.1078 0.9687 0.2238
vn 0.1082 0.9688 0.2230
vn 0.3108 0.6979 0.6453
vn 0.4237 0.2151 0.8799
vn 0.5083 0.2576 0.8217
vn 0.1535 0.9652 0.2116
vn 0.1930 0.9691 0.1539
vn 0.1941 0.9663 0.1689
vn 0.5600 0.6979 0.4465
vn 0.7612 0.2281 0.6071
vn 0.7724 0.2399 0.5881
vn 0.5599 0.6979 0.4465
vn 0.6896 0.7005 0.1834
vn 0.3403 0.9382 0.0630
vn 0.1097 0.9858 -0.1275
vn 0.2235 0.9746 0.0138
vn 0.2380 0.9702 0.0448
vn 0.2443 0.9657 0.0880
vn 0.8265 0.5253 0.2026
vn 0.7049 0.7048 0.0803
vn 0.5358 0.8262 -0.1741
vn 0.9515 0.2403 0.1922
vn 0.9513 0.2368 0.1976
vn -0.2358 0.9718 -0.0000
vn -0.7071 0.7071 -0.0001
vn -0.7070 0.7072 -0.0002
vn -0.8462 0.5329 0.0001
vn -0.8435 0.5371 0.0010
vn -0.9443 0.3291 0.0002
vn -0.9362 0.3515 -0.0038
vn -0.9938 0.1108 -0.0002
vn -0.9939 0.1106 -0.0002
vn 0.1668 0.9860 -0.0000
vn 0.2225 0.9749 0.0096
vn 0.3113 0.9503 -0.0056
vn 0.5327 0.8463 0.0009
vn 0.5373 0.8434 0.0001
vn 0.7071 0.7071 -0.0002
vn 0.7070 0.7072 -0.0001
vn 0.8462 0.5329 0.0001
vn 0.8484 0.5294 -0.0005
vn 0.9443 0.3291 -0.0050
vn 0.9658 0.2591 0.0060
vn 0.9928 0.1105 -0.0472
vn -0.0000 0.9668 0.2557
vn 0.0183 0.9712 0.2375
vn 0.0656 0.9651 0.2534
vn 0.1072 0.9690 0.2226
vn 0.1042 0.9681 0.2277
vn 0.5083 0.2577 0.8217
vn 0.1483 0.9654 0.2144
vn 0.1986 0.9672 0.1584
vn 0.1969 0.9707 0.1378
vn 0.1823 0.9660 0.1835
vn 0.5600 0.6979 0.4466
vn 0.7726 0.2402 0.5877
vn 0.2378 0.9651 0.1098
vn 0.6902 0.7004 0.1819
vn 0.3105 0.9486 0.0606
vn 0.1666 0.9843 -0.0580
vn 0.2278 0.9735 0.0194
vn 0.2434 0.9678 0.0639
vn 0.8300 0.5182 0.2064
vn 0.7048 0.7048 0.0807
vn 0.5273 0.8293 -0.1851
vn 0.9518 0.2385 0.1930
vn 0.9503 0.2215 0.2186
vn -0.9914 -0.0000 0.1305
vn -0.9787 -0.0024 0.2055
vn -0.9239 0.0019 0.3827
vn -0.7933 0.0003 0.6088
vn -0.8038 -0.0004 0.5949
vn -0.6088 0.0019 0.7933
vn -0.5134 -0.0012 0.8581
vn -0.3827 0.0018 0.9239
vn -0.1863 -0.0006 0.9825
vn -0.1306 0.0012 0.9914
vn 0.1306 0.0012 0.9914
vn 0.1901 -0.0008 0.9818
vn 0.3827 0.0020 0.9239
vn 0.5261 -0.0010 0.8504
vn 0.6088 0.0017 0.7933
vn 0.7933 -0.0002 0.6088
vn 0.7958 -0.0000 0.6056
vn 0.9659 -0.0000 0.2588
vn 0.9773 0.0036 0.2117
vn 0.1305 0.0012 0.9914
vn 0.7934 -0.0002 0.6088
vn 0.7960 -0.0001 0.6053
vn 0.9239 0.0022 0.3827
vn 0.9741 -0.0017 0.2260
vn 0.9914 -0.0000 0.1305
vn 0.9925 0.0003 0.1225
vn 0.9791 -0.0002 0.2035
vn 0.9999 -0.0123 0.0061
vn -0.0000 1.0000 -0.0003
vn 0.0024 -1.0000 0.0001
vn -0.0008 -1.0000 0.0024
vn -0.0002 -1.0000 0.0021
vn 0.0002 -1.0000 0.0021
vn 0.0008 -1.0000 0.0024
vn -0.0010 -1.0000 0.0011
vn 0.1291 -0.9916 0.0007
vn 0.2639 -0.9643 -0.0203
vn -0.0451 -0.6800 0.7318
vn -0.0160 -0.9656 0.2595
vn -0.0367 -0.9715 0.2344
vn -0.1262 -0.2565 0.9583
vn -0.1764 -0.7317 0.6585
vn -0.2531 -0.2084 0.9447
vn -0.0896 -0.9653 0.2455
vn -0.3699 -0.2565 0.8930
vn -0.4071 -0.6562 0.6353
vn -0.2884 -0.8453 0.4499
vn -0.1737 -0.9787 0.1097
vn -0.1625 -0.9717 0.1717
vn -0.4967 -0.7118 0.4967
vn -0.6846 -0.2503 0.6846
vn -0.6014 -0.1552 0.7837
vn -0.7668 -0.2565 0.5884
vn -0.8930 -0.2565 0.3699
vn -0.6950 -0.6945 0.1862
vn -0.7352 -0.5949 0.3249
vn -0.9445 -0.2087 0.2538
vn -0.9833 -0.1280 0.1295
vn -0.8931 -0.3690 -0.2574
vn -0.3812 -0.9090 0.1687
vn -0.2609 -0.9626 0.0730
vn -0.1324 -0.9894 0.0597
vn 0.3817 -0.9243 -0.0026
vn 0.5984 -0.8012 -0.0050
vn 0.6090 -0.7932 -0.0028
vn 0.7065 -0.7077 -0.0007
vn 0.7929 -0.6091 0.0188
vn 0.9241 -0.3818 0.0189
vn 0.9916 -0.1291 -0.0002
vn 0.9795 -0.2011 -0.0096
vn 1.0000 -0.0016 -0.0004
vn -0.0000 -1.0000 -0.0007
vn -0.0000 -1.0000 0.0001
vn -0.0021 -1.0000 0.0011
vn -0.0005 -1.0000 -0.0052
vn -0.0019 -1.0000 -0.0021
vn -0.2317 0.9727 0.0143
vn -0.5295 0.8381 0.1314
vn -0.7032 0.7031 0.1055
vn -0.8443 0.5355 -0.0204
vn -0.3655 0.9280 0.0716
vn -0.1122 0.9887 0.0993
vn -0.2364 0.9714 0.0240
vn -0.2194 0.9748 0.0412
vn -0.9247 0.3314 0.1871
vn -0.9939 0.1106 0.0033
vn -0.9784 0.1787 0.1036
vn -0.6800 0.7029 0.2087
vn -0.8627 0.2692 0.4282
vn -0.2017 0.9662 0.1608
vn -0.3262 0.9336 0.1480
vn -0.5600 0.6979 0.4465
vn -0.7642 0.2111 0.6094
vn -0.6595 0.2606 0.7051
vn -0.1534 0.9652 0.2116
vn -0.1076 0.9687 0.2235
vn -0.1084 0.9686 0.2236
vn -0.4206 0.2460 0.8733
vn -0.4929 0.2003 0.8467
vn -0.0711 0.9653 0.2513
vn -0.0256 0.9663 0.2563
vn -0.9943 -0.0000 0.1063
vn -0.9914 0.0008 0.1305
vn -0.9239 0.0012 0.3827
vn -0.8956 -0.0009 0.4448
vn -0.7934 0.0021 0.6088
vn -0.6842 -0.0006 0.7293
vn -0.6088 0.0011 0.7934
vn -0.5023 -0.0009 0.8647
vn -0.1126 0.9895 0.0904
vn -0.3771 -0.4977 0.7811
vn -0.5938 -0.6883 0.4167
vn -0.4531 -0.8043 0.3844
vn 0.7435 0.3356 -0.5785
vn 0.7513 0.3324 -0.5702
vn 0.3633 0.4563 -0.8123
vn 0.3741 0.4557 -0.8077
vn 0.3791 0.4560 -0.8052
vn 0.0593 0.3714 -0.9266
vn 0.2495 0.5347 -0.8074
vn 0.1361 0.4020 -0.9055
vn 0.8420 0.5339 -0.0770
vn 0.8420 0.5340 -0.0769
vn 0.8420 0.5340 -0.0770
vn 0.4538 0.8893 0.0567
vn 0.4537 0.8893 0.0567
vn -0.6741 0.2574 0.6923
vn -0.6843 0.2300 0.6920
vn -0.6436 0.4205 0.6395
vn -0.6304 0.4478 0.6341
vn -0.5825 0.5708 0.5787
vn -0.5677 0.5929 0.5711
vn -0.5039 0.7041 0.5004
vn -0.4886 0.7209 0.4916
vn -0.4102 0.8161 0.4071
vn -0.3952 0.8279 0.3979
vn -0.2904 0.9110 0.2927
vn -0.8903 0.0834 -0.4478
vn -0.9870 0.0985 0.1271
vn -0.8391 0.0997 -0.5348
vn 0.0003 0.7231 -0.6907
vn -0.0008 0.7951 -0.6065
vn -0.0094 0.7802 -0.6254
vn 0.0027 0.8354 -0.5497
vn -0.0002 0.8849 -0.4658
vn 0.0012 0.8876 -0.4607
vn -0.0011 0.9501 -0.3121
vn -0.0011 0.9501 -0.3118
vn 0.0010 0.9860 -0.1669
vn -0.0029 0.9887 -0.1497
vn 0.0772 0.9970 -0.0001
vn 0.0279 0.9995 -0.0159
vn 0.0122 0.9995 -0.0285
vn 0.0027 0.9991 -0.0418
vn 0.0015 0.9990 -0.0442
vn -0.0084 0.9998 0.0169
vn -0.0030 0.9999 -0.0131
vn -0.0165 0.9997 -0.0189
vn 0.0013 0.9975 0.0702
vn -0.0510 0.9930 0.1062
vn 0.4226 0.8139 -0.3987
vn 0.4735 0.8179 -0.3267
vn 0.9325 0.3520 -0.0807
vn 0.3686 0.8832 -0.2899
vn 0.9292 0.3578 -0.0921
vn 0.4315 0.8918 -0.1359
vn 0.3975 0.9047 -0.1531
vn 0.9107 0.4085 -0.0622
vn 0.9255 0.3766 -0.0398
vn 0.3363 0.9417 0.0009
vn 0.5510 0.8336 0.0387
vn 0.2786 0.9599 -0.0305
vn 0.9201 0.3910 0.0249
vn 0.9102 0.4138 0.0172
vn 0.9877 0.1538 0.0293
vn 0.9026 0.4304 -0.0050
vn 0.4518 0.0271 0.8917
vn 0.4601 0.0135 0.8878
vn -0.1892 0.0844 0.9783
vn 0.0075 0.1390 0.9903
vn 0.5097 0.0657 0.8578
vn -0.4943 0.2785 0.8235
vn 0.5065 0.1176 0.8542
vn 0.5090 0.1129 0.8533
vn 0.0440 0.3068 0.9507
vn -0.3846 0.4100 0.8270
vn -0.4010 0.4287 0.8096
vn 0.0439 0.3069 0.9507
vn 0.5365 0.1450 0.8313
vn -0.3833 0.5756 0.7223
vn 0.1275 0.4814 0.8672
vn 0.5434 0.1799 0.8199
vn 0.5368 0.1986 0.8200
vn -0.2621 0.6404 0.7220
vn -0.2900 0.6962 0.6567
vn 0.5785 0.2095 0.7883
vn -0.2018 0.8002 0.5647
vn 0.5808 0.2387 0.7783
vn 0.2435 0.6136 0.7512
vn -0.1072 0.8160 0.5680
vn 0.6057 0.2320 0.7612
vn -0.1125 0.8842 0.4534
vn 0.6352 0.2675 0.7245
vn 0.6326 0.2538 0.7317
vn 0.3819 0.6918 0.6128
vn 0.0498 0.9314 0.3606
vn 0.0624 0.9148 0.3990
vn 0.1081 0.9686 0.2237
vn -0.6573 0.5403 -0.5254
vn -0.6249 0.5441 -0.5599
vn -0.5524 0.5899 -0.5890
vn -0.4777 0.6212 -0.6212
vn -0.4348 0.6180 -0.6550
vn -0.5026 0.6091 -0.6134
vn -0.3003 0.6745 -0.6745
vn -0.3105 0.6735 -0.6708
vn -0.1327 0.6999 -0.7018
vn -0.0894 0.7070 -0.7015
vn 0.0463 0.7043 -0.7084
vn 0.1591 0.7032 -0.6930
vn 0.2262 0.6894 -0.6882
vn 0.3290 0.6718 -0.6637
vn 0.4073 0.6437 -0.6478
vn 0.5385 0.5982 -0.5934
vn 0.5258 0.6051 -0.5978
vn 0.7053 0.5096 -0.4928
vn 0.7647 0.4559 -0.4555
vn 0.8194 0.4045 -0.4062
vn 0.8488 0.3791 -0.3685
vn 0.9454 0.2308 -0.2303
vn 0.9510 0.2168 -0.2206
vn 0.9953 0.0685 -0.0685
vn 0.9931 0.0852 -0.0812
vn 0.1306 -0.8721 -0.4716
vn -0.2887 0.9399 0.1824
vn 0.0755 -0.8668 -0.4929
vn 0.0797 -0.8636 -0.4978
vn 0.1279 -0.7852 -0.6059
vn 0.0853 -0.7467 -0.6596
vn 0.1112 -0.6750 -0.7294
vn 0.0733 -0.6352 -0.7688
vn 0.0912 -0.5454 -0.8332
vn 0.0600 -0.5093 -0.8585
vn 0.0679 -0.4009 -0.9136
vn 0.0450 -0.3726 -0.9269
vn 0.0427 -0.2454 -0.9685
vn 0.0288 -0.2277 -0.9733
vn 0.0119 -0.0826 -0.9965
vn 0.0151 -0.0761 -0.9970
vn 0.0001 -0.0001 -1.0000
vn -0.0000 -0.0000 -1.0000
vn -0.0041 0.0038 -1.0000
vn 0.4520 -0.0000 0.8920
vn 0.7068 0.0050 0.7074
vn 0.7060 0.0054 0.7081
vn 0.7052 0.0056 0.7090
vn 0.7042 0.0057 0.7100
vn 0.6984 -0.0000 0.7157
vn 0.6986 0.0010 0.7155
vn 0.6994 0.0029 0.7147
vn 0.7006 0.0042 0.7135
vn 0.7019 0.0051 0.7123
vn 0.7031 0.0056 0.7111
vn 0.0023 0.0047 -1.0000
vn -0.0559 -0.8216 -0.5673
vn 0.1842 -0.7911 -0.5833
vn 0.0148 -0.8592 -0.5114
vn -0.0264 -0.8127 -0.5821
vn -0.0033 -0.7901 -0.6130
vn 0.0558 -0.7499 -0.6592
vn -0.0309 -0.6790 -0.7335
vn -0.0219 -0.6694 -0.7425
vn 0.0260 -0.6692 -0.7426
vn 0.0420 -0.6388 -0.7683
vn -0.0232 -0.5038 -0.8635
vn 0.0272 -0.4954 -0.8682
vn 0.0139 -0.5145 -0.8573
vn -0.0163 -0.4957 -0.8683
vn 0.0319 -0.3742 -0.9268
vn -0.0145 -0.3066 -0.9517
vn -0.0015 -0.3014 -0.9535
vn -0.0102 -0.3014 -0.9534
vn 0.0232 -0.2284 -0.9733
vn 0.0011 -0.1024 -0.9947
vn -0.0052 -0.1005 -0.9949
vn -0.0077 -0.1006 -0.9949
vn -0.0053 -0.1005 -0.9949
vn 0.0047 -0.0775 -0.9970
vn -0.0489 -0.8889 -0.4555
vn 0.0366 -0.8803 -0.4730
vn -0.0034 -0.9113 -0.4116
vn -0.0723 -0.8835 -0.4627
vn 0.0674 -0.8948 -0.4414
vn 0.1392 -0.8871 -0.4400
vn -0.0601 -0.9189 -0.3900
vn 0.0375 -0.9078 -0.4176
vn -0.0768 -0.9160 -0.3937
vn 0.1820 -0.9055 -0.3832
vn 0.0621 -0.9311 -0.3595
vn 0.1893 -0.8999 -0.3929
vn -0.0570 -0.9455 -0.3206
vn -0.1730 -0.9448 -0.2783
vn 0.0664 -0.9291 -0.3639
vn -0.0661 -0.9445 -0.3218
vn -0.1955 -0.9471 -0.2546
vn 0.2297 -0.9066 -0.3539
vn 0.2320 -0.9044 -0.3580
vn 0.0947 -0.9471 -0.3067
vn -0.0432 -0.9675 -0.2490
vn -0.0402 -0.9667 -0.2528
vn -0.1700 -0.9670 -0.1896
vn 0.0983 -0.9452 -0.3114
vn -0.2976 -0.9478 -0.1145
vn -0.1825 -0.9678 -0.1734
vn -0.3195 -0.9438 -0.0841
vn 0.2708 -0.9062 -0.3248
vn 0.1292 -0.9577 -0.2570
vn 0.2712 -0.9058 -0.3257
vn -0.0123 -0.9827 -0.1849
vn 0.1220 -0.9000 -0.4185
vn 0.1215 -0.8996 -0.4194
vn 0.1273 -0.9087 -0.3976
vn 0.1304 -0.9216 -0.3656
vn 0.1286 -0.9563 -0.2625
vn 0.2274 -0.8958 -0.3819
vn 0.1005 -0.9855 -0.1370
vn 0.1913 -0.9359 -0.2957
vn 0.2063 -0.9258 -0.3168
vn 0.1361 -0.9180 -0.3725
vn 0.1981 -0.8652 -0.4605
vn 0.1607 -0.9384 -0.3061
vn 0.2088 -0.9242 -0.3198
vn 0.2101 -0.9236 -0.3206
vn 0.2563 -0.9157 -0.3094
vn 0.2411 -0.9031 -0.3555
vn 0.2606 -0.8791 -0.3990
vn 0.2725 -0.8916 -0.3616
vn 0.3033 -0.9023 -0.3065
vn 0.3092 -0.8850 -0.3482
vn 0.2916 -0.8929 -0.3431
vn 0.3004 -0.8767 -0.3757
vn 0.3392 -0.8782 -0.3371
vn 0.3334 -0.8813 -0.3349
vn 0.3345 -0.8741 -0.3521
vn 0.3655 -0.8712 -0.3277
vn 0.3658 -0.8716 -0.3263
vn 1.0000 -0.0030 -0.0000
vn 1.0000 0.0001 0.0003
vn 1.0000 -0.0034 -0.0078
vn 0.9990 0.0451 -0.0004
vn 0.8380 -0.5448 -0.0309
vn -0.7173 0.0579 0.6943
vn -0.5550 0.2137 0.8039
vn -0.8072 0.5273 0.2653
vn -0.7213 0.5977 0.3500
vn -0.7829 0.6149 0.0942
vn 0.8832 -0.4435 0.1528
vn 0.8673 -0.4670 0.1725
vn 0.9851 -0.1275 0.1157
vn 0.9523 -0.1859 0.2419
vn 0.8116 -0.0758 0.5793
vn -0.0689 0.1346 0.9885
vn 0.9074 -0.0932 0.4099
vn 0.9999 -0.0080 0.0088
vn 0.9495 -0.0332 0.3119
vn 0.9979 -0.0046 0.0644
vn 0.9400 -0.0057 0.3411
vn 0.9998 0.0016 0.0189
vn 0.8120 0.0316 0.5828
vn 0.9829 0.0422 0.1795
vn 0.9811 0.0517 0.1863
vn 0.3059 -0.9059 -0.2927
vn 0.4718 -0.8815 0.0214
vn 0.4968 -0.8626 0.0949
vn 0.6975 -0.7161 0.0252
vn 0.6933 -0.7205 0.0134
vn 0.3784 -0.8715 -0.3119
vn 0.9998 0.0111 -0.0176
vn -0.3253 0.1585 -0.9322
vn -0.9277 0.0933 -0.3615
vn -0.4257 0.4041 -0.8096
vn -0.5643 0.3350 -0.7546
vn -0.8919 0.2020 -0.4046
vn -0.9168 0.1632 -0.3645
vn -0.3418 0.5189 -0.7835
vn -0.9300 0.2042 -0.3055
vn -0.4619 0.6185 -0.6357
vn -0.5175 0.5845 -0.6249
vn -0.8972 0.3079 -0.3165
vn -0.9071 0.2892 -0.3058
vn -0.3349 0.7492 -0.5715
vn -0.9309 0.2921 -0.2195
vn -0.4886 0.7697 -0.4110
vn -0.8926 0.4008 -0.2066
vn -0.0130 0.6831 -0.7302
vn 0.9641 -0.2529 -0.0810
vn 0.6462 -0.7305 -0.2210
vn 0.6524 -0.7243 -0.2230
vn 0.9633 -0.2550 -0.0839
vn 0.6579 -0.7127 -0.2434
vn 0.6563 -0.7135 -0.2452
vn 0.8965 -0.4189 -0.1440
vn 0.9826 -0.1659 -0.0839
vn 0.9632 -0.2557 -0.0834
vn 0.6641 -0.7049 -0.2491
vn 0.3392 -0.8893 -0.3068
vn 0.3537 -0.8818 -0.3121
vn 0.3658 -0.8783 -0.3078
vn 0.3578 -0.8829 -0.3042
vn 0.3911 -0.8757 -0.2832
vn 0.3912 -0.8756 -0.2832
vn 0.3633 -0.8725 -0.3266
vn 0.3843 -0.8704 -0.3079
vn 0.3798 -0.8732 -0.3054
vn 0.3974 -0.8690 -0.2948
vn 0.3826 -0.8687 -0.3145
vn 0.3915 -0.8671 -0.3081
vn 0.3907 -0.8676 -0.3075
vn 0.9999 -0.0074 0.0070
vn 1.0000 0.0084 -0.0028
vn 0.0128 0.0053 -0.9999
vn 0.0431 0.0342 -0.9985
vn -0.0001 0.0003 -1.0000
vn -0.2648 -0.0110 -0.9642
vn -0.4030 -0.0001 -0.9152
vn -0.6088 0.0008 -0.7934
vn -0.7933 0.0026 -0.6088
vn -0.9590 -0.0036 -0.2833
vn -0.9470 -0.0012 -0.3211
vn -0.8891 0.0703 -0.4522
vn -0.2608 0.1749 -0.9494
vn -0.6042 0.1225 -0.7874
vn -0.7835 0.1569 -0.6013
vn -0.9586 0.0310 -0.2831
vn 0.0128 0.1652 -0.9862
vn 0.0022 -1.0000 -0.0025
vn 0.2244 -0.7687 -0.5990
vn 0.2244 -0.7687 -0.5989
vn -0.4730 0.7796 -0.4104
vn -0.9046 0.3760 -0.2008
vn -0.3370 0.8945 -0.2938
vn -0.9300 0.3502 -0.1113
vn -0.5069 0.8478 -0.1559
vn -0.4325 0.8915 -0.1350
vn -0.9131 0.4010 -0.0737
vn -0.8714 0.4859 -0.0682
vn -0.3481 0.9373 0.0158
vn -0.9276 0.3733 0.0107
vn -0.9220 0.3840 0.0490
vn -0.8397 0.5326 0.1062
vn -0.5177 0.8487 0.1082
vn -0.3975 0.9021 0.1679
vn -0.3677 0.8732 0.3198
vn -0.9235 0.3583 0.1367
vn -0.7782 0.5688 0.2663
vn -0.5977 0.7360 0.3180
vn -0.3448 0.8849 0.3132
vn -0.8938 0.4080 0.1861
vn -0.9401 0.2936 0.1731
vn -0.9932 0.0888 0.0750
vn -0.9412 0.3050 0.1455
vn -0.0029 0.9831 0.1829
vn 0.0144 0.9624 0.2713
vn -0.0449 0.9380 0.3436
vn 0.9799 -0.0093 -0.1994
vn 0.8352 -0.0688 -0.5457
vn 0.3927 -0.0328 -0.9191
vn 0.5215 -0.1081 -0.8464
vn 0.2022 -0.2012 -0.9585
vn 0.9831 -0.0458 -0.1773
vn 0.9804 -0.0623 -0.1869
vn 0.8346 -0.1743 -0.5225
vn 0.5686 -0.2603 -0.7803
vn 0.5010 -0.3191 -0.8045
vn 0.2961 -0.3521 -0.8879
vn 0.3953 -0.3059 -0.8661
vn 0.9833 -0.0745 -0.1661
vn 0.9805 -0.1018 -0.1681
vn 0.8345 -0.2854 -0.4713
vn 0.5823 -0.4212 -0.6954
vn 0.8345 -0.2855 -0.4713
vn 0.2212 -0.4736 -0.8525
vn 0.4092 -0.5454 -0.7315
vn 0.3910 -0.5546 -0.7346
vn 0.4886 -0.5216 -0.6995
vn 0.9827 -0.1035 -0.1532
vn 0.8344 -0.3858 -0.3936
vn 0.9811 -0.1354 -0.1381
vn 0.9815 -0.1329 -0.1375
vn 0.5880 -0.5662 -0.5776
vn 0.2448 -0.7032 -0.6675
vn 0.3773 -0.7937 -0.4771
vn 0.6685 -0.6218 -0.4080
vn 0.3652 -0.8297 -0.4220
vn 0.9830 -0.1488 -0.1078
vn 0.8343 -0.4682 -0.2912
vn 0.9802 -0.1683 -0.1047
vn 0.5273 -0.7484 -0.4023
vn 0.7690 -0.5705 -0.2883
vn 0.9833 -0.1641 -0.0792
vn 0.9841 -0.1671 -0.0600
vn 0.9794 -0.1945 -0.0545
vn 0.7921 -0.5894 -0.1590
vn 0.5485 -0.8178 -0.1743
vn 0.8375 -0.5094 -0.1975
vn 0.2412 -0.9068 -0.3458
vn 0.2376 -0.9099 -0.3401
vn 0.2824 -0.8944 -0.3468
vn 0.2118 -0.8748 -0.4356
vn 0.3511 -0.7704 -0.5321
vn 0.2325 -0.8300 -0.5071
vn 0.3661 -0.7643 -0.5308
vn 0.2980 -0.8520 -0.4304
vn 0.1513 -0.8521 -0.5010
vn 0.2664 -0.8342 -0.4829
vn 0.3598 -0.7699 -0.5270
vn 0.3397 -0.6784 -0.6514
vn 0.1554 -0.6927 -0.7043
vn 0.2285 -0.5322 -0.8152
vn 0.1273 -0.6122 -0.7804
vn 0.1914 -0.5444 -0.8167
vn 0.1535 -0.6128 -0.7751
vn 0.1411 -0.5057 -0.8511
vn 0.1798 -0.4804 -0.8584
vn 0.1666 -0.3367 -0.9267
vn 0.1357 -0.3690 -0.9195
vn 0.0901 -0.3619 -0.9279
vn 0.0937 -0.3566 -0.9296
vn 0.0352 -0.2256 -0.9736
vn 0.0876 -0.2146 -0.9728
vn 0.1521 -0.0755 -0.9855
vn 0.0135 -0.1281 -0.9917
vn 0.0258 -0.0740 -0.9969
vn -0.9974 0.0512 -0.0512
vn -0.9990 0.0447 -0.0044
vn -0.9846 0.1213 -0.1262
vn -0.9756 0.1723 -0.1361
vn -0.9577 0.2005 -0.2064
vn -0.9299 0.2693 -0.2504
vn -0.9373 0.2691 -0.2215
vn -0.8970 0.3119 -0.3132
vn -0.8615 0.3652 -0.3528
vn -0.8497 0.3647 -0.3807
vn -0.7710 0.4575 -0.4430
vn -0.7493 0.4600 -0.4764
vn 0.9845 -0.1717 -0.0359
vn 0.8655 -0.5007 0.0122
vn 0.5810 -0.7915 -0.1895
vn 0.4533 -0.8727 -0.1814
vn 0.7113 -0.6669 -0.2220
vn 0.6608 -0.7234 -0.2000
vn 0.9526 -0.2903 -0.0905
vn 0.9609 -0.2685 -0.0680
vn 0.9609 -0.2655 -0.0784
vn 0.2337 -0.9208 -0.3123
vn 0.3177 -0.9114 -0.2615
vn 0.2730 -0.9281 -0.2534
vn 0.2764 -0.9085 -0.3134
vn 0.3275 -0.9033 -0.2771
vn 0.3087 -0.9130 -0.2667
vn 0.3919 -0.8759 -0.2814
vn 0.3151 -0.9211 -0.2288
vn 0.3171 -0.9131 -0.2562
vn 0.3546 -0.8782 -0.3209
vn -1.0000 -0.0000 -0.0001
vn -1.0000 0.0012 -0.0000
vn -1.0000 0.0007 -0.0001
vn -1.0000 -0.0010 0.0001
vn -1.0000 0.0001 -0.0000
vn -1.0000 -0.0001 0.0001
vn -1.0000 0.0002 -0.0000
vn -0.0021 0.0747 -0.9972
vn -0.0000 0.0784 -0.9969
vn 0.0019 0.2226 -0.9749
vn -0.0038 0.2334 -0.9724
vn 0.0036 0.3655 -0.9308
vn -0.0055 0.3827 -0.9239
vn 0.0052 0.5002 -0.8659
vn -0.0069 0.5225 -0.8526
vn 0.0065 0.6236 -0.7817
vn -0.0082 0.6494 -0.7604
vn 0.0077 0.7331 -0.6801
vn -0.0092 0.7604 -0.6494
vn -0.0210 0.9237 -0.3826
vn -0.0164 0.9722 -0.2334
vn -0.0000 0.9982 -0.0593
vn 0.3572 0.1721 -0.9180
vn 0.1117 0.0743 -0.9910
vn 0.9604 0.0242 -0.2777
vn 0.9879 0.1082 -0.1113
vn 0.9325 0.0499 -0.3577
vn 0.6955 0.0787 -0.7142
vn 0.8291 0.1834 -0.5282
vn 0.7015 0.1259 -0.7015
vn 0.5299 0.1108 -0.8408
vn 0.3148 0.1324 -0.9399
vn 0.2481 0.2157 -0.9444
vn 0.9672 0.0655 -0.2454
vn 0.9657 0.1096 -0.2356
vn 0.9625 0.1038 -0.2505
vn 0.7094 0.2697 -0.6511
vn 0.2713 0.3518 -0.8959
vn 0.3129 0.3807 -0.8701
vn 0.6932 0.2889 -0.6603
vn 0.2421 0.4853 -0.8401
vn 0.9657 0.1488 -0.2128
vn 0.7143 0.4260 -0.5552
vn 0.9625 0.1651 -0.2152
vn 0.6887 0.4600 -0.5604
vn 0.2882 0.5971 -0.7486
vn 0.3056 0.6042 -0.7359
vn 0.9672 0.1795 -0.1797
vn 0.2400 0.7117 -0.6603
vn 0.7185 0.5518 -0.4234
vn 0.9657 0.2127 -0.1491
vn 0.9625 0.2151 -0.1651
vn 0.5945 0.7006 -0.3946
vn 0.3438 0.8196 -0.4582
vn 0.3245 0.8220 -0.4679
vn 0.9657 0.2353 -0.1098
vn 0.6841 0.6739 -0.2791
vn 0.9625 0.2506 -0.1038
vn 0.9672 0.2453 -0.0658
vn 0.3519 0.9090 -0.2233
vn 0.3478 0.9189 -0.1863
vn 0.7015 0.7015 -0.1260
vn 0.8451 0.5309 -0.0631
vn 0.9654 0.2555 -0.0528
vn 0.9337 0.3307 -0.1372
vn 0.9937 0.1120 -0.0098
vn 0.0260 -0.0736 -0.9969
vn 0.0272 -0.0726 -0.9970
vn 0.1142 -0.1502 -0.9820
vn 0.3359 -0.1108 -0.9354
vn 0.5628 -0.0835 -0.8224
vn 0.8415 -0.0621 -0.5367
vn 0.9396 -0.1202 -0.3204
vn 0.9937 -0.0094 -0.1115
vn 0.0021 -0.0024 -1.0000
vn -0.0000 0.0006 -1.0000
vn 0.9938 -0.0000 -0.1115
vn 0.9937 0.0003 -0.1120
vn 0.9464 -0.0003 -0.3230
vn 0.9334 0.0198 -0.3582
vn 0.8428 -0.0260 -0.5376
vn 0.8436 -0.0271 -0.5363
vn 0.7069 0.0246 -0.7069
vn 0.5641 -0.0517 -0.8241
vn 0.5329 -0.0237 -0.8458
vn 0.3377 0.0228 -0.9410
vn 0.3627 0.0029 -0.9319
vn 0.1155 -0.0023 -0.9933
vn 0.1120 -0.0000 -0.9937
vn 0.5307 0.8314 -0.1651
vn 0.6380 0.7514 -0.1685
vn 0.1118 0.9920 -0.0589
vn 0.4088 0.8973 -0.1663
vn -0.0117 0.9968 -0.0785
vn 0.0447 0.8710 -0.4892
vn 0.0166 0.8525 -0.5225
vn 0.0007 1.0000 0.0001
vn 1.0000 0.0014 -0.0022
vn 1.0000 -0.0005 -0.0001
vn 0.9611 -0.1841 0.2060
vn -0.5362 -0.0072 0.8440
vn -0.5504 -0.0151 0.8347
vn -0.5473 -0.0116 0.8369
vn -0.5438 -0.0005 0.8392
vn 0.3777 -0.8640 -0.3329
vn 0.2369 -0.1000 0.9664
vn 0.4539 -0.4629 0.7614
vn 0.5201 -0.4869 0.7017
vn 0.5404 -0.6388 0.5476
vn 0.0139 0.5845 0.8113
vn 0.2819 -0.1025 0.9540
vn 0.1757 0.0360 0.9838
vn 0.3484 -0.1125 0.9306
vn 0.4816 -0.0241 0.8761
vn 0.4911 -0.0375 0.8703
vn 0.4555 -0.4620 0.7610
vn 0.5929 -0.3528 0.7239
vn 0.4971 -0.6655 0.5568
vn 0.4848 -0.6409 0.5951
vn 0.6526 -0.5413 0.5303
vn 0.6162 -0.7085 0.3440
vn 0.5454 -0.8376 -0.0309
vn 0.4653 -0.8693 -0.1665
vn 0.3553 -0.9340 -0.0370
vn 0.6188 -0.7150 0.3252
vn 0.4531 -0.8885 -0.0724
vn 0.4019 -0.9071 -0.1253
vn 0.6278 -0.7016 0.3370
vn 0.6445 -0.3423 0.6837
vn 0.6469 -0.3191 0.6926
vn 0.4957 -0.0149 0.8683
vn 0.3104 -0.9036 -0.2952
vn 0.1971 -0.9421 -0.2712
vn 0.3059 -0.9047 -0.2964
vn 0.2562 0.0833 0.9630
vn 0.3544 0.0597 0.9332
vn 0.6559 0.0786 0.7508
vn 0.3323 -0.0730 0.9403
vn 0.7050 -0.0708 0.7057
vn 0.1856 -0.1333 0.9735
vn 0.5936 -0.1371 0.7930
vn 0.2615 -0.2292 0.9376
vn 0.0938 -0.3045 0.9479
vn 0.6471 -0.2061 0.7341
vn 0.5063 -0.3063 0.8061
vn 0.9209 -0.1161 0.3722
vn 0.2041 -0.3921 0.8970
vn 0.8538 -0.2251 0.4695
vn 0.9941 -0.0272 0.1046
vn 0.0306 -0.4550 0.8900
vn 0.5837 -0.3522 0.7316
vn 0.9861 -0.0823 0.1442
vn 0.3808 -0.4958 0.7805
vn 0.4972 -0.4469 0.7437
vn 0.8716 -0.2325 0.4316
vn 0.9817 -0.0887 0.1687
vn 0.7330 -0.4172 0.5373
vn -0.4978 0.0005 0.8673
vn -0.5351 -0.0067 0.8448
vn 0.0606 -0.4011 0.9140
vn -0.0034 -0.2516 0.9678
vn 0.0158 -0.0944 0.9954
vn 0.0621 -0.0198 0.9979
vn 0.0904 0.0671 0.9936
vn 0.0912 0.0784 0.9927
vn 0.1942 0.2961 0.9352
vn 0.1344 0.1859 0.9733
vn 0.1086 0.1695 0.9795
vn 0.1153 0.1785 0.9772
vn 0.1175 0.1078 0.9872
vn 0.1713 0.0854 0.9815
vn 0.1238 0.0645 0.9902
vn 0.2468 -0.0747 0.9662
vn 0.3505 0.0321 0.9360
vn 0.3922 0.0527 0.9184
vn 0.3679 -0.0479 0.9286
vn 0.7898 -0.0911 0.6066
vn 0.6697 -0.3007 0.6791
vn 0.7232 -0.2861 0.6286
vn 0.3758 0.2961 0.8781
vn 0.4605 0.1928 0.8665
vn 0.3949 0.2972 0.8693
vn 0.3221 0.2883 0.9017
vn 0.3823 0.1526 0.9114
vn 0.3410 0.2913 0.8938
vn 0.3192 0.2459 0.9152
vn 0.2438 0.2803 0.9285
vn 0.2843 0.1268 0.9503
vn 0.2139 0.2092 0.9542
vn 0.2097 0.1697 0.9629
vn 0.1627 0.2279 0.9600
vn 0.1533 0.0910 0.9840
vn 0.1791 0.0293 0.9834
vn 0.1670 0.0772 0.9829
vn 0.1332 0.1256 0.9831
vn -0.7246 0.6672 -0.1726
vn -0.6477 0.4093 -0.6427
vn -0.7254 0.6659 -0.1745
vn -0.5573 0.8213 0.1222
vn -0.5506 0.7972 0.2476
vn -0.7811 0.6123 -0.1219
vn -0.7337 0.5926 0.3324
vn -0.7241 0.3982 0.5632
vn -0.0946 0.0278 0.9951
vn -0.3720 0.2185 0.9021
vn -0.4757 0.3210 0.8189
vn -0.4001 0.7469 0.5311
vn -0.6054 0.5395 0.5851
vn -0.7774 0.6233 -0.0852
vn -0.1926 0.7445 0.6392
vn -0.3248 0.0011 0.9458
vn -0.5624 0.1438 0.8143
vn -0.6404 -0.0003 -0.7680
vn -0.4927 0.0024 -0.8702
vn -0.4172 0.0053 -0.9088
vn -0.3399 0.0024 -0.9404
vn -0.1375 -0.0014 -0.9905
vn 0.0864 0.0002 -0.9963
vn 0.2554 0.0078 -0.9668
vn 0.3194 0.0043 -0.9476
vn 0.5456 -0.0011 -0.8380
vn 0.7122 0.0256 -0.7015
vn 0.9316 -0.0008 -0.3635
vn -0.3042 0.9037 0.3015
vn -0.1891 0.9640 0.1868
vn -0.1772 0.9678 0.1790
vn -0.0683 0.9955 0.0664
vn -0.0588 0.9965 0.0602
vn 0.0545 0.9969 -0.0560
vn 0.0613 0.9963 -0.0604
vn 0.1757 0.9685 -0.1766
vn 0.1797 0.9673 -0.1792
vn 0.2918 0.9109 -0.2918
vn -0.7067 0.0002 -0.7075
vn -0.7061 0.0049 -0.7081
vn -0.6120 0.1687 -0.7727
vn -0.4681 0.3844 -0.7957
vn -0.4436 0.4104 -0.7967
vn -0.6921 0.0329 -0.7211
vn -0.4802 0.3866 -0.7874
vn -0.4035 0.4731 -0.7832
vn -0.3815 0.4981 -0.7787
vn -0.3970 0.4798 -0.7824
vn -0.4410 0.4329 -0.7862
vn -0.4023 0.5066 -0.7626
vn -0.3430 0.5387 -0.7695
vn -0.2432 0.6246 -0.7421
vn -0.1983 0.6619 -0.7229
vn -0.0425 0.7614 -0.6468
vn 0.1082 0.8284 -0.5495
vn 0.2736 0.8669 -0.4167
vn -0.4473 0.8827 0.1443
vn -0.7542 0.3958 -0.5239
vn -0.3663 0.9288 -0.0563
vn -0.3560 0.9344 0.0082
vn -0.5742 0.7523 -0.3231
vn -0.6934 0.4873 -0.5308
vn -0.6941 0.4903 -0.5270
vn -0.2077 0.9753 -0.0757
vn -0.6410 0.4787 -0.6000
vn -0.1477 0.9602 -0.2372
vn -0.1551 0.9529 -0.2607
vn -0.4127 0.7713 -0.4846
vn -0.5455 0.5851 -0.6001
vn -0.5547 0.5438 -0.6298
vn 0.0274 0.9479 -0.3174
vn -0.5028 0.5062 -0.7007
vn -0.2469 0.7194 -0.6492
vn 0.0182 0.8902 -0.4552
vn 0.1434 0.9482 -0.2836
vn 0.0209 0.8512 -0.5244
vn -0.4319 0.5257 -0.7329
vn -0.2768 0.7200 -0.6364
vn -0.1701 0.8471 -0.5035
vn -0.1966 0.7393 -0.6440
vn -0.4540 -0.8471 0.2763
vn -0.4534 -0.8484 0.2734
vn -0.4522 -0.8623 0.2279
vn -0.3094 -0.8459 0.4345
vn -0.3164 -0.8510 0.4192
vn -0.3274 -0.8542 0.4039
vn -0.1925 -0.8434 0.5016
vn -0.2102 -0.8213 0.5304
vn 0.0960 -0.7046 0.7031
vn 0.2792 -0.5346 0.7976
vn 0.3361 -0.5874 0.7362
vn 0.5100 -0.3193 0.7987
vn 0.7332 -0.1145 0.6703
vn 0.6977 -0.0738 0.7126
vn 0.7100 0.0933 0.6980
vn 0.7134 0.1115 0.6918
vn 0.4466 0.2849 0.8482
vn 0.4257 0.3456 0.8363
vn 0.4931 0.3589 0.7925
vn 0.4719 0.3397 0.8136
vn 0.4886 0.3554 0.7968
vn 0.5041 0.3041 0.8084
vn 0.5413 0.3532 0.7631
vn 0.5159 0.3437 0.7847
vn 0.5495 0.3573 0.7553
vn 0.5575 0.3110 0.7697
vn 0.5918 0.3432 0.7294
vn 0.5668 0.3431 0.7490
vn 0.6134 0.3486 0.7087
vn 0.6152 0.3112 0.7244
vn 0.6236 0.3303 0.7085
vn 0.6427 0.3284 0.6921
vn 0.6669 0.3003 0.6820
vn 0.6689 0.3293 0.6664
vn 0.6734 0.3099 0.6712
vn 0.6874 0.3080 0.6578
vn 0.7140 0.3024 0.6315
vn 0.7095 0.2794 0.6469
vn 0.7123 0.2820 0.6428
vn 0.6884 0.3482 0.6363
vn 0.7485 0.2539 0.6126
vn 0.7515 0.2630 0.6051
vn 0.8008 0.2947 0.5213
vn 0.7568 0.2597 0.5998
vn 0.7845 0.2282 0.5767
vn 0.7800 0.2071 0.5905
vn 0.7912 0.2045 0.5764
vn 0.7917 0.2314 0.5654
vn 0.8042 0.1868 0.5643
vn 0.8109 0.1596 0.5630
vn 0.8223 0.1524 0.5483
vn 0.8324 0.1912 0.5201
vn 0.8268 0.1150 0.5506
vn 0.8317 0.0813 0.5492
vn 0.8481 -0.0167 0.5296
vn 0.1309 -0.9568 -0.2597
vn -0.1490 -0.9831 -0.1064
vn -0.0148 -0.9833 -0.1811
vn -0.1570 -0.9831 -0.0940
vn -0.2851 -0.9583 -0.0183
vn -0.2987 -0.9544 0.0039
vn -0.4306 -0.8984 0.0864
vn -0.4341 -0.8952 0.1007
vn 0.1650 -0.9645 -0.2064
vn 0.0201 -0.9922 -0.1227
vn 0.0974 -0.9813 -0.1663
vn 0.1539 -0.9648 -0.2131
vn -0.0321 -0.9961 -0.0825
vn 0.0331 -0.9890 -0.1441
vn -0.1174 -0.9926 -0.0298
vn -0.2559 -0.9641 0.0709
vn -0.1628 -0.9866 0.0088
vn -0.1012 -0.9932 -0.0576
vn -0.3906 -0.9016 0.1858
vn -0.3375 -0.9310 0.1388
vn -0.2816 -0.9552 0.0910
vn -0.2339 -0.9718 0.0298
vn -0.4135 -0.8927 0.1791
vn -0.4475 -0.8656 0.2247
vn -0.4091 -0.8981 0.1614
vn 0.5149 0.1354 0.8465
vn 0.5446 0.1178 0.8304
vn 0.6091 -0.3574 0.7080
vn 0.5471 0.1032 0.8307
vn 0.5465 0.1220 0.8285
vn 0.6069 -0.3652 0.7059
vn 0.5169 -0.7590 0.3958
vn 0.5124 -0.7644 0.3913
vn 0.3394 -0.9386 0.0624
vn 0.3359 -0.9400 0.0597
vn 0.2363 -0.9710 0.0349
vn 0.5695 0.1051 0.8153
vn 0.5642 -0.3738 0.7362
vn 0.5723 0.1190 0.8114
vn 0.5623 -0.3779 0.7355
vn 0.4068 -0.7857 0.4660
vn 0.1630 -0.9812 0.1030
vn 0.2621 -0.9470 0.1859
vn 0.4038 -0.7885 0.4639
vn 0.1205 -0.9845 0.1278
vn 0.5950 0.0913 0.7985
vn 0.5288 -0.3773 0.7603
vn 0.6095 0.1208 0.7835
vn 0.3060 -0.7868 0.5360
vn 0.5274 -0.3795 0.7601
vn 0.3042 -0.7882 0.5351
vn 0.0144 -0.9827 0.1849
vn 0.1716 -0.9370 0.3041
vn 0.0049 -0.9744 0.2250
vn 0.6228 0.0859 0.7776
vn -0.0625 -0.9667 0.2481
vn 0.6408 0.1040 0.7606
vn 0.4895 -0.3702 0.7895
vn 0.2042 -0.7635 0.6127
vn 0.4880 -0.3720 0.7896
vn -0.0654 -0.9337 0.3522
vn -0.0681 -0.9340 0.3507
vn 0.2023 -0.7645 0.6120
vn 0.6441 0.0812 0.7606
vn -0.1773 -0.9253 0.3354
vn 0.4417 -0.3488 0.8266
vn 0.6896 0.1309 0.7122
vn 0.6629 0.0876 0.7435
vn 0.4929 -0.3056 0.8147
vn 0.1011 -0.7136 0.6932
vn -0.2111 -0.8787 0.4282
vn -0.1490 -0.8730 0.4645
vn 0.1057 -0.7118 0.6944
vn -0.2881 -0.8621 0.4170
vn 0.9149 -0.2015 0.3499
vn 0.9031 -0.1594 0.3987
vn 0.8886 -0.1125 0.4447
vn 0.8702 -0.0566 0.4895
vn 0.8525 0.0068 0.5227
vn 0.8022 0.1295 0.5829
vn -0.0001 -0.9999 -0.0126
vn -0.0007 -0.9999 -0.0147
vn -0.0000 -1.0000 -0.0092
vn -0.4189 -0.9034 0.0911
vn -0.4513 -0.8923 -0.0103
vn -0.4237 -0.9057 -0.0095
vn -0.3230 -0.9301 -0.1748
vn -0.4440 -0.8882 -0.1179
vn -0.3961 -0.9111 -0.1141
vn 0.7074 0.0046 0.7068
vn 0.7078 0.0041 0.7064
vn 0.7083 0.0036 0.7059
vn 0.7091 0.0024 0.7051
vn 0.7071 -0.0000 0.7071
vn 0.7141 -0.0057 0.7000
vn 0.7090 0.0003 0.7052
vn 0.6787 0.0007 0.7344
vn -0.2020 -0.8484 0.4892
vn -0.4706 -0.8393 0.2722
vn -0.4734 -0.8341 0.2832
vn -0.4162 -0.8777 0.2377
vn -0.4562 -0.8447 0.2800
vn -0.4694 -0.8343 0.2890
vn -0.4152 -0.8777 0.2392
vn -0.4664 -0.8349 0.2923
vn -0.4155 -0.8706 0.2633
vn -0.4643 -0.8646 0.1921
vn -0.4802 -0.8536 0.2021
vn -0.4815 -0.8666 0.1309
vn -0.4648 -0.8599 0.2109
vn -0.4683 -0.8644 0.1829
vn -0.4705 -0.8630 0.1842
vn -0.4861 -0.8573 0.1697
vn -0.4901 -0.8609 0.1365
vn -0.4861 -0.8655 0.1208
vn -0.4611 -0.8809 0.1067
vn -0.4962 -0.8676 0.0315
vn -0.4633 -0.8802 0.1033
vn -0.4964 -0.8590 0.1258
vn -0.4940 -0.8611 0.1207
vn -0.4940 -0.8662 0.0748
vn -0.4625 -0.8860 0.0330
vn -0.4802 -0.8762 0.0415
vn -0.4907 -0.8686 -0.0695
vn -0.4809 -0.8764 0.0253
vn -0.4716 -0.8815 0.0231
vn -0.4290 -0.9018 0.0518
vn -0.4403 -0.8968 -0.0429
vn -0.4437 -0.8952 -0.0415
vn -0.4381 -0.8989 -0.0090
vn -1.0000 0.0020 0.0046
vn -1.0000 -0.0001 0.0004
vn -1.0000 -0.0004 -0.0000
vn 0.0001 -0.0004 1.0000
vn -0.0005 -0.0001 1.0000
vn -0.3867 0.0051 0.9222
vn -0.4908 -0.0119 0.8712
vn -0.9138 0.0114 0.4060
vn -0.9405 0.0015 0.3398
vn 0.7815 -0.0000 -0.6239
vn 0.7818 -0.0000 -0.6235
vn 0.8991 -0.0000 -0.4377
vn 0.9010 -0.0003 -0.4339
vn 0.9726 0.0003 -0.2327
vn 0.9749 -0.0005 -0.2225
vn 0.9999 0.0005 -0.0146
vn 1.0000 -0.0006 -0.0000
vn 0.9780 0.0006 0.2087
vn 0.9749 -0.0005 0.2225
vn 0.9052 0.0005 0.4250
vn 0.9010 -0.0003 0.4339
vn 0.7840 0.0003 0.6207
vn 0.7574 -0.0032 0.6529
vn 0.7835 0.0364 0.6203
vn 0.8095 0.0888 0.5804
vn 0.7949 0.0517 0.6045
vn 0.7886 0.1922 0.5841
vn 0.8077 0.0917 0.5824
vn 0.8285 0.2441 0.5040
vn 0.9022 0.0813 0.4236
vn 0.9647 0.1643 0.2058
vn 0.9651 0.1678 0.2011
vn 0.8774 0.3660 0.3103
vn 0.8707 0.3939 0.2946
vn 0.8461 0.5108 0.1523
vn 0.9831 0.1826 -0.0143
vn 0.9408 0.2534 -0.2251
vn 0.9552 0.2292 -0.1871
vn 0.8006 0.5969 -0.0526
vn 0.8099 0.5852 -0.0403
vn 0.6977 0.6778 -0.2317
vn 0.8720 0.2435 -0.4245
vn 0.6748 0.6823 -0.2813
vn 0.7464 0.2964 -0.5958
vn 0.9541 0.0946 -0.2842
vn 0.8288 0.3058 -0.4685
vn 0.7215 0.5010 -0.4780
vn 0.7578 0.6214 -0.1989
vn 0.4881 0.8097 -0.3258
vn 0.4235 0.8662 -0.2652
vn 0.4260 0.8658 -0.2627
vn 0.5696 0.8180 -0.0804
vn 0.5656 0.8202 -0.0855
vn 0.6716 0.7359 0.0867
vn 0.6757 0.7312 0.0936
vn 0.7448 0.6166 0.2552
vn 0.7489 0.6071 0.2656
vn 0.7826 0.4659 0.4128
vn 0.7841 0.4559 0.4212
vn 0.7826 0.3015 0.5446
vn 0.7815 0.2844 0.5553
vn 0.7414 0.0976 0.6639
vn 0.7413 0.0972 0.6641
vn 0.4609 0.8872 0.0213
vn 0.3699 0.9046 -0.2121
vn 0.6576 0.5468 0.5182
vn 0.6574 0.6755 0.3339
vn 0.5922 0.7896 0.1607
vn 0.4596 0.8881 -0.0072
vn 0.7614 0.2651 0.5916
vn 0.6767 0.1457 0.7217
vn 0.7459 0.3292 0.5790
vn 0.6873 0.6591 0.3053
vn 0.3441 0.9389 -0.0042
vn 0.7286 0.2468 0.6390
vn 0.2612 0.9544 0.1446
vn 0.2661 0.9474 0.1778
vn 0.5304 0.7093 0.4643
vn 0.6950 0.2735 0.6649
vn 0.6935 0.2690 0.6684
vn 0.6668 0.2528 0.7011
vn 0.2655 0.8663 -0.4232
vn 0.0970 0.8239 -0.5584
vn -0.0739 0.7423 -0.6659
vn -0.5468 0.2954 -0.7834
vn 0.7071 -0.0000 -0.7071
vn 0.4097 0.8151 -0.4097
vn 0.4106 0.8140 -0.4109
vn 0.5209 0.6765 -0.5206
vn 0.5233 0.6720 -0.5240
vn 0.6092 0.5086 -0.6085
vn 0.6115 0.5013 -0.6122
vn 0.6712 0.3162 -0.6705
vn 0.6720 0.3105 -0.6723
vn 0.7032 0.1074 -0.7029
vn 0.7032 0.1056 -0.7032
vn 0.3465 0.8717 -0.3465
vn 0.2926 0.9102 -0.2931
vn -0.2678 -0.9622 0.0500
vn -0.3983 -0.9127 0.0917
vn -0.4277 -0.8979 0.1046
vn -0.2519 -0.9662 0.0540
vn -0.3096 -0.9474 0.0808
vn -0.3494 -0.9322 0.0944
vn -0.4345 -0.8934 0.1142
vn -0.2802 -0.9559 0.0878
vn -0.0896 -0.9955 0.0292
vn -0.4012 -0.9057 0.1366
vn -0.2557 -0.9617 0.0987
vn -0.4278 -0.8886 0.1651
vn -0.0892 -0.9953 0.0370
vn -0.0851 -0.9957 0.0373
vn -0.2684 -0.9561 0.1175
vn -0.3924 -0.9029 0.1755
vn -0.0860 -0.9952 0.0461
vn -0.2418 -0.9619 0.1278
vn -0.4102 -0.8858 0.2168
vn -0.3791 -0.8996 0.2169
vn -0.2533 -0.9560 0.1482
vn -0.0000 -0.0016 -1.0000
vn -0.0989 0.0015 -0.9951
vn -0.2393 -0.0014 -0.9709
vn -0.3226 0.0010 -0.9465
vn -0.4648 -0.0012 -0.8854
vn -0.5132 0.0007 -0.8583
vn -0.6632 -0.0005 -0.7485
vn -0.6801 0.0004 -0.7331
vn -0.8275 -0.0001 -0.5614
vn -0.8230 -0.0004 -0.5680
vn -0.9705 0.0002 -0.2410
vn -0.9350 0.0107 -0.3546
vn -0.9927 -0.0000 -0.1205
vn -0.2691 -0.0000 0.9631
vn 0.7083 -0.0060 0.7059
vn 0.2152 -0.5630 0.7979
vn -0.1169 -0.0019 -0.9931
vn -0.1411 -0.1261 -0.9819
vn -0.1024 0.3831 -0.9180
vn -0.0268 0.5798 -0.8143
vn -0.0127 0.7776 -0.6286
vn -0.0090 0.7349 -0.6781
vn 0.0007 0.8061 -0.5918
vn -0.0011 0.8526 -0.5225
vn 0.0151 0.9103 -0.4137
vn 0.0139 0.9238 -0.3826
vn 0.0203 0.9434 -0.3311
vn 0.0134 0.9723 -0.2334
vn 0.0214 0.9899 -0.1401
vn 0.0180 0.9968 -0.0784
vn 0.0226 0.9993 -0.0310
vn -0.0025 0.0271 -0.9996
vn 0.7003 -0.2542 -0.6671
vn 0.8518 0.3763 -0.3644
vn 0.4903 -0.1436 -0.8596
vn 0.3367 -0.1317 -0.9324
vn 0.2727 -0.3671 -0.8893
vn -0.1718 -0.1699 -0.9704
vn 0.8809 -0.2154 -0.4215
vn 0.5265 -0.3590 -0.7707
vn 0.4400 -0.2662 -0.8576
vn 0.8316 -0.1697 -0.5288
vn 0.6470 -0.2984 -0.7016
vn 0.6460 -0.2938 -0.7045
vn -0.9997 0.0092 0.0219
vn 0.8435 0.4416 -0.3057
vn 0.8523 0.4237 -0.3066
vn 0.8455 0.3922 -0.3625
vn 1.0000 -0.0015 0.0036
vn 1.0000 -0.0000 0.0002
vn 1.0000 -0.0000 -0.0002
vn 1.0000 -0.0001 0.0056
vn 1.0000 -0.0017 0.0010
vn 1.0000 -0.0012 -0.0054
vn -1.0000 0.0010 -0.0054
vn -1.0000 0.0004 -0.0058
vn -0.9516 -0.2172 0.2176
vn -0.9713 -0.1540 -0.1810
vn -0.1102 -0.3669 -0.9237
vn -0.1102 -0.3774 -0.9195
vn -0.2887 -0.9408 -0.1778
vn -0.2737 -0.9393 -0.2066
vn -0.2644 -0.9237 -0.2772
vn -0.2641 -0.9021 -0.3413
vn -0.2503 -0.8846 -0.3935
vn -0.2440 -0.8333 -0.4961
vn -0.2302 -0.8122 -0.5360
vn -0.2165 -0.7396 -0.6373
vn -0.2044 -0.7190 -0.6643
vn -0.1861 -0.6227 -0.7600
vn -0.1849 -0.6345 -0.7505
vn -0.1945 -0.6346 -0.7480
vn -0.1571 -0.5516 -0.8192
vn -0.1586 -0.6123 -0.7745
vn -0.1903 -0.6460 -0.7392
vn -0.1476 -0.4868 -0.8609
vn -0.1367 -0.4776 -0.8679
vn -0.1009 -0.3364 -0.9363
vn -0.1081 -0.3424 -0.9333
vn -0.0087 -0.2015 -0.9794
vn -0.0539 -0.2045 -0.9774
vn -0.0681 -0.1747 -0.9823
vn -0.0038 -0.0000 -1.0000
vn -0.0032 0.0002 -1.0000
vn -0.9249 0.0146 -0.3800
vn -0.8403 -0.0094 -0.5420
vn -0.4192 0.0085 -0.9078
vn -0.3582 0.0001 -0.9337
vn -0.0006 -1.0000 0.0009
vn -0.0579 -0.9983 0.0002
vn 0.0141 -0.9999 -0.0022
vn 0.0067 -1.0000 -0.0014
vn -0.1146 -0.9928 0.0336
vn 0.0181 -0.9998 -0.0028
vn -1.0000 0.0002 0.0036
vn -1.0000 0.0012 0.0011
vn -1.0000 0.0013 0.0008
vn -1.0000 0.0013 0.0005
vn -1.0000 -0.0005 -0.0074
vn -1.0000 0.0013 0.0002
vn -1.0000 -0.0002 -0.0000
vn -1.0000 -0.0005 0.0012
vn -0.9820 -0.0535 -0.1809
vn -0.9996 -0.0103 -0.0275
vn -0.9998 -0.0030 0.0186
vn -1.0000 -0.0004 -0.0001
vn -0.2681 -0.9183 -0.2913
vn -0.3769 -0.9068 -0.1886
vn -0.2702 -0.9433 -0.1929
vn -0.2694 -0.9578 -0.1001
vn -0.3814 -0.9167 -0.1187
vn -0.3790 -0.9230 -0.0672
vn -0.3789 -0.9039 -0.1984
vn -0.4490 -0.8880 -0.0991
vn -0.3818 -0.9165 -0.1198
vn -0.4380 -0.8985 -0.0286
vn -0.3746 -0.9262 -0.0436
vn -0.0266 -0.0043 -0.9996
vn 0.0404 0.0418 -0.9983
vn 0.0103 -0.0054 -0.9999
vn -0.8479 0.4617 -0.2607
vn -0.1319 0.8672 -0.4801
vn -0.2381 0.7981 -0.5535
vn -1.0000 0.0023 0.0011
vn -0.9999 0.0089 0.0094
vn -1.0000 0.0006 0.0009
vn -1.0000 0.0032 0.0023
vn -1.0000 -0.0000 0.0011
vn -1.0000 0.0040 0.0059
vn -1.0000 0.0023 0.0018
vn -0.9996 0.0285 0.0048
vn -1.0000 -0.0030 0.0035
vn -1.0000 -0.0041 0.0024
vn -1.0000 -0.0046 -0.0054
vn -1.0000 0.0013 -0.0021
vn -1.0000 0.0001 -0.0054
vn -1.0000 0.0018 -0.0043
vn -0.9999 -0.0144 0.0048
vn -0.9995 0.0127 0.0283
vn -0.9997 -0.0253 0.0030
vn -0.9994 0.0125 0.0319
vn -0.2050 -0.8964 -0.3930
vn -0.1774 -0.8467 -0.5016
vn -0.1211 -0.8553 -0.5038
vn -0.1894 -0.8230 -0.5355
vn -0.0855 -0.8181 -0.5686
vn -0.1608 -0.7334 -0.6605
vn -0.1581 -0.7313 -0.6635
vn -0.1088 -0.7426 -0.6608
vn -0.0664 -0.6762 -0.7337
vn -0.1413 -0.6168 -0.7743
vn -0.0920 -0.6003 -0.7944
vn -0.1261 -0.6019 -0.7885
vn -0.0327 -0.5030 -0.8636
vn 0.0123 -0.4837 -0.8751
vn -0.0833 -0.5793 -0.8109
vn 0.0041 -0.3080 -0.9514
vn -0.0542 -0.3484 -0.9358
vn -0.0369 -0.1281 -0.9911
vn -0.1125 -0.8872 -0.4475
vn -0.1599 -0.8984 -0.4090
vn -0.2551 -0.8911 -0.3753
vn -0.1994 -0.9065 -0.3721
vn -0.3354 -0.9007 -0.2762
vn -0.1514 -0.9177 -0.3673
vn -0.1897 -0.9228 -0.3354
vn -0.2407 -0.9163 -0.3202
vn -0.3324 -0.9079 -0.2553
vn -0.4055 -0.8944 -0.1890
vn -0.3016 -0.9156 -0.2658
vn -0.2855 -0.9334 -0.2173
vn 0.0015 -1.0000 -0.0000
vn 0.0056 -1.0000 0.0057
vn 0.0150 -0.9998 0.0106
vn 0.0929 -0.9952 0.0299
vn -0.0102 -0.9862 -0.1655
vn -0.0013 0.0044 -1.0000
vn -1.0000 -0.0003 -0.0003
vn -1.0000 0.0002 -0.0001
vn -1.0000 0.0008 0.0001
vn -1.0000 -0.0029 -0.0031
vn -0.9193 0.2809 -0.2755
vn -0.6222 0.5906 -0.5139
vn -0.7568 0.5196 -0.3965
vn -0.7567 0.5421 -0.3655
vn -0.6900 0.5634 -0.4543
vn -0.6915 0.6468 -0.3216
vn -0.5927 0.6825 -0.4276
vn -0.6345 0.7678 -0.0890
vn -0.6616 0.7497 0.0192
vn -0.4701 0.8637 -0.1817
vn -0.4674 0.8644 -0.1857
vn -0.2424 0.9696 -0.0324
vn -0.2657 0.9623 0.0585
vn -0.9989 -0.0272 -0.0369
vn -0.9539 0.2999 -0.0097
vn -0.9999 0.0164 -0.0020
vn -0.6887 0.6979 -0.1963
vn -0.6245 0.7433 -0.2398
vn -0.6852 0.7213 -0.1015
vn -0.5584 0.8268 -0.0679
vn -0.1061 0.9943 0.0055
vn -0.3220 0.9467 -0.0033
vn -0.5527 0.8219 -0.1379
vn -0.4947 0.8673 -0.0546
vn -1.0000 0.0012 -0.0031
vn -0.9999 0.0113 0.0005
vn -1.0000 -0.0001 0.0002
vn -1.0000 -0.0002 0.0001
vn 0.0015 1.0000 0.0001
vn 0.0211 0.9998 0.0006
vn -0.9094 0.3380 -0.2423
vn -0.2823 0.8795 -0.3832
vn -0.8814 0.4282 -0.1997
vn -0.2165 0.9147 -0.3412
vn -0.8916 0.4243 -0.1583
vn -0.8937 0.4197 -0.1588
vn -0.8328 0.5508 -0.0555
vn -0.2427 0.9145 -0.3236
vn -0.0922 0.9738 -0.2080
vn -0.7834 0.6076 -0.1306
vn -0.1685 0.9717 -0.1655
vn -0.0102 0.9999 -0.0098
vn -0.9997 0.0221 -0.0043
vn -0.9996 0.0265 -0.0067
vn -0.9985 -0.0080 -0.0538
vn -1.0000 -0.0011 -0.0041
vn -1.0000 0.0005 -0.0024
vn -1.0000 0.0013 0.0046
vn -0.9978 0.0391 0.0541
vn -0.9996 0.0264 -0.0021
vn -0.4186 0.8942 -0.1586
vn 0.0063 -0.0571 -0.9983
vn -0.9267 0.2311 -0.2964
vn -0.9033 0.2401 -0.3554
vn -0.9208 0.2058 -0.3314
vn -0.4789 0.4943 -0.7255
vn -0.5234 0.4641 -0.7145
vn -0.3489 0.4490 -0.8226
vn -0.9257 0.1601 -0.3428
vn -0.4705 0.3108 -0.8259
vn -0.4432 0.3250 -0.8354
vn -0.9005 0.1532 -0.4071
vn -0.9173 0.1272 -0.3773
vn -0.3565 0.2325 -0.9049
vn -0.9266 0.0825 -0.3669
vn -0.2782 0.1962 -0.9403
vn -0.4348 0.1279 -0.8914
vn -0.9397 0.1050 -0.3254
vn 0.0020 0.9766 -0.2148
vn 0.0034 0.9261 -0.3773
vn 0.0023 0.1680 -0.9858
vn -0.9980 0.0570 -0.0273
vn -0.9865 -0.0730 -0.1466
vn -0.9992 0.0065 0.0405
vn -1.0000 -0.0000 0.0006
vn -1.0000 -0.0000 -0.0003
vn -0.9999 0.0014 0.0122
vn 0.0004 1.0000 -0.0009
vn -0.0007 -1.0000 0.0051
vn -0.0064 -0.9998 -0.0199
vn -0.0063 -0.9997 0.0250
vn -0.0004 -1.0000 0.0008
vn 0.0633 0.9530 -0.2962
vn 0.0001 -1.0000 -0.0001
vn 0.0001 -1.0000 -0.0022
vn -0.0007 1.0000 -0.0000
vn -0.0007 1.0000 0.0002
vn 1.0000 -0.0021 -0.0002
vn 1.0000 -0.0068 -0.0035
vn 1.0000 0.0058 -0.0036
vn 1.0000 0.0083 -0.0035
vn 0.9999 0.0127 -0.0030
vn 0.9998 0.0221 -0.0017
vn 0.9995 0.0325 -0.0000
vn -0.0036 0.0169 -0.9999
vn 0.0042 0.0784 -0.9969
vn -0.0017 0.1421 -0.9899
vn 0.0039 0.2488 -0.9685
vn 0.0006 0.2334 -0.9724
vn -0.0004 0.3625 -0.9320
vn 0.0031 0.3827 -0.9239
vn -0.0025 0.4791 -0.8777
vn 0.0041 0.5225 -0.8527
vn -0.0027 0.5885 -0.8085
vn 0.0093 0.6494 -0.7604
vn 0.0008 0.7544 -0.6565
vn 0.0024 0.7604 -0.6495
vn -0.0019 0.8291 -0.5591
vn 0.0039 0.8526 -0.5225
vn -0.0027 0.8927 -0.4506
vn 0.0038 0.9239 -0.3827
vn -0.0067 0.9526 -0.3041
vn 0.0041 0.9724 -0.2335
vn -0.0048 0.9952 -0.0979
vn -0.0006 0.9969 -0.0785
vn 0.7961 0.0551 -0.6027
vn -0.0036 0.0042 -1.0000
vn 0.8287 0.0050 -0.5597
vn -0.0003 -1.0000 0.0002
vn -0.0003 -1.0000 0.0001
vn -0.0002 -1.0000 0.0001
vn -0.0002 -1.0000 -0.0000
vn -0.0002 -1.0000 -0.0001
vn -0.0020 -1.0000 0.0039
vn 0.0004 1.0000 -0.0011
vn -0.0729 0.9820 -0.1744
vn 0.0933 0.9900 0.1056
vn -0.0051 -0.0019 -1.0000
vn -0.0003 0.0022 -1.0000
vn 0.0035 0.0206 -0.9998
vn -0.0000 -0.0054 -1.0000
vn -0.0016 0.2654 -0.9641
vn -0.0023 0.6270 -0.7790
vn -0.0003 0.8686 -0.4954
vn 0.0030 0.9822 -0.1880
vn 0.0146 -0.8581 -0.5132
vn 0.0094 -0.3457 -0.9383
vn -0.0082 0.2374 -0.9714
vn 0.0110 0.9284 -0.3714
vn 0.0137 0.7779 -0.6282
vn 0.9370 -0.0128 -0.3491
vn 0.9405 -0.0183 -0.3393
vn 0.3654 0.0178 -0.9307
vn 0.4224 -0.0096 -0.9063
vn 0.3363 0.1220 -0.9338
vn 0.9430 0.1322 -0.3054
vn 0.9098 0.0616 -0.4104
vn 0.4055 0.2064 -0.8905
vn 0.9031 0.2049 -0.3774
vn 0.3569 0.3740 -0.8560
vn 0.5326 0.5304 -0.6595
vn 0.4166 0.8284 -0.3745
vn 0.4165 0.8283 -0.3747
vn -1.0000 0.0045 -0.0052
vn -0.0000 1.0000 0.0008
vn -0.0037 1.0000 -0.0019
vn 0.0414 0.9989 0.0218
vn -0.0050 1.0000 0.0055
vn 0.2796 0.8269 -0.4879
vn 0.0460 0.9904 -0.1300
vn -0.0076 1.0000 0.0062
vn 0.3643 0.8298 -0.4227
vn 0.7074 -0.0007 0.7068
vn 0.8559 0.4401 -0.2718
vn 0.8356 0.4839 -0.2600
vn 0.8915 0.4130 -0.1862
vn 0.8625 0.4844 -0.1465
vn 0.8659 0.4789 -0.1441
vn 0.8894 0.4489 -0.0862
vn 0.9689 0.2464 -0.0228
vn 0.0184 0.9744 -0.2242
vn -0.0007 0.0072 -1.0000
vn 0.1885 0.9643 -0.1863
vn 0.3230 0.8810 -0.3458
vn 0.7049 -0.0007 0.7093
vn -0.9089 0.0140 -0.4168
vn -0.8438 -0.0331 -0.5357
vn -0.4072 -0.0204 -0.9131
vn -0.2516 -0.0623 -0.9658
vn -0.7650 0.5974 -0.2407
vn -0.7289 0.5546 -0.4014
vn -0.6451 0.5945 -0.4800
vn -0.5305 0.6080 -0.5907
vn -0.3043 0.6477 -0.6985
vn -0.3063 0.4931 -0.8143
vn -0.0084 0.7125 -0.7016
vn 0.9929 0.0515 -0.1072
vn 0.9985 0.0049 -0.0539
vn 0.9484 0.0044 -0.3172
vn 0.9999 -0.0132 0.0030
vn 0.9998 0.0191 -0.0060
vn 1.0000 0.0004 -0.0001
vn 1.0000 -0.0005 0.0002
vn 1.0000 0.0077 -0.0048
vn 1.0000 -0.0039 0.0041
vn -0.3256 0.9093 -0.2592
vn -0.1337 0.9148 -0.3812
vn 0.3596 0.5876 -0.7248
vn -0.2118 0.1687 -0.9626
vn -0.2591 0.1943 -0.9461
vn -0.7489 0.0845 -0.6573
vn -0.8340 0.1486 -0.5314
vn 0.9274 -0.3738 -0.0148
vn 0.9299 -0.3676 -0.0122
vn 0.6196 -0.7844 0.0292
vn 0.5544 -0.8321 0.0132
vn 0.3555 -0.9332 0.0533
vn -0.0680 -0.9977 0.0076
vn -0.1239 -0.9920 0.0255
vn 0.9903 -0.0967 0.1003
vn 0.9196 -0.2223 0.3241
vn 0.9503 -0.2368 0.2021
vn 0.9611 -0.2175 0.1700
vn 0.5934 -0.6296 0.5014
vn -0.2911 -0.7956 0.5313
vn 0.5609 -0.6417 0.5231
vn 0.1313 -0.8026 0.5819
vn 0.0836 -0.8018 0.5918
vn 0.9402 -0.2954 0.1699
vn 0.9464 -0.2952 0.1311
vn 0.9562 -0.2717 0.1088
vn 0.4957 -0.7937 0.3526
vn -0.1880 -0.9060 0.3791
vn -0.1218 -0.9296 0.3477
vn 0.5404 -0.7762 0.3248
vn 0.9413 -0.3278 0.0802
vn 0.9287 -0.3651 0.0654
vn 0.9616 -0.2735 0.0209
vn 0.5077 -0.8523 0.1257
vn -0.1157 -0.9704 0.2119
vn 0.5531 -0.8265 0.1049
vn -0.1980 -0.9683 0.1521
vn -0.0629 -0.9966 0.0535
vn -0.2745 -0.9611 0.0301
vn -0.3367 -0.7378 0.5851
vn -0.3023 -0.7344 0.6076
vn -0.3971 -0.7190 0.5704
vn -0.2627 -0.6725 0.6919
vn -0.4060 -0.7580 0.5105
vn -0.4200 -0.8500 0.3179
vn -0.3257 -0.8444 0.4254
vn -0.3838 -0.8130 0.4380
vn -0.3633 -0.9102 0.1988
vn -0.2801 -0.9154 0.2890
vn -0.3582 -0.9128 0.1961
vn -0.3139 -0.9461 0.0794
vn -0.3856 -0.9094 0.1556
vn -0.3280 -0.9446 -0.0087
vn -0.4280 -0.9034 0.0270
vn -0.2540 -0.9610 -0.1097
vn 0.9937 0.1120 -0.0000
vn 0.9426 0.3339 -0.0000
vn 0.8468 0.5320 -0.0000
vn 0.7071 0.7071 -0.0000
vn 0.5373 0.8434 -0.0000
vn 0.3546 0.9350 -0.0002
vn -0.9255 -0.1789 -0.3339
vn -0.8985 -0.0920 -0.4292
vn -0.9743 0.0497 -0.2195
vn 0.0026 0.7814 -0.6240
vn 0.0015 0.7071 -0.7071
vn 0.0024 0.4764 -0.8792
vn -0.0008 -1.0000 -0.0097
vn -0.0020 -1.0000 0.0041
vn -0.0301 -0.9965 0.0774
vn -0.0035 -0.9996 -0.0293
vn -0.0232 -0.9994 -0.0276
vn 1.0000 0.0002 -0.0001
vn 1.0000 0.0008 -0.0001
vn 1.0000 -0.0020 0.0001
vn 0.1416 0.9899 -0.0000
vn 0.1085 0.9941 -0.0000
vn 0.2141 0.9768 0.0010
vn 0.5329 0.8462 -0.0000
vn 0.7072 0.7070 -0.0000
vn 0.8463 0.5327 -0.0000
vn 0.9443 0.3290 -0.0000
vn 0.1761 -0.9064 -0.3841
vn 0.0998 -0.9386 -0.3302
vn 0.1526 -0.9217 -0.3567
vn 0.1807 -0.9038 -0.3880
vn 0.2034 -0.8986 -0.3888
vn 0.1518 -0.9223 -0.3553
vn 0.2045 -0.8980 -0.3896
vn 0.1649 -0.9224 -0.3494
vn 0.2273 -0.8935 -0.3873
vn 0.2256 -0.8945 -0.3860
vn 0.2232 -0.8960 -0.3838
vn 0.2207 -0.8979 -0.3809
vn 0.2123 -0.9060 -0.3662
vn 0.2285 -0.9219 -0.3128
vn 0.2370 -0.9159 -0.3239
vn 0.1874 -0.9391 -0.2880
vn 0.2740 -0.9338 -0.2300
vn 0.2414 -0.9500 -0.1982
vn 0.2130 -0.9592 -0.1858
vn 0.3897 -0.8953 -0.2159
vn 0.2372 -0.8997 -0.3665
vn 0.1294 -0.9553 -0.2657
vn 0.2703 -0.9142 -0.3019
vn 0.2599 -0.9170 -0.3026
vn 0.2549 -0.9440 -0.2097
vn 0.2616 -0.9163 -0.3032
vn -0.2803 -0.9591 -0.0388
vn -0.1052 -0.9894 -0.0997
vn -0.0319 -0.9734 -0.2267
vn -0.0295 -0.9637 -0.2652
vn 0.0004 -0.9551 -0.2963
vn -0.0427 -0.9767 -0.2105
vn 0.1776 -0.9051 -0.3863
vn 0.1197 -0.9274 -0.3544
vn -0.1618 -0.9754 -0.1496
vn -0.2815 -0.9587 -0.0399
vn -0.3051 -0.9314 -0.1985
vn -0.2765 -0.9434 -0.1833
vn -0.2720 -0.9456 -0.1787
vn 0.5017 -0.8382 -0.2137
vn 0.1615 -0.9473 -0.2766
vn -0.1236 -0.9910 -0.0512
vn 0.0271 -0.9987 -0.0420
vn 0.3228 -0.9163 -0.2369
vn 0.3590 -0.9025 -0.2380
vn 0.3595 -0.9319 -0.0486
vn 0.3545 -0.9338 -0.0479
vn 0.7632 -0.6257 -0.1611
vn 0.6173 -0.7851 -0.0502
vn 0.7632 -0.6258 -0.1611
vn 0.7629 -0.6461 -0.0245
vn 0.9400 -0.3271 -0.0971
vn 0.9459 -0.3238 -0.0210
vn 0.9867 -0.1583 -0.0359
vn 0.9274 -0.3738 -0.0144
vn 1.0000 -0.0009 -0.0002
vn 1.0000 -0.0004 -0.0002
vn 0.3310 -0.8797 -0.3414
vn 0.3290 -0.8802 -0.3420
vn 0.3251 -0.8809 -0.3439
vn 0.3948 -0.8588 -0.3264
vn 0.7653 -0.5994 -0.2346
vn 0.7944 -0.5678 -0.2157
vn 0.9870 -0.1491 -0.0599
vn 0.9900 -0.1314 -0.0509
vn 0.9907 -0.1272 -0.0486
vn 1.0000 -0.0010 -0.0003
vn 0.1295 -0.6410 -0.7566
vn 0.1101 -0.8002 -0.5895
vn 0.1579 -0.6826 -0.7135
vn 0.1673 -0.7614 -0.6263
vn 0.1916 -0.7976 -0.5720
vn 0.1797 -0.7140 -0.6766
vn 0.2088 -0.7860 -0.5820
vn 0.2088 -0.7836 -0.5851
vn 0.2189 -0.8236 -0.5232
vn 0.2829 -0.7827 -0.5543
vn 0.2533 -0.8632 -0.4368
vn 0.2529 -0.8737 -0.4155
vn 0.2547 -0.9441 -0.2092
vn 0.9410 -0.3218 -0.1047
vn 0.9371 -0.3334 -0.1029
vn 0.9219 -0.3728 -0.1052
vn 0.9377 -0.3328 -0.0999
vn 0.5866 -0.7795 -0.2198
vn 0.6553 -0.7211 -0.2249
vn 0.6751 -0.7029 -0.2237
vn 0.4823 -0.8424 -0.2402
vn 0.9469 -0.3118 -0.0785
vn 0.5544 -0.8077 -0.2005
vn 0.9431 -0.3248 -0.0707
vn 0.9445 -0.3207 -0.0708
vn 0.9250 -0.3722 -0.0761
vn 0.6515 -0.7443 -0.1472
vn 0.6791 -0.7182 -0.1518
vn 0.6142 -0.7746 -0.1508
vn -0.6514 -0.5924 -0.4741
vn 0.2984 -0.7588 -0.5790
vn 0.4743 -0.6924 -0.5437
vn 0.4933 -0.7236 -0.4828
vn 0.6181 -0.6309 -0.4689
vn 0.6273 -0.6254 -0.4641
vn 0.7773 -0.5032 -0.3775
vn 0.7746 -0.6068 -0.1786
vn 0.8311 -0.4505 -0.3260
vn 0.9231 -0.3640 -0.1239
vn 0.8512 -0.4265 -0.3060
vn 0.9694 -0.1991 -0.1434
vn 0.9709 -0.2303 -0.0663
vn 0.9781 -0.1714 -0.1181
vn 0.2214 -0.6613 -0.7168
vn 0.1979 -0.6884 -0.6978
vn 0.3015 -0.6508 -0.6968
vn 0.3922 -0.8020 -0.4505
vn 0.2343 -0.8909 -0.3890
vn 0.6222 -0.5656 -0.5412
vn 0.2121 -0.9425 -0.2582
vn 0.6319 -0.5640 -0.5317
vn 0.6981 -0.5647 -0.4403
vn 0.5902 -0.7512 -0.2956
vn 0.8333 -0.4262 -0.3521
vn 0.8533 -0.4038 -0.3299
vn 0.6122 -0.7613 -0.2137
vn 0.9732 -0.2196 -0.0690
vn 0.0448 -0.9569 -0.2871
vn 0.1242 -0.7776 -0.6164
vn 0.0532 -0.9819 -0.1818
vn 0.1450 -0.8416 -0.5203
vn 0.0481 -0.9835 -0.1744
vn 0.3857 -0.8689 -0.3101
vn 0.4761 -0.8328 -0.2824
vn 0.7947 -0.5659 -0.2197
vn 0.9398 -0.3315 -0.0836
vn 0.9905 -0.1296 -0.0466
vn 0.9907 -0.1275 -0.0470
vn 0.2571 -0.9148 -0.3116
vn -0.0002 1.0000 0.0001
vn -0.9953 0.0967 0.0003
vn -0.9564 0.2919 -0.0003
vn -0.9443 0.3291 0.0005
vn -0.8753 0.4835 -0.0004
vn -0.8462 0.5329 0.0006
vn -0.7499 0.6615 -0.0005
vn -0.7070 0.7072 0.0005
vn -0.5327 0.8463 -0.0009
vn -0.5788 0.8155 0.0008
vn -0.3677 0.9299 -0.0005
vn -0.1229 0.9924 0.0045
vn -0.2225 0.9749 -0.0000
vn -0.6145 0.6681 0.4194
vn -0.6700 0.5685 0.4774
vn -0.6956 0.5393 0.4747
vn -0.7267 0.4523 0.5170
vn -0.7579 0.3956 0.5187
vn -0.7692 0.3343 0.5445
vn -0.7994 0.2182 0.5597
vn -0.7989 0.2414 0.5509
vn -0.8144 0.1072 0.5703
vn -0.8202 0.0809 0.5663
vn -0.8172 -0.0022 0.5763
vn -0.8203 -0.0819 0.5661
vn -0.8137 -0.1120 0.5704
vn -0.8042 -0.2206 0.5519
vn -0.7951 -0.2425 0.5558
vn -0.7678 -0.3397 0.5433
vn -0.7576 -0.3968 0.5182
vn -0.7246 -0.4570 0.5158
vn -0.6954 -0.5404 0.4738
vn -0.6677 -0.5720 0.4764
vn -0.6147 -0.6685 0.4186
vn -0.0669 0.9966 0.0485
vn -0.2003 0.9694 0.1421
vn -0.3274 0.9157 0.2330
vn -0.4010 0.8733 0.2768
vn -0.4475 0.8371 0.3148
vn -0.4964 0.7956 0.3474
vn -0.5842 0.7003 0.4102
vn -0.5566 0.7355 0.3863
vn -0.5971 0.6872 0.4138
vn -0.6456 0.6140 0.4541
vn -0.6946 0.5318 0.4844
vn -0.7196 0.4756 0.5060
vn -0.7552 0.3899 0.5268
vn -0.5736 -0.0000 -0.8192
vn -0.5967 0.0260 -0.8020
vn -0.5699 -0.0141 -0.8216
vn -0.5698 0.0164 -0.8216
vn -0.5736 -0.0000 -0.8191
vn -0.5735 -0.0000 -0.8192
vn -0.4673 -0.0001 -0.8841
vn -0.4782 -0.0000 -0.8782
vn -0.5785 -0.0000 -0.8157
vn 0.5452 -0.0016 0.8383
vn 0.5815 0.0050 0.8136
vn 0.5736 -0.0000 0.8191
vn 0.5736 -0.0000 0.8192
vn 0.5731 -0.0006 0.8195
vn 0.5766 -0.0006 0.8170
vn 0.5640 0.0062 0.8257
vn 0.5722 -0.0013 0.8201
vn 0.5750 -0.0013 0.8181
vn 0.5745 -0.0013 0.8185
vn 0.5689 -0.0013 0.8224
vn 0.5757 -0.0020 0.8177
vn 0.5203 -0.0016 0.8540
vn 0.5890 -0.0102 0.8081
vn 0.5470 -0.0092 0.8371
vn 0.6185 -0.0192 0.7856
vn 0.4495 -0.0129 0.8932
vn -0.3738 -0.8891 0.2642
vn -0.3831 -0.8839 0.2682
vn -0.4660 -0.8231 0.3245
vn -0.4860 -0.8035 0.3438
vn -0.5489 -0.7437 0.3816
vn -0.5791 -0.7049 0.4096
vn -0.6157 -0.6608 0.4293
vn -0.6579 -0.5902 0.4678
vn -0.6967 -0.5279 0.4857
vn -0.7250 -0.4621 0.5107
vn -0.7377 -0.4363 0.5152
vn -0.7707 -0.3363 0.5413
vn -0.7731 -0.3299 0.5417
vn -0.7964 -0.2379 0.5560
vn -0.8117 -0.1417 0.5666
vn -0.8013 -0.1987 0.5643
vn -0.8152 -0.0881 0.5725
vn -0.8137 -0.0984 0.5729
vn -0.0000 -1.0000 -0.0001
vn 0.0006 -1.0000 0.0021
vn -0.0005 -1.0000 -0.0009
vn -0.0004 -1.0000 -0.0007
vn 0.0001 -1.0000 0.0001
vn 0.0006 -1.0000 0.0005
vn -0.9958 -0.0914 -0.0000
vn -0.9916 -0.1291 0.0008
vn -0.9611 -0.2762 -0.0005
vn -0.9242 -0.3818 0.0009
vn -0.8923 -0.4514 -0.0003
vn -0.7930 -0.6092 0.0004
vn -0.7969 -0.6041 0.0006
vn -0.6829 -0.7305 -0.0003
vn -0.6090 -0.7932 0.0009
vn -0.5533 -0.8330 -0.0002
vn -0.3865 -0.9223 0.0002
vn -0.4081 -0.9129 0.0008
vn -0.2499 -0.9683 -0.0005
vn -0.0825 -0.9966 0.0012
vn -0.0792 -0.9958 0.0463
vn -0.0813 -0.9952 0.0552
vn -0.2231 -0.9619 0.1580
vn -0.3785 -0.8859 0.2681
vn -0.2324 -0.9560 0.1790
vn -0.0724 -0.9958 0.0558
vn -0.0748 -0.9951 0.0641
vn -0.9114 0.0004 0.4116
vn -0.6327 0.0068 0.7744
vn -0.4285 -0.0020 0.9036
vn -0.1779 0.0021 0.9840
vn 0.1312 -0.0066 0.9913
vn 0.3514 0.0014 0.9362
vn -0.0371 -0.0092 0.9993
vn -0.0260 -0.0111 0.9996
vn -0.4297 0.0405 -0.9021
vn -0.1442 0.1978 -0.9696
vn -0.6375 -0.0606 -0.7681
vn -0.4079 0.0569 -0.9112
vn -0.5887 -0.0219 -0.8080
vn -0.0009 -1.0000 -0.0007
vn -0.8191 -0.0000 0.5736
vn -0.8192 0.0001 0.5736
vn -0.8190 0.0198 0.5735
vn -0.8174 0.0111 0.5759
vn 0.1308 -0.1087 0.9854
vn -0.4284 -0.0060 0.9036
vn -0.0000 0.9966 -0.0825
vn 0.0691 0.9804 -0.1843
vn 0.0289 0.9691 -0.2452
vn 0.0318 0.9155 -0.4011
vn 0.0799 0.8825 -0.4635
vn 0.0083 0.8374 -0.5465
vn 0.3706 0.8964 -0.2430
vn -0.0002 0.9828 -0.1848
vn 0.8780 0.3768 -0.2951
vn -0.9946 -0.0000 -0.1034
vn -0.9287 -0.0312 -0.3694
vn -0.4240 -0.0025 -0.9057
vn -0.4017 -0.0072 -0.9158
vn -0.9476 0.0075 -0.3192
vn -0.9292 -0.0033 -0.3697
vn -0.4240 0.0051 -0.9057
vn -0.3221 0.1621 -0.9327
vn -0.9478 0.0126 -0.3185
vn -0.9126 0.1132 -0.3928
vn -0.4581 0.3230 -0.8281
vn -0.3791 0.4295 -0.8197
vn -0.9160 0.2138 -0.3396
vn -0.0161 0.9635 -0.2671
vn -0.5356 0.5537 -0.6376
vn -0.0098 1.0000 0.0013
vn 0.0913 0.8552 -0.5102
vn 0.5118 0.8485 -0.1347
vn 0.1017 0.3071 -0.9462
vn 0.3689 0.3944 -0.8416
vn 0.2211 0.6097 -0.7611
vn 0.0971 0.5856 -0.8048
vn 0.2888 0.3260 -0.9001
vn 0.5551 0.8052 -0.2085
vn 0.4778 0.6929 -0.5400
vn 0.6172 0.4672 -0.6331
vn 0.5837 0.4221 -0.6936
vn 0.6541 0.4722 -0.5909
vn 0.7936 0.4931 -0.3565
vn 0.6211 0.7436 -0.2474
vn 0.8990 0.4319 -0.0729
vn 0.0606 0.0083 -0.9981
vn 0.1899 0.0174 -0.9817
vn 0.3144 0.0647 -0.9471
vn 0.3685 0.0548 -0.9280
vn 0.6978 0.0816 -0.7117
vn 0.7686 0.1165 -0.6290
vn 0.7838 0.1101 -0.6112
vn 0.9247 0.1037 -0.3664
vn 0.9798 0.1355 -0.1473
vn 0.9748 0.1037 -0.1975
vn 0.4188 -0.0047 -0.9080
vn 0.3152 0.0258 -0.9487
vn 0.7738 -0.0178 -0.6332
vn 0.9188 0.0169 -0.3944
vn 0.9798 -0.0074 -0.1998
vn -0.0031 0.2630 -0.9648
vn 0.0179 0.7877 -0.6159
vn -0.0058 0.9643 -0.2648
vn 0.4269 0.8880 -0.1711
vn 0.0005 1.0000 0.0001
vn 0.6559 0.7317 -0.1856
vn 0.4224 0.8785 -0.2232
vn 0.9611 0.2666 -0.0719
vn 0.9064 0.3706 -0.2028
vn 0.9952 0.0955 -0.0209
vn 0.6557 0.7319 -0.1855
vn 0.9672 0.2343 -0.0979
vn 0.5402 0.7040 -0.4610
vn 0.9612 0.2307 -0.1511
vn 0.9616 0.2301 -0.1497
vn 0.6401 0.6628 -0.3887
vn 0.3368 0.8162 -0.4694
vn 0.4385 0.7957 -0.4179
vn 0.9673 0.1843 -0.1744
vn 0.2428 0.7009 -0.6707
vn 0.9625 0.1663 -0.2141
vn 0.9587 0.1680 -0.2294
vn 0.7290 0.4199 -0.5405
vn 0.2888 0.5498 -0.7838
vn 0.3446 0.5650 -0.7496
vn 0.6871 0.4172 -0.5948
vn 0.2389 0.4522 -0.8593
vn 0.9669 0.1113 -0.2295
vn 0.9641 0.0860 -0.2511
vn 0.9550 0.0793 -0.2859
vn 0.7199 0.2249 -0.6566
vn 0.6975 0.2159 -0.6833
vn 0.3006 0.2874 -0.9094
vn 0.3264 0.3000 -0.8964
vn 0.2371 0.1562 -0.9589
vn 0.9662 0.0231 -0.2568
vn 0.9596 -0.0002 -0.2814
vn 0.7083 -0.0004 -0.7059
vn 0.3103 0.0005 -0.9506
vn 0.0007 0.0851 -0.9964
vn -0.0064 0.2264 -0.9740
vn 0.0005 0.4637 -0.8860
vn 0.0026 0.4166 -0.9091
vn 0.0038 0.6553 -0.7554
vn -0.0102 0.7876 -0.6161
vn 0.0002 1.0000 0.0003
vn -0.0064 0.7362 -0.6768
vn 0.0053 0.7225 -0.6914
vn -0.0054 0.6149 -0.7886
vn 0.0043 0.6019 -0.7986
vn -0.0044 0.4768 -0.8790
vn 0.0033 0.4657 -0.8849
vn -0.0034 0.3258 -0.9454
vn 0.0022 0.3174 -0.9483
vn -0.0023 0.1659 -0.9861
vn 0.0011 0.1608 -0.9870
vn -0.0011 -0.0000 -1.0000
vn -0.0018 0.0053 -1.0000
vn 0.0006 0.0020 -1.0000
vn -0.9814 -0.0007 -0.1922
vn -0.9548 0.0054 0.2973
vn 0.0007 -0.0053 -1.0000
vn -0.0002 0.0132 -0.9999
vn 0.0015 -0.0044 -1.0000
vn -0.0000 0.0002 -1.0000
vn -1.0000 -0.0001 -0.0001
vn -0.0000 1.0000 -0.0001
vn 0.0021 0.9999 0.0103
vn 1.0000 -0.0008 -0.0005
vn 1.0000 0.0006 -0.0008
vn 1.0000 0.0009 -0.0008
vn 1.0000 0.0011 -0.0007
vn 1.0000 0.0014 -0.0006
vn 1.0000 0.0016 -0.0003
vn 0.9999 0.0126 0.0053
vn 0.9999 0.0104 0.0067
vn 0.9999 0.0078 0.0074
vn 1.0000 0.0055 0.0075
vn 1.0000 -0.0073 0.0052
vn 0.9994 -0.0048 0.0333
vn 0.0602 -0.9614 -0.2684
vn -0.0323 -0.9989 -0.0347
vn -0.0000 -0.9966 -0.0827
vn 0.0745 -0.9667 -0.2450
vn 0.0858 -0.9122 -0.4005
vn -0.0061 -0.7353 -0.6777
vn 0.0049 -0.7225 -0.6914
vn -0.0051 -0.6135 -0.7896
vn 0.0038 -0.6019 -0.7986
vn -0.0039 -0.4751 -0.8799
vn 0.0027 -0.4657 -0.8849
vn -0.0028 -0.3237 -0.9462
vn 0.0015 -0.3174 -0.9483
vn -0.0015 -0.1633 -0.9866
vn 0.0002 -0.1608 -0.9870
vn -0.0002 0.0014 -1.0000
vn 0.3195 -0.9397 -0.1222
vn 0.2098 -0.9771 -0.0339
vn 0.6593 -0.7365 -0.1514
vn 0.4536 -0.8782 -0.1515
vn 0.3850 -0.8889 -0.2482
vn 0.2021 -0.9608 -0.1896
vn 0.7057 -0.6878 -0.1702
vn 0.9568 -0.2852 -0.0564
vn 0.9452 -0.3231 -0.0466
vn 0.9672 -0.2343 -0.0978
vn 0.6747 -0.6894 -0.2636
vn 0.7344 -0.5682 -0.3712
vn 0.9611 -0.2316 -0.1504
vn 0.9614 -0.2302 -0.1504
vn 0.6770 -0.5849 -0.4466
vn 0.1696 -0.8895 -0.4242
vn -0.0285 -0.9337 -0.3570
vn 0.3299 -0.7504 -0.5728
vn 0.2431 -0.7008 -0.6707
vn 0.9673 -0.1845 -0.1742
vn 0.9634 -0.1587 -0.2162
vn 0.9604 -0.1711 -0.2198
vn 0.7297 -0.4201 -0.5395
vn 0.2808 -0.5777 -0.7664
vn 0.3240 -0.5425 -0.7751
vn 0.6863 -0.4171 -0.5959
vn 0.2391 -0.4522 -0.8593
vn 0.9669 -0.1115 -0.2294
vn 0.9650 -0.0704 -0.2526
vn 0.9598 -0.0912 -0.2654
vn 0.7208 -0.2253 -0.6555
vn 0.6966 -0.2155 -0.6844
vn 0.2944 -0.3033 -0.9063
vn 0.3181 -0.2848 -0.9043
vn 0.2371 -0.1562 -0.9589
vn 0.9662 -0.0235 -0.2568
vn 0.3096 -0.0000 -0.9509
vn 0.7094 0.0004 -0.7048
vn 0.0672 -0.8451 -0.5304
vn -0.0084 -0.7121 -0.7021
vn -0.0026 -0.2135 -0.9769
vn -0.1159 -0.9922 -0.0449
vn -0.0191 -0.9997 -0.0160
vn 0.0043 -1.0000 -0.0016
vn 0.0003 -1.0000 -0.0023
vn -0.0016 -1.0000 -0.0001
vn 0.0070 -1.0000 -0.0000
vn -0.0000 -0.9999 0.0162
vn -0.0002 -1.0000 0.0007
vn -0.0188 -0.9998 0.0028
vn 0.0619 -0.9981 0.0002
vn -0.0257 0.0138 -0.9996
vn 0.0001 -0.0012 -1.0000
vn -0.0011 0.0041 -1.0000
vn 0.0002 0.0001 -1.0000
vn 0.0002 -0.0000 -1.0000
vn 0.9999 -0.0016 0.0147
vn 1.0000 -0.0001 -0.0001
vn 0.3470 0.0012 0.9379
vn 0.4007 0.0091 0.9162
vn 0.8402 -0.0095 0.5422
vn 0.9262 0.0150 0.3767
vn -0.0024 -0.1991 -0.9800
vn -0.0000 -0.1547 -0.9880
vn 0.0021 -0.4531 -0.8915
vn -0.0014 -0.5453 -0.8382
vn 0.0031 -0.7073 -0.7069
vn -0.0004 -0.8030 -0.5960
vn 0.0009 -0.8916 -0.4527
vn -0.0004 -0.9075 -0.4200
vn 0.0029 -0.9880 -0.1546
vn 0.2733 -0.9515 -0.1410
vn 0.4492 -0.8882 -0.0969
vn 0.6633 -0.3869 -0.6406
vn 0.4697 -0.7935 -0.3870
vn 0.7027 -0.4498 -0.5513
vn 0.4441 -0.7706 -0.4572
vn 0.4103 -0.3961 -0.8215
vn 0.1931 -0.7286 -0.6571
vn 0.2828 -0.4099 -0.8672
vn 0.8777 -0.1425 -0.4576
vn 0.4447 -0.0317 -0.8951
vn 0.4111 -0.0021 -0.9116
vn 0.8742 0.0113 -0.4855
vn 0.8669 0.0070 -0.4985
vn 0.4440 0.0242 -0.8957
vn 0.1957 -0.0210 -0.9804
vn 0.1085 -0.8973 -0.4279
vn 0.0078 -0.8368 -0.5474
vn 0.2291 -0.9608 -0.1559
vn 0.2716 -0.9124 -0.3062
vn 0.2563 -0.9157 -0.3095
vn -0.0000 1.0000 0.0001
vn -0.0041 0.9999 -0.0103
vn 0.0177 0.9997 0.0152
vn 0.0007 1.0000 -0.0001
vn -1.0000 0.0048 0.0019
vn -1.0000 -0.0008 -0.0000
vn -1.0000 -0.0001 -0.0000
vn -0.0000 -0.0001 -1.0000
vn 0.0004 0.0001 -1.0000
vn -0.0000 -0.9889 -0.1483
vn -0.0778 -0.9936 -0.0824
vn 0.0171 -0.9692 -0.2455
vn 0.0120 -0.9157 -0.4018
vn -0.0927 -0.8335 -0.5447
vn -0.0134 -0.8704 -0.4921
vn 0.0060 -0.7356 -0.6774
vn -0.0049 -0.7212 -0.6927
vn 0.0051 -0.6140 -0.7893
vn -0.0039 -0.6007 -0.7994
vn 0.0040 -0.4757 -0.8796
vn -0.0028 -0.4647 -0.8854
vn 0.0029 -0.3243 -0.9459
vn -0.0017 -0.3167 -0.9485
vn 0.0017 -0.1642 -0.9864
vn -0.0005 -0.1604 -0.9871
vn 0.0005 -0.0000 -1.0000
vn 0.0008 0.0004 -1.0000
vn -0.0007 0.1604 -0.9870
vn 0.0020 0.1650 -0.9863
vn -0.0019 0.3167 -0.9485
vn 0.0031 0.3250 -0.9457
vn -0.0030 0.4647 -0.8855
vn 0.0042 0.4762 -0.8793
vn -0.0040 0.6007 -0.7994
vn 0.0052 0.6144 -0.7890
vn -0.0050 0.7212 -0.6927
vn 0.0061 0.7359 -0.6771
vn -0.0188 0.8990 -0.4375
vn -0.1663 0.8256 -0.5392
vn -0.0708 0.9135 -0.4006
vn -0.0708 0.9670 -0.2448
vn -0.0554 0.9613 -0.2699
vn 0.0293 0.9990 -0.0342
vn -0.0000 0.9966 -0.0826
vn -0.0444 0.9985 0.0311
vn -0.1273 0.9879 0.0885
vn -0.1920 0.9720 0.1355
vn -0.2375 0.9569 0.1674
vn -0.4086 0.8680 0.2822
vn -0.5896 -0.7102 0.3848
vn -0.4204 -0.8534 0.3082
vn -0.4159 -0.8690 0.2680
vn -0.2519 -0.9332 0.2564
vn -0.0519 -0.9950 0.0854
vn -0.1067 -0.9898 0.0948
vn -0.8520 0.4022 -0.3352
vn -0.6970 0.2063 -0.6867
vn -0.7521 0.5012 -0.4279
vn -0.7301 0.5108 -0.4540
vn -0.7448 0.6387 -0.1933
vn -0.7246 0.6335 0.2715
vn -0.7306 0.6178 0.2908
vn -0.7662 0.6352 0.0977
vn -0.8108 0.5826 -0.0571
vn -0.7850 0.5233 0.3316
vn -0.8829 0.3023 -0.3592
vn -0.7564 0.0861 -0.6484
vn -0.7207 0.1159 -0.6834
vn -0.8846 0.3006 -0.3565
vn -0.9079 0.4175 -0.0374
vn -0.9261 0.3767 0.0185
vn -0.8493 0.3829 0.3634
vn -0.8433 0.4292 0.3235
vn -0.8865 0.2341 0.3992
vn -0.9159 0.1480 0.3732
vn -0.9904 0.1289 0.0499
vn -0.9887 0.1464 0.0319
vn -0.9085 0.0786 0.4104
vn -0.9429 0.1045 -0.3161
vn -0.9427 0.1051 -0.3167
vn -0.7552 0.0433 -0.6541
vn -0.9333 -0.0776 0.3507
vn -0.9015 -0.1478 0.4067
vn -0.9905 -0.1278 0.0502
vn -0.8864 -0.2341 0.3994
vn -0.9431 -0.1041 -0.3158
vn -0.9888 -0.1457 0.0318
vn -0.7553 -0.0435 -0.6539
vn -0.9425 -0.1054 -0.3171
vn -0.7441 -0.0688 -0.6646
vn -0.9265 -0.3758 0.0189
vn -0.8689 -0.3788 0.3186
vn -0.8324 -0.4305 0.3489
vn -0.7849 -0.5234 0.3317
vn -0.8852 -0.4557 -0.0933
vn -0.8617 -0.3531 -0.3644
vn -0.7490 -0.1418 -0.6472
vn -0.8934 -0.3237 -0.3116
vn -0.7159 -0.6468 0.2629
vn -0.8210 -0.5618 -0.1020
vn -0.7609 -0.6279 -0.1636
vn -0.8089 -0.4513 -0.3768
vn -0.7703 -0.4670 -0.4342
vn -0.7114 -0.2204 -0.6674
vn -0.8218 -0.4064 -0.3994
vn -0.9964 0.0126 -0.0837
vn -0.9944 0.0190 -0.1039
vn -0.9991 0.0227 -0.0360
vn -0.9991 0.0116 -0.0409
vn -0.9894 0.0098 -0.1449
vn -0.9948 0.0202 -0.0999
vn -0.9944 0.0407 -0.0976
vn -0.9594 0.0211 -0.2812
vn -0.9828 0.1045 -0.1520
vn -0.9823 0.0609 -0.1773
vn -0.9701 0.0881 -0.2264
vn -0.9707 0.0265 -0.2388
vn -0.9413 0.0321 -0.3361
vn -0.9258 0.2544 -0.2795
vn -0.9481 0.0366 -0.3159
vn -0.9471 0.1125 -0.3004
vn -0.9444 0.1134 -0.3087
vn -0.9445 0.2108 -0.2520
vn -0.9023 0.0334 -0.4297
vn -0.9011 0.1545 -0.4051
vn -0.9580 0.2267 -0.1756
vn -0.8544 0.0502 -0.5172
vn -0.8876 0.1591 -0.4322
vn -0.8875 0.2984 -0.3511
vn -0.8869 0.3988 -0.2333
vn -0.8863 0.2995 -0.3533
vn -0.8607 0.1790 -0.4765
vn -0.8628 0.0542 -0.5026
vn -0.8733 0.4181 -0.2501
vn -0.7855 0.5851 -0.2014
vn -0.8447 0.3468 -0.4077
vn -0.8447 0.1833 -0.5029
vn -0.8425 0.3483 -0.4110
vn -0.8426 0.4687 -0.2652
vn -0.8769 0.4692 -0.1041
vn -0.7962 0.0493 -0.6030
vn -0.7940 0.2150 -0.5687
vn -0.8082 0.5111 -0.2924
vn -0.8082 0.5804 -0.0995
vn -0.7506 0.0664 -0.6574
vn -0.7634 0.2169 -0.6084
vn -0.7639 0.4179 -0.4918
vn -0.8204 0.3881 -0.4199
vn -0.7767 0.5529 -0.3018
vn -0.7155 0.6889 0.1160
vn -0.6725 0.7364 0.0736
vn -0.6813 0.7182 -0.1415
vn -0.8021 0.0769 -0.5923
vn -0.8020 0.1995 -0.5630
vn -0.7123 0.1981 -0.6734
vn -0.7528 0.4452 -0.4849
vn -0.7656 0.5645 -0.3085
vn -0.8179 0.5552 -0.1511
vn -0.6994 0.6523 0.2922
vn -0.9092 -0.3766 -0.1774
vn -0.9914 -0.1305 -0.0113
vn -0.9491 -0.3045 -0.0811
vn -0.9649 -0.2586 -0.0455
vn -0.5967 -0.7776 -0.1984
vn -0.7891 -0.6049 -0.1066
vn -0.9658 -0.2352 -0.1093
vn -0.9491 -0.2583 -0.1804
vn -0.9649 -0.2274 -0.1313
vn -0.3878 -0.8024 -0.4536
vn -0.2386 -0.7004 -0.6727
vn -0.9658 -0.1836 -0.1831
vn -0.7386 -0.4333 -0.5164
vn -0.9491 -0.1810 -0.2579
vn -0.9649 -0.1688 -0.2011
vn -0.3306 -0.5670 -0.7545
vn -0.3050 -0.5594 -0.7707
vn -0.6806 -0.4304 -0.5929
vn -0.2377 -0.4514 -0.8601
vn -0.9658 -0.1099 -0.2349
vn -0.9491 -0.0819 -0.3043
vn -0.9649 -0.0898 -0.2467
vn -0.7275 -0.2347 -0.6447
vn -0.3223 -0.2998 -0.8979
vn -0.3099 -0.2936 -0.9043
vn -0.6947 -0.2221 -0.6841
vn -0.2373 -0.1558 -0.9589
vn -0.9658 -0.0229 -0.2583
vn -0.3143 -0.0000 -0.9493
vn -0.9490 0.0272 -0.3140
vn -0.9649 -0.0000 -0.2625
vn -0.7117 -0.0000 -0.7024
vn -0.7118 -0.0000 -0.7024
vn -0.2373 0.1558 -0.9589
vn -0.9658 0.0669 -0.2506
vn -0.3066 0.3014 -0.9028
vn -0.3182 0.2928 -0.9017
vn -0.6947 0.2221 -0.6841
vn -0.9490 0.1331 -0.2859
vn -0.9650 0.0897 -0.2466
vn -0.7275 0.2347 -0.6447
vn -0.2377 0.4514 -0.8601
vn -0.9658 0.1487 -0.2126
vn -0.6806 0.4304 -0.5929
vn -0.2993 0.5732 -0.7628
vn -0.3217 0.5562 -0.7662
vn -0.7386 0.4333 -0.5164
vn -0.9489 0.2232 -0.2232
vn -0.9650 0.1686 -0.2009
vn -0.2386 0.7004 -0.6727
vn -0.9657 0.2126 -0.1488
vn -0.2939 0.8594 -0.4183
vn -0.3936 0.8054 -0.4431
vn -0.6155 0.6905 -0.3799
vn -0.9588 0.2459 -0.1420
vn -0.5820 0.7042 -0.4066
vn -0.9658 0.2352 -0.1096
vn -0.9657 0.2507 -0.0671
vn -0.9488 0.3148 -0.0274
vn -0.9896 0.1115 -0.0904
vn -0.9374 0.3417 -0.0669
vn -0.5873 0.8007 -0.1181
vn -0.8226 0.5219 -0.2255
vn -0.6925 0.6925 -0.2024
vn -0.5148 0.8314 -0.2094
vn -0.3524 0.9010 -0.2529
vn -0.3123 0.9194 -0.2393
vn -0.3529 0.9005 -0.2541
vn -0.1119 0.9931 -0.0340
vn -0.1120 0.9937 -0.0002
vn -0.1947 0.9809 0.0037
vn -0.3652 0.9309 -0.0024
vn -0.5261 0.8504 0.0013
vn -0.4890 0.8723 -0.0013
vn -0.7143 0.6998 0.0009
vn -0.7071 0.7071 0.0015
vn -0.8596 0.5110 -0.0006
vn -0.8447 0.5352 0.0010
vn -0.9588 0.2841 -0.0019
vn -0.9395 0.3426 0.0018
vn -0.9955 0.0950 -0.0008
vn -0.9937 0.1120 -0.0000
vn -0.7134 0.6985 -0.0563
vn -0.5626 0.8206 -0.1008
vn -0.8550 0.5083 -0.1034
vn -0.8416 0.5293 -0.1079
vn -0.9491 0.2814 -0.1416
vn -0.9878 0.0950 -0.1232
vn -0.4061 0.9138 0.0014
vn -0.3325 0.9431 -0.0082
vn -0.2559 0.9653 -0.0525
vn -0.7110 0.6437 0.2831
vn -0.5436 0.7803 0.3091
vn -0.3354 0.9421 0.0073
vn -0.6104 0.7844 0.1104
vn -0.6921 0.7032 0.1628
vn -0.5171 0.8548 -0.0442
vn -0.5764 0.8033 0.1499
vn -0.6579 0.7491 0.0774
vn -0.6679 0.7415 0.0644
vn -0.6165 0.7814 -0.0963
vn -0.5726 0.8176 -0.0600
vn -0.8167 0.5725 -0.0731
vn -0.8004 0.5815 -0.1458
vn -0.8560 0.4787 -0.1952
vn -0.8366 0.5312 -0.1339
vn 0.9488 -0.0002 -0.3160
vn 0.9327 0.0012 -0.3607
vn 0.4538 -0.0012 -0.8911
vn 0.4354 -0.0005 -0.9003
vn -0.0001 -1.0000 -0.0000
vn -0.9964 -0.0118 -0.0834
vn -0.9984 -0.0249 -0.0512
vn -0.9984 -0.0189 -0.0533
vn -0.9983 -0.0248 -0.0526
vn -0.9961 -0.0342 -0.0816
vn -0.9962 -0.0117 -0.0859
vn -0.9893 -0.0195 -0.1448
vn -0.9823 -0.0171 -0.1867
vn -0.9820 -0.0673 -0.1768
vn -0.9592 -0.0307 -0.2812
vn -0.9905 -0.0715 -0.1174
vn -0.9789 -0.1253 -0.1617
vn -0.9785 -0.0696 -0.1939
vn -0.9628 -0.1622 -0.2162
vn -0.9593 -0.1723 -0.2239
vn -0.9586 -0.0962 -0.2679
vn -0.9413 -0.0312 -0.3361
vn -0.9472 -0.0359 -0.3185
vn -0.9460 -0.1176 -0.3020
vn -0.9425 -0.2767 -0.1873
vn -0.9055 -0.1447 -0.3990
vn -0.9063 -0.2632 -0.3307
vn -0.9179 -0.2522 -0.3064
vn -0.9216 -0.3316 -0.2015
vn -0.8855 -0.1666 -0.4336
vn -0.8871 -0.0363 -0.4601
vn -0.8539 -0.0546 -0.5176
vn -0.9338 -0.3099 -0.1790
vn -0.8435 -0.3524 -0.4055
vn -0.8441 -0.1837 -0.5037
vn -0.7848 -0.5520 -0.2818
vn -0.8233 -0.0467 -0.5657
vn -0.8212 -0.2027 -0.5335
vn -0.8080 -0.5169 -0.2827
vn -0.8083 -0.3758 -0.4532
vn -0.7507 -0.0608 -0.6579
vn -0.8160 -0.5458 -0.1902
vn -0.7501 -0.2216 -0.6231
vn -0.7451 -0.4376 -0.5034
vn -0.7674 -0.2107 -0.6056
vn -0.7670 -0.0671 -0.6381
vn -0.7848 -0.5460 -0.2932
vn -0.8126 -0.3939 -0.4295
vn -0.6990 -0.6212 -0.3543
vn -0.7312 -0.6573 -0.1823
vn -0.6842 -0.5085 -0.5228
vn -0.7261 -0.2158 -0.6529
vn -0.7227 -0.6788 0.1301
vn -0.7277 -0.5936 -0.3436
vn -0.2644 -0.9591 0.1008
vn -0.4320 -0.8970 -0.0940
vn -0.6051 -0.7832 0.1430
vn -0.3751 -0.9267 0.0234
vn -0.4585 -0.8885 -0.0170
vn -0.6055 -0.7931 -0.0660
vn -0.6530 -0.7512 0.0969
vn -0.6543 -0.7504 0.0939
vn -0.7926 -0.5891 -0.1575
vn -0.6225 -0.7787 -0.0781
vn -0.7949 -0.5878 -0.1504
vn -0.8105 -0.5621 -0.1647
vn -0.8099 -0.5634 -0.1633
vn -0.8987 -0.3922 -0.1964
vn -0.1193 -0.9928 -0.0110
vn -0.0144 -0.9995 -0.0295
vn -0.0011 -1.0000 -0.0002
vn -0.3522 -0.9359 -0.0104
vn -0.1317 -0.9912 -0.0120
vn -0.2374 -0.9701 -0.0507
vn -0.2377 -0.9701 -0.0491
vn -0.2734 -0.9606 -0.0503
vn -0.4170 -0.9048 -0.0862
vn -0.4248 -0.9044 -0.0390
vn -0.4456 -0.8914 -0.0832
vn -0.5953 -0.8007 -0.0679
vn -0.5964 -0.7999 -0.0676
vn -0.5881 -0.8001 -0.1183
vn -0.6167 -0.7797 -0.1085
vn -0.8065 -0.5864 -0.0756
vn -0.8083 -0.5841 -0.0747
vn -0.7971 -0.5850 -0.1495
vn -0.9190 -0.3791 -0.1084
vn -0.8151 -0.5633 -0.1354
vn -0.9675 -0.2399 -0.0802
vn -0.9115 -0.3776 -0.1628
vn -0.9430 -0.2614 -0.2059
vn -0.9928 -0.0447 -0.1114
vn -0.9891 -0.1273 -0.0740
vn -0.9299 -0.2990 -0.2140
vn -0.1305 -0.9914 -0.0000
vn -0.1193 -0.9929 -0.0006
vn -0.3827 -0.9239 -0.0004
vn -0.3523 -0.9359 0.0010
vn -0.6088 -0.7934 0.0013
vn -0.5965 -0.8026 0.0023
vn -0.8090 -0.5877 -0.0007
vn -0.7937 -0.6084 0.0008
vn -0.9244 -0.3815 -0.0001
vn -0.9239 -0.3827 -0.0000
vn -0.9916 -0.1290 -0.0000
vn -0.9914 -0.1305 0.0001
vn -0.1291 -0.9807 -0.1471
vn -0.3755 -0.9065 -0.1928
vn -0.4681 -0.8531 -0.2306
vn -0.4515 -0.7878 -0.4188
vn -0.5466 -0.7252 -0.4187
vn -0.6083 -0.7008 -0.3726
vn -0.5721 -0.7918 -0.2140
vn -0.4747 0.8511 0.2244
vn -0.4577 0.8536 0.2488
vn -0.3599 0.9262 0.1123
vn -0.5493 0.8211 0.1550
vn -0.4882 0.8706 -0.0602
vn -0.1947 0.9809 -0.0040
vn -0.2049 0.9787 -0.0088
vn -0.2408 0.9700 -0.0345
vn -0.2554 0.9652 -0.0556
vn -1.0000 0.0076 0.0001
vn -1.0000 -0.0030 0.0009
vn -1.0000 -0.0034 0.0010
vn -1.0000 -0.0000 -0.0012
vn -0.8862 -0.4370 -0.1535
vn -0.8597 -0.4913 -0.1397
vn -0.7214 -0.6408 0.2626
vn -0.6873 -0.6679 0.2855
vn -0.5379 -0.8254 0.1711
vn -0.0955 -0.9951 0.0248
vn -0.1069 -0.9932 0.0458
vn -0.1259 -0.9920 0.0024
vn -0.1174 -0.9811 -0.1541
vn -0.9992 -0.0407 0.0001
vn -0.0476 -0.9989 -0.0009
vn 0.2393 0.0166 -0.9708
vn 0.3406 0.0046 -0.9402
vn 0.4648 0.0011 -0.8854
vn 0.6632 -0.0025 -0.7485
vn 0.8230 0.0061 -0.5680
vn 0.9347 0.0263 -0.3544
vn 0.9927 -0.0000 -0.1205
vn 0.9041 0.0159 -0.4271
vn -0.0000 -1.0000 -0.0006
vn -0.0000 -1.0000 0.0002
vn -0.9472 -0.0169 -0.3202
vn -0.1634 -0.0233 -0.9863
vn -0.4521 -0.0003 -0.8920
vn -0.9946 -0.0093 -0.1031
vn -0.1636 -0.0143 -0.9864
vn -0.0000 -0.3804 0.9248
vn -0.0001 -0.3803 0.9249
vn -0.0000 -0.3803 0.9249
vn 0.8151 -0.0527 0.5769
vn 0.8987 -0.0000 -0.4386
vn 0.9045 -0.0069 -0.4265
vn 0.9393 0.0043 -0.3430
vn 0.9545 -0.0092 -0.2979
vn 0.9695 0.0046 -0.2452
vn 0.9867 -0.0009 -0.1628
vn 0.9898 -0.0094 -0.1419
vn -0.0227 0.0249 -0.9994
vn 0.1194 -0.0261 -0.9925
vn 0.2252 0.0138 -0.9742
vn 0.3576 -0.0091 -0.9338
vn 0.4524 0.0123 -0.8917
vn 0.5349 -0.0069 -0.8449
vn 0.6521 0.0085 -0.7581
vn 0.6912 -0.0035 -0.7226
vn 0.8107 0.0040 -0.5855
vn 0.8203 -0.0000 -0.5720
vn -0.0996 -0.0018 -0.9950
vn -0.0624 -0.9958 0.0676
vn -0.2024 -0.9591 0.1978
vn -0.0616 -0.9959 0.0655
vn -0.3454 -0.8806 0.3245
vn -0.3389 -0.8901 0.3048
vn -0.1992 -0.9618 0.1879
vn -0.3668 -0.8915 0.2659
vn 0.6367 -0.6006 0.4836
vn 0.2391 -0.8474 0.4741
vn -0.2737 -0.8272 0.4907
vn 0.0886 -0.9033 0.4198
vn 0.6647 -0.6040 0.4397
vn 0.6848 -0.5923 0.4246
vn 0.6515 -0.6602 0.3737
vn 0.1171 -0.9446 0.3066
vn 0.2397 -0.9333 0.2675
vn 0.6957 -0.6430 0.3203
vn 0.6875 -0.6494 0.3250
vn 0.6645 -0.6936 0.2782
vn 0.7264 -0.6447 0.2381
vn 0.6909 -0.6795 0.2469
vn 0.2417 -0.9506 0.1949
vn 0.3729 -0.9153 0.1521
vn 0.4021 -0.9114 0.0878
vn 0.3473 -0.9325 0.0987
vn 0.3556 -0.9313 0.0787
vn 0.3150 -0.9482 0.0416
vn 0.1169 -0.9930 0.0154
vn 0.4403 -0.8978 -0.0083
vn 0.3215 -0.9466 0.0225
vn -0.6498 0.0907 -0.7547
vn -0.5724 0.0833 -0.8157
vn -0.5178 0.0319 -0.8549
vn -0.6212 0.0921 -0.7782
vn -0.5781 0.1098 -0.8086
vn -0.4363 0.0804 -0.8962
vn -0.4956 0.2551 -0.8303
vn -0.1986 0.1621 -0.9666
vn -0.2293 0.1702 -0.9584
vn -0.2925 0.3886 -0.8737
vn -0.2980 0.3873 -0.8725
vn -0.0143 0.1773 -0.9841
vn -0.1274 0.5253 -0.8413
vn 0.0371 0.5918 -0.8052
vn 0.0840 0.5945 -0.7997
vn 0.1842 0.2373 -0.9538
vn 0.2029 0.2334 -0.9510
vn 0.4125 0.2407 -0.8785
vn 0.2440 0.6799 -0.6916
vn 0.4809 0.4938 -0.7245
vn 0.3262 0.6498 -0.6865
vn 0.0268 0.7169 -0.6967
vn 0.4363 0.6821 -0.5869
vn 0.5495 0.2822 -0.7864
vn 0.6173 0.1049 -0.7797
vn 0.3379 0.2852 -0.8969
vn -0.0854 0.3476 -0.9338
vn -0.6239 -0.0000 -0.7815
vn -0.6235 -0.0000 -0.7818
vn -0.4377 -0.0000 -0.8991
vn -0.4339 -0.0003 -0.9010
vn -0.2327 0.0003 -0.9726
vn -0.2225 -0.0005 -0.9749
vn -0.0146 0.0005 -0.9999
vn -0.0000 -0.0006 -1.0000
vn 0.2087 0.0006 -0.9780
vn 0.2225 -0.0005 -0.9749
vn 0.4250 0.0005 -0.9052
vn 0.4339 -0.0003 -0.9010
vn 0.6207 0.0003 -0.7840
vn 0.6235 -0.0000 -0.7818
vn -0.7071 -0.0000 -0.7071
vn -0.7104 -0.0092 -0.7037
vn -0.7046 0.0125 -0.7095
vn -0.6616 0.1000 -0.7432
vn -0.4219 -0.8521 0.3096
vn -0.4039 -0.8364 0.3706
vn -0.4013 -0.8438 0.3564
vn -0.2014 -0.8483 0.4897
vn 0.1538 -0.7575 0.6345
vn 0.4890 -0.4557 0.7438
vn 0.7089 -0.1785 0.6824
vn -0.1675 -0.8655 0.4720
vn -0.2500 -0.8760 0.4124
vn -0.1295 -0.8392 0.5282
vn -0.2040 -0.8564 0.4744
vn 0.1536 -0.7573 0.6348
vn 0.3293 -0.6767 0.6585
vn 0.4913 -0.4581 0.7408
vn 0.3543 -0.7091 0.6096
vn 0.2203 -0.8119 0.5406
vn 0.5934 -0.5176 0.6164
vn 0.7375 -0.2090 0.6422
vn 0.8160 -0.3086 0.4887
vn 0.7259 -0.3590 0.5866
vn 0.7406 -0.2002 0.6414
vn 0.1169 -0.9931 -0.0010
vn 0.1502 -0.9882 -0.0293
vn 0.1361 -0.9883 -0.0695
vn 0.1834 -0.9819 -0.0464
vn 0.1919 -0.9813 0.0153
vn 0.1069 -0.9921 -0.0653
vn 0.4402 -0.8978 -0.0125
vn 0.1109 -0.9889 -0.0986
vn 0.1121 -0.9887 -0.1000
vn 0.1090 -0.9886 -0.1034
vn 0.2499 -0.9297 -0.2706
vn 0.1829 -0.9456 -0.2691
vn 0.2156 -0.9133 -0.3455
vn 0.1612 -0.9472 -0.2772
vn 0.1786 -0.9074 -0.3804
vn 0.0325 -0.9983 -0.0480
vn 0.0487 -0.9941 -0.0972
vn 0.0495 -0.9920 -0.1159
vn 0.1735 -0.8361 -0.5205
vn 0.1713 -0.8501 -0.4980
vn 0.1757 -0.9089 -0.3781
vn 0.0476 -0.9924 -0.1137
vn 0.0536 -0.9869 -0.1521
vn 0.2536 -0.9447 -0.2079
vn 0.2841 -0.8643 -0.4150
vn 0.2603 -0.8957 -0.3605
vn 0.2667 -0.8231 -0.5014
vn 0.2478 -0.7844 -0.5686
vn -0.0002 -1.0000 0.0006
vn 0.0002 -1.0000 -0.0006
vn -0.0000 -1.0000 0.0005
vn 0.3526 -0.8556 -0.3790
vn 0.3116 -0.8804 -0.3574
vn 0.3061 -0.9101 -0.2794
vn 0.3424 -0.9191 -0.1952
vn 0.2929 -0.9164 -0.2727
vn 0.2387 -0.9456 -0.2210
vn 0.2382 -0.9469 -0.2159
vn 0.2469 -0.9478 -0.2018
vn 0.2471 -0.9485 -0.1982
vn 0.2675 -0.9185 -0.2911
vn 0.2570 -0.9457 -0.1991
vn 0.2778 -0.9156 -0.2907
vn 0.3134 -0.8637 -0.3948
vn 0.2565 -0.9483 -0.1871
vn 0.2864 -0.9431 -0.1689
vn 0.2217 -0.9559 -0.1925
vn 0.3077 -0.8655 -0.3952
vn 0.3024 -0.9105 -0.2821
vn 0.2564 -0.9490 -0.1833
vn 0.2561 -0.8881 -0.3817
vn 0.2651 -0.9465 -0.1840
vn 0.2566 -0.9479 -0.1888
vn 0.2594 -0.9141 -0.3118
vn 0.2357 -0.9201 -0.3127
vn 0.2906 -0.9386 -0.1858
vn 0.2290 -0.8910 -0.3920
vn 0.2027 -0.8984 -0.3895
vn 0.3009 -0.9391 -0.1658
vn 0.2605 -0.9275 -0.2683
vn 0.3879 -0.8988 -0.2044
vn 0.3247 -0.8801 -0.3463
vn 0.3461 -0.9254 -0.1546
vn 0.2666 -0.8656 -0.4238
vn 0.2790 -0.8545 -0.4382
vn 0.4688 -0.8756 -0.1167
vn 0.4902 -0.8681 -0.0780
vn 0.4815 -0.8716 -0.0920
vn 0.4902 -0.8679 -0.0805
vn 0.4475 -0.8914 -0.0715
vn 0.5006 -0.8657 -0.0042
vn 0.4995 -0.8663 -0.0065
vn 0.6006 -0.7890 -0.1298
vn 0.5074 -0.8594 -0.0622
vn 0.7014 -0.7049 0.1057
vn 0.6957 -0.7094 0.1132
vn 0.6290 -0.7624 -0.1521
vn 0.6646 -0.7443 -0.0662
vn 0.5952 -0.7994 0.0819
vn 0.6266 -0.7611 0.1677
vn 0.6270 -0.7671 0.1356
vn 0.6912 -0.7164 0.0948
vn 0.7183 -0.6953 0.0253
vn 0.7580 -0.6228 0.1939
vn 0.7605 -0.5804 0.2913
vn 0.7575 -0.5975 0.2629
vn 0.7545 -0.6071 0.2493
vn 0.7991 -0.5859 0.1345
vn 0.7906 -0.6058 0.0894
vn 0.8215 -0.5405 0.1814
vn 0.8208 -0.4693 0.3257
vn 0.8353 -0.3998 0.3774
vn 0.8151 -0.3789 0.4382
vn 0.8247 -0.4033 0.3966
vn 0.8263 -0.4338 0.3593
vn 0.8733 -0.3673 0.3202
vn 0.8743 -0.4323 0.2207
vn 0.8757 -0.4199 0.2385
vn 0.8797 -0.3720 0.2961
vn 0.8812 -0.3304 0.3381
vn 0.8816 -0.2788 0.3808
vn 0.8600 -0.2212 0.4599
vn 0.8817 -0.2317 0.4110
vn 0.8767 -0.1035 0.4697
vn 0.7612 -0.1841 0.6219
vn 0.8300 -0.1669 0.5322
vn 0.8491 0.0221 0.5277
vn 0.0008 1.0000 -0.0029
vn 0.0415 -0.9978 -0.0514
vn -0.0071 -0.9999 0.0104
vn 0.0033 -1.0000 -0.0049
vn -0.0009 -1.0000 0.0003
vn -0.0010 -1.0000 0.0005
vn -0.0011 -1.0000 0.0008
vn -0.0012 -1.0000 0.0012
vn -0.0013 -1.0000 0.0020
vn -0.0021 -1.0000 0.0041
vn -0.0013 -1.0000 0.0035
vn 0.0021 -0.9911 0.1334
vn 0.2772 -0.5463 0.7904
vn -0.1167 0.0364 0.9925
vn -0.6044 0.2074 0.7692
vn -0.7455 -0.1873 0.6397
vn -0.4285 -0.1607 0.8891
vn 0.9962 0.0406 -0.0768
vn 0.9986 0.0337 -0.0404
vn -0.5501 -0.6273 0.5512
vn 0.7895 0.3703 0.4895
vn 0.9284 0.2903 0.2320
vn 0.6991 0.2892 0.6539
vn 0.7148 -0.4433 0.5410
vn 0.6269 -0.5820 0.5180
vn 0.1439 -0.9400 0.3093
vn -0.6298 -0.6158 0.4736
vn 0.4394 0.8979 0.0265
vn 0.2745 -0.7722 0.5731
vn 0.8275 -0.5073 0.2406
vn 0.9197 -0.3618 0.1522
vn 0.8436 -0.5005 0.1943
vn 0.1833 -0.6923 0.6980
vn -0.3957 -0.9000 0.1828
vn 0.7485 -0.5876 0.3073
vn 0.9360 -0.0507 0.3483
vn 0.6986 -0.4543 0.5527
vn 0.9592 -0.0371 0.2803
vn 0.9970 -0.0599 0.0487
vn 0.7114 -0.3321 0.6194
vn 0.9002 0.0598 0.4313
vn 0.9730 -0.2283 0.0330
vn 0.9845 0.1730 -0.0291
vn 0.9929 0.1133 -0.0372
vn 0.9614 0.2550 0.1035
vn 0.9998 0.0126 0.0168
vn -0.4518 -0.6214 0.6401
vn 0.0421 0.9915 -0.1230
vn -0.3532 -0.2100 0.9117
vn -0.7134 -0.0606 0.6982
vn -0.2138 -0.3761 0.9016
vn -0.1623 -0.9261 0.3405
vn -0.3746 -0.1567 0.9139
vn -0.6558 -0.0202 0.7547
vn -0.4006 0.2641 0.8774
vn -0.2707 0.9316 0.2426
vn -0.1847 0.3284 0.9263
vn 0.1593 0.3968 0.9040
vn 0.3866 0.3654 0.8468
vn 0.8167 0.5457 -0.1880
vn 0.0085 -0.9368 0.3497
vn 0.3385 -0.9397 0.0489
vn 0.9410 -0.2477 0.2306
vn 0.4919 -0.2657 0.8291
vn -0.6474 -0.3049 0.6985
vn -0.2703 -0.1375 0.9529
vn 0.1946 -0.9783 -0.0716
vn 0.3200 -0.9224 0.2163
vn -0.5393 0.8340 0.1165
vn 0.6048 0.7912 0.0908
vn -0.8435 0.5314 -0.0789
vn 0.6135 0.7809 0.1174
vn 0.6051 0.7904 0.0958
vn -0.6995 -0.6996 0.1458
vn 0.6799 -0.7151 0.1628
vn -0.8315 0.5556 -0.0002
vn -0.9532 0.2033 0.2239
vn -0.2490 -0.6207 0.7434
vn -0.1322 0.9512 0.2787
vn -0.1914 0.9384 0.2876
vn -0.2424 0.9549 0.1713
vn -0.8401 0.2612 0.4754
vn -0.9539 0.1967 0.2268
vn -0.8968 0.4056 0.1769
vn -0.1972 -0.7727 0.6034
vn 0.1497 -0.7814 0.6058
vn -0.3349 -0.6711 0.6614
vn 0.6806 -0.5791 0.4489
vn -0.6230 0.7821 -0.0104
vn -0.5820 0.8126 0.0315
vn -0.3207 0.8548 0.4080
vn -0.3303 0.8481 0.4143
vn 0.1765 0.8382 0.5161
vn 0.3040 0.3431 0.8887
vn 0.1638 0.9546 0.2489
vn 0.2420 0.9551 0.1710
vn 0.1706 0.9612 0.2166
vn 0.0687 -0.9834 0.1679
vn 0.5250 -0.6555 0.5428
vn 0.1279 -0.6148 0.7782
vn -0.8030 -0.2009 0.5611
vn 0.0002 1.0000 -0.0000
vn 0.0001 1.0000 -0.0000
vn -0.0013 1.0000 -0.0004
vn -0.0001 1.0000 0.0002
vn 0.0003 -1.0000 0.0002
vn 0.0001 1.0000 -0.0001
vn 0.0002 1.0000 -0.0002
vn 0.0001 1.0000 0.0001
vn -0.0011 1.0000 0.0002
vn 0.1120 0.9937 -0.0000
vn 0.1118 0.9937 -0.0000
vn 0.0004 1.0000 0.0001
vn -0.0004 1.0000 0.0010
vn -0.0008 1.0000 -0.0000
vn 0.0011 1.0000 -0.0016
vn 0.8296 -0.0000 0.5583
vn -0.8980 -0.2616 0.3537
vn -0.9495 -0.1210 0.2895
vn -0.0681 -0.9965 0.0476
vn -0.1110 -0.9912 0.0719
vn -0.1983 -0.9700 0.1409
vn -0.2913 -0.9352 0.2015
vn -0.3266 -0.9167 0.2303
vn -0.4278 -0.8534 0.2977
vn -0.4369 -0.8461 0.3054
vn -0.5802 -0.7072 0.4041
vn -0.5580 -0.7373 0.3808
vn -0.6900 -0.5319 0.4910
vn -0.6510 -0.6136 0.4469
vn -0.7514 -0.3900 0.5322
vn -0.7349 -0.4461 0.5108
vn -0.7940 -0.2381 0.5594
vn -0.7884 -0.2751 0.5503
vn -0.8158 -0.0801 0.5727
vn -0.8156 -0.0927 0.5711
vn -0.8165 0.0800 0.5717
vn -0.8108 0.1233 0.5722
vn -0.7966 0.2380 0.5557
vn -0.7739 0.3243 0.5440
vn -0.0000 0.0005 -1.0000
vn -0.0000 0.0004 -1.0000
vn 0.4189 0.0035 -0.9080
vn 0.2126 -0.0115 -0.9771
vn 0.8668 -0.0063 -0.4986
vn 0.9190 0.0004 -0.3943
vn 0.9015 0.0057 -0.4328
vn -0.9197 -0.0005 -0.3926
vn -0.9988 -0.0372 -0.0304
vn -0.9955 -0.0402 0.0858
vn 0.0533 -0.0001 -0.9986
vn -0.4011 -0.0543 -0.9144
vn 0.0173 0.0133 -0.9998
vn 0.0092 0.0165 -0.9998
vn -0.0012 -0.0023 -1.0000
vn 0.0131 0.0016 -0.9999
vn 0.4268 0.0119 -0.9043
vn 0.6720 0.0461 -0.7392
vn 0.9406 -0.0003 -0.3394
vn -0.3214 0.0381 -0.9462
vn -0.4072 -0.0194 -0.9131
vn -0.0077 -0.0499 -0.9987
vn 0.0105 0.9999 0.0067
vn -0.0005 1.0000 0.0016
vn -0.0002 1.0000 0.0017
vn 0.0002 1.0000 0.0017
vn 0.0005 1.0000 0.0016
vn -0.0105 0.9999 0.0067
vn 0.0362 -0.9402 0.3386
vn 0.1027 -0.9450 0.3105
vn 0.1109 -0.9434 0.3126
vn 0.1228 -0.9487 0.2915
vn -0.0362 -0.9402 0.3386
vn -0.1029 -0.9450 0.3104
vn -0.1226 -0.9486 0.2918
vn -0.1109 -0.9434 0.3127
vn -0.1109 -0.9434 0.3126
vn 0.0104 0.9999 0.0067
vn -0.0104 0.9999 0.0067
s 0
usemtl black_spec.031
f 120//1 51//1 105//1
f 51//2 22//2 105//2
f 51//3 120//3 1173//3
f 120//4 112//4 1173//4
f 71//5 79//5 60//5
f 497//6 498//6 62//6
f 13//7 2//7 3//7
f 13//8 12//8 2//8
f 40//9 9//9 8//9
f 39//10 9//10 40//10
f 16//11 20//11 469//11
f 469//12 518//12 16//12
f 14//13 16//13 518//13
f 518//14 517//14 14//14
f 499//15 14//15 517//15
f 53//16 9//16 39//16
f 53//17 1//17 9//17
f 1//18 8//18 9//18
f 3//19 1//19 53//19
f 53//20 55//20 3//20
f 55//21 48//21 3//21
f 17//22 3//22 48//22
f 48//23 47//23 17//23
f 10//24 501//24 528//24
f 521//25 4//25 528//25
f 2//26 528//26 5//26
f 528//27 4//27 5//27
f 528//28 2//28 10//28
f 2//29 11//29 10//29
f 12//30 11//30 2//30
f 5//31 6//31 2//31
f 2//32 1//32 3//32
f 8//33 1//33 2//33
f 2//34 7//34 8//34
f 2//35 6//35 7//35
f 3//36 15//36 13//36
f 15//37 3//37 17//37
f 47//38 19//38 17//38
f 468//39 521//39 522//39
f 468//40 4//40 521//40
f 468//41 5//41 4//41
f 468//42 6//42 5//42
f 468//43 7//43 6//43
f 468//44 8//44 7//44
f 8//45 468//45 40//45
f 501//46 10//46 500//46
f 499//47 500//47 10//47
f 10//48 11//48 499//48
f 14//49 499//49 12//49
f 499//50 11//50 12//50
f 12//51 13//51 14//51
f 16//52 14//52 15//52
f 14//53 13//53 15//53
f 15//54 17//54 16//54
f 20//55 16//55 17//55
f 17//56 19//56 20//56
f 19//57 18//57 67//57
f 20//58 19//58 67//58
f 22//59 23//59 497//59
f 62//60 22//60 497//60
f 24//61 23//61 22//61
f 25//62 24//62 22//62
f 26//63 25//63 22//63
f 26//64 22//64 27//64
f 63//65 28//65 29//65
f 63//65 29//65 30//65
f 63//65 30//65 1173//65
f 63//65 31//65 28//65
f 32//65 28//65 31//65
f 70//66 71//66 60//66
f 70//67 60//67 482//67
f 70//68 482//68 481//68
f 36//69 70//69 481//69
f 69//70 70//70 36//70
f 36//71 37//71 69//71
f 36//72 481//72 38//72
f 37//73 36//73 38//73
f 68//74 69//74 37//74
f 67//75 68//75 37//75
f 37//76 21//76 67//76
f 67//77 21//77 20//77
f 41//78 39//78 40//78
f 40//79 42//79 41//79
f 42//80 43//80 41//80
f 31//81 63//81 44//81
f 44//82 65//82 66//82
f 44//83 66//83 18//83
f 45//84 44//84 18//84
f 19//85 47//85 45//85
f 18//86 19//86 45//86
f 49//87 32//87 35//87
f 50//88 32//88 49//88
f 1173//89 30//89 51//89
f 51//90 50//90 22//90
f 51//91 30//91 29//91
f 51//92 29//92 28//92
f 51//93 28//93 50//93
f 32//94 50//94 28//94
f 22//95 50//95 27//95
f 37//96 473//96 474//96
f 37//97 474//97 21//97
f 472//98 473//98 37//98
f 37//99 38//99 472//99
f 472//100 38//100 481//100
f 469//101 20//101 21//101
f 469//102 21//102 474//102
f 498//103 497//103 493//103
f 497//104 23//104 492//104
f 491//105 492//105 23//105
f 23//106 24//106 491//106
f 490//107 491//107 24//107
f 24//108 25//108 490//108
f 489//109 490//109 25//109
f 25//110 26//110 489//110
f 488//111 489//111 26//111
f 64//112 65//112 44//112
f 27//113 52//113 59//113
f 27//114 56//114 52//114
f 57//115 52//115 56//115
f 43//116 52//116 57//116
f 43//117 42//117 52//117
f 42//118 40//118 52//118
f 468//119 52//119 40//119
f 485//120 52//120 468//120
f 486//121 52//121 485//121
f 487//122 52//122 486//122
f 59//123 52//123 487//123
f 43//124 57//124 41//124
f 41//125 53//125 39//125
f 41//126 55//126 53//126
f 41//127 54//127 55//127
f 48//128 55//128 54//128
f 45//129 48//129 54//129
f 46//130 45//130 54//130
f 46//131 54//131 33//131
f 57//132 54//132 41//132
f 57//133 33//133 54//133
f 487//134 26//134 59//134
f 46//135 33//135 34//135
f 26//136 487//136 488//136
f 49//137 57//137 56//137
f 56//138 27//138 49//138
f 49//139 27//139 50//139
f 57//140 49//140 33//140
f 49//141 35//141 33//141
f 44//142 45//142 46//142
f 44//143 46//143 34//143
f 44//144 34//144 33//144
f 44//145 33//145 58//145
f 58//65 33//65 35//65
f 32//146 58//146 35//146
f 59//147 26//147 27//147
f 45//148 47//148 48//148
f 31//149 58//149 32//149
f 31//150 44//150 58//150
f 64//151 44//151 63//151
f 80//152 81//152 82//152
f 80//153 82//153 83//153
f 84//154 80//154 83//154
f 85//155 81//155 80//155
f 80//156 86//156 85//156
f 85//157 86//157 87//157
f 375//158 85//158 87//158
f 375//159 376//159 85//159
f 87//160 88//160 375//160
f 377//161 375//161 88//161
f 89//162 377//162 88//162
f 89//163 379//163 389//163
f 377//164 89//164 389//164
f 93//165 91//165 92//165
f 94//166 92//166 91//166
f 91//167 95//167 94//167
f 532//168 94//168 95//168
f 95//169 96//169 532//169
f 498//170 532//170 96//170
f 98//171 97//171 62//171
f 62//172 96//172 98//172
f 96//173 62//173 498//173
f 99//174 100//174 101//174
f 97//175 99//175 101//175
f 97//176 101//176 102//176
f 97//177 102//177 103//177
f 97//178 103//178 104//178
f 105//179 97//179 104//179
f 97//180 105//180 62//180
f 62//181 105//181 22//181
f 106//182 90//182 380//182
f 78//183 76//183 60//183
f 79//184 78//184 60//184
f 533//185 1177//185 384//185
f 1178//186 1177//186 533//186
f 533//187 534//187 1178//187
f 72//188 1178//188 534//188
f 534//189 113//189 72//189
f 73//190 72//190 113//190
f 535//191 74//191 73//191
f 113//192 535//192 73//192
f 75//193 74//193 535//193
f 535//194 480//194 75//194
f 75//195 480//195 482//195
f 75//196 482//196 60//196
f 76//197 75//197 60//197
f 1177//198 77//198 384//198
f 77//199 366//199 384//199
f 387//200 85//200 376//200
f 381//201 109//201 387//201
f 114//202 81//202 85//202
f 387//203 114//203 85//203
f 387//204 109//204 108//204
f 387//205 108//205 107//205
f 387//206 107//206 115//206
f 387//207 115//207 116//207
f 114//208 387//208 116//208
f 81//209 114//209 117//209
f 82//210 81//210 117//210
f 1172//211 122//211 118//211
f 1172//212 118//212 119//212
f 111//213 1172//213 119//213
f 122//214 1172//214 1171//214
f 120//215 122//215 1171//215
f 120//216 104//216 103//216
f 120//217 103//217 102//217
f 120//218 102//218 121//218
f 120//219 121//219 122//219
f 105//220 104//220 120//220
f 120//221 1171//221 112//221
f 113//222 534//222 479//222
f 535//223 113//223 479//223
f 94//224 484//224 92//224
f 495//225 484//225 94//225
f 94//226 532//226 495//226
f 93//227 92//227 61//227
f 106//65 379//65 89//65
f 106//228 89//228 88//228
f 380//65 379//65 106//65
f 82//229 133//229 134//229
f 83//230 82//230 134//230
f 134//231 135//231 83//231
f 83//232 135//232 136//232
f 84//233 83//233 136//233
f 136//234 135//234 137//234
f 138//235 136//235 137//235
f 137//236 139//236 138//236
f 139//237 140//237 141//237
f 142//238 141//238 140//238
f 138//239 139//239 141//239
f 138//240 141//240 143//240
f 138//241 143//241 144//241
f 138//242 144//242 145//242
f 146//243 138//243 145//243
f 145//244 147//244 146//244
f 148//245 142//245 140//245
f 140//246 149//246 148//246
f 146//247 147//247 150//247
f 146//248 150//248 151//248
f 152//249 146//249 151//249
f 151//250 153//250 152//250
f 154//251 152//251 153//251
f 153//252 155//252 154//252
f 156//253 154//253 155//253
f 155//254 157//254 156//254
f 156//255 157//255 158//255
f 156//256 158//256 159//256
f 160//257 156//257 159//257
f 159//258 161//258 160//258
f 164//259 165//259 163//259
f 162//260 164//260 163//260
f 160//261 161//261 165//261
f 165//262 164//262 166//262
f 166//263 160//263 165//263
f 164//264 167//264 166//264
f 166//265 167//265 168//265
f 169//266 166//266 168//266
f 168//267 170//267 101//267
f 101//268 170//268 171//268
f 102//269 101//269 171//269
f 153//270 151//270 155//270
f 157//270 155//270 151//270
f 151//270 172//270 157//270
f 173//270 157//270 172//270
f 172//270 174//270 173//270
f 175//270 173//270 174//270
f 174//270 176//270 175//270
f 177//270 175//270 176//270
f 176//270 178//270 177//270
f 179//270 177//270 178//270
f 178//270 390//270 179//270
f 288//270 179//270 390//270
f 180//182 182//182 181//182
f 183//182 181//182 182//182
f 182//182 184//182 183//182
f 185//182 183//182 184//182
f 184//182 186//182 185//182
f 185//182 186//182 187//182
f 188//182 185//182 187//182
f 187//182 392//182 188//182
f 317//182 188//182 392//182
f 165//271 189//271 163//271
f 190//271 163//271 189//271
f 189//272 191//272 190//272
f 192//273 190//273 191//273
f 191//274 193//274 192//274
f 194//274 192//274 193//274
f 193//275 195//275 194//275
f 196//275 194//275 195//275
f 195//276 197//276 196//276
f 198//276 196//276 197//276
f 197//277 199//277 198//277
f 200//278 198//278 199//278
f 199//279 201//279 200//279
f 202//280 200//280 201//280
f 201//281 391//281 202//281
f 315//282 202//282 391//282
f 141//283 203//283 143//283
f 204//283 143//283 203//283
f 203//284 205//284 204//284
f 206//284 204//284 205//284
f 205//285 207//285 206//285
f 208//285 206//285 207//285
f 207//286 209//286 208//286
f 210//286 208//286 209//286
f 209//287 211//287 210//287
f 212//287 210//287 211//287
f 211//288 213//288 212//288
f 214//288 212//288 213//288
f 213//289 215//289 214//289
f 216//289 214//289 215//289
f 215//290 393//290 216//290
f 322//290 216//290 393//290
f 204//291 144//291 143//291
f 206//292 147//292 145//292
f 206//293 145//293 144//293
f 204//294 206//294 144//294
f 206//295 208//295 147//295
f 217//296 151//296 150//296
f 217//297 150//297 147//297
f 147//298 208//298 210//298
f 217//299 147//299 210//299
f 172//300 151//300 217//300
f 210//301 212//301 217//301
f 217//302 212//302 214//302
f 218//303 217//303 214//303
f 218//304 174//304 172//304
f 217//305 218//305 172//305
f 176//306 174//306 218//306
f 214//307 216//307 218//307
f 325//308 178//308 176//308
f 218//309 325//309 176//309
f 218//310 216//310 322//310
f 218//311 322//311 394//311
f 325//312 218//312 394//312
f 178//313 325//313 323//313
f 390//314 178//314 323//314
f 165//315 161//315 189//315
f 191//316 189//316 161//316
f 161//317 159//317 191//317
f 191//318 159//318 219//318
f 193//319 191//319 219//319
f 220//320 195//320 193//320
f 219//321 220//321 193//321
f 158//322 157//322 220//322
f 220//323 219//323 158//323
f 157//324 173//324 220//324
f 197//325 195//325 220//325
f 220//326 173//326 175//326
f 221//327 220//327 175//327
f 221//328 199//328 197//328
f 220//329 221//329 197//329
f 175//330 177//330 221//330
f 201//331 199//331 221//331
f 221//332 177//332 179//332
f 179//333 288//333 221//333
f 221//334 288//334 329//334
f 331//335 221//335 329//335
f 221//336 331//336 201//336
f 201//337 331//337 333//337
f 391//338 201//338 333//338
f 141//339 222//339 203//339
f 205//340 203//340 222//340
f 222//341 223//341 205//341
f 207//342 205//342 223//342
f 223//343 224//343 207//343
f 209//344 207//344 224//344
f 225//345 211//345 209//345
f 224//346 225//346 209//346
f 226//347 181//347 225//347
f 227//348 226//348 225//348
f 228//349 227//349 225//349
f 225//350 224//350 228//350
f 181//351 183//351 225//351
f 213//352 211//352 225//352
f 225//353 183//353 185//353
f 225//354 185//354 188//354
f 225//355 188//355 317//355
f 225//356 317//356 396//356
f 339//357 225//357 396//357
f 339//358 215//358 213//358
f 225//359 339//359 213//359
f 215//360 339//360 341//360
f 393//361 215//361 341//361
f 82//362 117//362 133//362
f 229//362 133//362 117//362
f 117//363 114//363 229//363
f 230//209 229//209 114//209
f 114//364 116//364 230//364
f 231//364 230//364 116//364
f 116//365 115//365 231//365
f 232//365 231//365 115//365
f 115//366 107//366 232//366
f 1174//366 232//366 107//366
f 171//367 233//367 102//367
f 121//367 102//367 233//367
f 233//368 234//368 121//368
f 122//369 121//369 234//369
f 234//370 235//370 122//370
f 118//371 122//371 235//371
f 235//372 236//372 118//372
f 119//372 118//372 236//372
f 236//373 110//373 119//373
f 111//373 119//373 110//373
f 164//374 237//374 167//374
f 233//375 171//375 170//375
f 238//376 168//376 167//376
f 168//377 238//377 170//377
f 170//378 239//378 233//378
f 239//379 170//379 238//379
f 167//380 240//380 238//380
f 240//381 167//381 237//381
f 241//382 238//382 240//382
f 238//383 241//383 239//383
f 234//384 233//384 239//384
f 239//385 242//385 234//385
f 242//386 239//386 241//386
f 237//387 243//387 240//387
f 244//388 241//388 240//388
f 241//389 244//389 242//389
f 235//390 234//390 242//390
f 246//391 242//391 244//391
f 242//392 246//392 235//392
f 243//393 127//393 240//393
f 240//394 245//394 244//394
f 245//395 240//395 127//395
f 236//396 235//396 246//396
f 244//397 131//397 246//397
f 131//398 244//398 245//398
f 132//399 245//399 127//399
f 245//400 132//400 131//400
f 110//401 236//401 246//401
f 131//402 130//402 246//402
f 246//403 130//403 110//403
f 263//404 1169//404 247//404
f 248//405 140//405 139//405
f 248//406 139//406 256//406
f 247//407 248//407 256//407
f 248//408 247//408 1169//408
f 149//409 140//409 248//409
f 1169//410 123//410 248//410
f 249//411 248//411 123//411
f 249//412 250//412 251//412
f 251//413 149//413 248//413
f 252//414 249//414 123//414
f 123//415 124//415 252//415
f 125//416 253//416 252//416
f 124//417 125//417 252//417
f 254//418 253//418 125//418
f 125//419 126//419 254//419
f 254//420 237//420 162//420
f 254//421 126//421 127//421
f 254//422 127//422 243//422
f 237//423 254//423 243//423
f 164//424 162//424 237//424
f 133//425 229//425 134//425
f 255//426 134//426 229//426
f 134//427 255//427 135//427
f 256//428 139//428 137//428
f 137//429 257//429 256//429
f 257//430 137//430 135//430
f 135//431 258//431 257//431
f 258//432 135//432 255//432
f 255//433 259//433 258//433
f 259//434 255//434 229//434
f 229//435 230//435 259//435
f 247//436 256//436 257//436
f 257//437 260//437 247//437
f 260//438 257//438 258//438
f 261//439 258//439 259//439
f 258//440 261//440 260//440
f 262//441 259//441 230//441
f 259//442 262//442 261//442
f 230//443 231//443 262//443
f 263//444 247//444 260//444
f 264//445 260//445 261//445
f 260//446 264//446 263//446
f 265//447 261//447 262//447
f 261//448 265//448 264//448
f 266//449 262//449 231//449
f 262//450 266//450 265//450
f 1165//451 263//451 264//451
f 1165//452 264//452 265//452
f 231//453 232//453 266//453
f 129//454 265//454 266//454
f 265//455 129//455 1165//455
f 232//456 1174//456 266//456
f 128//457 266//457 1174//457
f 266//458 128//458 129//458
f 269//459 251//459 250//459
f 270//460 251//460 269//460
f 269//461 268//461 270//461
f 271//462 270//462 268//462
f 268//463 267//463 271//463
f 271//464 267//464 180//464
f 271//465 180//465 181//465
f 136//182 138//182 146//182
f 136//182 146//182 152//182
f 136//182 152//182 154//182
f 136//182 154//182 156//182
f 136//182 156//182 160//182
f 136//182 160//182 166//182
f 169//182 136//182 166//182
f 169//466 99//466 97//466
f 169//466 97//466 98//466
f 169//466 98//466 96//466
f 169//466 96//466 95//466
f 169//466 95//466 91//466
f 169//466 91//466 93//466
f 93//466 61//466 90//466
f 169//466 93//466 90//466
f 169//466 90//466 106//466
f 169//466 106//466 88//466
f 169//466 88//466 87//466
f 169//466 87//466 86//466
f 169//466 86//466 80//466
f 169//466 80//466 84//466
f 136//466 169//466 84//466
f 100//467 99//467 169//467
f 159//468 158//469 219//470
f 250//471 249//471 252//471
f 252//472 253//472 250//472
f 248//473 249//473 251//473
f 181//474 226//474 271//474
f 251//475 270//475 271//475
f 226//476 251//476 271//476
f 226//477 227//477 251//477
f 227//478 228//478 251//478
f 149//479 251//479 228//479
f 149//480 228//480 224//480
f 149//481 224//481 223//481
f 148//482 149//482 223//482
f 148//483 223//483 222//483
f 142//484 148//484 222//484
f 141//485 142//485 222//485
f 163//486 281//486 287//486
f 287//487 281//487 286//487
f 286//488 281//488 280//488
f 286//489 280//489 285//489
f 285//490 280//490 279//490
f 285//491 279//491 275//491
f 285//492 275//492 274//492
f 276//493 274//493 275//493
f 277//494 274//494 276//494
f 277//495 272//495 274//495
f 274//496 272//496 273//496
f 284//497 272//497 277//497
f 254//498 274//498 253//498
f 272//499 284//499 180//499
f 272//500 180//500 267//500
f 268//501 272//501 267//501
f 272//502 268//502 273//502
f 269//503 273//503 268//503
f 273//504 269//504 274//504
f 269//505 250//505 274//505
f 274//506 254//506 285//506
f 253//507 274//507 250//507
f 285//508 254//508 162//508
f 315//509 395//509 202//509
f 202//510 395//510 335//510
f 278//511 200//511 335//511
f 335//512 200//512 202//512
f 335//513 337//513 278//513
f 278//514 337//514 392//514
f 278//515 392//515 187//515
f 278//516 187//516 282//516
f 278//517 282//517 283//517
f 200//518 278//518 198//518
f 284//519 278//519 283//519
f 278//520 275//520 279//520
f 275//521 278//521 276//521
f 276//522 278//522 277//522
f 277//523 278//523 284//523
f 279//524 196//524 278//524
f 278//525 196//525 198//525
f 196//526 279//526 194//526
f 280//527 194//527 279//527
f 194//528 280//528 192//528
f 281//529 192//529 280//529
f 192//530 281//530 190//530
f 163//531 190//531 281//531
f 184//182 282//182 186//182
f 282//182 184//182 283//182
f 182//182 283//182 184//182
f 283//182 182//182 284//182
f 180//182 284//182 182//182
f 162//532 286//532 285//532
f 286//533 162//533 287//533
f 287//534 162//534 163//534
f 186//182 282//182 187//182
f 101//535 169//535 168//535
f 100//536 169//536 101//536
f 61//182 484//182 90//182
f 61//537 92//537 484//537
f 290//270 288//270 289//270
f 291//270 290//270 289//270
f 294//270 292//270 289//270
f 293//270 295//270 291//270
f 289//538 296//538 294//538
f 347//539 291//539 295//539
f 297//540 294//540 296//540
f 295//541 298//541 347//541
f 296//542 299//542 297//542
f 300//543 347//543 298//543
f 301//270 297//270 299//270
f 298//270 302//270 300//270
f 303//270 300//270 302//270
f 299//270 304//270 301//270
f 302//270 305//270 303//270
f 306//270 301//270 304//270
f 303//270 305//270 307//270
f 308//270 303//270 307//270
f 309//270 310//270 306//270
f 304//270 309//270 306//270
f 311//270 310//270 309//270
f 307//270 311//270 308//270
f 312//270 308//270 311//270
f 313//270 312//270 311//270
f 309//270 313//270 311//270
f 316//544 315//544 314//544
f 320//545 321//545 322//545
f 324//546 296//546 323//546
f 326//547 324//547 325//547
f 326//548 322//548 321//548
f 327//549 326//549 321//549
f 291//270 288//270 290//270
f 288//550 291//550 328//550
f 328//551 330//551 329//551
f 330//552 332//552 331//552
f 332//553 314//553 333//553
f 316//554 334//554 315//554
f 334//555 336//555 335//555
f 336//556 318//556 337//556
f 319//557 338//557 317//557
f 338//558 340//558 339//558
f 340//559 320//559 341//559
f 342//270 305//270 302//270
f 307//270 305//270 342//270
f 311//270 307//270 342//270
f 310//270 311//270 342//270
f 306//270 310//270 342//270
f 301//270 306//270 342//270
f 342//270 297//270 301//270
f 294//270 297//270 342//270
f 292//270 294//270 342//270
f 293//270 292//270 342//270
f 295//270 293//270 342//270
f 298//270 295//270 342//270
f 302//270 298//270 342//270
f 343//560 296//560 324//560
f 324//561 326//561 343//561
f 344//562 343//562 326//562
f 326//563 327//563 344//563
f 328//564 345//564 330//564
f 332//565 330//565 345//565
f 345//566 346//566 332//566
f 332//567 346//567 314//567
f 348//568 299//568 296//568
f 343//569 348//569 296//569
f 344//570 327//570 348//570
f 343//571 344//571 348//571
f 327//572 349//572 348//572
f 304//573 299//573 348//573
f 350//574 348//574 349//574
f 350//575 309//575 304//575
f 348//576 350//576 304//576
f 349//577 351//577 350//577
f 313//578 309//578 350//578
f 350//579 351//579 352//579
f 353//580 350//580 352//580
f 350//581 353//581 313//581
f 312//582 313//582 353//582
f 352//583 354//583 353//583
f 355//584 353//584 354//584
f 353//585 355//585 312//585
f 308//586 312//586 355//586
f 354//587 356//587 355//587
f 357//588 303//588 308//588
f 355//589 357//589 308//589
f 357//590 355//590 356//590
f 300//591 303//591 357//591
f 356//592 314//592 357//592
f 345//593 347//593 300//593
f 357//594 345//594 300//594
f 357//595 314//595 346//595
f 357//596 346//596 345//596
f 328//597 347//597 345//597
f 347//598 328//598 291//598
f 317//182 318//182 319//182
f 319//182 359//182 358//182
f 318//182 359//182 319//182
f 327//599 321//599 320//599
f 314//600 356//600 360//600
f 360//601 316//601 314//601
f 351//602 349//602 361//602
f 361//602 362//602 351//602
f 352//603 351//603 362//603
f 362//603 363//603 352//603
f 363//604 364//604 354//604
f 354//604 352//604 363//604
f 364//605 360//605 356//605
f 356//605 354//605 364//605
f 349//606 327//606 320//606
f 320//606 361//606 349//606
f 340//607 361//607 320//607
f 338//608 361//608 340//608
f 358//609 362//609 361//609
f 358//610 363//610 362//610
f 358//611 359//611 363//611
f 359//612 364//612 363//612
f 360//613 364//613 359//613
f 334//614 316//614 360//614
f 334//615 360//615 336//615
f 289//270 293//270 291//270
f 289//270 292//270 293//270
f 289//616 323//616 296//616
f 338//617 358//617 361//617
f 319//557 358//557 338//557
f 318//618 336//618 359//618
f 336//619 360//619 359//619
f 377//620 378//620 376//620
f 375//621 377//621 376//621
f 388//182 380//182 90//182
f 385//622 533//622 384//622
f 366//623 365//623 384//623
f 387//624 376//624 378//624
f 387//625 386//625 381//625
f 533//626 385//626 537//626
f 537//627 536//627 533//627
f 389//628 379//628 380//628
f 391//629 314//629 315//629
f 392//182 318//182 317//182
f 393//545 320//545 322//545
f 323//630 325//630 324//630
f 325//631 394//631 326//631
f 326//632 394//632 322//632
f 329//633 288//633 328//633
f 331//634 329//634 330//634
f 333//635 331//635 332//635
f 391//636 333//636 314//636
f 334//637 395//637 315//637
f 335//638 395//638 334//638
f 337//639 335//639 336//639
f 392//640 337//640 318//640
f 338//641 396//641 317//641
f 339//642 396//642 338//642
f 341//643 339//643 340//643
f 393//644 341//644 320//644
f 289//270 288//270 390//270
f 390//645 323//645 289//645
f 369//646 371//646 439//646
f 384//647 441//647 440//647
f 385//648 384//648 440//648
f 412//649 406//649 403//649
f 412//650 411//650 406//650
f 447//651 397//651 414//651
f 414//652 397//652 418//652
f 418//653 397//653 417//653
f 417//654 397//654 416//654
f 416//655 397//655 424//655
f 424//656 397//656 445//656
f 417//657 415//657 418//657
f 426//658 405//658 415//658
f 415//659 405//659 404//659
f 406//660 404//660 405//660
f 442//661 404//661 406//661
f 410//662 442//662 406//662
f 442//663 408//663 404//663
f 418//664 415//664 404//664
f 418//665 404//665 408//665
f 423//666 496//666 398//666
f 424//667 496//667 423//667
f 406//668 411//668 410//668
f 388//669 389//669 380//669
f 450//670 389//670 388//670
f 449//671 450//671 388//671
f 448//672 449//672 388//672
f 388//673 445//673 448//673
f 397//674 448//674 445//674
f 496//675 424//675 445//675
f 433//676 451//676 432//676
f 439//677 451//677 433//677
f 433//678 434//678 439//678
f 438//679 439//679 434//679
f 434//680 435//680 438//680
f 435//681 440//681 438//681
f 435//682 436//682 440//682
f 385//683 440//683 436//683
f 541//684 385//684 436//684
f 467//685 546//685 399//685
f 546//686 539//686 399//686
f 465//687 467//687 399//687
f 399//688 428//688 465//688
f 462//689 465//689 428//689
f 428//690 429//690 462//690
f 460//691 462//691 429//691
f 429//692 430//692 460//692
f 457//693 460//693 430//693
f 430//694 431//694 457//694
f 455//695 457//695 431//695
f 431//696 432//696 455//696
f 455//697 432//697 451//697
f 537//698 385//698 541//698
f 542//699 540//699 437//699
f 540//700 542//700 515//700
f 527//701 544//701 540//701
f 427//702 425//702 402//702
f 400//703 402//703 425//703
f 400//704 403//704 402//704
f 400//705 456//705 403//705
f 400//706 458//706 456//706
f 400//707 459//707 458//707
f 461//708 459//708 400//708
f 401//709 400//709 421//709
f 400//710 425//710 421//710
f 400//711 401//711 461//711
f 401//712 463//712 461//712
f 421//713 422//713 401//713
f 464//714 463//714 401//714
f 401//715 540//715 464//715
f 540//716 466//716 464//716
f 540//717 544//717 466//717
f 401//718 437//718 540//718
f 401//719 422//719 437//719
f 402//720 426//720 427//720
f 405//721 426//721 402//721
f 406//722 405//722 402//722
f 402//723 403//723 406//723
f 403//724 456//724 413//724
f 413//725 412//725 403//725
f 409//726 447//726 414//726
f 407//727 414//727 418//727
f 414//728 407//728 409//728
f 418//729 408//729 407//729
f 407//730 443//730 409//730
f 409//731 443//731 383//731
f 386//732 382//732 381//732
f 386//733 387//733 378//733
f 386//734 447//734 409//734
f 386//735 446//735 447//735
f 386//736 378//736 446//736
f 386//737 409//737 382//737
f 409//738 383//738 382//738
f 374//739 444//739 1175//739
f 373//740 1175//740 444//740
f 373//741 442//741 410//741
f 373//742 444//742 442//742
f 410//743 1176//743 373//743
f 410//744 372//744 1176//744
f 410//745 452//745 372//745
f 454//746 452//746 411//746
f 452//747 410//747 411//747
f 411//748 412//748 454//748
f 453//749 454//749 412//749
f 412//750 413//750 453//750
f 456//751 453//751 413//751
f 426//752 415//752 416//752
f 417//753 416//753 415//753
f 420//754 419//754 437//754
f 437//755 422//755 420//755
f 422//755 398//755 420//755
f 422//756 423//756 398//756
f 424//757 423//757 425//757
f 423//758 421//758 425//758
f 423//759 422//759 421//759
f 424//760 425//760 416//760
f 425//761 427//761 416//761
f 426//762 416//762 427//762
f 478//270 430//270 429//270
f 478//270 431//270 430//270
f 432//270 431//270 478//270
f 478//270 433//270 432//270
f 478//270 434//270 433//270
f 478//270 435//270 434//270
f 478//270 436//270 435//270
f 478//270 541//270 436//270
f 542//763 437//763 419//763
f 439//764 371//764 451//764
f 441//765 439//765 438//765
f 438//766 440//766 441//766
f 439//767 441//767 369//767
f 441//768 368//768 369//768
f 367//769 368//769 441//769
f 367//770 441//770 384//770
f 365//771 367//771 384//771
f 444//772 443//772 442//772
f 383//545 443//545 444//545
f 444//545 374//545 383//545
f 445//773 388//773 90//773
f 447//774 448//774 397//774
f 448//775 447//775 446//775
f 448//776 446//776 449//776
f 446//777 450//777 449//777
f 377//778 450//778 446//778
f 450//779 377//779 389//779
f 446//780 378//780 377//780
f 451//781 371//781 455//781
f 372//782 452//782 370//782
f 371//783 370//783 452//783
f 452//784 454//784 371//784
f 454//785 455//785 371//785
f 457//786 455//786 456//786
f 455//787 453//787 456//787
f 455//788 454//788 453//788
f 456//789 458//789 457//789
f 460//790 457//790 458//790
f 458//791 459//791 460//791
f 462//792 460//792 461//792
f 460//793 459//793 461//793
f 461//794 463//794 462//794
f 465//795 462//795 463//795
f 463//796 464//796 465//796
f 467//797 465//797 466//797
f 465//798 464//798 466//798
f 466//799 544//799 467//799
f 546//800 467//800 544//800
f 483//801 445//801 90//801
f 445//802 483//802 496//802
f 492//803 493//803 497//803
f 493//804 494//804 498//804
f 470//805 482//805 475//805
f 481//806 482//806 470//806
f 470//807 471//807 481//807
f 471//808 472//808 481//808
f 480//809 475//809 482//809
f 480//810 476//810 475//810
f 469//270 474//270 478//270
f 478//270 470//270 475//270
f 478//270 471//270 470//270
f 478//270 472//270 471//270
f 478//270 473//270 472//270
f 478//270 474//270 473//270
f 475//270 476//270 478//270
f 476//270 477//270 478//270
f 479//811 478//811 477//811
f 496//812 488//812 487//812
f 496//813 489//813 488//813
f 496//814 490//814 489//814
f 496//815 491//815 490//815
f 496//816 492//816 491//816
f 496//817 493//817 492//817
f 496//818 494//818 493//818
f 496//819 495//819 494//819
f 502//820 503//820 501//820
f 500//821 502//821 501//821
f 504//822 505//822 503//822
f 502//823 504//823 503//823
f 506//824 505//824 504//824
f 507//825 508//825 506//825
f 504//826 507//826 506//826
f 507//827 509//827 508//827
f 496//828 487//828 486//828
f 496//829 486//829 485//829
f 513//830 512//830 511//830
f 511//831 514//831 513//831
f 513//832 514//832 515//832
f 516//833 513//833 515//833
f 523//834 522//834 521//834
f 521//834 524//834 523//834
f 524//835 511//835 523//835
f 512//836 523//836 511//836
f 525//837 505//837 506//837
f 526//838 525//838 506//838
f 526//839 514//839 511//839
f 526//840 511//840 525//840
f 506//841 508//841 526//841
f 526//842 508//842 510//842
f 526//843 527//843 514//843
f 525//844 524//844 521//844
f 528//845 525//845 521//845
f 528//846 501//846 503//846
f 528//847 503//847 505//847
f 528//848 505//848 525//848
f 524//849 525//849 511//849
f 509//850 507//850 529//850
f 502//851 520//851 530//851
f 504//852 502//852 530//852
f 502//853 500//853 520//853
f 519//854 520//854 500//854
f 500//855 499//855 519//855
f 517//856 519//856 499//856
f 485//857 468//857 496//857
f 496//858 468//858 522//858
f 507//859 531//859 529//859
f 504//860 531//860 507//860
f 504//861 530//861 531//861
f 478//270 517//270 518//270
f 478//270 518//270 469//270
f 534//862 533//862 536//862
f 536//863 479//863 534//863
f 479//864 477//864 535//864
f 480//865 535//865 477//865
f 477//866 476//866 480//866
f 494//867 495//867 532//867
f 532//868 498//868 494//868
f 529//869 538//869 509//869
f 546//870 509//870 538//870
f 539//871 546//871 538//871
f 527//872 540//872 515//872
f 527//873 545//873 544//873
f 527//874 510//874 545//874
f 527//875 515//875 514//875
f 527//876 526//876 510//876
f 537//270 541//270 478//270
f 536//270 537//270 478//270
f 478//877 479//877 536//877
f 419//878 543//878 542//878
f 515//879 542//879 543//879
f 543//880 516//880 515//880
f 545//881 546//881 544//881
f 509//882 546//882 510//882
f 546//883 545//883 510//883
f 509//884 510//884 508//884
f 483//182 90//182 484//182
f 483//182 484//182 495//182
f 483//885 495//885 496//885
f 653//1 595//1 642//1
f 595//886 567//886 642//886
f 595//887 653//887 1198//887
f 608//5 616//5 604//5
f 1025//6 1026//6 606//6
f 559//7 548//7 549//7
f 559//888 558//888 548//888
f 583//9 555//9 554//9
f 582//10 555//10 583//10
f 562//889 565//889 997//889
f 997//12 1045//12 562//12
f 560//13 562//13 1045//13
f 1045//14 3476//14 560//14
f 1027//15 560//15 3476//15
f 597//890 555//890 582//890
f 597//17 547//17 555//17
f 547//18 554//18 555//18
f 549//891 547//891 597//891
f 597//892 599//892 549//892
f 599//893 591//893 549//893
f 563//22 549//22 591//22
f 591//894 590//894 563//894
f 556//24 1029//24 1054//24
f 1047//25 550//25 1054//25
f 548//26 1054//26 551//26
f 1054//27 550//27 551//27
f 1054//28 548//28 556//28
f 548//29 557//29 556//29
f 558//895 557//895 548//895
f 551//896 552//896 548//896
f 548//32 547//32 549//32
f 554//33 547//33 548//33
f 548//34 553//34 554//34
f 548//35 552//35 553//35
f 549//36 561//36 559//36
f 561//897 549//897 563//897
f 590//38 564//38 563//38
f 996//39 1047//39 1048//39
f 996//40 550//40 1047//40
f 996//41 551//41 550//41
f 996//42 552//42 551//42
f 996//43 553//43 552//43
f 996//44 554//44 553//44
f 554//45 996//45 583//45
f 1029//46 556//46 1028//46
f 1027//47 1028//47 556//47
f 556//48 557//48 1027//48
f 560//49 1027//49 558//49
f 1027//50 557//50 558//50
f 558//898 559//898 560//898
f 562//52 560//52 561//52
f 560//899 559//899 561//899
f 561//54 563//54 562//54
f 565//900 562//900 563//900
f 563//901 564//901 565//901
f 564//57 1210//57 1211//57
f 565//58 564//58 1211//58
f 567//59 568//59 1025//59
f 606//60 567//60 1025//60
f 569//61 568//61 567//61
f 570//62 569//62 567//62
f 571//902 570//902 567//902
f 571//64 567//64 572//64
f 1206//65 573//65 574//65
f 1206//65 574//65 575//65
f 1206//903 575//903 1198//903
f 1206//65 576//65 573//65
f 577//65 573//65 576//65
f 607//66 608//66 604//66
f 607//67 604//67 1010//67
f 607//68 1010//68 1009//68
f 579//69 607//69 1009//69
f 1213//70 607//70 579//70
f 579//71 580//71 1213//71
f 579//72 1009//72 581//72
f 580//73 579//73 581//73
f 1212//904 1213//904 580//904
f 1211//75 1212//75 580//75
f 580//76 566//76 1211//76
f 1211//77 566//77 565//77
f 584//78 582//78 583//78
f 583//79 585//79 584//79
f 585//80 586//80 584//80
f 576//81 1206//81 587//81
f 587//82 1208//82 1209//82
f 587//83 1209//83 1210//83
f 588//84 587//84 1210//84
f 564//905 590//905 588//905
f 1210//86 564//86 588//86
f 592//906 593//906 577//906
f 594//907 577//907 593//907
f 1198//908 575//908 595//908
f 595//90 594//90 567//90
f 595//91 575//91 574//91
f 595//909 574//909 573//909
f 595//910 573//910 594//910
f 577//911 594//911 573//911
f 567//95 594//95 572//95
f 580//96 1001//96 1002//96
f 580//97 1002//97 566//97
f 1000//98 1001//98 580//98
f 580//99 581//99 1000//99
f 1000//100 581//100 1009//100
f 997//101 565//101 566//101
f 997//102 566//102 1002//102
f 1026//103 1025//103 1021//103
f 1025//104 568//104 1020//104
f 1019//105 1020//105 568//105
f 568//106 569//106 1019//106
f 1018//107 1019//107 569//107
f 569//912 570//912 1018//912
f 1017//109 1018//109 570//109
f 570//110 571//110 1017//110
f 1016//111 1017//111 571//111
f 1207//112 1208//112 587//112
f 572//913 596//913 603//913
f 572//114 600//114 596//114
f 601//115 596//115 600//115
f 586//116 596//116 601//116
f 586//117 585//117 596//117
f 585//118 583//118 596//118
f 996//119 596//119 583//119
f 1013//120 596//120 996//120
f 1014//121 596//121 1013//121
f 1015//122 596//122 1014//122
f 603//123 596//123 1015//123
f 586//124 601//124 584//124
f 584//125 597//125 582//125
f 584//126 599//126 597//126
f 584//127 598//127 599//127
f 591//128 599//128 598//128
f 588//129 591//129 598//129
f 589//130 588//130 598//130
f 589//914 598//914 578//914
f 601//915 598//915 584//915
f 601//133 578//133 598//133
f 1015//134 571//134 603//134
f 571//136 1015//136 1016//136
f 593//137 601//137 600//137
f 600//138 572//138 593//138
f 593//139 572//139 594//139
f 601//140 593//140 578//140
f 593//141 592//141 578//141
f 587//142 588//142 589//142
f 587//916 589//916 578//916
f 587//145 578//145 602//145
f 602//65 578//65 592//65
f 602//917 592//917 577//917
f 603//147 571//147 572//147
f 588//148 590//148 591//148
f 576//918 602//918 577//918
f 576//150 587//150 602//150
f 1207//919 587//919 1206//919
f 617//152 618//152 619//152
f 617//153 619//153 620//153
f 621//154 617//154 620//154
f 622//155 618//155 617//155
f 617//156 623//156 622//156
f 622//157 623//157 624//157
f 904//158 622//158 624//158
f 904//159 905//159 622//159
f 624//160 625//160 904//160
f 906//161 904//161 625//161
f 626//162 906//162 625//162
f 626//163 908//163 918//163
f 906//164 626//164 918//164
f 630//165 628//165 629//165
f 631//166 629//166 628//166
f 628//167 632//167 631//167
f 1058//168 631//168 632//168
f 632//920 633//920 1058//920
f 1026//921 1058//921 633//921
f 635//171 634//171 606//171
f 606//172 633//172 635//172
f 633//922 606//922 1026//922
f 636//174 637//174 638//174
f 634//923 636//923 638//923
f 634//924 638//924 639//924
f 634//177 639//177 640//177
f 634//178 640//178 641//178
f 642//179 634//179 641//179
f 634//180 642//180 606//180
f 606//181 642//181 567//181
f 643//182 627//182 909//182
f 615//183 613//183 604//183
f 616//184 615//184 604//184
f 1059//185 1215//185 913//185
f 609//186 1215//186 1059//186
f 1059//187 1060//187 609//187
f 610//188 609//188 1060//188
f 1060//189 645//189 610//189
f 1216//190 610//190 645//190
f 1061//191 611//191 1216//191
f 645//192 1061//192 1216//192
f 612//193 611//193 1061//193
f 1061//194 1008//194 612//194
f 612//195 1008//195 1010//195
f 612//196 1010//196 604//196
f 613//197 612//197 604//197
f 1215//198 614//198 913//198
f 614//199 894//199 913//199
f 916//200 622//200 905//200
f 910//201 644//201 916//201
f 646//925 618//925 622//925
f 916//926 646//926 622//926
f 916//204 644//204 1203//204
f 916//205 1203//205 1204//205
f 916//927 1204//927 647//927
f 916//207 647//207 648//207
f 646//928 916//928 648//928
f 618//929 646//929 649//929
f 618//209 649//209 650//209
f 619//210 618//210 650//210
f 1200//211 655//211 651//211
f 1200//930 651//930 652//930
f 1201//213 1200//213 652//213
f 655//214 1200//214 1199//214
f 653//215 655//215 1199//215
f 653//216 641//216 640//216
f 653//217 640//217 639//217
f 653//218 639//218 654//218
f 653//219 654//219 655//219
f 642//220 641//220 653//220
f 653//221 1199//221 1198//221
f 645//222 1060//222 1007//222
f 1061//223 645//223 1007//223
f 631//224 1012//224 629//224
f 1023//225 1012//225 631//225
f 631//226 1058//226 1023//226
f 630//227 629//227 605//227
f 643//65 908//65 626//65
f 643//228 626//228 625//228
f 909//65 908//65 643//65
f 619//229 662//229 663//229
f 620//230 619//230 663//230
f 663//231 664//231 620//231
f 620//232 664//232 665//232
f 621//233 620//233 665//233
f 665//234 664//234 666//234
f 667//235 665//235 666//235
f 666//236 668//236 667//236
f 668//237 669//237 670//237
f 671//931 670//931 669//931
f 667//239 668//239 670//239
f 667//240 670//240 672//240
f 667//241 672//241 673//241
f 667//242 673//242 674//242
f 675//243 667//243 674//243
f 674//244 676//244 675//244
f 677//245 671//245 669//245
f 669//246 678//246 677//246
f 675//932 676//932 679//932
f 675//248 679//248 680//248
f 681//249 675//249 680//249
f 680//250 682//250 681//250
f 683//251 681//251 682//251
f 682//252 684//252 683//252
f 685//253 683//253 684//253
f 684//254 686//254 685//254
f 685//255 686//255 687//255
f 685//256 687//256 688//256
f 689//257 685//257 688//257
f 688//258 690//258 689//258
f 693//259 694//259 692//259
f 691//260 693//260 692//260
f 689//261 690//261 694//261
f 694//262 693//262 695//262
f 695//263 689//263 694//263
f 693//264 696//264 695//264
f 695//265 696//265 697//265
f 698//933 695//933 697//933
f 697//267 699//267 638//267
f 638//268 699//268 700//268
f 639//269 638//269 700//269
f 682//270 680//270 684//270
f 686//270 684//270 680//270
f 680//270 701//270 686//270
f 702//270 686//270 701//270
f 701//270 703//270 702//270
f 704//270 702//270 703//270
f 703//270 705//270 704//270
f 706//270 704//270 705//270
f 705//270 707//270 706//270
f 708//270 706//270 707//270
f 707//270 919//270 708//270
f 816//270 708//270 919//270
f 709//182 711//182 710//182
f 712//182 710//182 711//182
f 711//182 713//182 712//182
f 714//182 712//182 713//182
f 713//182 715//182 714//182
f 714//182 715//182 716//182
f 717//182 714//182 716//182
f 716//182 921//182 717//182
f 845//182 717//182 921//182
f 694//934 718//934 692//934
f 719//271 692//271 718//271
f 718//272 720//272 719//272
f 721//273 719//273 720//273
f 720//274 722//274 721//274
f 723//274 721//274 722//274
f 722//275 724//275 723//275
f 725//275 723//275 724//275
f 724//276 726//276 725//276
f 727//276 725//276 726//276
f 726//277 728//277 727//277
f 729//278 727//278 728//278
f 728//279 730//279 729//279
f 731//935 729//935 730//935
f 730//281 920//281 731//281
f 843//281 731//281 920//281
f 670//283 732//283 672//283
f 733//283 672//283 732//283
f 732//284 734//284 733//284
f 735//284 733//284 734//284
f 734//285 736//285 735//285
f 737//285 735//285 736//285
f 736//286 738//286 737//286
f 739//286 737//286 738//286
f 738//287 740//287 739//287
f 741//287 739//287 740//287
f 740//288 742//288 741//288
f 743//288 741//288 742//288
f 742//289 744//289 743//289
f 745//289 743//289 744//289
f 744//290 922//290 745//290
f 850//290 745//290 922//290
f 733//291 673//291 672//291
f 735//292 676//292 674//292
f 735//293 674//293 673//293
f 733//294 735//294 673//294
f 735//295 737//295 676//295
f 746//296 680//296 679//296
f 746//297 679//297 676//297
f 676//298 737//298 739//298
f 746//299 676//299 739//299
f 701//300 680//300 746//300
f 739//936 741//936 746//936
f 746//302 741//302 743//302
f 747//303 746//303 743//303
f 747//304 703//304 701//304
f 746//305 747//305 701//305
f 705//306 703//306 747//306
f 743//307 745//307 747//307
f 853//308 707//308 705//308
f 747//309 853//309 705//309
f 747//310 745//310 850//310
f 747//311 850//311 923//311
f 853//937 747//937 923//937
f 707//938 853//938 851//938
f 919//314 707//314 851//314
f 694//315 690//315 718//315
f 720//316 718//316 690//316
f 690//317 688//317 720//317
f 720//318 688//318 748//318
f 722//319 720//319 748//319
f 749//320 724//320 722//320
f 748//321 749//321 722//321
f 687//322 686//322 749//322
f 749//323 748//323 687//323
f 686//324 702//324 749//324
f 726//325 724//325 749//325
f 749//326 702//326 704//326
f 750//327 749//327 704//327
f 750//328 728//328 726//328
f 749//329 750//329 726//329
f 704//330 706//330 750//330
f 730//331 728//331 750//331
f 750//332 706//332 708//332
f 708//333 816//333 750//333
f 750//334 816//334 857//334
f 859//335 750//335 857//335
f 750//336 859//336 730//336
f 730//337 859//337 861//337
f 920//338 730//338 861//338
f 670//339 751//339 732//339
f 734//340 732//340 751//340
f 751//341 752//341 734//341
f 736//342 734//342 752//342
f 752//343 753//343 736//343
f 738//939 736//939 753//939
f 754//345 740//345 738//345
f 753//346 754//346 738//346
f 755//347 710//347 754//347
f 756//348 755//348 754//348
f 757//349 756//349 754//349
f 754//350 753//350 757//350
f 710//940 712//940 754//940
f 742//352 740//352 754//352
f 754//353 712//353 714//353
f 754//354 714//354 717//354
f 754//355 717//355 845//355
f 754//356 845//356 925//356
f 867//357 754//357 925//357
f 867//358 744//358 742//358
f 754//359 867//359 742//359
f 744//360 867//360 869//360
f 922//361 744//361 869//361
f 619//362 650//362 662//362
f 758//362 662//362 650//362
f 650//363 649//363 758//363
f 759//209 758//209 649//209
f 649//364 648//364 759//364
f 760//364 759//364 648//364
f 648//365 647//365 760//365
f 761//365 760//365 647//365
f 647//366 1204//366 761//366
f 1205//941 761//941 1204//941
f 700//367 762//367 639//367
f 654//367 639//367 762//367
f 762//368 763//368 654//368
f 655//369 654//369 763//369
f 763//370 764//370 655//370
f 651//371 655//371 764//371
f 764//372 765//372 651//372
f 652//372 651//372 765//372
f 765//373 1202//373 652//373
f 1201//373 652//373 1202//373
f 693//374 766//374 696//374
f 762//375 700//375 699//375
f 767//376 697//376 696//376
f 697//942 767//942 699//942
f 699//378 768//378 762//378
f 768//379 699//379 767//379
f 696//380 769//380 767//380
f 769//381 696//381 766//381
f 770//382 767//382 769//382
f 767//943 770//943 768//943
f 763//384 762//384 768//384
f 768//385 771//385 763//385
f 771//386 768//386 770//386
f 766//387 772//387 769//387
f 773//388 770//388 769//388
f 770//389 773//389 771//389
f 764//390 763//390 771//390
f 775//391 771//391 773//391
f 771//392 775//392 764//392
f 772//393 657//393 769//393
f 769//394 774//394 773//394
f 774//395 769//395 657//395
f 657//944 661//944 774//944
f 765//396 764//396 775//396
f 773//397 659//397 775//397
f 659//398 773//398 774//398
f 660//945 774//945 661//945
f 774//400 660//400 659//400
f 1202//401 765//401 775//401
f 659//946 658//946 775//946
f 775//947 658//947 1202//947
f 1179//404 1196//404 776//404
f 777//405 669//405 668//405
f 777//948 668//948 785//948
f 776//407 777//407 785//407
f 777//408 776//408 1196//408
f 678//409 669//409 777//409
f 1196//949 1195//949 777//949
f 778//411 777//411 1195//411
f 778//412 779//412 780//412
f 780//413 678//413 777//413
f 781//950 778//950 1195//950
f 1195//415 1194//415 781//415
f 1193//416 782//416 781//416
f 1194//417 1193//417 781//417
f 783//418 782//418 1193//418
f 1193//419 656//419 783//419
f 783//420 766//420 691//420
f 783//421 656//421 657//421
f 783//422 657//422 772//422
f 766//423 783//423 772//423
f 693//424 691//424 766//424
f 662//425 758//425 663//425
f 784//951 663//951 758//951
f 663//427 784//427 664//427
f 785//952 668//952 666//952
f 666//429 786//429 785//429
f 786//430 666//430 664//430
f 664//431 787//431 786//431
f 787//432 664//432 784//432
f 784//433 788//433 787//433
f 788//953 784//953 758//953
f 758//954 759//954 788//954
f 776//436 785//436 786//436
f 786//437 789//437 776//437
f 789//438 786//438 787//438
f 790//955 787//955 788//955
f 787//440 790//440 789//440
f 791//441 788//441 759//441
f 788//442 791//442 790//442
f 759//956 760//956 791//956
f 1179//444 776//444 789//444
f 792//957 789//957 790//957
f 789//958 792//958 1179//958
f 793//447 790//447 791//447
f 790//448 793//448 792//448
f 794//449 791//449 760//449
f 791//450 794//450 793//450
f 1186//959 1179//959 792//959
f 1186//960 792//960 793//960
f 760//453 761//453 794//453
f 1189//961 793//961 794//961
f 793//455 1189//455 1186//455
f 761//456 1205//456 794//456
f 1191//457 794//457 1205//457
f 794//962 1191//962 1189//962
f 797//459 780//459 779//459
f 798//460 780//460 797//460
f 797//461 796//461 798//461
f 799//462 798//462 796//462
f 796//463 795//463 799//463
f 799//464 795//464 709//464
f 799//465 709//465 710//465
f 665//182 667//182 675//182
f 665//182 675//182 681//182
f 665//182 681//182 683//182
f 665//182 683//182 685//182
f 665//182 685//182 689//182
f 665//182 689//182 695//182
f 698//182 665//182 695//182
f 698//466 636//466 634//466
f 698//466 634//466 635//466
f 698//466 635//466 633//466
f 698//466 633//466 632//466
f 698//466 632//466 628//466
f 698//466 628//466 630//466
f 630//466 605//466 627//466
f 698//466 630//466 627//466
f 698//466 627//466 643//466
f 698//466 643//466 625//466
f 698//466 625//466 624//466
f 698//466 624//466 623//466
f 698//466 623//466 617//466
f 698//466 617//466 621//466
f 665//466 698//466 621//466
f 637//466 636//466 698//466
f 646//270 648//270 649//270
f 688//468 687//963 748//468
f 779//471 778//471 781//471
f 781//472 782//472 779//472
f 777//473 778//473 780//473
f 710//474 755//474 799//474
f 780//964 798//964 799//964
f 755//476 780//476 799//476
f 755//477 756//477 780//477
f 756//965 757//965 780//965
f 678//966 780//966 757//966
f 678//480 757//480 753//480
f 678//481 753//481 752//481
f 677//482 678//482 752//482
f 677//483 752//483 751//483
f 671//484 677//484 751//484
f 670//485 671//485 751//485
f 692//486 809//486 815//486
f 815//487 809//487 814//487
f 814//488 809//488 808//488
f 814//489 808//489 813//489
f 813//490 808//490 807//490
f 813//491 807//491 803//491
f 813//967 803//967 802//967
f 804//968 802//968 803//968
f 805//494 802//494 804//494
f 805//495 800//495 802//495
f 802//496 800//496 801//496
f 812//497 800//497 805//497
f 783//498 802//498 782//498
f 800//969 812//969 709//969
f 800//500 709//500 795//500
f 796//501 800//501 795//501
f 800//502 796//502 801//502
f 797//503 801//503 796//503
f 801//504 797//504 802//504
f 797//505 779//505 802//505
f 802//970 783//970 813//970
f 782//507 802//507 779//507
f 813//971 783//971 691//971
f 843//972 924//972 731//972
f 731//973 924//973 863//973
f 806//511 729//511 863//511
f 863//974 729//974 731//974
f 863//513 865//513 806//513
f 806//514 865//514 921//514
f 806//975 921//975 716//975
f 806//976 716//976 810//976
f 806//517 810//517 811//517
f 729//518 806//518 727//518
f 812//519 806//519 811//519
f 806//520 803//520 807//520
f 803//521 806//521 804//521
f 804//977 806//977 805//977
f 805//523 806//523 812//523
f 807//524 725//524 806//524
f 806//525 725//525 727//525
f 725//526 807//526 723//526
f 808//527 723//527 807//527
f 723//528 808//528 721//528
f 809//529 721//529 808//529
f 721//530 809//530 719//530
f 692//531 719//531 809//531
f 713//182 810//182 715//182
f 810//182 713//182 811//182
f 711//182 811//182 713//182
f 811//182 711//182 812//182
f 709//182 812//182 711//182
f 691//532 814//532 813//532
f 814//533 691//533 815//533
f 815//534 691//534 692//534
f 715//182 810//182 716//182
f 638//978 698//978 697//978
f 637//536 698//536 638//536
f 605//182 1012//182 627//182
f 605//979 629//979 1012//979
f 818//270 816//270 817//270
f 819//270 818//270 817//270
f 822//270 820//270 817//270
f 821//270 823//270 819//270
f 817//538 824//538 822//538
f 875//539 819//539 823//539
f 825//540 822//540 824//540
f 823//541 826//541 875//541
f 824//542 827//542 825//542
f 828//543 875//543 826//543
f 829//270 825//270 827//270
f 826//270 830//270 828//270
f 831//270 828//270 830//270
f 827//270 832//270 829//270
f 830//270 833//270 831//270
f 834//270 829//270 832//270
f 831//270 833//270 835//270
f 836//270 831//270 835//270
f 837//270 838//270 834//270
f 832//270 837//270 834//270
f 839//270 838//270 837//270
f 835//270 839//270 836//270
f 840//270 836//270 839//270
f 841//270 840//270 839//270
f 837//270 841//270 839//270
f 844//544 843//544 842//544
f 848//545 849//545 850//545
f 852//546 824//546 851//546
f 854//547 852//547 853//547
f 854//548 850//548 849//548
f 855//549 854//549 849//549
f 819//270 816//270 818//270
f 816//550 819//550 856//550
f 856//551 858//551 857//551
f 858//552 860//552 859//552
f 860//553 842//553 861//553
f 844//554 862//554 843//554
f 862//555 864//555 863//555
f 864//556 846//556 865//556
f 847//557 866//557 845//557
f 866//558 868//558 867//558
f 868//559 848//559 869//559
f 870//270 833//270 830//270
f 835//270 833//270 870//270
f 839//270 835//270 870//270
f 838//270 839//270 870//270
f 834//270 838//270 870//270
f 829//270 834//270 870//270
f 870//270 825//270 829//270
f 822//270 825//270 870//270
f 820//270 822//270 870//270
f 821//270 820//270 870//270
f 823//270 821//270 870//270
f 826//270 823//270 870//270
f 830//270 826//270 870//270
f 871//560 824//560 852//560
f 852//561 854//561 871//561
f 872//980 871//980 854//980
f 854//981 855//981 872//981
f 856//982 873//982 858//982
f 860//983 858//983 873//983
f 873//566 874//566 860//566
f 860//567 874//567 842//567
f 876//568 827//568 824//568
f 871//569 876//569 824//569
f 872//570 855//570 876//570
f 871//571 872//571 876//571
f 855//572 877//572 876//572
f 832//573 827//573 876//573
f 878//574 876//574 877//574
f 878//575 837//575 832//575
f 876//576 878//576 832//576
f 877//577 879//577 878//577
f 841//578 837//578 878//578
f 878//579 879//579 880//579
f 881//580 878//580 880//580
f 878//581 881//581 841//581
f 840//582 841//582 881//582
f 880//583 882//583 881//583
f 883//584 881//584 882//584
f 881//585 883//585 840//585
f 836//586 840//586 883//586
f 882//587 884//587 883//587
f 885//588 831//588 836//588
f 883//589 885//589 836//589
f 885//590 883//590 884//590
f 828//591 831//591 885//591
f 884//592 842//592 885//592
f 873//593 875//593 828//593
f 885//594 873//594 828//594
f 885//595 842//595 874//595
f 885//984 874//984 873//984
f 856//985 875//985 873//985
f 875//598 856//598 819//598
f 845//182 846//182 847//182
f 847//182 887//182 886//182
f 846//182 887//182 847//182
f 855//599 849//599 848//599
f 842//986 884//986 888//986
f 888//601 844//601 842//601
f 879//602 877//602 889//602
f 889//602 890//602 879//602
f 880//603 879//603 890//603
f 890//603 891//603 880//603
f 891//604 892//604 882//604
f 882//604 880//604 891//604
f 892//605 888//605 884//605
f 884//605 882//605 892//605
f 877//606 855//606 848//606
f 848//606 889//606 877//606
f 868//607 889//607 848//607
f 866//608 889//608 868//608
f 886//609 890//609 889//609
f 886//610 891//610 890//610
f 886//611 887//611 891//611
f 887//612 892//612 891//612
f 888//613 892//613 887//613
f 862//614 844//614 888//614
f 862//615 888//615 864//615
f 817//270 821//270 819//270
f 817//270 820//270 821//270
f 817//616 851//616 824//616
f 866//617 886//617 889//617
f 847//557 886//557 866//557
f 846//618 864//618 887//618
f 864//619 888//619 887//619
f 906//620 907//620 905//620
f 904//621 906//621 905//621
f 917//182 909//182 627//182
f 914//622 1059//622 913//622
f 894//623 893//623 913//623
f 916//624 905//624 907//624
f 916//625 915//625 910//625
f 1059//626 914//626 1063//626
f 1063//627 1062//627 1059//627
f 920//629 842//629 843//629
f 921//182 846//182 845//182
f 922//545 848//545 850//545
f 851//630 853//630 852//630
f 853//631 923//631 854//631
f 854//632 923//632 850//632
f 857//633 816//633 856//633
f 859//634 857//634 858//634
f 861//635 859//635 860//635
f 920//636 861//636 842//636
f 862//637 924//637 843//637
f 863//638 924//638 862//638
f 865//639 863//639 864//639
f 921//640 865//640 846//640
f 866//641 925//641 845//641
f 867//642 925//642 866//642
f 869//643 867//643 868//643
f 922//644 869//644 848//644
f 817//270 816//270 919//270
f 919//645 851//645 817//645
f 897//646 899//646 967//646
f 913//647 969//647 968//647
f 914//648 913//648 968//648
f 940//649 934//649 931//649
f 940//650 939//650 934//650
f 975//651 926//651 942//651
f 942//652 926//652 946//652
f 946//653 926//653 945//653
f 945//654 926//654 944//654
f 944//655 926//655 952//655
f 952//987 926//987 973//987
f 945//657 943//657 946//657
f 954//658 933//658 943//658
f 943//659 933//659 932//659
f 934//660 932//660 933//660
f 970//661 932//661 934//661
f 938//662 970//662 934//662
f 970//663 936//663 932//663
f 946//664 943//664 932//664
f 946//665 932//665 936//665
f 951//666 1024//666 3474//666
f 952//667 1024//667 951//667
f 934//668 939//668 938//668
f 917//669 918//669 909//669
f 978//670 918//670 917//670
f 977//671 978//671 917//671
f 976//672 977//672 917//672
f 917//673 973//673 976//673
f 926//674 976//674 973//674
f 1024//675 952//675 973//675
f 961//676 979//676 960//676
f 967//677 979//677 961//677
f 961//678 962//678 967//678
f 966//679 967//679 962//679
f 962//680 963//680 966//680
f 963//681 968//681 966//681
f 963//682 964//682 968//682
f 914//683 968//683 964//683
f 1067//684 914//684 964//684
f 995//988 1072//988 927//988
f 1072//989 1065//989 927//989
f 993//687 995//687 927//687
f 927//688 956//688 993//688
f 990//689 993//689 956//689
f 956//690 957//690 990//690
f 988//691 990//691 957//691
f 957//692 958//692 988//692
f 985//693 988//693 958//693
f 958//694 959//694 985//694
f 983//695 985//695 959//695
f 959//696 960//696 983//696
f 983//697 960//697 979//697
f 1063//698 914//698 1067//698
f 1068//990 1066//990 965//990
f 1066//700 1068//700 1043//700
f 1053//701 1070//701 1066//701
f 955//702 953//702 930//702
f 928//703 930//703 953//703
f 928//704 931//704 930//704
f 928//705 984//705 931//705
f 928//706 986//706 984//706
f 928//707 987//707 986//707
f 989//708 987//708 928//708
f 929//709 928//709 949//709
f 928//710 953//710 949//710
f 928//711 929//711 989//711
f 929//712 991//712 989//712
f 949//713 950//713 929//713
f 992//714 991//714 929//714
f 929//715 1066//715 992//715
f 1066//716 994//716 992//716
f 1066//717 1070//717 994//717
f 929//718 965//718 1066//718
f 929//719 950//719 965//719
f 930//720 954//720 955//720
f 933//991 954//991 930//991
f 934//722 933//722 930//722
f 930//992 931//992 934//992
f 931//993 984//993 941//993
f 941//994 940//994 931//994
f 937//726 975//726 942//726
f 935//727 942//727 946//727
f 942//728 935//728 937//728
f 946//995 936//995 935//995
f 912//996 937//996 935//996
f 935//997 971//997 912//997
f 915//732 911//732 910//732
f 915//733 916//733 907//733
f 915//734 975//734 937//734
f 915//735 974//735 975//735
f 915//736 907//736 974//736
f 915//737 937//737 911//737
f 937//738 912//738 911//738
f 903//739 972//739 902//739
f 901//740 902//740 972//740
f 901//741 970//741 938//741
f 901//742 972//742 970//742
f 938//743 1214//743 901//743
f 938//744 900//744 1214//744
f 938//745 980//745 900//745
f 982//746 980//746 939//746
f 980//747 938//747 939//747
f 939//748 940//748 982//748
f 981//749 982//749 940//749
f 940//750 941//750 981//750
f 984//751 981//751 941//751
f 954//998 943//998 944//998
f 945//753 944//753 943//753
f 948//754 947//754 965//754
f 965//755 950//755 948//755
f 950//756 951//756 3474//756
f 952//757 951//757 953//757
f 951//758 949//758 953//758
f 951//759 950//759 949//759
f 952//760 953//760 944//760
f 953//761 955//761 944//761
f 954//999 944//999 955//999
f 1006//270 958//270 957//270
f 1006//270 959//270 958//270
f 960//270 959//270 1006//270
f 1006//270 961//270 960//270
f 1006//270 962//270 961//270
f 1006//270 963//270 962//270
f 1006//270 964//270 963//270
f 1006//270 1067//270 964//270
f 1068//1000 965//1000 947//1000
f 967//764 899//764 979//764
f 969//765 967//765 966//765
f 966//766 968//766 969//766
f 967//767 969//767 897//767
f 969//768 896//768 897//768
f 895//769 896//769 969//769
f 895//770 969//770 913//770
f 893//771 895//771 913//771
f 972//772 971//772 970//772
f 912//545 971//545 972//545
f 972//545 903//545 912//545
f 973//773 917//773 627//773
f 975//774 976//774 926//774
f 976//775 975//775 974//775
f 976//776 974//776 977//776
f 974//777 978//777 977//777
f 906//778 978//778 974//778
f 978//1001 906//1001 918//1001
f 906//780 974//780 907//780
f 979//781 899//781 983//781
f 900//782 980//782 898//782
f 899//783 898//783 980//783
f 980//784 982//784 899//784
f 982//785 983//785 899//785
f 985//786 983//786 984//786
f 983//787 981//787 984//787
f 983//788 982//788 981//788
f 984//789 986//789 985//789
f 988//790 985//790 986//790
f 986//791 987//791 988//791
f 990//792 988//792 989//792
f 988//793 987//793 989//793
f 989//794 991//794 990//794
f 993//795 990//795 991//795
f 991//796 992//796 993//796
f 995//797 993//797 994//797
f 993//798 992//798 994//798
f 994//799 1070//799 995//799
f 1072//800 995//800 1070//800
f 1011//801 973//801 627//801
f 973//802 1011//802 1024//802
f 1020//803 1021//803 1025//803
f 1021//804 1022//804 1026//804
f 998//805 1010//805 1003//805
f 1009//806 1010//806 998//806
f 998//807 999//807 1009//807
f 999//808 1000//808 1009//808
f 1008//809 1003//809 1010//809
f 1008//810 1004//810 1003//810
f 997//270 1002//270 1006//270
f 1006//270 998//270 1003//270
f 1006//270 999//270 998//270
f 1006//270 1000//270 999//270
f 1006//270 1001//270 1000//270
f 1006//270 1002//270 1001//270
f 1003//270 1004//270 1006//270
f 1004//270 1005//270 1006//270
f 1007//811 1006//811 1005//811
f 1024//812 1016//812 1015//812
f 1024//813 1017//813 1016//813
f 1024//814 1018//814 1017//814
f 1024//815 1019//815 1018//815
f 1024//816 1020//816 1019//816
f 1024//817 1021//817 1020//817
f 1024//818 1022//818 1021//818
f 1024//819 1023//819 1022//819
f 1030//820 1031//820 1029//820
f 1028//821 1030//821 1029//821
f 1032//822 1033//822 1031//822
f 1030//823 1032//823 1031//823
f 1034//824 1033//824 1032//824
f 1035//825 1036//825 1034//825
f 1032//826 1035//826 1034//826
f 1035//827 1037//827 1036//827
f 1024//828 1015//828 1014//828
f 1024//829 1014//829 1013//829
f 1041//830 1040//830 1039//830
f 1039//831 1042//831 1041//831
f 1041//832 1042//832 1043//832
f 1044//1002 1041//1002 1043//1002
f 1049//1003 996//1003 1048//1003
f 3473//834 1048//834 1047//834
f 1050//1004 1040//1004 3473//1004
f 1047//834 1050//834 3473//834
f 1050//1005 1039//1005 1040//1005
f 1051//837 1033//837 1034//837
f 1052//838 1051//838 1034//838
f 1052//839 1042//839 1039//839
f 1052//1006 1039//1006 1051//1006
f 1034//841 1036//841 1052//841
f 1052//842 1036//842 1038//842
f 1052//843 1053//843 1042//843
f 1051//844 1050//844 1047//844
f 1054//845 1051//845 1047//845
f 1054//846 1029//846 1031//846
f 1054//847 1031//847 1033//847
f 1054//1007 1033//1007 1051//1007
f 1050//849 1051//849 1039//849
f 1037//850 1035//850 1055//850
f 1032//852 1030//852 1056//852
f 1046//851 1056//851 1030//851
f 1030//853 1028//853 1046//853
f 3475//854 1046//854 1028//854
f 1028//855 1027//855 3475//855
f 3476//856 3475//856 1027//856
f 1013//857 996//857 1024//857
f 1024//1008 996//1008 1049//1008
f 1035//859 1057//859 1055//859
f 1032//860 1057//860 1035//860
f 1032//861 1056//861 1057//861
f 1048//1009 1024//1009 1049//1009
f 1006//270 3476//270 1045//270
f 1006//270 1045//270 997//270
f 1060//862 1059//862 1062//862
f 1062//863 1007//863 1060//863
f 1007//864 1005//864 1061//864
f 1008//865 1061//865 1005//865
f 1005//866 1004//866 1008//866
f 1022//867 1023//867 1058//867
f 1058//868 1026//868 1022//868
f 1055//869 1064//869 1037//869
f 1072//870 1037//870 1064//870
f 1065//871 1072//871 1064//871
f 1053//872 1066//872 1043//872
f 1053//873 1071//873 1070//873
f 1053//874 1038//874 1071//874
f 1053//1010 1043//1010 1042//1010
f 1053//876 1052//876 1038//876
f 1063//270 1067//270 1006//270
f 1062//270 1063//270 1006//270
f 1006//877 1007//877 1062//877
f 947//878 1069//878 1068//878
f 1043//879 1068//879 1069//879
f 1069//880 1044//880 1043//880
f 1071//881 1072//881 1070//881
f 1037//882 1072//882 1038//882
f 1072//883 1071//883 1038//883
f 1037//884 1038//884 1036//884
f 1011//182 627//182 1012//182
f 1011//182 1012//182 1023//182
f 1011//885 1023//885 1024//885
f 1089//1011 1082//1011 1081//1011
f 1088//1012 1079//1012 1080//1012
f 1080//1013 1082//1013 1089//1013
f 1089//1014 1081//1014 1083//1014
f 1106//1015 1092//1015 1105//1015
f 1091//1016 1105//1016 1092//1016
f 1093//1017 1091//1017 1094//1017
f 1091//1018 1092//1018 1094//1018
f 1095//1019 1093//1019 1096//1019
f 1093//1020 1094//1020 1096//1020
f 1098//1021 1095//1021 1097//1021
f 1095//1022 1096//1022 1097//1022
f 1129//1023 1098//1023 1097//1023
f 1129//1024 1131//1024 1098//1024
f 1114//1025 1098//1025 1131//1025
f 1090//1026 1099//1026 1109//1026
f 1090//1027 1100//1027 1099//1027
f 1100//1028 1101//1028 1099//1028
f 1100//1029 1103//1029 1101//1029
f 1103//1030 1102//1030 1101//1030
f 1103//1031 1104//1031 1102//1031
f 1102//1032 1104//1032 1130//1032
f 1133//1033 1130//1033 1118//1033
f 1130//1034 1104//1034 1118//1034
f 1105//1035 1107//1035 1106//1035
f 1108//1036 1090//1036 1109//1036
f 1144//65 1156//65 1145//65
f 1156//65 1110//65 1145//65
f 1110//65 1131//65 1145//65
f 1110//1037 1111//1037 1131//1037
f 1111//629 1112//629 1131//629
f 1112//65 1113//65 1131//65
f 1114//65 1131//65 1113//65
f 1135//545 1073//545 1076//545
f 1074//545 1073//545 1135//545
f 1135//545 1075//545 1074//545
f 1135//545 1115//545 1075//545
f 1135//545 1116//545 1115//545
f 1135//545 1117//545 1116//545
f 1135//545 1118//545 1117//545
f 1133//545 1118//545 1132//545
f 1118//545 1134//545 1132//545
f 1118//545 1135//545 1134//545
f 1144//1038 1143//1038 1156//1038
f 1143//1039 1155//1039 1156//1039
f 1154//1040 1155//1040 1143//1040
f 1143//1041 1142//1041 1154//1041
f 1153//1042 1154//1042 1142//1042
f 1142//1043 1141//1043 1153//1043
f 1141//1044 1140//1044 1152//1044
f 1150//1045 1151//1045 1140//1045
f 1140//1046 1139//1046 1150//1046
f 1139//1047 1149//1047 1150//1047
f 1148//1048 1149//1048 1139//1048
f 1139//1049 1147//1049 1148//1049
f 1147//1050 1119//1050 1148//1050
f 1147//1051 1120//1051 1119//1051
f 1123//1052 1120//1052 1147//1052
f 1076//1053 1077//1053 1135//1053
f 1136//1054 1135//1054 1077//1054
f 1077//1055 1078//1055 1136//1055
f 1088//1056 1136//1056 1078//1056
f 1078//1057 1079//1057 1088//1057
f 1089//1058 1088//1058 1080//1058
f 1137//1059 1089//1059 1083//1059
f 1083//1060 1084//1060 1137//1060
f 1138//1061 1137//1061 1085//1061
f 1137//1062 1084//1062 1085//1062
f 1085//1063 1087//1063 1138//1063
f 1146//1064 1138//1064 1122//1064
f 1138//1065 1121//1065 1122//1065
f 1138//199 1086//199 1121//199
f 1138//1066 1087//1066 1086//1066
f 1128//1067 1146//1067 1122//1067
f 1146//1068 1127//1068 1126//1068
f 1146//1069 1128//1069 1127//1069
f 1140//1070 1151//1070 1152//1070
f 1152//1071 1157//1071 1141//1071
f 1141//1072 1157//1072 1153//1072
f 1158//1073 893//1073 894//1073
f 1158//1074 894//1074 614//1074
f 1158//1075 614//1075 1215//1075
f 1255//1076 1158//1076 1215//1076
f 893//1077 1158//1077 895//1077
f 1158//1078 1246//1078 895//1078
f 132//1079 127//1079 1160//1079
f 127//1080 1159//1080 1160//1080
f 131//1081 132//1081 1161//1081
f 132//1082 1160//1082 1161//1082
f 130//1083 131//1083 1162//1083
f 131//1084 1161//1084 1162//1084
f 1218//1085 130//1085 1162//1085
f 1163//1086 130//1086 1218//1086
f 1218//1087 1226//1087 1163//1087
f 110//1088 1163//1088 1226//1088
f 263//1089 1164//1089 1170//1089
f 1170//1090 1164//1090 1223//1090
f 263//1027 1165//1027 1164//1027
f 1165//1091 1166//1091 1164//1091
f 1165//1029 129//1029 1166//1029
f 129//1092 1167//1092 1166//1092
f 129//1093 1168//1093 1167//1093
f 129//1094 128//1094 1168//1094
f 1168//1032 128//1032 1217//1032
f 1228//1033 1217//1033 1174//1033
f 1217//1034 128//1034 1174//1034
f 127//182 126//182 1159//182
f 1159//1095 126//1095 1224//1095
f 126//1096 125//1096 1224//1096
f 125//1097 124//1097 1224//1097
f 124//1097 123//1097 1224//1097
f 123//1098 1169//1098 1224//1098
f 1223//1099 1224//1099 1170//1099
f 1224//1100 1169//1100 1170//1100
f 1169//1101 263//1101 1170//1101
f 1240//1102 63//1102 1241//1102
f 63//65 1173//65 1241//65
f 1173//65 1227//65 1241//65
f 1173//1103 112//1103 1227//1103
f 112//65 1226//65 1227//65
f 112//629 1171//629 1226//629
f 1171//629 1172//629 1226//629
f 1172//629 111//629 1226//629
f 110//65 1226//65 111//65
f 374//545 1229//545 383//545
f 1229//545 382//545 383//545
f 1229//545 381//545 382//545
f 1229//545 109//545 381//545
f 1229//545 108//545 109//545
f 1229//545 107//545 108//545
f 1229//545 1174//545 107//545
f 1174//545 1229//545 1228//545
f 1240//1104 1239//1104 63//1104
f 1239//1105 64//1105 63//1105
f 65//1106 64//1106 1239//1106
f 1239//1107 1238//1107 65//1107
f 66//1108 65//1108 1238//1108
f 1238//1109 1237//1109 66//1109
f 1237//1110 18//1110 66//1110
f 67//1111 18//1111 1237//1111
f 1237//1112 1236//1112 67//1112
f 1236//1113 68//1113 67//1113
f 69//1114 68//1114 1236//1114
f 1236//1115 1235//1115 69//1115
f 1235//1116 70//1116 69//1116
f 71//1117 70//1117 1235//1117
f 1235//1118 1256//1118 71//1118
f 1256//1119 79//1119 71//1119
f 1256//1120 78//1120 79//1120
f 76//1121 78//1121 1256//1121
f 374//1122 1175//1122 1229//1122
f 1230//1123 1229//1123 1175//1123
f 1175//1055 373//1055 1230//1055
f 1231//1124 1230//1124 373//1124
f 373//1057 1176//1057 1231//1057
f 1232//1125 1231//1125 372//1125
f 1231//1126 1176//1126 372//1126
f 372//1127 370//1127 1232//1127
f 1233//1128 1232//1128 369//1128
f 1232//1129 371//1129 369//1129
f 1232//1130 370//1130 371//1130
f 369//1060 368//1060 1233//1060
f 1234//1078 1233//1078 367//1078
f 1233//1131 368//1131 367//1131
f 367//1077 365//1077 1234//1077
f 1257//1076 1234//1076 1177//1076
f 1234//1075 77//1075 1177//1075
f 1234//1074 366//1074 77//1074
f 1234//1073 365//1073 366//1073
f 1178//1067 1257//1067 1177//1067
f 1256//1132 1257//1132 75//1132
f 75//1133 76//1133 1256//1133
f 1257//1134 74//1134 75//1134
f 1257//1135 73//1135 74//1135
f 1257//1068 72//1068 73//1068
f 1257//1069 1178//1069 72//1069
f 1192//1015 1180//1015 657//1015
f 661//1016 657//1016 1180//1016
f 660//1017 661//1017 1181//1017
f 661//1018 1180//1018 1181//1018
f 659//1019 660//1019 1182//1019
f 660//1020 1181//1020 1182//1020
f 658//1021 659//1021 1183//1021
f 659//1022 1182//1022 1183//1022
f 1219//1023 658//1023 1183//1023
f 1184//1086 658//1086 1219//1086
f 1219//1136 1222//1136 1184//1136
f 1202//1088 1184//1088 1222//1088
f 1179//1137 1185//1137 1197//1137
f 1179//1027 1186//1027 1185//1027
f 1186//1091 1187//1091 1185//1091
f 1186//1029 1189//1029 1187//1029
f 1189//1092 1188//1092 1187//1092
f 1189//1093 1190//1093 1188//1093
f 1189//1138 1191//1138 1190//1138
f 1190//1032 1191//1032 1220//1032
f 1221//1033 1220//1033 1205//1033
f 1220//1034 1191//1034 1205//1034
f 657//1035 656//1035 1192//1035
f 1192//1139 656//1139 1225//1139
f 656//182 1193//182 1225//182
f 1193//182 1194//182 1225//182
f 1194//182 1195//182 1225//182
f 1195//182 1196//182 1225//182
f 1225//1140 1196//1140 1197//1140
f 1196//1141 1179//1141 1197//1141
f 1252//65 1206//65 1253//65
f 1206//65 1198//65 1253//65
f 1198//65 1222//65 1253//65
f 1198//1037 1199//1037 1222//1037
f 1199//629 1200//629 1222//629
f 1200//65 1201//65 1222//65
f 1202//65 1222//65 1201//65
f 903//545 1242//545 912//545
f 1242//545 911//545 912//545
f 1242//545 910//545 911//545
f 1242//545 644//545 910//545
f 1242//545 1203//545 644//545
f 1242//545 1204//545 1203//545
f 1242//545 1205//545 1204//545
f 1205//545 1242//545 1221//545
f 1252//1038 1251//1038 1206//1038
f 1251//1039 1207//1039 1206//1039
f 1208//1040 1207//1040 1251//1040
f 1251//1142 1250//1142 1208//1142
f 1209//1042 1208//1042 1250//1042
f 1250//1143 1249//1143 1209//1143
f 1249//1144 1210//1144 1209//1144
f 1211//1145 1210//1145 1249//1145
f 1249//1146 1248//1146 1211//1146
f 1248//1070 1212//1070 1211//1070
f 1213//1147 1212//1147 1248//1147
f 1248//1148 1247//1148 1213//1148
f 1247//1047 607//1047 1213//1047
f 608//1048 607//1048 1247//1048
f 1247//1149 1254//1149 608//1149
f 1254//1119 616//1119 608//1119
f 1254//1120 615//1120 616//1120
f 613//1121 615//1121 1254//1121
f 903//1053 902//1053 1242//1053
f 1243//1054 1242//1054 902//1054
f 902//1055 901//1055 1243//1055
f 1244//1124 1243//1124 901//1124
f 901//1057 1214//1057 1244//1057
f 1245//1125 1244//1125 900//1125
f 1244//1150 1214//1150 900//1150
f 900//1013 898//1013 1245//1013
f 1246//1128 1245//1128 897//1128
f 1245//1129 899//1129 897//1129
f 1245//1130 898//1130 899//1130
f 897//1151 896//1151 1246//1151
f 1246//1131 896//1131 895//1131
f 609//1067 1255//1067 1215//1067
f 1254//1132 1255//1132 612//1132
f 612//1133 613//1133 1254//1133
f 1255//1134 611//1134 612//1134
f 1255//1135 1216//1135 611//1135
f 1255//1068 610//1068 1216//1068
f 1255//1069 609//1069 610//1069
f 1320//1152 1158//1152 1255//1152
f 1321//1153 1158//1153 1320//1153
f 1322//1154 1158//1154 1321//1154
f 1246//1155 1158//1155 1322//1155
f 1222//65 1365//65 1253//65
f 1370//65 1253//65 1365//65
f 1242//1156 1368//1156 1221//1156
f 1339//545 1221//545 1368//545
f 1376//1157 1321//1157 1320//1157
f 1376//1158 1320//1158 1372//1158
f 1271//1159 1258//1159 1259//1159
f 1304//1160 1258//1160 1271//1160
f 1305//1161 1258//1161 1304//1161
f 1307//1162 1258//1162 1305//1162
f 1225//1163 1304//1163 1301//1163
f 1306//1164 1225//1164 1301//1164
f 1223//1165 1164//1165 1303//1165
f 1197//1165 1185//1165 1307//1165
f 1185//1166 1258//1166 1307//1166
f 1185//1167 1187//1167 1258//1167
f 1259//1168 1258//1168 1187//1168
f 1187//1169 1188//1169 1259//1169
f 1188//1170 1190//1170 1259//1170
f 1190//1171 1220//1171 1259//1171
f 1220//1172 1272//1172 1259//1172
f 1339//1173 1272//1173 1221//1173
f 1272//1174 1220//1174 1221//1174
f 1160//1175 1261//1175 1161//1175
f 1261//1176 1162//1176 1161//1176
f 1160//1177 1302//1177 1261//1177
f 1160//1178 1159//1178 1302//1178
f 1260//1179 1162//1179 1261//1179
f 1162//1180 1260//1180 1218//1180
f 1260//1181 1226//1181 1218//1181
f 1260//1182 1355//1182 1226//1182
f 1262//1183 1260//1183 1261//1183
f 1260//1184 1262//1184 1355//1184
f 1262//1185 1354//1185 1355//1185
f 1352//1186 1354//1186 1262//1186
f 1261//1187 1290//1187 1263//1187
f 1261//1188 1302//1188 1290//1188
f 1261//1189 1263//1189 1262//1189
f 1262//1190 1264//1190 1352//1190
f 1264//1191 1350//1191 1352//1191
f 1264//1192 1262//1192 1263//1192
f 1290//1193 1282//1193 1263//1193
f 1263//1194 1265//1194 1264//1194
f 1265//1195 1263//1195 1287//1195
f 1263//1196 1285//1196 1287//1196
f 1263//1197 1282//1197 1285//1197
f 1348//1198 1350//1198 1264//1198
f 1264//1199 1266//1199 1348//1199
f 1266//1200 1264//1200 1265//1200
f 1347//1201 1348//1201 1266//1201
f 1287//1202 1289//1202 1265//1202
f 1267//1203 1265//1203 1292//1203
f 1265//1204 1289//1204 1292//1204
f 1265//1205 1267//1205 1266//1205
f 1268//1206 1266//1206 1267//1206
f 1266//1207 1268//1207 1347//1207
f 1268//1208 1345//1208 1347//1208
f 1343//1209 1345//1209 1268//1209
f 1292//1210 1294//1210 1267//1210
f 1269//1211 1267//1211 1296//1211
f 1267//1212 1294//1212 1296//1212
f 1267//1213 1269//1213 1268//1213
f 1270//1214 1268//1214 1269//1214
f 1268//1215 1270//1215 1343//1215
f 1270//1216 1342//1216 1343//1216
f 1296//1217 1298//1217 1269//1217
f 1269//1218 1300//1218 1271//1218
f 1269//1219 1298//1219 1300//1219
f 1269//1220 1271//1220 1270//1220
f 1340//1221 1342//1221 1270//1221
f 1270//1222 1271//1222 1259//1222
f 1270//1223 1259//1223 1340//1223
f 1300//1224 1304//1224 1271//1224
f 1339//1225 1340//1225 1272//1225
f 1340//1226 1259//1226 1272//1226
f 1306//1227 1180//1227 1192//1227
f 1181//1228 1180//1228 1275//1228
f 1182//1229 1181//1229 1273//1229
f 1181//1230 1275//1230 1273//1230
f 1183//1231 1182//1231 1273//1231
f 1219//1232 1183//1232 1274//1232
f 1183//1233 1273//1233 1274//1233
f 1274//1234 1365//1234 1219//1234
f 1222//1235 1219//1235 1365//1235
f 1276//1236 1273//1236 1275//1236
f 1273//1237 1276//1237 1274//1237
f 1276//1238 1365//1238 1274//1238
f 1276//1239 1366//1239 1365//1239
f 1306//1240 1301//1240 1180//1240
f 1301//1241 1275//1241 1180//1241
f 1275//1242 1277//1242 1276//1242
f 1277//1243 1275//1243 1299//1243
f 1275//1244 1301//1244 1299//1244
f 1363//1245 1366//1245 1276//1245
f 1299//1246 1297//1246 1277//1246
f 1279//1247 1276//1247 1278//1247
f 1276//1248 1277//1248 1278//1248
f 1276//1249 1279//1249 1363//1249
f 1279//1250 1362//1250 1363//1250
f 1279//1251 1360//1251 1362//1251
f 1278//1252 1277//1252 1293//1252
f 1277//1253 1297//1253 1293//1253
f 1293//1254 1291//1254 1278//1254
f 1278//1255 1280//1255 1279//1255
f 1280//1256 1278//1256 1288//1256
f 1278//1257 1291//1257 1288//1257
f 1358//1258 1360//1258 1279//1258
f 1281//1259 1279//1259 1280//1259
f 1279//1260 1281//1260 1358//1260
f 1281//1261 1356//1261 1358//1261
f 1288//1262 1286//1262 1280//1262
f 1280//1263 1286//1263 1284//1263
f 1284//182 1285//182 1283//182
f 1287//182 1285//182 1286//182
f 1285//182 1284//182 1286//182
f 1286//182 1288//182 1287//182
f 1289//182 1287//182 1288//182
f 1288//182 1291//182 1289//182
f 1292//182 1289//182 1291//182
f 1302//1264 1295//1264 1290//1264
f 1291//182 1293//182 1292//182
f 1294//182 1292//182 1293//182
f 1293//182 1297//182 1294//182
f 1297//182 1296//182 1294//182
f 1295//1265 1302//1265 1224//1265
f 1298//182 1296//182 1297//182
f 1297//182 1299//182 1298//182
f 1300//182 1298//182 1299//182
f 1299//182 1301//182 1300//182
f 1304//182 1300//182 1301//182
f 1302//1266 1159//1266 1224//1266
f 1223//1267 1303//1267 1224//1267
f 1305//1268 1304//1268 1225//1268
f 1307//1268 1305//1268 1225//1268
f 1306//1164 1192//1164 1225//1164
f 1197//1268 1307//1268 1225//1268
f 1308//1269 1321//1269 1378//1269
f 1321//1270 1376//1270 1378//1270
f 1321//1271 1308//1271 1322//1271
f 1308//1272 1323//1272 1322//1272
f 1308//1273 1324//1273 1323//1273
f 1309//1274 1324//1274 1308//1274
f 1309//1275 1325//1275 1324//1275
f 1309//1276 1368//1276 1325//1276
f 1309//1277 1341//1277 1368//1277
f 1378//1278 1379//1278 1308//1278
f 1308//1279 1310//1279 1309//1279
f 1310//1280 1308//1280 1389//1280
f 1308//1281 1387//1281 1389//1281
f 1308//1282 1379//1282 1387//1282
f 1311//1283 1309//1283 1310//1283
f 1309//1284 1311//1284 1341//1284
f 1311//1285 1344//1285 1341//1285
f 1389//1286 1391//1286 1310//1286
f 1312//1287 1310//1287 1393//1287
f 1310//1288 1391//1288 1393//1288
f 1310//1289 1312//1289 1311//1289
f 1313//1290 1311//1290 1312//1290
f 1311//1291 1313//1291 1344//1291
f 1313//1292 1346//1292 1344//1292
f 1393//1293 1396//1293 1312//1293
f 1349//1294 1346//1294 1313//1294
f 1314//1295 1312//1295 1381//1295
f 1312//1296 1397//1296 1381//1296
f 1396//1297 1397//1297 1312//1297
f 1312//1298 1314//1298 1313//1298
f 1313//1299 1315//1299 1349//1299
f 1315//1298 1313//1298 1314//1298
f 1351//1300 1349//1300 1315//1300
f 1381//1301 1382//1301 1314//1301
f 1316//1302 1314//1302 1383//1302
f 1314//1303 1382//1303 1383//1303
f 1314//1304 1316//1304 1315//1304
f 1317//1304 1315//1304 1316//1304
f 1315//1305 1317//1305 1351//1305
f 1317//1306 1353//1306 1351//1306
f 1383//1307 1385//1307 1316//1307
f 1318//1308 1316//1308 1384//1308
f 1316//1309 1385//1309 1384//1309
f 1316//1310 1318//1310 1317//1310
f 1317//1311 1319//1311 1353//1311
f 1319//1312 1367//1312 1353//1312
f 1319//1313 1317//1313 1318//1313
f 1318//1314 1236//1314 1319//1314
f 1318//1315 1235//1315 1236//1315
f 1318//1316 1256//1316 1235//1316
f 1318//1317 1374//1317 1256//1317
f 1318//1318 1373//1318 1374//1318
f 1318//1319 1384//1319 1373//1319
f 1239//1320 1319//1320 1238//1320
f 1319//1321 1237//1321 1238//1321
f 1319//1322 1236//1322 1237//1322
f 1319//1323 1239//1323 1367//1323
f 1367//1324 1239//1324 1240//1324
f 1372//1325 1320//1325 1255//1325
f 1322//1326 1323//1326 1246//1326
f 1323//1327 1245//1327 1246//1327
f 1244//1328 1245//1328 1323//1328
f 1323//1329 1324//1329 1244//1329
f 1243//1330 1244//1330 1325//1330
f 1244//1331 1324//1331 1325//1331
f 1325//1332 1368//1332 1243//1332
f 1242//1333 1243//1333 1368//1333
f 1254//1334 1332//1334 1371//1334
f 1254//1335 1247//1335 1332//1335
f 1247//1336 1336//1336 1332//1336
f 1247//1337 1248//1337 1336//1337
f 1248//1338 1335//1338 1336//1338
f 1334//1339 1335//1339 1249//1339
f 1335//1340 1248//1340 1249//1340
f 1249//1341 1250//1341 1334//1341
f 1338//1342 1334//1342 1250//1342
f 1250//1343 1251//1343 1338//1343
f 1369//1344 1338//1344 1252//1344
f 1338//1345 1251//1345 1252//1345
f 1328//1346 1326//1346 1394//1346
f 1326//1347 1395//1347 1394//1347
f 1327//1299 1329//1299 1357//1299
f 1329//1298 1327//1298 1328//1298
f 1359//1300 1357//1300 1329//1300
f 1394//1348 1392//1348 1328//1348
f 1328//1304 1330//1304 1329//1304
f 1330//1349 1328//1349 1390//1349
f 1328//1350 1392//1350 1390//1350
f 1331//1304 1329//1304 1330//1304
f 1329//1305 1331//1305 1359//1305
f 1331//1351 1361//1351 1359//1351
f 1390//1352 1388//1352 1330//1352
f 1333//1353 1330//1353 1380//1353
f 1330//1354 1386//1354 1380//1354
f 1330//1355 1388//1355 1386//1355
f 1330//1356 1333//1356 1331//1356
f 1337//1313 1331//1313 1333//1313
f 1331//1311 1337//1311 1361//1311
f 1337//1357 1364//1357 1361//1357
f 1380//1358 1377//1358 1333//1358
f 1333//1359 1336//1359 1337//1359
f 1333//1360 1332//1360 1336//1360
f 1333//1361 1371//1361 1332//1361
f 1333//1362 1375//1362 1371//1362
f 1333//1363 1377//1363 1375//1363
f 1338//1364 1337//1364 1334//1364
f 1337//1365 1335//1365 1334//1365
f 1337//1366 1336//1366 1335//1366
f 1337//1367 1338//1367 1364//1367
f 1338//1368 1369//1368 1364//1368
f 1340//1369 1339//1369 1368//1369
f 1368//1370 1341//1370 1340//1370
f 1342//1371 1340//1371 1341//1371
f 1343//1372 1342//1372 1344//1372
f 1342//1373 1341//1373 1344//1373
f 1345//1374 1343//1374 1344//1374
f 1344//1375 1346//1375 1345//1375
f 1347//1376 1345//1376 1346//1376
f 1346//1377 1349//1377 1347//1377
f 1348//1378 1347//1378 1349//1378
f 1350//1379 1348//1379 1349//1379
f 1349//1380 1351//1380 1350//1380
f 1352//1381 1350//1381 1351//1381
f 1351//1382 1353//1382 1352//1382
f 1354//1383 1352//1383 1353//1383
f 1355//1384 1354//1384 1367//1384
f 1354//1385 1353//1385 1367//1385
f 1226//1386 1355//1386 1227//1386
f 1355//1386 1241//1386 1227//1386
f 1355//1387 1367//1387 1241//1387
f 1358//1388 1356//1388 1357//1388
f 1357//1380 1359//1380 1358//1380
f 1360//1381 1358//1381 1359//1381
f 1359//1382 1361//1382 1360//1382
f 1362//1383 1360//1383 1361//1383
f 1363//1389 1362//1389 1364//1389
f 1362//1390 1361//1390 1364//1390
f 1366//1391 1363//1391 1364//1391
f 1364//1392 1369//1392 1366//1392
f 1366//1393 1370//1393 1365//1393
f 1366//1394 1369//1394 1370//1394
f 1367//1395 1240//1395 1241//1395
f 1369//1396 1252//1396 1370//1396
f 1253//65 1370//65 1252//65
f 1254//270 1371//270 1255//270
f 1372//270 1255//270 1371//270
f 1256//270 1374//270 1257//270
f 1257//1397 1373//1397 1384//1397
f 1257//270 1374//270 1373//270
f 1106//1398 1107//1398 1415//1398
f 1107//1399 1398//1399 1415//1399
f 1398//1400 1399//1400 1415//1400
f 1399//1401 1400//1401 1415//1401
f 1400//1402 1108//1402 1415//1402
f 1415//1403 1108//1403 1109//1403
f 1131//65 1429//65 1145//65
f 1106//1404 1411//1404 1092//1404
f 1405//1405 1092//1405 1411//1405
f 1280//1406 1401//1406 1281//1406
f 1401//1407 1280//1407 1410//1407
f 1280//1408 1284//1408 1410//1408
f 1428//1409 1356//1409 1281//1409
f 1402//1410 1281//1410 1401//1410
f 1281//1411 1402//1411 1428//1411
f 1410//1412 1412//1412 1401//1412
f 1426//1413 1428//1413 1402//1413
f 1401//1414 1404//1414 1402//1414
f 1404//1415 1401//1415 1414//1415
f 1401//1416 1413//1416 1414//1416
f 1401//1417 1412//1417 1413//1417
f 1403//1418 1402//1418 1404//1418
f 1402//1419 1403//1419 1426//1419
f 1403//1420 1424//1420 1426//1420
f 1403//1421 1422//1421 1424//1421
f 1420//1422 1422//1422 1403//1422
f 1403//1423 1101//1423 1102//1423
f 1403//1424 1404//1424 1101//1424
f 1403//1425 1102//1425 1420//1425
f 1133//1426 1420//1426 1130//1426
f 1420//1427 1102//1427 1130//1427
f 1101//1428 1404//1428 1099//1428
f 1404//1429 1414//1429 1099//1429
f 1414//1430 1109//1430 1099//1430
f 1405//1431 1094//1431 1092//1431
f 1405//1432 1406//1432 1094//1432
f 1096//1433 1094//1433 1406//1433
f 1406//1434 1407//1434 1096//1434
f 1407//1435 1097//1435 1096//1435
f 1097//1436 1407//1436 1129//1436
f 1131//1437 1129//1437 1409//1437
f 1129//1438 1407//1438 1409//1438
f 1131//1439 1409//1439 1408//1439
f 1283//1440 1411//1440 1284//1440
f 1411//1441 1410//1441 1284//1441
f 1412//1441 1410//1441 1411//1441
f 1413//182 1412//182 1411//182
f 1414//1442 1413//1442 1415//1442
f 1413//1443 1411//1443 1415//1443
f 1411//1398 1106//1398 1415//1398
f 1415//1444 1109//1444 1414//1444
f 1430//1445 1138//1445 1146//1445
f 1138//1446 1416//1446 1137//1446
f 1416//1447 1089//1447 1137//1447
f 1416//1448 1088//1448 1089//1448
f 1416//1449 1138//1449 1437//1449
f 1138//1450 1436//1450 1437//1450
f 1138//1451 1431//1451 1436//1451
f 1138//1452 1430//1452 1431//1452
f 1136//1453 1088//1453 1417//1453
f 1417//1454 1135//1454 1136//1454
f 1417//1455 1421//1455 1135//1455
f 1417//1456 1088//1456 1416//1456
f 1423//1457 1421//1457 1417//1457
f 1416//1279 1418//1279 1417//1279
f 1418//1458 1416//1458 1435//1458
f 1416//1459 1437//1459 1435//1459
f 1419//1460 1417//1460 1418//1460
f 1417//1461 1419//1461 1423//1461
f 1425//1462 1423//1462 1419//1462
f 1435//1463 1432//1463 1418//1463
f 1326//1464 1418//1464 1433//1464
f 1418//1465 1432//1465 1433//1465
f 1418//1290 1326//1290 1419//1290
f 1419//1466 1327//1466 1425//1466
f 1327//1467 1427//1467 1425//1467
f 1327//1290 1419//1290 1326//1290
f 1433//1468 1434//1468 1326//1468
f 1357//1294 1427//1294 1327//1294
f 1326//1298 1328//1298 1327//1298
f 1434//1469 1395//1469 1326//1469
f 1135//1470 1421//1470 1134//1470
f 1421//1470 1132//1470 1134//1470
f 1421//1470 1133//1470 1132//1470
f 1420//1471 1133//1471 1421//1471
f 1422//1472 1420//1472 1421//1472
f 1421//1473 1423//1473 1422//1473
f 1424//1474 1422//1474 1423//1474
f 1423//1475 1425//1475 1424//1475
f 1426//1476 1424//1476 1425//1476
f 1425//1477 1427//1477 1426//1477
f 1428//1376 1426//1376 1427//1376
f 1427//1377 1357//1377 1428//1377
f 1356//1378 1428//1378 1357//1378
f 1437//1478 1436//1478 1435//1478
f 1447//1479 1438//1479 1446//1479
f 1501//1480 1467//1480 1447//1480
f 1467//1481 1438//1481 1447//1481
f 1600//1482 1461//1482 1589//1482
f 1600//1483 1601//1483 1461//1483
f 1601//1484 1460//1484 1461//1484
f 1601//1485 1458//1485 1460//1485
f 1601//1486 1459//1486 1458//1486
f 1601//1487 1450//1487 1459//1487
f 1601//1488 1449//1488 1450//1488
f 1601//1489 1448//1489 1449//1489
f 1568//1490 1571//1491 1566//1492
f 1572//1493 1575//1494 1571//1493
f 1439//1495 1438//1495 1467//1495
f 1467//1496 1469//1496 1439//1496
f 1440//1497 1439//1497 1469//1497
f 1469//1498 1471//1498 1440//1498
f 1441//1499 1440//1499 1471//1499
f 1471//1500 1473//1500 1441//1500
f 1443//1501 1441//1501 1473//1501
f 1473//1502 1475//1502 1443//1502
f 1444//1503 1443//1503 1475//1503
f 1475//1504 1478//1504 1444//1504
f 1478//1505 1481//1505 1445//1505
f 1438//1506 1439//1506 1446//1506
f 1442//1507 1446//1507 1440//1507
f 1446//1508 1439//1508 1440//1508
f 1458//1509 1459//1509 1451//1509
f 1451//1510 1452//1510 1458//1510
f 1452//1511 1460//1511 1458//1511
f 1461//1512 1460//1512 1452//1512
f 1452//1513 1453//1513 1461//1513
f 1462//1514 1461//1514 1453//1514
f 1453//1515 1454//1515 1462//1515
f 1454//1516 1463//1516 1462//1516
f 1465//1517 1463//1517 1454//1517
f 1454//1518 1455//1518 1465//1518
f 1495//1519 1465//1519 1494//1519
f 1465//1520 1493//1520 1494//1520
f 1465//1521 1492//1521 1493//1521
f 1465//1522 1491//1522 1492//1522
f 1465//1523 1455//1523 1491//1523
f 1455//1524 1456//1524 1490//1524
f 1490//1525 1491//1525 1455//1525
f 1456//1526 1489//1526 1490//1526
f 1488//1527 1489//1527 1456//1527
f 1457//1528 1487//1528 1488//1528
f 1461//1529 1462//1529 1589//1529
f 1464//1530 1589//1530 1462//1530
f 1464//1531 1591//1531 1589//1531
f 1462//1532 1463//1532 1464//1532
f 1598//1533 1591//1533 1464//1533
f 1466//1534 1464//1534 1465//1534
f 1464//1535 1463//1535 1465//1535
f 1464//1536 1466//1536 1598//1536
f 1597//1537 1598//1537 1466//1537
f 1465//1538 1495//1538 1466//1538
f 1466//1539 1496//1539 1497//1539
f 1466//1540 1495//1540 1496//1540
f 1466//1541 1497//1541 1597//1541
f 1497//1542 1596//1542 1597//1542
f 1592//1543 1596//1543 1498//1543
f 1596//1544 1497//1544 1498//1544
f 1506//1545 1507//1545 1501//1545
f 1468//1546 1501//1546 1507//1546
f 1470//1547 1467//1547 1501//1547
f 1470//1548 1501//1548 1468//1548
f 1507//1549 1508//1549 1468//1549
f 1469//1550 1467//1550 1470//1550
f 1472//1551 1468//1551 1509//1551
f 1468//1552 1508//1552 1509//1552
f 1468//1553 1472//1553 1470//1553
f 1470//1554 1474//1554 1469//1554
f 1474//1555 1471//1555 1469//1555
f 1474//1556 1470//1556 1472//1556
f 1509//1557 1510//1557 1472//1557
f 1473//1558 1471//1558 1474//1558
f 1472//1559 1476//1559 1474//1559
f 1476//1560 1472//1560 1511//1560
f 1472//1561 1510//1561 1511//1561
f 1474//1562 1477//1562 1473//1562
f 1477//1563 1475//1563 1473//1563
f 1477//1559 1474//1559 1476//1559
f 1511//1564 1505//1564 1476//1564
f 1478//1565 1475//1565 1477//1565
f 1479//1566 1476//1566 1505//1566
f 1476//1567 1479//1567 1477//1567
f 1477//1568 1480//1568 1478//1568
f 1480//1567 1477//1567 1479//1567
f 1505//1569 1504//1569 1479//1569
f 1481//1570 1478//1570 1480//1570
f 1483//1571 1479//1571 1503//1571
f 1479//1572 1504//1572 1503//1572
f 1479//1573 1483//1573 1480//1573
f 1484//1573 1480//1573 1483//1573
f 1480//1574 1484//1574 1481//1574
f 1484//1575 1482//1575 1481//1575
f 1485//1576 1482//1576 1484//1576
f 1486//1577 1564//1577 1487//1577
f 1488//1578 1487//1578 1564//1578
f 1564//1579 1561//1579 1488//1579
f 1489//1580 1488//1580 1563//1580
f 1488//1581 1562//1581 1563//1581
f 1488//1582 1561//1582 1562//1582
f 1563//1583 1559//1583 1489//1583
f 1559//1584 1490//1584 1489//1584
f 1491//1585 1490//1585 1559//1585
f 1559//1586 1558//1586 1491//1586
f 1492//1587 1491//1587 1558//1587
f 1558//1588 1560//1588 1492//1588
f 1493//1589 1492//1589 1560//1589
f 1560//1590 1557//1590 1493//1590
f 1494//1591 1493//1591 1557//1591
f 1557//1592 1556//1592 1494//1592
f 1495//1593 1494//1593 1556//1593
f 1556//1594 1555//1594 1495//1594
f 1555//1595 1496//1595 1495//1595
f 1497//1596 1496//1596 1555//1596
f 1555//1597 1554//1597 1497//1597
f 1554//1598 1499//1598 1497//1598
f 1498//1599 1497//1599 1499//1599
f 1592//1600 1498//1600 1595//1600
f 1498//1601 1499//1601 1595//1601
f 1499//1602 1554//1602 1553//1602
f 1553//1603 1582//1603 1499//1603
f 1582//1604 1514//1604 1499//1604
f 1514//1605 1595//1605 1499//1605
f 1594//1606 1595//1606 1514//1606
f 1514//1607 1517//1607 1594//1607
f 1593//1608 1594//1608 1517//1608
f 1517//1609 1519//1609 1593//1609
f 1590//1610 1593//1610 1519//1610
f 1519//1611 1521//1611 1590//1611
f 1588//1612 1590//1612 1521//1612
f 1521//1613 1524//1613 1588//1613
f 1586//1614 1588//1614 1524//1614
f 1524//1615 1530//1615 1586//1615
f 1586//1616 1528//1616 1500//1616
f 1586//1617 1530//1617 1528//1617
f 1584//1618 1528//1618 1529//1618
f 1584//1619 1500//1619 1528//1619
f 1529//1620 1531//1620 1599//1620
f 1506//1621 1501//1621 1512//1621
f 1502//1622 1503//1622 1513//1622
f 1503//1623 1504//1623 1513//1623
f 1504//1624 1505//1624 1513//1624
f 1505//1625 1511//1625 1513//1625
f 1512//1626 1513//1626 1506//1626
f 1513//1627 1507//1627 1506//1627
f 1513//1628 1508//1628 1507//1628
f 1513//1629 1509//1629 1508//1629
f 1513//1630 1510//1630 1509//1630
f 1513//1631 1511//1631 1510//1631
f 1531//1632 1583//1632 1599//1632
f 1515//1633 1534//1633 1532//1633
f 1533//1634 1516//1634 1582//1634
f 1516//1635 1514//1635 1582//1635
f 1516//1636 1533//1636 1515//1636
f 1533//1637 1534//1637 1515//1637
f 1517//1638 1514//1638 1516//1638
f 1515//1639 1518//1639 1516//1639
f 1520//1640 1516//1640 1518//1640
f 1516//1641 1520//1641 1517//1641
f 1519//1642 1517//1642 1520//1642
f 1518//1643 1522//1643 1520//1643
f 1520//1644 1523//1644 1519//1644
f 1523//1645 1521//1645 1519//1645
f 1523//1646 1520//1646 1522//1646
f 1524//1647 1521//1647 1523//1647
f 1522//1648 1526//1648 1523//1648
f 1523//1649 1527//1649 1524//1649
f 1527//1650 1523//1650 1526//1650
f 1530//1651 1524//1651 1527//1651
f 1526//1652 1525//1652 1531//1652
f 1531//1653 1527//1653 1526//1653
f 1527//1654 1529//1654 1530//1654
f 1527//1655 1531//1655 1529//1655
f 1530//1656 1529//1656 1528//1656
f 1535//1657 1532//1657 1534//1657
f 1536//1658 1534//1658 1582//1658
f 1534//1659 1533//1659 1582//1659
f 1534//1660 1536//1660 1535//1660
f 1582//1661 1537//1661 1536//1661
f 1537//1662 1582//1662 1566//1662
f 1538//1663 1535//1663 1536//1663
f 1539//1664 1536//1664 1537//1664
f 1536//1665 1539//1665 1538//1665
f 1566//1666 1571//1666 1537//1666
f 1537//1667 1541//1667 1539//1667
f 1541//1668 1537//1668 1571//1668
f 1542//1669 1538//1669 1539//1669
f 1538//1670 1542//1670 1540//1670
f 1543//1671 1539//1671 1541//1671
f 1539//1672 1543//1672 1542//1672
f 1544//1673 1540//1673 1542//1673
f 1571//1674 1575//1674 1541//1674
f 1546//1675 1541//1675 1575//1675
f 1541//1676 1546//1676 1543//1676
f 1548//1677 1542//1677 1547//1677
f 1542//1678 1543//1678 1547//1678
f 1542//1679 1548//1679 1544//1679
f 1547//1680 1543//1680 1546//1680
f 1544//1681 1549//1681 1545//1681
f 1549//1682 1544//1682 1548//1682
f 1550//1683 1545//1683 1549//1683
f 1575//1684 1577//1684 1546//1684
f 1546//1685 1551//1685 1547//1685
f 1551//1686 1546//1686 1579//1686
f 1546//1684 1577//1684 1579//1684
f 1547//1687 1552//1687 1548//1687
f 1553//1688 1554//1688 1582//1688
f 1554//1689 1555//1689 1582//1689
f 1555//1690 1556//1690 1582//1690
f 1556//1691 1557//1691 1582//1691
f 1557//1692 1560//1692 1582//1692
f 1567//1693 1560//1693 1565//1693
f 1560//1694 1558//1694 1565//1694
f 1558//1695 1559//1695 1565//1695
f 1559//1696 1563//1696 1565//1696
f 1560//1697 1567//1697 1582//1697
f 1566//1698 1582//1698 1567//1698
f 1564//1699 1565//1699 1561//1699
f 1565//1700 1562//1700 1561//1700
f 1565//1701 1563//1701 1562//1701
f 1565//1702 1569//1702 1567//1702
f 1567//1703 1570//1703 1566//1703
f 1570//1704 1568//1704 1566//1704
f 1570//1705 1567//1705 1569//1705
f 1571//1704 1568//1704 1570//1704
f 1569//1706 1573//1706 1570//1706
f 1574//1707 1570//1707 1573//1707
f 1570//1708 1574//1708 1571//1708
f 1574//1709 1572//1709 1571//1709
f 1575//1709 1572//1709 1574//1709
f 1578//1710 1574//1710 1576//1710
f 1574//1711 1578//1711 1575//1711
f 1578//1712 1577//1712 1575//1712
f 1579//1712 1577//1712 1578//1712
f 1578//1713 1581//1713 1579//1713
f 1580//1714 1579//1714 1581//1714
f 1585//65 1500//65 1584//65
f 1586//65 1500//65 1585//65
f 1585//1715 1587//1715 1586//1715
f 1588//1716 1586//1716 1587//1716
f 1590//1717 1588//1717 1589//1717
f 1588//1718 1587//1718 1589//1718
f 1593//65 1590//65 1592//65
f 1590//65 1591//65 1592//65
f 1590//1719 1589//1719 1591//1719
f 1591//65 1598//65 1592//65
f 1596//65 1592//65 1598//65
f 1592//65 1595//65 1593//65
f 1595//65 1594//65 1593//65
f 1598//65 1597//65 1596//65
f 1631//1720 1632//1720 1614//1720
f 1446//1721 1442//1721 1607//1721
f 1440//1722 1441//1722 1442//1722
f 1604//1723 1442//1723 1443//1723
f 1442//1724 1441//1724 1443//1724
f 1619//1725 1605//1725 1620//1725
f 1605//1726 1617//1726 1620//1726
f 1605//1727 1619//1727 1613//1727
f 1619//1728 1631//1728 1613//1728
f 1613//1729 1611//1729 1605//1729
f 1618//1730 1606//1730 1612//1730
f 1609//1731 1628//1731 1608//1731
f 1609//1732 1629//1732 1628//1732
f 1608//1733 1610//1733 1609//1733
f 1632//1734 1629//1734 1609//1734
f 1614//1735 1609//1735 1610//1735
f 1609//1736 1614//1736 1632//1736
f 1610//1737 1611//1737 1613//1737
f 1610//1738 1613//1738 1614//1738
f 1631//1739 1614//1739 1613//1739
f 1579//1740 1580//1740 1551//1740
f 1615//1741 1621//1741 1623//1741
f 1623//1742 1616//1742 1615//1742
f 1616//1743 1623//1743 1620//1743
f 1620//1744 1617//1744 1616//1744
f 1581//1745 1621//1745 1580//1745
f 1636//65 1634//65 1626//65
f 1634//65 1627//65 1633//65
f 1627//1746 1628//1746 1633//1746
f 1666//1747 1448//1747 1602//1747
f 1660//1748 1648//1748 1666//1748
f 1666//1749 1638//1749 1448//1749
f 1638//1750 1449//1750 1448//1750
f 1638//1751 1666//1751 1649//1751
f 1666//1752 1648//1752 1649//1752
f 1450//1753 1449//1753 1638//1753
f 1649//1754 1650//1754 1638//1754
f 1638//1755 1639//1755 1450//1755
f 1639//1756 1451//1756 1450//1756
f 1639//1757 1638//1757 1651//1757
f 1638//1758 1650//1758 1651//1758
f 1452//1759 1451//1759 1639//1759
f 1651//1760 1652//1760 1639//1760
f 1639//1761 1640//1761 1452//1761
f 1639//1762 1652//1762 1653//1762
f 1450//1763 1451//1763 1459//1763
f 1642//1764 1641//1764 1626//1764
f 1641//1765 1642//1765 1644//1765
f 1642//1766 1646//1766 1644//1766
f 1626//1767 1633//1767 1642//1767
f 1647//1768 1646//1768 1642//1768
f 1642//1769 1620//1769 1647//1769
f 1620//1770 1642//1770 1619//1770
f 1642//1771 1631//1771 1619//1771
f 1642//1772 1633//1772 1631//1772
f 1647//1773 1620//1773 1623//1773
f 1573//1774 1576//1774 1574//1774
f 1576//1775 1573//1775 1643//1775
f 1576//1776 1645//1776 1578//1776
f 1645//1777 1576//1777 1643//1777
f 1643//1778 1646//1778 1645//1778
f 1644//1779 1646//1779 1643//1779
f 1581//1780 1578//1780 1645//1780
f 1645//1781 1622//1781 1581//1781
f 1622//1782 1645//1782 1646//1782
f 1646//1783 1647//1783 1622//1783
f 1621//1784 1581//1784 1622//1784
f 1622//1785 1623//1785 1621//1785
f 1623//1786 1622//1786 1647//1786
f 1636//65 1626//65 1625//65
f 1634//65 1633//65 1626//65
f 1628//1787 1629//1787 1633//1787
f 1629//65 1632//65 1633//65
f 1633//1788 1632//1788 1631//1788
f 1659//65 1624//65 1658//65
f 1601//1789 1668//1789 1602//1789
f 1602//1790 1668//1790 1637//1790
f 1667//1791 1602//1791 1637//1791
f 1657//1792 1663//1792 1602//1792
f 1667//1793 1657//1793 1602//1793
f 1664//1794 1663//1794 1657//1794
f 1665//1795 1664//1795 1657//1795
f 1661//1796 1665//1796 1657//1796
f 1657//1797 1654//1797 1661//1797
f 1666//1798 1664//1798 1660//1798
f 1666//1799 1602//1799 1663//1799
f 1664//1800 1666//1800 1663//1800
f 1660//1801 1664//1801 1665//1801
f 1660//1802 1665//1802 1661//1802
f 1602//1803 1448//1803 1601//1803
f 1635//1804 1670//1804 1669//1804
f 1624//65 1630//65 1658//65
f 1630//65 1636//65 1658//65
f 1625//65 1658//65 1636//65
f 1699//1805 1696//1806 1684//1806
f 1640//1807 1453//1807 1452//1807
f 1640//1808 1639//1808 1653//1808
f 1454//1809 1453//1809 1640//1809
f 1653//1810 1720//1810 1640//1810
f 1640//1811 1671//1811 1454//1811
f 1671//1812 1455//1812 1454//1812
f 1671//1813 1640//1813 1721//1813
f 1640//1814 1720//1814 1721//1814
f 1456//1815 1455//1815 1671//1815
f 1721//1816 1719//1816 1671//1816
f 1672//1817 1671//1817 1718//1817
f 1671//1818 1719//1818 1718//1818
f 1671//1819 1672//1819 1456//1819
f 1672//1820 1457//1820 1456//1820
f 1700//1821 1457//1821 1672//1821
f 1718//1822 1717//1822 1672//1822
f 1695//1823 1697//1823 1672//1823
f 1697//1824 1698//1824 1672//1824
f 1698//1825 1700//1825 1672//1825
f 1695//1826 1672//1826 1717//1826
f 1717//1827 1716//1827 1695//1827
f 1716//1828 1715//1828 1693//1828
f 1693//1829 1695//1829 1716//1829
f 1456//1830 1457//1830 1488//1830
f 1702//1831 1487//1831 1457//1831
f 1457//1832 1700//1832 1702//1832
f 1788//1833 1792//1833 1738//1833
f 1787//1834 1791//1834 1788//1834
f 1786//1835 1782//1835 1785//1835
f 1786//1836 1789//1836 1787//1836
f 1691//1837 1782//1837 1786//1837
f 1738//1838 1736//1838 1788//1838
f 1673//1839 1788//1839 1736//1839
f 1788//1840 1673//1840 1787//1840
f 1787//1841 1674//1841 1786//1841
f 1674//1840 1787//1840 1673//1840
f 1675//1842 1786//1842 1674//1842
f 1786//1843 1675//1843 1691//1843
f 1675//1844 1690//1844 1691//1844
f 1736//1845 1734//1845 1673//1845
f 1676//1846 1673//1846 1734//1846
f 1673//1847 1676//1847 1674//1847
f 1674//1848 1677//1848 1675//1848
f 1677//1849 1674//1849 1676//1849
f 1688//1850 1690//1850 1675//1850
f 1675//1851 1678//1851 1688//1851
f 1678//1852 1686//1852 1688//1852
f 1678//1853 1675//1853 1677//1853
f 1734//1854 1732//1854 1676//1854
f 1676//1855 1679//1855 1677//1855
f 1679//1856 1676//1856 1730//1856
f 1676//1857 1732//1857 1730//1857
f 1677//1858 1680//1858 1678//1858
f 1680//1855 1677//1855 1679//1855
f 1685//1859 1686//1859 1678//1859
f 1704//1860 1678//1860 1680//1860
f 1678//1861 1704//1861 1685//1861
f 1704//1862 1707//1862 1685//1862
f 1730//1863 1728//1863 1679//1863
f 1679//1864 1681//1864 1680//1864
f 1681//1865 1679//1865 1728//1865
f 1680//1866 1682//1866 1704//1866
f 1682//1867 1680//1867 1681//1867
f 1728//1868 1726//1868 1681//1868
f 1681//1869 1724//1869 1703//1869
f 1681//1870 1726//1870 1724//1870
f 1681//1871 1703//1871 1682//1871
f 1704//1872 1682//1872 1705//1872
f 1682//1873 1703//1873 1705//1873
f 1683//1874 1706//1874 1486//1874
f 1706//1875 1564//1875 1486//1875
f 1706//1876 1683//1876 1708//1876
f 1486//1877 1701//1877 1683//1877
f 1684//1878 1683//1878 1699//1878
f 1683//1879 1701//1879 1699//1879
f 1683//1880 1684//1880 1708//1880
f 1707//1881 1708//1881 1685//1881
f 1708//1882 1687//1882 1685//1882
f 1687//1883 1708//1883 1696//1883
f 1708//1884 1684//1884 1696//1884
f 1686//1885 1685//1885 1687//1885
f 1696//1886 1694//1886 1687//1886
f 1687//1887 1689//1887 1686//1887
f 1689//1888 1688//1888 1686//1888
f 1689//1889 1687//1889 1713//1889
f 1687//1890 1694//1890 1713//1890
f 1713//1891 1714//1891 1689//1891
f 1690//1892 1688//1892 1689//1892
f 1692//1893 1689//1893 1712//1893
f 1689//1894 1714//1894 1712//1894
f 1689//1895 1692//1895 1690//1895
f 1692//1896 1691//1896 1690//1896
f 1712//1897 1711//1897 1692//1897
f 1782//1898 1691//1898 1692//1898
f 1692//1899 1711//1899 1742//1899
f 1692//1900 1742//1900 1782//1900
f 1782//1901 1742//1901 1783//1901
f 1713//1902 1694//1902 1715//1902
f 1694//1903 1693//1903 1715//1903
f 1695//1904 1693//1904 1694//1904
f 1694//1905 1696//1905 1695//1905
f 1697//1906 1695//1906 1696//1906
f 1696//1907 1699//1907 1697//1907
f 1699//1908 1698//1908 1697//1908
f 1700//1909 1698//1909 1699//1909
f 1699//1910 1701//1910 1700//1910
f 1702//1911 1700//1911 1701//1911
f 1701//1912 1486//1912 1702//1912
f 1487//1913 1702//1913 1486//1913
f 1724//1914 1723//1914 1703//1914
f 1723//1915 1705//1915 1703//1915
f 1641//1916 1704//1916 1705//1916
f 1641//1917 1707//1917 1704//1917
f 1641//1918 1709//1918 1707//1918
f 1641//1919 1644//1919 1709//1919
f 1641//1920 1705//1920 1723//1920
f 1723//1921 1625//1921 1641//1921
f 1641//1922 1625//1922 1626//1922
f 1565//1923 1564//1923 1706//1923
f 1710//1924 1706//1924 1708//1924
f 1706//1925 1710//1925 1565//1925
f 1569//1926 1565//1926 1710//1926
f 1707//1927 1709//1927 1708//1927
f 1709//1928 1710//1928 1708//1928
f 1710//1929 1644//1929 1643//1929
f 1710//1930 1709//1930 1644//1930
f 1710//1931 1643//1931 1569//1931
f 1573//1932 1569//1932 1643//1932
f 1648//1933 1660//1933 1742//1933
f 1742//1934 1711//1934 1648//1934
f 1649//545 1648//545 1711//545
f 1711//545 1712//545 1649//545
f 1650//545 1649//545 1712//545
f 1712//545 1714//545 1650//545
f 1651//545 1650//545 1715//545
f 1650//545 1714//545 1715//545
f 1714//545 1713//545 1715//545
f 1715//545 1716//545 1651//545
f 1652//545 1651//545 1716//545
f 1716//545 1717//545 1652//545
f 1653//545 1652//545 1717//545
f 1717//545 1718//545 1653//545
f 1720//545 1653//545 1718//545
f 1718//545 1719//545 1720//545
f 1721//545 1720//545 1719//545
f 1732//65 1734//65 1733//65
f 1730//65 1732//65 1731//65
f 1728//65 1730//65 1729//65
f 1726//65 1728//65 1727//65
f 1725//65 1724//65 1726//65
f 1723//65 1724//65 1658//65
f 1724//65 1725//65 1658//65
f 1727//65 1725//65 1726//65
f 1729//65 1727//65 1728//65
f 1731//65 1729//65 1730//65
f 1733//65 1731//65 1732//65
f 1735//65 1733//65 1734//65
f 1734//65 1736//65 1735//65
f 1737//65 1735//65 1736//65
f 1736//65 1738//65 1737//65
f 1739//65 1737//65 1738//65
f 1738//65 1740//65 1739//65
f 1741//65 1739//65 1740//65
f 1742//1935 1660//1935 1661//1935
f 1743//1936 1742//1936 1661//1936
f 1654//1937 1744//1937 1745//1937
f 1654//545 1745//545 1746//545
f 1654//545 1746//545 1747//545
f 1654//545 1747//545 1748//545
f 1654//545 1748//545 1749//545
f 1654//545 1749//545 1750//545
f 1654//545 1750//545 1751//545
f 1654//545 1751//545 1752//545
f 1654//545 1752//545 1743//545
f 1661//1938 1654//1938 1743//1938
f 1722//1939 1744//1939 1654//1939
f 1752//1940 1753//1940 1754//1940
f 1743//1941 1752//1941 1754//1941
f 1755//1942 1753//1942 1752//1942
f 1752//1943 1751//1943 1755//1943
f 1756//1944 1755//1944 1751//1944
f 1751//1945 1750//1945 1756//1945
f 1757//1946 1756//1946 1750//1946
f 1750//1947 1749//1947 1757//1947
f 1758//1948 1757//1948 1749//1948
f 1749//1949 1748//1949 1758//1949
f 1759//1950 1758//1950 1748//1950
f 1748//1951 1747//1951 1759//1951
f 1746//1952 1745//1952 1760//1952
f 1745//1953 1744//1953 1760//1953
f 1656//1954 1761//1954 1722//1954
f 1753//1955 1768//1955 1769//1955
f 1754//1956 1753//1956 1769//1956
f 1770//1957 1739//1957 1741//1957
f 1770//1958 1741//1958 1771//1958
f 1770//1959 1771//1959 1772//1959
f 1773//1960 1770//1960 1772//1960
f 1773//1961 1772//1961 1774//1961
f 1773//1962 1774//1962 1775//1962
f 1768//1963 1773//1963 1775//1963
f 1773//1964 1768//1964 1753//1964
f 1753//1965 1755//1965 1773//1965
f 1737//1966 1739//1966 1770//1966
f 1776//1967 1735//1967 1737//1967
f 1770//1968 1776//1968 1737//1968
f 1776//1969 1770//1969 1773//1969
f 1773//1970 1755//1970 1756//1970
f 1777//1971 1773//1971 1756//1971
f 1773//1972 1777//1972 1776//1972
f 1756//1973 1757//1973 1777//1973
f 1733//1974 1735//1974 1776//1974
f 1778//1975 1776//1975 1777//1975
f 1776//1976 1778//1976 1733//1976
f 1777//1977 1779//1977 1778//1977
f 1777//1978 1757//1978 1758//1978
f 1779//1979 1777//1979 1758//1979
f 1731//1980 1733//1980 1778//1980
f 1758//1981 1759//1981 1779//1981
f 1780//1982 1778//1982 1779//1982
f 1780//1983 1729//1983 1731//1983
f 1778//1984 1780//1984 1731//1984
f 1779//1985 1764//1985 1780//1985
f 1779//1986 1759//1986 1760//1986
f 1779//1987 1760//1987 1764//1987
f 1727//1988 1729//1988 1780//1988
f 1781//1989 1780//1989 1764//1989
f 1780//1990 1781//1990 1727//1990
f 1725//1991 1727//1991 1781//1991
f 1764//1992 1760//1992 1761//1992
f 1764//1993 1662//1993 1763//1993
f 1781//1994 1762//1994 1765//1994
f 1766//1995 1781//1995 1765//1995
f 1781//1996 1766//1996 1725//1996
f 1725//1997 1766//1997 1767//1997
f 1658//1998 1725//1998 1767//1998
f 1782//1999 1783//1999 1784//1999
f 1785//2000 1782//2000 1784//2000
f 1786//2001 1785//2001 1790//2001
f 1789//2002 1786//2002 1790//2002
f 1787//2003 1789//2003 1791//2003
f 1788//2004 1791//2004 1792//2004
f 1738//2005 1792//2005 1793//2005
f 1740//2006 1738//2006 1793//2006
f 1785//1619 1784//1619 1754//1619
f 1754//1619 1784//1619 1783//1619
f 1754//2007 1783//2007 1742//2007
f 1743//2008 1754//2008 1742//2008
f 1740//2009 1793//2009 1741//2009
f 1771//2010 1741//2010 1793//2010
f 1793//2011 1792//2011 1771//2011
f 1772//2012 1771//2012 1792//2012
f 1792//2013 1791//2013 1772//2013
f 1774//2014 1772//2014 1791//2014
f 1775//2015 1774//2015 1791//2015
f 1791//2016 1789//2016 1775//2016
f 1768//2017 1775//2017 1789//2017
f 1789//2018 1790//2018 1768//2018
f 1769//2019 1768//2019 1790//2019
f 1790//2020 1785//2020 1769//2020
f 1754//2021 1769//2021 1785//2021
f 1762//2022 1764//2022 1763//2022
f 1762//2023 1781//2023 1764//2023
f 1656//2024 1662//2024 1761//2024
f 1761//2025 1662//2025 1764//2025
f 1722//2026 1761//2026 1744//2026
f 1744//1953 1761//1953 1760//1953
f 1746//2027 1760//2027 1759//2027
f 1746//2028 1759//2028 1747//2028
f 1625//65 1723//65 1658//65
f 1655//2029 1654//2029 1657//2029
f 1794//2030 1634//2030 1636//2030
f 1796//65 1799//65 1658//65
f 1795//2031 1796//2031 1658//2031
f 1634//2032 1794//2032 1831//2032
f 1635//2033 1829//2033 1830//2033
f 1635//2034 1830//2034 1831//2034
f 1831//2035 1794//2035 1635//2035
f 1635//2036 1794//2036 1636//2036
f 1635//182 1636//182 1800//182
f 1800//182 1797//182 1798//182
f 1800//182 1636//182 1797//182
f 1799//65 1659//65 1658//65
f 1621//2037 1801//2037 1580//2037
f 1803//2038 1618//2038 1802//2038
f 1802//2039 1804//2039 1803//2039
f 1617//2040 1803//2040 1804//2040
f 1804//2041 1616//2041 1617//2041
f 1805//2042 1806//2042 1807//2042
f 1808//2043 1802//2043 1618//2043
f 1808//2044 1618//2044 1809//2044
f 1808//2045 1809//2045 1806//2045
f 1806//2046 1805//2046 1810//2046
f 1808//2047 1806//2047 1810//2047
f 1804//2048 1802//2048 1808//2048
f 1810//2049 1811//2049 1808//2049
f 1615//2050 1616//2050 1804//2050
f 1808//2051 1615//2051 1804//2051
f 1615//2052 1808//2052 1811//2052
f 1811//2053 1812//2053 1615//2053
f 1621//2054 1615//2054 1812//2054
f 1812//2055 1801//2055 1621//2055
f 1813//2056 1817//2056 1814//2056
f 1814//2057 1812//2057 1815//2057
f 1814//2058 1817//2058 1801//2058
f 1814//2059 1801//2059 1812//2059
f 1815//2060 1812//2060 1811//2060
f 1815//2061 1811//2061 1816//2061
f 1816//2062 1811//2062 1810//2062
f 1818//2063 1810//2063 1805//2063
f 1580//2064 1801//2064 1817//2064
f 1552//2065 1817//2065 1813//2065
f 1551//2066 1580//2066 1817//2066
f 1819//2067 1820//2067 1612//2067
f 1819//2068 1612//2068 1611//2068
f 1610//2069 1819//2069 1611//2069
f 1821//2070 1820//2070 1819//2070
f 1822//2071 1819//2071 1610//2071
f 1819//2072 1822//2072 1821//2072
f 1610//2073 1608//2073 1822//2073
f 1823//2074 1821//2074 1822//2074
f 1822//2075 1824//2075 1823//2075
f 1824//2076 1822//2076 1608//2076
f 1608//2077 1825//2077 1824//2077
f 1825//2078 1608//2078 1628//2078
f 1826//2079 1823//2079 1824//2079
f 1628//2080 1827//2080 1825//2080
f 1827//2081 1628//2081 1627//2081
f 1828//2082 1826//2082 1824//2082
f 1828//2083 1824//2083 1825//2083
f 1627//2084 1634//2084 1827//2084
f 1829//2085 1828//2085 1825//2085
f 1825//2086 1830//2086 1829//2086
f 1830//2087 1825//2087 1827//2087
f 1831//2088 1827//2088 1634//2088
f 1827//2089 1831//2089 1830//2089
f 1635//2090 1826//2090 1828//2090
f 1635//2091 1828//2091 1829//2091
f 1826//2092 1607//2092 1823//2092
f 1821//2093 1823//2093 1607//2093
f 1820//2094 1821//2094 1607//2094
f 1607//2095 1832//2095 1820//2095
f 1820//2096 1832//2096 1833//2096
f 1612//2097 1820//2097 1833//2097
f 1834//2098 1612//2098 1833//2098
f 1835//2099 1834//2099 1833//2099
f 1833//2100 1836//2100 1835//2100
f 1835//2101 1836//2101 1837//2101
f 1834//2102 1835//2102 1838//2102
f 1838//2103 1618//2103 1834//2103
f 1612//2104 1834//2104 1618//2104
f 1618//2105 1803//2105 1606//2105
f 1839//2106 1611//2106 1612//2106
f 1839//2107 1612//2107 1606//2107
f 1839//2108 1606//2108 1803//2108
f 1839//2109 1605//2109 1611//2109
f 1839//2110 1803//2110 1617//2110
f 1605//2111 1839//2111 1617//2111
f 1841//2112 1840//2112 1818//2112
f 1842//2113 1818//2113 1805//2113
f 1818//2114 1842//2114 1841//2114
f 1805//2115 1807//2115 1842//2115
f 1843//2116 1842//2116 1807//2116
f 1843//2117 1844//2117 1841//2117
f 1842//2118 1843//2118 1841//2118
f 1807//2119 1806//2119 1843//2119
f 1845//2120 1843//2120 1806//2120
f 1843//2121 1845//2121 1844//2121
f 1806//2122 1809//2122 1845//2122
f 1838//2123 1837//2123 1844//2123
f 1845//2124 1838//2124 1844//2124
f 1845//2125 1809//2125 1618//2125
f 1845//2126 1618//2126 1838//2126
f 1837//2127 1838//2127 1835//2127
f 1846//2128 1848//2128 1847//2128
f 1846//2129 1840//2129 1841//2129
f 1848//2130 1846//2130 1841//2130
f 1847//2131 1604//2131 1444//2131
f 1604//2128 1847//2128 1848//2128
f 1443//2132 1444//2132 1604//2132
f 1848//2133 1849//2133 1604//2133
f 1442//2134 1604//2134 1849//2134
f 1849//2135 1607//2135 1442//2135
f 1832//2136 1607//2136 1849//2136
f 1833//2137 1832//2137 1849//2137
f 1849//2138 1836//2138 1833//2138
f 1849//2139 1844//2139 1837//2139
f 1849//2140 1837//2140 1836//2140
f 1841//2141 1849//2141 1848//2141
f 1841//2142 1844//2142 1849//2142
f 1635//2143 1607//2143 1826//2143
f 1635//2144 1446//2144 1607//2144
f 1960//2145 1952//2145 1953//2145
f 1951//2146 1952//2146 1960//2146
f 1960//2147 1961//2147 1951//2147
f 1961//2148 1950//2148 1951//2148
f 1949//2149 1950//2149 1961//2149
f 1948//2150 1949//2150 1961//2150
f 1961//2151 1958//2151 1948//2151
f 1947//2152 1948//2152 1958//2152
f 1946//2153 1947//2153 1958//2153
f 1959//2154 1945//2154 1946//2154
f 1944//2155 1945//2155 1959//2155
f 1445//2156 1444//2156 1478//2156
f 1857//2157 1445//2157 1481//2157
f 1481//2158 1482//2158 1857//2158
f 1858//2159 1857//2159 1482//2159
f 1482//2160 1485//2160 1858//2160
f 1861//2161 1858//2161 1485//2161
f 1485//2162 1870//2162 1861//2162
f 1864//2163 1861//2163 1870//2163
f 1870//2164 1871//2164 1864//2164
f 1863//2165 1864//2165 1872//2165
f 1953//2166 1962//2166 1960//2166
f 1954//2167 1850//2167 1953//2167
f 1850//2168 1954//2168 1956//2168
f 1851//2169 1905//2169 1904//2169
f 1851//2170 1957//2170 1905//2170
f 1851//2171 1956//2171 1957//2171
f 1904//2172 1903//2172 1852//2172
f 1853//2173 1852//2173 1898//2173
f 1898//2174 1895//2174 1853//2174
f 1852//2175 1901//2175 1898//2175
f 1852//2176 1903//2176 1901//2176
f 1893//2177 1866//2177 1895//2177
f 1866//2178 1853//2178 1895//2178
f 1854//2179 1853//2179 1866//2179
f 1866//2180 1867//2180 1854//2180
f 1867//2181 1868//2181 1855//2181
f 1868//2182 1862//2182 1856//2182
f 1856//2183 1862//2183 1863//2183
f 1444//2184 1445//2184 1847//2184
f 1883//2185 1840//2185 1846//2185
f 1859//2186 1847//2186 1857//2186
f 1847//2187 1445//2187 1857//2187
f 1847//2188 1859//2188 1846//2188
f 1860//2188 1846//2188 1859//2188
f 1846//2189 1860//2189 1883//2189
f 1860//2190 1885//2190 1883//2190
f 1857//2191 1858//2191 1859//2191
f 1887//2192 1885//2192 1860//2192
f 1865//2193 1859//2193 1861//2193
f 1859//2194 1858//2194 1861//2194
f 1859//2195 1865//2195 1860//2195
f 1869//2195 1860//2195 1865//2195
f 1860//2196 1869//2196 1887//2196
f 1869//2197 1889//2197 1887//2197
f 1861//2198 1864//2198 1865//2198
f 1891//2199 1889//2199 1869//2199
f 1865//2200 1868//2200 1869//2200
f 1865//2201 1862//2201 1868//2201
f 1865//2202 1863//2202 1862//2202
f 1865//2203 1864//2203 1863//2203
f 1893//2204 1869//2204 1866//2204
f 1869//2205 1867//2205 1866//2205
f 1869//2206 1868//2206 1867//2206
f 1869//2207 1893//2207 1891//2207
f 1873//2208 1874//2208 1875//2208
f 1873//2209 1941//2209 1874//2209
f 1873//2210 1912//2210 1941//2210
f 1941//2211 1942//2211 1874//2211
f 1942//2212 1875//2212 1874//2212
f 1942//2213 1877//2213 1875//2213
f 1878//2214 1876//2214 1877//2214
f 1878//2215 1877//2215 1942//2215
f 1942//2216 1939//2216 1878//2216
f 1879//2217 1878//2217 1939//2217
f 1878//2218 1879//2218 1880//2218
f 1939//2219 1937//2219 1879//2219
f 1879//2220 1899//2220 1881//2220
f 1879//2221 1896//2221 1899//2221
f 1879//2222 1892//2222 1896//2222
f 1879//2223 1937//2223 1892//2223
f 1882//2224 1913//2224 1818//2224
f 1882//2225 1818//2225 1840//2225
f 1840//2226 1883//2226 1882//2226
f 1915//2227 1913//2227 1882//2227
f 1884//2228 1882//2228 1883//2228
f 1882//2229 1884//2229 1915//2229
f 1883//2230 1885//2230 1884//2230
f 1921//2231 1915//2231 1884//2231
f 1886//2232 1884//2232 1885//2232
f 1884//2233 1886//2233 1921//2233
f 1885//2234 1887//2234 1886//2234
f 1927//2235 1921//2235 1886//2235
f 1888//2236 1886//2236 1887//2236
f 1886//2237 1888//2237 1927//2237
f 1933//2238 1927//2238 1888//2238
f 1887//2239 1889//2239 1888//2239
f 1888//2240 1890//2240 1933//2240
f 1890//2241 1888//2241 1889//2241
f 1935//2242 1933//2242 1890//2242
f 1889//2243 1891//2243 1890//2243
f 1894//2244 1890//2244 1891//2244
f 1890//2245 1894//2245 1935//2245
f 1892//2246 1935//2246 1894//2246
f 1891//2247 1893//2247 1894//2247
f 1894//2248 1897//2248 1892//2248
f 1897//2249 1894//2249 1895//2249
f 1894//2250 1893//2250 1895//2250
f 1896//2251 1892//2251 1897//2251
f 1895//2252 1898//2252 1897//2252
f 1897//2253 1902//2253 1896//2253
f 1902//2254 1899//2254 1896//2254
f 1902//2255 1897//2255 1898//2255
f 1898//2256 1901//2256 1902//2256
f 1902//2257 1903//2257 1899//2257
f 1903//2258 1900//2258 1899//2258
f 1902//2259 1901//2259 1903//2259
f 1903//2260 1904//2260 1900//2260
f 1904//2261 1905//2261 1900//2261
f 1905//2262 1957//2262 1900//2262
f 1552//2263 1547//2263 1551//2263
f 1548//2264 1907//2264 1549//2264
f 1907//2265 1548//2265 1552//2265
f 1908//2266 1549//2266 1907//2266
f 1549//2267 1908//2267 1550//2267
f 1910//2268 1550//2268 1908//2268
f 1550//2269 1910//2269 1906//2269
f 1910//2270 1909//2270 1906//2270
f 1551//2271 1817//2271 1552//2271
f 1552//2272 1918//2272 1907//2272
f 1918//2273 1552//2273 1914//2273
f 1552//2274 1813//2274 1914//2274
f 1925//2275 1907//2275 1920//2275
f 1907//2276 1918//2276 1920//2276
f 1907//2277 1925//2277 1908//2277
f 1908//2278 1928//2278 1910//2278
f 1908//2279 1926//2279 1928//2279
f 1908//2280 1925//2280 1926//2280
f 1912//2281 1909//2281 1910//2281
f 1911//2282 1910//2282 1934//2282
f 1910//2283 1931//2283 1934//2283
f 1910//2284 1928//2284 1931//2284
f 1910//2285 1911//2285 1912//2285
f 1941//2286 1912//2286 1943//2286
f 1912//2287 1911//2287 1943//2287
f 1816//2288 1810//2288 1818//2288
f 1818//2289 1913//2289 1816//2289
f 1816//2290 1916//2290 1815//2290
f 1916//2291 1816//2291 1915//2291
f 1816//2292 1913//2292 1915//2292
f 1917//2293 1815//2293 1916//2293
f 1815//2294 1917//2294 1814//2294
f 1919//2295 1814//2295 1917//2295
f 1814//2296 1919//2296 1813//2296
f 1919//2297 1914//2297 1813//2297
f 1918//2298 1914//2298 1919//2298
f 1915//2299 1921//2299 1916//2299
f 1916//2300 1922//2300 1917//2300
f 1922//2301 1916//2301 1921//2301
f 1923//2302 1917//2302 1922//2302
f 1917//2303 1923//2303 1919//2303
f 1919//2304 1924//2304 1918//2304
f 1924//2305 1920//2305 1918//2305
f 1924//2306 1919//2306 1923//2306
f 1925//2307 1920//2307 1924//2307
f 1921//2308 1927//2308 1922//2308
f 1922//2309 1929//2309 1923//2309
f 1929//2310 1922//2310 1927//2310
f 1923//2311 1930//2311 1924//2311
f 1930//2312 1923//2312 1929//2312
f 1932//2313 1924//2313 1930//2313
f 1924//2314 1932//2314 1925//2314
f 1932//2315 1926//2315 1925//2315
f 1932//2316 1928//2316 1926//2316
f 1927//2317 1933//2317 1929//2317
f 1931//2318 1928//2318 1932//2318
f 1936//2319 1929//2319 1933//2319
f 1929//2320 1936//2320 1930//2320
f 1930//2321 1938//2321 1932//2321
f 1938//2322 1930//2322 1936//2322
f 1932//2323 1940//2323 1931//2323
f 1940//2324 1934//2324 1931//2324
f 1940//2325 1932//2325 1938//2325
f 1933//2326 1935//2326 1936//2326
f 1911//2327 1934//2327 1940//2327
f 1936//2328 1937//2328 1938//2328
f 1936//2329 1892//2329 1937//2329
f 1936//2330 1935//2330 1892//2330
f 1938//2331 1937//2331 1939//2331
f 1938//2332 1939//2332 1940//2332
f 1940//2333 1942//2333 1911//2333
f 1942//2334 1943//2334 1911//2334
f 1940//2335 1939//2335 1942//2335
f 1941//2336 1943//2336 1942//2336
f 1955//2337 1951//2337 1950//2337
f 1955//2338 1952//2338 1951//2338
f 1955//2339 1953//2339 1952//2339
f 1955//2340 1954//2340 1953//2340
f 1955//2341 1956//2341 1954//2341
f 1900//2342 1957//2342 1956//2342
f 1981//2343 1983//2343 1984//2343
f 1981//2344 1984//2344 1985//2344
f 1986//2345 1981//2345 1985//2345
f 1906//2346 1990//2346 1550//2346
f 1545//2347 1550//2347 1990//2347
f 1990//2348 2010//2348 1545//2348
f 1545//2349 1991//2349 1544//2349
f 1991//2350 1545//2350 2010//2350
f 2010//2351 2015//2351 1991//2351
f 1992//2352 1502//2352 1513//2352
f 1993//2353 1992//2353 1513//2353
f 1994//2354 1993//2354 1513//2354
f 1994//2355 1513//2355 1995//2355
f 1996//2356 1994//2356 1995//2356
f 1997//2356 1996//2356 1995//2356
f 1998//2357 1997//2357 1995//2357
f 1971//2358 1998//2358 1995//2358
f 1999//2359 1998//2359 1971//2359
f 1878//2360 2000//2360 1876//2360
f 2001//2361 1877//2361 1876//2361
f 2001//2362 1876//2362 2000//2362
f 2001//2363 2000//2363 2002//2363
f 1877//2364 1873//2364 1875//2364
f 1873//2365 1877//2365 2001//2365
f 1909//2210 1912//2210 1873//2210
f 2002//2366 2003//2366 2001//2366
f 2001//2367 2004//2367 1873//2367
f 2004//2368 2001//2368 2003//2368
f 2005//2369 1873//2369 2004//2369
f 1873//2370 2005//2370 1909//2370
f 1906//2371 1909//2371 2005//2371
f 2003//2372 2006//2372 2004//2372
f 2007//2373 2004//2373 2006//2373
f 2004//2374 2007//2374 2005//2374
f 2006//2375 2008//2375 2007//2375
f 2009//2376 1990//2376 1906//2376
f 2005//2377 2009//2377 1906//2377
f 2009//2378 2005//2378 2007//2378
f 2010//2379 1990//2379 2009//2379
f 2007//2380 2011//2380 2009//2380
f 2007//2381 2008//2381 2012//2381
f 2011//2382 2007//2382 2012//2382
f 2012//2383 2013//2383 2011//2383
f 2014//2384 2009//2384 2011//2384
f 2009//2385 2014//2385 2010//2385
f 2015//2386 2010//2386 2014//2386
f 2016//2387 2011//2387 2013//2387
f 2011//2388 2016//2388 2014//2388
f 2013//2389 2017//2389 2016//2389
f 2014//2390 2018//2390 2015//2390
f 2018//2391 2014//2391 2016//2391
f 2016//2392 2017//2392 2019//2392
f 1974//545 2013//545 2020//545
f 2013//545 1974//545 1986//545
f 2013//2393 1986//2393 1985//2393
f 2013//2394 1985//2394 2021//2394
f 2017//2395 2013//2395 2021//2395
f 2022//2396 1983//2396 2023//2396
f 1982//2397 2023//2397 1983//2397
f 2022//2398 2024//2398 1983//2398
f 1984//2399 1983//2399 2024//2399
f 2024//2400 2021//2400 1984//2400
f 1985//2401 1984//2401 2021//2401
f 2025//2402 2026//2402 1964//2402
f 1965//2403 1964//2403 2026//2403
f 2026//2404 2027//2404 1965//2404
f 1966//2405 1965//2405 2027//2405
f 2027//2406 2028//2406 1966//2406
f 1967//2407 1966//2407 2028//2407
f 2028//2408 2029//2408 1967//2408
f 1968//2409 1967//2409 2029//2409
f 2029//2410 2030//2410 1968//2410
f 1969//2411 1968//2411 2030//2411
f 2030//2412 2031//2412 1969//2412
f 1970//2413 1969//2413 2031//2413
f 2031//2414 1999//2414 1970//2414
f 1971//2415 1970//2415 1999//2415
f 1999//2416 2031//2416 1998//2416
f 2032//2417 1998//2417 2031//2417
f 2032//2418 2033//2418 1996//2418
f 2032//2419 1996//2419 1997//2419
f 1998//2420 2032//2420 1997//2420
f 2034//2421 2033//2421 2032//2421
f 2031//2422 2030//2422 2032//2422
f 2032//2423 2030//2423 2029//2423
f 2035//2424 2032//2424 2029//2424
f 2035//2425 2036//2425 2034//2425
f 2032//2426 2035//2426 2034//2426
f 2037//2427 2036//2427 2035//2427
f 2029//2428 2028//2428 2035//2428
f 2035//2429 2028//2429 2027//2429
f 2038//2430 2035//2430 2027//2430
f 2038//2431 2039//2431 2037//2431
f 2035//2432 2038//2432 2037//2432
f 2040//2433 2039//2433 2038//2433
f 2027//2434 2026//2434 2038//2434
f 2038//2435 2043//2435 2040//2435
f 2038//2436 2026//2436 2025//2436
f 2038//2437 2025//2437 2041//2437
f 2038//2438 2041//2438 2042//2438
f 2043//2439 2038//2439 2042//2439
f 2040//2440 2043//2440 2044//2440
f 2045//2441 2040//2441 2044//2441
f 1872//2442 2046//2442 2045//2442
f 2040//2443 2045//2443 2046//2443
f 2046//2444 2047//2444 2040//2444
f 2039//2445 2040//2445 2047//2445
f 2047//2446 2048//2446 2039//2446
f 2037//2447 2039//2447 2048//2447
f 2048//2448 2049//2448 2037//2448
f 2036//2449 2037//2449 2049//2449
f 2049//2450 2050//2450 2036//2450
f 2034//2451 2036//2451 2050//2451
f 2050//2452 2051//2452 2034//2452
f 2033//2453 2034//2453 2051//2453
f 2051//2454 1994//2454 2033//2454
f 1996//2455 2033//2455 1994//2455
f 1871//2456 2047//2456 2046//2456
f 1872//2457 1871//2457 2046//2457
f 2052//2458 2050//2458 2049//2458
f 2052//2459 2049//2459 2048//2459
f 2047//2460 2052//2460 2048//2460
f 2052//2461 2047//2461 1871//2461
f 2053//2462 1993//2462 1994//2462
f 2053//2463 1994//2463 2051//2463
f 2053//2464 2051//2464 2050//2464
f 2053//2465 2050//2465 2052//2465
f 1871//2466 1870//2466 2052//2466
f 1992//2467 1993//2467 2053//2467
f 2052//2468 1870//2468 1485//2468
f 1484//2469 2052//2469 1485//2469
f 2052//2470 1484//2470 2053//2470
f 1483//2471 1502//2471 1992//2471
f 2053//2472 1483//2472 1992//2472
f 1483//2470 2053//2470 1484//2470
f 1503//2473 1502//2473 1483//2473
f 2054//2474 1856//2474 1863//2474
f 1856//2475 1855//2475 1868//2475
f 1855//2476 1854//2476 1867//2476
f 1852//2477 1851//2477 1904//2477
f 2025//2478 1963//2478 2055//2478
f 1964//2478 1963//2478 2025//2478
f 2045//2479 2044//2479 2054//2479
f 2056//2480 2054//2480 2044//2480
f 2044//2481 2043//2481 2056//2481
f 2057//2482 2056//2482 2043//2482
f 2043//2483 2042//2483 2057//2483
f 2058//2484 2057//2484 2042//2484
f 2042//2485 2041//2485 2058//2485
f 2059//2486 2058//2486 2041//2486
f 2041//2487 2025//2487 2059//2487
f 2055//2488 2059//2488 2025//2488
f 2054//2489 1863//2489 2045//2489
f 1872//2489 2045//2489 1863//2489
f 1864//2490 1871//2490 1872//2490
f 2060//2491 2061//2491 2062//2491
f 2008//2492 2063//2492 2064//2492
f 2012//2493 2008//2493 2064//2493
f 2065//2494 2060//2494 2062//2494
f 2065//2495 2062//2495 2066//2495
f 2063//2496 2065//2496 2066//2496
f 2065//2497 2063//2497 2008//2497
f 2067//2498 2060//2498 2065//2498
f 2067//2499 1989//2499 2060//2499
f 2008//2500 2006//2500 2065//2500
f 2065//2501 2068//2501 2067//2501
f 2068//2502 2065//2502 2006//2502
f 1988//2503 1989//2503 2067//2503
f 2067//2504 2069//2504 1988//2504
f 2069//2505 2067//2505 2068//2505
f 2006//2506 2003//2506 2068//2506
f 1987//2507 1988//2507 2069//2507
f 2068//2508 2070//2508 2069//2508
f 2070//2509 2068//2509 2003//2509
f 2003//2510 2002//2510 2070//2510
f 2071//2511 2069//2511 2070//2511
f 1980//2512 1979//2512 2061//2512
f 2062//2513 2061//2513 1979//2513
f 1979//2514 1978//2514 2062//2514
f 2066//2515 2062//2515 1978//2515
f 1978//2516 1977//2516 2066//2516
f 2063//2517 2066//2517 1977//2517
f 1977//2518 1976//2518 2063//2518
f 2064//2519 2063//2519 1976//2519
f 1975//2520 2012//2520 2064//2520
f 1976//2521 1975//2521 2064//2521
f 2013//2522 2012//2522 1975//2522
f 1975//2523 1973//2523 2013//2523
f 1973//2524 1972//2524 2013//2524
f 2013//2525 1972//2525 2020//2525
f 1800//2526 1995//2526 1513//2526
f 1800//2527 1513//2527 1603//2527
f 2090//2528 2072//2528 2144//2528
f 2144//2529 2072//2529 2149//2529
f 2149//2530 2072//2530 2079//2530
f 2121//2531 2149//2531 2079//2531
f 2123//2532 2121//2532 2079//2532
f 2123//2533 2079//2533 2081//2533
f 2124//2534 2123//2534 2081//2534
f 2124//2535 2081//2535 2083//2535
f 2126//2536 2124//2536 2083//2536
f 2126//2537 2083//2537 2085//2537
f 2129//2538 2126//2538 2085//2538
f 2129//2539 2085//2539 2086//2539
f 2131//2540 2129//2540 2086//2540
f 2131//2541 2086//2541 2087//2541
f 2131//2542 2087//2542 2132//2542
f 2134//2543 2132//2543 2087//2543
f 2092//2544 2093//2544 2073//2544
f 2101//65 2159//65 2100//65
f 2154//65 2100//65 2159//65
f 2072//2545 2077//2545 2079//2545
f 2088//2546 2091//2546 2077//2546
f 2077//2547 2072//2547 2088//2547
f 2072//2548 2089//2548 2088//2548
f 2072//2549 2090//2549 2089//2549
f 2091//2550 2092//2550 2073//2550
f 2073//2551 2077//2551 2091//2551
f 2073//2552 2094//2552 2074//2552
f 2073//2553 2093//2553 2094//2553
f 2075//2554 2073//2554 2074//2554
f 2073//2555 2075//2555 2077//2555
f 2075//2556 2076//2556 2077//2556
f 2096//2557 2095//2557 2078//2557
f 2078//2558 2074//2558 2096//2558
f 2074//2559 2094//2559 2096//2559
f 2074//2560 2078//2560 2075//2560
f 2078//2561 2076//2561 2075//2561
f 2078//2562 2077//2562 2076//2562
f 2079//2563 2077//2563 2078//2563
f 2078//2564 2080//2564 2079//2564
f 2081//2565 2079//2565 2080//2565
f 2080//65 2082//65 2081//65
f 2083//65 2081//65 2082//65
f 2085//65 2083//65 2084//65
f 2102//65 2086//65 2085//65
f 2087//65 2086//65 2102//65
f 2121//2566 2122//2566 1525//2566
f 1525//2567 2138//2567 2121//2567
f 2138//2568 2149//2568 2121//2568
f 2149//2569 2138//2569 2148//2569
f 2144//2570 2146//2570 2147//2570
f 2149//2571 2146//2571 2144//2571
f 2116//2572 2111//2572 2115//2572
f 2111//2573 2114//2573 2115//2573
f 2150//2574 2114//2574 2111//2574
f 2111//2575 2110//2575 2150//2575
f 2140//2576 2150//2576 2110//2576
f 2110//2577 2109//2577 2140//2577
f 2141//2578 2140//2578 2109//2578
f 2109//2579 2108//2579 2141//2579
f 2143//2580 2141//2580 2108//2580
f 2108//2581 2106//2581 2089//2581
f 2089//2582 2143//2582 2108//2582
f 2106//2583 2088//2583 2089//2583
f 2106//2584 2091//2584 2088//2584
f 2143//2585 2090//2585 2144//2585
f 2143//2586 2089//2586 2090//2586
f 2106//2587 2105//2587 2091//2587
f 2092//2588 2091//2588 2105//2588
f 2105//2589 2103//2589 2092//2589
f 2103//2590 2093//2590 2092//2590
f 2094//2591 2093//2591 2096//2591
f 2093//2592 2103//2592 2096//2592
f 2104//2593 2096//2593 2103//2593
f 2100//2594 2154//2594 2098//2594
f 2155//2595 2098//2595 2154//2595
f 2113//2596 2097//2596 2157//2596
f 2156//2597 2157//2597 2097//2597
f 2097//2598 2098//2598 2156//2598
f 2155//2599 2156//2599 2098//2599
f 2099//2600 2100//2600 2022//2600
f 2021//2601 2097//2601 2113//2601
f 2021//2602 2098//2602 2097//2602
f 2021//2603 2100//2603 2098//2603
f 2021//2604 2024//2604 2100//2604
f 2024//2605 2022//2605 2100//2605
f 2107//545 2104//545 2105//545
f 2104//545 2103//545 2105//545
f 2105//545 2106//545 2107//545
f 2106//545 2108//545 2107//545
f 2112//2606 2107//2606 2108//2606
f 2108//2607 2109//2607 2112//2607
f 2112//2608 2109//2608 2110//2608
f 2110//2609 2111//2609 2112//2609
f 2112//2610 2116//2610 2161//2610
f 2112//2611 2111//2611 2116//2611
f 2116//2612 2019//2612 2113//2612
f 2113//2613 2161//2613 2116//2613
f 2113//2614 2158//2614 2161//2614
f 2113//2615 2160//2615 2158//2615
f 2157//2616 2160//2616 2113//2616
f 2021//2617 2113//2617 2017//2617
f 2113//2612 2019//2612 2017//2612
f 2150//2618 2152//2618 2114//2618
f 2117//2619 2114//2619 2152//2619
f 2114//2620 2117//2620 2115//2620
f 2115//2621 2118//2621 2116//2621
f 2118//2622 2115//2622 2117//2622
f 2019//2623 2116//2623 2118//2623
f 2152//2624 2015//2624 2117//2624
f 2015//2625 2018//2625 2117//2625
f 2117//2626 2018//2626 2118//2626
f 2016//2627 2118//2627 2018//2627
f 2118//2628 2016//2628 2019//2628
f 1531//2629 2119//2629 1583//2629
f 1531//2630 2135//2630 2119//2630
f 1531//2631 1525//2631 2135//2631
f 2120//2632 1583//2632 2119//2632
f 2120//2633 2119//2633 2136//2633
f 2119//2634 2135//2634 2136//2634
f 2123//2635 2122//2635 2121//2635
f 2136//2636 2135//2636 2122//2636
f 2125//2637 2122//2637 2124//2637
f 2122//2638 2123//2638 2124//2638
f 2122//2639 2125//2639 2136//2639
f 2124//2640 2126//2640 2125//2640
f 2125//2641 2127//2641 2136//2641
f 2127//2642 2137//2642 2136//2642
f 2127//2643 2125//2643 2126//2643
f 2128//2644 2127//2644 2126//2644
f 2126//2645 2129//2645 2128//2645
f 2130//2646 2128//2646 2129//2646
f 2129//2647 2131//2647 2130//2647
f 2133//2648 2130//2648 2131//2648
f 2134//2649 2133//2649 2132//2649
f 2133//2650 2131//2650 2132//2650
f 2122//2651 2135//2651 1525//2651
f 1525//2652 2148//2652 2138//2652
f 2150//2653 2140//2653 2139//2653
f 2142//2654 2139//2654 2140//2654
f 2142//2655 1532//2655 2139//2655
f 2140//2656 2141//2656 2142//2656
f 1515//2657 1532//2657 2142//2657
f 2145//2658 2142//2658 2143//2658
f 2142//2659 2141//2659 2143//2659
f 2142//2660 2145//2660 1515//2660
f 1518//2661 1515//2661 2145//2661
f 2143//2662 2144//2662 2145//2662
f 2145//2663 2147//2663 1518//2663
f 2145//2664 2144//2664 2147//2664
f 1522//2665 1518//2665 2149//2665
f 1518//2666 2146//2666 2149//2666
f 1518//2667 2147//2667 2146//2667
f 1526//2668 1522//2668 2148//2668
f 1522//2669 2149//2669 2148//2669
f 1526//2670 2148//2670 1525//2670
f 1532//2671 1535//2671 2139//2671
f 2151//2672 2139//2672 1535//2672
f 2153//2673 2139//2673 2151//2673
f 2153//2674 2150//2674 2139//2674
f 2152//2675 2150//2675 2153//2675
f 1535//2676 1538//2676 2151//2676
f 1540//2677 2151//2677 1538//2677
f 2151//2678 1540//2678 2153//2678
f 2153//2679 1991//2679 2152//2679
f 1991//2680 2015//2680 2152//2680
f 1991//2681 2153//2681 1540//2681
f 1540//2682 1544//2682 1991//2682
f 2159//2683 2160//2683 2154//2683
f 2160//2684 2155//2684 2154//2684
f 2160//2685 2156//2685 2155//2685
f 2160//2686 2157//2686 2156//2686
f 2162//2687 2160//2687 2159//2687
f 2181//2688 2134//2688 2102//2688
f 2202//2689 2163//2689 2200//2689
f 2173//2690 2163//2690 2202//2690
f 2202//2691 2175//2691 2173//2691
f 2202//2692 2176//2692 2175//2692
f 2186//2693 2200//2693 2163//2693
f 2209//2694 2186//2694 2208//2694
f 2208//2695 2186//2695 2163//2695
f 2207//2696 2208//2696 2163//2696
f 2173//2697 2207//2697 2163//2697
f 2207//2698 2173//2698 2206//2698
f 2206//2699 2173//2699 2174//2699
f 2167//2700 2165//2700 2169//2700
f 2168//2701 2169//2701 2165//2701
f 2165//2702 2164//2702 2168//2702
f 2189//2703 2168//2703 2164//2703
f 2166//2704 2168//2704 2189//2704
f 2219//2705 2166//2705 2189//2705
f 2176//2706 2170//2706 2171//2706
f 2171//2707 2170//2707 2167//2707
f 2171//2708 2174//2708 2172//2708
f 2171//2709 2205//2709 2174//2709
f 2205//2710 2206//2710 2174//2710
f 2205//2711 2171//2711 2167//2711
f 2167//2712 2218//2712 2205//2712
f 2218//2713 2166//2713 2219//2713
f 2218//2714 2168//2714 2166//2714
f 2218//2715 2167//2715 2169//2715
f 2169//2716 2168//2716 2218//2716
f 2175//2717 2176//2717 2172//2717
f 2176//2718 2171//2718 2172//2718
f 2172//2719 2174//2719 2175//2719
f 2174//2720 2173//2720 2175//2720
f 2222//270 2201//270 2178//270
f 2178//270 2177//270 2222//270
f 2178//2721 2180//2721 2177//2721
f 2180//2722 2181//2722 2177//2722
f 2120//2723 2195//2723 1583//2723
f 2136//2724 2137//2724 2120//2724
f 2199//2725 2195//2725 2120//2725
f 2179//2726 2120//2726 2137//2726
f 2120//2727 2179//2727 2199//2727
f 2179//2728 2201//2728 2199//2728
f 2179//2729 2178//2729 2201//2729
f 2137//2730 2182//2730 2179//2730
f 2180//2731 2179//2731 2182//2731
f 2179//2732 2180//2732 2178//2732
f 2182//2733 2183//2733 2180//2733
f 2181//2734 2180//2734 2183//2734
f 2128//2735 2137//2735 2127//2735
f 2128//2736 2130//2736 2182//2736
f 2184//2737 2182//2737 2130//2737
f 2130//2738 2133//2738 2184//2738
f 2133//2739 2183//2739 2184//2739
f 2133//2740 2134//2740 2183//2740
f 2181//2741 2183//2741 2134//2741
f 2137//2742 2128//2742 2182//2742
f 2183//2743 2182//2743 2184//2743
f 2216//2744 2185//2744 2217//2744
f 2200//2745 2186//2745 2198//2745
f 2187//2746 2198//2746 2186//2746
f 2187//2747 2197//2747 2198//2747
f 2187//2748 2186//2748 2210//2748
f 2186//2749 2209//2749 2210//2749
f 2210//2750 2211//2750 2187//2750
f 2196//2751 2197//2751 2187//2751
f 2188//2752 2187//2752 2212//2752
f 2187//2753 2211//2753 2212//2753
f 2187//2754 2188//2754 2196//2754
f 2188//2755 2194//2755 2196//2755
f 2212//2756 2213//2756 2188//2756
f 2193//2757 2194//2757 2188//2757
f 2188//2758 2214//2758 1599//2758
f 2188//2759 2213//2759 2214//2759
f 2188//2760 1599//2760 2193//2760
f 2219//2761 2189//2761 2220//2761
f 2221//2762 2189//2762 2190//2762
f 2215//2763 2191//2763 2216//2763
f 1583//2764 2195//2764 1599//2764
f 2195//2765 2192//2765 1599//2765
f 2195//2766 2193//2766 2192//2766
f 2195//545 2194//545 2193//545
f 2196//545 2194//545 2195//545
f 2195//545 2199//545 2196//545
f 2199//545 2197//545 2196//545
f 2199//545 2198//545 2197//545
f 2200//2767 2198//2767 2199//2767
f 2199//1937 2201//1937 2200//1937
f 2202//2768 2200//2768 2201//2768
f 2201//2612 2222//2612 2202//2612
f 2222//2769 2203//2769 2202//2769
f 2222//2767 2204//2767 2203//2767
f 1637//2770 2219//2770 2220//2770
f 1603//2771 1670//2771 1635//2771
f 1670//2772 1603//2772 2223//2772
f 1964//2773 1961//2773 1960//2773
f 1964//2774 1960//2774 1962//2774
f 1958//2775 1961//2775 1964//2775
f 1958//2776 1971//2776 2224//2776
f 1971//2777 2225//2777 2224//2777
f 2226//182 2224//182 2225//182
f 1800//182 1798//182 2226//182
f 2225//182 1800//182 2226//182
f 1800//182 1603//182 1635//182
f 2219//2778 1637//2778 2228//2778
f 2218//2779 2219//2779 2228//2779
f 2227//65 1585//65 1584//65
f 2229//2780 1600//2780 2227//2780
f 1584//65 2229//65 2227//65
f 1600//65 2229//65 2230//65
f 1600//65 2230//65 2231//65
f 1600//65 2231//65 2232//65
f 1600//65 2232//65 2233//65
f 1600//65 2233//65 2234//65
f 1668//2781 1600//2781 2234//2781
f 2234//2782 2235//2782 1668//2782
f 1668//2783 2235//2783 2236//2783
f 1668//2784 2236//2784 2237//2784
f 1668//2785 2237//2785 2228//2785
f 1637//2786 1668//2786 2228//2786
f 2214//2787 1584//2787 1599//2787
f 2229//2788 1584//2788 2214//2788
f 2214//2789 2213//2789 2229//2789
f 2229//2790 2213//2790 2212//2790
f 2230//2791 2229//2791 2212//2791
f 2212//2792 2211//2792 2230//2792
f 2231//2793 2230//2793 2211//2793
f 2211//2794 2210//2794 2231//2794
f 2232//2795 2231//2795 2210//2795
f 2209//2796 2232//2796 2210//2796
f 2233//2797 2232//2797 2209//2797
f 2233//2798 2209//2798 2208//2798
f 2234//2799 2233//2799 2208//2799
f 2208//2800 2207//2800 2234//2800
f 2235//2801 2234//2801 2207//2801
f 2235//2802 2207//2802 2206//2802
f 2235//2803 2206//2803 2236//2803
f 2205//2804 2236//2804 2206//2804
f 2237//2805 2236//2805 2205//2805
f 2237//2806 2205//2806 2218//2806
f 2228//2807 2237//2807 2218//2807
f 1601//2808 1600//2808 1668//2808
f 1599//2809 1584//2809 1529//2809
f 1958//2810 1959//2810 1946//2810
f 1600//2562 1585//2562 2227//2562
f 1963//182 1964//182 1962//182
f 1958//2811 1964//2811 1965//2811
f 1958//2812 1965//2812 1966//2812
f 1958//2813 1966//2813 1967//2813
f 1958//2814 1967//2814 1968//2814
f 1958//2814 1968//2814 1969//2814
f 1958//2815 1969//2815 1970//2815
f 1958//2816 1970//2816 1971//2816
f 1972//182 1973//182 1974//182
f 1974//182 1973//182 1975//182
f 1974//182 1975//182 1976//182
f 1974//182 1976//182 1977//182
f 1974//182 1977//182 1978//182
f 1974//182 1978//182 1979//182
f 1974//182 1979//182 1980//182
f 1974//182 1980//182 2238//182
f 1974//182 2238//182 2239//182
f 1974//182 2239//182 2240//182
f 1974//182 2240//182 2241//182
f 2245//2817 2243//2817 2244//2817
f 2245//2818 2220//2818 2221//2818
f 2243//2819 2245//2819 2221//2819
f 2245//270 1637//270 2220//270
f 2249//2820 2250//2820 2161//2820
f 2251//2821 2250//2821 2249//2821
f 2252//2822 2253//2822 2251//2822
f 2215//2823 2216//2823 2217//2823
f 2215//2824 2254//2824 2191//2824
f 2254//2825 2256//2825 2255//2825
f 2256//2826 2221//2826 2190//2826
f 2221//2827 2220//2827 2189//2827
f 2158//2828 2160//2828 2162//2828
f 2161//2829 2158//2829 2248//2829
f 1974//466 2242//466 1986//466
f 2259//2830 2258//2830 2253//2830
f 2243//2831 2260//2831 2257//2831
f 2258//2832 2257//2832 2260//2832
f 2253//2833 2262//2833 2251//2833
f 2261//2834 2251//2834 2262//2834
f 2262//2835 2215//2835 2261//2835
f 2217//2836 2261//2836 2215//2836
f 2263//2837 2215//2837 2262//2837
f 2262//2838 2253//2838 2258//2838
f 2263//2839 2262//2839 2258//2839
f 2254//2840 2215//2840 2263//2840
f 2258//2841 2260//2841 2263//2841
f 2263//2842 2260//2842 2254//2842
f 2256//2843 2254//2843 2260//2843
f 2260//2844 2243//2844 2256//2844
f 2221//2845 2256//2845 2243//2845
f 1972//545 1974//545 2020//545
f 2250//2846 2112//2846 2161//2846
f 2102//2847 2265//2847 2264//2847
f 2265//2848 2266//2848 2264//2848
f 2266//2849 2267//2849 2264//2849
f 2250//2850 2264//2850 2112//2850
f 2107//2851 2095//2851 2096//2851
f 2112//2852 2267//2852 2107//2852
f 2112//2853 2264//2853 2267//2853
f 2107//2854 2096//2854 2104//2854
f 2225//2855 1971//2855 1995//2855
f 2084//65 2102//65 2085//65
f 2082//65 2084//65 2083//65
f 2080//2856 2078//2856 2095//2856
f 2095//2857 2268//2857 2080//2857
f 2082//2858 2080//2858 2268//2858
f 2266//2859 2084//2859 2082//2859
f 2268//2860 2266//2860 2082//2860
f 2084//2861 2266//2861 2265//2861
f 2102//2862 2084//2862 2265//2862
f 2266//2863 2268//2863 2267//2863
f 2134//2864 2087//2864 2102//2864
f 2107//2865 2267//2865 2268//2865
f 2107//2866 2268//2866 2095//2866
f 2225//2867 1995//2867 1800//2867
f 2202//2868 2299//2868 2176//2868
f 2299//2869 2271//2869 2176//2869
f 2185//2870 2271//2870 2299//2870
f 2216//2871 2271//2871 2185//2871
f 2167//2872 2270//2872 2165//2872
f 2170//2873 2270//2873 2167//2873
f 2270//2874 2164//2874 2165//2874
f 2269//2875 2164//2875 2270//2875
f 2300//2876 2269//2876 2270//2876
f 2191//2877 2255//2877 2270//2877
f 2255//2878 2300//2878 2270//2878
f 2224//2879 2226//2879 2286//2879
f 2226//2880 2287//2880 2286//2880
f 2226//2881 1798//2881 2287//2881
f 2224//2882 2284//2882 2283//2882
f 2224//2883 2282//2883 2284//2883
f 2224//2884 2281//2884 2282//2884
f 2224//2885 2298//2885 2281//2885
f 2224//65 2297//65 2298//65
f 2224//65 2295//65 2297//65
f 2224//2886 2293//2886 2295//2886
f 2224//2887 2290//2887 2293//2887
f 2224//65 2286//65 2290//65
f 2164//2888 2269//2888 2189//2888
f 2269//2889 2300//2889 2189//2889
f 2190//2890 2189//2890 2300//2890
f 2270//2891 2216//2891 2191//2891
f 2270//2892 2271//2892 2216//2892
f 2270//2893 2170//2893 2271//2893
f 2176//2894 2271//2894 2170//2894
f 2301//2895 2272//2895 1795//2895
f 2278//2896 1795//2896 2272//2896
f 2272//2897 2273//2897 2278//2897
f 2280//2898 2278//2898 2273//2898
f 2273//2899 2274//2899 2280//2899
f 2294//2900 2280//2900 2274//2900
f 2274//2901 2285//2901 2294//2901
f 1797//2902 1630//2902 2303//2902
f 1630//2903 2305//2903 2303//2903
f 2275//2904 2305//2904 1624//2904
f 2305//2905 1630//2905 1624//2905
f 2275//2906 2308//2906 2305//2906
f 2288//2907 2307//2907 2309//2907
f 2276//2908 2308//2908 2275//2908
f 2276//2909 2309//2909 2308//2909
f 2276//2910 2288//2910 2309//2910
f 1624//2911 1659//2911 2275//2911
f 2277//2912 2275//2912 1799//2912
f 2275//2913 1659//2913 1799//2913
f 2275//2914 2277//2914 2276//2914
f 2276//2915 2279//2915 2288//2915
f 2279//2916 2289//2916 2288//2916
f 2279//2917 2276//2917 2277//2917
f 1799//2918 1796//2918 2277//2918
f 2277//2919 1795//2919 2278//2919
f 2277//2920 1796//2920 1795//2920
f 2277//2921 2278//2921 2279//2921
f 2292//2922 2289//2922 2279//2922
f 2279//2923 2278//2923 2280//2923
f 2279//2924 2280//2924 2292//2924
f 2292//2925 2280//2925 2294//2925
f 2294//2926 2285//2926 2296//2926
f 2307//2927 2286//2927 2306//2927
f 2286//2928 2304//2928 2306//2928
f 2286//2929 2287//2929 2304//2929
f 2287//2930 1798//2930 2304//2930
f 2286//2931 2307//2931 2288//2931
f 2291//2932 2288//2932 2289//2932
f 2288//2933 2291//2933 2286//2933
f 2290//2934 2286//2934 2291//2934
f 2289//2935 2292//2935 2291//2935
f 2293//2936 2290//2936 2291//2936
f 2293//2937 2291//2937 2292//2937
f 2292//2938 2294//2938 2293//2938
f 2295//2939 2293//2939 2294//2939
f 2294//2940 2296//2940 2295//2940
f 2297//2941 2295//2941 2296//2941
f 2298//2942 2297//2942 2296//2942
f 1658//2943 1767//2943 1144//2943
f 1143//2944 1767//2944 1766//2944
f 1766//2945 1765//2945 1142//2945
f 1762//2946 1141//2946 1765//2946
f 1140//2947 1762//2947 1763//2947
f 1763//2948 1662//2948 1139//2948
f 2299//2949 2203//2949 2204//2949
f 2203//2950 2299//2950 2202//2950
f 1599//2951 2192//2951 2193//2951
f 2256//2952 2190//2952 2300//2952
f 2300//2953 2255//2953 2256//2953
f 2254//2954 2255//2954 2191//2954
f 1630//65 1797//65 1636//65
f 1797//182 2303//182 1798//182
f 2304//182 1798//182 2303//182
f 2303//2955 2305//2955 2304//2955
f 2306//2956 2304//2956 2305//2956
f 2307//2957 2306//2957 2308//2957
f 2306//2958 2305//2958 2308//2958
f 2309//2959 2307//2959 2308//2959
f 1429//544 2314//544 1145//544
f 1145//65 2314//65 2315//65
f 1145//65 2315//65 2316//65
f 1145//65 2316//65 2317//65
f 1145//65 2317//65 2318//65
f 1145//2960 2318//2960 2319//2960
f 1145//1102 2319//1102 2320//1102
f 1145//65 2320//65 2321//65
f 1144//65 1145//65 2321//65
f 1144//65 2321//65 2322//65
f 1144//65 2322//65 2323//65
f 1144//65 2323//65 2324//65
f 1144//65 2324//65 2325//65
f 1144//2961 2325//2961 2326//2961
f 1144//544 2326//544 2301//544
f 1144//2962 2301//2962 1795//2962
f 1658//903 1144//903 1795//903
f 2313//2963 1147//2963 1655//2963
f 1662//2964 1655//2964 1147//2964
f 1147//2965 1139//2965 1662//2965
f 1140//2966 1763//2966 1139//2966
f 1140//2967 1141//2967 1762//2967
f 1141//2968 1142//2968 1765//2968
f 1142//2969 1143//2969 1766//2969
f 1767//1038 1143//1038 1144//1038
f 2327//2970 2328//2970 2329//2970
f 2327//2971 2329//2971 2330//2971
f 2331//2972 2327//2972 2330//2972
f 2332//2973 2328//2973 2327//2973
f 2333//2974 2334//2974 2332//2974
f 2327//2975 2333//2975 2332//2975
f 2335//2976 2334//2976 2333//2976
f 2333//2977 2311//2977 2335//2977
f 2336//2978 2335//2978 2311//2978
f 2337//2979 2336//2979 2311//2979
f 2338//2980 2337//2980 2311//2980
f 2311//2981 2310//2981 2338//2981
f 2339//2982 2310//2982 2311//2982
f 2340//2983 2341//2983 2339//2983
f 2311//2984 2340//2984 2339//2984
f 2341//2985 2342//2985 2339//2985
f 2343//2986 2344//2986 2345//2986
f 2344//2987 2346//2987 2345//2987
f 2346//2988 2347//2988 2345//2988
f 2345//2989 2347//2989 2348//2989
f 2349//2990 2310//2990 2339//2990
f 2339//2991 2342//2991 2343//2991
f 2339//2992 2343//2992 2345//2992
f 2349//2993 2339//2993 2345//2993
f 2345//2994 2348//2994 2350//2994
f 2349//2995 2345//2995 2351//2995
f 2285//2996 2352//2996 2353//2996
f 2284//2997 2353//2997 2352//2997
f 2283//2998 2284//2998 2352//2998
f 2352//2999 2354//2999 2283//2999
f 2355//3000 2283//3000 2354//3000
f 2354//3001 2331//3001 2355//3001
f 2355//3002 2331//3002 2330//3002
f 2329//3003 2355//3003 2330//3003
f 2296//3004 2353//3004 2284//3004
f 2353//3005 2296//3005 2285//3005
f 2284//3006 2282//3006 2296//3006
f 2282//3007 2281//3007 2296//3007
f 2281//3008 2298//3008 2296//3008
f 2356//3009 2331//3009 2354//3009
f 2356//3010 2354//3010 2352//3010
f 2352//3011 2285//3011 2274//3011
f 2356//3012 2352//3012 2274//3012
f 2357//3013 2331//3013 2356//3013
f 2356//3014 2358//3014 2357//3014
f 2358//3015 2356//3015 2274//3015
f 2274//3016 2273//3016 2358//3016
f 2359//3017 2357//3017 2358//3017
f 2273//3018 2272//3018 2358//3018
f 2358//3019 2360//3019 2359//3019
f 2360//3020 2358//3020 2272//3020
f 2360//3021 2326//3021 2359//3021
f 2326//3022 2360//3022 2272//3022
f 2323//3023 2359//3023 2326//3023
f 2272//3024 2301//3024 2326//3024
f 2326//3025 2325//3025 2324//3025
f 2326//3026 2324//3026 2323//3026
f 2357//3027 2311//3027 2333//3027
f 2357//3028 2333//3028 2327//3028
f 2331//3029 2357//3029 2327//3029
f 2361//3030 2311//3030 2357//3030
f 2357//3031 2359//3031 2361//3031
f 2362//3032 2361//3032 2359//3032
f 2359//3033 2323//3033 2362//3033
f 2362//3034 2323//3034 2322//3034
f 2362//3035 2322//3035 2321//3035
f 1131//3036 1408//3036 1429//3036
f 2366//3037 2367//3037 2364//3037
f 2365//3038 2366//3038 2364//3038
f 2368//3039 2369//3039 2367//3039
f 2366//3040 2368//3040 2367//3040
f 2369//3041 2368//3041 2370//3041
f 2371//3042 2369//3042 2370//3042
f 2372//3043 2373//3043 2371//3043
f 2370//3044 2372//3044 2371//3044
f 2374//3045 2373//3045 2372//3045
f 2347//3046 2374//3046 2348//3046
f 2375//3047 2348//3047 2374//3047
f 2372//3048 2375//3048 2374//3048
f 2348//3049 2375//3049 2350//3049
f 2376//3050 2319//3050 2318//3050
f 2376//3051 2318//3051 2317//3051
f 2376//3052 2317//3052 2316//3052
f 2377//3053 2376//3053 2316//3053
f 2377//3054 2343//3054 2342//3054
f 2377//3055 2342//3055 2341//3055
f 2377//3056 2341//3056 2340//3056
f 2377//3057 2340//3057 2376//3057
f 2316//3058 2315//3058 2377//3058
f 2344//3059 2343//3059 2377//3059
f 2377//3060 2315//3060 2314//3060
f 2377//3061 2314//3061 1429//3061
f 2377//3062 1429//3062 2378//3062
f 2378//3063 2347//3063 2346//3063
f 2378//3064 2346//3064 2344//3064
f 2377//3065 2378//3065 2344//3065
f 2374//3066 2371//3066 2373//3066
f 2379//3067 2369//3067 2374//3067
f 2374//3068 2380//3068 2379//3068
f 2380//3069 2374//3069 2347//3069
f 2381//3070 2379//3070 2380//3070
f 2382//3071 2381//3071 2380//3071
f 2380//3072 2383//3072 2382//3072
f 2383//3073 2380//3073 2378//3073
f 2384//3074 2382//3074 2383//3074
f 2383//3075 2378//3075 1429//3075
f 2385//3076 2384//3076 2383//3076
f 2383//3077 1408//3077 2385//3077
f 1408//3078 2383//3078 1429//3078
f 1409//3079 2385//3079 1408//3079
f 2367//3080 2386//3080 2364//3080
f 2386//3081 2367//3081 2369//3081
f 2369//3082 2379//3082 2386//3082
f 1405//3083 2364//3083 2386//3083
f 2364//3084 1405//3084 2365//3084
f 2379//3085 2381//3085 2386//3085
f 1411//3086 2365//3086 1405//3086
f 2381//3087 2382//3087 2386//3087
f 1407//3088 2386//3088 2382//3088
f 2386//3089 1407//3089 1405//3089
f 2382//3090 2384//3090 1407//3090
f 2384//3091 2385//3091 1407//3091
f 1406//3092 1405//3092 1407//3092
f 2385//3093 1409//3093 1407//3093
f 1283//3094 2365//3094 1411//3094
f 2387//3095 2366//3095 2365//3095
f 2387//3096 2365//3096 1283//3096
f 2368//3097 2366//3097 2387//3097
f 1283//3098 2363//3098 2387//3098
f 2311//3099 2361//3099 2340//3099
f 2376//3100 2340//3100 2361//3100
f 2361//3101 2362//3101 2376//3101
f 2319//3102 2376//3102 2362//3102
f 2320//3103 2319//3103 2362//3103
f 2362//3104 2321//3104 2320//3104
f 2224//65 2283//65 2355//65
f 2224//65 2355//65 2329//65
f 2224//65 2329//65 2328//65
f 2224//65 2328//65 2332//65
f 2224//65 2332//65 2334//65
f 2224//65 2334//65 2335//65
f 2224//65 2335//65 2336//65
f 2224//65 2336//65 2337//65
f 2224//65 2337//65 2338//65
f 2310//65 2224//65 2338//65
f 2347//3105 2378//3105 2380//3105
f 2393//270 2392//270 2302//270
f 2396//3106 1384//3106 1385//3106
f 2396//270 1385//270 1383//270
f 2396//270 1383//270 1382//270
f 2396//270 1382//270 1381//270
f 2396//270 1257//270 1384//270
f 1228//545 2400//545 2401//545
f 1228//545 2401//545 2402//545
f 1228//545 2402//545 2403//545
f 2404//545 1228//545 2403//545
f 1230//3107 2411//3107 2410//3107
f 1229//1123 1230//1123 2410//1123
f 2412//3108 2411//3108 1230//3108
f 1230//3109 1231//3109 2412//3109
f 2413//3110 2412//3110 1231//3110
f 1231//3111 1232//3111 2413//3111
f 2414//3112 2413//3112 1232//3112
f 1232//3113 1233//3113 2414//3113
f 2414//3114 1233//3114 1234//3114
f 2415//3115 2414//3115 1234//3115
f 2416//3116 2415//3116 1234//3116
f 2396//3117 2416//3117 1234//3117
f 1257//3118 2396//3118 1234//3118
f 2410//3119 2417//3119 2409//3119
f 2408//3120 2409//3120 2417//3120
f 2417//3121 2418//3121 2408//3121
f 2407//3122 2408//3122 2418//3122
f 2418//3123 2419//3123 2407//3123
f 2406//3124 2407//3124 2419//3124
f 2420//3125 2405//3125 2406//3125
f 2419//3126 2420//3126 2406//3126
f 2397//3127 2405//3127 2420//3127
f 2420//3128 2421//3128 2397//3128
f 2398//3129 2397//3129 2421//3129
f 2421//3130 2422//3130 2398//3130
f 2399//3131 2398//3131 2422//3131
f 2423//3132 2400//3132 2399//3132
f 2422//3133 2423//3133 2399//3133
f 2401//3134 2400//3134 2423//3134
f 2423//3135 2424//3135 2401//3135
f 2402//3136 2401//3136 2424//3136
f 2424//3137 2425//3137 2402//3137
f 2403//3138 2402//3138 2425//3138
f 2425//3139 2404//3139 2403//3139
f 2392//3140 2426//3140 2427//3140
f 2429//3141 2427//3141 2428//3141
f 2430//3142 2429//3142 2431//3142
f 2430//3143 2432//3143 2433//3143
f 2434//3144 2430//3144 2433//3144
f 2433//3145 2435//3145 2434//3145
f 2434//3146 2435//3146 2436//3146
f 2437//3147 2434//3147 2436//3147
f 2437//3148 2436//3148 2438//3148
f 2439//3149 2437//3149 2438//3149
f 2438//3150 2440//3150 2439//3150
f 2441//3151 2439//3151 2440//3151
f 2440//3152 2442//3152 2441//3152
f 2457//3153 2455//3153 2456//3153
f 2456//3154 2455//3154 2458//3154
f 2456//3155 2458//3155 2391//3155
f 2456//3156 2391//3156 2454//3156
f 2456//3153 2454//3153 2459//3153
f 2459//3153 2460//3153 2456//3153
f 2456//3153 2460//3153 2461//3153
f 2456//3157 2461//3157 2462//3157
f 2456//3153 2462//3153 2463//3153
f 2456//3153 2463//3153 2464//3153
f 2456//3153 2414//3153 2415//3153
f 2456//3153 2415//3153 2416//3153
f 2456//3153 2416//3153 2396//3153
f 2456//3153 2396//3153 2394//3153
f 2456//3153 2394//3153 2465//3153
f 2456//3153 2465//3153 2457//3153
f 2464//3153 2466//3153 2456//3153
f 2456//3153 2466//3153 2413//3153
f 2413//3153 2414//3153 2456//3153
f 2466//3153 2467//3153 2413//3153
f 2412//3158 2413//3158 2467//3158
f 2467//3157 2468//3157 2412//3157
f 2411//3157 2412//3157 2468//3157
f 2468//3158 2469//3158 2411//3158
f 2411//3159 2469//3159 2404//3159
f 2410//3160 2411//3160 2404//3160
f 2404//3161 2425//3161 2410//3161
f 2417//3161 2410//3161 2425//3161
f 2425//3153 2424//3153 2417//3153
f 2418//3157 2417//3157 2424//3157
f 2424//3157 2423//3157 2418//3157
f 2419//3153 2418//3153 2423//3153
f 2423//3157 2422//3157 2419//3157
f 2420//3153 2419//3153 2422//3153
f 2422//3153 2421//3153 2420//3153
f 2471//3162 2388//3162 2470//3162
f 2470//3163 2388//3163 2472//3163
f 2473//3164 2474//3164 2475//3164
f 2471//3165 2470//3165 2476//3165
f 2471//3165 2476//3165 2473//3165
f 2471//3165 2473//3165 2475//3165
f 2453//3166 2471//3166 2475//3166
f 2452//3167 2453//3167 2475//3167
f 2451//3165 2452//3165 2475//3165
f 2450//3165 2451//3165 2475//3165
f 2475//3165 2474//3165 2302//3165
f 2475//3165 2302//3165 2392//3165
f 2475//3165 2392//3165 2427//3165
f 2475//3165 2427//3165 2429//3165
f 2475//3165 2429//3165 2430//3165
f 2449//3168 2450//3168 2475//3168
f 2434//3169 2449//3169 2475//3169
f 2430//3165 2434//3165 2475//3165
f 2448//3170 2449//3170 2434//3170
f 2434//3171 2437//3171 2448//3171
f 2447//3172 2448//3172 2437//3172
f 2437//3173 2439//3173 2447//3173
f 2446//3174 2447//3174 2439//3174
f 2439//3175 2441//3175 2446//3175
f 2445//3176 2446//3176 2441//3176
f 2441//3177 2443//3177 2445//3177
f 2444//3178 2445//3178 2443//3178
f 2474//3179 2465//3179 2394//3179
f 2302//3180 2474//3180 2394//3180
f 2457//3181 2465//3181 2474//3181
f 2474//3182 2473//3182 2457//3182
f 2455//3183 2457//3183 2473//3183
f 2473//3184 2476//3184 2455//3184
f 2458//3185 2455//3185 2476//3185
f 2476//3186 2470//3186 2458//3186
f 2477//3187 2458//3187 2470//3187
f 2470//3188 2472//3188 2477//3188
f 2478//3189 2477//3189 2472//3189
f 2479//3190 2480//3190 2478//3190
f 2472//3191 2479//3191 2478//3191
f 2481//3192 2480//3192 2479//3192
f 2482//3193 2483//3193 2481//3193
f 2479//3194 2482//3194 2481//3194
f 2482//3195 2390//3195 2483//3195
f 2391//3196 2483//3196 2390//3196
f 1303//182 2486//182 2485//182
f 2488//3197 2487//3197 2486//3197
f 2489//3198 2488//3198 2486//3198
f 2490//3199 2489//3199 2486//3199
f 1303//182 2460//182 2486//182
f 2491//3200 2490//3200 2486//3200
f 2492//3201 2491//3201 2486//3201
f 2493//182 2492//182 2486//182
f 2494//182 2493//182 2486//182
f 2459//182 2494//182 2486//182
f 2460//182 2459//182 2486//182
f 2495//182 2494//182 2459//182
f 2496//182 2497//182 2495//182
f 2459//182 2496//182 2495//182
f 2471//3202 2453//3202 2498//3202
f 1987//182 2497//182 2498//182
f 1988//182 1987//182 2498//182
f 2453//1100 2484//1100 2498//1100
f 2404//3203 2469//3203 1228//3203
f 1217//3204 1228//3204 2469//3204
f 2469//3205 2468//3205 1217//3205
f 1217//3206 2468//3206 1168//3206
f 2468//3207 2467//3207 1168//3207
f 1167//3208 1168//3208 2467//3208
f 2467//3209 2466//3209 1167//3209
f 2466//3210 2464//3210 1167//3210
f 1166//3211 1167//3211 2464//3211
f 2464//3212 2463//3212 1166//3212
f 1164//3213 1166//3213 2463//3213
f 2462//3214 1164//3214 2463//3214
f 2461//3215 1164//3215 2462//3215
f 2460//3216 1164//3216 2461//3216
f 1303//1165 1164//1165 2460//1165
f 2069//3217 2071//3217 1987//3217
f 2497//3218 1987//3218 2071//3218
f 2070//3219 2501//3219 2071//3219
f 2501//3220 2070//3220 2002//3220
f 2502//3221 2071//3221 2501//3221
f 2071//3222 2502//3222 2497//3222
f 2495//3223 2497//3223 2502//3223
f 2390//3224 2496//3224 2503//3224
f 2500//3225 2496//3225 2390//3225
f 2390//3226 2389//3226 2500//3226
f 2499//3227 2500//3227 2389//3227
f 2389//3228 2388//3228 2499//3228
f 2499//3229 2388//3229 2471//3229
f 2388//3230 2482//3230 2479//3230
f 2472//3231 2388//3231 2479//3231
f 2458//3232 2477//3232 2478//3232
f 2458//3233 2478//3233 2480//3233
f 2458//3234 2480//3234 2481//3234
f 2458//3235 2481//3235 2483//3235
f 2458//3236 2483//3236 2391//3236
f 2471//3237 2498//3237 2499//3237
f 2498//1264 2500//1264 2499//1264
f 2496//1100 2500//1100 2498//1100
f 2496//1264 2498//1264 2497//1264
f 2454//3238 2496//3238 2459//3238
f 2454//3239 2503//3239 2496//3239
f 2391//3240 2503//3240 2454//3240
f 2390//3241 2503//3241 2391//3241
f 2388//3242 2389//3242 2482//3242
f 2389//3243 2390//3243 2482//3243
f 1229//545 2410//545 2409//545
f 1229//545 2409//545 2408//545
f 1229//545 2408//545 2407//545
f 1229//545 2407//545 2406//545
f 1229//545 2406//545 2405//545
f 1229//545 2405//545 1228//545
f 2397//545 1228//545 2405//545
f 2397//545 2398//545 1228//545
f 2398//545 2399//545 1228//545
f 2399//545 2400//545 1228//545
f 2585//3244 2566//3244 2584//3244
f 2585//3245 2538//3245 2566//3245
f 2568//3246 2566//3246 2538//3246
f 2570//3247 2568//3247 2538//3247
f 2570//3248 2538//3248 2539//3248
f 2572//3249 2570//3249 2539//3249
f 2538//3250 2519//3250 2523//3250
f 2585//3251 2519//3251 2538//3251
f 2514//3252 2520//3252 2521//3252
f 2588//3253 2587//3253 2246//3253
f 2547//3254 2504//3254 2249//3254
f 2551//3255 2505//3255 2553//3255
f 2504//3256 2553//3256 2505//3256
f 2505//3257 2252//3257 2504//3257
f 2249//3258 2504//3258 2252//3258
f 2532//3259 2505//3259 2551//3259
f 2506//3260 2505//3260 2532//3260
f 2506//3261 2252//3261 2505//3261
f 2506//3262 2259//3262 2252//3262
f 2257//3263 2506//3263 2534//3263
f 2506//3264 2532//3264 2534//3264
f 2506//3265 2257//3265 2259//3265
f 2586//3266 2257//3266 2537//3266
f 2257//3267 2534//3267 2537//3267
f 2537//3268 2244//3268 2586//3268
f 2535//3269 2507//3269 2536//3269
f 2507//3270 2518//3270 2536//3270
f 2548//3271 2510//3271 2533//3271
f 2508//3272 2533//3272 2510//3272
f 2533//3273 2508//3273 2535//3273
f 2507//3274 2535//3274 2508//3274
f 2510//3275 2511//3275 2508//3275
f 2518//3276 2507//3276 2508//3276
f 2508//3277 2509//3277 2518//3277
f 2509//3278 2508//3278 2511//3278
f 2511//3279 2512//3279 2509//3279
f 2512//3280 2513//3280 2509//3280
f 2513//3281 2514//3281 2509//3281
f 2509//3282 2521//3282 2518//3282
f 2521//3283 2509//3283 2514//3283
f 2550//3284 2548//3284 2549//3284
f 2510//3285 2548//3285 2550//3285
f 2550//3286 2515//3286 2510//3286
f 2511//3287 2510//3287 2515//3287
f 2512//3288 2511//3288 2515//3288
f 2515//3289 2516//3289 2512//3289
f 2513//3290 2512//3290 2516//3290
f 2514//3291 2513//3291 2516//3291
f 2520//3292 2514//3292 2516//3292
f 2516//3293 2562//3293 2520//3293
f 2552//3294 2517//3294 2550//3294
f 2515//3295 2550//3295 2517//3295
f 2516//3296 2515//3296 2517//3296
f 2517//3297 2563//3297 2516//3297
f 2562//3298 2516//3298 2563//3298
f 2252//3299 2259//3299 2253//3299
f 2259//3300 2257//3300 2258//3300
f 2243//3301 2257//3301 2586//3301
f 2536//3302 2518//3302 2519//3302
f 2246//270 2536//270 2519//270
f 2519//3303 2585//3303 2246//3303
f 2523//3304 2518//3304 2521//3304
f 2523//3305 2519//3305 2518//3305
f 2522//3306 2521//3306 2561//3306
f 2521//3307 2520//3307 2561//3307
f 2520//3308 2562//3308 2561//3308
f 2521//3309 2522//3309 2523//3309
f 2561//3310 2560//3310 2522//3310
f 2522//3311 2524//3311 2523//3311
f 2524//3312 2522//3312 2559//3312
f 2522//3313 2560//3313 2559//3313
f 2525//3314 2523//3314 2524//3314
f 2525//3315 2538//3315 2523//3315
f 2525//3316 2539//3316 2538//3316
f 2559//3317 2558//3317 2524//3317
f 2540//3318 2539//3318 2525//3318
f 2526//3319 2524//3319 2557//3319
f 2524//3320 2558//3320 2557//3320
f 2524//3321 2526//3321 2525//3321
f 2525//3322 2527//3322 2540//3322
f 2527//3323 2541//3323 2540//3323
f 2527//3324 2525//3324 2526//3324
f 2542//3325 2541//3325 2527//3325
f 2557//3326 2556//3326 2526//3326
f 2528//3327 2526//3327 2555//3327
f 2526//3328 2556//3328 2555//3328
f 2526//3329 2528//3329 2527//3329
f 2529//3330 2527//3330 2528//3330
f 2527//3331 2529//3331 2542//3331
f 2529//3332 2543//3332 2542//3332
f 2544//3333 2543//3333 2529//3333
f 2555//3334 2554//3334 2528//3334
f 2531//3335 2528//3335 2554//3335
f 2528//3336 2531//3336 2529//3336
f 2529//3337 2530//3337 2544//3337
f 2532//3338 2551//3338 2548//3338
f 2548//3339 2533//3339 2532//3339
f 2534//3340 2532//3340 2533//3340
f 2533//3341 2535//3341 2534//3341
f 2537//3342 2534//3342 2535//3342
f 2535//3343 2536//3343 2537//3343
f 2536//270 2246//270 2537//270
f 2244//3344 2537//3344 2246//3344
f 2574//3345 2572//3345 2539//3345
f 2539//3346 2540//3346 2574//3346
f 2576//3347 2574//3347 2540//3347
f 2540//3348 2541//3348 2576//3348
f 2578//3349 2576//3349 2541//3349
f 2541//3350 2542//3350 2578//3350
f 2580//3351 2578//3351 2542//3351
f 2542//3352 2543//3352 2580//3352
f 2581//3353 2580//3353 2543//3353
f 2543//3354 2544//3354 2581//3354
f 2581//3355 2544//3355 2545//3355
f 2249//3356 2252//3356 2251//3356
f 2546//3357 2249//3357 2161//3357
f 2546//3358 2248//3358 2249//3358
f 2248//3359 2547//3359 2249//3359
f 2548//3360 2551//3360 2549//3360
f 2551//3361 2550//3361 2549//3361
f 2551//3362 2552//3362 2550//3362
f 2553//3363 2552//3363 2551//3363
f 2583//3364 2588//3364 2584//3364
f 2246//1933 2584//1933 2588//1933
f 2584//545 2566//545 2565//545
f 2566//545 2568//545 2567//545
f 2568//545 2570//545 2569//545
f 2570//545 2572//545 2571//545
f 2572//545 2574//545 2573//545
f 2574//545 2576//545 2575//545
f 2576//545 2578//545 2577//545
f 2578//545 2580//545 2579//545
f 2580//545 2581//545 2582//545
f 2246//270 2585//270 2584//270
f 2246//3365 2245//3365 2244//3365
f 2586//3366 2244//3366 2243//3366
f 2554//65 2555//65 2564//65
f 2555//65 2556//65 2564//65
f 2556//65 2557//65 2564//65
f 2557//3367 2563//3367 2564//3367
f 2557//3368 2558//3368 2563//3368
f 2558//3369 2559//3369 2563//3369
f 2559//3370 2560//3370 2563//3370
f 2560//3371 2561//3371 2563//3371
f 2561//3372 2562//3372 2563//3372
f 2593//3373 2590//3373 2591//3373
f 2594//3374 2590//3374 2593//3374
f 2595//3375 2590//3375 2594//3375
f 2596//3376 2590//3376 2595//3376
f 2596//3377 2564//3377 2590//3377
f 2597//65 2564//65 2596//65
f 2598//65 2564//65 2597//65
f 2554//65 2564//65 2598//65
f 2589//545 2582//545 2581//545
f 2582//545 2579//545 2580//545
f 2579//545 2577//545 2578//545
f 2577//545 2575//545 2576//545
f 2575//545 2573//545 2574//545
f 2573//545 2571//545 2572//545
f 2571//545 2569//545 2570//545
f 2569//545 2567//545 2568//545
f 2567//545 2565//545 2566//545
f 2565//545 2583//545 2584//545
f 2592//3378 2591//3378 2590//3378
f 2567//3379 2601//3379 2602//3379
f 2567//3380 2602//3380 2603//3380
f 2565//3381 2567//3381 2603//3381
f 2567//3382 2569//3382 2601//3382
f 2569//3383 2571//3383 2601//3383
f 2573//3384 2575//3384 2604//3384
f 2605//3385 2604//3385 2575//3385
f 2575//3386 2577//3386 2605//3386
f 2606//3387 2605//3387 2577//3387
f 2577//3388 2579//3388 2606//3388
f 2607//3389 2606//3389 2579//3389
f 2579//3390 2582//3390 2607//3390
f 2608//3391 2607//3391 2582//3391
f 2582//3392 2589//3392 2608//3392
f 2545//3393 2608//3393 2589//3393
f 2589//3394 2581//3394 2545//3394
f 2602//3395 2609//3395 2610//3395
f 2603//3396 2602//3396 2610//3396
f 2611//3397 2612//3397 2613//3397
f 2609//3398 2611//3398 2613//3398
f 2609//3399 2602//3399 2601//3399
f 2609//3400 2601//3400 2611//3400
f 2614//3401 2612//3401 2611//3401
f 2614//3402 2591//3402 2592//3402
f 2614//3403 2592//3403 2612//3403
f 2593//3404 2591//3404 2614//3404
f 2614//3405 2611//3405 2615//3405
f 2616//3406 2614//3406 2615//3406
f 2616//3407 2594//3407 2593//3407
f 2614//3408 2616//3408 2593//3408
f 2615//3409 2617//3409 2616//3409
f 2611//3410 2601//3410 2604//3410
f 2615//3411 2611//3411 2604//3411
f 2617//3412 2615//3412 2604//3412
f 2604//3413 2605//3413 2617//3413
f 2595//3414 2594//3414 2616//3414
f 2618//3415 2596//3415 2595//3415
f 2616//3416 2618//3416 2595//3416
f 2618//3417 2616//3417 2617//3417
f 2617//3418 2605//3418 2606//3418
f 2619//3419 2617//3419 2606//3419
f 2617//3420 2619//3420 2618//3420
f 2606//3421 2607//3421 2619//3421
f 2597//3422 2596//3422 2618//3422
f 2531//3423 2598//3423 2597//3423
f 2618//3424 2531//3424 2597//3424
f 2531//3425 2618//3425 2619//3425
f 2619//3426 2530//3426 2531//3426
f 2619//3427 2607//3427 2608//3427
f 2530//3428 2619//3428 2608//3428
f 2608//3429 2545//3429 2530//3429
f 2554//3430 2598//3430 2531//3430
f 2530//3431 2545//3431 2544//3431
f 2531//3432 2530//3432 2529//3432
f 2599//3433 2162//3433 2159//3433
f 2162//3434 2248//3434 2158//3434
f 2248//3435 2546//3435 2161//3435
f 1981//3436 2620//3436 2621//3436
f 1981//3437 2621//3437 1982//3437
f 1981//3438 1982//3438 1983//3438
f 1986//466 2242//466 2600//466
f 1981//466 1986//466 2600//466
f 2622//3439 2583//3439 2623//3439
f 2624//3440 2622//3440 2623//3440
f 2583//3441 2565//3441 2623//3441
f 2603//3442 2623//3442 2565//3442
f 2101//182 2100//182 2099//182
f 2099//3443 2022//3443 2023//3443
f 2099//3444 2023//3444 2625//3444
f 2099//3445 2625//3445 2626//3445
f 2101//1619 2099//1619 2159//1619
f 2159//3446 2099//3446 2599//3446
f 2627//3447 2628//3447 2629//3447
f 2630//3448 2629//3448 2628//3448
f 2630//3449 2628//3449 2099//3449
f 2631//3450 2630//3450 2099//3450
f 2620//3451 1981//3451 2626//3451
f 2622//1102 2624//1102 2626//1102
f 2626//544 2624//544 2632//544
f 2626//544 2632//544 2633//544
f 2626//3452 2633//3452 2634//3452
f 2626//629 2634//629 2635//629
f 2626//629 2635//629 2631//629
f 2099//629 2626//629 2631//629
f 1982//3453 2621//3453 2023//3453
f 2625//3454 2023//3454 2621//3454
f 2621//3455 2620//3455 2625//3455
f 2626//3456 2625//3456 2620//3456
f 2635//3457 2636//3457 2630//3457
f 2631//3458 2635//3458 2630//3458
f 2635//3459 2634//3459 2636//3459
f 2637//3460 2636//3460 2634//3460
f 2634//3461 2633//3461 2637//3461
f 2638//3462 2637//3462 2633//3462
f 2633//3463 2632//3463 2638//3463
f 2623//3464 2638//3464 2632//3464
f 2632//3465 2624//3465 2623//3465
f 2603//3466 2610//3466 2623//3466
f 2609//3467 2613//3467 2610//3467
f 2592//3468 2639//3468 2612//3468
f 2612//3469 2640//3469 2613//3469
f 2640//3470 2612//3470 2639//3470
f 2637//3471 2613//3471 2640//3471
f 2636//3472 2640//3472 2639//3472
f 2640//3473 2636//3473 2637//3473
f 2639//3474 2630//3474 2636//3474
f 2639//3475 2592//3475 2641//3475
f 2641//3476 2629//3476 2639//3476
f 2630//3477 2639//3477 2629//3477
f 2590//3478 2641//3478 2592//3478
f 2590//3479 2642//3479 2641//3479
f 2629//3480 2641//3480 2642//3480
f 2629//3481 2642//3481 2627//3481
f 2571//3482 2604//3482 2601//3482
f 2573//3483 2604//3483 2571//3483
f 2610//3484 2638//3484 2623//3484
f 2610//3485 2613//3485 2638//3485
f 2613//3486 2637//3486 2638//3486
f 2646//3487 2645//3487 2644//3487
f 2247//3488 2648//3488 2649//3488
f 2247//3489 2649//3489 2646//3489
f 2644//3490 2247//3490 2646//3490
f 2652//545 2653//545 2654//545
f 2655//545 2654//545 2653//545
f 2653//545 2656//545 2655//545
f 2657//545 2655//545 2656//545
f 2656//545 2658//545 2657//545
f 2659//545 2657//545 2658//545
f 2658//545 2660//545 2659//545
f 2661//545 2659//545 2660//545
f 2660//545 2662//545 2661//545
f 2663//545 2661//545 2662//545
f 2662//545 2664//545 2663//545
f 2665//545 2663//545 2664//545
f 2664//545 2666//545 2665//545
f 2667//545 2665//545 2666//545
f 2666//545 2668//545 2667//545
f 2667//545 2668//545 2669//545
f 2670//545 2667//545 2669//545
f 2670//3491 2671//3491 2675//3491
f 2670//3492 2675//3492 2676//3492
f 2677//3493 2670//3493 2676//3493
f 2678//629 2679//629 2646//629
f 2645//65 2646//65 2679//65
f 2680//65 2681//65 2645//65
f 2679//65 2680//65 2645//65
f 2682//65 2681//65 2680//65
f 2680//65 2683//65 2682//65
f 2684//65 2682//65 2683//65
f 2683//65 2685//65 2684//65
f 2686//65 2684//65 2685//65
f 2685//65 2687//65 2686//65
f 2688//65 2686//65 2687//65
f 2687//65 2689//65 2688//65
f 2690//65 2688//65 2689//65
f 2689//65 2691//65 2690//65
f 2692//65 2690//65 2691//65
f 2691//65 2693//65 2692//65
f 2694//65 2692//65 2693//65
f 2693//65 2695//65 2694//65
f 2694//65 2695//65 2696//65
f 2697//65 2694//65 2696//65
f 2648//3494 2643//3494 2583//3494
f 2698//3495 2648//3495 2583//3495
f 2647//3494 2643//3494 2648//3494
f 2679//3496 2699//3496 2700//3496
f 2680//3497 2679//3497 2700//3497
f 2683//3498 2680//3498 2700//3498
f 2685//3499 2683//3499 2700//3499
f 2687//3500 2685//3500 2700//3500
f 2700//3501 2701//3501 2687//3501
f 2689//3502 2687//3502 2701//3502
f 2701//3503 2702//3503 2689//3503
f 2691//3504 2689//3504 2702//3504
f 2702//3505 2703//3505 2691//3505
f 2693//3506 2691//3506 2703//3506
f 2703//3507 2704//3507 2693//3507
f 2695//3508 2693//3508 2704//3508
f 2704//3509 2705//3509 2695//3509
f 2696//3510 2695//3510 2705//3510
f 2705//3511 2706//3511 2696//3511
f 2696//3512 2706//3512 2707//3512
f 2697//3513 2696//3513 2707//3513
f 2707//3514 2708//3514 2697//3514
f 2694//3515 2697//3515 2708//3515
f 2708//3516 2709//3516 2694//3516
f 2692//3517 2694//3517 2709//3517
f 2709//3518 2710//3518 2692//3518
f 2690//3519 2692//3519 2710//3519
f 2710//3520 2711//3520 2690//3520
f 2688//3521 2690//3521 2711//3521
f 2711//3522 2712//3522 2688//3522
f 2686//3523 2688//3523 2712//3523
f 2712//3524 2713//3524 2686//3524
f 2684//3525 2686//3525 2713//3525
f 2684//3526 2713//3526 2682//3526
f 2681//3527 2682//3527 2713//3527
f 2681//3528 2713//3528 2714//3528
f 2681//3529 2714//3529 2644//3529
f 2645//3530 2681//3530 2644//3530
f 2393//3531 2426//3531 2392//3531
f 2426//3532 2715//3532 2427//3532
f 2715//3533 2428//3533 2427//3533
f 2428//3534 2431//3534 2429//3534
f 2431//3535 2432//3535 2430//3535
f 2723//3536 2721//3536 2722//3536
f 2724//3537 2723//3537 2722//3537
f 2722//3538 2725//3538 2724//3538
f 2726//3539 2724//3539 2725//3539
f 2725//3540 2727//3540 2726//3540
f 2484//3541 2726//3541 2727//3541
f 2730//3542 2729//3542 2728//3542
f 2732//3543 2728//3543 2731//3543
f 2728//3544 2732//3544 2730//3544
f 2733//3545 2730//3545 2732//3545
f 2733//3546 2734//3546 2730//3546
f 2735//3547 2438//3547 2436//3547
f 2735//3548 2436//3548 2736//3548
f 2735//3549 2736//3549 2734//3549
f 2735//3550 2734//3550 2733//3550
f 2440//3551 2438//3551 2735//3551
f 2732//3552 2737//3552 2733//3552
f 2732//3553 2731//3553 2738//3553
f 2737//3554 2732//3554 2738//3554
f 2739//3555 2733//3555 2737//3555
f 2733//3556 2739//3556 2735//3556
f 2740//3557 2735//3557 2739//3557
f 2740//3558 2442//3558 2440//3558
f 2735//3559 2740//3559 2440//3559
f 2716//3560 2442//3560 2740//3560
f 2740//3561 2741//3561 2716//3561
f 2742//3562 2741//3562 2740//3562
f 2739//3563 2742//3563 2740//3563
f 2717//3564 2716//3564 2741//3564
f 2743//3565 2742//3565 2739//3565
f 2737//3566 2743//3566 2739//3566
f 2743//3567 2737//3567 2738//3567
f 2744//3568 2718//3568 2717//3568
f 2741//3569 2744//3569 2717//3569
f 2744//3570 2741//3570 2742//3570
f 2719//3571 2718//3571 2744//3571
f 2745//3572 2742//3572 2743//3572
f 2742//3573 2745//3573 2744//3573
f 2746//3574 2743//3574 2738//3574
f 2743//3575 2746//3575 2745//3575
f 2738//3576 2747//3576 2746//3576
f 2748//3577 2744//3577 2745//3577
f 2748//3578 2720//3578 2719//3578
f 2744//3579 2748//3579 2719//3579
f 2721//3580 2720//3580 2748//3580
f 2745//3581 2749//3581 2748//3581
f 2749//3582 2745//3582 2746//3582
f 2750//3583 2746//3583 2747//3583
f 2746//3584 2750//3584 2749//3584
f 2748//3585 2751//3585 2721//3585
f 2751//3586 2748//3586 2749//3586
f 2749//3587 2753//3587 2751//3587
f 2753//3588 2749//3588 2750//3588
f 2750//3589 2755//3589 2753//3589
f 2750//3590 2747//3590 2755//3590
f 2756//3591 2753//3591 2755//3591
f 2671//3592 2822//3592 2675//3592
f 2757//3593 2758//3593 2677//3593
f 2676//3594 2757//3594 2677//3594
f 2757//3595 2676//3595 2675//3595
f 2675//3596 2822//3596 2759//3596
f 2760//3597 2675//3597 2759//3597
f 2675//3598 2760//3598 2757//3598
f 2759//3599 2827//3599 2760//3599
f 2757//3600 2761//3600 2758//3600
f 2761//3601 2757//3601 2760//3601
f 2760//3602 2762//3602 2761//3602
f 2762//3603 2760//3603 2827//3603
f 2827//3604 2763//3604 2762//3604
f 2764//3605 2758//3605 2761//3605
f 2765//3606 2762//3606 2763//3606
f 2762//3607 2765//3607 2761//3607
f 2766//3608 2761//3608 2765//3608
f 2761//3609 2766//3609 2764//3609
f 2767//3610 2765//3610 2763//3610
f 2765//3611 2767//3611 2766//3611
f 2768//3612 2758//3612 2764//3612
f 2763//3613 2769//3613 2767//3613
f 2770//3614 2766//3614 2767//3614
f 2766//3615 2770//3615 2764//3615
f 2764//3616 2771//3616 2768//3616
f 2771//3617 2764//3617 2770//3617
f 2767//3618 2772//3618 2770//3618
f 2772//3619 2767//3619 2769//3619
f 2773//3620 2768//3620 2771//3620
f 2768//3621 2773//3621 2774//3621
f 2770//3622 2775//3622 2771//3622
f 2775//3623 2770//3623 2772//3623
f 2776//3624 2771//3624 2775//3624
f 2771//3625 2776//3625 2773//3625
f 2773//3626 2777//3626 2774//3626
f 2778//3627 2772//3627 2769//3627
f 2772//3628 2778//3628 2775//3628
f 2779//3629 2773//3629 2776//3629
f 2773//3630 2779//3630 2777//3630
f 2769//3631 2738//3631 2778//3631
f 2781//3632 2775//3632 2778//3632
f 2775//3633 2781//3633 2776//3633
f 2729//3634 2776//3634 2781//3634
f 2776//3635 2729//3635 2779//3635
f 2734//3636 2736//3636 2780//3636
f 2777//3637 2734//3637 2780//3637
f 2734//3638 2777//3638 2779//3638
f 2778//3639 2738//3639 2731//3639
f 2781//3640 2778//3640 2731//3640
f 2781//3641 2731//3641 2728//3641
f 2781//3642 2728//3642 2729//3642
f 2779//3643 2729//3643 2730//3643
f 2779//3644 2730//3644 2734//3644
f 2782//3645 2736//3645 2436//3645
f 2668//3646 2783//3646 2784//3646
f 2669//3647 2668//3647 2784//3647
f 2783//3648 2668//3648 2666//3648
f 2787//3649 2783//3649 2666//3649
f 2787//3650 2785//3650 2788//3650
f 2783//3651 2787//3651 2788//3651
f 2666//3652 2664//3652 2787//3652
f 2787//3653 2664//3653 2662//3653
f 2789//3654 2787//3654 2662//3654
f 2790//3655 2701//3655 2700//3655
f 2702//3656 2701//3656 2790//3656
f 2662//3657 2660//3657 2789//3657
f 2789//3658 2791//3658 2790//3658
f 2789//3659 2660//3659 2658//3659
f 2791//3660 2789//3660 2658//3660
f 2792//3661 2703//3661 2702//3661
f 2790//3662 2792//3662 2702//3662
f 2792//3663 2790//3663 2791//3663
f 2704//3664 2703//3664 2792//3664
f 2658//3665 2656//3665 2791//3665
f 2791//3666 2656//3666 2653//3666
f 2793//3667 2791//3667 2653//3667
f 2791//3668 2793//3668 2792//3668
f 2794//3669 2705//3669 2704//3669
f 2792//3670 2794//3670 2704//3670
f 2794//3671 2792//3671 2793//3671
f 2706//3672 2705//3672 2794//3672
f 2653//3673 2652//3673 2793//3673
f 2795//3674 2707//3674 2706//3674
f 2794//3674 2795//3674 2706//3674
f 2793//3675 2652//3675 2654//3675
f 2796//3676 2793//3676 2654//3676
f 2796//3677 2795//3677 2794//3677
f 2793//3678 2796//3678 2794//3678
f 2708//3679 2707//3679 2795//3679
f 2654//3680 2655//3680 2796//3680
f 2797//3681 2709//3681 2708//3681
f 2795//3682 2797//3682 2708//3682
f 2797//3683 2795//3683 2796//3683
f 2796//3684 2655//3684 2657//3684
f 2798//3685 2796//3685 2657//3685
f 2796//3686 2798//3686 2797//3686
f 2710//3687 2709//3687 2797//3687
f 2657//3688 2659//3688 2798//3688
f 2799//3689 2797//3689 2798//3689
f 2799//3690 2711//3690 2710//3690
f 2797//3691 2799//3691 2710//3691
f 2798//3692 2800//3692 2799//3692
f 2798//3693 2659//3693 2661//3693
f 2800//3694 2798//3694 2661//3694
f 2712//3695 2711//3695 2799//3695
f 2661//3696 2663//3696 2800//3696
f 2801//3697 2713//3697 2712//3697
f 2799//3698 2801//3698 2712//3698
f 2801//3699 2799//3699 2800//3699
f 2802//3700 2800//3700 2663//3700
f 2800//3701 2802//3701 2801//3701
f 2663//3702 2665//3702 2802//3702
f 2802//3703 2665//3703 2667//3703
f 2802//3704 2667//3704 2670//3704
f 2802//3705 2670//3705 2803//3705
f 2802//3706 2803//3706 2804//3706
f 2802//3707 2804//3707 2801//3707
f 2801//3708 2804//3708 2805//3708
f 2801//3709 2805//3709 2806//3709
f 2807//3710 2801//3710 2806//3710
f 2807//3711 2714//3711 2713//3711
f 2807//3712 2713//3712 2801//3712
f 2714//3713 2807//3713 2808//3713
f 2644//3714 2714//3714 2808//3714
f 2644//3715 2808//3715 2247//3715
f 2809//3716 2247//3716 2808//3716
f 2809//3717 2808//3717 2807//3717
f 2807//3718 2806//3718 2809//3718
f 2810//3719 2809//3719 2806//3719
f 2811//3720 2810//3720 2806//3720
f 2805//3721 2811//3721 2806//3721
f 2812//3722 2811//3722 2805//3722
f 2805//3723 2804//3723 2812//3723
f 2813//3724 2812//3724 2804//3724
f 2804//3725 2803//3725 2813//3725
f 2677//3726 2813//3726 2803//3726
f 2803//3727 2670//3727 2677//3727
f 2810//3728 2811//3728 2814//3728
f 2815//3729 2814//3729 2811//3729
f 2811//3730 2812//3730 2815//3730
f 2758//3731 2815//3731 2812//3731
f 2812//3732 2813//3732 2758//3732
f 2813//3733 2677//3733 2758//3733
f 2814//3734 2428//3734 2715//3734
f 2814//3735 2715//3735 2426//3735
f 2393//3736 2814//3736 2426//3736
f 2782//3737 2436//3737 2435//3737
f 2782//3738 2435//3738 2433//3738
f 2816//3739 2428//3739 2814//3739
f 2780//3740 2782//3740 2816//3740
f 2782//3741 2780//3741 2736//3741
f 2817//3742 2816//3742 2814//3742
f 2816//3743 2817//3743 2780//3743
f 2777//3744 2780//3744 2817//3744
f 2817//3745 2818//3745 2777//3745
f 2818//3746 2817//3746 2814//3746
f 2814//3747 2815//3747 2818//3747
f 2818//3748 2774//3748 2777//3748
f 2774//3749 2818//3749 2815//3749
f 2768//3750 2774//3750 2815//3750
f 2815//3751 2758//3751 2768//3751
f 2646//3752 2649//3752 2678//3752
f 2819//3753 2678//3753 2649//3753
f 2649//3754 2648//3754 2819//3754
f 2698//3755 2819//3755 2648//3755
f 2821//3756 2678//3756 2819//3756
f 2819//1441 2698//1441 2821//1441
f 2821//182 2699//182 2679//182
f 2679//3756 2678//3756 2821//3756
f 2822//3757 2671//3757 2672//3757
f 2823//3758 2673//3758 2674//3758
f 2673//3759 2823//3759 2672//3759
f 2674//3760 2824//3760 2823//3760
f 2825//3761 2672//3761 2823//3761
f 2672//3762 2825//3762 2822//3762
f 2759//3763 2822//3763 2825//3763
f 2825//3764 2826//3764 2759//3764
f 2826//3765 2825//3765 2823//3765
f 2827//3766 2759//3766 2826//3766
f 2824//3767 2828//3767 2823//3767
f 2829//3768 2823//3768 2828//3768
f 2823//3769 2829//3769 2826//3769
f 2828//3770 2830//3770 2829//3770
f 2831//3771 2829//3771 2830//3771
f 2829//3772 2831//3772 2826//3772
f 2763//3773 2827//3773 2826//3773
f 2826//3774 2832//3774 2763//3774
f 2832//3775 2826//3775 2831//3775
f 2833//3776 2834//3776 2830//3776
f 2831//3777 2835//3777 2832//3777
f 2835//3778 2831//3778 2830//3778
f 2830//3779 2836//3779 2835//3779
f 2836//3780 2830//3780 2834//3780
f 2837//3781 2832//3781 2835//3781
f 2832//3782 2837//3782 2763//3782
f 2769//3783 2763//3783 2837//3783
f 2834//3784 2838//3784 2836//3784
f 2839//3785 2835//3785 2836//3785
f 2835//3786 2839//3786 2837//3786
f 2838//3787 2840//3787 2836//3787
f 2837//3788 2841//3788 2769//3788
f 2841//3789 2837//3789 2839//3789
f 2842//3790 2836//3790 2840//3790
f 2836//3791 2842//3791 2839//3791
f 2738//3792 2769//3792 2841//3792
f 2838//3793 2754//3793 2840//3793
f 2839//3794 2843//3794 2841//3794
f 2843//3795 2839//3795 2842//3795
f 2747//3796 2841//3796 2843//3796
f 2841//3797 2747//3797 2738//3797
f 2756//3798 2842//3798 2840//3798
f 2842//3799 2756//3799 2843//3799
f 2840//3800 2844//3800 2756//3800
f 2844//3801 2840//3801 2754//3801
f 2755//3802 2843//3802 2756//3802
f 2843//3803 2755//3803 2747//3803
f 2754//3804 2752//3804 2751//3804
f 2756//3805 2844//3805 2753//3805
f 2845//3806 2846//3806 2727//3806
f 2845//3807 2727//3807 2725//3807
f 2722//3808 2752//3808 2845//3808
f 2845//3809 2847//3809 2846//3809
f 2848//3810 2847//3810 2845//3810
f 2845//3811 2849//3811 2848//3811
f 2845//3812 2752//3812 2754//3812
f 2849//3813 2845//3813 2754//3813
f 2754//3814 2838//3814 2849//3814
f 2850//3815 2848//3815 2849//3815
f 2849//3816 2838//3816 2850//3816
f 2838//3817 2834//3817 2850//3817
f 2851//3818 2850//3818 2834//3818
f 2834//3819 2833//3819 2851//3819
f 2852//3820 2821//3820 2820//3820
f 2820//3821 2853//3821 2852//3821
f 2820//3822 2727//3822 2853//3822
f 2854//3823 2852//3823 2853//3823
f 2853//3824 2727//3824 2846//3824
f 2855//3825 2853//3825 2846//3825
f 2853//3826 2855//3826 2854//3826
f 2855//3827 2846//3827 2847//3827
f 2856//3828 2855//3828 2847//3828
f 2855//3829 2856//3829 2854//3829
f 2847//3830 2848//3830 2856//3830
f 2857//3831 2854//3831 2856//3831
f 2856//3832 2858//3832 2857//3832
f 2858//3833 2856//3833 2848//3833
f 2858//3834 2848//3834 2850//3834
f 2859//3835 2857//3835 2858//3835
f 2858//3836 2860//3836 2859//3836
f 2860//3837 2858//3837 2850//3837
f 2861//3838 2859//3838 2860//3838
f 2860//3839 2850//3839 2851//3839
f 2860//3840 2828//3840 2861//3840
f 2860//3841 2851//3841 2833//3841
f 2828//3842 2860//3842 2833//3842
f 2861//3843 2828//3843 2824//3843
f 2674//3844 2861//3844 2824//3844
f 2833//3845 2830//3845 2828//3845
f 2821//3846 2786//3846 2699//3846
f 2852//3847 2786//3847 2821//3847
f 2854//3848 2785//3848 2786//3848
f 2852//3849 2854//3849 2786//3849
f 2857//3850 2788//3850 2785//3850
f 2854//3851 2857//3851 2785//3851
f 2857//3852 2859//3852 2788//3852
f 2783//3853 2788//3853 2859//3853
f 2859//3854 2861//3854 2783//3854
f 2784//3855 2783//3855 2861//3855
f 2861//3856 2674//3856 2784//3856
f 2669//3857 2784//3857 2674//3857
f 2699//3858 2786//3858 2700//3858
f 2700//3859 2786//3859 2785//3859
f 2785//3860 2862//3860 2700//3860
f 2862//3861 2790//3861 2700//3861
f 2789//3862 2862//3862 2787//3862
f 2790//3863 2862//3863 2789//3863
f 2787//3864 2862//3864 2785//3864
f 2432//3865 2782//3865 2433//3865
f 2431//3866 2782//3866 2432//3866
f 2428//3867 2816//3867 2431//3867
f 2431//3868 2816//3868 2782//3868
f 2809//3869 2810//3869 2814//3869
f 2247//3870 2809//3870 2814//3870
f 2247//3871 2814//3871 2650//3871
f 2650//3872 2814//3872 2651//3872
f 2393//3873 2651//3873 2814//3873
f 2669//3874 2674//3874 2673//3874
f 2669//3875 2673//3875 2672//3875
f 2669//3876 2672//3876 2671//3876
f 2669//3877 2671//3877 2670//3877
f 2751//3878 2753//3878 2844//3878
f 2751//3879 2844//3879 2754//3879
f 2721//3880 2751//3880 2752//3880
f 2721//3881 2752//3881 2722//3881
f 2725//3882 2722//3882 2845//3882
f 2866//2499 2060//2499 1989//2499
f 2866//3883 2865//3883 2060//3883
f 2061//3884 2060//3884 2865//3884
f 2865//3885 2863//3885 2061//3885
f 2863//3886 2864//3886 2061//3886
f 2622//3887 2863//3887 2865//3887
f 2864//3888 2863//3888 2622//3888
f 2626//2561 2867//2561 2622//2561
f 2626//2960 1981//2960 2867//2960
f 2600//65 2867//65 1981//65
f 2238//3889 1980//3889 2864//3889
f 1980//3890 2061//3890 2864//3890
f 2239//3891 2238//3891 2864//3891
f 2240//3892 2239//3892 2864//3892
f 2241//3893 2240//3893 2864//3893
f 2870//3894 2241//3894 2864//3894
f 2869//3895 2870//3895 2867//3895
f 2870//3895 2622//3895 2867//3895
f 2870//3896 2864//3896 2622//3896
f 2622//3897 2698//3897 2583//3897
f 2622//1441 2821//1441 2698//1441
f 2622//3898 2865//3898 2821//3898
f 2821//182 2865//182 2820//182
f 2865//182 2866//182 2727//182
f 2727//182 2820//182 2865//182
f 2866//182 1989//182 2727//182
f 1989//3197 2484//3197 2727//3197
f 1989//182 1988//182 2498//182
f 2498//182 2484//182 1989//182
f 2868//3899 2246//3899 2587//3899
f 2587//3900 2643//3900 2868//3900
f 2647//3901 2868//3901 2643//3901
f 2587//3902 2588//3902 2583//3902
f 2587//3903 2583//3903 2643//3903
f 2242//182 1974//182 2869//182
f 1974//182 2870//182 2869//182
f 1974//182 2241//182 2870//182
f 2057//3904 2058//3905 2878//3906
f 1900//3907 1955//3907 2950//3907
f 2932//3908 2937//3908 2954//3908
f 2953//3909 2954//3909 2937//3909
f 2937//3910 2942//3910 2953//3910
f 2952//3911 2953//3911 2942//3911
f 2942//3912 2943//3912 2952//3912
f 1959//3913 2952//3913 1944//3913
f 2952//3914 2943//3914 1944//3914
f 2923//3915 2924//3915 2965//3915
f 2966//3916 2965//3916 2924//3916
f 2924//3917 2925//3917 2966//3917
f 2964//3918 2966//3918 2925//3918
f 2925//3919 2929//3919 2964//3919
f 2956//3920 2964//3920 2929//3920
f 2929//3921 2931//3921 2956//3921
f 2955//3922 2956//3922 2931//3922
f 2931//3923 2932//3923 2955//3923
f 2954//3924 2955//3924 2932//3924
f 2965//3925 2957//3925 2923//3925
f 2495//3926 2873//3926 2494//3926
f 2502//3927 2871//3927 2873//3927
f 2502//3928 2873//3928 2495//3928
f 2501//3929 2890//3929 2871//3929
f 2501//3930 2888//3930 2890//3930
f 2871//3931 2502//3931 2501//3931
f 2002//3932 2888//3932 2501//3932
f 2945//3933 2894//3933 2949//3933
f 2894//3934 2872//3934 2893//3934
f 2872//3935 2890//3935 2893//3935
f 2872//3936 2871//3936 2890//3936
f 2872//3937 2894//3937 2946//3937
f 2894//3938 2945//3938 2946//3938
f 2946//3939 2947//3939 2872//3939
f 2872//3940 2874//3940 2871//3940
f 2874//3941 2873//3941 2871//3941
f 2874//3942 2872//3942 2944//3942
f 2872//3943 2947//3943 2944//3943
f 2944//3944 2938//3944 2874//3944
f 2874//3945 2939//3945 2940//3945
f 2874//3946 2938//3946 2939//3946
f 2874//3947 2940//3947 2873//3947
f 2940//3948 2494//3948 2873//3948
f 2934//3949 2494//3949 2940//3949
f 2934//3950 2493//3950 2494//3950
f 2492//3951 2493//3951 2934//3951
f 2934//3952 2935//3952 2492//3952
f 2491//3953 2492//3953 2897//3953
f 2492//3954 2933//3954 2897//3954
f 2492//3955 2935//3955 2933//3955
f 1850//3956 1851//3956 2887//3956
f 2887//3957 2875//3957 2886//3957
f 2875//3958 2885//3958 2886//3958
f 2875//3959 2879//3959 2885//3959
f 2875//3960 2887//3960 1851//3960
f 2880//3961 2879//3961 2875//3961
f 1851//3962 1852//3962 2875//3962
f 2875//3963 2876//3963 2880//3963
f 2876//3964 2881//3964 2880//3964
f 2876//3965 2875//3965 1853//3965
f 2875//3966 1852//3966 1853//3966
f 2882//3967 2881//3967 2876//3967
f 1853//3968 1854//3968 2876//3968
f 2877//3969 2876//3969 1855//3969
f 2876//3970 1854//3970 1855//3970
f 2876//3971 2877//3971 2882//3971
f 2877//3972 2883//3972 2882//3972
f 2884//3973 2883//3973 2877//3973
f 1855//3974 1856//3974 2877//3974
f 2878//3975 2877//3975 2057//3975
f 2877//3976 2056//3976 2057//3976
f 2877//3977 2054//3977 2056//3977
f 2877//3978 1856//3978 2054//3978
f 2877//3979 2878//3979 2884//3979
f 2055//3980 2884//3980 2059//3980
f 2884//3981 2058//3981 2059//3981
f 2884//3982 2878//3982 2058//3982
f 2885//3983 2879//3983 1962//3983
f 2958//3984 1962//3984 2879//3984
f 2879//3985 2880//3985 2958//3985
f 2960//3986 2958//3986 2880//3986
f 2880//3987 2881//3987 2960//3987
f 2961//3988 2960//3988 2881//3988
f 2881//3989 2882//3989 2961//3989
f 2963//3990 2961//3990 2882//3990
f 2882//3991 2883//3991 2963//3991
f 2962//3992 2963//3992 2883//3992
f 2883//3993 2884//3993 2962//3993
f 2959//3994 2962//3994 2884//3994
f 2884//3995 2055//3995 2959//3995
f 1963//3996 2959//3996 2055//3996
f 1953//3997 2885//3997 1962//3997
f 1953//3997 2886//3997 2885//3997
f 1953//3998 2887//3998 2886//3998
f 1953//3999 1850//3999 2887//3999
f 1851//4000 1850//4000 1956//4000
f 2000//4001 2888//4001 2002//4001
f 2890//4002 2888//4002 2889//4002
f 2888//4003 2000//4003 2889//4003
f 1880//4004 2000//4004 1878//4004
f 1879//4005 2891//4005 1880//4005
f 1881//4006 2891//4006 1879//4006
f 1899//4007 1900//4007 1881//4007
f 2892//4008 2890//4008 2889//4008
f 2892//4009 2893//4009 2890//4009
f 2892//4010 2889//4010 1880//4010
f 2889//4011 2000//4011 1880//4011
f 1880//4012 2891//4012 2892//4012
f 2895//4013 2892//4013 1881//4013
f 2892//4014 2891//4014 1881//4014
f 2892//4015 2895//4015 2893//4015
f 2895//4016 2894//4016 2893//4016
f 2949//4017 2894//4017 2895//4017
f 1881//4018 1900//4018 2895//4018
f 2895//4019 2896//4019 2949//4019
f 2896//4020 2895//4020 2950//4020
f 2895//4021 1900//4021 2950//4021
f 2491//4022 2897//4022 2490//4022
f 2926//4023 2489//4023 2490//4023
f 2489//4024 2926//4024 2488//4024
f 2490//4025 2927//4025 2926//4025
f 2927//4026 2490//4026 2897//4026
f 2918//4027 2488//4027 2926//4027
f 2897//4028 2933//4028 2927//4028
f 2906//4029 2488//4029 2918//4029
f 2487//4030 2488//4030 2906//4030
f 2906//4031 2908//4031 2487//4031
f 2914//4032 2916//4032 2901//4032
f 2902//4033 2901//4033 2899//4033
f 2901//4034 2916//4034 2899//4034
f 2899//4035 2900//4035 2902//4035
f 2898//4036 2902//4036 2900//4036
f 2902//4037 2898//4037 2903//4037
f 2898//4038 2904//4038 2903//4038
f 2905//4039 2904//4039 2898//4039
f 2387//4040 2898//4040 2368//4040
f 2898//4041 2370//4041 2368//4041
f 2898//4042 2900//4042 2370//4042
f 2898//4043 2387//4043 2905//4043
f 2387//4044 2363//4044 2905//4044
f 2375//4045 2916//4045 2350//4045
f 2375//4046 2372//4046 2916//4046
f 2372//4047 2899//4047 2916//4047
f 2900//4048 2899//4048 2372//4048
f 2372//4049 2370//4049 2900//4049
f 2487//1163 2908//1163 2486//1163
f 2908//3443 2910//3443 2486//3443
f 2910//3443 2911//3443 2486//3443
f 2911//182 2912//182 2486//182
f 2912//4050 2914//4050 2486//4050
f 2914//4051 2901//4051 2486//4051
f 2901//182 2902//182 2486//182
f 2902//182 2485//182 2486//182
f 2485//182 1283//182 1285//182
f 2485//182 2363//182 1283//182
f 2902//4052 2903//4052 2485//4052
f 2903//182 2904//182 2485//182
f 2904//182 2905//182 2485//182
f 2905//182 2363//182 2485//182
f 2909//4053 2922//4053 2957//4053
f 2922//4054 2909//4054 2920//4054
f 2909//4055 2921//4055 2920//4055
f 2909//4056 2919//4056 2921//4056
f 2909//4057 2907//4057 2919//4057
f 2907//4058 2918//4058 2919//4058
f 2906//4059 2918//4059 2907//4059
f 2908//4060 2906//4060 2907//4060
f 2915//4061 2910//4061 2907//4061
f 2915//4062 2907//4062 2909//4062
f 2910//4063 2908//4063 2907//4063
f 2909//4064 2913//4064 2915//4064
f 2913//4065 2909//4065 2957//4065
f 2911//4066 2910//4066 2915//4066
f 2912//4067 2911//4067 2915//4067
f 2914//4068 2912//4068 2915//4068
f 2913//4069 2957//4069 2917//4069
f 2913//4070 2917//4070 2915//4070
f 2916//4071 2914//4071 2915//4071
f 2957//4072 2312//4072 2917//4072
f 2351//4073 2916//4073 2915//4073
f 2351//4074 2350//4074 2916//4074
f 2351//4075 2915//4075 2917//4075
f 2917//4076 2349//4076 2351//4076
f 2351//4077 2345//4077 2350//4077
f 2312//4078 2349//4078 2917//4078
f 2349//4079 2312//4079 2310//4079
f 2918//4080 2926//4080 2919//4080
f 2926//4081 2921//4081 2919//4081
f 2921//4082 2928//4082 2920//4082
f 2928//4083 2922//4083 2920//4083
f 2928//4084 2921//4084 2926//4084
f 2930//4085 2922//4085 2928//4085
f 2930//4086 2957//4086 2922//4086
f 2930//4087 2923//4087 2957//4087
f 2930//4088 2924//4088 2923//4088
f 2930//4089 2925//4089 2924//4089
f 2930//4090 2929//4090 2925//4090
f 2926//4091 2927//4091 2928//4091
f 2936//4092 2928//4092 2933//4092
f 2928//4093 2927//4093 2933//4093
f 2928//4094 2936//4094 2930//4094
f 2931//4095 2929//4095 2930//4095
f 2941//4096 2930//4096 2936//4096
f 2930//4097 2941//4097 2931//4097
f 2941//4098 2932//4098 2931//4098
f 2941//4099 2937//4099 2932//4099
f 2933//4100 2935//4100 2936//4100
f 2940//4101 2936//4101 2934//4101
f 2936//4102 2935//4102 2934//4102
f 2936//4103 2940//4103 2941//4103
f 2942//4104 2937//4104 2941//4104
f 2948//4105 2941//4105 2944//4105
f 2941//4106 2938//4106 2944//4106
f 2941//4107 2939//4107 2938//4107
f 2941//4108 2940//4108 2939//4108
f 2941//4109 2948//4109 2942//4109
f 2948//4110 2943//4110 2942//4110
f 2948//4111 1944//4111 2943//4111
f 2944//4112 2947//4112 2948//4112
f 2951//4113 2948//4113 2949//4113
f 2948//4114 2945//4114 2949//4114
f 2948//4115 2946//4115 2945//4115
f 2948//4116 2947//4116 2946//4116
f 2948//4117 2951//4117 1944//4117
f 2951//4118 1945//4118 1944//4118
f 2951//4119 1946//4119 1945//4119
f 2951//4120 1947//4120 1946//4120
f 2951//4121 1948//4121 1947//4121
f 2951//4122 1949//4122 1948//4122
f 2949//4123 2896//4123 2951//4123
f 1950//4124 1949//4124 2951//4124
f 2951//4125 1955//4125 1950//4125
f 1955//4126 2951//4126 2950//4126
f 2951//4127 2896//4127 2950//4127
f 1955//4128 1900//4128 1956//4128
f 2313//4129 1655//4129 2395//4129
f 2224//801 2310//801 1958//801
f 2310//4130 1959//4130 1958//4130
f 2310//4131 2952//4131 1959//4131
f 2310//4132 2957//4132 2952//4132
f 2957//4133 2953//4133 2952//4133
f 2957//4134 2954//4134 2953//4134
f 2957//4135 2955//4135 2954//4135
f 2957//4136 2956//4136 2955//4136
f 2957//4137 2964//4137 2956//4137
f 2310//4138 2312//4138 2957//4138
f 2958//182 1963//182 1962//182
f 2959//182 1963//182 2958//182
f 2958//182 2960//182 2959//182
f 2962//182 2959//182 2960//182
f 2960//182 2961//182 2962//182
f 2963//182 2962//182 2961//182
f 2966//4139 2964//4139 2957//4139
f 2966//4140 2957//4140 2965//4140
f 1513//4141 2223//4141 1603//4141
f 1446//4142 1669//4142 1670//4142
f 1446//4143 1635//4143 1669//4143
f 1670//4144 2223//4144 1447//4144
f 1446//4145 1670//4145 1447//4145
f 1585//4146 1589//4146 1587//4146
f 1585//4147 1600//4147 1589//4147
f 3062//1 3015//1 3052//1
f 3015//2 2987//2 3052//2
f 3015//887 3062//887 1110//887
f 1148//5 1119//5 3024//5
f 3415//4148 3416//4148 3026//4148
f 2979//7 2968//7 2969//7
f 2979//4149 2978//4149 2968//4149
f 3004//9 2975//9 2974//9
f 3003//10 2975//10 3004//10
f 2982//889 2985//889 3387//889
f 3387//12 3436//12 2982//12
f 2980//13 2982//13 3436//13
f 3436//14 3435//14 2980//14
f 3417//15 2980//15 3435//15
f 3017//16 2975//16 3003//16
f 3017//17 2967//17 2975//17
f 2967//18 2974//18 2975//18
f 2969//19 2967//19 3017//19
f 3017//20 3019//20 2969//20
f 3019//893 3012//893 2969//893
f 2983//4150 2969//4150 3012//4150
f 3012//894 3011//894 2983//894
f 2976//24 3419//24 3447//24
f 3439//25 2970//25 3447//25
f 2968//26 3447//26 2971//26
f 3447//27 2970//27 2971//27
f 3447//4151 2968//4151 2976//4151
f 2968//29 2977//29 2976//29
f 2978//30 2977//30 2968//30
f 2971//896 2972//896 2968//896
f 2968//4152 2967//4152 2969//4152
f 2974//33 2967//33 2968//33
f 2968//4153 2973//4153 2974//4153
f 2968//35 2972//35 2973//35
f 2969//36 2981//36 2979//36
f 2981//37 2969//37 2983//37
f 3011//38 2984//38 2983//38
f 3386//39 3439//39 3440//39
f 3386//40 2970//40 3439//40
f 3386//4154 2971//4154 2970//4154
f 3386//42 2972//42 2971//42
f 3386//43 2973//43 2972//43
f 3386//44 2974//44 2973//44
f 2974//45 3386//45 3004//45
f 3419//46 2976//46 3418//46
f 3417//47 3418//47 2976//47
f 2976//48 2977//48 3417//48
f 2980//49 3417//49 2978//49
f 3417//50 2977//50 2978//50
f 2978//898 2979//898 2980//898
f 2982//52 2980//52 2981//52
f 2980//53 2979//53 2981//53
f 2981//54 2983//54 2982//54
f 2985//900 2982//900 2983//900
f 2983//901 2984//901 2985//901
f 2984//57 1157//57 1152//57
f 2985//58 2984//58 1152//58
f 2987//4155 2988//4155 3415//4155
f 3026//60 2987//60 3415//60
f 2989//61 2988//61 2987//61
f 2990//62 2989//62 2987//62
f 2991//63 2990//63 2987//63
f 2991//64 2987//64 2992//64
f 1156//65 2993//65 2994//65
f 1156//65 2994//65 2995//65
f 1156//65 2995//65 1110//65
f 1156//65 2996//65 2993//65
f 2997//65 2993//65 2996//65
f 1149//66 1148//66 3024//66
f 1149//67 3024//67 3400//67
f 1149//68 3400//68 3399//68
f 3000//69 1149//69 3399//69
f 1150//70 1149//70 3000//70
f 3000//71 3001//71 1150//71
f 3000//72 3399//72 3002//72
f 3001//73 3000//73 3002//73
f 1151//904 1150//904 3001//904
f 1152//4156 1151//4156 3001//4156
f 3001//76 2986//76 1152//76
f 1152//77 2986//77 2985//77
f 3005//78 3003//78 3004//78
f 3004//4157 3006//4157 3005//4157
f 3006//80 3007//80 3005//80
f 2996//81 1156//81 3008//81
f 3008//82 1154//82 1153//82
f 3008//83 1153//83 1157//83
f 3009//84 3008//84 1157//84
f 2984//85 3011//85 3009//85
f 1157//86 2984//86 3009//86
f 3014//4158 2997//4158 3013//4158
f 1110//908 2995//908 3015//908
f 3015//90 3014//90 2987//90
f 3015//91 2995//91 2994//91
f 3015//4159 2994//4159 2993//4159
f 3015//93 2993//93 3014//93
f 2997//4160 3014//4160 2993//4160
f 2987//95 3014//95 2992//95
f 3001//96 3391//96 3392//96
f 3001//97 3392//97 2986//97
f 3390//98 3391//98 3001//98
f 3001//99 3002//99 3390//99
f 3390//100 3002//100 3399//100
f 3387//101 2985//101 2986//101
f 3387//102 2986//102 3392//102
f 3416//103 3415//103 3411//103
f 3415//104 2988//104 3410//104
f 3409//105 3410//105 2988//105
f 2988//106 2989//106 3409//106
f 3408//107 3409//107 2989//107
f 2989//108 2990//108 3408//108
f 3407//109 3408//109 2990//109
f 2990//110 2991//110 3407//110
f 3406//111 3407//111 2991//111
f 1155//112 1154//112 3008//112
f 2992//913 3016//913 3023//913
f 2992//114 3021//114 3016//114
f 3022//115 3016//115 3021//115
f 3007//4161 3016//4161 3022//4161
f 3007//117 3006//117 3016//117
f 3006//118 3004//118 3016//118
f 3386//119 3016//119 3004//119
f 3403//120 3016//120 3386//120
f 3404//4162 3016//4162 3403//4162
f 3405//122 3016//122 3404//122
f 3023//123 3016//123 3405//123
f 3007//124 3022//124 3005//124
f 3005//125 3017//125 3003//125
f 3005//4163 3019//4163 3017//4163
f 3005//127 3018//127 3019//127
f 3012//128 3019//128 3018//128
f 3009//129 3012//129 3018//129
f 3010//130 3009//130 3018//130
f 3010//4164 3018//4164 3020//4164
f 3022//915 3018//915 3005//915
f 3022//4165 3020//4165 3018//4165
f 3405//134 2991//134 3023//134
f 3010//4166 3020//4166 2999//4166
f 2999//4167 3020//4167 2998//4167
f 2991//136 3405//136 3406//136
f 3013//137 3022//137 3021//137
f 3021//138 2992//138 3013//138
f 3013//139 2992//139 3014//139
f 3022//4168 3013//4168 3020//4168
f 3013//4169 2997//4169 2998//4169
f 3013//4170 2998//4170 3020//4170
f 3008//142 3009//142 3010//142
f 3008//4171 3010//4171 2999//4171
f 3008//4172 2999//4172 2998//4172
f 3023//147 2991//147 2992//147
f 3009//4173 3011//4173 3012//4173
f 2996//4174 2998//4174 2997//4174
f 2996//150 3008//150 2998//150
f 1155//919 3008//919 1156//919
f 3027//152 3028//152 3029//152
f 3027//153 3029//153 3030//153
f 3031//154 3027//154 3030//154
f 3032//155 3028//155 3027//155
f 3027//156 3033//156 3032//156
f 3032//157 3033//157 3034//157
f 3295//158 3032//158 3034//158
f 3295//159 3296//159 3032//159
f 3034//160 3035//160 3295//160
f 3297//161 3295//161 3035//161
f 3036//162 3297//162 3035//162
f 3036//163 3299//163 3306//163
f 3297//164 3036//164 3306//164
f 3038//165 3039//165 3040//165
f 3041//166 3039//166 3038//166
f 3038//167 3042//167 3041//167
f 3452//168 3041//168 3042//168
f 3042//4175 3043//4175 3452//4175
f 3416//921 3452//921 3043//921
f 3045//171 3044//171 3026//171
f 3026//172 3043//172 3045//172
f 3043//922 3026//922 3416//922
f 3046//174 3047//174 3048//174
f 3044//923 3046//923 3048//923
f 3044//176 3048//176 3049//176
f 3044//177 3049//177 3050//177
f 3044//178 3050//178 3051//178
f 3052//179 3044//179 3051//179
f 3044//180 3052//180 3026//180
f 3026//181 3052//181 2987//181
f 3053//182 3037//182 3300//182
f 1120//183 1123//183 3024//183
f 1119//184 1120//184 3024//184
f 3453//185 1122//185 3301//185
f 1128//186 1122//186 3453//186
f 3453//187 3454//187 1128//187
f 1127//188 1128//188 3454//188
f 3454//189 3054//189 1127//189
f 1126//190 1127//190 3054//190
f 3455//191 1125//191 1126//191
f 3054//192 3455//192 1126//192
f 1124//4176 1125//4176 3455//4176
f 3455//194 3398//194 1124//194
f 1124//195 3398//195 3400//195
f 1124//196 3400//196 3024//196
f 1123//197 1124//197 3024//197
f 1122//198 1121//198 3301//198
f 1121//199 1086//199 3301//199
f 3304//200 3032//200 3296//200
f 1075//201 1115//201 3304//201
f 3055//925 3028//925 3032//925
f 3304//926 3055//926 3032//926
f 3304//204 1115//204 1116//204
f 3304//205 1116//205 1117//205
f 3304//206 1117//206 3056//206
f 3304//207 3056//207 3057//207
f 3055//4177 3304//4177 3057//4177
f 3028//929 3055//929 3058//929
f 3028//209 3058//209 3059//209
f 3029//210 3028//210 3059//210
f 1112//211 3064//211 3060//211
f 1112//212 3060//212 3061//212
f 1113//213 1112//213 3061//213
f 3064//214 1112//214 1111//214
f 3062//215 3064//215 1111//215
f 3062//216 3051//216 3050//216
f 3062//4178 3050//4178 3049//4178
f 3062//218 3049//218 3063//218
f 3062//219 3063//219 3064//219
f 3052//4179 3051//4179 3062//4179
f 3062//221 1111//221 1110//221
f 3054//222 3454//222 3397//222
f 3455//223 3054//223 3397//223
f 3041//224 3402//224 3039//224
f 3413//225 3402//225 3041//225
f 3041//4180 3452//4180 3413//4180
f 3040//227 3039//227 3025//227
f 3053//65 3299//65 3036//65
f 3053//228 3036//228 3035//228
f 3300//65 3299//65 3053//65
f 3029//229 3065//229 3066//229
f 3030//230 3029//230 3066//230
f 3066//231 3067//231 3030//231
f 3030//232 3067//232 3068//232
f 3031//233 3030//233 3068//233
f 3068//234 3067//234 3069//234
f 3070//235 3068//235 3069//235
f 3069//236 3071//236 3070//236
f 3071//237 3072//237 3073//237
f 3074//238 3073//238 3072//238
f 3070//239 3071//239 3073//239
f 3070//240 3073//240 3075//240
f 3070//241 3075//241 3076//241
f 3070//242 3076//242 3077//242
f 3078//243 3070//243 3077//243
f 3077//244 3079//244 3078//244
f 3080//245 3074//245 3072//245
f 3072//246 3081//246 3080//246
f 3078//247 3079//247 3082//247
f 3078//248 3082//248 3083//248
f 3084//249 3078//249 3083//249
f 3083//250 3085//250 3084//250
f 3086//251 3084//251 3085//251
f 3085//252 3087//252 3086//252
f 3088//253 3086//253 3087//253
f 3087//254 3089//254 3088//254
f 3088//255 3089//255 3090//255
f 3088//4181 3090//4181 3091//4181
f 3092//257 3088//257 3091//257
f 3091//258 3093//258 3092//258
f 3096//259 3097//259 3095//259
f 3094//260 3096//260 3095//260
f 3092//261 3093//261 3097//261
f 3097//262 3096//262 3098//262
f 3098//263 3092//263 3097//263
f 3096//264 3099//264 3098//264
f 3098//4182 3099//4182 3100//4182
f 3101//933 3098//933 3100//933
f 3100//267 3102//267 3048//267
f 3048//268 3102//268 3103//268
f 3049//269 3048//269 3103//269
f 3085//270 3083//270 3087//270
f 3089//270 3087//270 3083//270
f 3083//270 3104//270 3089//270
f 3105//270 3089//270 3104//270
f 3104//270 3106//270 3105//270
f 3107//270 3105//270 3106//270
f 3106//270 3108//270 3107//270
f 3109//270 3107//270 3108//270
f 3108//270 3110//270 3109//270
f 3111//270 3109//270 3110//270
f 3110//270 3307//270 3111//270
f 3219//270 3111//270 3307//270
f 3112//182 3114//182 3113//182
f 3115//182 3113//182 3114//182
f 3114//182 3116//182 3115//182
f 3117//182 3115//182 3116//182
f 3116//182 3118//182 3117//182
f 3117//182 3118//182 3119//182
f 3120//182 3117//182 3119//182
f 3119//182 3309//182 3120//182
f 3248//182 3120//182 3309//182
f 3097//271 3121//271 3095//271
f 3122//271 3095//271 3121//271
f 3121//272 3123//272 3122//272
f 3124//273 3122//273 3123//273
f 3123//274 3125//274 3124//274
f 3126//274 3124//274 3125//274
f 3125//275 3127//275 3126//275
f 3128//275 3126//275 3127//275
f 3127//276 3129//276 3128//276
f 3130//276 3128//276 3129//276
f 3129//277 3131//277 3130//277
f 3132//278 3130//278 3131//278
f 3131//279 3133//279 3132//279
f 3134//935 3132//935 3133//935
f 3133//281 3308//281 3134//281
f 3246//281 3134//281 3308//281
f 3073//283 3135//283 3075//283
f 3136//283 3075//283 3135//283
f 3135//284 3137//284 3136//284
f 3138//284 3136//284 3137//284
f 3137//285 3139//285 3138//285
f 3140//285 3138//285 3139//285
f 3139//286 3141//286 3140//286
f 3142//286 3140//286 3141//286
f 3141//287 3143//287 3142//287
f 3144//287 3142//287 3143//287
f 3143//288 3145//288 3144//288
f 3146//288 3144//288 3145//288
f 3145//289 3147//289 3146//289
f 3148//289 3146//289 3147//289
f 3147//290 3310//290 3148//290
f 3253//290 3148//290 3310//290
f 3136//291 3076//291 3075//291
f 3138//292 3079//292 3077//292
f 3138//293 3077//293 3076//293
f 3136//294 3138//294 3076//294
f 3138//295 3140//295 3079//295
f 3149//296 3083//296 3082//296
f 3149//297 3082//297 3079//297
f 3079//4183 3140//4183 3142//4183
f 3149//299 3079//299 3142//299
f 3104//300 3083//300 3149//300
f 3142//936 3144//936 3149//936
f 3149//302 3144//302 3146//302
f 3150//303 3149//303 3146//303
f 3150//304 3106//304 3104//304
f 3149//4184 3150//4184 3104//4184
f 3108//306 3106//306 3150//306
f 3146//307 3148//307 3150//307
f 3256//308 3110//308 3108//308
f 3150//309 3256//309 3108//309
f 3150//310 3148//310 3253//310
f 3150//311 3253//311 3311//311
f 3256//937 3150//937 3311//937
f 3110//313 3256//313 3254//313
f 3307//314 3110//314 3254//314
f 3097//315 3093//315 3121//315
f 3123//316 3121//316 3093//316
f 3093//317 3091//317 3123//317
f 3123//4185 3091//4185 3151//4185
f 3125//4186 3123//4186 3151//4186
f 3152//4187 3127//4187 3125//4187
f 3151//321 3152//321 3125//321
f 3090//322 3089//322 3152//322
f 3152//323 3151//323 3090//323
f 3089//324 3105//324 3152//324
f 3129//325 3127//325 3152//325
f 3152//326 3105//326 3107//326
f 3153//327 3152//327 3107//327
f 3153//328 3131//328 3129//328
f 3152//329 3153//329 3129//329
f 3107//330 3109//330 3153//330
f 3133//331 3131//331 3153//331
f 3153//332 3109//332 3111//332
f 3111//333 3219//333 3153//333
f 3153//334 3219//334 3260//334
f 3262//335 3153//335 3260//335
f 3153//336 3262//336 3133//336
f 3133//4188 3262//4188 3264//4188
f 3308//338 3133//338 3264//338
f 3073//339 3154//339 3135//339
f 3137//340 3135//340 3154//340
f 3154//341 3155//341 3137//341
f 3139//342 3137//342 3155//342
f 3155//343 3156//343 3139//343
f 3141//939 3139//939 3156//939
f 3157//345 3143//345 3141//345
f 3156//346 3157//346 3141//346
f 3158//347 3113//347 3157//347
f 3159//348 3158//348 3157//348
f 3160//349 3159//349 3157//349
f 3157//350 3156//350 3160//350
f 3113//940 3115//940 3157//940
f 3145//352 3143//352 3157//352
f 3157//353 3115//353 3117//353
f 3157//354 3117//354 3120//354
f 3157//355 3120//355 3248//355
f 3157//356 3248//356 3313//356
f 3270//357 3157//357 3313//357
f 3270//358 3147//358 3145//358
f 3157//359 3270//359 3145//359
f 3147//360 3270//360 3272//360
f 3310//361 3147//361 3272//361
f 3029//362 3059//362 3065//362
f 3161//362 3065//362 3059//362
f 3059//363 3058//363 3161//363
f 3162//209 3161//209 3058//209
f 3058//364 3057//364 3162//364
f 3163//364 3162//364 3057//364
f 3057//365 3056//365 3163//365
f 3164//365 3163//365 3056//365
f 3056//366 1117//366 3164//366
f 1118//366 3164//366 1117//366
f 3103//367 3165//367 3049//367
f 3063//367 3049//367 3165//367
f 3165//368 3166//368 3063//368
f 3064//369 3063//369 3166//369
f 3166//370 3167//370 3064//370
f 3060//370 3064//370 3167//370
f 3167//372 3168//372 3060//372
f 3061//372 3060//372 3168//372
f 3168//373 1114//373 3061//373
f 1113//373 3061//373 1114//373
f 3096//374 3169//374 3099//374
f 3165//375 3103//375 3102//375
f 3170//376 3100//376 3099//376
f 3100//377 3170//377 3102//377
f 3102//378 3171//378 3165//378
f 3171//379 3102//379 3170//379
f 3099//380 3172//380 3170//380
f 3172//381 3099//381 3169//381
f 3173//382 3170//382 3172//382
f 3170//383 3173//383 3171//383
f 3166//384 3165//384 3171//384
f 3171//385 3174//385 3166//385
f 3174//386 3171//386 3173//386
f 3169//387 3175//387 3172//387
f 3176//388 3173//388 3172//388
f 3173//389 3176//389 3174//389
f 3167//390 3166//390 3174//390
f 3178//391 3174//391 3176//391
f 3174//392 3178//392 3167//392
f 3175//4189 1105//4189 3172//4189
f 3172//394 3177//394 3176//394
f 3177//395 3172//395 1105//395
f 1105//944 1091//944 3177//944
f 3168//396 3167//396 3178//396
f 3176//397 1095//397 3178//397
f 1095//398 3176//398 3177//398
f 1093//4190 3177//4190 1091//4190
f 3177//400 1093//400 1095//400
f 1114//4191 3168//4191 3178//4191
f 1095//402 1098//402 3178//402
f 3178//947 1098//947 1114//947
f 1090//404 1108//404 3179//404
f 3180//405 3072//405 3071//405
f 3180//406 3071//406 3188//406
f 3179//407 3180//407 3188//407
f 3180//408 3179//408 1108//408
f 3081//409 3072//409 3180//409
f 1108//410 1400//410 3180//410
f 3181//411 3180//411 1400//411
f 3181//412 3182//412 3183//412
f 3183//413 3081//413 3180//413
f 3184//414 3181//414 1400//414
f 1400//415 1399//415 3184//415
f 1398//416 3185//416 3184//416
f 1399//417 1398//417 3184//417
f 3186//418 3185//418 1398//418
f 1398//419 1107//419 3186//419
f 3186//420 3169//420 3094//420
f 3186//421 1107//421 1105//421
f 3186//422 1105//422 3175//422
f 3169//423 3186//423 3175//423
f 3096//424 3094//424 3169//424
f 3065//425 3161//425 3066//425
f 3187//426 3066//426 3161//426
f 3066//427 3187//427 3067//427
f 3188//952 3071//952 3069//952
f 3069//429 3189//429 3188//429
f 3189//430 3069//430 3067//430
f 3067//4192 3190//4192 3189//4192
f 3190//432 3067//432 3187//432
f 3187//433 3191//433 3190//433
f 3191//953 3187//953 3161//953
f 3161//435 3162//435 3191//435
f 3179//436 3188//436 3189//436
f 3189//437 3192//437 3179//437
f 3192//438 3189//438 3190//438
f 3193//439 3190//439 3191//439
f 3190//440 3193//440 3192//440
f 3194//441 3191//441 3162//441
f 3191//442 3194//442 3193//442
f 3162//443 3163//443 3194//443
f 1090//444 3179//444 3192//444
f 3195//957 3192//957 3193//957
f 3192//958 3195//958 1090//958
f 3196//447 3193//447 3194//447
f 3193//448 3196//448 3195//448
f 3197//4193 3194//4193 3163//4193
f 3194//450 3197//450 3196//450
f 1100//959 1090//959 3195//959
f 1100//960 3195//960 3196//960
f 3163//453 3164//453 3197//453
f 1103//454 3196//454 3197//454
f 3196//455 1103//455 1100//455
f 3164//456 1118//456 3197//456
f 1104//457 3197//457 1118//457
f 3197//458 1104//458 1103//458
f 3200//459 3183//459 3182//459
f 3201//460 3183//460 3200//460
f 3200//461 3199//461 3201//461
f 3202//462 3201//462 3199//462
f 3199//463 3198//463 3202//463
f 3202//464 3198//464 3112//464
f 3202//465 3112//465 3113//465
f 3068//182 3070//182 3078//182
f 3068//182 3078//182 3084//182
f 3068//182 3084//182 3086//182
f 3068//182 3086//182 3088//182
f 3068//182 3088//182 3092//182
f 3068//182 3092//182 3098//182
f 3101//182 3068//182 3098//182
f 3101//466 3046//466 3044//466
f 3101//466 3044//466 3045//466
f 3101//466 3045//466 3043//466
f 3101//466 3043//466 3042//466
f 3101//466 3042//466 3038//466
f 3101//466 3038//466 3040//466
f 3040//466 3025//466 3037//466
f 3101//466 3040//466 3037//466
f 3101//466 3037//466 3053//466
f 3101//466 3053//466 3035//466
f 3101//466 3035//466 3034//466
f 3101//466 3034//466 3033//466
f 3101//466 3033//466 3027//466
f 3101//466 3027//466 3031//466
f 3068//466 3101//466 3031//466
f 3047//466 3046//466 3101//466
f 3055//270 3057//270 3058//270
f 3091//963 3090//470 3151//963
f 3182//471 3181//471 3184//471
f 3184//472 3185//472 3182//472
f 3180//473 3181//473 3183//473
f 3113//474 3158//474 3202//474
f 3183//964 3201//964 3202//964
f 3158//476 3183//476 3202//476
f 3158//477 3159//477 3183//477
f 3159//478 3160//478 3183//478
f 3081//966 3183//966 3160//966
f 3081//480 3160//480 3156//480
f 3081//481 3156//481 3155//481
f 3080//482 3081//482 3155//482
f 3080//483 3155//483 3154//483
f 3074//484 3080//484 3154//484
f 3073//485 3074//485 3154//485
f 3095//4194 3212//4194 3218//4194
f 3218//487 3212//487 3217//487
f 3217//488 3212//488 3211//488
f 3217//489 3211//489 3216//489
f 3216//490 3211//490 3210//490
f 3216//491 3210//491 3206//491
f 3216//967 3206//967 3205//967
f 3207//493 3205//493 3206//493
f 3208//494 3205//494 3207//494
f 3208//495 3203//495 3205//495
f 3205//496 3203//496 3204//496
f 3215//497 3203//497 3208//497
f 3186//498 3205//498 3185//498
f 3203//499 3215//499 3112//499
f 3203//500 3112//500 3198//500
f 3199//501 3203//501 3198//501
f 3203//502 3199//502 3204//502
f 3200//503 3204//503 3199//503
f 3204//504 3200//504 3205//504
f 3200//505 3182//505 3205//505
f 3205//970 3186//970 3216//970
f 3185//507 3205//507 3182//507
f 3216//971 3186//971 3094//971
f 3246//972 3312//972 3134//972
f 3134//510 3312//510 3266//510
f 3209//511 3132//511 3266//511
f 3266//974 3132//974 3134//974
f 3266//513 3268//513 3209//513
f 3209//4195 3268//4195 3309//4195
f 3209//515 3309//515 3119//515
f 3209//976 3119//976 3213//976
f 3209//517 3213//517 3214//517
f 3132//518 3209//518 3130//518
f 3215//4196 3209//4196 3214//4196
f 3209//520 3206//520 3210//520
f 3206//521 3209//521 3207//521
f 3207//522 3209//522 3208//522
f 3208//523 3209//523 3215//523
f 3210//524 3128//524 3209//524
f 3209//525 3128//525 3130//525
f 3128//526 3210//526 3126//526
f 3211//527 3126//527 3210//527
f 3126//528 3211//528 3124//528
f 3212//529 3124//529 3211//529
f 3124//530 3212//530 3122//530
f 3095//531 3122//531 3212//531
f 3116//182 3213//182 3118//182
f 3213//182 3116//182 3214//182
f 3114//182 3214//182 3116//182
f 3214//182 3114//182 3215//182
f 3112//182 3215//182 3114//182
f 3094//532 3217//532 3216//532
f 3217//533 3094//533 3218//533
f 3218//534 3094//534 3095//534
f 3118//182 3213//182 3119//182
f 3048//535 3101//535 3100//535
f 3047//536 3101//536 3048//536
f 3025//182 3402//182 3037//182
f 3025//537 3039//537 3402//537
f 3221//270 3219//270 3220//270
f 3222//270 3221//270 3220//270
f 3225//270 3223//270 3220//270
f 3224//270 3226//270 3222//270
f 3220//538 3227//538 3225//538
f 3277//539 3222//539 3226//539
f 3228//540 3225//540 3227//540
f 3226//541 3229//541 3277//541
f 3227//542 3230//542 3228//542
f 3231//543 3277//543 3229//543
f 3232//270 3228//270 3230//270
f 3229//270 3233//270 3231//270
f 3234//270 3231//270 3233//270
f 3230//270 3235//270 3232//270
f 3233//270 3236//270 3234//270
f 3237//270 3232//270 3235//270
f 3234//270 3236//270 3238//270
f 3239//270 3234//270 3238//270
f 3240//270 3241//270 3237//270
f 3235//270 3240//270 3237//270
f 3242//270 3241//270 3240//270
f 3238//270 3242//270 3239//270
f 3243//270 3239//270 3242//270
f 3244//270 3243//270 3242//270
f 3240//270 3244//270 3242//270
f 3247//544 3246//544 3245//544
f 3251//545 3252//545 3253//545
f 3255//546 3227//546 3254//546
f 3257//547 3255//547 3256//547
f 3257//548 3253//548 3252//548
f 3258//549 3257//549 3252//549
f 3222//270 3219//270 3221//270
f 3219//550 3222//550 3259//550
f 3259//551 3261//551 3260//551
f 3261//552 3263//552 3262//552
f 3263//553 3245//553 3264//553
f 3247//554 3265//554 3246//554
f 3265//555 3267//555 3266//555
f 3267//556 3249//556 3268//556
f 3250//557 3269//557 3248//557
f 3269//558 3271//558 3270//558
f 3271//559 3251//559 3272//559
f 3273//4197 3227//4197 3255//4197
f 3255//561 3257//561 3273//561
f 3274//562 3273//562 3257//562
f 3257//563 3258//563 3274//563
f 3259//4198 3275//4198 3261//4198
f 3263//565 3261//565 3275//565
f 3275//566 3276//566 3263//566
f 3263//567 3276//567 3245//567
f 3278//568 3230//568 3227//568
f 3273//569 3278//569 3227//569
f 3274//570 3258//570 3278//570
f 3273//4199 3274//4199 3278//4199
f 3258//572 3279//572 3278//572
f 3235//573 3230//573 3278//573
f 3280//574 3278//574 3279//574
f 3280//575 3240//575 3235//575
f 3278//576 3280//576 3235//576
f 3279//577 3281//577 3280//577
f 3244//578 3240//578 3280//578
f 3280//579 3281//579 3282//579
f 3283//580 3280//580 3282//580
f 3280//581 3283//581 3244//581
f 3243//582 3244//582 3283//582
f 3282//583 3284//583 3283//583
f 3285//584 3283//584 3284//584
f 3283//585 3285//585 3243//585
f 3239//586 3243//586 3285//586
f 3284//587 3286//587 3285//587
f 3287//588 3234//588 3239//588
f 3285//589 3287//589 3239//589
f 3287//590 3285//590 3286//590
f 3231//591 3234//591 3287//591
f 3286//592 3245//592 3287//592
f 3275//4200 3277//4200 3231//4200
f 3287//594 3275//594 3231//594
f 3287//595 3245//595 3276//595
f 3287//596 3276//596 3275//596
f 3259//4201 3277//4201 3275//4201
f 3277//598 3259//598 3222//598
f 3248//182 3249//182 3250//182
f 3250//182 3289//182 3288//182
f 3249//182 3289//182 3250//182
f 3258//599 3252//599 3251//599
f 3245//600 3286//600 3290//600
f 3290//601 3247//601 3245//601
f 3281//602 3279//602 3291//602
f 3291//602 3292//602 3281//602
f 3282//603 3281//603 3292//603
f 3292//603 3293//603 3282//603
f 3293//604 3294//604 3284//604
f 3284//604 3282//604 3293//604
f 3294//605 3290//605 3286//605
f 3286//605 3284//605 3294//605
f 3279//606 3258//606 3251//606
f 3251//606 3291//606 3279//606
f 3271//607 3291//607 3251//607
f 3269//4202 3291//4202 3271//4202
f 3288//609 3292//609 3291//609
f 3288//610 3293//610 3292//610
f 3288//611 3289//611 3293//611
f 3289//612 3294//612 3293//612
f 3290//613 3294//613 3289//613
f 3265//614 3247//614 3290//614
f 3265//615 3290//615 3267//615
f 3220//270 3224//270 3222//270
f 3220//270 3223//270 3224//270
f 3220//616 3254//616 3227//616
f 3269//617 3288//617 3291//617
f 3250//557 3288//557 3269//557
f 3249//618 3267//618 3289//618
f 3267//4203 3290//4203 3289//4203
f 3297//620 3298//620 3296//620
f 3295//621 3297//621 3296//621
f 3305//182 3300//182 3037//182
f 3302//622 3453//622 3301//622
f 1086//623 1087//623 3301//623
f 3304//624 3296//624 3298//624
f 3304//625 3303//625 1075//625
f 3453//626 3302//626 3457//626
f 3457//627 3456//627 3453//627
f 3306//628 3299//628 3300//628
f 3308//629 3245//629 3246//629
f 3309//182 3249//182 3248//182
f 3310//545 3251//545 3253//545
f 3254//630 3256//630 3255//630
f 3256//4204 3311//4204 3257//4204
f 3257//632 3311//632 3253//632
f 3260//633 3219//633 3259//633
f 3262//634 3260//634 3261//634
f 3264//635 3262//635 3263//635
f 3308//636 3264//636 3245//636
f 3265//637 3312//637 3246//637
f 3266//638 3312//638 3265//638
f 3268//639 3266//639 3267//639
f 3309//640 3268//640 3249//640
f 3269//641 3313//641 3248//641
f 3270//642 3313//642 3269//642
f 3272//643 3270//643 3271//643
f 3310//644 3272//644 3251//644
f 3220//270 3219//270 3307//270
f 3307//645 3254//645 3220//645
f 1083//646 1081//646 3357//646
f 3301//647 3359//647 3358//647
f 3302//648 3301//648 3358//648
f 3328//4205 3322//4205 3319//4205
f 3328//650 3327//650 3322//650
f 3365//651 3314//651 3330//651
f 3330//652 3314//652 3334//652
f 3334//653 3314//653 3333//653
f 3333//654 3314//654 3332//654
f 3332//655 3314//655 3341//655
f 3341//656 3314//656 3363//656
f 3333//4206 3331//4206 3334//4206
f 3343//658 3321//658 3331//658
f 3331//659 3321//659 3320//659
f 3322//660 3320//660 3321//660
f 3360//661 3320//661 3322//661
f 3326//662 3360//662 3322//662
f 3360//663 3324//663 3320//663
f 3334//664 3331//664 3320//664
f 3334//665 3320//665 3324//665
f 3340//666 3414//666 3337//666
f 3341//667 3414//667 3340//667
f 3322//668 3327//668 3326//668
f 3305//669 3306//669 3300//669
f 3368//670 3306//670 3305//670
f 3367//671 3368//671 3305//671
f 3366//672 3367//672 3305//672
f 3305//673 3363//673 3366//673
f 3314//674 3366//674 3363//674
f 3414//675 3341//675 3363//675
f 3351//676 3369//676 3350//676
f 3357//677 3369//677 3351//677
f 3351//678 3352//678 3357//678
f 3356//679 3357//679 3352//679
f 3352//680 3353//680 3356//680
f 3353//681 3358//681 3356//681
f 3353//682 3354//682 3358//682
f 3302//683 3358//683 3354//683
f 3461//684 3302//684 3354//684
f 3385//4207 3466//4207 3315//4207
f 3466//4208 3459//4208 3315//4208
f 3315//4209 3345//4209 3385//4209
f 3383//687 3385//687 3345//687
f 3345//688 3346//688 3383//688
f 3380//689 3383//689 3346//689
f 3346//690 3347//690 3380//690
f 3378//691 3380//691 3347//691
f 3347//692 3348//692 3378//692
f 3375//693 3378//693 3348//693
f 3348//694 3349//694 3375//694
f 3373//695 3375//695 3349//695
f 3349//696 3350//696 3373//696
f 3373//697 3350//697 3369//697
f 3457//698 3302//698 3461//698
f 3462//699 3460//699 3355//699
f 3460//700 3462//700 3433//700
f 3446//701 3464//701 3460//701
f 3344//702 3342//702 3318//702
f 3316//703 3318//703 3342//703
f 3316//4210 3319//4210 3318//4210
f 3316//705 3374//705 3319//705
f 3316//706 3376//706 3374//706
f 3316//707 3377//707 3376//707
f 3379//708 3377//708 3316//708
f 3317//709 3316//709 3338//709
f 3316//710 3342//710 3338//710
f 3316//711 3317//711 3379//711
f 3317//712 3381//712 3379//712
f 3338//713 3339//713 3317//713
f 3382//714 3381//714 3317//714
f 3317//715 3460//715 3382//715
f 3460//716 3384//716 3382//716
f 3460//717 3464//717 3384//717
f 3317//718 3355//718 3460//718
f 3317//719 3339//719 3355//719
f 3318//720 3343//720 3344//720
f 3321//721 3343//721 3318//721
f 3322//722 3321//722 3318//722
f 3318//4211 3319//4211 3322//4211
f 3319//724 3374//724 3329//724
f 3329//4212 3328//4212 3319//4212
f 3325//726 3365//726 3330//726
f 3323//727 3330//727 3334//727
f 3330//4213 3323//4213 3325//4213
f 3334//729 3324//729 3323//729
f 1073//996 3325//996 3323//996
f 3323//997 3361//997 1073//997
f 3303//732 1074//732 1075//732
f 3303//733 3304//733 3298//733
f 3303//734 3365//734 3325//734
f 3303//735 3364//735 3365//735
f 3303//4214 3298//4214 3364//4214
f 3303//737 3325//737 1074//737
f 3325//738 1073//738 1074//738
f 1076//739 3362//739 1077//739
f 1078//740 1077//740 3362//740
f 1078//741 3360//741 3326//741
f 1078//742 3362//742 3360//742
f 3326//743 1079//743 1078//743
f 3326//744 1080//744 1079//744
f 3326//745 3370//745 1080//745
f 3372//746 3370//746 3327//746
f 3370//747 3326//747 3327//747
f 3327//748 3328//748 3372//748
f 3371//749 3372//749 3328//749
f 3328//750 3329//750 3371//750
f 3374//751 3371//751 3329//751
f 3343//752 3331//752 3332//752
f 3333//4215 3332//4215 3331//4215
f 3336//754 3335//754 3355//754
f 3355//755 3339//755 3336//755
f 3341//757 3340//757 3342//757
f 3340//758 3338//758 3342//758
f 3340//759 3339//759 3338//759
f 3341//760 3342//760 3332//760
f 3342//761 3344//761 3332//761
f 3343//762 3332//762 3344//762
f 3396//270 3348//270 3347//270
f 3396//270 3349//270 3348//270
f 3350//270 3349//270 3396//270
f 3396//270 3351//270 3350//270
f 3396//270 3352//270 3351//270
f 3396//270 3353//270 3352//270
f 3396//270 3354//270 3353//270
f 3396//270 3461//270 3354//270
f 3462//1000 3355//1000 3335//1000
f 3357//764 1081//764 3369//764
f 3359//765 3357//765 3356//765
f 3356//766 3358//766 3359//766
f 3357//767 3359//767 1083//767
f 3359//768 1084//768 1083//768
f 1085//769 1084//769 3359//769
f 1085//770 3359//770 3301//770
f 1087//771 1085//771 3301//771
f 3362//772 3361//772 3360//772
f 1073//545 3361//545 3362//545
f 3362//545 1076//545 1073//545
f 3363//773 3305//773 3037//773
f 3365//774 3366//774 3314//774
f 3366//775 3365//775 3364//775
f 3366//776 3364//776 3367//776
f 3364//777 3368//777 3367//777
f 3297//778 3368//778 3364//778
f 3368//779 3297//779 3306//779
f 3364//4216 3298//4216 3297//4216
f 3369//781 1081//781 3373//781
f 1080//782 3370//782 1082//782
f 1081//4217 1082//4217 3370//4217
f 3370//784 3372//784 1081//784
f 3372//785 3373//785 1081//785
f 3375//786 3373//786 3374//786
f 3373//787 3371//787 3374//787
f 3373//4218 3372//4218 3371//4218
f 3374//789 3376//789 3375//789
f 3378//790 3375//790 3376//790
f 3376//791 3377//791 3378//791
f 3380//792 3378//792 3379//792
f 3378//793 3377//793 3379//793
f 3379//794 3381//794 3380//794
f 3383//795 3380//795 3381//795
f 3381//796 3382//796 3383//796
f 3385//4219 3383//4219 3384//4219
f 3383//4220 3382//4220 3384//4220
f 3384//799 3464//799 3385//799
f 3466//800 3385//800 3464//800
f 3401//801 3363//801 3037//801
f 3363//802 3401//802 3414//802
f 3410//803 3411//803 3415//803
f 3411//804 3412//804 3416//804
f 3388//805 3400//805 3393//805
f 3399//806 3400//806 3388//806
f 3388//807 3389//807 3399//807
f 3389//808 3390//808 3399//808
f 3398//809 3393//809 3400//809
f 3398//810 3394//810 3393//810
f 3387//270 3392//270 3396//270
f 3396//270 3388//270 3393//270
f 3396//270 3389//270 3388//270
f 3396//270 3390//270 3389//270
f 3396//270 3391//270 3390//270
f 3396//270 3392//270 3391//270
f 3393//270 3394//270 3396//270
f 3394//270 3395//270 3396//270
f 3397//811 3396//811 3395//811
f 3414//812 3406//812 3405//812
f 3414//813 3407//813 3406//813
f 3414//814 3408//814 3407//814
f 3414//815 3409//815 3408//815
f 3414//816 3410//816 3409//816
f 3414//817 3411//817 3410//817
f 3414//818 3412//818 3411//818
f 3414//819 3413//819 3412//819
f 3420//820 3421//820 3419//820
f 3418//821 3420//821 3419//821
f 3422//822 3423//822 3421//822
f 3420//823 3422//823 3421//823
f 3424//4221 3423//4221 3422//4221
f 3425//825 3426//825 3424//825
f 3422//826 3425//826 3424//826
f 3425//827 3427//827 3426//827
f 3414//828 3405//828 3404//828
f 3414//829 3404//829 3403//829
f 3431//830 3430//830 3429//830
f 3429//831 3432//831 3431//831
f 3431//832 3432//832 3433//832
f 3434//833 3431//833 3433//833
f 3441//1003 3386//1003 3440//1003
f 3439//834 3443//834 3442//834
f 3443//835 3429//835 3442//835
f 3430//836 3442//836 3429//836
f 3444//4222 3423//4222 3424//4222
f 3445//838 3444//838 3424//838
f 3445//839 3432//839 3429//839
f 3445//1006 3429//1006 3444//1006
f 3424//841 3426//841 3445//841
f 3445//842 3426//842 3428//842
f 3445//843 3446//843 3432//843
f 3444//844 3443//844 3439//844
f 3447//845 3444//845 3439//845
f 3447//846 3419//846 3421//846
f 3447//847 3421//847 3423//847
f 3447//1007 3423//1007 3444//1007
f 3443//849 3444//849 3429//849
f 3427//850 3425//850 3448//850
f 3420//4223 3450//4223 3449//4223
f 3422//852 3420//852 3449//852
f 3438//4224 3450//4224 3420//4224
f 3420//4225 3418//4225 3438//4225
f 3437//854 3438//854 3418//854
f 3418//855 3417//855 3437//855
f 3435//856 3437//856 3417//856
f 3403//857 3386//857 3414//857
f 3414//4226 3386//4226 3441//4226
f 3425//859 3451//859 3448//859
f 3422//860 3451//860 3425//860
f 3422//861 3449//861 3451//861
f 3440//1009 3414//1009 3441//1009
f 3396//270 3435//270 3436//270
f 3396//270 3436//270 3387//270
f 3454//862 3453//862 3456//862
f 3456//863 3397//863 3454//863
f 3397//864 3395//864 3455//864
f 3398//865 3455//865 3395//865
f 3395//866 3394//866 3398//866
f 3412//867 3413//867 3452//867
f 3452//868 3416//868 3412//868
f 3448//869 3458//869 3427//869
f 3466//870 3427//870 3458//870
f 3459//871 3466//871 3458//871
f 3446//872 3460//872 3433//872
f 3446//873 3465//873 3464//873
f 3446//874 3428//874 3465//874
f 3446//875 3433//875 3432//875
f 3446//876 3445//876 3428//876
f 3457//270 3461//270 3396//270
f 3456//270 3457//270 3396//270
f 3396//877 3397//877 3456//877
f 3335//878 3463//878 3462//878
f 3433//879 3462//879 3463//879
f 3463//880 3434//880 3433//880
f 3465//881 3466//881 3464//881
f 3427//882 3466//882 3428//882
f 3466//883 3465//883 3428//883
f 3427//884 3428//884 3426//884
f 3401//182 3037//182 3402//182
f 3401//182 3402//182 3413//182
f 3401//885 3413//885 3414//885
f 1512//4227 2223//4227 1513//4227
f 1501//4228 2223//4228 1512//4228
f 1447//4229 2223//4229 1501//4229
f 1396//270 3467//270 1397//270
f 1393//270 3467//270 1396//270
f 1391//270 3467//270 1393//270
f 1389//270 3467//270 1391//270
f 1387//270 3467//270 1389//270
f 1379//270 3467//270 1387//270
f 1378//270 3467//270 1379//270
f 1376//270 3467//270 1378//270
f 1372//270 3467//270 1376//270
f 1371//270 3467//270 1372//270
f 1371//270 1375//270 3467//270
f 1375//270 1377//270 3467//270
f 1377//270 1380//270 3467//270
f 1380//270 1386//270 3467//270
f 1386//270 1388//270 3467//270
f 1388//270 1390//270 3467//270
f 1390//270 1392//270 3467//270
f 1392//270 1394//270 3467//270
f 1394//270 1395//270 3467//270
f 2313//270 3468//270 1147//270
f 1436//4230 3468//4230 1435//4230
f 1126//3303 3468//3303 1146//3303
f 1146//4231 3468//4231 1430//4231
f 1430//4231 3468//4231 1431//4231
f 1431//4232 3468//4232 1436//4232
f 1125//3487 3468//3487 1126//3487
f 1124//4233 3468//4233 1125//4233
f 1123//4233 3468//4233 1124//4233
f 1123//4233 1147//4233 3468//4233
f 2395//270 3467//270 3468//270
f 2313//270 2395//270 3468//270
f 1395//270 1434//270 3468//270
f 1395//270 3468//270 3467//270
f 1433//270 3468//270 1434//270
f 1432//270 3468//270 1433//270
f 1432//270 1435//270 3468//270
f 1282//182 2485//182 1285//182
f 1282//182 1290//182 2485//182
f 1290//182 1295//182 2485//182
f 1224//4234 2485//4234 1295//4234
f 1224//1264 1303//1264 2485//1264
f 3469//4235 2395//4235 1655//4235
f 2302//4236 2651//4236 2393//4236
f 2647//270 3469//270 2868//270
f 1637//4237 3469//4237 1655//4237
f 1637//4237 1655//4237 1667//4237
f 1655//4238 1657//4238 1667//4238
f 2246//270 3470//270 2245//270
f 3470//270 1637//270 2245//270
f 2868//270 3470//270 2246//270
f 1637//270 3470//270 3469//270
f 3470//270 2868//270 3469//270
f 1656//4239 3471//4239 1662//4239
f 3471//4240 1655//4240 1662//4240
f 1654//4241 3471//4241 1656//4241
f 1654//270 1656//270 1722//270
f 1654//4241 1655//4241 3471//4241
f 1381//270 2394//270 2396//270
f 2394//270 2395//270 3469//270
f 2651//270 2302//270 2650//270
f 2394//270 3469//270 2302//270
f 2394//270 3467//270 2395//270
f 1381//270 3467//270 2394//270
f 1381//270 1397//270 3467//270
f 2650//4242 3472//4242 2247//4242
f 3469//270 3472//270 2302//270
f 3472//270 2650//270 2302//270
f 2647//4243 2648//4243 3472//4243
f 2247//4244 3472//4244 2648//4244
f 2647//270 3472//270 3469//270
f 908//4245 909//4245 918//4245
f 3323//4246 3324//4246 3361//4246
f 3324//4247 3360//4247 3361//4247
f 935//4246 936//4246 971//4246
f 936//4247 970//4247 971//4247
f 407//4246 408//4246 443//4246
f 408//4247 442//4247 443//4247
f 2452//4248 2484//4248 2453//4248
f 2452//4249 2726//4249 2484//4249
f 2451//4250 2726//4250 2452//4250
f 2451//4251 2724//4251 2726//4251
f 2450//4252 2724//4252 2451//4252
f 2450//4253 2723//4253 2724//4253
f 2449//4254 2723//4254 2450//4254
f 2449//4255 2721//4255 2723//4255
f 2448//4256 2721//4256 2449//4256
f 2448//4257 2720//4257 2721//4257
f 2447//4258 2720//4258 2448//4258
f 2447//4259 2719//4259 2720//4259
f 2446//4260 2719//4260 2447//4260
f 2446//4261 2718//4261 2719//4261
f 2445//4262 2718//4262 2446//4262
f 2445//4263 2717//4263 2718//4263
f 2444//4264 2717//4264 2445//4264
f 2444//4265 2716//4265 2717//4265
f 2443//4266 2716//4266 2444//4266
f 2442//4267 2716//4267 2443//4267
f 2441//4268 2442//4268 2443//4268
f 2552//4269 2553//4269 2628//4269
f 2552//4270 2628//4270 2627//4270
f 2517//4271 2552//4271 2627//4271
f 2517//4272 2627//4272 2642//4272
f 2564//4273 2642//4273 2590//4273
f 2517//4274 2564//4274 2563//4274
f 2517//4275 2642//4275 2564//4275
f 2248//4276 2504//4276 2547//4276
f 2162//4277 2504//4277 2248//4277
f 2162//4278 2599//4278 2504//4278
f 2553//4279 2599//4279 2628//4279
f 2504//4280 2599//4280 2553//4280
f 2099//4281 2628//4281 2599//4281
f 2181//4282 2217//4282 2185//4282
f 2102//4283 2217//4283 2181//4283
f 2102//4284 2264//4284 2217//4284
f 2217//4285 2264//4285 2261//4285
f 2250//4286 2261//4286 2264//4286
f 2250//4287 2251//4287 2261//4287
f 2181//4288 2185//4288 2204//4288
f 2185//4289 2299//4289 2204//4289
f 2181//4290 2204//4290 2222//4290
f 428//270 478//270 429//270
f 399//270 478//270 428//270
f 399//4291 539//4291 478//4291
f 478//4292 539//4292 538//4292
f 478//4293 538//4293 529//4293
f 478//4294 529//4294 531//4294
f 478//4295 531//4295 530//4295
f 478//4296 530//4296 520//4296
f 478//270 520//270 519//270
f 478//270 519//270 517//270
f 513//4297 516//4297 496//4297
f 512//4298 513//4298 496//4298
f 522//4299 523//4299 496//4299
f 512//4300 496//4300 523//4300
f 516//4301 543//4301 496//4301
f 496//4302 543//4302 419//4302
f 420//4303 496//4303 419//4303
f 398//4304 496//4304 420//4304
f 3474//4305 1024//4305 948//4305
f 948//4303 1024//4303 947//4303
f 1024//4302 1069//4302 947//4302
f 1044//4301 1069//4301 1024//4301
f 1040//4300 1024//4300 3473//4300
f 1048//4299 3473//4299 1024//4299
f 1040//4298 1041//4298 1024//4298
f 1041//4297 1044//4297 1024//4297
f 950//755 3474//755 948//755
f 1006//270 3475//270 3476//270
f 1006//270 1046//270 3475//270
f 1006//4296 1056//4296 1046//4296
f 1006//4295 1057//4295 1056//4295
f 1006//4294 1055//4294 1057//4294
f 1006//4293 1064//4293 1055//4293
f 1006//4292 1065//4292 1064//4292
f 927//4291 1065//4291 1006//4291
f 927//270 1006//270 956//270
f 956//270 1006//270 957//270
f 3346//270 3396//270 3347//270
f 3345//270 3396//270 3346//270
f 3345//4306 3459//4306 3396//4306
f 3396//4292 3459//4292 3458//4292
f 3396//4293 3458//4293 3448//4293
f 3396//4294 3448//4294 3451//4294
f 3396//4295 3451//4295 3449//4295
f 3396//4307 3449//4307 3438//4307
f 3396//270 3438//270 3437//270
f 3396//270 3437//270 3435//270
f 3337//4305 3414//4305 3336//4305
f 3336//4303 3414//4303 3335//4303
f 3414//4302 3463//4302 3335//4302
f 3434//4301 3463//4301 3414//4301
f 3430//4300 3414//4300 3442//4300
f 3440//4299 3442//4299 3414//4299
f 3430//4298 3431//4298 3414//4298
f 3431//4297 3434//4297 3414//4297
f 3442//834 3440//834 3439//834
f 3339//756 3340//756 3337//756
f 3339//755 3337//755 3336//755
f 3233//270 3229//270 3477//270
f 3229//270 3226//270 3477//270
f 3226//270 3224//270 3477//270
f 3224//270 3223//270 3477//270
f 3223//270 3225//270 3477//270
f 3225//270 3228//270 3477//270
f 3477//270 3228//270 3232//270
f 3232//270 3237//270 3477//270
f 3237//270 3241//270 3477//270
f 3241//270 3242//270 3477//270
f 3242//270 3238//270 3477//270
f 3238//270 3236//270 3477//270
f 3477//270 3236//270 3233//270
l 1602 1635
