# Blender 4.4.3
# www.blender.org
mtllib th_distal_mst.mtl
o Thumb_Distal_MST
v 10.233910 22.706799 -3.406233
v 10.620850 22.933699 -2.583245
v 11.141600 18.723740 -2.567904
v 11.324560 20.931870 -0.792943
v 11.009629 23.049669 -0.767779
v 11.026340 22.980179 -0.310730
v 11.887899 12.400840 -1.692328
v 11.567980 12.372580 -2.528911
v 11.473200 14.493410 -2.544021
v 4.950852 16.852390 8.986525
v 3.932992 15.297450 9.324445
v 4.499514 13.908640 9.088242
v 5.590802 15.095819 8.674137
v 6.659839 16.308380 8.085988
v 5.961547 18.439030 8.452943
v 4.637456 23.123840 8.810386
v 4.249961 22.024160 9.115173
v 4.597603 21.564680 9.019236
v 3.558855 37.293808 -3.148128
v 3.594331 37.485828 -2.683753
v 4.542427 37.020168 -2.676391
v 0.036885 23.937000 9.968132
v 0.036885 22.483589 10.160009
v 0.834098 22.903210 9.963211
v 0.251232 10.431170 9.763237
v 0.597196 11.877009 9.784463
v 0.315815 12.220460 9.812689
v 0.356206 10.432210 9.759766
v 0.426391 10.432750 9.756983
v 0.846246 11.498400 9.755884
v 7.934185 10.421800 7.188418
v 7.767426 12.005420 7.352389
v 6.652812 11.550730 8.048274
v 1.433411 36.374130 -5.015316
v 1.463085 36.010830 -5.252422
v 0.661303 36.117889 -5.264777
v 2.394429 36.136398 -5.001670
v 2.448292 35.762329 -5.238389
v 2.239739 35.825951 -5.241374
v 4.181961 35.348839 -4.970791
v 3.208629 35.474789 -5.228708
v 3.313112 35.792519 -4.986847
v 6.414470 33.481358 -4.913903
v 5.510271 33.982319 -5.194828
v 5.740191 34.187111 -4.934505
v 4.871778 34.508968 -5.205273
v 4.993491 34.811630 -4.953397
v 4.637100 34.677498 -5.209036
v 3.941303 35.110699 -5.219596
v 7.008585 32.700428 -4.891332
v 6.618313 32.753010 -5.174437
v 6.092003 33.397160 -5.184895
v 7.514570 31.850319 -4.866513
v 7.215883 31.828989 -5.156816
v 6.776658 32.531918 -5.170571
v 7.924153 30.937099 -4.839202
v 7.581311 31.092669 -5.142394
v 7.374232 31.532059 -5.150868
v 8.228715 29.967070 -4.809279
v 7.973263 29.980379 -5.124307
v 7.871278 30.324030 -5.129286
v 8.200071 28.805059 -5.120316
v 8.192340 28.895449 -5.114849
v 8.418174 28.967440 -4.791520
v 8.156500 29.135399 -5.115916
v 8.055299 29.653870 -5.120056
v 8.259684 28.246529 -5.136532
v 8.557870 27.984209 -4.793030
v 8.402045 27.134609 -5.130990
v 8.818743 26.015970 -4.792335
v 8.732230 23.991009 -5.147736
v 9.266376 22.072870 -4.779562
v 8.852327 22.670679 -5.153094
v 9.614418 18.121719 -4.756161
v 9.118603 19.159260 -5.164024
v 9.310262 15.601709 -5.171664
v 9.861748 14.163529 -4.725360
v 9.380406 13.714740 -5.174661
v 11.514190 10.460239 -2.713061
v 11.148930 10.461510 -3.333950
v 11.022730 14.406230 -3.341917
v 10.616950 10.462720 -4.039941
v 11.986810 10.462100 -1.484611
v 11.929009 10.461060 -1.691086
v 11.803130 10.460070 -2.063516
v 12.049190 10.471290 1.310972
v 12.155169 10.472779 0.544811
v 12.103700 12.289149 0.450829
v 10.067610 10.440780 5.222896
v 10.190700 10.442289 5.075067
v 9.762279 12.897030 5.563723
v 10.382360 10.444719 4.833690
v 10.594510 13.314079 4.473195
v 10.913230 10.452030 4.076246
v 11.356350 10.458899 3.296290
v 9.508934 10.434560 5.834870
v 8.810996 12.457580 6.523767
v 9.125840 10.430799 6.208251
v 8.755062 10.427540 6.540075
v 5.480547 11.108230 8.614111
v 6.205327 10.418520 8.247707
v 7.150449 10.418520 7.714784
v 4.207777 10.427480 9.078098
v 5.221764 10.422990 8.702517
v 5.686620 10.420930 8.499080
v 4.229685 10.694449 9.077971
v 3.411752 10.433249 9.309939
v 2.642091 11.015369 9.497483
v 2.326607 10.439060 9.547475
v 1.066922 11.105730 9.727342
v 1.209398 10.438270 9.701998
v 0.443823 10.432920 9.756236
v 0.513536 10.433590 9.753027
v 0.652903 10.434820 9.745574
v 0.036885 13.342430 9.879926
v 0.036885 10.428080 9.768144
v 0.079438 10.428790 9.767374
v 0.290123 14.612579 9.934737
v 0.036885 13.823040 9.906665
v 0.587112 14.377709 9.895728
v 0.036885 18.390430 10.213340
v 0.036885 16.933800 10.130990
v 0.435571 16.885290 10.079140
v 0.036885 15.419250 10.012370
v 0.673430 20.414150 10.148510
v 0.036885 21.145000 10.246150
v 0.036885 19.792419 10.252290
v 0.405692 29.052429 8.368584
v 0.036885 27.855259 8.913829
v 0.392767 27.885059 8.846862
v 0.036885 26.578829 9.347161
v 0.378386 26.693689 9.254671
v 0.036885 25.272190 9.699275
v 0.036885 30.629709 7.635967
v 0.036885 30.314169 7.806469
v 0.417296 30.191330 7.821161
v 0.036885 29.100809 8.400096
v 0.445076 33.393200 5.779705
v 0.036885 33.548347 5.694762
v 0.036885 32.909370 6.181386
v 0.036885 36.666969 2.651655
v 0.036885 36.468281 2.886761
v 0.462770 36.234650 3.129871
v 0.036885 35.556580 3.883454
v 0.469272 38.205109 0.218270
v 0.036885 37.906120 0.946292
v 0.469271 37.887310 0.955595
v 0.036885 37.597729 1.447795
v 0.468451 37.486660 1.578585
v 0.036885 37.172768 2.019949
v 0.466709 37.087318 2.107287
v 0.468241 38.440430 -1.128740
v 0.036885 38.398289 -0.541890
v 0.468952 38.382278 -0.503964
v 0.036885 38.343170 -0.243770
v 0.036885 38.165661 0.363781
v 0.462612 38.020699 -3.171437
v 0.036885 37.968700 -3.314017
v 0.036885 38.210350 -2.727166
v 0.036885 37.227638 -4.398316
v 0.036885 37.307499 -4.308663
v 0.451346 37.209480 -4.394016
v 0.036885 37.469288 -4.111671
v 0.459940 37.789738 -3.612587
v 0.036885 37.805847 -3.615555
v 0.036885 37.825630 -3.581614
v -0.062116 36.156708 -5.265030
v 0.437598 36.499290 -5.027809
v 0.036885 36.824551 -4.789238
v 0.036885 37.047077 -4.585125
v 10.289530 25.029020 -2.587550
v 9.910862 27.116789 -2.589473
v 10.127640 27.274010 -1.678408
v 9.484742 29.196159 -2.588900
v 9.668573 29.367750 -1.673287
v 10.191310 27.290220 -1.200118
v 9.723731 29.385118 -1.191182
v 10.222150 27.260550 -0.718439
v 9.749876 29.351648 -0.694211
v 10.231230 27.168839 -0.213867
v 9.755237 29.248838 -0.165794
v 10.223070 27.004940 0.293743
v 9.675457 28.571110 1.298123
v 10.160350 26.563438 1.191253
v 9.716367 28.828100 0.851358
v 9.743629 29.065248 0.368007
v 9.135305 30.573469 1.408748
v 9.178277 30.857698 0.948575
v 9.209047 31.120359 0.445033
v 9.224358 31.323729 -0.116030
v 9.222927 31.437609 -0.669230
v 9.201694 31.474770 -1.182052
v 3.421981 36.479427 -4.354057
v 3.517768 37.058201 -3.582474
v 4.319969 36.022678 -4.337910
v 4.442933 36.594769 -3.569501
v 5.159101 35.469990 -4.320280
v 5.307859 36.032459 -3.555007
v 5.931743 34.827618 -4.301055
v 6.104699 35.377670 -3.538926
v 6.630186 34.101768 -4.280081
v 6.825546 34.636681 -3.521165
v 7.246569 33.298538 -4.257175
v 7.462364 33.815708 -3.501629
v 7.772820 32.424030 -4.232159
v 8.006937 32.920971 -3.480248
v 8.200596 31.484409 -4.204915
v 8.450843 31.958799 -3.457022
v 8.521282 30.486109 -4.175466
v 8.785474 30.935740 -3.432078
v 8.732347 29.467699 -4.161654
v 2.568704 37.651897 -3.157193
v 2.540222 37.416267 -3.593970
v 1.518243 37.662350 -3.604007
v 2.472754 36.833820 -4.368786
v 1.479954 37.079361 -4.382112
v 1.533853 37.896439 -3.164951
v 2.593074 37.843201 -2.690064
v 1.546962 38.085579 -2.695385
v 0.464499 38.206287 -2.699784
v 0.036885 38.371170 -2.108826
v 5.429189 36.452808 -2.667914
v 6.246494 35.790249 -2.658261
v 6.986201 35.038891 -2.647368
v 7.640082 34.205101 -2.635187
v 8.199793 33.295311 -2.621695
v 8.656862 32.316002 -2.606930
v 9.088007 31.387589 -2.138736
v 9.155017 31.456490 -1.668766
v 8.737556 32.436237 -2.148266
v 8.800566 32.509209 -1.670615
v 8.275156 33.421410 -2.156962
v 8.333632 33.497978 -1.671994
v 7.709344 34.336300 -2.164767
v 7.762749 34.415939 -1.672959
v 7.048611 35.174297 -2.171682
v 7.096437 35.256409 -1.673583
v 6.301360 35.928928 -2.177744
v 6.343157 36.012848 -1.673949
v 5.475903 36.593739 -2.183013
v 5.511301 36.678768 -1.674145
v 4.580497 37.162258 -2.187557
v 4.609214 37.247669 -1.674258
v 3.623394 37.627968 -2.191453
v 3.645250 37.713028 -1.674377
v 2.612916 37.984230 -2.194778
v 2.627828 38.068249 -1.674584
v 1.557524 38.224400 -2.197613
v 1.565508 38.306690 -1.674961
v 0.465881 38.341808 -2.200045
v 0.467047 38.421738 -1.675585
v 0.036885 38.417248 -1.811316
v 0.036885 38.451111 -1.178180
v 1.570824 38.326138 -1.130306
v 1.572233 38.268658 -0.513202
v 1.569713 38.094231 0.197036
v 1.563435 37.782040 0.921528
v 1.554414 37.388248 1.535333
v 1.545736 36.994049 2.057699
v 2.637324 38.088409 -1.132731
v 2.639540 38.032070 -0.523777
v 2.634487 37.861450 0.173813
v 2.622454 37.556530 0.885029
v 2.605810 37.171341 1.489604
v 2.590438 36.783501 2.005749
v 1.522983 36.149490 3.068160
v 0.458018 35.324131 4.089998
v 0.036885 34.582977 4.819911
v 3.658991 37.733818 -1.135971
v 3.662210 37.679028 -0.535644
v 3.655117 37.513168 0.148660
v 3.638125 37.216988 0.846134
v 3.614689 36.841969 1.441383
v 3.592981 36.461700 1.951418
v 2.549522 35.950050 3.004316
v 1.493278 35.244190 4.017604
v 0.452165 34.375008 4.972766
v 0.036885 34.291290 5.078225
v 4.627258 37.268948 -1.139969
v 4.631741 37.216038 -0.548747
v 4.623243 37.055759 0.121634
v 4.602307 36.769558 0.804845
v 4.573125 36.406128 1.390596
v 4.545564 36.034557 1.894618
v 3.534813 35.642239 2.938312
v 2.495732 35.053638 3.943306
v 1.456795 34.297348 4.891853
v 5.533684 36.700348 -1.144659
v 5.539733 36.649578 -0.563028
v 5.530560 36.495487 0.092776
v 5.506853 36.220287 0.761121
v 5.473157 35.869648 1.337103
v 5.440360 35.507900 1.835186
v 4.471324 35.231888 2.870049
v 3.458096 34.758240 3.867081
v 2.429695 34.113331 4.809271
v 1.413854 33.315147 5.692396
v 0.436925 32.366077 6.524760
v 0.036885 31.793369 6.944817
v 0.427682 31.297379 7.205985
v 1.365298 32.285900 6.432212
v 2.352164 33.135529 5.603639
v 3.363897 33.828529 4.724998
v 4.373135 34.363647 3.788824
v 5.351516 34.724678 2.799339
v 6.269447 34.887379 1.772884
v 6.306718 35.238258 1.280702
v 6.343545 35.575108 0.714891
v 6.368747 35.838589 0.062115
v 6.377818 35.986069 -0.578429
v 6.369883 36.034531 -1.149964
v 7.127461 35.277939 -1.155797
v 7.137600 35.231857 -0.594887
v 7.129410 35.091240 0.029676
v 7.104020 34.839951 0.666069
v 7.065555 34.517620 1.221153
v 7.024730 34.178608 1.707412
v 6.167778 34.126167 2.725895
v 5.233617 33.875420 3.708339
v 4.252483 33.448399 4.638934
v 3.253386 32.859680 5.513411
v 2.264652 32.109398 6.338427
v 1.311682 31.213718 7.109405
v 7.797972 34.437050 -1.162055
v 7.810604 34.393360 -0.612324
v 7.804023 34.259670 -0.004495
v 7.779713 34.020718 0.614584
v 7.741148 33.713360 1.158217
v 7.697850 33.387100 1.638447
v 6.912356 33.441788 2.649338
v 6.032266 33.298939 3.625324
v 5.088549 32.978298 4.550888
v 4.110944 32.492840 5.421618
v 3.128733 31.841679 6.243379
v 2.168282 31.039410 7.011788
v 1.253550 30.103209 7.721833
v 6.516999 21.252230 7.917005
v 6.934670 20.010330 7.717658
v 6.967074 22.111799 7.478218
v 7.399051 20.780180 7.275188
v 7.399041 22.953650 6.987294
v 7.843960 21.534180 6.783355
v 6.064826 22.490179 8.118608
v 6.497405 23.439209 7.683863
v 6.913390 24.368660 7.194190
v 5.771393 23.102129 8.230825
v 6.188996 24.096119 7.800038
v 6.591135 25.069778 7.312935
v 7.308945 25.273689 6.650384
v 7.808957 23.773359 6.444954
v 8.265389 22.268360 6.242797
v 5.163690 20.552929 8.821393
v 5.619162 21.526459 8.497915
v 5.341736 22.092909 8.604787
v 5.420975 23.677189 8.339502
v 5.817552 24.712410 7.912153
v 6.199791 25.726639 7.427132
v 6.974107 26.018089 6.770314
v 7.680109 26.149448 6.053267
v 8.192732 24.566509 5.851960
v 8.659154 22.978739 5.654206
v 5.017650 24.212570 8.445633
v 5.387714 25.285040 8.021308
v 5.744600 26.335880 7.537959
v 6.564180 26.714649 6.885267
v 7.334108 26.935980 6.172983
v 8.022644 26.991070 5.403961
v 8.545991 25.328690 5.209362
v 9.020779 23.661329 5.018548
v 4.565469 24.705339 8.549911
v 4.904029 25.810780 8.128288
v 5.230625 26.894020 7.646277
v 6.085033 27.359758 6.996457
v 6.907127 27.671268 6.287386
v 7.667052 27.818369 5.522053
v 8.331890 27.793798 4.704182
v 8.863859 26.055569 4.518830
v 9.345210 24.312250 4.337434
v 4.603821 17.725580 9.142582
v 5.092689 18.611570 8.916271
v 4.701589 19.574469 9.088634
v 4.903203 21.073519 8.921550
v 5.013317 22.626209 8.708657
v 4.176778 20.497839 9.270847
v 4.458880 20.049040 9.180719
v 3.505025 21.310049 9.447332
v 3.753584 19.430939 9.463361
v 4.011637 19.024570 9.382146
v 4.235805 18.595989 9.299448
v 2.919626 17.339279 9.681894
v 3.314187 16.676960 9.560579
v 3.630852 15.988250 9.442356
v 2.414664 14.874789 9.696224
v 2.916474 13.837780 9.542243
v 1.953401 12.439210 9.657511
v 1.584312 13.146729 9.737181
v 4.068502 25.152430 8.652814
v 4.371018 26.286299 8.233643
v 4.662852 27.397440 7.752704
v 5.542266 27.949659 7.104800
v 6.405681 28.351410 6.397669
v 7.224770 28.591240 5.634614
v 7.968474 28.660280 4.819200
v 8.603081 28.553129 3.955508
v 9.141314 26.743029 3.781970
v 9.627199 24.927769 3.612493
v 3.441191 22.838428 9.303593
v 3.863419 22.449579 9.209847
v 3.757796 24.001339 9.009610
v 4.217738 23.583149 8.910569
v 3.530857 25.550669 8.754682
v 3.793218 26.708109 8.337762
v 4.046254 27.842390 7.857676
v 4.941345 28.480450 7.210971
v 5.835922 28.972349 6.504776
v 6.702956 29.305420 5.742757
v 7.512913 29.469410 4.928626
v 8.233797 29.456989 4.065979
v 8.829944 29.275080 3.154622
v 9.371563 27.396479 2.997545
v 9.859459 25.512650 2.844574
v 2.956674 25.896820 8.855750
v 3.175187 27.072670 8.440917
v 3.385806 28.225002 7.961501
v 4.287678 28.948109 7.315452
v 5.203804 29.529959 6.609424
v 6.108328 29.956629 5.847419
v 6.972989 30.216558 5.033421
v 7.767253 30.300890 4.170969
v 8.457021 30.214779 3.258100
v 9.008338 29.953339 2.303210
v 9.550561 28.010189 2.167541
v 10.038090 26.061789 2.035871
v 2.502813 23.496170 9.489165
v 2.986549 23.188169 9.396644
v 2.732020 24.702888 9.205325
v 3.261314 24.375570 9.107794
v 2.350125 26.187580 8.956185
v 2.521507 27.376360 8.543299
v 2.686500 28.541359 8.064392
v 3.586658 29.348490 7.418585
v 4.515175 30.019930 6.712133
v 5.447332 30.540459 5.949334
v 6.355983 30.897190 5.134469
v 7.211814 31.079840 4.271225
v 7.982184 31.092299 3.356369
v 8.634245 30.927040 2.396430
v 2.708450 21.993919 9.620794
v 1.810215 22.531229 9.792529
v 1.715411 26.419579 9.056103
v 1.836787 27.615490 8.645036
v 1.953351 28.787439 8.166488
v 2.843683 29.677359 7.520604
v 3.775846 30.437859 6.813276
v 4.726261 31.052370 6.049055
v 5.668836 31.506639 5.232499
v 6.575306 31.788990 4.367526
v 7.414295 31.902248 3.449913
v 8.154144 31.836830 2.485044
v 8.762395 31.578520 1.489088
v 8.806838 31.877199 1.021744
v 8.841315 32.154449 0.503809
v 8.860312 32.369240 -0.077577
v 8.861921 32.489468 -0.649673
v 8.843665 32.528667 -1.175339
v 1.993342 23.759789 9.581274
v 2.173678 24.980330 9.302342
v 1.590078 25.204859 9.398949
v 1.056751 26.589430 9.155583
v 1.125656 27.786310 8.746210
v 1.191394 28.959169 8.267872
v 2.064168 29.930399 7.621658
v 2.991613 30.779219 6.913107
v 3.951332 31.487709 6.146979
v 4.918283 32.040157 5.328076
v 5.865160 32.423458 4.460559
v 6.761688 32.639488 3.539359
v 7.577257 32.676899 2.569213
v 8.280103 32.518471 1.565713
v 8.324643 32.831230 1.091737
v 8.361820 33.123459 0.560447
v 8.383921 33.350159 -0.040304
v 8.388259 33.477020 -0.630637
v 8.372899 33.518398 -1.168617
v 1.461522 23.976330 9.673059
v 0.985034 25.373430 9.495218
v 0.910761 24.143080 9.764583
v 0.362375 25.482950 9.591197
v 0.344484 24.257290 9.855889
v 1.330389 22.739069 9.877973
v 3.144881 20.170029 9.622930
v 2.784991 19.034859 9.736648
v 2.428739 20.798279 9.780179
v 2.148819 19.606590 9.874860
v 1.625242 21.299900 9.936075
v 1.439066 20.070940 10.012030
v 1.197183 21.498169 10.013680
v 0.755071 21.658680 10.091120
v 2.436484 17.934290 9.800943
v 1.878314 18.451319 9.918694
v 1.259439 18.879200 10.035610
v 0.594637 19.206560 10.151930
v 1.373123 13.490920 9.777347
v 1.133457 13.813200 9.817083
v 0.869864 14.110020 9.856520
v 0.906200 16.595510 10.003650
v 1.348687 16.242489 9.927765
v 1.753604 15.833380 9.851391
v 2.111820 15.375219 9.774342
v 7.680430 17.509920 7.319158
v 8.306134 14.990910 6.921101
v 8.164663 18.098740 6.869426
v 9.266687 15.794729 5.969182
v 8.626936 18.675489 6.375867
v 7.262003 14.162709 7.719088
v 6.158271 13.327760 8.361381
v 5.015468 12.511660 8.851482
v 5.576529 19.497669 8.636407
v 6.052374 20.379370 8.303192
v 6.454385 19.228609 8.110358
v 3.823581 11.746690 9.233257
v 11.612750 10.460000 -2.513445
v 10.708330 18.564510 -3.379089
v 11.952300 14.540800 -0.870866
v 12.000150 14.469999 -0.153069
v 12.111839 12.361159 -0.227522
v 12.174900 10.472150 -0.044727
v 11.982369 14.345200 0.555125
v 11.897860 14.202120 1.251620
v 11.750299 14.044720 1.933112
v 11.855360 10.467669 2.072011
v 11.541200 13.876490 2.602316
v 11.710130 10.464990 2.492870
v 11.273160 13.699030 3.255566
v 10.955620 13.511160 3.879767
v 10.485630 16.917080 4.257712
v 10.814300 17.260380 3.614416
v 11.094820 17.584820 2.937193
v 11.318350 17.892710 2.235109
v 11.481740 18.181290 1.511330
v 11.582980 18.444300 0.765620
v 11.618119 18.674749 -0.004048
v 11.611330 18.759859 -0.408716
v 11.586740 18.807129 -0.818482
v 11.445650 18.811869 -1.691288
v 11.194030 20.938530 -1.689257
v 10.969490 23.071810 -1.218456
v 10.890440 23.058430 -1.686419
v 12.123859 10.467840 -0.772690
v 12.055340 12.401179 -0.897831
v 11.792669 14.542060 -1.692846
v 9.002729 31.273920 -2.591010
v 9.253847 30.232420 -2.587643
v 9.017875 29.903349 -3.423436
v 9.221828 28.880129 -3.423826
v 8.904515 28.462580 -4.162098
v 9.599383 26.828499 -3.421532
v 9.224699 26.449001 -4.159236
v 9.769098 22.409769 -4.141381
v 10.185670 18.356689 -4.111343
v 10.473940 14.292419 -4.071987
v 10.064500 10.462330 -4.630070
v 9.450749 10.459780 -5.178372
v 10.534949 25.170580 -1.682794
v 11.025400 22.855679 0.144952
v 10.975309 22.519629 0.977910
v 10.861469 22.137030 1.773011
v 10.687719 21.717789 2.539195
v 10.456470 21.270920 3.274166
v 10.171289 20.800360 3.975268
v 9.063204 19.237110 5.838954
v 9.706827 16.182119 5.436074
v 9.469195 19.780500 5.259240
v 10.114659 16.556950 4.865381
v 9.840328 20.302580 4.637516
v 0.000863 32.070061 -7.249662
v 0.000892 32.025047 -7.250001
v -0.373689 32.007008 -7.250001
v 0.000827 32.127159 -7.248263
v -0.411643 32.546730 -7.200807
v 0.000519 32.633038 -7.187798
v -0.448352 33.068748 -7.054842
v 0.000244 33.112801 -7.046026
v -7.097110 10.736139 -6.947461
v -7.242757 10.450250 -6.871234
v -7.665436 10.449860 -6.586385
v -6.776620 10.450669 -7.080886
v -6.457865 10.737110 -7.173387
v -6.292785 10.451119 -7.206473
v -5.784213 10.738120 -7.250001
v -5.783599 10.451590 -7.250001
v -6.592876 28.640930 -6.785531
v -6.915172 29.450840 -6.341226
v -6.326970 29.234690 -6.833873
v -6.834633 29.601398 -6.363151
v -6.255624 29.371979 -6.844223
v -6.450028 30.226728 -6.448670
v -5.913805 29.944719 -6.884436
v -6.012559 30.801380 -6.522085
v -5.523327 30.473959 -6.918761
v -5.528277 31.326488 -6.583565
v -5.088155 30.960760 -6.947370
v -5.211300 31.622849 -6.616075
v -4.801690 31.237009 -6.962448
v -4.645731 32.077660 -6.663562
v -4.287902 31.663050 -6.984410
v -4.047235 32.473518 -6.703207
v -3.741310 32.035809 -7.002692
v -3.389087 32.824589 -6.737520
v -3.137528 32.367989 -7.018474
v -2.724381 33.102077 -6.764463
v -2.525374 32.631718 -7.030842
v -2.046762 33.314037 -6.785569
v -1.898696 32.834351 -7.040513
v -1.363012 33.463238 -6.801342
v -1.264008 32.977970 -7.047732
v -1.193260 33.489967 -6.804756
v -1.107085 33.003769 -7.049293
v -0.482613 33.555950 -6.816891
v -0.000004 33.571777 -6.820905
v -6.831961 27.881470 -6.719707
v -7.373815 28.357002 -6.166079
v -7.215783 28.796928 -6.239287
v -7.581799 26.357079 -6.148962
v -7.575694 26.628500 -6.131596
v -6.923036 26.579699 -6.734057
v -7.557334 27.234798 -6.096150
v -6.901801 27.181450 -6.717024
v -7.501178 27.887650 -6.090737
v -7.484774 27.957439 -6.101730
v -0.918800 31.941460 -7.250001
v -1.014558 32.481728 -7.199397
v -1.047538 31.916908 -7.250001
v -1.157645 32.456608 -7.199000
v -1.573854 31.781969 -7.250001
v -1.739187 32.317600 -7.197163
v -2.086786 31.595110 -7.250001
v -2.310199 32.123150 -7.194701
v -2.579868 31.355780 -7.250001
v -2.864239 31.871948 -7.191549
v -3.058008 31.058168 -7.250001
v -3.406926 31.557388 -7.187522
v -3.481592 30.728779 -7.250001
v -3.893977 31.206610 -7.182851
v -3.868756 30.358229 -7.250001
v -4.346819 30.808538 -7.177229
v -4.078241 30.121559 -7.250001
v -4.596436 30.552158 -7.173364
v -4.384542 29.711800 -7.250001
v -4.970334 30.103849 -7.166014
v -4.643586 29.276669 -7.250001
v -5.298974 29.621359 -7.157172
v -4.854922 28.816969 -7.250001
v -5.580228 29.104359 -7.146780
v -4.896183 28.708910 -7.250001
v -5.637754 28.981419 -7.144098
v -5.037459 28.251369 -7.250001
v -5.847138 28.454159 -7.131544
v -5.140280 27.684599 -7.250001
v -6.026175 27.787699 -7.114361
v -5.200442 27.043001 -7.250001
v -6.091623 27.115519 -7.113657
v -5.245620 26.454269 -7.250001
v -6.122894 26.519869 -7.118116
v -5.466487 23.051119 -7.250001
v -6.271902 23.095289 -7.139525
v -7.017997 23.136209 -6.816237
v -7.649825 23.170860 -6.303946
v -7.626730 24.507160 -6.243560
v -7.609230 25.356539 -6.201075
v -5.639828 19.183340 -7.250001
v -6.384594 19.209780 -7.155963
v -7.082670 19.234560 -6.879750
v -7.699979 15.029929 -6.529645
v -7.698990 17.282660 -6.486979
v -7.690293 19.256130 -6.438673
v -5.750087 14.996150 -7.250001
v -6.451103 15.008300 -7.166921
v -7.113292 15.019770 -6.922287
v -7.669299 10.735280 -6.583761
v 0.056913 32.562328 -7.201231
v 0.039769 32.023869 -7.250001
v 6.786055 10.450709 -7.077559
v 6.291522 10.451139 -7.206691
v 6.456853 14.121650 -7.168611
v 5.783602 10.451590 -7.250001
v 7.696248 14.138740 -6.543760
v 7.665486 10.449940 -6.586348
v 7.241637 10.450310 -6.871858
v 0.088991 33.569798 -6.820542
v 0.073501 33.083290 -7.056509
v 0.244723 33.565731 -6.819464
v 0.223304 33.078949 -7.056017
v 0.941798 33.522301 -6.809726
v 0.875124 33.035240 -7.051566
v 1.645661 33.409771 -6.795683
v 1.526367 32.926559 -7.045144
v 2.335998 33.232651 -6.777349
v 2.166359 32.756508 -7.036748
v 2.440364 33.200027 -6.774048
v 2.262821 32.725330 -7.035236
v 3.106165 32.952141 -6.749803
v 2.877128 32.489140 -7.024114
v 3.748925 32.643188 -6.719711
v 3.467795 32.196239 -7.010288
v 4.367842 32.271610 -6.682933
v 4.034210 31.845570 -6.993349
v 4.988586 31.812199 -6.635928
v 4.599430 31.414259 -6.971638
v 5.521314 31.332520 -6.583984
v 5.081468 30.966650 -6.947563
v 6.012941 30.799349 -6.521325
v 5.523039 30.472580 -6.918407
v 6.125246 30.662279 -6.504203
v 5.623399 30.346159 -6.910418
v 6.544876 30.081450 -6.428442
v 5.997328 29.812229 -6.874948
v 6.910711 29.452059 -6.340332
v 6.321985 29.236898 -6.833452
v 7.210970 28.783079 -6.242530
v 6.588510 28.627079 -6.787076
v 7.303780 28.535648 -6.202490
v 7.388306 28.286209 -6.158612
v 6.856914 27.646080 -6.716711
v 6.670721 28.403009 -6.767991
v 7.459006 28.048759 -6.114693
v 7.511598 27.709579 -6.095500
v 7.557270 26.936039 -6.117345
v 7.573858 26.158560 -6.166642
v 6.926837 26.055029 -6.752192
v 6.903214 26.887918 -6.727214
v 7.575652 26.103090 -6.169434
v 7.590690 25.588789 -6.195446
v 6.944624 25.543600 -6.764627
v 7.659534 21.926870 -6.355765
v 7.036151 21.896429 -6.840739
v 7.692799 18.096130 -6.469467
v 7.091830 18.077579 -6.894178
v 7.113184 14.130700 -6.928862
v 6.405575 18.056400 -7.159685
v 6.307894 21.860880 -7.145877
v 6.163749 25.488989 -7.126098
v 6.138120 25.996599 -7.122853
v 6.098767 26.828730 -7.116326
v 6.047666 27.567600 -7.113575
v 5.906746 28.242939 -7.126975
v 5.843826 28.440439 -7.131947
v 5.632027 28.984739 -7.143990
v 5.366990 29.502310 -7.154725
v 5.054192 29.987610 -7.163868
v 4.969207 30.103168 -7.165923
v 4.590095 30.557909 -7.173413
v 4.168850 30.973959 -7.179584
v 3.668209 31.378189 -7.185136
v 3.161415 31.709139 -7.189461
v 2.628843 31.987228 -7.192987
v 2.071174 32.212910 -7.195820
v 1.983350 32.242847 -7.196204
v 1.398079 32.406918 -7.198340
v 0.803598 32.512737 -7.199974
v 0.200364 32.557621 -7.201107
v 5.762869 14.112070 -7.250001
v 5.675354 18.033859 -7.250001
v 5.525314 21.822670 -7.250001
v 5.312565 25.429449 -7.250001
v 5.276356 25.932770 -7.250001
v 5.215616 26.763750 -7.250001
v 5.157453 27.481249 -7.250001
v 5.074515 28.068569 -7.250001
v 5.035527 28.237860 -7.250001
v 4.889599 28.713400 -7.250001
v 4.693899 29.171360 -7.250001
v 4.450310 29.607220 -7.250001
v 4.382490 29.711830 -7.250001
v 4.072284 30.127180 -7.250001
v 3.717063 30.511980 -7.250001
v 3.285666 30.889688 -7.250001
v 2.842149 31.201559 -7.250001
v 2.370749 31.465488 -7.250001
v 1.872346 31.681299 -7.250001
v 1.793533 31.710079 -7.250001
v 1.265215 31.868750 -7.250001
v 0.729603 31.972198 -7.250001
v 0.176651 32.018719 -7.250001
v -6.139247 31.450100 -6.118822
v -6.602990 30.666618 -6.132675
v -6.974275 29.833330 -6.146265
v -7.243227 28.971960 -6.160497
v -2.666579 34.301929 -6.058746
v -3.486445 33.902981 -6.068966
v -4.253383 33.409229 -6.080235
v -4.957001 32.829578 -6.092413
v -5.588457 32.173370 -6.105350
v -1.804869 34.600388 -6.049688
v -0.912251 34.793598 -6.041904
v -0.418994 36.148438 -5.256943
v -0.298323 36.161148 -5.254923
v -0.238010 36.167538 -5.253496
v -0.207907 36.171070 -5.252484
v -0.192909 36.173130 -5.251770
v -0.000004 34.870468 -6.040175
v -8.196226 27.148418 -5.328102
v -8.013471 28.658918 -5.331378
v -7.960484 29.003220 -5.335484
v -7.835094 29.634510 -5.332390
v -7.550571 30.586559 -5.325636
v -7.159654 31.494829 -5.317699
v -6.667614 32.348431 -5.311002
v -6.082772 33.137379 -5.303604
v -5.413299 33.850731 -5.297412
v -4.669497 34.481461 -5.291636
v -3.858624 35.022488 -5.286251
v -2.992395 35.466820 -5.279702
v -2.082051 35.808727 -5.272113
v -1.139526 36.043179 -5.264225
v -0.660012 36.119610 -5.259828
v -8.425985 25.027510 -5.321771
v -7.661643 24.537300 -6.202283
v -7.844691 20.970530 -6.221988
v -8.754754 21.392910 -5.316602
v -7.988033 17.396450 -6.226058
v -9.002065 17.751860 -5.312981
v -8.089195 13.817639 -6.218632
v -9.167704 14.106600 -5.310708
v -8.463363 10.454579 -5.943923
v -9.251976 10.458879 -5.309351
v 9.180071 11.452840 -5.355895
v 9.194723 10.458580 -5.355411
v 8.429995 10.454440 -5.970772
v 8.173054 26.966419 -5.374787
v 8.158229 27.094519 -5.375741
v 8.013379 28.433849 -5.369795
v 7.945167 28.903049 -5.372205
v 7.893598 29.209330 -5.369786
v 7.766856 29.768820 -5.367555
v 7.185943 29.141920 -6.165552
v 7.536500 30.508160 -5.364545
v 6.899866 29.990900 -6.151835
v 7.237434 31.231869 -5.360424
v 6.519880 30.801001 -6.137983
v 6.868804 31.933889 -5.355540
v 6.807956 32.036003 -5.354804
v 6.050512 31.561659 -6.124092
v 6.372849 32.683147 -5.350505
v 5.496481 32.264431 -6.110518
v 5.874354 33.291389 -5.347132
v 5.557457 33.624870 -5.345206
v 4.865204 32.900841 -6.097502
v 4.965518 34.162968 -5.341571
v 4.164956 33.461899 -6.085244
v 4.327429 34.642967 -5.337533
v 3.404319 33.938740 -6.073904
v 3.647135 35.060341 -5.333501
v 3.202916 35.286568 -5.331367
v 2.592684 34.323490 -6.063617
v 2.475112 35.589741 -5.327723
v 1.748041 34.608688 -6.054503
v 1.721230 35.823929 -5.323397
v 0.883031 34.790890 -6.046661
v 0.943887 35.985428 -5.318888
v 0.686424 36.022091 -5.317237
v 7.641782 24.672239 -6.208024
v 7.830319 21.069569 -6.227852
v 7.977522 17.461370 -6.231922
v 8.081075 13.849020 -6.224427
v 9.065228 15.342259 -5.358410
v 8.565848 23.050129 -5.367347
v 8.631236 22.289759 -5.366159
v 8.857652 19.244970 -5.362141
v -0.828268 16.568159 10.002610
v -1.179910 18.841080 10.035910
v -1.795868 18.414330 9.919657
v -1.381423 23.915440 9.684778
v -1.910705 23.699289 9.593265
v -1.728226 22.475609 9.800449
v -2.417778 23.436340 9.501431
v -2.899274 23.129269 9.409190
v -2.622211 21.939829 9.629357
v -8.975675 29.948700 -3.327797
v -8.740868 30.982479 -3.335774
v -8.482506 30.546040 -4.088681
v -7.763696 30.558359 -5.084700
v -7.887042 31.009550 -4.764194
v -7.475079 31.926430 -4.791711
v -8.176746 28.791059 -5.056889
v -8.187268 28.715719 -5.056338
v -8.385834 29.033310 -4.716763
v -9.244093 10.432640 6.025268
v -9.023267 10.430540 6.235013
v -8.708486 12.443700 6.549356
v -8.469800 10.425850 6.717787
v -7.973591 10.422450 7.105356
v -7.667121 11.993370 7.371011
v -7.631461 10.420600 7.350800
v -6.793745 10.417980 7.885352
v -6.555766 11.540780 8.061009
v -0.365937 36.596859 -4.954998
v -0.178835 36.178059 -5.249280
v -0.183400 36.179951 -5.247980
v -0.190374 36.181248 -5.246942
v -0.204655 36.182758 -5.245497
v -0.233516 36.184258 -5.243469
v -0.291485 36.184971 -5.240599
v -0.407552 36.182430 -5.236489
v -0.378963 37.289459 -4.304491
v -0.394732 38.435440 -1.000548
v -0.393586 38.431438 -1.555152
v -0.392435 38.365139 -2.082448
v -0.392625 37.005630 2.211235
v -0.394386 37.407150 1.686684
v -0.395481 37.807327 1.097948
v -0.395578 38.149010 0.376967
v -0.395325 38.355839 -0.355300
v -0.383811 35.238979 4.173787
v -0.377869 34.291340 5.045503
v -0.331145 28.976179 8.402307
v -0.318184 27.812010 8.874138
v -0.303769 26.624340 9.276018
v -0.287726 25.417709 9.607176
v -0.269802 24.196529 9.867074
v -0.596638 20.368399 10.149270
v -0.518332 19.167929 10.151569
v -0.215315 14.594660 9.933702
v -0.359876 16.857410 10.077610
v -0.378576 10.433010 9.755862
v -0.343364 10.432660 9.757372
v -0.769912 11.492270 9.755916
v -0.201987 10.431450 9.762496
v -2.559145 11.009450 9.499186
v -1.873984 10.439640 9.609971
v -0.990010 11.100730 9.727519
v -0.730354 10.435980 9.735919
v -0.448974 10.433680 9.752577
v -4.140629 10.689150 9.082796
v -4.232065 10.427010 9.045784
v -3.811857 10.429120 9.178237
v -4.835441 10.424330 8.828118
v -5.387127 11.100739 8.622427
v -5.833247 10.419930 8.395486
v -9.949084 10.440249 5.275360
v -9.658994 12.881710 5.597354
v -10.170640 10.442960 5.008858
v -10.492439 13.297840 4.515915
v -10.723499 10.450359 4.254908
v -10.855130 13.494690 3.927372
v -11.189400 10.457390 3.475956
v -11.175059 13.682489 3.308202
v -11.566400 10.463739 2.671650
v -11.446440 13.860049 2.659923
v -11.726020 10.466619 2.242557
v -11.660170 14.028319 1.994396
v -11.940080 10.470650 1.479565
v -11.812819 14.186160 1.317061
v -12.066130 10.472670 0.710282
v -12.025499 12.279650 0.518161
v -12.100389 10.472560 0.163905
v -12.040330 12.352770 -0.158821
v -12.072650 10.469450 -0.572047
v -11.991290 12.397420 -0.823584
v -12.039200 10.467150 -0.852649
v -11.959570 10.463449 -1.291274
v -11.841169 12.400590 -1.596678
v -11.882470 10.461490 -1.597572
v -11.798329 10.460460 -1.869819
v -11.538440 12.375360 -2.433661
v -11.533360 10.460010 -2.525335
v -11.009100 14.416750 -3.249302
v -11.191219 10.461090 -3.152677
v -10.472779 14.306069 -3.985145
v -10.605499 10.462649 -3.965643
v -11.075740 10.461510 -3.333071
v -10.067570 10.462490 -4.554339
v -9.869148 14.179040 -4.645704
v -10.180590 18.383129 -4.024818
v -9.379745 14.185610 -5.097725
v -9.615549 18.151440 -4.678227
v -9.193511 18.093050 -5.090958
v -9.258139 22.116350 -4.703052
v -8.910894 21.992420 -5.081085
v -8.797971 26.072550 -4.716946
v -8.540869 25.790680 -5.066905
v -8.529600 28.047039 -4.718082
v -8.305600 27.822840 -5.054459
v -8.011596 29.695518 -5.072613
v -7.424738 31.388269 -5.098372
v -6.966448 32.779980 -4.816766
v -6.996016 32.186001 -5.110725
v -6.369426 33.564117 -4.839589
v -6.482823 32.934650 -5.123703
v -5.691993 34.272831 -4.860447
v -4.941901 34.900059 -4.879590
v -4.854917 34.546471 -5.156594
v -5.229691 34.246017 -5.150668
v -5.589603 33.923199 -5.144153
v -5.893143 33.620861 -5.137866
v -2.888416 35.648438 -5.187973
v -3.720394 35.269711 -5.173275
v -4.126752 35.439697 -4.897228
v -4.055477 35.082859 -5.168061
v -4.500451 34.800838 -5.161708
v -0.639438 36.168758 -5.230467
v -1.340340 36.079350 -5.216632
v -1.366122 36.470509 -4.942363
v -2.009196 35.933411 -5.204360
v -2.331356 36.231258 -4.928539
v -3.254071 35.885529 -4.913510
v -9.756226 22.448410 -4.055003
v -9.567209 26.867868 -3.326191
v -9.200078 26.499029 -4.072939
v -9.183209 28.923559 -3.328248
v -8.872497 28.517920 -4.075876
v -8.696244 29.525589 -4.075495
v -8.193717 30.035660 -4.734112
v -8.738519 32.517811 -1.561324
v -9.093746 31.464458 -1.561363
v -8.776261 32.524979 -1.062932
v -9.134951 31.471128 -1.071801
v -8.789598 32.470798 -0.530150
v -9.151165 31.419788 -0.553360
v -8.784212 32.330620 0.046937
v -9.148913 31.287008 0.004142
v -8.761756 32.099701 0.618342
v -9.130290 31.068409 0.555772
v -8.725401 31.817530 1.117219
v -9.051524 30.514120 1.499285
v -8.678444 31.516279 1.581007
v -8.919942 29.890360 2.386257
v -9.437000 29.223579 -2.486295
v -8.950487 31.303299 -2.487655
v -8.404789 32.008270 -3.359882
v -8.603549 32.347198 -2.502209
v -7.959167 32.972919 -3.382335
v -8.145204 33.328140 -2.515681
v -7.412605 33.869858 -3.403000
v -7.584003 34.239368 -2.527962
v -6.773534 34.692730 -3.421867
v -6.928426 35.074360 -2.539019
v -6.050189 35.435299 -3.438997
v -6.186833 35.826679 -2.548876
v -5.250629 36.091328 -3.454475
v -1.411537 37.159298 -4.292891
v -2.408206 36.913330 -4.279843
v -3.361167 36.558109 -4.265368
v -4.262724 36.100178 -4.249453
v -5.105234 35.545940 -4.232039
v -5.881041 34.901688 -4.213020
v -6.582412 34.173618 -4.192249
v -7.201468 33.367847 -4.169554
v -7.730116 32.490490 -4.144771
v -8.160002 31.547749 -4.117802
v -4.382791 36.654518 -3.468385
v -3.454554 37.118481 -3.480794
v -2.473812 37.476681 -3.491745
v -1.448557 37.722488 -3.501259
v -0.386946 37.849220 -3.509346
v -5.367472 36.489941 -2.557580
v -4.434267 36.878010 -3.031225
v -3.494215 37.343281 -3.040956
v -2.501242 37.701298 -3.049393
v -1.463517 37.945389 -3.056583
v -0.389398 38.068840 -3.062570
v -4.478515 37.057697 -2.565197
v -3.528117 37.523468 -2.571790
v -2.524490 37.880630 -2.577425
v -1.475979 38.122520 -2.582170
v -0.391134 38.242428 -2.586100
v -3.575511 37.723431 -1.555585
v -3.555482 37.652569 -2.075549
v -4.514392 37.186871 -2.072493
v -8.270707 33.507130 -1.560909
v -8.304811 33.514610 -1.054170
v -8.315407 33.457439 -0.507581
v -8.307247 33.309540 0.088381
v -8.281609 33.065781 0.678537
v -8.243153 32.768848 1.188592
v -8.196259 32.453438 1.658913
v -8.545907 30.861019 2.480588
v -8.737689 29.210270 3.229676
v -7.698848 34.425549 -1.560201
v -7.729195 34.433140 -1.045685
v -7.737280 34.372849 -0.485875
v -7.726909 34.216988 0.128172
v -7.699082 33.960030 0.735987
v -7.659847 33.648380 1.256370
v -7.614389 33.319401 1.732862
v -8.066206 31.767899 2.570240
v -8.365038 30.146860 3.333944
v -8.507576 28.488199 4.022520
v -7.031476 35.266388 -1.559294
v -7.058004 35.273880 -1.037620
v -7.063889 35.210400 -0.465184
v -7.052032 35.046478 0.166133
v -7.023255 34.776237 0.790556
v -6.984667 34.450161 1.320552
v -6.941897 34.108398 1.803003
v -7.490039 32.605240 2.655409
v -7.890860 31.021450 3.432962
v -8.138773 29.388969 4.133439
v -8.234118 27.728399 4.763872
v -6.277066 36.023090 -1.558286
v -6.299766 36.030300 -1.030089
v -6.303820 35.963657 -0.445614
v -6.291314 35.791748 0.202181
v -6.262959 35.508430 0.842268
v -6.226439 35.168488 1.381322
v -6.187458 34.814857 1.869635
v -6.826142 33.367611 2.736518
v -7.323978 31.828680 3.527244
v -7.673123 30.229990 4.238869
v -7.871317 28.591780 4.879210
v -7.923310 26.925749 5.456740
v -5.444025 36.689159 -1.557271
v -5.462934 36.695938 -1.023187
v -5.465557 36.626259 -0.427239
v -5.453288 36.446648 0.236285
v -5.426764 36.150749 0.891224
v -5.393656 35.797741 1.438935
v -5.359397 35.433270 1.933098
v -6.082812 34.049698 2.814061
v -6.672684 32.563450 3.617431
v -7.118939 31.006300 4.339576
v -7.416796 29.398039 4.988954
v -7.568447 27.749969 5.575021
v -7.579859 26.084900 6.099417
v -4.540718 37.258118 -1.556342
v -4.555907 37.264370 -1.016991
v -4.557499 37.191860 -0.410119
v -4.546349 37.005051 0.268435
v -4.523015 36.697369 0.937548
v -4.494539 36.332291 1.493646
v -4.465780 35.958038 1.993699
v -5.268006 34.646168 2.888501
v -5.944840 33.220688 3.704151
v -6.484004 31.713079 4.436346
v -6.878288 30.142590 5.094080
v -7.127320 28.520010 5.687783
v -7.234669 26.868410 6.219208
v -7.208347 25.210560 6.690231
v -3.587070 37.729080 -1.011572
v -3.588008 37.654079 -0.394308
v -3.578801 37.460751 0.298617
v -3.559907 37.142368 0.981343
v -3.537129 36.766399 1.545664
v -3.514500 36.383518 2.051685
v -4.389447 35.151608 2.960225
v -5.148000 33.795231 3.787941
v -5.775710 32.345470 4.529872
v -6.263030 30.820879 5.195478
v -6.607039 29.231628 5.796146
v -6.808919 27.600929 6.333706
v -6.874378 25.952019 6.810133
v -6.812926 24.307520 7.228121
v -9.609663 29.375139 -1.566676
v -10.071159 27.280649 -1.572381
v -9.658235 29.381699 -1.083390
v -10.127020 27.287029 -1.094708
v -9.679001 29.335409 -0.583095
v -10.152130 27.245859 -0.611908
v -9.680564 29.215540 -0.051456
v -10.157300 27.138899 -0.105154
v -9.665639 29.018200 0.473674
v -10.145800 26.962740 0.394543
v -9.591991 28.517279 1.386062
v -10.077260 26.515110 1.276605
v -9.462210 27.953070 2.248382
v -9.949878 26.010489 2.114502
v -9.279105 27.337688 3.070888
v -9.766927 25.459848 2.916189
v -9.045361 26.684109 3.847830
v -9.530955 24.874840 3.677171
v -8.765447 25.996210 4.577667
v -9.246336 24.258930 4.395388
v -8.445875 25.269409 5.261528
v -8.920077 23.608068 5.070068
v -8.091594 24.507929 5.897717
v -8.557336 22.926109 5.699537
v -7.707394 23.716059 6.484614
v -8.163076 22.216890 6.282234
v -7.297560 22.898159 7.021224
v -7.741678 21.484350 6.817251
v -6.866123 22.058599 7.506799
v -7.297265 20.732409 7.303905
v -6.416959 21.201740 7.940635
v -6.833775 19.964979 7.741576
v -5.953559 20.331949 8.322289
v -5.411537 36.618137 -2.068920
v -6.238638 35.952900 -2.064754
v -6.987413 35.197651 -2.059921
v -7.649528 34.358829 -2.054355
v -8.216568 33.442970 -2.048013
v -8.680034 32.456669 -2.040880
v -9.031391 31.406759 -2.032990
v -6.397501 23.380589 7.712276
v -5.965847 22.434540 8.141921
v -5.521407 21.474199 8.516567
v -5.067411 20.504389 8.835829
v -2.543158 38.008617 -2.078172
v -2.556840 38.078499 -1.555083
v -2.564859 38.083549 -1.006992
v -2.565470 38.006477 -0.379863
v -2.558925 37.807529 0.326801
v -2.545545 37.479771 1.022670
v -2.529361 37.094231 1.595135
v -2.513357 36.703899 2.107221
v -3.454717 35.560448 3.029520
v -4.289522 34.281830 3.869220
v -5.001191 32.898510 4.620717
v -5.577921 31.428299 5.293878
v -6.014279 29.880560 5.901050
v -6.309078 28.278559 6.444107
v -6.465726 26.645889 6.925085
v -6.491575 25.005819 7.346749
v -6.090010 24.034790 7.828257
v -5.673330 23.043930 8.253875
v -5.244883 22.038260 8.623124
v -4.807796 21.022760 8.935627
v -4.365117 20.002470 9.191004
v -1.485911 38.248360 -2.080443
v -1.493277 38.316700 -1.554916
v -1.497833 38.321198 -1.003305
v -1.498364 38.242569 -0.366843
v -1.495042 38.039070 0.352937
v -1.488022 37.703480 1.061546
v -1.479137 37.309830 1.642136
v -1.470128 36.913280 2.160397
v -1.446783 36.065559 3.161495
v -2.471327 35.867039 3.096577
v -2.416598 34.969471 4.025357
v -3.376653 34.675091 3.948293
v -3.281330 33.746120 4.795928
v -4.167431 33.367138 4.709303
v -4.024844 32.411388 5.483798
v -4.829664 31.960098 5.389847
v -4.636804 30.972660 6.103232
v -5.355447 30.462410 6.003228
v -5.111372 29.452969 6.656165
v -5.741257 28.897280 6.551356
v -5.447415 27.876320 7.144690
v -5.988218 27.288568 7.036299
v -5.647972 26.266979 7.571623
v -6.101523 25.660069 7.460858
v -5.291625 25.219009 8.049222
v -5.719850 24.648619 7.940207
v -4.922408 24.149920 8.468242
v -5.324168 23.616650 8.362319
v -4.543308 23.065010 8.828166
v -4.917675 22.569359 8.726703
v -4.157115 21.969519 9.128600
v -4.503348 21.511889 9.032979
v -4.084097 20.449400 9.280763
v -3.662609 19.387089 9.469944
v -3.225723 16.646540 9.563592
v -4.143046 18.555689 9.306827
v -4.510089 17.689009 9.150651
v -4.997079 18.571169 8.927577
v -5.863364 18.399490 8.468458
v -3.735373 11.737280 9.237111
v -1.872354 12.428180 9.658211
v -0.388634 36.150108 3.224302
v -1.416566 35.159359 4.100512
v -1.379634 34.213730 4.963967
v -2.349768 34.030128 4.880783
v -2.271659 33.052368 5.666697
v -3.170001 32.777187 5.576022
v -3.044798 31.759699 6.298177
v -3.864535 31.406679 6.201458
v -3.688651 30.358019 6.860396
v -4.425245 29.941349 6.759055
v -4.197602 28.871389 7.355492
v -4.848751 28.405260 7.250927
v -4.570417 27.324699 7.786305
v -5.135951 26.823059 7.679901
v -4.279027 26.216599 8.261332
v -4.809853 25.742779 8.156082
v -3.977206 25.086300 8.675054
v -4.472071 24.640820 8.572328
v -3.667396 23.939230 9.026895
v -4.125345 23.522549 8.928094
v -3.351855 22.780720 9.316425
v -3.772221 22.393290 9.222971
v -3.415175 21.258389 9.456556
v -3.173123 24.312189 9.124848
v -2.646233 24.638529 9.222152
v -3.441895 25.483210 8.776754
v -2.870254 25.828320 8.877663
v -3.703659 26.637009 8.365359
v -3.088279 27.000479 8.468433
v -3.956313 27.768179 7.891269
v -3.298589 28.149660 7.995099
v -3.499336 29.270569 7.458722
v -2.759323 29.598598 7.560852
v -2.907360 30.698490 6.960439
v -2.087151 30.958170 7.059346
v -2.183753 32.026840 6.393559
v -1.287583 32.203148 6.487697
v -1.336366 33.231720 5.755919
v -0.370715 33.309898 5.843709
v -2.343618 20.749250 9.785304
v -3.056491 20.123240 9.628770
v -2.064868 19.562809 9.877088
v -2.698134 18.993120 9.739622
v -2.090468 24.915270 9.318950
v -1.509598 25.139410 9.415344
v -2.266434 26.118340 8.977947
v -1.634612 26.349949 9.077720
v -2.437448 27.303400 8.570742
v -1.755747 27.542130 8.672415
v -2.602211 28.465210 8.098005
v -1.872167 28.710859 8.200127
v -1.982949 29.851170 7.662029
v -1.175624 30.023920 7.762340
v -1.233824 31.132370 7.157204
v -0.353219 31.216339 7.254038
v -0.362511 32.283569 6.580610
v -0.678055 21.607649 10.094850
v -0.756861 22.847080 9.970499
v -0.833320 24.082088 9.776032
v -0.907414 25.307919 9.511403
v -0.978984 26.519760 9.177062
v -1.047783 27.712919 8.773532
v -1.113466 28.882549 8.301548
v -0.342790 30.112400 7.861816
v -1.358505 20.025789 10.013530
v -1.543952 21.249430 9.940498
v -6.354706 19.186029 8.129874
v -5.479207 19.453630 8.651395
v -4.606993 19.529940 9.099308
v -3.919662 18.982420 9.389118
v -2.832628 17.306210 9.684205
v -2.351519 17.899019 9.802574
v -1.671832 15.808280 9.851323
v -1.268710 16.216089 9.927206
v -0.792610 14.093320 9.855974
v -0.511036 14.360300 9.894936
v -0.241127 12.212399 9.812434
v -0.521597 11.869820 9.784351
v -1.055147 13.797400 9.816782
v -1.293909 13.476170 9.777296
v -2.028559 15.351740 9.774770
v -2.330275 14.853209 9.697159
v -3.541464 15.960649 9.446037
v -4.856298 16.819569 8.995267
v -6.560366 16.277920 8.102550
v -7.578323 17.474960 7.343645
v -8.203486 14.966450 6.946146
v -4.922791 12.498369 8.858470
v -2.965212 10.435880 9.401456
v -7.161822 14.141419 7.736686
v -6.061588 13.310130 8.372797
v -5.494950 15.070560 8.684219
v -4.407908 13.889589 9.093906
v -3.842784 15.272690 9.328786
v -2.830592 13.820220 9.544154
v -1.504372 13.133180 9.737381
v -0.053983 10.429530 9.766386
v -11.887400 14.535470 -0.791941
v -11.520140 18.798689 -0.730304
v -11.745420 14.542919 -1.595047
v -11.396440 18.814840 -1.589857
v -11.443920 14.499640 -2.447494
v -11.110640 18.736689 -2.469075
v -10.211730 22.737280 -3.311666
v -10.692329 18.585300 -3.285480
v -10.953930 22.956989 -0.213192
v -11.540520 18.743420 -0.322215
v -11.927710 14.456800 -0.080125
v -10.585310 22.952929 -2.482497
v -10.838120 23.063360 -1.582240
v -10.907539 23.069029 -1.117984
v -10.941319 23.038109 -0.670416
v -11.903230 14.330130 0.625016
v -9.867882 27.141670 -2.487318
v -10.250629 25.051159 -2.486022
v -10.480670 25.176399 -1.577579
v -9.468623 10.460299 -5.102146
v -10.949639 22.823160 0.236148
v -11.543950 18.651890 0.077815
v -10.893209 22.482349 1.058095
v -11.502190 18.418110 0.840649
v -10.773880 22.097450 1.847231
v -11.395200 18.153500 1.581153
v -10.595440 21.677050 2.607359
v -11.226880 17.864109 2.299831
v -10.360100 21.230070 3.336487
v -10.998960 17.556139 2.997158
v -10.071990 20.759209 4.031457
v -10.715260 17.231510 3.668833
v -9.738985 20.261490 4.687741
v -10.384359 16.888250 4.306634
v -9.366563 19.739899 5.303712
v -10.011940 16.528490 4.908985
v -8.959940 19.197409 5.877941
v -9.603348 16.154299 5.474600
v -8.523593 18.637060 6.409687
v -9.163008 15.767810 6.002915
v -8.061732 18.061909 6.898406
v -3.024927 35.534710 -5.225576
v -3.905423 35.096268 -5.219711
v -9.282405 14.111580 -5.197907
v -9.368814 10.460979 -5.198729
v -9.114001 17.759779 -5.196362
v -8.862900 21.403809 -5.193829
v -8.528305 25.041399 -5.190131
v -8.110517 28.673830 -5.183227
v -7.943880 29.648199 -5.182941
v -7.659985 30.614939 -5.187808
v -7.264051 31.537279 -5.193401
v -6.764955 32.403141 -5.198394
v -6.168833 33.201427 -5.203955
v -5.842041 33.566311 -5.207256
v -5.486360 33.920509 -5.210270
v -4.729451 34.554798 -5.215091
v -0.638561 36.149307 -5.242798
v -0.664124 36.146698 -5.242588
v -1.147505 36.081348 -5.239025
v -2.100740 35.864208 -5.232291
v -0.420185 36.167889 -5.244855
v -0.407595 36.168751 -5.244995
v -0.298699 36.175037 -5.246395
v -0.291631 36.175369 -5.246501
v -0.238129 36.177441 -5.247458
v -0.233629 36.177570 -5.247554
v -0.207939 36.178120 -5.248198
v -0.204727 36.178158 -5.248295
v -0.192912 36.178158 -5.248721
v -0.190418 36.178108 -5.248843
v -0.183425 36.177868 -5.249236
v -9.312627 10.459960 -5.256392
v 0.464926 9.451590 8.754372
v 0.400155 9.451590 8.757364
v 8.688623 9.451590 -4.486430
v -9.361458 9.451590 -3.846321
v -8.824794 9.451590 -4.337025
v -9.391529 9.451590 4.382029
v 0.594421 9.451590 8.747426
v -0.301595 9.451590 8.758424
v -0.334304 9.451590 8.757016
v -0.399711 9.451590 8.753952
v 8.567957 9.451590 -4.576233
v -0.661178 9.451590 8.738437
v -1.724484 9.451590 8.621281
v -2.739852 9.451590 8.427307
v -8.625201 9.451590 -4.530184
v -7.836353 9.451590 -5.164918
v -7.038160 9.451590 -5.807591
v -9.835451 9.451590 -3.327757
v -5.783599 9.451590 -6.250001
v 5.783602 9.451590 -6.250001
v 10.901090 9.451590 1.773504
v 10.774680 9.451590 2.139657
v 9.590262 9.451590 4.223339
v 9.416578 9.451590 4.442097
v 0.383960 9.451590 8.758062
v 0.319171 9.451590 8.760640
v 0.059901 9.451590 8.767826
v -10.340720 9.451590 -2.626780
v -9.890663 9.451590 3.701394
v -10.307030 9.451590 3.005436
v -10.241960 9.451590 -2.781059
v -6.123057 9.451590 -6.220981
v 6.755628 9.451590 -5.997905
v 7.038195 9.451590 -5.807565
v 7.802975 9.451590 -5.191774
v 3.898729 9.451590 8.127357
v 3.160605 9.451590 8.342164
v 0.036885 9.451590 8.768261
v -0.170723 9.451590 8.763188
v -10.639700 9.451590 2.296036
v -10.779070 9.451590 1.921519
v -10.964140 9.451590 1.262381
v 10.463429 9.451590 2.846138
v 10.068520 9.451590 3.541032
v 2.150695 9.451590 8.563149
v 1.111652 9.451590 8.706876
v -3.527819 9.451590 8.219688
v -4.474190 9.451590 7.896047
v -5.400345 9.451590 7.494600
v -6.288612 9.451590 7.022965
v -7.061965 9.451590 6.529391
v -7.835033 9.451590 5.945512
v -8.546325 9.451590 5.309193
v -9.190311 9.451590 4.624103
v -10.850560 9.451590 -1.550998
v -11.100810 9.451590 0.143908
v -10.983540 9.451590 -1.073933
v -11.077360 9.451590 -0.476743
v -11.071819 9.451590 0.605864
v -10.629800 9.451590 -2.096950
v -6.756373 9.451590 -5.997489
v -6.445614 9.451590 -6.137257
v 6.122216 9.451590 -6.221126
v 6.451905 9.451590 -6.135040
v 7.347043 9.451590 6.379482
v 6.623567 9.451590 6.865489
v 8.815697 9.451590 -4.405948
v 9.366852 9.451590 -3.913706
v 11.068220 9.451590 1.117855
v 11.158540 9.451590 0.465566
v 8.795086 9.451590 5.134777
v 8.103401 9.451590 5.781947
v 10.315240 9.451590 -2.781813
v 10.625640 9.451590 -2.254360
v 11.175200 9.451590 -0.031721
v 10.867109 9.451590 -1.711687
v 11.018940 9.451590 -1.233390
v 11.132279 9.451590 -0.644230
v 5.751183 9.451590 7.357392
v 4.837853 9.451590 7.779589
v 9.854786 9.451590 -3.392653
v 0.692258 36.070957 -5.289203
v 0.951832 36.038528 -5.288301
v 1.736921 35.887501 -5.285924
v 2.500050 35.661541 -5.283730
v 6.901490 32.098278 -5.269014
v 6.458023 32.751778 -5.271533
v 5.951614 33.365841 -5.273560
v 5.629735 33.702003 -5.274678
v 5.028066 34.242840 -5.276666
v 4.379141 34.722839 -5.278750
v 3.687807 35.138218 -5.280793
v 3.237313 35.363018 -5.281890
v 7.339740 31.285839 -5.265690
v 6.963618 31.995190 -5.268589
v 7.643245 30.553400 -5.263004
v 7.874469 29.804350 -5.260675
v 8.000881 29.236830 -5.258961
v 8.117839 28.447029 -5.259331
v 8.277883 27.103079 -5.257596
v 8.688351 23.058670 -5.262751
v 8.754128 22.297930 -5.263511
v 8.981501 19.251499 -5.266069
v 9.189353 15.346390 -5.268413
v 9.303993 11.454400 -5.269968
v 9.318601 10.457689 -5.270269
v 9.255060 10.458159 -5.310509
v -8.985073 9.632835 -4.977538
v -9.069875 9.746813 -5.082954
v -8.280382 9.745543 -5.716584
v -9.182286 9.993248 -5.222692
v -8.416175 10.070980 -5.885297
v -8.866127 9.528411 -4.829677
v -8.076734 9.527997 -5.463571
v -8.708124 9.460371 -4.633265
v -7.617376 10.067710 -6.526717
v -7.581036 9.950592 -6.481598
v -7.481328 9.743872 -6.357807
v -7.277958 9.527545 -6.105312
v -7.351485 9.585277 -6.196599
v -8.889624 9.528516 -4.809513
v -9.113197 9.747198 -5.045695
v -9.152553 9.746532 -5.004308
v -9.261888 10.073890 -5.202560
v -9.286829 9.995090 -5.125031
v -8.724927 9.460615 -4.619844
v -8.911396 9.528614 -4.787492
v -9.053388 9.634004 -4.915152
v -7.177376 9.950815 -6.753783
v -6.999376 9.585340 -6.434022
v -6.732172 9.951062 -6.954175
v -6.270020 9.951319 -7.074288
v -5.783599 9.951590 -7.116024
v -6.611030 9.585412 -6.608822
v -6.207899 9.585487 -6.713593
v -5.783599 9.585565 -6.750000
v -9.072481 9.528547 -4.631374
v -9.282046 9.747570 -4.880418
v -9.421235 10.074950 -5.045829
v 5.783602 9.585565 -6.750000
v 5.783602 9.951590 -7.116024
v 0.036885 10.138309 9.718073
v -0.199429 10.054990 9.680731
v 0.036885 10.098530 9.704012
v 0.036885 9.841654 9.560840
v 0.036885 9.591483 9.278458
v 0.036885 9.613757 9.314276
v -0.192611 9.737398 9.462795
v 0.036885 9.808784 9.534414
v 0.036885 9.452136 8.801299
v 0.036885 9.471120 8.964963
v -0.182544 9.525795 9.141029
v 0.036885 9.480291 9.006161
v -0.339961 10.055830 9.675975
v -0.374973 10.056069 9.674571
v -0.444974 10.056530 9.671491
v -0.724782 10.058109 9.655570
v -1.862096 10.060639 9.531348
v -2.947052 10.058050 9.322959
v -3.788432 10.053390 9.099185
v -4.805169 10.050099 8.750014
v -5.796445 10.047070 8.318902
v -6.750534 10.045740 7.811579
v -7.583154 10.047540 7.281125
v -8.416875 10.051140 6.653397
v -9.187232 10.055810 5.966916
v -9.888875 10.061060 5.223683
v -10.109409 10.062930 4.959600
v -10.659810 10.068060 4.212580
v -11.123710 10.072929 3.440926
v -11.499120 10.077340 2.644379
v -11.658070 10.079350 2.219519
v -11.871210 10.082150 1.464236
v -11.996550 10.083560 0.702975
v -12.030410 10.083480 0.162505
v -12.002049 10.081320 -0.565287
v -11.888619 10.077140 -1.275475
v -11.728610 10.075060 -1.846367
v -11.466780 10.074750 -2.493767
v -11.128810 10.075500 -3.114089
v -11.014660 10.075789 -3.292634
v -10.549350 10.076580 -3.919128
v -10.016049 10.076469 -4.502676
v -0.330855 9.737822 9.458194
v -0.365322 9.737944 9.456834
v -0.434237 9.738179 9.453846
v -0.709716 9.738986 9.438322
v -1.829571 9.740271 9.316249
v -2.897969 9.738952 9.110788
v -3.726445 9.736582 8.889995
v -4.726222 9.734912 8.546319
v -5.701719 9.733376 8.121771
v -6.639940 9.732698 7.622767
v -7.458562 9.733612 7.101420
v -8.278215 9.735441 6.484697
v -9.035112 9.737815 5.810804
v -9.723828 9.740486 5.082022
v -9.940080 9.741439 4.823364
v -10.479210 9.744050 4.092548
v -10.932779 9.746536 3.339112
v -11.298989 9.748792 2.563264
v -11.453760 9.749818 2.150253
v -11.660910 9.751254 1.417437
v -11.782430 9.751976 0.680489
v -11.815149 9.751937 0.158199
v -11.787499 9.750827 -0.544743
v -11.677819 9.748688 -1.228536
v -11.523720 9.747626 -1.777445
v -11.271420 9.747467 -2.401147
v -10.944990 9.747852 -3.000425
v -10.834479 9.747999 -3.173340
v -10.382990 9.748405 -3.781326
v -9.863498 9.748349 -4.349717
v -0.317400 9.525909 9.136401
v -0.351059 9.525943 9.135031
v -0.418362 9.526006 9.132035
v -0.687404 9.526225 9.116603
v -1.781287 9.526572 8.996932
v -2.825286 9.526215 8.796607
v -3.635066 9.525575 8.581619
v -4.610208 9.525124 8.246989
v -5.562920 9.524710 7.832924
v -6.478096 9.524527 7.346461
v -7.275921 9.524774 6.837990
v -8.074249 9.525267 6.236547
v -8.810339 9.525908 5.580134
v -9.478711 9.526629 4.871637
v -9.688138 9.526887 4.620665
v -10.209140 9.527594 3.913058
v -10.645889 9.528266 3.186129
v -10.996960 9.528878 2.440841
v -11.144780 9.529155 2.045502
v -11.341980 9.529544 1.346464
v -11.457250 9.529741 0.646340
v -11.488259 9.529730 0.151659
v -11.462399 9.529429 -0.513613
v -11.359750 9.528849 -1.157707
v -11.215210 9.528561 -1.673663
v -10.977349 9.528518 -2.261724
v -10.668070 9.528623 -2.829195
v -10.562960 9.528662 -2.993579
v -10.132120 9.528773 -3.573509
v -9.633469 9.528758 -4.119066
v 6.268814 9.951332 -7.074502
v 6.206847 9.585491 -6.713781
v 6.741189 9.951081 -6.951007
v 7.176317 9.950850 -6.754397
v 7.581100 9.950636 -6.481582
v 7.481391 9.743899 -6.357792
v 6.618896 9.585418 -6.606059
v 6.998453 9.585351 -6.434559
v 7.351541 9.585289 -6.196586
v 0.067276 9.525544 9.145163
v 0.073561 9.736467 9.466690
v 0.077825 10.053160 9.684849
v 5.189451 10.049180 8.624837
v 4.182149 10.052259 8.999258
v 3.391329 10.056230 9.231242
v 2.312589 10.060240 9.469038
v 1.201588 10.059700 9.622481
v 0.648173 10.057310 9.664845
v 0.509588 10.056470 9.671915
v 0.440268 10.056009 9.674919
v 0.422935 10.055890 9.675614
v 0.353184 10.055520 9.678229
v 6.166544 10.046110 8.171677
v 7.105455 10.046110 7.642258
v 7.884573 10.048360 7.120066
v 8.701033 10.052299 6.477219
v 9.451148 10.057139 5.778196
v 10.129720 10.062469 5.025207
v 10.320510 10.064150 4.786033
v 10.849040 10.069210 4.035573
v 11.290259 10.073979 3.262974
v 11.642560 10.078210 2.467354
v 11.787169 10.080070 2.050681
v 11.980149 10.082600 1.297380
v 12.085460 10.083640 0.539268
v 12.104790 10.083200 -0.043814
v 12.053060 10.080200 -0.763517
v 11.916080 10.076200 -1.466252
v 11.734170 10.074790 -2.037595
v 0.333181 9.525868 9.138584
v 0.400016 9.525918 9.136049
v 0.416680 9.525935 9.135371
v 0.483329 9.525999 9.132446
v 0.616577 9.526114 9.125583
v 1.148760 9.526442 9.084663
v 2.217509 9.526516 8.937013
v 3.255666 9.525966 8.708473
v 4.015307 9.525421 8.485993
v 4.982289 9.524998 8.126815
v 5.921595 9.524579 7.691471
v 6.821273 9.524579 7.184175
v 7.567783 9.524886 6.683608
v 8.349226 9.525426 6.067935
v 9.065492 9.526090 5.399973
v 9.711171 9.526823 4.682974
v 9.892136 9.527055 4.455947
v 10.391860 9.527753 3.745904
v 10.806650 9.528411 3.019168
v 11.135590 9.528998 2.275930
v 11.269859 9.529256 1.888860
v 11.448150 9.529607 1.192651
v 11.544889 9.529751 0.496287
v 11.562590 9.529690 -0.036761
v 11.515510 9.529273 -0.693877
v 11.391700 9.528720 -1.330143
v 11.227150 9.528524 -1.847020
v 10.967460 9.528540 -2.430819
v 10.636200 9.528662 -2.994382
v 10.148430 9.528779 -3.642037
v 9.635574 9.528741 -4.189639
v 9.059931 9.528497 -4.703013
v 0.345109 9.737666 9.460382
v 0.413685 9.737854 9.457845
v 0.430748 9.737915 9.457171
v 0.498993 9.738148 9.454257
v 0.635431 9.738577 9.447378
v 1.180313 9.739790 9.405895
v 2.274311 9.740066 9.254852
v 3.336586 9.738029 9.020294
v 4.114671 9.736011 8.791672
v 5.105518 9.734444 8.423062
v 6.067130 9.732888 7.976782
v 6.990118 9.732889 7.456342
v 7.756165 9.734027 6.943151
v 8.558751 9.736030 6.311691
v 9.295609 9.738488 5.625655
v 9.961437 9.741203 4.887608
v 10.148450 9.742060 4.653448
v 10.665950 9.744639 3.919569
v 11.097139 9.747073 3.165613
v 11.440619 9.749237 2.391106
v 11.581349 9.750190 1.986298
v 11.768809 9.751483 1.255775
v 11.870850 9.752016 0.522205
v 11.889480 9.751790 -0.041014
v 11.839200 9.750254 -0.735812
v 11.706960 9.748210 -1.411972
v 11.531799 9.747488 -1.961529
v 11.256670 9.747547 -2.580122
v 10.907690 9.747999 -3.174184
v 10.396740 9.748429 -3.852922
v 9.862832 9.748291 -4.422994
v 9.266599 9.747386 -4.954387
v 11.448770 10.074910 -2.679290
v 11.087860 10.075789 -3.293504
v 10.561390 10.076630 -3.992752
v 10.013559 10.076360 -4.577764
v 9.403912 10.074590 -5.121403
v 8.043339 9.527984 -5.490397
v 8.246978 9.745492 -5.743395
v 8.382781 10.070880 -5.912113
v 8.808828 9.528382 -4.875677
v 9.012705 9.746960 -5.129132
v 9.148278 10.073760 -5.297670
v 9.281205 10.073140 -5.205997
v 9.172393 9.746645 -5.018989
v 9.008863 9.528296 -4.737933
v 8.906252 9.528341 -4.803048
v 9.090476 9.746809 -5.071064
v 9.213015 10.073460 -5.249340
vn 0.8878 0.1082 -0.4473
vn 0.9890 0.1472 -0.0138
vn 0.9329 0.0391 -0.3581
vn 0.3425 -0.0201 0.9393
vn 0.4775 0.0052 0.8786
vn 0.3988 0.1117 0.9102
vn 0.4110 0.8309 -0.3750
vn 0.1732 0.1289 0.9764
vn 0.0636 -0.0299 0.9975
vn 0.0397 -0.0146 0.9991
vn 0.5383 -0.0305 0.8422
vn 0.0862 0.5494 -0.8311
vn 0.1778 0.5444 -0.8198
vn 0.2810 0.5211 -0.8059
vn 0.2165 0.5453 -0.8098
vn 0.4778 0.4342 -0.7636
vn 0.4205 0.4947 -0.7606
vn 0.4177 0.4760 -0.7739
vn 0.3721 0.5007 -0.7815
vn 0.3604 0.5193 -0.7749
vn 0.3265 0.5049 -0.7991
vn 0.2800 0.5437 -0.7912
vn 0.5705 0.4135 -0.7096
vn 0.5203 0.4130 -0.7475
vn 0.4902 0.4749 -0.7309
vn 0.6371 0.3593 -0.6819
vn 0.5991 0.3603 -0.7150
vn 0.5732 0.3980 -0.7163
vn 0.7046 0.2968 -0.6445
vn 0.6737 0.3045 -0.6733
vn 0.6456 0.3305 -0.6885
vn 0.7621 0.2205 -0.6087
vn 0.7673 0.2190 -0.6027
vn 0.7028 0.2538 -0.6645
vn 0.8043 0.1042 -0.5850
vn 0.8017 0.1171 -0.5861
vn 0.8051 0.1424 -0.5757
vn 0.7915 0.1498 -0.5926
vn 0.7672 0.1848 -0.6143
vn 0.8048 0.1029 -0.5846
vn 0.7915 0.1134 -0.6005
vn 0.7873 0.0978 -0.6088
vn 0.7791 0.1031 -0.6183
vn 0.7525 0.0825 -0.6534
vn 0.7503 0.0831 -0.6558
vn 0.7209 0.0684 -0.6897
vn 0.7141 0.0588 -0.6975
vn 0.7009 0.0554 -0.7112
vn 0.6814 0.0383 -0.7309
vn 0.6854 0.0372 -0.7272
vn 0.6690 0.0260 -0.7428
vn 0.8616 0.0265 -0.5068
vn 0.7984 0.0243 -0.6016
vn 0.9628 0.0202 -0.2696
vn 0.9471 0.0199 -0.3202
vn 0.9334 0.0277 -0.3579
vn 0.9899 0.0351 0.1370
vn 0.7684 0.0067 0.6399
vn 0.7830 0.0129 0.6219
vn 0.7914 0.0182 0.6110
vn 0.8188 0.0116 0.5740
vn 0.8690 0.0283 0.4940
vn 0.7385 -0.0017 0.6742
vn 0.7093 0.0046 0.7049
vn 0.6980 -0.0031 0.7161
vn 0.6257 -0.0149 0.7799
vn 0.6198 -0.0108 0.7847
vn 0.6669 -0.0124 0.7451
vn 0.4394 -0.0154 0.8982
vn 0.4908 -0.0407 0.8703
vn 0.5575 0.0005 0.8302
vn 0.3473 -0.0102 0.9377
vn 0.4006 -0.0331 0.9157
vn 0.4359 -0.0199 0.8998
vn 0.2794 -0.0225 0.9599
vn 0.2621 0.0358 0.9644
vn 0.2136 -0.0322 0.9764
vn 0.1448 0.0066 0.9894
vn 0.1370 -0.0084 0.9905
vn 0.0429 -0.0159 0.9990
vn 0.0461 -0.0171 0.9988
vn 0.0798 -0.0276 0.9964
vn 0.0535 -0.0059 0.9986
vn 0.0782 -0.0212 0.9967
vn 0.0187 -0.0383 0.9991
vn 0.0819 -0.0616 0.9947
vn 0.0756 -0.0554 0.9956
vn 0.0571 -0.0456 0.9973
vn 0.0906 -0.0371 0.9952
vn 0.0245 -0.0285 0.9993
vn 0.1221 -0.0560 0.9909
vn 0.1193 -0.0775 0.9898
vn 0.1566 0.0045 0.9876
vn 0.1412 0.3740 0.9166
vn 0.1496 0.3179 0.9363
vn 0.1464 0.3188 0.9365
vn 0.1714 0.2563 0.9513
vn 0.1187 0.4720 0.8736
vn 0.1066 0.4370 0.8931
vn 0.0646 0.6046 0.7939
vn 0.0505 0.7628 0.6447
vn 0.0195 0.7377 0.6748
vn 0.0314 0.9179 0.3956
vn 0.0258 0.8515 0.5236
vn 0.0524 0.8399 0.5402
vn 0.0259 0.8025 0.5961
vn 0.0361 0.7974 0.6024
vn 0.0287 0.9953 0.0926
vn 0.0205 0.9831 0.1818
vn 0.0555 0.9697 0.2379
vn 0.0068 0.9598 0.2804
vn 0.0535 0.9121 0.4064
vn 0.0146 0.9246 -0.3807
vn 0.0396 0.7461 -0.6646
vn 0.0520 0.7717 -0.6338
vn 0.0959 0.7987 -0.5941
vn 0.0354 0.8270 -0.5610
vn 0.0364 0.8634 -0.5032
vn 0.0293 0.5398 -0.8413
vn -0.0124 0.5814 -0.8135
vn 0.0945 0.6618 -0.7437
vn 0.0748 0.6741 -0.7349
vn 0.0387 0.7185 -0.6945
vn 0.9512 0.1723 -0.2561
vn 0.9463 0.1940 -0.2586
vn 0.9505 0.2090 -0.2300
vn 0.9748 0.2178 -0.0490
vn 0.9747 0.2206 -0.0364
vn 0.9752 0.2200 0.0224
vn 0.9744 0.2222 0.0334
vn 0.9716 0.2203 0.0868
vn 0.9523 0.2187 0.2130
vn 0.9614 0.2144 0.1726
vn 0.9625 0.2182 0.1613
vn 0.9701 0.2222 0.0975
vn 0.9413 0.2408 0.2367
vn 0.9446 0.2397 0.2244
vn 0.9520 0.2435 0.1852
vn 0.9548 0.2419 0.1725
vn 0.9624 0.2460 0.1154
vn 0.9640 0.2441 0.1049
vn 0.9679 0.2465 0.0482
vn 0.9690 0.2443 0.0377
vn 0.9692 0.2451 -0.0224
vn 0.9696 0.2424 -0.0347
vn 0.3759 0.7183 -0.5855
vn 0.3674 0.7169 -0.5925
vn 0.4577 0.6765 -0.5769
vn 0.4493 0.6760 -0.5842
vn 0.5357 0.6274 -0.5652
vn 0.5273 0.6277 -0.5727
vn 0.6096 0.5707 -0.5502
vn 0.6015 0.5718 -0.5579
vn 0.6792 0.5061 -0.5315
vn 0.6715 0.5080 -0.5395
vn 0.7439 0.4331 -0.5089
vn 0.7364 0.4359 -0.5174
vn 0.8025 0.3514 -0.4821
vn 0.7953 0.3551 -0.4913
vn 0.8535 0.2609 -0.4511
vn 0.8465 0.2656 -0.4615
vn 0.8882 0.1783 -0.4235
vn 0.3259 0.6121 -0.7205
vn 0.3240 0.6116 -0.7218
vn 0.4007 0.5823 -0.7074
vn 0.3981 0.5818 -0.7092
vn 0.4738 0.5456 -0.6913
vn 0.4706 0.5453 -0.6937
vn 0.5453 0.5013 -0.6718
vn 0.5413 0.5014 -0.6750
vn 0.6147 0.4489 -0.6486
vn 0.6099 0.4494 -0.6527
vn 0.6813 0.3874 -0.6211
vn 0.6756 0.3886 -0.6265
vn 0.7440 0.3161 -0.5887
vn 0.7372 0.3183 -0.5960
vn 0.8007 0.2344 -0.5512
vn 0.7928 0.2381 -0.5610
vn 0.8447 0.1510 -0.5135
vn 0.8248 0.1636 -0.5413
vn 0.8465 0.1211 -0.5184
vn 0.3173 0.8676 -0.3830
vn 0.3044 0.8299 -0.4676
vn 0.2104 0.8546 -0.4748
vn 0.1928 0.7762 -0.6003
vn 0.2007 0.7792 -0.5937
vn 0.1711 0.6515 -0.7391
vn 0.1717 0.6519 -0.7386
vn 0.1493 0.5566 -0.8172
vn 0.1424 0.5491 -0.8235
vn 0.1050 0.8808 -0.4618
vn 0.0411 0.8851 -0.4636
vn 0.0501 0.8808 -0.4709
vn 0.2115 0.9045 -0.3703
vn 0.1091 0.9210 -0.3740
vn 0.1047 0.9253 -0.3645
vn 0.0323 0.9300 -0.3661
vn 0.0253 0.9675 -0.2516
vn 0.0807 0.5597 -0.8247
vn 0.0925 0.6620 -0.7438
vn 0.0923 0.6619 -0.7439
vn 0.1078 0.7976 -0.5935
vn 0.1004 0.7939 -0.5997
vn 0.1092 0.8755 -0.4707
vn 0.2068 0.8603 -0.4660
vn 0.2154 0.8997 -0.3797
vn 0.3139 0.8728 -0.3738
vn 0.2168 0.5441 -0.8105
vn 0.2496 0.6352 -0.7309
vn 0.2483 0.6347 -0.7317
vn 0.2902 0.7526 -0.5910
vn 0.2819 0.7504 -0.5979
vn 0.3074 0.8240 -0.4760
vn 0.4015 0.7886 -0.4657
vn 0.4267 0.7971 -0.4272
vn 0.5003 0.7588 -0.4171
vn 0.4902 0.7598 -0.4271
vn 0.5836 0.7001 -0.4115
vn 0.5741 0.7021 -0.4213
vn 0.6608 0.6332 -0.4030
vn 0.6521 0.6360 -0.4126
vn 0.7316 0.5582 -0.3914
vn 0.7237 0.5617 -0.4009
vn 0.7953 0.4750 -0.3766
vn 0.7883 0.4792 -0.3860
vn 0.8509 0.3839 -0.3585
vn 0.8447 0.3887 -0.3680
vn 0.8972 0.2852 -0.3373
vn 0.9567 0.2356 -0.1709
vn 0.9337 0.3104 -0.1786
vn 0.9338 0.3141 -0.1712
vn 0.8909 0.4165 -0.1812
vn 0.8906 0.4203 -0.1737
vn 0.8369 0.5160 -0.1824
vn 0.8362 0.5198 -0.1750
vn 0.7728 0.6078 -0.1824
vn 0.7716 0.6116 -0.1749
vn 0.6995 0.6913 -0.1811
vn 0.6979 0.6949 -0.1736
vn 0.6178 0.7657 -0.1788
vn 0.6157 0.7691 -0.1713
vn 0.5283 0.8307 -0.1756
vn 0.5259 0.8338 -0.1682
vn 0.4316 0.8856 -0.1715
vn 0.4289 0.8883 -0.1643
vn 0.3283 0.9297 -0.1668
vn 0.3254 0.9320 -0.1599
vn 0.2194 0.9621 -0.1617
vn 0.2164 0.9639 -0.1551
vn 0.1060 0.9820 -0.1562
vn 0.1031 0.9833 -0.1501
vn 0.0372 0.9879 -0.1506
vn 0.0064 0.9986 -0.0534
vn 0.1028 0.9904 0.0920
vn 0.1028 0.9904 0.0921
vn 0.1015 0.9660 0.2376
vn 0.1019 0.9662 0.2370
vn 0.0997 0.9135 0.3945
vn 0.1002 0.9137 0.3938
vn 0.0973 0.8370 0.5384
vn 0.0959 0.7938 0.6006
vn 0.0962 0.7941 0.6001
vn 0.0954 0.7643 0.6377
vn 0.0225 0.7678 0.6403
vn 0.0902 0.7774 0.6225
vn 0.2169 0.9721 0.0891
vn 0.2164 0.9721 0.0901
vn 0.2126 0.9488 0.2336
vn 0.2125 0.9488 0.2338
vn 0.2049 0.8983 0.3886
vn 0.2047 0.8983 0.3889
vn 0.1940 0.8249 0.5309
vn 0.1932 0.8245 0.5318
vn 0.1873 0.7826 0.5937
vn 0.1872 0.7826 0.5937
vn 0.1831 0.7523 0.6329
vn 0.0985 0.7625 0.6395
vn 0.0979 0.7219 0.6851
vn 0.0627 0.7240 0.6869
vn 0.0291 0.6929 0.7204
vn 0.3270 0.9413 0.0842
vn 0.3260 0.9415 0.0859
vn 0.3202 0.9199 0.2263
vn 0.3195 0.9199 0.2273
vn 0.3073 0.8732 0.3783
vn 0.3064 0.8730 0.3795
vn 0.2889 0.8048 0.5184
vn 0.2874 0.8042 0.5203
vn 0.2774 0.7645 0.5818
vn 0.2769 0.7642 0.5825
vn 0.2694 0.7339 0.6236
vn 0.1853 0.7507 0.6341
vn 0.1802 0.7091 0.6817
vn 0.1036 0.7182 0.6881
vn 0.1032 0.6771 0.7286
vn 0.0711 0.6791 0.7306
vn 0.0564 0.6619 0.7474
vn 0.4318 0.8987 0.0771
vn 0.4304 0.8991 0.0798
vn 0.4232 0.8800 0.2158
vn 0.4219 0.8801 0.2177
vn 0.4062 0.8383 0.3636
vn 0.4046 0.8382 0.3658
vn 0.3819 0.7767 0.5009
vn 0.3796 0.7760 0.5038
vn 0.3662 0.7393 0.5651
vn 0.3651 0.7389 0.5664
vn 0.3543 0.7091 0.6097
vn 0.2707 0.7327 0.6244
vn 0.2610 0.6907 0.6744
vn 0.1848 0.7055 0.6841
vn 0.1799 0.6636 0.7262
vn 0.1109 0.6719 0.7323
vn 0.1106 0.6306 0.7682
vn 0.0682 0.6332 0.7710
vn 0.0823 0.6364 0.7669
vn 0.5304 0.8450 0.0682
vn 0.5288 0.8457 0.0717
vn 0.5207 0.8295 0.2022
vn 0.5190 0.8299 0.2050
vn 0.5011 0.7938 0.3446
vn 0.4988 0.7938 0.3478
vn 0.4726 0.7402 0.4783
vn 0.4695 0.7396 0.4823
vn 0.4535 0.7067 0.5431
vn 0.4518 0.7061 0.5452
vn 0.4380 0.6775 0.5909
vn 0.3549 0.7085 0.6100
vn 0.3405 0.6669 0.6628
vn 0.2646 0.6875 0.6762
vn 0.2551 0.6453 0.7201
vn 0.1864 0.6584 0.7292
vn 0.1816 0.6165 0.7661
vn 0.1199 0.6241 0.7721
vn 0.1194 0.5823 0.8041
vn 0.1011 0.5836 0.8057
vn 0.0583 0.5636 0.8240
vn 0.1166 0.5331 0.8380
vn 0.1294 0.5322 0.8367
vn 0.1302 0.5746 0.8080
vn 0.1846 0.5679 0.8022
vn 0.1896 0.6100 0.7694
vn 0.2510 0.5983 0.7609
vn 0.2604 0.6404 0.7226
vn 0.3291 0.6222 0.7104
vn 0.3432 0.6641 0.6642
vn 0.4191 0.6371 0.6469
vn 0.4379 0.6776 0.5908
vn 0.5205 0.6386 0.5667
vn 0.5370 0.6654 0.5186
vn 0.5393 0.6659 0.5155
vn 0.5569 0.6946 0.4554
vn 0.5607 0.6949 0.4502
vn 0.5886 0.7400 0.3256
vn 0.5914 0.7396 0.3214
vn 0.6100 0.7695 0.1893
vn 0.6120 0.7687 0.1857
vn 0.6202 0.7820 0.0618
vn 0.6221 0.7808 0.0576
vn 0.7061 0.7067 0.0453
vn 0.7042 0.7083 0.0503
vn 0.6965 0.6980 0.1663
vn 0.6942 0.6992 0.1708
vn 0.6763 0.6756 0.2937
vn 0.6731 0.6764 0.2990
vn 0.6456 0.6401 0.4165
vn 0.6412 0.6403 0.4229
vn 0.6230 0.6162 0.4819
vn 0.6201 0.6159 0.4860
vn 0.6017 0.5916 0.5367
vn 0.5199 0.6395 0.5663
vn 0.4970 0.6010 0.6260
vn 0.4209 0.6350 0.6478
vn 0.4022 0.5941 0.6967
vn 0.3332 0.6177 0.7123
vn 0.3193 0.5760 0.7525
vn 0.2577 0.5920 0.7636
vn 0.2482 0.5499 0.7975
vn 0.1939 0.5602 0.8054
vn 0.1886 0.5177 0.8345
vn 0.1413 0.5236 0.8402
vn 0.1401 0.4803 0.8659
vn 0.0325 0.4856 0.8736
vn 0.1675 0.5034 0.8476
vn 0.7816 0.6230 0.0316
vn 0.7797 0.6250 0.0373
vn 0.7732 0.6176 0.1442
vn 0.7709 0.6192 0.1495
vn 0.7547 0.6015 0.2618
vn 0.7514 0.6029 0.2681
vn 0.7261 0.5752 0.3767
vn 0.7214 0.5759 0.3844
vn 0.7037 0.5566 0.4416
vn 0.7003 0.5566 0.4469
vn 0.6807 0.5354 0.5000
vn 0.6006 0.5934 0.5359
vn 0.5742 0.5577 0.5994
vn 0.4979 0.5996 0.6265
vn 0.4750 0.5604 0.6785
vn 0.4054 0.5901 0.6982
vn 0.3869 0.5493 0.7406
vn 0.3247 0.5701 0.7547
vn 0.3106 0.5285 0.7901
vn 0.2561 0.5424 0.8001
vn 0.2463 0.5002 0.8301
vn 0.1990 0.5091 0.8374
vn 0.1932 0.4660 0.8634
vn 0.1528 0.4711 0.8687
vn 0.1509 0.4270 0.8916
vn 0.1326 0.4283 0.8939
vn 0.1279 0.3782 0.9169
vn 0.6132 0.0801 0.7859
vn 0.6150 0.0799 0.7845
vn 0.6567 0.0990 0.7476
vn 0.6578 0.0989 0.7467
vn 0.6007 0.0901 0.7944
vn 0.6018 0.0900 0.7936
vn 0.6440 0.1106 0.7570
vn 0.6444 0.1106 0.7566
vn 0.5614 0.1190 0.8189
vn 0.5618 0.1190 0.8187
vn 0.6024 0.1440 0.7851
vn 0.6025 0.1440 0.7851
vn 0.6423 0.1686 0.7477
vn 0.6857 0.1306 0.7161
vn 0.6859 0.1306 0.7158
vn 0.6986 0.1176 0.7058
vn 0.6995 0.1175 0.7049
vn 0.4768 0.0681 0.8764
vn 0.5124 0.1525 0.8451
vn 0.5094 0.1530 0.8468
vn 0.5494 0.1828 0.8153
vn 0.5462 0.1833 0.8174
vn 0.5845 0.2121 0.7832
vn 0.6423 0.1684 0.7477
vn 0.6813 0.1927 0.7061
vn 0.7259 0.1500 0.6712
vn 0.7264 0.1500 0.6707
vn 0.7392 0.1356 0.6597
vn 0.7402 0.1354 0.6586
vn 0.4678 0.1809 0.8651
vn 0.4621 0.1814 0.8681
vn 0.5004 0.2158 0.8385
vn 0.4944 0.2163 0.8419
vn 0.5304 0.2489 0.8104
vn 0.5837 0.2143 0.7832
vn 0.6205 0.2421 0.7459
vn 0.6814 0.1923 0.7062
vn 0.7197 0.2162 0.6598
vn 0.7647 0.1686 0.6219
vn 0.7657 0.1684 0.6207
vn 0.7783 0.1528 0.6090
vn 0.7797 0.1525 0.6073
vn 0.4268 0.2052 0.8808
vn 0.4189 0.2054 0.8845
vn 0.4547 0.2440 0.8566
vn 0.4466 0.2442 0.8607
vn 0.4796 0.2803 0.8315
vn 0.5285 0.2529 0.8104
vn 0.5624 0.2838 0.7767
vn 0.6199 0.2439 0.7458
vn 0.6563 0.2716 0.7039
vn 0.7199 0.2152 0.6599
vn 0.7571 0.2386 0.6082
vn 0.8019 0.1860 0.5677
vn 0.8037 0.1857 0.5654
vn 0.8157 0.1689 0.5533
vn 0.8177 0.1685 0.5505
vn 0.3522 -0.0272 0.9355
vn 0.4159 0.0028 0.9094
vn 0.4130 0.0047 0.9107
vn 0.4575 0.0267 0.8888
vn 0.4313 0.0424 0.9012
vn 0.4745 0.0686 0.8776
vn 0.4333 0.0922 0.8965
vn 0.3918 0.0619 0.9180
vn 0.3593 0.0776 0.9300
vn 0.3417 0.0791 0.9365
vn 0.3087 0.0489 0.9499
vn 0.3761 0.0180 0.9264
vn 0.3018 -0.0260 0.9530
vn 0.2844 -0.0062 0.9587
vn 0.2322 -0.0320 0.9721
vn 0.1419 -0.0425 0.9890
vn 0.1376 -0.0397 0.9897
vn 0.0829 -0.0258 0.9962
vn 0.0783 -0.0237 0.9966
vn 0.0706 -0.0288 0.9971
vn 0.0333 -0.0226 0.9992
vn 0.3887 0.2265 0.8931
vn 0.3791 0.2261 0.8973
vn 0.4118 0.2687 0.8707
vn 0.4020 0.2683 0.8754
vn 0.4316 0.3075 0.8480
vn 0.4766 0.2858 0.8314
vn 0.5070 0.3195 0.8006
vn 0.5608 0.2875 0.7765
vn 0.5945 0.3186 0.7383
vn 0.6559 0.2729 0.7038
vn 0.6919 0.3004 0.6565
vn 0.7574 0.2369 0.6085
vn 0.7933 0.2596 0.5507
vn 0.8372 0.2020 0.5082
vn 0.8398 0.2014 0.5041
vn 0.8510 0.1838 0.4919
vn 0.8537 0.1830 0.4875
vn 0.3382 0.1430 0.9301
vn 0.3308 0.1429 0.9328
vn 0.3528 0.2453 0.9030
vn 0.3418 0.2443 0.9075
vn 0.3710 0.2905 0.8820
vn 0.3598 0.2894 0.8870
vn 0.3858 0.3315 0.8610
vn 0.4273 0.3142 0.8478
vn 0.4541 0.3502 0.8192
vn 0.5043 0.3247 0.8002
vn 0.5347 0.3586 0.7652
vn 0.5933 0.3217 0.7379
vn 0.6268 0.3528 0.6947
vn 0.6918 0.3007 0.6564
vn 0.7272 0.3279 0.6030
vn 0.7937 0.2569 0.5513
vn 0.8282 0.2790 0.4861
vn 0.8706 0.2165 0.4418
vn 0.8738 0.2155 0.4360
vn 0.8841 0.1971 0.4237
vn 0.8873 0.1959 0.4176
vn 0.3184 0.2622 0.9110
vn 0.3064 0.2604 0.9156
vn 0.3316 0.3101 0.8910
vn 0.3193 0.3081 0.8962
vn 0.3413 0.3527 0.8713
vn 0.3801 0.3390 0.8606
vn 0.4031 0.3771 0.8338
vn 0.4501 0.3567 0.8186
vn 0.4769 0.3931 0.7862
vn 0.5324 0.3633 0.7646
vn 0.5628 0.3974 0.7248
vn 0.6260 0.3550 0.6943
vn 0.6594 0.3861 0.6451
vn 0.7274 0.3271 0.6032
vn 0.7620 0.3538 0.5424
vn 0.8288 0.2753 0.4872
vn 0.8601 0.2956 0.4157
vn 0.9002 0.2285 0.3707
vn 0.9039 0.2269 0.3627
vn 0.9131 0.2080 0.3507
vn 0.9166 0.2062 0.3425
vn 0.2870 0.1674 0.9432
vn 0.2771 0.1661 0.9464
vn 0.2850 0.2776 0.9175
vn 0.2721 0.2748 0.9222
vn 0.2929 0.3277 0.8982
vn 0.2798 0.3247 0.9035
vn 0.2976 0.3717 0.8794
vn 0.3342 0.3610 0.8706
vn 0.3533 0.4008 0.8453
vn 0.3978 0.3845 0.8330
vn 0.4206 0.4229 0.8026
vn 0.4734 0.3989 0.7853
vn 0.5001 0.4356 0.7484
vn 0.5611 0.4011 0.7241
vn 0.5915 0.4355 0.6786
vn 0.6591 0.3870 0.6448
vn 0.6922 0.4178 0.5885
vn 0.7625 0.3518 0.5430
vn 0.7950 0.3770 0.4752
vn 0.8609 0.2908 0.4174
vn 0.8883 0.3087 0.3401
vn 0.9252 0.2375 0.2960
vn 0.9293 0.2349 0.2851
vn 0.9372 0.2160 0.2740
vn 0.9410 0.2133 0.2629
vn 0.3613 0.1287 0.9235
vn 0.3671 0.1285 0.9213
vn 0.3309 0.0917 0.9392
vn 0.3040 0.1018 0.9472
vn 0.2942 0.1017 0.9503
vn 0.3029 0.1552 0.9403
vn 0.3117 0.1559 0.9373
vn 0.2820 0.1131 0.9527
vn 0.2594 0.1195 0.9584
vn 0.2546 0.1189 0.9597
vn 0.2519 0.2916 0.9228
vn 0.2383 0.2878 0.9276
vn 0.2544 0.3438 0.9039
vn 0.2406 0.3397 0.9092
vn 0.2538 0.3888 0.8857
vn 0.2890 0.3805 0.8784
vn 0.3040 0.4218 0.8542
vn 0.3466 0.4089 0.8442
vn 0.3654 0.4490 0.8154
vn 0.4159 0.4297 0.8015
vn 0.4386 0.4684 0.7669
vn 0.4973 0.4405 0.7474
vn 0.5241 0.4775 0.7052
vn 0.5904 0.4379 0.6780
vn 0.6208 0.4722 0.6259
vn 0.6923 0.4174 0.5886
vn 0.7242 0.4471 0.5250
vn 0.7959 0.3736 0.4763
vn 0.8256 0.3966 0.4014
vn 0.8893 0.3026 0.3429
vn 0.9056 0.3131 0.2862
vn 0.9090 0.3113 0.2772
vn 0.9193 0.3183 0.2316
vn 0.9228 0.3156 0.2210
vn 0.9342 0.3237 0.1501
vn 0.9364 0.3209 0.1419
vn 0.9428 0.3257 0.0711
vn 0.9443 0.3229 0.0640
vn 0.9458 0.3248 -0.0086
vn 0.9467 0.3217 -0.0159
vn 0.2292 0.1845 0.9557
vn 0.2186 0.3045 0.9271
vn 0.2045 0.2996 0.9319
vn 0.2153 0.3584 0.9084
vn 0.2012 0.3531 0.9137
vn 0.2096 0.4041 0.8904
vn 0.2438 0.3979 0.8844
vn 0.2546 0.4405 0.8609
vn 0.2959 0.4304 0.8527
vn 0.3104 0.4718 0.8252
vn 0.3593 0.4565 0.8139
vn 0.3778 0.4968 0.7813
vn 0.4346 0.4743 0.7656
vn 0.4574 0.5134 0.7261
vn 0.5221 0.4811 0.7042
vn 0.5489 0.5183 0.6558
vn 0.6203 0.4732 0.6256
vn 0.6501 0.5068 0.5661
vn 0.7249 0.4451 0.5257
vn 0.7550 0.4730 0.4541
vn 0.8270 0.3914 0.4035
vn 0.8456 0.4056 0.3471
vn 0.8493 0.4044 0.3392
vn 0.8629 0.4149 0.2886
vn 0.8671 0.4128 0.2787
vn 0.8838 0.4260 0.1933
vn 0.8867 0.4236 0.1855
vn 0.8966 0.4316 0.0993
vn 0.8985 0.4291 0.0927
vn 0.9017 0.4323 0.0075
vn 0.9031 0.4295 0.0007
vn 0.1845 0.3163 0.9305
vn 0.1702 0.3101 0.9353
vn 0.1753 0.3716 0.9117
vn 0.1609 0.3650 0.9170
vn 0.1641 0.4176 0.8937
vn 0.1980 0.4134 0.8888
vn 0.2044 0.4569 0.8657
vn 0.2450 0.4494 0.8591
vn 0.2552 0.4918 0.8325
vn 0.3030 0.4799 0.8233
vn 0.3172 0.5213 0.7922
vn 0.3726 0.5034 0.7796
vn 0.3911 0.5440 0.7424
vn 0.4543 0.5180 0.7248
vn 0.4772 0.5572 0.6796
vn 0.5477 0.5204 0.6551
vn 0.5744 0.5572 0.5996
vn 0.6505 0.5061 0.5663
vn 0.6793 0.5383 0.4987
vn 0.7565 0.4689 0.4558
vn 0.7762 0.4868 0.4007
vn 0.7799 0.4862 0.3941
vn 0.7960 0.5009 0.3397
vn 0.8007 0.4995 0.3308
vn 0.8222 0.5194 0.2328
vn 0.8255 0.5174 0.2256
vn 0.8387 0.5298 0.1256
vn 0.8409 0.5277 0.1196
vn 0.8459 0.5328 0.0229
vn 0.8476 0.5304 0.0166
vn 0.2406 0.1873 0.9524
vn 0.2063 0.1925 0.9594
vn 0.2182 0.1961 0.9560
vn 0.1835 0.1997 0.9625
vn 0.1958 0.2043 0.9591
vn 0.1377 0.2072 0.9686
vn 0.1987 0.1486 0.9687
vn 0.1858 0.1442 0.9719
vn 0.2129 0.1417 0.9667
vn 0.2031 0.1390 0.9692
vn 0.2302 0.1352 0.9637
vn 0.2210 0.1332 0.9661
vn 0.2409 0.1295 0.9619
vn 0.2634 0.1778 0.9482
vn 0.2527 0.1758 0.9514
vn 0.2670 0.0119 0.9636
vn 0.2338 0.0232 0.9720
vn 0.2318 0.0228 0.9725
vn 0.2077 0.0289 0.9778
vn 0.2079 0.0289 0.9777
vn 0.1924 0.0315 0.9808
vn 0.1888 0.0309 0.9815
vn 0.1841 0.0332 0.9823
vn 0.1883 0.0329 0.9816
vn 0.3084 0.0489 0.9500
vn 0.2649 0.0645 0.9621
vn 0.2684 0.0653 0.9611
vn 0.2306 0.0754 0.9701
vn 0.2363 0.0774 0.9686
vn 0.2091 0.0822 0.9744
vn 0.2150 0.0833 0.9731
vn 0.1961 0.0858 0.9768
vn 0.2026 0.0874 0.9754
vn 0.1948 0.0880 0.9769
vn 0.1671 0.0633 0.9839
vn 0.3494 0.0316 0.9364
vn 0.3457 0.0321 0.9378
vn 0.2824 -0.0124 0.9592
vn 0.2750 -0.0092 0.9614
vn 0.2232 -0.0137 0.9747
vn 0.2055 -0.0079 0.9786
vn 0.1982 -0.0092 0.9801
vn 0.1858 -0.0062 0.9826
vn 0.1805 -0.0077 0.9836
vn 0.1726 -0.0065 0.9850
vn 0.1684 -0.0082 0.9857
vn 0.1687 -0.0082 0.9856
vn 0.1490 -0.0275 0.9885
vn 0.1099 -0.0484 0.9928
vn 0.1036 -0.0454 0.9936
vn 0.0595 -0.0333 0.9977
vn 0.0923 -0.0501 0.9945
vn 0.0909 -0.0497 0.9946
vn 0.1707 -0.0426 0.9844
vn 0.1340 -0.0402 0.9902
vn 0.1542 -0.0377 0.9873
vn 0.1412 -0.0357 0.9893
vn 0.1622 -0.0348 0.9861
vn 0.1533 -0.0327 0.9876
vn 0.1763 -0.0337 0.9838
vn 0.1710 -0.0319 0.9848
vn 0.1979 -0.0353 0.9796
vn 0.1959 -0.0344 0.9800
vn 0.2295 -0.0414 0.9724
vn 0.2490 -0.0515 0.9671
vn 0.3111 -0.0201 0.9502
vn 0.6518 0.0423 0.7572
vn 0.6847 0.0433 0.7275
vn 0.6967 0.0537 0.7153
vn 0.5060 -0.0055 0.8625
vn 0.4822 -0.0002 0.8761
vn 0.4114 -0.0291 0.9110
vn 0.5120 0.0478 0.8576
vn 0.5204 0.0415 0.8529
vn 0.5252 0.0410 0.8500
vn 0.5368 0.0307 0.8431
vn 0.5748 0.0336 0.8176
vn 0.5820 0.0244 0.8128
vn 0.5964 0.0213 0.8024
vn 0.3559 -0.0288 0.9341
vn 0.3488 -0.0037 0.9372
vn 0.2461 -0.0479 0.9681
vn 0.2409 -0.0388 0.9698
vn 0.1638 -0.0316 0.9860
vn 0.1930 -0.0521 0.9798
vn 0.1347 -0.0412 0.9900
vn 0.1631 -0.0550 0.9851
vn 0.1167 -0.0442 0.9922
vn 0.1429 -0.0545 0.9882
vn 0.1006 -0.0477 0.9938
vn 0.1296 -0.0566 0.9900
vn 0.0889 -0.0532 0.9946
vn 0.1217 -0.0604 0.9907
vn 0.0811 -0.0601 0.9949
vn 0.1187 -0.0653 0.9908
vn 0.0768 -0.0681 0.9947
vn 0.0860 -0.0687 0.9939
vn 0.0950 -0.0658 0.9933
vn 0.5081 0.0480 0.8600
vn 0.4640 0.0263 0.8854
vn 0.4735 0.0196 0.8806
vn 0.4701 -0.0027 0.8826
vn 0.4567 0.0082 0.8896
vn 0.3795 -0.0262 0.9248
vn 0.3731 -0.0194 0.9276
vn 0.9208 0.0184 -0.3896
vn 0.8965 0.0174 -0.4426
vn 0.8172 0.0324 -0.5754
vn 0.8690 0.0295 -0.4939
vn 0.8663 0.0611 -0.4958
vn 0.9966 0.0549 -0.0610
vn 0.9985 0.0523 0.0175
vn 0.9993 0.0349 0.0157
vn 0.9990 0.0300 0.0334
vn 0.9978 0.0571 0.0351
vn 0.9901 0.0518 0.1308
vn 0.9874 0.0425 0.1523
vn 0.9743 0.0430 0.2209
vn 0.9683 0.0380 0.2468
vn 0.9508 0.0399 0.3071
vn 0.9446 0.0363 0.3262
vn 0.9214 0.0332 0.3871
vn 0.9147 0.0286 0.4030
vn 0.8874 0.0286 0.4600
vn 0.8524 0.0120 0.5227
vn 0.8443 0.0574 0.5328
vn 0.8736 0.0670 0.4821
vn 0.8811 0.0664 0.4682
vn 0.9079 0.0754 0.4122
vn 0.9153 0.0744 0.3958
vn 0.9385 0.0827 0.3351
vn 0.9453 0.0813 0.3158
vn 0.9635 0.0883 0.2527
vn 0.9694 0.0864 0.2298
vn 0.9819 0.0919 0.1657
vn 0.9864 0.0890 0.1380
vn 0.9930 0.0930 0.0732
vn 0.9952 0.0890 0.0407
vn 0.9959 0.0904 0.0023
vn 0.9946 0.0867 -0.0577
vn 0.9951 0.0859 -0.0498
vn 0.9830 0.1164 -0.1423
vn 0.9858 0.1475 -0.0806
vn 0.9807 0.1345 -0.1418
vn 0.9757 0.1399 -0.1688
vn 0.9817 0.0225 -0.1892
vn 0.9781 0.0278 -0.2061
vn 0.9776 0.0434 -0.2060
vn 0.9346 0.0415 -0.3532
vn 0.9325 0.0711 -0.3541
vn 0.8747 0.0659 -0.4801
vn 0.8700 0.0965 -0.4836
vn 0.9131 0.2190 -0.3440
vn 0.9245 0.1844 -0.3336
vn 0.8657 0.1727 -0.4698
vn 0.8709 0.1598 -0.4647
vn 0.8537 0.1350 -0.5030
vn 0.8555 0.1298 -0.5013
vn 0.8200 0.1080 -0.5621
vn 0.8248 0.0908 -0.5582
vn 0.8009 0.0779 -0.5937
vn 0.8051 0.0556 -0.5905
vn 0.7945 0.0505 -0.6051
vn 0.7973 0.0247 -0.6031
vn 0.7299 0.0215 -0.6833
vn 0.6661 0.0152 -0.7457
vn 0.6733 0.0179 -0.7392
vn 0.7274 0.0222 -0.6859
vn 0.7252 0.0400 -0.6874
vn 0.7394 0.0459 -0.6717
vn 0.7360 0.0608 -0.6742
vn 0.7641 0.0738 -0.6409
vn 0.7606 0.0843 -0.6437
vn 0.8027 0.1056 -0.5869
vn 0.8025 0.1062 -0.5872
vn 0.8240 0.1302 -0.5515
vn 0.8189 0.1405 -0.5565
vn 0.8882 0.1523 -0.4334
vn 0.8717 0.1924 -0.4507
vn 0.9244 0.2054 -0.3214
vn 0.8916 0.2906 -0.3472
vn 0.9481 0.1493 -0.2806
vn 0.9412 0.1829 -0.2839
vn 0.9726 0.1886 -0.1359
vn 0.9676 0.2125 -0.1360
vn 0.9690 0.2168 -0.1187
vn 0.9641 0.2373 -0.1189
vn 0.9651 0.2415 -0.1016
vn 0.9428 0.3173 -0.1023
vn 0.9424 0.3208 -0.0946
vn 0.9002 0.4250 -0.0950
vn 0.8994 0.4284 -0.0875
vn 0.8460 0.5260 -0.0873
vn 0.8447 0.5292 -0.0801
vn 0.7812 0.6192 -0.0794
vn 0.7795 0.6221 -0.0726
vn 0.7068 0.7038 -0.0716
vn 0.7049 0.7063 -0.0652
vn 0.6237 0.7791 -0.0640
vn 0.6216 0.7812 -0.0581
vn 0.5326 0.8445 -0.0569
vn 0.5305 0.8461 -0.0516
vn 0.4342 0.8994 -0.0505
vn 0.4322 0.9006 -0.0458
vn 0.3293 0.9432 -0.0448
vn 0.3275 0.9440 -0.0409
vn 0.2188 0.9749 -0.0401
vn 0.2173 0.9754 -0.0369
vn 0.1041 0.9939 -0.0365
vn 0.1030 0.9941 -0.0342
vn 0.0287 0.9990 -0.0342
vn 0.0152 0.9965 0.0827
vn 0.8810 0.1384 -0.4524
vn 0.8865 0.1348 -0.4427
vn 0.9040 0.1636 -0.3951
vn 0.9033 0.1658 -0.3956
vn 0.9144 0.1875 -0.3589
vn 0.9093 0.2031 -0.3632
vn 0.9497 0.2119 -0.2304
vn 0.9496 0.2283 -0.2149
vn 0.9475 0.2185 -0.2336
vn 0.9203 0.3016 -0.2493
vn 0.9209 0.3056 -0.2421
vn 0.8764 0.4051 -0.2604
vn 0.8766 0.4092 -0.2532
vn 0.8220 0.5017 -0.2694
vn 0.8218 0.5060 -0.2621
vn 0.7582 0.5906 -0.2763
vn 0.7575 0.5950 -0.2688
vn 0.6859 0.6712 -0.2811
vn 0.6846 0.6757 -0.2732
vn 0.6059 0.7433 -0.2837
vn 0.6040 0.7478 -0.2755
vn 0.5186 0.8063 -0.2843
vn 0.5162 0.8108 -0.2759
vn 0.4246 0.8600 -0.2830
vn 0.4216 0.8642 -0.2744
vn 0.3243 0.9036 -0.2800
vn 0.3208 0.9075 -0.2712
vn 0.2183 0.9362 -0.2753
vn 0.2145 0.9396 -0.2666
vn 0.1078 0.9570 -0.2692
vn 0.1038 0.9599 -0.2606
vn 0.0104 0.9651 -0.2617
vn 0.0351 0.9876 -0.1530
vn 0.9836 0.0862 -0.1585
vn 0.9798 0.1228 -0.1577
vn 0.9914 0.1229 -0.0453
vn 0.9901 0.1365 0.0326
vn 0.9905 0.1370 0.0122
vn 0.9895 0.1389 0.0400
vn 0.9869 0.1368 0.0860
vn 0.9833 0.1406 0.1158
vn 0.9742 0.1359 0.1802
vn 0.9689 0.1383 0.2053
vn 0.9543 0.1319 0.2680
vn 0.9483 0.1334 0.2881
vn 0.9282 0.1252 0.3504
vn 0.9218 0.1261 0.3667
vn 0.8967 0.1162 0.4271
vn 0.8901 0.1168 0.4405
vn 0.8615 0.1059 0.4966
vn 0.7377 0.0690 0.6716
vn 0.7441 0.0691 0.6645
vn 0.7786 0.0820 0.6221
vn 0.7846 0.0820 0.6146
vn 0.8179 0.0944 0.5675
vn 0.8553 0.1061 0.5072
vn 0.8239 0.0943 0.5589
vn 0.8365 0.0579 0.5449
vn 0.7984 0.0455 0.6004
vn 0.7875 0.0372 0.6152
vn 0.7568 0.0381 0.6525
vn 0.7052 0.0215 0.7086
vn 0.6930 0.0251 0.7205
vn 0.6216 0.0010 0.7834
vn 0.6042 0.0061 0.7968
vn 0.5349 -0.0183 0.8447
vn 0.5087 -0.0101 0.8609
vn 0.4448 -0.0339 0.8950
vn 0.4061 -0.0200 0.9136
vn 0.3330 -0.0489 0.9417
vn 0.3275 -0.0391 0.9441
vn 0.2765 -0.0220 0.9608
vn 0.2774 -0.0500 0.9595
vn 0.2713 -0.0455 0.9614
vn 0.3253 -0.0191 0.9454
vn 0.3377 -0.0268 0.9409
vn 0.4029 0.0054 0.9152
vn 0.3830 0.0167 0.9236
vn 0.4272 0.0432 0.9031
vn 0.3927 0.0618 0.9176
vn 0.4344 0.0921 0.8960
vn 0.3951 0.1120 0.9118
vn 0.9972 0.0265 -0.0701
vn 0.9962 0.0300 -0.0822
vn 0.9955 0.0490 -0.0810
vn 0.9805 0.0496 -0.1903
vn 0.9786 0.0796 -0.1899
vn 0.9396 0.0765 -0.3336
vn 0.9354 0.1110 -0.3356
vn 0.9323 0.1141 -0.3432
vn 0.9435 0.1355 -0.3025
vn 0.9392 0.1586 -0.3044
vn 0.9719 0.1639 -0.1689
vn 0.9786 0.1810 -0.0979
vn 0.9803 0.1812 -0.0784
vn 0.9815 0.1842 -0.0515
vn 0.9829 0.1839 -0.0080
vn 0.9824 0.1861 0.0161
vn 0.9813 0.1851 0.0526
vn 0.9795 0.1867 0.0760
vn 0.9740 0.1836 0.1326
vn 0.9693 0.1869 0.1597
vn 0.9575 0.1811 0.2243
vn 0.9517 0.1831 0.2465
vn 0.9350 0.1755 0.3081
vn 0.9290 0.1766 0.3251
vn 0.9070 0.1668 0.3868
vn 0.9011 0.1673 0.4000
vn 0.8741 0.1557 0.4600
vn 0.8687 0.1558 0.4702
vn 0.8382 0.1429 0.5263
vn 0.8336 0.1429 0.5336
vn 0.8002 0.1288 0.5858
vn 0.7962 0.1287 0.5911
vn 0.7606 0.1137 0.6392
vn 0.7570 0.1135 0.6435
vn 0.7198 0.0979 0.6873
vn 0.7162 0.0977 0.6910
vn 0.6781 0.0816 0.7304
vn 0.6739 0.0813 0.7343
vn 0.6355 0.0650 0.7694
vn 0.6301 0.0646 0.7738
vn 0.5864 0.0460 0.8087
vn 0.5709 0.0606 0.8188
vn 0.5679 0.0609 0.8208
vn 0.5578 0.0690 0.8271
vn 0.5556 0.0692 0.8286
vn 0.5200 0.0937 0.8490
vn 0.5190 0.0939 0.8496
vn 0.4719 0.1226 0.8731
vn 0.4743 0.1223 0.8718
vn 0.4291 0.1466 0.8913
vn 0.4341 0.1462 0.8889
vn 0.3906 0.1669 0.9053
vn 0.3978 0.1667 0.9022
vn 0.3556 0.1843 0.9163
vn 0.3644 0.1846 0.9128
vn 0.3231 0.1995 0.9251
vn 0.3333 0.2004 0.9213
vn 0.2925 0.2130 0.9322
vn 0.3038 0.2146 0.9283
vn 0.2633 0.2251 0.9381
vn 0.2754 0.2276 0.9340
vn 0.2347 0.2361 0.9430
vn 0.2475 0.2394 0.9388
vn 0.2065 0.2460 0.9470
vn 0.2198 0.2504 0.9429
vn 0.1780 0.2550 0.9504
vn 0.1917 0.2605 0.9463
vn 0.1463 0.2631 0.9536
vn 0.1939 0.1937 0.9617
vn -0.0004 0.0076 -1.0000
vn -0.0032 0.0245 -0.9997
vn 0.0065 0.1187 -0.9929
vn -0.0090 0.2834 -0.9590
vn -0.5578 0.0635 -0.8276
vn -0.4099 -0.0342 -0.9115
vn -0.3326 0.0663 -0.9407
vn -0.2511 -0.0330 -0.9674
vn -0.1129 0.0496 -0.9924
vn -0.0852 -0.0002 -0.9964
vn -0.5855 0.1982 -0.7861
vn -0.5854 0.1987 -0.7861
vn -0.5648 0.2339 -0.7914
vn -0.5631 0.2381 -0.7913
vn -0.5249 0.2563 -0.8117
vn -0.5100 0.2846 -0.8117
vn -0.4742 0.2961 -0.8292
vn -0.4559 0.3234 -0.8292
vn -0.4238 0.3293 -0.8438
vn -0.4100 0.3460 -0.8439
vn -0.3864 0.3542 -0.8516
vn -0.3702 0.3714 -0.8515
vn -0.3442 0.3706 -0.8627
vn -0.3175 0.3936 -0.8627
vn -0.2953 0.3903 -0.8721
vn -0.2650 0.4115 -0.8721
vn -0.2463 0.4059 -0.8801
vn -0.2128 0.4243 -0.8801
vn -0.1981 0.4182 -0.8865
vn -0.1631 0.4331 -0.8865
vn -0.1518 0.4269 -0.8915
vn -0.1161 0.4379 -0.8915
vn -0.1080 0.4325 -0.8952
vn -0.0868 0.4369 -0.8953
vn -0.0807 0.4364 -0.8961
vn -0.0562 0.4406 -0.8959
vn -0.0505 0.4354 -0.8988
vn -0.0218 0.4375 -0.8989
vn -0.0256 0.4402 -0.8975
vn -0.6458 0.1382 -0.7508
vn -0.6410 0.1037 -0.7605
vn -0.6256 0.1689 -0.7616
vn -0.6745 0.0622 -0.7357
vn -0.6744 0.0634 -0.7357
vn -0.6850 0.0448 -0.7271
vn -0.6834 0.0648 -0.7271
vn -0.6831 0.0654 -0.7274
vn -0.6839 0.0461 -0.7281
vn -0.6813 0.0719 -0.7285
vn -0.0240 0.0891 -0.9957
vn -0.0108 0.0900 -0.9959
vn -0.0122 0.0911 -0.9958
vn -0.0172 0.0902 -0.9958
vn -0.0186 0.0903 -0.9957
vn -0.0229 0.0894 -0.9957
vn -0.0248 0.0906 -0.9956
vn -0.0322 0.0883 -0.9956
vn -0.0348 0.0895 -0.9954
vn -0.0420 0.0865 -0.9954
vn -0.0454 0.0877 -0.9951
vn -0.0522 0.0839 -0.9951
vn -0.0566 0.0849 -0.9948
vn -0.0627 0.0807 -0.9948
vn -0.0679 0.0811 -0.9944
vn -0.0732 0.0765 -0.9944
vn -0.0794 0.0763 -0.9939
vn -0.0825 0.0730 -0.9939
vn -0.0881 0.0708 -0.9936
vn -0.0906 0.0678 -0.9936
vn -0.0984 0.0658 -0.9930
vn -0.1018 0.0606 -0.9930
vn -0.1105 0.0571 -0.9922
vn -0.1132 0.0520 -0.9922
vn -0.1226 0.0467 -0.9914
vn -0.1225 0.0468 -0.9914
vn -0.1276 0.0381 -0.9911
vn -0.1271 0.0393 -0.9911
vn -0.1371 0.0309 -0.9901
vn -0.1385 0.0251 -0.9900
vn -0.1497 0.0147 -0.9886
vn -0.1497 0.0140 -0.9886
vn -0.1501 0.0136 -0.9886
vn -0.1503 0.0115 -0.9886
vn -0.1475 0.0151 -0.9889
vn -0.1480 0.0096 -0.9889
vn -0.1352 0.0121 -0.9907
vn -0.0256 0.2675 -0.9632
vn -0.0311 0.2671 -0.9632
vn -0.0348 0.2705 -0.9621
vn -0.0497 0.2679 -0.9622
vn -0.0536 0.2681 -0.9619
vn -0.0665 0.2655 -0.9618
vn -0.0718 0.2690 -0.9605
vn -0.0935 0.2623 -0.9604
vn -0.1009 0.2662 -0.9586
vn -0.1221 0.2572 -0.9586
vn -0.1318 0.2611 -0.9563
vn -0.1520 0.2499 -0.9563
vn -0.1643 0.2534 -0.9533
vn -0.1825 0.2407 -0.9533
vn -0.1973 0.2427 -0.9498
vn -0.2131 0.2290 -0.9498
vn -0.2305 0.2293 -0.9457
vn -0.2399 0.2193 -0.9457
vn -0.2557 0.2137 -0.9428
vn -0.2635 0.2043 -0.9428
vn -0.2853 0.1999 -0.9374
vn -0.2958 0.1843 -0.9373
vn -0.3203 0.1760 -0.9308
vn -0.3287 0.1601 -0.9308
vn -0.3552 0.1472 -0.9231
vn -0.3556 0.1463 -0.9231
vn -0.3695 0.1226 -0.9211
vn -0.3688 0.1245 -0.9211
vn -0.3971 0.1036 -0.9119
vn -0.4019 0.0845 -0.9118
vn -0.4336 0.0586 -0.8992
vn -0.4356 0.0415 -0.8992
vn -0.4367 0.0401 -0.8987
vn -0.4376 0.0297 -0.8987
vn -0.4299 0.0407 -0.9020
vn -0.4311 0.0244 -0.9020
vn -0.3959 0.0328 -0.9177
vn -0.6276 0.0460 -0.7772
vn -0.6406 0.0360 -0.7670
vn -0.6676 0.0509 -0.7427
vn -0.6737 0.0568 -0.7369
vn -0.1356 0.0061 -0.9907
vn -0.1250 0.0078 -0.9921
vn -0.3968 0.0154 -0.9178
vn -0.3672 0.0212 -0.9299
vn -0.6289 0.0231 -0.7772
vn -0.5724 0.0158 -0.8198
vn -0.5868 0.0224 -0.8094
vn -0.5863 0.0339 -0.8094
vn -0.1177 0.0009 -0.9931
vn -0.1130 0.0017 -0.9936
vn -0.3465 0.0020 -0.9380
vn -0.3332 0.0043 -0.9428
vn -0.1252 0.0033 -0.9921
vn -0.1176 0.0045 -0.9930
vn -0.3677 0.0082 -0.9299
vn -0.3463 0.0120 -0.9380
vn -0.5560 0.0124 -0.8311
vn -0.5562 0.0028 -0.8311
vn -0.5364 0.0068 -0.8439
vn -0.5364 0.0005 -0.8439
vn 0.1260 0.2812 -0.9513
vn 0.0002 0.0076 -1.0000
vn 0.0204 0.0245 -0.9995
vn 0.2526 -0.0013 -0.9676
vn 0.0850 0.0065 -0.9964
vn 0.5587 0.0049 -0.8294
vn 0.0133 0.4360 -0.8998
vn 0.0176 0.4359 -0.8998
vn 0.0156 0.4365 -0.8996
vn 0.0397 0.4353 -0.8994
vn 0.0357 0.4405 -0.8970
vn 0.0872 0.4334 -0.8970
vn 0.0824 0.4410 -0.8937
vn 0.1336 0.4284 -0.8937
vn 0.1283 0.4388 -0.8894
vn 0.1616 0.4271 -0.8896
vn 0.1535 0.4317 -0.8889
vn 0.1882 0.4185 -0.8885
vn 0.1824 0.4328 -0.8828
vn 0.2365 0.4060 -0.8827
vn 0.2308 0.4241 -0.8757
vn 0.2858 0.3894 -0.8756
vn 0.2808 0.4117 -0.8669
vn 0.3374 0.3673 -0.8667
vn 0.3343 0.3950 -0.8557
vn 0.3900 0.3404 -0.8556
vn 0.3876 0.3721 -0.8434
vn 0.4411 0.3076 -0.8431
vn 0.4411 0.3453 -0.8284
vn 0.4791 0.2890 -0.8289
vn 0.4670 0.3186 -0.8249
vn 0.5049 0.2573 -0.8240
vn 0.5086 0.3026 -0.8061
vn 0.5541 0.2093 -0.8057
vn 0.5622 0.2606 -0.7849
vn 0.6005 0.1548 -0.7845
vn 0.6134 0.2102 -0.7613
vn 0.6374 0.1158 -0.7618
vn 0.6644 0.0948 -0.7413
vn 0.6495 0.1088 -0.7526
vn 0.6366 0.1695 -0.7524
vn 0.6821 0.0685 -0.7280
vn 0.6836 0.0649 -0.7270
vn 0.6839 0.0609 -0.7270
vn 0.6643 0.0614 -0.7449
vn 0.6798 0.0412 -0.7323
vn 0.6790 0.0516 -0.7323
vn 0.6646 0.0590 -0.7448
vn 0.6648 0.0571 -0.7448
vn 0.6589 0.0412 -0.7511
vn 0.6586 0.0453 -0.7511
vn 0.6128 0.0319 -0.7896
vn 0.6129 0.0288 -0.7896
vn 0.5766 0.0198 -0.8168
vn 0.5767 0.0158 -0.8168
vn 0.5510 0.0103 -0.8344
vn 0.5510 0.0063 -0.8344
vn 0.4115 0.0002 -0.9114
vn 0.3430 0.0075 -0.9393
vn 0.3430 0.0066 -0.9393
vn 0.3605 0.0101 -0.9327
vn 0.3605 0.0126 -0.9327
vn 0.3856 0.0185 -0.9225
vn 0.3855 0.0203 -0.9225
vn 0.4182 0.0294 -0.9079
vn 0.4184 0.0269 -0.9079
vn 0.4228 0.0367 -0.9055
vn 0.4235 0.0271 -0.9055
vn 0.4328 0.0393 -0.9007
vn 0.4332 0.0333 -0.9007
vn 0.4369 0.0391 -0.8987
vn 0.4335 0.0726 -0.8982
vn 0.4178 0.0413 -0.9076
vn 0.4046 0.1060 -0.9083
vn 0.4045 0.0708 -0.9118
vn 0.3893 0.1313 -0.9117
vn 0.3792 0.0958 -0.9203
vn 0.3549 0.1627 -0.9206
vn 0.3483 0.1296 -0.9284
vn 0.3195 0.1885 -0.9286
vn 0.3161 0.1593 -0.9353
vn 0.2919 0.1980 -0.9357
vn 0.2997 0.1787 -0.9372
vn 0.2757 0.2144 -0.9370
vn 0.2750 0.1902 -0.9425
vn 0.2415 0.2305 -0.9426
vn 0.2425 0.2102 -0.9471
vn 0.2077 0.2442 -0.9472
vn 0.2093 0.2264 -0.9513
vn 0.1741 0.2541 -0.9514
vn 0.1770 0.2398 -0.9546
vn 0.1428 0.2613 -0.9546
vn 0.1462 0.2497 -0.9572
vn 0.1127 0.2664 -0.9573
vn 0.1162 0.2572 -0.9593
vn 0.0946 0.2653 -0.9595
vn 0.0999 0.2624 -0.9598
vn 0.0791 0.2697 -0.9597
vn 0.0825 0.2630 -0.9613
vn 0.0509 0.2708 -0.9613
vn 0.0539 0.2660 -0.9625
vn 0.0219 0.2704 -0.9625
vn 0.0245 0.2670 -0.9634
vn 0.0096 0.2677 -0.9634
vn 0.0109 0.2673 -0.9635
vn -0.0297 0.2684 -0.9628
vn 0.0489 0.4399 -0.8967
vn 0.1165 0.0007 -0.9932
vn 0.1164 0.0026 -0.9932
vn 0.1226 0.0038 -0.9924
vn 0.1226 0.0049 -0.9924
vn 0.1316 0.0070 -0.9913
vn 0.1315 0.0078 -0.9913
vn 0.1433 0.0111 -0.9896
vn 0.1433 0.0103 -0.9896
vn 0.1450 0.0136 -0.9893
vn 0.1452 0.0106 -0.9893
vn 0.1486 0.0148 -0.9888
vn 0.1488 0.0121 -0.9888
vn 0.1501 0.0141 -0.9886
vn 0.1494 0.0211 -0.9885
vn 0.1441 0.0104 -0.9895
vn 0.1396 0.0321 -0.9897
vn 0.1397 0.0196 -0.9900
vn 0.1343 0.0412 -0.9901
vn 0.1309 0.0290 -0.9910
vn 0.1224 0.0523 -0.9911
vn 0.1202 0.0410 -0.9919
vn 0.1101 0.0616 -0.9920
vn 0.1091 0.0516 -0.9927
vn 0.1005 0.0652 -0.9928
vn 0.1034 0.0584 -0.9929
vn 0.0950 0.0709 -0.9929
vn 0.0948 0.0627 -0.9935
vn 0.0831 0.0767 -0.9936
vn 0.0835 0.0698 -0.9941
vn 0.0715 0.0816 -0.9941
vn 0.0721 0.0756 -0.9945
vn 0.0599 0.0852 -0.9946
vn 0.0609 0.0803 -0.9949
vn 0.0491 0.0878 -0.9949
vn 0.0504 0.0838 -0.9952
vn 0.0388 0.0896 -0.9952
vn 0.0401 0.0865 -0.9954
vn 0.0326 0.0893 -0.9955
vn 0.0344 0.0883 -0.9955
vn 0.0273 0.0908 -0.9955
vn 0.0285 0.0886 -0.9957
vn 0.0176 0.0912 -0.9957
vn 0.0187 0.0896 -0.9958
vn 0.0077 0.0911 -0.9958
vn 0.0086 0.0900 -0.9959
vn 0.0034 0.0902 -0.9959
vn 0.0038 0.0901 -0.9959
vn 0.1769 0.0832 -0.9807
vn -0.0874 0.1182 -0.9891
vn -0.0000 -0.0000 -1.0000
vn -0.5610 0.3454 -0.7523
vn -0.6350 0.2928 -0.7149
vn -0.6305 0.2927 -0.7189
vn -0.6663 0.2543 -0.7010
vn -0.7065 0.2317 -0.6687
vn -0.6859 0.2065 -0.6978
vn -0.7562 0.1663 -0.6329
vn -0.4866 0.4375 -0.7561
vn -0.5101 0.3801 -0.7716
vn -0.5786 0.3461 -0.7385
vn -0.2316 0.4974 -0.8360
vn -0.3004 0.4828 -0.8226
vn -0.2985 0.4825 -0.8235
vn -0.3588 0.4612 -0.8115
vn -0.3665 0.4618 -0.8077
vn -0.4164 0.4344 -0.7987
vn -0.4349 0.4340 -0.7890
vn -0.4904 0.3880 -0.7804
vn -0.1351 0.5308 -0.8367
vn -0.1842 0.5049 -0.8433
vn -0.2426 0.5005 -0.8311
vn -0.1638 0.4989 -0.8510
vn -0.1051 0.5196 -0.8479
vn -0.0987 0.5184 -0.8494
vn -0.0623 0.5140 -0.8555
vn -0.0395 0.5117 -0.8583
vn -0.0337 0.5098 -0.8596
vn -0.0308 0.5088 -0.8603
vn -0.0289 0.5081 -0.8608
vn -0.0238 0.5062 -0.8621
vn -0.0495 0.5177 -0.8541
vn -0.0243 0.5151 -0.8568
vn -0.0240 0.5151 -0.8568
vn -0.7708 0.0715 -0.6331
vn -0.7791 0.0929 -0.6200
vn -0.7827 0.0869 -0.6163
vn -0.7694 0.1109 -0.6290
vn -0.7685 0.1120 -0.6299
vn -0.7479 0.1517 -0.6463
vn -0.7367 0.1624 -0.6565
vn -0.7047 0.2154 -0.6760
vn -0.6874 0.2260 -0.6902
vn -0.6432 0.2830 -0.7115
vn -0.6263 0.2908 -0.7233
vn -0.5793 0.3397 -0.7409
vn -0.5616 0.3457 -0.7517
vn -0.5128 0.3873 -0.7662
vn -0.4950 0.3914 -0.7758
vn -0.4464 0.4257 -0.7871
vn -0.4285 0.4280 -0.7957
vn -0.3806 0.4562 -0.8044
vn -0.3623 0.4569 -0.8124
vn -0.3148 0.4800 -0.8188
vn -0.2963 0.4791 -0.8262
vn -0.2491 0.4979 -0.8307
vn -0.2307 0.4955 -0.8374
vn -0.1846 0.5102 -0.8400
vn -0.1665 0.5063 -0.8461
vn -0.1216 0.5173 -0.8471
vn -0.1034 0.5119 -0.8528
vn -0.0746 0.5171 -0.8527
vn -0.0513 0.5146 -0.8559
vn -0.7707 0.0604 -0.6343
vn -0.7717 0.0579 -0.6334
vn -0.7593 0.0803 -0.6458
vn -0.7418 0.0551 -0.6684
vn -0.7408 0.0484 -0.6700
vn -0.7429 0.0418 -0.6681
vn -0.6895 0.0613 -0.7217
vn -0.6982 0.0288 -0.7153
vn -0.6599 0.0441 -0.7500
vn -0.6657 0.0173 -0.7460
vn -0.6393 0.0286 -0.7685
vn -0.6268 0.0142 -0.7791
vn -0.6426 0.0089 -0.7662
vn -0.6288 0.0064 -0.7775
vn -0.6271 -0.0013 -0.7789
vn -0.7448 0.0486 -0.6655
vn -0.7472 0.0429 -0.6633
vn -0.7535 0.0423 -0.6561
vn -0.6752 0.0323 -0.7370
vn -0.6931 0.0286 -0.7203
vn -0.6653 0.0212 -0.7463
vn -0.6662 0.0173 -0.7456
vn -0.6516 0.0146 -0.7584
vn -0.6341 0.0052 -0.7732
vn 0.6269 0.0089 -0.7791
vn 0.7673 0.0570 -0.6388
vn 0.7526 0.0822 -0.6534
vn 0.7697 0.0567 -0.6359
vn 0.7651 0.0856 -0.6383
vn 0.7899 0.0639 -0.6099
vn 0.7777 0.0853 -0.6229
vn 0.7697 0.1087 -0.6290
vn 0.7675 0.1118 -0.6312
vn 0.7569 0.1325 -0.6399
vn 0.7506 0.1408 -0.6456
vn 0.7346 0.1690 -0.6571
vn 0.7220 0.1810 -0.6678
vn 0.6981 0.2203 -0.6813
vn 0.6728 0.2380 -0.7005
vn 0.6521 0.2735 -0.7070
vn 0.6125 0.2998 -0.7314
vn 0.6009 0.3206 -0.7322
vn 0.5666 0.3430 -0.7492
vn 0.5489 0.3526 -0.7579
vn 0.5393 0.3676 -0.7577
vn 0.4853 0.3976 -0.7787
vn 0.4835 0.4006 -0.7783
vn 0.4421 0.4247 -0.7901
vn 0.4181 0.4311 -0.7996
vn 0.4014 0.4469 -0.7995
vn 0.3540 0.4597 -0.8145
vn 0.3464 0.4673 -0.8134
vn 0.2905 0.4830 -0.8260
vn 0.2911 0.4824 -0.8262
vn 0.2484 0.4956 -0.8323
vn 0.2244 0.4957 -0.8390
vn 0.2065 0.5059 -0.8375
vn 0.1621 0.5070 -0.8466
vn 0.1542 0.5118 -0.8451
vn 0.1018 0.5138 -0.8518
vn 0.0403 0.5172 -0.8549
vn 0.0325 0.5133 -0.8576
vn 0.0681 0.5166 -0.8535
vn 0.1007 0.5145 -0.8515
vn 0.1010 0.5162 -0.8505
vn 0.0403 0.5164 -0.8554
vn 0.0442 0.5184 -0.8540
vn 0.0194 0.5154 -0.8568
vn 0.0150 0.5152 -0.8570
vn 0.2258 0.4986 -0.8369
vn 0.1852 0.5072 -0.8417
vn 0.1640 0.5128 -0.8427
vn 0.1534 0.5101 -0.8463
vn 0.0996 0.5171 -0.8501
vn 0.4939 0.4043 -0.7698
vn 0.4499 0.4140 -0.7913
vn 0.4266 0.4393 -0.7905
vn 0.3893 0.4434 -0.8073
vn 0.3600 0.4669 -0.8077
vn 0.3297 0.4679 -0.8200
vn 0.2936 0.4879 -0.8221
vn 0.2726 0.4863 -0.8302
vn 0.2187 0.5057 -0.8346
vn 0.7630 0.1860 -0.6191
vn 0.6755 0.1994 -0.7099
vn 0.7026 0.2475 -0.6672
vn 0.6338 0.2667 -0.7261
vn 0.6324 0.3088 -0.7105
vn 0.5807 0.3220 -0.7477
vn 0.5630 0.3610 -0.7434
vn 0.5562 0.3623 -0.7479
vn 0.5086 0.3780 -0.7736
vn 0.7687 0.0547 -0.6373
vn 0.7714 0.0517 -0.6342
vn 0.6304 0.0458 -0.7749
vn 0.7246 0.0417 -0.6879
vn 0.6842 0.0276 -0.7288
vn 0.6770 0.0284 -0.7354
vn 0.6632 0.0175 -0.7482
vn 0.6451 0.0149 -0.7639
vn 0.6196 0.0178 -0.7847
vn 0.7380 0.0727 -0.6709
vn 0.7287 0.0616 -0.6821
vn 0.7025 0.0407 -0.7105
vn 0.6947 0.0507 -0.7175
vn 0.6730 0.0283 -0.7391
vn 0.6660 0.0347 -0.7451
vn 0.6459 0.0169 -0.7632
vn 0.6517 0.0103 -0.7584
vn 0.6425 0.0088 -0.7663
vn 0.6271 0.0038 -0.7789
vn -0.1591 -0.0391 0.9865
vn -0.2205 0.1308 0.9666
vn -0.2585 0.1173 0.9589
vn -0.8862 0.1980 -0.4189
vn -0.6853 0.2878 -0.6689
vn -0.8103 0.1090 -0.5757
vn -0.6887 -0.0055 0.7250
vn -0.6156 -0.0132 0.7880
vn -0.5379 -0.0179 0.8428
vn -0.0786 0.6739 -0.7347
vn -0.0037 0.5806 -0.8142
vn 0.0093 0.5777 -0.8162
vn 0.0060 0.5766 -0.8170
vn -0.0161 0.5701 -0.8214
vn -0.0230 0.5681 -0.8227
vn -0.0286 0.5666 -0.8235
vn -0.0341 0.5653 -0.8242
vn -0.0416 0.5642 -0.8246
vn -0.0971 0.8236 -0.5587
vn -0.0399 0.7722 -0.6342
vn -0.0390 0.7461 -0.6646
vn 0.0287 0.9996 -0.0072
vn -0.0584 0.9865 -0.1528
vn -0.0216 0.9920 -0.1248
vn -0.0291 0.9674 -0.2516
vn -0.0254 0.7804 0.6248
vn -0.0468 0.8019 0.5956
vn -0.0142 0.7940 0.6078
vn -0.0859 0.8487 0.5219
vn 0.0082 0.8270 0.5621
vn -0.0658 0.9115 0.4061
vn -0.0217 0.9034 0.4282
vn -0.0284 0.9595 0.2803
vn -0.0419 0.9615 0.2716
vn -0.0181 0.9832 0.1818
vn -0.0446 0.9915 0.1223
vn -0.0021 0.9966 0.0827
vn -0.0581 0.9969 -0.0533
vn -0.0259 0.6930 0.7205
vn -0.0909 0.7348 0.6722
vn -0.0589 0.6618 0.7473
vn -0.1420 0.4350 0.8892
vn -0.1204 0.3717 0.9205
vn -0.1481 0.3771 0.9143
vn -0.1433 0.3157 0.9380
vn -0.1530 0.3177 0.9358
vn -0.1642 0.2590 0.9518
vn -0.1554 0.2570 0.9538
vn -0.1824 0.2021 0.9622
vn -0.1541 0.1950 0.9686
vn -0.1423 -0.0074 0.9898
vn -0.1833 0.0045 0.9830
vn -0.0628 -0.0554 0.9965
vn -0.0948 -0.0658 0.9933
vn -0.0855 -0.0687 0.9940
vn -0.1183 -0.0775 0.9900
vn -0.1256 -0.0403 0.9913
vn -0.1868 -0.0555 0.9808
vn -0.1484 -0.0275 0.9885
vn -0.0430 -0.0159 0.9989
vn -0.0363 -0.0133 0.9993
vn -0.1450 0.0180 0.9893
vn -0.1095 -0.0302 0.9935
vn -0.0592 -0.0105 0.9982
vn -0.3004 -0.0298 0.9534
vn -0.3392 -0.0145 0.9406
vn -0.3454 0.0037 0.9385
vn -0.3972 -0.0452 0.9166
vn -0.7689 0.0070 0.6393
vn -0.7887 0.0172 0.6145
vn -0.8063 0.0112 0.5914
vn -0.8481 0.0203 0.5294
vn -0.8580 0.0181 0.5133
vn -0.8846 0.0282 0.4656
vn -0.9051 0.0261 0.4244
vn -0.9186 0.0338 0.3938
vn -0.9366 0.0343 0.3486
vn -0.9484 0.0395 0.3146
vn -0.9621 0.0366 0.2701
vn -0.9724 0.0433 0.2292
vn -0.9860 0.0408 0.1617
vn -0.9976 0.0291 0.0625
vn -0.9990 0.0363 0.0258
vn -0.9990 0.0254 -0.0378
vn -0.9969 0.0328 -0.0713
vn -0.9926 0.0264 -0.1185
vn -0.9835 0.0271 -0.1788
vn -0.9812 0.0300 -0.1904
vn -0.9695 0.0208 -0.2442
vn -0.9552 0.0205 -0.2953
vn -0.9398 0.0272 -0.3407
vn -0.9270 0.0155 -0.3747
vn -0.8628 0.0219 -0.5051
vn -0.8776 0.0287 -0.4786
vn -0.8023 0.0247 -0.5964
vn -0.7380 0.0228 -0.6744
vn -0.7359 0.0220 -0.6767
vn -0.7330 0.0459 -0.6787
vn -0.6963 0.0344 -0.7169
vn -0.6939 0.0581 -0.7177
vn -0.7264 0.0544 -0.6851
vn -0.7206 0.0814 -0.6886
vn -0.7726 0.0776 -0.6301
vn -0.7602 0.1030 -0.6414
vn -0.7978 0.0960 -0.5952
vn -0.7981 0.1355 -0.5871
vn -0.7277 0.2869 -0.6230
vn -0.6155 0.3460 -0.7082
vn -0.6763 0.3535 -0.6462
vn -0.5451 0.3935 -0.7403
vn -0.6193 0.4130 -0.6678
vn -0.4287 0.4895 -0.7594
vn -0.4311 0.5233 -0.7351
vn -0.4457 0.4817 -0.7545
vn -0.4977 0.4540 -0.7391
vn -0.5037 0.4909 -0.7109
vn -0.5158 0.4279 -0.7422
vn -0.2776 0.5801 -0.7658
vn -0.3103 0.5346 -0.7861
vn -0.3594 0.5176 -0.7765
vn -0.3589 0.5492 -0.7547
vn -0.3782 0.5115 -0.7716
vn -0.0547 0.5648 -0.8234
vn -0.0898 0.5789 -0.8104
vn -0.0822 0.5685 -0.8186
vn -0.1377 0.5625 -0.8152
vn -0.1543 0.5763 -0.8026
vn -0.1924 0.5466 -0.8150
vn -0.2257 0.5680 -0.7914
vn -0.2772 0.5130 -0.8124
vn -0.8672 0.1169 -0.4841
vn -0.8527 0.1588 -0.4977
vn -0.8841 0.1428 -0.4449
vn -0.8800 0.1541 -0.4493
vn -0.8412 0.1473 -0.5203
vn -0.8390 0.1518 -0.5226
vn -0.8038 0.1441 -0.5772
vn -0.9448 0.3186 -0.0761
vn -0.9431 0.3217 -0.0838
vn -0.9467 0.3221 0.0091
vn -0.9456 0.3253 0.0026
vn -0.9426 0.3223 0.0871
vn -0.9419 0.3258 0.0814
vn -0.9331 0.3193 0.1657
vn -0.9326 0.3236 0.1597
vn -0.9178 0.3132 0.2440
vn -0.9176 0.3045 0.2555
vn -0.9033 0.3123 0.2943
vn -0.8886 0.3027 0.3447
vn -0.9220 0.2069 -0.3272
vn -0.9256 0.2163 -0.3106
vn -0.8991 0.2868 -0.3307
vn -0.8989 0.2942 -0.3246
vn -0.8534 0.3861 -0.3503
vn -0.8524 0.3936 -0.3443
vn -0.7980 0.4778 -0.3672
vn -0.7962 0.4855 -0.3610
vn -0.7344 0.5616 -0.3810
vn -0.7317 0.5695 -0.3746
vn -0.6635 0.6373 -0.3919
vn -0.6598 0.6453 -0.3850
vn -0.5860 0.7048 -0.3998
vn -0.0499 0.7181 -0.6941
vn -0.0936 0.6807 -0.7266
vn -0.0940 0.6806 -0.7266
vn -0.0950 0.6796 -0.7274
vn -0.1747 0.6694 -0.7221
vn -0.1759 0.6679 -0.7231
vn -0.2537 0.6514 -0.7150
vn -0.2551 0.6496 -0.7162
vn -0.3309 0.6270 -0.7053
vn -0.3323 0.6247 -0.7067
vn -0.4063 0.5958 -0.6928
vn -0.4076 0.5931 -0.6943
vn -0.4798 0.5577 -0.6773
vn -0.4810 0.5545 -0.6791
vn -0.5513 0.5123 -0.6585
vn -0.5523 0.5085 -0.6605
vn -0.6204 0.4588 -0.6361
vn -0.6213 0.4544 -0.6384
vn -0.6866 0.3965 -0.6094
vn -0.6871 0.3914 -0.6121
vn -0.7485 0.3248 -0.5782
vn -0.7485 0.3188 -0.5815
vn -0.8043 0.2432 -0.5421
vn -0.8557 0.2625 -0.4458
vn -0.8561 0.2701 -0.4406
vn -0.8056 0.3538 -0.4752
vn -0.8052 0.3610 -0.4704
vn -0.7476 0.4363 -0.5007
vn -0.7465 0.4435 -0.4960
vn -0.6833 0.5102 -0.5223
vn -0.6814 0.5174 -0.5177
vn -0.6137 0.5758 -0.5402
vn -0.6111 0.5830 -0.5354
vn -0.5396 0.6334 -0.5546
vn -0.5363 0.6406 -0.5496
vn -0.4613 0.6835 -0.5657
vn -0.4572 0.6906 -0.5604
vn -0.3790 0.7262 -0.5736
vn -0.3740 0.7331 -0.5681
vn -0.2926 0.7613 -0.5786
vn -0.2868 0.7679 -0.5728
vn -0.2022 0.7887 -0.5806
vn -0.1959 0.7947 -0.5745
vn -0.1083 0.8076 -0.5796
vn -0.1014 0.8130 -0.5734
vn -0.0606 0.8159 -0.5750
vn -0.5812 0.7128 -0.3925
vn -0.5182 0.7545 -0.4028
vn -0.4935 0.7495 -0.4413
vn -0.3990 0.7966 -0.4542
vn -0.4052 0.7987 -0.4448
vn -0.3054 0.8364 -0.4550
vn -0.3115 0.8393 -0.4455
vn -0.2071 0.8671 -0.4531
vn -0.2128 0.8706 -0.4436
vn -0.1045 0.8877 -0.4485
vn -0.1098 0.8918 -0.4390
vn -0.0253 0.8971 -0.4411
vn -0.0378 0.8633 -0.5032
vn -0.5060 0.7876 -0.3517
vn -0.4123 0.8362 -0.3616
vn -0.4181 0.8375 -0.3519
vn -0.3146 0.8783 -0.3600
vn -0.3203 0.8802 -0.3502
vn -0.2116 0.9101 -0.3562
vn -0.2171 0.9126 -0.3464
vn -0.1042 0.9308 -0.3503
vn -0.1092 0.9338 -0.3406
vn 0.0188 0.9394 -0.3422
vn -0.0707 0.8797 -0.4703
vn -0.4330 0.8907 -0.1381
vn -0.9020 0.4265 -0.0670
vn -0.9000 0.4294 -0.0743
vn -0.9025 0.4297 0.0275
vn -0.9013 0.4327 0.0214
vn -0.8960 0.4279 0.1185
vn -0.8951 0.4313 0.1131
vn -0.8820 0.4208 0.2121
vn -0.8813 0.4251 0.2064
vn -0.8608 0.4089 0.3030
vn -0.8605 0.4140 0.2968
vn -0.8447 0.4017 0.3536
vn -0.8448 0.4056 0.3490
vn -0.8257 0.3911 0.4065
vn -0.8839 0.3063 0.3533
vn -0.8598 0.2905 0.4200
vn -0.8475 0.5277 -0.0578
vn -0.8453 0.5303 -0.0647
vn -0.8467 0.5302 0.0449
vn -0.8453 0.5329 0.0394
vn -0.8378 0.5256 0.1476
vn -0.8367 0.5288 0.1427
vn -0.8198 0.5131 0.2544
vn -0.8187 0.5173 0.2492
vn -0.7934 0.4940 0.3557
vn -0.7928 0.4988 0.3502
vn -0.7753 0.4828 0.4073
vn -0.7751 0.4863 0.4034
vn -0.7548 0.4679 0.4597
vn -0.8212 0.3935 0.4132
vn -0.7941 0.3726 0.4801
vn -0.8557 0.2930 0.4266
vn -0.8272 0.2746 0.4902
vn -0.7823 0.6210 -0.0487
vn -0.7801 0.6233 -0.0552
vn -0.7803 0.6224 0.0610
vn -0.7788 0.6248 0.0560
vn -0.7696 0.6144 0.1740
vn -0.7682 0.6173 0.1697
vn -0.7483 0.5955 0.2922
vn -0.7471 0.5993 0.2876
vn -0.7184 0.5680 0.4017
vn -0.7175 0.5724 0.3969
vn -0.6993 0.5526 0.4534
vn -0.6989 0.5557 0.4503
vn -0.6787 0.5336 0.5046
vn -0.7509 0.4694 0.4646
vn -0.7226 0.4433 0.5304
vn -0.7909 0.3740 0.4843
vn -0.7602 0.3502 0.5472
vn -0.8238 0.2763 0.4951
vn -0.7919 0.2560 0.5544
vn -0.7076 0.7055 -0.0400
vn -0.7053 0.7074 -0.0460
vn -0.7046 0.7056 0.0756
vn -0.7031 0.7076 0.0712
vn -0.6926 0.6938 0.1975
vn -0.6912 0.6962 0.1937
vn -0.6696 0.6677 0.3252
vn -0.6682 0.6711 0.3212
vn -0.6379 0.6312 0.4413
vn -0.6368 0.6352 0.4371
vn -0.6191 0.6118 0.4925
vn -0.6185 0.6143 0.4900
vn -0.5995 0.5891 0.5418
vn -0.6757 0.5344 0.5078
vn -0.6479 0.5034 0.5718
vn -0.7206 0.4439 0.5326
vn -0.6895 0.4149 0.5937
vn -0.7582 0.3509 0.5495
vn -0.7248 0.3251 0.6075
vn -0.7891 0.2571 0.5578
vn -0.7552 0.2356 0.6117
vn -0.6241 0.7806 -0.0320
vn -0.6219 0.7822 -0.0374
vn -0.6205 0.7792 0.0884
vn -0.6190 0.7808 0.0847
vn -0.6082 0.7633 0.2179
vn -0.6068 0.7653 0.2148
vn -0.5849 0.7300 0.3535
vn -0.5834 0.7328 0.3502
vn -0.5535 0.6844 0.4746
vn -0.5523 0.6878 0.4711
vn -0.5360 0.6613 0.5249
vn -0.5354 0.6632 0.5230
vn -0.5184 0.6354 0.5723
vn -0.5975 0.5894 0.5437
vn -0.5715 0.5540 0.6053
vn -0.6472 0.5035 0.5724
vn -0.6172 0.4696 0.6312
vn -0.6892 0.4149 0.5940
vn -0.6559 0.3839 0.6499
vn -0.7240 0.3253 0.6083
vn -0.6888 0.2983 0.6608
vn -0.7533 0.2363 0.6137
vn -0.7174 0.2137 0.6630
vn -0.5328 0.8459 -0.0248
vn -0.5307 0.8471 -0.0295
vn -0.5289 0.8429 0.0993
vn -0.5276 0.8440 0.0964
vn -0.5171 0.8230 0.2351
vn -0.5159 0.8245 0.2327
vn -0.4952 0.7826 0.3771
vn -0.4938 0.7848 0.3745
vn -0.4663 0.7284 0.5021
vn -0.4650 0.7311 0.4993
vn -0.4509 0.7020 0.5513
vn -0.4503 0.7034 0.5500
vn -0.4361 0.6737 0.5967
vn -0.5175 0.6355 0.5730
vn -0.4944 0.5965 0.6322
vn -0.5723 0.5540 0.6047
vn -0.5446 0.5159 0.6612
vn -0.6186 0.4695 0.6300
vn -0.5870 0.4337 0.6837
vn -0.6571 0.3837 0.6488
vn -0.6224 0.3514 0.6994
vn -0.6893 0.2982 0.6602
vn -0.6526 0.2702 0.7079
vn -0.7163 0.2141 0.6641
vn -0.6789 0.1907 0.7091
vn -0.4342 0.9006 -0.0186
vn -0.4323 0.9015 -0.0226
vn -0.4304 0.8961 0.1082
vn -0.4293 0.8969 0.1060
vn -0.4201 0.8726 0.2490
vn -0.4191 0.8736 0.2474
vn -0.4013 0.8258 0.3962
vn -0.4002 0.8273 0.3944
vn -0.3767 0.7638 0.5241
vn -0.3756 0.7658 0.5220
vn -0.3643 0.7348 0.5722
vn -0.3638 0.7356 0.5714
vn -0.3527 0.7046 0.6157
vn -0.4363 0.6737 0.5965
vn -0.4169 0.6319 0.6534
vn -0.4964 0.5965 0.6306
vn -0.4721 0.5549 0.6849
vn -0.5475 0.5158 0.6589
vn -0.5187 0.4759 0.7103
vn -0.5901 0.4334 0.6811
vn -0.5572 0.3964 0.7296
vn -0.6253 0.3510 0.6970
vn -0.5894 0.3178 0.7427
vn -0.6543 0.2698 0.7065
vn -0.6164 0.2411 0.7496
vn -0.6784 0.1908 0.7095
vn -0.6397 0.1668 0.7503
vn -0.9716 0.2143 -0.1006
vn -0.9691 0.2175 -0.1162
vn -0.9756 0.2185 -0.0203
vn -0.9747 0.2211 -0.0318
vn -0.9744 0.2200 0.0467
vn -0.9742 0.2227 0.0371
vn -0.9693 0.2197 0.1101
vn -0.9697 0.2226 0.1008
vn -0.9566 0.2159 0.1958
vn -0.9570 0.2217 0.1869
vn -0.9365 0.2117 0.2795
vn -0.9374 0.2165 0.2729
vn -0.9119 0.2044 0.3559
vn -0.9128 0.2082 0.3513
vn -0.8824 0.1939 0.4286
vn -0.8833 0.1970 0.4253
vn -0.8491 0.1811 0.4963
vn -0.8499 0.1834 0.4941
vn -0.8134 0.1667 0.5573
vn -0.8140 0.1683 0.5560
vn -0.7759 0.1509 0.6126
vn -0.7762 0.1519 0.6119
vn -0.7367 0.1339 0.6629
vn -0.7369 0.1346 0.6624
vn -0.6962 0.1160 0.7085
vn -0.6964 0.1166 0.7081
vn -0.6544 0.0974 0.7498
vn -0.6547 0.0982 0.7495
vn -0.6113 0.0783 0.7875
vn -0.6117 0.0795 0.7871
vn -0.5667 0.0587 0.8218
vn -0.4296 0.8913 -0.1449
vn -0.5304 0.8357 -0.1424
vn -0.5268 0.8367 -0.1496
vn -0.6204 0.7705 -0.1463
vn -0.6169 0.7718 -0.1538
vn -0.7026 0.6956 -0.1497
vn -0.6993 0.6973 -0.1573
vn -0.7763 0.6117 -0.1523
vn -0.7731 0.6138 -0.1600
vn -0.8406 0.5194 -0.1540
vn -0.8376 0.5217 -0.1618
vn -0.8946 0.4193 -0.1546
vn -0.8920 0.4218 -0.1626
vn -0.9373 0.3125 -0.1542
vn -0.9350 0.3153 -0.1622
vn -0.9589 0.2372 -0.1558
vn -0.9673 0.2391 -0.0847
vn -0.9650 0.2422 -0.1003
vn -0.9700 0.2430 -0.0063
vn -0.9692 0.2457 -0.0175
vn -0.9677 0.2442 0.0621
vn -0.9676 0.2469 0.0528
vn -0.9614 0.2433 0.1289
vn -0.9617 0.2463 0.1199
vn -0.9462 0.2383 0.2190
vn -0.9466 0.2443 0.2105
vn -0.9246 0.2332 0.3012
vn -0.9254 0.2380 0.2950
vn -0.8991 0.2249 0.3756
vn -0.8999 0.2287 0.3714
vn -0.8690 0.2134 0.4465
vn -0.8697 0.2163 0.4436
vn -0.8353 0.1994 0.5124
vn -0.8359 0.2015 0.5105
vn -0.7996 0.1838 0.5717
vn -0.8000 0.1852 0.5706
vn -0.7622 0.1668 0.6255
vn -0.7624 0.1675 0.6250
vn -0.7232 0.1484 0.6745
vn -0.7234 0.1488 0.6743
vn -0.6830 0.1292 0.7189
vn -0.6830 0.1294 0.7188
vn -0.6415 0.1091 0.7593
vn -0.6416 0.1094 0.7592
vn -0.5986 0.0884 0.7962
vn -0.5988 0.0891 0.7960
vn -0.5541 0.0673 0.8297
vn -0.5543 0.0686 0.8295
vn -0.5075 0.0457 0.8604
vn -0.3291 0.9348 -0.1335
vn -0.3258 0.9350 -0.1400
vn -0.3291 0.9442 -0.0135
vn -0.3275 0.9447 -0.0168
vn -0.3259 0.9384 0.1150
vn -0.3251 0.9388 0.1136
vn -0.3179 0.9119 0.2597
vn -0.3174 0.9123 0.2588
vn -0.3037 0.8597 0.4108
vn -0.3029 0.8605 0.4097
vn -0.2852 0.7912 0.5409
vn -0.2843 0.7925 0.5395
vn -0.2762 0.7602 0.5881
vn -0.2760 0.7605 0.5878
vn -0.2682 0.7289 0.6299
vn -0.3539 0.7048 0.6149
vn -0.3387 0.6609 0.6697
vn -0.4200 0.6322 0.6511
vn -0.3998 0.5878 0.7034
vn -0.4764 0.5552 0.6818
vn -0.4512 0.5117 0.7311
vn -0.5234 0.4759 0.7068
vn -0.4936 0.4347 0.7533
vn -0.5621 0.3961 0.7260
vn -0.5283 0.3582 0.7698
vn -0.5935 0.3173 0.7396
vn -0.5567 0.2834 0.7808
vn -0.6189 0.2406 0.7477
vn -0.5802 0.2114 0.7866
vn -0.6396 0.1668 0.7504
vn -0.5999 0.1423 0.7873
vn -0.5999 0.1424 0.7873
vn -0.5592 0.1174 0.8207
vn -0.5591 0.1176 0.8207
vn -0.5173 0.0920 0.8508
vn -0.5170 0.0927 0.8509
vn -0.4737 0.0663 0.8782
vn -0.4730 0.0678 0.8785
vn -0.4278 0.0404 0.9030
vn -0.1056 0.9866 -0.1243
vn -0.1029 0.9862 -0.1297
vn -0.1038 0.9946 -0.0074
vn -0.1030 0.9946 -0.0090
vn -0.1025 0.9873 0.1217
vn -0.1026 0.9872 0.1219
vn -0.1011 0.9574 0.2704
vn -0.1016 0.9572 0.2711
vn -0.0992 0.8992 0.4262
vn -0.0997 0.8989 0.4267
vn -0.0969 0.8231 0.5596
vn -0.0968 0.8231 0.5596
vn -0.0958 0.7903 0.6052
vn -0.0963 0.7897 0.6059
vn -0.0954 0.7586 0.6446
vn -0.1853 0.7478 0.6375
vn -0.1797 0.7021 0.6891
vn -0.2647 0.6856 0.6782
vn -0.2539 0.6376 0.7273
vn -0.3334 0.6166 0.7132
vn -0.3172 0.5681 0.7594
vn -0.3914 0.5434 0.7426
vn -0.3697 0.4956 0.7860
vn -0.4391 0.4682 0.7668
vn -0.4123 0.4224 0.8072
vn -0.4774 0.3929 0.7859
vn -0.4461 0.3503 0.8236
vn -0.5073 0.3192 0.8005
vn -0.4724 0.2805 0.8356
vn -0.5302 0.2482 0.8107
vn -0.4943 0.2157 0.8421
vn -0.4963 0.2117 0.8419
vn -0.4619 0.1808 0.8683
vn -0.4640 0.1771 0.8680
vn -0.4288 0.1459 0.8915
vn -0.4307 0.1429 0.8911
vn -0.3944 0.1111 0.9122
vn -0.3959 0.1090 0.9118
vn -0.3575 0.0760 0.9308
vn -0.2196 0.9671 -0.1288
vn -0.2165 0.9669 -0.1348
vn -0.2185 0.9758 -0.0098
vn -0.2173 0.9760 -0.0122
vn -0.2162 0.9690 0.1195
vn -0.2159 0.9692 0.1189
vn -0.2113 0.9403 0.2668
vn -0.2112 0.9404 0.2667
vn -0.2028 0.8842 0.4208
vn -0.2025 0.8844 0.4205
vn -0.1919 0.8109 0.5528
vn -0.1913 0.8116 0.5520
vn -0.1867 0.7787 0.5990
vn -0.1868 0.7785 0.5992
vn -0.1825 0.7468 0.6395
vn -0.2703 0.7294 0.6284
vn -0.2598 0.6842 0.6814
vn -0.3428 0.6617 0.6668
vn -0.3271 0.6152 0.7173
vn -0.4051 0.5885 0.6997
vn -0.3842 0.5422 0.7473
vn -0.4573 0.5122 0.7270
vn -0.4312 0.4674 0.7717
vn -0.5001 0.4348 0.7489
vn -0.4694 0.3927 0.7908
vn -0.5346 0.3579 0.7656
vn -0.5001 0.3194 0.8049
vn -0.5618 0.2829 0.7774
vn -0.5245 0.2488 0.8143
vn -0.5832 0.2109 0.7845
vn -0.5450 0.1822 0.8184
vn -0.5459 0.1800 0.8183
vn -0.5082 0.1519 0.8477
vn -0.5092 0.1499 0.8475
vn -0.4706 0.1214 0.8740
vn -0.4714 0.1200 0.8737
vn -0.4316 0.0909 0.8975
vn -0.4319 0.0902 0.8974
vn -0.3904 0.0602 0.9187
vn -0.3901 0.0607 0.9188
vn -0.3464 0.0295 0.9376
vn -0.3286 -0.0309 0.9440
vn -0.4057 0.0071 0.9140
vn -0.4631 -0.0317 0.8857
vn -0.2193 -0.0032 0.9756
vn -0.1415 -0.0424 0.9890
vn -0.1011 -0.0153 0.9948
vn -0.0799 -0.0274 0.9964
vn -0.0468 -0.0173 0.9988
vn 0.0097 0.7215 0.6923
vn -0.1042 0.7173 0.6889
vn -0.1038 0.6684 0.7365
vn -0.1871 0.6584 0.7290
vn -0.1813 0.6073 0.7735
vn -0.2585 0.5926 0.7629
vn -0.2468 0.5405 0.8043
vn -0.3183 0.5223 0.7911
vn -0.3006 0.4708 0.8295
vn -0.3666 0.4501 0.8142
vn -0.3434 0.4005 0.8495
vn -0.4044 0.3782 0.8327
vn -0.3764 0.3317 0.8651
vn -0.4328 0.3082 0.8471
vn -0.4032 0.2690 0.8747
vn -0.4077 0.2625 0.8746
vn -0.3802 0.2267 0.8967
vn -0.3847 0.2206 0.8963
vn -0.3564 0.1847 0.9159
vn -0.3607 0.1794 0.9153
vn -0.3312 0.1429 0.9327
vn -0.3350 0.1386 0.9320
vn -0.3027 0.0998 0.9478
vn -0.2840 0.1614 0.9451
vn -0.2781 0.1669 0.9459
vn -0.3006 0.2077 0.9309
vn -0.2939 0.2144 0.9315
vn -0.3151 0.2545 0.9143
vn -0.3080 0.2620 0.9146
vn -0.3282 0.3018 0.8951
vn -0.3210 0.3099 0.8949
vn -0.3431 0.3548 0.8697
vn -0.2865 0.3713 0.8832
vn -0.3057 0.4242 0.8524
vn -0.2434 0.4393 0.8648
vn -0.2566 0.4943 0.8306
vn -0.1881 0.5070 0.8411
vn -0.1950 0.5624 0.8035
vn -0.1201 0.5717 0.8116
vn -0.1207 0.6258 0.7706
vn -0.0850 0.6283 0.7733
vn -0.0605 0.6374 0.7681
vn -0.0752 0.6748 0.7341
vn -0.1116 0.6724 0.7317
vn -0.1113 0.6209 0.7760
vn -0.1905 0.6112 0.7682
vn -0.1842 0.5578 0.8093
vn -0.2573 0.5440 0.7987
vn -0.2448 0.4903 0.8365
vn -0.3119 0.4736 0.8237
vn -0.2934 0.4211 0.8582
vn -0.3549 0.4025 0.8438
vn -0.3310 0.3527 0.8752
vn -0.3873 0.3328 0.8598
vn -0.3613 0.2906 0.8860
vn -0.3672 0.2833 0.8860
vn -0.3432 0.2454 0.9066
vn -0.3490 0.2385 0.9063
vn -0.3242 0.2004 0.9245
vn -0.3297 0.1943 0.9239
vn -0.3037 0.1556 0.9400
vn -0.3086 0.1507 0.9392
vn -0.2809 0.1110 0.9533
vn -0.2929 0.0997 0.9509
vn -0.2647 0.0641 0.9622
vn -0.2657 0.0620 0.9621
vn -0.2318 0.0208 0.9725
vn -0.2311 0.0221 0.9727
vn -0.2025 -0.0111 0.9792
vn -0.2385 0.1800 0.9543
vn -0.2303 0.1861 0.9551
vn -0.2454 0.2310 0.9415
vn -0.2361 0.2384 0.9420
vn -0.2497 0.2822 0.9263
vn -0.2399 0.2905 0.9263
vn -0.2523 0.3338 0.9082
vn -0.2423 0.3427 0.9077
vn -0.2556 0.3922 0.8837
vn -0.1972 0.4026 0.8939
vn -0.2058 0.4606 0.8634
vn -0.1406 0.4687 0.8721
vn -0.1424 0.5273 0.8376
vn -0.1167 0.5293 0.8404
vn -0.0596 0.5636 0.8239
vn -0.1878 0.0308 0.9817
vn -0.1672 0.0633 0.9839
vn -0.1941 0.0857 0.9772
vn -0.1741 0.1289 0.9763
vn -0.1909 0.1411 0.9714
vn -0.1882 0.1552 0.9698
vn -0.1950 0.1957 0.9611
vn -0.1844 0.2020 0.9619
vn -0.1911 0.2506 0.9491
vn -0.1791 0.2582 0.9494
vn -0.1842 0.3053 0.9343
vn -0.1714 0.3139 0.9339
vn -0.1752 0.3599 0.9164
vn -0.1620 0.3691 0.9152
vn -0.1653 0.4223 0.8913
vn -0.0957 0.4268 0.8993
vn -0.1234 0.4718 0.8730
vn -0.1814 -0.0060 0.9834
vn -0.1839 -0.0091 0.9829
vn -0.2067 0.0271 0.9780
vn -0.2067 0.0270 0.9780
vn -0.2335 0.0724 0.9697
vn -0.2312 0.0760 0.9699
vn -0.2537 0.1167 0.9602
vn -0.2402 0.1271 0.9624
vn -0.2608 0.1712 0.9501
vn -0.2538 0.1770 0.9509
vn -0.2726 0.2199 0.9367
vn -0.2647 0.2269 0.9373
vn -0.2822 0.2690 0.9209
vn -0.2737 0.2770 0.9211
vn -0.2901 0.3186 0.9024
vn -0.2815 0.3271 0.9021
vn -0.2994 0.3744 0.8776
vn -0.2421 0.3879 0.8893
vn -0.2562 0.4435 0.8589
vn -0.1926 0.4552 0.8693
vn -0.2003 0.5122 0.8352
vn -0.1300 0.5210 0.8436
vn -0.1311 0.5775 0.8058
vn -0.1002 0.5798 0.8086
vn -0.0636 0.6046 0.7940
vn -0.5672 0.0606 0.8214
vn -0.5201 0.0388 0.8532
vn -0.5078 0.0480 0.8601
vn -0.4583 0.0237 0.8885
vn -0.4263 0.0429 0.9036
vn -0.3788 0.0143 0.9254
vn -0.3448 0.0316 0.9381
vn -0.2809 -0.0132 0.9596
vn -0.2426 0.0031 0.9701
vn -0.1924 -0.0397 0.9805
vn -0.1574 -0.0281 0.9871
vn -0.1245 -0.0612 0.9903
vn -0.0874 -0.0530 0.9948
vn -0.0906 -0.0496 0.9947
vn -0.1175 -0.0652 0.9909
vn -0.1444 -0.0312 0.9890
vn -0.1722 -0.0379 0.9843
vn -0.2000 -0.0070 0.9798
vn -0.2821 -0.0342 0.9588
vn -0.2653 0.0104 0.9641
vn -0.3068 0.0475 0.9506
vn -0.3069 0.0472 0.9506
vn -0.3400 0.0775 0.9372
vn -0.3294 0.0898 0.9399
vn -0.3638 0.1249 0.9231
vn -0.3612 0.1282 0.9236
vn -0.3941 0.1624 0.9046
vn -0.3910 0.1667 0.9052
vn -0.4227 0.2004 0.8838
vn -0.4195 0.2054 0.8842
vn -0.4505 0.2389 0.8602
vn -0.4472 0.2443 0.8604
vn -0.4802 0.2803 0.8311
vn -0.4232 0.3079 0.8521
vn -0.4550 0.3506 0.8185
vn -0.3941 0.3770 0.8382
vn -0.4216 0.4234 0.8018
vn -0.3562 0.4483 0.8199
vn -0.3787 0.4972 0.7806
vn -0.3084 0.5198 0.7967
vn -0.3253 0.5700 0.7545
vn -0.2497 0.5897 0.7681
vn -0.2609 0.6398 0.7229
vn -0.1796 0.6554 0.7337
vn -0.1852 0.7041 0.6855
vn -0.0982 0.7145 0.6927
vn -0.0989 0.7601 0.6423
vn -0.0592 0.7626 0.6442
vn -0.0596 0.7624 0.6443
vn -0.0572 -0.0455 0.9973
vn -0.0833 -0.0595 0.9948
vn -0.0826 -0.0604 0.9948
vn -0.1152 -0.0704 0.9908
vn -0.1365 -0.0356 0.9900
vn -0.1519 -0.0420 0.9875
vn -0.1689 -0.0068 0.9856
vn -0.1713 -0.0093 0.9852
vn -0.1884 0.0300 0.9816
vn -0.1877 0.0308 0.9817
vn -0.2070 0.0803 0.9750
vn -0.2032 0.0849 0.9754
vn -0.2192 0.1305 0.9669
vn -0.2039 0.1399 0.9689
vn -0.2167 0.1882 0.9579
vn -0.2073 0.1944 0.9587
vn -0.2183 0.2412 0.9456
vn -0.2078 0.2487 0.9460
vn -0.2173 0.2943 0.9307
vn -0.2060 0.3028 0.9305
vn -0.2142 0.3476 0.9129
vn -0.2026 0.3566 0.9120
vn -0.2111 0.4081 0.8882
vn -0.1513 0.4155 0.8969
vn -0.1540 0.4754 0.8662
vn -0.1332 0.4770 0.8687
vn -0.0736 0.5093 0.8574
vn -0.1033 -0.0453 0.9936
vn -0.1087 -0.0413 0.9932
vn -0.1553 -0.0595 0.9861
vn -0.2039 -0.0289 0.9786
vn -0.2479 -0.0517 0.9674
vn -0.3179 -0.0161 0.9480
vn -0.3425 -0.0314 0.9390
vn -0.4432 0.0163 0.8963
vn -0.4640 -0.0004 0.8859
vn -0.5641 0.0431 0.8246
vn -0.5846 0.0171 0.8112
vn -0.4686 -0.0387 0.8825
vn -0.4371 -0.0134 0.8993
vn -0.4353 -0.0074 0.9003
vn -0.3575 -0.0388 0.9331
vn -0.3143 -0.0182 0.9491
vn -0.2973 -0.0256 0.9544
vn -0.2350 -0.0300 0.9715
vn -0.2550 0.0158 0.9668
vn -0.1875 -0.0346 0.9817
vn -0.6573 -0.0149 0.7534
vn -0.6216 -0.0081 0.7833
vn -0.6165 0.0110 0.7873
vn -0.5144 -0.0249 0.8572
vn -0.4969 0.0064 0.8678
vn -0.3882 -0.0379 0.9208
vn -0.3623 -0.0102 0.9320
vn -0.2762 -0.0501 0.9598
vn -0.5828 -0.0237 0.8122
vn -0.5341 -0.0230 0.8451
vn -0.5281 -0.0021 0.8492
vn -0.4178 -0.0432 0.9075
vn -0.3973 -0.0083 0.9177
vn -0.3262 -0.0391 0.9445
vn -0.2753 -0.0221 0.9611
vn -0.1998 -0.0574 0.9782
vn -0.1584 -0.0282 0.9870
vn -0.1263 -0.0453 0.9910
vn -0.7286 -0.0038 0.6849
vn -0.7068 0.0039 0.7074
vn -0.7009 0.0282 0.7127
vn -0.6064 -0.0037 0.7952
vn -0.5901 0.0280 0.8068
vn -0.4893 -0.0116 0.8721
vn -0.4674 0.0135 0.8840
vn -0.3596 -0.0345 0.9325
vn -0.3329 -0.0149 0.9428
vn -0.2701 -0.0456 0.9618
vn -0.2310 -0.0321 0.9724
vn -0.1747 -0.0609 0.9827
vn -0.1267 -0.0376 0.9912
vn -0.1193 -0.0422 0.9920
vn -0.0698 -0.0292 0.9971
vn -0.0681 -0.0303 0.9972
vn -0.0265 -0.0211 0.9994
vn -0.9811 0.0870 -0.1726
vn -0.9868 0.0808 -0.1405
vn -0.9387 0.0771 -0.3359
vn -0.9466 0.0729 -0.3142
vn -0.8073 0.0898 -0.5833
vn -0.8143 0.0527 -0.5780
vn -0.8028 0.0559 -0.5936
vn -0.8060 0.0261 -0.5914
vn -0.8420 0.0256 -0.5389
vn -0.9899 0.1386 -0.0307
vn -0.9955 0.0863 -0.0380
vn -0.9951 0.0872 -0.0467
vn -0.9522 0.1177 -0.2818
vn -0.9404 0.1241 -0.3167
vn -0.9805 0.1291 -0.1482
vn -0.9820 0.1283 -0.1389
vn -0.9886 0.1359 -0.0652
vn -0.9908 0.1353 -0.0033
vn -0.9851 0.0399 0.1670
vn -0.9888 0.0517 0.1399
vn -0.9979 0.0580 0.0281
vn -0.9977 0.0518 0.0439
vn -0.9960 0.0559 -0.0697
vn -0.9975 0.0492 -0.0510
vn -0.9805 0.0505 -0.1902
vn -0.9838 0.0441 -0.1735
vn -0.9391 0.0422 -0.3409
vn -0.9414 0.0397 -0.3350
vn -0.8769 0.0359 -0.4793
vn -0.8742 0.0663 -0.4810
vn -0.8834 0.0631 -0.4643
vn -0.8765 0.1077 -0.4691
vn -0.8970 0.1011 -0.4304
vn -0.8118 0.1064 -0.5742
vn -0.7894 0.1159 -0.6029
vn -0.8354 0.1225 -0.5358
vn -0.8393 0.1138 -0.5316
vn -0.8005 0.1290 -0.5853
vn -0.8158 0.0929 -0.5709
vn -0.7628 0.1019 -0.6385
vn -0.7745 0.0659 -0.6291
vn -0.7725 0.2136 -0.5980
vn -0.7515 0.2174 -0.6228
vn -0.8036 0.2362 -0.5463
vn -0.8425 0.1699 -0.5113
vn -0.8839 0.1795 -0.4319
vn -0.8840 0.1792 -0.4318
vn -0.9203 0.1865 -0.3439
vn -0.9245 0.1723 -0.3401
vn -0.9037 0.1872 -0.3850
vn -0.9098 0.1663 -0.3804
vn -0.9487 0.1735 -0.2642
vn -0.9751 0.1653 -0.1478
vn -0.9512 0.1615 -0.2631
vn -0.9468 0.1505 -0.2844
vn -0.8957 0.1422 -0.4212
vn -0.8893 0.1372 -0.4363
vn -0.8231 0.1265 -0.5536
vn -0.8350 0.0831 -0.5440
vn -0.7416 0.0725 -0.6670
vn -0.7482 0.0423 -0.6621
vn -0.6783 0.0373 -0.7338
vn -0.6785 0.0182 -0.7344
vn -0.6748 0.0170 -0.7378
vn -0.9831 0.1354 0.1236
vn -0.9850 0.1424 0.0976
vn -0.9682 0.1337 0.2116
vn -0.9716 0.1402 0.1905
vn -0.9470 0.1294 0.2939
vn -0.9513 0.1352 0.2772
vn -0.9201 0.1224 0.3720
vn -0.9247 0.1277 0.3586
vn -0.8883 0.1134 0.4451
vn -0.8930 0.1182 0.4343
vn -0.8533 0.1031 0.5111
vn -0.8577 0.1073 0.5028
vn -0.8159 0.0916 0.5709
vn -0.8202 0.0955 0.5641
vn -0.7767 0.0793 0.6249
vn -0.7809 0.0831 0.6191
vn -0.7360 0.0663 0.6738
vn -0.7404 0.0702 0.6685
vn -0.6940 0.0529 0.7180
vn -0.6492 0.0414 0.7595
vn -0.6821 0.0425 0.7300
vn -0.6933 0.0179 0.7205
vn -0.7540 0.0374 0.6558
vn -0.7847 0.0366 0.6188
vn -0.7955 0.0448 0.6043
vn -0.8408 0.0596 0.5381
vn -0.8344 0.0545 0.5484
vn -0.8777 0.0687 0.4743
vn -0.8715 0.0635 0.4863
vn -0.9120 0.0772 0.4029
vn -0.9060 0.0716 0.4173
vn -0.9423 0.0845 0.3240
vn -0.9368 0.0787 0.3409
vn -0.9668 0.0902 0.2389
vn -0.9622 0.0840 0.2592
vn -0.9845 0.0938 0.1481
vn -0.9811 0.0871 0.1729
vn -0.9942 0.0948 0.0515
vn -0.9928 0.0878 0.0812
vn -0.9958 0.0906 0.0122
vn -0.9899 0.1401 0.0236
vn -0.9894 0.1364 0.0501
vn -0.0199 -0.0383 0.9991
vn -0.0961 -0.0358 0.9947
vn -0.0606 -0.0321 0.9976
vn -0.0528 -0.0386 0.9979
vn -0.0987 -0.0441 0.9941
vn -0.0960 -0.0465 0.9943
vn -0.1368 -0.0589 0.9888
vn -0.1765 -0.0270 0.9839
vn -0.2216 -0.0460 0.9740
vn -0.2771 -0.0106 0.9608
vn -0.3099 -0.0211 0.9505
vn -0.3761 0.0182 0.9264
vn -0.4058 0.0014 0.9139
vn -0.4585 0.0275 0.8882
vn -0.4711 0.0186 0.8819
vn -0.5207 0.0418 0.8527
vn -0.5533 0.0129 0.8329
vn -0.5838 0.0450 0.8106
vn -0.6318 0.0655 0.7723
vn -0.6288 0.0623 0.7751
vn -0.6746 0.0817 0.7337
vn -0.6721 0.0792 0.7362
vn -0.7163 0.0978 0.6909
vn -0.7142 0.0956 0.6934
vn -0.7570 0.1136 0.6434
vn -0.7549 0.1114 0.6464
vn -0.7965 0.1289 0.5907
vn -0.7941 0.1264 0.5945
vn -0.8344 0.1434 0.5321
vn -0.8315 0.1403 0.5375
vn -0.8703 0.1568 0.4670
vn -0.8668 0.1528 0.4746
vn -0.9032 0.1686 0.3948
vn -0.8995 0.1640 0.4050
vn -0.9315 0.1781 0.3172
vn -0.9279 0.1728 0.3304
vn -0.9544 0.1849 0.2345
vn -0.9510 0.1788 0.2522
vn -0.9713 0.1887 0.1449
vn -0.9690 0.1817 0.1675
vn -0.9800 0.1878 0.0653
vn -0.9790 0.1842 0.0875
vn -0.9823 0.1870 0.0061
vn -0.9825 0.1839 0.0288
vn -0.9809 0.1848 -0.0613
vn -0.9826 0.1820 -0.0356
vn -0.9803 0.1818 -0.0768
vn -0.9748 0.1900 -0.1165
vn -0.9528 0.1860 -0.2399
vn -0.9473 0.2094 -0.2423
vn -0.9569 0.1981 -0.2123
vn -0.9512 0.2214 -0.2151
vn -0.9500 0.2221 -0.2196
vn -0.9225 0.3070 -0.2340
vn -0.9254 0.3044 -0.2257
vn -0.8786 0.4111 -0.2432
vn -0.8819 0.4088 -0.2350
vn -0.8239 0.5084 -0.2505
vn -0.8276 0.5064 -0.2422
vn -0.7596 0.5979 -0.2559
vn -0.7637 0.5963 -0.2475
vn -0.6867 0.6791 -0.2593
vn -0.6911 0.6779 -0.2507
vn -0.6058 0.7516 -0.2608
vn -0.6105 0.7509 -0.2520
vn -0.5177 0.8150 -0.2605
vn -0.5225 0.8147 -0.2516
vn -0.4227 0.8686 -0.2585
vn -0.4275 0.8689 -0.2496
vn -0.3214 0.9120 -0.2550
vn -0.3262 0.9127 -0.2462
vn -0.2146 0.9441 -0.2501
vn -0.2192 0.9453 -0.2414
vn -0.1034 0.9643 -0.2439
vn -0.1076 0.9659 -0.2356
vn -0.0052 0.9716 -0.2367
vn -0.0561 0.9232 -0.3802
vn -0.2494 0.4898 -0.8354
vn -0.6954 0.0166 -0.7185
vn -0.7105 0.0178 -0.7035
vn -0.7038 0.0348 -0.7095
vn -0.7423 0.0345 -0.6692
vn -0.7153 0.0498 -0.6970
vn -0.7739 0.0577 -0.6306
vn -0.7376 0.0685 -0.6718
vn -0.8125 0.0813 -0.5773
vn -0.7635 0.0923 -0.6392
vn -0.7982 0.0929 -0.5951
vn -0.8341 0.1094 -0.5406
vn -0.8334 0.1124 -0.5412
vn -0.8178 0.1396 -0.5583
vn -0.8161 0.1397 -0.5608
vn -0.7873 0.2181 -0.5767
vn -0.7451 0.2156 -0.6311
vn -0.7498 0.2965 -0.5915
vn -0.6689 0.2830 -0.6874
vn -0.7018 0.3677 -0.6101
vn -0.5949 0.3387 -0.7290
vn -0.6446 0.4309 -0.6316
vn -0.5209 0.3836 -0.7626
vn -0.5789 0.4839 -0.6563
vn -0.5113 0.4513 -0.7314
vn -0.4834 0.4791 -0.7327
vn -0.4711 0.4573 -0.7543
vn -0.4589 0.4967 -0.7367
vn -0.3809 0.4484 -0.8086
vn -0.3968 0.4795 -0.7827
vn -0.3879 0.5254 -0.7573
vn -0.3144 0.4714 -0.8240
vn -0.3225 0.4906 -0.8095
vn -0.3160 0.5450 -0.7766
vn -0.0612 0.5325 -0.8442
vn -0.0802 0.5474 -0.8330
vn -0.0958 0.6323 -0.7688
vn -0.1078 0.4458 -0.8886
vn -0.1271 0.5113 -0.8500
vn -0.2198 0.6010 -0.7684
vn -0.1755 0.4925 -0.8524
vn -0.2811 0.5882 -0.7583
vn -0.0533 0.5330 -0.8445
vn -0.0533 0.5324 -0.8448
vn -0.0455 0.5276 -0.8483
vn -0.0415 0.5275 -0.8486
vn -0.0416 0.5259 -0.8495
vn -0.0370 0.5237 -0.8511
vn -0.0355 0.5237 -0.8511
vn -0.0358 0.5224 -0.8519
vn -0.0330 0.5213 -0.8527
vn -0.0326 0.5215 -0.8527
vn -0.0328 0.5202 -0.8534
vn -0.0311 0.5195 -0.8539
vn -0.0317 0.5194 -0.8539
vn -0.0313 0.5188 -0.8543
vn -0.0309 0.5181 -0.8548
vn -0.0300 0.5181 -0.8548
vn -0.0311 0.5172 -0.8553
vn -0.0300 0.5171 -0.8554
vn -0.7160 0.0171 -0.6979
vn -0.0295 0.5179 -0.8549
vn -0.0309 0.5181 -0.8547
vn -0.0241 0.5047 -0.8629
vn -0.0306 0.5186 -0.8545
vn -0.0313 0.5177 -0.8550
vn -0.0311 0.5177 -0.8550
vn -0.0322 0.5197 -0.8538
vn -0.0325 0.5189 -0.8542
vn -0.0321 0.5189 -0.8542
vn -0.0350 0.5214 -0.8526
vn -0.0353 0.5200 -0.8535
vn -0.0340 0.5201 -0.8534
vn -0.0409 0.5235 -0.8511
vn -0.0411 0.5220 -0.8520
vn -0.0379 0.5221 -0.8520
vn -0.0526 0.5251 -0.8494
vn -0.0527 0.5248 -0.8496
vn -0.0451 0.5253 -0.8497
vn -0.4489 0.4281 -0.7843
vn -0.4641 0.4596 -0.7572
vn -0.4205 0.5028 -0.7552
vn -0.4066 0.4793 -0.7777
vn -0.3464 0.5269 -0.7761
vn -0.3359 0.5044 -0.7955
vn -0.2726 0.5432 -0.7941
vn -0.2646 0.5205 -0.8119
vn -0.2000 0.5504 -0.8106
vn -0.1942 0.5280 -0.8267
vn -0.1296 0.5490 -0.8257
vn -0.1262 0.5280 -0.8398
vn -0.0780 0.5379 -0.8394
vn -0.0775 0.5269 -0.8464
vn -0.0610 0.5293 -0.8462
vn -0.8629 0.1737 -0.4745
vn -0.7950 0.1361 -0.5912
vn -0.7753 0.2358 -0.5859
vn -0.7429 0.2150 -0.6340
vn -0.7118 0.3119 -0.6293
vn -0.6823 0.2888 -0.6717
vn -0.6425 0.3756 -0.6679
vn -0.6170 0.3516 -0.7041
vn -0.5698 0.4290 -0.7010
vn -0.5477 0.4039 -0.7327
vn -0.5112 0.4512 -0.7315
vn -0.6575 0.0149 -0.7533
vn -0.7007 0.0172 -0.7133
vn -0.7001 0.0314 -0.7133
vn -0.7199 0.0335 -0.6933
vn -0.7190 0.0481 -0.6934
vn -0.7471 0.0519 -0.6627
vn -0.7458 0.0665 -0.6628
vn -0.7837 0.0727 -0.6168
vn -0.7826 0.0829 -0.6170
vn -0.8413 0.0978 -0.5317
vn -0.8278 0.0990 -0.5522
vn -0.8248 0.1203 -0.5524
vn -0.0000 -1.0000 -0.0000
vn 0.0001 -1.0000 -0.0000
vn 0.0258 0.4748 -0.8797
vn 0.0647 0.4940 -0.8671
vn 0.0882 0.5658 -0.8198
vn 0.0865 0.4354 -0.8961
vn 0.1394 0.5357 -0.8328
vn 0.1325 0.4387 -0.8888
vn 0.5568 0.3330 -0.7609
vn 0.4813 0.3235 -0.8146
vn 0.4864 0.3343 -0.8072
vn 0.4751 0.3892 -0.7892
vn 0.4435 0.3490 -0.8255
vn 0.4230 0.4023 -0.8119
vn 0.4277 0.4115 -0.8048
vn 0.3563 0.3933 -0.8476
vn 0.3760 0.4396 -0.8157
vn 0.3062 0.4103 -0.8590
vn 0.3042 0.4043 -0.8626
vn 0.3068 0.5067 -0.8057
vn 0.2559 0.3894 -0.8848
vn 0.2540 0.5049 -0.8250
vn 0.2426 0.4669 -0.8504
vn 0.1888 0.4610 -0.8671
vn 0.1937 0.4835 -0.8536
vn 0.1560 0.4708 -0.8684
vn 0.5614 0.2838 -0.7773
vn 0.5378 0.2819 -0.7946
vn 0.5563 0.3321 -0.7617
vn 0.5992 0.2679 -0.7544
vn 0.5679 0.2006 -0.7983
vn 0.6788 0.2788 -0.6794
vn 0.6222 0.1736 -0.7633
vn 0.6532 0.1994 -0.7305
vn 0.6867 0.1633 -0.7083
vn 0.6816 0.1496 -0.7163
vn 0.7170 0.1030 -0.6894
vn 0.7114 0.1057 -0.6948
vn 0.7086 0.1027 -0.6981
vn 0.7167 0.1344 -0.6843
vn 0.7265 0.0973 -0.6803
vn 0.7208 0.0889 -0.6875
vn 0.7012 0.0826 -0.7082
vn 0.7021 0.0775 -0.7078
vn 0.6336 0.0653 -0.7709
vn 0.6527 0.0624 -0.7551
vn 0.6438 0.0564 -0.7631
vn 0.6529 0.0519 -0.7557
vn 0.6164 0.0467 -0.7860
vn 0.6116 0.0346 -0.7904
vn 0.5830 0.0315 -0.8118
vn 0.5941 0.0234 -0.8041
vn 0.5509 0.0166 -0.8344
vn 0.5949 0.0138 -0.8037
vn 0.5708 0.0086 -0.8210
vn 0.5351 0.0081 -0.8448
vn 0.6452 0.0665 -0.7611
vn 0.6460 0.0566 -0.7612
vn 0.6380 0.0537 -0.7681
vn 0.6384 0.0483 -0.7682
vn 0.6109 0.0444 -0.7905
vn 0.6115 0.0330 -0.7905
vn 0.5861 0.0304 -0.8097
vn 0.5865 0.0176 -0.8097
vn 0.5696 0.0163 -0.8218
vn 0.5698 0.0055 -0.8218
vn 0.5970 0.0084 -0.8022
vn 0.7022 0.0691 -0.7087
vn 0.6979 0.0755 -0.7122
vn 0.6976 0.0786 -0.7122
vn 0.7368 0.1037 -0.6681
vn 0.7161 0.1064 -0.6899
vn 0.7189 0.0847 -0.6899
vn 0.6976 0.1230 -0.7058
vn 0.6894 0.1590 -0.7068
vn 0.6720 0.1475 -0.7257
vn 0.6542 0.2068 -0.7275
vn 0.6322 0.1928 -0.7505
vn 0.6074 0.2553 -0.7523
vn 0.5880 0.2408 -0.7722
vn 0.5588 0.2988 -0.7736
vn 0.5418 0.2840 -0.7911
vn 0.5218 0.3166 -0.7922
vn 0.5216 0.3111 -0.7945
vn 0.5012 0.3422 -0.7948
vn 0.4870 0.3274 -0.8097
vn 0.4506 0.3738 -0.8107
vn 0.4386 0.3590 -0.8239
vn 0.4076 0.3921 -0.8247
vn 0.4027 0.3828 -0.8314
vn 0.3706 0.4133 -0.8318
vn 0.3625 0.4001 -0.8417
vn 0.3206 0.4333 -0.8423
vn 0.3148 0.4219 -0.8502
vn 0.2713 0.4504 -0.8506
vn 0.2672 0.4405 -0.8571
vn 0.2302 0.4601 -0.8575
vn 0.2288 0.4543 -0.8610
vn 0.1919 0.4709 -0.8611
vn 0.1901 0.4641 -0.8652
vn 0.1442 0.4801 -0.8653
vn 0.1434 0.4760 -0.8677
vn 0.0963 0.4877 -0.8677
vn 0.0961 0.4860 -0.8687
vn 0.0643 0.4909 -0.8689
vn 0.0643 0.4908 -0.8689
vn 0.0284 0.4949 -0.8685
vn -0.4040 -0.7648 -0.5019
vn -0.5067 -0.5884 -0.6301
vn -0.5117 -0.5540 -0.6567
vn -0.2758 -0.8756 -0.3965
vn -0.3487 -0.8308 -0.4337
vn -0.1635 -0.9654 -0.2029
vn -0.1092 -0.9806 -0.1629
vn -0.0415 -0.9978 -0.0516
vn -0.6227 -0.2323 -0.7472
vn -0.6158 -0.1925 -0.7640
vn -0.6161 -0.1925 -0.7638
vn -0.6144 -0.1966 -0.7641
vn -0.5623 -0.4434 -0.6980
vn -0.5352 -0.5539 -0.6377
vn -0.4969 -0.6096 -0.6177
vn -0.3494 -0.8308 -0.4332
vn -0.1222 -0.9808 -0.1518
vn -0.1228 -0.9807 -0.1521
vn -0.2770 -0.8971 -0.3442
vn -0.4004 -0.7936 -0.4582
vn -0.6888 -0.5149 0.5103
vn -0.6001 -0.5514 -0.5795
vn -0.4135 -0.5687 -0.7111
vn -0.8692 -0.1785 -0.4611
vn -0.6990 -0.2301 -0.6771
vn -0.6479 -0.1881 -0.7382
vn -0.4494 -0.2280 -0.8637
vn -0.6774 -0.5454 -0.4937
vn 0.5458 -0.5173 -0.6592
vn -0.1883 -0.9651 -0.1819
vn -0.3989 -0.8296 -0.3906
vn 0.0473 -0.7439 -0.6666
vn -0.4614 -0.7640 -0.4511
vn -0.5304 -0.5882 -0.6106
vn -0.4242 -0.7645 -0.4854
vn -0.6225 -0.7724 -0.1260
vn -0.3163 -0.8760 -0.3641
vn -0.1724 -0.9654 -0.1958
vn -0.5479 -0.1959 -0.8133
vn -0.4436 -0.6082 -0.6583
vn -0.5013 -0.4421 -0.7438
vn -0.2476 -0.8965 -0.3675
vn -0.3407 -0.7927 -0.5055
vn -0.1093 -0.9807 -0.1622
vn -0.4965 -0.2598 -0.8283
vn -0.3960 -0.2590 -0.8810
vn -0.3964 -0.2587 -0.8809
vn -0.2425 -0.2587 -0.9350
vn -0.2429 -0.2584 -0.9350
vn -0.0820 -0.2583 -0.9626
vn -0.0825 -0.2579 -0.9626
vn -0.3314 -0.7075 -0.6242
vn -0.2902 -0.7063 -0.6457
vn -0.2905 -0.7061 -0.6457
vn -0.1777 -0.7062 -0.6854
vn -0.1780 -0.7060 -0.6854
vn -0.0602 -0.7060 -0.7057
vn -0.0604 -0.7058 -0.7058
vn -0.0897 -0.9652 -0.2458
vn -0.1064 -0.9657 -0.2367
vn -0.1065 -0.9657 -0.2367
vn -0.0651 -0.9657 -0.2512
vn -0.0652 -0.9657 -0.2513
vn -0.0220 -0.9657 -0.2587
vn -0.0221 -0.9657 -0.2588
vn -0.5710 -0.7563 -0.3195
vn -0.3367 -0.8750 -0.3478
vn -0.1366 -0.9805 -0.1414
vn -0.2454 -0.9623 -0.1174
vn -0.0468 -0.9977 -0.0484
vn -0.3901 -0.8290 -0.4008
vn -0.5796 -0.5502 -0.6012
vn -0.6406 -0.5867 -0.4955
vn -0.5789 -0.1872 -0.7936
vn -0.6760 -0.2297 -0.7002
vn -0.0000 -0.9659 -0.2588
vn -0.0000 -0.7071 -0.7071
vn -0.0000 -0.2588 -0.9659
vn -0.0218 -0.1702 0.9852
vn -0.0877 -0.1896 0.9779
vn -0.0315 -0.3331 0.9424
vn 0.0036 -0.4868 0.8735
vn -0.1150 -0.8436 0.5246
vn 0.0259 -0.7483 0.6629
vn -0.0483 -0.6258 0.7785
vn -0.0004 -0.9999 0.0165
vn -0.1532 -0.9816 0.1139
vn -0.0687 -0.9738 0.2168
vn 0.0403 -0.9250 0.3777
vn -0.0284 -0.2123 0.9768
vn -0.0372 -0.2123 0.9765
vn -0.0343 -0.2113 0.9768
vn -0.0440 -0.2113 0.9764
vn -0.0406 -0.2110 0.9766
vn -0.0476 -0.2110 0.9763
vn -0.0444 -0.2104 0.9766
vn -0.0595 -0.2104 0.9758
vn -0.0567 -0.2085 0.9764
vn -0.1077 -0.2083 0.9721
vn -0.1067 -0.2052 0.9729
vn -0.1830 -0.2052 0.9615
vn -0.1840 -0.2084 0.9606
vn -0.2478 -0.2085 0.9461
vn -0.2499 -0.2143 0.9443
vn -0.2927 -0.2143 0.9319
vn -0.3144 -0.2422 0.9179
vn -0.3303 -0.2184 0.9183
vn -0.3874 -0.2183 0.8957
vn -0.3883 -0.2220 0.8944
vn -0.4570 -0.2220 0.8613
vn -0.4574 -0.2237 0.8607
vn -0.5248 -0.2237 0.8213
vn -0.5243 -0.2215 0.8222
vn -0.5692 -0.2216 0.7918
vn -0.5838 -0.2451 0.7740
vn -0.6018 -0.2171 0.7686
vn -0.6502 -0.2170 0.7281
vn -0.6388 -0.2428 0.7300
vn -0.6742 -0.2113 0.7077
vn -0.7132 -0.2111 0.6684
vn -0.7125 -0.2046 0.6712
vn -0.7537 -0.2048 0.6245
vn -0.7524 -0.2025 0.6269
vn -0.7907 -0.2023 0.5778
vn -0.7901 -0.1959 0.5808
vn -0.8424 -0.1959 0.5021
vn -0.8420 -0.1899 0.5050
vn -0.8896 -0.1899 0.4155
vn -0.8895 -0.1844 0.4182
vn -0.9216 -0.1846 0.3416
vn -0.9212 -0.1821 0.3438
vn -0.9470 -0.1819 0.2647
vn -0.9471 -0.1784 0.2666
vn -0.9711 -0.1784 0.1586
vn -0.9712 -0.1767 0.1596
vn -0.9823 -0.1768 0.0616
vn -0.9823 -0.1769 0.0616
vn -0.9836 -0.1768 -0.0363
vn -0.9830 -0.1795 -0.0378
vn -0.9770 -0.1797 -0.1150
vn -0.9663 -0.2071 -0.1531
vn -0.9673 -0.1848 -0.1740
vn -0.9465 -0.1847 -0.2646
vn -0.9454 -0.2241 -0.2365
vn -0.9387 -0.1874 -0.2894
vn -0.9108 -0.1872 -0.3680
vn -0.9106 -0.1875 -0.3682
vn -0.8622 -0.1876 -0.4706
vn -0.8626 -0.1867 -0.4702
vn -0.8272 -0.1869 -0.5300
vn -0.8276 -0.1866 -0.5294
vn -0.7883 -0.1863 -0.5864
vn -0.7888 -0.1853 -0.5861
vn -0.7255 -0.1854 -0.6628
vn -0.7254 -0.1855 -0.6629
vn -0.6636 -0.1856 -0.7248
vn -0.6626 -0.1875 -0.7251
vn -0.0938 -0.5647 0.8200
vn -0.0313 -0.5660 0.8238
vn -0.0292 -0.5654 0.8243
vn -0.0369 -0.5654 0.8240
vn -0.0345 -0.5652 0.8242
vn -0.0400 -0.5652 0.8240
vn -0.0377 -0.5648 0.8243
vn -0.0501 -0.5648 0.8237
vn -0.0481 -0.5636 0.8246
vn -0.0909 -0.5633 0.8212
vn -0.0903 -0.5614 0.8226
vn -0.1548 -0.5615 0.8129
vn -0.1553 -0.5634 0.8114
vn -0.2094 -0.5635 0.7991
vn -0.2106 -0.5670 0.7963
vn -0.2659 -0.5669 0.7797
vn -0.2664 -0.5694 0.7777
vn -0.3264 -0.5694 0.7545
vn -0.3267 -0.5716 0.7527
vn -0.3846 -0.5716 0.7248
vn -0.3847 -0.5726 0.7240
vn -0.4414 -0.5726 0.6909
vn -0.4413 -0.5713 0.6920
vn -0.4953 -0.5712 0.6545
vn -0.4954 -0.5685 0.6567
vn -0.5492 -0.5685 0.6125
vn -0.5496 -0.5650 0.6153
vn -0.6020 -0.5650 0.5643
vn -0.6027 -0.5610 0.5675
vn -0.6371 -0.5614 0.5281
vn -0.6366 -0.5600 0.5302
vn -0.6690 -0.5596 0.4891
vn -0.6699 -0.5558 0.4922
vn -0.7141 -0.5557 0.4258
vn -0.7151 -0.5521 0.4287
vn -0.7554 -0.5520 0.3530
vn -0.7567 -0.5487 0.3556
vn -0.7836 -0.5491 0.2906
vn -0.7840 -0.5476 0.2924
vn -0.8061 -0.5472 0.2254
vn -0.8071 -0.5450 0.2271
vn -0.8275 -0.5450 0.1352
vn -0.8280 -0.5439 0.1360
vn -0.8373 -0.5442 0.0525
vn -0.8373 -0.5443 0.0525
vn -0.8385 -0.5440 -0.0311
vn -0.8374 -0.5456 -0.0321
vn -0.8281 -0.5456 -0.1290
vn -0.8258 -0.5487 -0.1307
vn -0.8054 -0.5489 -0.2237
vn -0.8041 -0.5504 -0.2247
vn -0.7742 -0.5503 -0.3128
vn -0.7739 -0.5505 -0.3129
vn -0.7328 -0.5506 -0.3999
vn -0.7332 -0.5500 -0.3998
vn -0.7029 -0.5506 -0.4503
vn -0.7033 -0.5504 -0.4500
vn -0.6702 -0.5498 -0.4985
vn -0.6707 -0.5493 -0.4984
vn -0.6169 -0.5494 -0.5636
vn -0.6167 -0.5495 -0.5636
vn -0.5641 -0.5495 -0.6162
vn -0.5631 -0.5507 -0.6161
vn -0.0920 -0.8333 0.5451
vn -0.0208 -0.8356 0.5489
vn -0.0196 -0.8354 0.5493
vn -0.0246 -0.8354 0.5491
vn -0.0232 -0.8353 0.5493
vn -0.0267 -0.8353 0.5491
vn -0.0252 -0.8352 0.5494
vn -0.0334 -0.8352 0.5490
vn -0.0322 -0.8347 0.5498
vn -0.0607 -0.8345 0.5477
vn -0.0603 -0.8337 0.5488
vn -0.1033 -0.8338 0.5424
vn -0.1035 -0.8345 0.5411
vn -0.1396 -0.8346 0.5328
vn -0.1402 -0.8360 0.5305
vn -0.1772 -0.8359 0.5195
vn -0.1773 -0.8369 0.5178
vn -0.2173 -0.8369 0.5023
vn -0.2173 -0.8378 0.5008
vn -0.2559 -0.8378 0.4823
vn -0.2558 -0.8382 0.4816
vn -0.2936 -0.8382 0.4595
vn -0.2937 -0.8377 0.4605
vn -0.3296 -0.8377 0.4356
vn -0.3300 -0.8366 0.4373
vn -0.3658 -0.8366 0.4079
vn -0.3665 -0.8352 0.4101
vn -0.4013 -0.8351 0.3762
vn -0.4023 -0.8336 0.3786
vn -0.4251 -0.8338 0.3523
vn -0.4250 -0.8332 0.3538
vn -0.4467 -0.8330 0.3265
vn -0.4478 -0.8314 0.3289
vn -0.4772 -0.8314 0.2846
vn -0.4785 -0.8299 0.2867
vn -0.5055 -0.8299 0.2362
vn -0.5068 -0.8285 0.2380
vn -0.5246 -0.8288 0.1945
vn -0.5251 -0.8282 0.1958
vn -0.5401 -0.8279 0.1510
vn -0.5411 -0.8271 0.1522
vn -0.5548 -0.8271 0.0907
vn -0.5553 -0.8266 0.0912
vn -0.5614 -0.8268 0.0352
vn -0.5613 -0.8268 0.0352
vn -0.5623 -0.8266 -0.0208
vn -0.5613 -0.8273 -0.0214
vn -0.5551 -0.8273 -0.0865
vn -0.5532 -0.8285 -0.0874
vn -0.5394 -0.8286 -0.1498
vn -0.5383 -0.8293 -0.1503
vn -0.5183 -0.8291 -0.2095
vn -0.5181 -0.8293 -0.2095
vn -0.4905 -0.8293 -0.2677
vn -0.4909 -0.8291 -0.2677
vn -0.4703 -0.8295 -0.3013
vn -0.4706 -0.8294 -0.3011
vn -0.4487 -0.8290 -0.3338
vn -0.4491 -0.8288 -0.3338
vn -0.4130 -0.8288 -0.3774
vn -0.4129 -0.8289 -0.3774
vn -0.3777 -0.8290 -0.4126
vn -0.3769 -0.8294 -0.4123
vn -0.0326 -0.9809 0.1916
vn -0.0074 -0.9813 0.1925
vn -0.0070 -0.9812 0.1926
vn -0.0088 -0.9812 0.1926
vn -0.0083 -0.9812 0.1926
vn -0.0095 -0.9812 0.1926
vn -0.0090 -0.9812 0.1927
vn -0.0118 -0.9812 0.1925
vn -0.0114 -0.9812 0.1928
vn -0.0213 -0.9811 0.1922
vn -0.0212 -0.9810 0.1926
vn -0.0362 -0.9810 0.1904
vn -0.0363 -0.9811 0.1899
vn -0.0489 -0.9812 0.1870
vn -0.0490 -0.9813 0.1861
vn -0.0621 -0.9813 0.1822
vn -0.0621 -0.9814 0.1816
vn -0.0761 -0.9814 0.1761
vn -0.0761 -0.9815 0.1756
vn -0.0897 -0.9815 0.1690
vn -0.0896 -0.9816 0.1688
vn -0.1029 -0.9816 0.1610
vn -0.1030 -0.9815 0.1614
vn -0.1156 -0.9815 0.1526
vn -0.1158 -0.9814 0.1533
vn -0.1283 -0.9814 0.1430
vn -0.1286 -0.9812 0.1438
vn -0.1409 -0.9812 0.1319
vn -0.1413 -0.9810 0.1328
vn -0.1492 -0.9811 0.1235
vn -0.1492 -0.9810 0.1240
vn -0.1569 -0.9810 0.1145
vn -0.1574 -0.9808 0.1154
vn -0.1677 -0.9808 0.0998
vn -0.1682 -0.9806 0.1006
vn -0.1777 -0.9806 0.0829
vn -0.1782 -0.9804 0.0836
vn -0.1844 -0.9805 0.0683
vn -0.1846 -0.9804 0.0687
vn -0.1899 -0.9804 0.0530
vn -0.1903 -0.9803 0.0534
vn -0.1952 -0.9803 0.0319
vn -0.1954 -0.9802 0.0320
vn -0.1975 -0.9802 0.0124
vn -0.1974 -0.9802 0.0124
vn -0.1978 -0.9802 -0.0072
vn -0.1975 -0.9803 -0.0075
vn -0.1953 -0.9803 -0.0302
vn -0.1945 -0.9804 -0.0306
vn -0.1896 -0.9804 -0.0526
vn -0.1892 -0.9805 -0.0527
vn -0.1822 -0.9805 -0.0736
vn -0.1821 -0.9805 -0.0736
vn -0.1724 -0.9805 -0.0941
vn -0.1725 -0.9805 -0.0941
vn -0.1653 -0.9805 -0.1059
vn -0.1653 -0.9805 -0.1058
vn -0.1577 -0.9805 -0.1174
vn -0.1579 -0.9805 -0.1174
vn -0.1452 -0.9805 -0.1327
vn -0.1451 -0.9805 -0.1327
vn -0.1328 -0.9805 -0.1450
vn -0.1325 -0.9805 -0.1449
vn 0.0819 -0.2580 -0.9627
vn 0.0600 -0.7058 -0.7058
vn 0.0220 -0.9657 -0.2588
vn 0.0822 -0.2583 -0.9626
vn 0.2439 -0.2583 -0.9348
vn 0.2442 -0.2587 -0.9346
vn 0.3973 -0.2587 -0.8805
vn 0.3976 -0.2590 -0.8802
vn 0.5395 -0.2590 -0.8012
vn 0.5397 -0.2593 -0.8009
vn 0.4434 -0.6081 -0.6584
vn 0.0603 -0.7060 -0.7057
vn 0.1788 -0.7060 -0.6853
vn 0.1790 -0.7061 -0.6851
vn 0.2912 -0.7062 -0.6454
vn 0.2914 -0.7063 -0.6451
vn 0.3315 -0.7075 -0.6242
vn 0.3406 -0.7927 -0.5056
vn 0.0221 -0.9657 -0.2587
vn 0.0655 -0.9657 -0.2512
vn 0.0656 -0.9657 -0.2511
vn 0.1067 -0.9657 -0.2366
vn 0.1068 -0.9658 -0.2365
vn 0.1449 -0.9657 -0.2153
vn 0.1449 -0.9658 -0.2152
vn 0.0003 -0.9999 0.0165
vn 0.1426 -0.9832 0.1140
vn 0.4280 -0.7675 0.4773
vn -0.3308 -0.8737 0.3568
vn 0.4175 -0.8870 0.1975
vn 0.1994 -0.6140 0.7637
vn -0.2438 -0.7259 0.6431
vn 0.4070 -0.1555 0.9001
vn 0.0718 -0.3324 0.9404
vn -0.1296 -0.4827 0.8661
vn 0.3396 -0.2156 0.9155
vn 0.2716 -0.2156 0.9379
vn 0.2742 -0.2107 0.9383
vn 0.2080 -0.2106 0.9552
vn 0.2099 -0.2057 0.9558
vn 0.1342 -0.2057 0.9694
vn 0.1340 -0.2064 0.9693
vn 0.0777 -0.2065 0.9754
vn 0.0755 -0.2094 0.9749
vn 0.0541 -0.2095 0.9763
vn 0.0511 -0.2105 0.9763
vn 0.0470 -0.2105 0.9765
vn 0.0437 -0.2111 0.9765
vn 0.0439 -0.2111 0.9765
vn 0.0406 -0.2112 0.9766
vn 0.0403 -0.2112 0.9766
vn 0.0377 -0.2117 0.9766
vn 0.0344 -0.2117 0.9767
vn 0.0253 -0.2141 0.9765
vn 0.0265 -0.2146 0.9763
vn 0.0212 -0.2146 0.9765
vn 0.4192 -0.2672 0.8677
vn 0.3903 -0.2195 0.8941
vn 0.3380 -0.2194 0.9152
vn 0.4095 -0.2232 0.8846
vn 0.4788 -0.2232 0.8491
vn 0.5431 -0.2233 0.8094
vn 0.5445 -0.2205 0.8093
vn 0.6041 -0.2204 0.7658
vn 0.6062 -0.2155 0.7656
vn 0.6522 -0.2156 0.7267
vn 0.6740 -0.2670 0.6888
vn 0.6673 -0.2095 0.7147
vn 0.7232 -0.2095 0.6581
vn 0.7252 -0.2216 0.6519
vn 0.7535 -0.2031 0.6253
vn 0.7662 -0.2030 0.6097
vn 0.7682 -0.2010 0.6079
vn 0.8016 -0.2008 0.5632
vn 0.8041 -0.1945 0.5617
vn 0.8523 -0.1945 0.4855
vn 0.8546 -0.1886 0.4839
vn 0.8983 -0.1886 0.3968
vn 0.9002 -0.1833 0.3950
vn 0.9289 -0.1835 0.3216
vn 0.9300 -0.1812 0.3198
vn 0.9529 -0.1810 0.2435
vn 0.9538 -0.1779 0.2421
vn 0.9747 -0.1779 0.1352
vn 0.9750 -0.1766 0.1345
vn 0.9837 -0.1767 0.0327
vn 0.9836 -0.1772 0.0331
vn 0.9817 -0.1771 -0.0698
vn 0.9812 -0.1808 -0.0677
vn 0.9655 -0.1808 -0.1872
vn 0.9652 -0.1857 -0.1843
vn 0.9464 -0.1860 -0.2640
vn 0.9329 -0.2046 -0.2965
vn 0.9307 -0.1877 -0.3141
vn 0.5733 -0.8061 0.1468
vn 0.0053 -0.9813 0.1922
vn 0.0060 -0.9813 0.1926
vn 0.0077 -0.9813 0.1926
vn 0.0080 -0.9812 0.1926
vn 0.0083 -0.9812 0.1926
vn 0.0087 -0.9812 0.1926
vn 0.0089 -0.9812 0.1926
vn 0.0094 -0.9812 0.1927
vn 0.0103 -0.9812 0.1926
vn 0.0108 -0.9812 0.1927
vn 0.0151 -0.9812 0.1925
vn 0.0154 -0.9811 0.1929
vn 0.0265 -0.9811 0.1918
vn 0.0266 -0.9811 0.1919
vn 0.0414 -0.9811 0.1892
vn 0.0410 -0.9812 0.1886
vn 0.0539 -0.9812 0.1852
vn 0.0534 -0.9813 0.1847
vn 0.0668 -0.9813 0.1803
vn 0.0664 -0.9814 0.1799
vn 0.0804 -0.9814 0.1740
vn 0.0800 -0.9816 0.1736
vn 0.0939 -0.9816 0.1665
vn 0.1066 -0.9816 0.1587
vn 0.1070 -0.9815 0.1589
vn 0.1188 -0.9815 0.1503
vn 0.1194 -0.9813 0.1507
vn 0.1314 -0.9813 0.1404
vn 0.1322 -0.9812 0.1408
vn 0.1438 -0.9812 0.1290
vn 0.1448 -0.9810 0.1294
vn 0.1519 -0.9810 0.1206
vn 0.1524 -0.9809 0.1205
vn 0.1592 -0.9809 0.1116
vn 0.1602 -0.9807 0.1118
vn 0.1699 -0.9807 0.0965
vn 0.1708 -0.9806 0.0966
vn 0.1796 -0.9806 0.0791
vn 0.1804 -0.9804 0.0791
vn 0.1860 -0.9804 0.0642
vn 0.1865 -0.9804 0.0640
vn 0.1912 -0.9803 0.0487
vn 0.1917 -0.9802 0.0486
vn 0.1960 -0.9802 0.0271
vn 0.1961 -0.9802 0.0270
vn 0.1978 -0.9802 0.0066
vn 0.1977 -0.9802 0.0067
vn 0.1974 -0.9802 -0.0138
vn 0.1970 -0.9803 -0.0135
vn 0.1939 -0.9803 -0.0373
vn 0.1933 -0.9804 -0.0368
vn 0.1874 -0.9805 -0.0595
vn 0.1873 -0.9805 -0.0592
vn 0.1795 -0.9805 -0.0799
vn 0.1693 -0.9805 -0.0996
vn 0.1694 -0.9805 -0.0998
vn 0.1570 -0.9805 -0.1184
vn 0.1571 -0.9804 -0.1185
vn 0.1436 -0.9805 -0.1344
vn 0.1435 -0.9805 -0.1344
vn 0.1310 -0.9805 -0.1466
vn 0.1309 -0.9806 -0.1463
vn 0.4935 -0.7316 0.4703
vn 0.0146 -0.8362 0.5483
vn 0.0164 -0.8355 0.5493
vn 0.0215 -0.8355 0.5491
vn 0.0226 -0.8354 0.5492
vn 0.0233 -0.8354 0.5492
vn 0.0247 -0.8353 0.5492
vn 0.0249 -0.8353 0.5492
vn 0.0263 -0.8352 0.5493
vn 0.0290 -0.8352 0.5492
vn 0.0303 -0.8349 0.5495
vn 0.0427 -0.8349 0.5487
vn 0.0437 -0.8342 0.5497
vn 0.0756 -0.8340 0.5465
vn 0.0757 -0.8339 0.5467
vn 0.1182 -0.8339 0.5391
vn 0.1171 -0.8351 0.5375
vn 0.1540 -0.8352 0.5280
vn 0.1526 -0.8363 0.5266
vn 0.1906 -0.8362 0.5142
vn 0.1895 -0.8372 0.5130
vn 0.2297 -0.8372 0.4964
vn 0.2285 -0.8381 0.4953
vn 0.2680 -0.8381 0.4752
vn 0.3040 -0.8381 0.4529
vn 0.3050 -0.8375 0.4534
vn 0.3386 -0.8374 0.4290
vn 0.3404 -0.8362 0.4299
vn 0.3744 -0.8362 0.4007
vn 0.3767 -0.8348 0.4016
vn 0.4096 -0.8348 0.3680
vn 0.4122 -0.8332 0.3688
vn 0.4326 -0.8334 0.3440
vn 0.4339 -0.8329 0.3435
vn 0.4533 -0.8326 0.3182
vn 0.4558 -0.8311 0.3185
vn 0.4833 -0.8311 0.2751
vn 0.4858 -0.8296 0.2751
vn 0.5108 -0.8296 0.2254
vn 0.5130 -0.8283 0.2252
vn 0.5291 -0.8286 0.1830
vn 0.5302 -0.8280 0.1824
vn 0.5437 -0.8277 0.1388
vn 0.5450 -0.8270 0.1384
vn 0.5570 -0.8269 0.0772
vn 0.5575 -0.8266 0.0770
vn 0.5623 -0.8268 0.0188
vn 0.5621 -0.8269 0.0189
vn 0.5612 -0.8267 -0.0397
vn 0.5600 -0.8276 -0.0387
vn 0.5512 -0.8276 -0.1065
vn 0.5497 -0.8287 -0.1050
vn 0.5331 -0.8289 -0.1694
vn 0.5327 -0.8293 -0.1687
vn 0.5106 -0.8292 -0.2272
vn 0.5107 -0.8292 -0.2272
vn 0.4817 -0.8293 -0.2833
vn 0.4819 -0.8290 -0.2837
vn 0.4468 -0.8289 -0.3366
vn 0.4469 -0.8287 -0.3369
vn 0.4084 -0.8288 -0.3824
vn 0.4083 -0.8289 -0.3822
vn 0.3724 -0.8290 -0.4172
vn 0.3723 -0.8295 -0.4163
vn 0.4233 -0.5178 0.7434
vn 0.0216 -0.5674 0.8232
vn 0.0247 -0.5656 0.8243
vn 0.0320 -0.5656 0.8241
vn 0.0339 -0.5653 0.8242
vn 0.0346 -0.5653 0.8241
vn 0.0370 -0.5652 0.8241
vn 0.0371 -0.5652 0.8241
vn 0.0395 -0.5649 0.8242
vn 0.0433 -0.5649 0.8240
vn 0.0455 -0.5643 0.8243
vn 0.0639 -0.5642 0.8232
vn 0.0655 -0.5624 0.8243
vn 0.1132 -0.5622 0.8192
vn 0.1135 -0.5618 0.8195
vn 0.1773 -0.5618 0.8081
vn 0.1757 -0.5648 0.8063
vn 0.2313 -0.5649 0.7921
vn 0.2291 -0.5678 0.7906
vn 0.2862 -0.5677 0.7719
vn 0.2847 -0.5700 0.7707
vn 0.3451 -0.5700 0.7456
vn 0.3435 -0.5723 0.7446
vn 0.4028 -0.5723 0.7143
vn 0.4570 -0.5724 0.6808
vn 0.4583 -0.5707 0.6814
vn 0.5087 -0.5706 0.6447
vn 0.5110 -0.5677 0.6455
vn 0.5620 -0.5677 0.6016
vn 0.5649 -0.5640 0.6023
vn 0.6142 -0.5640 0.5520
vn 0.6174 -0.5600 0.5524
vn 0.6482 -0.5604 0.5156
vn 0.6501 -0.5591 0.5146
vn 0.6787 -0.5588 0.4766
vn 0.6819 -0.5550 0.4765
vn 0.7229 -0.5549 0.4116
vn 0.7259 -0.5513 0.4112
vn 0.7633 -0.5513 0.3370
vn 0.7659 -0.5481 0.3362
vn 0.7902 -0.5485 0.2734
vn 0.7916 -0.5470 0.2723
vn 0.8113 -0.5466 0.2072
vn 0.8128 -0.5447 0.2064
vn 0.8307 -0.5447 0.1152
vn 0.8313 -0.5439 0.1147
vn 0.8385 -0.5441 0.0280
vn 0.8383 -0.5444 0.0282
vn 0.8369 -0.5442 -0.0594
vn 0.8355 -0.5464 -0.0578
vn 0.8223 -0.5463 -0.1592
vn 0.8208 -0.5493 -0.1569
vn 0.7962 -0.5495 -0.2531
vn 0.7958 -0.5506 -0.2520
vn 0.7628 -0.5505 -0.3393
vn 0.7628 -0.5504 -0.3394
vn 0.7196 -0.5505 -0.4232
vn 0.7198 -0.5499 -0.4237
vn 0.6672 -0.5497 -0.5026
vn 0.6673 -0.5491 -0.5031
vn 0.6100 -0.5493 -0.5711
vn 0.6099 -0.5496 -0.5709
vn 0.5563 -0.5496 -0.6233
vn 0.5563 -0.5510 -0.6221
vn 0.9046 -0.1877 -0.3827
vn 0.8935 -0.2093 -0.3974
vn 0.8806 -0.1876 -0.4350
vn 0.8468 -0.1874 -0.4978
vn 0.8467 -0.1863 -0.4985
vn 0.7848 -0.1862 -0.5911
vn 0.7847 -0.1852 -0.5916
vn 0.7173 -0.1853 -0.6716
vn 0.7174 -0.1857 -0.6715
vn 0.6543 -0.1857 -0.7331
vn 0.6548 -0.1879 -0.7321
vn 0.1226 -0.9807 -0.1522
vn 0.1420 -0.9657 -0.2175
vn 0.3624 -0.8307 -0.4225
vn 0.3817 -0.7938 -0.4735
vn 0.5217 -0.5541 -0.6487
vn 0.5179 -0.6093 -0.6004
vn 0.5873 -0.1925 -0.7861
vn 0.6065 -0.2601 -0.7513
vn 0.1228 -0.9806 -0.1527
vn 0.1227 -0.9807 -0.1521
vn 0.3495 -0.8300 -0.4347
vn 0.3492 -0.8309 -0.4333
vn 0.5224 -0.5519 -0.6499
vn 0.5224 -0.5541 -0.6482
vn 0.6151 -0.1891 -0.7654
vn 0.6158 -0.1926 -0.7640
vn 0.5626 -0.1892 -0.8048
vn 0.5590 -0.1874 -0.8077
vn 0.4784 -0.5501 -0.6845
vn 0.4748 -0.5512 -0.6861
vn 0.3207 -0.8290 -0.4582
vn 0.3175 -0.8294 -0.4596
vn 0.1136 -0.9805 -0.1605
vn 0.1170 -0.9806 -0.1573
vn 0.1169 -0.9806 -0.1574
vn 0.3332 -0.8299 -0.4474
vn 0.3328 -0.8298 -0.4479
vn 0.4982 -0.5519 -0.6687
vn 0.4973 -0.5516 -0.6696
vn 0.5869 -0.1893 -0.7872
vn 0.5854 -0.1890 -0.7884
vn 0.1049 -0.9806 -0.1656
vn 0.1047 -0.9806 -0.1657
vn 0.2986 -0.8300 -0.4711
vn 0.2981 -0.8299 -0.4716
vn 0.4465 -0.5521 -0.7041
vn 0.4455 -0.5519 -0.7050
vn 0.5261 -0.1897 -0.8290
vn 0.5243 -0.1893 -0.8302
s 0
usemtl black_spec.028
f 1//1 2//1 3//1
f 4//2 5//2 6//2
f 7//3 8//3 9//3
f 10//4 11//4 12//4
f 13//5 14//5 15//5
f 16//6 17//6 18//6
f 19//7 20//7 21//7
f 22//8 23//8 24//8
f 25//9 26//9 27//9
f 28//10 29//10 30//10
f 31//11 32//11 33//11
f 34//12 35//12 36//12
f 37//13 38//13 39//13
f 40//14 41//14 42//14
f 42//15 41//15 38//15
f 43//16 44//16 45//16
f 45//17 44//17 46//17
f 45//18 46//18 47//18
f 47//19 46//19 48//19
f 47//20 48//20 40//20
f 40//21 48//21 49//21
f 40//22 49//22 41//22
f 50//23 51//23 43//23
f 43//24 51//24 52//24
f 43//25 52//25 44//25
f 53//26 54//26 50//26
f 50//27 54//27 55//27
f 50//28 55//28 51//28
f 56//29 57//29 53//29
f 53//30 57//30 58//30
f 53//31 58//31 54//31
f 59//32 60//32 56//32
f 56//33 60//33 61//33
f 56//34 61//34 57//34
f 62//35 63//35 64//35
f 64//36 63//36 65//36
f 64//37 65//37 59//37
f 59//38 65//38 66//38
f 59//39 66//39 60//39
f 62//40 64//40 67//40
f 67//41 64//41 68//41
f 67//42 68//42 69//42
f 69//43 68//43 70//43
f 69//44 70//44 71//44
f 71//45 70//45 72//45
f 71//46 72//46 73//46
f 73//47 72//47 74//47
f 73//48 74//48 75//48
f 75//49 74//49 76//49
f 76//50 74//50 77//50
f 76//51 77//51 78//51
f 79//52 80//52 81//52
f 81//53 80//53 82//53
f 83//54 84//54 7//54
f 7//55 84//55 85//55
f 7//56 85//56 8//56
f 86//57 87//57 88//57
f 89//58 90//58 91//58
f 91//59 90//59 92//59
f 91//60 92//60 93//60
f 93//61 92//61 94//61
f 93//62 94//62 95//62
f 89//63 91//63 96//63
f 96//64 91//64 97//64
f 96//65 97//65 98//65
f 32//66 31//66 97//66
f 97//67 31//67 99//67
f 97//68 99//68 98//68
f 100//69 101//69 33//69
f 33//70 101//70 102//70
f 33//71 102//71 31//71
f 103//72 104//72 100//72
f 100//73 104//73 105//73
f 100//74 105//74 101//74
f 103//75 106//75 107//75
f 107//76 106//76 108//76
f 107//77 108//77 109//77
f 109//78 108//78 110//78
f 109//79 110//79 111//79
f 29//80 112//80 30//80
f 30//81 112//81 113//81
f 30//82 113//82 110//82
f 110//83 113//83 114//83
f 110//84 114//84 111//84
f 115//85 116//85 117//85
f 118//86 119//86 120//86
f 120//87 119//87 115//87
f 120//88 115//88 27//88
f 27//89 115//89 117//89
f 27//90 117//90 25//90
f 121//91 122//91 123//91
f 123//92 122//92 124//92
f 125//93 126//93 127//93
f 128//94 129//94 130//94
f 130//95 129//95 131//95
f 130//96 131//96 132//96
f 132//97 131//97 133//97
f 134//98 135//98 136//98
f 136//99 135//99 137//99
f 138//100 139//100 140//100
f 141//101 142//101 143//101
f 143//102 142//102 144//102
f 145//103 146//103 147//103
f 147//104 146//104 148//104
f 147//105 148//105 149//105
f 149//106 148//106 150//106
f 149//107 150//107 151//107
f 152//108 153//108 154//108
f 154//109 153//109 155//109
f 154//110 155//110 145//110
f 145//111 155//111 156//111
f 145//112 156//112 146//112
f 157//113 158//113 159//113
f 160//114 161//114 162//114
f 162//115 161//115 163//115
f 162//116 163//116 164//116
f 164//117 163//117 165//117
f 164//118 165//118 166//118
f 36//119 167//119 168//119
f 168//120 167//120 169//120
f 168//121 169//121 162//121
f 162//122 169//122 170//122
f 162//123 170//123 160//123
f 171//124 172//124 173//124
f 173//125 172//125 174//125
f 173//126 174//126 175//126
f 176//127 177//127 178//127
f 178//128 177//128 179//128
f 178//129 179//129 180//129
f 180//130 179//130 181//130
f 180//131 181//131 182//131
f 183//132 184//132 185//132
f 185//133 184//133 182//133
f 185//134 182//134 186//134
f 186//135 182//135 181//135
f 187//136 183//136 188//136
f 188//137 183//137 185//137
f 188//138 185//138 189//138
f 189//139 185//139 186//139
f 189//140 186//140 190//140
f 190//141 186//141 181//141
f 190//142 181//142 191//142
f 191//143 181//143 179//143
f 191//144 179//144 192//144
f 192//145 179//145 177//145
f 193//146 194//146 195//146
f 195//147 194//147 196//147
f 195//148 196//148 197//148
f 197//149 196//149 198//149
f 197//150 198//150 199//150
f 199//151 198//151 200//151
f 199//152 200//152 201//152
f 201//153 200//153 202//153
f 201//154 202//154 203//154
f 203//155 202//155 204//155
f 203//156 204//156 205//156
f 205//157 204//157 206//157
f 205//158 206//158 207//158
f 207//159 206//159 208//159
f 207//160 208//160 209//160
f 209//161 208//161 210//161
f 209//162 210//162 211//162
f 42//163 193//163 40//163
f 40//164 193//164 195//164
f 40//165 195//165 47//165
f 47//166 195//166 197//166
f 47//167 197//167 45//167
f 45//168 197//168 199//168
f 45//169 199//169 43//169
f 43//170 199//170 201//170
f 43//171 201//171 50//171
f 50//172 201//172 203//172
f 50//173 203//173 53//173
f 53//174 203//174 205//174
f 53//175 205//175 56//175
f 56//176 205//176 207//176
f 56//177 207//177 59//177
f 59//178 207//178 209//178
f 59//179 209//179 64//179
f 64//180 209//180 211//180
f 64//181 211//181 68//181
f 20//182 19//182 212//182
f 212//183 19//183 213//183
f 212//184 213//184 214//184
f 214//185 213//185 215//185
f 214//186 215//186 216//186
f 216//187 215//187 37//187
f 216//188 37//188 34//188
f 34//189 37//189 39//189
f 34//190 39//190 35//190
f 217//191 164//191 157//191
f 157//192 164//192 166//192
f 157//193 166//193 158//193
f 218//194 217//194 219//194
f 219//195 217//195 157//195
f 219//196 157//196 220//196
f 220//197 157//197 159//197
f 220//198 159//198 221//198
f 36//199 168//199 34//199
f 34//200 168//200 162//200
f 34//201 162//201 216//201
f 216//202 162//202 164//202
f 216//203 164//203 214//203
f 214//204 164//204 217//204
f 214//205 217//205 212//205
f 212//206 217//206 218//206
f 212//207 218//207 20//207
f 38//208 37//208 42//208
f 42//209 37//209 215//209
f 42//210 215//210 193//210
f 193//211 215//211 213//211
f 193//212 213//212 194//212
f 194//213 213//213 19//213
f 194//214 19//214 196//214
f 196//215 19//215 21//215
f 196//216 21//216 198//216
f 198//217 21//217 222//217
f 198//218 222//218 200//218
f 200//219 222//219 223//219
f 200//220 223//220 202//220
f 202//221 223//221 224//221
f 202//222 224//222 204//222
f 204//223 224//223 225//223
f 204//224 225//224 206//224
f 206//225 225//225 226//225
f 206//226 226//226 208//226
f 208//227 226//227 227//227
f 208//228 227//228 210//228
f 175//229 228//229 229//229
f 229//230 228//230 230//230
f 229//231 230//231 231//231
f 231//232 230//232 232//232
f 231//233 232//233 233//233
f 233//234 232//234 234//234
f 233//235 234//235 235//235
f 235//236 234//236 236//236
f 235//237 236//237 237//237
f 237//238 236//238 238//238
f 237//239 238//239 239//239
f 239//240 238//240 240//240
f 239//241 240//241 241//241
f 241//242 240//242 242//242
f 241//243 242//243 243//243
f 243//244 242//244 244//244
f 243//245 244//245 245//245
f 245//246 244//246 246//246
f 245//247 246//247 247//247
f 247//248 246//248 248//248
f 247//249 248//249 249//249
f 249//250 248//250 250//250
f 249//251 250//251 251//251
f 251//252 250//252 252//252
f 251//253 252//253 253//253
f 254//254 152//254 255//254
f 255//255 152//255 154//255
f 255//256 154//256 256//256
f 256//257 154//257 145//257
f 256//258 145//258 257//258
f 257//259 145//259 147//259
f 257//260 147//260 258//260
f 258//260 147//260 149//260
f 258//261 149//261 259//261
f 259//262 149//262 151//262
f 259//263 151//263 143//263
f 143//264 151//264 150//264
f 143//265 150//265 141//265
f 260//266 254//266 261//266
f 261//267 254//267 255//267
f 261//268 255//268 262//268
f 262//269 255//269 256//269
f 262//270 256//270 263//270
f 263//271 256//271 257//271
f 263//272 257//272 264//272
f 264//273 257//273 258//273
f 264//274 258//274 265//274
f 265//275 258//275 259//275
f 265//276 259//276 266//276
f 266//277 259//277 143//277
f 266//278 143//278 267//278
f 267//279 143//279 144//279
f 267//280 144//280 268//280
f 269//281 260//281 270//281
f 270//282 260//282 261//282
f 270//283 261//283 271//283
f 271//284 261//284 262//284
f 271//285 262//285 272//285
f 272//286 262//286 263//286
f 272//287 263//287 273//287
f 273//288 263//288 264//288
f 273//289 264//289 274//289
f 274//290 264//290 265//290
f 274//291 265//291 275//291
f 275//292 265//292 266//292
f 275//293 266//293 276//293
f 276//294 266//294 267//294
f 276//295 267//295 277//295
f 277//296 267//296 268//296
f 277//297 268//297 278//297
f 279//298 269//298 280//298
f 280//299 269//299 270//299
f 280//300 270//300 281//300
f 281//301 270//301 271//301
f 281//302 271//302 282//302
f 282//303 271//303 272//303
f 282//304 272//304 283//304
f 283//305 272//305 273//305
f 283//306 273//306 284//306
f 284//307 273//307 274//307
f 284//308 274//308 285//308
f 285//309 274//309 275//309
f 285//310 275//310 286//310
f 286//311 275//311 276//311
f 286//312 276//312 287//312
f 287//313 276//313 277//313
f 287//314 277//314 138//314
f 138//315 277//315 278//315
f 138//316 278//316 139//316
f 288//317 279//317 289//317
f 289//318 279//318 280//318
f 289//319 280//319 290//319
f 290//320 280//320 281//320
f 290//321 281//321 291//321
f 291//322 281//322 282//322
f 291//323 282//323 292//323
f 292//324 282//324 283//324
f 292//325 283//325 293//325
f 293//326 283//326 284//326
f 293//327 284//327 294//327
f 294//328 284//328 285//328
f 294//329 285//329 295//329
f 295//330 285//330 286//330
f 295//331 286//331 296//331
f 296//332 286//332 287//332
f 296//333 287//333 297//333
f 297//334 287//334 138//334
f 297//335 138//335 298//335
f 298//336 138//336 140//336
f 298//337 140//337 299//337
f 299//338 300//338 298//338
f 298//339 300//339 301//339
f 298//340 301//340 297//340
f 297//341 301//341 302//341
f 297//342 302//342 296//342
f 296//343 302//343 303//343
f 296//344 303//344 295//344
f 295//345 303//345 304//345
f 295//346 304//346 294//346
f 294//347 304//347 305//347
f 294//348 305//348 293//348
f 293//349 305//349 306//349
f 293//350 306//350 292//350
f 292//351 306//351 307//351
f 292//352 307//352 291//352
f 291//353 307//353 308//353
f 291//354 308//354 290//354
f 290//355 308//355 309//355
f 290//356 309//356 289//356
f 289//357 309//357 310//357
f 289//358 310//358 288//358
f 288//359 310//359 311//359
f 312//360 311//360 313//360
f 313//361 311//361 310//361
f 313//362 310//362 314//362
f 314//363 310//363 309//363
f 314//364 309//364 315//364
f 315//365 309//365 308//365
f 315//366 308//366 316//366
f 316//367 308//367 307//367
f 316//368 307//368 317//368
f 317//369 307//369 306//369
f 317//370 306//370 318//370
f 318//371 306//371 305//371
f 318//372 305//372 319//372
f 319//373 305//373 304//373
f 319//374 304//374 320//374
f 320//375 304//375 303//375
f 320//376 303//376 321//376
f 321//377 303//377 302//377
f 321//378 302//378 322//378
f 322//379 302//379 301//379
f 322//380 301//380 323//380
f 323//381 301//381 300//381
f 323//382 300//382 136//382
f 136//383 300//383 299//383
f 136//384 299//384 134//384
f 324//385 312//385 325//385
f 325//386 312//386 313//386
f 325//387 313//387 326//387
f 326//388 313//388 314//388
f 326//389 314//389 327//389
f 327//390 314//390 315//390
f 327//391 315//391 328//391
f 328//392 315//392 316//392
f 328//393 316//393 329//393
f 329//394 316//394 317//394
f 329//395 317//395 330//395
f 330//396 317//396 318//396
f 330//397 318//397 331//397
f 331//398 318//398 319//398
f 331//399 319//399 332//399
f 332//400 319//400 320//400
f 332//401 320//401 333//401
f 333//402 320//402 321//402
f 333//403 321//403 334//403
f 334//404 321//404 322//404
f 334//405 322//405 335//405
f 335//406 322//406 323//406
f 335//407 323//407 336//407
f 336//408 323//408 136//408
f 336//409 136//409 128//409
f 128//410 136//410 137//410
f 128//411 137//411 129//411
f 337//412 338//412 339//412
f 339//413 338//413 340//413
f 339//414 340//414 341//414
f 341//415 340//415 342//415
f 343//416 337//416 344//416
f 344//417 337//417 339//417
f 344//418 339//418 345//418
f 345//419 339//419 341//419
f 346//420 343//420 347//420
f 347//421 343//421 344//421
f 347//422 344//422 348//422
f 348//423 344//423 345//423
f 348//424 345//424 349//424
f 349//425 345//425 341//425
f 349//426 341//426 350//426
f 350//427 341//427 342//427
f 350//428 342//428 351//428
f 352//429 353//429 354//429
f 355//430 346//430 356//430
f 356//431 346//431 347//431
f 356//432 347//432 357//432
f 357//433 347//433 348//433
f 357//434 348//434 358//434
f 358//435 348//435 349//435
f 358//436 349//436 359//436
f 359//437 349//437 350//437
f 359//438 350//438 360//438
f 360//439 350//439 351//439
f 360//440 351//440 361//440
f 362//441 355//441 363//441
f 363//442 355//442 356//442
f 363//443 356//443 364//443
f 364//444 356//444 357//444
f 364//445 357//445 365//445
f 365//446 357//446 358//446
f 365//447 358//447 366//447
f 366//448 358//448 359//448
f 366//449 359//449 367//449
f 367//450 359//450 360//450
f 367//451 360//451 368//451
f 368//452 360//452 361//452
f 368//453 361//453 369//453
f 370//454 362//454 371//454
f 371//455 362//455 363//455
f 371//456 363//456 372//456
f 372//457 363//457 364//457
f 372//458 364//458 373//458
f 373//459 364//459 365//459
f 373//460 365//460 374//460
f 374//461 365//461 366//461
f 374//462 366//462 375//462
f 375//463 366//463 367//463
f 375//464 367//464 376//464
f 376//465 367//465 368//465
f 376//466 368//466 377//466
f 377//467 368//467 369//467
f 377//468 369//468 378//468
f 11//469 10//469 379//469
f 379//470 10//470 380//470
f 379//471 380//471 381//471
f 381//472 380//472 352//472
f 381//473 352//473 382//473
f 382//474 352//474 354//474
f 382//475 354//475 383//475
f 18//476 384//476 385//476
f 18//477 17//477 384//477
f 384//478 17//478 386//478
f 384//479 386//479 387//479
f 385//480 388//480 389//480
f 389//481 388//481 390//481
f 389//482 390//482 391//482
f 392//483 393//483 394//483
f 108//484 395//484 110//484
f 110//485 395//485 396//485
f 110//486 396//486 30//486
f 30//487 396//487 26//487
f 30//488 26//488 28//488
f 28//489 26//489 25//489
f 397//490 370//490 398//490
f 398//491 370//491 371//491
f 398//492 371//492 399//492
f 399//493 371//493 372//493
f 399//494 372//494 400//494
f 400//495 372//495 373//495
f 400//496 373//496 401//496
f 401//497 373//497 374//497
f 401//498 374//498 402//498
f 402//499 374//499 375//499
f 402//500 375//500 403//500
f 403//501 375//501 376//501
f 403//502 376//502 404//502
f 404//503 376//503 377//503
f 404//504 377//504 405//504
f 405//505 377//505 378//505
f 405//506 378//506 406//506
f 407//507 408//507 409//507
f 409//508 408//508 410//508
f 411//509 397//509 412//509
f 412//510 397//510 398//510
f 412//511 398//511 413//511
f 413//512 398//512 399//512
f 413//513 399//513 414//513
f 414//514 399//514 400//514
f 414//515 400//515 415//515
f 415//516 400//516 401//516
f 415//517 401//517 416//517
f 416//518 401//518 402//518
f 416//519 402//519 417//519
f 417//520 402//520 403//520
f 417//521 403//521 418//521
f 418//522 403//522 404//522
f 418//523 404//523 419//523
f 419//524 404//524 405//524
f 419//525 405//525 420//525
f 420//526 405//526 406//526
f 420//527 406//527 421//527
f 422//528 411//528 423//528
f 423//529 411//529 412//529
f 423//530 412//530 424//530
f 424//531 412//531 413//531
f 424//532 413//532 425//532
f 425//533 413//533 414//533
f 425//534 414//534 426//534
f 426//535 414//535 415//535
f 426//536 415//536 427//536
f 427//537 415//537 416//537
f 427//538 416//538 428//538
f 428//539 416//539 417//539
f 428//540 417//540 429//540
f 429//541 417//541 418//541
f 429//542 418//542 430//542
f 430//543 418//543 419//543
f 430//544 419//544 431//544
f 431//545 419//545 420//545
f 431//546 420//546 432//546
f 432//547 420//547 421//547
f 432//548 421//548 433//548
f 434//549 435//549 436//549
f 436//550 435//550 437//550
f 438//551 422//551 439//551
f 439//552 422//552 423//552
f 439//553 423//553 440//553
f 440//554 423//554 424//554
f 440//555 424//555 441//555
f 441//556 424//556 425//556
f 441//557 425//557 442//557
f 442//558 425//558 426//558
f 442//559 426//559 443//559
f 443//560 426//560 427//560
f 443//561 427//561 444//561
f 444//562 427//562 428//562
f 444//563 428//563 445//563
f 445//564 428//564 429//564
f 445//565 429//565 446//565
f 446//566 429//566 430//566
f 446//567 430//567 447//567
f 447//568 430//568 431//568
f 447//569 431//569 187//569
f 187//570 431//570 432//570
f 187//571 432//571 183//571
f 183//572 432//572 433//572
f 183//573 433//573 184//573
f 16//574 410//574 17//574
f 17//575 410//575 408//575
f 17//576 408//576 386//576
f 386//577 408//577 407//577
f 386//578 407//578 448//578
f 409//579 437//579 407//579
f 407//580 437//580 435//580
f 407//581 435//581 448//581
f 448//582 435//582 434//582
f 448//583 434//583 449//583
f 450//584 438//584 451//584
f 451//585 438//585 439//585
f 451//586 439//586 452//586
f 452//587 439//587 440//587
f 452//588 440//588 453//588
f 453//589 440//589 441//589
f 453//590 441//590 454//590
f 454//591 441//591 442//591
f 454//592 442//592 455//592
f 455//593 442//593 443//593
f 455//594 443//594 456//594
f 456//595 443//595 444//595
f 456//596 444//596 457//596
f 457//597 444//597 445//597
f 457//598 445//598 458//598
f 458//599 445//599 446//599
f 458//600 446//600 459//600
f 459//601 446//601 447//601
f 459//602 447//602 460//602
f 460//603 447//603 187//603
f 460//604 187//604 461//604
f 461//605 187//605 188//605
f 461//606 188//606 462//606
f 462//607 188//607 189//607
f 462//608 189//608 463//608
f 463//609 189//609 190//609
f 463//610 190//610 464//610
f 464//611 190//611 191//611
f 464//612 191//612 465//612
f 465//613 191//613 192//613
f 466//614 467//614 468//614
f 469//615 450//615 470//615
f 470//616 450//616 451//616
f 470//617 451//617 471//617
f 471//618 451//618 452//618
f 471//619 452//619 472//619
f 472//620 452//620 453//620
f 472//621 453//621 473//621
f 473//622 453//622 454//622
f 473//623 454//623 474//623
f 474//624 454//624 455//624
f 474//625 455//625 475//625
f 475//626 455//626 456//626
f 475//627 456//627 476//627
f 476//628 456//628 457//628
f 476//629 457//629 477//629
f 477//630 457//630 458//630
f 477//631 458//631 478//631
f 478//632 458//632 459//632
f 478//633 459//633 479//633
f 479//634 459//634 460//634
f 479//635 460//635 480//635
f 480//636 460//636 461//636
f 480//637 461//637 481//637
f 481//638 461//638 462//638
f 481//639 462//639 482//639
f 482//640 462//640 463//640
f 482//641 463//641 483//641
f 483//642 463//642 464//642
f 483//643 464//643 484//643
f 484//644 464//644 465//644
f 132//645 469//645 130//645
f 130//646 469//646 470//646
f 130//647 470//647 128//647
f 128//648 470//648 471//648
f 128//649 471//649 336//649
f 336//650 471//650 472//650
f 336//651 472//651 335//651
f 335//652 472//652 473//652
f 335//653 473//653 334//653
f 334//654 473//654 474//654
f 334//655 474//655 333//655
f 333//656 474//656 475//656
f 333//657 475//657 332//657
f 332//658 475//658 476//658
f 332//659 476//659 331//659
f 331//660 476//660 477//660
f 331//661 477//661 330//661
f 330//662 477//662 478//662
f 330//663 478//663 329//663
f 329//664 478//664 479//664
f 329//665 479//665 328//665
f 328//666 479//666 480//666
f 328//667 480//667 327//667
f 327//668 480//668 481//668
f 327//669 481//669 326//669
f 326//670 481//670 482//670
f 326//671 482//671 325//671
f 325//672 482//672 483//672
f 325//673 483//673 324//673
f 324//674 483//674 484//674
f 466//675 468//675 485//675
f 485//676 468//676 486//676
f 485//677 486//677 487//677
f 487//678 486//678 488//678
f 487//679 488//679 489//679
f 488//680 22//680 489//680
f 489//681 22//681 24//681
f 489//682 24//682 487//682
f 487//683 24//683 490//683
f 487//684 490//684 485//684
f 485//685 490//685 449//685
f 485//686 449//686 466//686
f 466//687 449//687 434//687
f 466//688 434//688 467//688
f 467//689 434//689 436//689
f 387//690 491//690 492//690
f 492//691 491//691 493//691
f 492//692 493//692 494//692
f 494//693 493//693 495//693
f 494//694 495//694 496//694
f 496//695 495//695 497//695
f 496//696 497//696 125//696
f 125//697 497//697 498//697
f 125//698 498//698 126//698
f 387//699 386//699 491//699
f 491//700 386//700 448//700
f 491//701 448//701 493//701
f 493//702 448//702 449//702
f 493//703 449//703 495//703
f 495//704 449//704 490//704
f 495//705 490//705 497//705
f 497//706 490//706 24//706
f 497//707 24//707 498//707
f 498//708 24//708 23//708
f 498//709 23//709 126//709
f 385//710 384//710 388//710
f 388//711 384//711 387//711
f 388//712 387//712 390//712
f 390//713 387//713 492//713
f 390//714 492//714 499//714
f 499//715 492//715 494//715
f 499//716 494//716 500//716
f 500//717 494//717 496//717
f 500//718 496//718 501//718
f 501//719 496//719 125//719
f 501//720 125//720 502//720
f 502//721 125//721 127//721
f 502//722 127//722 121//722
f 396//723 503//723 26//723
f 26//724 503//724 504//724
f 26//725 504//725 27//725
f 27//726 504//726 505//726
f 27//727 505//727 120//727
f 121//728 123//728 502//728
f 502//729 123//729 506//729
f 502//730 506//730 501//730
f 501//731 506//731 507//731
f 501//732 507//732 500//732
f 500//733 507//733 508//733
f 500//734 508//734 499//734
f 499//735 508//735 509//735
f 499//736 509//736 390//736
f 390//737 509//737 393//737
f 390//738 393//738 391//738
f 391//739 393//739 392//739
f 391//740 392//740 389//740
f 510//741 511//741 512//741
f 512//742 511//742 513//742
f 512//743 513//743 514//743
f 515//744 14//744 516//744
f 516//745 14//745 13//745
f 516//746 13//746 517//746
f 353//747 518//747 519//747
f 519//748 518//748 15//748
f 519//749 15//749 520//749
f 520//750 15//750 14//750
f 520//751 14//751 510//751
f 510//752 14//752 515//752
f 510//753 515//753 511//753
f 103//754 100//754 106//754
f 106//755 100//755 521//755
f 106//756 521//756 108//756
f 108//757 521//757 394//757
f 108//758 394//758 395//758
f 395//759 394//759 393//759
f 395//760 393//760 396//760
f 396//761 393//761 509//761
f 396//762 509//762 503//762
f 503//763 509//763 508//763
f 503//764 508//764 504//764
f 504//765 508//765 507//765
f 504//766 507//766 505//766
f 505//767 507//767 506//767
f 505//768 506//768 120//768
f 120//769 506//769 123//769
f 120//770 123//770 118//770
f 118//771 123//771 124//771
f 118//772 124//772 119//772
f 353//773 352//773 518//773
f 518//774 352//774 380//774
f 518//775 380//775 15//775
f 15//776 380//776 10//776
f 15//777 10//777 13//777
f 13//778 10//778 12//778
f 13//779 12//779 517//779
f 85//780 522//780 8//780
f 8//781 522//781 79//781
f 8//782 79//782 9//782
f 9//783 79//783 81//783
f 9//784 81//784 523//784
f 524//785 525//785 526//785
f 526//786 525//786 88//786
f 526//787 88//787 527//787
f 527//788 88//788 87//788
f 525//789 528//789 88//789
f 88//790 528//790 529//790
f 88//791 529//791 86//791
f 86//792 529//792 530//792
f 86//793 530//793 531//793
f 531//794 530//794 532//794
f 531//795 532//795 533//795
f 533//796 532//796 534//796
f 533//797 534//797 95//797
f 95//798 534//798 535//798
f 95//799 535//799 93//799
f 93//800 535//800 536//800
f 536//801 535//801 537//801
f 537//802 535//802 534//802
f 537//803 534//803 538//803
f 538//804 534//804 532//804
f 538//805 532//805 539//805
f 539//806 532//806 530//806
f 539//807 530//807 540//807
f 540//808 530//808 529//808
f 540//809 529//809 541//809
f 541//810 529//810 528//810
f 541//811 528//811 542//811
f 542//812 528//812 525//812
f 542//813 525//813 543//813
f 543//814 525//814 524//814
f 543//815 524//815 544//815
f 545//816 546//816 4//816
f 5//817 4//817 547//817
f 547//818 4//818 546//818
f 547//819 546//819 548//819
f 549//820 83//820 550//820
f 550//821 83//821 7//821
f 550//822 7//822 551//822
f 551//823 7//823 9//823
f 551//824 9//824 3//824
f 3//825 9//825 523//825
f 3//826 523//826 1//826
f 552//827 553//827 554//827
f 554//828 553//828 555//828
f 554//829 555//829 556//829
f 556//830 555//830 557//830
f 556//831 557//831 558//831
f 558//832 557//832 1//832
f 558//833 1//833 559//833
f 559//834 1//834 523//834
f 559//835 523//835 560//835
f 560//836 523//836 81//836
f 560//837 81//837 561//837
f 561//838 81//838 82//838
f 561//839 82//839 562//839
f 563//840 78//840 562//840
f 562//841 78//841 77//841
f 562//842 77//842 561//842
f 561//843 77//843 74//843
f 561//844 74//844 560//844
f 560//845 74//845 72//845
f 560//846 72//846 559//846
f 559//847 72//847 70//847
f 559//848 70//848 558//848
f 558//849 70//849 68//849
f 558//850 68//850 556//850
f 556//851 68//851 211//851
f 556//852 211//852 554//852
f 554//853 211//853 210//853
f 554//854 210//854 552//854
f 552//855 210//855 227//855
f 2//856 171//856 564//856
f 564//857 171//857 173//857
f 564//858 173//858 176//858
f 176//859 173//859 175//859
f 176//860 175//860 177//860
f 177//861 175//861 229//861
f 177//862 229//862 192//862
f 192//863 229//863 231//863
f 192//864 231//864 465//864
f 465//865 231//865 233//865
f 465//866 233//866 484//866
f 484//867 233//867 235//867
f 484//868 235//868 324//868
f 324//869 235//869 237//869
f 324//870 237//870 312//870
f 312//871 237//871 239//871
f 312//872 239//872 311//872
f 311//873 239//873 241//873
f 311//874 241//874 288//874
f 288//875 241//875 243//875
f 288//876 243//876 279//876
f 279//877 243//877 245//877
f 279//878 245//878 269//878
f 269//879 245//879 247//879
f 269//880 247//880 260//880
f 260//881 247//881 249//881
f 260//882 249//882 254//882
f 254//883 249//883 251//883
f 254//884 251//884 152//884
f 152//885 251//885 253//885
f 152//886 253//886 153//886
f 2//887 1//887 171//887
f 171//888 1//888 557//888
f 171//889 557//889 172//889
f 172//890 557//890 555//890
f 172//891 555//891 174//891
f 174//892 555//892 553//892
f 174//893 553//893 175//893
f 175//894 553//894 552//894
f 175//895 552//895 228//895
f 228//896 552//896 227//896
f 228//897 227//897 230//897
f 230//898 227//898 226//898
f 230//899 226//899 232//899
f 232//900 226//900 225//900
f 232//901 225//901 234//901
f 234//902 225//902 224//902
f 234//903 224//903 236//903
f 236//904 224//904 223//904
f 236//905 223//905 238//905
f 238//906 223//906 222//906
f 238//907 222//907 240//907
f 240//908 222//908 21//908
f 240//909 21//909 242//909
f 242//910 21//910 20//910
f 242//911 20//911 244//911
f 244//912 20//912 218//912
f 244//913 218//913 246//913
f 246//914 218//914 219//914
f 246//915 219//915 248//915
f 248//916 219//916 220//916
f 248//917 220//917 250//917
f 250//918 220//918 221//918
f 250//919 221//919 252//919
f 524//920 545//920 544//920
f 544//921 545//921 4//921
f 544//922 4//922 543//922
f 543//923 4//923 6//923
f 543//924 6//924 542//924
f 542//925 6//925 565//925
f 542//926 565//926 541//926
f 541//927 565//927 566//927
f 541//928 566//928 540//928
f 540//929 566//929 567//929
f 540//930 567//930 539//930
f 539//931 567//931 568//931
f 539//932 568//932 538//932
f 538//933 568//933 569//933
f 538//934 569//934 537//934
f 537//935 569//935 570//935
f 537//936 570//936 536//936
f 514//937 513//937 571//937
f 571//938 513//938 572//938
f 571//939 572//939 573//939
f 573//940 572//940 574//940
f 573//941 574//941 575//941
f 570//942 575//942 536//942
f 536//943 575//943 574//943
f 536//944 574//944 93//944
f 93//945 574//945 572//945
f 93//946 572//946 91//946
f 91//947 572//947 513//947
f 91//948 513//948 97//948
f 97//949 513//949 511//949
f 97//950 511//950 32//950
f 32//951 511//951 515//951
f 32//952 515//952 33//952
f 33//953 515//953 516//953
f 33//954 516//954 100//954
f 100//955 516//955 517//955
f 100//956 517//956 521//956
f 521//957 517//957 12//957
f 521//958 12//958 394//958
f 394//959 12//959 11//959
f 394//960 11//960 392//960
f 392//961 11//961 379//961
f 392//962 379//962 389//962
f 389//963 379//963 381//963
f 389//964 381//964 385//964
f 385//965 381//965 382//965
f 385//966 382//966 18//966
f 18//967 382//967 383//967
f 18//968 383//968 16//968
f 527//969 549//969 526//969
f 526//970 549//970 550//970
f 526//971 550//971 524//971
f 524//972 550//972 551//972
f 524//973 551//973 545//973
f 545//974 551//974 3//974
f 545//975 3//975 546//975
f 546//976 3//976 2//976
f 546//977 2//977 548//977
f 548//978 2//978 564//978
f 548//979 564//979 547//979
f 547//980 564//980 176//980
f 547//981 176//981 5//981
f 5//982 176//982 178//982
f 5//983 178//983 6//983
f 6//984 178//984 180//984
f 6//985 180//985 565//985
f 565//986 180//986 182//986
f 565//987 182//987 566//987
f 566//988 182//988 184//988
f 566//989 184//989 567//989
f 567//990 184//990 433//990
f 567//991 433//991 568//991
f 568//992 433//992 421//992
f 568//993 421//993 569//993
f 569//994 421//994 406//994
f 569//995 406//995 570//995
f 570//996 406//996 378//996
f 570//997 378//997 575//997
f 575//998 378//998 369//998
f 575//999 369//999 573//999
f 573//1000 369//1000 361//1000
f 573//1001 361//1001 571//1001
f 571//1002 361//1002 351//1002
f 571//1003 351//1003 514//1003
f 514//1004 351//1004 342//1004
f 514//1005 342//1005 512//1005
f 512//1006 342//1006 340//1006
f 512//1007 340//1007 510//1007
f 510//1008 340//1008 338//1008
f 510//1009 338//1009 520//1009
f 520//1010 338//1010 337//1010
f 520//1011 337//1011 519//1011
f 519//1012 337//1012 343//1012
f 519//1013 343//1013 353//1013
f 353//1014 343//1014 346//1014
f 353//1015 346//1015 354//1015
f 354//1016 346//1016 355//1016
f 354//1017 355//1017 383//1017
f 383//1018 355//1018 362//1018
f 383//1019 362//1019 16//1019
f 16//1020 362//1020 370//1020
f 16//1021 370//1021 410//1021
f 410//1022 370//1022 397//1022
f 410//1023 397//1023 409//1023
f 409//1024 397//1024 411//1024
f 409//1025 411//1025 437//1025
f 437//1026 411//1026 422//1026
f 437//1027 422//1027 436//1027
f 436//1028 422//1028 438//1028
f 436//1029 438//1029 467//1029
f 467//1030 438//1030 450//1030
f 467//1031 450//1031 468//1031
f 468//1032 450//1032 469//1032
f 468//1033 469//1033 486//1033
f 486//1034 469//1034 132//1034
f 486//1035 132//1035 488//1035
f 488//1036 132//1036 133//1036
f 488//1037 133//1037 22//1037
f 576//1038 577//1038 578//1038
f 576//1039 578//1039 579//1039
f 580//1040 581//1040 579//1040
f 582//1041 583//1041 581//1041
f 584//1042 585//1042 586//1042
f 585//1043 584//1043 587//1043
f 587//1044 584//1044 588//1044
f 587//1045 588//1045 589//1045
f 589//1046 588//1046 590//1046
f 589//1047 590//1047 591//1047
f 592//1048 593//1048 594//1048
f 594//1049 593//1049 595//1049
f 594//1050 595//1050 596//1050
f 596//1051 595//1051 597//1051
f 596//1052 597//1052 598//1052
f 598//1053 597//1053 599//1053
f 598//1054 599//1054 600//1054
f 600//1055 599//1055 601//1055
f 600//1056 601//1056 602//1056
f 602//1057 601//1057 603//1057
f 602//1058 603//1058 604//1058
f 604//1059 603//1059 605//1059
f 604//1060 605//1060 606//1060
f 606//1061 605//1061 607//1061
f 606//1062 607//1062 608//1062
f 608//1063 607//1063 609//1063
f 608//1064 609//1064 610//1064
f 610//1065 609//1065 611//1065
f 610//1066 611//1066 612//1066
f 612//1067 611//1067 613//1067
f 612//1068 613//1068 614//1068
f 614//1069 613//1069 615//1069
f 614//1070 615//1070 616//1070
f 616//1071 615//1071 617//1071
f 616//1072 617//1072 618//1072
f 618//1073 617//1073 619//1073
f 618//1074 619//1074 582//1074
f 582//1075 619//1075 620//1075
f 582//1076 620//1076 583//1076
f 621//1077 622//1077 592//1077
f 592//1078 622//1078 623//1078
f 592//1079 623//1079 593//1079
f 624//1080 625//1080 626//1080
f 626//1081 625//1081 627//1081
f 626//1082 627//1082 628//1082
f 628//1083 627//1083 629//1083
f 628//1084 629//1084 621//1084
f 621//1085 629//1085 630//1085
f 621//1086 630//1086 622//1086
f 579//1087 578//1087 580//1087
f 580//1088 578//1088 631//1088
f 580//1089 631//1089 632//1089
f 632//1090 631//1090 633//1090
f 632//1091 633//1091 634//1091
f 634//1092 633//1092 635//1092
f 634//1093 635//1093 636//1093
f 636//1094 635//1094 637//1094
f 636//1095 637//1095 638//1095
f 638//1096 637//1096 639//1096
f 638//1097 639//1097 640//1097
f 640//1098 639//1098 641//1098
f 640//1099 641//1099 642//1099
f 642//1100 641//1100 643//1100
f 642//1101 643//1101 644//1101
f 644//1102 643//1102 645//1102
f 644//1103 645//1103 646//1103
f 646//1104 645//1104 647//1104
f 646//1105 647//1105 648//1105
f 648//1106 647//1106 649//1106
f 648//1107 649//1107 650//1107
f 650//1108 649//1108 651//1108
f 650//1109 651//1109 652//1109
f 652//1110 651//1110 653//1110
f 652//1111 653//1111 654//1111
f 654//1112 653//1112 655//1112
f 654//1113 655//1113 656//1113
f 656//1114 655//1114 657//1114
f 656//1115 657//1115 658//1115
f 658//1116 657//1116 659//1116
f 658//1117 659//1117 660//1117
f 660//1118 659//1118 661//1118
f 660//1119 661//1119 662//1119
f 662//1120 661//1120 663//1120
f 662//1121 663//1121 664//1121
f 664//1122 663//1122 665//1122
f 664//1123 665//1123 666//1123
f 581//1124 580//1124 582//1124
f 582//1125 580//1125 632//1125
f 582//1126 632//1126 618//1126
f 618//1127 632//1127 634//1127
f 618//1128 634//1128 616//1128
f 616//1129 634//1129 636//1129
f 616//1130 636//1130 614//1130
f 614//1131 636//1131 638//1131
f 614//1132 638//1132 612//1132
f 612//1133 638//1133 640//1133
f 612//1134 640//1134 610//1134
f 610//1135 640//1135 642//1135
f 610//1136 642//1136 608//1136
f 608//1137 642//1137 644//1137
f 608//1138 644//1138 606//1138
f 606//1139 644//1139 646//1139
f 606//1140 646//1140 604//1140
f 604//1141 646//1141 648//1141
f 604//1142 648//1142 602//1142
f 602//1143 648//1143 650//1143
f 602//1144 650//1144 600//1144
f 600//1145 650//1145 652//1145
f 600//1146 652//1146 598//1146
f 598//1147 652//1147 654//1147
f 598//1148 654//1148 596//1148
f 596//1149 654//1149 656//1149
f 596//1150 656//1150 594//1150
f 594//1151 656//1151 658//1151
f 594//1152 658//1152 592//1152
f 592//1153 658//1153 660//1153
f 592//1154 660//1154 621//1154
f 621//1155 660//1155 662//1155
f 621//1156 662//1156 628//1156
f 628//1157 662//1157 664//1157
f 628//1158 664//1158 626//1158
f 626//1159 664//1159 666//1159
f 626//1160 666//1160 667//1160
f 667//1161 668//1161 669//1161
f 667//1162 669//1162 626//1162
f 626//1163 669//1163 670//1163
f 626//1164 670//1164 624//1164
f 665//1165 671//1165 666//1165
f 666//1166 671//1166 672//1166
f 666//1167 672//1167 667//1167
f 667//1168 672//1168 673//1168
f 667//1169 673//1169 668//1169
f 674//1170 675//1170 673//1170
f 673//1171 675//1171 676//1171
f 673//1172 676//1172 668//1172
f 677//1173 590//1173 678//1173
f 678//1174 590//1174 588//1174
f 678//1175 588//1175 679//1175
f 679//1176 588//1176 584//1176
f 671//1177 677//1177 672//1177
f 672//1178 677//1178 678//1178
f 672//1179 678//1179 673//1179
f 673//1180 678//1180 679//1180
f 673//1181 679//1181 674//1181
f 674//1182 679//1182 584//1182
f 674//1183 584//1183 680//1183
f 680//1184 584//1184 586//1184
f 681//1185 581//1185 583//1185
f 577//1186 576//1186 682//1186
f 682//1187 576//1187 579//1187
f 683//1188 684//1188 685//1188
f 685//1189 684//1189 686//1189
f 687//1190 688//1190 689//1190
f 620//1191 690//1191 691//1191
f 691//1192 690//1192 692//1192
f 691//1193 692//1193 693//1193
f 693//1194 692//1194 694//1194
f 693//1195 694//1195 695//1195
f 695//1196 694//1196 696//1196
f 695//1197 696//1197 697//1197
f 697//1198 696//1198 698//1198
f 697//1199 698//1199 699//1199
f 699//1200 698//1200 700//1200
f 699//1201 700//1201 701//1201
f 701//1202 700//1202 702//1202
f 701//1203 702//1203 703//1203
f 703//1204 702//1204 704//1204
f 703//1205 704//1205 705//1205
f 705//1206 704//1206 706//1206
f 705//1207 706//1207 707//1207
f 707//1208 706//1208 708//1208
f 707//1209 708//1209 709//1209
f 709//1210 708//1210 710//1210
f 709//1211 710//1211 711//1211
f 711//1212 710//1212 712//1212
f 711//1213 712//1213 713//1213
f 713//1214 712//1214 714//1214
f 713//1215 714//1215 715//1215
f 715//1216 714//1216 716//1216
f 715//1217 716//1217 717//1217
f 717//1218 716//1218 718//1218
f 717//1219 718//1219 719//1219
f 719//1220 718//1220 720//1220
f 719//1221 720//1221 721//1221
f 721//1222 720//1222 722//1222
f 723//1223 724//1223 722//1223
f 722//1224 724//1224 725//1224
f 722//1225 725//1225 721//1225
f 723//1226 726//1226 724//1226
f 724//1227 726//1227 727//1227
f 724//1228 727//1228 728//1228
f 729//1229 730//1229 728//1229
f 728//1230 730//1230 731//1230
f 728//1231 731//1231 724//1231
f 729//1232 732//1232 730//1232
f 730//1233 732//1233 733//1233
f 730//1234 733//1234 734//1234
f 734//1235 733//1235 735//1235
f 734//1236 735//1236 736//1236
f 736//1237 735//1237 737//1237
f 736//1238 737//1238 738//1238
f 738//1239 737//1239 687//1239
f 738//1240 687//1240 739//1240
f 739//1241 687//1241 689//1241
f 739//1242 689//1242 683//1242
f 683//1243 685//1243 739//1243
f 739//1244 685//1244 740//1244
f 739//1245 740//1245 738//1245
f 738//1246 740//1246 741//1246
f 738//1247 741//1247 736//1247
f 736//1248 741//1248 742//1248
f 736//1249 742//1249 734//1249
f 734//1250 742//1250 743//1250
f 734//1251 743//1251 730//1251
f 730//1252 743//1252 744//1252
f 730//1253 744//1253 731//1253
f 731//1254 744//1254 745//1254
f 731//1255 745//1255 724//1255
f 724//1256 745//1256 746//1256
f 724//1257 746//1257 725//1257
f 725//1258 746//1258 747//1258
f 725//1259 747//1259 721//1259
f 721//1260 747//1260 748//1260
f 721//1261 748//1261 719//1261
f 719//1262 748//1262 749//1262
f 719//1263 749//1263 717//1263
f 717//1264 749//1264 750//1264
f 717//1265 750//1265 715//1265
f 715//1266 750//1266 751//1266
f 715//1267 751//1267 713//1267
f 713//1268 751//1268 752//1268
f 713//1269 752//1269 711//1269
f 711//1270 752//1270 753//1270
f 711//1271 753//1271 709//1271
f 709//1272 753//1272 754//1272
f 709//1273 754//1273 707//1273
f 707//1274 754//1274 755//1274
f 707//1275 755//1275 705//1275
f 705//1276 755//1276 756//1276
f 705//1277 756//1277 703//1277
f 703//1278 756//1278 757//1278
f 703//1279 757//1279 701//1279
f 701//1280 757//1280 758//1280
f 701//1281 758//1281 699//1281
f 699//1282 758//1282 759//1282
f 699//1283 759//1283 697//1283
f 697//1284 759//1284 760//1284
f 697//1285 760//1285 695//1285
f 695//1286 760//1286 761//1286
f 695//1287 761//1287 693//1287
f 693//1288 761//1288 681//1288
f 693//1289 681//1289 691//1289
f 691//1290 681//1290 583//1290
f 691//1291 583//1291 620//1291
f 686//1292 762//1292 685//1292
f 685//1293 762//1293 763//1293
f 685//1294 763//1294 740//1294
f 740//1295 763//1295 764//1295
f 740//1296 764//1296 741//1296
f 741//1297 764//1297 765//1297
f 741//1298 765//1298 742//1298
f 742//1299 765//1299 766//1299
f 742//1300 766//1300 743//1300
f 743//1301 766//1301 767//1301
f 743//1302 767//1302 744//1302
f 744//1303 767//1303 768//1303
f 744//1304 768//1304 745//1304
f 745//1305 768//1305 769//1305
f 745//1306 769//1306 746//1306
f 746//1307 769//1307 770//1307
f 746//1308 770//1308 747//1308
f 747//1309 770//1309 771//1309
f 747//1310 771//1310 748//1310
f 748//1311 771//1311 772//1311
f 748//1312 772//1312 749//1312
f 749//1313 772//1313 773//1313
f 749//1314 773//1314 750//1314
f 750//1315 773//1315 774//1315
f 750//1316 774//1316 751//1316
f 751//1317 774//1317 775//1317
f 751//1318 775//1318 752//1318
f 752//1319 775//1319 776//1319
f 752//1320 776//1320 753//1320
f 753//1321 776//1321 777//1321
f 753//1322 777//1322 754//1322
f 754//1323 777//1323 778//1323
f 754//1324 778//1324 755//1324
f 755//1325 778//1325 779//1325
f 755//1326 779//1326 756//1326
f 756//1327 779//1327 780//1327
f 756//1328 780//1328 757//1328
f 757//1329 780//1329 781//1329
f 757//1330 781//1330 758//1330
f 758//1331 781//1331 782//1331
f 758//1332 782//1332 759//1332
f 759//1333 782//1333 783//1333
f 759//1334 783//1334 760//1334
f 760//1335 783//1335 784//1335
f 760//1336 784//1336 761//1336
f 761//1337 784//1337 682//1337
f 761//1338 682//1338 681//1338
f 681//1339 682//1339 579//1339
f 681//1340 579//1340 581//1340
f 665//1341 663//1341 766//1341
f 657//1341 655//1341 633//1341
f 782//1341 781//1341 663//1341
f 661//1341 631//1341 578//1341
f 782//1341 663//1341 783//1341
f 631//1341 661//1341 633//1341
f 633//1341 661//1341 659//1341
f 633//1341 659//1341 657//1341
f 578//1341 577//1341 661//1341
f 661//1341 577//1341 682//1341
f 661//1341 682//1341 663//1341
f 663//1341 682//1341 784//1341
f 663//1341 784//1341 783//1341
f 769//1341 768//1341 663//1341
f 663//1341 768//1341 767//1341
f 663//1341 767//1341 766//1341
f 766//1341 765//1341 665//1341
f 665//1341 765//1341 764//1341
f 665//1341 764//1341 671//1341
f 671//1341 764//1341 763//1341
f 671//1341 763//1341 677//1341
f 677//1341 763//1341 762//1341
f 677//1341 762//1341 590//1341
f 590//1341 762//1341 686//1341
f 590//1341 686//1341 591//1341
f 655//1341 653//1341 633//1341
f 633//1341 653//1341 651//1341
f 633//1341 651//1341 649//1341
f 775//1341 774//1341 663//1341
f 663//1341 774//1341 773//1341
f 663//1341 773//1341 772//1341
f 781//1341 780//1341 663//1341
f 663//1341 780//1341 779//1341
f 663//1341 779//1341 778//1341
f 772//1341 771//1341 663//1341
f 663//1341 771//1341 770//1341
f 663//1341 770//1341 769//1341
f 649//1341 647//1341 633//1341
f 633//1341 647//1341 645//1341
f 633//1341 645//1341 635//1341
f 635//1341 645//1341 643//1341
f 635//1341 643//1341 637//1341
f 637//1341 643//1341 641//1341
f 637//1341 641//1341 639//1341
f 778//1341 777//1341 663//1341
f 663//1341 777//1341 776//1341
f 663//1341 776//1341 775//1341
f 785//1342 597//1342 786//1342
f 786//1343 597//1343 595//1343
f 786//1344 595//1344 787//1344
f 787//1345 595//1345 593//1345
f 787//1346 593//1346 788//1346
f 788//1347 593//1347 623//1347
f 788//1348 623//1348 622//1348
f 603//1349 601//1349 785//1349
f 785//1350 601//1350 599//1350
f 785//1351 599//1351 597//1351
f 789//1352 609//1352 790//1352
f 790//1353 609//1353 607//1353
f 790//1354 607//1354 791//1354
f 791//1355 607//1355 605//1355
f 791//1356 605//1356 792//1356
f 792//1357 605//1357 603//1357
f 792//1358 603//1358 793//1358
f 793//1359 603//1359 785//1359
f 615//1360 613//1360 789//1360
f 789//1361 613//1361 611//1361
f 789//1362 611//1362 609//1362
f 789//1363 794//1363 615//1363
f 615//1364 794//1364 795//1364
f 615//1365 795//1365 617//1365
f 617//1366 795//1366 619//1366
f 796//1367 797//1367 795//1367
f 795//1368 797//1368 798//1368
f 795//1369 798//1369 799//1369
f 799//1370 800//1370 795//1370
f 795//1371 800//1371 167//1371
f 795//1372 167//1372 619//1372
f 619//1373 167//1373 801//1373
f 619//1374 801//1374 620//1374
f 627//1375 802//1375 629//1375
f 629//1376 802//1376 803//1376
f 629//1377 803//1377 630//1377
f 630//1378 803//1378 804//1378
f 630//1379 804//1379 622//1379
f 622//1380 804//1380 805//1380
f 622//1381 805//1381 788//1381
f 788//1382 805//1382 806//1382
f 788//1383 806//1383 787//1383
f 787//1384 806//1384 807//1384
f 787//1385 807//1385 786//1385
f 786//1386 807//1386 808//1386
f 786//1387 808//1387 785//1387
f 785//1388 808//1388 809//1388
f 785//1389 809//1389 793//1389
f 793//1390 809//1390 810//1390
f 793//1391 810//1391 792//1391
f 792//1392 810//1392 811//1392
f 792//1393 811//1393 791//1393
f 791//1394 811//1394 812//1394
f 791//1395 812//1395 790//1395
f 790//1396 812//1396 813//1396
f 790//1397 813//1397 789//1397
f 789//1398 813//1398 814//1398
f 789//1399 814//1399 794//1399
f 794//1400 814//1400 815//1400
f 794//1401 815//1401 795//1401
f 795//1402 815//1402 816//1402
f 795//1403 816//1403 796//1403
f 627//1404 625//1404 802//1404
f 802//1405 625//1405 624//1405
f 802//1406 624//1406 817//1406
f 817//1407 624//1407 670//1407
f 670//1408 818//1408 817//1408
f 817//1409 818//1409 819//1409
f 817//1410 819//1410 820//1410
f 820//1411 819//1411 821//1411
f 820//1412 821//1412 822//1412
f 822//1413 821//1413 823//1413
f 822//1414 823//1414 824//1414
f 825//1415 826//1415 824//1415
f 824//1416 823//1416 825//1416
f 825//1417 823//1417 680//1417
f 825//1418 680//1418 586//1418
f 670//1419 669//1419 818//1419
f 818//1420 669//1420 668//1420
f 818//1421 668//1421 819//1421
f 819//1422 668//1422 676//1422
f 819//1423 676//1423 821//1423
f 821//1424 676//1424 675//1424
f 821//1425 675//1425 823//1425
f 823//1426 675//1426 674//1426
f 823//1427 674//1427 680//1427
f 827//1428 828//1428 829//1428
f 830//1429 732//1429 729//1429
f 830//1430 729//1430 831//1430
f 831//1431 729//1431 728//1431
f 831//1432 728//1432 832//1432
f 728//1433 727//1433 832//1433
f 832//1434 727//1434 726//1434
f 832//1435 726//1435 833//1435
f 833//1436 726//1436 723//1436
f 833//1437 723//1437 834//1437
f 834//1438 723//1438 722//1438
f 834//1439 722//1439 835//1439
f 835//1440 722//1440 836//1440
f 835//1441 836//1441 837//1441
f 837//1442 836//1442 838//1442
f 837//1443 838//1443 839//1443
f 839//1444 838//1444 840//1444
f 839//1445 840//1445 841//1445
f 841//1446 840//1446 842//1446
f 842//1447 840//1447 843//1447
f 842//1448 843//1448 844//1448
f 844//1449 843//1449 845//1449
f 844//1450 845//1450 846//1450
f 846//1451 845//1451 847//1451
f 847//1452 845//1452 848//1452
f 847//1453 848//1453 849//1453
f 849//1454 848//1454 850//1454
f 849//1455 850//1455 851//1455
f 851//1456 850//1456 852//1456
f 851//1457 852//1457 853//1457
f 853//1458 852//1458 854//1458
f 854//1459 852//1459 855//1459
f 854//1460 855//1460 856//1460
f 856//1461 855//1461 857//1461
f 856//1462 857//1462 858//1462
f 859//1463 860//1463 858//1463
f 801//1464 167//1464 859//1464
f 859//1465 167//1465 861//1465
f 859//1466 861//1466 860//1466
f 858//1467 857//1467 859//1467
f 859//1468 857//1468 694//1468
f 859//1469 694//1469 801//1469
f 694//1470 692//1470 801//1470
f 801//1471 692//1471 690//1471
f 801//1472 690//1472 620//1472
f 852//1473 700//1473 855//1473
f 855//1474 700//1474 698//1474
f 855//1475 698//1475 857//1475
f 857//1476 698//1476 696//1476
f 857//1477 696//1477 694//1477
f 843//1478 710//1478 845//1478
f 845//1479 710//1479 708//1479
f 845//1480 708//1480 848//1480
f 848//1481 708//1481 706//1481
f 848//1482 706//1482 850//1482
f 850//1483 706//1483 704//1483
f 850//1484 704//1484 852//1484
f 852//1485 704//1485 702//1485
f 852//1486 702//1486 700//1486
f 722//1487 720//1487 836//1487
f 836//1488 720//1488 718//1488
f 836//1489 718//1489 838//1489
f 838//1490 718//1490 716//1490
f 838//1491 716//1491 840//1491
f 840//1492 716//1492 714//1492
f 840//1493 714//1493 843//1493
f 843//1494 714//1494 712//1494
f 843//1495 712//1495 710//1495
f 732//1496 830//1496 733//1496
f 733//1497 830//1497 862//1497
f 733//1498 862//1498 735//1498
f 735//1499 862//1499 863//1499
f 735//1500 863//1500 737//1500
f 863//1501 864//1501 737//1501
f 737//1502 864//1502 865//1502
f 737//1503 865//1503 687//1503
f 827//1504 829//1504 866//1504
f 830//1505 867//1505 862//1505
f 862//1506 867//1506 868//1506
f 862//1507 868//1507 863//1507
f 863//1508 868//1508 869//1508
f 863//1509 869//1509 864//1509
f 864//1510 869//1510 866//1510
f 864//1511 866//1511 865//1511
f 865//1512 866//1512 829//1512
f 865//1513 829//1513 687//1513
f 687//1514 829//1514 688//1514
f 870//1515 871//1515 872//1515
f 873//1516 874//1516 875//1516
f 876//1517 877//1517 878//1517
f 879//1518 880//1518 881//1518
f 882//1519 883//1519 884//1519
f 885//1520 886//1520 887//1520
f 888//1521 889//1521 890//1521
f 891//1522 892//1522 893//1522
f 894//1523 895//1523 896//1523
f 170//1524 169//1524 897//1524
f 167//1525 898//1525 169//1525
f 169//1526 898//1526 897//1526
f 898//1527 899//1527 897//1527
f 897//1528 899//1528 900//1528
f 897//1529 900//1529 901//1529
f 901//1530 902//1530 897//1530
f 897//1531 902//1531 903//1531
f 897//1532 903//1532 904//1532
f 165//1533 163//1533 905//1533
f 905//1534 163//1534 161//1534
f 905//1535 161//1535 160//1535
f 906//1536 252//1536 907//1536
f 907//1537 252//1537 221//1537
f 907//1538 221//1538 908//1538
f 908//1539 221//1539 159//1539
f 141//1540 150//1540 909//1540
f 909//1541 150//1541 148//1541
f 909//1542 148//1542 910//1542
f 910//1543 148//1543 146//1543
f 910//1544 146//1544 911//1544
f 911//1545 146//1545 156//1545
f 911//1546 156//1546 912//1546
f 912//1547 156//1547 155//1547
f 912//1548 155//1548 913//1548
f 913//1549 155//1549 153//1549
f 913//1550 153//1550 906//1550
f 906//1551 153//1551 253//1551
f 906//1552 253//1552 252//1552
f 268//1553 144//1553 914//1553
f 914//1554 144//1554 142//1554
f 915//1555 278//1555 268//1555
f 135//1556 916//1556 137//1556
f 137//1557 916//1557 917//1557
f 137//1558 917//1558 129//1558
f 129//1559 917//1559 918//1559
f 129//1560 918//1560 131//1560
f 131//1561 918//1561 919//1561
f 131//1562 919//1562 133//1562
f 133//1563 919//1563 920//1563
f 133//1564 920//1564 22//1564
f 921//1565 922//1565 126//1565
f 126//1566 922//1566 127//1566
f 115//1567 119//1567 923//1567
f 923//1568 119//1568 124//1568
f 923//1569 124//1569 924//1569
f 924//1570 124//1570 122//1570
f 924//1571 122//1571 922//1571
f 922//1572 122//1572 121//1572
f 922//1573 121//1573 127//1573
f 925//1574 926//1574 927//1574
f 927//1575 926//1575 928//1575
f 929//1576 930//1576 931//1576
f 931//1577 930//1577 932//1577
f 931//1578 932//1578 933//1578
f 934//1579 935//1579 936//1579
f 935//1580 934//1580 937//1580
f 937//1581 934//1581 938//1581
f 937//1582 938//1582 939//1582
f 940//1583 941//1583 942//1583
f 942//1584 941//1584 943//1584
f 942//1585 943//1585 944//1585
f 944//1586 943//1586 945//1586
f 944//1587 945//1587 946//1587
f 946//1588 945//1588 947//1588
f 946//1589 947//1589 948//1589
f 948//1590 947//1590 949//1590
f 948//1591 949//1591 950//1591
f 950//1592 949//1592 951//1592
f 950//1593 951//1593 952//1593
f 952//1594 951//1594 953//1594
f 952//1595 953//1595 954//1595
f 954//1596 955//1596 956//1596
f 956//1597 955//1597 957//1597
f 956//1598 957//1598 958//1598
f 958//1599 957//1599 959//1599
f 958//1600 959//1600 960//1600
f 960//1601 959//1601 961//1601
f 961//1602 959//1602 962//1602
f 961//1603 962//1603 963//1603
f 963//1604 962//1604 964//1604
f 964//1605 962//1605 965//1605
f 964//1606 965//1606 966//1606
f 966//1607 965//1607 967//1607
f 966//1608 967//1608 968//1608
f 969//1609 970//1609 971//1609
f 972//1610 970//1610 973//1610
f 973//1611 970//1611 969//1611
f 973//1612 969//1612 974//1612
f 975//1613 976//1613 977//1613
f 977//1614 976//1614 978//1614
f 977//1615 978//1615 979//1615
f 979//1616 978//1616 980//1616
f 979//1617 980//1617 981//1617
f 981//1618 980//1618 982//1618
f 981//1619 982//1619 983//1619
f 885//1620 887//1620 984//1620
f 882//1621 884//1621 985//1621
f 985//1622 884//1622 986//1622
f 985//1623 986//1623 987//1623
f 987//1624 986//1624 988//1624
f 987//1625 988//1625 989//1625
f 990//1626 991//1626 992//1626
f 992//1627 993//1627 990//1627
f 990//1628 993//1628 994//1628
f 990//1629 994//1629 988//1629
f 988//1630 994//1630 995//1630
f 988//1631 995//1631 989//1631
f 996//1632 997//1632 998//1632
f 998//1633 997//1633 999//1633
f 998//1634 999//1634 991//1634
f 991//1635 999//1635 1000//1635
f 991//1636 1000//1636 992//1636
f 904//1637 1001//1637 897//1637
f 897//1638 1001//1638 1002//1638
f 897//1639 1002//1639 1003//1639
f 1003//1640 1002//1640 1004//1640
f 1003//1641 1004//1641 1005//1641
f 1005//1642 1004//1642 996//1642
f 1005//1643 996//1643 1006//1643
f 1006//1644 996//1644 998//1644
f 1007//1645 1008//1645 1009//1645
f 1009//1646 1008//1646 1010//1646
f 1009//1647 1010//1647 1011//1647
f 1011//1648 1010//1648 1012//1648
f 1011//1649 1012//1649 887//1649
f 887//1650 1012//1650 1013//1650
f 887//1651 1013//1651 984//1651
f 1014//1652 1015//1652 1016//1652
f 1016//1653 1015//1653 1017//1653
f 1016//1654 1017//1654 1018//1654
f 1018//1655 1017//1655 1019//1655
f 1018//1656 1019//1656 1020//1656
f 1020//1657 1019//1657 1021//1657
f 1020//1658 1021//1658 1022//1658
f 1022//1659 1021//1659 1023//1659
f 1022//1660 1023//1660 1024//1660
f 1024//1661 1023//1661 1025//1661
f 1024//1662 1025//1662 1026//1662
f 1026//1663 1025//1663 1027//1663
f 879//1664 1028//1664 880//1664
f 880//1665 1028//1665 1029//1665
f 880//1666 1029//1666 1030//1666
f 1030//1667 1029//1667 1031//1667
f 1030//1668 1031//1668 1032//1668
f 1032//1669 1031//1669 1033//1669
f 1032//1670 1033//1670 1034//1670
f 1034//1671 1033//1671 1035//1671
f 1034//1672 1035//1672 1036//1672
f 1036//1673 1035//1673 1037//1673
f 1036//1674 1037//1674 1038//1674
f 1038//1675 1037//1675 1039//1675
f 1038//1676 1039//1676 1040//1676
f 160//1677 170//1677 905//1677
f 905//1678 170//1678 897//1678
f 905//1679 897//1679 1041//1679
f 1041//1680 897//1680 1003//1680
f 1041//1681 1003//1681 1042//1681
f 1042//1682 1003//1682 1005//1682
f 1042//1683 1005//1683 1043//1683
f 1043//1684 1005//1684 1006//1684
f 1043//1685 1006//1685 1044//1685
f 1044//1686 1006//1686 998//1686
f 1044//1687 998//1687 1045//1687
f 1045//1688 998//1688 991//1688
f 1045//1689 991//1689 1046//1689
f 1046//1690 991//1690 990//1690
f 1046//1691 990//1691 1047//1691
f 1047//1692 990//1692 988//1692
f 1047//1693 988//1693 1048//1693
f 1048//1694 988//1694 986//1694
f 1048//1695 986//1695 1049//1695
f 1049//1696 986//1696 884//1696
f 1049//1697 884//1697 1050//1697
f 1050//1698 884//1698 883//1698
f 1050//1699 883//1699 881//1699
f 881//1700 880//1700 1050//1700
f 1050//1701 880//1701 1030//1701
f 1050//1702 1030//1702 1049//1702
f 1049//1703 1030//1703 1032//1703
f 1049//1704 1032//1704 1048//1704
f 1048//1705 1032//1705 1034//1705
f 1048//1706 1034//1706 1047//1706
f 1047//1707 1034//1707 1036//1707
f 1047//1708 1036//1708 1046//1708
f 1046//1709 1036//1709 1038//1709
f 1046//1710 1038//1710 1045//1710
f 1045//1711 1038//1711 1040//1711
f 1045//1712 1040//1712 1044//1712
f 1044//1713 1040//1713 1051//1713
f 1044//1714 1051//1714 1043//1714
f 1043//1715 1051//1715 1052//1715
f 1043//1716 1052//1716 1042//1716
f 1042//1717 1052//1717 1053//1717
f 1042//1718 1053//1718 1041//1718
f 1041//1719 1053//1719 1054//1719
f 1041//1720 1054//1720 905//1720
f 905//1721 1054//1721 1055//1721
f 905//1722 1055//1722 165//1722
f 1039//1723 1056//1723 1040//1723
f 1040//1724 1056//1724 1057//1724
f 1040//1725 1057//1725 1051//1725
f 1051//1726 1057//1726 1058//1726
f 1051//1727 1058//1727 1052//1727
f 1052//1728 1058//1728 1059//1728
f 1052//1729 1059//1729 1053//1729
f 1053//1730 1059//1730 1060//1730
f 1053//1731 1060//1731 1054//1731
f 1054//1732 1060//1732 1061//1732
f 1054//1733 1061//1733 1055//1733
f 1055//1734 1061//1734 166//1734
f 1055//1735 166//1735 165//1735
f 1056//1736 1062//1736 1057//1736
f 1057//1737 1062//1737 1063//1737
f 1057//1738 1063//1738 1058//1738
f 1058//1739 1063//1739 1064//1739
f 1058//1740 1064//1740 1059//1740
f 1059//1741 1064//1741 1065//1741
f 1059//1742 1065//1742 1060//1742
f 1060//1743 1065//1743 1066//1743
f 1060//1744 1066//1744 1061//1744
f 1061//1745 1066//1745 158//1745
f 1061//1746 158//1746 166//1746
f 1067//1747 1068//1747 1069//1747
f 1070//1748 1014//1748 1071//1748
f 1071//1749 1014//1749 1016//1749
f 1071//1750 1016//1750 1072//1750
f 1072//1751 1016//1751 1018//1751
f 1072//1752 1018//1752 1073//1752
f 1073//1753 1018//1753 1020//1753
f 1073//1754 1020//1754 1074//1754
f 1074//1755 1020//1755 1022//1755
f 1074//1756 1022//1756 1075//1756
f 1075//1757 1022//1757 1024//1757
f 1075//1758 1024//1758 1076//1758
f 1076//1759 1024//1759 1026//1759
f 1076//1760 1026//1760 1077//1760
f 1077//1761 1026//1761 1027//1761
f 1077//1762 1027//1762 1078//1762
f 1079//1763 1070//1763 1080//1763
f 1080//1764 1070//1764 1071//1764
f 1080//1765 1071//1765 1081//1765
f 1081//1766 1071//1766 1072//1766
f 1081//1767 1072//1767 1082//1767
f 1082//1768 1072//1768 1073//1768
f 1082//1769 1073//1769 1083//1769
f 1083//1770 1073//1770 1074//1770
f 1083//1771 1074//1771 1084//1771
f 1084//1772 1074//1772 1075//1772
f 1084//1773 1075//1773 1085//1773
f 1085//1774 1075//1774 1076//1774
f 1085//1775 1076//1775 1086//1775
f 1086//1776 1076//1776 1077//1776
f 1086//1777 1077//1777 1087//1777
f 1087//1778 1077//1778 1078//1778
f 1087//1779 1078//1779 1088//1779
f 1089//1780 1079//1780 1090//1780
f 1090//1781 1079//1781 1080//1781
f 1090//1782 1080//1782 1091//1782
f 1091//1783 1080//1783 1081//1783
f 1091//1784 1081//1784 1092//1784
f 1092//1785 1081//1785 1082//1785
f 1092//1786 1082//1786 1093//1786
f 1093//1787 1082//1787 1083//1787
f 1093//1788 1083//1788 1094//1788
f 1094//1789 1083//1789 1084//1789
f 1094//1790 1084//1790 1095//1790
f 1095//1791 1084//1791 1085//1791
f 1095//1792 1085//1792 1096//1792
f 1096//1793 1085//1793 1086//1793
f 1096//1794 1086//1794 1097//1794
f 1097//1795 1086//1795 1087//1795
f 1097//1796 1087//1796 1098//1796
f 1098//1797 1087//1797 1088//1797
f 1098//1798 1088//1798 1099//1798
f 1100//1799 1089//1799 1101//1799
f 1101//1800 1089//1800 1090//1800
f 1101//1801 1090//1801 1102//1801
f 1102//1802 1090//1802 1091//1802
f 1102//1803 1091//1803 1103//1803
f 1103//1804 1091//1804 1092//1804
f 1103//1805 1092//1805 1104//1805
f 1104//1806 1092//1806 1093//1806
f 1104//1807 1093//1807 1105//1807
f 1105//1808 1093//1808 1094//1808
f 1105//1809 1094//1809 1106//1809
f 1106//1810 1094//1810 1095//1810
f 1106//1811 1095//1811 1107//1811
f 1107//1812 1095//1812 1096//1812
f 1107//1813 1096//1813 1108//1813
f 1108//1814 1096//1814 1097//1814
f 1108//1815 1097//1815 1109//1815
f 1109//1816 1097//1816 1098//1816
f 1109//1817 1098//1817 1110//1817
f 1110//1818 1098//1818 1099//1818
f 1110//1819 1099//1819 1111//1819
f 1112//1820 1100//1820 1113//1820
f 1113//1821 1100//1821 1101//1821
f 1113//1822 1101//1822 1114//1822
f 1114//1823 1101//1823 1102//1823
f 1114//1824 1102//1824 1115//1824
f 1115//1825 1102//1825 1103//1825
f 1115//1826 1103//1826 1116//1826
f 1116//1827 1103//1827 1104//1827
f 1116//1828 1104//1828 1117//1828
f 1117//1829 1104//1829 1105//1829
f 1117//1830 1105//1830 1118//1830
f 1118//1831 1105//1831 1106//1831
f 1118//1832 1106//1832 1119//1832
f 1119//1833 1106//1833 1107//1833
f 1119//1834 1107//1834 1120//1834
f 1120//1835 1107//1835 1108//1835
f 1120//1836 1108//1836 1121//1836
f 1121//1837 1108//1837 1109//1837
f 1121//1838 1109//1838 1122//1838
f 1122//1839 1109//1839 1110//1839
f 1122//1840 1110//1840 1123//1840
f 1123//1841 1110//1841 1111//1841
f 1123//1842 1111//1842 1124//1842
f 1125//1843 1112//1843 1126//1843
f 1126//1844 1112//1844 1113//1844
f 1126//1845 1113//1845 1127//1845
f 1127//1846 1113//1846 1114//1846
f 1127//1847 1114//1847 1128//1847
f 1128//1848 1114//1848 1115//1848
f 1128//1849 1115//1849 1129//1849
f 1129//1850 1115//1850 1116//1850
f 1129//1851 1116//1851 1130//1851
f 1130//1852 1116//1852 1117//1852
f 1130//1853 1117//1853 1131//1853
f 1131//1854 1117//1854 1118//1854
f 1131//1855 1118//1855 1132//1855
f 1132//1856 1118//1856 1119//1856
f 1132//1857 1119//1857 1133//1857
f 1133//1858 1119//1858 1120//1858
f 1133//1859 1120//1859 1134//1859
f 1134//1860 1120//1860 1121//1860
f 1134//1861 1121//1861 1135//1861
f 1135//1862 1121//1862 1122//1862
f 1135//1863 1122//1863 1136//1863
f 1136//1864 1122//1864 1123//1864
f 1136//1865 1123//1865 1137//1865
f 1137//1866 1123//1866 1124//1866
f 1137//1867 1124//1867 1138//1867
f 1067//1868 1125//1868 1139//1868
f 1139//1869 1125//1869 1126//1869
f 1139//1870 1126//1870 1140//1870
f 1140//1871 1126//1871 1127//1871
f 1140//1872 1127//1872 1141//1872
f 1141//1873 1127//1873 1128//1873
f 1141//1874 1128//1874 1142//1874
f 1142//1875 1128//1875 1129//1875
f 1142//1876 1129//1876 1143//1876
f 1143//1877 1129//1877 1130//1877
f 1143//1878 1130//1878 1144//1878
f 1144//1879 1130//1879 1131//1879
f 1144//1880 1131//1880 1145//1880
f 1145//1881 1131//1881 1132//1881
f 1145//1882 1132//1882 1146//1882
f 1146//1883 1132//1883 1133//1883
f 1146//1884 1133//1884 1147//1884
f 1147//1885 1133//1885 1134//1885
f 1147//1886 1134//1886 1148//1886
f 1148//1887 1134//1887 1135//1887
f 1148//1888 1135//1888 1149//1888
f 1149//1889 1135//1889 1136//1889
f 1149//1890 1136//1890 1150//1890
f 1150//1891 1136//1891 1137//1891
f 1150//1892 1137//1892 1151//1892
f 1151//1893 1137//1893 1138//1893
f 1151//1894 1138//1894 1152//1894
f 1153//1895 1154//1895 1155//1895
f 1155//1896 1154//1896 1156//1896
f 1155//1897 1156//1897 1157//1897
f 1157//1898 1156//1898 1158//1898
f 1157//1899 1158//1899 1159//1899
f 1159//1900 1158//1900 1160//1900
f 1159//1901 1160//1901 1161//1901
f 1161//1902 1160//1902 1162//1902
f 1161//1903 1162//1903 1163//1903
f 1163//1904 1162//1904 1164//1904
f 1163//1905 1164//1905 1165//1905
f 1165//1906 1164//1906 1166//1906
f 1165//1907 1166//1907 1167//1907
f 1167//1908 1166//1908 1168//1908
f 1167//1909 1168//1909 1169//1909
f 1169//1910 1168//1910 1170//1910
f 1169//1911 1170//1911 1171//1911
f 1171//1912 1170//1912 1172//1912
f 1171//1913 1172//1913 1173//1913
f 1173//1914 1172//1914 1174//1914
f 1173//1915 1174//1915 1175//1915
f 1175//1916 1174//1916 1176//1916
f 1175//1917 1176//1917 1177//1917
f 1177//1918 1176//1918 1178//1918
f 1177//1919 1178//1919 1179//1919
f 1179//1920 1178//1920 1180//1920
f 1179//1921 1180//1921 1181//1921
f 1181//1922 1180//1922 1182//1922
f 1181//1923 1182//1923 1183//1923
f 1183//1924 1182//1924 1184//1924
f 1183//1925 1184//1925 1185//1925
f 1067//1926 1069//1926 1125//1926
f 1125//1927 1069//1927 1186//1927
f 1125//1928 1186//1928 1112//1928
f 1112//1929 1186//1929 1187//1929
f 1112//1930 1187//1930 1100//1930
f 1100//1931 1187//1931 1188//1931
f 1100//1932 1188//1932 1089//1932
f 1089//1933 1188//1933 1189//1933
f 1089//1934 1189//1934 1079//1934
f 1079//1935 1189//1935 1190//1935
f 1079//1936 1190//1936 1070//1936
f 1070//1937 1190//1937 1191//1937
f 1070//1938 1191//1938 1014//1938
f 1014//1939 1191//1939 1192//1939
f 1014//1940 1192//1940 1015//1940
f 1015//1941 1192//1941 1153//1941
f 1015//1942 1153//1942 1017//1942
f 1017//1943 1153//1943 1155//1943
f 1017//1944 1155//1944 1019//1944
f 1019//1945 1155//1945 1157//1945
f 1019//1946 1157//1946 1021//1946
f 1021//1947 1157//1947 1159//1947
f 1021//1948 1159//1948 1023//1948
f 1023//1949 1159//1949 1161//1949
f 1023//1950 1161//1950 1025//1950
f 1025//1951 1161//1951 1163//1951
f 1025//1952 1163//1952 1027//1952
f 1027//1953 1163//1953 1165//1953
f 1027//1954 1165//1954 1078//1954
f 1078//1955 1165//1955 1167//1955
f 1078//1956 1167//1956 1088//1956
f 1088//1957 1167//1957 1169//1957
f 1088//1958 1169//1958 1099//1958
f 1099//1959 1169//1959 1171//1959
f 1099//1960 1171//1960 1111//1960
f 1111//1961 1171//1961 1173//1961
f 1111//1962 1173//1962 1124//1962
f 1124//1963 1173//1963 1175//1963
f 1124//1964 1175//1964 1138//1964
f 1138//1965 1175//1965 1177//1965
f 1138//1966 1177//1966 1152//1966
f 1152//1967 1177//1967 1179//1967
f 1152//1968 1179//1968 1193//1968
f 1193//1969 1179//1969 1181//1969
f 1193//1970 1181//1970 1194//1970
f 1194//1971 1181//1971 1183//1971
f 1194//1972 1183//1972 1195//1972
f 1195//1973 1183//1973 1185//1973
f 1195//1974 1185//1974 1196//1974
f 1197//1975 1068//1975 1198//1975
f 1198//1976 1068//1976 1067//1976
f 1198//1977 1067//1977 1199//1977
f 1199//1978 1067//1978 1139//1978
f 1199//1979 1139//1979 1200//1979
f 1200//1980 1139//1980 1140//1980
f 1200//1981 1140//1981 1201//1981
f 1201//1982 1140//1982 1141//1982
f 1201//1983 1141//1983 1202//1983
f 1202//1984 1141//1984 1142//1984
f 1202//1985 1142//1985 1203//1985
f 1203//1986 1142//1986 1143//1986
f 1203//1987 1143//1987 1204//1987
f 1204//1988 1143//1988 1144//1988
f 1204//1989 1144//1989 1205//1989
f 1205//1990 1144//1990 1145//1990
f 1205//1991 1145//1991 1206//1991
f 1206//1992 1145//1992 1146//1992
f 1206//1993 1146//1993 1207//1993
f 1207//1994 1146//1994 1147//1994
f 1207//1995 1147//1995 1208//1995
f 1208//1996 1147//1996 1148//1996
f 1208//1997 1148//1997 1209//1997
f 1209//1998 1148//1998 1149//1998
f 1209//1999 1149//1999 1210//1999
f 1210//2000 1149//2000 1150//2000
f 1210//2001 1150//2001 1211//2001
f 1211//2002 1150//2002 1151//2002
f 1211//2003 1151//2003 1212//2003
f 1212//2004 1151//2004 1152//2004
f 1212//2005 1152//2005 1213//2005
f 1213//2006 1152//2006 1193//2006
f 1213//2007 1193//2007 1214//2007
f 1214//2008 1193//2008 1194//2008
f 1214//2009 1194//2009 1215//2009
f 1215//2010 1194//2010 1195//2010
f 1215//2011 1195//2011 1216//2011
f 1216//2012 1195//2012 1196//2012
f 1216//2013 1196//2013 1217//2013
f 908//2014 1218//2014 907//2014
f 907//2015 1218//2015 1219//2015
f 907//2016 1219//2016 906//2016
f 906//2017 1219//2017 1220//2017
f 906//2018 1220//2018 913//2018
f 913//2019 1220//2019 1221//2019
f 913//2020 1221//2020 912//2020
f 912//2021 1221//2021 1222//2021
f 912//2022 1222//2022 911//2022
f 911//2023 1222//2023 1223//2023
f 911//2024 1223//2024 910//2024
f 910//2025 1223//2025 1224//2025
f 910//2026 1224//2026 909//2026
f 909//2027 1224//2027 1225//2027
f 909//2028 1225//2028 1226//2028
f 1226//2029 1225//2029 1227//2029
f 1226//2030 1227//2030 1228//2030
f 1228//2031 1227//2031 1229//2031
f 1228//2032 1229//2032 1230//2032
f 1230//2033 1229//2033 1231//2033
f 1230//2034 1231//2034 1232//2034
f 1232//2035 1231//2035 1233//2035
f 1232//2036 1233//2036 1234//2036
f 1234//2037 1233//2037 1235//2037
f 1234//2038 1235//2038 1236//2038
f 1236//2039 1235//2039 1237//2039
f 1236//2040 1237//2040 1238//2040
f 1238//2041 1237//2041 1239//2041
f 1238//2042 1239//2042 1240//2042
f 1240//2043 1239//2043 1241//2043
f 1240//2044 1241//2044 1242//2044
f 1242//2045 1241//2045 1243//2045
f 1242//2046 1243//2046 1244//2046
f 1244//2047 1243//2047 1245//2047
f 1244//2048 1245//2048 1246//2048
f 1246//2049 1245//2049 1247//2049
f 1246//2050 1247//2050 1248//2050
f 1248//2051 1247//2051 1249//2051
f 1248//2052 1249//2052 1250//2052
f 1218//2053 1197//2053 1219//2053
f 1219//2054 1197//2054 1198//2054
f 1219//2055 1198//2055 1220//2055
f 1220//2056 1198//2056 1199//2056
f 1220//2057 1199//2057 1221//2057
f 1221//2058 1199//2058 1200//2058
f 1221//2059 1200//2059 1222//2059
f 1222//2060 1200//2060 1201//2060
f 1222//2061 1201//2061 1223//2061
f 1223//2062 1201//2062 1202//2062
f 1223//2063 1202//2063 1224//2063
f 1224//2064 1202//2064 1203//2064
f 1224//2065 1203//2065 1225//2065
f 1225//2066 1203//2066 1204//2066
f 1225//2067 1204//2067 1227//2067
f 1227//2068 1204//2068 1205//2068
f 1227//2069 1205//2069 1229//2069
f 1229//2070 1205//2070 1206//2070
f 1229//2071 1206//2071 1231//2071
f 1231//2072 1206//2072 1207//2072
f 1231//2073 1207//2073 1233//2073
f 1233//2074 1207//2074 1208//2074
f 1233//2075 1208//2075 1235//2075
f 1235//2076 1208//2076 1209//2076
f 1235//2077 1209//2077 1237//2077
f 1237//2078 1209//2078 1210//2078
f 1237//2079 1210//2079 1239//2079
f 1239//2080 1210//2080 1211//2080
f 1239//2081 1211//2081 1241//2081
f 1241//2082 1211//2082 1212//2082
f 1241//2083 1212//2083 1243//2083
f 1243//2084 1212//2084 1213//2084
f 1243//2085 1213//2085 1245//2085
f 1245//2086 1213//2086 1214//2086
f 1245//2087 1214//2087 1247//2087
f 1247//2088 1214//2088 1215//2088
f 1247//2089 1215//2089 1249//2089
f 1249//2090 1215//2090 1216//2090
f 1249//2091 1216//2091 1250//2091
f 1250//2092 1216//2092 1217//2092
f 1250//2093 1217//2093 1251//2093
f 1252//2094 1253//2094 1254//2094
f 1254//2095 1253//2095 1255//2095
f 1254//2096 1255//2096 1256//2096
f 1257//2097 929//2097 1258//2097
f 1258//2098 929//2098 931//2098
f 1258//2099 931//2099 927//2099
f 927//2100 931//2100 933//2100
f 927//2101 933//2101 925//2101
f 142//2102 1259//2102 914//2102
f 914//2103 1259//2103 1260//2103
f 914//2104 1260//2104 1261//2104
f 1261//2105 1260//2105 1262//2105
f 1261//2106 1262//2106 1263//2106
f 1263//2107 1262//2107 1264//2107
f 1263//2108 1264//2108 1265//2108
f 1265//2109 1264//2109 1266//2109
f 1265//2110 1266//2110 1267//2110
f 1267//2111 1266//2111 1268//2111
f 1267//2112 1268//2112 1269//2112
f 1269//2113 1268//2113 1270//2113
f 1269//2114 1270//2114 1271//2114
f 1271//2115 1270//2115 1272//2115
f 1271//2116 1272//2116 1273//2116
f 1273//2117 1272//2117 1274//2117
f 1273//2118 1274//2118 1275//2118
f 1275//2119 1274//2119 1276//2119
f 1275//2120 1276//2120 1277//2120
f 1277//2121 1276//2121 1278//2121
f 1277//2122 1278//2122 1279//2122
f 1279//2123 1278//2123 1280//2123
f 1279//2124 1280//2124 1281//2124
f 877//2125 876//2125 1282//2125
f 1282//2126 876//2126 1283//2126
f 1282//2127 1283//2127 1284//2127
f 1284//2128 1283//2128 1285//2128
f 1284//2129 1285//2129 1286//2129
f 1286//2130 1285//2130 1287//2130
f 1286//2131 1287//2131 1288//2131
f 1288//2132 1287//2132 1289//2132
f 1288//2133 1289//2133 1290//2133
f 1290//2134 1289//2134 1291//2134
f 1290//2135 1291//2135 1292//2135
f 1292//2136 1291//2136 1293//2136
f 1292//2137 1293//2137 1294//2137
f 1294//2138 1293//2138 1295//2138
f 1294//2139 1295//2139 1296//2139
f 1296//2140 1295//2140 1297//2140
f 1296//2141 1297//2141 915//2141
f 915//2142 1297//2142 139//2142
f 915//2143 139//2143 278//2143
f 268//2144 914//2144 915//2144
f 915//2145 914//2145 1261//2145
f 915//2146 1261//2146 1296//2146
f 1296//2147 1261//2147 1263//2147
f 1296//2148 1263//2148 1294//2148
f 1294//2149 1263//2149 1265//2149
f 1294//2150 1265//2150 1292//2150
f 1292//2151 1265//2151 1267//2151
f 1292//2152 1267//2152 1290//2152
f 1290//2153 1267//2153 1269//2153
f 1290//2154 1269//2154 1288//2154
f 1288//2155 1269//2155 1271//2155
f 1288//2156 1271//2156 1286//2156
f 1286//2157 1271//2157 1273//2157
f 1286//2158 1273//2158 1284//2158
f 1284//2159 1273//2159 1275//2159
f 1284//2160 1275//2160 1282//2160
f 1282//2161 1275//2161 1277//2161
f 1282//2162 1277//2162 877//2162
f 877//2163 1277//2163 1279//2163
f 877//2164 1279//2164 878//2164
f 878//2165 1279//2165 1281//2165
f 878//2166 1281//2166 1298//2166
f 1298//2167 1281//2167 1299//2167
f 1298//2168 1299//2168 1300//2168
f 1300//2169 1299//2169 1301//2169
f 1300//2170 1301//2170 872//2170
f 874//2171 873//2171 1302//2171
f 1302//2172 873//2172 1303//2172
f 1302//2173 1303//2173 1304//2173
f 1304//2174 1303//2174 1305//2174
f 1304//2175 1305//2175 1306//2175
f 1306//2176 1305//2176 1307//2176
f 1306//2177 1307//2177 1308//2177
f 1308//2178 1307//2178 1309//2178
f 1308//2179 1309//2179 1310//2179
f 1310//2180 1309//2180 1311//2180
f 1310//2181 1311//2181 1312//2181
f 1312//2182 1311//2182 1313//2182
f 1312//2183 1313//2183 1314//2183
f 1314//2184 1313//2184 299//2184
f 1314//2185 299//2185 140//2185
f 921//2186 126//2186 1315//2186
f 1315//2187 126//2187 23//2187
f 1315//2188 23//2188 1316//2188
f 1316//2189 23//2189 22//2189
f 1316//2190 22//2190 1317//2190
f 1317//2191 22//2191 920//2191
f 1317//2192 920//2192 1318//2192
f 1318//2193 920//2193 919//2193
f 1318//2194 919//2194 1319//2194
f 1319//2195 919//2195 918//2195
f 1319//2196 918//2196 1320//2196
f 1320//2197 918//2197 917//2197
f 1320//2198 917//2198 1321//2198
f 1321//2199 917//2199 916//2199
f 1321//2200 916//2200 1322//2200
f 1322//2201 916//2201 135//2201
f 1322//2202 135//2202 134//2202
f 872//2203 871//2203 1300//2203
f 1300//2204 871//2204 1323//2204
f 1300//2205 1323//2205 1298//2205
f 1298//2206 1323//2206 1324//2206
f 1298//2207 1324//2207 878//2207
f 878//2208 1324//2208 875//2208
f 878//2209 875//2209 876//2209
f 876//2210 875//2210 874//2210
f 876//2211 874//2211 1283//2211
f 1283//2212 874//2212 1302//2212
f 1283//2213 1302//2213 1285//2213
f 1285//2214 1302//2214 1304//2214
f 1285//2215 1304//2215 1287//2215
f 1287//2216 1304//2216 1306//2216
f 1287//2217 1306//2217 1289//2217
f 1289//2218 1306//2218 1308//2218
f 1289//2219 1308//2219 1291//2219
f 1291//2220 1308//2220 1310//2220
f 1291//2221 1310//2221 1293//2221
f 1293//2222 1310//2222 1312//2222
f 1293//2223 1312//2223 1295//2223
f 1295//2224 1312//2224 1314//2224
f 1295//2225 1314//2225 1297//2225
f 1297//2226 1314//2226 140//2226
f 1297//2227 140//2227 139//2227
f 1184//2228 1325//2228 1185//2228
f 1185//2229 1325//2229 1326//2229
f 1185//2230 1326//2230 1196//2230
f 1196//2231 1326//2231 1327//2231
f 1196//2232 1327//2232 1217//2232
f 1217//2233 1327//2233 1328//2233
f 1217//2234 1328//2234 1251//2234
f 1251//2235 1328//2235 1329//2235
f 1251//2236 1329//2236 1330//2236
f 1330//2237 1329//2237 1331//2237
f 1330//2238 1331//2238 1332//2238
f 1332//2239 1331//2239 1333//2239
f 1332//2240 1333//2240 1334//2240
f 1334//2241 1333//2241 1335//2241
f 1334//2242 870//2242 1332//2242
f 1332//2243 870//2243 872//2243
f 1332//2244 872//2244 1330//2244
f 1330//2245 872//2245 1301//2245
f 1330//2246 1301//2246 1251//2246
f 1251//2247 1301//2247 1299//2247
f 1251//2248 1299//2248 1250//2248
f 1250//2249 1299//2249 1281//2249
f 1250//2250 1281//2250 1248//2250
f 1248//2251 1281//2251 1280//2251
f 1248//2252 1280//2252 1246//2252
f 1246//2253 1280//2253 1278//2253
f 1246//2254 1278//2254 1244//2254
f 1244//2255 1278//2255 1276//2255
f 1244//2256 1276//2256 1242//2256
f 1242//2257 1276//2257 1274//2257
f 1242//2258 1274//2258 1240//2258
f 1240//2259 1274//2259 1272//2259
f 1240//2260 1272//2260 1238//2260
f 1238//2261 1272//2261 1270//2261
f 1238//2262 1270//2262 1236//2262
f 1236//2263 1270//2263 1268//2263
f 1236//2264 1268//2264 1234//2264
f 1234//2265 1268//2265 1266//2265
f 1234//2266 1266//2266 1232//2266
f 1232//2267 1266//2267 1264//2267
f 1232//2268 1264//2268 1230//2268
f 1230//2269 1264//2269 1262//2269
f 1230//2270 1262//2270 1228//2270
f 1228//2271 1262//2271 1260//2271
f 1228//2272 1260//2272 1226//2272
f 1226//2273 1260//2273 1259//2273
f 1226//2274 1259//2274 909//2274
f 909//2275 1259//2275 142//2275
f 909//2276 142//2276 141//2276
f 1335//2277 115//2277 1334//2277
f 1334//2278 115//2278 923//2278
f 1334//2279 923//2279 870//2279
f 870//2280 923//2280 924//2280
f 870//2281 924//2281 871//2281
f 871//2282 924//2282 922//2282
f 871//2283 922//2283 1323//2283
f 1323//2284 922//2284 921//2284
f 1323//2285 921//2285 1324//2285
f 1324//2286 921//2286 1315//2286
f 1324//2287 1315//2287 875//2287
f 875//2288 1315//2288 1316//2288
f 875//2289 1316//2289 873//2289
f 873//2290 1316//2290 1317//2290
f 873//2291 1317//2291 1303//2291
f 1303//2292 1317//2292 1318//2292
f 1303//2293 1318//2293 1305//2293
f 1305//2294 1318//2294 1319//2294
f 1305//2295 1319//2295 1307//2295
f 1307//2296 1319//2296 1320//2296
f 1307//2297 1320//2297 1309//2297
f 1309//2298 1320//2298 1321//2298
f 1309//2299 1321//2299 1311//2299
f 1311//2300 1321//2300 1322//2300
f 1311//2301 1322//2301 1313//2301
f 1313//2302 1322//2302 134//2302
f 1313//2303 134//2303 299//2303
f 1336//2304 1337//2304 1338//2304
f 1338//2305 1337//2305 1339//2305
f 1338//2306 1339//2306 1340//2306
f 1340//2307 1339//2307 1252//2307
f 1340//2308 1252//2308 1341//2308
f 1341//2309 1252//2309 1254//2309
f 1341//2310 1254//2310 1342//2310
f 1342//2311 1254//2311 1256//2311
f 1342//2312 1256//2312 1343//2312
f 1343//2313 1256//2313 1344//2313
f 1343//2314 1344//2314 1345//2314
f 895//2315 939//2315 896//2315
f 896//2316 939//2316 938//2316
f 896//2317 938//2317 1346//2317
f 1346//2318 938//2318 934//2318
f 1346//2319 934//2319 1257//2319
f 1257//2320 934//2320 936//2320
f 1257//2321 936//2321 929//2321
f 929//2322 936//2322 1347//2322
f 929//2323 1347//2323 930//2323
f 889//2324 891//2324 890//2324
f 890//2325 891//2325 893//2325
f 890//2326 893//2326 1348//2326
f 1348//2327 893//2327 1349//2327
f 1348//2328 1349//2328 1350//2328
f 1350//2329 1349//2329 1351//2329
f 1350//2330 1351//2330 1352//2330
f 1352//2331 1351//2331 1353//2331
f 892//2332 894//2332 893//2332
f 893//2333 894//2333 896//2333
f 893//2334 896//2334 1349//2334
f 1349//2335 896//2335 1346//2335
f 1349//2336 1346//2336 1351//2336
f 1351//2337 1346//2337 1257//2337
f 1351//2338 1257//2338 1353//2338
f 1353//2339 1257//2339 1258//2339
f 1353//2340 1258//2340 1354//2340
f 1354//2341 1258//2341 927//2341
f 940//2342 888//2342 941//2342
f 941//2343 888//2343 890//2343
f 941//2344 890//2344 1345//2344
f 1345//2345 890//2345 1348//2345
f 1345//2346 1348//2346 1343//2346
f 1343//2347 1348//2347 1350//2347
f 1343//2348 1350//2348 1342//2348
f 1342//2349 1350//2349 1352//2349
f 1342//2350 1352//2350 1341//2350
f 1341//2351 1352//2351 1353//2351
f 1341//2352 1353//2352 1340//2352
f 1340//2353 1353//2353 1354//2353
f 1340//2354 1354//2354 1338//2354
f 1338//2355 1354//2355 927//2355
f 1338//2356 927//2356 1336//2356
f 1336//2357 927//2357 928//2357
f 1336//2358 928//2358 1355//2358
f 1356//2359 1357//2359 1358//2359
f 1358//2360 1357//2360 1359//2360
f 1358//2361 1359//2361 1360//2361
f 1360//2362 1359//2362 1361//2362
f 1362//2363 974//2363 1363//2363
f 1363//2364 974//2364 969//2364
f 1363//2365 969//2365 967//2365
f 967//2366 969//2366 971//2366
f 967//2367 971//2367 968//2367
f 1364//2368 1357//2368 1365//2368
f 1365//2369 1357//2369 1356//2369
f 1365//2370 1356//2370 1366//2370
f 1367//2371 1361//2371 1368//2371
f 1368//2372 1361//2372 1359//2372
f 1368//2373 1359//2373 1369//2373
f 1369//2374 1359//2374 1357//2374
f 1369//2375 1357//2375 1370//2375
f 1370//2376 1357//2376 1364//2376
f 954//2377 953//2377 955//2377
f 955//2378 953//2378 1371//2378
f 955//2379 1371//2379 957//2379
f 957//2380 1371//2380 1366//2380
f 957//2381 1366//2381 959//2381
f 959//2382 1366//2382 1356//2382
f 959//2383 1356//2383 962//2383
f 962//2384 1356//2384 1358//2384
f 962//2385 1358//2385 965//2385
f 965//2386 1358//2386 1360//2386
f 965//2387 1360//2387 967//2387
f 967//2388 1360//2388 1361//2388
f 967//2389 1361//2389 1363//2389
f 1363//2390 1361//2390 1367//2390
f 1363//2391 1367//2391 1362//2391
f 886//2392 983//2392 887//2392
f 887//2393 983//2393 982//2393
f 887//2394 982//2394 1011//2394
f 1011//2395 982//2395 980//2395
f 1011//2396 980//2396 1009//2396
f 1009//2397 980//2397 978//2397
f 1009//2398 978//2398 1007//2398
f 1007//2399 978//2399 976//2399
f 882//2400 984//2400 883//2400
f 883//2401 984//2401 1013//2401
f 883//2402 1013//2402 881//2402
f 881//2403 1013//2403 1012//2403
f 881//2404 1012//2404 879//2404
f 879//2405 1012//2405 1010//2405
f 879//2406 1010//2406 1028//2406
f 1028//2407 1010//2407 1008//2407
f 1028//2408 1008//2408 1372//2408
f 1372//2409 1008//2409 1373//2409
f 1372//2410 1373//2410 1374//2410
f 1369//2411 1374//2411 1368//2411
f 1368//2412 1374//2412 1373//2412
f 1368//2413 1373//2413 1367//2413
f 1367//2414 1373//2414 1008//2414
f 1367//2415 1008//2415 1362//2415
f 1362//2416 1008//2416 1007//2416
f 1362//2417 1007//2417 974//2417
f 974//2418 1007//2418 976//2418
f 974//2419 976//2419 973//2419
f 973//2420 976//2420 975//2420
f 973//2421 975//2421 972//2421
f 972//2422 975//2422 1375//2422
f 1376//2423 1377//2423 1378//2423
f 1378//2424 1377//2424 1379//2424
f 1378//2425 1379//2425 1380//2425
f 1380//2426 1379//2426 1381//2426
f 1380//2427 1381//2427 1382//2427
f 1382//2428 1381//2428 1383//2428
f 1382//2429 1383//2429 1384//2429
f 1384//2430 1383//2430 1385//2430
f 1384//2431 1385//2431 1386//2431
f 1386//2432 1385//2432 1387//2432
f 1386//2433 1387//2433 1388//2433
f 1388//2434 1387//2434 1389//2434
f 1388//2435 1389//2435 1390//2435
f 1390//2436 1389//2436 1391//2436
f 1390//2437 1391//2437 1392//2437
f 1392//2438 1391//2438 1393//2438
f 1392//2439 1393//2439 1394//2439
f 1394//2440 1393//2440 1395//2440
f 1394//2441 1395//2441 1396//2441
f 1344//2442 1396//2442 1345//2442
f 1345//2443 1396//2443 1395//2443
f 1345//2444 1395//2444 941//2444
f 941//2445 1395//2445 1393//2445
f 941//2446 1393//2446 943//2446
f 943//2447 1393//2447 1391//2447
f 943//2448 1391//2448 945//2448
f 945//2449 1391//2449 1389//2449
f 945//2450 1389//2450 947//2450
f 947//2451 1389//2451 1387//2451
f 947//2452 1387//2452 949//2452
f 949//2453 1387//2453 1385//2453
f 949//2454 1385//2454 951//2454
f 951//2455 1385//2455 1383//2455
f 951//2456 1383//2456 953//2456
f 953//2457 1383//2457 1381//2457
f 953//2458 1381//2458 1371//2458
f 1371//2459 1381//2459 1379//2459
f 1371//2460 1379//2460 1366//2460
f 1366//2461 1379//2461 1377//2461
f 1366//2462 1377//2462 1365//2462
f 1365//2463 1377//2463 1376//2463
f 1365//2464 1376//2464 1364//2464
f 116//2465 115//2465 1355//2465
f 1355//2466 115//2466 1335//2466
f 1355//2467 1335//2467 1336//2467
f 1336//2468 1335//2468 1333//2468
f 1336//2469 1333//2469 1337//2469
f 1337//2470 1333//2470 1331//2470
f 1337//2471 1331//2471 1339//2471
f 1339//2472 1331//2472 1329//2472
f 1339//2473 1329//2473 1252//2473
f 1252//2474 1329//2474 1328//2474
f 1252//2475 1328//2475 1253//2475
f 1253//2476 1328//2476 1327//2476
f 1253//2477 1327//2477 1255//2477
f 1255//2478 1327//2478 1326//2478
f 1255//2479 1326//2479 1256//2479
f 1256//2480 1326//2480 1325//2480
f 1256//2481 1325//2481 1344//2481
f 1344//2482 1325//2482 1184//2482
f 1344//2483 1184//2483 1396//2483
f 1396//2484 1184//2484 1182//2484
f 1396//2485 1182//2485 1394//2485
f 1394//2486 1182//2486 1180//2486
f 1394//2487 1180//2487 1392//2487
f 1392//2488 1180//2488 1178//2488
f 1392//2489 1178//2489 1390//2489
f 1390//2490 1178//2490 1176//2490
f 1390//2491 1176//2491 1388//2491
f 1388//2492 1176//2492 1174//2492
f 1388//2493 1174//2493 1386//2493
f 1386//2494 1174//2494 1172//2494
f 1386//2495 1172//2495 1384//2495
f 1384//2496 1172//2496 1170//2496
f 1384//2497 1170//2497 1382//2497
f 1382//2498 1170//2498 1168//2498
f 1382//2499 1168//2499 1380//2499
f 1380//2500 1168//2500 1166//2500
f 1380//2501 1166//2501 1378//2501
f 1378//2502 1166//2502 1164//2502
f 1378//2503 1164//2503 1376//2503
f 1376//2504 1164//2504 1162//2504
f 1376//2505 1162//2505 1364//2505
f 1364//2506 1162//2506 1160//2506
f 1364//2507 1160//2507 1370//2507
f 1370//2508 1160//2508 1158//2508
f 1370//2509 1158//2509 1369//2509
f 1369//2510 1158//2510 1156//2510
f 1369//2511 1156//2511 1374//2511
f 1374//2512 1156//2512 1154//2512
f 1374//2513 1154//2513 1372//2513
f 1372//2514 1154//2514 1153//2514
f 1372//2515 1153//2515 1028//2515
f 1028//2516 1153//2516 1192//2516
f 1028//2517 1192//2517 1029//2517
f 1029//2518 1192//2518 1191//2518
f 1029//2519 1191//2519 1031//2519
f 1031//2520 1191//2520 1190//2520
f 1031//2521 1190//2521 1033//2521
f 1033//2522 1190//2522 1189//2522
f 1033//2523 1189//2523 1035//2523
f 1035//2524 1189//2524 1188//2524
f 1035//2525 1188//2525 1037//2525
f 1037//2526 1188//2526 1187//2526
f 1037//2527 1187//2527 1039//2527
f 1039//2528 1187//2528 1186//2528
f 1039//2529 1186//2529 1056//2529
f 1056//2530 1186//2530 1069//2530
f 1056//2531 1069//2531 1062//2531
f 1062//2532 1069//2532 1068//2532
f 1062//2533 1068//2533 1063//2533
f 1063//2534 1068//2534 1197//2534
f 1063//2535 1197//2535 1064//2535
f 1064//2536 1197//2536 1218//2536
f 1064//2537 1218//2537 1065//2537
f 1065//2538 1218//2538 908//2538
f 1065//2539 908//2539 1066//2539
f 1066//2540 908//2540 159//2540
f 1066//2541 159//2541 158//2541
f 1397//2542 1398//2542 997//2542
f 1399//2543 1400//2543 1375//2543
f 1375//2544 975//2544 1399//2544
f 1399//2545 975//2545 977//2545
f 1399//2546 977//2546 1401//2546
f 1401//2547 977//2547 1402//2547
f 1402//2548 977//2548 979//2548
f 1402//2549 979//2549 1403//2549
f 979//2550 981//2550 1403//2550
f 1403//2551 981//2551 983//2551
f 1403//2552 983//2552 1404//2552
f 1404//2553 983//2553 886//2553
f 886//2554 885//2554 1404//2554
f 1404//2555 885//2555 984//2555
f 1404//2556 984//2556 1405//2556
f 1405//2557 984//2557 882//2557
f 1405//2558 882//2558 1406//2558
f 1406//2559 882//2559 985//2559
f 1406//2560 985//2560 1407//2560
f 1407//2561 985//2561 987//2561
f 1407//2562 987//2562 1408//2562
f 1408//2563 987//2563 989//2563
f 1408//2564 989//2564 1409//2564
f 1409//2565 989//2565 995//2565
f 1409//2566 995//2566 1410//2566
f 1410//2567 995//2567 1411//2567
f 995//2568 994//2568 1411//2568
f 1411//2569 994//2569 993//2569
f 1411//2570 993//2570 1412//2570
f 993//2571 992//2571 1412//2571
f 1412//2572 992//2572 1000//2572
f 1412//2573 1000//2573 1398//2573
f 1398//2574 1000//2574 999//2574
f 1398//2575 999//2575 997//2575
f 1413//2576 1414//2576 1001//2576
f 1001//2577 1414//2577 1415//2577
f 1001//2578 1415//2578 1002//2578
f 1002//2579 1415//2579 1416//2579
f 1002//2580 1416//2580 1004//2580
f 1004//2581 1416//2581 1397//2581
f 1004//2582 1397//2582 996//2582
f 996//2583 1397//2583 997//2583
f 1413//2584 1001//2584 1417//2584
f 1417//2585 1001//2585 904//2585
f 1417//2586 904//2586 1418//2586
f 1418//2587 904//2587 1419//2587
f 1419//2588 904//2588 903//2588
f 1419//2589 903//2589 1420//2589
f 1420//2590 903//2590 1421//2590
f 1421//2591 903//2591 902//2591
f 1421//2592 902//2592 1422//2592
f 1422//2593 902//2593 1423//2593
f 1423//2594 902//2594 901//2594
f 1423//2595 901//2595 1424//2595
f 1424//2596 901//2596 1425//2596
f 1425//2597 901//2597 900//2597
f 1425//2598 900//2598 1426//2598
f 1426//2599 900//2599 899//2599
f 1426//2600 899//2600 1427//2600
f 1427//2601 899//2601 898//2601
f 1428//2602 1400//2602 1399//2602
f 1426//2603 1427//2603 800//2603
f 800//2604 1427//2604 898//2604
f 800//2605 898//2605 167//2605
f 799//2606 1424//2606 800//2606
f 800//2607 1424//2607 1425//2607
f 800//2608 1425//2608 1426//2608
f 798//2609 1422//2609 799//2609
f 799//2610 1422//2610 1423//2610
f 799//2611 1423//2611 1424//2611
f 797//2612 1420//2612 798//2612
f 798//2613 1420//2613 1421//2613
f 798//2614 1421//2614 1422//2614
f 796//2615 1418//2615 797//2615
f 797//2616 1418//2616 1419//2616
f 797//2617 1419//2617 1420//2617
f 816//2618 1413//2618 796//2618
f 796//2619 1413//2619 1417//2619
f 796//2620 1417//2620 1418//2620
f 809//2621 1410//2621 810//2621
f 810//2622 1410//2622 1411//2622
f 810//2623 1411//2623 811//2623
f 811//2624 1411//2624 1412//2624
f 811//2625 1412//2625 812//2625
f 812//2626 1412//2626 1398//2626
f 812//2627 1398//2627 813//2627
f 813//2628 1398//2628 1397//2628
f 813//2629 1397//2629 814//2629
f 814//2630 1397//2630 1416//2630
f 814//2631 1416//2631 815//2631
f 815//2632 1416//2632 1415//2632
f 815//2633 1415//2633 816//2633
f 816//2634 1415//2634 1414//2634
f 816//2635 1414//2635 1413//2635
f 804//2636 1404//2636 805//2636
f 805//2637 1404//2637 1405//2637
f 805//2638 1405//2638 806//2638
f 806//2639 1405//2639 1406//2639
f 806//2640 1406//2640 807//2640
f 807//2641 1406//2641 1407//2641
f 807//2642 1407//2642 808//2642
f 808//2643 1407//2643 1408//2643
f 808//2644 1408//2644 809//2644
f 809//2645 1408//2645 1409//2645
f 809//2646 1409//2646 1410//2646
f 826//2647 1428//2647 824//2647
f 824//2648 1428//2648 1399//2648
f 824//2649 1399//2649 822//2649
f 822//2650 1399//2650 1401//2650
f 822//2651 1401//2651 820//2651
f 820//2652 1401//2652 1402//2652
f 820//2653 1402//2653 817//2653
f 817//2654 1402//2654 1403//2654
f 817//2655 1403//2655 802//2655
f 802//2656 1403//2656 1404//2656
f 802//2657 1404//2657 803//2657
f 803//2658 1404//2658 804//2658
f 1429//2659 1430//2659 1431//2659
f 1432//2659 1433//2659 1434//2659
f 1429//2659 1431//2659 1435//2659
f 1436//2659 1437//2659 1431//2659
f 1431//2659 1437//2659 1438//2659
f 1431//2659 1438//2659 1439//2659
f 1439//2659 1438//2659 1440//2659
f 1439//2659 1440//2659 1441//2659
f 1433//2659 1441//2659 1442//2659
f 1433//2659 1443//2659 1441//2659
f 1441//2659 1443//2659 1444//2659
f 1441//2659 1444//2659 1445//2659
f 1432//2659 1434//2659 1446//2659
f 1447//2659 1448//2659 1441//2659
f 1449//2659 1450//2659 1431//2659
f 1431//2659 1451//2659 1452//2659
f 1430//2660 1453//2660 1431//2660
f 1431//2659 1453//2659 1454//2659
f 1431//2659 1454//2659 1455//2659
f 1456//2659 1457//2659 1458//2659
f 1457//2659 1456//2659 1434//2659
f 1434//2659 1456//2659 1459//2659
f 1434//2659 1459//2659 1446//2659
f 1447//2659 1441//2659 1460//2659
f 1461//2659 1462//2659 1441//2659
f 1441//2659 1462//2659 1463//2659
f 1441//2659 1463//2659 1439//2659
f 1464//2659 1465//2659 1431//2659
f 1455//2659 1466//2659 1431//2659
f 1431//2659 1466//2659 1467//2659
f 1431//2659 1467//2659 1436//2659
f 1458//2659 1468//2659 1456//2659
f 1456//2659 1468//2659 1469//2659
f 1456//2659 1469//2659 1470//2659
f 1450//2659 1471//2659 1431//2659
f 1431//2659 1471//2659 1472//2659
f 1431//2659 1472//2659 1451//2659
f 1465//2659 1473//2659 1431//2659
f 1431//2659 1473//2659 1474//2659
f 1431//2659 1474//2659 1435//2659
f 1442//2659 1475//2659 1433//2659
f 1433//2659 1475//2659 1476//2659
f 1433//2659 1476//2659 1477//2659
f 1477//2659 1478//2659 1433//2659
f 1433//2659 1478//2659 1479//2659
f 1433//2659 1479//2659 1480//2659
f 1480//2659 1481//2659 1433//2659
f 1433//2659 1481//2659 1482//2659
f 1433//2659 1482//2659 1434//2659
f 1483//2659 1484//2659 1485//2659
f 1485//2659 1484//2659 1486//2659
f 1470//2659 1487//2659 1456//2659
f 1456//2659 1487//2659 1484//2659
f 1456//2659 1484//2659 1488//2659
f 1488//2659 1484//2659 1483//2659
f 1445//2659 1489//2659 1441//2659
f 1441//2659 1489//2659 1490//2659
f 1441//2659 1490//2659 1460//2659
f 1448//2659 1491//2659 1441//2659
f 1441//2659 1491//2659 1492//2659
f 1441//2659 1492//2659 1461//2659
f 1431//2659 1493//2659 1494//2659
f 1431//2659 1495//2659 1449//2659
f 1449//2659 1495//2659 1496//2659
f 1449//2659 1496//2659 1497//2659
f 1497//2659 1496//2659 1498//2659
f 1452//2659 1499//2659 1431//2659
f 1431//2659 1499//2659 1500//2659
f 1431//2659 1500//2659 1493//2659
f 1501//2659 1502//2659 1503//2659
f 1502//2659 1504//2659 1503//2659
f 1503//2659 1504//2659 1505//2659
f 1503//2659 1505//2659 1506//2659
f 1494//2659 1507//2659 1431//2659
f 1431//2659 1507//2659 1508//2659
f 1431//2659 1508//2659 1464//2659
f 1498//2659 1496//2659 1503//2659
f 1503//2659 1496//2659 1509//2659
f 1503//2659 1509//2659 1501//2659
f 167//2661 36//2661 1510//2661
f 1510//2662 36//2662 1511//2662
f 1511//2663 36//2663 35//2663
f 1511//2664 35//2664 1512//2664
f 1512//2665 35//2665 39//2665
f 1512//2666 39//2666 1513//2666
f 54//2667 1514//2667 55//2667
f 55//2668 1514//2668 1515//2668
f 55//2669 1515//2669 51//2669
f 51//2670 1515//2670 1516//2670
f 51//2671 1516//2671 52//2671
f 52//2672 1516//2672 1517//2672
f 52//2673 1517//2673 44//2673
f 44//2674 1517//2674 1518//2674
f 44//2675 1518//2675 46//2675
f 46//2676 1518//2676 1519//2676
f 46//2677 1519//2677 48//2677
f 48//2678 1519//2678 1520//2678
f 48//2679 1520//2679 49//2679
f 49//2680 1520//2680 1521//2680
f 49//2681 1521//2681 41//2681
f 41//2682 1521//2682 1513//2682
f 41//2683 1513//2683 38//2683
f 38//2684 1513//2684 39//2684
f 58//2685 1522//2685 54//2685
f 54//2686 1522//2686 1523//2686
f 54//2687 1523//2687 1514//2687
f 58//2688 57//2688 1522//2688
f 1522//2689 57//2689 61//2689
f 1522//2690 61//2690 1524//2690
f 1524//2691 61//2691 60//2691
f 1524//2692 60//2692 1525//2692
f 1525//2693 60//2693 66//2693
f 1525//2694 66//2694 1526//2694
f 62//2695 1527//2695 63//2695
f 63//2696 1527//2696 1526//2696
f 63//2697 1526//2697 65//2697
f 65//2698 1526//2698 66//2698
f 62//2699 67//2699 1527//2699
f 1527//2700 67//2700 69//2700
f 1527//2701 69//2701 1528//2701
f 1528//2702 69//2702 71//2702
f 1528//2703 71//2703 1529//2703
f 1529//2704 71//2704 73//2704
f 1529//2705 73//2705 1530//2705
f 1530//2706 73//2706 75//2706
f 1530//2707 75//2707 1531//2707
f 1531//2708 75//2708 76//2708
f 1531//2709 76//2709 1532//2709
f 1532//2710 76//2710 78//2710
f 1532//2711 78//2711 1533//2711
f 1533//2712 78//2712 563//2712
f 1533//2713 563//2713 1534//2713
f 1533//2714 1534//2714 1535//2714
f 1528//2715 1529//2715 867//2715
f 867//2716 1529//2716 1530//2716
f 867//2717 1530//2717 868//2717
f 868//2718 1530//2718 1531//2718
f 868//2719 1531//2719 869//2719
f 869//2720 1531//2720 1532//2720
f 869//2721 1532//2721 866//2721
f 866//2722 1532//2722 1533//2722
f 866//2723 1533//2723 827//2723
f 827//2724 1533//2724 1535//2724
f 827//2725 1535//2725 828//2725
f 867//2726 830//2726 1528//2726
f 1528//2727 830//2727 831//2727
f 1528//2728 831//2728 832//2728
f 833//2729 1526//2729 832//2729
f 832//2730 1526//2730 1527//2730
f 832//2731 1527//2731 1528//2731
f 833//2732 834//2732 1526//2732
f 1526//2733 834//2733 835//2733
f 1526//2734 835//2734 1525//2734
f 1525//2735 835//2735 837//2735
f 1525//2736 837//2736 1524//2736
f 1524//2737 837//2737 839//2737
f 1524//2738 839//2738 1522//2738
f 1522//2739 839//2739 841//2739
f 1522//2740 841//2740 1523//2740
f 1523//2741 841//2741 842//2741
f 1523//2742 842//2742 1514//2742
f 1514//2743 842//2743 844//2743
f 1514//2744 844//2744 1515//2744
f 1515//2745 844//2745 846//2745
f 1515//2746 846//2746 1516//2746
f 1516//2747 846//2747 847//2747
f 1516//2748 847//2748 1517//2748
f 1517//2749 847//2749 849//2749
f 1517//2750 849//2750 1518//2750
f 1518//2751 849//2751 851//2751
f 1518//2752 851//2752 1519//2752
f 1519//2753 851//2753 853//2753
f 1519//2754 853//2754 1520//2754
f 1520//2755 853//2755 854//2755
f 1520//2756 854//2756 1521//2756
f 1521//2757 854//2757 856//2757
f 1521//2758 856//2758 1513//2758
f 1513//2759 856//2759 858//2759
f 1513//2760 858//2760 1512//2760
f 1512//2761 858//2761 860//2761
f 1512//2762 860//2762 1511//2762
f 1511//2763 860//2763 861//2763
f 1511//2764 861//2764 1510//2764
f 1510//2765 861//2765 167//2765
f 1536//2766 1537//2766 1538//2766
f 1538//2767 1537//2767 1539//2767
f 1538//2768 1539//2768 1540//2768
f 1536//2769 1538//2769 1541//2769
f 1541//2770 1538//2770 1542//2770
f 1541//2771 1542//2771 1543//2771
f 1543//2772 1542//2772 1444//2772
f 1543//2773 1444//2773 1443//2773
f 1539//2774 826//2774 1540//2774
f 1540//2775 826//2775 825//2775
f 1540//2776 825//2776 586//2776
f 586//2777 1544//2777 1540//2777
f 1540//2778 1544//2778 1545//2778
f 1540//2779 1545//2779 1538//2779
f 1538//2780 1545//2780 1546//2780
f 1538//2781 1546//2781 1542//2781
f 1445//2782 1444//2782 1547//2782
f 1547//2783 1444//2783 1542//2783
f 1547//2784 1542//2784 1548//2784
f 1548//2785 1542//2785 1546//2785
f 1543//2786 1443//2786 1549//2786
f 1550//2787 1551//2787 1552//2787
f 1552//2788 1551//2788 1553//2788
f 1552//2789 1553//2789 1428//2789
f 1428//2790 1553//2790 1400//2790
f 1428//2791 826//2791 1552//2791
f 1552//2792 826//2792 1539//2792
f 1552//2793 1539//2793 1550//2793
f 1443//2794 1554//2794 1549//2794
f 1549//2795 1554//2795 1555//2795
f 1549//2796 1555//2796 1550//2796
f 1550//2797 1555//2797 1556//2797
f 1550//2798 1556//2798 1551//2798
f 1539//2799 1537//2799 1550//2799
f 1550//2800 1537//2800 1536//2800
f 1550//2801 1536//2801 1549//2801
f 1549//2802 1536//2802 1541//2802
f 1549//2803 1541//2803 1543//2803
f 1544//2804 586//2804 585//2804
f 1546//2805 1545//2805 1557//2805
f 1557//2806 1545//2806 1544//2806
f 1547//2807 1548//2807 1558//2807
f 1558//2808 1548//2808 1546//2808
f 1489//2809 1445//2809 1547//2809
f 1544//2810 585//2810 1557//2810
f 1557//2811 585//2811 587//2811
f 1557//2812 587//2812 1559//2812
f 1559//2813 587//2813 589//2813
f 1559//2814 589//2814 1560//2814
f 1560//2815 589//2815 591//2815
f 1560//2816 591//2816 1561//2816
f 1546//2817 1557//2817 1558//2817
f 1558//2818 1557//2818 1559//2818
f 1558//2819 1559//2819 1562//2819
f 1562//2820 1559//2820 1560//2820
f 1562//2821 1560//2821 1563//2821
f 1563//2822 1560//2822 1561//2822
f 1563//2823 1561//2823 1564//2823
f 1547//2824 1558//2824 1489//2824
f 1489//2825 1558//2825 1562//2825
f 1489//2826 1562//2826 1490//2826
f 1490//2827 1562//2827 1563//2827
f 1490//2828 1563//2828 1460//2828
f 1460//2829 1563//2829 1564//2829
f 1460//2830 1564//2830 1447//2830
f 1551//2831 1556//2831 1565//2831
f 1565//2832 1556//2832 1555//2832
f 1565//2833 1555//2833 1433//2833
f 1433//2834 1555//2834 1554//2834
f 1433//2835 1554//2835 1443//2835
f 1565//2836 1566//2836 1551//2836
f 1551//2837 1566//2837 1567//2837
f 1551//2838 1567//2838 1553//2838
f 1553//2839 1567//2839 1375//2839
f 1553//2840 1375//2840 1400//2840
f 1448//2841 1447//2841 1564//2841
f 1448//2841 1564//2841 1568//2841
f 1568//2842 1564//2842 1561//2842
f 1568//2842 1561//2842 1569//2842
f 1569//2843 1561//2843 591//2843
f 1569//2843 591//2843 686//2843
f 116//2844 1355//2844 1570//2844
f 1570//2845 1355//2845 1571//2845
f 1570//2846 1571//2846 1572//2846
f 1572//2847 1571//2847 1573//2847
f 1574//2848 1575//2848 1576//2848
f 1576//2849 1575//2849 1577//2849
f 1576//2850 1577//2850 1573//2850
f 1467//2851 1466//2851 1578//2851
f 1578//2852 1579//2852 1580//2852
f 1580//2853 1579//2853 1581//2853
f 1580//2854 1581//2854 1574//2854
f 1355//2855 928//2855 1571//2855
f 1571//2856 928//2856 926//2856
f 1571//2857 926//2857 1582//2857
f 1582//2858 926//2858 925//2858
f 1582//2859 925//2859 1583//2859
f 1583//2860 925//2860 933//2860
f 1583//2861 933//2861 1584//2861
f 1584//2862 933//2862 932//2862
f 1584//2863 932//2863 1585//2863
f 1585//2864 932//2864 930//2864
f 1585//2865 930//2865 1586//2865
f 1586//2866 930//2866 1347//2866
f 1586//2867 1347//2867 1587//2867
f 1587//2868 1347//2868 936//2868
f 1587//2869 936//2869 1588//2869
f 1588//2870 936//2870 935//2870
f 1588//2871 935//2871 1589//2871
f 935//2872 937//2872 1589//2872
f 1589//2873 937//2873 939//2873
f 1589//2874 939//2874 1590//2874
f 1590//2875 939//2875 895//2875
f 1590//2876 895//2876 1591//2876
f 1591//2877 895//2877 894//2877
f 1591//2878 894//2878 1592//2878
f 1592//2879 894//2879 892//2879
f 1592//2880 892//2880 1593//2880
f 1593//2881 892//2881 891//2881
f 1593//2882 891//2882 1594//2882
f 1594//2883 891//2883 889//2883
f 889//2884 888//2884 1594//2884
f 1594//2885 888//2885 940//2885
f 1594//2886 940//2886 1595//2886
f 1595//2887 940//2887 942//2887
f 1595//2888 942//2888 1596//2888
f 1596//2889 942//2889 944//2889
f 1596//2890 944//2890 1597//2890
f 1597//2891 944//2891 946//2891
f 1597//2892 946//2892 1598//2892
f 1598//2893 946//2893 948//2893
f 1598//2894 948//2894 1599//2894
f 1599//2895 948//2895 950//2895
f 1599//2896 950//2896 1600//2896
f 1600//2897 950//2897 952//2897
f 1600//2898 952//2898 1601//2898
f 1601//2899 952//2899 954//2899
f 1601//2900 954//2900 1602//2900
f 1602//2901 954//2901 956//2901
f 1602//2902 956//2902 1603//2902
f 1603//2903 956//2903 958//2903
f 1603//2904 958//2904 1604//2904
f 1604//2905 958//2905 960//2905
f 1604//2906 960//2906 1605//2906
f 1605//2907 960//2907 961//2907
f 1605//2908 961//2908 1606//2908
f 1606//2909 961//2909 963//2909
f 963//2910 964//2910 1606//2910
f 1606//2911 964//2911 966//2911
f 1606//2912 966//2912 1607//2912
f 1607//2913 966//2913 968//2913
f 1607//2914 968//2914 1608//2914
f 1608//2915 968//2915 971//2915
f 1608//2916 971//2916 1609//2916
f 1609//2917 971//2917 970//2917
f 1609//2918 970//2918 1610//2918
f 1610//2919 970//2919 972//2919
f 1610//2920 972//2920 1611//2920
f 1611//2921 972//2921 1375//2921
f 1611//2922 1375//2922 1567//2922
f 1573//2923 1571//2923 1576//2923
f 1576//2924 1571//2924 1582//2924
f 1576//2925 1582//2925 1612//2925
f 1612//2926 1582//2926 1583//2926
f 1612//2927 1583//2927 1613//2927
f 1613//2928 1583//2928 1584//2928
f 1613//2929 1584//2929 1614//2929
f 1614//2930 1584//2930 1585//2930
f 1614//2931 1585//2931 1615//2931
f 1615//2932 1585//2932 1586//2932
f 1615//2933 1586//2933 1616//2933
f 1616//2934 1586//2934 1587//2934
f 1616//2935 1587//2935 1617//2935
f 1617//2936 1587//2936 1588//2936
f 1617//2937 1588//2937 1618//2937
f 1618//2938 1588//2938 1589//2938
f 1618//2939 1589//2939 1619//2939
f 1619//2940 1589//2940 1590//2940
f 1619//2941 1590//2941 1620//2941
f 1620//2942 1590//2942 1591//2942
f 1620//2943 1591//2943 1621//2943
f 1621//2944 1591//2944 1592//2944
f 1621//2945 1592//2945 1622//2945
f 1622//2946 1592//2946 1593//2946
f 1622//2947 1593//2947 1623//2947
f 1623//2948 1593//2948 1594//2948
f 1623//2949 1594//2949 1624//2949
f 1624//2950 1594//2950 1595//2950
f 1624//2951 1595//2951 1625//2951
f 1625//2952 1595//2952 1596//2952
f 1625//2953 1596//2953 1626//2953
f 1626//2954 1596//2954 1597//2954
f 1626//2955 1597//2955 1627//2955
f 1627//2956 1597//2956 1598//2956
f 1627//2957 1598//2957 1628//2957
f 1628//2958 1598//2958 1599//2958
f 1628//2959 1599//2959 1629//2959
f 1629//2960 1599//2960 1600//2960
f 1629//2961 1600//2961 1630//2961
f 1630//2962 1600//2962 1601//2962
f 1630//2963 1601//2963 1631//2963
f 1631//2964 1601//2964 1602//2964
f 1631//2965 1602//2965 1632//2965
f 1632//2966 1602//2966 1603//2966
f 1632//2967 1603//2967 1633//2967
f 1633//2968 1603//2968 1604//2968
f 1633//2969 1604//2969 1634//2969
f 1634//2970 1604//2970 1605//2970
f 1634//2971 1605//2971 1635//2971
f 1635//2972 1605//2972 1606//2972
f 1635//2973 1606//2973 1636//2973
f 1636//2974 1606//2974 1607//2974
f 1636//2975 1607//2975 1637//2975
f 1637//2976 1607//2976 1608//2976
f 1637//2977 1608//2977 1638//2977
f 1638//2978 1608//2978 1609//2978
f 1638//2979 1609//2979 1639//2979
f 1639//2980 1609//2980 1610//2980
f 1639//2981 1610//2981 1640//2981
f 1640//2982 1610//2982 1611//2982
f 1640//2983 1611//2983 1641//2983
f 1641//2984 1611//2984 1567//2984
f 1641//2985 1567//2985 1566//2985
f 1574//2986 1576//2986 1580//2986
f 1580//2987 1576//2987 1612//2987
f 1580//2988 1612//2988 1642//2988
f 1642//2989 1612//2989 1613//2989
f 1642//2990 1613//2990 1643//2990
f 1643//2991 1613//2991 1614//2991
f 1643//2992 1614//2992 1644//2992
f 1644//2993 1614//2993 1615//2993
f 1644//2994 1615//2994 1645//2994
f 1645//2995 1615//2995 1616//2995
f 1645//2996 1616//2996 1646//2996
f 1646//2997 1616//2997 1617//2997
f 1646//2998 1617//2998 1647//2998
f 1647//2999 1617//2999 1618//2999
f 1647//3000 1618//3000 1648//3000
f 1648//3001 1618//3001 1619//3001
f 1648//3002 1619//3002 1649//3002
f 1649//3003 1619//3003 1620//3003
f 1649//3004 1620//3004 1650//3004
f 1650//3005 1620//3005 1621//3005
f 1650//3006 1621//3006 1651//3006
f 1651//3007 1621//3007 1622//3007
f 1651//3008 1622//3008 1652//3008
f 1652//3009 1622//3009 1623//3009
f 1652//3010 1623//3010 1653//3010
f 1653//3011 1623//3011 1624//3011
f 1653//3012 1624//3012 1654//3012
f 1654//3013 1624//3013 1625//3013
f 1654//3014 1625//3014 1655//3014
f 1655//3015 1625//3015 1626//3015
f 1655//3016 1626//3016 1656//3016
f 1656//3017 1626//3017 1627//3017
f 1656//3018 1627//3018 1657//3018
f 1657//3019 1627//3019 1628//3019
f 1657//3020 1628//3020 1658//3020
f 1658//3021 1628//3021 1629//3021
f 1658//3022 1629//3022 1659//3022
f 1659//3023 1629//3023 1630//3023
f 1659//3024 1630//3024 1660//3024
f 1660//3025 1630//3025 1631//3025
f 1660//3026 1631//3026 1661//3026
f 1661//3027 1631//3027 1632//3027
f 1661//3028 1632//3028 1662//3028
f 1662//3029 1632//3029 1633//3029
f 1662//3030 1633//3030 1663//3030
f 1663//3031 1633//3031 1634//3031
f 1663//3032 1634//3032 1664//3032
f 1664//3033 1634//3033 1635//3033
f 1664//3034 1635//3034 1665//3034
f 1665//3035 1635//3035 1636//3035
f 1665//3036 1636//3036 1666//3036
f 1666//3037 1636//3037 1637//3037
f 1666//3038 1637//3038 1667//3038
f 1667//3039 1637//3039 1638//3039
f 1667//3040 1638//3040 1668//3040
f 1668//3041 1638//3041 1639//3041
f 1668//3042 1639//3042 1669//3042
f 1669//3043 1639//3043 1640//3043
f 1669//3044 1640//3044 1670//3044
f 1670//3045 1640//3045 1641//3045
f 1670//3046 1641//3046 1671//3046
f 1671//3047 1641//3047 1566//3047
f 1671//3048 1566//3048 1565//3048
f 1578//3049 1580//3049 1467//3049
f 1467//3050 1580//3050 1642//3050
f 1467//3051 1642//3051 1436//3051
f 1436//3052 1642//3052 1643//3052
f 1436//3053 1643//3053 1437//3053
f 1437//3054 1643//3054 1644//3054
f 1437//3055 1644//3055 1438//3055
f 1438//3056 1644//3056 1645//3056
f 1438//3057 1645//3057 1440//3057
f 1440//3058 1645//3058 1646//3058
f 1440//3059 1646//3059 1441//3059
f 1441//3060 1646//3060 1647//3060
f 1441//3061 1647//3061 1442//3061
f 1442//3062 1647//3062 1648//3062
f 1442//3063 1648//3063 1475//3063
f 1475//3064 1648//3064 1649//3064
f 1475//3065 1649//3065 1476//3065
f 1476//3066 1649//3066 1650//3066
f 1476//3067 1650//3067 1477//3067
f 1477//3068 1650//3068 1651//3068
f 1477//3069 1651//3069 1478//3069
f 1478//3070 1651//3070 1652//3070
f 1478//3071 1652//3071 1479//3071
f 1479//3072 1652//3072 1653//3072
f 1479//3073 1653//3073 1480//3073
f 1480//3074 1653//3074 1654//3074
f 1480//3075 1654//3075 1481//3075
f 1481//3076 1654//3076 1655//3076
f 1481//3077 1655//3077 1482//3077
f 1482//3078 1655//3078 1656//3078
f 1482//3079 1656//3079 1434//3079
f 1434//3080 1656//3080 1657//3080
f 1434//3081 1657//3081 1457//3081
f 1457//3082 1657//3082 1658//3082
f 1457//3083 1658//3083 1458//3083
f 1458//3084 1658//3084 1659//3084
f 1458//3085 1659//3085 1468//3085
f 1468//3086 1659//3086 1660//3086
f 1468//3087 1660//3087 1469//3087
f 1469//3088 1660//3088 1661//3088
f 1469//3089 1661//3089 1470//3089
f 1470//3090 1661//3090 1662//3090
f 1470//3091 1662//3091 1487//3091
f 1487//3092 1662//3092 1663//3092
f 1487//3093 1663//3093 1484//3093
f 1484//3094 1663//3094 1664//3094
f 1484//3095 1664//3095 1486//3095
f 1486//3096 1664//3096 1665//3096
f 1486//3097 1665//3097 1485//3097
f 1485//3098 1665//3098 1666//3098
f 1485//3099 1666//3099 1483//3099
f 1483//3100 1666//3100 1667//3100
f 1483//3101 1667//3101 1488//3101
f 1488//3102 1667//3102 1668//3102
f 1488//3103 1668//3103 1456//3103
f 1456//3104 1668//3104 1669//3104
f 1456//3105 1669//3105 1459//3105
f 1459//3106 1669//3106 1670//3106
f 1459//3107 1670//3107 1446//3107
f 1446//3108 1670//3108 1671//3108
f 1446//3109 1671//3109 1432//3109
f 1432//3110 1671//3110 1565//3110
f 1432//3111 1565//3111 1433//3111
f 1569//3112 686//3112 684//3112
f 1568//3113 1569//3113 1672//3113
f 1448//3114 1568//3114 1673//3114
f 1569//3115 684//3115 1672//3115
f 1672//3116 684//3116 683//3116
f 1672//3117 683//3117 1674//3117
f 1674//3118 683//3118 689//3118
f 1674//3119 689//3119 1675//3119
f 689//3120 688//3120 1675//3120
f 1675//3121 688//3121 1676//3121
f 1675//3122 1676//3122 1677//3122
f 1568//3123 1672//3123 1673//3123
f 1673//3124 1672//3124 1674//3124
f 1673//3125 1674//3125 1678//3125
f 1678//3126 1674//3126 1675//3126
f 1678//3127 1675//3127 1679//3127
f 1679//3128 1675//3128 1677//3128
f 1679//3129 1677//3129 1680//3129
f 1448//3130 1673//3130 1491//3130
f 1491//3131 1673//3131 1678//3131
f 1491//3132 1678//3132 1492//3132
f 1492//3133 1678//3133 1679//3133
f 1492//3134 1679//3134 1461//3134
f 1461//3135 1679//3135 1680//3135
f 1461//3136 1680//3136 1462//3136
f 1578//3137 1466//3137 1455//3137
f 1578//3138 1455//3138 1579//3138
f 1575//3139 1574//3139 1681//3139
f 1681//3140 1574//3140 1581//3140
f 1681//3141 1581//3141 1579//3141
f 1573//3142 1577//3142 1682//3142
f 1682//3143 1577//3143 1575//3143
f 116//3144 1570//3144 1683//3144
f 1683//3145 1570//3145 1572//3145
f 1683//3146 1572//3146 1573//3146
f 1684//3147 103//3147 1685//3147
f 1685//3148 103//3148 107//3148
f 1685//3149 107//3149 1686//3149
f 1686//3150 107//3150 109//3150
f 1686//3151 109//3151 1687//3151
f 1687//3152 109//3152 111//3152
f 1687//3153 111//3153 1688//3153
f 1688//3154 111//3154 114//3154
f 1688//3155 114//3155 1689//3155
f 1689//3156 114//3156 113//3156
f 1689//3157 113//3157 1690//3157
f 1690//3158 113//3158 112//3158
f 1690//3159 112//3159 1691//3159
f 1691//3160 112//3160 29//3160
f 1691//3161 29//3161 1692//3161
f 1692//3162 29//3162 28//3162
f 1692//3163 28//3163 1693//3163
f 1693//3164 28//3164 25//3164
f 1693//3165 25//3165 1683//3165
f 1683//3166 25//3166 117//3166
f 1683//3167 117//3167 116//3167
f 101//3168 105//3168 1684//3168
f 1684//3169 105//3169 104//3169
f 1684//3170 104//3170 103//3170
f 1684//3171 1694//3171 101//3171
f 101//3172 1694//3172 1695//3172
f 101//3172 1695//3172 102//3172
f 102//3173 1695//3173 1696//3173
f 102//3174 1696//3174 31//3174
f 31//3175 1696//3175 1697//3175
f 31//3176 1697//3176 99//3176
f 99//3177 1697//3177 98//3177
f 98//3178 1697//3178 96//3178
f 96//3179 1697//3179 1698//3179
f 96//3180 1698//3180 89//3180
f 89//3181 1698//3181 1699//3181
f 89//3182 1699//3182 90//3182
f 90//3183 1699//3183 1700//3183
f 90//3184 1700//3184 92//3184
f 92//3185 1700//3185 1701//3185
f 92//3186 1701//3186 94//3186
f 94//3187 1701//3187 1702//3187
f 94//3188 1702//3188 95//3188
f 95//3189 1702//3189 1703//3189
f 95//3190 1703//3190 533//3190
f 533//3191 1703//3191 1704//3191
f 533//3192 1704//3192 531//3192
f 531//3193 1704//3193 1705//3193
f 531//3194 1705//3194 86//3194
f 86//3195 1705//3195 1706//3195
f 86//3196 1706//3196 87//3196
f 87//3197 1706//3197 1707//3197
f 87//3198 1707//3198 527//3198
f 527//3199 1707//3199 1708//3199
f 527//3200 1708//3200 549//3200
f 549//3201 1708//3201 1709//3201
f 549//3202 1709//3202 83//3202
f 83//3203 1709//3203 84//3203
f 84//3204 1709//3204 1710//3204
f 84//3205 1710//3205 85//3205
f 1579//3206 1455//3206 1681//3206
f 1681//3207 1455//3207 1454//3207
f 1681//3208 1454//3208 1711//3208
f 1711//3209 1454//3209 1453//3209
f 1711//3210 1453//3210 1712//3210
f 1712//3211 1453//3211 1430//3211
f 1712//3212 1430//3212 1713//3212
f 1713//3213 1430//3213 1429//3213
f 1713//3214 1429//3214 1714//3214
f 1714//3215 1429//3215 1435//3215
f 1714//3216 1435//3216 1715//3216
f 1715//3217 1435//3217 1474//3217
f 1715//3218 1474//3218 1716//3218
f 1716//3219 1474//3219 1473//3219
f 1716//3220 1473//3220 1717//3220
f 1717//3221 1473//3221 1465//3221
f 1717//3222 1465//3222 1718//3222
f 1718//3223 1465//3223 1464//3223
f 1718//3224 1464//3224 1719//3224
f 1719//3225 1464//3225 1508//3225
f 1719//3226 1508//3226 1720//3226
f 1720//3227 1508//3227 1507//3227
f 1720//3228 1507//3228 1721//3228
f 1721//3229 1507//3229 1494//3229
f 1721//3229 1494//3229 1722//3229
f 1722//3230 1494//3230 1493//3230
f 1722//3231 1493//3231 1723//3231
f 1723//3232 1493//3232 1500//3232
f 1723//3233 1500//3233 1724//3233
f 1724//3234 1500//3234 1499//3234
f 1724//3235 1499//3235 1725//3235
f 1725//3236 1499//3236 1452//3236
f 1725//3237 1452//3237 1726//3237
f 1726//3238 1452//3238 1451//3238
f 1726//3239 1451//3239 1727//3239
f 1727//3240 1451//3240 1472//3240
f 1727//3241 1472//3241 1728//3241
f 1728//3242 1472//3242 1471//3242
f 1728//3243 1471//3243 1729//3243
f 1729//3244 1471//3244 1450//3244
f 1729//3245 1450//3245 1730//3245
f 1730//3246 1450//3246 1449//3246
f 1730//3247 1449//3247 1731//3247
f 1731//3248 1449//3248 1497//3248
f 1731//3249 1497//3249 1732//3249
f 1732//3250 1497//3250 1498//3250
f 1732//3251 1498//3251 1733//3251
f 1733//3252 1498//3252 1503//3252
f 1733//3253 1503//3253 1734//3253
f 1734//3254 1503//3254 1506//3254
f 1734//3255 1506//3255 1735//3255
f 1735//3256 1506//3256 1505//3256
f 1735//3257 1505//3257 1736//3257
f 1736//3258 1505//3258 1504//3258
f 1736//3259 1504//3259 1737//3259
f 1737//3260 1504//3260 1502//3260
f 1737//3260 1502//3260 1738//3260
f 1738//3261 1502//3261 1501//3261
f 1738//3262 1501//3262 1739//3262
f 1739//3263 1501//3263 1509//3263
f 1739//3264 1509//3264 1740//3264
f 1740//3265 1509//3265 1496//3265
f 1740//3266 1496//3266 1741//3266
f 1741//3267 1496//3267 1495//3267
f 1741//3268 1495//3268 1742//3268
f 1575//3269 1681//3269 1682//3269
f 1682//3270 1681//3270 1711//3270
f 1682//3271 1711//3271 1743//3271
f 1743//3272 1711//3272 1712//3272
f 1743//3273 1712//3273 1744//3273
f 1744//3274 1712//3274 1713//3274
f 1744//3275 1713//3275 1745//3275
f 1745//3276 1713//3276 1714//3276
f 1745//3277 1714//3277 1746//3277
f 1746//3278 1714//3278 1715//3278
f 1746//3279 1715//3279 1747//3279
f 1747//3280 1715//3280 1716//3280
f 1747//3281 1716//3281 1748//3281
f 1748//3282 1716//3282 1717//3282
f 1748//3283 1717//3283 1749//3283
f 1749//3284 1717//3284 1718//3284
f 1749//3285 1718//3285 1750//3285
f 1750//3286 1718//3286 1719//3286
f 1750//3287 1719//3287 1751//3287
f 1751//3288 1719//3288 1720//3288
f 1751//3289 1720//3289 1752//3289
f 1752//3290 1720//3290 1721//3290
f 1752//3291 1721//3291 1753//3291
f 1753//3292 1721//3292 1722//3292
f 1753//3292 1722//3292 1754//3292
f 1754//3293 1722//3293 1723//3293
f 1754//3294 1723//3294 1755//3294
f 1755//3295 1723//3295 1724//3295
f 1755//3296 1724//3296 1756//3296
f 1756//3297 1724//3297 1725//3297
f 1756//3298 1725//3298 1757//3298
f 1757//3299 1725//3299 1726//3299
f 1757//3300 1726//3300 1758//3300
f 1758//3301 1726//3301 1727//3301
f 1758//3302 1727//3302 1759//3302
f 1759//3303 1727//3303 1728//3303
f 1759//3304 1728//3304 1760//3304
f 1760//3305 1728//3305 1729//3305
f 1760//3306 1729//3306 1761//3306
f 1761//3307 1729//3307 1730//3307
f 1761//3308 1730//3308 1762//3308
f 1762//3309 1730//3309 1731//3309
f 1762//3310 1731//3310 1763//3310
f 1763//3311 1731//3311 1732//3311
f 1763//3312 1732//3312 1764//3312
f 1764//3313 1732//3313 1733//3313
f 1764//3314 1733//3314 1765//3314
f 1765//3315 1733//3315 1734//3315
f 1765//3316 1734//3316 1766//3316
f 1766//3317 1734//3317 1735//3317
f 1766//3318 1735//3318 1767//3318
f 1767//3319 1735//3319 1736//3319
f 1767//3320 1736//3320 1768//3320
f 1768//3321 1736//3321 1737//3321
f 1768//3322 1737//3322 1769//3322
f 1769//3323 1737//3323 1738//3323
f 1769//3324 1738//3324 1770//3324
f 1770//3325 1738//3325 1739//3325
f 1770//3326 1739//3326 1771//3326
f 1771//3327 1739//3327 1740//3327
f 1771//3328 1740//3328 1772//3328
f 1772//3329 1740//3329 1741//3329
f 1772//3330 1741//3330 1773//3330
f 1773//3331 1741//3331 1742//3331
f 1773//3332 1742//3332 1774//3332
f 1573//3333 1682//3333 1683//3333
f 1683//3334 1682//3334 1743//3334
f 1683//3335 1743//3335 1693//3335
f 1693//3336 1743//3336 1744//3336
f 1693//3337 1744//3337 1692//3337
f 1692//3338 1744//3338 1745//3338
f 1692//3339 1745//3339 1691//3339
f 1691//3340 1745//3340 1746//3340
f 1691//3341 1746//3341 1690//3341
f 1690//3342 1746//3342 1747//3342
f 1690//3343 1747//3343 1689//3343
f 1689//3344 1747//3344 1748//3344
f 1689//3345 1748//3345 1688//3345
f 1688//3346 1748//3346 1749//3346
f 1688//3347 1749//3347 1687//3347
f 1687//3348 1749//3348 1750//3348
f 1687//3349 1750//3349 1686//3349
f 1686//3350 1750//3350 1751//3350
f 1686//3351 1751//3351 1685//3351
f 1685//3352 1751//3352 1752//3352
f 1685//3353 1752//3353 1684//3353
f 1684//3354 1752//3354 1753//3354
f 1684//3355 1753//3355 1694//3355
f 1694//3356 1753//3356 1754//3356
f 1694//3356 1754//3356 1695//3356
f 1695//3357 1754//3357 1755//3357
f 1695//3358 1755//3358 1696//3358
f 1696//3359 1755//3359 1756//3359
f 1696//3360 1756//3360 1697//3360
f 1697//3361 1756//3361 1757//3361
f 1697//3362 1757//3362 1698//3362
f 1698//3363 1757//3363 1758//3363
f 1698//3364 1758//3364 1699//3364
f 1699//3365 1758//3365 1759//3365
f 1699//3366 1759//3366 1700//3366
f 1700//3367 1759//3367 1760//3367
f 1700//3368 1760//3368 1701//3368
f 1701//3369 1760//3369 1761//3369
f 1701//3370 1761//3370 1702//3370
f 1702//3371 1761//3371 1762//3371
f 1702//3372 1762//3372 1703//3372
f 1703//3373 1762//3373 1763//3373
f 1703//3374 1763//3374 1704//3374
f 1704//3375 1763//3375 1764//3375
f 1704//3376 1764//3376 1705//3376
f 1705//3377 1764//3377 1765//3377
f 1705//3378 1765//3378 1706//3378
f 1706//3379 1765//3379 1766//3379
f 1706//3380 1766//3380 1707//3380
f 1707//3381 1766//3381 1767//3381
f 1707//3382 1767//3382 1708//3382
f 1708//3383 1767//3383 1768//3383
f 1708//3384 1768//3384 1709//3384
f 1709//3385 1768//3385 1769//3385
f 1709//3386 1769//3386 1710//3386
f 1710//3387 1769//3387 1770//3387
f 1710//3388 1770//3388 1775//3388
f 1775//3389 1770//3389 1771//3389
f 1775//3390 1771//3390 1776//3390
f 1776//3391 1771//3391 1772//3391
f 1776//3392 1772//3392 1777//3392
f 1777//3393 1772//3393 1773//3393
f 1777//3394 1773//3394 1778//3394
f 1778//3395 1773//3395 1774//3395
f 1778//3396 1774//3396 1779//3396
f 85//3397 1710//3397 522//3397
f 522//3398 1710//3398 1775//3398
f 522//3399 1775//3399 79//3399
f 79//3400 1775//3400 1776//3400
f 79//3401 1776//3401 80//3401
f 80//3402 1776//3402 1777//3402
f 80//3403 1777//3403 82//3403
f 82//3404 1777//3404 1778//3404
f 82//3405 1778//3405 562//3405
f 562//3406 1778//3406 1779//3406
f 562//3407 1779//3407 563//3407
f 1463//3408 1462//3408 1780//3408
f 1780//3409 1462//3409 1680//3409
f 1780//3410 1680//3410 1781//3410
f 1781//3411 1680//3411 1677//3411
f 1781//3412 1677//3412 1782//3412
f 1782//3413 1677//3413 1676//3413
f 1782//3414 1676//3414 829//3414
f 829//3415 1676//3415 688//3415
f 1439//3416 1463//3416 1783//3416
f 1783//3417 1463//3417 1780//3417
f 1783//3418 1780//3418 1784//3418
f 1784//3419 1780//3419 1781//3419
f 1784//3420 1781//3420 1785//3420
f 1785//3421 1781//3421 1782//3421
f 1785//3422 1782//3422 828//3422
f 828//3423 1782//3423 829//3423
f 1786//3424 1534//3424 563//3424
f 563//3425 1779//3425 1786//3425
f 1786//3426 1779//3426 1774//3426
f 1786//3427 1774//3427 1787//3427
f 1787//3428 1774//3428 1742//3428
f 1787//3429 1742//3429 1788//3429
f 1788//3430 1742//3430 1495//3430
f 1431//3431 1439//3431 1789//3431
f 1789//3432 1439//3432 1783//3432
f 1789//3433 1783//3433 1790//3433
f 1790//3434 1783//3434 1784//3434
f 1790//3435 1784//3435 1791//3435
f 1791//3436 1784//3436 1785//3436
f 1791//3437 1785//3437 1535//3437
f 1535//3438 1785//3438 828//3438
f 1495//3439 1431//3439 1788//3439
f 1788//3440 1431//3440 1789//3440
f 1788//3441 1789//3441 1787//3441
f 1787//3442 1789//3442 1790//3442
f 1787//3443 1790//3443 1786//3443
f 1786//3444 1790//3444 1791//3444
f 1786//3445 1791//3445 1534//3445
f 1534//3446 1791//3446 1535//3446
