# Blender 4.4.3
# www.blender.org
mtllib f_distal_bt_2p_adapter.mtl
o node
v 0.011739 -0.004516 0.003207
v 0.012247 -0.004395 0.003736
v 0.012247 -0.004516 0.004265
v 0.011739 -0.004516 0.004265
v 0.011739 -0.005343 0.004925
v 0.012247 -0.005885 0.004925
v 0.011739 -0.006374 0.004689
v 0.012247 -0.006712 0.004265
v 0.012247 -0.006833 0.003736
v 0.011739 -0.006833 0.003736
v 0.012247 -0.006712 0.003207
v 0.011739 -0.006712 0.003207
v 0.012247 -0.005885 0.002547
v 0.012247 -0.005343 0.002547
v 0.011739 -0.005343 0.002547
v 0.012247 -0.004516 0.003207
v 0.011739 -0.012541 -0.006257
v 0.011739 -0.011295 0.005889
v 0.011739 -0.011906 0.006211
v 0.011739 -0.012072 -0.006188
v 0.011739 -0.010347 0.005060
v 0.011739 -0.010758 0.005460
v 0.011739 -0.010922 0.005600
v 0.011739 -0.011815 -0.006103
v 0.011739 -0.011607 -0.006010
v 0.011739 -0.011294 -0.005821
v 0.011739 -0.011214 -0.005771
v 0.011739 -0.005885 0.002547
v 0.011739 -0.004854 0.004689
v 0.011739 -0.002595 0.006911
v 0.011739 -0.005885 0.004925
v 0.011739 -0.002595 -0.006805
v 0.011739 -0.001876 -0.006508
v 0.011739 -0.010342 0.005055
v 0.011739 -0.006712 0.004265
v 0.011739 -0.010342 -0.004987
v 0.011739 -0.006374 0.002783
v 0.011739 -0.012541 0.006325
v 0.011739 -0.012214 0.006294
v 0.011739 -0.010744 -0.005376
v 0.011739 -0.010347 -0.004992
v 0.011739 -0.004854 0.002783
v 0.011739 -0.002206 0.006834
v 0.011739 -0.001656 0.006284
v 0.011739 -0.004395 0.003736
v 0.012489 -0.024578 -0.006805
v 0.012388 -0.024203 -0.006805
v 0.012114 -0.023928 -0.006805
v 0.011739 -0.023828 -0.006805
v 0.011739 -0.025328 -0.006257
v 0.011739 -0.023828 -0.006257
v 0.012388 -0.024203 -0.006257
v 0.012844 -0.025328 -0.006257
v 0.013263 -0.009649 0.006911
v 0.013517 -0.009649 0.006911
v 0.013517 -0.024820 0.006911
v 0.012844 -0.012876 0.006325
v 0.011796 -0.012573 0.006325
v 0.012388 -0.024953 0.006325
v 0.012114 -0.023928 0.006325
v 0.013263 -0.005989 0.001610
v 0.013263 -0.006693 0.001866
v 0.013263 -0.009649 -0.006805
v 0.013263 -0.006693 0.005606
v 0.013263 -0.001579 -0.005789
v 0.013263 -0.001579 0.005895
v 0.013263 -0.003585 0.004474
v 0.013263 -0.005239 0.001610
v 0.013263 -0.001656 0.006284
v 0.013263 -0.003960 0.005124
v 0.013263 -0.002206 0.006834
v 0.013263 -0.002595 0.006911
v 0.013263 -0.004534 0.005606
v 0.013263 -0.005239 0.005862
v 0.013263 -0.003585 0.002997
v 0.013263 -0.003960 0.002348
v 0.013263 -0.001656 -0.006178
v 0.013263 -0.001876 -0.006508
v 0.013965 -0.025328 -0.006152
v 0.013517 -0.025328 -0.006297
v 0.014017 -0.025328 -0.005473
v 0.014133 -0.025328 -0.005983
v 0.013517 -0.025328 0.006403
v 0.012844 -0.025328 0.006325
v 0.013965 -0.025328 0.006257
v 0.013752 -0.025328 0.006366
v 0.013742 -0.025328 0.005953
v 0.014279 -0.025328 0.005641
v 0.014114 -0.025328 0.005055
v 0.014787 -0.024820 -0.005535
v 0.014114 -0.025328 -0.004987
v 0.014007 -0.012876 -0.005468
v 0.013869 -0.012876 -0.005737
v 0.013742 -0.025328 -0.005885
v 0.013330 -0.025328 -0.006160
v 0.012844 -0.012876 -0.006257
v 0.013325 -0.012876 0.006218
v 0.013330 -0.025328 0.006228
v 0.013590 -0.012876 0.006082
v 0.013731 -0.012876 0.005942
v 0.013871 -0.012876 0.005801
v 0.014114 -0.012876 0.005055
v 0.014017 -0.025328 0.005541
v 0.011766 -0.010603 0.005055
v 0.011832 -0.010807 -0.004987
v 0.011990 -0.011100 0.005055
v 0.012087 -0.011205 0.005055
v 0.012177 -0.011301 0.005055
v 0.012087 -0.011205 -0.004987
v 0.012177 -0.011301 -0.004987
v 0.012402 -0.011458 0.005055
v 0.012402 -0.011458 -0.004987
v 0.012656 -0.011562 0.005055
v 0.012926 -0.011609 0.005055
v 0.012926 -0.011609 -0.004987
v 0.011794 -0.010889 0.005447
v 0.011739 -0.010744 0.005447
v 0.011832 -0.010807 0.005055
v 0.011739 -0.010613 0.005319
v 0.011739 -0.011136 0.005781
v 0.011739 -0.011449 0.005994
v 0.012018 -0.011485 0.005801
v 0.011739 -0.011808 0.006173
v 0.012152 -0.011917 0.006082
v 0.011739 -0.012072 0.006256
v 0.011983 -0.012229 0.006263
v 0.012304 -0.012782 0.006325
v 0.012891 -0.012155 0.006094
v 0.012869 -0.012485 0.006263
v 0.012892 -0.012131 0.006082
v 0.011739 -0.011774 0.006160
v 0.011739 -0.011607 0.006075
v 0.011834 -0.011697 0.006082
v 0.012923 -0.011665 0.005410
v 0.012922 -0.011671 0.005447
v 0.012589 -0.011795 0.005801
v 0.011739 -0.011163 0.005799
v 0.011796 -0.011245 0.005801
v 0.012287 -0.011671 0.005801
v 0.012926 -0.011617 0.005102
v 0.012412 -0.012405 0.006263
v 0.012511 -0.012065 0.006082
v 0.012639 -0.011621 0.005447
v 0.012468 -0.011485 0.005055
v 0.011851 -0.010864 0.005055
v 0.011940 -0.011137 0.005447
v 0.012136 -0.011348 0.005447
v 0.012373 -0.011512 0.005447
v 0.013586 -0.011874 0.005296
v 0.012909 -0.011878 0.005829
v 0.012921 -0.011693 0.005490
v 0.012924 -0.011647 0.005298
v 0.012925 -0.011630 0.005188
v 0.014015 -0.012414 0.005055
v 0.014052 -0.012876 0.005447
v 0.014007 -0.012876 0.005536
v 0.013825 -0.012497 0.005767
v 0.012869 -0.012498 0.006265
v 0.013236 -0.012876 0.006263
v 0.013218 -0.012497 0.006208
v 0.013556 -0.012497 0.006036
v 0.013688 -0.012153 0.005668
v 0.013997 -0.012497 0.005429
v 0.013837 -0.012153 0.005377
v 0.013167 -0.012153 0.006048
v 0.013085 -0.011874 0.005797
v 0.013458 -0.012153 0.005899
v 0.013624 -0.011874 0.005055
v 0.012911 -0.011851 0.005801
v 0.013303 -0.011874 0.005686
v 0.012982 -0.011687 0.005479
v 0.013106 -0.011687 0.005416
v 0.013205 -0.011687 0.005317
v 0.013475 -0.011874 0.005514
v 0.013268 -0.011687 0.005193
v 0.013290 -0.011687 0.005055
v 0.013381 -0.011738 0.005055
v 0.013381 -0.011738 -0.004987
v 0.013624 -0.011874 -0.004987
v 0.013760 -0.012018 0.005055
v 0.013888 -0.012153 0.005055
v 0.014056 -0.012497 0.005055
v 0.014114 -0.012876 -0.004987
v 0.013324 -0.012876 -0.006149
v 0.013585 -0.012876 -0.006019
v 0.012892 -0.012131 -0.006015
v 0.012922 -0.011671 -0.005380
v 0.013290 -0.011687 -0.004987
v 0.013268 -0.011687 -0.005126
v 0.013996 -0.012497 -0.005364
v 0.013822 -0.012497 -0.005703
v 0.013731 -0.012876 -0.005874
v 0.014051 -0.012876 -0.005382
v 0.014056 -0.012497 -0.004987
v 0.014015 -0.012414 -0.004987
v 0.013888 -0.012153 -0.004987
v 0.013836 -0.012153 -0.005312
v 0.013586 -0.011874 -0.005230
v 0.013760 -0.012018 -0.004987
v 0.012923 -0.011665 -0.005344
v 0.013104 -0.011687 -0.005349
v 0.012978 -0.011687 -0.005412
v 0.012911 -0.011851 -0.005734
v 0.013299 -0.011874 -0.005621
v 0.013079 -0.011874 -0.005731
v 0.012926 -0.011617 -0.005035
v 0.012925 -0.011630 -0.005122
v 0.013204 -0.011687 -0.005251
v 0.013474 -0.011874 -0.005448
v 0.013453 -0.012153 -0.005835
v 0.013159 -0.012153 -0.005982
v 0.012869 -0.012485 -0.006195
v 0.013227 -0.012876 -0.006198
v 0.013210 -0.012497 -0.006143
v 0.013551 -0.012497 -0.005972
v 0.013686 -0.012153 -0.005604
v 0.012909 -0.011878 -0.005761
v 0.011739 -0.011136 -0.005713
v 0.011739 -0.011906 -0.006144
v 0.011739 -0.011163 -0.005733
v 0.012018 -0.011485 -0.005734
v 0.011851 -0.010864 -0.004987
v 0.011766 -0.010603 -0.004987
v 0.011739 -0.010611 -0.005251
v 0.011794 -0.010889 -0.005380
v 0.011739 -0.010701 -0.005339
v 0.011739 -0.010925 -0.005532
v 0.012869 -0.012498 -0.006197
v 0.012412 -0.012405 -0.006195
v 0.012304 -0.012782 -0.006257
v 0.011796 -0.012573 -0.006257
v 0.011739 -0.012224 -0.006228
v 0.011983 -0.012229 -0.006195
v 0.012891 -0.012155 -0.006026
v 0.012511 -0.012065 -0.006015
v 0.012152 -0.011917 -0.006015
v 0.012589 -0.011795 -0.005734
v 0.011834 -0.011697 -0.006015
v 0.011739 -0.011560 -0.005989
v 0.012921 -0.011693 -0.005423
v 0.012287 -0.011671 -0.005734
v 0.012373 -0.011512 -0.005380
v 0.011796 -0.011245 -0.005734
v 0.011940 -0.011137 -0.005380
v 0.011990 -0.011100 -0.004987
v 0.012136 -0.011348 -0.005380
v 0.012639 -0.011621 -0.005380
v 0.012924 -0.011648 -0.005232
v 0.012468 -0.011485 -0.004987
v 0.012656 -0.011562 -0.004987
v 0.013997 -0.009744 0.006817
v 0.013909 -0.024820 0.006849
v 0.014002 -0.009747 0.006813
v 0.013997 -0.024820 0.006804
v 0.014404 -0.024820 0.006528
v 0.014680 -0.024820 0.006122
v 0.014725 -0.024820 0.006033
v 0.014787 -0.010919 0.005641
v 0.014787 -0.010919 -0.005535
v 0.014787 -0.010901 0.005659
v 0.014687 -0.010434 0.006126
v 0.014685 -0.010420 -0.006034
v 0.014685 -0.010420 0.006140
v 0.014413 -0.010022 0.006538
v 0.014413 -0.010023 -0.006432
v 0.014407 -0.010014 0.006546
v 0.014407 -0.010014 -0.006440
v 0.013517 -0.009649 -0.006805
v 0.013997 -0.009744 -0.006711
v 0.014002 -0.009747 -0.006707
v 0.014263 -0.024820 -0.006563
v 0.014404 -0.024820 -0.006422
v 0.014680 -0.024820 -0.006016
v 0.014725 -0.024820 -0.005928
v 0.014687 -0.010434 -0.006020
v 0.014787 -0.010901 -0.005553
v 0.012388 -0.024203 0.006325
v 0.012388 -0.024203 0.006320
v 0.012489 -0.024578 0.006325
v 0.012489 -0.024578 0.006320
v 0.012388 -0.024953 0.006320
v 0.012114 -0.025227 0.006325
v 0.011739 -0.023844 0.007247
v 0.011895 -0.023844 0.007247
v 0.012114 -0.023928 0.006911
v 0.012189 -0.025178 0.006763
v 0.012107 -0.025217 0.007247
v 0.012296 -0.025079 0.007247
v 0.012180 -0.023971 0.007247
v 0.012485 -0.024499 0.007247
v 0.012388 -0.024203 0.006911
v 0.012489 -0.024578 0.006911
v 0.012477 -0.024576 0.007247
v 0.012452 -0.024809 0.007247
v 0.012449 -0.024820 0.006911
v 0.012386 -0.024951 0.006890
v 0.012373 -0.024979 0.006885
v 0.012029 -0.025269 0.006640
v 0.012111 -0.025222 0.006703
v 0.011739 -0.023828 0.006911
v 0.011739 -0.023828 0.006325
v 0.011089 -0.024203 0.006320
v 0.010993 -0.024499 0.007247
v 0.011001 -0.024576 0.007247
v 0.011103 -0.024944 0.007247
v 0.011739 -0.025328 0.006403
v 0.011739 -0.025328 0.006325
v 0.011739 -0.025328 0.006320
v 0.012114 -0.025227 0.006320
v 0.011434 -0.025263 0.007247
v 0.012114 -0.023928 0.006320
v 0.011089 -0.024953 0.006320
v 0.011364 -0.023928 0.006320
v 0.011739 -0.023828 0.006320
v 0.010989 -0.024578 0.006320
v 0.011364 -0.025227 0.006320
v 0.011529 -0.024457 0.007755
v 0.011919 -0.024740 0.007755
v 0.011688 -0.024341 0.007755
v 0.011596 -0.024382 0.007755
v 0.011881 -0.024382 0.007755
v 0.011640 -0.024799 0.007755
v 0.011830 -0.024151 0.007717
v 0.011509 -0.024652 0.007755
v 0.011482 -0.024225 0.007717
v 0.011498 -0.024552 0.007755
v 0.012154 -0.024713 0.007717
v 0.011979 -0.024552 0.007755
v 0.012173 -0.024532 0.007717
v 0.012117 -0.024359 0.007717
v 0.011948 -0.024457 0.007755
v 0.011995 -0.024225 0.007717
v 0.011414 -0.024870 0.007717
v 0.011561 -0.024976 0.007717
v 0.011739 -0.024820 0.007755
v 0.011837 -0.024799 0.007755
v 0.011916 -0.024976 0.007717
v 0.011385 -0.024091 0.007607
v 0.011361 -0.024359 0.007717
v 0.011292 -0.024980 0.007607
v 0.011494 -0.025127 0.007607
v 0.011739 -0.025014 0.007717
v 0.011983 -0.025127 0.007607
v 0.011614 -0.023990 0.007607
v 0.011321 -0.024002 0.007442
v 0.011218 -0.024277 0.007607
v 0.011141 -0.024515 0.007607
v 0.011123 -0.024222 0.007442
v 0.012415 -0.024797 0.007442
v 0.012337 -0.024515 0.007607
v 0.012259 -0.024277 0.007607
v 0.012092 -0.024091 0.007607
v 0.012355 -0.024222 0.007442
v 0.011210 -0.025054 0.007442
v 0.011449 -0.025228 0.007442
v 0.011739 -0.025289 0.007442
v 0.011739 -0.025179 0.007607
v 0.011559 -0.024740 0.007755
v 0.011305 -0.024532 0.007717
v 0.011324 -0.024713 0.007717
v 0.011167 -0.024763 0.007607
v 0.011031 -0.024503 0.007442
v 0.011062 -0.024797 0.007442
v 0.011025 -0.024809 0.007247
v 0.011583 -0.023844 0.007247
v 0.011369 -0.023939 0.007247
v 0.011591 -0.023882 0.007442
v 0.011298 -0.023971 0.007247
v 0.011089 -0.024203 0.007247
v 0.011648 -0.024151 0.007717
v 0.011789 -0.024341 0.007755
v 0.011864 -0.023990 0.007607
v 0.011887 -0.023882 0.007442
v 0.012157 -0.024002 0.007442
v 0.012446 -0.024503 0.007442
v 0.012388 -0.024203 0.007247
v 0.012109 -0.023939 0.007247
v 0.011969 -0.024652 0.007755
v 0.012063 -0.024870 0.007717
v 0.012186 -0.024980 0.007607
v 0.012311 -0.024763 0.007607
v 0.012374 -0.024944 0.007247
v 0.012267 -0.025054 0.007442
v 0.012028 -0.025228 0.007442
v 0.011181 -0.025079 0.007247
v 0.011371 -0.025217 0.007247
v 0.011739 -0.025328 0.007247
v 0.012044 -0.025263 0.007247
v 0.012114 -0.023928 -0.006246
v 0.012297 -0.025071 -0.006733
v 0.012243 -0.025133 -0.006697
v 0.012114 -0.025227 -0.007110
v 0.012089 -0.025241 -0.006581
v 0.012051 -0.025259 -0.006551
v 0.012373 -0.024979 -0.006780
v 0.012346 -0.025019 -0.007110
v 0.012386 -0.024951 -0.006784
v 0.012377 -0.024948 -0.007110
v 0.012472 -0.024734 -0.007110
v 0.012472 -0.024422 -0.007110
v 0.012377 -0.024208 -0.007110
v 0.012114 -0.023928 -0.006257
v 0.012489 -0.024578 -0.006257
v 0.012489 -0.024578 -0.006246
v 0.012388 -0.024953 -0.006257
v 0.012388 -0.024953 -0.006246
v 0.012114 -0.025227 -0.006257
v 0.011739 -0.025328 -0.006246
v 0.011740 -0.025315 -0.007110
v 0.011372 -0.025213 -0.007110
v 0.011089 -0.024953 -0.006246
v 0.011054 -0.024883 -0.007110
v 0.011372 -0.023942 -0.007110
v 0.011364 -0.023928 -0.006246
v 0.011089 -0.024203 -0.006246
v 0.011237 -0.024020 -0.007110
v 0.011817 -0.023832 -0.007110
v 0.011507 -0.023864 -0.007110
v 0.011364 -0.025227 -0.006246
v 0.010989 -0.024578 -0.006246
v 0.011739 -0.023828 -0.006246
v 0.012114 -0.025227 -0.006246
v 0.012388 -0.024203 -0.006246
v 0.011664 -0.024808 -0.007618
v 0.011764 -0.024337 -0.007618
v 0.011764 -0.024818 -0.007618
v 0.011497 -0.024578 -0.007618
v 0.011860 -0.024787 -0.007618
v 0.011577 -0.024758 -0.007618
v 0.011664 -0.024348 -0.007618
v 0.011447 -0.024253 -0.007579
v 0.011860 -0.024368 -0.007618
v 0.011518 -0.024479 -0.007618
v 0.011577 -0.024398 -0.007618
v 0.011784 -0.024144 -0.007579
v 0.011604 -0.024163 -0.007579
v 0.011302 -0.024578 -0.007579
v 0.011189 -0.024822 -0.007469
v 0.011340 -0.024755 -0.007579
v 0.011553 -0.025149 -0.007469
v 0.011784 -0.025012 -0.007579
v 0.011802 -0.025176 -0.007469
v 0.012039 -0.025098 -0.007469
v 0.011957 -0.024956 -0.007579
v 0.012225 -0.024931 -0.007469
v 0.012435 -0.024430 -0.007304
v 0.012092 -0.024834 -0.007579
v 0.012166 -0.024668 -0.007579
v 0.012327 -0.024703 -0.007469
v 0.011975 -0.024527 -0.007618
v 0.012166 -0.024487 -0.007579
v 0.012094 -0.023962 -0.007304
v 0.012039 -0.024057 -0.007469
v 0.011189 -0.024333 -0.007469
v 0.011138 -0.024578 -0.007469
v 0.011336 -0.025024 -0.007469
v 0.011519 -0.025254 -0.007304
v 0.011507 -0.025291 -0.007110
v 0.011817 -0.025324 -0.007110
v 0.011813 -0.025285 -0.007304
v 0.011518 -0.024676 -0.007618
v 0.011447 -0.024902 -0.007579
v 0.011604 -0.024993 -0.007579
v 0.012094 -0.025194 -0.007304
v 0.012435 -0.024726 -0.007304
v 0.012314 -0.024996 -0.007304
v 0.012346 -0.024137 -0.007110
v 0.012472 -0.024578 -0.007110
v 0.011935 -0.024720 -0.007618
v 0.011975 -0.024628 -0.007618
v 0.012327 -0.024453 -0.007469
v 0.012225 -0.024224 -0.007469
v 0.012314 -0.024160 -0.007304
v 0.012114 -0.023928 -0.007110
v 0.011740 -0.023840 -0.007110
v 0.011813 -0.023870 -0.007304
v 0.011519 -0.023901 -0.007304
v 0.011802 -0.023980 -0.007469
v 0.011957 -0.024200 -0.007579
v 0.011935 -0.024435 -0.007618
v 0.012092 -0.024321 -0.007579
v 0.011553 -0.024006 -0.007469
v 0.011336 -0.024131 -0.007469
v 0.011263 -0.024049 -0.007304
v 0.011340 -0.024400 -0.007579
v 0.011099 -0.024210 -0.007110
v 0.011263 -0.025106 -0.007304
v 0.011237 -0.025135 -0.007110
v 0.011099 -0.024945 -0.007110
v 0.011089 -0.024867 -0.007304
v 0.011027 -0.024578 -0.007304
v 0.010989 -0.024578 -0.007110
v 0.011054 -0.024273 -0.007110
v 0.011089 -0.024288 -0.007304
v 0.012049 -0.025257 0.006655
v 0.011938 -0.025301 0.006566
v 0.011743 -0.025328 0.006406
v 0.012356 -0.025003 0.006876
v 0.013517 -0.025069 0.006836
v 0.012297 -0.025071 0.006838
v 0.013517 -0.025179 0.006762
v 0.012243 -0.025133 0.006803
v 0.013517 -0.025252 0.006652
v 0.013517 -0.025289 0.006597
v 0.013863 -0.025179 0.006707
v 0.014241 -0.025328 0.005876
v 0.014473 -0.025289 0.005641
v 0.014426 -0.025289 0.005936
v 0.014133 -0.025328 0.006089
v 0.014583 -0.025179 0.005987
v 0.014638 -0.025179 0.005641
v 0.014688 -0.025014 0.006021
v 0.014787 -0.024820 0.005641
v 0.013897 -0.025014 0.006812
v 0.013517 -0.025014 0.006872
v 0.014263 -0.024820 0.006668
v 0.013812 -0.025289 0.006550
v 0.014176 -0.025179 0.006548
v 0.014291 -0.025289 0.006203
v 0.014079 -0.025289 0.006415
v 0.014424 -0.025179 0.006300
v 0.014241 -0.025014 0.006637
v 0.014513 -0.025014 0.006365
v 0.014544 -0.024820 0.006387
v 0.014528 -0.025252 0.005641
v 0.014473 -0.025289 -0.005535
v 0.014712 -0.025069 0.005641
v 0.014748 -0.025014 0.005641
v 0.014748 -0.025014 -0.005535
v 0.013897 -0.025014 -0.006706
v 0.013517 -0.025014 -0.006766
v 0.013752 -0.025328 -0.006260
v 0.013517 -0.025289 -0.006492
v 0.014241 -0.025328 -0.005771
v 0.014279 -0.025328 -0.005535
v 0.014079 -0.025289 -0.006309
v 0.014528 -0.025252 -0.005535
v 0.014426 -0.025289 -0.005831
v 0.014583 -0.025179 -0.005882
v 0.014424 -0.025179 -0.006194
v 0.014513 -0.025014 -0.006259
v 0.014241 -0.025014 -0.006531
v 0.014176 -0.025179 -0.006442
v 0.013812 -0.025289 -0.006445
v 0.013517 -0.025252 -0.006546
v 0.013517 -0.025179 -0.006656
v 0.013863 -0.025179 -0.006601
v 0.014291 -0.025289 -0.006097
v 0.014638 -0.025179 -0.005535
v 0.014712 -0.025069 -0.005535
v 0.014688 -0.025014 -0.005916
v 0.013517 -0.024820 -0.006805
v 0.013909 -0.024820 -0.006743
v 0.013997 -0.024820 -0.006698
v 0.014544 -0.024820 -0.006282
v 0.012449 -0.024820 -0.006805
v 0.013517 -0.025069 -0.006730
v 0.012112 -0.025225 -0.006598
v 0.012263 -0.025114 -0.006711
v 0.011739 -0.025328 -0.006297
v 0.011743 -0.025328 -0.006301
v 0.011836 -0.025321 -0.006377
v 0.012029 -0.025269 -0.006534
v 0.012247 -0.004854 0.002783
v 0.012247 -0.003455 0.003736
v 0.012247 -0.006374 0.002783
v 0.012247 -0.006693 0.001866
v 0.012247 -0.005989 0.001610
v 0.012247 -0.004535 0.001866
v 0.012247 -0.003960 0.002348
v 0.012247 -0.003585 0.004474
v 0.012247 -0.004854 0.004689
v 0.012247 -0.005239 0.005862
v 0.012247 -0.005343 0.004925
v 0.012247 -0.006374 0.004689
v 0.012247 -0.006693 0.005606
v 0.012247 -0.007268 0.005124
v 0.012247 -0.003585 0.002997
v 0.013263 -0.003455 0.003736
v 0.012247 -0.003960 0.005124
v 0.012247 -0.004534 0.005606
v 0.012247 -0.005989 0.005862
v 0.013263 -0.005989 0.005862
v 0.013263 -0.007268 0.005124
v 0.012247 -0.007643 0.004474
v 0.013263 -0.007643 0.004474
v 0.013263 -0.007773 0.003736
v 0.012247 -0.007773 0.003736
v 0.013263 -0.007643 0.002997
v 0.012247 -0.007643 0.002997
v 0.013263 -0.007268 0.002348
v 0.012247 -0.007268 0.002348
v 0.012247 -0.005239 0.001610
v 0.013263 -0.004535 0.001866
v 0.013263 -0.002595 -0.006805
v 0.011739 -0.002206 -0.006728
v 0.013263 -0.002206 -0.006728
v 0.011739 -0.001656 -0.006178
v 0.011739 -0.001579 -0.005789
v 0.013263 -0.001876 0.006613
v 0.011739 -0.001876 0.006613
v 0.011739 -0.001579 0.005895
v 0.011739 -0.002096 -0.006773
v 0.011739 -0.005169 0.004506
v 0.011739 -0.002102 0.000364
v 0.011739 -0.005050 0.000563
v 0.011739 -0.004972 0.000611
v 0.011739 -0.003042 0.001417
v 0.011739 -0.002441 0.001007
v 0.011739 -0.004725 0.003736
v 0.011739 -0.001724 -0.006401
v 0.011739 -0.005140 0.000546
v 0.011739 -0.006384 0.003291
v 0.011739 -0.008625 0.005300
v 0.011739 -0.002603 0.006911
v 0.011739 -0.003042 -0.001417
v 0.011739 -0.003765 -0.001499
v 0.011739 -0.005262 0.000563
v 0.011739 -0.008211 0.000364
v 0.011739 -0.008211 -0.000364
v 0.011739 -0.004917 0.000683
v 0.011739 -0.003765 0.001499
v 0.011739 -0.007270 0.001417
v 0.011739 -0.006548 0.001499
v 0.011739 -0.006548 -0.001499
v 0.011739 -0.004442 -0.001234
v 0.011739 -0.004972 -0.000611
v 0.011739 -0.005050 -0.000563
v 0.011739 -0.005340 -0.000611
v 0.011739 -0.005173 -0.000546
v 0.011739 -0.023432 -0.006300
v 0.011739 -0.002005 -0.006300
v 0.009590 -0.020225 -0.006300
v 0.013250 -0.024807 0.006911
v 0.013234 -0.001258 0.006911
v 0.013185 -0.001098 0.006911
v 0.013197 -0.024938 0.006911
v 0.013149 -0.025054 0.006911
v 0.013025 -0.025193 0.006911
v 0.012444 -0.023754 0.006911
v 0.013239 -0.002603 0.006911
v 0.012725 -0.025388 0.006911
v 0.012537 -0.024067 0.006911
v 0.012218 -0.023520 0.006911
v 0.011739 -0.000003 -0.006909
v 0.013189 -0.001097 -0.006909
v 0.012968 -0.025257 -0.006909
v 0.013025 -0.025193 -0.006909
v 0.013269 -0.001588 -0.006909
v 0.012725 -0.025389 -0.006909
v 0.012768 -0.025365 -0.006909
v 0.012221 -0.023517 -0.006909
v 0.012454 -0.023749 -0.006909
v 0.013250 -0.024807 -0.006909
v 0.013197 -0.024938 -0.006909
v 0.011739 -0.000002 -0.006781
v 0.011739 -0.000003 0.006911
v 0.011739 -0.000000 0.006414
v 0.011739 -0.000000 -0.006414
v 0.011220 -0.025432 0.008532
v 0.010692 -0.025432 0.008728
v 0.011220 -0.025432 -0.008532
v 0.012231 -0.025432 -0.007540
v 0.010692 -0.025432 -0.008728
v 0.011339 -0.025432 -0.007602
v 0.010777 -0.025432 0.006300
v 0.010937 -0.025432 0.006300
v 0.011337 -0.025432 0.007603
v 0.004900 -0.025432 0.007207
v 0.006426 -0.025432 -0.005598
v 0.005785 -0.025432 -0.006475
v 0.012067 -0.025432 0.007803
v 0.012231 -0.025432 0.007540
v 0.010777 -0.025432 -0.006300
v 0.003860 -0.025432 0.007693
v 0.009912 -0.025432 -0.006069
v 0.009890 -0.025432 -0.006059
v -0.007472 -0.025432 0.000609
v 0.010228 -0.025432 -0.006205
v 0.001397 -0.025432 -0.008795
v 0.003860 -0.025432 -0.007693
v 0.009009 -0.025432 -0.005511
v -0.007433 -0.025432 -0.001026
v 0.011044 -0.025432 0.007310
v 0.010133 -0.025432 0.008795
v 0.010937 -0.025432 0.006910
v 0.010576 -0.025432 0.006285
v 0.009002 -0.025432 0.005506
v 0.007442 -0.025432 0.000000
v -0.003085 -0.025432 -0.007597
v 0.001397 -0.025432 0.008795
v -0.005803 -0.025432 0.003826
v -0.005246 -0.025432 -0.004709
v -0.006592 -0.025432 -0.003862
v -0.006191 -0.025432 -0.004586
v 0.009009 -0.025432 0.005511
v 0.009161 -0.025432 0.005618
v -0.004371 -0.025432 -0.005726
v -0.005395 -0.025432 -0.005678
v -0.003206 -0.025432 -0.006677
v 0.009603 -0.025432 0.005909
v -0.002940 -0.025432 0.006848
v -0.005176 -0.025432 0.005925
v -0.004959 -0.025432 0.005081
v -0.005705 -0.025432 0.005294
v -0.002844 -0.025432 0.007732
v -0.004153 -0.025432 0.005932
v -0.003555 -0.025432 0.007307
v -0.004223 -0.025432 0.006817
v -0.004847 -0.025432 0.006264
v -0.000852 -0.025432 0.008509
v -0.000445 -0.025432 -0.007870
v -0.001076 -0.025432 -0.008448
v 0.000557 -0.025432 -0.008756
v 0.001397 -0.025432 -0.008077
v -0.000115 -0.025432 0.007938
v 0.010133 -0.024638 0.009589
v 0.010878 -0.024638 0.009500
v 0.010839 -0.001587 0.009509
v 0.012194 -0.024638 0.008827
v 0.012205 -0.024638 0.008819
v 0.012883 -0.024638 0.007955
v 0.012993 -0.001587 0.007791
v 0.013228 -0.001587 0.007120
v 0.013074 -0.024638 0.007608
v 0.013269 -0.024638 0.006911
v 0.012663 -0.024942 0.008230
v 0.011687 -0.025432 0.008218
v 0.011885 -0.025371 0.008448
v 0.012968 -0.025256 0.006911
v 0.012420 -0.025428 0.007305
v 0.012492 -0.025426 0.007175
v 0.012537 -0.025428 0.006911
v 0.012768 -0.025365 0.006911
v 0.012620 -0.025371 0.007424
v 0.012362 -0.025429 0.007409
v 0.012403 -0.025428 0.007335
v 0.010133 -0.025314 0.009184
v 0.010824 -0.025199 0.009274
v 0.010763 -0.025371 0.009023
v 0.011554 -0.024942 0.009185
v 0.011582 -0.024638 0.009238
v 0.010864 -0.024942 0.009441
v 0.011224 -0.024638 0.009371
v 0.011358 -0.025371 0.008802
v 0.012053 -0.025199 0.008643
v 0.011476 -0.025199 0.009032
v 0.012314 -0.025371 0.007980
v 0.012523 -0.025199 0.008130
v 0.012165 -0.024942 0.008773
v 0.012711 -0.024638 0.008266
v 0.012859 -0.025199 0.007521
v 0.013018 -0.024942 0.007586
v 0.011739 -0.000000 0.006668
v 0.011739 -0.000002 0.006781
v 0.011680 0.000000 0.006767
v 0.011848 -0.000012 0.006911
v 0.012598 -0.000309 0.006911
v 0.013039 -0.000770 0.006911
v 0.012959 -0.000656 0.006911
v 0.013269 -0.001587 0.006911
v 0.010133 -0.001097 0.009511
v 0.011225 -0.001587 0.009374
v 0.012064 -0.001097 0.008835
v 0.011510 -0.001587 0.009274
v 0.012112 -0.001587 0.008896
v 0.012187 -0.001587 0.008821
v 0.012615 -0.001587 0.008393
v 0.012923 -0.001097 0.007757
v 0.012889 -0.001587 0.007957
v 0.013152 -0.001097 0.007103
v 0.013159 -0.001011 0.006911
v 0.012720 -0.000654 0.007660
v 0.012554 -0.001097 0.008345
v 0.012378 -0.000654 0.008204
v 0.011477 -0.001097 0.009204
v 0.011379 -0.000654 0.009001
v 0.010133 -0.000479 0.009110
v 0.010822 -0.001097 0.009433
v 0.010133 -0.000987 0.009455
v 0.012932 -0.000654 0.007053
v 0.011923 -0.000654 0.008659
v 0.010772 -0.000654 0.009213
v 0.010694 -0.000303 0.008871
v 0.010133 -0.000303 0.008934
v 0.012590 -0.000303 0.006974
v 0.012404 -0.000303 0.007507
v 0.012319 -0.000147 0.006911
v 0.012005 -0.000078 0.007315
v 0.012103 -0.000303 0.007985
v 0.011757 -0.000078 0.007709
v 0.011704 -0.000303 0.008384
v 0.011226 -0.000303 0.008684
v 0.011034 -0.000078 0.008286
v 0.011563 0.000000 0.007102
v 0.011428 -0.000078 0.008038
v 0.010595 -0.000078 0.008439
v 0.010486 0.000000 0.007961
v 0.010133 -0.000078 0.008492
v 0.011739 -0.009625 0.004300
v 0.011177 -0.002005 -0.002007
v 0.011739 -0.002005 -0.002007
v 0.003163 -0.006568 -0.002007
v 0.004773 -0.006018 -0.002007
v 0.009818 -0.005396 0.000683
v 0.011739 -0.005871 0.001234
v 0.009818 -0.005871 0.001234
v 0.009818 -0.006548 0.001499
v 0.009818 -0.007270 0.001417
v 0.011739 -0.007871 0.001007
v 0.009818 -0.007871 0.001007
v 0.009818 -0.008211 0.000364
v 0.011739 -0.007871 -0.001007
v 0.009818 -0.007871 -0.001007
v 0.011739 -0.007270 -0.001417
v 0.009818 -0.007270 -0.001417
v 0.011739 -0.005871 -0.001234
v 0.011739 -0.005396 -0.000683
v 0.011739 -0.005173 0.000546
v 0.009818 -0.005140 0.000546
v 0.009818 -0.004442 -0.001234
v 0.011739 -0.002441 -0.001007
v 0.009818 -0.002102 -0.000364
v 0.011739 -0.002102 -0.000364
v 0.009818 -0.002102 0.000364
v 0.009818 -0.002441 0.001007
v 0.009818 -0.003765 0.001499
v 0.011739 -0.004442 0.001234
v 0.009818 -0.004442 0.001234
v 0.011739 -0.005140 -0.000546
v 0.009818 -0.005050 -0.000563
v 0.011739 -0.004917 -0.000683
v 0.009818 -0.004917 -0.000683
v 0.009818 -0.005396 -0.000683
v 0.009818 -0.005340 -0.000611
v 0.011739 -0.005262 -0.000563
v 0.009818 -0.005262 -0.000563
v 0.009818 -0.005173 0.000546
v 0.009818 -0.005262 0.000563
v 0.011739 -0.005340 0.000611
v 0.011739 -0.005396 0.000683
v 0.011739 -0.009625 0.006300
v 0.009590 -0.009125 0.006166
v 0.011739 -0.009125 0.006166
v 0.009590 -0.008759 0.005800
v 0.011739 -0.008759 0.005800
v 0.009590 -0.008625 0.005300
v 0.009590 -0.008759 0.004800
v 0.011739 -0.008759 0.004800
v 0.011739 -0.009125 0.004434
v 0.009590 -0.009625 0.004300
v 0.006426 -0.009117 -0.003785
v 0.005273 -0.005510 -0.002515
v 0.008590 -0.006018 -0.004293
v 0.006426 -0.008609 -0.004293
v 0.008590 -0.005826 -0.004250
v 0.004963 -0.005826 -0.004249
v 0.004935 -0.005854 -0.004265
v 0.005124 -0.005664 -0.004144
v 0.008590 -0.005607 -0.004083
v 0.005233 -0.005552 -0.003977
v 0.008590 -0.005663 -0.004139
v 0.005208 -0.005579 -0.004040
v 0.008590 -0.005535 -0.003942
v 0.005273 -0.005510 -0.003785
v 0.008590 -0.005553 -0.003977
v 0.005255 -0.005530 -0.003925
v 0.008590 -0.008766 -0.004268
v 0.008590 -0.008860 -0.004220
v 0.006426 -0.009049 -0.004039
v 0.008590 -0.009092 -0.003942
v 0.008590 -0.009117 -0.003785
v -0.001599 0.003458 -0.009004
v 0.001735 0.003392 -0.009004
v 0.002824 0.002557 -0.009004
v 0.001635 0.001472 -0.009004
v 0.003239 0.002006 -0.009004
v 0.000895 0.002010 -0.009004
v -0.001635 0.001472 -0.009004
v -0.002188 -0.000230 -0.009004
v -0.003708 0.000875 -0.009004
v -0.003490 0.001529 -0.009004
v -0.003157 0.002133 -0.009004
v -0.002721 0.002667 -0.009004
v -0.002499 -0.002876 -0.009004
v -0.001905 -0.001100 -0.009004
v -0.003626 -0.001169 -0.009004
v 0.000457 -0.002152 -0.009004
v 0.001293 -0.001780 -0.009004
v 0.002057 -0.002589 -0.009004
v 0.003673 -0.000243 -0.009004
v 0.003588 -0.000320 -0.009004
v 0.003740 0.000728 -0.009004
v 0.003805 0.000134 -0.009004
v 0.002092 0.000680 -0.009004
v 0.003796 0.000092 -0.009004
v -0.001676 -0.003318 -0.009004
v -0.002105 -0.003154 -0.009004
v 0.000979 -0.003159 -0.009004
v 0.003114 -0.001112 -0.009004
v 0.002188 -0.000230 -0.009004
v 0.002499 -0.002165 -0.009004
v 0.000379 -0.003306 -0.009004
v -0.000244 -0.003384 -0.009004
v -0.000457 -0.002152 -0.009004
v -0.000790 -0.003396 -0.009004
v -0.001293 -0.001780 -0.009004
v -0.001448 -0.003356 -0.009004
v 0.010590 -0.023844 -0.005506
v 0.010590 -0.021091 0.004800
v 0.010590 -0.022695 0.000979
v 0.010590 -0.022695 -0.000979
v 0.010590 -0.021000 0.000000
v 0.010590 -0.020225 0.004300
v 0.011332 -0.023486 0.006294
v 0.011384 -0.023460 0.006300
v 0.011133 -0.020507 0.006259
v 0.011208 -0.023546 0.006280
v 0.010767 -0.020932 0.006007
v 0.010650 -0.023844 0.005810
v 0.010590 -0.021203 0.005506
v 0.010593 -0.021186 0.005576
v 0.010987 -0.023827 0.006193
v 0.010822 -0.023844 0.006068
v 0.010705 -0.021015 0.005898
v 0.010647 -0.021090 0.005799
v 0.010625 -0.021123 -0.005739
v 0.010650 -0.023844 -0.005810
v 0.010590 -0.021203 -0.005506
v 0.010987 -0.023830 -0.006193
v 0.010652 -0.021086 -0.005797
v 0.010945 -0.020723 -0.006162
v 0.010991 -0.020669 -0.006186
v 0.011384 -0.023461 -0.006300
v 0.011384 -0.020225 -0.006300
v 0.011256 -0.023517 -0.006290
v 0.011138 -0.020501 -0.006261
v 0.011379 -0.020229 -0.006300
v 0.011177 -0.008812 -0.002007
v 0.000773 -0.007270 -0.000146
v 0.002608 -0.007057 -0.000447
v 0.001512 -0.007213 -0.000279
v 0.002812 -0.007015 -0.000470
v 0.009818 -0.007017 -0.000473
v 0.003174 -0.006940 -0.000510
v 0.004092 -0.006689 -0.000543
v 0.003907 -0.006744 -0.000542
v 0.005068 -0.006320 -0.000345
v 0.004879 -0.006401 -0.000425
v 0.004700 -0.006473 -0.000470
v 0.004297 -0.006621 -0.000532
v 0.005263 -0.006231 -0.000188
v 0.005230 -0.006246 -0.000225
v 0.009818 -0.006471 -0.000473
v 0.005322 -0.006202 0.000072
v 0.005330 -0.006199 0.000037
v 0.005325 -0.006201 -0.000062
v 0.004706 -0.006471 0.000472
v 0.005070 -0.006319 0.000344
v 0.009818 -0.006744 0.000546
v 0.003739 -0.006795 0.000544
v 0.002811 -0.007015 0.000469
v 0.009818 -0.007017 0.000473
v 0.001483 -0.007216 0.000274
v 0.009818 -0.007217 0.000273
v 0.001477 -0.007217 0.000273
v 0.007029 -0.003469 -0.000537
v 0.006308 -0.004095 -0.000146
v 0.006294 -0.004105 -0.000104
v 0.009818 -0.003842 -0.000473
v 0.006905 -0.003597 -0.000545
v 0.006694 -0.003792 -0.000498
v 0.006636 -0.003841 -0.000472
v 0.007104 -0.003386 -0.000514
v 0.009818 -0.003023 0.000000
v 0.007377 -0.003029 -0.000085
v 0.007369 -0.003042 -0.000143
v 0.009818 -0.003096 0.000273
v 0.007379 -0.003027 0.000067
v 0.007329 -0.003098 0.000271
v 0.007167 -0.003311 0.000482
v 0.006697 -0.003789 0.000500
v 0.006895 -0.003607 0.000545
v 0.006932 -0.003569 0.000543
v 0.007021 -0.003478 0.000539
v 0.006425 -0.004009 0.000323
v 0.009818 -0.004042 0.000273
v 0.006501 -0.003951 0.000390
v 0.006625 -0.003851 0.000468
v 0.006636 -0.003841 0.000472
v 0.009818 -0.003842 0.000473
v 0.006280 -0.004115 0.000005
v 0.006345 -0.004068 0.000221
v 0.006385 -0.004039 0.000271
v 0.006426 -0.009117 -0.002515
v 0.008590 -0.009088 -0.002346
v 0.008590 -0.008862 -0.002077
v 0.006426 -0.008863 -0.002075
v 0.008590 -0.009005 -0.002197
v 0.008590 -0.009042 -0.002264
v 0.008590 -0.008722 -0.002019
v 0.011177 -0.008609 -0.002007
v 0.008590 -0.005539 -0.002346
v 0.008590 -0.005510 -0.002515
v 0.008590 -0.005584 -0.002264
v 0.005208 -0.005578 -0.002261
v 0.005206 -0.005581 -0.002257
v 0.008590 -0.005765 -0.002077
v 0.008590 -0.005904 -0.002019
v 0.005018 -0.005771 -0.002082
v 0.005020 -0.005769 -0.002083
v 0.005107 -0.005681 -0.002135
v 0.011177 -0.006018 -0.002007
v 0.004776 -0.006015 -0.002007
v -0.004477 -0.006932 -0.007625
v -0.004270 -0.006690 -0.007778
v -0.004076 -0.006292 -0.007913
v -0.003355 -0.005172 -0.008357
v -0.004039 -0.006055 -0.007938
v -0.004039 -0.006020 -0.007938
v -0.004039 -0.005280 -0.007938
v -0.004704 -0.024638 -0.007449
v -0.004725 -0.024638 -0.007430
v -0.004835 -0.007215 -0.007342
v -0.005154 -0.007384 -0.007065
v -0.008079 -0.007540 -0.001945
v -0.008073 -0.024638 -0.002009
v -0.007916 -0.007540 -0.002633
v -0.007625 -0.007540 -0.003488
v -0.007613 -0.007540 -0.003514
v -0.007304 -0.024638 -0.004213
v -0.006881 -0.024638 -0.004976
v -0.006866 -0.024638 -0.005003
v -0.006878 -0.007540 -0.004974
v -0.006815 -0.007540 -0.005086
v -0.006528 -0.007540 -0.005514
v -0.005998 -0.024638 -0.006194
v -0.005903 -0.024638 -0.006295
v -0.005907 -0.007540 -0.006299
v -0.005384 -0.024638 -0.006849
v -0.008272 -0.007540 0.000542
v -0.008285 -0.024638 -0.000227
v -0.008264 -0.024638 0.000664
v -0.008227 -0.007540 0.001072
v -0.008057 -0.024638 0.002081
v -0.007820 -0.024638 0.002945
v -0.007860 -0.007540 0.002820
v -0.007552 -0.007540 0.003668
v -0.007288 -0.024638 0.004246
v -0.006846 -0.024638 0.005036
v -0.005760 -0.024638 0.006463
v -0.004067 -0.006256 0.007919
v -0.004721 -0.024638 0.007435
v -0.004189 -0.006562 0.007835
v -0.004243 -0.006651 0.007797
v -0.005297 -0.024638 0.006925
v -0.004603 -0.007046 0.007529
v -0.005254 -0.007425 0.006973
v -0.005401 -0.024638 0.006832
v -0.003428 -0.005192 0.008316
v -0.003807 -0.005262 0.008088
v -0.004022 -0.005279 0.007949
v -0.002577 -0.024638 0.008737
v -0.002853 -0.004977 0.008617
v -0.002235 -0.004542 0.008890
v -0.002303 -0.004606 0.008862
v -0.001578 -0.004176 0.009126
v -0.001284 -0.004354 0.009215
v -0.002560 -0.004806 0.008753
v -0.001026 -0.004459 0.009282
v -0.001858 -0.004034 0.009032
v -0.001911 -0.004132 0.009013
v 0.000171 -0.004675 0.009511
v 0.000362 -0.024638 0.009534
v -0.001027 -0.024638 0.009283
v -0.000438 -0.004624 0.009415
v 0.000883 -0.004620 0.009575
v 0.000664 -0.004649 0.009561
v 0.001268 -0.024638 0.009588
v 0.000608 -0.004652 0.009555
v 0.000608 -0.024638 0.009548
v -0.001281 -0.004355 -0.009215
v -0.001851 -0.024638 -0.009033
v -0.000303 -0.004644 -0.009440
v 0.000483 -0.024638 -0.009546
v -0.000249 -0.024638 -0.009443
v -0.000415 -0.024638 -0.009420
v -0.002459 -0.004734 -0.008797
v -0.003353 -0.024638 -0.008352
v -0.003355 -0.005172 -0.008357
v -0.002730 -0.004911 -0.008676
v -0.001783 -0.004005 -0.009058
v -0.001852 -0.004020 -0.009034
v 0.010133 0.000000 0.008001
v 0.007691 0.000000 -0.007866
v 0.011720 0.000000 -0.006414
v 0.011374 0.000000 -0.007403
v 0.006506 0.000000 -0.007384
v 0.011123 0.000000 0.007655
v 0.011374 0.000000 0.007403
v 0.007691 0.000000 0.007866
v 0.010821 0.000000 0.007844
v 0.010821 0.000000 -0.007844
v 0.011123 0.000000 -0.007655
v 0.006787 0.000000 -0.007480
v 0.007290 0.000000 -0.006210
v 0.007193 0.000000 0.006696
v 0.007553 0.000000 0.007651
v 0.007002 0.000000 0.007506
v 0.007142 0.000000 0.007524
v 0.007197 0.000000 0.007537
v 0.006918 0.000000 -0.007108
v 0.007582 0.000000 0.007662
v 0.007752 0.000000 0.007727
v 0.011720 0.000000 0.006414
v 0.006506 0.000000 0.007384
v 0.007578 0.000000 -0.007665
v 0.006918 0.000000 0.007108
v 0.002204 -0.004173 -0.009589
v 0.004076 -0.002380 -0.009589
v 0.000392 -0.007279 -0.005982
v 0.000753 -0.007251 -0.005940
v 0.000914 -0.007232 -0.005894
v 0.000952 -0.007227 -0.005875
v 0.001243 -0.007183 -0.005735
v 0.001795 -0.007065 -0.005137
v 0.001733 -0.007081 -0.005244
v 0.001634 -0.007104 -0.005383
v 0.001622 -0.007107 -0.005395
v 0.001437 -0.007146 -0.005580
v 0.004076 -0.002380 0.009589
v 0.004444 -0.001587 0.009589
v 0.001397 -0.004508 0.009589
v 0.002204 -0.004173 0.009589
v 0.003567 -0.003090 0.009589
v 0.002643 -0.025432 -0.007980
v 0.002643 -0.008084 -0.007980
v 0.003860 -0.008084 -0.007693
v 0.006858 -0.014434 -0.004530
v 0.006426 -0.014434 0.005598
v 0.006858 -0.014434 0.004530
v 0.006426 -0.014434 0.004712
v 0.007296 -0.014434 0.002284
v 0.007442 -0.014434 0.000000
v 0.006426 -0.014434 -0.004712
v 0.004900 -0.025432 -0.007207
v 0.006474 -0.008084 -0.005374
v 0.006426 -0.014434 -0.005598
v 0.006474 -0.014434 -0.005374
v 0.006247 -0.025432 -0.005998
v 0.005785 -0.008084 -0.006475
v 0.006426 -0.008609 -0.002007
v 0.006426 -0.008084 0.004712
v 0.006426 -0.008863 -0.004225
v 0.006426 -0.009049 -0.002261
v 0.006247 -0.025432 0.005998
v 0.006474 -0.014434 0.005374
v 0.006247 -0.008084 0.005998
v 0.005785 -0.025432 0.006475
v 0.004900 -0.008084 0.007207
v 0.003860 -0.008084 0.007693
v 0.002643 -0.025432 0.007980
v 0.002643 -0.008084 0.007980
v 0.001397 -0.025432 0.008077
v 0.001397 -0.008084 -0.008077
v 0.000985 -0.008084 -0.008067
v 0.000985 -0.025432 -0.008067
v -0.000445 -0.008084 -0.007870
v -0.001882 -0.008084 -0.007400
v -0.001882 -0.025432 -0.007400
v -0.004371 -0.008084 -0.005726
v -0.005246 -0.008084 -0.004709
v -0.006010 -0.025432 -0.003417
v -0.006520 -0.025432 -0.002007
v -0.006520 -0.008084 -0.002007
v -0.006759 -0.025432 -0.000522
v -0.006716 -0.008084 0.000975
v -0.006716 -0.025432 0.000975
v -0.006392 -0.025432 0.002448
v -0.001581 -0.025432 0.007523
v 0.001397 -0.008084 0.008077
v 0.006858 -0.025432 0.004530
v 0.006426 -0.025432 0.005598
v 0.007441 -0.021015 0.000188
v 0.007422 -0.021376 0.000842
v 0.007420 -0.021430 0.000888
v 0.007406 -0.022138 0.001130
v 0.007409 -0.022444 0.001086
v 0.007296 -0.025432 0.002284
v 0.007416 -0.022691 0.000970
v 0.007418 -0.022785 0.000921
v 0.007421 -0.022842 0.000878
v 0.007430 -0.023053 0.000653
v 0.007432 -0.023092 0.000593
v 0.007442 -0.025432 0.000000
v 0.007440 -0.023217 0.000311
v 0.007428 -0.023013 -0.000705
v 0.007441 -0.023234 0.000241
v 0.007440 -0.023218 -0.000306
v 0.007433 -0.023100 -0.000561
v 0.007416 -0.022730 -0.000958
v 0.007409 -0.022448 -0.001084
v 0.007407 -0.022129 -0.001124
v 0.007296 -0.025432 -0.002284
v 0.007406 -0.022071 -0.001129
v 0.007412 -0.021701 -0.001046
v 0.007422 -0.021380 -0.000845
v 0.007296 -0.014434 -0.002284
v 0.007434 -0.021142 -0.000550
v 0.007442 -0.014434 0.000000
v 0.007442 -0.021006 -0.000121
v 0.007442 -0.021010 -0.000000
v 0.007407 -0.022000 -0.001123
v 0.006858 -0.025432 -0.004530
v 0.007416 -0.021570 0.000970
v 0.007442 -0.021010 0.000000
v 0.007416 -0.021569 -0.000972
v 0.010590 -0.023109 -0.000565
v 0.007430 -0.023055 -0.000648
v 0.007438 -0.023196 -0.000374
v 0.007419 -0.022789 -0.000918
v 0.007408 -0.022379 -0.001103
v 0.007416 -0.022693 -0.000974
v 0.010590 -0.021565 -0.000979
v 0.007413 -0.021636 -0.001017
v 0.010590 -0.022130 -0.001130
v 0.007441 -0.021016 -0.000192
v 0.007436 -0.021109 -0.000486
v 0.007433 -0.021153 -0.000564
v 0.010590 -0.021151 -0.000565
v 0.007424 -0.021328 -0.000797
v 0.007434 -0.021140 0.000546
v 0.010590 -0.021151 0.000565
v 0.007440 -0.021029 0.000257
v 0.007432 -0.021176 0.000607
v 0.007433 -0.021151 0.000565
v 0.010590 -0.022130 0.001130
v 0.007406 -0.022130 0.001130
v 0.007407 -0.022067 0.001129
v 0.010590 -0.021565 0.000979
v 0.007410 -0.021764 0.001069
v 0.007412 -0.021697 0.001044
v 0.007410 -0.022511 0.001064
v 0.010590 -0.023109 0.000565
v 0.007442 -0.023260 0.000000
v 0.010590 -0.023260 0.000000
v 0.007433 -0.023105 0.000564
v -0.002186 -0.008084 -0.004394
v -0.002186 -0.007290 -0.003594
v -0.002065 -0.007290 -0.005002
v -0.001721 -0.008084 -0.005517
v -0.001206 -0.008084 -0.005861
v -0.000598 -0.008084 -0.005982
v -0.001721 -0.007290 -0.005517
v -0.001206 -0.007290 -0.005861
v -0.005652 -0.007290 -0.006210
v -0.000598 -0.007290 -0.005982
v -0.000000 -0.007290 -0.005982
v -0.008022 -0.007290 0.000528
v -0.001721 -0.007290 -0.002472
v -0.007978 -0.007290 0.001044
v -0.006209 -0.007290 0.005528
v -0.001206 -0.007290 -0.002127
v -0.007111 -0.007290 0.004037
v -0.006696 -0.007290 0.004803
v -0.007675 -0.007290 -0.002564
v -0.007957 -0.007290 -0.001219
v -0.006324 -0.007290 -0.005369
v -0.006603 -0.007290 -0.004953
v -0.002186 -0.007290 -0.004394
v -0.007034 -0.007290 -0.004194
v 0.006426 -0.008084 -0.004293
v 0.002637 -0.008084 -0.004395
v -0.001206 -0.008084 -0.002127
v -0.004959 -0.008084 0.005081
v -0.005803 -0.008084 0.003826
v -0.006392 -0.008084 0.002448
v -0.004153 -0.008084 0.005932
v -0.002940 -0.008084 0.006848
v -0.000598 -0.008084 -0.002007
v 0.001442 -0.008084 -0.005585
v 0.001795 -0.008084 -0.005137
v 0.004900 -0.008084 -0.007207
v -0.002065 -0.008084 -0.002987
v -0.006759 -0.008084 -0.000522
v -0.006010 -0.008084 -0.003417
v -0.002065 -0.008084 -0.005002
v -0.003206 -0.008084 -0.006677
v 0.000392 -0.008084 -0.005982
v 0.000953 -0.008084 -0.005879
v 0.006426 -0.008084 -0.002007
v 0.006247 -0.008084 -0.005998
v 0.002148 -0.008084 -0.004689
v 0.006426 -0.008084 -0.004712
v 0.005785 -0.008084 0.006475
v 0.006474 -0.008084 0.005374
v -0.001581 -0.008084 0.007523
v -0.000115 -0.008084 0.007938
v 0.010939 -0.025230 -0.006300
v 0.011384 -0.020225 0.006300
v 0.009590 -0.002005 -0.006300
v 0.009590 -0.020225 -0.004300
v 0.009590 -0.020225 0.004300
v 0.009590 -0.009125 0.004434
v 0.009590 -0.021225 -0.005300
v 0.009590 -0.020725 -0.006166
v 0.009590 -0.020725 -0.004434
v 0.009590 -0.009625 0.006300
v 0.009590 -0.009495 -0.005005
v 0.009590 -0.009829 -0.004671
v 0.009590 -0.005552 -0.005219
v 0.009590 -0.008609 -0.005293
v 0.009590 -0.009075 -0.005219
v 0.009590 -0.010043 -0.004251
v 0.009590 -0.010117 -0.002515
v 0.009590 -0.002005 -0.002019
v 0.009590 -0.004510 -0.002515
v 0.009590 -0.004510 -0.003785
v 0.009590 -0.004584 -0.004251
v 0.009590 -0.004798 -0.004671
v 0.010133 -0.024638 -0.009588
v 0.011582 -0.024638 -0.009238
v 0.011510 -0.001588 -0.009274
v 0.012890 -0.001588 -0.007956
v 0.012993 -0.001588 -0.007791
v 0.009002 -0.025432 -0.005506
v 0.009401 -0.025381 -0.005506
v 0.009787 -0.025224 0.005506
v 0.009787 -0.025224 -0.005506
v 0.010124 -0.024966 -0.005506
v 0.010375 -0.024642 0.005506
v 0.010456 -0.024447 0.005506
v 0.010535 -0.024257 -0.005506
v 0.010590 -0.023844 0.005506
v 0.010133 -0.025371 -0.009098
v 0.011687 -0.025432 -0.008217
v 0.012067 -0.025432 -0.007802
v 0.012481 -0.025426 -0.007208
v 0.012539 -0.025428 -0.006909
v 0.012621 -0.025371 -0.007423
v 0.012859 -0.025199 -0.007520
v 0.013019 -0.024942 -0.007584
v 0.013149 -0.025055 -0.006909
v 0.013075 -0.024638 -0.007607
v 0.013269 -0.024638 -0.006909
v 0.012422 -0.025427 -0.007303
v 0.012404 -0.025428 -0.007334
v 0.012342 -0.025430 -0.007435
v 0.010763 -0.025371 -0.009023
v 0.010824 -0.025199 -0.009274
v 0.011476 -0.025199 -0.009031
v 0.010133 -0.025314 -0.009184
v 0.010133 -0.025199 -0.009356
v 0.012663 -0.024942 -0.008229
v 0.012884 -0.024638 -0.007953
v 0.012314 -0.025371 -0.007979
v 0.012523 -0.025199 -0.008129
v 0.012166 -0.024942 -0.008773
v 0.012712 -0.024638 -0.008265
v 0.011886 -0.025371 -0.008447
v 0.011359 -0.025371 -0.008802
v 0.012054 -0.025199 -0.008643
v 0.012194 -0.024638 -0.008826
v 0.012205 -0.024638 -0.008819
v 0.010878 -0.024638 -0.009500
v 0.010864 -0.024942 -0.009441
v 0.011224 -0.024638 -0.009371
v 0.011555 -0.024942 -0.009184
v 0.001397 -0.024638 -0.009588
v 0.010133 -0.024942 -0.009528
v 0.010133 -0.025027 -0.009471
v 0.010133 -0.025432 -0.008795
v 0.001397 -0.025325 0.009192
v 0.001397 -0.025035 0.009482
v -0.000164 -0.024638 0.009463
v -0.001051 -0.024638 0.009278
v -0.001917 -0.024638 0.009011
v -0.002761 -0.024638 0.008661
v -0.003219 -0.024638 0.008431
v -0.002716 -0.025035 0.008565
v -0.003169 -0.025035 0.008337
v -0.003993 -0.024638 0.007968
v -0.004021 -0.024638 0.007948
v -0.004721 -0.024638 0.007435
v -0.004655 -0.025035 0.007352
v -0.005327 -0.025035 0.006756
v -0.005485 -0.024638 0.006746
v -0.006336 -0.024638 0.005775
v -0.006530 -0.024638 0.005494
v -0.007362 -0.024638 0.004086
v -0.007503 -0.024638 0.003782
v -0.007719 -0.025035 0.002912
v -0.007926 -0.024638 0.002558
v -0.008212 -0.024638 0.001192
v -0.008235 -0.024638 0.000957
v -0.008285 -0.024638 -0.000227
v -0.008277 -0.024638 -0.000328
v -0.008221 -0.024638 -0.001120
v -0.008083 -0.024638 -0.001946
v -0.007969 -0.025035 -0.001987
v -0.007941 -0.024638 -0.002543
v -0.007662 -0.024638 -0.003392
v -0.007563 -0.025035 -0.003354
v -0.007610 -0.024638 -0.003512
v -0.007209 -0.025035 -0.004166
v -0.006548 -0.024638 -0.005486
v -0.005917 -0.025035 -0.006125
v -0.005309 -0.025035 -0.006773
v -0.004638 -0.025035 -0.007366
v -0.004704 -0.024638 -0.007449
v -0.004240 -0.024638 -0.007799
v -0.003482 -0.024638 -0.008285
v -0.002679 -0.024638 -0.008699
v -0.002635 -0.025035 -0.008603
v -0.001800 -0.025035 -0.008939
v -0.001835 -0.024638 -0.009040
v -0.001295 -0.024638 -0.009211
v -0.000395 -0.025035 -0.009315
v 0.001269 -0.025035 0.009481
v 0.000373 -0.025035 0.009428
v 0.000403 -0.025325 0.009139
v -0.000147 -0.025035 0.009358
v -0.001024 -0.025035 0.009175
v -0.001881 -0.025035 0.008911
v -0.001783 -0.025325 0.008637
v -0.002592 -0.025325 0.008302
v -0.003934 -0.025035 0.007880
v -0.005682 -0.025035 0.006391
v -0.005468 -0.025325 0.006194
v -0.006020 -0.025325 0.005535
v -0.006251 -0.025035 0.005711
v -0.006756 -0.025035 0.004979
v -0.006509 -0.025325 0.004826
v -0.007192 -0.025035 0.004198
v -0.007406 -0.025035 0.003739
v -0.007443 -0.025325 0.002822
v -0.007953 -0.025035 0.002058
v -0.008107 -0.025035 0.001178
v -0.008158 -0.025035 0.000657
v -0.008178 -0.025035 -0.000225
v -0.007868 -0.025325 0.000637
v -0.007888 -0.025325 -0.000218
v -0.008116 -0.025035 -0.001107
v -0.007685 -0.025325 -0.001926
v -0.007839 -0.025035 -0.002514
v -0.007291 -0.025325 -0.003250
v -0.006948 -0.025325 -0.004037
v -0.006776 -0.025035 -0.004947
v -0.006529 -0.025325 -0.004795
v -0.006461 -0.025035 -0.005425
v -0.006223 -0.025325 -0.005257
v -0.005697 -0.025325 -0.005936
v -0.005107 -0.025325 -0.006564
v -0.004011 -0.025325 -0.007475
v -0.004179 -0.025035 -0.007712
v -0.003283 -0.025325 -0.007941
v -0.003429 -0.025035 -0.008193
v -0.001266 -0.025035 -0.009109
v 0.000493 -0.025035 -0.009440
v 0.001397 -0.025035 -0.009482
v 0.000520 -0.025325 -0.009151
v 0.001273 -0.025325 0.009191
v 0.001279 -0.025432 0.008794
v 0.000445 -0.025432 0.008744
v -0.000101 -0.025325 0.009072
v -0.000037 -0.025432 0.008680
v -0.000952 -0.025325 0.008893
v -0.001648 -0.025432 0.008264
v -0.002423 -0.025432 0.007943
v -0.003031 -0.025325 0.008081
v -0.003774 -0.025325 0.007637
v -0.004472 -0.025325 0.007126
v -0.005124 -0.025325 0.006548
v -0.006932 -0.025325 0.004069
v -0.006173 -0.025432 0.004616
v -0.006577 -0.025432 0.003892
v -0.006775 -0.025432 0.003466
v -0.007139 -0.025325 0.003624
v -0.007065 -0.025432 0.002699
v -0.007670 -0.025325 0.001994
v -0.007282 -0.025432 0.001907
v -0.007819 -0.025325 0.001142
v -0.007425 -0.025432 0.001092
v -0.007491 -0.025432 -0.000209
v -0.007827 -0.025325 -0.001073
v -0.007297 -0.025432 -0.001842
v -0.007559 -0.025325 -0.002437
v -0.007176 -0.025432 -0.002331
v -0.006921 -0.025432 -0.003109
v -0.005899 -0.025432 -0.005029
v -0.004831 -0.025432 -0.006279
v -0.004207 -0.025432 -0.006830
v -0.004456 -0.025325 -0.007139
v -0.003782 -0.025432 -0.007151
v -0.002514 -0.025325 -0.008338
v -0.002348 -0.025432 -0.007978
v -0.001704 -0.025325 -0.008665
v -0.001573 -0.025432 -0.008291
v -0.001186 -0.025325 -0.008830
v -0.000341 -0.025325 -0.009030
v -0.000268 -0.025432 -0.008639
v 0.001397 -0.025325 -0.009192
v 0.010133 -0.025371 0.009099
v 0.010133 -0.025199 0.009356
v 0.001397 -0.024638 0.009589
v 0.010133 -0.024942 0.009528
v 0.010133 -0.025027 0.009471
v 0.010576 -0.024759 -0.006068
v 0.010939 -0.024980 -0.006279
v 0.010342 -0.025432 -0.006237
v 0.010407 -0.025432 -0.006256
v 0.010583 -0.025432 -0.006277
v 0.009161 -0.025432 -0.005618
v 0.009246 -0.025432 -0.005677
v 0.009422 -0.025432 -0.005786
v 0.009442 -0.025432 -0.005798
v 0.009605 -0.025298 -0.005506
v 0.009817 -0.025277 -0.005810
v 0.009906 -0.025424 -0.006059
v 0.009796 -0.025432 -0.006018
v 0.010939 -0.024574 -0.006238
v 0.010939 -0.024372 -0.006212
v 0.010939 -0.024067 -0.006172
v 0.010456 -0.024447 -0.005506
v 0.010375 -0.024642 -0.005506
v 0.010760 -0.024318 -0.006068
v 0.010822 -0.023844 -0.006068
v 0.010961 -0.023899 -0.006179
v 0.010798 -0.024889 -0.006240
v 0.010593 -0.024273 -0.005810
v 0.010708 -0.023844 -0.005896
v 0.010120 -0.024972 -0.005506
v 0.010464 -0.025320 -0.006240
v 0.010283 -0.025137 -0.006068
v 0.010162 -0.025015 -0.005810
v 0.010427 -0.024673 -0.005810
v 0.010708 -0.023844 0.005896
v 0.010760 -0.024318 0.006068
v 0.009443 -0.025432 0.005804
v 0.009817 -0.025277 0.005810
v 0.010031 -0.025432 0.006131
v 0.009907 -0.025424 0.006059
v 0.010228 -0.025432 0.006205
v 0.010339 -0.025432 0.006231
v 0.010591 -0.025432 0.006288
v 0.010464 -0.025320 0.006240
v 0.010937 -0.024584 0.006238
v 0.010798 -0.024889 0.006240
v 0.010937 -0.024638 0.006245
v 0.010937 -0.024978 0.006280
v 0.010940 -0.024008 0.006169
v 0.009419 -0.025432 0.005788
v 0.009401 -0.025381 0.005506
v 0.009605 -0.025298 0.005506
v 0.010162 -0.025015 0.005810
v 0.010120 -0.024972 0.005506
v 0.010124 -0.024966 0.005506
v 0.010427 -0.024673 0.005810
v 0.010535 -0.024257 0.005506
v 0.010593 -0.024273 0.005810
v 0.010576 -0.024759 0.006068
v 0.010283 -0.025137 0.006068
v 0.009890 -0.025432 0.006058
v 0.009913 -0.025432 0.006070
v -0.000000 -0.007290 -0.002007
v 0.001622 -0.007107 -0.002007
v 0.001414 -0.007151 -0.000539
v 0.002967 -0.006659 -0.000984
v 0.002438 -0.006870 -0.000863
v 0.001877 -0.007044 -0.000697
v 0.003161 -0.006564 -0.001010
v 0.003826 -0.006205 -0.001049
v 0.005520 -0.004761 0.003484
v 0.004545 -0.005699 -0.004293
v 0.004773 -0.005510 -0.004293
v 0.004959 -0.005343 -0.004257
v 0.005120 -0.005189 -0.004153
v 0.005210 -0.005099 -0.002263
v 0.005205 -0.005104 -0.002257
v 0.004934 -0.005366 -0.002033
v 0.004890 -0.005407 -0.000435
v 0.004017 -0.006083 -0.001027
v 0.004545 -0.005699 -0.002007
v 0.004545 -0.005699 -0.000830
v 0.004773 -0.005510 -0.002007
v 0.004976 -0.005328 0.000140
v 0.004918 -0.005381 0.000368
v 0.004544 -0.005698 0.000824
v 0.004632 -0.005629 0.002847
v 0.004784 -0.005501 0.002854
v 0.004861 -0.005433 0.000491
v 0.005315 -0.004989 0.003104
v 0.004740 -0.005539 0.000664
v 0.005137 -0.005171 0.002968
v 0.005120 -0.005189 0.002955
v 0.005018 -0.005287 -0.002082
v 0.005551 -0.004725 0.003711
v 0.005548 -0.004728 0.003736
v 0.005526 -0.004755 0.003965
v 0.005447 -0.004845 0.004180
v 0.005443 -0.004849 0.004188
v 0.005238 -0.005070 0.004439
v 0.004889 -0.005407 0.004600
v 0.003198 -0.006551 -0.004293
v 0.003309 -0.006495 -0.006210
v 0.004285 -0.005898 -0.006210
v 0.004533 -0.005685 -0.006210
v 0.002151 -0.006964 -0.004693
v 0.002398 -0.006884 -0.004509
v 0.002640 -0.006793 -0.004403
v 0.002873 -0.006700 -0.004326
v 0.001140 -0.007200 -0.006210
v 0.001375 -0.007159 -0.005641
v 0.001617 -0.007086 -0.006210
v 0.002253 -0.006933 -0.006210
v 0.001140 -0.007200 0.006210
v 0.001620 -0.007100 0.000607
v 0.000015 -0.007290 0.000006
v 0.004647 -0.005614 0.004620
v 0.004533 -0.005685 0.006210
v 0.003608 -0.006334 0.004257
v 0.004075 -0.006044 0.004514
v 0.003309 -0.006495 0.006210
v 0.004054 -0.006058 0.004505
v 0.003906 -0.006155 0.004441
v 0.003584 -0.006348 0.004238
v 0.003294 -0.006503 0.003736
v 0.003318 -0.006491 0.003882
v 0.003159 -0.006558 0.006210
v 0.003296 -0.006502 0.003695
v 0.003332 -0.006484 0.003553
v 0.003436 -0.006429 0.003382
v 0.003161 -0.006563 0.001008
v 0.003495 -0.006397 0.001049
v 0.004243 -0.005928 0.000974
v 0.004544 -0.005697 0.002859
v 0.006078 -0.004025 0.000754
v 0.006568 -0.003163 0.001037
v 0.006563 -0.003172 0.001039
v 0.006495 -0.003309 0.006210
v 0.006446 -0.003405 0.001052
v 0.006391 -0.003507 0.001038
v 0.005898 -0.004285 0.006210
v 0.006193 -0.003845 0.000903
v 0.005932 -0.004237 0.000426
v 0.005685 -0.004533 -0.006210
v 0.005273 -0.005034 -0.002507
v 0.005951 -0.004211 -0.000486
v 0.005970 -0.004183 -0.000539
v 0.006060 -0.004051 -0.000725
v 0.006571 -0.003156 -0.001036
v 0.006933 -0.002253 -0.006210
v 0.006495 -0.003310 -0.006210
v 0.006387 -0.003513 -0.001037
v 0.006258 -0.003739 -0.000962
v 0.006835 -0.002534 -0.000613
v 0.006860 -0.002467 -0.000497
v 0.006900 -0.002353 0.000072
v 0.007086 -0.001617 0.006210
v 0.006880 -0.002410 0.000359
v 0.007086 -0.001617 -0.006210
v 0.007200 -0.001140 -0.006210
v 0.006020 0.000000 0.007480
v 0.000953 -0.000550 0.007480
v 0.006779 0.000004 0.007480
v -0.005921 -0.001282 0.007480
v 0.003893 0.004643 0.007480
v 0.000550 0.000953 0.007480
v -0.000550 -0.000953 0.007480
v -0.003929 -0.005008 0.007480
v -0.004031 -0.004709 0.007480
v -0.005108 -0.003258 0.007480
v -0.005603 -0.002306 0.007480
v 0.006161 0.000529 0.007480
v -0.003997 0.004554 0.007480
v -0.004737 0.003777 0.007480
v -0.000953 0.000550 0.007480
v -0.000000 -0.001100 0.007480
v 0.005364 -0.002733 0.007480
v 0.004650 0.003883 0.007480
v 0.005262 0.003002 0.007480
v 0.000953 0.000550 0.007480
v 0.001100 0.000000 0.007480
v 0.004870 -0.003538 0.007480
v -0.000068 0.006058 -0.007480
v 0.006235 0.000430 -0.007480
v 0.006020 0.000000 -0.007480
v -0.000953 -0.000550 -0.007480
v 0.005709 0.002027 -0.007480
v -0.004454 -0.004107 -0.007480
v -0.005108 -0.003258 -0.007480
v -0.004197 -0.004424 -0.007480
v -0.004031 -0.004709 -0.007480
v -0.000550 -0.000953 -0.007480
v -0.002167 0.005658 -0.007480
v -0.003131 0.005187 -0.007480
v -0.000550 0.000953 -0.007480
v 0.000953 0.000550 -0.007480
v 0.003538 -0.004870 -0.007480
v 0.000953 -0.000550 -0.007480
v 0.004870 -0.003538 -0.007480
v -0.000000 -0.006020 -0.007480
v -0.004737 0.003777 -0.007480
v -0.000953 0.000550 -0.007480
v -0.005754 0.001898 -0.007480
v -0.001100 0.000000 -0.007480
v 0.003893 0.004643 -0.007480
v 0.001001 0.005975 -0.007480
v -0.005933 0.001957 -0.007894
v -0.005260 0.002304 -0.008363
v -0.004758 0.003214 -0.008363
v -0.004101 0.004019 -0.008363
v -0.004121 0.004695 -0.007894
v -0.003587 0.005086 -0.007894
v -0.003310 0.004692 -0.008363
v -0.001171 0.006136 -0.007894
v 0.000686 0.006188 -0.007894
v 0.003790 0.004944 -0.007894
v 0.004257 0.003854 -0.008363
v 0.004882 0.003024 -0.008363
v -0.003960 -0.002127 -0.008931
v 0.004246 0.000190 -0.008974
v 0.004611 0.000298 -0.008901
v 0.005120 0.000522 -0.008710
v 0.005753 0.000842 -0.008308
v -0.004284 -0.004294 -0.008087
v -0.003608 -0.004312 -0.008448
v -0.002391 -0.003806 -0.008930
v -0.002948 -0.003393 -0.008931
v -0.002625 -0.004015 -0.008850
v -0.002830 -0.004125 -0.008776
v -0.002238 -0.003226 -0.009002
v -0.002232 -0.003412 -0.008993
v -0.003778 -0.000496 -0.009004
v -0.003725 0.002516 -0.008931
v -0.004117 0.001804 -0.008931
v -0.004716 0.002066 -0.008714
v -0.004536 -0.002437 -0.008714
v -0.003356 -0.001803 -0.009004
v -0.003781 -0.004317 -0.008361
v -0.004022 -0.003214 -0.008714
v -0.003753 -0.004316 -0.008375
v -0.003377 -0.003887 -0.008714
v -0.003512 -0.002806 -0.008931
v -0.002976 -0.002378 -0.009004
v 0.005636 0.001097 -0.008363
v 0.005054 0.000984 -0.008714
v -0.005693 -0.000748 -0.008363
v -0.005735 0.000290 -0.008363
v 0.005887 0.002090 -0.007894
v 0.005804 0.002273 -0.007894
v 0.005346 0.002094 -0.008363
v 0.004412 0.000859 -0.008931
v 0.004795 0.004004 -0.007894
v 0.004794 0.001878 -0.008714
v 0.004014 0.004787 -0.007894
v 0.004377 0.002711 -0.008714
v 0.003548 0.001390 -0.009004
v 0.004185 0.001640 -0.008931
v 0.002836 0.005545 -0.007894
v 0.002614 0.005112 -0.008363
v 0.003493 0.004558 -0.008363
v 0.003817 0.003456 -0.008714
v 0.003132 0.004087 -0.008714
v 0.003821 0.002367 -0.008931
v 0.002344 0.004584 -0.008714
v 0.002734 0.003568 -0.008931
v 0.003332 0.003017 -0.008931
v 0.001650 0.005500 -0.008363
v 0.001480 0.004932 -0.008714
v 0.002047 0.004002 -0.008931
v -0.000070 0.006247 -0.007894
v 0.000632 0.005707 -0.008363
v 0.000567 0.005118 -0.008714
v 0.002318 0.003024 -0.009004
v -0.001432 0.005561 -0.008363
v -0.000406 0.005728 -0.008363
v 0.001095 0.003649 -0.009004
v 0.001292 0.004305 -0.008931
v -0.002612 0.005649 -0.007894
v -0.002410 0.005212 -0.008363
v -0.001284 0.004986 -0.008714
v -0.000364 0.005136 -0.008714
v 0.000495 0.004468 -0.008931
v -0.000318 0.004484 -0.008931
v -0.003228 0.005348 -0.007894
v -0.002161 0.004673 -0.008714
v 0.000420 0.003787 -0.009004
v -0.001121 0.004353 -0.008931
v -0.000950 0.003690 -0.009004
v -0.000270 0.003800 -0.009004
v -0.002968 0.004207 -0.008714
v -0.002591 0.003673 -0.008931
v -0.001887 0.004080 -0.008931
v -0.003211 0.003146 -0.008931
v -0.003678 0.003604 -0.008714
v -0.002196 0.003113 -0.009004
v -0.006056 0.001429 -0.007894
v -0.005589 0.001319 -0.008363
v -0.004267 0.002882 -0.008714
v -0.005011 0.001182 -0.008714
v -0.005142 0.000260 -0.008714
v -0.004489 0.000227 -0.008931
v -0.004375 0.001032 -0.008931
v -0.005777 -0.002378 -0.007894
v -0.005465 -0.001762 -0.008363
v -0.005105 -0.000671 -0.008714
v -0.004901 -0.001580 -0.008714
v -0.003805 0.000192 -0.009004
v -0.004862 -0.003886 -0.007894
v -0.004486 -0.003585 -0.008363
v -0.005058 -0.002718 -0.008363
v -0.004278 -0.001379 -0.008931
v -0.004457 -0.000586 -0.008931
v 0.001544 -0.002924 0.009004
v 0.000979 -0.003159 0.009004
v -0.003805 0.000190 0.009004
v -0.003777 -0.000499 0.009004
v -0.002188 0.000230 0.009004
v 0.003114 -0.001112 0.009004
v 0.003277 -0.000743 0.009004
v 0.003588 -0.000320 0.009004
v -0.003625 -0.001172 0.009004
v 0.002824 0.002558 0.009004
v 0.001293 0.001780 0.009004
v -0.003355 -0.001806 0.009004
v -0.002974 -0.002381 0.009004
v -0.003709 0.000872 0.009004
v -0.003491 0.001526 0.009004
v -0.002723 0.002665 0.009004
v -0.001905 0.001100 0.009004
v -0.000457 0.002152 0.009004
v -0.000271 0.003800 0.009004
v 0.000457 0.002152 0.009004
v 0.002317 0.003025 0.009004
v 0.001734 0.003393 0.009004
v 0.003547 0.001390 0.009004
v 0.001905 0.001100 0.009004
v 0.003673 -0.000243 0.009004
v 0.003677 -0.000238 0.009004
v 0.003726 -0.000135 0.009004
v -0.001635 -0.001472 0.009004
v -0.000895 -0.002010 0.009004
v 0.005803 0.002273 0.007894
v 0.004618 0.004181 0.007894
v 0.002613 0.005113 0.008363
v -0.000442 0.006210 0.007894
v -0.002235 0.005834 0.007894
v -0.004447 0.004353 0.007894
v -0.005735 0.000286 0.008363
v -0.005464 -0.001766 0.008363
v -0.002945 -0.003396 0.008931
v -0.002372 -0.003786 0.008937
v -0.002235 -0.003256 0.009001
v -0.002917 -0.004161 0.008743
v -0.002696 -0.004058 0.008825
v -0.002390 -0.003807 0.008930
v -0.003671 -0.004316 0.008418
v -0.002996 -0.004186 0.008712
v -0.004000 -0.004319 0.008248
v 0.006016 0.000963 0.008060
v 0.005223 0.000571 0.008664
v 0.004412 0.000859 0.008931
v 0.005120 0.000522 0.008710
v 0.004301 0.000202 0.008966
v 0.003807 0.000144 0.009004
v 0.003740 0.000728 0.009004
v -0.003374 -0.003890 0.008714
v 0.003821 0.002367 0.008931
v 0.003239 0.002007 0.009004
v 0.004185 0.001640 0.008931
v 0.004794 0.001879 0.008714
v 0.005054 0.000984 0.008714
v 0.005460 0.000693 0.008525
v 0.005636 0.001097 0.008363
v -0.004482 -0.003589 0.008363
v -0.004456 -0.000589 0.008931
v -0.004490 0.000224 0.008931
v -0.005012 0.001179 0.008714
v -0.005267 -0.003359 0.007894
v -0.005056 -0.002722 0.008363
v -0.004534 -0.002441 0.008714
v -0.004019 -0.003218 0.008714
v -0.002496 -0.002878 0.009004
v -0.005692 -0.000753 0.008363
v -0.004899 -0.001584 0.008714
v -0.003958 -0.002131 0.008931
v -0.003509 -0.002809 0.008931
v -0.005105 -0.000675 0.008714
v -0.006185 0.000880 0.007894
v -0.005590 0.001315 0.008363
v -0.005143 0.000256 0.008714
v -0.004277 -0.001383 0.008931
v -0.005159 0.003480 0.007894
v -0.004760 0.003211 0.008363
v -0.005261 0.002300 0.008363
v -0.004718 0.002063 0.008714
v -0.005701 0.002493 0.007894
v -0.004119 0.001801 0.008931
v -0.004376 0.001029 0.008931
v -0.003590 0.005084 0.007894
v -0.003680 0.003602 0.008714
v -0.004104 0.004016 0.008363
v -0.003727 0.002514 0.008931
v -0.004269 0.002879 0.008714
v -0.003228 0.005348 0.007894
v -0.002413 0.005210 0.008363
v -0.003312 0.004690 0.008363
v -0.003212 0.003144 0.008931
v -0.001434 0.005560 0.008363
v -0.002164 0.004672 0.008714
v -0.002593 0.003672 0.008931
v -0.002970 0.004206 0.008714
v -0.003159 0.002131 0.009004
v -0.000409 0.005727 0.008363
v -0.001286 0.004986 0.008714
v -0.001889 0.004079 0.008931
v 0.000684 0.006188 0.007894
v 0.000630 0.005707 0.008363
v -0.001123 0.004353 0.008931
v -0.001601 0.003457 0.009004
v -0.002198 0.003112 0.009004
v 0.000565 0.005118 0.008714
v -0.000366 0.005136 0.008714
v 0.002835 0.005545 0.007894
v 0.001649 0.005500 0.008363
v 0.001478 0.004932 0.008714
v -0.000320 0.004484 0.008931
v -0.000952 0.003689 0.009004
v 0.003788 0.004944 0.007894
v 0.003107 0.005420 0.007894
v 0.003492 0.004558 0.008363
v 0.000493 0.004468 0.008931
v 0.004256 0.003854 0.008363
v 0.003131 0.004088 0.008714
v 0.002046 0.004003 0.008931
v 0.002343 0.004585 0.008714
v 0.001291 0.004306 0.008931
v 0.000418 0.003787 0.009004
v 0.004881 0.003024 0.008363
v 0.001094 0.003650 0.009004
v 0.005346 0.002095 0.008363
v 0.003817 0.003456 0.008714
v 0.002733 0.003568 0.008931
v 0.004377 0.002712 0.008714
v 0.003332 0.003017 0.008931
v -0.000000 -0.007290 -0.006210
v -0.005331 -0.007258 -0.006493
v -0.003899 -0.006020 -0.007480
v -0.003900 -0.006049 -0.007480
v -0.003936 -0.006247 -0.007460
v -0.003962 -0.006318 -0.007445
v -0.004124 -0.006580 -0.007350
v -0.000000 -0.006643 -0.007292
v -0.004390 -0.006833 -0.007186
v -0.000000 -0.007102 -0.006833
v -0.000000 -0.007193 -0.006696
v 0.001125 -0.007105 -0.006696
v 0.003159 -0.006558 -0.006210
v 0.004228 -0.005819 -0.006696
v 0.005086 -0.005086 -0.006696
v 0.005155 -0.005155 -0.006210
v 0.005819 -0.004228 -0.006696
v 0.005898 -0.004285 -0.006210
v 0.006409 -0.003266 -0.006696
v 0.006558 -0.003159 -0.006210
v 0.006841 -0.002223 -0.006696
v 0.007193 0.000000 -0.006696
v 0.007105 -0.001125 -0.006696
v 0.006579 -0.002138 -0.007108
v 0.006164 -0.003141 -0.007108
v 0.005597 -0.004066 -0.007108
v 0.004892 -0.004892 -0.007108
v 0.004066 -0.005597 -0.007108
v 0.003266 -0.006409 -0.006696
v 0.002223 -0.006841 -0.006696
v 0.002138 -0.006579 -0.007108
v 0.001082 -0.006833 -0.007108
v -0.000000 -0.006918 -0.007108
v 0.006833 -0.001082 -0.007108
v 0.006426 -0.001018 -0.007384
v 0.005797 -0.002954 -0.007384
v 0.004600 -0.004600 -0.007384
v 0.003824 -0.005263 -0.007384
v 0.002954 -0.005797 -0.007384
v 0.003141 -0.006164 -0.007108
v -0.000000 -0.006506 -0.007384
v 0.006187 -0.002010 -0.007384
v 0.005946 -0.000942 -0.007480
v 0.005725 -0.001860 -0.007480
v 0.005263 -0.003824 -0.007384
v 0.005364 -0.002733 -0.007480
v 0.004257 -0.004257 -0.007480
v 0.002733 -0.005364 -0.007480
v 0.002010 -0.006187 -0.007384
v 0.001018 -0.006426 -0.007384
v 0.001860 -0.005725 -0.007480
v 0.000942 -0.005946 -0.007480
v -0.003899 -0.006020 0.007480
v -0.003944 -0.006271 0.007455
v -0.004098 -0.006547 0.007366
v -0.000000 -0.006506 0.007384
v -0.000000 -0.007290 0.006210
v -0.005083 -0.007194 0.006695
v 0.001617 -0.007086 0.006210
v 0.005263 -0.003824 0.007384
v 0.005725 -0.001860 0.007480
v 0.001860 -0.005725 0.007480
v 0.002733 -0.005364 0.007480
v 0.002010 -0.006187 0.007384
v -0.000000 -0.006020 0.007480
v 0.004892 -0.004892 0.007108
v 0.006841 -0.002223 0.006696
v 0.006579 -0.002138 0.007108
v 0.006164 -0.003141 0.007108
v 0.005797 -0.002954 0.007384
v 0.004066 -0.005597 0.007108
v 0.005086 -0.005086 0.006696
v 0.003538 -0.004870 0.007480
v 0.003824 -0.005263 0.007384
v 0.004600 -0.004600 0.007384
v 0.005819 -0.004228 0.006696
v 0.001125 -0.007105 0.006696
v -0.000000 -0.006918 0.007108
v -0.000000 -0.007193 0.006696
v 0.000942 -0.005946 0.007480
v 0.001018 -0.006426 0.007384
v 0.001082 -0.006833 0.007108
v 0.002954 -0.005797 0.007384
v 0.003141 -0.006164 0.007108
v 0.002138 -0.006579 0.007108
v 0.002223 -0.006841 0.006696
v 0.002253 -0.006933 0.006210
v 0.004228 -0.005819 0.006696
v 0.003266 -0.006409 0.006696
v 0.005685 -0.004533 0.006210
v 0.005155 -0.005155 0.006210
v 0.004285 -0.005898 0.006210
v 0.006933 -0.002253 0.006210
v 0.006558 -0.003159 0.006210
v 0.006409 -0.003266 0.006696
v 0.005597 -0.004066 0.007108
v 0.004257 -0.004257 0.007480
v 0.006426 -0.001018 0.007384
v 0.006187 -0.002010 0.007384
v 0.005946 -0.000942 0.007480
v 0.006833 -0.001082 0.007108
v 0.007105 -0.001125 0.006696
v 0.007290 0.000000 0.006210
v 0.007200 -0.001140 0.006210
v 0.007094 -0.000055 -0.008414
v 0.007374 -0.000014 -0.008212
v 0.010133 -0.000078 -0.008492
v 0.004494 -0.000707 -0.009322
v 0.004495 -0.000588 -0.009234
v 0.005361 -0.000448 -0.009107
v 0.010133 -0.000479 -0.009110
v 0.004495 -0.000980 -0.009467
v 0.004929 -0.000529 -0.009184
v 0.004444 -0.001588 -0.009589
v 0.010133 -0.001588 -0.009589
v 0.010133 -0.000134 -0.008602
v 0.010133 -0.001097 -0.009511
v 0.013226 -0.001226 -0.006909
v 0.012304 -0.000135 -0.006909
v 0.012590 -0.000303 -0.006974
v 0.012954 -0.000660 -0.006909
v 0.013115 -0.000911 -0.006909
v 0.013184 -0.001078 -0.006909
v 0.012470 -0.000217 -0.006909
v 0.012603 -0.000304 -0.006909
v 0.012108 -0.000065 -0.006909
v 0.012005 -0.000078 -0.007315
v 0.011680 0.000000 -0.006767
v 0.011739 -0.000000 -0.006667
v 0.013228 -0.001588 -0.007120
v 0.013152 -0.001097 -0.007103
v 0.012554 -0.001097 -0.008345
v 0.010839 -0.001588 -0.009509
v 0.010822 -0.001097 -0.009433
v 0.011225 -0.001588 -0.009374
v 0.011477 -0.001097 -0.009204
v 0.012923 -0.001097 -0.007757
v 0.012378 -0.000654 -0.008204
v 0.012932 -0.000654 -0.007053
v 0.012720 -0.000654 -0.007660
v 0.011704 -0.000303 -0.008384
v 0.011226 -0.000303 -0.008684
v 0.010133 -0.000987 -0.009455
v 0.010133 -0.000654 -0.009285
v 0.012112 -0.001588 -0.008896
v 0.011379 -0.000654 -0.009001
v 0.010772 -0.000654 -0.009213
v 0.010694 -0.000303 -0.008871
v 0.012150 -0.000080 -0.006909
v 0.012404 -0.000303 -0.007507
v 0.011757 -0.000078 -0.007709
v 0.012103 -0.000303 -0.007985
v 0.011428 -0.000078 -0.008038
v 0.011034 -0.000078 -0.008286
v 0.012615 -0.001588 -0.008393
v 0.012188 -0.001588 -0.008820
v 0.012064 -0.001097 -0.008835
v 0.011923 -0.000654 -0.008659
v 0.010133 -0.000303 -0.008934
v 0.010133 0.000000 -0.008001
v 0.010595 -0.000078 -0.008439
v 0.010486 0.000000 -0.007961
v 0.011739 -0.000003 -0.006909
v 0.011563 0.000000 -0.007102
v 0.006759 -0.000124 0.008607
v 0.004497 -0.000782 0.009369
v 0.004495 -0.000588 0.009234
v 0.005788 -0.000354 0.009000
v 0.010133 -0.000654 0.009285
v 0.004929 -0.000529 0.009184
v 0.004494 -0.000982 0.009464
v 0.004494 -0.001035 0.009489
v 0.004490 -0.001120 0.009518
v 0.010133 -0.001587 0.009589
v 0.006121 -0.000274 0.008893
v 0.007616 0.000000 0.008001
v 0.007374 -0.000014 0.008212
v 0.010133 -0.000134 0.008602
v 0.006902 -0.000092 0.008533
v 0.006388 0.000556 0.007884
v 0.006355 0.000520 0.007944
v 0.006688 0.000141 0.008124
v 0.006887 0.000210 0.007824
v 0.004352 -0.000331 0.009081
v 0.004371 -0.000356 0.009091
v 0.004456 -0.000503 0.009172
v 0.003957 0.000148 0.009001
v 0.003968 0.000026 0.009009
v 0.004127 -0.000095 0.009016
v 0.004299 -0.000091 0.009001
v 0.004302 -0.000268 0.009056
v 0.004246 0.000190 0.008974
v 0.005198 -0.000200 0.008920
v 0.004486 0.000259 0.008927
v 0.004611 0.000298 0.008901
v 0.004920 0.000425 0.008801
v 0.005379 0.000213 0.008673
v 0.005634 0.000305 0.008532
v 0.005269 -0.000465 0.009123
v 0.005361 -0.000448 0.009107
v 0.005573 -0.000105 0.008789
v 0.005863 -0.000030 0.008659
v 0.006532 -0.000175 0.008725
v 0.004426 -0.000349 0.009084
v 0.004360 -0.000081 0.008993
v 0.004814 -0.000285 0.009019
v 0.004706 -0.000004 0.008922
v 0.005047 0.000098 0.008816
v 0.006217 0.000057 0.008464
v 0.005944 0.000412 0.008318
v 0.006528 0.000119 0.008251
v 0.006597 0.000374 0.007861
v 0.005683 0.000806 0.008360
v 0.005753 0.000842 0.008308
v 0.006216 0.000491 0.008084
v 0.006207 0.000848 0.007896
v 0.006153 0.001016 0.007907
v 0.007094 -0.000055 0.008414
v 0.006917 0.000155 0.007916
v 0.007224 0.000083 0.007775
v 0.007033 0.000155 0.007802
v 0.007760 0.000000 0.007730
v 0.007434 0.000031 0.007756
v 0.007282 0.000066 0.007770
v 0.004299 -0.000091 -0.009001
v 0.007033 0.000155 -0.007802
v 0.006780 0.000270 -0.007837
v 0.006207 0.000848 -0.007896
v 0.006388 0.000556 -0.007884
v 0.003957 0.000148 -0.009001
v 0.003866 0.000104 -0.009004
v 0.003807 0.000144 -0.009004
v 0.004456 -0.000503 -0.009172
v 0.004378 -0.000366 -0.009095
v 0.004301 0.000202 -0.008966
v 0.004486 0.000259 -0.008927
v 0.004706 -0.000004 -0.008922
v 0.004426 -0.000349 -0.009084
v 0.004920 0.000425 -0.008801
v 0.005223 0.000571 -0.008664
v 0.005460 0.000693 -0.008525
v 0.005683 0.000806 -0.008360
v 0.005198 -0.000200 -0.008920
v 0.005269 -0.000465 -0.009123
v 0.005863 -0.000030 -0.008659
v 0.005788 -0.000354 -0.009000
v 0.006121 -0.000274 -0.008893
v 0.006016 0.000963 -0.008060
v 0.006216 0.000491 -0.008084
v 0.006153 0.001016 -0.007907
v 0.006355 0.000520 -0.007944
v 0.004360 -0.000081 -0.008993
v 0.005047 0.000098 -0.008816
v 0.004814 -0.000285 -0.009019
v 0.005379 0.000213 -0.008673
v 0.005634 0.000305 -0.008532
v 0.005573 -0.000105 -0.008789
v 0.005944 0.000412 -0.008318
v 0.006217 0.000057 -0.008464
v 0.006688 0.000141 -0.008124
v 0.006532 -0.000175 -0.008725
v 0.006759 -0.000124 -0.008607
v 0.006528 0.000119 -0.008251
v 0.006902 -0.000092 -0.008533
v 0.006917 0.000155 -0.007916
v 0.007224 0.000083 -0.007775
v 0.007616 0.000000 -0.008001
v 0.007435 0.000031 -0.007756
v 0.007760 0.000000 -0.007730
v -0.002186 -0.008084 -0.003594
v -0.002065 -0.007290 -0.002987
v -0.001721 -0.008084 -0.002472
v -0.000598 -0.007290 -0.002007
v 0.001998 -0.007011 -0.004841
v 0.002112 -0.006977 -0.004722
v 0.002535 -0.006835 -0.004438
v 0.003163 -0.006568 -0.004295
v 0.003020 -0.006635 -0.004303
v 0.003198 -0.008084 -0.004293
v 0.005273 -0.005510 -0.003793
v 0.005273 -0.005510 -0.002507
v 0.005233 -0.005075 -0.003983
v 0.005265 -0.005042 -0.003882
v 0.005273 -0.005034 -0.003793
v 0.005149 -0.005160 -0.004122
v 0.005231 -0.005554 -0.003982
v 0.005227 -0.005081 -0.004002
v 0.005126 -0.005183 -0.004146
v 0.005126 -0.005662 -0.004141
v 0.004773 -0.006018 -0.004293
v 0.004776 -0.006015 -0.004293
v 0.004964 -0.005339 -0.004254
v 0.004962 -0.005828 -0.004250
v 0.005107 -0.005681 -0.004165
v 0.005208 -0.005579 -0.002259
v 0.005108 -0.005201 -0.002136
v 0.004935 -0.005854 -0.002034
v 0.005256 -0.005052 -0.002377
v 0.005255 -0.005530 -0.002375
v 0.009818 -0.007290 0.000000
v 0.009818 -0.003296 0.000473
v 0.009818 -0.003042 0.001417
v 0.009818 -0.003569 0.000546
v 0.009818 -0.004042 -0.000273
v 0.009818 -0.004917 0.000683
v 0.009818 -0.004972 -0.000611
v 0.009818 -0.003569 -0.000546
v 0.009818 -0.003765 -0.001499
v 0.009818 -0.003042 -0.001417
v 0.009818 -0.003296 -0.000473
v 0.009818 -0.003096 -0.000273
v 0.009818 -0.002441 -0.001007
v 0.009818 -0.008211 -0.000364
v 0.009818 -0.007217 -0.000273
v 0.009818 -0.006744 -0.000546
v 0.009818 -0.006548 -0.001499
v 0.009818 -0.006271 -0.000273
v 0.009818 -0.005871 -0.001234
v 0.009818 -0.005173 -0.000546
v 0.009818 -0.005140 -0.000546
v 0.009818 -0.006198 0.000000
v 0.009818 -0.004115 0.000000
v 0.009818 -0.006271 0.000273
v 0.009818 -0.006471 0.000473
v 0.009818 -0.004972 0.000611
v 0.009818 -0.005050 0.000563
v 0.009818 -0.005340 0.000611
v 0.000016 -0.007290 0.000006
v 0.000672 -0.007259 0.000263
v 0.000682 -0.007259 0.000237
v 0.001386 -0.007157 0.000529
v 0.002219 -0.007123 0.000393
v 0.002186 -0.007071 0.000453
v 0.001462 -0.007192 0.000321
v 0.000710 -0.007267 0.000161
v 0.000719 -0.007273 0.000136
v 0.000017 -0.007290 0.000003
v 0.003193 -0.006936 0.000511
v 0.002587 -0.007061 0.000444
v 0.002074 -0.006989 0.000759
v 0.002098 -0.006989 0.000677
v 0.002419 -0.006877 0.000858
v 0.002985 -0.006651 0.000987
v 0.003512 -0.006414 0.000901
v 0.003667 -0.006667 0.000578
v 0.003907 -0.006744 0.000542
v 0.004178 -0.006661 0.000540
v 0.004087 -0.006516 0.000547
v 0.003906 -0.006155 0.001042
v 0.004426 -0.005792 0.000901
v 0.004735 -0.006460 0.000467
v 0.004424 -0.006384 0.000481
v 0.004539 -0.006535 0.000505
v 0.005092 -0.006142 0.000047
v 0.005277 -0.006224 0.000168
v 0.005059 -0.006149 0.000116
v 0.005261 -0.006232 0.000191
v 0.005200 -0.006261 0.000255
v 0.005174 -0.006272 0.000272
v 0.004962 -0.006367 0.000395
v 0.005049 -0.006152 -0.000131
v 0.005088 -0.006143 -0.000060
v 0.005317 -0.006205 -0.000091
v 0.005328 -0.006200 0.000000
v 0.005097 -0.006141 0.000024
v 0.005116 -0.006299 -0.000317
v 0.005172 -0.006273 -0.000272
v 0.004638 -0.005624 0.000762
v 0.004668 -0.005664 0.000495
v 0.004807 -0.005556 0.000258
v 0.004933 -0.005367 0.000325
v 0.004818 -0.005548 0.000226
v 0.004983 -0.005321 0.000071
v 0.004852 -0.005521 0.000048
v 0.004978 -0.005325 -0.000119
v 0.004970 -0.005333 -0.000175
v 0.004920 -0.005379 -0.000363
v 0.004786 -0.005572 -0.000308
v 0.004783 -0.005502 -0.000611
v 0.004738 -0.005540 -0.000666
v 0.004666 -0.005665 -0.000497
v 0.004561 -0.005686 -0.000821
v 0.004516 -0.005778 -0.000638
v 0.004282 -0.005945 -0.000771
v 0.004732 -0.006263 -0.000369
v 0.004601 -0.006512 -0.000494
v 0.004302 -0.005885 -0.000954
v 0.002991 -0.006665 -0.000861
v 0.003420 -0.006438 -0.001044
v 0.003589 -0.006694 -0.000579
v 0.002463 -0.006872 -0.000765
v 0.001900 -0.007044 -0.000623
v 0.001621 -0.007103 -0.000609
v 0.002008 -0.007154 -0.000361
v 0.003120 -0.006841 -0.000564
v 0.003658 -0.006818 -0.000541
v 0.001432 -0.007151 -0.000484
v 0.000723 -0.007254 -0.000282
v 0.000015 -0.007290 -0.000006
v 0.000016 -0.007290 0.000004
v 0.000691 -0.007260 0.000211
v 0.001423 -0.007162 0.000422
v 0.000700 -0.007263 0.000186
v 0.001442 -0.007175 0.000371
v 0.002125 -0.007003 0.000597
v 0.002474 -0.006899 0.000667
v 0.002155 -0.007031 0.000521
v 0.002509 -0.006937 0.000581
v 0.003044 -0.006692 0.000747
v 0.003549 -0.006468 0.000765
v 0.003944 -0.006264 0.000724
v 0.004006 -0.006378 0.000611
v 0.004257 -0.006087 0.000636
v 0.004326 -0.006228 0.000527
v 0.004419 -0.005991 0.000559
v 0.004492 -0.006148 0.000457
v 0.004596 -0.005884 0.000435
v 0.004674 -0.006064 0.000346
v 0.004673 -0.005839 0.000358
v 0.004758 -0.005792 0.000242
v 0.004793 -0.005774 0.000171
v 0.004842 -0.005998 0.000182
v 0.004825 -0.005761 0.000060
v 0.004828 -0.005760 0.000030
v 0.004914 -0.005983 -0.000037
v 0.004822 -0.005762 -0.000076
v 0.004794 -0.005774 -0.000168
v 0.004776 -0.005782 -0.000208
v 0.004880 -0.005988 -0.000124
v 0.004861 -0.005993 -0.000155
v 0.004705 -0.005821 -0.000320
v 0.004610 -0.006093 -0.000391
v 0.004310 -0.006056 -0.000614
v 0.004113 -0.006329 -0.000589
v 0.003927 -0.006414 -0.000624
v 0.003868 -0.006306 -0.000737
v 0.003527 -0.006586 -0.000657
v 0.003070 -0.006759 -0.000645
v 0.002494 -0.006893 -0.000671
v 0.002529 -0.006932 -0.000584
v 0.001471 -0.007170 -0.000377
v 0.000742 -0.007255 -0.000227
v 0.000016 -0.007290 -0.000005
v 0.000016 -0.007290 -0.000004
v 0.000753 -0.007259 -0.000200
v 0.001492 -0.007188 -0.000327
v 0.001951 -0.007078 -0.000482
v 0.001980 -0.007111 -0.000418
v 0.002568 -0.006987 -0.000509
v 0.004005 -0.006546 -0.000557
v 0.004199 -0.006473 -0.000530
v 0.004482 -0.006362 -0.000465
v 0.004379 -0.006202 -0.000507
v 0.004753 -0.006030 -0.000281
v 0.004894 -0.006202 -0.000276
v 0.004933 -0.006188 -0.000246
v 0.005024 -0.006159 -0.000162
v 0.004787 -0.006017 -0.000248
v 0.004910 -0.005983 -0.000055
v 0.005094 -0.006142 -0.000040
v 0.004916 -0.005983 0.000022
v 0.004913 -0.005983 0.000043
v 0.004888 -0.005986 0.000109
v 0.005047 -0.006153 0.000133
v 0.004879 -0.005988 0.000126
v 0.005000 -0.006166 0.000187
v 0.004895 -0.006201 0.000275
v 0.004754 -0.006030 0.000280
v 0.004804 -0.006235 0.000332
v 0.004603 -0.006313 0.000424
v 0.003139 -0.006835 0.000566
v 0.003602 -0.006555 0.000654
v 0.002547 -0.006992 0.000506
v 0.003088 -0.006753 0.000646
v 0.000016 -0.007290 0.000004
v -0.000000 -0.007290 0.000000
v 0.000016 -0.007290 -0.000004
v 0.000017 -0.007290 -0.000003
v 0.001477 -0.007216 -0.000273
v 0.000763 -0.007263 -0.000173
v 0.000016 -0.007290 0.000005
v 0.001404 -0.007157 0.000475
v 0.002444 -0.006879 0.000761
v 0.003009 -0.006657 0.000863
v 0.003910 -0.006187 0.000873
v 0.004228 -0.005982 0.000792
v 0.004396 -0.005866 0.000715
v 0.004583 -0.005728 0.000583
v 0.004764 -0.005589 0.000352
v 0.004802 -0.005770 0.000148
v 0.004847 -0.005525 0.000095
v 0.004849 -0.005524 -0.000081
v 0.004826 -0.005760 -0.000051
v 0.004844 -0.005528 -0.000119
v 0.004808 -0.005555 -0.000254
v 0.004703 -0.005637 -0.000450
v 0.004672 -0.005839 -0.000360
v 0.004534 -0.005922 -0.000485
v 0.004016 -0.006121 -0.000853
v 0.004049 -0.006207 -0.000701
v 0.003833 -0.006233 -0.000884
v 0.003475 -0.006503 -0.000766
v 0.003438 -0.006452 -0.000899
v 0.003026 -0.006699 -0.000745
v 0.001925 -0.007055 -0.000551
v 0.001451 -0.007157 -0.000430
v 0.000732 -0.007254 -0.000254
v 0.000016 -0.007290 -0.000006
v 0.006482 -0.003799 0.000529
v 0.006368 -0.003921 0.000450
v 0.006298 -0.003993 0.000376
v 0.006836 -0.003663 0.000538
v 0.005876 -0.004314 0.000130
v 0.005988 -0.004185 0.000293
v 0.005909 -0.004269 0.000341
v 0.006010 -0.004156 0.000366
v 0.006007 -0.004130 0.000624
v 0.006081 -0.004056 0.000533
v 0.006317 -0.003697 0.000806
v 0.006261 -0.003734 0.000964
v 0.006838 -0.003385 0.000566
v 0.007275 -0.003174 0.000378
v 0.006995 -0.003182 0.000459
v 0.007201 -0.003269 0.000457
v 0.007180 -0.003296 0.000473
v 0.007066 -0.003428 0.000528
v 0.007359 -0.003055 0.000186
v 0.007130 -0.002994 0.000179
v 0.007345 -0.003076 0.000236
v 0.007118 -0.003011 0.000228
v 0.007079 -0.003067 0.000332
v 0.007299 -0.003141 0.000340
v 0.007379 -0.003026 0.000000
v 0.007380 -0.003024 0.000038
v 0.007037 -0.003125 -0.000406
v 0.007089 -0.003053 -0.000310
v 0.007311 -0.003124 -0.000317
v 0.007331 -0.003096 -0.000273
v 0.007338 -0.003087 -0.000257
v 0.006992 -0.003186 -0.000462
v 0.007179 -0.003297 -0.000471
v 0.007198 -0.003273 -0.000459
v 0.007250 -0.003207 -0.000409
v 0.006606 -0.003083 0.001019
v 0.006625 -0.003146 0.000817
v 0.006700 -0.002872 0.000930
v 0.006732 -0.002796 0.000882
v 0.006801 -0.002625 0.000729
v 0.006793 -0.002790 0.000568
v 0.006824 -0.002565 0.000656
v 0.006867 -0.002447 0.000455
v 0.006850 -0.002659 0.000351
v 0.006861 -0.002631 0.000276
v 0.006898 -0.002358 0.000129
v 0.006876 -0.002594 0.000099
v 0.006878 -0.002590 0.000056
v 0.006896 -0.002363 -0.000164
v 0.006875 -0.002597 -0.000126
v 0.006888 -0.002385 -0.000277
v 0.006823 -0.002723 -0.000475
v 0.006778 -0.002683 -0.000790
v 0.006729 -0.002803 -0.000887
v 0.006641 -0.003006 -0.000993
v 0.006656 -0.003084 -0.000793
v 0.006568 -0.003163 -0.001037
v 0.006545 -0.003730 -0.000558
v 0.006832 -0.003667 -0.000537
v 0.006670 -0.003587 -0.000587
v 0.006932 -0.003569 -0.000544
v 0.006351 -0.003939 -0.000434
v 0.006483 -0.003965 -0.000376
v 0.006381 -0.003908 -0.000461
v 0.006515 -0.003940 -0.000400
v 0.006642 -0.003836 -0.000476
v 0.006188 -0.004103 -0.000172
v 0.006365 -0.004053 -0.000252
v 0.006242 -0.004050 -0.000295
v 0.006381 -0.004041 -0.000273
v 0.006262 -0.004030 -0.000327
v 0.006386 -0.004038 -0.000279
v 0.006455 -0.003387 -0.001053
v 0.006493 -0.003396 -0.000861
v 0.006432 -0.003504 -0.000855
v 0.006314 -0.003702 -0.000804
v 0.006209 -0.003819 -0.000919
v 0.006090 -0.004006 -0.000773
v 0.006159 -0.003942 -0.000655
v 0.006131 -0.003984 -0.000616
v 0.006028 -0.004131 -0.000416
v 0.005897 -0.004286 -0.000282
v 0.005884 -0.004303 -0.000202
v 0.005871 -0.004322 0.000000
v 0.005871 -0.004322 0.000010
v 0.006063 -0.004154 -0.000147
v 0.005952 -0.004235 0.000009
v 0.005957 -0.004228 0.000112
v 0.006056 -0.004163 0.000095
v 0.006088 -0.004125 0.000248
v 0.006147 -0.003960 0.000640
v 0.006255 -0.003796 0.000759
v 0.006416 -0.003695 0.000665
v 0.006435 -0.003499 0.000856
v 0.006582 -0.003452 0.000699
v 0.006484 -0.003412 0.000861
v 0.006588 -0.003218 0.000839
v 0.006685 -0.003293 0.000672
v 0.006707 -0.002978 0.000736
v 0.006801 -0.003103 0.000579
v 0.006735 -0.002920 0.000694
v 0.006828 -0.003057 0.000544
v 0.006813 -0.002745 0.000509
v 0.006966 -0.002814 0.000076
v 0.006967 -0.002812 0.000042
v 0.006868 -0.002614 -0.000213
v 0.006965 -0.002817 -0.000096
v 0.006844 -0.002673 -0.000384
v 0.006774 -0.002834 -0.000617
v 0.006732 -0.002925 -0.000698
v 0.006826 -0.003062 -0.000547
v 0.006752 -0.003185 -0.000628
v 0.006595 -0.003205 -0.000835
v 0.006692 -0.003282 -0.000668
v 0.006591 -0.003439 -0.000698
v 0.006531 -0.003530 -0.000698
v 0.006369 -0.003760 -0.000640
v 0.006269 -0.003773 -0.000771
v 0.006259 -0.003909 -0.000548
v 0.006145 -0.004053 -0.000389
v 0.006046 -0.004105 -0.000461
v 0.005977 -0.004201 -0.000242
v 0.005964 -0.004218 -0.000173
v 0.006051 -0.004169 0.000007
v 0.006168 -0.004123 0.000080
v 0.006201 -0.004091 0.000208
v 0.006109 -0.004099 0.000309
v 0.006180 -0.004010 0.000448
v 0.006247 -0.003924 0.000535
v 0.006354 -0.003781 0.000630
v 0.006548 -0.003727 0.000559
v 0.006534 -0.003526 0.000698
v 0.006674 -0.003583 0.000587
v 0.006726 -0.003521 0.000588
v 0.006721 -0.003235 0.000651
v 0.006877 -0.003335 0.000549
v 0.006965 -0.003221 0.000488
v 0.006885 -0.002959 0.000440
v 0.007058 -0.003096 0.000372
v 0.006904 -0.002925 0.000393
v 0.006940 -0.002861 0.000269
v 0.006951 -0.002841 0.000212
v 0.007147 -0.002970 0.000064
v 0.007148 -0.002967 0.000036
v 0.007145 -0.002972 -0.000081
v 0.007138 -0.002982 -0.000138
v 0.006958 -0.002829 -0.000163
v 0.006934 -0.002872 -0.000295
v 0.007112 -0.003021 -0.000249
v 0.006914 -0.002909 -0.000366
v 0.006866 -0.002992 -0.000480
v 0.006910 -0.003292 -0.000530
v 0.006845 -0.003375 -0.000563
v 0.006736 -0.003510 -0.000587
v 0.006413 -0.003699 -0.000664
v 0.006498 -0.003782 -0.000537
v 0.006231 -0.003945 -0.000517
v 0.006127 -0.004076 -0.000351
v 0.006076 -0.004139 -0.000205
v 0.006223 -0.004069 0.000260
v 0.006321 -0.004085 0.000177
v 0.006286 -0.004111 0.000068
v 0.006162 -0.004129 0.000006
v 0.006280 -0.004115 0.000000
v 0.006175 -0.004116 -0.000123
v -0.004420 -0.004272 0.008005
v -0.004592 -0.004235 0.007894
v -0.004168 -0.004773 0.007930
v -0.004169 -0.004771 0.007929
v -0.003874 -0.004776 0.008118
v -0.004242 -0.004660 0.007924
v -0.004332 -0.004287 0.008058
v -0.004363 -0.004486 0.007914
v -0.004334 -0.004519 0.007917
v -0.002234 -0.003430 0.008992
v -0.002005 -0.003628 0.009006
v -0.002164 -0.003285 0.009005
v -0.001954 -0.003731 0.009013
v -0.001965 -0.003710 0.009010
v -0.001996 -0.003648 0.009007
v -0.003746 -0.004317 0.008379
v -0.003781 -0.004317 0.008361
v -0.003187 -0.004665 0.008500
v -0.003058 -0.005070 0.008515
v -0.003526 -0.004742 0.008321
v -0.004067 -0.005039 0.007936
v -0.002580 -0.004818 0.008744
v -0.002728 -0.004478 0.008716
v -0.003350 -0.004279 0.008566
v -0.003172 -0.004241 0.008643
v -0.002998 -0.004601 0.008593
v -0.002491 -0.004328 0.008816
v -0.002638 -0.004024 0.008845
v -0.002429 -0.004280 0.008841
v -0.002266 -0.004125 0.008905
v -0.002488 -0.003912 0.008897
v -0.002056 -0.004344 0.008959
v -0.002137 -0.003957 0.008954
v -0.002090 -0.003879 0.008971
v -0.002332 -0.003727 0.008951
v -0.002268 -0.003589 0.008975
v -0.002012 -0.003702 0.009000
v -0.004592 -0.004235 -0.007894
v -0.004169 -0.004771 -0.007929
v -0.004174 -0.004763 -0.007929
v -0.003918 -0.004322 -0.008292
v -0.003787 -0.004772 -0.008170
v -0.004067 -0.005039 -0.007936
v -0.004168 -0.004773 -0.007930
v -0.001824 -0.003963 -0.009044
v -0.001940 -0.003755 -0.009016
v -0.001965 -0.003710 -0.009010
v -0.002236 -0.003447 -0.008990
v -0.002262 -0.003074 -0.009004
v -0.002078 -0.003472 -0.009005
v -0.002017 -0.003715 -0.008998
v -0.002271 -0.003600 -0.008973
v -0.002635 -0.004425 -0.008756
v -0.002476 -0.003901 -0.008901
v -0.002253 -0.004111 -0.008910
v -0.002126 -0.003940 -0.008958
v -0.002362 -0.003773 -0.008940
v -0.002339 -0.003739 -0.008948
v -0.003064 -0.004211 -0.008686
v -0.003141 -0.004651 -0.008523
v -0.002996 -0.004186 -0.008712
v -0.003713 -0.005250 -0.008147
v -0.003009 -0.005050 -0.008540
v -0.002884 -0.004554 -0.008646
v -0.002415 -0.004267 -0.008847
v -0.002219 -0.004527 -0.008896
v -0.002042 -0.004325 -0.008965
v -0.001899 -0.004110 -0.009017
v -0.002099 -0.003894 -0.008968
v -0.001868 -0.004053 -0.009028
v -0.003459 -0.004730 -0.008358
v -0.003307 -0.004271 -0.008585
v 0.011244 -0.020381 -0.006288
v 0.010700 -0.021019 -0.005901
v 0.010714 -0.021000 -0.005932
v 0.010871 -0.020808 -0.006112
v 0.010914 -0.020758 -0.006146
v 0.009590 -0.021091 -0.005800
v 0.010590 -0.021225 -0.005300
v 0.010590 -0.021091 -0.004800
v 0.009590 -0.021091 -0.004800
v 0.010590 -0.020725 -0.004434
v 0.010590 -0.020225 -0.004300
v 0.009590 -0.020725 0.004434
v 0.010590 -0.020725 0.004434
v 0.009590 -0.021091 0.004800
v 0.010590 -0.021225 0.005300
v 0.010642 -0.021096 0.005790
v 0.009590 -0.021225 0.005300
v 0.009590 -0.021091 0.005800
v 0.011379 -0.020229 0.006300
v 0.010997 -0.020662 0.006199
v 0.009590 -0.020225 0.006300
v 0.009590 -0.020725 0.006166
v 0.010988 -0.020673 0.006192
v 0.010946 -0.020721 0.006160
v 0.010809 -0.020882 0.006054
v 0.007390 0.000000 -0.007599
v 0.007434 0.000025 -0.007671
v 0.007428 0.000000 -0.007612
v 0.007480 0.000026 -0.007753
v 0.007752 0.000000 -0.007727
v 0.007281 0.000000 -0.007560
v 0.007214 0.000054 -0.007603
v 0.007374 0.000039 -0.007675
v 0.007375 0.000043 -0.007761
v 0.007364 0.000000 -0.007589
v 0.007367 0.000007 -0.007596
v 0.006597 0.000374 -0.007861
v 0.007000 0.000000 -0.007501
v 0.006173 0.001021 -0.007578
v 0.006237 0.000948 -0.007682
v 0.006191 0.000936 -0.007578
v 0.006218 0.000852 -0.007578
v 0.006262 0.000868 -0.007682
v 0.006258 0.000866 -0.007796
v 0.006364 0.000666 -0.007677
v 0.006363 0.000665 -0.007789
v 0.006321 0.000637 -0.007889
v 0.006424 0.000585 -0.007783
v 0.006181 0.000933 -0.007896
v 0.006233 0.000947 -0.007796
v 0.006163 0.001020 -0.007894
v 0.006416 0.000531 -0.007881
v 0.006423 0.000585 -0.007673
v 0.006581 0.000354 -0.007565
v 0.005999 0.000886 -0.007480
v 0.006031 0.000784 -0.007480
v 0.006135 0.000822 -0.007506
v 0.006252 0.000590 -0.007505
v 0.006161 0.000529 -0.007480
v 0.006464 0.000207 -0.007480
v 0.006823 0.000089 -0.007499
v 0.006779 0.000004 -0.007480
v 0.006923 0.000000 -0.007487
v 0.006895 0.000226 -0.007728
v 0.006619 0.000401 -0.007762
v 0.006613 0.000394 -0.007657
v 0.006861 0.000160 -0.007553
v 0.006106 0.000914 -0.007506
v 0.006324 0.000639 -0.007576
v 0.006318 0.000499 -0.007505
v 0.006385 0.000554 -0.007573
v 0.006528 0.000287 -0.007502
v 0.007197 0.000000 -0.007537
v 0.006886 0.000208 -0.007633
v 0.007224 0.000083 -0.007686
v 0.007224 0.000083 -0.007688
v 0.006887 0.000210 -0.007824
v 0.006216 0.001028 -0.007794
v 0.005937 0.002108 -0.007794
v 0.006119 0.001190 -0.007894
v 0.005472 0.003122 -0.007794
v 0.005426 0.003096 -0.007894
v 0.005298 0.003280 -0.007894
v 0.004836 0.004038 -0.007794
v 0.004619 0.004181 -0.007894
v 0.003107 0.005420 -0.007894
v 0.002103 0.005883 -0.007894
v 0.001790 0.005964 -0.007894
v 0.001032 0.006161 -0.007894
v 0.001041 0.006214 -0.007794
v -0.000071 0.006300 -0.007794
v -0.001181 0.006189 -0.007794
v -0.000440 0.006210 -0.007894
v -0.001552 0.006028 -0.007894
v -0.002235 0.005834 -0.007894
v -0.004445 0.004356 -0.007894
v -0.004884 0.003895 -0.007894
v -0.005157 0.003483 -0.007894
v -0.005541 0.002998 -0.007794
v -0.005495 0.002973 -0.007894
v -0.005700 0.002497 -0.007894
v -0.006237 0.000888 -0.007794
v -0.006185 0.000880 -0.007894
v -0.005826 -0.002398 -0.007794
v -0.006215 0.000314 -0.007894
v -0.006243 -0.000224 -0.007894
v -0.006296 -0.000226 -0.007794
v -0.006158 -0.001333 -0.007794
v -0.006170 -0.000811 -0.007894
v -0.006106 -0.001322 -0.007894
v -0.004631 -0.004271 -0.007794
v -0.005923 -0.001910 -0.007894
v -0.005482 -0.002946 -0.007894
v -0.005312 -0.003388 -0.007794
v -0.005267 -0.003359 -0.007894
v -0.005315 -0.003389 -0.007681
v -0.006161 -0.001334 -0.007681
v -0.006241 0.000888 -0.007681
v -0.005983 0.001974 -0.007794
v -0.005986 0.001975 -0.007681
v -0.004926 0.003928 -0.007794
v -0.004156 0.004735 -0.007794
v -0.004929 0.003930 -0.007681
v -0.004158 0.004738 -0.007681
v -0.003256 0.005394 -0.007794
v -0.003258 0.005397 -0.007681
v -0.002254 0.005883 -0.007794
v -0.002255 0.005887 -0.007681
v -0.001182 0.006192 -0.007681
v -0.000071 0.006303 -0.007681
v 0.002120 0.005933 -0.007794
v 0.003133 0.005466 -0.007794
v 0.002122 0.005936 -0.007681
v 0.003135 0.005469 -0.007681
v 0.004048 0.004828 -0.007794
v 0.004050 0.004830 -0.007681
v 0.005475 0.003124 -0.007681
v -0.005275 -0.003364 -0.007578
v -0.005786 -0.002381 -0.007578
v -0.005829 -0.002399 -0.007681
v -0.006300 -0.000226 -0.007681
v -0.006115 -0.001324 -0.007578
v -0.005544 0.002999 -0.007681
v -0.005942 0.001960 -0.007578
v -0.005503 0.002977 -0.007578
v -0.004892 0.003901 -0.007578
v -0.004127 0.004702 -0.007578
v -0.002238 0.005843 -0.007578
v 0.001042 0.006217 -0.007681
v 0.003112 0.005428 -0.007578
v 0.004839 0.004040 -0.007681
v 0.004803 0.004010 -0.007578
v 0.005940 0.002109 -0.007681
v 0.006219 0.001029 -0.007681
v -0.004535 -0.004182 -0.007506
v -0.005201 -0.003317 -0.007506
v -0.005705 -0.002348 -0.007506
v -0.006253 -0.000225 -0.007578
v -0.006165 -0.000221 -0.007506
v -0.006194 0.000882 -0.007578
v -0.005858 0.001933 -0.007506
v -0.004069 0.004636 -0.007506
v -0.003233 0.005356 -0.007578
v -0.003188 0.005281 -0.007506
v -0.001173 0.006146 -0.007578
v -0.000070 0.006169 -0.007506
v -0.000071 0.006256 -0.007578
v 0.001034 0.006171 -0.007578
v 0.002106 0.005892 -0.007578
v 0.002076 0.005809 -0.007506
v 0.004020 0.004794 -0.007578
v 0.005434 0.003101 -0.007578
v 0.005896 0.002094 -0.007578
v -0.005603 -0.002306 -0.007480
v -0.006029 -0.001305 -0.007506
v -0.005921 -0.001282 -0.007480
v -0.006055 -0.000217 -0.007480
v -0.006107 0.000869 -0.007506
v -0.005998 0.000854 -0.007480
v -0.005426 0.002935 -0.007506
v -0.005329 0.002883 -0.007480
v -0.004823 0.003846 -0.007506
v -0.003997 0.004553 -0.007480
v -0.002207 0.005761 -0.007506
v -0.001156 0.006060 -0.007506
v -0.001136 0.005951 -0.007480
v 0.001019 0.006084 -0.007506
v 0.003068 0.005352 -0.007506
v 0.002039 0.005705 -0.007480
v 0.003013 0.005256 -0.007480
v 0.003964 0.004727 -0.007506
v 0.004735 0.003954 -0.007506
v 0.004650 0.003883 -0.007480
v 0.005358 0.003057 -0.007506
v 0.005262 0.003002 -0.007480
v 0.005813 0.002064 -0.007506
v 0.006086 0.001007 -0.007506
v 0.005977 0.000989 -0.007480
v -0.004122 -0.005280 -0.007843
v -0.004155 -0.005174 -0.007720
v -0.004149 -0.005280 -0.007720
v -0.004118 -0.005170 -0.007599
v -0.004045 -0.005162 -0.007938
v -0.004128 -0.005171 -0.007843
v -0.004173 -0.005062 -0.007719
v -0.004028 -0.005161 -0.007512
v -0.003906 -0.005148 -0.007480
v -0.003929 -0.005008 -0.007480
v -0.004048 -0.005034 -0.007512
v -0.004137 -0.005054 -0.007599
v -0.004148 -0.005056 -0.007842
v -0.004238 -0.004805 -0.007833
v -0.004257 -0.004814 -0.007712
v -0.004366 -0.004541 -0.007588
v -0.004222 -0.004798 -0.007595
v -0.004292 -0.004490 -0.007509
v -0.004140 -0.004760 -0.007511
v -0.004334 -0.004519 -0.007917
v -0.004389 -0.004557 -0.007818
v -0.004634 -0.004274 -0.007681
v -0.004401 -0.004565 -0.007700
v -0.004599 -0.004242 -0.007578
v -0.004112 -0.005280 -0.007600
v -0.004021 -0.005280 -0.007512
v -0.003899 -0.005280 -0.007480
v -0.004122 -0.006020 -0.007843
v -0.004149 -0.006020 -0.007720
v -0.004112 -0.006020 -0.007600
v -0.004222 -0.006538 -0.007402
v -0.004179 -0.006478 -0.007427
v -0.004053 -0.006223 -0.007496
v -0.004022 -0.006045 -0.007512
v -0.004197 -0.006652 -0.007306
v -0.004077 -0.006518 -0.007378
v -0.004543 -0.006993 -0.007576
v -0.004325 -0.006616 -0.007704
v -0.004270 -0.006690 -0.007778
v -0.004221 -0.006617 -0.007813
v -0.004103 -0.006376 -0.007894
v -0.004177 -0.006329 -0.007807
v -0.004154 -0.006255 -0.007822
v -0.004123 -0.006050 -0.007843
v -0.004857 -0.007125 -0.007297
v -0.004578 -0.006906 -0.007518
v -0.004327 -0.006782 -0.007226
v -0.004150 -0.006046 -0.007720
v -0.004177 -0.006227 -0.007703
v -0.004198 -0.006294 -0.007690
v -0.004294 -0.006494 -0.007629
v -0.004281 -0.006547 -0.007735
v -0.004335 -0.006558 -0.007601
v -0.004517 -0.006847 -0.007564
v -0.004518 -0.006779 -0.007475
v -0.004577 -0.006836 -0.007433
v -0.005163 -0.007296 -0.007032
v -0.005147 -0.007221 -0.006978
v -0.005508 -0.007418 -0.006705
v -0.004140 -0.006215 -0.007584
v -0.004298 -0.006530 -0.007492
v -0.004481 -0.006742 -0.007376
v -0.004847 -0.007051 -0.007227
v -0.004725 -0.007131 -0.007430
v -0.005509 -0.007502 -0.006725
v -0.005838 -0.007540 -0.006377
v -0.005486 -0.007344 -0.006667
v -0.005811 -0.007416 -0.006353
v -0.005761 -0.007338 -0.006309
v -0.005446 -0.007289 -0.006614
v -0.004021 -0.006020 -0.007512
v -0.004113 -0.006044 -0.007599
v -0.004161 -0.006278 -0.007573
v -0.004075 -0.006287 -0.007484
v -0.004257 -0.006469 -0.007517
v -0.004412 -0.006743 -0.007287
v -0.004540 -0.006797 -0.007337
v -0.004473 -0.006796 -0.007249
v -0.004809 -0.007004 -0.007144
v -0.005108 -0.007168 -0.006909
v -0.005392 -0.007259 -0.006554
v -0.005744 -0.007326 -0.006293
v -0.004676 -0.007018 -0.006995
v -0.004749 -0.006992 -0.007062
v -0.004886 -0.007114 -0.006842
v -0.005051 -0.007147 -0.006836
v -0.004985 -0.007160 -0.006770
v -0.005828 -0.007463 -0.006369
v -0.005786 -0.007290 -0.006058
v -0.005709 -0.007302 -0.006262
v -0.005975 -0.007540 -0.006221
v -0.005950 -0.007415 -0.006199
v -0.007257 -0.007540 -0.004307
v -0.008045 -0.007540 -0.002132
v -0.008205 -0.007540 -0.001252
v -0.008171 -0.007415 -0.001247
v -0.008280 -0.007540 -0.000360
v -0.008238 -0.007415 0.000540
v -0.008280 -0.007540 -0.000329
v -0.008236 -0.007540 0.000957
v -0.008193 -0.007415 0.001069
v -0.008052 -0.007415 0.001947
v -0.008084 -0.007540 0.001954
v -0.007927 -0.007540 0.002559
v -0.007363 -0.007540 0.004087
v -0.007306 -0.007415 0.004131
v -0.007552 -0.007540 0.003668
v -0.007337 -0.007540 0.004146
v -0.006910 -0.007540 0.004932
v -0.006881 -0.007415 0.004915
v -0.006532 -0.007540 0.005495
v -0.006410 -0.007540 0.005677
v -0.005837 -0.007540 0.006377
v -0.006383 -0.007415 0.005657
v -0.007521 -0.007415 0.003655
v -0.007436 -0.007323 0.003620
v -0.007828 -0.007415 0.002810
v -0.007740 -0.007323 0.002783
v -0.007962 -0.007323 0.001928
v -0.008247 -0.007415 -0.000359
v -0.008081 -0.007323 -0.001235
v -0.007923 -0.007323 -0.002104
v -0.007795 -0.007323 -0.002599
v -0.008013 -0.007415 -0.002124
v -0.007508 -0.007323 -0.003443
v -0.007883 -0.007415 -0.002624
v -0.007593 -0.007415 -0.003476
v -0.007227 -0.007415 -0.004292
v -0.007145 -0.007323 -0.004250
v -0.006709 -0.007323 -0.005019
v -0.006786 -0.007415 -0.005068
v -0.006501 -0.007415 -0.005494
v -0.005880 -0.007323 -0.006140
v -0.005802 -0.007393 -0.006346
v -0.005745 -0.007323 0.006294
v -0.006309 -0.007323 0.005603
v -0.006426 -0.007323 -0.005441
v -0.007392 -0.007290 -0.003397
v -0.007802 -0.007290 -0.002076
v -0.008156 -0.007323 -0.000356
v -0.008147 -0.007323 0.000535
v -0.008031 -0.007290 -0.000351
v -0.008102 -0.007323 0.001058
v -0.007840 -0.007290 0.001902
v -0.007621 -0.007290 0.002746
v -0.007321 -0.007290 0.003571
v -0.007224 -0.007323 0.004092
v -0.006803 -0.007323 0.004868
v -0.005652 -0.007290 0.006210
v -0.004069 -0.006506 0.007383
v -0.004512 -0.006914 0.007105
v -0.004758 -0.007061 0.006937
v -0.005081 -0.007193 0.006696
v -0.005589 -0.007518 0.006643
v -0.005823 -0.007465 0.006364
v -0.005758 -0.007341 0.006306
v -0.005799 -0.007397 0.006343
v -0.005813 -0.007415 0.006355
v -0.005410 -0.007271 0.006427
v -0.005707 -0.007310 0.006261
v -0.005523 -0.007307 0.006542
v -0.005299 -0.007438 0.006928
v -0.005470 -0.007275 0.006485
v -0.005203 -0.007209 0.006829
v -0.005260 -0.007338 0.006944
v -0.005563 -0.007362 0.006591
v -0.005586 -0.007435 0.006626
v -0.005485 -0.007489 0.006746
v -0.004828 -0.007038 0.007005
v -0.005147 -0.007185 0.006760
v -0.004888 -0.007053 0.007085
v -0.005242 -0.007262 0.006894
v -0.004937 -0.007176 0.007229
v -0.005254 -0.007425 0.006973
v -0.004449 -0.006877 0.007147
v -0.004530 -0.006842 0.007212
v -0.004632 -0.006886 0.007392
v -0.004926 -0.007101 0.007164
v -0.004635 -0.006958 0.007474
v -0.004603 -0.007046 0.007529
v -0.004920 -0.007266 0.007271
v -0.004299 -0.006758 0.007244
v -0.004386 -0.006718 0.007304
v -0.004595 -0.006845 0.007299
v -0.004490 -0.006819 0.007584
v -0.004198 -0.006506 0.007416
v -0.004455 -0.006716 0.007393
v -0.004492 -0.006752 0.007493
v -0.004449 -0.006904 0.007647
v -0.004150 -0.006434 0.007443
v -0.004230 -0.006424 0.007533
v -0.004275 -0.006497 0.007506
v -0.004267 -0.006447 0.007646
v -0.004252 -0.006497 0.007755
v -0.004312 -0.006524 0.007616
v -0.004301 -0.006579 0.007721
v -0.004059 -0.006244 0.007492
v -0.004046 -0.006473 0.007397
v -0.004045 -0.006195 0.007500
v -0.004170 -0.006198 0.007707
v -0.004147 -0.006236 0.007581
v -0.004146 -0.006223 0.007828
v -0.004183 -0.006249 0.007699
v -0.004161 -0.006279 0.007818
v -0.004084 -0.006320 0.007907
v -0.003927 -0.006217 0.007465
v -0.004133 -0.006188 0.007588
v -0.004039 -0.006020 0.007938
v -0.004021 -0.006020 0.007512
v -0.004021 -0.005280 0.007512
v -0.004112 -0.006020 0.007600
v -0.004112 -0.005280 0.007600
v -0.004149 -0.006020 0.007720
v -0.004122 -0.006020 0.007843
v -0.004122 -0.005280 0.007843
v -0.004039 -0.005280 0.007938
v -0.003899 -0.005280 0.007480
v -0.004149 -0.005280 0.007720
v -0.003906 -0.005148 0.007480
v -0.004048 -0.005034 0.007512
v -0.004028 -0.005161 0.007512
v -0.004137 -0.005054 0.007599
v -0.004118 -0.005170 0.007599
v -0.004155 -0.005174 0.007720
v -0.004173 -0.005062 0.007719
v -0.004140 -0.004760 0.007511
v -0.004222 -0.004798 0.007595
v -0.004257 -0.004814 0.007712
v -0.004148 -0.005056 0.007842
v -0.004128 -0.005171 0.007843
v -0.004045 -0.005162 0.007938
v -0.004366 -0.004541 0.007588
v -0.004389 -0.004557 0.007818
v -0.004238 -0.004805 0.007833
v -0.004197 -0.004424 0.007480
v -0.004535 -0.004182 0.007506
v -0.004292 -0.004490 0.007509
v -0.004634 -0.004274 0.007681
v -0.004401 -0.004565 0.007700
v -0.004631 -0.004271 0.007794
v -0.006057 0.001425 0.007894
v -0.005541 0.002998 0.007794
v -0.003256 0.005394 0.007794
v -0.002254 0.005883 0.007794
v -0.000070 0.006247 0.007894
v 0.005887 0.002090 0.007894
v 0.006119 0.001190 0.007894
v -0.004454 -0.004107 0.007480
v -0.005998 0.000854 0.007480
v -0.006055 -0.000217 0.007480
v 0.005709 0.002027 0.007480
v 0.005358 0.003057 0.007506
v 0.005977 0.000989 0.007480
v -0.005426 0.002935 0.007506
v -0.004823 0.003846 0.007506
v -0.005503 0.002977 0.007578
v -0.005858 0.001933 0.007506
v -0.005329 0.002883 0.007480
v -0.006237 0.000888 0.007794
v -0.005986 0.001975 0.007681
v -0.006241 0.000888 0.007681
v -0.005942 0.001960 0.007578
v -0.006194 0.000882 0.007578
v -0.005754 0.001898 0.007480
v -0.006107 0.000869 0.007506
v 0.003135 0.005469 0.007681
v 0.005813 0.002064 0.007506
v 0.006173 0.001021 0.007578
v 0.005940 0.002109 0.007681
v 0.005937 0.002108 0.007794
v 0.006216 0.001028 0.007794
v 0.005434 0.003101 0.007578
v 0.005896 0.002094 0.007578
v 0.005426 0.003096 0.007894
v 0.004735 0.003954 0.007506
v 0.005475 0.003124 0.007681
v 0.005472 0.003122 0.007794
v 0.004795 0.004004 0.007894
v 0.005297 0.003281 0.007894
v 0.004803 0.004010 0.007578
v 0.004050 0.004830 0.007681
v 0.004839 0.004040 0.007681
v 0.004836 0.004038 0.007794
v 0.004014 0.004787 0.007894
v 0.004020 0.004794 0.007578
v 0.003133 0.005466 0.007794
v 0.004048 0.004828 0.007794
v 0.001041 0.006214 0.007794
v 0.002122 0.005936 0.007681
v 0.003964 0.004727 0.007506
v 0.001032 0.006161 0.007894
v 0.001789 0.005964 0.007894
v 0.002103 0.005883 0.007894
v 0.002120 0.005933 0.007794
v 0.003112 0.005428 0.007578
v 0.002106 0.005892 0.007578
v 0.001042 0.006217 0.007681
v 0.003068 0.005352 0.007506
v 0.002076 0.005809 0.007506
v -0.000071 0.006300 0.007794
v -0.001171 0.006136 0.007894
v 0.003013 0.005256 0.007480
v 0.001034 0.006171 0.007578
v -0.000071 0.006256 0.007578
v -0.000071 0.006303 0.007681
v -0.001182 0.006192 0.007681
v -0.001181 0.006189 0.007794
v -0.001554 0.006027 0.007894
v 0.002039 0.005705 0.007480
v 0.001001 0.005975 0.007480
v 0.001019 0.006084 0.007506
v -0.000070 0.006169 0.007506
v -0.001173 0.006146 0.007578
v -0.002615 0.005648 0.007894
v -0.000068 0.006058 0.007480
v -0.001156 0.006060 0.007506
v -0.002255 0.005887 0.007681
v -0.004121 0.004695 0.007894
v -0.001136 0.005951 0.007480
v -0.002238 0.005843 0.007578
v -0.003258 0.005397 0.007681
v -0.004156 0.004735 0.007794
v -0.004884 0.003895 0.007894
v -0.002207 0.005761 0.007506
v -0.003233 0.005357 0.007578
v -0.004127 0.004702 0.007578
v -0.004158 0.004738 0.007681
v -0.004926 0.003928 0.007794
v -0.005495 0.002973 0.007894
v -0.002167 0.005658 0.007480
v -0.003131 0.005187 0.007480
v -0.003188 0.005281 0.007506
v -0.004069 0.004636 0.007506
v -0.004929 0.003930 0.007681
v -0.005933 0.001957 0.007894
v -0.004892 0.003901 0.007578
v -0.005544 0.003000 0.007681
v -0.005983 0.001974 0.007794
v -0.006243 -0.000224 0.007894
v -0.006165 -0.000221 0.007506
v -0.006253 -0.000225 0.007578
v -0.006215 0.000309 0.007894
v -0.006106 -0.001322 0.007894
v -0.006169 -0.000816 0.007894
v -0.006029 -0.001305 0.007506
v -0.006300 -0.000226 0.007681
v -0.006296 -0.000226 0.007794
v -0.006158 -0.001333 0.007794
v -0.005921 -0.001915 0.007894
v -0.006115 -0.001324 0.007578
v -0.005829 -0.002399 0.007681
v -0.006161 -0.001334 0.007681
v -0.005826 -0.002398 0.007794
v -0.005201 -0.003317 0.007506
v -0.005705 -0.002348 0.007506
v -0.005786 -0.002381 0.007578
v -0.005275 -0.003364 0.007578
v -0.005312 -0.003388 0.007794
v -0.005479 -0.002951 0.007894
v -0.005777 -0.002378 0.007894
v -0.004858 -0.003890 0.007894
v -0.004599 -0.004242 0.007578
v -0.005315 -0.003389 0.007681
v 0.006163 0.001020 0.007894
v 0.006219 0.001029 0.007681
v 0.006181 0.000933 0.007896
v 0.006233 0.000947 0.007796
v 0.006321 0.000637 0.007889
v 0.006416 0.000531 0.007881
v 0.006237 0.000948 0.007682
v 0.006258 0.000866 0.007796
v 0.006363 0.000665 0.007789
v 0.006424 0.000585 0.007783
v 0.006619 0.000401 0.007762
v 0.006895 0.000226 0.007728
v 0.006086 0.001007 0.007506
v 0.006191 0.000936 0.007578
v 0.006106 0.000914 0.007506
v 0.006218 0.000852 0.007578
v 0.006324 0.000639 0.007576
v 0.006581 0.000354 0.007565
v 0.006787 0.000000 0.007480
v 0.006823 0.000089 0.007499
v 0.006464 0.000207 0.007480
v 0.006235 0.000430 0.007480
v 0.006528 0.000287 0.007502
v 0.006318 0.000499 0.007505
v 0.006031 0.000784 0.007480
v 0.006252 0.000590 0.007505
v 0.006135 0.000822 0.007506
v 0.005999 0.000886 0.007480
v 0.006780 0.000270 0.007837
v 0.007215 0.000056 0.007606
v 0.006262 0.000868 0.007682
v 0.006364 0.000666 0.007677
v 0.006423 0.000585 0.007673
v 0.006385 0.000554 0.007573
v 0.006613 0.000394 0.007657
v 0.006886 0.000208 0.007633
v 0.006861 0.000160 0.007553
v 0.007262 0.000000 0.007558
v 0.007392 0.000000 0.007599
v 0.007198 0.000003 0.007539
v 0.007224 0.000083 0.007686
v 0.007281 0.000065 0.007682
v 0.007214 0.000054 0.007603
v 0.007273 0.000034 0.007600
v 0.007433 0.000025 0.007671
v 0.007427 0.000000 0.007611
v 0.007480 0.000026 0.007753
v 0.007224 0.000084 0.007688
v -0.000000 0.001100 0.007480
v 0.000647 0.000890 0.007904
v 0.001094 0.000115 0.007904
v 0.000953 0.000550 0.007904
v 0.000817 -0.000736 0.007904
v 0.001046 -0.000340 0.007904
v 0.000447 -0.001005 0.007904
v 0.000550 -0.000953 0.007480
v -0.001046 -0.000340 0.007904
v -0.000953 -0.000550 0.007480
v -0.001100 0.000000 0.007480
v -0.000550 0.000953 0.007480
v -0.000953 0.000550 0.007904
v 0.000229 0.001076 0.007904
v -0.000229 0.001076 0.007904
v -0.000647 0.000890 0.007904
v 0.000550 0.000953 -0.007480
v 0.000447 0.001005 -0.007904
v 0.000539 0.000938 -0.007904
v 0.000932 0.000538 -0.007904
v 0.001046 0.000340 -0.007904
v 0.001100 0.000000 -0.007480
v 0.001082 -0.000002 -0.007904
v 0.001094 -0.000115 -0.007904
v 0.000550 -0.000953 -0.007480
v -0.000000 -0.001100 -0.007480
v -0.000647 -0.000890 -0.007904
v -0.000953 -0.000550 -0.007904
v -0.001082 -0.000002 -0.007904
v -0.000932 0.000538 -0.007904
v -0.000817 0.000736 -0.007904
v -0.000539 0.000938 -0.007904
v -0.000000 0.001100 -0.007480
v -0.000447 0.001005 -0.007904
v -0.000895 0.002010 -0.009004
v -0.001046 0.000340 -0.007904
v -0.002092 0.000680 -0.009004
v -0.001094 -0.000115 -0.007904
v -0.000543 -0.000936 -0.007904
v -0.000229 -0.001076 -0.007904
v -0.000000 -0.001076 -0.007904
v 0.000229 -0.001076 -0.007904
v 0.000543 -0.000936 -0.007904
v 0.000647 -0.000890 -0.007904
v 0.001905 -0.001100 -0.009004
v 0.000953 -0.000550 -0.007904
v 0.000817 0.000736 -0.007904
v -0.000000 0.002200 -0.009004
v -0.000000 0.001100 -0.007904
v -0.000539 -0.000938 0.007904
v -0.000817 -0.000736 0.007904
v -0.000932 -0.000538 0.007904
v -0.002092 -0.000680 0.009004
v -0.001082 0.000002 0.007904
v -0.001094 0.000115 0.007904
v -0.001293 0.001780 0.009004
v -0.000543 0.000936 0.007904
v -0.000000 0.001076 0.007904
v 0.000543 0.000936 0.007904
v 0.002188 0.000230 0.009004
v 0.001082 0.000002 0.007904
v 0.002092 -0.000680 0.009004
v 0.000932 -0.000538 0.007904
v 0.001635 -0.001472 0.009004
v 0.000895 -0.002010 0.009004
v 0.000539 -0.000938 0.007904
v -0.000000 -0.002200 0.009004
v -0.000000 -0.001100 0.007904
v -0.000447 -0.001005 0.007904
v -0.001824 -0.003590 -0.009030
v -0.002260 -0.003072 -0.009004
v -0.002245 -0.003081 -0.009004
v -0.001885 -0.003526 -0.009021
v -0.002226 -0.003097 -0.009004
v -0.002120 -0.003182 -0.009005
v -0.001944 -0.003317 -0.009008
v -0.001779 -0.003438 -0.009016
v -0.001717 -0.003484 -0.009019
v -0.001995 -0.003648 -0.009007
v -0.002005 -0.003628 -0.009006
v -0.002057 -0.003516 -0.009005
v -0.002181 -0.003250 -0.009005
v -0.002269 -0.003061 -0.009004
v -0.000358 -0.004272 -0.009363
v 0.000604 -0.003961 -0.009282
v 0.000626 -0.004253 -0.009475
v -0.000280 -0.004000 -0.009218
v -0.000932 -0.003873 -0.009135
v -0.000802 -0.003924 -0.009155
v -0.000619 -0.003951 -0.009177
v -0.001650 -0.003807 -0.009070
v -0.000977 -0.003855 -0.009128
v -0.001408 -0.003963 -0.009141
v -0.001232 -0.003754 -0.009089
v -0.001429 -0.003676 -0.009058
v -0.001620 -0.003780 -0.009074
v -0.000433 -0.004625 -0.009416
v -0.000848 -0.004528 -0.009328
v -0.000733 -0.004211 -0.009296
v -0.001227 -0.004382 -0.009231
v -0.001080 -0.004110 -0.009222
v -0.001131 -0.004091 -0.009210
v -0.001576 -0.004178 -0.009126
v -0.001610 -0.003837 -0.009086
v -0.000250 -0.004647 -0.009448
v -0.000241 -0.004283 -0.009381
v 0.000817 -0.004222 -0.009486
v 0.001275 -0.004114 -0.009500
v 0.000210 -0.003995 -0.009258
v 0.000175 -0.004675 -0.009512
v 0.000187 -0.004291 -0.009436
v 0.000668 -0.004649 -0.009561
v 0.000883 -0.004620 -0.009575
v 0.001397 -0.004508 -0.009589
v 0.003809 0.000136 -0.009004
v 0.003995 -0.000167 -0.009028
v 0.003977 -0.000428 -0.009074
v 0.004120 -0.000662 -0.009212
v 0.004136 -0.000689 -0.009231
v 0.003814 0.000139 -0.009004
v 0.003968 0.000026 -0.009009
v 0.003812 0.000138 -0.009004
v 0.003843 0.000091 -0.009005
v 0.004302 -0.000268 -0.009056
v 0.004144 -0.000111 -0.009020
v 0.004127 -0.000095 -0.009016
v 0.004371 -0.000356 -0.009091
v 0.004352 -0.000331 -0.009081
v 0.004081 -0.000373 -0.009079
v 0.004109 -0.000479 -0.009118
v 0.004123 -0.000618 -0.009183
v 0.004485 -0.000589 -0.009235
v 0.004163 -0.000681 -0.009231
v 0.003278 -0.002840 -0.009513
v 0.002698 -0.003396 -0.009513
v 0.002026 -0.003835 -0.009513
v 0.001284 -0.004144 -0.009506
v 0.003466 -0.002024 -0.009296
v 0.003746 -0.002187 -0.009513
v 0.003567 -0.003090 -0.009589
v 0.002936 -0.003695 -0.009589
v 0.004040 -0.000783 -0.009242
v 0.003919 -0.000997 -0.009271
v 0.004083 -0.001458 -0.009512
v 0.004164 -0.000769 -0.009295
v 0.004153 -0.000961 -0.009393
v 0.004496 -0.000955 -0.009457
v 0.004146 -0.001042 -0.009425
v 0.004493 -0.001059 -0.009498
v 0.004470 -0.001365 -0.009573
v 0.004085 -0.001459 -0.009512
v 0.004113 -0.001281 -0.009490
v -0.002263 -0.003073 0.009004
v -0.002120 -0.003182 0.009005
v -0.001885 -0.003526 0.009021
v -0.001705 -0.003492 0.009021
v -0.001824 -0.003590 0.009030
v -0.001620 -0.003779 0.009074
v -0.002067 -0.003495 0.009005
v -0.002260 -0.003072 0.009004
v -0.002258 -0.003070 0.009004
v -0.001611 -0.003836 0.009086
v -0.001133 -0.004090 0.009209
v -0.001234 -0.003753 0.009089
v -0.001471 -0.003659 0.009052
v -0.000244 -0.004282 0.009380
v -0.000283 -0.004000 0.009217
v -0.000736 -0.004210 0.009295
v -0.000622 -0.003951 0.009177
v -0.000799 -0.003925 0.009156
v -0.000935 -0.003871 0.009135
v 0.000503 -0.003984 0.009280
v 0.000207 -0.003995 0.009257
v 0.000184 -0.004291 0.009436
v -0.000201 -0.004012 0.009227
v 0.001188 -0.003833 0.009296
v 0.000774 -0.003924 0.009286
v 0.001275 -0.004114 0.009500
v -0.001824 -0.003963 0.009044
v -0.001650 -0.003807 0.009070
v -0.001784 -0.004004 0.009057
v -0.001410 -0.003962 0.009140
v -0.001230 -0.004381 0.009230
v -0.001083 -0.004109 0.009221
v -0.000851 -0.004527 0.009327
v -0.000362 -0.004272 0.009362
v -0.000306 -0.004643 0.009439
v 0.000817 -0.004222 0.009486
v 0.000622 -0.004253 0.009474
v 0.000601 -0.003962 0.009282
v 0.003779 -0.001350 0.009296
v 0.003466 -0.002024 0.009296
v 0.002026 -0.003835 0.009513
v 0.002497 -0.003142 0.009296
v 0.003033 -0.002628 0.009296
v 0.003278 -0.002840 0.009513
v 0.003746 -0.002187 0.009513
v 0.001284 -0.004144 0.009506
v 0.002698 -0.003396 0.009513
v 0.002936 -0.003695 0.009589
v 0.004163 -0.000681 0.009231
v 0.004098 -0.000627 0.009182
v 0.004123 -0.000618 0.009183
v 0.003975 -0.000426 0.009079
v 0.004081 -0.000373 0.009079
v 0.004109 -0.000479 0.009118
v 0.004030 -0.000515 0.009118
v 0.004031 -0.000517 0.009119
v 0.003884 -0.000199 0.009019
v 0.003809 0.000136 0.009004
v 0.003812 0.000138 0.009004
v 0.003843 0.000091 0.009005
v 0.003866 0.000104 0.009004
v 0.003814 0.000139 0.009004
v 0.004144 -0.000111 0.009020
v 0.003995 -0.000167 0.009028
v 0.003891 -0.000227 0.009023
v 0.004378 -0.000366 0.009095
v 0.004485 -0.000589 0.009235
v 0.003813 -0.001261 0.009291
v 0.004106 -0.001325 0.009497
v 0.004162 -0.000827 0.009329
v 0.003896 -0.001046 0.009277
v 0.004140 -0.001089 0.009441
v 0.004040 -0.000783 0.009242
v 0.004083 -0.001458 0.009512
v 0.004085 -0.001459 0.009512
v 0.004455 -0.001505 0.009586
v 0.004465 -0.001420 0.009580
v 0.004094 -0.001393 0.009506
v 0.004148 -0.001023 0.009418
v -0.002258 -0.003070 -0.009004
v -0.002243 -0.003077 -0.009004
v -0.002221 -0.003089 -0.009004
v -0.001914 -0.003241 -0.009004
v -0.001704 -0.003492 -0.009021
v -0.001460 -0.003508 -0.009028
v -0.001471 -0.003659 -0.009052
v -0.000175 -0.004011 -0.009229
v -0.000221 -0.003717 -0.009062
v -0.000201 -0.004012 -0.009227
v -0.000797 -0.003670 -0.009043
v 0.001188 -0.003833 -0.009296
v 0.000774 -0.003924 -0.009286
v 0.000446 -0.003671 -0.009076
v 0.000504 -0.003983 -0.009280
v 0.002856 -0.001667 -0.009004
v 0.002295 -0.002888 -0.009080
v 0.001544 -0.002924 -0.009004
v 0.001723 -0.003262 -0.009080
v 0.003186 -0.001860 -0.009080
v 0.002788 -0.002416 -0.009080
v 0.003033 -0.002628 -0.009296
v 0.002497 -0.003142 -0.009296
v 0.001092 -0.003524 -0.009080
v 0.001874 -0.003549 -0.009296
v 0.003828 -0.000567 -0.009066
v 0.003918 -0.000479 -0.009069
v 0.003275 -0.000746 -0.009004
v 0.003779 -0.001350 -0.009296
v 0.003474 -0.001241 -0.009080
v 0.003824 -0.001231 -0.009290
v 0.003884 -0.001072 -0.009281
v 0.003603 -0.000922 -0.009076
v 0.003731 -0.000691 -0.009069
v 0.003974 -0.000881 -0.009256
v 0.003451 -0.000473 -0.009004
v 0.004015 -0.000820 -0.009247
v 0.004001 -0.000559 -0.009112
v 0.003885 -0.000374 -0.009035
v 0.003918 -0.000332 -0.009038
v 0.004025 -0.000506 -0.009103
v 0.004033 -0.000519 -0.009112
v 0.004097 -0.000624 -0.009186
v 0.003851 -0.000415 -0.009035
v 0.004018 -0.000540 -0.009111
v 0.003796 -0.000288 -0.009021
v 0.003728 -0.000263 -0.009012
v 0.003763 -0.000330 -0.009012
v 0.003780 -0.000309 -0.009012
v 0.003677 -0.000238 -0.009004
v 0.003892 -0.000226 -0.009025
v 0.003690 -0.000214 -0.009004
v 0.003748 -0.000075 -0.009004
v 0.003865 -0.000116 -0.009012
v 0.003820 0.000086 -0.009005
v 0.003810 0.000133 -0.009004
v -0.002269 -0.003061 0.009004
v -0.002243 -0.003077 0.009004
v -0.002245 -0.003080 0.009004
v -0.002222 -0.003089 0.009004
v -0.002226 -0.003097 0.009004
v -0.002105 -0.003154 0.009004
v -0.001944 -0.003316 0.009008
v -0.001914 -0.003241 0.009004
v -0.001779 -0.003438 0.009016
v -0.001676 -0.003318 0.009004
v -0.001717 -0.003483 0.009019
v -0.001430 -0.003676 0.009058
v -0.000794 -0.003671 0.009043
v -0.000979 -0.003854 0.009128
v -0.001460 -0.003507 0.009028
v -0.001448 -0.003356 0.009004
v 0.000446 -0.003671 0.009076
v -0.000788 -0.003396 0.009004
v -0.000221 -0.003717 0.009062
v -0.000244 -0.003384 0.009004
v 0.000379 -0.003306 0.009004
v 0.002057 -0.002589 0.009004
v 0.002295 -0.002888 0.009080
v 0.002499 -0.002165 0.009004
v 0.002856 -0.001667 0.009004
v 0.001092 -0.003524 0.009080
v 0.001723 -0.003262 0.009080
v 0.001874 -0.003549 0.009296
v 0.002788 -0.002416 0.009080
v 0.003186 -0.001860 0.009080
v 0.004120 -0.000662 0.009210
v 0.004073 -0.000585 0.009148
v 0.004018 -0.000540 0.009111
v 0.003918 -0.000332 0.009038
v 0.003851 -0.000415 0.009035
v 0.003885 -0.000373 0.009035
v 0.003932 -0.000492 0.009070
v 0.003997 -0.000555 0.009121
v 0.003919 -0.000480 0.009064
v 0.003875 -0.001096 0.009282
v 0.003474 -0.001241 0.009080
v 0.003796 -0.001307 0.009294
v 0.003604 -0.000920 0.009076
v 0.003884 -0.001071 0.009281
v 0.003973 -0.000882 0.009256
v 0.003974 -0.000880 0.009255
v 0.004136 -0.000689 0.009231
v 0.003732 -0.000690 0.009069
v 0.003453 -0.000471 0.009004
v 0.003828 -0.000567 0.009066
v 0.003728 -0.000263 0.009012
v 0.003780 -0.000309 0.009012
v 0.003763 -0.000330 0.009012
v 0.003690 -0.000214 0.009004
v 0.003795 -0.000288 0.009021
v 0.003822 0.000079 0.009007
v 0.003805 0.000134 0.009004
v 0.003810 0.000133 0.009004
v 0.009258 -0.005436 -0.002019
v 0.009547 -0.004903 -0.002019
v 0.009287 -0.005395 -0.002019
v 0.009422 -0.005203 -0.002019
v 0.008702 -0.005879 -0.002019
v 0.011177 -0.002005 -0.002019
v 0.011177 -0.005904 -0.002019
v 0.009588 -0.004608 -0.002019
v 0.009568 -0.004814 -0.002019
v 0.008972 -0.005708 -0.002019
v 0.009590 -0.009785 -0.001570
v 0.009516 -0.009376 -0.001685
v 0.009361 -0.009180 -0.001856
v 0.009513 -0.009372 -0.001688
v 0.009297 -0.009233 -0.002013
v 0.009292 -0.009117 -0.001890
v 0.008590 -0.009117 -0.002515
v 0.008969 -0.008876 -0.001990
v 0.008590 -0.008877 -0.002083
v 0.008973 -0.008917 -0.002018
v 0.009080 -0.009265 -0.002515
v 0.009514 -0.009670 -0.002141
v 0.008973 -0.009160 -0.002321
v 0.008973 -0.009064 -0.002149
v 0.009514 -0.009486 -0.001810
v 0.009297 -0.009364 -0.002249
v 0.009590 -0.010031 -0.002014
v 0.009514 -0.009734 -0.002515
v 0.009590 -0.010117 -0.003785
v 0.009514 -0.009734 -0.003785
v 0.009442 -0.009626 -0.002515
v 0.009297 -0.009410 -0.003785
v 0.009297 -0.009410 -0.002515
v 0.008973 -0.009193 -0.002515
v 0.009442 -0.009626 -0.003785
v 0.008590 -0.008609 -0.004293
v 0.008590 -0.009044 -0.004036
v 0.008973 -0.009081 -0.004128
v 0.008590 -0.009020 -0.004083
v 0.008590 -0.008907 -0.004196
v 0.009080 -0.008609 -0.004441
v 0.008973 -0.008609 -0.004369
v 0.008973 -0.009193 -0.003785
v 0.009080 -0.009265 -0.003785
v 0.008973 -0.009164 -0.003965
v 0.009297 -0.009370 -0.004032
v 0.009297 -0.009257 -0.004255
v 0.008973 -0.008952 -0.004257
v 0.008973 -0.008789 -0.004340
v 0.009297 -0.009080 -0.004433
v 0.009297 -0.008856 -0.004546
v 0.009297 -0.008609 -0.004585
v 0.009514 -0.009679 -0.004132
v 0.009514 -0.009519 -0.004446
v 0.009514 -0.009270 -0.004695
v 0.009514 -0.008956 -0.004855
v 0.009514 -0.008609 -0.004910
v 0.009442 -0.008609 -0.004802
v 0.009442 -0.006018 -0.004802
v 0.009297 -0.006018 -0.004585
v 0.009080 -0.006018 -0.004441
v 0.008973 -0.006018 -0.004369
v 0.008973 -0.005545 -0.004128
v 0.008590 -0.005861 -0.004268
v 0.008590 -0.005719 -0.004196
v 0.008973 -0.005675 -0.004257
v 0.008973 -0.005837 -0.004340
v 0.009297 -0.005770 -0.004546
v 0.009297 -0.005370 -0.004255
v 0.008973 -0.005462 -0.003965
v 0.009297 -0.005256 -0.004032
v 0.009297 -0.005217 -0.003785
v 0.009514 -0.005670 -0.004855
v 0.009297 -0.005547 -0.004433
v 0.009514 -0.004948 -0.004132
v 0.009514 -0.006018 -0.004910
v 0.009590 -0.006018 -0.005293
v 0.009514 -0.005357 -0.004695
v 0.009514 -0.005108 -0.004446
v 0.009590 -0.005132 -0.005005
v 0.008590 -0.005510 -0.003785
v 0.008973 -0.005434 -0.003785
v 0.009080 -0.005362 -0.002515
v 0.009080 -0.005362 -0.003785
v 0.009442 -0.005000 -0.002515
v 0.009442 -0.005000 -0.003785
v 0.009514 -0.004893 -0.003785
v 0.008947 -0.005727 -0.002019
v 0.008970 -0.005710 -0.002019
v 0.009292 -0.005387 -0.002019
v 0.009504 -0.005006 -0.002019
v 0.008590 -0.005622 -0.002197
v 0.008590 -0.005750 -0.002083
v 0.008973 -0.005434 -0.002515
v 0.008973 -0.005467 -0.002321
v 0.008973 -0.005562 -0.002149
v 0.008991 -0.005693 -0.002019
v 0.009297 -0.005262 -0.002249
v 0.009297 -0.005217 -0.002515
v 0.009514 -0.004893 -0.002515
v 0.009514 -0.004956 -0.002141
v 0.009590 -0.004594 -0.002019
v 0.011739 -0.009507 -0.001496
v 0.011739 -0.008812 -0.002007
v 0.009344 -0.009163 -0.001867
v 0.009128 -0.008977 -0.001960
v 0.009087 -0.008948 -0.001970
v 0.009033 -0.008910 -0.001983
v 0.011177 -0.008722 -0.002019
v 0.008744 -0.008755 -0.002016
v 0.009381 -0.009201 -0.001841
v 0.009574 -0.009503 -0.001494
v 0.011739 -0.009180 -0.001856
v 0.011739 -0.009625 -0.001024
v 0.009590 -0.009625 -0.001024
v 0.009590 -0.009569 -0.001352
v 0.009583 -0.009522 -0.001466
v 0.012447 -0.000204 0.006911
v 0.012523 -0.000249 0.006911
v 0.012494 -0.000202 0.006911
v 0.012802 -0.000439 0.006911
v 0.012810 -0.000478 0.006911
v 0.012933 -0.000618 0.006911
v 0.013039 -0.000748 0.006911
v 0.012368 -0.000164 0.006911
v 0.011932 -0.000025 0.006911
v 0.012016 -0.000041 0.006911
v 0.012146 -0.000087 0.006911
v 0.012802 -0.000439 -0.006909
v 0.012134 -0.000054 -0.006909
v 0.013157 -0.001005 -0.006909
v 0.013104 -0.000874 -0.006909
v 0.013078 -0.000837 -0.006909
v 0.013039 -0.000748 -0.006909
v 0.013036 -0.000765 -0.006909
v 0.012810 -0.000478 -0.006909
v 0.012624 -0.000318 -0.006909
v 0.012494 -0.000202 -0.006909
v 0.012304 -0.000135 -0.006909
v 0.011739 -0.000003 -0.006909
v 0.011749 -0.000003 -0.006909
v 0.011833 -0.000011 -0.006909
v 0.011926 -0.000024 -0.006909
v 0.013239 -0.002096 -0.006773
v 0.013239 -0.001587 0.005895
v 0.013239 -0.001493 -0.006909
v 0.013239 -0.001493 0.006911
v 0.011943 -0.000016 -0.006909
v 0.011749 -0.000003 0.006911
v 0.011943 -0.000016 0.006911
v 0.012134 -0.000054 0.006911
v 0.003715 -0.006272 0.003138
v 0.003609 -0.006334 0.003214
v 0.003526 -0.006379 0.003294
v 0.004286 -0.005897 0.002893
v 0.011739 -0.006058 0.002966
v 0.004054 -0.006057 0.002969
v 0.004017 -0.006083 0.002981
v 0.011739 -0.005614 0.002847
v 0.004650 -0.005614 0.002848
v 0.005443 -0.004849 0.003283
v 0.011739 -0.005169 0.002966
v 0.005058 -0.005250 0.002925
v 0.005447 -0.004845 0.003292
v 0.011739 -0.004844 0.003291
v 0.005133 -0.005174 0.004499
v 0.005287 -0.005019 0.004396
v 0.005430 -0.004864 0.004213
v 0.011739 -0.004844 0.004180
v 0.005025 -0.005282 0.004560
v 0.004425 -0.005793 0.004607
v 0.004545 -0.005699 0.004619
v 0.011739 -0.006058 0.004506
v 0.011739 -0.005614 0.004625
v 0.004598 -0.005657 0.004624
v 0.011739 -0.006384 0.004180
v 0.011739 -0.006503 0.003736
v 0.003402 -0.006447 0.004045
v 0.003527 -0.006379 0.004178
v 0.011702 -0.023432 -0.007070
v 0.011739 -0.023432 -0.006909
v 0.011904 -0.023432 -0.006909
v 0.011775 -0.023432 -0.007070
v 0.012459 -0.024067 -0.007256
v 0.012539 -0.024067 -0.006909
v 0.012538 -0.025427 -0.006946
v 0.011018 -0.024067 -0.007256
v 0.010939 -0.025432 -0.006909
v 0.011046 -0.025432 -0.007309
v 0.011240 -0.024067 -0.007535
v 0.011055 -0.024067 -0.007302
v 0.011347 -0.024067 -0.007586
v 0.012238 -0.024067 -0.007535
v 0.012139 -0.025432 -0.007602
v 0.011739 -0.025432 -0.007709
v 0.010939 -0.025432 -0.006300
v 0.010939 -0.025191 -0.006300
v 0.010939 -0.024648 -0.006247
v 0.010937 -0.024372 0.006211
v 0.010937 -0.025232 0.006300
v 0.010937 -0.025159 0.006299
v 0.012420 -0.024067 0.007303
v 0.012244 -0.024067 0.007529
v 0.012137 -0.025432 0.007604
v 0.011923 -0.024067 0.007689
v 0.011737 -0.024067 0.007690
v 0.011737 -0.025432 0.007711
v 0.011565 -0.024067 0.007692
v 0.011242 -0.024067 0.007539
v 0.010937 -0.024067 0.006910
v 0.011739 -0.023432 0.006300
v 0.011572 -0.023432 0.006911
v 0.011776 -0.023432 0.007071
v 0.011702 -0.023432 0.007072
v 0.011842 -0.023432 0.007038
v 0.011739 -0.023432 0.006911
v 0.011902 -0.023432 0.006911
v 0.011739 -0.024067 -0.007689
v 0.011917 -0.024067 -0.007689
v 0.011590 -0.023432 -0.006981
v 0.011574 -0.023432 -0.006909
v 0.011438 -0.023517 -0.007286
v 0.012423 -0.024067 -0.007302
v 0.012383 -0.023749 -0.007219
v 0.012184 -0.023749 -0.007468
v 0.012131 -0.024067 -0.007586
v 0.012173 -0.023517 -0.007118
v 0.011887 -0.023432 -0.006981
v 0.011580 -0.023749 -0.007606
v 0.011898 -0.023749 -0.007606
v 0.012040 -0.023517 -0.007286
v 0.011846 -0.023517 -0.007380
v 0.011842 -0.023432 -0.007038
v 0.011631 -0.023517 -0.007380
v 0.011293 -0.023749 -0.007468
v 0.011561 -0.024067 -0.007689
v 0.011636 -0.023432 -0.007038
v 0.011304 -0.023517 -0.007118
v 0.011095 -0.023749 -0.007219
v 0.011256 -0.023517 -0.006909
v 0.011024 -0.023749 -0.006909
v 0.011089 -0.023657 -0.006243
v 0.011032 -0.023754 -0.006215
v 0.010939 -0.024067 -0.006909
v 0.010979 -0.023844 -0.006189
v 0.011574 -0.023432 -0.006300
v 0.011256 -0.023517 -0.006290
v 0.011138 -0.023633 0.006910
v 0.011255 -0.023517 0.006910
v 0.011001 -0.023828 0.006910
v 0.011022 -0.023749 0.006910
v 0.011094 -0.023749 0.007222
v 0.012501 -0.023857 0.006911
v 0.012239 -0.023528 0.006911
v 0.012398 -0.023670 0.006911
v 0.012041 -0.023447 0.006911
v 0.012463 -0.024067 0.007246
v 0.012129 -0.024067 0.007587
v 0.011904 -0.023749 0.007606
v 0.011584 -0.023749 0.007609
v 0.011344 -0.024067 0.007587
v 0.011017 -0.024067 0.007259
v 0.011053 -0.024067 0.007304
v 0.011294 -0.023749 0.007472
v 0.011303 -0.023517 0.007121
v 0.011633 -0.023517 0.007382
v 0.012190 -0.023749 0.007464
v 0.011849 -0.023517 0.007380
v 0.012386 -0.023749 0.007211
v 0.012175 -0.023517 0.007113
v 0.011333 -0.023496 0.006910
v 0.011589 -0.023432 0.006982
v 0.011635 -0.023432 0.007040
v 0.011438 -0.023517 0.007289
v 0.012043 -0.023517 0.007284
v 0.011887 -0.023432 0.006980
v 0.011071 -0.023677 0.006236
v 0.011128 -0.023623 0.006254
v 0.011572 -0.023432 0.006300
v 0.010937 -0.024067 0.006171
v 0.010978 -0.023844 0.006188
v 0.010988 -0.023825 0.006194
v 0.011739 -0.002095 0.006775
v 0.013239 -0.002095 0.006775
v 0.011739 -0.001724 0.006403
v 0.013239 -0.001724 0.006403
v 0.011739 -0.001587 0.005895
v 0.011739 -0.002604 -0.006909
v 0.013239 -0.002604 -0.006909
v 0.013239 -0.001724 -0.006401
v 0.013239 -0.001588 -0.005893
v 0.011739 -0.001588 -0.005893
vn -0.0000 -0.9749 0.2225
vn -0.0000 -0.9749 -0.2225
vn -0.0000 -0.7818 -0.6235
vn -0.0000 -0.4339 -0.9010
vn -0.0000 -0.0000 -1.0000
vn -0.0000 0.4339 -0.9010
vn -0.0000 0.7818 -0.6235
vn -0.0000 0.9749 -0.2225
vn -0.0000 0.9749 0.2225
vn -0.0000 0.7818 0.6235
vn -0.0000 0.4339 0.9010
vn -0.0000 -0.0000 1.0000
vn -0.0000 -0.4339 0.9010
vn -0.0000 -0.7818 0.6235
vn -1.0000 -0.0000 -0.0000
vn -1.0000 -0.0000 -0.0001
vn -1.0000 -0.0000 -0.0003
vn -1.0000 -0.0000 0.0001
vn 1.0000 -0.0000 -0.0000
vn -0.0000 1.0000 -0.0000
vn -0.0000 -1.0000 -0.0000
vn -0.9875 -0.0000 0.1574
vn -0.9808 0.0012 0.1951
vn -0.8898 -0.0009 0.4564
vn -0.8897 -0.0009 0.4566
vn -0.8315 0.0019 0.5556
vn -0.7039 -0.0013 0.7103
vn -0.7038 -0.0013 0.7104
vn -0.5556 0.0019 0.8315
vn -0.1527 -0.0000 0.9883
vn -0.1951 0.0013 0.9808
vn -0.4479 -0.0010 0.8941
vn -0.4481 -0.0010 0.8940
vn -0.1564 -0.0000 -0.9877
vn -0.1951 0.0013 -0.9808
vn -0.4542 -0.0009 -0.8909
vn -0.4540 -0.0009 -0.8910
vn -0.5556 0.0019 -0.8315
vn -0.7071 -0.0013 -0.7072
vn -0.7071 -0.0013 -0.7071
vn -0.8315 0.0019 -0.5556
vn -0.9877 -0.0000 -0.1565
vn -0.9808 0.0013 -0.1951
vn -0.8911 -0.0009 -0.4539
vn -0.9946 -0.1035 -0.0000
vn -0.9507 -0.3102 -0.0000
vn -0.9505 -0.3107 -0.0000
vn -0.8619 -0.5071 -0.0000
vn -0.8616 -0.5075 -0.0000
vn -0.7327 -0.6805 -0.0000
vn -0.7325 -0.6808 -0.0000
vn -0.7329 -0.6804 -0.0000
vn -0.5696 -0.8219 -0.0000
vn -0.3798 -0.9251 -0.0000
vn -0.1724 -0.9850 -0.0000
vn -0.1721 -0.9851 -0.0000
vn -0.8513 -0.5011 -0.1556
vn -0.0598 -0.1455 -0.9875
vn -0.9389 -0.3069 -0.1556
vn -0.8628 -0.3269 -0.3857
vn -0.8759 -0.3366 -0.3457
vn -0.9212 -0.3531 -0.1636
vn -0.9607 -0.1936 -0.1988
vn -0.9450 -0.3087 -0.1086
vn -0.9891 -0.1028 -0.1056
vn -0.9893 -0.1029 -0.1030
vn -0.8626 -0.3271 -0.3859
vn -0.7649 -0.4503 -0.4606
vn -0.8078 -0.3318 -0.4871
vn -0.6155 -0.4434 -0.6515
vn -0.5347 -0.4965 -0.6838
vn -0.5579 -0.3777 -0.7390
vn -0.4233 -0.3279 -0.8446
vn -0.4235 -0.3278 -0.8445
vn -0.2820 -0.4071 -0.8688
vn -0.2946 -0.2481 -0.9228
vn -0.2269 -0.3933 -0.8909
vn -0.1381 -0.2572 -0.9564
vn -0.1330 -0.1054 -0.9855
vn -0.0522 -0.0932 -0.9943
vn -0.0271 -0.1550 -0.9875
vn -0.0271 -0.1549 -0.9875
vn -0.0786 -0.4493 -0.8899
vn -0.1223 -0.6986 -0.7050
vn -0.1220 -0.6986 -0.7050
vn -0.3374 -0.4283 -0.8383
vn -0.4544 -0.5419 -0.7070
vn -0.4039 -0.5830 -0.7050
vn -0.4038 -0.5830 -0.7050
vn -0.1702 -0.9730 -0.1556
vn -0.1537 -0.8787 -0.4520
vn -0.1538 -0.8787 -0.4519
vn -0.1537 -0.8788 -0.4518
vn -0.1222 -0.6985 -0.7051
vn -0.6155 -0.4435 -0.6515
vn -0.7267 -0.5155 -0.4540
vn -0.6537 -0.6070 -0.4520
vn -0.6537 -0.6069 -0.4519
vn -0.5080 -0.7333 -0.4519
vn -0.5079 -0.7333 -0.4520
vn -0.1701 -0.9731 -0.1556
vn -0.1703 -0.9730 -0.1557
vn -0.1704 -0.9730 -0.1555
vn -0.1702 -0.9731 -0.1555
vn -0.1704 -0.9730 -0.1556
vn -0.0597 -0.1455 -0.9875
vn -0.1732 -0.4219 -0.8899
vn -0.2693 -0.6560 -0.7050
vn -0.3388 -0.8252 -0.4519
vn -0.3390 -0.8252 -0.4518
vn -0.3753 -0.9138 -0.1555
vn -0.3752 -0.9138 -0.1555
vn -0.8514 -0.5010 -0.1554
vn -0.7236 -0.6725 -0.1554
vn -0.7239 -0.6721 -0.1556
vn -0.7240 -0.6721 -0.1556
vn -0.5624 -0.8121 -0.1556
vn -0.5627 -0.8119 -0.1554
vn -0.3751 -0.9138 -0.1557
vn -0.4871 -0.8699 -0.0772
vn -0.7217 -0.6827 -0.1143
vn -0.1467 -0.4422 -0.8848
vn -0.1109 -0.6999 -0.7056
vn -0.0005 -0.8914 -0.4532
vn -0.0942 -0.9783 -0.1848
vn -0.1134 -0.9812 -0.1562
vn -0.1371 -0.9810 -0.1371
vn -0.1279 -0.9794 -0.1563
vn -0.1784 -0.9798 -0.0908
vn -0.1603 -0.9747 -0.1555
vn -0.2101 -0.9771 -0.0334
vn -0.0006 -0.8913 -0.4534
vn -0.1817 -0.9710 -0.1553
vn -0.1816 -0.9710 -0.1553
vn -0.8895 -0.4346 -0.1411
vn -0.9767 -0.1492 -0.1545
vn -0.9767 -0.1491 -0.1545
vn -0.8810 -0.1491 -0.4489
vn -0.8809 -0.1490 -0.4492
vn -0.8811 -0.1491 -0.4488
vn -0.6992 -0.1491 -0.6992
vn -0.1548 -0.1451 -0.9772
vn -0.1590 -0.1492 -0.9759
vn -0.4491 -0.1491 -0.8810
vn -0.4489 -0.1491 -0.8810
vn -0.4489 -0.1491 -0.8811
vn -0.6992 -0.1491 -0.6993
vn -0.1592 -0.1448 -0.9766
vn -0.1556 -0.4355 -0.8866
vn -0.4089 -0.4346 -0.8025
vn -0.6368 -0.4346 -0.6369
vn -0.6369 -0.4347 -0.6367
vn -0.8025 -0.4347 -0.4087
vn -0.8025 -0.4345 -0.4089
vn -0.8895 -0.4346 -0.1410
vn -0.8895 -0.4347 -0.1409
vn -0.1467 -0.4424 -0.8847
vn -0.1442 -0.6846 -0.7146
vn -0.3318 -0.6825 -0.6513
vn -0.5169 -0.6825 -0.5168
vn -0.5167 -0.6827 -0.5166
vn -0.6513 -0.6824 -0.3319
vn -0.6513 -0.6825 -0.3317
vn -0.7218 -0.6826 -0.1144
vn -0.7221 -0.6823 -0.1144
vn -0.1282 -0.8724 -0.4717
vn -0.2238 -0.8700 -0.4393
vn -0.2237 -0.8700 -0.4393
vn -0.3490 -0.8698 -0.3488
vn -0.3486 -0.8700 -0.3486
vn -0.4393 -0.8700 -0.2237
vn -0.4870 -0.8700 -0.0769
vn -0.2102 -0.9777 -0.0000
vn -0.4887 -0.8725 -0.0000
vn -0.4886 -0.8725 -0.0000
vn -0.4883 -0.8727 -0.0000
vn -0.7266 -0.6871 -0.0000
vn -0.7268 -0.6868 -0.0000
vn -0.7265 -0.6872 -0.0000
vn -0.8985 -0.4391 -0.0000
vn -0.8985 -0.4390 -0.0000
vn -0.9886 -0.1508 -0.0000
vn -0.9885 -0.1511 -0.0000
vn -0.8014 -0.4345 0.4111
vn -0.9765 -0.1490 0.1556
vn -0.4431 -0.1492 0.8840
vn -0.1510 -0.1492 0.9772
vn -0.1553 -0.1450 0.9772
vn -0.1429 -0.4427 0.8852
vn -0.1068 -0.7003 0.7058
vn -0.1888 -0.9697 0.1553
vn 0.0073 -0.8915 0.4530
vn 0.0076 -0.8915 0.4530
vn -0.2078 -0.9658 0.1548
vn -0.1944 -0.9804 0.0310
vn -0.4871 -0.8699 0.0776
vn -0.8798 -0.1491 0.4513
vn -0.8797 -0.1489 0.4515
vn -0.6960 -0.1490 0.7024
vn -0.9765 -0.1491 0.1558
vn -0.8894 -0.4346 0.1419
vn -0.8894 -0.4345 0.1419
vn -0.8894 -0.4346 0.1417
vn -0.7219 -0.6824 0.1150
vn -0.6960 -0.1492 0.7024
vn -0.6958 -0.1491 0.7026
vn -0.6337 -0.4346 0.6399
vn -0.8013 -0.4346 0.4112
vn -0.6504 -0.6824 0.3337
vn -0.7218 -0.6825 0.1150
vn -0.7220 -0.6823 0.1149
vn -0.1134 -0.9812 0.1561
vn -0.1102 -0.9693 0.2198
vn -0.2210 -0.8700 0.4408
vn -0.1275 -0.8724 0.4718
vn -0.1071 -0.7002 0.7059
vn -0.1279 -0.9794 0.1561
vn -0.1299 -0.9828 0.1312
vn -0.3469 -0.8700 0.3504
vn -0.2209 -0.8700 0.4408
vn -0.3276 -0.6824 0.6535
vn -0.1419 -0.6847 0.7148
vn -0.1429 -0.4429 0.8851
vn -0.1600 -0.9747 0.1558
vn -0.1624 -0.9832 0.0834
vn -0.4387 -0.8700 0.2251
vn -0.3471 -0.8700 0.3503
vn -0.5142 -0.6826 0.5192
vn -0.3274 -0.6826 0.6533
vn -0.4036 -0.4346 0.8052
vn -0.1524 -0.4357 0.8871
vn -0.4430 -0.1490 0.8841
vn -0.4431 -0.1491 0.8840
vn -0.4036 -0.4345 0.8051
vn -0.6339 -0.4345 0.6398
vn -0.5144 -0.6824 0.5193
vn -0.6503 -0.6826 0.3335
vn -0.4387 -0.8700 0.2252
vn -0.4870 -0.8700 0.0775
vn -0.1702 -0.9731 0.1556
vn -0.1537 -0.8787 0.4520
vn -0.1222 -0.6986 0.7050
vn -0.0787 -0.4494 0.8899
vn -0.0271 -0.1550 0.9875
vn -0.6488 -0.4533 0.6112
vn -0.1350 -0.2550 0.9575
vn -0.0507 -0.0906 0.9946
vn -0.3239 -0.3851 0.8642
vn -0.2871 -0.4144 0.8636
vn -0.6487 -0.4531 0.6114
vn -0.6458 -0.4078 0.6455
vn -0.5574 -0.5176 0.6491
vn -0.7908 -0.4653 0.3976
vn -0.9390 -0.3066 0.1555
vn -0.9893 -0.1029 0.1030
vn -0.9891 -0.1029 0.1049
vn -0.9452 -0.3087 0.1066
vn -0.9610 -0.1936 0.1975
vn -0.9378 -0.3101 0.1562
vn -0.8562 -0.3366 0.3920
vn -0.8563 -0.3366 0.3918
vn -0.0271 -0.1549 0.9876
vn -0.0597 -0.1455 0.9876
vn -0.0597 -0.1455 0.9875
vn -0.1359 -0.1037 0.9853
vn -0.1351 -0.2551 0.9574
vn -0.0786 -0.4493 0.8899
vn -0.1732 -0.4220 0.8899
vn -0.1732 -0.4219 0.8899
vn -0.2868 -0.3592 0.8881
vn -0.2838 -0.3903 0.8759
vn -0.1218 -0.6986 0.7051
vn -0.1223 -0.6986 0.7050
vn -0.2693 -0.6560 0.7050
vn -0.4039 -0.5829 0.7050
vn -0.4039 -0.5830 0.7050
vn -0.5142 -0.4879 0.7054
vn -0.5332 -0.4515 0.7154
vn -0.1537 -0.8788 0.4518
vn -0.1538 -0.8787 0.4519
vn -0.3388 -0.8253 0.4518
vn -0.3389 -0.8252 0.4519
vn -0.5083 -0.7332 0.4517
vn -0.5079 -0.7333 0.4519
vn -0.6537 -0.6070 0.4519
vn -0.6537 -0.6069 0.4520
vn -0.7526 -0.4777 0.4531
vn -0.7831 -0.4052 0.4718
vn -0.8514 -0.5010 0.1555
vn -0.8513 -0.5012 0.1554
vn -0.7236 -0.6725 0.1554
vn -0.7239 -0.6721 0.1556
vn -0.7240 -0.6721 0.1556
vn -0.1702 -0.9731 0.1555
vn -0.1701 -0.9731 0.1554
vn -0.1703 -0.9730 0.1558
vn -0.5627 -0.8119 0.1556
vn -0.5625 -0.8121 0.1554
vn -0.3752 -0.9138 0.1554
vn -0.3753 -0.9138 0.1555
vn -0.3752 -0.9138 0.1555
vn -0.1700 -0.9731 0.1555
vn -0.1703 -0.9730 0.1557
vn 0.1926 -0.0000 0.9813
vn 0.1564 0.0012 0.9877
vn 0.5494 -0.0014 0.8356
vn 0.4539 -0.0007 0.8911
vn 0.5498 -0.0007 0.8353
vn 0.4540 0.0029 0.8910
vn 0.8245 -0.0034 0.5659
vn 0.7071 -0.0009 0.7072
vn 0.7071 -0.0009 0.7071
vn 0.8268 0.0016 0.5625
vn 0.9770 -0.0059 0.2132
vn 0.9877 -0.0000 0.1563
vn 0.8911 -0.0006 0.4539
vn 0.8908 -0.0006 0.4544
vn 0.9785 0.0012 0.2063
vn 0.9999 -0.0042 0.0112
vn 0.5502 0.8351 -0.0000
vn 0.5501 0.8351 -0.0000
vn 0.1926 0.9813 -0.0000
vn 1.0000 0.0071 -0.0000
vn 0.9782 0.2075 -0.0000
vn 0.9783 0.2071 -0.0000
vn 0.8261 0.5636 -0.0000
vn 0.8260 0.5636 -0.0000
vn 0.1564 -0.0000 -0.9877
vn 0.1928 0.0010 -0.9812
vn 0.4542 -0.0007 -0.8909
vn 0.5497 -0.0007 -0.8354
vn 0.4540 -0.0007 -0.8910
vn 0.5508 0.0015 -0.8346
vn 0.7071 -0.0011 -0.7072
vn 0.8256 -0.0009 -0.5642
vn 0.7071 -0.0009 -0.7072
vn 0.8268 0.0016 -0.5625
vn 0.8910 -0.0009 -0.4539
vn 0.9782 -0.0006 -0.2077
vn 0.8908 -0.0006 -0.4543
vn 0.9785 0.0012 -0.2063
vn 0.9877 -0.0002 -0.1563
vn 1.0000 -0.0000 -0.0071
vn -0.2588 0.9659 -0.0000
vn 0.2589 0.9659 -0.0000
vn 0.2588 0.9659 -0.0000
vn 0.7071 0.7071 -0.0000
vn 0.9659 0.2588 -0.0000
vn 0.9659 0.2589 -0.0000
vn 0.9659 -0.2588 -0.0000
vn 0.9659 -0.2589 -0.0000
vn 0.7072 -0.7070 -0.0000
vn 0.7070 -0.7072 -0.0000
vn 0.2587 -0.9660 -0.0000
vn -0.0000 0.9988 0.0487
vn 0.2582 0.9634 -0.0727
vn 0.4066 0.9129 0.0364
vn 0.4068 0.9128 0.0364
vn 0.7063 0.7063 -0.0485
vn 0.4904 -0.8714 0.0121
vn 0.6185 -0.7847 0.0409
vn 0.7232 -0.6845 0.0922
vn 0.5876 -0.8090 -0.0156
vn 0.7432 0.6691 -0.0000
vn 0.9510 0.3091 -0.0000
vn 0.9648 0.2586 -0.0485
vn 0.9939 -0.1044 0.0364
vn 0.9859 -0.1634 0.0364
vn 0.9945 -0.1045 -0.0069
vn 0.9020 -0.4318 0.0040
vn 0.8653 -0.4998 0.0375
vn 0.8991 -0.4362 0.0374
vn 0.8652 -0.4995 0.0436
vn 0.8308 -0.5562 0.0205
vn 0.7562 -0.6542 -0.0119
vn 0.2925 -0.9551 0.0478
vn 0.4246 -0.8979 0.1165
vn 0.4902 -0.8715 0.0121
vn 0.5878 -0.8090 -0.0016
vn 0.2077 -0.9782 -0.0068
vn -0.1046 0.9945 -0.0000
vn -0.4061 0.9123 -0.0524
vn -0.2590 0.9658 0.0131
vn -0.4068 0.9134 0.0132
vn -0.7070 0.7070 -0.0175
vn -0.7432 0.6690 -0.0000
vn -0.9510 0.3091 -0.0000
vn -0.9658 0.2588 -0.0176
vn -0.9944 -0.1045 0.0132
vn -0.9656 -0.2588 -0.0265
vn -0.8657 -0.5002 0.0177
vn -0.8659 -0.4999 0.0177
vn -0.7070 -0.7067 -0.0264
vn -0.5878 -0.8089 0.0133
vn -0.2586 -0.9660 -0.0000
vn -0.2589 -0.9659 -0.0000
vn 0.2589 -0.9659 -0.0000
vn -0.5875 -0.8091 0.0133
vn -0.2549 -0.9668 -0.0179
vn -0.2078 -0.9782 -0.0000
vn 0.0031 -1.0000 -0.0000
vn 0.1363 -0.9907 0.0007
vn 0.1727 -0.0996 0.9799
vn -0.0000 0.1993 0.9799
vn -0.1726 -0.0996 0.9799
vn -0.0812 0.1821 0.9799
vn -0.0810 0.1820 0.9799
vn -0.1479 0.1334 0.9800
vn -0.1481 0.1334 0.9799
vn -0.1897 0.0614 0.9799
vn -0.1895 0.0616 0.9800
vn -0.1981 -0.0208 0.9800
vn 0.1982 -0.0208 0.9799
vn 0.1896 0.0616 0.9799
vn 0.1895 0.0615 0.9799
vn 0.1480 0.1334 0.9799
vn 0.0811 0.1820 0.9799
vn -0.1171 -0.1613 0.9799
vn -0.1172 -0.1612 0.9799
vn -0.0414 -0.1949 0.9799
vn 0.0414 -0.1949 0.9799
vn 0.1171 -0.1613 0.9799
vn -0.2294 0.5153 0.8258
vn -0.2292 0.5152 0.8258
vn -0.4190 0.3774 0.8258
vn -0.4193 0.3773 0.8257
vn -0.5365 0.1744 0.8257
vn 0.5609 -0.0590 0.8258
vn 0.5610 -0.0589 0.8257
vn 0.5365 0.1741 0.8257
vn 0.5366 0.1742 0.8257
vn 0.4192 0.3773 0.8258
vn 0.4193 0.3775 0.8257
vn -0.3316 -0.4562 0.8258
vn -0.3316 -0.4563 0.8258
vn -0.1172 -0.5517 0.8258
vn -0.1171 -0.5518 0.8257
vn 0.1172 -0.5518 0.8257
vn 0.1171 -0.5517 0.8258
vn -0.3405 0.7647 0.5471
vn -0.3408 0.7648 0.5468
vn -0.6220 0.5601 0.5471
vn -0.6221 0.5601 0.5470
vn -0.7960 0.2588 0.5471
vn -0.7961 0.2587 0.5470
vn 0.8326 -0.0874 0.5470
vn 0.8323 -0.0877 0.5474
vn 0.7961 0.2587 0.5470
vn 0.7961 0.2587 0.5471
vn 0.6221 0.5601 0.5470
vn 0.6221 0.5604 0.5468
vn -0.4921 -0.6772 0.5471
vn -0.1738 -0.8188 0.5471
vn -0.1740 -0.8186 0.5474
vn 0.1737 -0.8187 0.5474
vn 0.1741 -0.8188 0.5470
vn -0.4884 -0.2820 0.8258
vn -0.7250 -0.4186 0.5469
vn -0.7250 -0.4185 0.5470
vn -0.8501 -0.4907 0.1912
vn -0.8501 -0.4909 0.1909
vn -0.1982 -0.0209 0.9799
vn -0.5610 -0.0590 0.8257
vn -0.5609 -0.0589 0.8258
vn -0.8325 -0.0874 0.5470
vn -0.8326 -0.0875 0.5470
vn -0.9762 -0.1026 0.1912
vn -0.9762 -0.1026 0.1911
vn -0.0000 0.9816 0.1909
vn -0.3992 0.8968 0.1908
vn -0.3995 0.8966 0.1912
vn -0.3993 0.8967 0.1910
vn -0.7295 0.6568 0.1909
vn -0.7295 0.6568 0.1910
vn -0.9335 0.3033 0.1911
vn -0.9336 0.3033 0.1909
vn -0.0000 0.5641 0.8257
vn -0.0000 0.8371 0.5470
vn 0.0811 0.1821 0.9799
vn 0.2294 0.5151 0.8259
vn 0.2293 0.5154 0.8257
vn 0.3405 0.7647 0.5471
vn 0.3406 0.7644 0.5473
vn 0.3995 0.8966 0.1912
vn 0.3993 0.8967 0.1910
vn 0.8502 -0.4906 0.1912
vn 0.9762 -0.1026 0.1911
vn 0.9762 -0.1029 0.1908
vn 0.9762 -0.1026 0.1910
vn 0.9336 0.3033 0.1908
vn 0.9336 0.3034 0.1907
vn 0.7293 0.6570 0.1909
vn 0.7295 0.6569 0.1908
vn 0.3996 0.8965 0.1912
vn 0.1725 -0.0997 0.9799
vn 0.4883 -0.2822 0.8258
vn 0.4886 -0.2821 0.8257
vn 0.7250 -0.4186 0.5470
vn 0.7250 -0.4185 0.5469
vn 0.8501 -0.4907 0.1913
vn 0.8500 -0.4908 0.1914
vn 0.1172 -0.1613 0.9799
vn 0.3316 -0.4564 0.8257
vn 0.3316 -0.4562 0.8258
vn 0.4919 -0.6772 0.5472
vn 0.4921 -0.6772 0.5471
vn 0.5771 -0.7941 0.1909
vn 0.5768 -0.7942 0.1913
vn -0.8501 -0.4908 0.1909
vn -0.5770 -0.7941 0.1910
vn -0.5771 -0.7941 0.1909
vn -0.5768 -0.7943 0.1908
vn -0.2041 -0.9602 0.1908
vn -0.2041 -0.9601 0.1911
vn 0.2041 -0.9601 0.1910
vn 0.2039 -0.9602 0.1909
vn 0.5773 -0.7938 0.1911
vn 0.2322 -0.9719 -0.0383
vn 0.0555 -0.9983 -0.0153
vn -0.0093 -0.9998 -0.0150
vn 0.7499 -0.6546 -0.0951
vn 0.6690 -0.7430 -0.0191
vn 0.7805 -0.6251 0.0116
vn 0.6705 -0.7408 -0.0407
vn 0.5772 -0.8166 0.0059
vn 0.3088 -0.9511 0.0057
vn 0.5047 -0.8541 -0.1259
vn -0.1023 -0.9734 0.2051
vn 0.3568 -0.9283 -0.1045
vn 0.9005 -0.4343 -0.0214
vn 0.9132 -0.4066 -0.0286
vn 0.8999 -0.4352 -0.0286
vn 0.9126 -0.4064 -0.0437
vn 0.9861 -0.1634 0.0306
vn 0.9986 -0.0000 -0.0537
vn 0.9628 0.2580 0.0802
vn 0.9128 0.4063 -0.0402
vn 0.9129 0.4062 -0.0402
vn 0.7061 0.7061 0.0535
vn 0.6691 0.7432 -0.0000
vn 0.3091 0.9510 -0.0000
vn 0.2585 0.9645 0.0535
vn 0.2586 -0.9660 -0.0000
vn -0.2548 -0.9665 0.0290
vn -0.1046 -0.9944 -0.0151
vn -0.7067 -0.7069 0.0284
vn -0.5002 -0.8657 -0.0190
vn -0.4999 -0.8659 -0.0190
vn -0.9657 -0.2588 0.0189
vn -0.8090 -0.5877 -0.0142
vn -0.8088 -0.5879 -0.0142
vn -0.9657 0.2588 0.0188
vn -0.9781 0.2081 -0.0000
vn -0.9781 -0.2081 -0.0000
vn -0.4999 0.8659 -0.0190
vn -0.5002 0.8657 -0.0190
vn -0.7068 0.7068 0.0283
vn -0.8088 0.5879 -0.0142
vn -0.8089 0.5878 -0.0142
vn -0.1044 0.9937 -0.0402
vn -0.1045 0.9937 -0.0402
vn -0.1564 0.9877 -0.0000
vn -0.2580 0.9657 0.0285
vn -0.2589 0.9659 -0.0000
vn 0.1744 0.5364 -0.8258
vn -0.0996 0.1725 -0.9800
vn -0.1610 -0.1171 -0.9800
vn 0.0616 0.1895 -0.9800
vn 0.1333 0.1481 -0.9800
vn -0.1951 -0.0414 -0.9799
vn -0.1949 -0.0415 -0.9799
vn -0.1949 0.0414 -0.9799
vn -0.1950 0.0415 -0.9799
vn -0.1612 0.1173 -0.9799
vn -0.0874 0.8326 -0.5470
vn -0.0589 0.5610 -0.8257
vn -0.0591 0.5608 -0.8259
vn -0.0209 0.1981 -0.9800
vn -0.0208 0.1982 -0.9799
vn -0.5516 0.1173 -0.8258
vn -0.5517 0.1175 -0.8257
vn -0.5518 -0.1173 -0.8257
vn -0.5519 -0.1171 -0.8256
vn -0.4562 -0.3314 -0.8259
vn -0.4563 -0.3317 -0.8257
vn -0.2820 -0.4884 -0.8258
vn -0.0997 -0.1726 -0.9799
vn -0.0208 -0.1982 -0.9799
vn -0.0588 -0.5610 -0.8257
vn 0.1742 -0.5364 -0.8258
vn 0.2585 -0.7960 -0.5473
vn 0.5602 -0.6218 -0.5473
vn 0.6569 -0.7293 -0.1913
vn 0.8968 -0.3991 -0.1910
vn 0.0616 -0.1895 -0.9800
vn 0.1334 -0.1481 -0.9799
vn 0.3775 -0.4191 -0.8257
vn 0.5153 -0.2295 -0.8257
vn 0.7647 -0.3405 -0.5471
vn 0.8371 -0.0000 -0.5471
vn 0.1333 -0.1482 -0.9799
vn 0.1820 -0.0811 -0.9799
vn 0.5152 -0.2292 -0.8258
vn 0.5641 -0.0000 -0.8257
vn 0.7647 0.3405 -0.5471
vn 0.1992 -0.0000 -0.9800
vn 0.1820 0.0810 -0.9799
vn 0.5152 0.2294 -0.8258
vn 0.3774 0.4191 -0.8258
vn 0.5601 0.6221 -0.5470
vn 0.2586 0.7960 -0.5473
vn 0.3033 0.9335 -0.1911
vn -0.1026 0.9762 -0.1909
vn -0.8188 0.1741 -0.5471
vn -0.8188 0.1741 -0.5470
vn -0.8188 -0.1740 -0.5470
vn -0.8188 -0.1741 -0.5471
vn -0.6771 -0.4921 -0.5471
vn -0.6773 -0.4920 -0.5470
vn -0.4184 -0.7250 -0.5471
vn -0.4186 -0.7250 -0.5470
vn -0.0877 -0.8325 -0.5470
vn -0.4909 -0.8501 -0.1909
vn -0.4907 -0.8502 -0.1910
vn -0.1026 -0.9762 -0.1911
vn -0.1026 -0.9762 -0.1910
vn -0.1026 -0.9762 -0.1912
vn 0.3034 -0.9335 -0.1911
vn -0.1612 -0.1172 -0.9799
vn -0.2821 -0.4884 -0.8257
vn -0.0589 -0.5611 -0.8257
vn -0.0875 -0.8325 -0.5472
vn 0.2586 -0.7959 -0.5474
vn 0.3033 -0.9336 -0.1910
vn 0.6568 -0.7295 -0.1909
vn 0.8967 -0.3993 -0.1910
vn 0.8967 -0.3993 -0.1909
vn 0.5601 -0.6221 -0.5471
vn 0.3775 -0.4192 -0.8257
vn 0.1741 -0.5366 -0.8257
vn 0.0615 -0.1896 -0.9799
vn 0.6568 0.7295 -0.1909
vn 0.8968 0.3990 -0.1910
vn 0.8967 0.3993 -0.1909
vn 0.8968 0.3992 -0.1908
vn 0.9816 -0.0000 -0.1912
vn 0.1820 -0.0809 -0.9800
vn 0.5152 0.2295 -0.8257
vn 0.7648 0.3404 -0.5470
vn 0.5600 0.6220 -0.5473
vn 0.3034 0.9335 -0.1910
vn -0.1027 0.9762 -0.1911
vn -0.0875 0.8325 -0.5471
vn 0.2589 0.7961 -0.5470
vn 0.1744 0.5365 -0.8257
vn 0.3773 0.4193 -0.8257
vn 0.1333 0.1481 -0.9799
vn -0.4911 0.8499 -0.1909
vn -0.0996 0.1726 -0.9799
vn -0.2819 0.4885 -0.8258
vn -0.2819 0.4883 -0.8259
vn -0.4186 0.7251 -0.5468
vn -0.4187 0.7250 -0.5470
vn -0.4909 0.8500 -0.1910
vn -0.4908 0.8501 -0.1910
vn -0.1612 0.1171 -0.9799
vn -0.4564 0.3314 -0.8258
vn -0.4563 0.3317 -0.8257
vn -0.6773 0.4918 -0.5471
vn -0.6771 0.4919 -0.5473
vn -0.7941 0.5770 -0.1911
vn -0.7940 0.5771 -0.1910
vn -0.4908 -0.8501 -0.1910
vn -0.7940 -0.5771 -0.1910
vn -0.7941 -0.5770 -0.1910
vn -0.7943 -0.5768 -0.1909
vn -0.9602 -0.2040 -0.1908
vn -0.9601 -0.2042 -0.1911
vn -0.9602 0.2041 -0.1908
vn -0.9601 0.2043 -0.1908
vn -0.7942 0.5769 -0.1910
vn 0.0041 -0.8066 0.5911
vn -0.0000 -1.0000 0.0037
vn 0.0041 -0.8315 0.5555
vn 0.0060 -0.8077 0.5896
vn -0.0075 -0.9807 0.1952
vn 0.0226 -0.9281 0.3716
vn 0.0003 -0.9861 0.1659
vn -0.0000 -0.1951 0.9808
vn 0.0064 -0.1613 0.9869
vn -0.0178 -0.5553 0.8315
vn 0.0292 -0.1722 0.9846
vn 0.0136 -0.3452 0.9384
vn 0.0026 -0.4960 0.8683
vn 0.0026 -0.5557 0.8314
vn 0.0097 -0.5006 0.8656
vn -0.0123 -0.8314 0.5556
vn 0.0235 -0.6773 0.7353
vn 0.1947 -0.9804 0.0308
vn 0.1760 -0.9803 0.0897
vn 0.1393 -0.9804 0.1394
vn 0.0896 -0.9803 0.1759
vn 0.0309 -0.9803 0.1951
vn 0.0876 -0.8283 0.5534
vn 0.0878 -0.8281 0.5537
vn 0.0876 -0.8284 0.5533
vn 0.1951 -0.9803 0.0309
vn 0.5536 -0.8281 0.0877
vn 0.5532 -0.8284 0.0875
vn 0.1756 -0.9804 0.0894
vn 0.4994 -0.8282 0.2544
vn 0.4992 -0.8283 0.2544
vn 0.7437 -0.5507 0.3790
vn 0.7436 -0.5509 0.3789
vn 0.5534 -0.8283 0.0877
vn 0.8243 -0.5508 0.1306
vn 0.8244 -0.5507 0.1307
vn 0.8242 -0.5510 0.1305
vn 0.9692 -0.1924 0.1536
vn 0.1305 -0.5509 0.8243
vn 0.1306 -0.5508 0.8243
vn 0.1306 -0.5506 0.8245
vn 0.1535 -0.1928 0.9691
vn 0.1535 -0.1928 0.9692
vn 0.4455 -0.1927 0.8743
vn 0.0895 -0.9804 0.1756
vn 0.2545 -0.8281 0.4995
vn 0.2544 -0.8283 0.4992
vn 0.3789 -0.5508 0.7437
vn 0.4454 -0.1928 0.8743
vn 0.4456 -0.1929 0.8742
vn 0.3963 -0.8282 0.3963
vn 0.3962 -0.8283 0.3962
vn 0.5902 -0.5508 0.5901
vn 0.5902 -0.5508 0.5902
vn 0.6939 -0.1928 0.6938
vn 0.6938 -0.1927 0.6939
vn 0.9692 -0.1929 0.1534
vn 0.8741 -0.1929 0.4458
vn 0.8743 -0.1927 0.4455
vn 0.8743 -0.1929 0.4454
vn 0.6938 -0.1928 0.6939
vn 0.1948 -0.9809 -0.0000
vn 0.1953 -0.9807 -0.0000
vn 0.5553 -0.8316 -0.0000
vn 0.5554 -0.8316 -0.0000
vn 0.5557 -0.8314 -0.0000
vn 0.8314 -0.5557 -0.0000
vn 0.8316 -0.5554 -0.0000
vn 0.9809 -0.1948 -0.0000
vn 0.1535 -0.1928 -0.9692
vn 0.2544 -0.8282 -0.4993
vn 0.0308 -0.9804 -0.1947
vn 0.1951 -0.9803 -0.0309
vn 0.0896 -0.9803 -0.1759
vn 0.0897 -0.9803 -0.1760
vn 0.1396 -0.9803 -0.1396
vn 0.5536 -0.8281 -0.0877
vn 0.5535 -0.8282 -0.0877
vn 0.5534 -0.8283 -0.0877
vn 0.3965 -0.8281 -0.3964
vn 0.5902 -0.5509 -0.5901
vn 0.5903 -0.5508 -0.5901
vn 0.3789 -0.5508 -0.7437
vn 0.0876 -0.8282 -0.5535
vn 0.0876 -0.8283 -0.5533
vn 0.0876 -0.8284 -0.5533
vn 0.1305 -0.5509 -0.8243
vn 0.1756 -0.9804 -0.0894
vn 0.3962 -0.8283 -0.3962
vn 0.2545 -0.8281 -0.4995
vn 0.1306 -0.5508 -0.8243
vn 0.1306 -0.5510 -0.8242
vn 0.8243 -0.5508 -0.1306
vn 0.8244 -0.5507 -0.1307
vn 0.8242 -0.5510 -0.1305
vn 0.9691 -0.1929 -0.1536
vn 0.9692 -0.1925 -0.1534
vn 0.8743 -0.1929 -0.4454
vn 0.1759 -0.9803 -0.0896
vn 0.4992 -0.8283 -0.2544
vn 0.4993 -0.8282 -0.2545
vn 0.7436 -0.5509 -0.3790
vn 0.7437 -0.5507 -0.3790
vn 0.8743 -0.1927 -0.4455
vn 0.8741 -0.1929 -0.4458
vn 0.4454 -0.1927 -0.8744
vn 0.4454 -0.1928 -0.8743
vn 0.4455 -0.1927 -0.8743
vn 0.6938 -0.1930 -0.6938
vn 0.6938 -0.1928 -0.6939
vn -0.0000 -0.1584 -0.9874
vn 0.0044 -0.1951 -0.9808
vn 0.0064 -0.1616 -0.9868
vn -0.0076 -0.5554 -0.8316
vn 0.0031 -0.4529 -0.8916
vn 0.0054 -0.8610 -0.5085
vn 0.0105 -0.7383 -0.6744
vn 0.0105 -0.7384 -0.6743
vn 0.0346 -0.6203 -0.7836
vn 0.0076 -0.5557 -0.8314
vn -0.0189 -0.8314 -0.5553
vn -0.0000 -1.0000 -0.0037
vn 0.0002 -0.9966 -0.0823
vn 0.0110 -0.9525 -0.3045
vn 0.0054 -0.8611 -0.5084
vn 0.0047 -0.8314 -0.5556
vn -0.0076 -0.9808 -0.1951
vn -0.0000 -0.9848 0.1737
vn -0.0000 -0.9848 -0.1737
vn -0.0000 -0.8660 -0.5000
vn -0.0000 -0.6428 -0.7661
vn -0.0000 -0.3420 -0.9397
vn -0.0000 0.3420 -0.9397
vn -0.0000 0.6428 -0.7660
vn -0.0000 0.8660 -0.5000
vn -0.0000 0.9848 -0.1736
vn -0.0000 0.9848 0.1736
vn -0.0000 0.8660 0.5000
vn -0.0000 0.6428 0.7660
vn -0.0000 0.3420 0.9397
vn -0.0000 -0.3420 0.9397
vn -0.0000 -0.6428 0.7661
vn -0.0000 -0.8660 0.5000
vn -0.0000 0.1951 -0.9808
vn -0.0000 0.5556 -0.8315
vn -0.0000 0.8315 -0.5556
vn -0.0000 0.9808 -0.1951
vn -0.0000 0.1951 0.9808
vn -0.0000 0.5556 0.8315
vn -0.0000 0.8315 0.5556
vn -0.0000 0.9808 0.1951
vn -0.0003 -1.0000 -0.0000
vn 0.1120 -0.0000 0.9937
vn 0.1182 -0.0002 0.9930
vn 0.3303 0.0002 0.9439
vn 0.3480 -0.0001 0.9375
vn 0.3302 -0.0001 0.9439
vn 0.5320 -0.0030 0.8467
vn 0.3480 0.0059 0.9375
vn 0.7074 -0.0058 0.7068
vn 0.5585 0.0004 0.8295
vn 0.7071 0.0004 0.7071
vn 0.5582 0.0054 0.8297
vn 0.7376 -0.0006 0.6752
vn 0.8467 0.0006 0.5320
vn 0.8754 -0.0003 0.4834
vn 0.8467 -0.0003 0.5321
vn 0.8755 -0.0008 0.4832
vn 0.9439 0.0007 0.3303
vn 0.9633 -0.0007 0.2682
vn 0.9818 -0.0000 0.1897
vn 0.8588 -0.1935 0.4743
vn 0.3414 -0.1938 0.9197
vn 0.1098 -0.9805 0.1631
vn 0.0683 -0.9805 0.1841
vn 0.9581 -0.1042 0.2668
vn 0.9390 -0.1943 0.2837
vn 0.8998 -0.3671 0.2357
vn 0.8996 -0.3676 0.2356
vn 0.7951 -0.5542 0.2464
vn 0.7316 -0.6540 0.1924
vn 0.7312 -0.6545 0.1923
vn 0.5289 -0.8309 0.1726
vn 0.4733 -0.8719 0.1258
vn 0.2130 -0.9717 0.1023
vn 0.2906 -0.9550 0.0589
vn 0.2063 -0.9756 0.0748
vn 0.4736 -0.8717 0.1259
vn 0.2057 -0.9600 0.1899
vn 0.2133 -0.9717 0.1020
vn 0.2132 -0.9716 0.1024
vn 0.1450 -0.9805 0.1328
vn 0.1658 -0.9807 0.1034
vn 0.0233 -0.9805 0.1953
vn 0.0232 -0.9805 0.1953
vn 0.0660 -0.8296 0.5544
vn 0.0659 -0.8298 0.5542
vn 0.0660 -0.8295 0.5545
vn 0.0985 -0.5527 0.8275
vn 0.0984 -0.5529 0.8274
vn 0.1160 -0.1937 0.9742
vn 0.0685 -0.9805 0.1844
vn 0.1943 -0.8298 0.5232
vn 0.1942 -0.8297 0.5233
vn 0.2900 -0.5528 0.7812
vn 0.2900 -0.5529 0.7812
vn 0.5475 -0.1937 0.8140
vn 0.1098 -0.9805 0.1632
vn 0.3117 -0.8297 0.4631
vn 0.3117 -0.8298 0.4629
vn 0.4653 -0.5529 0.6912
vn 0.4653 -0.5528 0.6913
vn 0.5479 -0.1937 0.8138
vn 0.5479 -0.1938 0.8138
vn 0.4117 -0.8297 0.3769
vn 0.6146 -0.5530 0.5626
vn 0.6146 -0.5529 0.5627
vn 0.7236 -0.1936 0.6625
vn 0.7236 -0.1937 0.6625
vn 0.1818 -0.9782 0.1003
vn 0.4887 -0.8298 0.2696
vn 0.4887 -0.8297 0.2697
vn 0.7295 -0.5529 0.4027
vn 0.7295 -0.5530 0.4026
vn 0.8589 -0.1938 0.4740
vn 0.9449 0.2858 0.1595
vn 0.0060 1.0000 0.0014
vn 0.0100 0.9999 0.0011
vn 0.0241 0.9997 0.0095
vn 0.3270 0.9404 0.0931
vn 0.3272 0.9403 0.0932
vn 0.1940 0.9766 0.0929
vn 0.0255 0.9996 0.0089
vn 0.0879 0.9939 0.0663
vn 0.6235 0.7818 0.0036
vn 0.6236 0.7817 0.0036
vn 0.4963 0.8462 0.1938
vn 0.8556 0.4258 0.2944
vn 0.8128 0.5629 0.1499
vn 0.9437 0.1001 0.3153
vn 0.1106 0.1555 0.9816
vn 0.3263 0.1555 0.9324
vn 0.3262 0.1555 0.9324
vn 0.5256 0.1555 0.8364
vn 0.6986 0.1555 0.6984
vn 0.6985 0.1554 0.6986
vn 0.6985 0.1554 0.6985
vn 0.8364 0.1554 0.5256
vn 0.8364 0.1555 0.5257
vn 0.9324 0.1555 0.3262
vn 0.9324 0.1556 0.3262
vn 0.9698 0.1564 0.1874
vn 0.9449 0.2857 0.1595
vn 0.8604 0.4537 0.2323
vn 0.8422 0.4517 0.2946
vn 0.8421 0.4518 0.2947
vn 0.7554 0.4518 0.4746
vn 0.7554 0.4517 0.4746
vn 0.6308 0.4517 0.6309
vn 0.4747 0.4517 0.7554
vn 0.4747 0.4518 0.7554
vn 0.2946 0.4517 0.8421
vn 0.0794 0.7049 0.7049
vn 0.0999 0.4517 0.8865
vn 0.0999 0.4517 0.8866
vn 0.7381 0.6522 0.1728
vn 0.6453 0.6981 0.3101
vn 0.6695 0.7049 0.2343
vn 0.6696 0.7048 0.2343
vn 0.6006 0.7049 0.3774
vn 0.5015 0.7049 0.5016
vn 0.5016 0.7048 0.5016
vn 0.3774 0.7048 0.6006
vn 0.3773 0.7049 0.6006
vn 0.2343 0.7049 0.6695
vn 0.0511 0.8898 0.4534
vn 0.4331 0.8398 0.3273
vn 0.2414 0.6941 0.6782
vn 0.4642 0.8707 0.1624
vn 0.4200 0.8907 0.1739
vn 0.3863 0.8898 0.2428
vn 0.3226 0.8898 0.3226
vn 0.3226 0.8899 0.3226
vn 0.2427 0.8899 0.3863
vn 0.2428 0.8898 0.3863
vn 0.1507 0.8898 0.4307
vn 0.1442 0.9842 0.1028
vn 0.1190 0.9864 0.1130
vn 0.1333 0.9875 0.0837
vn 0.1332 0.9875 0.0838
vn 0.1113 0.9875 0.1113
vn 0.0837 0.9875 0.1333
vn 0.0520 0.9875 0.1486
vn 0.0176 0.9875 0.1564
vn -0.0000 -0.7571 -0.6533
vn -0.0000 -0.3643 -0.9313
vn -0.0000 0.1128 -0.9936
vn -0.0000 0.5638 -0.8259
vn -0.0000 0.8842 -0.4670
vn -0.0000 0.8842 0.4670
vn -0.0000 0.5638 0.8259
vn -0.0000 0.1128 0.9936
vn -0.0000 -0.3643 0.9313
vn -0.0000 -0.7571 0.6533
vn -0.0000 0.7571 0.6533
vn -0.0000 0.3643 0.9313
vn -0.0000 -0.1128 0.9936
vn -0.0000 -0.5638 0.8259
vn -0.0000 -0.8842 0.4670
vn -0.0000 -0.8842 -0.4670
vn -0.0000 -0.5638 -0.8259
vn -0.0000 -0.1128 -0.9936
vn -0.0000 0.3643 -0.9313
vn -0.0000 0.7571 -0.6533
vn -0.0000 0.1826 0.9832
vn -0.0000 0.5234 0.8521
vn -0.0000 0.7945 0.6072
vn -0.0000 -0.7945 0.6072
vn -0.0000 -0.5234 0.8521
vn -0.0000 -0.1826 0.9832
vn -0.0000 -0.1826 -0.9832
vn -0.0000 -0.5234 -0.8521
vn -0.0000 -0.7945 -0.6072
vn -0.0000 0.7945 -0.6072
vn -0.0000 0.5234 -0.8521
vn -0.0000 0.1826 -0.9832
vn -0.0000 -0.2588 -0.9659
vn -0.0000 -0.7071 -0.7071
vn -0.0000 -0.9659 -0.2588
vn -0.0000 -0.9659 0.2588
vn -0.0000 -0.7071 0.7071
vn -0.0000 -0.2588 0.9659
vn 1.0000 -0.0000 0.0002
vn -0.0000 -0.0030 1.0000
vn 0.0002 -0.4541 0.8910
vn -0.0004 -0.5018 0.8650
vn 0.0034 -0.1564 0.9877
vn -0.0156 -0.4913 0.8708
vn -0.0001 -0.1664 0.9861
vn -0.0007 -0.7071 0.7071
vn -0.0029 -0.7729 0.6345
vn 0.0060 -0.4540 0.8910
vn -0.0162 -0.7674 0.6409
vn 0.0002 -0.5030 0.8643
vn -0.0003 -0.8910 0.4540
vn -0.0027 -0.9197 0.3926
vn 0.0101 -0.7071 0.7070
vn -0.0113 -0.9183 0.3957
vn -0.0007 -0.7737 0.6336
vn -0.0000 -0.9877 0.1564
vn -0.0071 -0.9999 0.0075
vn 0.0137 -0.8908 0.4541
vn -0.0046 -0.9891 0.1475
vn -0.0002 -0.9200 0.3920
vn -0.0000 0.1564 0.9877
vn 0.0077 0.2588 0.9659
vn -0.0026 0.8910 0.4541
vn 0.0051 0.7071 0.7071
vn -0.0026 0.4541 0.8910
vn -0.0026 0.4540 0.8910
vn -0.0026 0.8910 0.4540
vn 0.0077 0.9659 0.2588
vn -0.0000 0.9877 0.1564
vn -0.0000 0.0001 -1.0000
vn 0.5748 0.0501 -0.8168
vn 0.1213 -0.0211 -0.9924
vn 0.3843 0.0199 -0.9230
vn 0.1624 0.0002 -0.9867
vn 0.0028 -0.0000 -1.0000
vn 0.1215 -0.0211 -0.9924
vn 0.3133 -0.0050 -0.9497
vn 0.3133 -0.0050 -0.9496
vn 0.7437 0.0134 -0.6684
vn 0.4546 -0.0003 -0.8907
vn 0.4543 -0.0003 -0.8908
vn 0.6132 -0.0003 -0.7900
vn 0.6129 -0.0003 -0.7901
vn 0.9808 -0.0000 -0.1950
vn 0.9987 0.0172 -0.0486
vn 0.8310 -0.0310 -0.5554
vn 0.9730 0.0142 -0.2306
vn 0.4819 -0.0199 -0.8760
vn 0.6140 -0.0049 -0.7893
vn 0.8638 0.0058 -0.5038
vn 0.8314 0.0013 -0.5557
vn 0.8651 0.0013 -0.5015
vn 0.8653 0.0013 -0.5012
vn 0.9073 0.0034 0.4204
vn 0.8314 -0.0068 0.5556
vn 0.9887 0.0054 0.1499
vn 0.9808 -0.0000 0.1950
vn 0.4588 -0.0027 0.8885
vn 0.6172 0.0027 0.7868
vn 0.7473 0.0109 0.6644
vn 0.6080 -0.1301 0.7832
vn 0.6070 -0.0146 0.7946
vn 0.8314 0.0053 0.5557
vn 0.9074 0.0034 0.4202
vn 0.9074 0.0034 0.4203
vn 0.4459 -0.0027 0.8951
vn 0.0024 -0.0000 1.0000
vn 0.2751 -0.0095 0.9614
vn 0.2743 -0.0096 0.9616
vn 0.4482 0.0091 0.8939
vn 0.0832 -0.0062 0.9965
vn 0.2359 0.0068 0.9718
vn 0.0907 0.0001 0.9959
vn 0.0001 0.9659 0.2588
vn -0.0040 0.9275 0.3738
vn -0.0000 0.9905 0.1376
vn -0.0028 0.6766 0.7363
vn -0.0001 0.8087 0.5882
vn 0.0001 0.9195 0.3930
vn -0.0096 0.5061 0.8624
vn 0.0005 0.7071 0.7071
vn 0.0005 0.4682 0.8836
vn -0.0011 -0.1598 0.9872
vn 0.0006 0.0155 0.9999
vn 0.0006 0.2588 0.9659
vn -0.0094 0.0494 0.9987
vn -0.0024 0.2579 0.9662
vn -0.0030 -0.7015 0.7127
vn 0.0007 -0.5312 0.8472
vn 0.0007 -0.2588 0.9659
vn -0.0139 -0.5044 0.8634
vn -0.0046 -0.3153 0.9490
vn -0.0036 -0.9660 0.2584
vn -0.0010 -0.9252 0.3795
vn 0.0005 -0.8672 0.4980
vn 0.0005 -0.7071 0.7071
vn -0.0144 -0.8588 0.5120
vn -0.0084 -0.7883 0.6152
vn -0.0004 -0.9126 -0.4088
vn -0.0021 -0.9438 -0.3306
vn -0.0048 -0.9747 -0.2235
vn -0.0106 -0.9947 -0.1024
vn -0.0019 -0.9659 -0.2588
vn 0.0005 -0.9997 0.0228
vn 0.0005 -0.9659 0.2588
vn -0.0144 -0.9996 0.0236
vn -0.0086 -0.9898 0.1425
vn 0.0002 -0.4527 -0.8916
vn -0.0003 -0.6083 -0.7937
vn -0.0047 -0.7303 -0.6831
vn -0.0033 -0.7071 -0.7071
vn 0.0004 -0.8351 -0.5502
vn 0.0004 -0.8351 -0.5501
vn -0.0026 -0.2588 -0.9659
vn -0.0028 -0.2616 -0.9652
vn 0.0007 -0.0311 -0.9995
vn 0.0006 0.2588 -0.9659
vn -0.0113 0.0082 -0.9999
vn 0.0006 0.4680 -0.8838
vn 0.0006 0.4679 -0.8838
vn -0.0027 0.2349 -0.9720
vn -0.0000 0.9249 -0.3803
vn -0.0000 0.7071 -0.7071
vn -0.0049 0.8017 -0.5977
vn -0.0009 0.6425 -0.7662
vn -0.0000 1.0000 0.0028
vn -0.0000 1.0000 -0.0028
vn -0.0001 0.9659 -0.2588
vn -0.0045 0.9945 -0.1048
vn -0.0000 0.9254 -0.3790
vn 0.0009 -0.0673 0.9977
vn -0.0040 0.9737 0.2280
vn -0.0002 0.7976 0.6032
vn -0.0000 0.8738 0.4863
vn -0.0000 0.9659 0.2588
vn -0.0190 0.8796 0.4752
vn -0.0097 0.9324 0.3613
vn 0.0008 0.2588 0.9659
vn -0.0281 -0.0392 0.9988
vn -0.0137 0.1297 0.9915
vn -0.0030 0.2996 0.9541
vn -0.0001 0.4501 0.8930
vn 0.0002 0.5890 0.8081
vn 0.0002 0.7071 0.7071
vn -0.0124 0.5990 0.8007
vn -0.0055 0.7068 0.7074
vn -0.0010 -0.6030 0.7977
vn 0.0009 -0.4416 0.8972
vn 0.0009 -0.2588 0.9659
vn -0.0184 -0.4286 0.9033
vn -0.0059 -0.2550 0.9669
vn -0.0009 -0.9292 0.3695
vn 0.0003 -0.8498 0.5270
vn 0.0003 -0.7071 0.7071
vn -0.0245 -0.8445 0.5350
vn -0.0088 -0.7400 0.6726
vn 0.0012 -0.9659 0.2588
vn -0.0238 -0.9987 0.0444
vn -0.0104 -0.9775 0.2107
vn -0.0015 -0.9222 -0.3867
vn -0.0077 -0.9722 -0.2340
vn -0.0055 -0.9659 -0.2588
vn -0.0009 -0.9954 -0.0956
vn 0.0012 -0.9991 0.0435
vn -0.0017 -0.6384 -0.7697
vn -0.0110 -0.7498 -0.6616
vn -0.0060 -0.7071 -0.7071
vn 0.0013 -0.8482 -0.5297
vn -0.0041 -0.2082 -0.9781
vn -0.0120 -0.3576 -0.9338
vn -0.0016 -0.2588 -0.9659
vn 0.0002 -0.5104 -0.8599
vn 0.0002 -0.5103 -0.8600
vn -0.0032 0.2939 -0.9558
vn -0.0134 0.1355 -0.9907
vn -0.0029 0.2588 -0.9659
vn 0.0011 -0.0496 -0.9988
vn -0.0024 0.7563 -0.6542
vn -0.0107 0.6202 -0.7844
vn -0.0008 0.7071 -0.7071
vn 0.0002 0.4609 -0.8874
vn 0.0002 0.4607 -0.8875
vn -0.0000 0.9954 0.0961
vn -0.0000 1.0000 -0.0051
vn -0.0001 0.9978 -0.0666
vn -0.0031 0.9746 -0.2238
vn -0.0103 0.9331 -0.3594
vn -0.0035 0.9659 -0.2588
vn 0.0009 0.8650 -0.5018
vn 0.0009 0.8649 -0.5019
vn -0.0000 0.9857 -0.1683
vn 0.0073 0.9659 -0.2588
vn -0.0011 0.3810 -0.9246
vn 0.0014 0.6633 -0.7484
vn 0.0066 0.7071 -0.7071
vn -0.0033 0.8741 -0.4858
vn -0.0033 0.8740 -0.4859
vn -0.0000 0.1127 -0.9936
vn 0.0078 0.2588 -0.9659
vn -0.0113 -0.9889 -0.1484
vn 0.0160 -0.8739 -0.4858
vn -0.0083 -0.9999 -0.0075
vn -0.0000 -0.9857 -0.1683
vn -0.0021 -0.8741 -0.4858
vn -0.0021 -0.9204 -0.3909
vn -0.0021 -0.9197 -0.3926
vn -0.0081 -0.7708 -0.6371
vn -0.0080 -0.7704 -0.6376
vn 0.0289 -0.3808 -0.9242
vn 0.0055 -0.6632 -0.7484
vn 0.0015 -0.1680 -0.9858
vn -0.0035 -0.5003 -0.8658
vn 0.0020 -0.3810 -0.9246
vn 0.0021 -0.5038 -0.8638
vn 0.0021 -0.5044 -0.8635
vn -0.0000 -0.1127 -0.9936
vn -0.0034 0.0002 -1.0000
vn -0.0261 -0.0000 -0.9997
vn -0.5661 -0.0026 -0.8243
vn -0.6025 -0.0056 -0.7981
vn -0.5884 -0.0042 -0.8085
vn -0.5752 -0.0033 -0.8180
vn -0.4587 0.0081 -0.8885
vn -0.5394 0.0014 -0.8420
vn -0.6241 -0.0008 -0.7813
vn -0.5127 -0.0102 -0.8585
vn -0.5016 -0.0219 -0.8648
vn -0.5397 -0.0005 -0.8419
vn -0.5404 -0.0000 -0.8414
vn -0.6021 0.0001 -0.7984
vn -0.6620 -0.0000 -0.7495
vn -0.6245 -0.0000 -0.7810
vn -0.6562 -0.0003 -0.7546
vn -0.9999 -0.0039 0.0095
vn -0.9964 0.0003 -0.0848
vn -0.9863 -0.0003 -0.1648
vn -0.9840 0.0002 -0.1782
vn -0.9863 0.0002 -0.1648
vn -0.9840 0.0003 -0.1782
vn -0.9710 -0.0002 -0.2393
vn -0.9681 0.0001 -0.2504
vn -0.9500 -0.0002 -0.3122
vn -0.9467 0.0003 -0.3221
vn -0.9166 -0.0003 -0.3999
vn -0.9122 -0.0002 -0.4097
vn -0.9166 -0.0002 -0.3999
vn -0.9121 0.0003 -0.4099
vn -0.8749 -0.0003 -0.4844
vn -0.8697 0.0002 -0.4936
vn -0.8749 0.0002 -0.4842
vn -0.8696 0.0002 -0.4937
vn -0.8348 -0.0001 -0.5506
vn -0.8310 -0.0000 -0.5563
vn -0.7900 -0.0001 -0.6131
vn -0.7878 0.0001 -0.6160
vn -0.7291 -0.0001 -0.6844
vn -0.7507 -0.0003 -0.6606
vn -0.7291 -0.0003 -0.6844
vn -0.7508 -0.0017 -0.6605
vn -0.6620 0.0031 -0.7495
vn -0.7264 -0.0049 -0.6873
vn -0.6910 -0.0018 -0.7229
vn -0.7171 0.0002 0.6969
vn -0.7744 -0.0004 0.6328
vn -0.9975 -0.0002 -0.0708
vn -1.0000 0.0003 0.0095
vn -0.9997 -0.0003 0.0229
vn -0.9964 0.0002 0.0849
vn -0.9952 -0.0001 0.0977
vn -0.9964 -0.0001 0.0849
vn -0.9952 -0.0002 0.0976
vn -0.9872 0.0003 0.1593
vn -0.9851 -0.0003 0.1723
vn -0.9680 0.0003 0.2510
vn -0.9644 -0.0001 0.2643
vn -0.9680 -0.0001 0.2511
vn -0.9644 -0.0003 0.2643
vn -0.9399 0.0003 0.3413
vn -0.9353 -0.0003 0.3539
vn -0.9118 0.0002 0.4105
vn -0.9068 -0.0001 0.4217
vn -0.9119 -0.0001 0.4105
vn -0.8788 0.0003 0.4771
vn -0.8730 -0.0003 0.4878
vn -0.8303 0.0003 0.5573
vn -0.8232 -0.0001 0.5678
vn -0.8303 -0.0001 0.5573
vn -0.8232 -0.0003 0.5678
vn -0.7664 0.0004 0.6423
vn -0.4468 -0.0185 0.8944
vn -0.6638 0.0042 0.7479
vn -0.5906 -0.0001 0.8070
vn -0.5357 -0.0098 0.8444
vn -0.5546 -0.0079 0.8321
vn -0.5680 -0.0066 0.8230
vn -0.5847 -0.0051 0.8112
vn -0.6054 -0.0035 0.7959
vn -0.6313 -0.0018 0.7755
vn -0.6658 -0.0004 0.7461
vn -0.7007 -0.0002 0.7135
vn -0.6639 -0.0002 0.7479
vn -0.7006 0.0002 0.7135
vn -0.7171 -0.0000 0.6970
vn -0.7006 -0.0000 0.7136
vn -0.7308 -0.0004 0.6826
vn -0.4747 -0.0017 0.8801
vn -0.5134 -0.0039 0.8582
vn -0.3826 0.0067 0.9239
vn -0.4490 0.0022 0.8935
vn -0.5454 -0.0000 0.8382
vn -0.5433 -0.0001 0.8395
vn -0.5453 -0.0001 0.8383
vn -0.5906 0.0007 0.8070
vn -0.5131 -0.0004 0.8583
vn -0.4197 -0.0003 0.9076
vn -0.4196 -0.0003 0.9077
vn -0.4450 -0.0008 0.8955
vn -0.2790 -0.1139 0.9535
vn -0.1553 -0.3125 0.9371
vn -0.3210 -0.0590 0.9452
vn -0.3400 -0.0004 0.9404
vn -0.2735 -0.0052 0.9619
vn -0.3825 0.0030 0.9239
vn -0.2496 -0.0020 0.9683
vn -0.3286 -0.0013 0.9445
vn -0.3272 -0.0052 0.9450
vn -0.3225 -0.0104 0.9465
vn -0.3233 -0.0174 0.9461
vn -0.3125 -0.0506 0.9486
vn -0.2947 0.0002 0.9556
vn -0.2047 -0.0000 0.9788
vn -0.2489 -0.0000 0.9685
vn -0.2085 -0.0003 0.9780
vn -0.1324 -0.0002 0.9912
vn -0.1000 0.0001 0.9950
vn -0.2048 0.0011 0.9788
vn -0.1495 -0.0024 0.9888
vn -0.1807 -0.0012 0.9835
vn -0.0264 -0.0000 0.9997
vn -0.0637 -0.0010 0.9980
vn -0.0067 0.0011 1.0000
vn -0.0998 -0.0017 0.9950
vn -0.0596 -0.0004 0.9982
vn -0.3146 -0.0001 -0.9492
vn -0.2891 -0.0005 -0.9573
vn -0.2712 -0.0010 -0.9625
vn -0.2492 -0.0018 -0.9684
vn -0.2089 -0.0039 -0.9779
vn -0.1812 -0.0060 -0.9834
vn -0.3739 0.0101 -0.9274
vn -0.0631 -0.0010 -0.9980
vn -0.0466 -0.0003 -0.9989
vn -0.0996 0.0001 -0.9950
vn -0.1394 -0.0005 -0.9902
vn -0.1494 -0.0003 -0.9888
vn -0.1394 -0.0003 -0.9902
vn -0.1493 -0.0002 -0.9888
vn -0.2301 0.0003 -0.9732
vn -0.3029 0.0041 -0.9530
vn -0.4074 -0.0016 -0.9133
vn -0.5578 -0.0021 -0.8300
vn -0.5240 -0.0003 -0.8517
vn -0.4588 -0.0003 -0.8885
vn -0.5045 -0.0023 -0.8634
vn -0.3740 0.0033 -0.9274
vn -0.4674 -0.0054 -0.8840
vn -0.4353 -0.0031 -0.9003
vn -0.3816 -0.0007 -0.9243
vn -0.3604 -0.0002 -0.9328
vn -0.3442 -0.0001 -0.9389
vn -0.3288 -0.0015 -0.9444
vn -0.3291 -0.0000 -0.9443
vn -0.3312 -0.0000 -0.9436
vn -0.3354 -0.0000 -0.9421
vn -0.1142 -0.0000 0.9935
vn -0.1796 0.0288 0.9833
vn -0.2786 0.0032 0.9604
vn -0.4345 -0.0050 0.9007
vn -0.5156 0.0282 0.8564
vn -0.5790 0.0073 0.8153
vn -0.8649 -0.0000 0.5020
vn -0.8155 0.0112 0.5786
vn -0.7104 0.0593 0.7013
vn -0.7850 0.0243 0.6190
vn -0.7044 -0.0082 0.7097
vn -0.7045 -0.0082 0.7097
vn -0.0774 -0.0000 0.9970
vn -0.2303 -0.0000 0.9731
vn -0.4232 -0.0000 0.9060
vn -0.6376 -0.0000 0.7704
vn -0.9974 -0.0000 -0.0721
vn -0.9125 -0.0000 0.4090
vn -0.9779 -0.0000 0.2091
vn -0.9397 -0.0050 0.3421
vn -0.7176 -0.0000 0.6965
vn -0.9125 -0.0000 -0.4090
vn -0.9778 -0.0144 -0.2091
vn -0.9397 -0.0000 -0.3421
vn -0.9974 -0.0000 0.0721
vn -0.7176 -0.0000 -0.6965
vn -0.6376 -0.0000 -0.7704
vn -0.4232 -0.0000 -0.9060
vn -0.2303 -0.0000 -0.9731
vn -0.0774 -0.0000 -0.9970
vn 0.0250 -0.0000 0.9997
vn 0.1365 -0.0000 0.9906
vn 0.3108 -0.0000 0.9505
vn 0.4794 -0.0000 0.8776
vn 0.6324 -0.0000 0.7746
vn 0.7580 -0.0000 0.6523
vn 0.8607 -0.0000 0.5091
vn 0.9403 -0.0000 0.3403
vn 0.9873 -0.0000 0.1586
vn 0.9996 -0.0000 -0.0283
vn 0.9766 -0.0000 -0.2149
vn 0.9194 -0.0000 -0.3934
vn 0.8300 -0.0000 -0.5578
vn 0.7260 -0.0000 -0.6876
vn 0.6027 -0.0000 -0.7979
vn 0.4447 -0.0000 -0.8957
vn 0.2724 -0.0000 -0.9622
vn 0.0916 -0.0000 -0.9958
vn -0.9271 -0.0000 -0.3748
vn -0.9971 -0.0029 -0.0765
vn -0.9984 -0.0066 -0.0561
vn -1.0000 0.0001 -0.0016
vn -1.0000 0.0001 -0.0015
vn -1.0000 0.0001 -0.0018
vn -0.9979 -0.0017 -0.0641
vn -0.9997 -0.0171 -0.0157
vn -0.9995 -0.0134 -0.0276
vn -0.9992 -0.0106 -0.0385
vn -0.9988 -0.0083 -0.0477
vn -0.9980 -0.0052 -0.0629
vn -0.9980 -0.0052 -0.0630
vn -0.9975 -0.0040 -0.0700
vn -0.9952 -0.0009 -0.0983
vn -0.9952 -0.0009 -0.0981
vn -0.9963 0.0035 -0.0858
vn -0.9968 0.0062 -0.0791
vn -0.9973 0.0089 -0.0726
vn -0.9973 0.0089 -0.0727
vn -0.9977 0.0122 -0.0663
vn -0.9982 0.0165 -0.0583
vn -0.9985 0.0224 -0.0497
vn -0.9988 0.0304 -0.0387
vn -0.9979 0.0078 -0.0641
vn -0.9999 0.0010 -0.0156
vn -0.9976 0.0109 0.0687
vn -0.9987 0.0273 0.0427
vn -0.9984 0.0202 0.0529
vn -0.9980 0.0149 0.0611
vn -1.0000 -0.0000 -0.0068
vn -1.0000 -0.0000 0.0086
vn -0.9979 0.0077 0.0641
vn -0.9988 0.0375 0.0308
vn -0.9987 0.0273 0.0426
vn -0.9972 0.0080 0.0747
vn -0.9972 0.0079 0.0748
vn -0.9967 0.0052 0.0814
vn -0.9960 0.0023 0.0890
vn -0.9960 0.0023 0.0891
vn -0.9943 -0.0037 0.1063
vn -0.9973 -0.0034 0.0738
vn -0.9977 -0.0044 0.0675
vn -0.9981 -0.0057 0.0605
vn -0.9981 -0.0056 0.0606
vn -0.9985 -0.0071 0.0535
vn -0.9990 -0.0091 0.0445
vn -0.9990 -0.0090 0.0447
vn -0.9993 -0.0115 0.0350
vn -0.9996 -0.0146 0.0236
vn -0.9979 -0.0017 0.0641
vn -1.0000 -0.0001 0.0087
vn -0.9954 -0.0000 -0.0956
vn -0.9816 -0.0000 -0.1912
vn -0.9954 -0.0000 0.0954
vn -0.9816 -0.0000 0.1912
vn -0.9271 -0.0000 0.3748
vn 0.0033 -0.5057 -0.8627
vn 0.0032 -0.9997 -0.0249
vn 0.0026 -0.5554 0.8316
vn 0.0020 0.0852 0.9964
vn -0.0083 0.9536 0.3009
vn -0.0122 0.9659 0.2587
vn -0.0023 0.8007 0.5991
vn 0.0029 0.8898 0.4564
vn 0.0029 0.8897 0.4566
vn -0.0113 0.6886 0.7251
vn -0.0074 0.7071 0.7071
vn -0.0006 0.5573 0.8303
vn 0.0020 0.0851 0.9964
vn -0.0112 0.2510 0.9679
vn -0.0120 0.2588 0.9659
vn 0.0015 0.4102 0.9120
vn 0.0015 0.4101 0.9120
vn 0.0026 -0.5553 0.8317
vn -0.0017 -0.4081 0.9129
vn -0.0092 -0.2588 0.9659
vn -0.0079 -0.2492 0.9684
vn -0.0011 -0.0834 0.9965
vn 0.0032 -0.9996 -0.0298
vn -0.0033 -0.9903 0.1387
vn -0.0108 -0.9659 0.2588
vn -0.0050 -0.9530 0.3030
vn -0.0002 -0.8887 0.4584
vn 0.0007 -0.7990 0.6013
vn 0.0007 -0.7071 0.7071
vn -0.0250 -0.7983 0.6018
vn -0.0095 -0.6867 0.7269
vn 0.0002 -0.8602 -0.5100
vn -0.0010 -0.9335 -0.3586
vn -0.0120 -0.9659 -0.2587
vn -0.0069 -0.9804 -0.1971
vn 0.0032 -0.9995 -0.0298
vn 0.0033 -0.5060 -0.8625
vn -0.0053 -0.6431 -0.7657
vn -0.0116 -0.7071 -0.7070
vn -0.0024 -0.7626 -0.6469
vn 0.0001 -0.8600 -0.5103
vn 0.0001 -0.0238 -0.9997
vn 0.0001 -0.0240 -0.9997
vn -0.0046 -0.2588 -0.9659
vn -0.0160 -0.1914 -0.9814
vn -0.0045 -0.3538 -0.9353
vn 0.0030 0.4633 -0.8862
vn 0.0030 0.4631 -0.8863
vn -0.0109 0.2588 -0.9659
vn -0.0171 0.3076 -0.9514
vn -0.0004 0.1441 -0.9896
vn 0.0013 0.9149 -0.4036
vn -0.0005 0.8343 -0.5512
vn -0.0070 0.7071 -0.7071
vn -0.0120 0.7297 -0.6837
vn -0.0027 0.6049 -0.7963
vn -0.0000 0.9907 0.1364
vn -0.0000 0.9943 -0.1069
vn -0.0119 0.9659 -0.2587
vn -0.0135 0.9696 -0.2444
vn 0.0012 0.9150 -0.4034
vn 0.9808 -0.0000 0.1951
vn 0.8315 -0.0000 0.5556
vn 0.5556 -0.0000 0.8315
vn 0.1951 -0.0000 0.9808
vn 0.1183 -0.0000 -0.9930
vn 0.1120 -0.0002 -0.9937
vn 0.3482 0.0002 -0.9374
vn 0.3303 -0.0001 -0.9439
vn 0.3482 -0.0001 -0.9374
vn 0.3302 -0.0004 -0.9439
vn 0.5586 0.0005 -0.8294
vn 0.5320 -0.0007 -0.8467
vn 0.7072 0.0004 -0.7070
vn 0.5587 0.0004 -0.8294
vn 0.7071 0.0005 -0.7071
vn 0.7378 -0.0006 -0.6751
vn 0.8758 0.0010 -0.4827
vn 0.8467 -0.0003 -0.5320
vn 0.8757 -0.0003 -0.4829
vn 0.8466 -0.0013 -0.5322
vn 0.9635 0.0013 -0.2677
vn 0.9439 -0.0014 -0.3303
vn 0.9819 -0.0000 -0.1895
vn 0.1265 -0.9920 -0.0000
vn 0.3760 -0.9266 -0.0000
vn 0.3762 -0.9265 -0.0000
vn 0.6043 -0.7968 -0.0000
vn 0.7909 -0.6119 -0.0000
vn 0.7910 -0.6118 -0.0000
vn 0.9229 -0.3851 -0.0000
vn 0.9232 -0.3844 -0.0000
vn 0.9914 -0.1310 -0.0000
vn 0.1160 -0.1937 -0.9742
vn 0.0233 -0.9805 -0.1953
vn 0.0685 -0.9805 -0.1844
vn 0.1099 -0.9805 -0.1631
vn 0.1451 -0.9805 -0.1327
vn 0.1658 -0.9807 -0.1034
vn 0.2717 -0.9601 -0.0659
vn 0.2076 -0.9780 -0.0230
vn 0.2658 -0.4903 -0.8300
vn 0.2703 -0.9605 -0.0660
vn 0.4729 -0.8721 -0.1254
vn 0.5290 -0.8309 -0.1725
vn 0.7311 -0.6548 -0.1918
vn 0.7308 -0.6551 -0.1917
vn 0.7951 -0.5543 -0.2460
vn 0.8996 -0.3680 -0.2351
vn 0.8997 -0.3678 -0.2352
vn 0.9392 -0.1943 -0.2832
vn 0.9582 -0.1047 -0.2662
vn 0.2091 -0.9717 -0.1099
vn 0.2091 -0.9717 -0.1098
vn 0.2091 -0.9717 -0.1097
vn 0.1219 -0.9861 -0.1125
vn 0.1943 -0.8298 -0.5232
vn 0.1944 -0.8296 -0.5235
vn 0.2901 -0.5529 -0.7811
vn 0.2901 -0.5528 -0.7811
vn 0.0660 -0.8296 -0.5544
vn 0.0660 -0.8298 -0.5542
vn 0.0660 -0.8298 -0.5541
vn 0.0986 -0.5529 -0.8274
vn 0.0985 -0.5527 -0.8275
vn 0.0985 -0.5533 -0.8272
vn 0.8592 -0.1938 -0.4736
vn 0.2092 -0.9710 -0.1153
vn 0.4888 -0.8297 -0.2695
vn 0.7297 -0.5529 -0.4023
vn 0.7296 -0.5530 -0.4023
vn 0.8591 -0.1936 -0.4737
vn 0.8591 -0.1938 -0.4738
vn 0.4118 -0.8297 -0.3768
vn 0.6148 -0.5528 -0.5625
vn 0.6148 -0.5529 -0.5625
vn 0.7238 -0.1936 -0.6622
vn 0.7238 -0.1938 -0.6623
vn 0.3118 -0.8298 -0.4629
vn 0.3118 -0.8297 -0.4629
vn 0.4655 -0.5528 -0.6912
vn 0.4655 -0.5529 -0.6912
vn 0.5480 -0.1936 -0.8138
vn 0.5478 -0.1937 -0.8138
vn 0.3416 -0.1938 -0.9197
vn 0.3416 -0.1937 -0.9197
vn 0.5480 -0.1938 -0.8137
vn -0.0000 -0.1951 -0.9808
vn -0.0023 -0.2588 -0.9659
vn 0.0016 -0.5557 -0.8314
vn 0.0016 -0.5554 -0.8316
vn -0.0031 -0.7072 -0.7071
vn -0.0000 -0.9807 -0.1953
vn -0.0023 -0.9659 -0.2590
vn 0.0016 -0.8315 -0.5556
vn 0.0016 -0.8316 -0.5553
vn -0.0450 -0.2585 -0.9650
vn -0.0064 -0.2588 0.9659
vn -0.0017 -0.9660 0.2586
vn -0.0047 -0.7071 0.7070
vn -0.0576 -0.2585 0.9643
vn -0.1279 -0.2587 0.9575
vn -0.1978 -0.2585 0.9455
vn -0.1978 -0.2586 0.9455
vn -0.1279 -0.2587 0.9574
vn -0.2847 -0.2585 0.9231
vn -0.2847 -0.2586 0.9231
vn -0.3695 -0.2585 0.8925
vn -0.3695 -0.2586 0.8925
vn -0.3696 -0.2585 0.8925
vn -0.4337 -0.2587 0.8631
vn -0.4957 -0.2585 0.8292
vn -0.4957 -0.2586 0.8291
vn -0.5705 -0.2586 0.7796
vn -0.5705 -0.2586 0.7795
vn -0.5705 -0.2585 0.7795
vn -0.6413 -0.2585 0.7225
vn -0.6413 -0.2585 0.7224
vn -0.6927 -0.2587 0.6733
vn -0.6927 -0.2587 0.6732
vn -0.7404 -0.2585 0.6205
vn -0.7952 -0.2585 0.5485
vn -0.7952 -0.2586 0.5485
vn -0.8433 -0.2585 0.4712
vn -0.8759 -0.2587 0.4073
vn -0.9035 -0.2585 0.3418
vn -0.9316 -0.2585 0.2553
vn -0.9516 -0.2585 0.1664
vn -0.9613 -0.2587 0.0943
vn -0.9658 -0.2585 0.0221
vn -0.9657 -0.2585 0.0221
vn -0.9636 -0.2585 -0.0684
vn -0.9528 -0.2585 -0.1592
vn -0.9379 -0.2587 -0.2311
vn -0.9177 -0.2585 -0.3016
vn -0.8854 -0.2585 -0.3863
vn -0.8451 -0.2585 -0.4679
vn -0.8450 -0.2586 -0.4681
vn -0.8064 -0.2587 -0.5318
vn -0.7631 -0.2585 -0.5923
vn -0.7043 -0.2585 -0.6611
vn -0.6395 -0.2585 -0.7240
vn -0.5816 -0.2587 -0.7712
vn -0.5211 -0.2585 -0.8134
vn -0.4431 -0.2585 -0.8584
vn -0.4432 -0.2585 -0.8583
vn -0.3613 -0.2585 -0.8959
vn -0.3612 -0.2585 -0.8959
vn -0.2926 -0.2587 -0.9206
vn -0.2223 -0.2585 -0.9401
vn -0.1347 -0.2585 -0.9566
vn -0.1346 -0.2585 -0.9566
vn -0.0047 -0.7071 0.7071
vn -0.0422 -0.7068 0.7062
vn -0.0936 -0.7070 0.7010
vn -0.1449 -0.7068 0.6925
vn -0.1449 -0.7068 0.6924
vn -0.2085 -0.7068 0.6760
vn -0.2085 -0.7067 0.6760
vn -0.2706 -0.7067 0.6537
vn -0.2706 -0.7068 0.6536
vn -0.3175 -0.7070 0.6319
vn -0.3630 -0.7068 0.6072
vn -0.4178 -0.7068 0.5709
vn -0.4696 -0.7068 0.5291
vn -0.5071 -0.7070 0.4929
vn -0.5422 -0.7068 0.4544
vn -0.5422 -0.7067 0.4544
vn -0.5824 -0.7068 0.4017
vn -0.6176 -0.7067 0.3451
vn -0.6412 -0.7070 0.2982
vn -0.6413 -0.7070 0.2982
vn -0.6617 -0.7068 0.2503
vn -0.6823 -0.7068 0.1870
vn -0.6969 -0.7068 0.1219
vn -0.6969 -0.7067 0.1219
vn -0.7038 -0.7070 0.0691
vn -0.7038 -0.7070 0.0690
vn -0.7073 -0.7068 0.0162
vn -0.7057 -0.7068 -0.0501
vn -0.6978 -0.7068 -0.1166
vn -0.6867 -0.7070 -0.1692
vn -0.6721 -0.7068 -0.2209
vn -0.6484 -0.7068 -0.2829
vn -0.6189 -0.7068 -0.3427
vn -0.6189 -0.7067 -0.3427
vn -0.5904 -0.7070 -0.3894
vn -0.5589 -0.7068 -0.4338
vn -0.5158 -0.7068 -0.4842
vn -0.4683 -0.7067 -0.5302
vn -0.4683 -0.7068 -0.5302
vn -0.4258 -0.7070 -0.5647
vn -0.4258 -0.7070 -0.5646
vn -0.3816 -0.7068 -0.5957
vn -0.3246 -0.7068 -0.6286
vn -0.2646 -0.7068 -0.6561
vn -0.2142 -0.7070 -0.6740
vn -0.1628 -0.7068 -0.6885
vn -0.0986 -0.7068 -0.7005
vn -0.0329 -0.7068 -0.7067
vn -0.0017 -0.9659 0.2589
vn -0.0155 -0.9658 0.2587
vn -0.0343 -0.9659 0.2568
vn -0.0531 -0.9658 0.2537
vn -0.0764 -0.9658 0.2477
vn -0.0992 -0.9658 0.2395
vn -0.1163 -0.9659 0.2314
vn -0.1163 -0.9659 0.2315
vn -0.1330 -0.9658 0.2225
vn -0.1531 -0.9658 0.2092
vn -0.1721 -0.9658 0.1939
vn -0.1858 -0.9659 0.1805
vn -0.1987 -0.9658 0.1665
vn -0.2134 -0.9658 0.1472
vn -0.2260 -0.9659 0.1263
vn -0.2263 -0.9658 0.1264
vn -0.2349 -0.9659 0.1092
vn -0.2425 -0.9658 0.0917
vn -0.2420 -0.9659 0.0916
vn -0.2500 -0.9658 0.0685
vn -0.2550 -0.9659 0.0446
vn -0.2554 -0.9658 0.0447
vn -0.2578 -0.9659 0.0253
vn -0.2591 -0.9658 0.0059
vn -0.2586 -0.9658 -0.0184
vn -0.2557 -0.9658 -0.0427
vn -0.2515 -0.9659 -0.0620
vn -0.2463 -0.9658 -0.0809
vn -0.2376 -0.9658 -0.1037
vn -0.2268 -0.9658 -0.1256
vn -0.2163 -0.9659 -0.1426
vn -0.2160 -0.9659 -0.1425
vn -0.2048 -0.9658 -0.1589
vn -0.1890 -0.9658 -0.1774
vn -0.1716 -0.9658 -0.1943
vn -0.1558 -0.9659 -0.2066
vn -0.1560 -0.9659 -0.2068
vn -0.1398 -0.9658 -0.2183
vn -0.1189 -0.9658 -0.2303
vn -0.1188 -0.9659 -0.2300
vn -0.0970 -0.9658 -0.2404
vn -0.0969 -0.9658 -0.2404
vn -0.0784 -0.9660 -0.2466
vn -0.0785 -0.9659 -0.2469
vn -0.0597 -0.9658 -0.2523
vn -0.0596 -0.9658 -0.2523
vn -0.0361 -0.9659 -0.2564
vn -0.0361 -0.9658 -0.2567
vn -0.0121 -0.9659 -0.2586
vn -0.0121 -0.9658 -0.2589
vn -0.0000 -0.9807 0.1953
vn -0.0023 -0.9659 0.2590
vn 0.0016 -0.8315 0.5556
vn 0.0016 -0.8316 0.5553
vn -0.0031 -0.7072 0.7071
vn -0.0023 -0.2588 0.9659
vn 0.0016 -0.5557 0.8314
vn 0.0015 -0.5557 0.8314
vn 0.7694 -0.3209 0.5524
vn 0.6125 -0.0493 0.7889
vn 0.2136 -0.0941 0.9724
vn 0.1279 -0.0081 0.9918
vn 0.1475 -0.1181 0.9820
vn 0.2601 -0.2675 0.9278
vn 0.1164 -0.2004 0.9728
vn 0.2603 -0.2679 0.9276
vn 0.3320 -0.4503 0.8288
vn 0.3549 -0.4502 0.8194
vn 0.3691 -0.9090 0.1934
vn 0.1246 -0.9764 0.1763
vn 0.1248 -0.9762 0.1772
vn 0.1241 -0.9760 0.1788
vn 0.1155 -0.9757 0.1860
vn 0.3691 -0.9092 0.1926
vn 0.1958 -0.9286 0.3153
vn 0.3795 -0.9031 0.2011
vn 0.3354 -0.7718 0.5402
vn 0.2602 -0.7868 0.5596
vn 0.3021 -0.6500 0.6973
vn 0.6044 -0.1021 0.7901
vn 0.9726 -0.1287 0.1934
vn 0.9725 -0.1290 0.1937
vn 0.9056 -0.3775 0.1935
vn 0.9055 -0.3777 0.1933
vn 0.9055 -0.3778 0.1934
vn 0.7761 -0.6002 0.1934
vn 0.8264 -0.1095 0.5523
vn 0.5809 -0.0770 0.8103
vn 0.6121 -0.0508 0.7892
vn 0.2635 -0.1236 0.9567
vn 0.5070 -0.2317 0.8302
vn 0.5001 -0.2085 0.8405
vn 0.7695 -0.3208 0.5522
vn 0.8265 -0.1094 0.5522
vn 0.8264 -0.1094 0.5523
vn 0.4373 -0.5535 0.7088
vn 0.5127 -0.6569 0.5528
vn 0.4978 -0.6562 0.5671
vn 0.5930 -0.7817 0.1934
vn 0.5929 -0.7817 0.1935
vn 0.1574 -0.1217 0.9800
vn 0.4421 -0.3420 0.8292
vn 0.4422 -0.3420 0.8292
vn 0.6595 -0.5101 0.5521
vn 0.6594 -0.5101 0.5522
vn 0.7760 -0.6003 0.1933
vn 0.7760 -0.6004 0.1935
vn 0.8264 -0.1095 -0.5523
vn 0.3366 -0.7908 -0.5112
vn 0.1213 -0.9754 -0.1843
vn 0.1248 -0.9762 -0.1772
vn 0.1249 -0.9764 -0.1764
vn 0.2943 -0.7689 -0.5676
vn 0.3486 -0.6531 -0.6723
vn 0.4062 -0.5114 -0.7573
vn 0.3158 -0.4503 -0.8352
vn 0.1994 -0.4459 -0.8726
vn 0.2193 -0.1710 -0.9605
vn 0.1655 -0.2313 -0.9587
vn 0.0622 -0.0499 -0.9968
vn 0.2624 -0.1242 -0.9569
vn 0.2195 -0.1001 -0.9705
vn 0.1896 -0.1466 -0.9708
vn 0.1578 -0.1013 -0.9823
vn 0.1295 -0.0150 -0.9915
vn 0.5596 -0.0548 -0.8269
vn 0.5871 -0.0778 -0.8058
vn 0.6133 -0.0482 -0.7884
vn 0.1212 -0.9754 -0.1840
vn 0.3681 -0.9065 -0.2067
vn 0.3783 -0.9038 -0.2003
vn 0.3691 -0.9090 -0.1934
vn 0.5929 -0.7817 -0.1934
vn 0.7760 -0.6004 -0.1935
vn 0.7760 -0.6003 -0.1933
vn 0.7761 -0.6002 -0.1934
vn 0.9055 -0.3777 -0.1934
vn 0.9726 -0.1290 -0.1934
vn 0.9726 -0.1287 -0.1937
vn 0.9056 -0.3775 -0.1935
vn 0.9055 -0.3776 -0.1935
vn 0.8264 -0.1094 -0.5523
vn 0.8265 -0.1094 -0.5522
vn 0.7695 -0.3210 -0.5522
vn 0.7695 -0.3209 -0.5521
vn 0.6594 -0.5101 -0.5523
vn 0.6594 -0.5102 -0.5522
vn 0.5039 -0.6642 -0.5522
vn 0.5074 -0.6491 -0.5667
vn 0.3744 -0.7327 -0.5683
vn 0.3489 -0.6528 -0.6724
vn 0.6051 -0.1024 -0.7896
vn 0.6051 -0.1023 -0.7895
vn 0.4980 -0.2076 -0.8420
vn 0.5055 -0.2345 -0.8303
vn 0.4421 -0.3421 -0.8292
vn 0.4420 -0.3419 -0.8293
vn 0.4003 -0.3852 -0.8315
vn 0.2194 -0.1711 -0.9605
vn -0.2368 0.9716 -0.0025
vn -0.0014 1.0000 -0.0000
vn -0.2267 0.9740 -0.0027
vn -0.1120 0.9936 0.0141
vn -0.1337 0.9904 0.0354
vn -0.0505 0.9987 0.0004
vn -0.3687 0.9295 0.0119
vn -0.3300 0.9431 0.0400
vn -0.2932 0.9560 0.0111
vn -0.2268 0.9739 -0.0027
vn -0.4388 0.8986 -0.0043
vn -0.5318 0.8464 0.0276
vn -0.4947 0.8649 0.0852
vn -0.5406 0.8404 0.0378
vn -0.7887 0.6147 0.0097
vn -0.7264 0.6870 0.0197
vn -0.6392 0.7689 0.0152
vn -0.7172 0.6964 0.0249
vn -0.6681 0.7440 0.0049
vn -0.6917 0.7222 0.0004
vn -0.7603 0.6494 -0.0131
vn -0.7023 0.7111 0.0337
vn -0.7171 0.6965 0.0249
vn -0.7395 0.6730 0.0135
vn -0.7397 0.6728 0.0134
vn -0.7563 0.6542 0.0064
vn -0.7365 0.6765 -0.0040
vn -0.7242 0.6896 -0.0054
vn -0.9721 -0.2240 0.0696
vn -0.7101 0.7040 -0.0035
vn -0.7099 0.7043 -0.0035
vn -0.7416 0.6708 0.0058
vn -0.6902 0.7236 -0.0043
vn -0.6728 0.7398 -0.0000
vn -0.6639 0.7478 0.0005
vn -0.5728 0.8196 0.0123
vn -0.6079 0.7940 -0.0004
vn -0.6393 0.7690 -0.0004
vn -0.6109 0.7917 0.0088
vn -0.6666 0.7454 -0.0081
vn -0.6409 0.7676 0.0057
vn -0.6545 0.7560 0.0023
vn -0.6782 0.7348 -0.0000
vn -0.6829 0.7305 0.0001
vn -0.7135 0.7007 0.0015
vn -0.7125 0.7017 0.0013
vn -0.6955 0.7185 -0.0024
vn -0.6889 0.7249 -0.0039
vn -0.6836 0.7299 -0.0053
vn -0.6786 0.7344 -0.0067
vn -0.7012 0.7129 0.0127
vn -0.6120 0.7908 -0.0006
vn -0.6458 0.7635 0.0018
vn -0.6219 0.7831 -0.0003
vn -0.6459 0.7634 -0.0000
vn -0.6758 0.7371 0.0036
vn -0.6669 0.7450 -0.0105
vn -0.6526 0.7575 -0.0167
vn -0.7239 0.6896 0.0223
vn -0.7239 0.6895 0.0223
vn -0.7569 0.6535 0.0044
vn -0.7570 0.6534 0.0044
vn -0.7831 0.6219 -0.0057
vn -0.7830 0.6220 -0.0057
vn -0.7634 0.6459 -0.0094
vn -0.7633 0.6460 -0.0094
vn -0.7553 0.6553 -0.0119
vn -0.7441 0.6679 -0.0154
vn -0.7038 0.7104 0.0009
vn -0.7604 0.6494 0.0022
vn -0.7128 0.7006 -0.0322
vn -0.7309 0.6821 -0.0221
vn -0.6805 0.7328 -0.0027
vn -0.6515 0.7586 -0.0115
vn -0.6494 0.7603 -0.0127
vn -0.3827 0.9239 0.0055
vn -0.4264 0.9045 0.0014
vn -0.5225 0.8526 -0.0056
vn -0.5342 0.8452 -0.0148
vn -0.6494 0.7604 0.0096
vn -0.3184 0.9470 0.0433
vn -0.3208 0.9463 0.0411
vn -0.3313 0.9430 0.0328
vn -0.3491 0.9368 0.0236
vn -0.3747 0.9271 0.0131
vn -0.3747 0.9270 0.0131
vn -0.4051 0.9142 0.0075
vn -0.4268 0.9043 0.0055
vn -0.0857 0.9943 0.0639
vn -0.0782 0.9930 0.0882
vn -0.0269 0.9996 -0.0000
vn -0.1189 0.9928 0.0160
vn -0.1461 0.9893 -0.0038
vn -0.2331 0.9709 -0.0543
vn -0.1770 0.9823 0.0620
vn -0.2057 0.9778 0.0385
vn -0.2317 0.9724 0.0267
vn -0.2318 0.9724 0.0267
vn -0.2334 0.9720 0.0267
vn -0.2326 0.9722 0.0273
vn -0.3810 0.9198 -0.0945
vn -0.3083 0.9494 0.0591
vn -0.3162 0.9475 0.0464
vn -0.2334 0.9724 -0.0025
vn -0.2367 0.9716 -0.0028
vn -0.0785 0.9969 0.0042
vn -0.1375 0.9904 -0.0104
vn -0.0472 0.9989 -0.0001
vn -0.6515 0.7585 -0.0129
vn -0.6183 0.7859 -0.0111
vn -0.6494 0.7604 -0.0111
vn -0.6187 0.7856 -0.0029
vn -0.5225 0.8526 0.0098
vn -0.4862 0.8738 -0.0119
vn -0.5753 0.8169 -0.0425
vn -0.5412 0.8407 -0.0208
vn -0.3818 0.9216 0.0696
vn -0.5367 0.8431 -0.0348
vn -0.5072 0.8616 -0.0181
vn -0.4726 0.8813 -0.0082
vn -0.4526 0.8917 -0.0054
vn -0.4316 0.9021 0.0012
vn -0.4344 0.9007 -0.0039
vn -0.3923 0.9198 -0.0011
vn -0.3827 0.9239 -0.0011
vn -0.4434 0.8962 -0.0137
vn -0.2334 0.9722 0.0198
vn -0.3672 0.9300 -0.0187
vn -0.3060 0.9520 -0.0087
vn -0.4477 0.8942 0.0022
vn -0.4601 0.8879 0.0032
vn -0.4788 0.8779 0.0059
vn -0.4966 0.8679 0.0106
vn -0.4441 0.8959 -0.0069
vn -0.5287 0.8488 0.0048
vn -0.5656 0.8245 0.0187
vn -0.5080 0.8614 -0.0046
vn -0.5692 0.8222 0.0021
vn -0.5593 0.8290 -0.0009
vn -0.6118 0.7910 0.0009
vn -0.5955 0.8033 -0.0032
vn -0.6221 0.7829 -0.0006
vn -0.8250 0.5651 -0.0067
vn -0.8381 0.5454 -0.0095
vn -0.9033 0.4289 -0.0005
vn -0.8924 0.4512 0.0002
vn -0.8526 0.5225 -0.0015
vn -0.8797 0.4754 -0.0124
vn -0.7602 0.6492 0.0251
vn -0.8652 0.5012 -0.0185
vn -0.8509 0.5252 -0.0133
vn -0.8145 0.5801 -0.0050
vn -0.8068 0.5908 -0.0041
vn -0.8005 0.5993 -0.0035
vn -0.7455 0.6665 -0.0005
vn -0.7716 0.6361 -0.0000
vn -0.7524 0.6587 -0.0000
vn -0.7869 0.6171 -0.0025
vn -0.7914 0.6112 0.0028
vn -0.8003 0.5996 0.0035
vn -0.8072 0.5902 0.0042
vn -0.8131 0.5820 0.0049
vn -0.8212 0.5706 0.0060
vn -0.8296 0.5583 0.0077
vn -0.9094 0.4146 0.0329
vn -0.9720 0.2334 -0.0272
vn -0.8940 0.4478 0.0157
vn -0.9239 0.3827 0.0021
vn -0.8937 0.4487 0.0021
vn -0.9239 0.3827 -0.0014
vn -0.8809 0.4734 0.0003
vn -0.8526 0.5225 0.0028
vn -0.8663 0.4994 0.0075
vn -0.7603 0.6494 -0.0153
vn -0.8517 0.5238 0.0136
vn -0.8401 0.5423 0.0100
vn -0.9216 0.3874 0.0246
vn -0.9315 0.3633 0.0186
vn -0.9392 0.3431 0.0142
vn -0.9453 0.3260 0.0111
vn -0.9501 0.3117 0.0088
vn -0.9552 0.2960 0.0066
vn -0.9603 0.2791 -0.0044
vn -0.9542 0.2991 -0.0070
vn -0.9499 0.3125 -0.0090
vn -0.9450 0.3268 -0.0112
vn -0.9400 0.3410 -0.0139
vn -0.9334 0.3584 -0.0174
vn -0.9260 0.3768 -0.0220
vn -0.9167 0.3985 -0.0278
vn -0.9721 0.2334 0.0239
vn -0.9042 0.4269 -0.0113
vn -0.9239 0.3827 -0.0021
vn -0.9640 0.2659 0.0026
vn -0.9695 0.2450 -0.0000
vn -0.9724 0.2335 -0.0000
vn -0.9969 0.0785 -0.0000
vn -0.6191 -0.3216 -0.7165
vn -0.6797 0.1591 -0.7161
vn -0.6409 0.2765 -0.7161
vn -0.5820 0.3851 -0.7162
vn -0.5048 0.4815 -0.7164
vn -0.4118 0.5628 -0.7167
vn -0.3060 0.6263 -0.7170
vn -0.1906 0.6701 -0.7174
vn -0.0695 0.6928 -0.7178
vn 0.0538 0.6936 -0.7183
vn 0.1751 0.6727 -0.7189
vn 0.2907 0.6307 -0.7195
vn 0.3970 0.5690 -0.7202
vn 0.4905 0.4895 -0.7209
vn 0.5685 0.3949 -0.7217
vn -0.2909 -0.1238 -0.9487
vn 0.1395 0.0295 -0.9898
vn 0.0856 0.0432 -0.9954
vn 0.2885 0.0513 -0.9561
vn 0.1999 0.0186 -0.9796
vn 0.2000 0.0186 -0.9796
vn 0.5218 0.1872 -0.8323
vn 0.4706 0.0858 -0.8782
vn 0.3925 0.0489 -0.9185
vn 0.7253 0.1872 -0.6625
vn 0.6463 0.1322 -0.7515
vn -0.5371 -0.4137 -0.7351
vn -0.5455 -0.4343 -0.7168
vn -0.4661 -0.4330 -0.7715
vn -0.4038 -0.3904 -0.8274
vn -0.2851 -0.3509 -0.8920
vn -0.3469 -0.3542 -0.8684
vn -0.4201 -0.3057 -0.8544
vn -0.1317 -0.1797 -0.9749
vn -0.1317 -0.1798 -0.9748
vn -0.1679 -0.2126 -0.9626
vn -0.2146 -0.2350 -0.9480
vn -0.2103 -0.2346 -0.9491
vn -0.2398 -0.3096 -0.9201
vn -0.0668 -0.0832 -0.9943
vn -0.0930 -0.0299 -0.9952
vn -0.0880 -0.0507 -0.9948
vn -0.0884 -0.0693 -0.9937
vn -0.0899 -0.0906 -0.9918
vn -0.1014 -0.1296 -0.9864
vn -0.1151 -0.1540 -0.9813
vn -0.0938 0.0517 -0.9943
vn -0.1016 0.0339 -0.9943
vn -0.2999 0.1002 -0.9487
vn -0.0985 -0.0419 -0.9943
vn -0.1045 -0.0235 -0.9943
vn -0.0829 0.0677 -0.9943
vn -0.2770 0.1526 -0.9487
vn -0.2999 0.1001 -0.9487
vn -0.4844 0.1617 -0.8598
vn -0.4261 -0.2814 -0.8598
vn -0.2639 -0.1742 -0.9487
vn -0.0893 -0.0590 -0.9943
vn -0.4038 -0.3905 -0.8273
vn -0.3681 -0.3540 -0.8598
vn -0.3690 -0.3542 -0.8593
vn -0.2281 -0.2189 -0.9487
vn -0.0773 -0.0741 -0.9943
vn 0.5667 0.0809 -0.8199
vn 0.5047 0.0706 -0.8604
vn 0.4904 0.1425 -0.8598
vn -0.5103 -0.0205 -0.8598
vn 0.7000 0.1842 -0.6900
vn 0.6551 0.2270 -0.7206
vn 0.6684 0.1725 -0.7235
vn 0.6442 0.1872 -0.7416
vn 0.6284 0.2881 -0.7226
vn 0.5990 0.2997 -0.7425
vn 0.4567 0.2285 -0.8598
vn 0.3036 0.0882 -0.9487
vn 0.3136 0.0373 -0.9488
vn 0.3535 0.1365 -0.9254
vn 0.5345 0.4022 -0.7433
vn 0.4080 0.3071 -0.8598
vn 0.2828 0.1415 -0.9487
vn 0.1028 0.0299 -0.9943
vn 0.1023 0.0323 -0.9942
vn 0.0231 0.0027 -0.9997
vn 0.4527 0.4913 -0.7441
vn 0.3460 0.3756 -0.8598
vn 0.2526 0.1901 -0.9487
vn 0.0957 0.0479 -0.9943
vn 0.3563 0.5642 -0.7448
vn 0.2727 0.4318 -0.8598
vn 0.2143 0.2325 -0.9487
vn 0.0855 0.0644 -0.9943
vn 0.2486 0.6185 -0.7454
vn 0.1904 0.4738 -0.8598
vn 0.1688 0.2673 -0.9487
vn 0.2143 0.2326 -0.9487
vn 0.0725 0.0787 -0.9943
vn 0.1329 0.6525 -0.7460
vn 0.1019 0.5004 -0.8598
vn 0.1179 0.2934 -0.9487
vn 0.1688 0.2674 -0.9487
vn 0.0572 0.0905 -0.9943
vn -0.0694 0.6928 -0.7178
vn 0.0131 0.6652 -0.7465
vn 0.0101 0.5106 -0.8598
vn 0.0631 0.3098 -0.9487
vn 0.0399 0.0993 -0.9943
vn -0.1907 0.6701 -0.7174
vn -0.1069 0.6562 -0.7470
vn -0.0821 0.5040 -0.8598
vn 0.0062 0.3161 -0.9487
vn 0.0214 0.1049 -0.9943
vn -0.2232 0.6258 -0.7473
vn -0.1716 0.4810 -0.8598
vn -0.0508 0.3121 -0.9487
vn 0.0021 0.1070 -0.9943
vn -0.3321 0.5750 -0.7477
vn -0.2554 0.4422 -0.8598
vn -0.1062 0.2978 -0.9487
vn -0.0172 0.1057 -0.9943
vn -0.5048 0.4816 -0.7164
vn -0.4301 0.5056 -0.7479
vn -0.3309 0.3889 -0.8598
vn -0.1582 0.2738 -0.9487
vn -0.0360 0.1008 -0.9943
vn -0.5140 0.4196 -0.7481
vn -0.3956 0.3229 -0.8598
vn -0.2049 0.2408 -0.9487
vn -0.0536 0.0927 -0.9943
vn -0.5811 0.3201 -0.7483
vn -0.4473 0.2464 -0.8598
vn -0.2449 0.2000 -0.9487
vn -0.0694 0.0815 -0.9943
vn -0.6291 0.2101 -0.7484
vn -0.3131 0.0445 -0.9487
vn -0.5056 0.0718 -0.8598
vn -0.6926 0.0984 -0.7146
vn -0.6326 0.0334 -0.7738
vn -0.6663 -0.2074 -0.7163
vn -0.6823 -0.1535 -0.7148
vn -0.4982 -0.1121 -0.8598
vn -0.3159 -0.0127 -0.9487
vn -0.1060 0.0151 -0.9943
vn -0.6098 -0.1898 -0.7695
vn -0.6926 -0.0867 -0.7161
vn -0.6989 -0.0280 -0.7147
vn -0.6312 -0.0790 -0.7716
vn -0.6971 0.0368 -0.7161
vn -0.6106 -0.2599 -0.7481
vn -0.4699 -0.2000 -0.8598
vn -0.3085 -0.0694 -0.9487
vn -0.1070 -0.0043 -0.9943
vn -0.5525 -0.4255 -0.7167
vn -0.5539 -0.3658 -0.7479
vn -0.0000 -0.0001 1.0000
vn 0.6284 0.2881 0.7226
vn 0.5685 0.3949 0.7217
vn 0.4906 0.4896 0.7209
vn 0.3970 0.5690 0.7201
vn 0.2907 0.6308 0.7194
vn 0.1751 0.6728 0.7188
vn 0.0538 0.6937 0.7183
vn -0.0695 0.6928 0.7177
vn -0.1907 0.6702 0.7173
vn -0.3060 0.6264 0.7169
vn -0.4119 0.5629 0.7166
vn -0.5048 0.4816 0.7164
vn -0.6971 0.0368 0.7161
vn -0.6925 -0.0867 0.7161
vn -0.6663 -0.2074 0.7163
vn 0.3036 0.0882 0.9487
vn 0.7251 0.1872 0.6628
vn -0.1151 -0.1544 0.9813
vn -0.1001 -0.1264 0.9869
vn -0.0893 -0.0874 0.9922
vn -0.0880 -0.0544 0.9946
vn -0.2350 -0.2393 0.9421
vn -0.2006 -0.2281 0.9528
vn -0.1713 -0.2150 0.9615
vn -0.1347 -0.1833 0.9738
vn -0.1348 -0.1834 0.9737
vn -0.4367 -0.2870 0.8526
vn -0.3596 -0.3496 0.8651
vn -0.3023 -0.3538 0.8851
vn -0.2563 -0.3319 0.9078
vn -0.5489 -0.4273 0.7184
vn -0.5219 -0.4334 0.7347
vn -0.4791 -0.4360 0.7619
vn 0.5667 0.0810 0.8200
vn 0.6732 0.1504 0.7240
vn 0.5821 0.2889 0.7600
vn 0.7000 0.1842 0.6900
vn 0.4706 0.0858 0.8782
vn 0.1999 0.0186 0.9796
vn 0.2885 0.0513 0.9561
vn 0.3064 0.0744 0.9490
vn 0.3925 0.0489 0.9184
vn 0.3925 0.0489 0.9185
vn 0.0856 0.0432 0.9954
vn 0.1395 0.0295 0.9898
vn 0.2000 0.0186 0.9796
vn 0.0231 0.0027 0.9997
vn 0.1023 0.0323 0.9942
vn 0.1028 0.0299 0.9943
vn 0.0957 0.0479 0.9943
vn -0.4251 -0.3588 0.8310
vn -0.3675 -0.3534 0.8603
vn -0.2279 -0.2192 0.9487
vn -0.1922 -0.2503 0.9489
vn -0.2931 -0.2375 0.9261
vn 0.0855 0.0644 0.9943
vn 0.2828 0.1415 0.9487
vn 0.4904 0.1425 0.8598
vn 0.4933 0.1291 0.8602
vn 0.5667 0.0810 0.8199
vn -0.4164 -0.4029 0.8150
vn -0.3669 -0.3554 0.8597
vn -0.4259 -0.2818 0.8598
vn -0.1044 -0.0236 0.9943
vn -0.1070 -0.0044 0.9943
vn -0.3159 -0.0129 0.9487
vn -0.3131 0.0442 0.9487
vn -0.5057 0.0714 0.8598
vn -0.4845 0.1614 0.8598
vn -0.6191 -0.3216 0.7165
vn -0.6191 -0.3215 0.7165
vn -0.5537 -0.3663 0.7478
vn -0.5524 -0.4255 0.7168
vn -0.6104 -0.2604 0.7481
vn -0.4697 -0.2004 0.8598
vn -0.2637 -0.1745 0.9487
vn -0.0772 -0.0742 0.9943
vn -0.0854 -0.0670 0.9941
vn -0.0144 -0.0179 0.9997
vn -0.6471 -0.1461 0.7482
vn -0.4981 -0.1125 0.8598
vn -0.2908 -0.1241 0.9487
vn -0.0893 -0.0591 0.9943
vn -0.6627 -0.0271 0.7484
vn -0.5102 -0.0209 0.8598
vn -0.3084 -0.0696 0.9487
vn -0.0985 -0.0420 0.9943
vn -0.6797 0.1591 0.7161
vn -0.6567 0.0928 0.7484
vn -0.5056 0.0715 0.8598
vn -0.5820 0.3851 0.7162
vn -0.6128 0.3370 0.7148
vn -0.4475 0.2461 0.8598
vn -0.3000 0.0999 0.9487
vn -0.1060 0.0150 0.9943
vn -0.5320 0.3520 0.7701
vn -0.6409 0.2765 0.7161
vn -0.6636 0.2211 0.7147
vn -0.5833 0.2516 0.7723
vn -0.6797 0.1592 0.7161
vn -0.5142 0.4193 0.7482
vn -0.3958 0.3227 0.8598
vn -0.2771 0.1524 0.9487
vn -0.1016 0.0338 0.9943
vn -0.4119 0.5628 0.7166
vn -0.4304 0.5053 0.7480
vn -0.3311 0.3888 0.8598
vn -0.2451 0.1998 0.9487
vn -0.0938 0.0516 0.9943
vn -0.3324 0.5748 0.7477
vn -0.2556 0.4421 0.8598
vn -0.2050 0.2407 0.9487
vn -0.0830 0.0677 0.9943
vn -0.2235 0.6257 0.7474
vn -0.1718 0.4809 0.8598
vn -0.1583 0.2737 0.9487
vn -0.0694 0.0815 0.9943
vn -0.0695 0.6928 0.7178
vn -0.1071 0.6561 0.7470
vn -0.0823 0.5040 0.8598
vn -0.1064 0.2978 0.9487
vn -0.0536 0.0927 0.9943
vn 0.0129 0.6652 0.7466
vn 0.0099 0.5106 0.8598
vn -0.0510 0.3121 0.9487
vn -0.0360 0.1008 0.9943
vn 0.1327 0.6525 0.7461
vn 0.1018 0.5004 0.8598
vn 0.0061 0.3161 0.9487
vn -0.0173 0.1057 0.9943
vn 0.2484 0.6185 0.7455
vn 0.1903 0.4739 0.8598
vn 0.0630 0.3099 0.9487
vn 0.0021 0.1070 0.9943
vn 0.3561 0.5642 0.7448
vn 0.2726 0.4318 0.8598
vn 0.1178 0.2934 0.9487
vn 0.0213 0.1049 0.9943
vn 0.4525 0.4914 0.7441
vn 0.3459 0.3756 0.8598
vn 0.1688 0.2674 0.9487
vn 0.0399 0.0994 0.9943
vn 0.5344 0.4023 0.7434
vn 0.4080 0.3071 0.8598
vn 0.2142 0.2326 0.9487
vn 0.0571 0.0905 0.9943
vn 0.5989 0.2998 0.7426
vn 0.4567 0.2286 0.8598
vn 0.2526 0.1902 0.9487
vn 0.0725 0.0788 0.9943
vn 0.6684 0.1725 0.7235
vn 0.6441 0.1872 0.7417
vn -0.0032 0.8486 0.5291
vn -0.0032 0.8314 0.5556
vn -0.0022 0.8480 0.5300
vn 0.0037 0.9808 0.1951
vn -0.0114 0.9469 0.3213
vn -0.0000 0.9937 0.1121
vn -0.0233 0.0118 0.9997
vn 0.0445 0.5551 0.8306
vn -0.0316 0.1070 0.9938
vn -0.0201 0.2141 0.9766
vn -0.0103 0.3200 0.9474
vn -0.0063 0.4209 0.9071
vn -0.0039 0.5258 0.8506
vn -0.0039 0.5556 0.8315
vn -0.0066 0.5276 0.8494
vn 0.0109 0.8314 0.5555
vn -0.0228 0.6378 0.7699
vn -0.0109 0.7254 0.6883
vn -0.0437 0.5550 0.8307
vn -0.0653 0.8297 0.5544
vn -0.0770 0.9779 0.1945
vn -0.2290 0.9538 0.1945
vn -0.3754 0.9062 0.1945
vn -0.5125 0.8364 0.1945
vn -0.6370 0.7459 0.1945
vn -0.7459 0.6370 0.1945
vn -0.8364 0.5125 0.1945
vn -0.9062 0.3754 0.1945
vn -0.9538 0.2290 0.1945
vn -0.9779 0.0770 0.1945
vn -0.8297 0.0653 0.5544
vn -0.8093 0.1943 0.5544
vn -0.7689 0.3185 0.5544
vn -0.7096 0.4349 0.5544
vn -0.6329 0.5405 0.5544
vn -0.5405 0.6329 0.5544
vn -0.4349 0.7096 0.5544
vn -0.3185 0.7689 0.5544
vn -0.1943 0.8093 0.5544
vn -0.5550 0.0437 0.8307
vn -0.5414 0.1300 0.8307
vn -0.5144 0.2131 0.8307
vn -0.4747 0.2909 0.8307
vn -0.4234 0.3616 0.8307
vn -0.3616 0.4234 0.8307
vn -0.2909 0.4747 0.8307
vn -0.2131 0.5144 0.8307
vn -0.1300 0.5414 0.8307
vn -0.0437 0.5551 0.8306
vn -0.1951 0.0154 0.9807
vn -0.1903 0.0457 0.9807
vn -0.1808 0.0749 0.9807
vn -0.1668 0.1022 0.9807
vn -0.1488 0.1271 0.9807
vn -0.1271 0.1488 0.9807
vn -0.1022 0.1668 0.9807
vn -0.0749 0.1808 0.9807
vn -0.0457 0.1903 0.9807
vn -0.0154 0.1951 0.9807
vn -0.0000 0.0778 -0.9970
vn -0.0059 0.1951 -0.9808
vn -0.0072 0.1785 -0.9839
vn -0.0008 0.2785 -0.9604
vn -0.0010 0.6301 -0.7765
vn -0.0083 0.5065 -0.8622
vn -0.0020 0.5556 -0.8315
vn 0.0002 0.3862 -0.9224
vn 0.0002 0.3863 -0.9224
vn -0.0051 0.8315 -0.5556
vn 0.0011 0.7511 -0.6602
vn -0.0000 0.9963 -0.0854
vn -0.0075 0.9631 -0.2692
vn -0.0001 0.9808 -0.1951
vn -0.0000 0.8773 -0.4800
vn -0.0000 0.8773 -0.4799
vn -0.2290 0.9538 -0.1945
vn -0.4747 0.2909 -0.8307
vn -0.1951 0.0154 -0.9807
vn -0.1903 0.0457 -0.9807
vn -0.0749 0.1808 -0.9807
vn -0.0457 0.1903 -0.9807
vn -0.0154 0.1951 -0.9807
vn -0.1668 0.1022 -0.9807
vn -0.1488 0.1271 -0.9807
vn -0.3616 0.4234 -0.8307
vn -0.7689 0.3185 -0.5544
vn -0.5144 0.2131 -0.8307
vn -0.1808 0.0749 -0.9807
vn -0.5405 0.6329 -0.5544
vn -0.6329 0.5405 -0.5544
vn -0.1022 0.1668 -0.9807
vn -0.1271 0.1488 -0.9807
vn -0.4234 0.3616 -0.8307
vn -0.7096 0.4349 -0.5544
vn -0.8364 0.5125 -0.1945
vn -0.9062 0.3754 -0.1945
vn -0.0437 0.5550 -0.8307
vn -0.0653 0.8297 -0.5544
vn -0.0770 0.9779 -0.1945
vn -0.1300 0.5414 -0.8307
vn -0.1943 0.8093 -0.5544
vn -0.3754 0.9062 -0.1945
vn -0.2131 0.5144 -0.8307
vn -0.3185 0.7689 -0.5544
vn -0.2909 0.4747 -0.8307
vn -0.4349 0.7096 -0.5544
vn -0.5125 0.8364 -0.1945
vn -0.7459 0.6370 -0.1945
vn -0.6370 0.7459 -0.1945
vn -0.9538 0.2290 -0.1945
vn -0.5414 0.1300 -0.8307
vn -0.8093 0.1943 -0.5544
vn -0.5550 0.0437 -0.8307
vn -0.8297 0.0653 -0.5544
vn -0.9779 0.0770 -0.1945
vn 0.0034 0.9157 -0.4019
vn -0.0000 0.9978 -0.0667
vn 0.0059 0.9518 -0.3067
vn 0.0123 0.9769 -0.2135
vn -0.0254 0.8907 -0.4538
vn 0.0069 0.9877 -0.1564
vn 0.0329 0.6787 -0.7337
vn 0.0188 0.7739 -0.6330
vn 0.0083 0.8512 -0.5247
vn 0.0060 0.5927 -0.8054
vn 0.0128 0.5926 -0.8054
vn 0.0819 0.4774 -0.8749
vn -0.0107 0.8910 -0.4540
vn 0.0041 0.7071 -0.7071
vn 0.0039 0.6817 -0.7316
vn 0.0039 0.7071 -0.7071
vn 0.0024 0.6860 -0.7276
vn -0.0036 0.5337 -0.8457
vn 0.2297 0.3489 -0.9086
vn -0.0000 0.0704 -0.9975
vn 0.0066 0.2373 -0.9714
vn -0.0012 0.1564 -0.9877
vn 0.0003 0.3657 -0.9308
vn 0.0025 0.4540 -0.8910
vn 0.0511 0.8898 -0.4534
vn 0.2946 0.4517 -0.8421
vn 0.1106 0.1555 -0.9816
vn 0.9755 0.1141 -0.1883
vn 0.4725 0.8657 -0.1653
vn 0.7825 0.6161 -0.0898
vn 0.8199 0.4743 -0.3207
vn 0.8605 0.4394 -0.2580
vn 0.8963 0.3926 -0.2061
vn 0.9217 0.3420 -0.1828
vn 0.9449 0.2734 -0.1799
vn 0.6114 0.7094 -0.3506
vn 0.2428 0.6799 -0.6919
vn 0.4207 0.8433 -0.3346
vn 0.5430 0.8340 -0.0977
vn 0.0243 0.9997 -0.0085
vn 0.0537 0.9877 -0.1471
vn 0.0831 0.9883 -0.1280
vn 0.1379 0.9849 -0.1043
vn 0.2198 0.9717 -0.0865
vn 0.3331 0.9360 -0.1142
vn 0.0060 1.0000 -0.0007
vn 0.0104 0.9999 -0.0014
vn 0.0241 0.9997 -0.0094
vn 0.9449 0.2735 -0.1799
vn 0.9526 0.1564 -0.2610
vn 0.9324 0.1553 -0.3264
vn 0.8364 0.1554 -0.5256
vn 0.8363 0.1555 -0.5257
vn 0.9324 0.1555 -0.3262
vn 0.3263 0.1555 -0.9324
vn 0.3263 0.1554 -0.9324
vn 0.3262 0.1555 -0.9324
vn 0.5256 0.1555 -0.8364
vn 0.7828 0.6158 -0.0899
vn 0.8513 0.4528 -0.2651
vn 0.8421 0.4517 -0.2947
vn 0.8421 0.4518 -0.2946
vn 0.7554 0.4518 -0.4746
vn 0.7554 0.4517 -0.4747
vn 0.6308 0.4517 -0.6309
vn 0.5432 0.8339 -0.0980
vn 0.6797 0.7065 -0.1970
vn 0.6695 0.7049 -0.2343
vn 0.6695 0.7048 -0.2343
vn 0.6006 0.7049 -0.3774
vn 0.6006 0.7049 -0.3773
vn 0.5016 0.7049 -0.5015
vn 0.5016 0.7048 -0.5016
vn 0.3774 0.7048 -0.6007
vn 0.0999 0.4517 -0.8866
vn 0.0999 0.4517 -0.8865
vn 0.0794 0.7049 -0.7049
vn 0.6986 0.1556 -0.6984
vn 0.4747 0.4518 -0.7554
vn 0.2343 0.7049 -0.6695
vn 0.3332 0.9359 -0.1143
vn 0.4163 0.8909 -0.1818
vn 0.3863 0.8898 -0.2428
vn 0.3863 0.8898 -0.2427
vn 0.3226 0.8898 -0.3227
vn 0.3226 0.8899 -0.3226
vn 0.2427 0.8899 -0.3863
vn 0.2427 0.8898 -0.3864
vn 0.1507 0.8898 -0.4307
vn 0.6985 0.1554 -0.6985
vn 0.6985 0.1555 -0.6986
vn 0.4747 0.4517 -0.7554
vn 0.3774 0.7049 -0.6006
vn 0.0176 0.9875 -0.1564
vn 0.0520 0.9875 -0.1486
vn 0.0837 0.9875 -0.1333
vn 0.1113 0.9875 -0.1113
vn 0.1333 0.9875 -0.0837
vn 0.1333 0.9875 -0.0838
vn 0.1254 0.9871 -0.1000
vn 0.0260 0.9996 -0.0094
vn 0.0060 1.0000 -0.0000
vn 0.0034 0.9157 0.4019
vn -0.0000 0.0259 0.9997
vn 0.0008 0.0787 0.9969
vn 0.1346 0.4243 0.8954
vn 0.0177 0.5700 0.8215
vn 0.0098 0.5700 0.8216
vn 0.0043 0.7395 0.6731
vn 0.0039 0.6817 0.7316
vn 0.0039 0.7071 0.7071
vn 0.0024 0.6860 0.7276
vn -0.0064 0.4540 0.8910
vn 0.0019 0.5246 0.8514
vn 0.0019 0.4540 0.8910
vn 0.0013 0.4294 0.9031
vn -0.0021 0.1564 0.9877
vn 0.0148 0.3209 0.9470
vn 0.0044 0.2006 0.9797
vn 0.0034 0.8910 0.4540
vn 0.0087 0.9118 0.4105
vn -0.0159 0.7070 0.7070
vn 0.0141 0.8446 0.5351
vn 0.0074 0.7918 0.6107
vn 0.0145 0.9964 0.0833
vn -0.0254 0.8907 0.4538
vn 0.0123 0.9769 0.2135
vn 0.0059 0.9518 0.3067
vn 0.0057 0.5945 0.8041
vn 0.5495 0.5548 0.6247
vn 0.6298 0.4699 0.6185
vn 0.8078 0.4240 0.4093
vn 0.7339 0.1562 0.6611
vn 0.4772 0.7337 0.4836
vn 0.3871 0.7877 0.4792
vn 0.4975 0.8078 0.3162
vn 0.3723 0.8464 0.3807
vn 0.1024 0.9778 0.1826
vn 0.0661 0.4112 0.9091
vn 0.0663 0.4110 0.9092
vn 0.0253 0.5008 0.8652
vn 0.0809 0.0746 0.9939
vn 0.0506 0.1256 0.9908
vn 0.0833 0.1118 0.9902
vn 0.0765 0.2954 0.9523
vn 0.0765 0.2952 0.9524
vn 0.0222 0.0332 0.9992
vn 0.0221 0.0359 0.9991
vn 0.0065 0.0680 0.9977
vn 0.1188 0.1172 0.9860
vn 0.1219 0.1185 0.9854
vn 0.0800 0.3294 0.9408
vn -0.1095 0.2908 0.9505
vn -0.4872 0.3599 0.7957
vn 0.0244 0.5385 0.8423
vn 0.0421 0.5743 0.8176
vn 0.0395 0.5735 0.8182
vn 0.0644 0.6167 0.7846
vn 0.1665 0.1264 0.9779
vn 0.1712 0.1246 0.9773
vn 0.1680 0.1219 0.9782
vn 0.2538 0.1472 0.9560
vn 0.2516 0.1418 0.9574
vn 0.3359 0.1732 0.9258
vn 0.3392 0.1724 0.9248
vn 0.3372 0.1705 0.9259
vn 0.4157 0.2036 0.8864
vn 0.4154 0.2030 0.8867
vn 0.0276 0.6115 0.7908
vn 0.0569 0.6229 0.7802
vn 0.0808 0.6854 0.7237
vn 0.0717 0.6815 0.7283
vn 0.1025 0.7414 0.6632
vn 0.0944 0.7378 0.6684
vn 0.1192 0.8098 0.5745
vn 0.1175 0.8090 0.5759
vn 0.1594 0.8610 0.4829
vn 0.0453 0.3311 0.9425
vn 0.1002 0.3418 0.9344
vn 0.1084 0.3592 0.9270
vn 0.1519 0.3720 0.9157
vn 0.1622 0.3980 0.9029
vn 0.2064 0.4146 0.8863
vn 0.2186 0.4487 0.8665
vn 0.2568 0.4650 0.8473
vn 0.2735 0.4997 0.8219
vn 0.3134 0.5173 0.7963
vn 0.3286 0.5632 0.7582
vn 0.3761 0.5838 0.7195
vn 0.3938 0.6307 0.6687
vn 0.4209 0.6413 0.6415
vn 0.4492 0.6733 0.5873
vn 0.5713 0.7030 0.4236
vn 0.5497 0.5544 0.6248
vn 0.4971 0.2388 0.8342
vn 0.4937 0.2397 0.8360
vn 0.4958 0.2413 0.8343
vn 0.5800 0.2772 0.7660
vn 0.5836 0.2858 0.7601
vn 0.6429 0.3079 0.7013
vn 0.6500 0.3161 0.6910
vn 0.8141 0.2939 -0.5008
vn 0.9453 0.2946 0.1402
vn 0.0819 0.8478 0.5240
vn 0.1280 0.8687 0.4786
vn 0.1713 0.9114 0.3743
vn 0.1537 0.9057 0.3950
vn 0.1806 0.9481 0.2619
vn 0.2762 0.9539 0.1178
vn 0.0978 0.9939 0.0500
vn 0.2711 0.9553 -0.1179
vn 0.0960 0.9940 0.0533
vn 0.0980 0.9938 0.0522
vn 0.2229 0.9739 -0.0429
vn 0.0765 0.2952 -0.9524
vn 0.3723 0.8464 -0.3807
vn 0.1024 0.9778 -0.1826
vn 0.4215 0.7467 -0.5145
vn 0.4974 0.8078 -0.3163
vn 0.4975 0.8078 -0.3162
vn 0.7339 0.1562 -0.6611
vn 0.8078 0.4240 -0.4093
vn 0.6298 0.4699 -0.6185
vn 0.5495 0.5548 -0.6247
vn 0.0065 0.0680 -0.9977
vn 0.0221 0.0359 -0.9991
vn 0.0222 0.0330 -0.9992
vn 0.0746 0.1154 -0.9905
vn -0.0556 0.1691 -0.9840
vn 0.0057 0.5945 -0.8041
vn 0.0253 0.5008 -0.8652
vn 0.0663 0.4110 -0.9092
vn 0.0661 0.4112 -0.9092
vn 0.1041 0.1154 -0.9879
vn 0.1186 0.1179 -0.9859
vn 0.1220 0.1179 -0.9855
vn 0.1665 0.1264 -0.9779
vn 0.1712 0.1246 -0.9773
vn -0.4872 0.3599 -0.7957
vn 0.0506 0.5434 -0.8379
vn 0.0183 0.5671 -0.8235
vn 0.1680 0.1219 -0.9782
vn 0.2498 0.1461 -0.9572
vn 0.2551 0.1431 -0.9563
vn 0.3359 0.1732 -0.9258
vn 0.3392 0.1724 -0.9248
vn 0.3372 0.1705 -0.9259
vn 0.4152 0.2034 -0.8867
vn 0.4159 0.2032 -0.8864
vn 0.4971 0.2388 -0.8342
vn 0.4937 0.2397 -0.8360
vn 0.0395 0.5735 -0.8182
vn 0.0644 0.6167 -0.7846
vn 0.0276 0.6115 -0.7908
vn 0.1053 0.6403 -0.7609
vn 0.0383 0.6665 -0.7445
vn 0.1279 0.7044 -0.6982
vn 0.0520 0.7178 -0.6943
vn 0.1584 0.7641 -0.6253
vn 0.0631 0.7831 -0.6187
vn 0.4958 0.2413 -0.8343
vn 0.5864 0.2799 -0.7602
vn 0.5776 0.2835 -0.7655
vn 0.6521 0.3114 -0.6912
vn 0.6411 0.3132 -0.7007
vn 0.8841 0.3354 0.3254
vn 0.7049 0.2193 0.6745
vn -0.1095 0.2908 -0.9505
vn 0.0800 0.3294 -0.9408
vn 0.0453 0.3311 -0.9425
vn 0.1128 0.3441 -0.9321
vn 0.0971 0.3557 -0.9296
vn 0.1707 0.3774 -0.9102
vn 0.1457 0.3916 -0.9085
vn 0.2313 0.4235 -0.8758
vn 0.1969 0.4391 -0.8766
vn 0.2865 0.4771 -0.8308
vn 0.2467 0.4874 -0.8376
vn 0.3486 0.5319 -0.7717
vn 0.2974 0.5488 -0.7813
vn 0.4158 0.5996 -0.6838
vn 0.3579 0.6156 -0.7021
vn 0.4624 0.6560 -0.5966
vn 0.4098 0.6592 -0.6306
vn 0.4669 0.6790 -0.5665
vn 0.6301 0.6771 -0.3802
vn 0.1175 0.8090 -0.5759
vn 0.1594 0.8610 -0.4829
vn 0.0819 0.8478 -0.5240
vn 0.1978 0.8929 -0.4044
vn 0.1061 0.8872 -0.4490
vn 0.2245 0.9243 -0.3088
vn 0.1172 0.9297 -0.3492
vn 0.2111 0.9529 -0.2176
vn 0.3604 0.9291 -0.0835
vn 0.2508 0.9648 0.0791
vn 0.1989 0.9797 0.0243
vn 0.0960 0.9940 -0.0533
vn 0.0975 0.9940 -0.0499
vn 0.0975 0.9940 -0.0498
vn 0.9808 -0.0000 -0.1951
vn 0.8315 -0.0000 -0.5556
vn 0.5556 -0.0000 -0.8315
vn 0.1951 -0.0000 -0.9808
vn -0.8251 -0.0000 0.5649
vn -0.7851 -0.0225 0.6190
vn -0.7206 -0.0030 0.6933
vn -0.5989 0.0043 0.8008
vn -0.5156 -0.0214 0.8565
vn -0.4596 -0.0072 0.8881
vn -0.0561 -0.0000 0.9984
vn -0.0562 -0.0000 0.9984
vn -0.1536 -0.0121 0.9881
vn -0.1796 -0.0183 0.9836
vn -0.3158 0.0066 0.9488
vn -0.3159 0.0066 0.9488
vn -0.9245 0.0037 0.3810
vn -0.9247 0.0037 0.3807
vn -0.9529 -0.0077 0.3033
vn -0.9912 0.0082 0.1320
vn -0.9960 -0.0000 0.0893
vn -0.7375 0.0295 0.6747
vn -0.9155 -0.0491 0.3994
vn -0.8432 0.0146 0.5374
vn -0.9540 0.0037 0.2998
vn -0.5389 -0.0065 0.8423
vn -0.7808 0.0053 0.6247
vn -0.7277 0.0068 0.6858
vn -0.7815 0.0068 0.6238
vn -0.7814 0.0068 0.6239
vn -0.0031 -0.0000 1.0000
vn -0.1668 -0.0010 0.9860
vn -0.1822 -0.0085 0.9832
vn -0.5134 0.0090 0.8581
vn -0.5491 0.0085 0.8357
vn -0.5130 0.0085 0.8583
vn -0.5130 0.0085 0.8584
vn -0.7783 -0.0013 -0.6279
vn -0.7818 -0.0013 -0.6235
vn -0.7790 0.0006 -0.6270
vn -0.5061 -0.0007 -0.8625
vn -0.5060 -0.0007 -0.8625
vn -0.1635 0.0006 -0.9865
vn -0.1668 -0.0010 -0.9860
vn -0.0031 -0.0000 -1.0000
vn -0.9914 -0.0000 -0.1312
vn -0.9911 0.0005 -0.1331
vn -0.9263 -0.0005 -0.3768
vn -0.8059 0.0672 -0.5882
vn -0.9237 -0.0031 -0.3832
vn -0.9236 -0.0031 -0.3834
vn 1.0000 -0.0000 -0.0001
vn 1.0000 -0.0000 0.0001
vn 0.0006 1.0000 -0.0061
vn -0.0291 0.9994 -0.0170
vn -0.0008 1.0000 -0.0003
vn -0.0412 0.9990 -0.0152
vn -0.0430 0.9990 -0.0108
vn -0.1263 0.9912 -0.0408
vn -0.1276 0.9911 -0.0377
vn -0.2158 0.9741 -0.0672
vn -0.2157 0.9741 -0.0675
vn -0.0631 0.7382 -0.6717
vn 0.0091 0.7593 -0.6507
vn -0.0621 0.8808 -0.4694
vn 0.0137 0.8957 -0.4444
vn 0.0064 0.8948 -0.4464
vn -0.0299 0.9722 -0.2322
vn 0.0168 0.9765 -0.2150
vn -0.0503 0.6480 -0.7599
vn -0.0503 0.6481 -0.7599
vn -0.0068 0.6630 -0.7486
vn -0.2156 0.9741 -0.0678
vn -0.2842 0.9548 -0.0874
vn -0.2829 0.9549 -0.0898
vn -0.3479 0.9315 -0.1061
vn -0.3443 0.9318 -0.1151
vn -0.4283 0.8943 -0.1293
vn -0.4236 0.8957 -0.1352
vn -0.0331 0.4626 -0.8859
vn -0.1140 0.4254 -0.8978
vn -0.0085 0.2562 -0.9666
vn -0.0758 0.2201 -0.9725
vn -0.0750 0.0017 -0.9972
vn -0.1693 -0.0584 -0.9838
vn -0.4257 0.8931 -0.1458
vn -0.5042 0.8505 -0.1499
vn -0.4963 0.8508 -0.1725
vn -0.5741 0.8020 -0.1650
vn -0.5651 0.8018 -0.1944
vn -0.6300 0.7565 -0.1755
vn -0.6194 0.7592 -0.1998
vn -0.6789 0.7138 -0.1721
vn -0.6668 0.7189 -0.1966
vn -0.2310 -0.6307 -0.7409
vn -0.0692 -0.4960 -0.8656
vn -0.2215 -0.4492 -0.8655
vn -0.0587 -0.3256 -0.9437
vn -0.1434 -0.3725 -0.9169
vn -0.1007 -0.2285 -0.9683
vn -0.0332 -0.1794 -0.9832
vn -0.2426 -0.9655 -0.0945
vn -0.2094 -0.9276 -0.3095
vn -0.2664 -0.9364 -0.2282
vn -0.1925 -0.8741 -0.4460
vn -0.2479 -0.9090 -0.3352
vn -0.1663 -0.8310 -0.5308
vn -0.2609 -0.8603 -0.4379
vn -0.1244 -0.7355 -0.6660
vn -0.2083 -0.7953 -0.5693
vn -0.1801 -0.6802 -0.7106
vn -0.1042 -0.6115 -0.7844
vn -0.2291 -0.8961 0.3802
vn -0.2336 -0.8998 0.3685
vn -0.2237 -0.9432 0.2456
vn -0.2319 -0.9516 0.2019
vn -0.2352 -0.9631 0.1309
vn -0.2457 -0.9688 0.0338
vn -0.2438 -0.9696 0.0218
vn -0.2426 -0.9696 0.0335
vn -0.2308 -0.9622 -0.1448
vn -0.1678 -0.6678 0.7252
vn -0.1471 -0.6495 0.7460
vn -0.2087 -0.7439 0.6348
vn -0.1906 -0.7287 0.6578
vn -0.2353 -0.8154 0.5289
vn -0.1376 -0.7743 0.6176
vn -0.1962 -0.8359 0.5126
vn -0.6853 0.7010 -0.1974
vn -0.7244 0.6689 -0.1667
vn -0.7138 0.6725 -0.1955
vn -0.7607 0.6325 -0.1460
vn -0.7563 0.6282 -0.1826
vn -0.7948 0.5951 -0.1188
vn -0.7907 0.5943 -0.1473
vn -0.8105 0.5771 -0.1001
vn -0.8046 0.5811 -0.1222
vn -0.8232 0.5636 -0.0689
vn -0.8254 0.5575 -0.0886
vn -0.8343 0.5504 -0.0322
vn -0.8345 0.5496 -0.0407
vn -0.8377 0.5461 0.0075
vn -0.8369 0.5472 0.0094
vn -0.8329 0.5515 0.0449
vn -0.8299 0.5551 0.0560
vn -0.8247 0.5594 0.0829
vn -0.8122 0.5754 0.0965
vn -0.8046 0.5825 0.1157
vn -0.7911 0.5969 0.1336
vn -0.7827 0.6041 0.1498
vn -0.7584 0.6328 0.1562
vn -0.7510 0.6392 0.1652
vn -0.7319 0.6581 0.1767
vn -0.7198 0.6680 0.1890
vn -0.6938 0.6976 0.1787
vn -0.6584 0.7253 0.2012
vn -0.6440 0.7362 0.2078
vn -0.0558 -0.4240 0.9039
vn -0.0559 -0.4240 0.9039
vn -0.1484 -0.5015 0.8523
vn -0.2106 -0.3478 0.9136
vn -0.1111 -0.2764 0.9546
vn -0.0954 -0.0781 0.9924
vn -0.1049 -0.0844 0.9909
vn -0.0710 0.0502 0.9962
vn -0.0191 0.0818 0.9965
vn -0.6531 0.7374 0.1724
vn -0.5930 0.7817 0.1932
vn -0.5793 0.7970 0.1708
vn -0.5436 0.8206 0.1763
vn -0.5348 0.8289 0.1640
vn -0.4889 0.8563 0.1667
vn -0.4208 0.8981 0.1277
vn -0.4154 0.8986 0.1412
vn -0.4841 0.8627 0.1463
vn -0.0191 0.0819 0.9965
vn -0.1327 0.2253 0.9652
vn -0.0532 0.2683 0.9619
vn -0.4209 0.8981 0.1277
vn -0.3459 0.9312 0.1148
vn -0.3462 0.9322 0.1057
vn -0.2714 0.9585 0.0871
vn -0.2719 0.9587 0.0835
vn -0.2049 0.9767 0.0633
vn -0.0144 0.7985 0.6019
vn -0.0396 0.7918 0.6095
vn -0.0209 0.6526 0.7574
vn -0.0488 0.6429 0.7644
vn -0.0667 0.5654 0.8221
vn -0.0032 0.4821 0.8761
vn -0.0581 0.4583 0.8869
vn -0.2048 0.9767 0.0634
vn -0.1323 0.9904 0.0393
vn -0.1315 0.9904 0.0421
vn -0.0462 0.9989 0.0115
vn -0.0444 0.9989 0.0164
vn -0.0007 1.0000 0.0004
vn -0.0001 1.0000 -0.0032
vn -0.0388 0.9991 -0.0175
vn -0.0095 0.9936 -0.1123
vn -0.0905 0.9858 -0.1415
vn -0.0539 0.9678 -0.2457
vn -0.1466 0.9497 -0.2766
vn -0.1051 0.9193 -0.3792
vn -0.1861 0.8962 -0.4028
vn -0.1551 0.8775 -0.4538
vn -0.2412 0.8463 -0.4750
vn -0.1930 0.8022 -0.5650
vn -0.3119 0.7487 -0.5850
vn -0.2568 0.6955 -0.6710
vn -0.3903 0.6228 -0.6781
vn -0.3301 0.5696 -0.7528
vn -0.4775 0.4761 -0.7385
vn -0.4105 0.4241 -0.8073
vn -0.5543 0.3230 -0.7671
vn -0.4901 0.3045 -0.8167
vn -0.6384 0.1900 -0.7459
vn -0.5642 0.1555 -0.8109
vn -0.7150 0.0342 -0.6983
vn -0.6479 0.0376 -0.7608
vn -0.7900 -0.0854 -0.6072
vn -0.7213 -0.0990 -0.6855
vn -0.8533 -0.2130 -0.4759
vn -0.8021 -0.2062 -0.5604
vn -0.8794 -0.2728 -0.3901
vn -0.8436 -0.2516 -0.4743
vn -0.9099 -0.3157 -0.2690
vn -0.8825 -0.3235 -0.3415
vn -0.9259 -0.3576 -0.1216
vn -0.9199 -0.3576 -0.1612
vn -0.9291 -0.3687 0.0282
vn -0.9299 -0.3658 0.0378
vn -0.9201 -0.3534 0.1692
vn -0.9133 -0.3410 0.2226
vn -0.8934 -0.3245 0.3108
vn -0.8790 -0.2736 0.3904
vn -0.8585 -0.2540 0.4455
vn -0.8240 -0.2023 0.5292
vn -0.8007 -0.1825 0.5705
vn -0.7643 -0.0832 0.6394
vn -0.7504 -0.0709 0.6572
vn -0.7002 -0.0026 0.7140
vn -0.6776 0.0158 0.7353
vn -0.6390 0.1350 0.7573
vn -0.5713 0.1881 0.7989
vn -0.5419 0.3133 0.7799
vn -0.4765 0.3606 0.8018
vn -0.4538 0.4639 0.7608
vn -0.4172 0.4882 0.7665
vn -0.3923 0.5525 0.7354
vn -0.3467 0.5797 0.7374
vn -0.3404 0.6660 0.6638
vn -0.2753 0.7002 0.6587
vn -0.2763 0.7687 0.5769
vn -0.2108 0.7974 0.5654
vn -0.2196 0.8531 0.4734
vn -0.1541 0.8760 0.4570
vn -0.1674 0.9161 0.3644
vn -0.1117 0.9310 0.3475
vn -0.1231 0.9540 0.2734
vn -0.0611 0.9656 0.2527
vn -0.0852 0.9854 0.1476
vn -0.0102 0.9926 0.1206
vn -0.0379 0.9991 0.0171
vn -0.0001 1.0000 0.0032
vn -0.0320 0.9994 0.0149
vn 0.0048 0.9844 0.1758
vn -0.0585 0.9783 0.1986
vn -0.0272 0.9340 0.3563
vn -0.0773 0.9245 0.3732
vn -0.0629 0.8750 0.4800
vn -0.1058 0.8636 0.4930
vn -0.0881 0.7803 0.6192
vn -0.1382 0.7627 0.6318
vn -0.1253 0.6536 0.7464
vn -0.1741 0.6321 0.7551
vn -0.1696 0.5064 0.8454
vn -0.2171 0.4814 0.8492
vn -0.2191 0.3343 0.9166
vn -0.2469 0.3175 0.9156
vn -0.2761 0.2164 0.9364
vn -0.2951 0.2039 0.9335
vn -0.3140 0.0479 0.9482
vn -0.3610 0.0136 0.9325
vn -0.3822 -0.1617 0.9098
vn -0.4323 -0.2017 0.8789
vn -0.4641 -0.3571 0.8106
vn -0.4692 -0.3615 0.8057
vn -0.5297 -0.4502 0.7188
vn -0.5293 -0.4499 0.7193
vn -0.5587 -0.5698 0.6027
vn -0.5693 -0.5796 0.5831
vn -0.6088 -0.6441 0.4631
vn -0.6219 -0.6559 0.4278
vn -0.6284 -0.7120 0.3134
vn -0.6436 -0.7265 0.2408
vn -0.6504 -0.7410 0.1671
vn -0.6607 -0.7496 0.0408
vn -0.6585 -0.7521 0.0278
vn -0.6472 -0.7422 -0.1738
vn -0.6571 -0.7443 -0.1197
vn -0.6119 -0.7002 -0.3679
vn -0.6576 -0.7006 -0.2769
vn -0.5798 -0.6300 -0.5167
vn -0.6306 -0.6619 -0.4052
vn -0.5406 -0.5789 -0.6104
vn -0.6195 -0.5978 -0.5087
vn -0.4702 -0.4639 -0.7508
vn -0.5794 -0.4577 -0.6744
vn -0.4162 -0.3179 -0.8519
vn -0.5177 -0.3268 -0.7907
vn -0.3482 -0.1875 -0.9185
vn -0.4653 -0.1403 -0.8740
vn -0.2987 -0.0124 -0.9543
vn -0.3963 0.0193 -0.9179
vn -0.2388 0.1313 -0.9622
vn -0.3429 0.2213 -0.9129
vn -0.1854 0.3214 -0.9286
vn -0.2774 0.4218 -0.8632
vn -0.1381 0.4980 -0.8561
vn -0.2205 0.6052 -0.7649
vn -0.0995 0.6598 -0.7448
vn -0.1698 0.7540 -0.6345
vn -0.0821 0.7858 -0.6131
vn -0.1269 0.8287 -0.5451
vn -0.0476 0.8516 -0.5220
vn -0.1061 0.9207 -0.3755
vn -0.0191 0.9378 -0.3466
vn -0.0691 0.9793 -0.1902
vn 0.0046 0.9865 -0.1637
vn -0.0353 0.9992 -0.0161
vn 0.0006 1.0000 0.0061
vn -0.0235 0.9996 0.0149
vn 0.0179 0.9727 0.2313
vn -0.0297 0.9682 0.2484
vn 0.0038 0.8923 0.4513
vn 0.0131 0.8912 0.4534
vn -0.0290 0.8834 0.4676
vn -0.0008 1.0000 -0.0004
vn -0.0412 0.9990 -0.0153
vn -0.0254 0.9978 -0.0612
vn -0.1096 0.9897 -0.0916
vn -0.0903 0.9857 -0.1422
vn -0.1834 0.9676 -0.1733
vn -0.1615 0.9605 -0.2265
vn -0.2390 0.9386 -0.2488
vn -0.2229 0.9346 -0.2772
vn -0.3013 0.9062 -0.2967
vn -0.2763 0.8948 -0.3507
vn -0.3827 0.8471 -0.3687
vn -0.3544 0.8318 -0.4271
vn -0.4683 0.7701 -0.4332
vn -0.4378 0.7531 -0.4910
vn -0.5578 0.6774 -0.4796
vn -0.5248 0.6586 -0.5393
vn -0.6362 0.5809 -0.5077
vn -0.6031 0.5760 -0.5517
vn -0.7140 0.4905 -0.4995
vn -0.6794 0.4742 -0.5600
vn -0.7888 0.3873 -0.4773
vn -0.7551 0.3898 -0.5272
vn -0.8556 0.3028 -0.4199
vn -0.8265 0.2907 -0.4820
vn -0.9170 0.2142 -0.3366
vn -0.8950 0.2134 -0.3918
vn -0.9444 0.1721 -0.2803
vn -0.9268 0.1819 -0.3286
vn -0.9712 0.1381 -0.1942
vn -0.9633 0.1275 -0.2364
vn -0.9901 0.1084 -0.0895
vn -0.9881 0.1072 -0.1099
vn -0.9950 0.0981 0.0207
vn -0.9946 0.1004 0.0255
vn -0.9858 0.1120 0.1248
vn -0.9812 0.1195 0.1513
vn -0.9649 0.1320 0.2271
vn -0.9497 0.1659 0.2655
vn -0.9289 0.1861 0.3203
vn -0.9056 0.2176 0.3641
vn -0.8817 0.2373 0.4078
vn -0.8482 0.3009 0.4360
vn -0.8295 0.3176 0.4594
vn -0.7948 0.3595 0.4889
vn -0.7691 0.3799 0.5139
vn -0.7323 0.4521 0.5093
vn -0.6695 0.5010 0.5484
vn -0.6388 0.5710 0.5156
vn -0.5747 0.6173 0.5372
vn -0.5525 0.6700 0.4958
vn -0.5104 0.6980 0.5023
vn -0.4917 0.7295 0.4755
vn -0.4403 0.7600 0.4781
vn -0.4319 0.7967 0.4227
vn -0.3608 0.8340 0.4174
vn -0.3589 0.8599 0.3631
vn -0.2860 0.8918 0.3505
vn -0.2897 0.9102 0.2958
vn -0.2161 0.9361 0.2774
vn -0.2232 0.9480 0.2269
vn -0.1594 0.9651 0.2076
vn -0.1658 0.9714 0.1697
vn -0.0963 0.9845 0.1465
vn -0.1095 0.9894 0.0954
vn -0.0273 0.9975 0.0659
vn -0.0427 0.9990 0.0157
vn -0.0014 1.0000 0.0004
vn -0.1830 0.6528 -0.7350
vn -0.0875 0.7990 -0.5950
vn -0.1607 0.7750 -0.6112
vn -0.0805 0.8885 -0.4517
vn -0.1250 0.8685 -0.4797
vn -0.2024 0.1826 -0.9621
vn -0.0915 0.3806 -0.9202
vn -0.2107 0.3619 -0.9081
vn -0.1007 0.5492 -0.8296
vn -0.1755 0.5043 -0.8455
vn -0.1388 0.5801 -0.8026
vn -0.0790 0.6694 -0.7387
vn -0.7309 0.6824 -0.0095
vn -0.7329 0.6797 -0.0315
vn -0.7344 0.6779 -0.0321
vn -0.7393 0.6714 -0.0513
vn -0.7404 0.6701 -0.0523
vn -0.7472 0.6605 -0.0741
vn -0.7497 0.6577 -0.0738
vn -0.7631 0.6385 -0.1002
vn -0.7645 0.6368 -0.1000
vn -0.7834 0.6082 -0.1278
vn -0.7833 0.6083 -0.1279
vn -0.8057 0.5732 -0.1493
vn -0.8040 0.5754 -0.1500
vn -0.8305 0.5305 -0.1697
vn -0.8258 0.5359 -0.1756
vn -0.8549 0.4847 -0.1849
vn -0.8495 0.4925 -0.1890
vn -0.8797 0.4347 -0.1929
vn -0.8713 0.4440 -0.2091
vn -0.9023 0.3825 -0.1989
vn -0.8948 0.3979 -0.2025
vn -0.2489 -0.2975 -0.9217
vn -0.1474 -0.0785 -0.9860
vn -0.2211 -0.1539 -0.9630
vn -0.1147 0.0638 -0.9914
vn -0.2112 0.0125 -0.9774
vn -0.1828 0.1311 -0.9744
vn -0.1217 0.2445 -0.9620
vn -0.2409 -0.7176 -0.6534
vn -0.1749 -0.5458 -0.8194
vn -0.2559 -0.5877 -0.7675
vn -0.1751 -0.3929 -0.9028
vn -0.2258 -0.4696 -0.8535
vn -0.1972 -0.3765 -0.9052
vn -0.1437 -0.2529 -0.9568
vn -0.2361 -0.9672 -0.0940
vn -0.2270 -0.9383 -0.2610
vn -0.2456 -0.9415 -0.2308
vn -0.2219 -0.8751 -0.4300
vn -0.2408 -0.8920 -0.3826
vn -0.2041 -0.7870 -0.5822
vn -0.2296 -0.8200 -0.5243
vn -0.2393 -0.7723 -0.5885
vn -0.2011 -0.6704 -0.7142
vn -0.2239 -0.9042 0.3636
vn -0.2369 -0.9426 0.2355
vn -0.2320 -0.9507 0.2060
vn -0.2391 -0.9697 0.0493
vn -0.2371 -0.9705 0.0430
vn -0.2361 -0.9705 0.0491
vn -0.2341 -0.9663 -0.1076
vn -0.2084 -0.5787 0.7885
vn -0.2328 -0.6403 0.7320
vn -0.2094 -0.7214 0.6600
vn -0.2304 -0.7784 0.5840
vn -0.2287 -0.8222 0.5212
vn -0.2102 -0.7867 0.5804
vn -0.2427 -0.8772 0.4143
vn -0.1873 -0.2323 0.9544
vn -0.2104 -0.2835 0.9356
vn -0.2021 -0.4121 0.8885
vn -0.1516 -0.3306 0.9315
vn -0.2132 -0.4779 0.8522
vn -0.9016 0.3806 -0.2056
vn -0.9234 0.3320 -0.1926
vn -0.9143 0.3405 -0.2192
vn -0.9420 0.2792 -0.1865
vn -0.9339 0.2930 -0.2051
vn -0.9575 0.2349 -0.1671
vn -0.9509 0.2372 -0.1989
vn -0.9709 0.1885 -0.1480
vn -0.9656 0.1965 -0.1705
vn -0.9806 0.1555 -0.1189
vn -0.9779 0.1502 -0.1455
vn -0.9884 0.1230 -0.0885
vn -0.9867 0.1234 -0.1056
vn -0.9931 0.1045 -0.0535
vn -0.9930 0.0982 -0.0653
vn -0.9954 0.0929 -0.0221
vn -0.9954 0.0925 -0.0266
vn -0.9959 0.0899 0.0102
vn -0.9957 0.0917 0.0121
vn -0.9940 0.0975 0.0490
vn -0.9930 0.1033 0.0572
vn -0.9898 0.1117 0.0883
vn -0.9867 0.1302 0.0977
vn -0.9817 0.1444 0.1242
vn -0.9770 0.1643 0.1362
vn -0.9702 0.1816 0.1603
vn -0.9632 0.2136 0.1633
vn -0.9536 0.2377 0.1847
vn -0.9457 0.2662 0.1866
vn -0.9324 0.2967 0.2063
vn -0.9247 0.3265 0.1957
vn -0.9080 0.3632 0.2088
vn -0.9013 0.3841 0.2003
vn -0.8799 0.4271 0.2082
vn -0.8738 0.4388 0.2098
vn -0.1493 0.4756 0.8669
vn -0.1629 0.4526 0.8767
vn -0.1361 0.3096 0.9411
vn -0.1567 0.2730 0.9492
vn -0.1666 0.1462 0.9751
vn -0.1838 0.1132 0.9764
vn -0.2179 -0.0007 0.9760
vn -0.1163 0.0467 0.9921
vn -0.1864 -0.0956 0.9778
vn -0.1037 0.7981 0.5936
vn -0.1219 0.7725 0.6231
vn -0.1349 0.7171 0.6838
vn -0.1488 0.6954 0.7031
vn -0.1189 0.5965 0.7937
vn -0.0791 0.6488 0.7569
vn -0.1340 0.5665 0.8131
vn -0.1139 0.9688 0.2200
vn -0.1301 0.9448 0.3007
vn -0.0994 0.9282 0.3586
vn -0.1192 0.9031 0.4126
vn -0.1258 0.8766 0.4645
vn -0.1045 0.9005 0.4220
vn -0.1391 0.8516 0.5053
vn -0.8822 0.4293 0.1935
vn -0.8546 0.4830 0.1909
vn -0.8515 0.4911 0.1836
vn -0.8276 0.5330 0.1758
vn -0.8271 0.5366 0.1672
vn -0.8068 0.5710 0.1518
vn -0.8061 0.5725 0.1496
vn -0.7865 0.6034 0.1321
vn -0.7865 0.6034 0.1314
vn -0.7711 0.6272 0.1095
vn -0.7713 0.6268 0.1105
vn -0.7580 0.6460 0.0899
vn -0.7572 0.6465 0.0930
vn -0.7476 0.6605 0.0697
vn -0.7477 0.6601 0.0717
vn -0.7401 0.6705 0.0514
vn -0.7388 0.6718 0.0541
vn -0.7343 0.6781 0.0314
vn -0.7339 0.6784 0.0329
vn -0.7310 0.6822 0.0132
vn -0.7312 0.6820 0.0130
vn -0.7306 0.6828 -0.0006
vn -0.7306 0.6827 -0.0091
vn -0.5516 0.8333 0.0373
vn -0.5524 0.8331 -0.0289
vn -0.5511 0.8340 -0.0273
vn -0.5572 0.8246 -0.0975
vn -0.5496 0.8301 -0.0943
vn -0.5661 0.8089 -0.1589
vn -0.5594 0.8146 -0.1530
vn -0.5804 0.7838 -0.2210
vn -0.5627 0.7965 -0.2211
vn -0.6013 0.7420 -0.2966
vn -0.5824 0.7567 -0.2971
vn -0.6304 0.6833 -0.3684
vn -0.6022 0.7021 -0.3801
vn -0.6571 0.6170 -0.4330
vn -0.6340 0.6375 -0.4378
vn -0.6939 0.5348 -0.4822
vn -0.6589 0.5557 -0.5070
vn -0.7238 0.4432 -0.5288
vn -0.6980 0.4704 -0.5400
vn -0.7619 0.3460 -0.5476
vn -0.7244 0.3667 -0.5837
vn -0.7907 0.2375 -0.5642
vn -0.7645 0.2693 -0.5857
vn -0.8247 0.1357 -0.5490
vn -0.7896 0.1526 -0.5944
vn -0.8487 0.0244 -0.5283
vn -0.8259 0.0536 -0.5613
vn -0.8749 -0.0695 -0.4793
vn -0.8470 -0.0614 -0.5280
vn -0.8917 -0.1668 -0.4208
vn -0.8761 -0.1495 -0.4584
vn -0.9083 -0.2404 -0.3424
vn -0.8914 -0.2433 -0.3823
vn -0.9175 -0.3069 -0.2531
vn -0.9105 -0.3036 -0.2808
vn -0.9245 -0.3488 -0.1535
vn -0.9187 -0.3555 -0.1720
vn -0.9267 -0.3703 -0.0633
vn -0.9261 -0.3707 -0.0702
vn -0.9260 -0.3765 0.0290
vn -0.9267 -0.3744 0.0322
vn -0.9232 -0.3585 0.1387
vn -0.9239 -0.3505 0.1532
vn -0.9134 -0.3246 0.2457
vn -0.9167 -0.2981 0.2660
vn -0.9025 -0.2557 0.3465
vn -0.9009 -0.2238 0.3719
vn -0.8814 -0.1753 0.4386
vn -0.8821 -0.1207 0.4553
vn -0.8586 -0.0602 0.5091
vn -0.8528 -0.0054 0.5223
vn -0.8241 0.0598 0.5632
vn -0.8218 0.1263 0.5556
vn -0.7911 0.1945 0.5800
vn -0.7834 0.2501 0.5690
vn -0.7476 0.3212 0.5813
vn -0.7471 0.3749 0.5490
vn -0.7157 0.4354 0.5461
vn -0.7086 0.4734 0.5232
vn -0.6735 0.5341 0.5110
vn -0.6781 0.5656 0.4694
vn -0.6509 0.6122 0.4490
vn -0.6454 0.6334 0.4270
vn -0.6168 0.6773 0.4011
vn -0.6253 0.6903 0.3640
vn -0.6038 0.7240 0.3335
vn -0.6006 0.7346 0.3157
vn -0.5792 0.7646 0.2828
vn -0.5889 0.7665 0.2563
vn -0.5731 0.7901 0.2177
vn -0.5726 0.7939 0.2047
vn -0.5573 0.8138 0.1646
vn -0.5653 0.8111 0.1504
vn -0.5555 0.8255 0.1001
vn -0.5571 0.8252 0.0935
vn -0.5490 0.8349 0.0400
vn -0.3427 0.9376 0.0587
vn -0.3439 0.9378 -0.0473
vn -0.3408 0.9391 -0.0431
vn -0.3508 0.9229 -0.1588
vn -0.3317 0.9314 -0.1497
vn -0.3592 0.8968 -0.2581
vn -0.3425 0.9078 -0.2420
vn -0.3772 0.8558 -0.3541
vn -0.3336 0.8752 -0.3503
vn -0.3951 0.7886 -0.4712
vn -0.3498 0.8121 -0.4669
vn -0.4241 0.6982 -0.5767
vn -0.3585 0.7229 -0.5907
vn -0.4413 0.5946 -0.6721
vn -0.3899 0.6283 -0.6732
vn -0.4787 0.4759 -0.7378
vn -0.4018 0.5013 -0.7663
vn -0.4956 0.3377 -0.8002
vn -0.4425 0.3837 -0.8106
vn -0.5348 0.2042 -0.8199
vn -0.4566 0.2328 -0.8587
vn -0.5501 0.0481 -0.8337
vn -0.4995 0.1023 -0.8603
vn -0.5854 -0.0872 -0.8060
vn -0.5142 -0.0575 -0.8558
vn -0.5967 -0.2402 -0.7657
vn -0.5544 -0.1897 -0.8103
vn -0.6239 -0.3626 -0.6923
vn -0.5679 -0.3400 -0.7496
vn -0.6301 -0.4912 -0.6015
vn -0.6013 -0.4590 -0.6540
vn -0.6469 -0.5858 -0.4882
vn -0.6122 -0.5782 -0.5394
vn -0.6486 -0.6714 -0.3585
vn -0.6351 -0.6619 -0.3983
vn -0.6550 -0.7239 -0.2168
vn -0.6422 -0.7271 -0.2427
vn -0.6534 -0.7517 -0.0894
vn -0.6521 -0.7516 -0.0998
vn -0.6519 -0.7572 0.0407
vn -0.6538 -0.7553 0.0456
vn -0.6489 -0.7354 0.1952
vn -0.6519 -0.7263 0.2180
vn -0.6376 -0.6892 0.3444
vn -0.6490 -0.6588 0.3805
vn -0.6302 -0.6034 0.4886
vn -0.6328 -0.5610 0.5338
vn -0.6084 -0.4986 0.6175
vn -0.6204 -0.4243 0.6596
vn -0.5922 -0.3518 0.7249
vn -0.5911 -0.2691 0.7604
vn -0.5592 -0.1954 0.8057
vn -0.5679 -0.0883 0.8184
vn -0.5354 -0.0162 0.8444
vn -0.5305 0.0819 0.8437
vn -0.4944 0.1545 0.8554
vn -0.5040 0.2605 0.8234
vn -0.4743 0.3179 0.8210
vn -0.4658 0.3977 0.7905
vn -0.4317 0.4568 0.7778
vn -0.4478 0.5368 0.7151
vn -0.4228 0.5796 0.6967
vn -0.4130 0.6314 0.6563
vn -0.3847 0.6748 0.6298
vn -0.4064 0.7218 0.5603
vn -0.3852 0.7552 0.5304
vn -0.3780 0.7846 0.4914
vn -0.3546 0.8169 0.4548
vn -0.3781 0.8362 0.3973
vn -0.3597 0.8638 0.3528
vn -0.3584 0.8767 0.3209
vn -0.3387 0.9017 0.2688
vn -0.3584 0.9036 0.2345
vn -0.3445 0.9243 0.1640
vn -0.3484 0.9257 0.1473
vn -0.3363 0.9395 0.0656
vn -0.1355 0.8997 -0.4150
vn -0.1033 0.9440 -0.3132
vn -0.1315 0.9299 -0.3436
vn -0.0945 0.9763 -0.1946
vn -0.1257 0.9691 -0.2124
vn -0.1117 0.9922 -0.0557
vn -0.1170 0.9911 -0.0638
vn -0.1167 0.9932 -0.0043
vn -0.1115 0.9899 0.0877
vn -0.1041 0.9912 0.0814
vn -0.1199 0.9745 0.1897
vn -0.3251 -0.2814 0.9028
vn -0.5470 -0.4431 0.7102
vn -0.5171 -0.2964 0.8030
vn -0.5316 -0.1805 0.8275
vn -0.5435 -0.0287 0.8389
vn -0.5436 -0.0287 0.8388
vn -0.5171 -0.2967 0.8029
vn -0.5218 -0.3644 0.7713
vn -0.4850 -0.3976 0.7789
vn -0.5204 -0.4442 0.7293
vn -0.5391 -0.4353 0.7210
vn -0.6508 -0.3914 0.6506
vn -0.0727 -0.0544 0.9959
vn -0.0610 -0.0257 0.9978
vn -0.0465 -0.0235 0.9986
vn -0.1284 -0.0789 0.9886
vn -0.0972 -0.0424 0.9944
vn -0.0972 -0.0425 0.9944
vn -0.2334 -0.0557 0.9708
vn -0.1986 0.0197 0.9799
vn -0.2102 -0.0536 0.9762
vn -0.3828 -0.3273 0.8639
vn -0.4289 -0.3371 0.8381
vn -0.4475 -0.3450 0.8251
vn -0.4258 -0.3551 0.8322
vn -0.4257 -0.3551 0.8323
vn -0.4082 -0.0958 0.9079
vn -0.4455 -0.1083 0.8887
vn -0.4449 -0.1072 0.8891
vn -0.4918 -0.1172 0.8628
vn -0.4937 -0.1199 0.8614
vn -0.5805 -0.1282 0.8041
vn -0.5599 -0.0911 0.8235
vn -0.3751 -0.0884 0.9227
vn -0.3813 -0.0864 0.9204
vn -0.4103 -0.0985 0.9066
vn -0.3375 -0.2956 0.8937
vn -0.3701 -0.3066 0.8769
vn -0.2832 -0.2638 0.9220
vn -0.2995 -0.2624 0.9173
vn -0.2879 -0.2517 0.9240
vn -0.2514 -0.2312 0.9399
vn -0.2465 -0.2165 0.9446
vn -0.2276 -0.2025 0.9525
vn -0.2214 -0.1947 0.9555
vn -0.2050 -0.1814 0.9618
vn -0.2031 -0.1734 0.9637
vn -0.3750 -0.0883 0.9228
vn -0.3435 -0.0707 0.9365
vn -0.3456 -0.0795 0.9350
vn -0.3232 -0.0628 0.9442
vn -0.3278 -0.0689 0.9422
vn -0.3092 -0.0539 0.9495
vn -0.3106 -0.0643 0.9483
vn -0.2900 -0.0426 0.9561
vn -0.2900 -0.0541 0.9555
vn -0.2770 -0.0356 0.9602
vn -0.2793 -0.0451 0.9591
vn -0.2712 -0.0319 0.9620
vn -0.2682 -0.0215 0.9631
vn -0.1761 -0.1449 0.9736
vn -0.1779 -0.1456 0.9732
vn -0.1771 -0.1442 0.9736
vn -0.1603 -0.1204 0.9797
vn -0.1610 -0.1228 0.9793
vn -0.1452 -0.0969 0.9846
vn -0.1444 -0.1053 0.9839
vn -0.1332 -0.0790 0.9879
vn -0.1183 -0.0078 0.9929
vn -0.5350 -0.4309 -0.7267
vn -0.5103 -0.2922 -0.8088
vn -0.6287 -0.3755 -0.6810
vn -0.4749 -0.3780 -0.7947
vn -0.4991 -0.3590 -0.7887
vn -0.5830 -0.0953 -0.8068
vn -0.5253 -0.1780 -0.8321
vn -0.5104 -0.2916 -0.8090
vn -0.2795 -0.0283 -0.9597
vn -0.2683 -0.0243 -0.9630
vn -0.2459 -0.0513 -0.9679
vn -0.2164 0.0094 -0.9763
vn -0.2104 -0.0538 -0.9761
vn -0.1268 -0.0562 -0.9903
vn -0.0976 -0.0510 -0.9939
vn -0.0937 -0.0409 -0.9948
vn -0.1092 -0.0672 -0.9918
vn -0.1156 -0.0844 -0.9897
vn -0.0395 -0.0200 -0.9990
vn -0.0535 -0.0223 -0.9983
vn -0.0535 -0.0222 -0.9983
vn -0.1598 -0.1203 -0.9798
vn -0.1503 -0.1052 -0.9830
vn -0.1433 -0.1011 -0.9845
vn -0.1277 -0.0658 -0.9896
vn -0.2107 -0.0537 -0.9761
vn -0.2410 -0.2104 -0.9475
vn -0.1977 -0.1746 -0.9646
vn -0.2051 -0.1756 -0.9629
vn -0.1740 -0.1420 -0.9745
vn -0.1752 -0.1425 -0.9742
vn -0.1747 -0.1413 -0.9744
vn -0.1616 -0.1222 -0.9793
vn -0.3779 -0.3074 -0.8733
vn -0.3084 -0.2828 -0.9082
vn -0.3273 -0.2777 -0.9032
vn -0.2664 -0.2489 -0.9312
vn -0.2793 -0.2520 -0.9265
vn -0.2709 -0.2381 -0.9327
vn -0.2281 -0.2114 -0.9504
vn -0.5383 -0.0285 -0.8422
vn -0.5524 -0.1258 -0.8240
vn -0.4827 -0.1171 -0.8679
vn -0.4815 -0.1153 -0.8688
vn -0.4827 -0.1156 -0.8681
vn -0.4383 -0.1051 -0.8927
vn -0.4367 -0.1060 -0.8933
vn -0.4006 -0.0932 -0.9115
vn -0.3962 -0.0947 -0.9133
vn -0.3680 -0.0815 -0.9262
vn -0.3609 -0.0833 -0.9289
vn -0.3381 -0.0691 -0.9386
vn -0.3285 -0.0704 -0.9419
vn -0.3135 -0.0580 -0.9478
vn -0.3028 -0.0572 -0.9513
vn -0.2943 -0.0480 -0.9545
vn -0.2830 -0.0455 -0.9580
vn -0.2816 -0.0435 -0.9585
vn -0.2749 -0.0368 -0.9608
vn -0.2722 -0.0325 -0.9617
vn -0.4124 -0.3481 -0.8419
vn -0.4125 -0.3481 -0.8418
vn -0.4328 -0.3429 -0.8337
vn -0.4156 -0.3312 -0.8471
vn -0.3566 -0.3171 -0.8788
vn 0.0122 0.2065 0.9784
vn 0.0002 0.0808 0.9967
vn -0.0000 0.0022 1.0000
vn -0.0053 0.8434 0.5372
vn 0.0190 0.7069 0.7070
vn 0.0834 0.8214 0.5642
vn 0.0134 0.6790 0.7340
vn 0.0015 0.5576 0.8301
vn -0.0034 0.4110 0.9116
vn -0.0034 0.2589 0.9659
vn 0.0438 0.3760 0.9256
vn 0.0438 0.3762 0.9255
vn 0.0811 0.9913 0.1035
vn 0.0105 0.9452 0.3265
vn -0.0053 0.8433 0.5374
vn -0.0000 0.9659 0.2589
vn -0.0000 0.9659 -0.2589
vn -0.0000 0.7070 -0.7072
vn -0.0000 0.2589 -0.9659
vn -0.0000 0.2589 0.9659
vn -0.0000 0.7070 0.7072
vn 0.0012 0.9224 -0.3862
vn 0.0338 0.9654 -0.2587
vn 0.0291 0.9698 -0.2423
vn -0.0000 0.9946 -0.1038
vn 0.0190 0.6744 -0.7381
vn 0.0534 0.7807 -0.6226
vn 0.0139 0.7070 -0.7071
vn -0.0014 0.7972 -0.6037
vn -0.0014 0.7973 -0.6035
vn 0.0004 0.1446 -0.9895
vn -0.0000 0.0022 -1.0000
vn 0.0361 0.3330 -0.9422
vn 0.0918 0.4942 -0.8645
vn 0.0086 0.2588 -0.9659
vn -0.0050 0.5553 -0.8316
vn -0.0050 0.5550 -0.8318
vn 0.0882 0.9939 0.0666
vn 0.1409 0.9069 0.3971
vn 0.1410 0.9069 0.3971
vn 0.1659 0.9800 0.1100
vn 0.0748 0.9747 0.2105
vn 0.0766 0.9778 0.1952
vn 0.1786 0.7382 0.6505
vn 0.2050 0.7518 0.6267
vn 0.2634 0.8996 0.3485
vn 0.2372 0.8924 0.3838
vn 0.2841 0.9588 -0.0001
vn 0.2801 0.9588 0.0483
vn 0.2582 0.9661 -0.0006
vn 0.1950 0.9785 0.0670
vn 0.2219 0.9739 0.0484
vn 0.1784 0.8923 0.4148
vn 0.2933 0.8761 0.3825
vn 0.2621 0.6218 0.7380
vn 0.2620 0.6218 0.7381
vn 0.4964 0.8030 -0.3299
vn 0.1687 0.3136 0.9345
vn 0.2220 0.0473 0.9739
vn 0.6199 0.1328 0.7734
vn 0.8899 0.1912 0.4141
vn 0.9771 0.2107 -0.0300
vn 0.8922 0.1871 0.4110
vn 0.8702 0.2716 0.4111
vn 0.8703 0.2715 0.4110
vn 0.8140 0.4126 0.4089
vn 0.8038 0.4170 0.4243
vn 0.7292 0.5353 0.4263
vn 0.7141 0.5448 0.4396
vn 0.9783 0.2044 -0.0347
vn 0.9540 0.2979 -0.0347
vn 0.9540 0.2976 -0.0349
vn 0.8921 0.4505 -0.0347
vn 0.8870 0.4616 -0.0112
vn 0.8079 0.5893 -0.0113
vn 0.7936 0.6084 0.0093
vn 0.6208 0.6619 -0.4202
vn 0.7166 0.5545 -0.4230
vn 0.7255 0.5234 -0.4468
vn 0.7935 0.4153 -0.4448
vn 0.7883 0.3954 -0.4714
vn 0.8409 0.2623 -0.4734
vn 0.8409 0.2626 -0.4732
vn 0.8626 0.1792 -0.4731
vn 0.8637 0.1874 -0.4679
vn 0.6394 0.6939 -0.3311
vn 0.6505 0.6392 -0.4101
vn 0.6799 0.7283 0.0856
vn 0.7083 0.7059 0.0092
vn 0.5984 0.6362 0.4870
vn 0.6338 0.6375 0.4380
vn 0.2227 0.0467 0.9738
vn 0.2172 0.0678 0.9738
vn 0.2173 0.0677 0.9738
vn 0.2039 0.1042 0.9734
vn 0.2001 0.1039 0.9743
vn 0.1799 0.1340 0.9745
vn 0.1757 0.1346 0.9752
vn 0.1553 0.1593 0.9749
vn 0.1444 0.1541 0.9774
vn 0.1144 0.1779 0.9774
vn 0.1009 0.1662 0.9809
vn 0.0894 0.1723 0.9810
vn 0.0509 0.1878 0.9809
vn 0.5015 0.8450 -0.1855
vn 0.5401 0.8060 -0.2420
vn 0.5066 0.8382 0.2019
vn 0.5549 0.8275 0.0856
vn 0.4322 0.7075 0.5591
vn 0.4821 0.7283 0.4870
vn 0.6219 0.1307 0.7721
vn 0.6066 0.1893 0.7721
vn 0.6067 0.1892 0.7720
vn 0.5687 0.2890 0.7701
vn 0.5592 0.2897 0.7768
vn 0.5050 0.3727 0.7785
vn 0.4939 0.3759 0.7840
vn 0.4374 0.4430 0.7826
vn 0.4090 0.4331 0.8032
vn 0.3267 0.4983 0.8031
vn 0.2898 0.4720 0.8326
vn 0.2062 0.5151 0.8320
vn 0.3351 0.7583 0.5592
vn 0.2729 0.7081 0.6513
vn 0.4014 0.8934 0.2020
vn 0.3345 0.8757 0.3484
vn 0.3972 0.9177 -0.0001
vn 0.3973 0.9177 -0.0006
vn 0.3683 0.9111 -0.1849
vn 0.8562 0.2210 -0.4669
vn 0.8562 0.2210 -0.4670
vn 0.8039 0.3685 -0.4669
vn 0.8038 0.3685 -0.4669
vn 0.7263 0.5045 -0.4670
vn 0.6259 0.6246 -0.4670
vn 0.6259 0.6247 -0.4669
vn 0.5060 0.7252 -0.4669
vn 0.5060 0.7252 -0.4670
vn 0.3701 0.8031 -0.4670
vn 0.2227 0.8558 -0.4670
vn 0.2227 0.8558 -0.4669
vn 0.0683 0.8817 -0.4669
vn 0.0683 0.8816 -0.4669
vn -0.0882 0.8799 -0.4669
vn -0.2420 0.8505 -0.4669
vn -0.2420 0.8505 -0.4670
vn -0.3882 0.7945 -0.4669
vn -0.5222 0.7136 -0.4669
vn -0.5222 0.7136 -0.4670
vn -0.6398 0.6104 -0.4670
vn -0.6399 0.6104 -0.4669
vn -0.7375 0.4880 -0.4669
vn -0.7375 0.4880 -0.4670
vn -0.8120 0.3503 -0.4669
vn -0.8831 0.0466 -0.4669
vn -0.8610 0.2016 -0.4669
vn -0.8443 -0.2628 -0.4669
vn -0.8775 -0.1098 -0.4669
vn -0.8774 -0.1098 -0.4670
vn -0.8774 -0.1098 -0.4669
vn -0.8443 -0.2629 -0.4669
vn -0.7006 -0.5396 -0.4669
vn -0.7848 -0.4076 -0.4669
vn -0.7847 -0.4076 -0.4669
vn -0.7919 -0.6099 -0.0300
vn -0.8870 -0.4607 -0.0300
vn -0.9544 -0.2971 -0.0300
vn -0.9544 -0.2971 -0.0299
vn -0.9918 -0.1241 -0.0298
vn -0.9918 -0.1242 -0.0300
vn -0.9982 0.0527 -0.0300
vn -0.9982 0.0527 -0.0299
vn -0.9732 0.2279 -0.0299
vn -0.9732 0.2279 -0.0300
vn -0.9178 0.3959 -0.0300
vn -0.8336 0.5516 -0.0300
vn -0.8336 0.5516 -0.0299
vn -0.7233 0.6899 -0.0300
vn -0.7233 0.6899 -0.0299
vn -0.5903 0.8067 -0.0299
vn -0.5903 0.8066 -0.0300
vn -0.4388 0.8981 -0.0300
vn -0.4388 0.8981 -0.0299
vn -0.2735 0.9614 -0.0299
vn -0.2735 0.9614 -0.0300
vn -0.0997 0.9946 -0.0300
vn 0.0772 0.9966 -0.0300
vn 0.0772 0.9966 -0.0299
vn 0.2518 0.9673 -0.0300
vn 0.2518 0.9673 -0.0299
vn 0.4184 0.9078 -0.0299
vn 0.5719 0.8198 -0.0299
vn 0.7075 0.7061 -0.0299
vn 0.8209 0.5702 -0.0299
vn 0.9086 0.4165 -0.0299
vn 0.9678 0.2498 -0.0299
vn -0.7215 -0.5557 0.4131
vn -0.8082 -0.4198 0.4131
vn -0.8695 -0.2707 0.4131
vn -0.9037 -0.1131 0.4131
vn -0.9036 -0.1131 0.4131
vn -0.9094 0.0480 0.4131
vn -0.8867 0.2076 0.4131
vn -0.8362 0.3607 0.4131
vn -0.7595 0.5025 0.4131
vn -0.6590 0.6286 0.4131
vn -0.5378 0.7349 0.4131
vn -0.3998 0.8183 0.4131
vn -0.2492 0.8759 0.4131
vn -0.0908 0.9061 0.4131
vn 0.0704 0.9079 0.4131
vn 0.0704 0.9080 0.4131
vn 0.2294 0.8813 0.4131
vn 0.3812 0.8271 0.4131
vn 0.3812 0.8271 0.4130
vn 0.5211 0.7469 0.4130
vn 0.5211 0.7469 0.4131
vn 0.6446 0.6433 0.4131
vn 0.7479 0.5195 0.4131
vn 0.7480 0.5196 0.4131
vn 0.8279 0.3795 0.4131
vn 0.8278 0.3795 0.4131
vn 0.8818 0.2276 0.4131
vn -0.5031 -0.3875 0.7725
vn -0.5635 -0.2927 0.7725
vn -0.6063 -0.1888 0.7725
vn -0.6063 -0.1887 0.7725
vn -0.6301 -0.0789 0.7725
vn -0.6341 0.0335 0.7725
vn -0.6183 0.1448 0.7725
vn -0.5831 0.2515 0.7725
vn -0.5296 0.3504 0.7725
vn -0.4595 0.4383 0.7725
vn -0.3750 0.5124 0.7725
vn -0.3750 0.5125 0.7725
vn -0.2788 0.5706 0.7725
vn -0.2787 0.5705 0.7725
vn -0.1738 0.6108 0.7725
vn -0.0633 0.6318 0.7725
vn 0.0491 0.6331 0.7725
vn 0.1599 0.6145 0.7725
vn 0.2658 0.5767 0.7725
vn 0.3633 0.5208 0.7725
vn 0.4495 0.4486 0.7725
vn 0.4495 0.4485 0.7725
vn 0.5215 0.3623 0.7725
vn 0.5772 0.2646 0.7725
vn 0.6148 0.1587 0.7725
vn 0.6149 0.1587 0.7725
vn -0.1803 -0.1389 0.9738
vn -0.2020 -0.1049 0.9738
vn -0.2019 -0.1049 0.9738
vn -0.2173 -0.0676 0.9738
vn -0.2258 -0.0283 0.9738
vn -0.2273 0.0120 0.9738
vn -0.2216 0.0519 0.9738
vn -0.2090 0.0901 0.9738
vn -0.1898 0.1256 0.9738
vn -0.1647 0.1571 0.9738
vn -0.1344 0.1837 0.9738
vn -0.1344 0.1836 0.9738
vn -0.0999 0.2045 0.9738
vn -0.0623 0.2189 0.9738
vn -0.0227 0.2264 0.9738
vn 0.0176 0.2269 0.9738
vn 0.0573 0.2202 0.9738
vn 0.0953 0.2067 0.9738
vn 0.1302 0.1866 0.9738
vn 0.1611 0.1607 0.9738
vn 0.1611 0.1608 0.9738
vn 0.1869 0.1298 0.9738
vn 0.2069 0.0948 0.9738
vn 0.2203 0.0569 0.9738
vn 0.2204 0.0569 0.9738
vn -0.7488 -0.0405 -0.6615
vn -0.7480 -0.0390 -0.6625
vn -0.9759 -0.0524 -0.2117
vn -0.9758 -0.0511 -0.2128
vn -0.9552 -0.0511 0.2915
vn -0.9555 -0.0503 0.2908
vn -0.6919 -0.0370 0.7211
vn -0.6922 -0.0365 0.7208
vn -0.2521 -0.0135 0.9676
vn -0.2523 -0.0133 0.9676
vn -0.7447 -0.1256 -0.6555
vn -0.7408 -0.1163 -0.6616
vn -0.9653 -0.1607 -0.2057
vn -0.9652 -0.1538 -0.2117
vn -0.9424 -0.1562 0.2959
vn -0.9445 -0.1514 0.2914
vn -0.6817 -0.1126 0.7229
vn -0.6841 -0.1101 0.7210
vn -0.2483 -0.0411 0.9678
vn -0.2492 -0.0405 0.9676
vn -0.2393 -0.0817 0.9675
vn -0.2338 -0.0822 0.9688
vn -0.6560 -0.2222 0.7213
vn -0.6437 -0.2251 0.7314
vn -0.9055 -0.3053 0.2946
vn -0.8949 -0.3139 0.3171
vn -0.9283 -0.3105 -0.2048
vn -0.9288 -0.3279 -0.1729
vn -0.7187 -0.2361 -0.6540
vn -0.6703 -0.4059 -0.6212
vn -0.6706 -0.4054 -0.6212
vn -0.7373 -0.2639 -0.6219
vn -0.7042 -0.4306 -0.5646
vn -0.6855 -0.3810 -0.6204
vn -0.8508 -0.5121 -0.1176
vn -0.8570 -0.4854 -0.1731
vn -0.8023 -0.4794 0.3557
vn -0.8233 -0.4705 0.3175
vn -0.5698 -0.3394 0.7485
vn -0.5909 -0.3396 0.7318
vn -0.2054 -0.1231 0.9709
vn -0.2142 -0.1244 0.9688
vn -0.6708 -0.5752 -0.4681
vn -0.6525 -0.5054 -0.5647
vn -0.7640 -0.6446 -0.0301
vn -0.7793 -0.6155 -0.1176
vn -0.6979 -0.5843 0.4141
vn -0.7308 -0.5826 0.3557
vn -0.4867 -0.4062 0.7733
vn -0.5173 -0.4149 0.7485
vn -0.1737 -0.1460 0.9739
vn -0.1860 -0.1510 0.9709
vn -0.7486 -0.0000 -0.6630
vn -0.9770 -0.0000 -0.2131
vn -0.9567 -0.0000 0.2911
vn -0.9567 -0.0000 0.2912
vn -0.6927 -0.0000 0.7212
vn -0.2523 -0.0000 0.9676
vn -0.9769 0.0143 -0.2131
vn -0.9565 0.0190 0.2911
vn -0.6926 0.0198 0.7211
vn -0.2039 0.4977 0.8430
vn -0.2446 0.4284 0.8698
vn -0.2066 0.3805 0.9014
vn -0.2411 0.2860 0.9274
vn -0.2351 0.2591 0.9368
vn -0.2645 0.1450 0.9534
vn -0.2475 0.1294 0.9602
vn -0.2525 0.0161 0.9675
vn -0.2523 0.0148 0.9675
vn -0.1444 0.6183 0.7726
vn -0.1443 0.6183 0.7725
vn -0.2051 0.5347 0.8198
vn -0.6963 0.1779 -0.6954
vn -0.7052 0.1689 -0.6886
vn -0.7021 0.1664 -0.6924
vn -0.7139 0.1493 -0.6841
vn -0.7122 0.1500 -0.6858
vn -0.7271 0.1251 -0.6750
vn -0.7242 0.1247 -0.6782
vn -0.7374 0.0884 -0.6697
vn -0.7363 0.0895 -0.6707
vn -0.7477 0.0460 -0.6625
vn -0.7467 0.0464 -0.6635
vn -0.7486 0.0053 -0.6630
vn -0.6951 0.1844 -0.6949
vn -0.6947 0.1806 -0.6962
vn -0.6975 0.1781 -0.6941
vn -0.2354 0.6324 0.7380
vn -0.1722 0.7002 0.6929
vn -0.1699 0.7329 0.6588
vn -0.1270 0.7705 0.6246
vn -0.1876 0.8299 0.5254
vn -0.9769 0.0142 -0.2130
vn -0.9687 0.1246 -0.2147
vn -0.9674 0.1268 -0.2192
vn -0.9402 0.2410 -0.2407
vn -0.9382 0.2448 -0.2445
vn -0.9010 0.3418 -0.2673
vn -0.8965 0.3427 -0.2809
vn -0.8573 0.4109 -0.3103
vn -0.8533 0.4141 -0.3170
vn -0.8141 0.4683 -0.3435
vn -0.8087 0.4623 -0.3638
vn -0.7759 0.4963 -0.3894
vn -0.7713 0.4969 -0.3977
vn -0.7428 0.5223 -0.4189
vn -0.7390 0.5069 -0.4437
vn -0.7039 0.5299 -0.4729
vn -0.7025 0.5080 -0.4984
vn -0.6776 0.5191 -0.5210
vn -0.6803 0.4873 -0.5475
vn -0.9565 0.0200 0.2910
vn -0.9433 0.1702 0.2850
vn -0.9451 0.1764 0.2752
vn -0.9100 0.3316 0.2490
vn -0.9084 0.3423 0.2402
vn -0.8564 0.4731 0.2068
vn -0.8582 0.4824 0.1755
vn -0.8056 0.5764 0.1368
vn -0.8003 0.5873 0.1203
vn -0.7438 0.6634 0.0815
vn -0.7476 0.6633 0.0327
vn -0.7000 0.7142 -0.0044
vn -0.6936 0.7199 -0.0247
vn -0.6472 0.7600 -0.0593
vn -0.6563 0.7450 -0.1196
vn -0.5911 0.7876 -0.1739
vn -0.6043 0.7614 -0.2346
vn -0.5485 0.7860 -0.2851
vn -0.5695 0.7450 -0.3475
vn -0.6988 0.1820 -0.6918
vn -0.6988 0.1822 -0.6917
vn -0.7103 0.1771 -0.6813
vn -0.7093 0.1717 -0.6837
vn -0.7255 0.1680 -0.6674
vn -0.7248 0.1563 -0.6710
vn -0.6739 0.4540 -0.5829
vn -0.6582 0.4923 -0.5696
vn -0.6685 0.4540 -0.5891
vn -0.5199 0.7563 -0.3972
vn -0.5456 0.7068 -0.4503
vn -0.3819 0.8890 -0.2527
vn -0.6927 0.0210 0.7209
vn -0.6816 0.1720 0.7112
vn -0.6903 0.1829 0.7000
vn -0.6538 0.3382 0.6769
vn -0.6554 0.3572 0.6655
vn -0.6049 0.4873 0.6298
vn -0.6233 0.5130 0.5902
vn -0.5696 0.6080 0.5530
vn -0.5669 0.6306 0.5300
vn -0.5094 0.7085 0.4884
vn -0.5352 0.7326 0.4206
vn -0.4841 0.7872 0.3821
vn -0.4794 0.8039 0.3521
vn -0.4275 0.8484 0.3122
vn -0.4617 0.8587 0.2225
vn -0.3806 0.9117 0.1550
vn -0.4181 0.9063 0.0608
vn -0.3425 0.9395 -0.0078
vn -0.3899 0.9145 -0.1079
vn -0.3135 0.9315 -0.1845
vn -0.3683 0.8900 -0.2687
vn -0.0874 0.8931 0.4412
vn -0.1645 0.9024 0.3982
vn -0.1704 0.9228 0.3456
vn -0.0895 0.9581 0.2720
vn -0.1628 0.9763 0.1423
vn -0.0801 0.9950 0.0592
vn -0.1538 0.9861 -0.0627
vn -0.7416 0.1564 -0.6524
vn -0.7637 0.2207 -0.6067
vn -0.6602 0.4540 -0.5984
vn -0.3320 0.8910 -0.3098
vn -0.5483 0.7067 -0.4472
vn -0.1175 0.9877 -0.1034
vn -0.7252 0.2588 -0.6381
vn -0.7610 0.2586 -0.5950
vn -0.7610 0.2585 -0.5950
vn -0.8027 0.2587 -0.5374
vn -0.8027 0.2587 -0.5373
vn -0.8401 0.2585 -0.4769
vn -0.8401 0.2586 -0.4769
vn -0.8811 0.2586 -0.3959
vn -0.8810 0.2586 -0.3961
vn -0.9145 0.2585 -0.3111
vn -0.9145 0.2586 -0.3111
vn -0.9352 0.2588 -0.2419
vn -0.9352 0.2587 -0.2419
vn -0.9505 0.2585 -0.1721
vn -0.9625 0.2585 -0.0819
vn -0.9625 0.2586 -0.0819
vn -0.9660 0.2586 0.0092
vn -0.9625 0.2587 0.0820
vn -0.9537 0.2586 0.1539
vn -0.9537 0.2585 0.1539
vn -0.9351 0.2585 0.2425
vn -0.9351 0.2586 0.2425
vn -0.9080 0.2585 0.3297
vn -0.8808 0.2588 0.3966
vn -0.9080 0.2586 0.3297
vn -0.8808 0.2588 0.3965
vn -0.8490 0.2586 0.4609
vn -0.8021 0.2586 0.5384
vn -0.8021 0.2586 0.5383
vn -0.7480 0.2585 0.6112
vn -0.7480 0.2585 0.6113
vn -0.5478 0.7068 0.4476
vn -0.5479 0.7067 0.4477
vn -0.5874 0.7067 0.3943
vn -0.6218 0.7067 0.3376
vn -0.6449 0.7070 0.2904
vn -0.6650 0.7067 0.2415
vn -0.6849 0.7067 0.1776
vn -0.6848 0.7067 0.1776
vn -0.6985 0.7067 0.1127
vn -0.7047 0.7069 0.0600
vn -0.7047 0.7070 0.0600
vn -0.7075 0.7067 0.0068
vn -0.7050 0.7067 -0.0600
vn -0.6962 0.7067 -0.1260
vn -0.6962 0.7067 -0.1261
vn -0.6847 0.7070 -0.1771
vn -0.6698 0.7067 -0.2279
vn -0.6454 0.7067 -0.2900
vn -0.6153 0.7067 -0.3493
vn -0.5877 0.7070 -0.3934
vn -0.5573 0.7067 -0.4358
vn -0.5479 0.7070 -0.4471
vn -0.6602 0.4541 -0.5984
vn -0.5478 0.7067 0.4477
vn -0.2006 0.9658 0.1639
vn -0.2202 0.9653 -0.1406
vn -0.2041 0.9659 -0.1596
vn -0.2151 0.9659 -0.1440
vn -0.2253 0.9659 -0.1279
vn -0.2363 0.9659 -0.1062
vn -0.2453 0.9659 -0.0834
vn -0.2506 0.9659 -0.0648
vn -0.2549 0.9659 -0.0462
vn -0.2581 0.9659 -0.0220
vn -0.2590 0.9659 0.0025
vn -0.2579 0.9659 0.0220
vn -0.2580 0.9659 0.0220
vn -0.2557 0.9659 0.0413
vn -0.2507 0.9659 0.0650
vn -0.2508 0.9659 0.0650
vn -0.2435 0.9659 0.0884
vn -0.2361 0.9659 0.1063
vn -0.2277 0.9659 0.1236
vn -0.2151 0.9659 0.1444
vn -0.2006 0.9659 0.1639
vn -0.2124 0.5024 -0.8381
vn -0.1848 0.8573 -0.4804
vn -0.1682 0.9422 -0.2898
vn -0.7141 0.1750 0.6779
vn -0.7417 0.1633 0.6506
vn -0.7166 0.2588 0.6477
vn -0.5241 0.7449 0.4129
vn -0.5593 0.7062 0.4341
vn -0.6673 0.4821 0.5677
vn -0.5153 0.7071 0.4842
vn -0.7316 0.2587 0.6308
vn -0.0732 0.9973 -0.0037
vn -0.2459 0.9628 0.1123
vn -0.3279 0.9222 0.2052
vn -0.2245 0.9648 0.1370
vn -0.5505 0.7066 0.4447
vn -0.7140 0.1750 0.6779
vn -0.0698 0.9778 -0.1974
vn -0.1782 0.9776 -0.1120
vn -0.3220 0.9443 0.0677
vn -0.3971 0.9081 0.1329
vn -0.5308 0.7828 0.3247
vn -0.5716 0.7357 0.3632
vn -0.6676 0.5143 0.5383
vn -0.6816 0.4794 0.5528
vn -0.7130 0.1708 0.6800
vn -0.7139 0.1684 0.6797
vn -0.0817 0.9164 -0.3918
vn -0.1897 0.9313 -0.3108
vn -0.3529 0.9305 -0.0977
vn -0.4255 0.9045 -0.0290
vn -0.5674 0.7954 0.2130
vn -0.6039 0.7547 0.2564
vn -0.6904 0.5316 0.4908
vn -0.7005 0.5017 0.5076
vn -0.7013 0.1811 0.6895
vn -0.7013 0.1799 0.6898
vn -0.0986 0.8154 -0.5704
vn -0.1367 0.8086 -0.5722
vn -0.3969 0.8792 -0.2636
vn -0.4678 0.8619 -0.1957
vn -0.6205 0.7785 0.0941
vn -0.6531 0.7442 0.1398
vn -0.7269 0.5308 0.4358
vn -0.7337 0.5057 0.4538
vn -0.6950 0.1816 0.6957
vn -0.6952 0.1847 0.6947
vn -0.1359 0.7218 -0.6787
vn -0.2055 0.7268 -0.6554
vn -0.4560 0.8081 -0.3730
vn -0.5009 0.7939 -0.3447
vn -0.6822 0.7311 0.0100
vn -0.7030 0.7105 0.0308
vn -0.7684 0.5056 0.3924
vn -0.7730 0.4922 0.4004
vn -0.6966 0.1769 0.6953
vn -0.6967 0.1801 0.6944
vn -0.1482 0.5969 -0.7885
vn -0.2398 0.6104 -0.7549
vn -0.5041 0.7071 -0.4958
vn -0.5606 0.6944 -0.4512
vn -0.7458 0.6599 -0.0910
vn -0.7691 0.6367 -0.0563
vn -0.8192 0.4642 0.3369
vn -0.8220 0.4482 0.3514
vn -0.7048 0.1619 0.6906
vn -0.7061 0.1669 0.6881
vn -0.1913 0.4921 -0.8493
vn -0.2169 0.4689 -0.8562
vn -0.5695 0.5951 -0.5669
vn -0.5945 0.5764 -0.5607
vn -0.8137 0.5611 -0.1515
vn -0.8254 0.5455 -0.1452
vn -0.8670 0.3974 0.3006
vn -0.8696 0.3896 0.3032
vn -0.7164 0.1417 0.6832
vn -0.7163 0.1443 0.6827
vn -0.2054 0.3662 -0.9076
vn -0.2627 0.3579 -0.8960
vn -0.6127 0.4593 -0.6431
vn -0.6470 0.4438 -0.6200
vn -0.8693 0.4416 -0.2219
vn -0.8822 0.4256 -0.2014
vn -0.9133 0.3164 0.2564
vn -0.9138 0.3071 0.2657
vn -0.7293 0.1124 0.6750
vn -0.7306 0.1153 0.6730
vn -0.2350 0.2430 -0.9411
vn -0.2493 0.2243 -0.9421
vn -0.6599 0.3077 -0.6854
vn -0.6690 0.2922 -0.6834
vn -0.9194 0.2968 -0.2581
vn -0.9234 0.2863 -0.2557
vn -0.9486 0.2128 0.2343
vn -0.9493 0.2084 0.2354
vn -0.7397 0.0765 0.6686
vn -0.7398 0.0779 0.6683
vn -0.2508 0.1098 -0.9618
vn -0.2664 0.1015 -0.9585
vn -0.6858 0.1406 -0.7141
vn -0.6946 0.1331 -0.7070
vn -0.9477 0.1365 -0.2884
vn -0.9505 0.1311 -0.2818
vn -0.9723 0.0984 0.2120
vn -0.9719 0.0958 0.2152
vn -0.7481 0.0354 0.6626
vn -0.7487 0.0361 0.6619
vn -0.2523 -0.0000 -0.9676
vn -0.6927 -0.0000 -0.7212
vn -0.9567 -0.0000 -0.2912
vn -0.9567 -0.0000 -0.2911
vn -0.9770 -0.0000 0.2131
vn -0.7486 -0.0000 0.6630
vn -0.6708 -0.5752 0.4681
vn -0.7042 -0.4305 0.5646
vn -0.2522 -0.0133 -0.9676
vn -0.2523 -0.0135 -0.9676
vn -0.6919 -0.0364 -0.7211
vn -0.6922 -0.0369 -0.7207
vn -0.9553 -0.0502 -0.2915
vn -0.9554 -0.0511 -0.2908
vn -0.9760 -0.0511 0.2117
vn -0.9757 -0.0524 0.2128
vn -0.2484 -0.0403 -0.9678
vn -0.2492 -0.0414 -0.9676
vn -0.6822 -0.1100 -0.7229
vn -0.6837 -0.1131 -0.7209
vn -0.9432 -0.1514 -0.2957
vn -0.9437 -0.1564 -0.2914
vn -0.9664 -0.1541 0.2056
vn -0.9641 -0.1604 0.2116
vn -0.2348 -0.0802 -0.9687
vn -0.2388 -0.0838 -0.9674
vn -0.6462 -0.2190 -0.7310
vn -0.6543 -0.2284 -0.7209
vn -0.8987 -0.3033 -0.3168
vn -0.9021 -0.3158 -0.2942
vn -0.9338 -0.3133 0.1727
vn -0.9234 -0.3249 0.2045
vn -0.6704 -0.4057 0.6212
vn -0.7441 -0.2464 0.6210
vn -0.7135 -0.2541 0.6529
vn -0.7462 -0.1174 0.6553
vn -0.7397 -0.1246 0.6613
vn -0.7489 -0.0390 0.6615
vn -0.7480 -0.0404 0.6625
vn -0.2073 -0.1204 -0.9708
vn -0.2129 -0.1273 -0.9687
vn -0.5753 -0.3309 -0.7481
vn -0.5864 -0.3483 -0.7313
vn -0.8111 -0.4646 -0.3552
vn -0.8151 -0.4849 -0.3170
vn -0.8629 -0.4915 0.1173
vn -0.8454 -0.5055 0.1728
vn -0.7002 -0.3914 0.5971
vn -0.6704 -0.4058 0.6212
vn -0.1764 -0.1432 -0.9739
vn -0.1839 -0.1540 -0.9708
vn -0.4946 -0.3973 -0.7730
vn -0.5106 -0.4240 -0.7480
vn -0.7108 -0.5689 -0.4136
vn -0.7190 -0.5974 -0.3552
vn -0.7817 -0.6230 0.0300
vn -0.7626 -0.6361 0.1174
vn -0.6574 -0.5104 0.5543
vn -0.6318 -0.5322 0.5636
vn -0.8610 0.2016 0.4669
vn -0.8119 0.3503 0.4669
vn -0.7375 0.4880 0.4669
vn -0.6399 0.6104 0.4669
vn -0.5222 0.7136 0.4669
vn -0.3882 0.7945 0.4669
vn -0.2420 0.8505 0.4669
vn -0.0882 0.8799 0.4670
vn 0.5060 0.7252 0.4669
vn 0.6259 0.6247 0.4669
vn 0.7263 0.5045 0.4670
vn 0.8039 0.3685 0.4669
vn 0.8562 0.2210 0.4670
vn -0.5296 0.3504 -0.7725
vn -0.1803 -0.1389 -0.9738
vn -0.2020 -0.1049 -0.9738
vn -0.2173 -0.0676 -0.9738
vn -0.2258 -0.0283 -0.9738
vn -0.2273 0.0120 -0.9738
vn 0.2069 0.0948 -0.9738
vn 0.2203 0.0569 -0.9738
vn -0.1898 0.1256 -0.9738
vn -0.1647 0.1571 -0.9738
vn -0.8362 0.3607 -0.4131
vn -0.5831 0.2515 -0.7725
vn -0.2090 0.0901 -0.9738
vn -0.9732 0.2279 0.0300
vn -0.8867 0.2076 -0.4132
vn -0.8867 0.2076 -0.4131
vn -0.6183 0.1448 -0.7725
vn -0.2216 0.0519 -0.9738
vn 0.4184 0.9078 0.0300
vn 0.2204 0.0569 -0.9738
vn 0.6148 0.1587 -0.7725
vn 0.6149 0.1587 -0.7725
vn 0.8818 0.2276 -0.4131
vn 0.9678 0.2498 0.0299
vn 0.8562 0.2210 0.4669
vn 0.5772 0.2646 -0.7725
vn 0.8279 0.3795 -0.4131
vn 0.8278 0.3795 -0.4131
vn 0.9086 0.4165 0.0299
vn 0.8038 0.3685 0.4670
vn 0.1869 0.1298 -0.9738
vn 0.5215 0.3623 -0.7725
vn 0.7479 0.5195 -0.4131
vn 0.7480 0.5196 -0.4131
vn 0.8209 0.5702 0.0300
vn 0.8209 0.5702 0.0299
vn 0.7263 0.5045 0.4669
vn 0.4495 0.4486 -0.7725
vn 0.6446 0.6433 -0.4131
vn 0.7075 0.7061 0.0300
vn 0.7075 0.7061 0.0299
vn 0.6259 0.6246 0.4669
vn 0.5211 0.7469 -0.4131
vn 0.5719 0.8198 0.0299
vn 0.5719 0.8198 0.0300
vn 0.5060 0.7252 0.4670
vn 0.5060 0.7253 0.4669
vn 0.0683 0.8816 0.4669
vn 0.2227 0.8558 0.4669
vn 0.2518 0.9673 0.0300
vn 0.3812 0.8271 -0.4131
vn 0.3633 0.5207 -0.7725
vn 0.4494 0.4485 -0.7725
vn 0.1611 0.1608 -0.9738
vn 0.3702 0.8031 0.4669
vn 0.1302 0.1867 -0.9738
vn 0.3633 0.5208 -0.7725
vn 0.2658 0.5767 -0.7725
vn 0.2294 0.8813 -0.4131
vn 0.2518 0.9673 0.0299
vn 0.0772 0.9966 0.0299
vn 0.0683 0.8817 0.4669
vn 0.1302 0.1866 -0.9738
vn 0.0953 0.2067 -0.9738
vn 0.1600 0.6146 -0.7725
vn 0.0704 0.9080 -0.4131
vn 0.0772 0.9966 0.0300
vn -0.0997 0.9946 0.0300
vn -0.0882 0.8799 0.4669
vn 0.0952 0.2067 -0.9738
vn 0.0573 0.2202 -0.9738
vn 0.1599 0.6145 -0.7725
vn 0.0491 0.6331 -0.7725
vn -0.0908 0.9061 -0.4131
vn -0.2735 0.9614 0.0300
vn 0.0573 0.2203 -0.9738
vn 0.0176 0.2269 -0.9738
vn -0.0633 0.6318 -0.7725
vn -0.0908 0.9062 -0.4130
vn -0.2492 0.8759 -0.4130
vn -0.2735 0.9614 0.0299
vn -0.4388 0.8981 0.0299
vn -0.0227 0.2264 -0.9738
vn -0.1738 0.6108 -0.7725
vn -0.2492 0.8759 -0.4131
vn -0.3998 0.8183 -0.4131
vn -0.4388 0.8981 0.0300
vn -0.5903 0.8067 0.0300
vn -0.0623 0.2189 -0.9738
vn -0.2788 0.5706 -0.7725
vn -0.3998 0.8182 -0.4131
vn -0.5378 0.7349 -0.4131
vn -0.5903 0.8067 0.0299
vn -0.7233 0.6899 0.0299
vn -0.0999 0.2045 -0.9738
vn -0.3750 0.5125 -0.7725
vn -0.6590 0.6286 -0.4131
vn -0.7233 0.6899 0.0300
vn -0.8336 0.5516 0.0300
vn -0.1344 0.1837 -0.9738
vn -0.4595 0.4383 -0.7725
vn -0.6590 0.6286 -0.4130
vn -0.7595 0.5025 -0.4131
vn -0.9178 0.3959 0.0300
vn -0.8120 0.3503 0.4669
vn -0.1344 0.1836 -0.9738
vn -0.8831 0.0466 0.4669
vn -0.6341 0.0335 -0.7725
vn -0.9094 0.0480 -0.4131
vn -0.9982 0.0527 0.0300
vn -0.8774 -0.1098 0.4670
vn -0.6301 -0.0789 -0.7725
vn -0.9037 -0.1131 -0.4131
vn -0.9036 -0.1131 -0.4131
vn -0.9918 -0.1241 0.0299
vn -0.9918 -0.1241 0.0300
vn -0.8774 -0.1098 0.4669
vn -0.8775 -0.1098 0.4669
vn -0.8443 -0.2629 0.4669
vn -0.6063 -0.1887 -0.7725
vn -0.8695 -0.2707 -0.4131
vn -0.9544 -0.2971 0.0299
vn -0.8443 -0.2628 0.4669
vn -0.8443 -0.2628 0.4670
vn -0.7848 -0.4076 0.4669
vn -0.5635 -0.2927 -0.7725
vn -0.8082 -0.4198 -0.4131
vn -0.8870 -0.4607 0.0300
vn -0.7847 -0.4076 0.4670
vn -0.7847 -0.4076 0.4669
vn -0.7006 -0.5396 0.4669
vn -0.5031 -0.3875 -0.7725
vn -0.7215 -0.5557 -0.4131
vn -0.7919 -0.6099 0.0300
vn 0.3516 0.9361 0.0040
vn 0.1196 0.1597 -0.9799
vn 0.2455 0.5912 -0.7683
vn 0.2022 0.5075 -0.8376
vn 0.8652 0.1797 0.4681
vn 0.9784 0.2044 0.0300
vn 0.8908 0.1868 -0.4142
vn 0.6203 0.1303 -0.7734
vn 0.8609 0.1869 0.4733
vn 0.8410 0.2623 0.4732
vn 0.8408 0.2626 0.4734
vn 0.7822 0.4083 0.4706
vn 0.8004 0.4025 0.4441
vn 0.7087 0.5464 0.4462
vn 0.7340 0.5317 0.4225
vn 0.6208 0.6619 0.4202
vn 0.6505 0.6392 0.4101
vn 0.6394 0.6939 0.3311
vn 0.5334 0.7783 0.3312
vn 0.9769 0.2107 0.0347
vn 0.9540 0.2976 0.0347
vn 0.9540 0.2979 0.0349
vn 0.8868 0.4608 0.0346
vn 0.8924 0.4512 0.0112
vn 0.7943 0.6074 0.0113
vn 0.8073 0.5900 -0.0092
vn 0.6869 0.7267 -0.0092
vn 0.7026 0.7065 -0.0853
vn 0.5259 0.8463 -0.0853
vn 0.5385 0.8182 -0.2013
vn 0.6213 0.1332 -0.7721
vn 0.6067 0.1892 -0.7721
vn 0.6067 0.1894 -0.7720
vn 0.5668 0.2934 -0.7698
vn 0.5617 0.2855 -0.7765
vn 0.4998 0.3800 -0.7783
vn 0.4996 0.3688 -0.7838
vn 0.4292 0.4521 -0.7819
vn 0.4189 0.4247 -0.8026
vn 0.3152 0.5068 -0.8024
vn 0.3035 0.4644 -0.8320
vn 0.2070 0.5147 -0.8320
vn 0.1196 0.1596 -0.9799
vn 0.0894 0.1723 -0.9810
vn 0.1054 0.1639 -0.9808
vn 0.1107 0.1808 -0.9773
vn 0.1477 0.1515 -0.9774
vn 0.1528 0.1624 -0.9748
vn 0.1776 0.1323 -0.9752
vn 0.1783 0.1364 -0.9745
vn 0.2009 0.1027 -0.9742
vn 0.2034 0.1056 -0.9734
vn 0.2173 0.0678 -0.9738
vn 0.2172 0.0677 -0.9738
vn 0.2226 0.0474 -0.9738
vn 0.2221 0.0465 -0.9739
vn 0.5015 0.8451 0.1854
vn 0.5015 0.8450 0.1855
vn 0.3683 0.9111 0.1849
vn 0.4055 0.9072 0.1121
vn 0.3378 0.8782 -0.3385
vn 0.3680 0.9077 -0.2014
vn 0.3732 0.8640 -0.3379
vn 0.2793 0.7154 -0.6404
vn 0.8913 0.1915 -0.4111
vn 0.8702 0.2715 -0.4111
vn 0.8702 0.2716 -0.4110
vn 0.8104 0.4200 -0.4085
vn 0.8077 0.4097 -0.4240
vn 0.7198 0.5482 -0.4260
vn 0.7239 0.5319 -0.4393
vn 0.6190 0.6525 -0.4371
vn 0.6148 0.6210 -0.4861
vn 0.4619 0.7420 -0.4859
vn 0.4551 0.6938 -0.5581
vn 0.3118 0.7689 -0.5582
vn 0.3044 0.7059 -0.6396
vn 0.2065 0.7366 -0.6440
vn 0.2116 0.7380 -0.6408
vn 0.2162 0.7337 -0.6442
vn 0.2464 0.5907 -0.7684
vn 0.1347 0.9262 -0.3521
vn 0.2642 0.9030 -0.3389
vn 0.2642 0.9032 -0.3384
vn 0.2115 0.7378 -0.6410
vn 0.2936 0.8846 -0.3623
vn 0.2542 0.8966 -0.3625
vn 0.2005 0.8832 -0.4239
vn 0.1252 0.9120 -0.3906
vn 0.0766 0.9776 -0.1962
vn 0.0902 0.9937 -0.0673
vn 0.0885 0.9939 -0.0663
vn 0.2468 0.9668 -0.0666
vn 0.2251 0.9742 -0.0185
vn 0.3125 0.9497 -0.0185
vn 0.2833 0.9590 0.0041
vn -0.2579 -0.9625 0.0845
vn -0.7060 -0.7060 0.0564
vn -0.4064 -0.9127 -0.0424
vn -0.9644 -0.2584 0.0564
vn -0.9511 -0.3090 -0.0000
vn -0.7431 -0.6691 -0.0000
vn -0.9625 0.2579 0.0845
vn -0.9936 0.1044 -0.0424
vn -0.7046 0.7046 0.0845
vn -0.8646 0.4992 -0.0566
vn -0.2584 0.9644 0.0564
vn -0.5873 0.8083 -0.0424
vn 0.2584 0.9644 0.0564
vn 0.2079 0.9781 -0.0000
vn -0.2079 0.9781 -0.0000
vn 0.7046 0.7046 0.0845
vn 0.5873 0.8083 -0.0424
vn 0.9625 0.2579 0.0845
vn 0.8646 0.4992 -0.0566
vn 0.9644 -0.2584 0.0564
vn 0.9936 0.1044 -0.0424
vn 0.7060 -0.7060 0.0564
vn 0.7431 -0.6691 -0.0000
vn 0.9511 -0.3090 -0.0000
vn -0.0000 -0.9984 -0.0566
vn 0.2579 -0.9625 0.0845
vn 0.4064 -0.9127 -0.0424
vn -0.2584 -0.9644 -0.0564
vn -0.5873 -0.8083 0.0424
vn -0.7046 -0.7046 -0.0845
vn -0.8646 -0.4992 0.0566
vn -0.9625 -0.2579 -0.0845
vn -0.9936 -0.1044 0.0424
vn -0.9644 0.2584 -0.0564
vn -0.9511 0.3090 -0.0000
vn -0.7431 0.6691 -0.0000
vn -0.7060 0.7060 -0.0564
vn -0.4064 0.9127 0.0424
vn -0.2579 0.9625 -0.0845
vn -0.0000 0.9984 0.0566
vn 0.2579 0.9625 -0.0845
vn 0.4064 0.9127 0.0424
vn 0.7060 0.7060 -0.0564
vn 0.7431 0.6691 -0.0000
vn 0.9511 0.3090 -0.0000
vn 0.9644 0.2584 -0.0564
vn 0.9936 -0.1044 0.0424
vn 0.9625 -0.2579 -0.0845
vn 0.8646 -0.4992 0.0566
vn 0.7046 -0.7046 -0.0845
vn 0.5873 -0.8083 0.0424
vn 0.2584 -0.9644 -0.0564
vn 0.2079 -0.9781 -0.0000
vn -0.2079 -0.9781 -0.0000
vn 0.4202 -0.5783 -0.6993
vn 0.6191 -0.3574 -0.6993
vn 0.7110 -0.0747 -0.6993
vn 0.6799 0.2209 -0.6993
vn 0.5313 0.4783 -0.6993
vn 0.2908 0.6531 -0.6993
vn -0.0000 0.7149 -0.6993
vn -0.2908 0.6531 -0.6993
vn -0.5313 0.4783 -0.6993
vn -0.6799 0.2209 -0.6993
vn -0.7110 -0.0747 -0.6993
vn -0.6191 -0.3574 -0.6993
vn -0.4202 -0.5783 -0.6993
vn -0.1486 -0.6993 -0.6993
vn 0.1486 -0.6993 -0.6993
vn 0.4202 0.5783 0.6993
vn 0.6191 0.3574 0.6993
vn 0.7110 0.0747 0.6993
vn 0.6799 -0.2209 0.6993
vn 0.5313 -0.4783 0.6993
vn 0.2908 -0.6531 0.6993
vn -0.0000 -0.7149 0.6993
vn -0.2908 -0.6531 0.6993
vn -0.5313 -0.4783 0.6993
vn -0.6799 -0.2209 0.6993
vn -0.7110 0.0747 0.6993
vn -0.6191 0.3574 0.6993
vn -0.4202 0.5783 0.6993
vn -0.1486 0.6993 0.6993
vn 0.1486 0.6993 0.6993
vn -0.0356 0.1358 -0.9901
vn -0.0007 -0.0003 -1.0000
vn 0.0423 0.0723 -0.9965
vn 0.0908 0.1113 -0.9896
vn 0.0755 0.0993 -0.9922
vn 0.0437 0.0777 -0.9960
vn -0.0020 0.0648 -0.9979
vn -0.0313 0.0998 -0.9945
vn 0.0140 0.0865 -0.9962
vn -0.0354 0.1357 -0.9901
vn -0.1772 0.0322 -0.9836
vn -0.1756 0.0410 -0.9836
vn -0.1810 0.0365 -0.9828
vn -0.0205 0.2087 -0.9778
vn -0.1697 0.0367 -0.9848
vn -0.1284 -0.0130 -0.9916
vn -0.1337 0.0027 -0.9910
vn -0.1209 -0.0090 -0.9926
vn -0.0940 -0.0410 -0.9947
vn -0.0916 -0.0384 -0.9951
vn -0.0038 0.0008 -1.0000
vn -0.0019 -0.0013 -1.0000
vn -0.0757 0.4863 -0.8705
vn -0.1352 0.5385 -0.8317
vn -0.1387 0.5394 -0.8305
vn -0.1198 0.5200 -0.8458
vn -0.0839 0.5599 -0.8243
vn -0.0901 0.4889 -0.8677
vn -0.0311 0.4969 -0.8673
vn -0.0844 0.5012 -0.8612
vn 0.0392 0.4479 -0.8932
vn -0.0448 0.4314 -0.9011
vn -0.0449 0.4314 -0.9011
vn -0.2757 0.1473 -0.9499
vn -0.0837 0.3873 -0.9182
vn -0.0722 0.3813 -0.9216
vn -0.0131 0.3347 -0.9422
vn -0.0639 0.3634 -0.9295
vn -0.0403 0.2733 -0.9611
vn -0.0719 0.2977 -0.9520
vn -0.0578 0.2329 -0.9708
vn -0.0248 0.1974 -0.9800
vn -0.0522 0.2460 -0.9679
vn -0.1350 0.1762 -0.9751
vn -0.1639 0.1815 -0.9696
vn -0.1493 0.1525 -0.9770
vn -0.1852 0.1647 -0.9688
vn -0.1724 0.1246 -0.9771
vn -0.2034 0.1410 -0.9689
vn -0.1813 0.1228 -0.9757
vn -0.2086 0.1382 -0.9682
vn -0.2008 0.0910 -0.9754
vn -0.2270 0.1120 -0.9674
vn -0.2230 0.0658 -0.9726
vn -0.2445 0.0891 -0.9656
vn -0.1351 0.1824 -0.9739
vn -0.1508 0.1847 -0.9712
vn -0.1384 0.5379 -0.8315
vn -0.1530 0.5475 -0.8227
vn -0.0752 0.1974 -0.9774
vn -0.0843 0.5012 -0.8612
vn -0.0998 0.5200 -0.8483
vn -0.1219 0.1961 -0.9730
vn -0.1032 0.1960 -0.9752
vn -0.1081 0.2012 -0.9736
vn -0.0901 0.2034 -0.9749
vn -0.0892 0.2031 -0.9751
vn -0.0765 0.2053 -0.9757
vn -0.0690 0.1993 -0.9775
vn -0.0008 0.0007 -1.0000
vn -0.0191 0.0321 -0.9993
vn -0.1174 0.0218 -0.9928
vn -0.0878 0.0975 -0.9914
vn -0.2047 0.1509 -0.9671
vn -0.1766 0.2479 -0.9526
vn -0.2844 0.4275 -0.8581
vn -0.2657 0.3878 -0.8826
vn -0.0379 0.5574 -0.8294
vn -0.1172 0.5576 -0.8218
vn -0.1535 0.5025 -0.8509
vn 0.0013 0.0021 -1.0000
vn 0.0003 0.0038 -1.0000
vn 0.0348 0.1049 -0.9939
vn -0.0242 0.0770 -0.9967
vn 0.0096 0.0188 -0.9998
vn -0.0128 0.0036 -0.9999
vn -0.0096 0.0041 -0.9999
vn -0.0033 0.2197 -0.9756
vn -0.0291 0.2256 -0.9738
vn -0.0206 0.2033 -0.9789
vn 0.0347 0.1049 -0.9939
vn -0.0574 0.3283 -0.9428
vn -0.0580 0.3279 -0.9429
vn -0.0583 0.3298 -0.9423
vn -0.1982 0.2907 -0.9361
vn -0.2336 0.2113 -0.9491
vn -0.0575 0.3286 -0.9427
vn -0.1090 0.4400 -0.8913
vn -0.1128 0.4130 -0.9037
vn -0.1622 0.5492 -0.8198
vn -0.1624 0.5343 -0.8295
vn -0.2184 0.5265 -0.8216
vn -0.4525 0.3239 -0.8308
vn -0.3851 0.4018 -0.8308
vn -0.3044 0.4659 -0.8308
vn -0.2067 0.5173 -0.8305
vn -0.0887 0.1932 -0.9771
vn -0.5045 0.2349 -0.8308
vn -0.5056 0.2348 -0.8302
vn -0.1784 0.0837 -0.9804
vn -0.1782 0.0836 -0.9804
vn -0.1773 0.0826 -0.9807
vn -0.1591 0.1139 -0.9807
vn -0.1354 0.1412 -0.9807
vn -0.1070 0.1638 -0.9807
vn -0.0820 0.1770 -0.9808
vn -0.0811 0.1955 -0.9773
vn -0.0616 0.1743 -0.9828
vn -0.3832 0.5398 -0.7495
vn -0.4748 0.3608 -0.8028
vn -0.4763 0.3322 -0.8141
vn -0.4203 0.4310 -0.7985
vn -0.4011 0.3871 -0.8303
vn -0.4010 0.3869 -0.8304
vn -0.5227 0.2421 -0.8174
vn -0.5051 0.2361 -0.8301
vn -0.5342 0.1955 -0.8224
vn -0.1544 0.1490 -0.9767
vn -0.1543 0.1490 -0.9767
vn -0.1736 0.5750 -0.7995
vn -0.1734 0.5759 -0.7989
vn -0.1592 0.4710 -0.8677
vn -0.1703 0.4561 -0.8735
vn -0.1762 0.3654 -0.9140
vn -0.1751 0.3737 -0.9109
vn -0.1741 0.3654 -0.9145
vn -0.1876 0.2465 -0.9508
vn -0.1760 0.0896 -0.9803
vn -0.1901 0.1538 -0.9696
vn -0.1563 0.2768 -0.9481
vn -0.4872 0.2882 -0.8244
vn -0.4839 0.3348 -0.8086
vn -0.0019 -0.0013 1.0000
vn 0.0438 0.0778 0.9960
vn -0.0019 0.0649 0.9979
vn -0.0006 -0.0003 1.0000
vn 0.0426 0.0726 0.9965
vn 0.0908 0.1113 0.9896
vn 0.0756 0.0993 0.9922
vn -0.0020 0.0649 0.9979
vn -0.0147 0.1151 0.9932
vn -0.0356 0.1359 0.9901
vn 0.0001 0.1842 0.9829
vn -0.0610 0.1664 0.9842
vn -0.1810 0.0365 0.9828
vn -0.1748 0.0416 0.9837
vn -0.1772 0.0322 0.9837
vn -0.0940 -0.0410 0.9947
vn -0.1207 -0.0092 0.9926
vn -0.1336 0.0026 0.9910
vn -0.1284 -0.0129 0.9916
vn -0.1695 0.0366 0.9848
vn -0.0210 0.0201 0.9996
vn -0.0007 -0.0003 1.0000
vn -0.2775 0.1494 0.9490
vn -0.0771 0.3697 0.9259
vn -0.0136 0.3340 0.9425
vn -0.0914 0.3120 0.9457
vn -0.0406 0.2729 0.9612
vn -0.0917 0.2686 0.9589
vn -0.0581 0.2328 0.9708
vn -0.0106 0.1971 0.9803
vn -0.1010 0.5023 0.8588
vn -0.0315 0.4964 0.8675
vn -0.0899 0.4884 0.8680
vn -0.0354 0.4779 0.8777
vn -0.0860 0.4449 0.8915
vn -0.0450 0.4312 0.9011
vn -0.0687 0.4264 0.9019
vn -0.0081 0.3461 0.9382
vn -0.0083 0.3461 0.9381
vn -0.1204 0.5463 0.8289
vn -0.0841 0.5194 0.8504
vn -0.1386 0.5378 0.8316
vn -0.1412 0.5510 0.8224
vn -0.1507 0.5356 0.8309
vn -0.0755 0.1973 0.9774
vn -0.2349 0.0990 0.9670
vn -0.2873 0.1359 0.9481
vn -0.2451 0.0895 0.9653
vn -0.2054 0.0944 0.9741
vn -0.2254 0.1104 0.9680
vn -0.1852 0.1247 0.9748
vn -0.2059 0.1364 0.9690
vn -0.1793 0.1280 0.9754
vn -0.1965 0.1371 0.9709
vn -0.1669 0.1427 0.9756
vn -0.1854 0.1646 0.9688
vn -0.1699 0.1593 0.9725
vn -0.1446 0.1778 0.9734
vn -0.1518 0.1791 0.9720
vn -0.1343 0.1822 0.9741
vn -0.1350 0.1822 0.9739
vn -0.1217 0.1960 0.9730
vn -0.1082 0.1959 0.9746
vn -0.1036 0.2011 0.9741
vn -0.1083 0.2012 0.9736
vn -0.0896 0.2034 0.9750
vn -0.0692 0.1992 0.9775
vn -0.0767 0.2053 0.9757
vn -0.0904 0.2029 0.9750
vn -0.1355 0.5398 0.8308
vn -0.1388 0.5394 0.8305
vn -0.5054 0.2353 0.8302
vn -0.2418 -0.1035 0.9648
vn -0.3044 0.4659 0.8308
vn -0.3851 0.4018 0.8308
vn -0.4525 0.3239 0.8308
vn -0.5043 0.2354 0.8309
vn -0.2132 0.5140 0.8308
vn -0.2109 0.5291 0.8219
vn -0.0887 0.1932 0.9771
vn -0.0887 0.1931 0.9772
vn -0.0750 0.1807 0.9807
vn -0.1070 0.1638 0.9807
vn -0.1354 0.1412 0.9807
vn -0.1591 0.1139 0.9807
vn -0.1771 0.0831 0.9807
vn -0.1784 0.0831 0.9804
vn -0.2261 0.5190 0.8243
vn -0.1623 0.5344 0.8295
vn -0.3497 0.3693 0.8610
vn -0.2260 0.5190 0.8243
vn -0.2260 0.5190 0.8244
vn -0.1560 0.3135 0.9367
vn -0.1559 0.3134 0.9367
vn -0.1384 0.3083 0.9412
vn -0.1438 0.3205 0.9363
vn -0.1439 0.3206 0.9362
vn -0.1165 0.1109 0.9870
vn -0.0951 0.0351 0.9948
vn 0.0523 0.0558 0.9971
vn 0.0526 0.0559 0.9971
vn -0.0008 0.0007 1.0000
vn -0.0111 0.0048 0.9999
vn -0.0032 0.0101 0.9999
vn 0.0013 0.0021 1.0000
vn -0.0206 0.2033 0.9789
vn 0.0347 0.1049 0.9939
vn 0.0202 0.1029 0.9945
vn -0.0079 0.0490 0.9988
vn 0.0100 0.0181 0.9998
vn -0.0033 0.2197 0.9756
vn -0.0291 0.2256 0.9738
vn -0.2046 0.1509 0.9671
vn -0.1165 0.1107 0.9870
vn -0.0580 0.3279 0.9429
vn -0.0583 0.3298 0.9423
vn -0.0574 0.3283 0.9428
vn -0.0575 0.3286 0.9427
vn -0.0973 0.4150 0.9046
vn -0.1205 0.4343 0.8927
vn -0.1576 0.5368 0.8288
vn -0.1662 0.5479 0.8198
vn -0.1658 0.5464 0.8209
vn -0.1904 0.0494 0.9805
vn -0.5133 0.2673 0.8156
vn -0.5209 0.2419 0.8186
vn -0.5279 0.1998 0.8255
vn -0.4198 0.3110 0.8527
vn -0.4198 0.3114 0.8525
vn -0.4756 0.3948 0.7861
vn -0.4829 0.3354 0.8089
vn -0.4829 0.3357 0.8088
vn -0.5039 0.2361 0.8308
vn -0.1656 0.5464 0.8210
vn -0.3847 0.4816 0.7874
vn -0.4284 0.4028 0.8088
vn -0.5147 0.2398 0.8231
vn -0.5295 0.1697 0.8311
vn -0.1664 0.1166 0.9791
vn -0.1810 0.1182 0.9764
vn -0.1874 0.0985 0.9773
vn -0.1815 0.1594 0.9704
vn -0.1661 0.2114 0.9632
vn -0.1870 0.2519 0.9495
vn -0.1761 0.3243 0.9294
vn -0.1779 0.3412 0.9230
vn -0.1681 0.4248 0.8895
vn -0.1679 0.4203 0.8917
vn -0.1650 0.4250 0.8900
vn -0.1733 0.5540 0.8143
vn 0.0012 0.0020 -1.0000
vn 0.0012 0.0019 -1.0000
vn 0.0010 0.0020 -1.0000
vn 0.0019 0.0039 -1.0000
vn 0.0020 0.0036 -1.0000
vn 0.0071 0.0143 -0.9999
vn 0.0067 0.0145 -0.9999
vn 0.0135 0.0383 -0.9992
vn -0.0136 0.0491 -0.9987
vn 0.0242 0.0750 -0.9969
vn 0.0127 0.0849 -0.9963
vn -0.0207 0.1561 -0.9875
vn -0.0597 0.1023 -0.9930
vn 0.0149 0.0904 -0.9958
vn -0.0207 0.1562 -0.9875
vn -0.0499 0.4059 -0.9126
vn 0.0189 0.4050 -0.9141
vn 0.0190 0.4049 -0.9142
vn 0.0190 0.4050 -0.9141
vn 0.0476 0.2802 -0.9588
vn -0.0884 0.1606 -0.9831
vn -0.0884 0.1605 -0.9831
vn -0.0500 0.4058 -0.9126
vn 0.0101 0.4809 -0.8767
vn -0.0331 0.4875 -0.8725
vn -0.0539 0.5180 -0.8537
vn -0.0843 0.4833 -0.8714
vn -0.0841 0.4834 -0.8714
vn -0.0451 0.1838 -0.9819
vn -0.0335 0.1859 -0.9820
vn -0.0211 0.1683 -0.9855
vn -0.0188 0.1685 -0.9855
vn -0.0030 0.1387 -0.9903
vn 0.0121 0.1384 -0.9903
vn 0.0094 0.1539 -0.9880
vn -0.0498 0.1885 -0.9808
vn -0.1289 0.5406 -0.8314
vn -0.1355 0.5235 -0.8412
vn -0.0842 0.5333 -0.8417
vn -0.1774 0.0826 -0.9807
vn -0.0750 0.1807 -0.9807
vn -0.2132 0.5140 -0.8308
vn -0.0411 0.0458 -0.9981
vn -0.2603 0.2288 -0.9380
vn -0.1788 0.0786 -0.9807
vn -0.5042 0.2358 -0.8308
vn -0.5062 0.2153 -0.8351
vn -0.4897 0.2310 -0.8407
vn -0.4412 0.3187 -0.8389
vn -0.4554 0.2773 -0.8460
vn -0.4150 0.3088 -0.8558
vn -0.1709 0.0819 -0.9819
vn -0.1596 0.1030 -0.9818
vn -0.1438 0.1087 -0.9836
vn -0.1347 0.1202 -0.9836
vn -0.1223 0.1252 -0.9846
vn -0.0309 0.2123 -0.9767
vn -0.0550 0.2058 -0.9771
vn -0.3676 0.3679 -0.8541
vn -0.3883 0.3304 -0.8603
vn -0.3529 0.3592 -0.8640
vn -0.2481 0.4545 -0.8555
vn -0.3297 0.4314 -0.8397
vn -0.3922 0.3691 -0.8426
vn -0.1685 0.2528 -0.9527
vn -0.2719 0.2105 -0.9390
vn -0.2966 0.1692 -0.9399
vn -0.4795 0.2884 -0.8288
vn -0.4796 0.2886 -0.8287
vn -0.4797 0.2884 -0.8287
vn -0.2330 0.2428 -0.9417
vn -0.2715 0.2169 -0.9377
vn -0.4795 0.2886 -0.8287
vn -0.2212 -0.2531 -0.9418
vn -0.2213 -0.2534 -0.9417
vn -0.0404 0.0467 -0.9981
vn -0.2212 -0.2532 -0.9418
vn -0.1752 0.0702 -0.9820
vn -0.1401 0.1271 -0.9819
vn -0.1451 0.1138 -0.9829
vn -0.1126 0.0651 -0.9915
vn -0.1142 0.0619 -0.9915
vn -0.1136 0.0623 -0.9916
vn -0.0965 0.0953 -0.9908
vn -0.1136 0.0625 -0.9916
vn -0.0571 0.0242 -0.9981
vn -0.0596 0.0171 -0.9981
vn -0.0043 0.0354 -0.9994
vn -0.0119 0.0026 -0.9999
vn -0.0022 0.0004 -1.0000
vn -0.0021 0.0003 -1.0000
vn -0.0009 0.0060 -1.0000
vn 0.0012 0.0020 1.0000
vn 0.0013 0.0017 1.0000
vn 0.0006 0.0023 1.0000
vn 0.0022 0.0037 1.0000
vn -0.0001 0.0052 1.0000
vn 0.0077 0.0140 0.9999
vn -0.0015 0.0187 0.9998
vn 0.0169 0.0370 0.9992
vn -0.0136 0.0491 0.9987
vn 0.0242 0.0750 0.9969
vn -0.0207 0.1561 0.9875
vn -0.0207 0.1562 0.9875
vn 0.0149 0.0904 0.9958
vn -0.0599 0.1024 0.9929
vn 0.0127 0.0849 0.9963
vn 0.0190 0.4055 0.9139
vn 0.0189 0.4056 0.9139
vn -0.0881 0.1606 0.9831
vn 0.0223 0.1800 0.9834
vn 0.0157 0.1534 0.9880
vn 0.0191 0.4055 0.9139
vn -0.0500 0.4064 0.9124
vn 0.0054 0.4348 0.9005
vn -0.0334 0.4875 0.8725
vn -0.0520 0.4861 0.8724
vn -0.0840 0.5332 0.8418
vn -0.1385 0.5378 0.8316
vn -0.1269 0.5315 0.8375
vn -0.1357 0.5233 0.8413
vn -0.1355 0.5234 0.8412
vn 0.0085 0.1387 0.9903
vn -0.0213 0.1393 0.9900
vn -0.0037 0.1695 0.9855
vn -0.0323 0.1675 0.9853
vn -0.0235 0.1877 0.9819
vn -0.0486 0.1831 0.9819
vn -0.0465 0.1895 0.9808
vn -0.1773 0.0826 0.9807
vn -0.1774 0.0826 0.9807
vn -0.5045 0.2349 0.8308
vn -0.0480 0.6041 0.7955
vn -0.0477 0.6042 0.7954
vn -0.0478 0.6042 0.7954
vn -0.5452 0.0316 0.8377
vn -0.5451 0.0315 0.8378
vn -0.4974 -0.0022 0.8675
vn -0.3324 0.1987 0.9220
vn -0.3324 0.1988 0.9220
vn -0.2341 0.1863 0.9542
vn -0.2340 0.1863 0.9542
vn -0.3729 0.1212 0.9199
vn -0.0451 0.6057 0.7944
vn -0.0451 0.6056 0.7945
vn -0.0411 0.0458 0.9981
vn -0.3134 0.3869 0.8672
vn -0.1990 0.2228 0.9544
vn -0.1990 0.2228 0.9543
vn -0.4894 0.2312 0.8408
vn -0.5040 0.2362 0.8308
vn -0.5073 0.2161 0.8342
vn -0.1767 0.0844 0.9806
vn -0.4144 0.3093 0.8559
vn -0.4599 0.2805 0.8425
vn -0.4405 0.3194 0.8390
vn -0.4146 0.3090 0.8559
vn -0.3672 0.3680 0.8543
vn -0.3843 0.3278 0.8631
vn -0.3028 0.4065 0.8620
vn -0.3134 0.3868 0.8673
vn -0.1738 0.0765 0.9818
vn -0.1534 0.1142 0.9815
vn -0.1518 0.0983 0.9835
vn -0.1274 0.1294 0.9834
vn -0.1308 0.1169 0.9845
vn -0.0400 0.2038 0.9782
vn -0.0296 0.2310 0.9725
vn -0.0433 0.0435 0.9981
vn -0.2199 -0.2493 0.9431
vn -0.1253 0.0301 0.9917
vn -0.3148 -0.1765 0.9326
vn -0.1466 0.1150 0.9825
vn -0.1388 0.1203 0.9830
vn -0.0022 0.0004 1.0000
vn -0.1136 0.0625 0.9916
vn -0.1142 0.0619 0.9915
vn -0.1125 0.0653 0.9915
vn -0.1136 0.0624 0.9916
vn -0.0838 0.1194 0.9893
vn -0.0893 0.0408 0.9952
vn -0.0386 0.1312 0.9906
vn -0.0821 0.0257 0.9963
vn -0.0731 0.0217 0.9971
vn 0.0073 0.0459 0.9989
vn -0.0020 0.0003 1.0000
vn 0.5501 0.8232 -0.1406
vn 0.9982 0.0432 -0.0426
vn 0.9684 0.1138 -0.2217
vn 0.9779 0.1034 -0.1818
vn 0.9675 0.1822 -0.1756
vn 0.7762 0.4299 -0.4613
vn 0.7762 0.4298 -0.4613
vn 0.8214 0.3305 -0.4649
vn 0.8677 0.3662 -0.3362
vn 0.8677 0.3661 -0.3362
vn 0.3798 0.5493 -0.7443
vn 0.4451 0.3645 -0.8179
vn 0.4450 0.5940 -0.6702
vn 0.5218 0.5233 -0.6737
vn 0.5422 0.4963 -0.6780
vn 0.6802 0.5477 -0.4871
vn 0.6802 0.5478 -0.4872
vn 0.1924 0.9673 -0.1652
vn 0.1924 0.8577 -0.4768
vn 0.1031 0.3790 -0.9196
vn 0.2259 0.2186 -0.9493
vn 0.2208 0.3713 -0.9019
vn 0.1947 0.5720 -0.7968
vn 0.1924 0.6509 -0.7344
vn 0.1924 0.8577 -0.4767
vn 0.5500 0.8232 -0.1406
vn 0.8278 0.5531 -0.0944
vn 0.8278 0.5531 -0.0945
vn 0.9802 0.1950 -0.0333
vn 0.5500 0.7299 -0.4058
vn 0.8278 0.4904 -0.2726
vn 0.9802 0.1729 -0.0961
vn 0.9808 0.1951 -0.0000
vn 0.8315 0.5556 -0.0000
vn 0.5555 0.8315 -0.0000
vn 0.5556 0.8315 -0.0000
vn 0.1951 0.9808 -0.0000
vn 0.8283 0.5534 0.0877
vn 0.5508 0.8244 0.1306
vn 0.1928 0.1535 0.9692
vn 0.1928 0.4455 0.8743
vn 0.1928 0.4456 0.8742
vn 0.1928 0.6938 0.6938
vn 0.1928 0.9692 0.1535
vn 0.1928 0.8743 0.4455
vn 0.1928 0.8742 0.4456
vn 0.5508 0.1306 0.8244
vn 0.5508 0.1306 0.8243
vn 0.5508 0.8243 0.1306
vn 0.5508 0.7437 0.3789
vn 0.5508 0.5902 0.5902
vn 0.5508 0.3789 0.7437
vn 0.8283 0.0877 0.5534
vn 0.8283 0.4993 0.2544
vn 0.8283 0.3962 0.3962
vn 0.8283 0.2544 0.4993
vn 0.8283 0.2544 0.4992
vn 0.9803 0.1950 0.0309
vn 0.9803 0.1759 0.0896
vn 0.9803 0.1396 0.1396
vn 0.9803 0.0896 0.1759
vn 0.9803 0.0309 0.1950
vn 0.5555 -0.0000 0.8315
vn 0.8283 -0.0877 0.5534
vn 0.5508 -0.1306 0.8244
vn 0.1928 -0.9692 0.1535
vn 0.1928 -0.8744 0.4452
vn 0.1928 -0.8743 0.4455
vn 0.1928 -0.6939 0.6938
vn 0.1928 -0.6938 0.6938
vn 0.1928 -0.1535 0.9692
vn 0.1928 -0.4455 0.8743
vn 0.5508 -0.8243 0.1306
vn 0.5508 -0.1306 0.8243
vn 0.5508 -0.3789 0.7437
vn 0.5508 -0.5902 0.5902
vn 0.5508 -0.7437 0.3789
vn 0.5508 -0.8244 0.1306
vn 0.8283 -0.5534 0.0877
vn 0.8283 -0.2544 0.4993
vn 0.8283 -0.3962 0.3962
vn 0.8283 -0.4992 0.2544
vn 0.9803 -0.0309 0.1950
vn 0.9803 -0.0896 0.1759
vn 0.9803 -0.1396 0.1396
vn 0.9803 -0.1759 0.0896
vn 0.9803 -0.1950 0.0309
vn 0.1951 -0.9808 -0.0000
vn 0.5556 -0.8315 -0.0000
vn 0.8315 -0.5556 -0.0000
vn 0.9808 -0.1951 -0.0000
vn 0.1778 -0.2289 -0.9571
vn 0.1816 -0.2944 -0.9383
vn 0.0862 -0.3796 -0.9211
vn 0.4590 -0.5909 -0.6634
vn 0.4595 -0.5907 -0.6633
vn 0.8216 -0.4668 -0.3272
vn 0.7839 -0.5518 -0.2846
vn 0.7840 -0.5517 -0.2845
vn 0.9444 -0.0922 -0.3157
vn 0.9598 -0.2255 -0.1670
vn 0.9192 -0.3841 -0.0863
vn 0.1924 -0.8577 -0.4768
vn 0.1924 -0.8577 -0.4767
vn 0.1923 -0.6491 -0.7360
vn 0.1912 -0.6510 -0.7346
vn 0.1912 -0.3737 -0.9076
vn 0.5501 -0.8232 -0.1406
vn 0.1924 -0.9673 -0.1652
vn 0.5500 -0.8232 -0.1406
vn 0.5506 -0.7328 -0.3998
vn 0.5539 -0.7277 -0.4046
vn 0.5129 -0.3611 -0.7788
vn 0.5345 -0.5547 -0.6377
vn 0.8278 -0.5531 -0.0945
vn 0.8278 -0.5531 -0.0944
vn 0.9796 -0.1983 -0.0339
vn 0.9802 -0.1950 -0.0359
vn 0.9951 -0.0971 -0.0164
vn -0.0018 -0.8316 -0.5553
vn -0.0000 -0.3789 -0.9254
vn 0.0543 -0.5206 -0.8521
vn 0.0262 -0.4224 -0.9060
vn 0.0262 -0.4225 -0.9060
vn 0.0104 -0.3052 -0.9522
vn 0.0104 -0.3053 -0.9522
vn 0.0013 -0.2063 -0.9785
vn -0.0000 -0.1139 -0.9935
vn -0.0533 -0.1425 -0.9884
vn -0.0001 -0.3791 -0.9254
vn -0.0001 -0.5570 -0.8305
vn 0.0014 -0.6677 -0.7444
vn -0.0018 -0.7409 -0.6717
vn 0.0295 -0.8268 -0.5618
vn 0.0014 -0.6678 -0.7443
vn -0.0000 -0.9700 -0.2430
vn 0.0177 -0.9859 -0.1663
vn 0.0012 -0.9227 -0.3855
vn -0.0000 -0.0002 1.0000
vn -0.0000 0.0001 1.0000
vn -0.0000 0.0002 1.0000
vn -0.0000 -0.0001 -1.0000
vn 0.9865 0.1639 -0.0000
vn 0.0654 0.9979 -0.0000
vn 0.3827 0.9239 -0.0000
vn 0.6087 0.7934 -0.0000
vn 0.7933 0.6088 -0.0000
vn 0.8889 0.4581 -0.0000
vn 0.9104 0.4138 0.0005
vn 0.9284 0.3717 -0.0000
vn 0.9862 0.1659 -0.0001
vn -0.0000 0.9997 0.0235
vn -0.0005 0.9920 0.1265
vn -0.0012 0.7770 0.6294
vn 0.0006 0.8682 0.4962
vn 0.0006 0.9659 0.2588
vn -0.0130 0.8741 0.4855
vn -0.0044 0.9535 0.3015
vn -0.0058 0.1768 0.9842
vn 0.0004 0.4253 0.9050
vn 0.0004 0.7071 0.7071
vn -0.0186 0.4472 0.8942
vn -0.0056 0.6454 0.7638
vn -0.0034 -0.2683 0.9633
vn 0.0001 -0.0556 0.9985
vn 0.0001 0.2588 0.9659
vn -0.0187 -0.0333 0.9993
vn -0.0088 -0.7852 0.6192
vn 0.0004 -0.5964 0.8027
vn 0.0004 -0.2588 0.9659
vn -0.0240 -0.5807 0.8137
vn -0.0131 -0.4333 0.9012
vn -0.0259 -0.9127 0.4077
vn 0.0002 -0.7071 0.7071
vn 0.0002 -0.9169 0.3992
vn -0.0049 -0.9659 -0.2588
vn 0.0005 -0.9933 -0.1159
vn -0.0271 -0.9926 -0.1185
vn -0.0082 -0.9874 0.1579
vn 0.0013 -0.4983 -0.8670
vn -0.0019 -0.6401 -0.7683
vn -0.0068 -0.7612 -0.6485
vn -0.0165 -0.8483 -0.5292
vn -0.0004 -0.7071 -0.7071
vn 0.0002 -0.9223 -0.3865
vn 0.0002 -0.9222 -0.3868
vn 0.0013 -0.4984 -0.8669
vn -0.0035 -0.2588 -0.9659
vn -0.0056 -0.2987 -0.9543
vn -0.0003 0.3473 -0.9378
vn -0.0087 0.1362 -0.9906
vn -0.0087 0.1360 -0.9907
vn -0.0014 0.2588 -0.9659
vn 0.0007 -0.0940 -0.9956
vn 0.0007 -0.0941 -0.9956
vn -0.0004 0.8181 -0.5751
vn -0.0022 0.7185 -0.6955
vn -0.0029 0.7071 -0.7071
vn 0.0001 0.5477 -0.8367
vn 0.0001 0.5476 -0.8367
vn -0.0000 0.9966 -0.0824
vn -0.0030 0.9667 -0.2558
vn -0.0032 0.9659 -0.2588
vn 0.0007 0.8878 -0.4603
vn -0.7818 -0.0003 0.6235
vn -0.8525 0.0052 0.5227
vn -0.9749 -0.0073 0.2224
vn -0.9770 -0.0052 0.2134
vn -0.9997 -0.0000 0.0231
vn -0.5587 -0.0005 0.8294
vn -0.6875 0.0006 0.7261
vn -0.7816 -0.0141 0.6236
vn -0.8522 -0.0001 0.5232
vn -0.8525 -0.0002 0.5228
vn 0.9750 -0.0000 0.2224
vn 0.9659 0.0097 0.2589
vn 0.7070 0.0163 0.7070
vn 0.7819 -0.0081 0.6234
vn 0.7819 -0.0081 0.6233
vn 0.2588 0.0196 0.9657
vn 0.4339 -0.0131 0.9008
vn 0.4336 -0.0131 0.9010
vn -0.4339 -0.0130 0.9009
vn -0.4338 -0.0130 0.9009
vn -0.2588 0.0196 0.9657
vn -0.0000 -0.0147 0.9999
vn 1.0000 -0.0000 0.0003
vn 1.0000 -0.0001 -0.0000
vn -0.8750 -0.0012 -0.4841
vn -0.7907 0.0153 -0.6120
vn -0.9858 -0.0122 -0.1675
vn -0.9766 -0.0000 -0.2149
vn -0.8751 -0.0013 -0.4839
vn -0.8752 -0.0013 -0.4838
vn -0.7907 -0.0148 -0.6121
vn -0.7040 0.0013 -0.7102
vn -0.4445 -0.0027 -0.8958
vn -0.5595 -0.0136 -0.8287
vn -0.4443 -0.0137 -0.8958
vn -0.2584 0.0198 -0.9658
vn -0.0091 -0.0148 -0.9998
vn 0.2590 0.0194 -0.9657
vn 0.4280 -0.0129 -0.9037
vn 0.4278 -0.0129 -0.9038
vn 0.7072 0.0159 -0.7068
vn 0.7793 -0.0079 -0.6266
vn 0.7792 -0.0080 -0.6267
vn 0.9659 0.0095 -0.2586
vn 0.9747 -0.0000 -0.2237
vn -0.0000 -0.2529 0.9675
vn -0.0000 -0.6979 0.7161
vn 0.2584 -0.9642 0.0589
vn 0.2071 -0.9643 0.1648
vn 0.1148 -0.9643 0.2386
vn -0.2582 -0.9643 0.0589
vn -0.0000 -0.9642 0.2651
vn -0.0000 -0.9643 0.2648
vn -0.1148 -0.9643 0.2386
vn -0.6981 -0.6981 0.1593
vn -0.6980 -0.6981 0.1594
vn -0.5598 -0.6981 0.4465
vn -0.9433 -0.2526 0.2152
vn -0.9433 -0.2527 0.2153
vn -0.7565 -0.2527 0.6031
vn -0.7564 -0.2528 0.6033
vn -0.7563 -0.2527 0.6034
vn -0.4199 -0.2528 0.8717
vn -0.4197 -0.2528 0.8717
vn -0.3107 -0.6979 0.6452
vn -0.5601 -0.6979 0.4464
vn -0.2071 -0.9643 0.1650
vn -0.2583 -0.9643 0.0588
vn -0.0000 -0.2528 0.9675
vn -0.3107 -0.6979 0.6453
vn -0.1149 -0.9643 0.2386
vn -0.2070 -0.9643 0.1651
vn 0.4198 -0.2527 0.8717
vn 0.1149 -0.9643 0.2386
vn 0.3107 -0.6979 0.6452
vn 0.3107 -0.6980 0.6452
vn 0.4198 -0.2528 0.8717
vn 0.4199 -0.2528 0.8717
vn 0.7566 -0.2527 0.6031
vn 0.2071 -0.9643 0.1651
vn 0.5599 -0.6980 0.4465
vn 0.7564 -0.2528 0.6033
vn 0.7564 -0.2526 0.6033
vn 0.2581 -0.9643 0.0589
vn 0.6980 -0.6981 0.1593
vn 0.6982 -0.6980 0.1594
vn 0.9434 -0.2524 0.2153
vn 0.9432 -0.2527 0.2155
vn 0.6407 -0.7678 -0.0000
vn 0.6407 -0.7678 -0.0001
vn 0.9910 -0.1336 -0.0000
vn 0.9529 -0.3008 0.0397
vn 0.7073 -0.7070 -0.0000
vn 0.6480 -0.7605 0.0424
vn 0.8612 -0.5081 -0.0134
vn 0.9658 -0.2589 -0.0129
vn 0.8710 -0.4811 0.1000
vn 0.1510 -0.9868 0.0590
vn 0.4017 -0.9158 -0.0000
vn 0.2584 -0.9642 -0.0593
vn 0.6980 -0.6980 -0.1602
vn 0.9430 -0.2528 -0.2164
vn -0.3794 -0.9228 -0.0669
vn -0.9634 -0.1642 -0.2120
vn -0.6488 -0.7289 -0.2184
vn -0.8634 -0.4782 -0.1607
vn -0.8634 -0.4783 -0.1608
vn -0.1067 -0.9597 -0.2599
vn -0.9295 -0.2560 -0.2657
vn -0.7651 -0.2527 -0.5923
vn -0.4301 -0.2527 -0.8667
vn -0.4300 -0.2526 -0.8668
vn -0.4301 -0.2528 -0.8667
vn -0.0088 -0.2528 -0.9675
vn 0.4142 -0.2528 -0.8744
vn 0.4141 -0.2527 -0.8745
vn 0.9430 -0.2527 -0.2164
vn 0.9431 -0.2526 -0.2163
vn 0.7542 -0.2526 -0.6060
vn 0.7541 -0.2526 -0.6062
vn 0.7543 -0.2527 -0.6060
vn 0.4140 -0.2527 -0.8745
vn 0.6983 -0.6976 -0.1603
vn 0.6981 -0.6978 -0.1604
vn 0.5584 -0.6978 -0.4486
vn 0.5583 -0.6979 -0.4487
vn 0.3065 -0.6979 -0.6473
vn 0.3066 -0.6978 -0.6473
vn -0.0065 -0.6978 -0.7162
vn -0.0065 -0.6981 -0.7160
vn -0.3183 -0.6979 -0.6416
vn -0.5664 -0.6979 -0.4384
vn -0.5663 -0.6979 -0.4384
vn -0.6906 -0.7012 -0.1774
vn -0.3795 -0.9228 -0.0670
vn 0.2585 -0.9642 -0.0593
vn 0.2581 -0.9643 -0.0594
vn 0.2065 -0.9643 -0.1659
vn 0.2064 -0.9643 -0.1660
vn 0.1134 -0.9643 -0.2394
vn 0.1133 -0.9643 -0.2394
vn -0.0024 -0.9643 -0.2649
vn -0.1179 -0.9642 -0.2376
vn -0.1177 -0.9643 -0.2373
vn -0.2094 -0.9643 -0.1621
vn -0.2097 -0.9642 -0.1623
vn -0.2581 -0.9644 -0.0569
vn 0.9651 -0.2585 0.0417
vn 0.6938 -0.7197 -0.0268
vn 0.7069 -0.7070 -0.0222
vn 0.6933 -0.7203 -0.0221
vn 0.7070 -0.7070 -0.0187
vn 0.4396 -0.8981 0.0099
vn 0.2589 -0.9658 -0.0162
vn 0.4416 -0.8971 -0.0155
vn 0.2583 -0.9654 -0.0345
vn 0.1502 -0.9887 -0.0000
vn 0.9989 -0.0458 0.0002
vn 0.9751 -0.2216 -0.0136
vn 0.8806 -0.4645 -0.0938
vn 0.9657 -0.2588 -0.0191
vn 0.8752 -0.4834 -0.0176
vn 0.8755 -0.4828 -0.0176
s 0
usemtl biotacblack
f 1//1 2//1 45//1
f 45//2 2//2 3//2
f 45//2 3//2 4//2
f 4//3 3//3 572//3
f 4//3 572//3 29//3
f 29//4 572//4 574//4
f 29//4 574//4 5//4
f 5//5 574//5 6//5
f 5//5 6//5 31//5
f 31//6 6//6 575//6
f 31//6 575//6 7//6
f 7//7 575//7 8//7
f 7//7 8//7 35//7
f 35//8 8//8 9//8
f 35//8 9//8 10//8
f 10//9 9//9 11//9
f 10//9 11//9 12//9
f 12//10 11//10 566//10
f 12//10 566//10 37//10
f 37//11 566//11 13//11
f 37//11 13//11 28//11
f 28//12 13//12 14//12
f 28//12 14//12 15//12
f 15//13 14//13 564//13
f 15//13 564//13 42//13
f 42//14 564//14 16//14
f 42//14 16//14 1//14
f 1//1 16//1 2//1
f 232//15 32//15 17//15
f 17//15 32//15 49//15
f 17//15 49//15 51//15
f 23//15 120//15 31//15
f 31//16 120//16 137//16
f 137//15 18//15 31//15
f 31//15 18//15 121//15
f 31//15 121//15 132//15
f 132//15 131//15 31//15
f 31//17 131//17 123//17
f 31//18 123//18 19//18
f 232//15 20//15 32//15
f 32//15 20//15 219//15
f 32//15 219//15 24//15
f 7//15 34//15 31//15
f 31//15 34//15 21//15
f 31//15 21//15 119//15
f 119//15 117//15 31//15
f 31//15 117//15 22//15
f 31//15 22//15 23//15
f 24//15 25//15 32//15
f 32//15 25//15 239//15
f 32//15 239//15 26//15
f 26//15 27//15 32//15
f 32//15 27//15 220//15
f 32//15 220//15 218//15
f 28//15 15//15 599//15
f 29//15 5//15 30//15
f 30//15 5//15 31//15
f 596//15 32//15 33//15
f 33//15 32//15 36//15
f 33//15 36//15 598//15
f 598//15 36//15 599//15
f 7//15 35//15 34//15
f 34//15 35//15 10//15
f 34//15 10//15 36//15
f 36//15 10//15 12//15
f 36//15 12//15 599//15
f 599//15 12//15 37//15
f 599//15 37//15 28//15
f 43//15 601//15 44//15
f 301//15 300//15 38//15
f 38//15 300//15 30//15
f 38//15 30//15 39//15
f 39//15 30//15 31//15
f 39//15 31//15 125//15
f 125//15 31//15 19//15
f 218//15 227//15 32//15
f 32//15 227//15 40//15
f 32//15 40//15 226//15
f 226//15 224//15 32//15
f 32//15 224//15 41//15
f 32//15 41//15 36//15
f 15//15 42//15 599//15
f 599//15 42//15 1//15
f 599//15 1//15 602//15
f 30//15 43//15 29//15
f 29//15 43//15 44//15
f 29//15 44//15 4//15
f 4//15 44//15 602//15
f 4//15 602//15 45//15
f 45//15 602//15 1//15
f 32//5 595//5 63//5
f 552//5 556//5 46//5
f 552//5 46//5 268//5
f 46//5 47//5 268//5
f 268//5 47//5 48//5
f 268//5 48//5 63//5
f 63//5 48//5 49//5
f 63//5 49//5 32//5
f 407//12 50//12 53//12
f 51//12 402//12 96//12
f 96//12 230//12 51//12
f 51//12 230//12 231//12
f 51//12 231//12 17//12
f 402//12 52//12 96//12
f 96//12 52//12 403//12
f 96//12 403//12 53//12
f 53//12 403//12 405//12
f 53//12 405//12 407//12
f 72//12 30//12 54//12
f 54//12 30//12 300//12
f 54//12 300//12 55//12
f 300//12 285//12 55//12
f 55//12 285//12 291//12
f 55//12 291//12 56//12
f 56//12 291//12 292//12
f 56//12 292//12 295//12
f 84//5 307//5 282//5
f 57//5 60//5 127//5
f 127//5 60//5 301//5
f 127//5 301//5 58//5
f 58//5 301//5 38//5
f 282//5 59//5 84//5
f 84//5 59//5 279//5
f 84//5 279//5 57//5
f 57//5 279//5 277//5
f 57//5 277//5 60//5
f 61//19 62//19 63//19
f 586//19 584//19 54//19
f 62//19 591//19 63//19
f 63//19 591//19 589//19
f 63//19 589//19 54//19
f 54//19 589//19 587//19
f 54//19 587//19 586//19
f 584//19 64//19 54//19
f 54//19 64//19 583//19
f 54//19 583//19 72//19
f 69//19 600//19 71//19
f 75//19 65//19 579//19
f 579//19 65//19 66//19
f 579//19 66//19 67//19
f 67//19 66//19 70//19
f 61//19 63//19 68//19
f 68//19 63//19 595//19
f 68//19 595//19 597//19
f 66//19 69//19 70//19
f 70//19 69//19 71//19
f 70//19 71//19 73//19
f 73//19 71//19 72//19
f 73//19 72//19 74//19
f 74//19 72//19 583//19
f 75//19 76//19 65//19
f 65//19 76//19 594//19
f 65//19 594//19 77//19
f 77//19 594//19 68//19
f 77//19 68//19 78//19
f 78//19 68//19 597//19
f 599//20 602//20 65//20
f 65//20 602//20 66//20
f 532//21 79//21 94//21
f 532//21 94//21 80//21
f 50//21 560//21 53//21
f 53//21 560//21 80//21
f 53//21 80//21 95//21
f 95//21 80//21 94//21
f 535//21 81//21 534//21
f 534//21 81//21 94//21
f 534//21 94//21 82//21
f 82//21 94//21 79//21
f 87//21 86//21 98//21
f 98//21 86//21 83//21
f 98//21 83//21 84//21
f 84//21 83//21 306//21
f 84//21 306//21 307//21
f 88//21 506//21 87//21
f 506//21 509//21 87//21
f 87//21 509//21 85//21
f 87//21 85//21 86//21
f 87//21 103//21 88//21
f 88//21 103//21 89//21
f 88//21 89//21 535//21
f 535//21 89//21 91//21
f 535//21 91//21 81//21
f 268//20 63//20 55//20
f 55//20 63//20 54//20
f 90//19 259//19 513//19
f 513//19 259//19 258//19
f 183//15 91//15 102//15
f 102//15 91//15 89//15
f 183//22 193//22 91//22
f 91//23 193//23 81//23
f 193//24 92//24 81//24
f 81//25 92//25 93//25
f 81//26 93//26 94//26
f 93//27 192//27 94//27
f 94//28 192//28 185//28
f 94//29 185//29 95//29
f 96//30 53//30 213//30
f 213//31 53//31 95//31
f 213//32 95//32 184//32
f 184//33 95//33 185//33
f 57//34 159//34 84//34
f 84//35 159//35 98//35
f 159//36 97//36 98//36
f 98//37 97//37 99//37
f 98//38 99//38 87//38
f 99//39 100//39 87//39
f 87//40 100//40 101//40
f 87//41 101//41 103//41
f 102//42 89//42 155//42
f 155//43 89//43 103//43
f 155//44 103//44 156//44
f 156//44 103//44 101//44
f 34//45 36//45 104//45
f 104//45 36//45 223//45
f 104//46 223//46 118//46
f 118//46 223//46 105//46
f 118//47 105//47 145//47
f 145//47 105//47 222//47
f 145//48 222//48 106//48
f 106//49 222//49 245//49
f 106//50 245//50 107//50
f 107//51 245//51 109//51
f 107//52 109//52 108//52
f 108//52 109//52 110//52
f 108//53 110//53 111//53
f 111//53 110//53 112//53
f 111//54 112//54 144//54
f 144//54 112//54 249//54
f 144//54 249//54 113//54
f 113//54 249//54 250//54
f 113//55 250//55 114//55
f 114//56 250//56 115//56
f 146//57 116//57 145//57
f 127//58 58//58 126//58
f 145//59 116//59 118//59
f 23//60 22//60 116//60
f 116//61 22//61 117//61
f 116//62 117//62 118//62
f 118//63 117//63 119//63
f 118//64 119//64 104//64
f 104//65 119//65 21//65
f 104//66 21//66 34//66
f 23//67 116//67 120//67
f 120//68 116//68 146//68
f 120//69 146//69 137//69
f 18//70 138//70 121//70
f 121//71 138//71 122//71
f 121//72 122//72 132//72
f 133//73 123//73 131//73
f 123//74 133//74 19//74
f 19//75 133//75 124//75
f 19//76 124//76 125//76
f 125//77 124//77 126//77
f 125//78 126//78 39//78
f 39//79 126//79 58//79
f 39//80 58//80 38//80
f 57//81 127//81 158//81
f 158//82 127//82 141//82
f 142//83 128//83 141//83
f 141//83 128//83 129//83
f 141//81 129//81 158//81
f 136//84 150//84 142//84
f 142//85 150//85 130//85
f 142//83 130//83 128//83
f 131//86 132//86 133//86
f 133//87 132//87 122//87
f 133//88 122//88 124//88
f 124//89 122//89 139//89
f 134//90 135//90 143//90
f 143//91 135//91 151//91
f 143//92 151//92 136//92
f 136//93 151//93 169//93
f 136//94 169//94 150//94
f 18//95 137//95 138//95
f 138//96 137//96 146//96
f 138//97 146//97 122//97
f 122//98 146//98 147//98
f 122//99 147//99 139//99
f 139//100 147//100 148//100
f 114//101 140//101 113//101
f 113//102 140//102 153//102
f 113//103 153//103 143//103
f 143//104 153//104 152//104
f 143//105 152//105 134//105
f 127//106 126//106 141//106
f 141//107 126//107 124//107
f 141//107 124//107 142//107
f 142//108 124//108 139//108
f 142//108 139//108 136//108
f 136//109 139//109 148//109
f 136//110 148//110 143//110
f 143//111 148//111 144//111
f 143//112 144//112 113//112
f 145//113 106//113 146//113
f 146//114 106//114 107//114
f 146//115 107//115 147//115
f 147//116 107//116 108//116
f 147//117 108//117 148//117
f 148//118 108//118 111//118
f 148//119 111//119 144//119
f 177//120 168//120 149//120
f 180//121 181//121 164//121
f 129//122 128//122 165//122
f 130//123 150//123 166//123
f 169//124 151//124 171//124
f 171//125 152//125 172//125
f 172//126 152//126 153//126
f 172//127 153//127 173//127
f 173//128 153//128 140//128
f 173//129 140//129 175//129
f 175//130 140//130 114//130
f 175//131 114//131 176//131
f 151//132 135//132 171//132
f 171//133 135//133 134//133
f 171//134 134//134 152//134
f 154//135 182//135 163//135
f 163//136 182//136 102//136
f 102//137 155//137 163//137
f 163//138 155//138 156//138
f 163//139 156//139 157//139
f 156//140 101//140 157//140
f 157//141 101//141 100//141
f 157//141 100//141 161//141
f 57//142 158//142 159//142
f 159//143 158//143 160//143
f 159//144 160//144 97//144
f 97//145 160//145 161//145
f 97//146 161//146 99//146
f 99//147 161//147 100//147
f 158//148 129//148 160//148
f 160//149 129//149 165//149
f 160//150 165//150 161//150
f 161//150 165//150 167//150
f 161//151 167//151 157//151
f 157//152 167//152 162//152
f 157//153 162//153 163//153
f 163//154 162//154 164//154
f 163//155 164//155 154//155
f 154//156 164//156 181//156
f 128//157 130//157 165//157
f 165//158 130//158 166//158
f 165//159 166//159 167//159
f 167//159 166//159 170//159
f 167//160 170//160 162//160
f 162//161 170//161 174//161
f 162//162 174//162 164//162
f 164//163 174//163 149//163
f 164//164 149//164 180//164
f 180//165 149//165 168//165
f 150//123 169//123 166//123
f 166//166 169//166 171//166
f 166//167 171//167 170//167
f 170//168 171//168 172//168
f 170//169 172//169 174//169
f 174//170 172//170 173//170
f 174//171 173//171 149//171
f 149//171 173//171 175//171
f 149//172 175//172 177//172
f 177//120 175//120 176//120
f 114//173 115//173 176//173
f 176//173 115//173 188//173
f 176//174 188//174 177//174
f 177//175 188//175 178//175
f 177//176 178//176 168//176
f 168//176 178//176 179//176
f 168//177 179//177 180//177
f 180//178 179//178 199//178
f 180//179 199//179 181//179
f 181//179 199//179 196//179
f 181//180 196//180 154//180
f 154//180 196//180 195//180
f 154//181 195//181 182//181
f 182//181 195//181 194//181
f 182//182 194//182 102//182
f 102//183 194//183 183//183
f 191//184 190//184 197//184
f 193//185 183//185 194//185
f 184//186 185//186 215//186
f 213//187 214//187 96//187
f 96//188 214//188 228//188
f 211//189 234//189 212//189
f 205//190 217//190 186//190
f 200//191 187//191 202//191
f 202//192 187//192 240//192
f 202//193 240//193 203//193
f 115//194 206//194 188//194
f 188//195 206//195 189//195
f 188//196 189//196 178//196
f 193//197 190//197 92//197
f 92//197 190//197 191//197
f 92//198 191//198 93//198
f 93//199 191//199 192//199
f 193//200 194//200 190//200
f 190//201 194//201 195//201
f 190//202 195//202 197//202
f 197//203 195//203 196//203
f 197//204 196//204 199//204
f 185//205 192//205 215//205
f 215//206 192//206 191//206
f 215//207 191//207 216//207
f 216//208 191//208 197//208
f 216//209 197//209 198//209
f 198//210 197//210 199//210
f 198//211 199//211 179//211
f 248//212 200//212 201//212
f 201//213 200//213 202//213
f 201//214 202//214 205//214
f 205//215 202//215 203//215
f 205//216 203//216 217//216
f 207//217 248//217 208//217
f 208//218 248//218 201//218
f 208//219 201//219 204//219
f 204//220 201//220 205//220
f 204//221 205//221 211//221
f 211//222 205//222 186//222
f 211//223 186//223 234//223
f 206//224 207//224 189//224
f 189//225 207//225 208//225
f 189//226 208//226 209//226
f 209//227 208//227 204//227
f 209//228 204//228 210//228
f 210//229 204//229 211//229
f 210//230 211//230 214//230
f 214//231 211//231 212//231
f 214//188 212//188 228//188
f 213//232 184//232 214//232
f 214//233 184//233 215//233
f 214//234 215//234 210//234
f 210//235 215//235 216//235
f 210//236 216//236 209//236
f 209//237 216//237 198//237
f 209//238 198//238 189//238
f 189//239 198//239 179//239
f 189//239 179//239 178//239
f 206//240 115//240 250//240
f 240//241 187//241 247//241
f 217//242 203//242 237//242
f 234//243 186//243 235//243
f 228//244 212//244 229//244
f 218//245 220//245 243//245
f 219//246 20//246 233//246
f 232//247 17//247 231//247
f 239//248 25//248 238//248
f 238//248 25//248 24//248
f 238//249 24//249 236//249
f 220//250 27//250 243//250
f 243//251 27//251 26//251
f 243//252 26//252 221//252
f 244//253 225//253 227//253
f 225//254 222//254 105//254
f 36//255 41//255 223//255
f 223//256 41//256 224//256
f 223//257 224//257 105//257
f 105//258 224//258 226//258
f 105//259 226//259 225//259
f 225//260 226//260 40//260
f 225//261 40//261 227//261
f 96//244 228//244 230//244
f 230//262 228//262 229//262
f 230//263 229//263 231//263
f 231//264 229//264 233//264
f 231//265 233//265 232//265
f 232//266 233//266 20//266
f 212//267 234//267 229//267
f 229//267 234//267 235//267
f 229//268 235//268 233//268
f 233//269 235//269 236//269
f 233//270 236//270 219//270
f 219//271 236//271 24//271
f 186//272 217//272 235//272
f 235//273 217//273 237//273
f 235//274 237//274 236//274
f 236//274 237//274 241//274
f 236//275 241//275 238//275
f 238//276 241//276 221//276
f 238//277 221//277 239//277
f 239//278 221//278 26//278
f 203//279 240//279 237//279
f 237//280 240//280 247//280
f 237//281 247//281 241//281
f 241//282 247//282 242//282
f 241//283 242//283 221//283
f 221//284 242//284 246//284
f 221//285 246//285 243//285
f 243//286 246//286 244//286
f 243//287 244//287 218//287
f 218//288 244//288 227//288
f 222//289 225//289 245//289
f 245//290 225//290 244//290
f 245//291 244//291 109//291
f 109//292 244//292 246//292
f 109//293 246//293 110//293
f 187//294 200//294 247//294
f 247//295 200//295 248//295
f 247//296 248//296 207//296
f 110//297 246//297 112//297
f 112//298 246//298 242//298
f 112//299 242//299 249//299
f 249//300 242//300 247//300
f 249//301 247//301 250//301
f 250//302 247//302 207//302
f 250//303 207//303 206//303
f 55//304 56//304 251//304
f 251//305 56//305 252//305
f 251//306 252//306 253//306
f 253//307 252//307 254//307
f 253//308 254//308 266//308
f 266//309 254//309 516//309
f 266//310 516//310 264//310
f 516//311 255//311 264//311
f 264//312 255//312 524//312
f 264//313 524//313 263//313
f 263//314 524//314 261//314
f 257//315 513//315 258//315
f 524//316 256//316 261//316
f 261//317 256//317 257//317
f 261//318 257//318 260//318
f 260//319 257//319 258//319
f 266//320 270//320 253//320
f 253//321 270//321 269//321
f 253//321 269//321 251//321
f 251//322 269//322 268//322
f 251//322 268//322 55//322
f 258//323 259//323 260//323
f 260//323 259//323 276//323
f 260//324 276//324 261//324
f 261//324 276//324 275//324
f 261//325 275//325 263//325
f 263//325 275//325 262//325
f 263//326 262//326 264//326
f 264//326 262//326 265//326
f 264//327 265//327 266//327
f 266//327 265//327 267//327
f 266//320 267//320 270//320
f 552//328 268//328 553//328
f 553//329 268//329 269//329
f 553//330 269//330 554//330
f 554//331 269//331 270//331
f 554//332 270//332 271//332
f 271//333 270//333 267//333
f 271//334 267//334 272//334
f 272//335 267//335 265//335
f 272//336 265//336 555//336
f 555//337 265//337 262//337
f 555//338 262//338 273//338
f 273//339 262//339 275//339
f 273//340 275//340 274//340
f 274//341 275//341 276//341
f 274//342 276//342 90//342
f 90//343 276//343 259//343
f 313//344 301//344 314//344
f 314//345 301//345 60//345
f 314//346 60//346 311//346
f 311//347 60//347 277//347
f 311//347 277//347 278//347
f 278//348 277//348 279//348
f 278//349 279//349 280//349
f 280//350 279//350 59//350
f 280//351 59//351 281//351
f 281//352 59//352 282//352
f 281//353 282//353 309//353
f 309//354 282//354 307//354
f 300//355 283//355 284//355
f 300//356 284//356 285//356
f 284//357 377//357 285//357
f 285//358 377//358 289//358
f 285//359 289//359 291//359
f 287//360 299//360 286//360
f 286//361 502//361 287//361
f 287//362 502//362 500//362
f 287//363 500//363 288//363
f 289//364 376//364 291//364
f 291//365 376//365 290//365
f 291//366 290//366 292//366
f 292//367 290//367 293//367
f 292//368 293//368 295//368
f 295//369 293//369 294//369
f 295//370 294//370 296//370
f 296//371 294//371 382//371
f 296//372 382//372 297//372
f 297//373 382//373 288//373
f 297//374 288//374 498//374
f 498//375 288//375 500//375
f 496//376 298//376 387//376
f 387//377 298//377 495//377
f 299//378 287//378 495//378
f 495//379 287//379 388//379
f 495//380 388//380 387//380
f 283//355 300//355 365//355
f 365//381 300//381 301//381
f 365//382 301//382 366//382
f 366//383 301//383 313//383
f 366//384 313//384 368//384
f 368//385 313//385 302//385
f 368//386 302//386 369//386
f 369//387 302//387 303//387
f 303//388 302//388 315//388
f 303//389 315//389 304//389
f 304//389 315//389 364//389
f 364//390 315//390 312//390
f 364//391 312//391 305//391
f 305//392 312//392 385//392
f 385//393 312//393 316//393
f 385//394 316//394 386//394
f 306//395 316//395 307//395
f 307//396 316//396 308//396
f 307//397 308//397 309//397
f 386//398 316//398 310//398
f 310//399 316//399 306//399
f 310//400 306//400 387//400
f 387//401 306//401 497//401
f 387//402 497//402 496//402
f 278//5 316//5 311//5
f 311//5 316//5 312//5
f 313//5 314//5 302//5
f 302//5 314//5 311//5
f 302//5 311//5 315//5
f 315//5 311//5 312//5
f 309//5 308//5 281//5
f 281//5 308//5 316//5
f 281//5 316//5 280//5
f 280//5 316//5 278//5
f 317//12 318//12 320//12
f 320//12 318//12 378//12
f 317//12 326//12 318//12
f 318//12 326//12 324//12
f 318//12 324//12 358//12
f 371//12 319//12 321//12
f 321//12 319//12 320//12
f 321//12 320//12 331//12
f 331//12 320//12 378//12
f 331//12 378//12 328//12
f 358//12 322//12 318//12
f 318//12 322//12 335//12
f 318//12 335//12 336//12
f 378//403 318//403 379//403
f 319//404 371//404 323//404
f 358//405 324//405 360//405
f 319//406 370//406 320//406
f 320//407 370//407 325//407
f 320//408 325//408 317//408
f 317//409 325//409 339//409
f 317//410 339//410 326//410
f 326//411 339//411 359//411
f 326//412 359//412 324//412
f 378//413 327//413 328//413
f 328//413 327//413 329//413
f 328//414 329//414 331//414
f 331//415 329//415 330//415
f 331//416 330//416 321//416
f 321//416 330//416 332//416
f 321//417 332//417 371//417
f 358//418 333//418 322//418
f 322//419 333//419 334//419
f 322//420 334//420 335//420
f 335//420 334//420 342//420
f 335//421 342//421 336//421
f 336//421 342//421 337//421
f 336//422 337//422 318//422
f 370//423 344//423 325//423
f 325//424 344//424 338//424
f 325//425 338//425 339//425
f 339//426 338//426 346//426
f 339//427 346//427 359//427
f 359//427 346//427 347//427
f 327//428 381//428 329//428
f 329//429 381//429 350//429
f 329//430 350//430 330//430
f 330//431 350//431 351//431
f 330//432 351//432 332//432
f 332//433 351//433 352//433
f 333//434 340//434 334//434
f 334//435 340//435 341//435
f 334//436 341//436 342//436
f 342//437 341//437 357//437
f 342//438 357//438 337//438
f 337//439 357//439 343//439
f 344//440 367//440 338//440
f 338//441 367//441 345//441
f 338//442 345//442 346//442
f 346//443 345//443 348//443
f 346//444 348//444 347//444
f 347//445 348//445 362//445
f 381//446 349//446 350//446
f 350//447 349//447 375//447
f 350//448 375//448 351//448
f 351//449 375//449 353//449
f 351//450 353//450 352//450
f 352//451 353//451 374//451
f 340//452 354//452 341//452
f 341//452 354//452 355//452
f 341//453 355//453 357//453
f 357//454 355//454 356//454
f 357//455 356//455 343//455
f 343//456 356//456 384//456
f 358//405 360//405 333//405
f 333//457 360//457 361//457
f 333//457 361//457 340//457
f 340//458 361//458 363//458
f 340//459 363//459 354//459
f 354//460 363//460 364//460
f 354//461 364//461 305//461
f 324//462 359//462 360//462
f 360//463 359//463 347//463
f 360//464 347//464 361//464
f 361//465 347//465 362//465
f 361//466 362//466 363//466
f 363//467 362//467 304//467
f 363//468 304//468 364//468
f 283//469 365//469 367//469
f 367//470 365//470 366//470
f 367//471 366//471 345//471
f 345//472 366//472 368//472
f 345//473 368//473 348//473
f 348//474 368//474 369//474
f 348//475 369//475 362//475
f 362//476 369//476 303//476
f 362//467 303//467 304//467
f 319//404 323//404 370//404
f 370//477 323//477 372//477
f 370//477 372//477 344//477
f 344//478 372//478 373//478
f 344//478 373//478 367//478
f 367//469 373//469 284//469
f 367//469 284//469 283//469
f 371//479 332//479 323//479
f 323//480 332//480 352//480
f 323//481 352//481 372//481
f 372//482 352//482 374//482
f 372//483 374//483 373//483
f 373//484 374//484 377//484
f 373//485 377//485 284//485
f 382//486 294//486 349//486
f 349//487 294//487 293//487
f 349//488 293//488 375//488
f 375//489 293//489 290//489
f 375//490 290//490 353//490
f 353//491 290//491 376//491
f 353//492 376//492 374//492
f 374//493 376//493 289//493
f 374//494 289//494 377//494
f 378//495 379//495 327//495
f 327//496 379//496 380//496
f 327//497 380//497 381//497
f 381//498 380//498 383//498
f 381//499 383//499 349//499
f 349//500 383//500 288//500
f 349//501 288//501 382//501
f 318//502 337//502 379//502
f 379//503 337//503 343//503
f 379//504 343//504 380//504
f 380//505 343//505 384//505
f 380//506 384//506 383//506
f 383//507 384//507 287//507
f 383//508 287//508 288//508
f 305//509 385//509 354//509
f 354//510 385//510 386//510
f 354//511 386//511 355//511
f 355//512 386//512 310//512
f 355//513 310//513 356//513
f 356//514 310//514 387//514
f 356//515 387//515 384//515
f 384//516 387//516 388//516
f 384//517 388//517 287//517
f 51//345 421//345 389//345
f 563//518 562//518 409//518
f 409//519 562//519 561//519
f 409//520 561//520 560//520
f 559//521 392//521 390//521
f 390//522 392//522 396//522
f 390//523 396//523 395//523
f 559//524 391//524 392//524
f 392//525 391//525 558//525
f 392//526 558//526 459//526
f 459//527 558//527 393//527
f 459//528 393//528 409//528
f 409//529 393//529 394//529
f 409//529 394//529 563//529
f 395//530 396//530 397//530
f 397//531 396//531 398//531
f 397//532 398//532 556//532
f 556//533 398//533 399//533
f 556//534 399//534 46//534
f 399//535 468//535 46//535
f 46//535 468//535 400//535
f 46//536 400//536 47//536
f 400//537 401//537 47//537
f 47//538 401//538 467//538
f 47//539 467//539 48//539
f 467//540 474//540 48//540
f 48//541 474//541 417//541
f 48//542 417//542 49//542
f 51//345 389//345 402//345
f 402//347 389//347 423//347
f 402//347 423//347 52//347
f 52//349 423//349 404//349
f 52//349 404//349 403//349
f 403//351 404//351 406//351
f 403//351 406//351 405//351
f 405//352 406//352 422//352
f 405//352 422//352 407//352
f 407//543 422//543 408//543
f 407//543 408//543 50//543
f 50//395 408//395 419//395
f 50//395 419//395 560//395
f 560//544 419//544 458//544
f 560//545 458//545 409//545
f 411//546 488//546 419//546
f 419//547 488//547 410//547
f 419//548 410//548 458//548
f 420//549 412//549 411//549
f 411//550 412//550 489//550
f 411//551 489//551 488//551
f 415//552 493//552 420//552
f 420//553 493//553 492//553
f 420//554 492//554 412//554
f 418//555 413//555 414//555
f 414//556 413//556 416//556
f 414//557 416//557 415//557
f 415//558 416//558 486//558
f 415//559 486//559 493//559
f 417//560 475//560 49//560
f 49//561 475//561 418//561
f 49//562 418//562 51//562
f 51//563 418//563 414//563
f 51//564 414//564 421//564
f 389//12 411//12 423//12
f 423//12 411//12 419//12
f 415//12 420//12 414//12
f 414//12 420//12 411//12
f 414//12 411//12 421//12
f 421//12 411//12 389//12
f 406//12 404//12 422//12
f 422//12 404//12 423//12
f 422//12 423//12 408//12
f 408//12 423//12 419//12
f 430//5 425//5 424//5
f 424//5 425//5 432//5
f 424//5 432//5 426//5
f 461//5 427//5 433//5
f 469//5 428//5 426//5
f 461//5 433//5 429//5
f 429//5 433//5 424//5
f 424//5 433//5 434//5
f 424//5 434//5 430//5
f 432//5 480//5 450//5
f 426//5 432//5 469//5
f 469//5 432//5 450//5
f 469//5 450//5 470//5
f 479//565 435//565 478//565
f 430//566 434//566 431//566
f 462//567 439//567 461//567
f 425//568 435//568 432//568
f 432//568 435//568 479//568
f 432//569 479//569 480//569
f 461//570 439//570 427//570
f 427//571 439//571 437//571
f 427//572 437//572 433//572
f 433//573 437//573 485//573
f 433//574 485//574 434//574
f 477//575 478//575 482//575
f 482//576 478//576 435//576
f 482//577 435//577 436//577
f 436//578 435//578 425//578
f 436//579 425//579 430//579
f 454//580 485//580 455//580
f 455//581 485//581 437//581
f 455//582 437//582 438//582
f 438//583 437//583 439//583
f 438//584 439//584 456//584
f 456//585 439//585 462//585
f 456//586 462//586 440//586
f 429//587 424//587 463//587
f 463//588 424//588 441//588
f 463//589 441//589 442//589
f 442//590 441//590 443//590
f 442//591 443//591 464//591
f 464//592 443//592 466//592
f 464//593 466//593 396//593
f 396//594 466//594 398//594
f 426//595 428//595 444//595
f 444//596 428//596 447//596
f 444//597 447//597 445//597
f 445//598 447//598 449//598
f 445//599 449//599 465//599
f 465//600 449//600 446//600
f 428//601 469//601 447//601
f 447//602 469//602 448//602
f 447//603 448//603 449//603
f 449//604 448//604 471//604
f 449//600 471//600 446//600
f 446//605 471//605 473//605
f 470//606 450//606 451//606
f 451//607 450//607 481//607
f 451//608 481//608 472//608
f 472//609 481//609 453//609
f 472//610 453//610 452//610
f 452//611 453//611 476//611
f 452//612 476//612 417//612
f 417//613 476//613 475//613
f 494//614 454//614 491//614
f 491//615 454//615 455//615
f 491//616 455//616 490//616
f 490//617 455//617 438//617
f 490//618 438//618 487//618
f 487//619 438//619 456//619
f 487//620 456//620 457//620
f 457//621 456//621 440//621
f 457//622 440//622 460//622
f 410//623 487//623 458//623
f 458//624 487//624 457//624
f 458//625 457//625 409//625
f 409//626 457//626 460//626
f 409//627 460//627 459//627
f 459//628 460//628 392//628
f 461//629 429//629 462//629
f 462//587 429//587 463//587
f 462//630 463//630 440//630
f 440//631 463//631 442//631
f 440//632 442//632 460//632
f 460//633 442//633 464//633
f 460//634 464//634 392//634
f 392//635 464//635 396//635
f 399//636 398//636 465//636
f 465//637 398//637 466//637
f 465//599 466//599 445//599
f 445//638 466//638 443//638
f 445//639 443//639 444//639
f 444//640 443//640 441//640
f 444//641 441//641 426//641
f 426//588 441//588 424//588
f 474//642 467//642 473//642
f 473//643 467//643 401//643
f 473//644 401//644 446//644
f 446//645 401//645 400//645
f 446//646 400//646 465//646
f 465//646 400//646 468//646
f 465//646 468//646 399//646
f 469//647 470//647 448//647
f 448//606 470//606 451//606
f 448//604 451//604 471//604
f 471//648 451//648 472//648
f 471//649 472//649 473//649
f 473//650 472//650 452//650
f 473//642 452//642 474//642
f 474//651 452//651 417//651
f 418//652 475//652 477//652
f 477//613 475//613 476//613
f 477//653 476//653 478//653
f 478//654 476//654 453//654
f 478//655 453//655 479//655
f 479//656 453//656 481//656
f 479//657 481//657 480//657
f 480//607 481//607 450//607
f 484//658 416//658 413//658
f 430//659 431//659 436//659
f 436//660 431//660 483//660
f 436//661 483//661 482//661
f 482//662 483//662 484//662
f 482//663 484//663 477//663
f 477//664 484//664 413//664
f 477//665 413//665 418//665
f 434//666 485//666 431//666
f 431//667 485//667 454//667
f 431//668 454//668 483//668
f 483//669 454//669 494//669
f 483//670 494//670 484//670
f 484//671 494//671 486//671
f 484//672 486//672 416//672
f 410//673 488//673 487//673
f 487//674 488//674 489//674
f 487//675 489//675 490//675
f 490//676 489//676 412//676
f 490//677 412//677 491//677
f 491//678 412//678 492//678
f 491//679 492//679 494//679
f 494//680 492//680 493//680
f 494//681 493//681 486//681
f 299//682 495//682 503//682
f 497//683 306//683 83//683
f 503//684 495//684 504//684
f 504//685 495//685 298//685
f 504//686 298//686 83//686
f 83//687 298//687 496//687
f 83//688 496//688 497//688
f 56//689 295//689 515//689
f 515//690 295//690 296//690
f 515//691 296//691 499//691
f 499//692 296//692 297//692
f 297//693 498//693 499//693
f 499//694 498//694 500//694
f 499//695 500//695 501//695
f 501//696 500//696 502//696
f 501//697 502//697 503//697
f 503//698 502//698 286//698
f 503//682 286//682 299//682
f 506//699 88//699 507//699
f 509//700 506//700 508//700
f 85//701 509//701 519//701
f 86//702 85//702 520//702
f 86//703 517//703 83//703
f 83//703 517//703 504//703
f 504//704 517//704 503//704
f 503//705 517//705 505//705
f 503//706 505//706 501//706
f 506//707 507//707 508//707
f 508//708 507//708 525//708
f 508//709 525//709 510//709
f 509//710 508//710 519//710
f 519//711 508//711 510//711
f 519//712 510//712 521//712
f 521//713 510//713 512//713
f 521//714 512//714 523//714
f 525//715 511//715 510//715
f 510//716 511//716 527//716
f 510//717 527//717 512//717
f 512//718 527//718 528//718
f 512//719 528//719 513//719
f 501//720 505//720 499//720
f 499//721 505//721 514//721
f 499//722 514//722 515//722
f 515//723 514//723 252//723
f 515//724 252//724 56//724
f 522//725 516//725 254//725
f 86//726 520//726 517//726
f 517//727 520//727 518//727
f 517//728 518//728 505//728
f 505//729 518//729 522//729
f 505//729 522//729 514//729
f 514//730 522//730 254//730
f 514//731 254//731 252//731
f 85//701 519//701 520//701
f 520//732 519//732 521//732
f 520//733 521//733 518//733
f 518//734 521//734 523//734
f 518//735 523//735 522//735
f 522//736 523//736 255//736
f 522//737 255//737 516//737
f 513//738 257//738 512//738
f 512//739 257//739 256//739
f 512//740 256//740 523//740
f 523//741 256//741 524//741
f 523//742 524//742 255//742
f 88//743 535//743 507//743
f 507//744 535//744 526//744
f 507//745 526//745 525//745
f 525//746 526//746 537//746
f 525//747 537//747 511//747
f 511//747 537//747 549//747
f 511//748 549//748 527//748
f 527//748 549//748 550//748
f 527//749 550//749 528//749
f 528//749 550//749 529//749
f 528//750 529//750 513//750
f 513//750 529//750 90//750
f 530//751 531//751 552//751
f 536//752 544//752 547//752
f 532//753 80//753 533//753
f 534//754 538//754 535//754
f 535//754 538//754 526//754
f 532//755 544//755 79//755
f 79//756 544//756 536//756
f 79//757 536//757 82//757
f 526//758 538//758 537//758
f 537//759 538//759 539//759
f 537//760 539//760 549//760
f 543//761 540//761 548//761
f 541//762 540//762 542//762
f 542//763 540//763 543//763
f 542//764 543//764 530//764
f 532//753 533//753 544//753
f 544//765 533//765 545//765
f 544//766 545//766 547//766
f 547//767 545//767 546//767
f 547//768 546//768 557//768
f 534//769 82//769 548//769
f 548//757 82//757 536//757
f 548//770 536//770 543//770
f 543//771 536//771 547//771
f 543//764 547//764 530//764
f 530//772 547//772 557//772
f 530//773 557//773 531//773
f 549//774 539//774 550//774
f 550//775 539//775 551//775
f 550//776 551//776 529//776
f 529//777 551//777 274//777
f 529//778 274//778 90//778
f 541//779 555//779 273//779
f 534//780 548//780 538//780
f 538//781 548//781 540//781
f 538//782 540//782 539//782
f 539//783 540//783 541//783
f 539//784 541//784 551//784
f 551//785 541//785 273//785
f 551//786 273//786 274//786
f 552//751 553//751 530//751
f 530//787 553//787 554//787
f 530//788 554//788 542//788
f 542//789 554//789 271//789
f 542//790 271//790 541//790
f 541//791 271//791 272//791
f 541//791 272//791 555//791
f 556//792 552//792 397//792
f 397//793 552//793 531//793
f 397//794 531//794 395//794
f 395//795 531//795 557//795
f 395//796 557//796 390//796
f 545//797 394//797 393//797
f 393//798 558//798 545//798
f 545//799 558//799 391//799
f 545//800 391//800 559//800
f 390//796 557//796 559//796
f 559//801 557//801 546//801
f 559//802 546//802 545//802
f 560//803 561//803 80//803
f 80//804 561//804 562//804
f 80//805 562//805 563//805
f 394//806 545//806 563//806
f 563//807 545//807 533//807
f 563//808 533//808 80//808
f 564//19 570//19 16//19
f 16//19 570//19 578//19
f 16//19 578//19 2//19
f 2//19 578//19 565//19
f 2//19 565//19 3//19
f 11//19 592//19 566//19
f 566//19 592//19 567//19
f 566//19 567//19 13//19
f 13//19 567//19 568//19
f 13//19 568//19 14//19
f 14//19 568//19 593//19
f 14//19 593//19 564//19
f 564//19 593//19 569//19
f 564//19 569//19 570//19
f 565//19 571//19 3//19
f 3//19 571//19 580//19
f 3//19 580//19 572//19
f 572//19 580//19 581//19
f 572//19 581//19 574//19
f 574//19 581//19 573//19
f 574//19 573//19 6//19
f 6//19 573//19 582//19
f 6//19 582//19 575//19
f 582//19 576//19 575//19
f 575//19 576//19 577//19
f 575//19 577//19 8//19
f 8//19 577//19 585//19
f 8//19 585//19 9//19
f 9//19 585//19 588//19
f 9//19 588//19 11//19
f 11//19 588//19 590//19
f 11//19 590//19 592//19
f 578//809 579//809 565//809
f 565//810 579//810 67//810
f 565//810 67//810 571//810
f 571//811 67//811 70//811
f 571//811 70//811 580//811
f 580//812 70//812 73//812
f 580//812 73//812 581//812
f 581//813 73//813 74//813
f 581//813 74//813 573//813
f 573//5 74//5 583//5
f 573//5 583//5 582//5
f 582//814 583//814 64//814
f 582//814 64//814 576//814
f 576//815 64//815 584//815
f 576//815 584//815 577//815
f 577//816 584//816 586//816
f 577//816 586//816 585//816
f 585//817 586//817 587//817
f 585//817 587//817 588//817
f 588//818 587//818 589//818
f 588//818 589//818 590//818
f 590//819 589//819 591//819
f 590//819 591//819 592//819
f 592//820 591//820 62//820
f 592//820 62//820 567//820
f 567//821 62//821 61//821
f 567//821 61//821 568//821
f 568//12 61//12 68//12
f 568//12 68//12 593//12
f 593//822 68//822 594//822
f 593//822 594//822 569//822
f 569//823 594//823 76//823
f 569//823 76//823 570//823
f 570//824 76//824 75//824
f 570//824 75//824 578//824
f 578//809 75//809 579//809
f 595//825 32//825 596//825
f 595//825 596//825 597//825
f 597//826 596//826 33//826
f 597//826 33//826 78//826
f 78//827 33//827 598//827
f 78//827 598//827 77//827
f 77//828 598//828 599//828
f 77//828 599//828 65//828
f 30//829 72//829 71//829
f 30//829 71//829 43//829
f 43//830 71//830 600//830
f 43//830 600//830 601//830
f 601//831 600//831 69//831
f 601//831 69//831 44//831
f 44//832 69//832 66//832
f 44//832 66//832 602//832
f 667//5 666//5 3845//5
f 802//19 632//19 611//19
f 3930//19 3928//19 615//19
f 844//19 3822//19 3821//19
f 603//19 611//19 3933//19
f 3933//19 611//19 632//19
f 3933//19 632//19 3826//19
f 3826//19 632//19 631//19
f 824//19 822//19 802//19
f 604//19 3814//19 3932//19
f 609//19 605//19 3932//19
f 606//19 607//19 621//19
f 608//19 609//19 3810//19
f 3810//19 609//19 3932//19
f 3810//19 3932//19 610//19
f 610//19 3932//19 3814//19
f 611//19 3937//19 802//19
f 802//19 3937//19 3932//19
f 802//19 3932//19 824//19
f 824//19 3932//19 605//19
f 3804//19 819//19 612//19
f 844//19 846//19 3822//19
f 3822//19 846//19 614//19
f 3822//19 614//19 613//19
f 613//19 614//19 849//19
f 613//19 849//19 3759//19
f 3759//19 849//19 850//19
f 3759//19 850//19 800//19
f 844//19 615//19 842//19
f 842//19 615//19 3861//19
f 842//19 3861//19 3856//19
f 822//19 616//19 802//19
f 802//19 616//19 617//19
f 802//19 617//19 3749//19
f 3749//19 617//19 626//19
f 841//19 840//19 3804//19
f 3804//19 840//19 618//19
f 3804//19 618//19 819//19
f 3801//19 613//19 810//19
f 810//19 613//19 3759//19
f 810//19 3759//19 619//19
f 619//19 3759//19 620//19
f 3932//19 3930//19 604//19
f 604//19 3930//19 615//19
f 604//19 615//19 3819//19
f 3819//19 615//19 844//19
f 3819//19 844//19 3818//19
f 3818//19 844//19 3821//19
f 3759//19 3748//19 620//19
f 620//19 3748//19 3758//19
f 620//19 3758//19 813//19
f 813//19 3758//19 3749//19
f 813//19 3749//19 815//19
f 612//19 606//19 3804//19
f 3804//19 606//19 621//19
f 3804//19 621//19 3807//19
f 3807//19 621//19 828//19
f 3807//19 828//19 3810//19
f 3810//19 828//19 622//19
f 3810//19 622//19 608//19
f 810//19 623//19 3801//19
f 3801//19 623//19 624//19
f 3801//19 624//19 3804//19
f 3804//19 624//19 806//19
f 3804//19 806//19 841//19
f 815//19 3749//19 625//19
f 625//19 3749//19 626//19
f 625//19 626//19 817//19
f 817//19 626//19 832//19
f 817//19 832//19 818//19
f 818//19 832//19 627//19
f 818//19 627//19 628//19
f 836//19 629//19 630//19
f 630//19 629//19 818//19
f 630//19 818//19 830//19
f 830//19 818//19 628//19
f 935//12 934//12 3891//12
f 3891//12 631//12 935//12
f 935//12 631//12 632//12
f 935//12 632//12 633//12
f 633//12 632//12 1301//12
f 3792//5 772//5 636//5
f 3898//5 640//5 641//5
f 637//5 643//5 634//5
f 634//5 643//5 726//5
f 643//5 3898//5 726//5
f 726//5 3898//5 641//5
f 726//5 641//5 761//5
f 761//5 641//5 3792//5
f 761//5 3792//5 635//5
f 635//5 3792//5 636//5
f 637//5 638//5 643//5
f 643//5 638//5 639//5
f 643//5 639//5 730//5
f 640//5 3900//5 641//5
f 641//5 3900//5 3899//5
f 641//5 3899//5 644//5
f 730//5 734//5 643//5
f 643//5 734//5 642//5
f 643//5 642//5 733//5
f 3861//5 615//5 3862//5
f 3862//5 615//5 641//5
f 3862//5 641//5 3901//5
f 3901//5 641//5 644//5
f 3785//12 2109//12 645//12
f 2064//12 646//12 3791//12
f 3791//12 646//12 2069//12
f 3791//12 2069//12 3776//12
f 3933//12 3826//12 3934//12
f 3934//12 3826//12 3827//12
f 651//12 647//12 648//12
f 2064//12 3791//12 649//12
f 649//12 3791//12 3934//12
f 649//12 3934//12 1345//12
f 651//12 3830//12 650//12
f 650//12 3830//12 1339//12
f 651//12 648//12 3830//12
f 3830//12 648//12 1343//12
f 3830//12 1343//12 655//12
f 3827//12 652//12 3934//12
f 3934//12 652//12 653//12
f 3934//12 653//12 1345//12
f 1345//12 653//12 3830//12
f 1345//12 3830//12 654//12
f 654//12 3830//12 655//12
f 658//19 754//19 755//19
f 2109//19 656//19 645//19
f 645//19 656//19 755//19
f 645//19 755//19 657//19
f 658//19 755//19 659//19
f 659//19 755//19 656//19
f 659//19 656//19 2075//19
f 671//21 1146//21 1326//21
f 660//21 661//21 668//21
f 665//21 662//21 3840//21
f 3840//21 662//21 1336//21
f 3840//21 1336//21 3839//21
f 3839//21 1336//21 1337//21
f 3839//21 1337//21 663//21
f 3833//21 680//21 3834//21
f 3834//21 680//21 1372//21
f 3834//21 1372//21 665//21
f 665//21 1372//21 664//21
f 665//21 664//21 662//21
f 666//21 667//21 686//21
f 668//21 661//21 684//21
f 688//21 669//21 1159//21
f 1214//21 670//21 1326//21
f 1326//21 670//21 1150//21
f 1326//21 1150//21 671//21
f 660//21 668//21 728//21
f 728//21 668//21 3852//21
f 728//21 3852//21 672//21
f 672//21 3852//21 3849//21
f 672//21 3849//21 673//21
f 3841//21 674//21 3833//21
f 3833//21 674//21 1512//21
f 669//21 688//21 675//21
f 675//21 688//21 691//21
f 675//21 691//21 1162//21
f 1159//21 1156//21 688//21
f 688//21 1156//21 1183//21
f 688//21 1183//21 1182//21
f 676//21 677//21 680//21
f 680//21 677//21 1520//21
f 680//21 1520//21 1516//21
f 1178//21 1483//21 678//21
f 1173//21 1174//21 1488//21
f 1512//21 1511//21 3833//21
f 3833//21 1511//21 1510//21
f 3833//21 1510//21 680//21
f 680//21 1510//21 679//21
f 680//21 679//21 676//21
f 1516//21 1515//21 680//21
f 680//21 1515//21 1514//21
f 680//21 1514//21 1513//21
f 1146//21 681//21 1326//21
f 1326//21 681//21 680//21
f 1326//21 680//21 682//21
f 682//21 680//21 1513//21
f 1178//21 678//21 1176//21
f 678//21 1484//21 1176//21
f 1176//21 1484//21 683//21
f 1176//21 683//21 1174//21
f 1174//21 683//21 1486//21
f 1174//21 1486//21 1488//21
f 661//21 685//21 684//21
f 684//21 685//21 691//21
f 684//21 691//21 686//21
f 686//21 691//21 1543//21
f 686//21 1543//21 1544//21
f 1544//21 687//21 686//21
f 686//833 687//833 1545//833
f 686//21 1545//21 666//21
f 1483//21 1178//21 1481//21
f 1481//21 1178//21 1179//21
f 1481//21 1179//21 1479//21
f 1182//21 1189//21 688//21
f 688//21 1189//21 689//21
f 688//21 689//21 1326//21
f 1326//21 689//21 1204//21
f 1326//21 1204//21 1214//21
f 700//21 1494//21 690//21
f 1563//21 1564//21 691//21
f 691//21 1564//21 1541//21
f 691//21 1541//21 1543//21
f 1479//21 1179//21 1477//21
f 1477//21 1179//21 692//21
f 1477//21 692//21 1476//21
f 700//21 690//21 1170//21
f 1488//21 1489//21 1173//21
f 1173//21 1489//21 694//21
f 1173//21 694//21 693//21
f 693//21 694//21 695//21
f 688//21 696//21 691//21
f 691//21 696//21 697//21
f 691//21 697//21 1552//21
f 1180//21 1468//21 1469//21
f 695//21 1490//21 693//21
f 693//21 1490//21 699//21
f 693//21 699//21 698//21
f 698//21 699//21 1491//21
f 698//21 1491//21 700//21
f 700//21 1491//21 1492//21
f 700//21 1492//21 1494//21
f 1552//21 1539//21 691//21
f 691//21 1539//21 701//21
f 691//21 701//21 1563//21
f 704//21 707//21 710//21
f 1180//21 1469//21 702//21
f 690//21 1496//21 1170//21
f 1170//21 1496//21 1498//21
f 1170//21 1498//21 712//21
f 710//21 703//21 704//21
f 704//21 703//21 705//21
f 704//21 705//21 692//21
f 692//21 705//21 1475//21
f 692//21 1475//21 1476//21
f 1469//21 706//21 702//21
f 702//21 706//21 708//21
f 702//21 708//21 707//21
f 707//21 708//21 709//21
f 707//21 709//21 710//21
f 1468//21 1180//21 711//21
f 711//21 1180//21 716//21
f 711//21 716//21 1466//21
f 1498//21 713//21 712//21
f 712//21 713//21 1501//21
f 712//21 1501//21 1167//21
f 1167//21 1501//21 714//21
f 1167//21 714//21 715//21
f 715//21 714//21 680//21
f 715//21 680//21 1136//21
f 1136//21 680//21 681//21
f 1162//21 691//21 1164//21
f 1164//21 691//21 1463//21
f 1164//21 1463//21 716//21
f 716//21 1463//21 1464//21
f 716//21 1464//21 1466//21
f 2120//834 717//834 719//834
f 719//835 717//835 718//835
f 719//836 718//836 763//836
f 763//837 718//837 744//837
f 763//838 744//838 765//838
f 765//839 744//839 766//839
f 766//840 744//840 742//840
f 766//841 742//841 767//841
f 767//842 742//842 720//842
f 767//843 720//843 768//843
f 720//844 721//844 768//844
f 768//845 721//845 751//845
f 768//846 751//846 770//846
f 770//847 751//847 722//847
f 770//848 722//848 723//848
f 723//849 722//849 725//849
f 723//850 725//850 724//850
f 724//851 725//851 726//851
f 724//852 726//852 761//852
f 722//853 751//853 727//853
f 744//854 718//854 743//854
f 660//855 728//855 729//855
f 661//856 660//856 745//856
f 726//857 725//857 634//857
f 634//858 725//858 753//858
f 634//859 753//859 637//859
f 637//860 753//860 638//860
f 638//861 753//861 752//861
f 638//862 752//862 639//862
f 639//863 752//863 730//863
f 730//864 752//864 735//864
f 730//865 735//865 734//865
f 731//866 732//866 735//866
f 732//867 733//867 735//867
f 735//868 733//868 642//868
f 735//869 642//869 734//869
f 673//870 736//870 735//870
f 735//871 736//871 737//871
f 735//872 737//872 731//872
f 728//873 672//873 748//873
f 748//874 672//874 673//874
f 661//875 740//875 685//875
f 685//876 740//876 1503//876
f 1503//877 740//877 738//877
f 738//878 740//878 739//878
f 738//879 739//879 1504//879
f 1504//880 739//880 1507//880
f 1507//881 739//881 743//881
f 1507//880 743//880 1506//880
f 1506//882 743//882 718//882
f 1506//882 718//882 717//882
f 661//883 745//883 740//883
f 740//884 745//884 747//884
f 740//885 747//885 739//885
f 739//886 747//886 741//886
f 739//887 741//887 743//887
f 743//854 741//854 742//854
f 743//854 742//854 744//854
f 750//888 721//888 720//888
f 660//889 729//889 745//889
f 745//890 729//890 746//890
f 745//891 746//891 747//891
f 747//892 746//892 750//892
f 747//893 750//893 741//893
f 741//894 750//894 720//894
f 741//895 720//895 742//895
f 728//873 748//873 729//873
f 729//896 748//896 749//896
f 729//896 749//896 746//896
f 746//897 749//897 727//897
f 746//898 727//898 750//898
f 750//899 727//899 751//899
f 750//900 751//900 721//900
f 673//901 735//901 748//901
f 748//902 735//902 752//902
f 748//903 752//903 749//903
f 749//904 752//904 753//904
f 749//905 753//905 727//905
f 727//906 753//906 725//906
f 727//906 725//906 722//906
f 635//907 636//907 771//907
f 658//908 1115//908 754//908
f 754//909 1115//909 756//909
f 754//910 756//910 755//910
f 788//911 3773//911 789//911
f 789//912 3773//912 3772//912
f 789//913 3772//913 3771//913
f 755//910 756//910 657//910
f 657//914 756//914 795//914
f 657//915 795//915 757//915
f 3767//916 758//916 786//916
f 786//917 758//917 3764//917
f 786//918 3764//918 3763//918
f 772//919 759//919 781//919
f 781//920 759//920 760//920
f 781//920 760//920 3768//920
f 635//921 771//921 761//921
f 762//922 2120//922 779//922
f 779//922 2120//922 719//922
f 779//923 719//923 776//923
f 719//923 763//923 776//923
f 776//924 763//924 765//924
f 776//925 765//925 764//925
f 765//925 766//925 764//925
f 764//926 766//926 767//926
f 764//927 767//927 774//927
f 767//928 768//928 774//928
f 774//929 768//929 770//929
f 774//929 770//929 769//929
f 769//930 770//930 723//930
f 769//931 723//931 771//931
f 771//932 723//932 724//932
f 771//933 724//933 761//933
f 636//934 772//934 771//934
f 771//935 772//935 781//935
f 771//936 781//936 769//936
f 769//937 781//937 773//937
f 769//938 773//938 774//938
f 774//939 773//939 775//939
f 774//940 775//940 764//940
f 764//940 775//940 782//940
f 764//941 782//941 776//941
f 776//942 782//942 777//942
f 776//943 777//943 779//943
f 779//943 777//943 783//943
f 785//944 778//944 783//944
f 783//944 778//944 2115//944
f 783//945 2115//945 779//945
f 779//946 2115//946 780//946
f 779//946 780//946 762//946
f 3768//947 3767//947 781//947
f 781//948 3767//948 786//948
f 781//949 786//949 773//949
f 773//950 786//950 787//950
f 773//951 787//951 775//951
f 775//951 787//951 790//951
f 775//952 790//952 782//952
f 782//953 790//953 792//953
f 782//954 792//954 777//954
f 777//955 792//955 793//955
f 777//956 793//956 783//956
f 783//956 793//956 784//956
f 783//944 784//944 785//944
f 785//957 784//957 2124//957
f 3763//958 3770//958 786//958
f 786//959 3770//959 788//959
f 786//960 788//960 787//960
f 787//961 788//961 789//961
f 787//962 789//962 790//962
f 790//962 789//962 791//962
f 790//963 791//963 792//963
f 792//964 791//964 796//964
f 792//965 796//965 793//965
f 793//966 796//966 794//966
f 793//967 794//967 784//967
f 784//967 794//967 797//967
f 784//957 797//957 2124//957
f 2124//957 797//957 799//957
f 3771//968 757//968 789//968
f 789//969 757//969 795//969
f 789//970 795//970 791//970
f 791//971 795//971 1100//971
f 791//972 1100//972 796//972
f 796//972 1100//972 1099//972
f 796//973 1099//973 794//973
f 794//973 1099//973 1102//973
f 794//974 1102//974 797//974
f 797//974 1102//974 798//974
f 797//975 798//975 799//975
f 799//975 798//975 1094//975
f 851//21 3760//21 800//21
f 800//21 3760//21 3759//21
f 1013//5 801//5 802//5
f 1585//5 804//5 1583//5
f 1583//5 804//5 803//5
f 1566//5 1280//5 1565//5
f 1565//5 1280//5 2219//5
f 3749//5 939//5 1002//5
f 1002//5 1152//5 1291//5
f 1566//5 803//5 1280//5
f 1280//5 803//5 804//5
f 1280//5 804//5 1291//5
f 1291//5 804//5 1013//5
f 1291//5 1013//5 1002//5
f 1002//5 1013//5 802//5
f 1002//5 802//5 3749//5
f 805//976 841//976 806//976
f 805//976 806//976 807//976
f 807//977 806//977 624//977
f 807//977 624//977 808//977
f 808//978 624//978 623//978
f 808//978 623//978 809//978
f 809//979 623//979 810//979
f 809//979 810//979 811//979
f 811//980 810//980 619//980
f 811//980 619//980 812//980
f 812//20 619//20 620//20
f 812//20 620//20 2259//20
f 2259//981 620//981 813//981
f 2259//981 813//981 814//981
f 814//982 813//982 815//982
f 814//982 815//982 816//982
f 816//983 815//983 625//983
f 816//983 625//983 2262//983
f 2262//984 625//984 817//984
f 2262//984 817//984 2264//984
f 2264//985 817//985 818//985
f 2264//985 818//985 834//985
f 819//5 838//5 612//5
f 612//5 838//5 820//5
f 833//986 832//986 626//986
f 833//986 626//986 821//986
f 821//987 626//987 617//987
f 821//987 617//987 2254//987
f 2254//988 617//988 616//988
f 2254//988 616//988 2255//988
f 2255//989 616//989 822//989
f 2255//989 822//989 2258//989
f 2258//990 822//990 824//990
f 2258//990 824//990 823//990
f 823//21 824//21 605//21
f 823//21 605//21 825//21
f 825//991 605//991 609//991
f 825//991 609//991 826//991
f 826//992 609//992 608//992
f 826//992 608//992 2248//992
f 2248//993 608//993 622//993
f 2248//993 622//993 827//993
f 827//994 622//994 828//994
f 827//994 828//994 829//994
f 829//995 828//995 621//995
f 829//995 621//995 2251//995
f 830//12 2266//12 630//12
f 630//12 2266//12 2265//12
f 2266//996 830//996 628//996
f 2266//996 628//996 831//996
f 831//997 628//997 627//997
f 831//997 627//997 2252//997
f 2252//998 627//998 832//998
f 2252//998 832//998 833//998
f 834//999 818//999 629//999
f 834//999 629//999 835//999
f 835//1000 629//1000 836//1000
f 835//1000 836//1000 837//1000
f 837//1001 836//1001 630//1001
f 837//1001 630//1001 2265//1001
f 838//1002 819//1002 618//1002
f 838//1002 618//1002 839//1002
f 839//1003 618//1003 840//1003
f 839//1003 840//1003 2273//1003
f 2273//1004 840//1004 841//1004
f 2273//1004 841//1004 805//1004
f 2251//1005 621//1005 607//1005
f 2251//1005 607//1005 2271//1005
f 2271//1006 607//1006 606//1006
f 2271//1006 606//1006 2272//1006
f 2272//1007 606//1007 612//1007
f 2272//1007 612//1007 820//1007
f 842//1008 1308//1008 843//1008
f 842//1008 843//1008 844//1008
f 844//1009 843//1009 845//1009
f 844//1009 845//1009 846//1009
f 846//1010 845//1010 847//1010
f 846//1010 847//1010 614//1010
f 614//1011 847//1011 848//1011
f 614//1011 848//1011 849//1011
f 849//1012 848//1012 1304//1012
f 849//1012 1304//1012 850//1012
f 850//1013 1304//1013 851//1013
f 850//1013 851//1013 800//1013
f 3651//19 801//19 3652//19
f 3652//1014 801//1014 1013//1014
f 872//20 852//20 3662//20
f 3662//20 852//20 995//20
f 1004//21 853//21 3726//21
f 3726//21 853//21 865//21
f 1574//12 1604//12 2225//12
f 1575//12 1574//12 2236//12
f 2236//12 1574//12 2225//12
f 2236//12 2225//12 854//12
f 854//12 2225//12 1272//12
f 854//12 1272//12 3681//12
f 3681//12 1272//12 855//12
f 2237//1015 2236//1015 854//1015
f 856//1016 857//1016 3709//1016
f 3709//1017 857//1017 2239//1017
f 3709//1018 2239//1018 854//1018
f 854//1019 2239//1019 858//1019
f 854//1020 858//1020 2237//1020
f 862//1021 2235//1021 3710//1021
f 3710//1022 2235//1022 859//1022
f 3710//1023 859//1023 856//1023
f 856//1024 859//1024 2240//1024
f 856//1025 2240//1025 857//1025
f 866//1026 861//1026 860//1026
f 860//1027 861//1027 2232//1027
f 860//1028 2232//1028 862//1028
f 862//1029 2232//1029 863//1029
f 862//1030 863//1030 2235//1030
f 3726//1031 865//1031 864//1031
f 864//1032 865//1032 2226//1032
f 864//1033 2226//1033 866//1033
f 866//1034 2226//1034 867//1034
f 866//1035 867//1035 861//1035
f 3681//1036 855//1036 868//1036
f 868//1037 855//1037 1154//1037
f 3682//1038 3684//1038 870//1038
f 870//1039 3684//1039 3685//1039
f 870//1039 3685//1039 1154//1039
f 1154//1040 3685//1040 869//1040
f 1154//1041 869//1041 868//1041
f 3682//1042 870//1042 871//1042
f 871//1043 870//1043 852//1043
f 871//1044 852//1044 872//1044
f 3335//5 873//5 1790//5
f 893//5 2178//5 894//5
f 874//5 1775//5 878//5
f 878//5 1775//5 876//5
f 3335//5 1790//5 3348//5
f 1775//5 875//5 876//5
f 876//5 875//5 877//5
f 876//5 877//5 895//5
f 895//5 877//5 1758//5
f 895//5 1758//5 893//5
f 1790//5 1791//5 3348//5
f 3348//5 1791//5 1788//5
f 3348//5 1788//5 878//5
f 878//5 1788//5 1778//5
f 878//5 1778//5 874//5
f 873//5 3335//5 1797//5
f 1797//5 3335//5 879//5
f 1797//5 879//5 884//5
f 3337//5 880//5 1809//5
f 886//5 887//5 880//5
f 880//5 887//5 1734//5
f 880//5 1734//5 1809//5
f 3584//5 3583//5 895//5
f 1809//5 881//5 3337//5
f 3337//5 881//5 882//5
f 3337//5 882//5 879//5
f 879//5 882//5 883//5
f 879//5 883//5 884//5
f 3534//5 3533//5 907//5
f 907//5 3533//5 3383//5
f 3383//5 885//5 907//5
f 907//5 885//5 1745//5
f 907//5 1745//5 886//5
f 886//5 1745//5 1739//5
f 886//5 1739//5 887//5
f 888//5 889//5 3549//5
f 3345//5 902//5 889//5
f 889//5 902//5 890//5
f 889//5 890//5 3549//5
f 3583//5 3581//5 895//5
f 895//1045 3581//1045 891//1045
f 895//5 891//5 901//5
f 901//5 891//5 892//5
f 901//5 892//5 3567//5
f 893//5 894//5 895//5
f 895//5 894//5 896//5
f 895//5 896//5 3584//5
f 897//5 3535//5 907//5
f 907//5 3535//5 898//5
f 907//5 898//5 3534//5
f 3549//5 899//5 888//5
f 888//5 899//5 903//5
f 888//5 903//5 905//5
f 3567//5 3559//5 901//5
f 901//5 3559//5 900//5
f 901//5 900//5 3345//5
f 3345//5 900//5 3547//5
f 3345//5 3547//5 902//5
f 903//5 904//5 905//5
f 905//5 904//5 906//5
f 905//5 906//5 907//5
f 907//5 906//5 908//5
f 907//5 908//5 897//5
f 929//19 2698//19 909//19
f 909//19 2698//19 2699//19
f 2699//19 1218//19 909//19
f 909//19 1218//19 1246//19
f 909//19 1246//19 1334//19
f 1240//19 914//19 1237//19
f 1237//19 914//19 2704//19
f 1237//19 2704//19 910//19
f 1246//19 1244//19 1334//19
f 1334//19 1244//19 911//19
f 1334//19 911//19 921//19
f 921//19 911//19 1237//19
f 921//19 1237//19 2706//19
f 2706//19 1237//19 910//19
f 2702//19 1224//19 2701//19
f 2701//19 1224//19 1226//19
f 2701//19 1226//19 2699//19
f 2699//19 1226//19 912//19
f 2699//19 912//19 1218//19
f 1240//19 1233//19 914//19
f 914//19 1233//19 913//19
f 914//19 913//19 2702//19
f 2702//19 913//19 1230//19
f 2702//19 1230//19 1224//19
f 914//20 2702//20 1303//20
f 1303//20 2702//20 1302//20
f 2711//1046 916//1046 2714//1046
f 2714//1047 916//1047 915//1047
f 2711//1048 917//1048 916//1048
f 916//1049 917//1049 2710//1049
f 916//1050 2710//1050 1300//1050
f 915//1051 918//1051 2714//1051
f 2714//1052 918//1052 3923//1052
f 2714//1053 3923//1053 3922//1053
f 923//1054 919//1054 2716//1054
f 3922//1055 3927//1055 2714//1055
f 2714//1056 3927//1056 923//1056
f 2714//1057 923//1057 2715//1057
f 2715//1058 923//1058 2716//1058
f 1334//1059 921//1059 920//1059
f 920//1060 921//1060 922//1060
f 920//1061 922//1061 1537//1061
f 1537//1062 922//1062 2707//1062
f 923//1063 3926//1063 919//1063
f 919//1064 3926//1064 924//1064
f 919//1065 924//1065 925//1065
f 925//1066 924//1066 1537//1066
f 925//1067 1537//1067 926//1067
f 926//1068 1537//1068 2707//1068
f 931//1069 927//1069 1531//1069
f 1531//1070 927//1070 928//1070
f 928//1071 927//1071 929//1071
f 928//1072 929//1072 909//1072
f 932//1073 2696//1073 930//1073
f 930//1074 2696//1074 2695//1074
f 930//1075 2695//1075 2694//1075
f 3890//1076 930//1076 1527//1076
f 1527//1077 930//1077 2694//1077
f 1527//1078 2694//1078 1531//1078
f 1531//1079 2694//1079 2693//1079
f 1531//1080 2693//1080 931//1080
f 932//1073 930//1073 933//1073
f 933//1081 930//1081 3888//1081
f 933//1081 3888//1081 3887//1081
f 934//1082 935//1082 938//1082
f 3887//1083 936//1083 933//1083
f 933//1084 936//1084 3892//1084
f 933//1085 3892//1085 937//1085
f 937//1086 3892//1086 934//1086
f 937//1087 934//1087 2692//1087
f 2692//1088 934//1088 938//1088
f 939//19 3754//19 1002//19
f 2260//1089 2425//1089 2246//1089
f 2246//1090 2425//1090 940//1090
f 2246//1091 940//1091 2424//1091
f 941//1092 2340//1092 2260//1092
f 2260//1093 2340//1093 942//1093
f 2260//1094 942//1094 2425//1094
f 941//1095 2260//1095 943//1095
f 943//1096 2260//1096 944//1096
f 943//1097 944//1097 945//1097
f 951//1098 946//1098 2261//1098
f 2261//1099 946//1099 947//1099
f 2261//1100 947//1100 944//1100
f 944//1101 947//1101 2342//1101
f 944//1102 2342//1102 945//1102
f 948//1103 949//1103 954//1103
f 954//1104 949//1104 950//1104
f 954//1105 950//1105 2261//1105
f 2261//1106 950//1106 2332//1106
f 2261//1107 2332//1107 951//1107
f 2263//1108 2309//1108 952//1108
f 952//1109 953//1109 2263//1109
f 2263//1110 953//1110 2313//1110
f 2263//1111 2313//1111 954//1111
f 954//1112 2313//1112 2312//1112
f 954//1113 2312//1113 948//1113
f 2304//1114 2303//1114 2269//1114
f 2269//1115 2303//1115 2301//1115
f 2301//1116 955//1116 2269//1116
f 2269//1117 955//1117 956//1117
f 2269//1118 956//1118 2267//1118
f 2267//1119 956//1119 2310//1119
f 2267//1120 2310//1120 2263//1120
f 2263//1121 2310//1121 957//1121
f 2263//1122 957//1122 2309//1122
f 2270//1123 958//1123 2297//1123
f 2297//1124 2306//1124 2270//1124
f 2270//1125 2306//1125 959//1125
f 2270//1126 959//1126 2269//1126
f 2269//1127 959//1127 2305//1127
f 2269//1128 2305//1128 2304//1128
f 958//1123 2270//1123 2299//1123
f 2299//1129 2270//1129 960//1129
f 2299//1130 960//1130 2293//1130
f 2293//1131 960//1131 2292//1131
f 2292//1132 960//1132 963//1132
f 2292//1133 963//1133 961//1133
f 2285//1134 962//1134 963//1134
f 963//1135 962//1135 2284//1135
f 963//1136 2284//1136 961//1136
f 965//1137 966//1137 964//1137
f 965//1138 964//1138 963//1138
f 963//1139 964//1139 2278//1139
f 963//1140 2278//1140 2285//1140
f 2424//1141 2422//1141 2246//1141
f 2246//1142 2422//1142 2283//1142
f 2246//1143 2283//1143 965//1143
f 965//1144 2283//1144 2282//1144
f 965//1145 2282//1145 966//1145
f 967//1146 2515//1146 2253//1146
f 2268//1147 968//1147 969//1147
f 2517//1148 2526//1148 2250//1148
f 2250//1149 2526//1149 2524//1149
f 2250//1150 2524//1150 2268//1150
f 2268//1151 2524//1151 2522//1151
f 2268//1152 2522//1152 968//1152
f 2253//1153 2515//1153 970//1153
f 2515//1154 971//1154 970//1154
f 970//1155 971//1155 2513//1155
f 970//1156 2513//1156 972//1156
f 972//1157 2520//1157 970//1157
f 970//1158 2520//1158 973//1158
f 970//1159 973//1159 2250//1159
f 2250//1160 973//1160 2519//1160
f 2250//1161 2519//1161 2517//1161
f 2489//1162 2488//1162 2256//1162
f 2256//1163 2488//1163 2487//1163
f 2256//1164 2487//1164 2253//1164
f 2253//1165 2487//1165 974//1165
f 2253//1166 974//1166 967//1166
f 977//1167 2485//1167 2257//1167
f 2257//1168 2485//1168 2484//1168
f 2257//1169 2484//1169 2256//1169
f 2256//1170 2484//1170 2483//1170
f 2256//1171 2483//1171 2489//1171
f 975//1172 2479//1172 2257//1172
f 2257//1173 2479//1173 976//1173
f 2257//1174 976//1174 977//1174
f 2475//1175 2473//1175 978//1175
f 978//1176 2473//1176 979//1176
f 978//1177 979//1177 975//1177
f 975//1178 979//1178 2480//1178
f 975//1179 2480//1179 2479//1179
f 2470//1180 2468//1180 2247//1180
f 2247//1181 2468//1181 2478//1181
f 2247//1182 2478//1182 978//1182
f 978//1183 2478//1183 980//1183
f 978//1183 980//1183 2475//1183
f 985//1184 2472//1184 2249//1184
f 2249//1185 2472//1185 981//1185
f 2249//1186 981//1186 2247//1186
f 2247//1187 981//1187 2471//1187
f 2247//1188 2471//1188 2470//1188
f 982//1189 2458//1189 991//1189
f 991//1190 2458//1190 983//1190
f 991//1191 983//1191 2249//1191
f 2249//1192 983//1192 984//1192
f 2249//1192 984//1192 985//1192
f 986//1193 988//1193 987//1193
f 987//1194 988//1194 989//1194
f 987//1195 989//1195 991//1195
f 991//1196 989//1196 990//1196
f 991//1197 990//1197 982//1197
f 969//1198 2618//1198 2268//1198
f 2268//1199 2618//1199 992//1199
f 2268//1200 992//1200 2616//1200
f 2616//1201 2615//1201 2268//1201
f 2268//1202 2615//1202 993//1202
f 2268//1203 993//1203 987//1203
f 987//1204 993//1204 994//1204
f 987//1205 994//1205 986//1205
f 3662//1206 995//1206 996//1206
f 996//1207 995//1207 1155//1207
f 997//1208 3664//1208 998//1208
f 998//1209 3664//1209 999//1209
f 998//1210 999//1210 1155//1210
f 1155//1211 999//1211 1000//1211
f 1155//1212 1000//1212 996//1212
f 1002//1213 3754//1213 1001//1213
f 997//1208 998//1208 1001//1208
f 1001//1214 998//1214 1152//1214
f 1001//1213 1152//1213 1002//1213
f 1005//1215 2245//1215 2227//1215
f 1005//1216 2227//1216 1003//1216
f 1003//1217 2227//1217 853//1217
f 1003//1218 853//1218 1004//1218
f 3737//1219 2241//1219 1005//1219
f 1005//1220 2241//1220 1006//1220
f 1005//1221 1006//1221 2245//1221
f 1012//1222 1007//1222 1008//1222
f 1008//1223 1007//1223 2241//1223
f 1008//1224 2241//1224 3738//1224
f 3738//1225 2241//1225 3737//1225
f 1014//1226 2243//1226 1009//1226
f 1009//1227 2243//1227 1010//1227
f 1009//1228 1010//1228 1008//1228
f 1008//1229 1010//1229 1011//1229
f 1008//1230 1011//1230 1012//1230
f 3652//1231 1013//1231 1009//1231
f 1009//1231 1013//1231 804//1231
f 1009//1232 804//1232 1014//1232
f 3413//1233 3414//1233 1369//1233
f 2929//1234 2930//1234 1089//1234
f 2926//1235 1015//1235 1089//1235
f 1089//1236 1015//1236 1016//1236
f 1089//1237 1016//1237 2929//1237
f 1089//1238 1412//1238 2926//1238
f 2926//1239 1412//1239 1411//1239
f 2926//1240 1411//1240 2953//1240
f 1018//1241 1017//1241 1019//1241
f 1018//1242 1019//1242 2681//1242
f 2681//1243 1019//1243 1020//1243
f 2681//1244 1020//1244 1021//1244
f 1411//1245 1022//1245 2953//1245
f 2953//1246 1022//1246 1023//1246
f 2953//1247 1023//1247 1024//1247
f 1024//1248 1023//1248 1025//1248
f 2988//1249 2986//1249 1398//1249
f 1398//1250 2986//1250 2984//1250
f 1398//1251 2984//1251 1399//1251
f 1399//1252 2984//1252 1026//1252
f 1399//1253 1026//1253 1027//1253
f 1027//1254 1026//1254 2983//1254
f 1027//1255 2983//1255 1401//1255
f 1401//1256 2983//1256 1028//1256
f 1401//1257 1028//1257 1402//1257
f 1402//1258 1028//1258 1029//1258
f 1402//1259 1029//1259 1404//1259
f 1404//1260 1029//1260 1030//1260
f 1404//1261 1030//1261 1031//1261
f 1031//1262 1030//1262 2982//1262
f 1031//1263 2982//1263 1032//1263
f 1032//1264 2982//1264 1034//1264
f 1032//1265 1034//1265 1033//1265
f 1033//1266 1034//1266 1035//1266
f 1033//1267 1035//1267 1406//1267
f 1406//1268 1035//1268 1036//1268
f 1406//1269 1036//1269 1037//1269
f 1037//1270 1036//1270 2980//1270
f 1037//1271 2980//1271 1038//1271
f 1038//1272 2980//1272 1039//1272
f 1038//1273 1039//1273 1040//1273
f 1040//1274 1039//1274 2955//1274
f 1040//1275 2955//1275 1023//1275
f 1023//1276 2955//1276 2954//1276
f 1023//1277 2954//1277 1025//1277
f 1387//1278 3002//1278 1051//1278
f 1051//1279 3002//1279 3001//1279
f 1398//1280 1397//1280 2988//1280
f 2988//1280 1397//1280 1042//1280
f 2988//1281 1042//1281 1041//1281
f 1041//1282 1042//1282 1043//1282
f 1041//1283 1043//1283 2989//1283
f 2989//1284 1043//1284 1395//1284
f 2989//1285 1395//1285 1044//1285
f 1044//1286 1395//1286 1394//1286
f 1044//1287 1394//1287 2992//1287
f 2992//1288 1394//1288 1045//1288
f 2992//1289 1045//1289 2993//1289
f 2993//1290 1045//1290 1393//1290
f 2993//1291 1393//1291 1047//1291
f 1047//1292 1393//1292 1046//1292
f 1047//1293 1046//1293 1048//1293
f 1048//1294 1046//1294 1391//1294
f 1048//1295 1391//1295 2994//1295
f 2994//1296 1391//1296 1390//1296
f 2994//1297 1390//1297 2997//1297
f 2997//1296 1390//1296 1049//1296
f 2997//1298 1049//1298 2998//1298
f 2998//1299 1049//1299 1050//1299
f 2998//1300 1050//1300 3000//1300
f 3000//1301 1050//1301 1389//1301
f 3000//1302 1389//1302 3001//1302
f 3001//1303 1389//1303 1388//1303
f 3001//1304 1388//1304 1051//1304
f 1052//1305 1056//1305 3097//1305
f 3097//1306 1056//1306 1053//1306
f 3097//1307 1053//1307 1383//1307
f 1052//1308 3094//1308 1056//1308
f 1056//1309 3094//1309 1054//1309
f 1056//1310 1054//1310 1055//1310
f 1055//1311 3078//1311 1056//1311
f 1056//1312 3078//1312 1057//1312
f 1056//1313 1057//1313 3070//1313
f 3070//1314 1058//1314 1056//1314
f 1056//1315 1058//1315 3051//1315
f 1056//1316 3051//1316 1059//1316
f 1059//1317 3051//1317 3057//1317
f 1059//1318 3057//1318 1387//1318
f 1387//1319 3057//1319 3043//1319
f 1387//1320 3043//1320 3002//1320
f 2638//1321 1060//1321 1063//1321
f 1063//1322 1060//1322 1061//1322
f 1063//1323 1061//1323 1378//1323
f 1378//1324 1061//1324 1379//1324
f 3105//1325 3097//1325 1062//1325
f 1062//1326 3097//1326 1383//1326
f 1062//1327 1383//1327 1061//1327
f 1061//1328 1383//1328 1382//1328
f 1061//1329 1382//1329 1379//1329
f 1069//1330 2641//1330 1063//1330
f 1063//1331 2641//1331 1064//1331
f 1063//1332 1064//1332 2638//1332
f 1065//1333 1066//1333 1067//1333
f 1067//1334 1066//1334 1069//1334
f 1067//1335 1069//1335 1068//1335
f 1068//1336 1069//1336 1063//1336
f 1068//1337 1063//1337 3483//1337
f 3483//1338 1063//1338 1377//1338
f 3483//1339 1377//1339 1070//1339
f 3479//1340 1071//1340 3481//1340
f 3481//1341 1071//1341 1072//1341
f 3481//1342 1072//1342 1067//1342
f 1067//1343 1072//1343 2651//1343
f 1067//1344 2651//1344 1065//1344
f 1377//1345 1376//1345 1070//1345
f 1070//1346 1376//1346 1075//1346
f 1070//1347 1075//1347 3485//1347
f 3485//1348 1075//1348 1076//1348
f 1073//1349 1375//1349 1074//1349
f 1073//1350 1074//1350 1080//1350
f 1375//1351 1073//1351 1075//1351
f 1075//1352 1073//1352 3487//1352
f 1075//1353 3487//1353 1076//1353
f 1133//1354 1077//1354 1505//1354
f 1505//1355 1077//1355 1078//1355
f 1505//1356 1078//1356 1079//1356
f 1079//1357 1078//1357 1080//1357
f 1079//1358 1080//1358 1081//1358
f 1081//1358 1080//1358 1074//1358
f 1092//1359 3403//1359 1083//1359
f 3403//1360 1082//1360 1083//1360
f 1083//1361 1082//1361 3400//1361
f 1083//1362 3400//1362 3398//1362
f 3398//1363 3397//1363 1083//1363
f 1083//1364 3397//1364 1084//1364
f 1083//1365 1084//1365 1416//1365
f 3413//1366 1369//1366 3412//1366
f 3412//1367 1369//1367 1085//1367
f 3412//1368 1085//1368 3410//1368
f 3410//1369 1085//1369 1086//1369
f 3410//1370 1086//1370 3405//1370
f 3405//1371 1086//1371 1087//1371
f 3405//1372 1087//1372 1084//1372
f 1084//1373 1087//1373 1417//1373
f 1084//1374 1417//1374 1416//1374
f 1091//1375 1088//1375 1083//1375
f 2930//1376 1017//1376 1089//1376
f 1089//1377 1017//1377 1018//1377
f 1089//1378 1018//1378 1413//1378
f 1413//1379 1018//1379 1090//1379
f 1413//1380 1090//1380 1083//1380
f 1083//1381 1090//1381 2682//1381
f 1083//1382 2682//1382 1091//1382
f 1088//1383 2685//1383 1083//1383
f 1083//1384 2685//1384 2686//1384
f 1083//1385 2686//1385 2687//1385
f 2664//1386 1092//1386 1093//1386
f 1093//1387 1092//1387 1083//1387
f 1093//1388 1083//1388 2689//1388
f 2689//1389 1083//1389 2687//1389
f 1101//20 2122//20 1094//20
f 2106//20 2213//20 1095//20
f 1095//20 2215//20 2106//20
f 2106//20 2215//20 1096//20
f 2106//20 1096//20 2108//20
f 2108//20 1096//20 1103//20
f 2110//20 1097//20 1104//20
f 1687//20 1098//20 1105//20
f 1105//20 1098//20 1112//20
f 1102//20 1099//20 1115//20
f 1115//20 1099//20 1100//20
f 1115//20 1100//20 756//20
f 756//20 1100//20 795//20
f 1101//20 1094//20 1115//20
f 1115//20 1094//20 798//20
f 1115//20 798//20 1102//20
f 1103//20 1096//20 1104//20
f 1104//20 1096//20 2074//20
f 1104//20 2074//20 2110//20
f 2764//20 2729//20 1112//20
f 1112//20 2729//20 2754//20
f 1112//20 2754//20 1105//20
f 2215//20 1968//20 1096//20
f 1096//20 1968//20 1106//20
f 1096//20 1106//20 1115//20
f 1115//20 1106//20 2049//20
f 1115//20 2049//20 1107//20
f 1118//20 3298//20 1107//20
f 1107//20 3298//20 1108//20
f 1109//20 1110//20 1118//20
f 1118//20 1110//20 1111//20
f 2717//20 2726//20 1112//20
f 1112//20 2726//20 2722//20
f 1112//20 2722//20 2764//20
f 1108//20 1113//20 1107//20
f 1107//20 1113//20 1114//20
f 1107//20 1114//20 1115//20
f 1115//20 1114//20 2168//20
f 1115//20 2168//20 1101//20
f 1109//20 1118//20 3271//20
f 3271//20 1118//20 1116//20
f 3271//20 1116//20 1663//20
f 2215//20 2721//20 1968//20
f 1968//20 2721//20 1117//20
f 1968//20 1117//20 1112//20
f 1112//20 1117//20 2719//20
f 1112//20 2719//20 2717//20
f 1111//20 3290//20 1118//20
f 1118//20 3290//20 3291//20
f 1118//20 3291//20 3298//20
f 1369//5 3414//5 1321//5
f 1321//5 3414//5 1119//5
f 1119//5 3441//5 1321//5
f 1321//5 3441//5 3440//5
f 1321//5 3440//5 2061//5
f 2061//5 3440//5 1120//5
f 2061//5 1120//5 2060//5
f 1121//1390 1289//1390 1122//1390
f 1122//1391 1289//1391 1290//1391
f 1122//1392 1290//1392 1123//1392
f 1123//1393 1290//1393 1124//1393
f 1124//1393 1290//1393 1125//1393
f 1125//1394 1290//1394 1281//1394
f 1125//1395 1281//1395 1613//1395
f 1282//1396 1126//1396 1127//1396
f 1127//1397 1128//1397 1282//1397
f 1282//1398 1128//1398 1129//1398
f 1282//1399 1129//1399 1281//1399
f 1281//1400 1129//1400 1130//1400
f 1281//1401 1130//1401 1613//1401
f 1135//12 717//12 1131//12
f 1131//12 717//12 2120//12
f 1131//12 2120//12 1132//12
f 1133//12 1505//12 1134//12
f 1134//12 1505//12 717//12
f 1134//12 717//12 3500//12
f 3500//12 717//12 1135//12
f 1165//1402 715//1402 1136//1402
f 1165//1402 1136//1402 1137//1402
f 1137//1403 1136//1403 681//1403
f 1137//1403 681//1403 1138//1403
f 1149//21 1148//21 1139//21
f 1140//21 1157//21 1141//21
f 1141//21 1157//21 1142//21
f 1141//21 1142//21 1143//21
f 1143//21 1142//21 1145//21
f 1143//21 1145//21 1144//21
f 1149//21 1139//21 1145//21
f 1145//21 1139//21 1208//21
f 1145//21 1208//21 1144//21
f 1138//1404 681//1404 1146//1404
f 1138//1404 1146//1404 1283//1404
f 1283//1405 1146//1405 671//1405
f 1283//1405 671//1405 1151//1405
f 1294//1406 1147//1406 1145//1406
f 1145//1406 1147//1406 1149//1406
f 1150//1407 670//1407 1148//1407
f 1149//1408 1147//1408 1148//1408
f 1148//1409 1147//1409 1292//1409
f 1148//1407 1292//1407 1150//1407
f 1150//1410 1292//1410 1151//1410
f 1150//1410 1151//1410 671//1410
f 1153//15 1291//15 1152//15
f 1153//15 1152//15 1142//15
f 852//15 870//15 1145//15
f 1145//15 870//15 1154//15
f 1145//15 1154//15 1294//15
f 1294//15 1154//15 855//15
f 1294//15 855//15 1272//15
f 1152//15 998//15 1142//15
f 1142//15 998//15 1155//15
f 1142//15 1155//15 1145//15
f 1145//15 1155//15 995//15
f 1145//15 995//15 852//15
f 1140//1411 1183//1411 1156//1411
f 1157//1412 1140//1412 1158//1412
f 1158//1413 1296//1413 1157//1413
f 1157//1414 1296//1414 1153//1414
f 1157//1414 1153//1414 1142//1414
f 1140//1411 1156//1411 1158//1411
f 1158//1415 1156//1415 1159//1415
f 1158//1415 1159//1415 1295//1415
f 1295//1416 1159//1416 669//1416
f 1295//1416 669//1416 1160//1416
f 1160//1417 669//1417 675//1417
f 1160//1417 675//1417 1161//1417
f 1161//1418 675//1418 1162//1418
f 1161//1418 1162//1418 1163//1418
f 1163//1419 1162//1419 1164//1419
f 1163//1419 1164//1419 1181//1419
f 715//1420 1165//1420 1166//1420
f 715//1420 1166//1420 1167//1420
f 1167//1421 1166//1421 1168//1421
f 1167//1421 1168//1421 712//1421
f 712//1422 1168//1422 1169//1422
f 712//1422 1169//1422 1170//1422
f 1170//1423 1169//1423 1288//1423
f 1170//1423 1288//1423 700//1423
f 700//1424 1288//1424 1171//1424
f 700//1424 1171//1424 698//1424
f 698//1425 1171//1425 1172//1425
f 698//1425 1172//1425 693//1425
f 693//1426 1172//1426 1286//1426
f 693//1426 1286//1426 1173//1426
f 1173//1427 1286//1427 1175//1427
f 1173//1427 1175//1427 1174//1427
f 1174//1428 1175//1428 1285//1428
f 1174//1428 1285//1428 1176//1428
f 1176//1429 1285//1429 1177//1429
f 1176//1429 1177//1429 1178//1429
f 1178//1430 1177//1430 1277//1430
f 1178//1430 1277//1430 1179//1430
f 1179//1431 1277//1431 1276//1431
f 1179//1431 1276//1431 692//1431
f 692//1432 1276//1432 1275//1432
f 692//1432 1275//1432 704//1432
f 704//1433 1275//1433 1278//1433
f 704//1433 1278//1433 707//1433
f 707//1434 1278//1434 1279//1434
f 707//1434 1279//1434 702//1434
f 702//1435 1279//1435 1297//1435
f 702//1435 1297//1435 1180//1435
f 1180//1436 1297//1436 1298//1436
f 1180//1436 1298//1436 716//1436
f 716//1437 1298//1437 1181//1437
f 716//1437 1181//1437 1164//1437
f 1182//1438 1183//1438 1141//1438
f 1141//1438 1183//1438 1140//1438
f 1241//1439 1239//1439 1143//1439
f 1185//1440 1186//1440 1143//1440
f 1212//1441 1216//1442 1210//1441
f 1210//1443 1216//1443 1184//1443
f 1210//1444 1184//1444 1143//1444
f 1143//1445 1184//1445 1234//1445
f 1143//1446 1234//1446 1232//1446
f 1232//1447 1236//1447 1143//1447
f 1143//1447 1236//1447 1235//1447
f 1143//1448 1235//1448 1185//1448
f 1186//1449 1215//1449 1143//1449
f 1143//1450 1215//1450 1242//1450
f 1143//1451 1242//1451 1241//1451
f 1239//1452 1238//1452 1189//1452
f 1189//1453 1238//1453 1187//1453
f 1189//1454 1187//1454 1188//1454
f 1188//1455 1243//1455 1189//1455
f 1189//1456 1243//1456 1190//1456
f 1189//1457 1190//1457 1191//1457
f 1191//1458 1192//1458 1189//1458
f 1189//1459 1192//1459 1193//1459
f 1189//1460 1193//1460 1194//1460
f 1194//1461 1247//1461 1189//1461
f 1189//1461 1247//1461 1196//1461
f 1189//1462 1196//1462 1195//1462
f 1195//1463 1196//1463 1198//1463
f 1221//1464 1201//1464 1204//1464
f 1200//1465 1219//1465 1204//1465
f 1204//1466 1219//1466 1197//1466
f 1204//1467 1197//1467 1221//1467
f 1198//1468 1245//1468 1195//1468
f 1195//1469 1245//1469 1199//1469
f 1195//1470 1199//1470 1204//1470
f 1204//1471 1199//1471 1220//1471
f 1204//1472 1220//1472 1200//1472
f 1201//1473 1223//1473 1204//1473
f 1204//1474 1223//1474 1202//1474
f 1204//1475 1202//1475 1222//1475
f 1222//1476 1203//1476 1204//1476
f 1204//1477 1203//1477 1205//1477
f 1204//1478 1205//1478 1213//1478
f 1208//1479 1213//1479 1206//1479
f 1206//1480 1225//1480 1208//1480
f 1208//1481 1225//1481 1217//1481
f 1208//1482 1217//1482 1207//1482
f 1207//1483 1231//1483 1208//1483
f 1208//1484 1231//1484 1229//1484
f 1208//1485 1229//1485 1209//1485
f 1209//1486 1228//1486 1208//1486
f 1208//1487 1228//1487 1227//1487
f 1208//1488 1227//1488 1210//1488
f 1210//1489 1227//1489 1211//1489
f 1210//1443 1211//1443 1212//1443
f 1239//1490 1189//1490 1143//1490
f 1143//1491 1189//1491 1182//1491
f 1143//1491 1182//1491 1141//1491
f 1213//1492 1208//1492 1204//1492
f 1204//1493 1208//1493 1139//1493
f 1204//1493 1139//1493 1214//1493
f 670//1494 1214//1494 1148//1494
f 1148//1494 1214//1494 1139//1494
f 1242//1495 1215//1495 1240//1495
f 1216//1496 1212//1496 913//1496
f 1207//1497 1217//1497 1224//1497
f 1205//1498 1203//1498 1226//1498
f 1220//1499 1199//1499 1218//1499
f 1218//1500 1199//1500 1246//1500
f 1197//1501 1219//1501 1218//1501
f 1218//1502 1219//1502 1200//1502
f 1218//1503 1200//1503 1220//1503
f 1197//1504 1218//1504 1221//1504
f 1221//1505 1218//1505 912//1505
f 1221//1506 912//1506 1201//1506
f 1203//1507 1222//1507 1226//1507
f 1226//1508 1222//1508 1202//1508
f 1226//1509 1202//1509 912//1509
f 912//1510 1202//1510 1223//1510
f 912//1511 1223//1511 1201//1511
f 1217//1512 1225//1512 1224//1512
f 1224//1513 1225//1513 1206//1513
f 1224//1514 1206//1514 1226//1514
f 1226//1515 1206//1515 1213//1515
f 1226//1516 1213//1516 1205//1516
f 1212//1517 1211//1517 913//1517
f 913//1518 1211//1518 1227//1518
f 913//1519 1227//1519 1230//1519
f 1230//1520 1227//1520 1228//1520
f 1228//1521 1209//1521 1230//1521
f 1230//1522 1209//1522 1229//1522
f 1230//1523 1229//1523 1224//1523
f 1224//1524 1229//1524 1231//1524
f 1224//1525 1231//1525 1207//1525
f 1236//1526 1232//1526 1233//1526
f 1233//1527 1232//1527 1234//1527
f 1233//1528 1234//1528 913//1528
f 913//1529 1234//1529 1184//1529
f 913//1530 1184//1530 1216//1530
f 1215//1531 1186//1531 1240//1531
f 1240//1532 1186//1532 1185//1532
f 1240//1533 1185//1533 1233//1533
f 1233//1534 1185//1534 1235//1534
f 1233//1535 1235//1535 1236//1535
f 1187//1536 1238//1536 1237//1536
f 1237//1537 1238//1537 1239//1537
f 1237//1538 1239//1538 1240//1538
f 1240//1539 1239//1539 1241//1539
f 1240//1540 1241//1540 1242//1540
f 1191//1541 1190//1541 911//1541
f 911//1542 1190//1542 1243//1542
f 911//1543 1243//1543 1237//1543
f 1237//1544 1243//1544 1188//1544
f 1237//1545 1188//1545 1187//1545
f 1247//1546 1194//1546 1244//1546
f 1244//1547 1194//1547 1193//1547
f 1244//1548 1193//1548 911//1548
f 911//1549 1193//1549 1192//1549
f 911//1550 1192//1550 1191//1550
f 1199//1551 1245//1551 1246//1551
f 1246//1552 1245//1552 1198//1552
f 1246//1553 1198//1553 1244//1553
f 1244//1554 1198//1554 1196//1554
f 1244//1555 1196//1555 1247//1555
f 1257//12 1253//12 1258//12
f 1258//12 1253//12 1289//12
f 1258//12 1289//12 1121//12
f 2216//19 1248//19 1249//19
f 1249//19 1248//19 1270//19
f 1270//1556 1248//1556 1287//1556
f 1270//1556 1287//1556 1250//1556
f 1250//1557 1287//1557 1251//1557
f 1250//1557 1251//1557 1254//1557
f 1254//1558 1251//1558 1252//1558
f 1254//1558 1252//1558 1255//1558
f 1255//1559 1252//1559 1253//1559
f 1255//1559 1253//1559 1257//1559
f 1256//20 1250//20 1254//20
f 1254//20 1255//20 1256//20
f 1256//20 1255//20 1257//20
f 1256//20 1257//20 1947//20
f 1947//20 1257//20 1258//20
f 2422//20 1565//20 2219//20
f 2217//20 1259//20 1260//20
f 1260//20 1259//20 1261//20
f 1260//20 1261//20 3033//20
f 1265//20 1262//20 1263//20
f 1263//20 1262//20 3038//20
f 1263//20 3038//20 2219//20
f 2219//20 3038//20 2003//20
f 2219//20 2003//20 2422//20
f 3033//20 3034//20 1260//20
f 1260//20 3034//20 3035//20
f 1260//20 3035//20 1263//20
f 1263//20 3035//20 1264//20
f 1263//20 1264//20 1265//20
f 3028//20 2217//20 1266//20
f 1266//20 2217//20 1249//20
f 3028//20 1267//20 2217//20
f 2217//20 1267//20 3031//20
f 2217//20 3031//20 1259//20
f 1268//20 1269//20 1270//20
f 1270//20 1269//20 1271//20
f 1270//20 1271//20 1249//20
f 1249//20 1271//20 3027//20
f 1249//20 3027//20 1266//20
f 1250//20 1256//20 1270//20
f 1270//20 1256//20 2978//20
f 1270//20 2978//20 1268//20
f 1294//21 1272//21 1293//21
f 1293//21 1272//21 2225//21
f 1293//21 2225//21 1273//21
f 1284//21 2218//21 1177//21
f 1278//21 1275//21 1274//21
f 1274//21 1275//21 1276//21
f 1274//21 1276//21 2218//21
f 2218//21 1276//21 1277//21
f 2218//21 1277//21 1177//21
f 1278//21 1274//21 1279//21
f 1279//21 1274//21 1280//21
f 1279//21 1280//21 1297//21
f 1290//21 1137//21 1281//21
f 1281//21 1137//21 1138//21
f 1281//21 1138//21 1282//21
f 1282//21 1138//21 1283//21
f 1282//21 1283//21 1293//21
f 1293//21 1283//21 1151//21
f 1177//21 1285//21 1284//21
f 1284//21 1285//21 1175//21
f 1284//21 1175//21 2216//21
f 2216//21 1175//21 1286//21
f 2216//21 1286//21 1248//21
f 1248//21 1286//21 1172//21
f 1248//21 1172//21 1287//21
f 1287//21 1172//21 1171//21
f 1287//21 1171//21 1251//21
f 1251//21 1171//21 1288//21
f 1251//21 1288//21 1252//21
f 1252//21 1288//21 1169//21
f 1252//21 1169//21 1253//21
f 1253//21 1169//21 1168//21
f 1253//21 1168//21 1289//21
f 1289//21 1168//21 1166//21
f 1289//21 1166//21 1290//21
f 1290//21 1166//21 1165//21
f 1290//21 1165//21 1137//21
f 1280//21 1291//21 1297//21
f 1297//21 1291//21 1153//21
f 1297//21 1153//21 1296//21
f 1151//21 1292//21 1293//21
f 1293//21 1292//21 1147//21
f 1293//21 1147//21 1294//21
f 1160//21 1161//21 1295//21
f 1295//21 1161//21 1163//21
f 1295//21 1163//21 1181//21
f 1296//21 1158//21 1297//21
f 1297//21 1158//21 1295//21
f 1297//21 1295//21 1298//21
f 1298//21 1295//21 1181//21
f 1299//12 674//12 3841//12
f 2712//5 1308//5 1300//5
f 1300//5 1308//5 842//5
f 842//5 3856//5 1300//5
f 1300//5 3856//5 3924//5
f 1300//5 3924//5 916//5
f 1301//19 1302//19 633//19
f 633//19 1302//19 1307//19
f 2703//19 1303//19 2712//19
f 1308//19 851//19 1304//19
f 2697//19 1306//19 1305//19
f 1305//19 1306//19 633//19
f 1305//19 633//19 2700//19
f 2700//19 633//19 1307//19
f 1303//19 3656//19 3761//19
f 845//19 843//19 847//19
f 847//19 843//19 1308//19
f 847//19 1308//19 848//19
f 848//19 1308//19 1304//19
f 2708//19 2705//19 2709//19
f 2709//19 2705//19 2703//19
f 2709//19 2703//19 2713//19
f 2713//19 2703//19 2712//19
f 1320//19 3725//19 1301//19
f 1301//19 3725//19 1311//19
f 1309//19 1310//19 1302//19
f 1302//19 1310//19 1314//19
f 1308//19 2712//19 851//19
f 851//19 2712//19 1303//19
f 851//19 1303//19 3760//19
f 3760//19 1303//19 3761//19
f 1311//19 3722//19 1301//19
f 1301//19 3722//19 1312//19
f 1301//19 1312//19 1302//19
f 1302//19 1312//19 1313//19
f 1302//19 1313//19 1309//19
f 1314//19 3674//19 1302//19
f 1302//19 3674//19 1315//19
f 1302//19 1315//19 1303//19
f 1303//19 1315//19 3672//19
f 1303//19 3672//19 3656//19
f 3747//19 1317//19 1316//19
f 1316//19 1317//19 1318//19
f 1316//19 1318//19 1301//19
f 1301//19 1318//19 1319//19
f 1301//19 1319//19 1320//19
f 1321//1560 2061//1560 1365//1560
f 1365//1561 2061//1561 2079//1561
f 1365//1562 2079//1562 1367//1562
f 1367//1563 2079//1563 2081//1563
f 1367//1564 2081//1564 1322//1564
f 1322//1565 2081//1565 1323//1565
f 1322//1566 1323//1566 1363//1566
f 1323//1567 2091//1567 1363//1567
f 1363//1568 2091//1568 2102//1568
f 1363//1569 2102//1569 1364//1569
f 1364//1570 2102//1570 2101//1570
f 1364//1571 2101//1571 1359//1571
f 1359//1572 2101//1572 1355//1572
f 1355//1573 2101//1573 1324//1573
f 1355//1574 1324//1574 1344//1574
f 1344//1575 1324//1575 1325//1575
f 1344//1576 1325//1576 1345//1576
f 1345//1577 1325//1577 2076//1577
f 1345//1578 2076//1578 649//1578
f 688//1579 1326//1579 1553//1579
f 1553//1579 1326//1579 1327//1579
f 1553//1580 1327//1580 1554//1580
f 1554//1580 1327//1580 1517//1580
f 1554//1581 1517//1581 1328//1581
f 1328//1581 1517//1581 1329//1581
f 1328//1582 1329//1582 1556//1582
f 1556//1582 1329//1582 1532//1582
f 1556//1583 1532//1583 1557//1583
f 1557//1583 1532//1583 1330//1583
f 1557//1584 1330//1584 1331//1584
f 1331//1584 1330//1584 1525//1584
f 1331//1585 1525//1585 1332//1585
f 1332//1585 1525//1585 1524//1585
f 1332//1586 1524//1586 1559//1586
f 1559//1586 1524//1586 1333//1586
f 1559//1587 1333//1587 1334//1587
f 1334//1587 1333//1587 909//1587
f 1366//1588 1370//1588 1321//1588
f 664//1589 1372//1589 1335//1589
f 662//1590 664//1590 1349//1590
f 1336//1591 662//1591 1361//1591
f 1337//1592 1336//1592 1360//1592
f 663//1593 1337//1593 1356//1593
f 3831//1594 1338//1594 1340//1594
f 650//1595 1339//1595 3831//1595
f 650//1596 3831//1596 651//1596
f 651//1597 3831//1597 1340//1597
f 651//1598 1340//1598 647//1598
f 647//1599 1340//1599 1341//1599
f 647//1600 1341//1600 648//1600
f 648//1601 1341//1601 1343//1601
f 1343//1602 1341//1602 1342//1602
f 1343//1603 1342//1603 655//1603
f 655//1604 1342//1604 654//1604
f 654//1605 1342//1605 1344//1605
f 654//1606 1344//1606 1345//1606
f 1338//1607 1346//1607 1340//1607
f 1340//1608 1346//1608 1347//1608
f 1340//1609 1347//1609 1348//1609
f 663//1610 1356//1610 1348//1610
f 662//1590 1349//1590 1361//1590
f 1361//1611 1349//1611 1350//1611
f 1361//1612 1350//1612 1351//1612
f 1351//1613 1350//1613 1366//1613
f 1351//1614 1366//1614 1368//1614
f 664//1589 1335//1589 1349//1589
f 1349//1615 1335//1615 1352//1615
f 1349//1616 1352//1616 1350//1616
f 1350//1617 1352//1617 1353//1617
f 1350//1618 1353//1618 1366//1618
f 1366//1619 1353//1619 1371//1619
f 1366//1620 1371//1620 1370//1620
f 1354//1621 1359//1621 1355//1621
f 1348//1622 1356//1622 1340//1622
f 1340//1623 1356//1623 1357//1623
f 1340//1623 1357//1623 1341//1623
f 1341//1624 1357//1624 1354//1624
f 1341//1625 1354//1625 1342//1625
f 1342//1626 1354//1626 1355//1626
f 1342//1627 1355//1627 1344//1627
f 1337//1592 1360//1592 1356//1592
f 1356//1628 1360//1628 1362//1628
f 1356//1628 1362//1628 1357//1628
f 1357//1629 1362//1629 1358//1629
f 1357//1630 1358//1630 1354//1630
f 1354//1631 1358//1631 1364//1631
f 1354//1632 1364//1632 1359//1632
f 1336//1591 1361//1591 1360//1591
f 1360//1633 1361//1633 1351//1633
f 1360//1634 1351//1634 1362//1634
f 1362//1635 1351//1635 1368//1635
f 1362//1636 1368//1636 1358//1636
f 1358//1637 1368//1637 1363//1637
f 1358//1638 1363//1638 1364//1638
f 1321//1588 1365//1588 1366//1588
f 1366//1639 1365//1639 1367//1639
f 1366//1639 1367//1639 1368//1639
f 1368//1640 1367//1640 1322//1640
f 1368//1641 1322//1641 1363//1641
f 1321//1642 1370//1642 1369//1642
f 1369//1643 1370//1643 1460//1643
f 1370//1644 1371//1644 1460//1644
f 1460//1645 1371//1645 1353//1645
f 1460//1646 1353//1646 1502//1646
f 1372//1647 680//1647 1335//1647
f 1335//1648 680//1648 1502//1648
f 1335//1649 1502//1649 1352//1649
f 1352//1650 1502//1650 1353//1650
f 1369//1651 1460//1651 1459//1651
f 1374//1652 1505//1652 1079//1652
f 691//1653 1373//1653 1462//1653
f 1373//1654 1374//1654 1419//1654
f 1419//1652 1374//1652 1079//1652
f 1419//1655 1079//1655 1420//1655
f 1079//1655 1081//1655 1420//1655
f 1420//1655 1081//1655 1074//1655
f 1420//1656 1074//1656 1375//1656
f 1075//1657 1423//1657 1375//1657
f 1375//1658 1423//1658 1422//1658
f 1375//1659 1422//1659 1420//1659
f 1075//1657 1376//1657 1423//1657
f 1423//1660 1376//1660 1377//1660
f 1423//1661 1377//1661 1424//1661
f 1424//1662 1377//1662 1063//1662
f 1424//1663 1063//1663 1380//1663
f 1063//1664 1378//1664 1380//1664
f 1380//1665 1378//1665 1379//1665
f 1380//1665 1379//1665 1381//1665
f 1381//1666 1379//1666 1382//1666
f 1381//1667 1382//1667 1427//1667
f 1427//1668 1382//1668 1383//1668
f 1427//1669 1383//1669 1385//1669
f 1383//1670 1384//1670 1385//1670
f 1385//1671 1384//1671 1056//1671
f 1385//1671 1056//1671 1386//1671
f 1056//1672 1059//1672 1386//1672
f 1386//1673 1059//1673 1387//1673
f 1386//1674 1387//1674 1428//1674
f 1387//1674 1051//1674 1428//1674
f 1428//1675 1051//1675 1388//1675
f 1428//1675 1388//1675 1431//1675
f 1431//1676 1388//1676 1389//1676
f 1431//1677 1389//1677 1432//1677
f 1389//1676 1050//1676 1432//1676
f 1432//1678 1050//1678 1049//1678
f 1432//1678 1049//1678 1434//1678
f 1434//1679 1049//1679 1390//1679
f 1434//1679 1390//1679 1435//1679
f 1390//1679 1391//1679 1435//1679
f 1435//1680 1391//1680 1046//1680
f 1435//1680 1046//1680 1392//1680
f 1392//1681 1046//1681 1393//1681
f 1392//1681 1393//1681 1437//1681
f 1393//1681 1045//1681 1437//1681
f 1437//1682 1045//1682 1394//1682
f 1437//1682 1394//1682 1438//1682
f 1438//1683 1394//1683 1395//1683
f 1438//1683 1395//1683 1439//1683
f 1395//1683 1043//1683 1439//1683
f 1439//1684 1043//1684 1396//1684
f 1439//1685 1396//1685 1440//1685
f 1440//1686 1396//1686 1397//1686
f 1440//1686 1397//1686 1443//1686
f 1397//1686 1398//1686 1443//1686
f 1443//1687 1398//1687 1399//1687
f 1443//1687 1399//1687 1400//1687
f 1399//1687 1027//1687 1400//1687
f 1400//1688 1027//1688 1401//1688
f 1400//1688 1401//1688 1445//1688
f 1445//1689 1401//1689 1402//1689
f 1445//1689 1402//1689 1403//1689
f 1403//1690 1402//1690 1404//1690
f 1403//1690 1404//1690 1405//1690
f 1404//1690 1031//1690 1405//1690
f 1405//1691 1031//1691 1032//1691
f 1405//1691 1032//1691 1448//1691
f 1032//1692 1033//1692 1448//1692
f 1448//1693 1033//1693 1406//1693
f 1448//1693 1406//1693 1450//1693
f 1450//1694 1406//1694 1037//1694
f 1450//1694 1037//1694 1407//1694
f 1407//1695 1037//1695 1038//1695
f 1407//1695 1038//1695 1408//1695
f 1408//1695 1038//1695 1040//1695
f 1408//1696 1040//1696 1409//1696
f 1409//1696 1040//1696 1023//1696
f 1023//1696 1410//1696 1409//1696
f 1409//1697 1410//1697 1411//1697
f 1409//1697 1411//1697 1455//1697
f 1455//1698 1411//1698 1412//1698
f 1455//1698 1412//1698 1457//1698
f 1457//1699 1412//1699 1089//1699
f 1457//1700 1089//1700 1414//1700
f 1089//1700 1413//1700 1414//1700
f 1414//1701 1413//1701 1083//1701
f 1414//1701 1083//1701 1415//1701
f 1083//1702 1416//1702 1415//1702
f 1415//1703 1416//1703 1417//1703
f 1415//1703 1417//1703 1458//1703
f 1458//1704 1417//1704 1087//1704
f 1458//1704 1087//1704 1418//1704
f 1418//1705 1087//1705 1086//1705
f 1418//1706 1086//1706 1459//1706
f 1459//1706 1086//1706 1085//1706
f 1459//1651 1085//1651 1369//1651
f 1373//1707 1419//1707 1462//1707
f 1462//1708 1419//1708 1420//1708
f 1462//1708 1420//1708 1421//1708
f 1421//1709 1420//1709 1422//1709
f 1421//1709 1422//1709 1465//1709
f 1465//1710 1422//1710 1423//1710
f 1465//1711 1423//1711 1467//1711
f 1467//1712 1423//1712 1424//1712
f 1467//1713 1424//1713 1425//1713
f 1425//1714 1424//1714 1380//1714
f 1425//1715 1380//1715 1426//1715
f 1426//1716 1380//1716 1381//1716
f 1426//1716 1381//1716 1470//1716
f 1470//1717 1381//1717 1427//1717
f 1470//1717 1427//1717 1471//1717
f 1471//1718 1427//1718 1385//1718
f 1471//1718 1385//1718 1472//1718
f 1472//1719 1385//1719 1386//1719
f 1472//1719 1386//1719 1473//1719
f 1473//1720 1386//1720 1428//1720
f 1473//1720 1428//1720 1429//1720
f 1429//1721 1428//1721 1431//1721
f 1429//1722 1431//1722 1430//1722
f 1430//1723 1431//1723 1432//1723
f 1430//1723 1432//1723 1433//1723
f 1433//1724 1432//1724 1434//1724
f 1433//1724 1434//1724 1474//1724
f 1474//1725 1434//1725 1435//1725
f 1474//1726 1435//1726 1478//1726
f 1478//1727 1435//1727 1392//1727
f 1478//1727 1392//1727 1436//1727
f 1436//1728 1392//1728 1437//1728
f 1436//1728 1437//1728 1480//1728
f 1480//1729 1437//1729 1438//1729
f 1480//1730 1438//1730 1482//1730
f 1482//1731 1438//1731 1439//1731
f 1482//1732 1439//1732 1441//1732
f 1441//1733 1439//1733 1440//1733
f 1441//1733 1440//1733 1442//1733
f 1442//1734 1440//1734 1443//1734
f 1442//1734 1443//1734 1485//1734
f 1485//1735 1443//1735 1400//1735
f 1485//1735 1400//1735 1444//1735
f 1444//1736 1400//1736 1445//1736
f 1444//1736 1445//1736 1487//1736
f 1487//1737 1445//1737 1403//1737
f 1487//1737 1403//1737 1446//1737
f 1446//1738 1403//1738 1405//1738
f 1446//1738 1405//1738 1447//1738
f 1447//1739 1405//1739 1448//1739
f 1447//1740 1448//1740 1449//1740
f 1449//1741 1448//1741 1450//1741
f 1449//1741 1450//1741 1451//1741
f 1451//1742 1450//1742 1407//1742
f 1451//1742 1407//1742 1452//1742
f 1452//1743 1407//1743 1408//1743
f 1452//1743 1408//1743 1453//1743
f 1453//1744 1408//1744 1409//1744
f 1453//1745 1409//1745 1493//1745
f 1493//1746 1409//1746 1455//1746
f 1493//1747 1455//1747 1454//1747
f 1454//1748 1455//1748 1457//1748
f 1454//1748 1457//1748 1456//1748
f 1456//1749 1457//1749 1414//1749
f 1456//1749 1414//1749 1495//1749
f 1495//1750 1414//1750 1415//1750
f 1495//1750 1415//1750 1497//1750
f 1497//1751 1415//1751 1458//1751
f 1497//1751 1458//1751 1499//1751
f 1499//1752 1458//1752 1418//1752
f 1499//1752 1418//1752 1500//1752
f 1500//1753 1418//1753 1459//1753
f 1500//1753 1459//1753 1461//1753
f 1461//1754 1459//1754 1460//1754
f 1461//1754 1460//1754 1502//1754
f 691//1755 1462//1755 1463//1755
f 1463//1756 1462//1756 1421//1756
f 1463//1756 1421//1756 1464//1756
f 1464//1757 1421//1757 1465//1757
f 1464//1757 1465//1757 1466//1757
f 1466//1758 1465//1758 1467//1758
f 1466//1758 1467//1758 711//1758
f 711//1759 1467//1759 1425//1759
f 711//1759 1425//1759 1468//1759
f 1468//1760 1425//1760 1426//1760
f 1468//1760 1426//1760 1469//1760
f 1469//1761 1426//1761 1470//1761
f 1469//1762 1470//1762 706//1762
f 706//1763 1470//1763 1471//1763
f 706//1763 1471//1763 708//1763
f 708//1764 1471//1764 1472//1764
f 708//1764 1472//1764 709//1764
f 709//1765 1472//1765 1473//1765
f 709//1765 1473//1765 710//1765
f 710//1766 1473//1766 1429//1766
f 710//1766 1429//1766 703//1766
f 703//1767 1429//1767 1430//1767
f 703//1767 1430//1767 705//1767
f 705//1768 1430//1768 1433//1768
f 705//1768 1433//1768 1475//1768
f 1475//1769 1433//1769 1474//1769
f 1475//1770 1474//1770 1476//1770
f 1476//1771 1474//1771 1478//1771
f 1476//1771 1478//1771 1477//1771
f 1477//1772 1478//1772 1436//1772
f 1477//1773 1436//1773 1479//1773
f 1479//1774 1436//1774 1480//1774
f 1479//1774 1480//1774 1481//1774
f 1481//1775 1480//1775 1482//1775
f 1481//1776 1482//1776 1483//1776
f 1483//1777 1482//1777 1441//1777
f 1483//1777 1441//1777 678//1777
f 678//1778 1441//1778 1442//1778
f 678//1778 1442//1778 1484//1778
f 1484//1779 1442//1779 1485//1779
f 1484//1779 1485//1779 683//1779
f 683//1780 1485//1780 1444//1780
f 683//1780 1444//1780 1486//1780
f 1486//1781 1444//1781 1487//1781
f 1486//1781 1487//1781 1488//1781
f 1488//1782 1487//1782 1446//1782
f 1488//1782 1446//1782 1489//1782
f 1489//1783 1446//1783 1447//1783
f 1489//1783 1447//1783 694//1783
f 694//1784 1447//1784 1449//1784
f 694//1784 1449//1784 695//1784
f 695//1785 1449//1785 1451//1785
f 695//1786 1451//1786 1490//1786
f 1490//1787 1451//1787 1452//1787
f 1490//1787 1452//1787 699//1787
f 699//1788 1452//1788 1453//1788
f 699//1788 1453//1788 1491//1788
f 1491//1789 1453//1789 1493//1789
f 1491//1789 1493//1789 1492//1789
f 1492//1790 1493//1790 1454//1790
f 1492//1791 1454//1791 1494//1791
f 1494//1792 1454//1792 1456//1792
f 1494//1792 1456//1792 690//1792
f 690//1793 1456//1793 1495//1793
f 690//1794 1495//1794 1496//1794
f 1496//1795 1495//1795 1497//1795
f 1496//1796 1497//1796 1498//1796
f 1498//1797 1497//1797 1499//1797
f 1498//1798 1499//1798 713//1798
f 713//1799 1499//1799 1500//1799
f 713//1800 1500//1800 1501//1800
f 1501//1801 1500//1801 1461//1801
f 1501//1802 1461//1802 714//1802
f 714//1803 1461//1803 1502//1803
f 714//1804 1502//1804 680//1804
f 685//1805 1503//1805 691//1805
f 691//1806 1503//1806 1373//1806
f 1503//1807 738//1807 1373//1807
f 1373//1808 738//1808 1504//1808
f 1373//1809 1504//1809 1374//1809
f 717//689 1505//689 1506//689
f 1506//1810 1505//1810 1374//1810
f 1506//1811 1374//1811 1507//1811
f 1507//1812 1374//1812 1504//1812
f 1530//1813 1536//1813 1508//1813
f 1528//1814 3890//1814 1527//1814
f 3842//1815 1509//1815 1529//1815
f 1299//1816 3842//1816 1533//1816
f 1299//1817 1533//1817 674//1817
f 1510//1818 1511//1818 1533//1818
f 1533//1819 1511//1819 1512//1819
f 1533//1819 1512//1819 674//1819
f 1510//1820 1533//1820 679//1820
f 679//1821 1533//1821 1534//1821
f 679//1822 1534//1822 676//1822
f 1518//1823 1329//1823 1517//1823
f 1326//1824 682//1824 1327//1824
f 1327//1825 682//1825 1513//1825
f 1513//1826 1514//1826 1327//1826
f 1327//1827 1514//1827 1515//1827
f 1327//1828 1515//1828 1517//1828
f 1517//1829 1515//1829 1516//1829
f 1517//1830 1516//1830 1518//1830
f 1518//1831 1516//1831 1520//1831
f 1518//1832 1520//1832 1519//1832
f 1519//1833 1520//1833 677//1833
f 1519//1833 677//1833 676//1833
f 1521//1834 1522//1834 1526//1834
f 1526//1834 1522//1834 1523//1834
f 1530//1835 928//1835 909//1835
f 909//1836 1333//1836 1530//1836
f 1530//1837 1333//1837 1524//1837
f 1530//1838 1524//1838 1536//1838
f 1536//1839 1524//1839 1525//1839
f 1536//1840 1525//1840 1330//1840
f 1531//1841 1526//1841 1527//1841
f 1527//1842 1526//1842 1523//1842
f 1527//1843 1523//1843 1528//1843
f 1509//1815 3843//1815 1529//1815
f 1529//1844 3843//1844 1521//1844
f 1529//1845 1521//1845 1508//1845
f 1508//1846 1521//1846 1526//1846
f 1508//1847 1526//1847 1530//1847
f 1530//1848 1526//1848 1531//1848
f 1530//1849 1531//1849 928//1849
f 676//1850 1534//1850 1519//1850
f 1519//1851 1534//1851 1535//1851
f 1519//1852 1535//1852 1518//1852
f 1518//1853 1535//1853 1532//1853
f 1518//1854 1532//1854 1329//1854
f 3842//1855 1529//1855 1533//1855
f 1533//1856 1529//1856 1508//1856
f 1533//1857 1508//1857 1534//1857
f 1534//1858 1508//1858 1536//1858
f 1534//1859 1536//1859 1535//1859
f 1535//1860 1536//1860 1330//1860
f 1535//1861 1330//1861 1532//1861
f 1537//1862 924//1862 1538//1862
f 701//1863 1539//1863 1540//1863
f 1552//1864 697//1864 1553//1864
f 1553//1865 697//1865 696//1865
f 1553//1866 696//1866 688//1866
f 701//1867 1540//1867 1563//1867
f 1564//1868 1542//1868 1541//1868
f 1541//1869 1542//1869 1562//1869
f 1541//1870 1562//1870 1543//1870
f 1543//1871 1562//1871 1544//1871
f 687//1872 1546//1872 1545//1872
f 1545//1873 1546//1873 3845//1873
f 1545//1874 3845//1874 666//1874
f 1547//1875 1549//1875 1548//1875
f 1548//1876 1549//1876 1550//1876
f 1548//1877 1550//1877 1546//1877
f 1546//1878 1550//1878 3846//1878
f 1546//1879 3846//1879 3845//1879
f 3925//1880 1538//1880 1551//1880
f 1551//1881 1538//1881 924//1881
f 1551//1882 924//1882 3926//1882
f 1552//1883 1553//1883 1539//1883
f 1539//1884 1553//1884 1554//1884
f 1539//1885 1554//1885 1540//1885
f 1540//1886 1554//1886 1328//1886
f 1540//1887 1328//1887 1555//1887
f 1328//1887 1556//1887 1555//1887
f 1555//1888 1556//1888 1557//1888
f 1555//1889 1557//1889 1558//1889
f 1558//1890 1557//1890 1331//1890
f 1558//1891 1331//1891 1560//1891
f 1334//1892 920//1892 1559//1892
f 1559//1893 920//1893 1560//1893
f 1559//1894 1560//1894 1332//1894
f 1332//1895 1560//1895 1331//1895
f 920//1896 1537//1896 1560//1896
f 1560//1897 1537//1897 1538//1897
f 1560//1898 1538//1898 1558//1898
f 1558//1899 1538//1899 1561//1899
f 1558//1900 1561//1900 1555//1900
f 1555//1901 1561//1901 1562//1901
f 1555//1902 1562//1902 1540//1902
f 1540//1903 1562//1903 1542//1903
f 1540//1904 1542//1904 1563//1904
f 1563//1905 1542//1905 1564//1905
f 3925//1906 3844//1906 1538//1906
f 1538//1907 3844//1907 1547//1907
f 1538//1908 1547//1908 1561//1908
f 1561//1909 1547//1909 1548//1909
f 1561//1910 1548//1910 1562//1910
f 1562//1911 1548//1911 1546//1911
f 1562//1912 1546//1912 1544//1912
f 1544//1913 1546//1913 687//1913
f 2286//1914 1617//1914 2005//1914
f 1618//1915 2422//1915 2003//1915
f 1565//1915 2422//1915 2345//1915
f 2339//1916 1566//1916 1567//1916
f 1567//1917 1566//1917 1565//1917
f 1567//1918 1565//1918 2344//1918
f 2344//1919 1565//1919 2345//1919
f 1568//1920 803//1920 1569//1920
f 1569//1921 803//1921 1566//1921
f 1569//1922 1566//1922 1570//1922
f 1570//1923 1566//1923 2339//1923
f 1568//1924 1571//1924 803//1924
f 803//1924 1571//1924 2335//1924
f 803//1925 2335//1925 1583//1925
f 1583//1926 2335//1926 1572//1926
f 1583//1927 1572//1927 1582//1927
f 1573//1928 1597//1928 2242//1928
f 2231//1929 2233//1929 1646//1929
f 1574//1930 1575//1930 1962//1930
f 2231//1931 1646//1931 2234//1931
f 1575//1932 1576//1932 1962//1932
f 1962//1933 1576//1933 2238//1933
f 1962//1934 2238//1934 1646//1934
f 1646//1935 2238//1935 1577//1935
f 1646//1936 1577//1936 2234//1936
f 2233//1937 2228//1937 1646//1937
f 1646//1938 2228//1938 2229//1938
f 1646//1939 2229//1939 2230//1939
f 1647//1940 2244//1940 2036//1940
f 2036//1941 2244//1941 1578//1941
f 2036//1942 1578//1942 1597//1942
f 1597//1943 1578//1943 1579//1943
f 1597//1944 1579//1944 2242//1944
f 1592//1945 3806//1945 1580//1945
f 1580//1946 3806//1946 1596//1946
f 1581//1947 2323//1947 1580//1947
f 1581//1948 1580//1948 2325//1948
f 1582//1949 2333//1949 1583//1949
f 1583//1950 2333//1950 1584//1950
f 1583//1951 1584//1951 1585//1951
f 1585//1952 1584//1952 2328//1952
f 1585//1953 2328//1953 1580//1953
f 1580//1954 2328//1954 2326//1954
f 1580//1955 2326//1955 2325//1955
f 2323//1956 2322//1956 1580//1956
f 1580//1957 2322//1957 2321//1957
f 1580//1958 2321//1958 1592//1958
f 1592//1959 2321//1959 2319//1959
f 1592//1960 2319//1960 1586//1960
f 1586//1961 2317//1961 1592//1961
f 1592//1962 2317//1962 1587//1962
f 1592//1963 1587//1963 1591//1963
f 3808//1964 1595//1964 2314//1964
f 1636//1965 1589//1965 1588//1965
f 1588//1966 1589//1966 3805//1966
f 1588//1967 3805//1967 2314//1967
f 2314//1968 3805//1968 1590//1968
f 2314//1969 1590//1969 3808//1969
f 1591//1970 1593//1970 1592//1970
f 1592//1971 1593//1971 2314//1971
f 1592//1972 2314//1972 1594//1972
f 1594//1973 2314//1973 1595//1973
f 1596//1946 3806//1946 2242//1946
f 2242//1974 3806//1974 3809//1974
f 2242//1975 3809//1975 1573//1975
f 1597//1976 1598//1976 2036//1976
f 2036//1977 1598//1977 1599//1977
f 2036//1978 1599//1978 1600//1978
f 1600//1979 1601//1979 2036//1979
f 2036//1980 1601//1980 3813//1980
f 2036//1981 3813//1981 3812//1981
f 3815//1982 2037//1982 3811//1982
f 3811//1983 2037//1983 2036//1983
f 3811//1984 2036//1984 1602//1984
f 1602//1985 2036//1985 3812//1985
f 3815//1986 1603//1986 2037//1986
f 2037//1987 1603//1987 1619//1987
f 2037//1988 1619//1988 1620//1988
f 1959//1989 2223//1989 1605//1989
f 1605//1990 2223//1990 1604//1990
f 1605//1991 1604//1991 1606//1991
f 1606//1992 1604//1992 1574//1992
f 1606//1993 1574//1993 1607//1993
f 1607//1993 1574//1993 1962//1993
f 1126//1994 2220//1994 1959//1994
f 1959//1995 2220//1995 2221//1995
f 1959//1996 2221//1996 1608//1996
f 1608//1996 1609//1996 1959//1996
f 1959//1997 1609//1997 2222//1997
f 1959//1998 2222//1998 1610//1998
f 1610//1999 1611//1999 1959//1999
f 1959//2000 1611//2000 2224//2000
f 1959//2001 2224//2001 2223//2001
f 1122//2002 1612//2002 1121//2002
f 1121//2003 1612//2003 1947//2003
f 1121//2004 1947//2004 1258//2004
f 1122//2005 1123//2005 1612//2005
f 1612//2006 1123//2006 1124//2006
f 1612//2007 1124//2007 1614//2007
f 1614//2008 1124//2008 1125//2008
f 1614//2009 1125//2009 1613//2009
f 1613//2010 1130//2010 1614//2010
f 1614//2011 1130//2011 1129//2011
f 1614//2012 1129//2012 1615//2012
f 1615//2013 1129//2013 1128//2013
f 1615//2014 1128//2014 1959//2014
f 1959//2015 1128//2015 1127//2015
f 1959//2016 1127//2016 1126//2016
f 2005//2017 1617//2017 1616//2017
f 1616//2018 1617//2018 2277//2018
f 1616//2019 2277//2019 2003//2019
f 2003//2020 2277//2020 2275//2020
f 2003//2021 2275//2021 1618//2021
f 1619//2022 3820//2022 1620//2022
f 1620//2023 3820//2023 3817//2023
f 1620//2024 3817//2024 2038//2024
f 2038//2025 3817//2025 3816//2025
f 2038//2026 3816//2026 1623//2026
f 1621//2027 1626//2027 1629//2027
f 3816//2028 1622//2028 1623//2028
f 1623//2029 1622//2029 1624//2029
f 1623//2030 1624//2030 1629//2030
f 1629//2031 1624//2031 1625//2031
f 1629//2032 1625//2032 1621//2032
f 1626//2033 3824//2033 1629//2033
f 1629//2033 3824//2033 3823//2033
f 1629//2034 3823//2034 1628//2034
f 1627//2035 1630//2035 1633//2035
f 1628//2036 1627//2036 1629//2036
f 1629//2037 1627//2037 1633//2037
f 1629//2038 1633//2038 2033//2038
f 2033//2039 1633//2039 2289//2039
f 2033//2040 2289//2040 2005//2040
f 2005//2041 2289//2041 2288//2041
f 2005//2042 2288//2042 2286//2042
f 1630//2043 1631//2043 1633//2043
f 1633//2044 1631//2044 1632//2044
f 1633//2045 1632//2045 3799//2045
f 3799//2045 3798//2045 1633//2045
f 1633//2046 3798//2046 3797//2046
f 1633//2047 3797//2047 1634//2047
f 3797//2048 3803//2048 1634//2048
f 1634//2049 3803//2049 3802//2049
f 1634//2050 3802//2050 2295//2050
f 2295//2051 3802//2051 3800//2051
f 2295//2052 3800//2052 1635//2052
f 1635//2053 3800//2053 1636//2053
f 1635//2054 1636//2054 2296//2054
f 2296//2055 1636//2055 1588//2055
f 1637//2056 2463//2056 2036//2056
f 1637//2057 2036//2057 1644//2057
f 1638//2058 1639//2058 1640//2058
f 1640//2059 1639//2059 1641//2059
f 1640//2060 1641//2060 1643//2060
f 1643//2061 1641//2061 1642//2061
f 1643//2062 1642//2062 2036//2062
f 2036//2063 1642//2063 2466//2063
f 2036//2064 2466//2064 1644//2064
f 2463//2065 1645//2065 2036//2065
f 2036//2066 1645//2066 2461//2066
f 2036//2067 2461//2067 2459//2067
f 2539//2068 2538//2068 1646//2068
f 2230//2069 1647//2069 1646//2069
f 1646//2069 1647//2069 2036//2069
f 1646//2070 2036//2070 2539//2070
f 2539//2071 2036//2071 2459//2071
f 2538//2072 2537//2072 1646//2072
f 1646//2073 2537//2073 2536//2073
f 1646//2074 2536//2074 1648//2074
f 1648//2075 1649//2075 1646//2075
f 1646//2076 1649//2076 1650//2076
f 1646//2077 1650//2077 2532//2077
f 2509//2078 1661//2078 1651//2078
f 1651//2079 1661//2079 1652//2079
f 1651//2080 1652//2080 2511//2080
f 2511//2081 1652//2081 1966//2081
f 2511//2082 1966//2082 2527//2082
f 2527//2083 1966//2083 1653//2083
f 2527//2084 1653//2084 1654//2084
f 1654//2085 1653//2085 1964//2085
f 1654//2086 1964//2086 1655//2086
f 1655//2087 1964//2087 1646//2087
f 1655//2088 1646//2088 2531//2088
f 2531//2089 1646//2089 2532//2089
f 2509//2090 2508//2090 1661//2090
f 1661//2091 2508//2091 2507//2091
f 1661//2092 2507//2092 1656//2092
f 1656//2093 1657//2093 1661//2093
f 1661//2094 1657//2094 2505//2094
f 1661//2095 2505//2095 2503//2095
f 1658//2096 2500//2096 1659//2096
f 1659//2097 2500//2097 1660//2097
f 1659//2098 1660//2098 2497//2098
f 2497//2099 2496//2099 1659//2099
f 1659//2100 2496//2100 2494//2100
f 1659//2101 2494//2101 2493//2101
f 2493//2102 2492//2102 1659//2102
f 1659//2103 2492//2103 2490//2103
f 1659//2104 2490//2104 2039//2104
f 2039//2105 2490//2105 1638//2105
f 2039//2106 1638//2106 2040//2106
f 2040//2106 1638//2106 1640//2106
f 2503//2107 1658//2107 1661//2107
f 1661//2108 1658//2108 1659//2108
f 1661//2109 1659//2109 1662//2109
f 1662//2109 1659//2109 2050//2109
f 1662//2110 2050//2110 1106//2110
f 1106//2110 2050//2110 2049//2110
f 2026//5 2011//5 1678//5
f 1678//5 3308//5 1663//5
f 1663//5 3308//5 1664//5
f 1663//5 1664//5 1683//5
f 3271//5 1663//5 1665//5
f 1665//5 1663//5 3273//5
f 1675//5 3220//5 3312//5
f 1673//5 1666//5 3310//5
f 3310//5 1666//5 3311//5
f 1680//5 1682//5 1667//5
f 1667//5 1682//5 1668//5
f 1667//5 1668//5 3191//5
f 3301//5 3199//5 1668//5
f 1668//5 3199//5 3198//5
f 1668//5 3198//5 3191//5
f 3220//5 3219//5 3312//5
f 3312//5 3219//5 3208//5
f 3312//5 3208//5 3301//5
f 3301//5 3208//5 3204//5
f 3301//5 3204//5 3199//5
f 3106//5 3108//5 1669//5
f 1669//5 3108//5 1670//5
f 1669//5 1670//5 1671//5
f 1678//5 2011//5 1669//5
f 1669//5 2011//5 1999//5
f 1669//5 1999//5 3106//5
f 1671//5 3124//5 1669//5
f 1669//5 3124//5 3137//5
f 1669//5 3137//5 3310//5
f 3310//5 3137//5 1672//5
f 3310//5 1672//5 1673//5
f 3280//5 3277//5 1683//5
f 1683//5 3277//5 1674//5
f 1683//5 1674//5 1663//5
f 1663//5 1674//5 3274//5
f 1663//5 3274//5 3273//5
f 1675//5 3312//5 1676//5
f 1676//5 3312//5 1677//5
f 1676//5 1677//5 3147//5
f 1666//5 3139//5 3311//5
f 3311//5 3139//5 3138//5
f 3311//5 3138//5 1677//5
f 1677//5 3138//5 3153//5
f 1677//5 3153//5 3147//5
f 1663//5 2046//5 1678//5
f 1678//5 2046//5 2007//5
f 1678//5 2007//5 1679//5
f 1680//5 1681//5 1682//5
f 1682//5 1681//5 3140//5
f 1682//5 3140//5 1683//5
f 1683//5 3140//5 3142//5
f 1683//5 3142//5 3280//5
f 1679//5 1684//5 1678//5
f 1678//5 1684//5 2043//5
f 1678//5 2043//5 2019//5
f 2019//5 2009//5 1678//5
f 1678//5 2009//5 2008//5
f 1678//5 2008//5 2026//5
f 2751//12 1687//12 2753//12
f 2753//12 1687//12 1105//12
f 1685//12 3333//12 3317//12
f 1685//12 3317//12 1687//12
f 2747//12 1685//12 2750//12
f 2750//12 1685//12 1687//12
f 2750//12 1687//12 1686//12
f 1686//12 1687//12 2751//12
f 2868//12 2867//12 1706//12
f 1706//12 2867//12 2865//12
f 1706//12 2865//12 1688//12
f 2747//12 2746//12 1685//12
f 1685//12 2746//12 2889//12
f 1685//12 2889//12 1689//12
f 1692//12 1694//12 1690//12
f 1690//12 1694//12 1688//12
f 1690//12 1688//12 1691//12
f 1691//12 1688//12 2865//12
f 1692//12 1693//12 1694//12
f 1694//12 1693//12 2899//12
f 1694//12 2899//12 2898//12
f 1696//12 1697//12 1695//12
f 1695//12 1697//12 3333//12
f 1695//12 3333//12 2877//12
f 2877//12 3333//12 1685//12
f 2898//12 2916//12 1694//12
f 1694//12 2916//12 1949//12
f 1694//12 1949//12 3326//12
f 1696//12 2874//12 1697//12
f 1697//12 2874//12 1703//12
f 1697//12 1703//12 1704//12
f 3317//12 1698//12 1687//12
f 1687//12 1698//12 3322//12
f 1687//12 3322//12 1989//12
f 1989//12 3322//12 1700//12
f 1989//12 1700//12 1990//12
f 3325//12 1994//12 1699//12
f 1699//12 1993//12 3325//12
f 3325//12 1993//12 1701//12
f 3325//12 1701//12 1700//12
f 1700//12 1701//12 1992//12
f 1700//12 1992//12 1990//12
f 1949//12 1702//12 3326//12
f 3326//12 1702//12 1998//12
f 3326//12 1998//12 3325//12
f 3325//12 1998//12 1997//12
f 3325//12 1997//12 1994//12
f 1703//12 2872//12 1704//12
f 1704//12 2872//12 1705//12
f 1704//12 1705//12 1706//12
f 1706//12 1705//12 2870//12
f 1706//12 2870//12 2868//12
f 2886//12 2884//12 1689//12
f 1689//12 2884//12 1707//12
f 1689//12 1707//12 2881//12
f 2881//12 2880//12 1689//12
f 1689//12 2880//12 1708//12
f 1689//12 1708//12 1685//12
f 2806//2111 2804//2111 1812//2111
f 2794//2112 1798//2112 1799//2112
f 1709//2113 2792//2113 1710//2113
f 2791//2114 2789//2114 1711//2114
f 2788//2115 2787//2115 1712//2115
f 1713//2116 1714//2116 1715//2116
f 1786//2117 1780//2117 1781//2117
f 2786//2118 2785//2118 1776//2118
f 1716//2119 2784//2119 1777//2119
f 1772//2120 1717//2120 1773//2120
f 2780//2121 2779//2121 1769//2121
f 2778//2122 1760//2122 1761//2122
f 2777//2123 1718//2123 1762//2123
f 1756//2124 2776//2124 1719//2124
f 1754//2125 2774//2125 1720//2125
f 1813//2126 1721//2126 1738//2126
f 2181//2127 1722//2127 1753//2127
f 1753//2128 1722//2128 2176//2128
f 2185//2129 1723//2129 1753//2129
f 1753//2130 1723//2130 2182//2130
f 1753//2131 2182//2131 2181//2131
f 2188//2132 2187//2132 1747//2132
f 1747//2133 2187//2133 2186//2133
f 1747//2134 2186//2134 1724//2134
f 2771//2135 2742//2135 2196//2135
f 2194//2136 1725//2136 1746//2136
f 2657//2137 1810//2137 1726//2137
f 1726//2138 1810//2138 1811//2138
f 1726//2139 1811//2139 2660//2139
f 2660//2140 1811//2140 1740//2140
f 2678//2141 2691//2141 1743//2141
f 1743//2142 2691//2142 1727//2142
f 1743//2143 1727//2143 1742//2143
f 2676//2144 1728//2144 1729//2144
f 1729//2145 1728//2145 2673//2145
f 2673//2146 1730//2146 1729//2146
f 1729//2147 1730//2147 1731//2147
f 1729//2148 1731//2148 1743//2148
f 1743//2149 1731//2149 2680//2149
f 1743//2149 2680//2149 2678//2149
f 1729//2150 885//2150 3383//2150
f 3383//2151 1732//2151 1729//2151
f 1729//2152 1732//2152 1733//2152
f 1729//2153 1733//2153 2667//2153
f 2667//2154 2671//2154 1729//2154
f 1729//2155 2671//2155 2677//2155
f 1729//2156 2677//2156 2676//2156
f 883//2157 882//2157 1736//2157
f 1736//2158 882//2158 1804//2158
f 1736//2159 1804//2159 1801//2159
f 1739//2160 1721//2160 887//2160
f 887//2160 1721//2160 1813//2160
f 887//2161 1813//2161 1734//2161
f 884//2162 883//2162 1735//2162
f 1735//2157 883//2157 1736//2157
f 1735//2163 1736//2163 1737//2163
f 1737//2164 1736//2164 1801//2164
f 1737//2165 1801//2165 1799//2165
f 1811//2166 1738//2166 1741//2166
f 1741//2167 1738//2167 1721//2167
f 1741//2167 1721//2167 1744//2167
f 1744//2168 1721//2168 1739//2168
f 1744//2168 1739//2168 1745//2168
f 1740//2169 1811//2169 1742//2169
f 1742//2170 1811//2170 1741//2170
f 1742//2171 1741//2171 1743//2171
f 1743//2172 1741//2172 1744//2172
f 1743//2172 1744//2172 1729//2172
f 1729//2173 1744//2173 1745//2173
f 1729//2173 1745//2173 885//2173
f 1725//2174 2188//2174 1746//2174
f 1746//2175 2188//2175 1747//2175
f 1746//2176 1747//2176 1752//2176
f 1748//2177 1749//2177 1802//2177
f 2196//2178 2194//2178 2771//2178
f 2771//2179 2194//2179 1746//2179
f 2771//2180 1746//2180 1750//2180
f 1750//2181 1746//2181 1752//2181
f 1750//2182 1752//2182 1751//2182
f 1751//2182 1752//2182 2773//2182
f 2774//2125 2773//2125 1720//2125
f 1720//2183 2773//2183 1752//2183
f 1720//2184 1752//2184 1755//2184
f 1755//2176 1752//2176 1747//2176
f 1755//2185 1747//2185 1753//2185
f 1753//2186 1747//2186 1724//2186
f 1753//2187 1724//2187 2185//2187
f 2776//2124 1754//2124 1719//2124
f 1719//2188 1754//2188 1720//2188
f 1719//2189 1720//2189 1757//2189
f 1757//2184 1720//2184 1755//2184
f 1757//2190 1755//2190 1759//2190
f 1759//2185 1755//2185 1753//2185
f 1759//2191 1753//2191 893//2191
f 893//2192 1753//2192 2176//2192
f 893//2193 2176//2193 2178//2193
f 1718//2123 1756//2123 1762//2123
f 1762//2194 1756//2194 1719//2194
f 1762//2195 1719//2195 1763//2195
f 1763//2189 1719//2189 1757//2189
f 1763//2196 1757//2196 1765//2196
f 1765//2190 1757//2190 1759//2190
f 1765//2197 1759//2197 1758//2197
f 1758//2191 1759//2191 893//2191
f 1760//2122 2777//2122 1761//2122
f 1761//2198 2777//2198 1762//2198
f 1761//2199 1762//2199 1764//2199
f 1764//2195 1762//2195 1763//2195
f 1764//2200 1763//2200 1768//2200
f 1768//2196 1763//2196 1765//2196
f 1768//2201 1765//2201 877//2201
f 877//2197 1765//2197 1758//2197
f 2779//2121 2778//2121 1769//2121
f 1769//2202 2778//2202 1761//2202
f 1769//2203 1761//2203 1766//2203
f 1766//2199 1761//2199 1764//2199
f 1766//2204 1764//2204 1767//2204
f 1767//2205 1764//2205 1768//2205
f 1767//2206 1768//2206 875//2206
f 875//2201 1768//2201 877//2201
f 1717//2120 2780//2120 1773//2120
f 1773//2207 2780//2207 1769//2207
f 1773//2208 1769//2208 1770//2208
f 1770//2203 1769//2203 1766//2203
f 1770//2209 1766//2209 1771//2209
f 1771//2210 1766//2210 1767//2210
f 1771//2211 1767//2211 1775//2211
f 1775//2206 1767//2206 875//2206
f 2784//2212 1772//2212 1777//2212
f 1777//2213 1772//2213 1773//2213
f 1777//2214 1773//2214 1774//2214
f 1774//2208 1773//2208 1770//2208
f 1774//2215 1770//2215 1779//2215
f 1779//2209 1770//2209 1771//2209
f 1779//2216 1771//2216 874//2216
f 874//2211 1771//2211 1775//2211
f 2785//2217 1716//2217 1776//2217
f 1776//2218 1716//2218 1777//2218
f 1776//2219 1777//2219 1783//2219
f 1783//2214 1777//2214 1774//2214
f 1783//2220 1774//2220 1784//2220
f 1784//2215 1774//2215 1779//2215
f 1784//2221 1779//2221 1778//2221
f 1778//2216 1779//2216 874//2216
f 1780//2117 2786//2117 1781//2117
f 1781//2222 2786//2222 1776//2222
f 1781//2223 1776//2223 1782//2223
f 1782//2219 1776//2219 1783//2219
f 1782//2224 1783//2224 1785//2224
f 1785//2220 1783//2220 1784//2220
f 1785//2225 1784//2225 1788//2225
f 1788//2221 1784//2221 1778//2221
f 1714//2116 1786//2116 1715//2116
f 1715//2226 1786//2226 1781//2226
f 1715//2227 1781//2227 1787//2227
f 1787//2223 1781//2223 1782//2223
f 1787//2228 1782//2228 1789//2228
f 1789//2224 1782//2224 1785//2224
f 1789//2229 1785//2229 1791//2229
f 1791//2225 1785//2225 1788//2225
f 2787//2230 1713//2230 1712//2230
f 1712//2231 1713//2231 1715//2231
f 1712//2232 1715//2232 1792//2232
f 1792//2227 1715//2227 1787//2227
f 1792//2233 1787//2233 1794//2233
f 1794//2228 1787//2228 1789//2228
f 1794//2234 1789//2234 1790//2234
f 1790//2229 1789//2229 1791//2229
f 2789//2114 2788//2114 1711//2114
f 1711//2235 2788//2235 1712//2235
f 1711//2236 1712//2236 1796//2236
f 1796//2232 1712//2232 1792//2232
f 1796//2237 1792//2237 1793//2237
f 1793//2233 1792//2233 1794//2233
f 1793//2238 1794//2238 873//2238
f 873//2234 1794//2234 1790//2234
f 2792//2113 2791//2113 1710//2113
f 1710//2239 2791//2239 1711//2239
f 1710//2240 1711//2240 1800//2240
f 1800//2236 1711//2236 1796//2236
f 1800//2241 1796//2241 1795//2241
f 1795//2237 1796//2237 1793//2237
f 1795//2242 1793//2242 1797//2242
f 1797//2238 1793//2238 873//2238
f 1798//2112 1709//2112 1799//2112
f 1799//2243 1709//2243 1710//2243
f 1799//2165 1710//2165 1737//2165
f 1737//2240 1710//2240 1800//2240
f 1737//2163 1800//2163 1735//2163
f 1735//2241 1800//2241 1795//2241
f 1735//2162 1795//2162 884//2162
f 884//2242 1795//2242 1797//2242
f 1804//2244 1802//2244 1801//2244
f 1801//2245 1802//2245 1749//2245
f 1801//2245 1749//2245 1799//2245
f 1799//2246 1749//2246 2796//2246
f 1799//2247 2796//2247 2794//2247
f 1805//2248 2803//2248 1806//2248
f 1806//2249 2803//2249 1748//2249
f 1806//2250 1748//2250 1807//2250
f 1807//2177 1748//2177 1802//2177
f 1807//2251 1802//2251 1803//2251
f 1803//2244 1802//2244 1804//2244
f 1803//2252 1804//2252 881//2252
f 881//2158 1804//2158 882//2158
f 2803//2253 2801//2253 1748//2253
f 1748//2254 2801//2254 2800//2254
f 1748//2255 2800//2255 1749//2255
f 1749//2256 2800//2256 2797//2256
f 1749//2257 2797//2257 2796//2257
f 2804//2111 1805//2111 1812//2111
f 1812//2258 1805//2258 1806//2258
f 1812//2259 1806//2259 1808//2259
f 1808//2250 1806//2250 1807//2250
f 1808//2260 1807//2260 1814//2260
f 1814//2251 1807//2251 1803//2251
f 1814//2261 1803//2261 1809//2261
f 1809//2252 1803//2252 881//2252
f 1810//2262 2806//2262 1811//2262
f 1811//2263 2806//2263 1812//2263
f 1811//2166 1812//2166 1738//2166
f 1738//2259 1812//2259 1808//2259
f 1738//2126 1808//2126 1813//2126
f 1813//2260 1808//2260 1814//2260
f 1813//2161 1814//2161 1734//2161
f 1734//2261 1814//2261 1809//2261
f 1815//12 3609//12 3365//12
f 3365//12 3609//12 3364//12
f 1815//12 3365//12 1816//12
f 1816//12 3365//12 3367//12
f 1816//12 3367//12 3608//12
f 1843//12 3605//12 3367//12
f 3367//12 3605//12 3607//12
f 3367//12 3607//12 3608//12
f 1817//12 1818//12 1819//12
f 1819//12 1818//12 3353//12
f 3609//12 3611//12 3364//12
f 3364//12 3611//12 3612//12
f 3364//12 3612//12 3362//12
f 3362//12 3612//12 1820//12
f 3362//12 1820//12 3360//12
f 1929//12 1921//12 1832//12
f 1832//12 1921//12 3356//12
f 1820//12 1821//12 3360//12
f 3360//12 1821//12 3636//12
f 3360//12 3636//12 1822//12
f 1818//12 1823//12 3353//12
f 3353//12 1823//12 1826//12
f 3353//12 1826//12 1842//12
f 1824//12 1825//12 1838//12
f 1826//12 1827//12 1842//12
f 1842//12 1827//12 1884//12
f 1842//12 1884//12 3588//12
f 3588//12 3589//12 1842//12
f 1842//12 3589//12 3591//12
f 1842//12 3591//12 3593//12
f 1817//12 1819//12 1828//12
f 1828//12 1819//12 1831//12
f 1828//12 1831//12 1829//12
f 1921//12 1922//12 3356//12
f 3356//12 1922//12 1830//12
f 3356//12 1830//12 1831//12
f 1831//12 1830//12 1914//12
f 1831//12 1914//12 1829//12
f 1929//12 1832//12 1833//12
f 1833//12 1832//12 1834//12
f 1833//12 1834//12 1939//12
f 1824//12 1835//12 1825//12
f 1825//12 1835//12 1836//12
f 1825//12 1836//12 1834//12
f 1834//12 1836//12 1941//12
f 1834//12 1941//12 1939//12
f 1866//12 1867//12 3360//12
f 3360//12 1867//12 1837//12
f 3360//12 1837//12 1838//12
f 1838//12 1837//12 1870//12
f 1838//12 1870//12 1824//12
f 1822//12 1839//12 3360//12
f 3360//2264 1839//2264 1840//2264
f 3360//12 1840//12 3641//12
f 3641//12 1841//12 3360//12
f 3360//12 1841//12 3644//12
f 3360//2264 3644//2264 1866//2264
f 3593//12 3595//12 1842//12
f 1842//12 3595//12 3597//12
f 1842//12 3597//12 1843//12
f 1843//12 3597//12 3603//12
f 1843//12 3603//12 3605//12
f 3135//2265 1844//2265 1942//2265
f 3163//2266 3168//2266 1940//2266
f 3167//2267 1845//2267 1934//2267
f 3173//2268 1930//2268 1932//2268
f 1931//2269 1925//2269 1846//2269
f 3182//2270 3181//2270 1926//2270
f 3180//2271 1918//2271 1919//2271
f 3134//2272 1847//2272 1915//2272
f 3190//2273 3197//2273 1910//2273
f 1848//2274 3203//2274 1907//2274
f 1906//2275 1901//2275 1908//2275
f 3207//2276 1849//2276 1903//2276
f 1890//2277 3231//2277 1850//2277
f 3228//2278 3233//2278 1885//2278
f 3232//2279 3238//2279 1851//2279
f 1871//2280 1863//2280 1873//2280
f 2163//2281 3253//2281 3136//2281
f 1852//2282 1853//2282 2654//2282
f 2654//2283 2655//2283 1852//2283
f 1852//2284 2655//2284 2629//2284
f 1852//2285 2629//2285 1854//2285
f 1855//2286 1856//2286 1852//2286
f 1852//2287 1856//2287 2647//2287
f 2647//2288 2650//2288 1852//2288
f 1852//2289 2650//2289 1857//2289
f 1852//2290 1857//2290 1853//2290
f 1868//2291 2635//2291 1858//2291
f 1858//2292 2643//2292 1868//2292
f 1868//2293 2643//2293 2644//2293
f 1868//2294 2644//2294 1859//2294
f 2621//2295 2620//2295 1876//2295
f 1876//2296 2620//2296 2626//2296
f 1876//2297 2626//2297 1860//2297
f 1875//2298 2159//2298 2160//2298
f 1875//2299 2160//2299 3136//2299
f 3136//2300 2160//2300 1861//2300
f 3136//2301 1861//2301 2163//2301
f 1862//2302 1874//2302 1873//2302
f 2140//2303 2141//2303 1863//2303
f 1863//2304 2141//2304 2142//2304
f 1863//2305 2142//2305 1873//2305
f 1873//2306 2142//2306 1864//2306
f 1873//2307 1864//2307 1862//2307
f 2133//2308 2138//2308 1863//2308
f 1863//2309 2138//2309 1865//2309
f 1863//2310 1865//2310 2140//2310
f 1866//2311 2133//2311 1867//2311
f 1867//2312 2133//2312 1863//2312
f 1867//2313 1863//2313 1837//2313
f 1837//2313 1863//2313 1871//2313
f 1837//2314 1871//2314 1870//2314
f 2636//2315 2635//2315 1883//2315
f 1883//2316 2635//2316 1868//2316
f 1883//2317 1868//2317 1852//2317
f 1852//2318 1868//2318 1859//2318
f 1852//2319 1859//2319 1855//2319
f 1824//2320 1870//2320 1869//2320
f 1869//2314 1870//2314 1871//2314
f 1869//2321 1871//2321 1872//2321
f 1872//2280 1871//2280 1873//2280
f 1872//2322 1873//2322 1875//2322
f 1875//2323 1873//2323 1874//2323
f 1875//2324 1874//2324 2159//2324
f 1860//2325 2636//2325 1876//2325
f 1876//2326 2636//2326 1883//2326
f 1876//2327 1883//2327 1881//2327
f 1823//2328 1818//2328 1877//2328
f 1877//2329 1818//2329 1878//2329
f 1877//2330 1878//2330 1892//2330
f 1892//2331 1878//2331 1879//2331
f 1892//2332 1879//2332 1891//2332
f 1891//2333 1879//2333 1896//2333
f 3249//2334 3248//2334 1881//2334
f 1881//2335 3248//2335 1880//2335
f 1881//2336 1880//2336 1876//2336
f 1876//2337 1880//2337 3250//2337
f 1876//2337 3250//2337 2621//2337
f 3238//2279 3249//2279 1851//2279
f 1851//2338 3249//2338 1881//2338
f 1851//2339 1881//2339 1882//2339
f 1882//2327 1881//2327 1883//2327
f 1882//2340 1883//2340 1888//2340
f 1888//2317 1883//2317 1852//2317
f 1888//2341 1852//2341 1884//2341
f 1884//2342 1852//2342 1854//2342
f 1884//2343 1854//2343 3588//2343
f 3233//2278 3232//2278 1885//2278
f 1885//2344 3232//2344 1851//2344
f 1885//2345 1851//2345 1886//2345
f 1886//2339 1851//2339 1882//2339
f 1886//2346 1882//2346 1887//2346
f 1887//2340 1882//2340 1888//2340
f 1887//2347 1888//2347 1827//2347
f 1827//2341 1888//2341 1884//2341
f 3231//2277 3228//2277 1850//2277
f 1850//2348 3228//2348 1885//2348
f 1850//2349 1885//2349 1889//2349
f 1889//2345 1885//2345 1886//2345
f 1889//2350 1886//2350 1893//2350
f 1893//2346 1886//2346 1887//2346
f 1893//2351 1887//2351 1826//2351
f 1826//2347 1887//2347 1827//2347
f 3130//2352 1890//2352 1891//2352
f 1891//2353 1890//2353 1850//2353
f 1891//2354 1850//2354 1892//2354
f 1892//2349 1850//2349 1889//2349
f 1892//2330 1889//2330 1877//2330
f 1877//2350 1889//2350 1893//2350
f 1877//2328 1893//2328 1823//2328
f 1823//2351 1893//2351 1826//2351
f 3212//2355 1894//2355 1895//2355
f 1895//2356 1894//2356 1896//2356
f 1895//2357 1896//2357 1897//2357
f 1897//2333 1896//2333 1879//2333
f 1897//2358 1879//2358 1900//2358
f 1900//2331 1879//2331 1878//2331
f 1900//2359 1878//2359 1817//2359
f 1817//2329 1878//2329 1818//2329
f 1894//2360 3218//2360 1896//2360
f 1896//2361 3218//2361 1898//2361
f 1896//2362 1898//2362 1891//2362
f 1891//2363 1898//2363 3224//2363
f 1891//2364 3224//2364 3130//2364
f 1849//2276 3212//2276 1903//2276
f 1903//2365 3212//2365 1895//2365
f 1903//2366 1895//2366 1905//2366
f 1905//2357 1895//2357 1897//2357
f 1905//2367 1897//2367 1899//2367
f 1899//2358 1897//2358 1900//2358
f 1899//2368 1900//2368 1828//2368
f 1828//2359 1900//2359 1817//2359
f 1901//2369 3207//2369 1908//2369
f 1908//2370 3207//2370 1903//2370
f 1908//2371 1903//2371 1902//2371
f 1902//2366 1903//2366 1905//2366
f 1902//2372 1905//2372 1904//2372
f 1904//2367 1905//2367 1899//2367
f 1904//2373 1899//2373 1829//2373
f 1829//2368 1899//2368 1828//2368
f 3203//2274 1906//2274 1907//2274
f 1907//2374 1906//2374 1908//2374
f 1907//2375 1908//2375 1913//2375
f 1913//2371 1908//2371 1902//2371
f 1913//2376 1902//2376 1909//2376
f 1909//2372 1902//2372 1904//2372
f 1909//2377 1904//2377 1914//2377
f 1914//2373 1904//2373 1829//2373
f 3197//2273 1848//2273 1910//2273
f 1910//2378 1848//2378 1907//2378
f 1910//2379 1907//2379 1911//2379
f 1911//2375 1907//2375 1913//2375
f 1911//2380 1913//2380 1912//2380
f 1912//2376 1913//2376 1909//2376
f 1912//2381 1909//2381 1830//2381
f 1830//2377 1909//2377 1914//2377
f 1847//2382 3190//2382 1915//2382
f 1915//2383 3190//2383 1910//2383
f 1915//2384 1910//2384 1916//2384
f 1916//2379 1910//2379 1911//2379
f 1916//2385 1911//2385 1917//2385
f 1917//2380 1911//2380 1912//2380
f 1917//2386 1912//2386 1922//2386
f 1922//2381 1912//2381 1830//2381
f 1918//2271 3134//2271 1919//2271
f 1919//2387 3134//2387 1915//2387
f 1919//2388 1915//2388 1924//2388
f 1924//2384 1915//2384 1916//2384
f 1924//2389 1916//2389 1920//2389
f 1920//2385 1916//2385 1917//2385
f 1920//2390 1917//2390 1921//2390
f 1921//2386 1917//2386 1922//2386
f 3181//2270 3180//2270 1926//2270
f 1926//2391 3180//2391 1919//2391
f 1926//2392 1919//2392 1923//2392
f 1923//2388 1919//2388 1924//2388
f 1923//2393 1924//2393 1928//2393
f 1928//2389 1924//2389 1920//2389
f 1928//2394 1920//2394 1929//2394
f 1929//2390 1920//2390 1921//2390
f 1925//2269 3182//2269 1846//2269
f 1846//2395 3182//2395 1926//2395
f 1846//2396 1926//2396 1927//2396
f 1927//2392 1926//2392 1923//2392
f 1927//2397 1923//2397 1933//2397
f 1933//2393 1923//2393 1928//2393
f 1933//2398 1928//2398 1833//2398
f 1833//2394 1928//2394 1929//2394
f 1930//2268 1931//2268 1932//2268
f 1932//2399 1931//2399 1846//2399
f 1932//2400 1846//2400 1937//2400
f 1937//2396 1846//2396 1927//2396
f 1937//2401 1927//2401 1938//2401
f 1938//2397 1927//2397 1933//2397
f 1938//2402 1933//2402 1939//2402
f 1939//2398 1933//2398 1833//2398
f 1845//2267 3173//2267 1934//2267
f 1934//2403 3173//2403 1932//2403
f 1934//2404 1932//2404 1935//2404
f 1935//2400 1932//2400 1937//2400
f 1935//2405 1937//2405 1936//2405
f 1936//2401 1937//2401 1938//2401
f 1936//2406 1938//2406 1941//2406
f 1941//2402 1938//2402 1939//2402
f 3168//2266 3167//2266 1940//2266
f 1940//2407 3167//2407 1934//2407
f 1940//2408 1934//2408 1943//2408
f 1943//2404 1934//2404 1935//2404
f 1943//2409 1935//2409 1944//2409
f 1944//2405 1935//2405 1936//2405
f 1944//2410 1936//2410 1836//2410
f 1836//2406 1936//2406 1941//2406
f 1844//2265 3163//2265 1942//2265
f 1942//2411 3163//2411 1940//2411
f 1942//2412 1940//2412 1945//2412
f 1945//2408 1940//2408 1943//2408
f 1945//2413 1943//2413 1946//2413
f 1946//2409 1943//2409 1944//2409
f 1946//2414 1944//2414 1835//2414
f 1835//2410 1944//2410 1836//2410
f 3136//2415 3135//2415 1875//2415
f 1875//2416 3135//2416 1942//2416
f 1875//2322 1942//2322 1872//2322
f 1872//2412 1942//2412 1945//2412
f 1872//2321 1945//2321 1869//2321
f 1869//2413 1945//2413 1946//2413
f 1869//2320 1946//2320 1824//2320
f 1824//2414 1946//2414 1835//2414
f 2972//2417 2974//2417 1956//2417
f 1956//2418 2974//2418 1957//2418
f 1957//2419 2974//2419 2976//2419
f 1957//2420 2976//2420 1947//2420
f 1947//2421 2976//2421 1948//2421
f 1947//2422 1948//2422 1256//2422
f 1702//829 1949//829 1987//829
f 1987//2423 1949//2423 1950//2423
f 1987//2424 1950//2424 1954//2424
f 1950//2425 1951//2425 1954//2425
f 1954//2426 1951//2426 1952//2426
f 1954//2427 1952//2427 2925//2427
f 2925//2428 1953//2428 1954//2428
f 1954//2429 1953//2429 2924//2429
f 1954//2430 2924//2430 1979//2430
f 1979//2431 2924//2431 2936//2431
f 1979//2432 2936//2432 1956//2432
f 1956//2433 2936//2433 1955//2433
f 1956//2434 1955//2434 2972//2434
f 1954//2435 1979//2435 1978//2435
f 1956//2436 1957//2436 1958//2436
f 1958//2437 1957//2437 1947//2437
f 1947//2437 1612//2437 1958//2437
f 1958//2438 1612//2438 1614//2438
f 1958//2438 1614//2438 1976//2438
f 1614//2438 1615//2438 1976//2438
f 1976//2439 1615//2439 1959//2439
f 1976//2439 1959//2439 1975//2439
f 1975//2439 1959//2439 1605//2439
f 1975//2440 1605//2440 1960//2440
f 1605//2440 1606//2440 1960//2440
f 1960//2441 1606//2441 1607//2441
f 1960//2441 1607//2441 1961//2441
f 1961//2441 1607//2441 1962//2441
f 1961//2442 1962//2442 1963//2442
f 1962//2442 1646//2442 1963//2442
f 1963//2442 1646//2442 1964//2442
f 1963//2443 1964//2443 1965//2443
f 1964//2443 1653//2443 1965//2443
f 1965//2444 1653//2444 1966//2444
f 1965//2444 1966//2444 1967//2444
f 1967//2444 1966//2444 1652//2444
f 1967//2445 1652//2445 1969//2445
f 1106//2446 1968//2446 1662//2446
f 1662//2446 1968//2446 1969//2446
f 1662//2445 1969//2445 1661//2445
f 1661//2445 1969//2445 1652//2445
f 1968//2447 1112//2447 1969//2447
f 1969//2447 1112//2447 1980//2447
f 1969//2448 1980//2448 1967//2448
f 1967//2448 1980//2448 1970//2448
f 1967//2449 1970//2449 1965//2449
f 1965//2449 1970//2449 1971//2449
f 1965//2450 1971//2450 1963//2450
f 1963//2450 1971//2450 1972//2450
f 1963//2451 1972//2451 1961//2451
f 1961//2451 1972//2451 1973//2451
f 1961//2452 1973//2452 1960//2452
f 1960//2452 1973//2452 1974//2452
f 1960//2453 1974//2453 1975//2453
f 1975//2453 1974//2453 1986//2453
f 1975//2454 1986//2454 1976//2454
f 1976//2454 1986//2454 1977//2454
f 1976//2455 1977//2455 1958//2455
f 1958//2455 1977//2455 1978//2455
f 1958//2436 1978//2436 1956//2436
f 1956//2436 1978//2436 1979//2436
f 1112//2456 1098//2456 1980//2456
f 1980//2456 1098//2456 1981//2456
f 1980//2457 1981//2457 1970//2457
f 1970//2457 1981//2457 1988//2457
f 1970//2458 1988//2458 1971//2458
f 1971//2458 1988//2458 1982//2458
f 1971//2459 1982//2459 1972//2459
f 1972//2459 1982//2459 1991//2459
f 1972//2460 1991//2460 1973//2460
f 1973//2460 1991//2460 1983//2460
f 1973//2461 1983//2461 1974//2461
f 1974//2461 1983//2461 1984//2461
f 1974//2462 1984//2462 1986//2462
f 1986//2462 1984//2462 1985//2462
f 1986//2463 1985//2463 1977//2463
f 1977//2463 1985//2463 1995//2463
f 1977//2464 1995//2464 1978//2464
f 1978//2464 1995//2464 1996//2464
f 1978//2435 1996//2435 1954//2435
f 1954//2465 1996//2465 1987//2465
f 1098//2466 1687//2466 1981//2466
f 1981//2466 1687//2466 1989//2466
f 1981//2467 1989//2467 1988//2467
f 1988//2467 1989//2467 1990//2467
f 1988//2468 1990//2468 1982//2468
f 1982//2468 1990//2468 1992//2468
f 1982//2469 1992//2469 1991//2469
f 1991//2469 1992//2469 1701//2469
f 1991//2470 1701//2470 1983//2470
f 1983//2470 1701//2470 1993//2470
f 1983//2471 1993//2471 1984//2471
f 1984//2471 1993//2471 1699//2471
f 1984//2472 1699//2472 1985//2472
f 1985//2472 1699//2472 1994//2472
f 1985//2473 1994//2473 1995//2473
f 1995//2473 1994//2473 1997//2473
f 1995//2474 1997//2474 1996//2474
f 1996//2474 1997//2474 1998//2474
f 1996//2475 1998//2475 1987//2475
f 1987//2475 1998//2475 1702//2475
f 1999//2476 2011//2476 3095//2476
f 3095//2477 2011//2477 2002//2477
f 3095//2478 2002//2478 2000//2478
f 2000//2479 2002//2479 3087//2479
f 3064//2480 3071//2480 2024//2480
f 2024//2481 3071//2481 2001//2481
f 2024//2482 2001//2482 2002//2482
f 2002//2483 2001//2483 3039//2483
f 2002//2484 3039//2484 3087//2484
f 2025//2485 3041//2485 2024//2485
f 2024//2486 3041//2486 3040//2486
f 2024//2486 3040//2486 3064//2486
f 3038//2487 3048//2487 2003//2487
f 2003//2488 3048//2488 2004//2488
f 2003//2489 2004//2489 2025//2489
f 2025//2490 2004//2490 3042//2490
f 2025//2491 3042//2491 3041//2491
f 2005//2492 1616//2492 2023//2492
f 2006//2493 2016//2493 2015//2493
f 2046//2494 1663//2494 1116//2494
f 2007//2495 2046//2495 2044//2495
f 2008//2496 2009//2496 2029//2496
f 2026//2497 2008//2497 2010//2497
f 2011//2498 2026//2498 2027//2498
f 1679//2499 2016//2499 1684//2499
f 1684//2499 2016//2499 2006//2499
f 1684//2500 2006//2500 2043//2500
f 2012//2501 2017//2501 2020//2501
f 2013//2502 2015//2502 2014//2502
f 2014//2503 2015//2503 2016//2503
f 2014//2503 2016//2503 2045//2503
f 2045//2504 2016//2504 1679//2504
f 2045//2504 1679//2504 2007//2504
f 2034//2505 2017//2505 2018//2505
f 2018//2505 2017//2505 2012//2505
f 2018//2506 2012//2506 2022//2506
f 2009//2507 2019//2507 2020//2507
f 2020//2508 2019//2508 2021//2508
f 2020//2501 2021//2501 2012//2501
f 2012//2509 2021//2509 2042//2509
f 2012//2506 2042//2506 2022//2506
f 2022//2510 2042//2510 2041//2510
f 2022//2511 2041//2511 1640//2511
f 1640//2512 2041//2512 2040//2512
f 2011//2498 2027//2498 2002//2498
f 2002//2513 2027//2513 2028//2513
f 2002//2513 2028//2513 2024//2513
f 2024//2514 2028//2514 2023//2514
f 2024//2514 2023//2514 2025//2514
f 2025//2515 2023//2515 1616//2515
f 2025//2515 1616//2515 2003//2515
f 2026//2497 2010//2497 2027//2497
f 2027//2516 2010//2516 2031//2516
f 2027//2516 2031//2516 2028//2516
f 2028//2517 2031//2517 2032//2517
f 2028//2517 2032//2517 2023//2517
f 2023//2492 2032//2492 2033//2492
f 2023//2492 2033//2492 2005//2492
f 2035//2518 1623//2518 1629//2518
f 2008//2496 2029//2496 2010//2496
f 2010//2519 2029//2519 2030//2519
f 2010//2519 2030//2519 2031//2519
f 2031//2520 2030//2520 2035//2520
f 2031//2520 2035//2520 2032//2520
f 2032//2518 2035//2518 1629//2518
f 2032//2518 1629//2518 2033//2518
f 2009//2507 2020//2507 2029//2507
f 2029//2521 2020//2521 2017//2521
f 2029//2521 2017//2521 2030//2521
f 2030//2522 2017//2522 2034//2522
f 2030//2522 2034//2522 2035//2522
f 2035//2523 2034//2523 2038//2523
f 2035//2523 2038//2523 1623//2523
f 1640//2511 1643//2511 2022//2511
f 2022//2524 1643//2524 2036//2524
f 2022//2524 2036//2524 2018//2524
f 2018//2524 2036//2524 2037//2524
f 2018//2525 2037//2525 2034//2525
f 2034//2525 2037//2525 1620//2525
f 2034//2525 1620//2525 2038//2525
f 2039//2512 2040//2512 2013//2512
f 2013//2512 2040//2512 2041//2512
f 2013//2502 2041//2502 2015//2502
f 2015//2510 2041//2510 2042//2510
f 2015//2493 2042//2493 2006//2493
f 2006//2509 2042//2509 2021//2509
f 2006//2500 2021//2500 2043//2500
f 2043//2508 2021//2508 2019//2508
f 2048//2526 2050//2526 1659//2526
f 2007//2495 2044//2495 2045//2495
f 2045//2527 2044//2527 2047//2527
f 2045//2527 2047//2527 2014//2527
f 2014//2528 2047//2528 2048//2528
f 2014//2528 2048//2528 2013//2528
f 2013//2526 2048//2526 1659//2526
f 2013//2526 1659//2526 2039//2526
f 2046//2494 1116//2494 2044//2494
f 2044//2529 1116//2529 1118//2529
f 2044//2529 1118//2529 2047//2529
f 2047//2530 1118//2530 1107//2530
f 2047//2530 1107//2530 2048//2530
f 2048//2531 1107//2531 2049//2531
f 2048//2531 2049//2531 2050//2531
f 2062//2532 2208//2532 2210//2532
f 2052//2533 2213//2533 2106//2533
f 2210//2534 2051//2534 2062//2534
f 2062//2535 2051//2535 2052//2535
f 2062//2536 2052//2536 2053//2536
f 2053//2537 2052//2537 2106//2537
f 2062//2538 2056//2538 2192//2538
f 2192//2539 2193//2539 2062//2539
f 2062//2540 2193//2540 2207//2540
f 2062//2532 2207//2532 2208//2532
f 3432//2541 2055//2541 2054//2541
f 2054//2542 2055//2542 2059//2542
f 2054//2543 2059//2543 3447//2543
f 2062//2544 2105//2544 2056//2544
f 2056//2545 2105//2545 2057//2545
f 2056//2546 2057//2546 2190//2546
f 2190//2547 2057//2547 2090//2547
f 2190//2548 2090//2548 2059//2548
f 2059//2549 2090//2549 2058//2549
f 2059//2550 2058//2550 3447//2550
f 2060//2551 3450//2551 2061//2551
f 2061//2552 3450//2552 3449//2552
f 2061//2553 3449//2553 2063//2553
f 2063//2554 3449//2554 2058//2554
f 2063//2555 2058//2555 2089//2555
f 2089//2555 2058//2555 2090//2555
f 2062//2556 2053//2556 2107//2556
f 2082//2557 2080//2557 2093//2557
f 2079//2558 2061//2558 2063//2558
f 2064//2559 649//2559 2076//2559
f 2065//2560 2066//2560 2096//2560
f 3781//2561 2067//2561 2085//2561
f 3780//2562 3778//2562 2077//2562
f 2077//2563 3778//2563 2068//2563
f 2068//2564 3776//2564 2077//2564
f 2077//2565 3776//2565 2069//2565
f 2077//2566 2069//2566 646//2566
f 3781//2567 2085//2567 3782//2567
f 2065//2568 3784//2568 2066//2568
f 2066//2569 3784//2569 2070//2569
f 2066//2570 2070//2570 2071//2570
f 2110//2571 2074//2571 656//2571
f 2109//2572 3785//2572 2073//2572
f 2073//2573 3785//2573 3787//2573
f 3787//2574 3788//2574 2073//2574
f 2073//2575 3788//2575 2072//2575
f 2073//2576 2072//2576 2095//2576
f 1096//2577 659//2577 2074//2577
f 2074//2578 659//2578 2075//2578
f 2074//2579 2075//2579 656//2579
f 646//2580 2064//2580 2077//2580
f 2077//2581 2064//2581 2076//2581
f 2077//2582 2076//2582 2083//2582
f 2101//2583 2078//2583 1324//2583
f 1324//2583 2078//2583 2083//2583
f 1324//2584 2083//2584 1325//2584
f 1325//2585 2083//2585 2076//2585
f 2079//2586 2080//2586 2081//2586
f 2081//2587 2080//2587 2082//2587
f 2081//2588 2082//2588 1323//2588
f 1323//2589 2082//2589 2091//2589
f 2067//2590 3780//2590 2085//2590
f 2085//2591 3780//2591 2077//2591
f 2085//2592 2077//2592 2086//2592
f 2086//2593 2077//2593 2083//2593
f 2086//2594 2083//2594 2084//2594
f 2084//2595 2083//2595 2078//2595
f 2084//2596 2078//2596 2104//2596
f 2071//2597 3782//2597 2066//2597
f 2066//2598 3782//2598 2085//2598
f 2066//2599 2085//2599 2096//2599
f 2096//2600 2085//2600 2086//2600
f 2096//2601 2086//2601 2098//2601
f 2098//2602 2086//2602 2084//2602
f 2098//2603 2084//2603 2087//2603
f 2087//2604 2084//2604 2104//2604
f 2087//2605 2104//2605 2088//2605
f 2079//2558 2063//2558 2080//2558
f 2080//2606 2063//2606 2089//2606
f 2080//2607 2089//2607 2093//2607
f 2093//2606 2089//2606 2090//2606
f 2093//2608 2090//2608 2057//2608
f 2102//2609 2091//2609 2103//2609
f 2103//2589 2091//2589 2082//2589
f 2103//2610 2082//2610 2092//2610
f 2092//2557 2082//2557 2093//2557
f 2092//2611 2093//2611 2094//2611
f 2094//2608 2093//2608 2057//2608
f 2094//2608 2057//2608 2105//2608
f 2095//2612 2065//2612 2073//2612
f 2073//2613 2065//2613 2096//2613
f 2073//2614 2096//2614 2097//2614
f 2097//2615 2096//2615 2098//2615
f 2097//2616 2098//2616 2099//2616
f 2099//2617 2098//2617 2087//2617
f 2099//2618 2087//2618 2100//2618
f 2100//2619 2087//2619 2088//2619
f 2100//2620 2088//2620 2107//2620
f 2101//2621 2102//2621 2078//2621
f 2078//2622 2102//2622 2103//2622
f 2078//2596 2103//2596 2104//2596
f 2104//2623 2103//2623 2092//2623
f 2104//2624 2092//2624 2088//2624
f 2088//2611 2092//2611 2094//2611
f 2088//2620 2094//2620 2107//2620
f 2107//2556 2094//2556 2105//2556
f 2107//2556 2105//2556 2062//2556
f 2053//2625 2106//2625 2107//2625
f 2107//2625 2106//2625 2108//2625
f 2107//2626 2108//2626 2100//2626
f 2100//2626 2108//2626 1103//2626
f 2100//2627 1103//2627 2099//2627
f 2099//2627 1103//2627 1104//2627
f 2099//2628 1104//2628 2097//2628
f 2097//2628 1104//2628 1097//2628
f 2097//2629 1097//2629 2073//2629
f 2073//2630 1097//2630 2110//2630
f 2073//2631 2110//2631 2109//2631
f 2109//2632 2110//2632 656//2632
f 1115//2633 658//2633 1096//2633
f 1096//2633 658//2633 659//2633
f 2125//2634 2111//2634 2124//2634
f 1132//2635 2120//2635 3528//2635
f 3528//2636 2120//2636 3529//2636
f 2117//2637 2116//2637 2112//2637
f 2112//2638 2116//2638 2113//2638
f 2112//2639 2113//2639 3519//2639
f 2114//2640 2146//2640 778//2640
f 778//2641 2146//2641 2145//2641
f 778//2642 2145//2642 2115//2642
f 2115//2643 2145//2643 2116//2643
f 2115//2644 2116//2644 780//2644
f 780//2645 2116//2645 2117//2645
f 780//2646 2117//2646 762//2646
f 762//2647 2117//2647 2118//2647
f 762//2648 2118//2648 2120//2648
f 2120//2649 2118//2649 2119//2649
f 2120//2650 2119//2650 3529//2650
f 2124//2651 2111//2651 785//2651
f 785//2652 2111//2652 2149//2652
f 785//2653 2149//2653 778//2653
f 778//2654 2149//2654 2121//2654
f 778//2655 2121//2655 2114//2655
f 1094//1044 2122//1044 799//1044
f 799//2656 2122//2656 2123//2656
f 799//2657 2123//2657 2124//2657
f 2124//2658 2123//2658 2164//2658
f 2124//2659 2164//2659 2125//2659
f 2132//2660 3519//2660 2113//2660
f 3258//2661 2126//2661 2127//2661
f 2127//2662 2126//2662 3257//2662
f 2127//2663 3257//2663 2162//2663
f 3255//2664 3253//2664 2163//2664
f 2158//2665 2128//2665 3281//2665
f 3281//2666 2128//2666 2165//2666
f 3281//2667 2165//2667 2129//2667
f 2129//2668 2165//2668 2167//2668
f 2123//2669 2122//2669 2166//2669
f 2130//2670 2131//2670 2150//2670
f 2150//2671 2131//2671 3518//2671
f 2150//2672 3518//2672 2132//2672
f 2133//2673 2134//2673 2138//2673
f 2138//2674 2134//2674 2135//2674
f 2138//2675 2135//2675 2136//2675
f 2136//2676 2135//2676 3515//2676
f 2136//2677 3515//2677 2137//2677
f 1866//2678 3514//2678 2133//2678
f 2133//2679 3514//2679 3513//2679
f 2133//2680 3513//2680 2134//2680
f 1865//2681 2138//2681 2151//2681
f 2151//2682 2138//2682 2136//2682
f 2151//2683 2136//2683 2130//2683
f 2130//2684 2136//2684 2137//2684
f 2132//2685 2113//2685 2150//2685
f 2150//2686 2113//2686 2116//2686
f 2150//2687 2116//2687 2152//2687
f 2152//2688 2116//2688 2145//2688
f 2152//2689 2145//2689 2139//2689
f 1865//2690 2151//2690 2140//2690
f 2140//2691 2151//2691 2153//2691
f 2140//2692 2153//2692 2141//2692
f 2141//2693 2153//2693 2154//2693
f 2141//2694 2154//2694 2142//2694
f 2142//2695 2154//2695 1864//2695
f 1864//2696 2154//2696 2143//2696
f 1864//2697 2143//2697 1862//2697
f 1862//2698 2143//2698 2144//2698
f 1862//2699 2144//2699 1874//2699
f 2145//2700 2146//2700 2139//2700
f 2139//2701 2146//2701 2114//2701
f 2139//2702 2114//2702 2147//2702
f 2147//2703 2114//2703 2121//2703
f 2147//2704 2121//2704 2148//2704
f 2148//2705 2121//2705 2149//2705
f 2148//2706 2149//2706 2155//2706
f 2155//2707 2149//2707 2111//2707
f 2155//2708 2111//2708 2157//2708
f 2130//2709 2150//2709 2151//2709
f 2151//2710 2150//2710 2152//2710
f 2151//2711 2152//2711 2153//2711
f 2153//2712 2152//2712 2139//2712
f 2153//2713 2139//2713 2154//2713
f 2154//2714 2139//2714 2147//2714
f 2154//2715 2147//2715 2143//2715
f 2143//2716 2147//2716 2148//2716
f 2143//2717 2148//2717 2144//2717
f 2144//2718 2148//2718 2155//2718
f 2144//2719 2155//2719 2156//2719
f 2156//2720 2155//2720 2157//2720
f 2156//2721 2157//2721 2161//2721
f 2161//2722 2157//2722 2128//2722
f 2161//2723 2128//2723 2127//2723
f 2127//2724 2128//2724 2158//2724
f 2127//2725 2158//2725 3258//2725
f 1874//2726 2144//2726 2159//2726
f 2159//2727 2144//2727 2156//2727
f 2159//2728 2156//2728 2160//2728
f 2160//2729 2156//2729 2161//2729
f 2160//2730 2161//2730 1861//2730
f 1861//2731 2161//2731 2127//2731
f 1861//2732 2127//2732 2163//2732
f 2163//2733 2127//2733 2162//2733
f 2163//2734 2162//2734 3255//2734
f 2111//2735 2125//2735 2157//2735
f 2157//2736 2125//2736 2164//2736
f 2157//2737 2164//2737 2128//2737
f 2128//2738 2164//2738 2123//2738
f 2128//2739 2123//2739 2165//2739
f 2165//2740 2123//2740 2166//2740
f 2165//2668 2166//2668 2167//2668
f 3299//2741 1101//2741 2168//2741
f 2170//2742 2166//2742 2122//2742
f 1101//2743 3299//2743 2122//2743
f 2122//2744 3299//2744 2169//2744
f 2122//2745 2169//2745 2170//2745
f 3424//2746 3425//2746 2171//2746
f 2768//2747 2172//2747 2211//2747
f 2212//2748 2213//2748 2052//2748
f 2206//2749 2728//2749 2211//2749
f 2211//2750 2728//2750 2173//2750
f 2211//2751 2173//2751 2768//2751
f 2196//2752 2742//2752 2740//2752
f 2174//2753 2738//2753 2197//2753
f 2197//2754 2738//2754 2175//2754
f 2197//2755 2175//2755 2743//2755
f 3421//2756 2177//2756 2176//2756
f 2176//2757 2177//2757 3420//2757
f 2176//2758 3420//2758 2178//2758
f 3421//2756 2176//2756 3426//2756
f 3426//2759 2176//2759 1722//2759
f 3426//2760 1722//2760 3425//2760
f 2055//2761 3432//2761 2179//2761
f 2179//2762 2180//2762 2184//2762
f 2184//2763 2180//2763 3427//2763
f 2184//2764 3427//2764 3428//2764
f 3425//2765 1722//2765 2171//2765
f 2171//2766 1722//2766 2181//2766
f 2171//2767 2181//2767 2198//2767
f 2198//2768 2181//2768 2182//2768
f 2198//2769 2182//2769 2183//2769
f 2179//2770 2184//2770 2055//2770
f 2055//2771 2184//2771 2200//2771
f 2055//2772 2200//2772 2059//2772
f 2182//2773 1723//2773 2183//2773
f 2183//2774 1723//2774 2185//2774
f 2183//2775 2185//2775 2199//2775
f 2199//2776 2185//2776 1724//2776
f 2199//2777 1724//2777 2201//2777
f 1724//2778 2186//2778 2201//2778
f 2201//2779 2186//2779 2187//2779
f 2201//2780 2187//2780 2202//2780
f 2202//2781 2187//2781 2188//2781
f 2202//2782 2188//2782 2204//2782
f 2059//2783 2200//2783 2190//2783
f 2190//2784 2200//2784 2189//2784
f 2190//2785 2189//2785 2056//2785
f 2056//2786 2189//2786 2203//2786
f 2056//2787 2203//2787 2192//2787
f 2192//2788 2203//2788 2191//2788
f 2192//2789 2191//2789 2193//2789
f 2193//2790 2191//2790 2205//2790
f 2193//2791 2205//2791 2207//2791
f 2188//2792 1725//2792 2204//2792
f 2204//2793 1725//2793 2194//2793
f 2204//2794 2194//2794 2195//2794
f 2195//2795 2194//2795 2196//2795
f 2195//2796 2196//2796 2197//2796
f 2197//2797 2196//2797 2740//2797
f 2197//2798 2740//2798 2174//2798
f 3424//2799 2171//2799 3428//2799
f 3428//2800 2171//2800 2198//2800
f 3428//2801 2198//2801 2184//2801
f 2184//2802 2198//2802 2183//2802
f 2184//2803 2183//2803 2200//2803
f 2200//2804 2183//2804 2199//2804
f 2200//2805 2199//2805 2189//2805
f 2189//2806 2199//2806 2201//2806
f 2189//2807 2201//2807 2203//2807
f 2203//2808 2201//2808 2202//2808
f 2203//2809 2202//2809 2191//2809
f 2191//2810 2202//2810 2204//2810
f 2191//2811 2204//2811 2205//2811
f 2205//2812 2204//2812 2195//2812
f 2205//2813 2195//2813 2209//2813
f 2209//2814 2195//2814 2197//2814
f 2209//2815 2197//2815 2206//2815
f 2206//2816 2197//2816 2743//2816
f 2206//2817 2743//2817 2728//2817
f 2207//2818 2205//2818 2208//2818
f 2208//2819 2205//2819 2209//2819
f 2208//2820 2209//2820 2210//2820
f 2210//2821 2209//2821 2206//2821
f 2210//2822 2206//2822 2051//2822
f 2051//2823 2206//2823 2211//2823
f 2051//2824 2211//2824 2052//2824
f 2052//2825 2211//2825 2172//2825
f 2052//2826 2172//2826 2212//2826
f 2212//2827 2725//2827 2213//2827
f 2213//2828 2725//2828 2214//2828
f 2213//2829 2214//2829 1095//2829
f 1095//2830 2214//2830 2720//2830
f 1095//2831 2720//2831 2215//2831
f 2216//2832 1249//2832 2217//2832
f 2216//2832 2217//2832 1284//2832
f 1284//2833 2217//2833 1260//2833
f 1284//2833 1260//2833 2218//2833
f 2218//2834 1260//2834 1263//2834
f 2218//2834 1263//2834 1274//2834
f 1274//2835 1263//2835 2219//2835
f 1274//2835 2219//2835 1280//2835
f 1126//2836 1282//2836 2220//2836
f 2220//2837 1282//2837 1293//2837
f 2220//2838 1293//2838 2221//2838
f 2221//2839 1293//2839 1608//2839
f 1608//2839 1293//2839 1609//2839
f 1609//2840 1293//2840 1273//2840
f 1609//2841 1273//2841 2222//2841
f 2225//2842 1604//2842 2223//2842
f 2223//2843 2224//2843 2225//2843
f 2225//2844 2224//2844 1611//2844
f 2225//2845 1611//2845 1273//2845
f 1273//2846 1611//2846 1610//2846
f 1273//2847 1610//2847 2222//2847
f 802//21 801//21 3651//21
f 1316//21 1301//21 3651//21
f 3651//21 1301//21 632//21
f 3651//21 632//21 802//21
f 2230//15 2226//15 865//15
f 2230//15 865//15 1647//15
f 1647//15 865//15 853//15
f 1647//15 853//15 2227//15
f 2232//2848 861//2848 2228//2848
f 2228//2849 861//2849 867//2849
f 2228//2850 867//2850 2229//2850
f 2229//2851 867//2851 2226//2851
f 2229//2852 2226//2852 2230//2852
f 2234//2853 863//2853 2231//2853
f 2231//2854 863//2854 2232//2854
f 2231//2855 2232//2855 2233//2855
f 2233//2856 2232//2856 2228//2856
f 2238//2857 2240//2857 1577//2857
f 1577//2858 2240//2858 859//2858
f 1577//2859 859//2859 2234//2859
f 2234//2860 859//2860 2235//2860
f 2234//2861 2235//2861 863//2861
f 2236//2862 2237//2862 1575//2862
f 1575//2863 2237//2863 858//2863
f 1575//2864 858//2864 1576//2864
f 1576//2865 858//2865 2239//2865
f 1576//2866 2239//2866 2238//2866
f 2238//2867 2239//2867 857//2867
f 2238//2868 857//2868 2240//2868
f 2241//2869 1007//2869 1579//2869
f 1579//2870 1007//2870 2242//2870
f 2242//2871 1007//2871 1012//2871
f 2242//2872 1012//2872 1596//2872
f 1012//2873 1011//2873 1596//2873
f 1596//2873 1011//2873 1010//2873
f 1596//2872 1010//2872 1580//2872
f 1580//2872 1010//2872 2243//2872
f 1580//2874 2243//2874 1585//2874
f 1585//2875 2243//2875 1014//2875
f 1585//2876 1014//2876 804//2876
f 1647//2877 2227//2877 2244//2877
f 2244//2878 2227//2878 2245//2878
f 2244//2879 2245//2879 1578//2879
f 1578//2880 2245//2880 1579//2880
f 1579//2881 2245//2881 1006//2881
f 1579//2882 1006//2882 2241//2882
f 2246//19 965//19 811//19
f 811//19 965//19 963//19
f 808//19 809//19 811//19
f 975//19 825//19 978//19
f 978//19 825//19 826//19
f 978//19 826//19 2247//19
f 2247//19 826//19 2248//19
f 2247//19 2248//19 2249//19
f 2249//19 2248//19 827//19
f 2249//19 827//19 991//19
f 837//19 2250//19 2268//19
f 2271//19 987//19 2251//19
f 2251//19 987//19 991//19
f 2251//19 991//19 829//19
f 829//19 991//19 827//19
f 831//19 2252//19 2250//19
f 2250//19 2252//19 833//19
f 2250//19 833//19 970//19
f 970//19 833//19 821//19
f 970//19 821//19 2253//19
f 2253//19 821//19 2254//19
f 2253//19 2254//19 2256//19
f 2256//19 2254//19 2255//19
f 2256//19 2255//19 2257//19
f 2257//19 2255//19 2258//19
f 2257//19 2258//19 975//19
f 975//19 2258//19 823//19
f 975//19 823//19 825//19
f 811//19 812//19 2246//19
f 2246//19 812//19 2259//19
f 2246//19 2259//19 2260//19
f 2260//19 2259//19 814//19
f 2260//19 814//19 944//19
f 944//19 814//19 816//19
f 944//19 816//19 2261//19
f 2261//19 816//19 2262//19
f 2261//19 2262//19 954//19
f 954//19 2262//19 2264//19
f 954//19 2264//19 2263//19
f 2263//19 2264//19 834//19
f 2263//19 834//19 2267//19
f 2267//19 834//19 835//19
f 837//19 2265//19 2250//19
f 2250//2883 2265//2883 2266//2883
f 2250//19 2266//19 831//19
f 835//19 837//19 2267//19
f 2267//19 837//19 2268//19
f 2267//19 2268//19 2269//19
f 2269//19 2268//19 987//19
f 2269//19 987//19 2270//19
f 2270//19 987//19 960//19
f 2271//19 2272//19 987//19
f 987//19 2272//19 820//19
f 987//2884 820//2884 838//2884
f 963//19 960//19 811//19
f 811//19 960//19 987//19
f 811//19 987//19 839//19
f 839//19 987//19 838//19
f 807//19 808//19 805//19
f 805//19 808//19 811//19
f 805//19 811//19 2273//19
f 2273//19 811//19 839//19
f 2422//2885 2421//2885 2283//2885
f 2283//2886 2421//2886 2281//2886
f 2422//2887 1618//2887 2274//2887
f 2274//2888 1618//2888 2275//2888
f 2274//2889 2275//2889 2276//2889
f 2276//2890 2275//2890 2277//2890
f 2276//2891 2277//2891 2428//2891
f 2428//2892 2277//2892 1617//2892
f 2428//2893 1617//2893 2287//2893
f 2419//2894 2278//2894 2279//2894
f 2279//2895 2278//2895 964//2895
f 2279//2896 964//2896 2280//2896
f 2280//2897 964//2897 966//2897
f 2280//2898 966//2898 2281//2898
f 2281//2899 966//2899 2282//2899
f 2281//2900 2282//2900 2283//2900
f 2284//2901 962//2901 2419//2901
f 2419//2902 962//2902 2285//2902
f 2419//2903 2285//2903 2278//2903
f 1617//2904 2286//2904 2287//2904
f 2287//2905 2286//2905 2288//2905
f 2287//2906 2288//2906 2429//2906
f 2429//2907 2288//2907 2289//2907
f 2429//2908 2289//2908 2430//2908
f 2430//2909 2289//2909 1633//2909
f 2430//2910 1633//2910 2290//2910
f 2419//2911 2417//2911 2284//2911
f 2284//2912 2417//2912 2291//2912
f 2284//2913 2291//2913 961//2913
f 961//2914 2291//2914 2292//2914
f 2292//2914 2291//2914 2293//2914
f 2293//2915 2291//2915 2294//2915
f 2293//2916 2294//2916 2298//2916
f 1633//2917 1634//2917 2290//2917
f 2290//2918 1634//2918 2295//2918
f 2290//2919 2295//2919 2431//2919
f 2431//2920 2295//2920 1635//2920
f 2431//2921 1635//2921 2432//2921
f 2432//2922 1635//2922 2296//2922
f 2432//2923 2296//2923 2433//2923
f 2433//2924 2296//2924 1588//2924
f 2433//2925 1588//2925 2434//2925
f 2413//2926 2306//2926 2415//2926
f 2415//2927 2306//2927 2297//2927
f 2415//2928 2297//2928 2416//2928
f 2416//2929 2297//2929 958//2929
f 2416//2930 958//2930 2298//2930
f 2298//2931 958//2931 2299//2931
f 2298//2932 2299//2932 2293//2932
f 2311//2933 955//2933 2300//2933
f 2300//2934 955//2934 2301//2934
f 2300//2935 2301//2935 2302//2935
f 2302//2936 2301//2936 2303//2936
f 2302//2937 2303//2937 2410//2937
f 2410//2938 2303//2938 2304//2938
f 2410//2939 2304//2939 2412//2939
f 2412//2940 2304//2940 2305//2940
f 2412//2941 2305//2941 2413//2941
f 2413//2942 2305//2942 959//2942
f 2413//2943 959//2943 2306//2943
f 2403//2944 952//2944 2307//2944
f 2307//2945 952//2945 2309//2945
f 2307//2946 2309//2946 2308//2946
f 2308//2947 2309//2947 957//2947
f 2308//2948 957//2948 2406//2948
f 2406//2949 957//2949 2310//2949
f 2406//2950 2310//2950 2311//2950
f 2311//2951 2310//2951 956//2951
f 2311//2952 956//2952 955//2952
f 2331//2953 948//2953 2401//2953
f 2401//2954 948//2954 2312//2954
f 2401//2955 2312//2955 2402//2955
f 2402//2956 2312//2956 2313//2956
f 2402//2957 2313//2957 2403//2957
f 2403//2958 2313//2958 953//2958
f 2403//2959 953//2959 952//2959
f 1588//2960 2314//2960 2434//2960
f 2434//2961 2314//2961 1593//2961
f 2434//2962 1593//2962 2315//2962
f 2315//2963 1593//2963 1591//2963
f 2315//2964 1591//2964 2435//2964
f 2435//2965 1591//2965 1587//2965
f 2435//2966 1587//2966 2316//2966
f 2316//2967 1587//2967 2317//2967
f 2316//2968 2317//2968 2318//2968
f 2318//2969 2317//2969 1586//2969
f 2318//2970 1586//2970 2437//2970
f 2437//2971 1586//2971 2319//2971
f 2437//2972 2319//2972 2320//2972
f 2320//2973 2319//2973 2321//2973
f 2320//2974 2321//2974 2438//2974
f 2438//2975 2321//2975 2322//2975
f 2438//2976 2322//2976 2440//2976
f 2440//2977 2322//2977 2323//2977
f 2440//2978 2323//2978 2441//2978
f 2441//2979 2323//2979 1581//2979
f 2441//2980 1581//2980 2324//2980
f 2324//2981 1581//2981 2325//2981
f 2324//2982 2325//2982 2442//2982
f 2442//2983 2325//2983 2326//2983
f 2442//2984 2326//2984 2327//2984
f 2327//2985 2326//2985 2328//2985
f 2327//2986 2328//2986 2329//2986
f 2329//2987 2328//2987 1584//2987
f 2329//2988 1584//2988 2330//2988
f 2332//2989 950//2989 2331//2989
f 2331//2990 950//2990 949//2990
f 2331//2991 949//2991 948//2991
f 2331//2992 2398//2992 2332//2992
f 2332//2993 2398//2993 2397//2993
f 2332//2994 2397//2994 951//2994
f 951//2995 2397//2995 2396//2995
f 951//2996 2396//2996 946//2996
f 946//2997 2396//2997 947//2997
f 1584//2998 2333//2998 2330//2998
f 2330//2999 2333//2999 1582//2999
f 2330//3000 1582//3000 2445//3000
f 2445//3001 1582//3001 1572//3001
f 2445//3002 1572//3002 2447//3002
f 2447//3003 1572//3003 2335//3003
f 1571//3004 2334//3004 2335//3004
f 2335//3005 2334//3005 2449//3005
f 2335//3006 2449//3006 2447//3006
f 947//3007 2396//3007 2342//3007
f 2342//3008 2396//3008 2336//3008
f 2342//3009 2336//3009 2341//3009
f 1571//3010 1568//3010 2334//3010
f 2334//3011 1568//3011 1569//3011
f 2334//3012 1569//3012 2337//3012
f 2337//3013 1569//3013 1570//3013
f 2337//3014 1570//3014 2338//3014
f 2338//3015 1570//3015 2339//3015
f 2338//3015 2339//3015 2343//3015
f 2392//3016 2340//3016 2394//3016
f 2394//3017 2340//3017 941//3017
f 2394//3018 941//3018 2395//3018
f 2395//3019 941//3019 943//3019
f 2395//3020 943//3020 2341//3020
f 2341//3021 943//3021 945//3021
f 2341//3022 945//3022 2342//3022
f 2339//3023 1567//3023 2343//3023
f 2343//3024 1567//3024 2344//3024
f 2343//3025 2344//3025 2453//3025
f 2453//3026 2344//3026 2345//3026
f 2453//3027 2345//3027 2454//3027
f 2454//3028 2345//3028 2422//3028
f 2422//3029 2427//3029 2346//3029
f 2346//3030 2427//3030 2347//3030
f 2346//3031 2347//3031 2349//3031
f 2349//3032 2347//3032 2348//3032
f 2349//3033 2348//3033 2350//3033
f 2350//3034 2348//3034 2351//3034
f 2350//3035 2351//3035 2353//3035
f 2353//3036 2351//3036 2352//3036
f 2353//3037 2352//3037 2354//3037
f 2354//3038 2352//3038 2355//3038
f 2354//3039 2355//3039 2420//3039
f 2420//3040 2355//3040 2356//3040
f 2420//3041 2356//3041 2418//3041
f 2418//3042 2356//3042 2357//3042
f 2418//3043 2357//3043 2358//3043
f 2358//3044 2357//3044 2359//3044
f 2358//3045 2359//3045 2360//3045
f 2360//3046 2359//3046 2361//3046
f 2360//3047 2361//3047 2362//3047
f 2362//3048 2361//3048 2363//3048
f 2362//3049 2363//3049 2364//3049
f 2364//3050 2363//3050 2365//3050
f 2364//3051 2365//3051 2414//3051
f 2414//3052 2365//3052 2366//3052
f 2414//3053 2366//3053 2368//3053
f 2368//3054 2366//3054 2367//3054
f 2368//3055 2367//3055 2411//3055
f 2411//3056 2367//3056 2436//3056
f 2411//3057 2436//3057 2409//3057
f 2409//3058 2436//3058 2369//3058
f 2409//3059 2369//3059 2408//3059
f 2408//3060 2369//3060 2370//3060
f 2408//3061 2370//3061 2407//3061
f 2407//3062 2370//3062 2439//3062
f 2407//3063 2439//3063 2371//3063
f 2371//3064 2439//3064 2372//3064
f 2371//3065 2372//3065 2405//3065
f 2405//3066 2372//3066 2373//3066
f 2405//3067 2373//3067 2375//3067
f 2375//3068 2373//3068 2374//3068
f 2375//3069 2374//3069 2376//3069
f 2376//3070 2374//3070 2377//3070
f 2376//3071 2377//3071 2404//3071
f 2404//3072 2377//3072 2443//3072
f 2404//3073 2443//3073 2400//3073
f 2400//3074 2443//3074 2444//3074
f 2400//3075 2444//3075 2378//3075
f 2378//3076 2444//3076 2379//3076
f 2378//3077 2379//3077 2399//3077
f 2399//3078 2379//3078 2446//3078
f 2399//3079 2446//3079 2380//3079
f 2380//3080 2446//3080 2382//3080
f 2380//3081 2382//3081 2381//3081
f 2381//3082 2382//3082 2448//3082
f 2381//3083 2448//3083 2383//3083
f 2383//3084 2448//3084 2450//3084
f 2383//3085 2450//3085 2384//3085
f 2384//3086 2450//3086 2385//3086
f 2384//3087 2385//3087 2386//3087
f 2386//3088 2385//3088 2451//3088
f 2386//3089 2451//3089 2393//3089
f 2393//3090 2451//3090 2452//3090
f 2393//3091 2452//3091 2387//3091
f 2387//3092 2452//3092 2388//3092
f 2387//3093 2388//3093 2391//3093
f 2391//3094 2388//3094 2389//3094
f 2391//3095 2389//3095 2390//3095
f 2390//3096 2389//3096 2422//3096
f 2422//3096 2423//3096 2390//3096
f 2390//3097 2423//3097 2426//3097
f 2390//3098 2426//3098 2391//3098
f 2391//3099 2426//3099 2392//3099
f 2391//3100 2392//3100 2387//3100
f 2387//3101 2392//3101 2394//3101
f 2387//3102 2394//3102 2393//3102
f 2393//3103 2394//3103 2395//3103
f 2393//3104 2395//3104 2386//3104
f 2386//3105 2395//3105 2341//3105
f 2386//3106 2341//3106 2384//3106
f 2384//3107 2341//3107 2336//3107
f 2384//3108 2336//3108 2383//3108
f 2383//3109 2336//3109 2396//3109
f 2383//3110 2396//3110 2381//3110
f 2381//3111 2396//3111 2397//3111
f 2381//3112 2397//3112 2380//3112
f 2380//3113 2397//3113 2398//3113
f 2380//3114 2398//3114 2399//3114
f 2399//3115 2398//3115 2331//3115
f 2399//3116 2331//3116 2378//3116
f 2378//3117 2331//3117 2401//3117
f 2378//3118 2401//3118 2400//3118
f 2400//3119 2401//3119 2402//3119
f 2400//3120 2402//3120 2404//3120
f 2404//3121 2402//3121 2403//3121
f 2404//3122 2403//3122 2376//3122
f 2376//3123 2403//3123 2307//3123
f 2376//3124 2307//3124 2375//3124
f 2375//3125 2307//3125 2308//3125
f 2375//3126 2308//3126 2405//3126
f 2405//3127 2308//3127 2406//3127
f 2405//3128 2406//3128 2371//3128
f 2371//3129 2406//3129 2311//3129
f 2371//3130 2311//3130 2407//3130
f 2407//3131 2311//3131 2300//3131
f 2407//3132 2300//3132 2408//3132
f 2408//3133 2300//3133 2302//3133
f 2408//3134 2302//3134 2409//3134
f 2409//3135 2302//3135 2410//3135
f 2409//3136 2410//3136 2411//3136
f 2411//3137 2410//3137 2412//3137
f 2411//3138 2412//3138 2368//3138
f 2368//3139 2412//3139 2413//3139
f 2368//3140 2413//3140 2414//3140
f 2414//3141 2413//3141 2415//3141
f 2414//3142 2415//3142 2364//3142
f 2364//3143 2415//3143 2416//3143
f 2364//3144 2416//3144 2362//3144
f 2362//3145 2416//3145 2298//3145
f 2362//3146 2298//3146 2360//3146
f 2360//3147 2298//3147 2294//3147
f 2360//3148 2294//3148 2358//3148
f 2358//3149 2294//3149 2291//3149
f 2358//3150 2291//3150 2418//3150
f 2418//3151 2291//3151 2417//3151
f 2418//3152 2417//3152 2420//3152
f 2420//3153 2417//3153 2419//3153
f 2420//3154 2419//3154 2354//3154
f 2354//3155 2419//3155 2279//3155
f 2354//3156 2279//3156 2353//3156
f 2353//3157 2279//3157 2280//3157
f 2353//3158 2280//3158 2350//3158
f 2350//3159 2280//3159 2281//3159
f 2350//3160 2281//3160 2349//3160
f 2349//3161 2281//3161 2421//3161
f 2349//3162 2421//3162 2346//3162
f 2346//3029 2421//3029 2422//3029
f 2422//3163 2424//3163 2423//3163
f 2423//3164 2424//3164 940//3164
f 2423//3165 940//3165 2426//3165
f 2426//3166 940//3166 2425//3166
f 2426//3167 2425//3167 2392//3167
f 2392//3168 2425//3168 942//3168
f 2392//3169 942//3169 2340//3169
f 2422//3170 2274//3170 2427//3170
f 2427//3171 2274//3171 2276//3171
f 2427//3172 2276//3172 2347//3172
f 2347//3173 2276//3173 2428//3173
f 2347//3174 2428//3174 2348//3174
f 2348//3175 2428//3175 2287//3175
f 2348//3176 2287//3176 2351//3176
f 2351//3177 2287//3177 2429//3177
f 2351//3178 2429//3178 2352//3178
f 2352//3179 2429//3179 2430//3179
f 2352//3180 2430//3180 2355//3180
f 2355//3181 2430//3181 2290//3181
f 2355//3182 2290//3182 2356//3182
f 2356//3183 2290//3183 2431//3183
f 2356//3184 2431//3184 2357//3184
f 2357//3185 2431//3185 2432//3185
f 2357//3186 2432//3186 2359//3186
f 2359//3187 2432//3187 2433//3187
f 2359//3188 2433//3188 2361//3188
f 2361//3189 2433//3189 2434//3189
f 2361//3190 2434//3190 2363//3190
f 2363//3191 2434//3191 2315//3191
f 2363//3192 2315//3192 2365//3192
f 2365//3193 2315//3193 2435//3193
f 2365//3194 2435//3194 2366//3194
f 2366//3195 2435//3195 2316//3195
f 2366//3196 2316//3196 2367//3196
f 2367//3197 2316//3197 2318//3197
f 2367//3198 2318//3198 2436//3198
f 2436//3199 2318//3199 2437//3199
f 2436//3200 2437//3200 2369//3200
f 2369//3201 2437//3201 2320//3201
f 2369//3202 2320//3202 2370//3202
f 2370//3203 2320//3203 2438//3203
f 2370//3204 2438//3204 2439//3204
f 2439//3205 2438//3205 2440//3205
f 2439//3206 2440//3206 2372//3206
f 2372//3207 2440//3207 2441//3207
f 2372//3208 2441//3208 2373//3208
f 2373//3209 2441//3209 2324//3209
f 2373//3210 2324//3210 2374//3210
f 2374//3211 2324//3211 2442//3211
f 2374//3212 2442//3212 2377//3212
f 2377//3213 2442//3213 2327//3213
f 2377//3214 2327//3214 2443//3214
f 2443//3215 2327//3215 2329//3215
f 2443//3216 2329//3216 2444//3216
f 2444//3217 2329//3217 2330//3217
f 2444//3218 2330//3218 2379//3218
f 2379//3219 2330//3219 2445//3219
f 2379//3220 2445//3220 2446//3220
f 2446//3221 2445//3221 2447//3221
f 2446//3222 2447//3222 2382//3222
f 2382//3223 2447//3223 2449//3223
f 2382//3224 2449//3224 2448//3224
f 2448//3225 2449//3225 2334//3225
f 2448//3226 2334//3226 2450//3226
f 2450//3227 2334//3227 2337//3227
f 2450//3228 2337//3228 2385//3228
f 2385//3229 2337//3229 2338//3229
f 2385//3230 2338//3230 2451//3230
f 2451//3231 2338//3231 2343//3231
f 2451//3232 2343//3232 2452//3232
f 2452//3233 2343//3233 2453//3233
f 2452//3234 2453//3234 2388//3234
f 2388//3235 2453//3235 2454//3235
f 2388//3236 2454//3236 2389//3236
f 2389//3237 2454//3237 2422//3237
f 2455//3238 988//3238 2456//3238
f 2456//3239 988//3239 986//3239
f 2456//3240 986//3240 2457//3240
f 2457//3241 986//3241 994//3241
f 2457//3242 994//3242 2614//3242
f 2588//3243 2458//3243 2587//3243
f 2587//3244 2458//3244 982//3244
f 2587//3245 982//3245 2585//3245
f 2585//3246 982//3246 990//3246
f 2585//3247 990//3247 2455//3247
f 2455//3248 990//3248 989//3248
f 2455//3249 989//3249 988//3249
f 2541//3250 2459//3250 2542//3250
f 2542//3251 2459//3251 2461//3251
f 2542//3252 2461//3252 2460//3252
f 2460//3253 2461//3253 1645//3253
f 2460//3254 1645//3254 2462//3254
f 2462//3255 1645//3255 2463//3255
f 2462//3256 2463//3256 2464//3256
f 2464//3257 2463//3257 1637//3257
f 2464//3258 1637//3258 2545//3258
f 2545//3259 1637//3259 1644//3259
f 2545//3260 1644//3260 2546//3260
f 2546//3261 1644//3261 2466//3261
f 2546//3262 2466//3262 2465//3262
f 2465//3263 2466//3263 1642//3263
f 2465//3264 1642//3264 2548//3264
f 2548//3265 1642//3265 1641//3265
f 2548//3266 1641//3266 2550//3266
f 2550//3267 1641//3267 1639//3267
f 2550//3268 1639//3268 2551//3268
f 2551//3269 1639//3269 1638//3269
f 2551//3270 1638//3270 2491//3270
f 2591//3271 2472//3271 2590//3271
f 2590//3272 2472//3272 985//3272
f 2590//3273 985//3273 2467//3273
f 2467//3274 985//3274 984//3274
f 2467//3275 984//3275 2588//3275
f 2588//3276 984//3276 983//3276
f 2588//3277 983//3277 2458//3277
f 2477//3278 2468//3278 2593//3278
f 2593//3279 2468//3279 2470//3279
f 2593//3280 2470//3280 2469//3280
f 2469//3281 2470//3281 2471//3281
f 2469//3282 2471//3282 2591//3282
f 2591//3283 2471//3283 981//3283
f 2591//3284 981//3284 2472//3284
f 2598//3285 979//3285 2597//3285
f 2597//3286 979//3286 2473//3286
f 2597//3287 2473//3287 2474//3287
f 2474//3288 2473//3288 2475//3288
f 2474//3289 2475//3289 2476//3289
f 2476//3290 2475//3290 980//3290
f 2476//3291 980//3291 2477//3291
f 2477//3292 980//3292 2478//3292
f 2477//3293 2478//3293 2468//3293
f 2603//3294 977//3294 2600//3294
f 2600//3295 977//3295 976//3295
f 2600//3296 976//3296 2599//3296
f 2599//3297 976//3297 2479//3297
f 2599//3298 2479//3298 2598//3298
f 2598//3299 2479//3299 2480//3299
f 2598//3300 2480//3300 979//3300
f 2486//3301 2489//3301 2481//3301
f 2481//3302 2489//3302 2483//3302
f 2481//3303 2483//3303 2482//3303
f 2482//3304 2483//3304 2484//3304
f 2482//3305 2484//3305 2603//3305
f 2603//3306 2484//3306 2485//3306
f 2603//3307 2485//3307 977//3307
f 2607//3308 974//3308 2606//3308
f 2606//3309 974//3309 2487//3309
f 2606//3310 2487//3310 2486//3310
f 2486//3311 2487//3311 2488//3311
f 2486//3312 2488//3312 2489//3312
f 1638//3313 2490//3313 2491//3313
f 2491//3314 2490//3314 2492//3314
f 2491//3315 2492//3315 2553//3315
f 2553//3316 2492//3316 2493//3316
f 2553//3317 2493//3317 2555//3317
f 2555//3318 2493//3318 2494//3318
f 2555//3319 2494//3319 2495//3319
f 2495//3320 2494//3320 2496//3320
f 2495//3321 2496//3321 2557//3321
f 2557//3322 2496//3322 2497//3322
f 2557//3323 2497//3323 2498//3323
f 2498//3324 2497//3324 1660//3324
f 2498//3325 1660//3325 2499//3325
f 2499//3326 1660//3326 2500//3326
f 2499//3327 2500//3327 2501//3327
f 2501//3328 2500//3328 1658//3328
f 2501//3329 1658//3329 2502//3329
f 2502//3330 1658//3330 2503//3330
f 2502//3331 2503//3331 2504//3331
f 2504//3332 2503//3332 2505//3332
f 2504//3333 2505//3333 2560//3333
f 2560//3334 2505//3334 1657//3334
f 2560//3335 1657//3335 2562//3335
f 2562//3336 1657//3336 1656//3336
f 2562//3337 1656//3337 2506//3337
f 2506//3338 1656//3338 2507//3338
f 2506//3339 2507//3339 2563//3339
f 2563//3340 2507//3340 2508//3340
f 2563//3341 2508//3341 2564//3341
f 2564//3342 2508//3342 2509//3342
f 2564//3343 2509//3343 2510//3343
f 2510//3344 2509//3344 1651//3344
f 2510//3345 1651//3345 2567//3345
f 2567//3346 1651//3346 2511//3346
f 2567//3347 2511//3347 2528//3347
f 2610//3348 972//3348 2512//3348
f 2512//3349 972//3349 2513//3349
f 2512//3350 2513//3350 2514//3350
f 2514//3351 2513//3351 971//3351
f 2514//3352 971//3352 2608//3352
f 2608//3353 971//3353 2515//3353
f 2608//3354 2515//3354 2607//3354
f 2607//3355 2515//3355 967//3355
f 2607//3356 967//3356 974//3356
f 2525//3357 2517//3357 2516//3357
f 2516//3358 2517//3358 2519//3358
f 2516//3359 2519//3359 2518//3359
f 2518//3360 2519//3360 973//3360
f 2518//3361 973//3361 2610//3361
f 2610//3362 973//3362 2520//3362
f 2610//3363 2520//3363 972//3363
f 2619//3364 968//3364 2521//3364
f 2521//3365 968//3365 2522//3365
f 2521//3366 2522//3366 2523//3366
f 2523//3367 2522//3367 2524//3367
f 2523//3368 2524//3368 2525//3368
f 2525//3369 2524//3369 2526//3369
f 2525//3370 2526//3370 2517//3370
f 2511//3371 2527//3371 2528//3371
f 2528//3372 2527//3372 1654//3372
f 2528//3373 1654//3373 2529//3373
f 2529//3374 1654//3374 1655//3374
f 2529//3375 1655//3375 2530//3375
f 2530//3376 1655//3376 2531//3376
f 2530//3377 2531//3377 2572//3377
f 2572//3378 2531//3378 2532//3378
f 2572//3379 2532//3379 2533//3379
f 2533//3380 2532//3380 1650//3380
f 2533//3381 1650//3381 2534//3381
f 2534//3382 1650//3382 1649//3382
f 2534//3383 1649//3383 2575//3383
f 2575//3384 1649//3384 1648//3384
f 2575//3385 1648//3385 2535//3385
f 2535//3386 1648//3386 2536//3386
f 2535//3387 2536//3387 2576//3387
f 2576//3388 2536//3388 2537//3388
f 2576//3389 2537//3389 2577//3389
f 2577//3390 2537//3390 2538//3390
f 2577//3391 2538//3391 2541//3391
f 2541//3392 2538//3392 2539//3392
f 2541//3393 2539//3393 2459//3393
f 2540//3394 2541//3394 2578//3394
f 2578//3395 2541//3395 2542//3395
f 2578//3396 2542//3396 2543//3396
f 2543//3397 2542//3397 2460//3397
f 2543//3398 2460//3398 2544//3398
f 2544//3399 2460//3399 2462//3399
f 2544//3400 2462//3400 2581//3400
f 2581//3401 2462//3401 2464//3401
f 2581//3402 2464//3402 2582//3402
f 2582//3403 2464//3403 2545//3403
f 2582//3404 2545//3404 2583//3404
f 2583//3405 2545//3405 2546//3405
f 2583//3406 2546//3406 2584//3406
f 2584//3407 2546//3407 2465//3407
f 2584//3408 2465//3408 2547//3408
f 2547//3409 2465//3409 2548//3409
f 2547//3410 2548//3410 2586//3410
f 2586//3411 2548//3411 2550//3411
f 2586//3412 2550//3412 2549//3412
f 2549//3413 2550//3413 2551//3413
f 2549//3414 2551//3414 2552//3414
f 2552//3415 2551//3415 2491//3415
f 2552//3416 2491//3416 2589//3416
f 2589//3417 2491//3417 2553//3417
f 2589//3418 2553//3418 2554//3418
f 2554//3419 2553//3419 2555//3419
f 2554//3420 2555//3420 2556//3420
f 2556//3421 2555//3421 2495//3421
f 2556//3422 2495//3422 2592//3422
f 2592//3423 2495//3423 2557//3423
f 2592//3424 2557//3424 2594//3424
f 2594//3425 2557//3425 2498//3425
f 2594//3426 2498//3426 2595//3426
f 2595//3427 2498//3427 2499//3427
f 2595//3428 2499//3428 2596//3428
f 2596//3429 2499//3429 2501//3429
f 2596//3430 2501//3430 2558//3430
f 2558//3431 2501//3431 2502//3431
f 2558//3432 2502//3432 2559//3432
f 2559//3433 2502//3433 2504//3433
f 2559//3434 2504//3434 2561//3434
f 2561//3435 2504//3435 2560//3435
f 2561//3436 2560//3436 2601//3436
f 2601//3437 2560//3437 2562//3437
f 2601//3438 2562//3438 2602//3438
f 2602//3439 2562//3439 2506//3439
f 2602//3440 2506//3440 2604//3440
f 2604//3441 2506//3441 2563//3441
f 2604//3442 2563//3442 2605//3442
f 2605//3443 2563//3443 2564//3443
f 2605//3444 2564//3444 2565//3444
f 2565//3445 2564//3445 2510//3445
f 2565//3446 2510//3446 2566//3446
f 2566//3447 2510//3447 2567//3447
f 2566//3448 2567//3448 2568//3448
f 2568//3449 2567//3449 2528//3449
f 2568//3450 2528//3450 2569//3450
f 2569//3451 2528//3451 2529//3451
f 2569//3452 2529//3452 2570//3452
f 2570//3453 2529//3453 2530//3453
f 2570//3454 2530//3454 2609//3454
f 2609//3455 2530//3455 2572//3455
f 2609//3456 2572//3456 2571//3456
f 2571//3457 2572//3457 2533//3457
f 2571//3458 2533//3458 2573//3458
f 2573//3459 2533//3459 2534//3459
f 2573//3460 2534//3460 2611//3460
f 2611//3461 2534//3461 2575//3461
f 2611//3462 2575//3462 2574//3462
f 2574//3463 2575//3463 2535//3463
f 2574//3464 2535//3464 2612//3464
f 2612//3465 2535//3465 2576//3465
f 2612//3466 2576//3466 2613//3466
f 2613//3467 2576//3467 2577//3467
f 2613//3468 2577//3468 2540//3468
f 2540//3469 2577//3469 2541//3469
f 2619//3470 2578//3470 2617//3470
f 2617//3471 2578//3471 2543//3471
f 2617//3472 2543//3472 2579//3472
f 2579//3473 2543//3473 2544//3473
f 2579//3474 2544//3474 2580//3474
f 2580//3475 2544//3475 2581//3475
f 2580//3476 2581//3476 2614//3476
f 2614//3477 2581//3477 2582//3477
f 2614//3478 2582//3478 2457//3478
f 2457//3479 2582//3479 2583//3479
f 2457//3480 2583//3480 2456//3480
f 2456//3481 2583//3481 2584//3481
f 2456//3482 2584//3482 2455//3482
f 2455//3483 2584//3483 2547//3483
f 2455//3484 2547//3484 2585//3484
f 2585//3485 2547//3485 2586//3485
f 2585//3486 2586//3486 2587//3486
f 2587//3487 2586//3487 2549//3487
f 2587//3488 2549//3488 2588//3488
f 2588//3489 2549//3489 2552//3489
f 2588//3490 2552//3490 2467//3490
f 2467//3491 2552//3491 2589//3491
f 2467//3492 2589//3492 2590//3492
f 2590//3493 2589//3493 2554//3493
f 2590//3494 2554//3494 2591//3494
f 2591//3495 2554//3495 2556//3495
f 2591//3496 2556//3496 2469//3496
f 2469//3497 2556//3497 2592//3497
f 2469//3498 2592//3498 2593//3498
f 2593//3499 2592//3499 2594//3499
f 2593//3500 2594//3500 2477//3500
f 2477//3501 2594//3501 2595//3501
f 2477//3502 2595//3502 2476//3502
f 2476//3503 2595//3503 2596//3503
f 2476//3504 2596//3504 2474//3504
f 2474//3505 2596//3505 2558//3505
f 2474//3506 2558//3506 2597//3506
f 2597//3507 2558//3507 2559//3507
f 2597//3508 2559//3508 2598//3508
f 2598//3509 2559//3509 2561//3509
f 2598//3510 2561//3510 2599//3510
f 2599//3511 2561//3511 2601//3511
f 2599//3512 2601//3512 2600//3512
f 2600//3513 2601//3513 2602//3513
f 2600//3514 2602//3514 2603//3514
f 2603//3515 2602//3515 2604//3515
f 2603//3516 2604//3516 2482//3516
f 2482//3517 2604//3517 2605//3517
f 2482//3518 2605//3518 2481//3518
f 2481//3519 2605//3519 2565//3519
f 2481//3520 2565//3520 2486//3520
f 2486//3521 2565//3521 2566//3521
f 2486//3522 2566//3522 2606//3522
f 2606//3523 2566//3523 2568//3523
f 2606//3524 2568//3524 2607//3524
f 2607//3525 2568//3525 2569//3525
f 2607//3526 2569//3526 2608//3526
f 2608//3527 2569//3527 2570//3527
f 2608//3528 2570//3528 2514//3528
f 2514//3529 2570//3529 2609//3529
f 2514//3530 2609//3530 2512//3530
f 2512//3531 2609//3531 2571//3531
f 2512//3532 2571//3532 2610//3532
f 2610//3533 2571//3533 2573//3533
f 2610//3534 2573//3534 2518//3534
f 2518//3535 2573//3535 2611//3535
f 2518//3536 2611//3536 2516//3536
f 2516//3537 2611//3537 2574//3537
f 2516//3538 2574//3538 2525//3538
f 2525//3539 2574//3539 2612//3539
f 2525//3540 2612//3540 2523//3540
f 2523//3541 2612//3541 2613//3541
f 2523//3542 2613//3542 2521//3542
f 2521//3543 2613//3543 2540//3543
f 2521//3544 2540//3544 2619//3544
f 2619//3545 2540//3545 2578//3545
f 994//3546 993//3546 2614//3546
f 2614//3547 993//3547 2615//3547
f 2614//3548 2615//3548 2580//3548
f 2580//3549 2615//3549 2616//3549
f 2580//3550 2616//3550 2579//3550
f 2579//3551 2616//3551 992//3551
f 2579//3552 992//3552 2617//3552
f 2617//3553 992//3553 2618//3553
f 2617//3554 2618//3554 2619//3554
f 2619//3555 2618//3555 969//3555
f 2619//3556 969//3556 968//3556
f 2645//3557 2644//3557 2643//3557
f 2627//3558 2620//3558 2621//3558
f 2623//3559 2622//3559 2624//3559
f 2624//3560 2622//3560 2640//3560
f 1061//3561 3120//3561 1062//3561
f 1062//3562 3120//3562 3105//3562
f 2623//3563 2624//3563 2625//3563
f 2625//3564 2624//3564 1860//3564
f 2625//3565 1860//3565 2626//3565
f 2620//3566 2627//3566 2626//3566
f 2626//3567 2627//3567 2628//3567
f 2626//3568 2628//3568 2625//3568
f 2629//3569 2631//3569 1854//3569
f 1854//3570 2631//3570 3453//3570
f 1854//3571 3453//3571 3588//3571
f 2655//3572 2630//3572 2629//3572
f 2629//3573 2630//3573 3459//3573
f 2629//3574 3459//3574 2631//3574
f 2653//3575 2632//3575 2656//3575
f 2656//3576 2632//3576 2633//3576
f 2656//3577 2633//3577 2634//3577
f 2637//3578 1858//3578 2639//3578
f 2639//3579 1858//3579 2635//3579
f 2639//3580 2635//3580 2624//3580
f 2624//3581 2635//3581 2636//3581
f 2624//3582 2636//3582 1860//3582
f 1064//3583 2637//3583 2638//3583
f 2638//3584 2637//3584 2639//3584
f 2638//3585 2639//3585 1060//3585
f 1060//3586 2639//3586 2624//3586
f 1060//3587 2624//3587 1061//3587
f 1061//3588 2624//3588 2640//3588
f 1061//3589 2640//3589 3120//3589
f 2641//3590 2642//3590 1064//3590
f 1064//3591 2642//3591 2645//3591
f 1064//3592 2645//3592 2637//3592
f 2637//3593 2645//3593 2643//3593
f 2637//3594 2643//3594 1858//3594
f 2644//3595 2645//3595 1859//3595
f 1859//3596 2645//3596 2642//3596
f 1859//3597 2642//3597 1855//3597
f 1855//3598 2642//3598 2646//3598
f 1855//3599 2646//3599 1856//3599
f 1856//3600 2646//3600 2648//3600
f 1856//3601 2648//3601 2647//3601
f 2647//3602 2648//3602 2649//3602
f 2647//3603 2649//3603 2650//3603
f 2641//3604 1069//3604 2642//3604
f 2642//3605 1069//3605 1066//3605
f 2642//3606 1066//3606 2646//3606
f 2646//3607 1066//3607 1065//3607
f 2646//3608 1065//3608 2648//3608
f 2648//3609 1065//3609 2651//3609
f 2648//3610 2651//3610 2649//3610
f 2649//3611 2651//3611 1072//3611
f 2649//3612 1072//3612 2652//3612
f 2652//3613 1072//3613 1071//3613
f 2652//3614 1071//3614 2653//3614
f 2653//3615 1071//3615 3479//3615
f 2653//3616 3479//3616 2632//3616
f 2650//3617 2649//3617 1857//3617
f 1857//3618 2649//3618 2652//3618
f 1857//3619 2652//3619 1853//3619
f 1853//3620 2652//3620 2653//3620
f 1853//3621 2653//3621 2654//3621
f 2654//3622 2653//3622 2656//3622
f 2654//3623 2656//3623 2655//3623
f 2655//3624 2656//3624 2634//3624
f 2655//3625 2634//3625 2630//3625
f 2909//3626 2657//3626 1726//3626
f 2661//3627 2658//3627 2659//3627
f 2909//3628 1726//3628 2659//3628
f 2659//3629 1726//3629 2660//3629
f 2659//3630 2660//3630 2661//3630
f 2894//3631 2662//3631 2661//3631
f 2661//3632 2662//3632 2663//3632
f 2661//3633 2663//3633 2658//3633
f 2665//3634 2664//3634 1093//3634
f 1093//3635 2688//3635 2665//3635
f 2665//3636 2688//3636 2670//3636
f 2665//3637 2670//3637 2666//3637
f 2666//3638 2670//3638 3379//3638
f 3381//3639 3380//3639 2671//3639
f 1732//3640 2669//3640 1733//3640
f 1733//3641 2669//3641 3381//3641
f 1733//3642 3381//3642 2667//3642
f 2667//3643 3381//3643 2671//3643
f 3383//3644 2668//3644 1732//3644
f 1732//3645 2668//3645 3382//3645
f 1732//3646 3382//3646 2669//3646
f 2675//3647 2677//3647 2688//3647
f 2688//3648 2677//3648 2671//3648
f 2688//3649 2671//3649 2670//3649
f 2670//3650 2671//3650 3380//3650
f 2670//3651 3380//3651 3379//3651
f 2672//3652 1730//3652 2684//3652
f 2684//3653 1730//3653 2673//3653
f 2684//3654 2673//3654 2674//3654
f 2674//3655 2673//3655 1728//3655
f 2674//3656 1728//3656 2675//3656
f 2675//3657 1728//3657 2676//3657
f 2675//3658 2676//3658 2677//3658
f 2690//3659 2691//3659 2679//3659
f 2679//3660 2691//3660 2678//3660
f 2679//3661 2678//3661 2683//3661
f 2683//3662 2678//3662 2680//3662
f 2683//3663 2680//3663 2672//3663
f 2672//3664 2680//3664 1731//3664
f 2672//3665 1731//3665 1730//3665
f 1021//3666 2894//3666 2681//3666
f 2681//3667 2894//3667 2661//3667
f 2681//3668 2661//3668 1018//3668
f 1018//3669 2661//3669 2690//3669
f 1018//3670 2690//3670 1090//3670
f 1090//3671 2690//3671 2679//3671
f 1090//3672 2679//3672 2682//3672
f 2682//3673 2679//3673 2683//3673
f 2682//3674 2683//3674 1091//3674
f 1091//3675 2683//3675 2672//3675
f 1091//3676 2672//3676 1088//3676
f 1088//3677 2672//3677 2684//3677
f 1088//3678 2684//3678 2685//3678
f 2685//3679 2684//3679 2674//3679
f 2685//3680 2674//3680 2686//3680
f 2686//3681 2674//3681 2675//3681
f 2686//3682 2675//3682 2687//3682
f 2687//3683 2675//3683 2688//3683
f 2687//3684 2688//3684 2689//3684
f 2689//3685 2688//3685 1093//3685
f 2660//3686 1740//3686 2661//3686
f 2661//3687 1740//3687 1742//3687
f 2661//3688 1742//3688 2690//3688
f 2690//3689 1742//3689 1727//3689
f 2690//3690 1727//3690 2691//3690
f 937//3691 2692//3691 633//3691
f 633//3692 2692//3692 938//3692
f 633//3693 938//3693 935//3693
f 2697//3694 931//3694 2693//3694
f 2697//3695 2693//3695 1306//3695
f 1306//3696 2693//3696 2694//3696
f 1306//3697 2694//3697 2695//3697
f 2695//3698 2696//3698 1306//3698
f 1306//3699 2696//3699 932//3699
f 1306//3700 932//3700 633//3700
f 633//3701 932//3701 933//3701
f 633//3702 933//3702 937//3702
f 2698//3703 929//3703 2697//3703
f 2697//3704 929//3704 927//3704
f 2697//3705 927//3705 931//3705
f 2697//3706 1305//3706 2698//3706
f 2698//3707 1305//3707 2700//3707
f 2698//3707 2700//3707 2699//3707
f 2699//3708 2700//3708 1307//3708
f 2699//3708 1307//3708 2701//3708
f 2701//3709 1307//3709 1302//3709
f 2701//3709 1302//3709 2702//3709
f 914//3710 1303//3710 2703//3710
f 914//3710 2703//3710 2704//3710
f 2704//3711 2703//3711 2705//3711
f 2704//3711 2705//3711 910//3711
f 910//3706 2705//3706 2708//3706
f 910//3706 2708//3706 2706//3706
f 2709//3712 2707//3712 922//3712
f 2709//3713 922//3713 2708//3713
f 2708//3714 922//3714 921//3714
f 2708//3715 921//3715 2706//3715
f 2716//3716 919//3716 2713//3716
f 2713//3717 919//3717 925//3717
f 2713//3718 925//3718 2709//3718
f 2709//3719 925//3719 926//3719
f 2709//3720 926//3720 2707//3720
f 917//3721 2712//3721 2710//3721
f 2710//3722 2712//3722 1300//3722
f 917//3723 2711//3723 2712//3723
f 2712//3724 2711//3724 2714//3724
f 2712//3725 2714//3725 2713//3725
f 2713//3726 2714//3726 2715//3726
f 2713//3727 2715//3727 2716//3727
f 2720//3728 2214//3728 2718//3728
f 2717//3729 2719//3729 2718//3729
f 2718//3730 2719//3730 1117//3730
f 2718//3731 1117//3731 2720//3731
f 2720//3732 1117//3732 2721//3732
f 2720//3733 2721//3733 2215//3733
f 2764//3734 2722//3734 2723//3734
f 2723//3735 2722//3735 2727//3735
f 2723//3736 2727//3736 2766//3736
f 2766//3737 2727//3737 2724//3737
f 2766//3738 2724//3738 2767//3738
f 2767//3739 2724//3739 2725//3739
f 2767//3740 2725//3740 2212//3740
f 2214//3741 2725//3741 2718//3741
f 2718//3742 2725//3742 2724//3742
f 2718//3743 2724//3743 2717//3743
f 2717//3744 2724//3744 2727//3744
f 2717//3745 2727//3745 2726//3745
f 2726//3746 2727//3746 2722//3746
f 2173//3747 2728//3747 2756//3747
f 2754//3748 2729//3748 2752//3748
f 2752//3748 2729//3748 2764//3748
f 2888//3749 2889//3749 2746//3749
f 2730//3750 2888//3750 2759//3750
f 2845//3751 2730//3751 2732//3751
f 2769//3752 2845//3752 2731//3752
f 2845//3753 2732//3753 2731//3753
f 2731//3754 2732//3754 2733//3754
f 2731//3755 2733//3755 2734//3755
f 2734//3756 2733//3756 2760//3756
f 2734//3757 2760//3757 2736//3757
f 2736//3758 2760//3758 2762//3758
f 2736//3759 2762//3759 2744//3759
f 2769//3760 2731//3760 2741//3760
f 2741//3761 2731//3761 2734//3761
f 2741//3762 2734//3762 2735//3762
f 2735//3763 2734//3763 2736//3763
f 2735//3764 2736//3764 2737//3764
f 2737//3765 2736//3765 2744//3765
f 2737//3766 2744//3766 2739//3766
f 2743//3767 2175//3767 2739//3767
f 2739//3768 2175//3768 2738//3768
f 2739//3769 2738//3769 2737//3769
f 2737//3770 2738//3770 2174//3770
f 2737//3771 2174//3771 2735//3771
f 2735//3772 2174//3772 2740//3772
f 2735//3773 2740//3773 2741//3773
f 2741//3774 2740//3774 2742//3774
f 2741//3775 2742//3775 2769//3775
f 2728//3776 2743//3776 2756//3776
f 2756//3777 2743//3777 2739//3777
f 2756//3778 2739//3778 2757//3778
f 2757//3779 2739//3779 2744//3779
f 2757//3780 2744//3780 2745//3780
f 2745//3781 2744//3781 2762//3781
f 2888//3782 2746//3782 2759//3782
f 2759//3783 2746//3783 2747//3783
f 2759//3784 2747//3784 2748//3784
f 2748//3785 2747//3785 2750//3785
f 2748//3786 2750//3786 2749//3786
f 2749//3787 2750//3787 1686//3787
f 2749//3788 1686//3788 2761//3788
f 2761//3789 1686//3789 2751//3789
f 2761//3790 2751//3790 2763//3790
f 2763//3791 2751//3791 2753//3791
f 2763//3792 2753//3792 2752//3792
f 2752//3793 2753//3793 1105//3793
f 2752//3794 1105//3794 2754//3794
f 2768//3795 2173//3795 2755//3795
f 2755//3796 2173//3796 2756//3796
f 2755//3797 2756//3797 2765//3797
f 2765//3798 2756//3798 2757//3798
f 2765//3799 2757//3799 2758//3799
f 2758//3800 2757//3800 2745//3800
f 2730//3801 2759//3801 2732//3801
f 2732//3802 2759//3802 2748//3802
f 2732//3803 2748//3803 2733//3803
f 2733//3804 2748//3804 2749//3804
f 2733//3805 2749//3805 2760//3805
f 2760//3806 2749//3806 2761//3806
f 2760//3807 2761//3807 2762//3807
f 2762//3808 2761//3808 2763//3808
f 2762//3809 2763//3809 2745//3809
f 2745//3810 2763//3810 2752//3810
f 2745//3811 2752//3811 2758//3811
f 2758//3812 2752//3812 2764//3812
f 2758//3813 2764//3813 2765//3813
f 2765//3814 2764//3814 2723//3814
f 2765//3815 2723//3815 2755//3815
f 2755//3816 2723//3816 2766//3816
f 2755//3817 2766//3817 2767//3817
f 2767//3818 2212//3818 2755//3818
f 2755//3819 2212//3819 2172//3819
f 2755//3819 2172//3819 2768//3819
f 2769//3820 2742//3820 2771//3820
f 2769//3821 2771//3821 2770//3821
f 2771//3820 1750//3820 2770//3820
f 2770//3822 1750//3822 1751//3822
f 2770//3823 1751//3823 2772//3823
f 1751//3823 2773//3823 2772//3823
f 2772//3824 2773//3824 2774//3824
f 2772//3824 2774//3824 2775//3824
f 2774//3824 1754//3824 2775//3824
f 2775//3825 1754//3825 2776//3825
f 2775//3826 2776//3826 2826//3826
f 2776//3826 1756//3826 2826//3826
f 2826//3827 1756//3827 1718//3827
f 2826//3827 1718//3827 2823//3827
f 1718//3828 2777//3828 2823//3828
f 2823//3829 2777//3829 1760//3829
f 2823//3829 1760//3829 2822//3829
f 1760//3829 2778//3829 2822//3829
f 2822//3830 2778//3830 2779//3830
f 2822//3831 2779//3831 2781//3831
f 2779//3831 2780//3831 2781//3831
f 2781//3832 2780//3832 1717//3832
f 2781//3832 1717//3832 2782//3832
f 1717//3833 1772//3833 2782//3833
f 2782//3834 1772//3834 2784//3834
f 2782//3834 2784//3834 2783//3834
f 2784//3834 1716//3834 2783//3834
f 2783//3835 1716//3835 2785//3835
f 2783//3836 2785//3836 2818//3836
f 2785//3835 2786//3835 2818//3835
f 2818//3837 2786//3837 1780//3837
f 2818//3837 1780//3837 2816//3837
f 1780//3837 1786//3837 2816//3837
f 2816//3838 1786//3838 1714//3838
f 2816//3839 1714//3839 2813//3839
f 1714//3839 1713//3839 2813//3839
f 2813//3840 1713//3840 2787//3840
f 2813//3841 2787//3841 2812//3841
f 2787//3841 2788//3841 2812//3841
f 2812//3842 2788//3842 2789//3842
f 2812//3843 2789//3843 2790//3843
f 2789//3842 2791//3842 2790//3842
f 2790//3844 2791//3844 2792//3844
f 2790//3844 2792//3844 2810//3844
f 2796//3845 2798//3845 2793//3845
f 2792//3844 1709//3844 2810//3844
f 2810//3846 1709//3846 1798//3846
f 2810//3846 1798//3846 2793//3846
f 2793//3846 1798//3846 2794//3846
f 2793//3845 2794//3845 2796//3845
f 2803//3847 2795//3847 2799//3847
f 2796//3845 2797//3845 2798//3845
f 2798//3848 2797//3848 2800//3848
f 2798//3849 2800//3849 2799//3849
f 2799//3850 2800//3850 2801//3850
f 2799//3851 2801//3851 2803//3851
f 2657//3852 2802//3852 1810//3852
f 1810//3852 2802//3852 2805//3852
f 2803//3847 1805//3847 2795//3847
f 2795//3853 1805//3853 2804//3853
f 2795//3853 2804//3853 2805//3853
f 2805//3854 2804//3854 2806//3854
f 2805//3852 2806//3852 1810//3852
f 2802//3855 2911//3855 2805//3855
f 2805//3855 2911//3855 2807//3855
f 2805//3856 2807//3856 2795//3856
f 2795//3856 2807//3856 2831//3856
f 2795//3857 2831//3857 2799//3857
f 2799//3858 2831//3858 2808//3858
f 2799//3859 2808//3859 2798//3859
f 2798//3860 2808//3860 2832//3860
f 2798//3861 2832//3861 2793//3861
f 2793//3862 2832//3862 2809//3862
f 2793//3863 2809//3863 2810//3863
f 2810//3864 2809//3864 2811//3864
f 2810//3865 2811//3865 2790//3865
f 2790//3865 2811//3865 2834//3865
f 2790//3866 2834//3866 2812//3866
f 2812//3867 2834//3867 2814//3867
f 2812//3868 2814//3868 2813//3868
f 2813//3869 2814//3869 2815//3869
f 2813//3870 2815//3870 2816//3870
f 2816//3871 2815//3871 2817//3871
f 2816//3872 2817//3872 2818//3872
f 2818//3873 2817//3873 2819//3873
f 2818//3874 2819//3874 2783//3874
f 2783//3875 2819//3875 2820//3875
f 2783//3876 2820//3876 2782//3876
f 2782//3876 2820//3876 2821//3876
f 2782//3877 2821//3877 2781//3877
f 2781//3878 2821//3878 2840//3878
f 2781//3879 2840//3879 2822//3879
f 2822//3880 2840//3880 2824//3880
f 2822//3881 2824//3881 2823//3881
f 2823//3881 2824//3881 2825//3881
f 2823//3882 2825//3882 2826//3882
f 2826//3882 2825//3882 2827//3882
f 2826//3883 2827//3883 2775//3883
f 2775//3883 2827//3883 2842//3883
f 2775//3884 2842//3884 2772//3884
f 2772//3884 2842//3884 2828//3884
f 2772//3885 2828//3885 2770//3885
f 2770//3885 2828//3885 2844//3885
f 2770//3886 2844//3886 2769//3886
f 2769//3886 2844//3886 2845//3886
f 2911//3887 2913//3887 2807//3887
f 2807//3887 2913//3887 2829//3887
f 2807//3888 2829//3888 2831//3888
f 2831//3888 2829//3888 2830//3888
f 2831//3889 2830//3889 2808//3889
f 2808//3889 2830//3889 2833//3889
f 2808//3890 2833//3890 2832//3890
f 2832//3891 2833//3891 2849//3891
f 2832//3892 2849//3892 2809//3892
f 2809//3892 2849//3892 2851//3892
f 2809//3893 2851//3893 2811//3893
f 2811//3893 2851//3893 2835//3893
f 2811//3894 2835//3894 2834//3894
f 2834//3894 2835//3894 2836//3894
f 2834//3895 2836//3895 2814//3895
f 2814//3895 2836//3895 2837//3895
f 2814//3896 2837//3896 2815//3896
f 2815//3896 2837//3896 2838//3896
f 2815//3897 2838//3897 2817//3897
f 2817//3897 2838//3897 2854//3897
f 2817//3898 2854//3898 2819//3898
f 2819//3898 2854//3898 2839//3898
f 2819//3899 2839//3899 2820//3899
f 2820//3899 2839//3899 2856//3899
f 2820//3900 2856//3900 2821//3900
f 2821//3900 2856//3900 2858//3900
f 2821//3901 2858//3901 2840//3901
f 2840//3902 2858//3902 2859//3902
f 2840//3903 2859//3903 2824//3903
f 2824//3903 2859//3903 2860//3903
f 2824//3904 2860//3904 2825//3904
f 2825//3905 2860//3905 2841//3905
f 2825//3906 2841//3906 2827//3906
f 2827//3907 2841//3907 2862//3907
f 2827//3908 2862//3908 2842//3908
f 2842//3908 2862//3908 2843//3908
f 2842//3909 2843//3909 2828//3909
f 2828//3910 2843//3910 2863//3910
f 2828//3911 2863//3911 2844//3911
f 2844//3912 2863//3912 2864//3912
f 2844//3913 2864//3913 2845//3913
f 2845//3913 2864//3913 2730//3913
f 2913//3914 2846//3914 2829//3914
f 2829//3914 2846//3914 2847//3914
f 2829//3915 2847//3915 2830//3915
f 2830//3915 2847//3915 2848//3915
f 2830//3916 2848//3916 2833//3916
f 2833//3917 2848//3917 2866//3917
f 2833//3918 2866//3918 2849//3918
f 2849//3918 2866//3918 2850//3918
f 2849//3919 2850//3919 2851//3919
f 2851//3919 2850//3919 2869//3919
f 2851//3920 2869//3920 2835//3920
f 2835//3920 2869//3920 2852//3920
f 2835//3921 2852//3921 2836//3921
f 2836//3921 2852//3921 2871//3921
f 2836//3922 2871//3922 2837//3922
f 2837//3922 2871//3922 2873//3922
f 2837//3923 2873//3923 2838//3923
f 2838//3923 2873//3923 2853//3923
f 2838//3924 2853//3924 2854//3924
f 2854//3925 2853//3925 2855//3925
f 2854//3926 2855//3926 2839//3926
f 2839//3927 2855//3927 2875//3927
f 2839//3928 2875//3928 2856//3928
f 2856//3928 2875//3928 2876//3928
f 2856//3929 2876//3929 2858//3929
f 2858//3929 2876//3929 2857//3929
f 2858//3930 2857//3930 2859//3930
f 2859//3930 2857//3930 2878//3930
f 2859//3931 2878//3931 2860//3931
f 2860//3931 2878//3931 2861//3931
f 2860//3932 2861//3932 2841//3932
f 2841//3932 2861//3932 2879//3932
f 2841//3933 2879//3933 2862//3933
f 2862//3933 2879//3933 2882//3933
f 2862//3934 2882//3934 2843//3934
f 2843//3935 2882//3935 2883//3935
f 2843//3936 2883//3936 2863//3936
f 2863//3936 2883//3936 2885//3936
f 2863//3937 2885//3937 2864//3937
f 2864//3937 2885//3937 2887//3937
f 2864//3938 2887//3938 2730//3938
f 2730//3939 2887//3939 2888//3939
f 2846//3940 1690//3940 2847//3940
f 2847//3940 1690//3940 1691//3940
f 2847//3941 1691//3941 2848//3941
f 2848//3942 1691//3942 2865//3942
f 2848//3943 2865//3943 2866//3943
f 2866//3943 2865//3943 2867//3943
f 2866//3944 2867//3944 2850//3944
f 2850//3944 2867//3944 2868//3944
f 2850//3945 2868//3945 2869//3945
f 2869//3945 2868//3945 2870//3945
f 2869//3946 2870//3946 2852//3946
f 2852//3946 2870//3946 1705//3946
f 2852//3947 1705//3947 2871//3947
f 2871//3947 1705//3947 2872//3947
f 2871//3948 2872//3948 2873//3948
f 2873//3948 2872//3948 1703//3948
f 2873//3949 1703//3949 2853//3949
f 2853//3949 1703//3949 2874//3949
f 2853//3950 2874//3950 2855//3950
f 2855//3951 2874//3951 1696//3951
f 2855//3952 1696//3952 2875//3952
f 2875//3952 1696//3952 1695//3952
f 2875//3953 1695//3953 2876//3953
f 2876//3953 1695//3953 2877//3953
f 2876//3954 2877//3954 2857//3954
f 2857//3954 2877//3954 1685//3954
f 2857//3955 1685//3955 2878//3955
f 2878//3955 1685//3955 1708//3955
f 2878//3956 1708//3956 2861//3956
f 2861//3956 1708//3956 2880//3956
f 2861//3957 2880//3957 2879//3957
f 2879//3957 2880//3957 2881//3957
f 2879//3958 2881//3958 2882//3958
f 2882//3958 2881//3958 1707//3958
f 2882//3959 1707//3959 2883//3959
f 2883//3960 1707//3960 2884//3960
f 2883//3961 2884//3961 2885//3961
f 2885//3961 2884//3961 2886//3961
f 2885//3962 2886//3962 2887//3962
f 2887//3962 2886//3962 1689//3962
f 2887//3963 1689//3963 2888//3963
f 2888//3964 1689//3964 2889//3964
f 2894//3965 1021//3965 2895//3965
f 2895//3966 1021//3966 2890//3966
f 2895//3967 2890//3967 2891//3967
f 2891//3968 2890//3968 2892//3968
f 2891//3969 2892//3969 2893//3969
f 2893//3970 2892//3970 2914//3970
f 2893//3971 2914//3971 2897//3971
f 2897//3972 2914//3972 2915//3972
f 2897//3973 2915//3973 2898//3973
f 2898//3974 2915//3974 2916//3974
f 2662//3975 2894//3975 2902//3975
f 2902//3976 2894//3976 2895//3976
f 2902//3977 2895//3977 2896//3977
f 2896//3978 2895//3978 2891//3978
f 2896//3979 2891//3979 2901//3979
f 2901//3980 2891//3980 2893//3980
f 2901//3981 2893//3981 2900//3981
f 2900//3982 2893//3982 2897//3982
f 2900//3983 2897//3983 2899//3983
f 2899//3984 2897//3984 2898//3984
f 2899//3985 1693//3985 2900//3985
f 2900//3986 1693//3986 2908//3986
f 2900//3987 2908//3987 2901//3987
f 2901//3988 2908//3988 2906//3988
f 2901//3989 2906//3989 2896//3989
f 2896//3990 2906//3990 2904//3990
f 2896//3991 2904//3991 2902//3991
f 2902//3992 2904//3992 2903//3992
f 2902//3993 2903//3993 2662//3993
f 2659//3994 2658//3994 2903//3994
f 2903//3995 2658//3995 2663//3995
f 2903//3996 2663//3996 2662//3996
f 2909//3997 2659//3997 2910//3997
f 2910//3998 2659//3998 2903//3998
f 2910//3999 2903//3999 2912//3999
f 2912//4000 2903//4000 2904//4000
f 2912//4001 2904//4001 2905//4001
f 2905//4002 2904//4002 2906//4002
f 2905//4003 2906//4003 2907//4003
f 2907//4004 2906//4004 2908//4004
f 2907//4005 2908//4005 1692//4005
f 1692//4006 2908//4006 1693//4006
f 2657//4007 2909//4007 2802//4007
f 2802//4008 2909//4008 2910//4008
f 2802//4009 2910//4009 2911//4009
f 2911//4010 2910//4010 2912//4010
f 2911//4011 2912//4011 2913//4011
f 2913//4012 2912//4012 2905//4012
f 2913//4013 2905//4013 2846//4013
f 2846//4014 2905//4014 2907//4014
f 2846//4015 2907//4015 1690//4015
f 1690//4016 2907//4016 1692//4016
f 1021//4017 1020//4017 2917//4017
f 1021//4017 2917//4017 2890//4017
f 2890//4018 2917//4018 2918//4018
f 2890//4018 2918//4018 2892//4018
f 2892//4019 2918//4019 2919//4019
f 2892//4020 2919//4020 2914//4020
f 2914//4021 2919//4021 2960//4021
f 2914//4021 2960//4021 2915//4021
f 2915//4022 2960//4022 1949//4022
f 2915//4022 1949//4022 2916//4022
f 2918//4023 2917//4023 2933//4023
f 2919//4024 2918//4024 2937//4024
f 2960//4025 2919//4025 2961//4025
f 2920//4026 2925//4026 2921//4026
f 2921//4027 2925//4027 1952//4027
f 2921//4028 1952//4028 2963//4028
f 2963//4029 1952//4029 1951//4029
f 2963//4030 1951//4030 2922//4030
f 2922//4031 1951//4031 1950//4031
f 2922//4032 1950//4032 2923//4032
f 2923//4033 1950//4033 1949//4033
f 2923//4034 1949//4034 2960//4034
f 2936//4035 2924//4035 2920//4035
f 2920//4036 2924//4036 1953//4036
f 2920//4037 1953//4037 2925//4037
f 2926//4038 2943//4038 1015//4038
f 1015//4039 2943//4039 2927//4039
f 1015//4040 2927//4040 2928//4040
f 2928//4041 2927//4041 2941//4041
f 2928//4042 2941//4042 2929//4042
f 2929//4043 2941//4043 2931//4043
f 2929//4044 2931//4044 2930//4044
f 2930//4045 2931//4045 2932//4045
f 2930//4046 2932//4046 1017//4046
f 1017//4047 2932//4047 2933//4047
f 1017//4048 2933//4048 1019//4048
f 1019//4049 2933//4049 2917//4049
f 1019//4049 2917//4049 1020//4049
f 2953//4050 2934//4050 2926//4050
f 2926//4051 2934//4051 2935//4051
f 2926//4052 2935//4052 2943//4052
f 2920//4053 2965//4053 2936//4053
f 2936//4054 2965//4054 2967//4054
f 2936//4055 2967//4055 1955//4055
f 1955//4056 2967//4056 2973//4056
f 1955//4057 2973//4057 2972//4057
f 2918//4058 2933//4058 2937//4058
f 2937//4059 2933//4059 2932//4059
f 2937//4060 2932//4060 2938//4060
f 2938//4061 2932//4061 2931//4061
f 2938//4062 2931//4062 2939//4062
f 2939//4063 2931//4063 2941//4063
f 2939//4064 2941//4064 2940//4064
f 2940//4065 2941//4065 2927//4065
f 2940//4066 2927//4066 2942//4066
f 2942//4067 2927//4067 2943//4067
f 2942//4068 2943//4068 2944//4068
f 2944//4069 2943//4069 2935//4069
f 2944//4070 2935//4070 2945//4070
f 2945//4071 2935//4071 2934//4071
f 2945//4072 2934//4072 2952//4072
f 2952//4073 2934//4073 2946//4073
f 2952//4074 2946//4074 2947//4074
f 2947//4075 2946//4075 2948//4075
f 2947//4076 2948//4076 2956//4076
f 2919//4077 2937//4077 2961//4077
f 2961//4078 2937//4078 2938//4078
f 2961//4079 2938//4079 2949//4079
f 2949//4080 2938//4080 2939//4080
f 2949//4081 2939//4081 2962//4081
f 2962//4082 2939//4082 2940//4082
f 2962//4083 2940//4083 2964//4083
f 2964//4084 2940//4084 2942//4084
f 2964//4085 2942//4085 2950//4085
f 2950//4086 2942//4086 2944//4086
f 2950//4087 2944//4087 2951//4087
f 2951//4088 2944//4088 2945//4088
f 2951//4089 2945//4089 2966//4089
f 2966//4090 2945//4090 2952//4090
f 2966//4091 2952//4091 2968//4091
f 2968//4092 2952//4092 2947//4092
f 2968//4093 2947//4093 2969//4093
f 2969//4094 2947//4094 2956//4094
f 2969//4095 2956//4095 2959//4095
f 2953//4050 1024//4050 2934//4050
f 2934//4096 1024//4096 1025//4096
f 2934//4097 1025//4097 2946//4097
f 2946//4098 1025//4098 2954//4098
f 2946//4099 2954//4099 2948//4099
f 2948//4100 2954//4100 2955//4100
f 2955//4101 2977//4101 2948//4101
f 2948//4102 2977//4102 2957//4102
f 2948//4103 2957//4103 2956//4103
f 2956//4104 2957//4104 3023//4104
f 2956//4105 3023//4105 2959//4105
f 2959//4106 3023//4106 2958//4106
f 2959//4107 2958//4107 2971//4107
f 2960//4108 2961//4108 2923//4108
f 2923//4109 2961//4109 2949//4109
f 2923//4110 2949//4110 2922//4110
f 2922//4111 2949//4111 2962//4111
f 2922//4112 2962//4112 2963//4112
f 2963//4113 2962//4113 2964//4113
f 2963//4114 2964//4114 2921//4114
f 2921//4115 2964//4115 2950//4115
f 2921//4116 2950//4116 2920//4116
f 2920//4117 2950//4117 2951//4117
f 2920//4118 2951//4118 2965//4118
f 2965//4119 2951//4119 2966//4119
f 2965//4120 2966//4120 2967//4120
f 2967//4121 2966//4121 2968//4121
f 2967//4122 2968//4122 2973//4122
f 2973//4123 2968//4123 2969//4123
f 2973//4124 2969//4124 2975//4124
f 2975//4125 2969//4125 2959//4125
f 2975//4126 2959//4126 2970//4126
f 2970//4127 2959//4127 2971//4127
f 2970//4128 2971//4128 2979//4128
f 2972//4129 2973//4129 2974//4129
f 2974//4130 2973//4130 2975//4130
f 2974//4131 2975//4131 2976//4131
f 2976//4132 2975//4132 2970//4132
f 2976//4133 2970//4133 1948//4133
f 1948//4134 2970//4134 2979//4134
f 1948//4135 2979//4135 1256//4135
f 2955//4136 1039//4136 2977//4136
f 2977//4137 1039//4137 2981//4137
f 2977//4138 2981//4138 2957//4138
f 2979//4139 2971//4139 3022//4139
f 3022//4139 2971//4139 2958//4139
f 3022//4140 2958//4140 3023//4140
f 2978//4141 1256//4141 2979//4141
f 1039//4142 2980//4142 2981//4142
f 2981//4143 2980//4143 1036//4143
f 2981//4144 1036//4144 3021//4144
f 3021//4145 1036//4145 1035//4145
f 3021//4146 1035//4146 3020//4146
f 3020//4147 1035//4147 1034//4147
f 3020//4148 1034//4148 3017//4148
f 1034//4148 2982//4148 3017//4148
f 3017//4149 2982//4149 1030//4149
f 3017//4149 1030//4149 3016//4149
f 1030//4150 1029//4150 3016//4150
f 3016//4151 1029//4151 1028//4151
f 3016//4152 1028//4152 3015//4152
f 3015//4153 1028//4153 2983//4153
f 3015//4154 2983//4154 3013//4154
f 3013//4155 2983//4155 1026//4155
f 3013//4155 1026//4155 2985//4155
f 1026//4155 2984//4155 2985//4155
f 2985//4156 2984//4156 2986//4156
f 2985//4157 2986//4157 3009//4157
f 3009//4158 2986//4158 2988//4158
f 3009//4158 2988//4158 2987//4158
f 2987//4158 2988//4158 1041//4158
f 2987//4159 1041//4159 2990//4159
f 2990//4159 1041//4159 2989//4159
f 2989//4159 1044//4159 2990//4159
f 2990//4160 1044//4160 2992//4160
f 2990//4161 2992//4161 2991//4161
f 2991//4162 2992//4162 3006//4162
f 2992//4163 2993//4163 3006//4163
f 3006//4162 2993//4162 1047//4162
f 3006//4164 1047//4164 2996//4164
f 2994//4165 2995//4165 2996//4165
f 2996//4165 2995//4165 3004//4165
f 2996//4166 3004//4166 3006//4166
f 2994//4167 2997//4167 2995//4167
f 2995//4168 2997//4168 2998//4168
f 2995//4168 2998//4168 2999//4168
f 2999//4169 2998//4169 3003//4169
f 3003//4170 2998//4170 3000//4170
f 3003//4169 3000//4169 3001//4169
f 3001//4171 3002//4171 3044//4171
f 3001//4171 3044//4171 3003//4171
f 3003//4172 3044//4172 3047//4172
f 3003//4173 3047//4173 3046//4173
f 3046//4174 3025//4174 3003//4174
f 3003//4175 3025//4175 3037//4175
f 3003//4175 3037//4175 2999//4175
f 2999//4176 3037//4176 3036//4176
f 2999//4176 3036//4176 2995//4176
f 2995//4177 3036//4177 3005//4177
f 2995//4177 3005//4177 3004//4177
f 3004//4178 3005//4178 3007//4178
f 3004//4178 3007//4178 3006//4178
f 3006//4179 3007//4179 3008//4179
f 3006//4180 3008//4180 2991//4180
f 2991//4181 3008//4181 3032//4181
f 2991//4181 3032//4181 2990//4181
f 2990//4182 3032//4182 3030//4182
f 2990//4183 3030//4183 2987//4183
f 2987//4184 3030//4184 3029//4184
f 2987//4184 3029//4184 3009//4184
f 3009//4185 3029//4185 3010//4185
f 3009//4185 3010//4185 2985//4185
f 2985//4186 3010//4186 3011//4186
f 2985//4187 3011//4187 3013//4187
f 3013//4188 3011//4188 3012//4188
f 3013//4188 3012//4188 3015//4188
f 3015//4189 3012//4189 3014//4189
f 3015//4189 3014//4189 3016//4189
f 3016//4190 3014//4190 3018//4190
f 3016//4190 3018//4190 3017//4190
f 3017//4191 3018//4191 3019//4191
f 3017//4191 3019//4191 3020//4191
f 3020//4192 3019//4192 3026//4192
f 3020//4192 3026//4192 3021//4192
f 3021//4193 3026//4193 3022//4193
f 3021//4193 3022//4193 2981//4193
f 2981//4194 3022//4194 3023//4194
f 2981//4195 3023//4195 2957//4195
f 3046//4196 3045//4196 3025//4196
f 3025//4174 3045//4174 3024//4174
f 3025//4197 3024//4197 3049//4197
f 2979//4198 3022//4198 2978//4198
f 2978//4199 3022//4199 3026//4199
f 2978//4199 3026//4199 1268//4199
f 1268//4200 3026//4200 3019//4200
f 1268//4200 3019//4200 1269//4200
f 1269//4201 3019//4201 3018//4201
f 1269//4201 3018//4201 1271//4201
f 1271//4202 3018//4202 3014//4202
f 1271//4202 3014//4202 3027//4202
f 3027//4203 3014//4203 3012//4203
f 3027//4203 3012//4203 1266//4203
f 1266//4204 3012//4204 3011//4204
f 1266//4204 3011//4204 3028//4204
f 3028//4205 3011//4205 3010//4205
f 3028//4205 3010//4205 1267//4205
f 1267//4206 3010//4206 3029//4206
f 1267//4206 3029//4206 3031//4206
f 3031//4207 3029//4207 3030//4207
f 3031//4207 3030//4207 1259//4207
f 1259//4208 3030//4208 3032//4208
f 1259//4209 3032//4209 1261//4209
f 1261//4210 3032//4210 3008//4210
f 1261//4210 3008//4210 3033//4210
f 3033//4211 3008//4211 3007//4211
f 3033//4212 3007//4212 3034//4212
f 3034//4213 3007//4213 3005//4213
f 3034//4213 3005//4213 3035//4213
f 3035//4214 3005//4214 3036//4214
f 3035//4214 3036//4214 1264//4214
f 1264//4215 3036//4215 3037//4215
f 1264//4215 3037//4215 1265//4215
f 1265//4216 3037//4216 3025//4216
f 1265//4216 3025//4216 1262//4216
f 1262//4217 3025//4217 3049//4217
f 1262//4217 3049//4217 3038//4217
f 3039//4218 2001//4218 3075//4218
f 3040//4219 3041//4219 3058//4219
f 3042//4220 2004//4220 3059//4220
f 3051//4221 3063//4221 3054//4221
f 3056//4222 3044//4222 3043//4222
f 3043//4223 3044//4223 3002//4223
f 3050//4224 3045//4224 3055//4224
f 3055//4225 3045//4225 3046//4225
f 3055//4226 3046//4226 3056//4226
f 3056//4227 3046//4227 3047//4227
f 3056//4228 3047//4228 3044//4228
f 3048//4229 3038//4229 3052//4229
f 3052//4230 3038//4230 3049//4230
f 3052//4231 3049//4231 3050//4231
f 3050//4232 3049//4232 3024//4232
f 3050//4233 3024//4233 3045//4233
f 3051//4234 3054//4234 3057//4234
f 2004//4235 3048//4235 3059//4235
f 3059//4236 3048//4236 3052//4236
f 3059//4237 3052//4237 3053//4237
f 3053//4238 3052//4238 3050//4238
f 3053//4239 3050//4239 3061//4239
f 3061//4240 3050//4240 3055//4240
f 3061//4241 3055//4241 3054//4241
f 3054//4242 3055//4242 3056//4242
f 3054//4243 3056//4243 3057//4243
f 3057//4244 3056//4244 3043//4244
f 3041//4245 3042//4245 3058//4245
f 3058//4246 3042//4246 3059//4246
f 3058//4247 3059//4247 3060//4247
f 3060//4248 3059//4248 3053//4248
f 3060//4249 3053//4249 3067//4249
f 3067//4250 3053//4250 3061//4250
f 3067//4251 3061//4251 3062//4251
f 3062//4252 3061//4252 3054//4252
f 3062//4253 3054//4253 3070//4253
f 3070//4254 3054//4254 3063//4254
f 3064//4255 3040//4255 3065//4255
f 3065//4256 3040//4256 3058//4256
f 3065//4257 3058//4257 3073//4257
f 3073//4258 3058//4258 3060//4258
f 3073//4259 3060//4259 3066//4259
f 3066//4260 3060//4260 3067//4260
f 3066//4261 3067//4261 3068//4261
f 3068//4262 3067//4262 3062//4262
f 3068//4263 3062//4263 3069//4263
f 3069//4264 3062//4264 3070//4264
f 3071//4265 3064//4265 3072//4265
f 3072//4266 3064//4266 3065//4266
f 3072//4267 3065//4267 3076//4267
f 3076//4268 3065//4268 3073//4268
f 3076//4269 3073//4269 3077//4269
f 3077//4270 3073//4270 3066//4270
f 3077//4271 3066//4271 3074//4271
f 3074//4272 3066//4272 3068//4272
f 3074//4273 3068//4273 3078//4273
f 3078//4274 3068//4274 3069//4274
f 2001//4275 3071//4275 3075//4275
f 3075//4276 3071//4276 3072//4276
f 3075//4277 3072//4277 3081//4277
f 3081//4278 3072//4278 3076//4278
f 3081//4279 3076//4279 3084//4279
f 3084//4280 3076//4280 3077//4280
f 3084//4281 3077//4281 3085//4281
f 3085//4282 3077//4282 3074//4282
f 3085//4283 3074//4283 1055//4283
f 1055//4284 3074//4284 3078//4284
f 3087//4285 3039//4285 3079//4285
f 3079//4286 3039//4286 3075//4286
f 3079//4287 3075//4287 3080//4287
f 3080//4288 3075//4288 3081//4288
f 3080//4289 3081//4289 3082//4289
f 3082//4290 3081//4290 3084//4290
f 3082//4291 3084//4291 3083//4291
f 3083//4292 3084//4292 3085//4292
f 3083//4293 3085//4293 1054//4293
f 1054//4294 3085//4294 1055//4294
f 2000//4295 3087//4295 3086//4295
f 3086//4296 3087//4296 3079//4296
f 3086//4297 3079//4297 3090//4297
f 3090//4298 3079//4298 3080//4298
f 3090//4299 3080//4299 3092//4299
f 3092//4300 3080//4300 3082//4300
f 3092//4301 3082//4301 3093//4301
f 3093//4302 3082//4302 3083//4302
f 3093//4303 3083//4303 3094//4303
f 3094//4304 3083//4304 1054//4304
f 3095//4305 2000//4305 3088//4305
f 3088//4306 2000//4306 3086//4306
f 3088//4307 3086//4307 3096//4307
f 3096//4308 3086//4308 3090//4308
f 3096//4309 3090//4309 3089//4309
f 3089//4310 3090//4310 3092//4310
f 3089//4311 3092//4311 3091//4311
f 3091//4312 3092//4312 3093//4312
f 3091//4313 3093//4313 1052//4313
f 1052//4314 3093//4314 3094//4314
f 1999//4315 3095//4315 3098//4315
f 3098//4316 3095//4316 3088//4316
f 3098//4317 3088//4317 3100//4317
f 3100//4318 3088//4318 3096//4318
f 3100//4319 3096//4319 3102//4319
f 3102//4320 3096//4320 3089//4320
f 3102//4321 3089//4321 3103//4321
f 3103//4322 3089//4322 3091//4322
f 3103//4323 3091//4323 3097//4323
f 3097//4324 3091//4324 1052//4324
f 3106//4325 1999//4325 3098//4325
f 3106//4325 3098//4325 3099//4325
f 3099//4326 3098//4326 3100//4326
f 3099//4326 3100//4326 3101//4326
f 3101//4327 3100//4327 3102//4327
f 3101//4328 3102//4328 3107//4328
f 3107//4329 3102//4329 3103//4329
f 3107//4329 3103//4329 3104//4329
f 3104//4330 3103//4330 3097//4330
f 3104//4330 3097//4330 3105//4330
f 2627//4331 2621//4331 3129//4331
f 2625//4332 2628//4332 3122//4332
f 3108//4333 3106//4333 3110//4333
f 3110//4334 3106//4334 3099//4334
f 3110//4335 3099//4335 3112//4335
f 3112//4336 3099//4336 3101//4336
f 3112//4337 3101//4337 3113//4337
f 3113//4338 3101//4338 3107//4338
f 3113//4339 3107//4339 3119//4339
f 3119//4340 3107//4340 3104//4340
f 1670//4341 3108//4341 3109//4341
f 3109//4342 3108//4342 3110//4342
f 3109//4343 3110//4343 3111//4343
f 3111//4344 3110//4344 3112//4344
f 3111//4345 3112//4345 3114//4345
f 3114//4346 3112//4346 3113//4346
f 3114//4347 3113//4347 3118//4347
f 3118//4348 3113//4348 3119//4348
f 1671//4349 1670//4349 3115//4349
f 3115//4350 1670//4350 3109//4350
f 3115//4351 3109//4351 3116//4351
f 3116//4352 3109//4352 3111//4352
f 3116//4353 3111//4353 3117//4353
f 3117//4354 3111//4354 3114//4354
f 3117//4355 3114//4355 3123//4355
f 3123//4356 3114//4356 3118//4356
f 2623//4357 3123//4357 2622//4357
f 2622//4358 3123//4358 3118//4358
f 2622//4359 3118//4359 2640//4359
f 2640//4360 3118//4360 3119//4360
f 2640//4361 3119//4361 3120//4361
f 3120//4362 3119//4362 3104//4362
f 3120//4363 3104//4363 3105//4363
f 3124//4364 1671//4364 3126//4364
f 3126//4365 1671//4365 3115//4365
f 3126//4366 3115//4366 3121//4366
f 3121//4367 3115//4367 3116//4367
f 3121//4368 3116//4368 3128//4368
f 3128//4369 3116//4369 3117//4369
f 3128//4370 3117//4370 3122//4370
f 3122//4371 3117//4371 3123//4371
f 3122//4372 3123//4372 2625//4372
f 2625//4373 3123//4373 2623//4373
f 3137//4374 3124//4374 3125//4374
f 3125//4375 3124//4375 3126//4375
f 3125//4376 3126//4376 3251//4376
f 3251//4377 3126//4377 3121//4377
f 3251//4378 3121//4378 3127//4378
f 3127//4379 3121//4379 3128//4379
f 3127//4380 3128//4380 3129//4380
f 3129//4381 3128//4381 3122//4381
f 3129//4382 3122//4382 2627//4382
f 2627//4383 3122//4383 2628//4383
f 3130//4384 3224//4384 3227//4384
f 1898//4385 3218//4385 3131//4385
f 1894//4386 3212//4386 3217//4386
f 1849//4387 3207//4387 3211//4387
f 1901//4388 1906//4388 3132//4388
f 3203//4389 1848//4389 3133//4389
f 3197//4390 3190//4390 3196//4390
f 1847//4391 3134//4391 3189//4391
f 1930//4392 3173//4392 3176//4392
f 1845//4393 3167//4393 3172//4393
f 3168//4394 3163//4394 3166//4394
f 1844//4395 3135//4395 3159//4395
f 3136//4396 3253//4396 3160//4396
f 3144//4397 3143//4397 3145//4397
f 1672//4398 3137//4398 3125//4398
f 1673//4399 1672//4399 3243//4399
f 1666//4400 1673//4400 3244//4400
f 3139//4401 1666//4401 3234//4401
f 3138//4402 3139//4402 3229//4402
f 3140//4403 1681//4403 3141//4403
f 3142//4404 3140//4404 3156//4404
f 3147//4405 3143//4405 1676//4405
f 1676//4405 3143//4405 3144//4405
f 1676//4406 3144//4406 1675//4406
f 3149//4407 3145//4407 3151//4407
f 3151//4408 3145//4408 3143//4408
f 3151//4408 3143//4408 3146//4408
f 3146//4409 3143//4409 3147//4409
f 3146//4409 3147//4409 3153//4409
f 3148//4410 3149//4410 3150//4410
f 3150//4411 3149//4411 3151//4411
f 3150//4412 3151//4412 3152//4412
f 3152//4413 3151//4413 3146//4413
f 3152//4413 3146//4413 3154//4413
f 3154//4414 3146//4414 3153//4414
f 3154//4414 3153//4414 3138//4414
f 3183//4415 3175//4415 3155//4415
f 3142//4416 3156//4416 3265//4416
f 3265//4417 3156//4417 3162//4417
f 3265//4418 3162//4418 3157//4418
f 3157//4419 3162//4419 3158//4419
f 3157//4419 3158//4419 3254//4419
f 3254//4420 3158//4420 3159//4420
f 3254//4420 3159//4420 3160//4420
f 3160//4421 3159//4421 3135//4421
f 3160//4396 3135//4396 3136//4396
f 3140//4403 3141//4403 3156//4403
f 3156//4422 3141//4422 3161//4422
f 3156//4422 3161//4422 3162//4422
f 3162//4423 3161//4423 3165//4423
f 3162//4424 3165//4424 3158//4424
f 3158//4425 3165//4425 3166//4425
f 3158//4425 3166//4425 3159//4425
f 3159//4426 3166//4426 3163//4426
f 3159//4395 3163//4395 1844//4395
f 1681//4427 3164//4427 3141//4427
f 3141//4428 3164//4428 3169//4428
f 3141//4428 3169//4428 3161//4428
f 3161//4429 3169//4429 3171//4429
f 3161//4430 3171//4430 3165//4430
f 3165//4431 3171//4431 3172//4431
f 3165//4432 3172//4432 3166//4432
f 3166//4433 3172//4433 3167//4433
f 3166//4433 3167//4433 3168//4433
f 3164//4434 3174//4434 3169//4434
f 3169//4435 3174//4435 3170//4435
f 3169//4435 3170//4435 3171//4435
f 3171//4436 3170//4436 3176//4436
f 3171//4437 3176//4437 3172//4437
f 3172//4393 3176//4393 3173//4393
f 3172//4438 3173//4438 1845//4438
f 3174//4439 3155//4439 3170//4439
f 3170//4440 3155//4440 3175//4440
f 3170//4441 3175//4441 3176//4441
f 3176//4442 3175//4442 1931//4442
f 3176//4443 1931//4443 1930//4443
f 1918//4444 3180//4444 3177//4444
f 3177//4445 3180//4445 3183//4445
f 3177//4446 3183//4446 3178//4446
f 3178//4415 3183//4415 3155//4415
f 3178//4447 3155//4447 3184//4447
f 3184//4439 3155//4439 3174//4439
f 3184//4448 3174//4448 3179//4448
f 3179//4449 3174//4449 3164//4449
f 3179//4450 3164//4450 1680//4450
f 1680//4427 3164//4427 1681//4427
f 3180//4445 3181//4445 3183//4445
f 3183//4445 3181//4445 3182//4445
f 3183//4451 3182//4451 3175//4451
f 3175//4451 3182//4451 1925//4451
f 3175//4451 1925//4451 1931//4451
f 1680//4450 1667//4450 3179//4450
f 3179//4452 1667//4452 3187//4452
f 3179//4453 3187//4453 3184//4453
f 3184//4454 3187//4454 3185//4454
f 3184//4447 3185//4447 3178//4447
f 3178//4455 3185//4455 3186//4455
f 3178//4456 3186//4456 3177//4456
f 3177//4457 3186//4457 3189//4457
f 3177//4458 3189//4458 1918//4458
f 1918//4444 3189//4444 3134//4444
f 1667//4459 3191//4459 3187//4459
f 3187//4460 3191//4460 3188//4460
f 3187//4454 3188//4454 3185//4454
f 3185//4461 3188//4461 3192//4461
f 3185//4455 3192//4455 3186//4455
f 3186//4462 3192//4462 3194//4462
f 3186//4463 3194//4463 3189//4463
f 3189//4464 3194//4464 3196//4464
f 3189//4465 3196//4465 1847//4465
f 1847//4465 3196//4465 3190//4465
f 3191//4466 3198//4466 3188//4466
f 3188//4467 3198//4467 3200//4467
f 3188//4468 3200//4468 3192//4468
f 3192//4469 3200//4469 3193//4469
f 3192//4462 3193//4462 3194//4462
f 3194//4470 3193//4470 3195//4470
f 3194//4464 3195//4464 3196//4464
f 3196//4471 3195//4471 3133//4471
f 3196//4390 3133//4390 3197//4390
f 3197//4390 3133//4390 1848//4390
f 3198//4472 3199//4472 3200//4472
f 3200//4473 3199//4473 3201//4473
f 3200//4469 3201//4469 3193//4469
f 3193//4474 3201//4474 3202//4474
f 3193//4475 3202//4475 3195//4475
f 3195//4476 3202//4476 3206//4476
f 3195//4477 3206//4477 3133//4477
f 3133//4478 3206//4478 3132//4478
f 3133//4389 3132//4389 3203//4389
f 3203//4389 3132//4389 1906//4389
f 3199//4473 3204//4473 3201//4473
f 3201//4479 3204//4479 3205//4479
f 3201//4474 3205//4474 3202//4474
f 3202//4480 3205//4480 3209//4480
f 3202//4481 3209//4481 3206//4481
f 3206//4482 3209//4482 3210//4482
f 3206//4483 3210//4483 3132//4483
f 3132//4484 3210//4484 3211//4484
f 3132//4388 3211//4388 1901//4388
f 1901//4388 3211//4388 3207//4388
f 3204//4479 3208//4479 3205//4479
f 3205//4485 3208//4485 3213//4485
f 3205//4480 3213//4480 3209//4480
f 3209//4486 3213//4486 3214//4486
f 3209//4487 3214//4487 3210//4487
f 3210//4488 3214//4488 3216//4488
f 3210//4489 3216//4489 3211//4489
f 3211//4490 3216//4490 3217//4490
f 3211//4387 3217//4387 1849//4387
f 1849//4387 3217//4387 3212//4387
f 3208//4485 3219//4485 3213//4485
f 3213//4491 3219//4491 3221//4491
f 3213//4486 3221//4486 3214//4486
f 3214//4492 3221//4492 3215//4492
f 3214//4488 3215//4488 3216//4488
f 3216//4493 3215//4493 3223//4493
f 3216//4494 3223//4494 3217//4494
f 3217//4495 3223//4495 3131//4495
f 3217//4386 3131//4386 1894//4386
f 1894//4386 3131//4386 3218//4386
f 3219//4491 3220//4491 3221//4491
f 3221//4496 3220//4496 3222//4496
f 3221//4492 3222//4492 3215//4492
f 3215//4497 3222//4497 3225//4497
f 3215//4498 3225//4498 3223//4498
f 3223//4499 3225//4499 3226//4499
f 3223//4495 3226//4495 3131//4495
f 3131//4500 3226//4500 3227//4500
f 3131//4501 3227//4501 1898//4501
f 1898//4501 3227//4501 3224//4501
f 3220//4502 1675//4502 3222//4502
f 3222//4406 1675//4406 3144//4406
f 3222//4497 3144//4497 3225//4497
f 3225//4397 3144//4397 3145//4397
f 3225//4499 3145//4499 3226//4499
f 3226//4407 3145//4407 3149//4407
f 3226//4500 3149//4500 3227//4500
f 3227//4410 3149//4410 3148//4410
f 3227//4384 3148//4384 3130//4384
f 3130//4384 3148//4384 1890//4384
f 3236//4503 3228//4503 3231//4503
f 3138//4402 3229//4402 3154//4402
f 3154//4504 3229//4504 3230//4504
f 3154//4504 3230//4504 3152//4504
f 3152//4505 3230//4505 3235//4505
f 3152//4505 3235//4505 3150//4505
f 3150//4506 3235//4506 3236//4506
f 3150//4506 3236//4506 3148//4506
f 3148//4503 3236//4503 3231//4503
f 3148//4503 3231//4503 1890//4503
f 3237//4507 3232//4507 3233//4507
f 3139//4401 3234//4401 3229//4401
f 3229//4508 3234//4508 3239//4508
f 3229//4508 3239//4508 3230//4508
f 3230//4509 3239//4509 3241//4509
f 3230//4510 3241//4510 3235//4510
f 3235//4511 3241//4511 3237//4511
f 3235//4512 3237//4512 3236//4512
f 3236//4513 3237//4513 3233//4513
f 3236//4514 3233//4514 3228//4514
f 3242//4515 3249//4515 3238//4515
f 1666//4400 3244//4400 3234//4400
f 3234//4516 3244//4516 3245//4516
f 3234//4516 3245//4516 3239//4516
f 3239//4517 3245//4517 3240//4517
f 3239//4517 3240//4517 3241//4517
f 3241//4518 3240//4518 3242//4518
f 3241//4518 3242//4518 3237//4518
f 3237//4519 3242//4519 3238//4519
f 3237//4520 3238//4520 3232//4520
f 3247//4521 1880//4521 3248//4521
f 1673//4399 3243//4399 3244//4399
f 3244//4522 3243//4522 3246//4522
f 3244//4522 3246//4522 3245//4522
f 3245//4523 3246//4523 3252//4523
f 3245//4523 3252//4523 3240//4523
f 3240//4524 3252//4524 3247//4524
f 3240//4524 3247//4524 3242//4524
f 3242//4525 3247//4525 3248//4525
f 3242//4526 3248//4526 3249//4526
f 3129//4527 2621//4527 3250//4527
f 1672//4398 3125//4398 3243//4398
f 3243//4528 3125//4528 3251//4528
f 3243//4528 3251//4528 3246//4528
f 3246//4529 3251//4529 3127//4529
f 3246//4529 3127//4529 3252//4529
f 3252//4530 3127//4530 3129//4530
f 3252//4530 3129//4530 3247//4530
f 3247//4527 3129//4527 3250//4527
f 3247//4527 3250//4527 1880//4527
f 2167//4531 2166//4531 3300//4531
f 3272//4532 1109//4532 3271//4532
f 3292//4533 1111//4533 3289//4533
f 3289//4534 1111//4534 1110//4534
f 3160//4535 3253//4535 3255//4535
f 3254//4536 3160//4536 3256//4536
f 3157//4537 3254//4537 3259//4537
f 3265//4538 3157//4538 3266//4538
f 3160//4539 3255//4539 3256//4539
f 3256//4540 3255//4540 2162//4540
f 3256//4541 2162//4541 3260//4541
f 3260//4542 2162//4542 3257//4542
f 3260//4543 3257//4543 3261//4543
f 3261//4544 3257//4544 2126//4544
f 3261//4545 2126//4545 3262//4545
f 3262//4546 2126//4546 3258//4546
f 3262//4547 3258//4547 3263//4547
f 3263//4548 3258//4548 2158//4548
f 3263//4549 2158//4549 3264//4549
f 3254//4550 3256//4550 3259//4550
f 3259//4551 3256//4551 3260//4551
f 3259//4552 3260//4552 3283//4552
f 3283//4553 3260//4553 3261//4553
f 3283//4554 3261//4554 3284//4554
f 3284//4555 3261//4555 3262//4555
f 3284//4556 3262//4556 3285//4556
f 3285//4557 3262//4557 3263//4557
f 3285//4558 3263//4558 3287//4558
f 3287//4559 3263//4559 3264//4559
f 3287//4560 3264//4560 3288//4560
f 3265//4561 3266//4561 3267//4561
f 3267//4562 3266//4562 3268//4562
f 3267//4563 3268//4563 3279//4563
f 3279//4564 3268//4564 3269//4564
f 3279//4565 3269//4565 3278//4565
f 3278//4566 3269//4566 3286//4566
f 3278//4567 3286//4567 3276//4567
f 3276//4568 3286//4568 3270//4568
f 3276//4569 3270//4569 3275//4569
f 3275//4570 3270//4570 3289//4570
f 3275//4571 3289//4571 3272//4571
f 3272//4572 3289//4572 1110//4572
f 3272//4573 1110//4573 1109//4573
f 3271//4574 1665//4574 3272//4574
f 3272//4575 1665//4575 3273//4575
f 3272//4576 3273//4576 3275//4576
f 3275//4577 3273//4577 3274//4577
f 3275//4578 3274//4578 3276//4578
f 3276//4579 3274//4579 1674//4579
f 3276//4580 1674//4580 3278//4580
f 3278//4581 1674//4581 3277//4581
f 3278//4582 3277//4582 3279//4582
f 3279//4583 3277//4583 3280//4583
f 3279//4584 3280//4584 3267//4584
f 3267//4585 3280//4585 3142//4585
f 3267//4586 3142//4586 3265//4586
f 2158//4587 3281//4587 3264//4587
f 3264//4588 3281//4588 2129//4588
f 3264//4589 2129//4589 2167//4589
f 2167//4590 3300//4590 3264//4590
f 3264//4591 3300//4591 3293//4591
f 3264//4592 3293//4592 3288//4592
f 3288//4593 3293//4593 3282//4593
f 3288//4594 3282//4594 3295//4594
f 3157//4595 3259//4595 3266//4595
f 3266//4596 3259//4596 3283//4596
f 3266//4597 3283//4597 3268//4597
f 3268//4598 3283//4598 3284//4598
f 3268//4599 3284//4599 3269//4599
f 3269//4600 3284//4600 3285//4600
f 3269//4601 3285//4601 3286//4601
f 3286//4602 3285//4602 3287//4602
f 3286//4603 3287//4603 3270//4603
f 3270//4604 3287//4604 3288//4604
f 3270//4605 3288//4605 3289//4605
f 3289//4606 3288//4606 3295//4606
f 3289//4607 3295//4607 3292//4607
f 3290//4608 3296//4608 3291//4608
f 3295//4609 3296//4609 3292//4609
f 3292//4610 3296//4610 3290//4610
f 3292//4611 3290//4611 1111//4611
f 1114//4612 1113//4612 3297//4612
f 3297//4612 1113//4612 1108//4612
f 3282//4613 3293//4613 3294//4613
f 3294//4614 3293//4614 3300//4614
f 3295//4615 3282//4615 3296//4615
f 3296//4616 3282//4616 3294//4616
f 3296//4617 3294//4617 3291//4617
f 3291//4618 3294//4618 3297//4618
f 3291//4619 3297//4619 3298//4619
f 3298//4619 3297//4619 1108//4619
f 2168//4620 1114//4620 3299//4620
f 3299//4621 1114//4621 3297//4621
f 3299//4622 3297//4622 2169//4622
f 2169//4623 3297//4623 3294//4623
f 2169//4624 3294//4624 2170//4624
f 2170//4625 3294//4625 3300//4625
f 2170//4626 3300//4626 2166//4626
f 3314//4627 3301//4627 1668//4627
f 1682//4628 3302//4628 1668//4628
f 1668//4629 3302//4629 3359//4629
f 1668//4629 3359//4629 3314//4629
f 1683//4630 3303//4630 1682//4630
f 1682//4631 3303//4631 3304//4631
f 1682//4632 3304//4632 3302//4632
f 1664//4633 3306//4633 1683//4633
f 1683//4634 3306//4634 3361//4634
f 1683//4634 3361//4634 3303//4634
f 3308//4635 3305//4635 1664//4635
f 1664//4636 3305//4636 3363//4636
f 1664//4636 3363//4636 3306//4636
f 1678//4637 3307//4637 3308//4637
f 3308//4638 3307//4638 3366//4638
f 3308//4638 3366//4638 3305//4638
f 1669//4639 3369//4639 1678//4639
f 1678//4640 3369//4640 3368//4640
f 1678//4641 3368//4641 3307//4641
f 3310//4642 3351//4642 1669//4642
f 1669//4643 3351//4643 3350//4643
f 1669//4643 3350//4643 3369//4643
f 3311//4644 3309//4644 3310//4644
f 3310//4645 3309//4645 3352//4645
f 3310//4645 3352//4645 3351//4645
f 1677//4646 3355//4646 3311//4646
f 3311//4647 3355//4647 3354//4647
f 3311//4647 3354//4647 3309//4647
f 3312//4648 3316//4648 1677//4648
f 1677//4649 3316//4649 3313//4649
f 1677//4650 3313//4650 3355//4650
f 3314//4651 3358//4651 3301//4651
f 3301//4651 3358//4651 3315//4651
f 3301//4652 3315//4652 3312//4652
f 3312//4653 3315//4653 3357//4653
f 3312//4653 3357//4653 3316//4653
f 3318//4654 3317//4654 3333//4654
f 3318//4655 3319//4655 3317//4655
f 3317//4655 3319//4655 3347//4655
f 3317//4656 3347//4656 1698//4656
f 3347//4657 3320//4657 1698//4657
f 1698//4657 3320//4657 3321//4657
f 1698//4658 3321//4658 3322//4658
f 3321//4659 3323//4659 3322//4659
f 3322//4659 3323//4659 3324//4659
f 3322//4660 3324//4660 1700//4660
f 3324//4661 3346//4661 1700//4661
f 1700//4662 3346//4662 3344//4662
f 1700//4663 3344//4663 3325//4663
f 3344//4664 3343//4664 3325//4664
f 3325//4664 3343//4664 3342//4664
f 3325//4665 3342//4665 3326//4665
f 3342//4666 3341//4666 3326//4666
f 3326//4666 3341//4666 3340//4666
f 3326//4667 3340//4667 1694//4667
f 3340//4668 3339//4668 1694//4668
f 1694//4668 3339//4668 3327//4668
f 1694//4669 3327//4669 1688//4669
f 3327//4670 3328//4670 1688//4670
f 1688//4671 3328//4671 3338//4671
f 1688//4672 3338//4672 1706//4672
f 3338//4673 3329//4673 1706//4673
f 1706//4673 3329//4673 3336//4673
f 1706//4674 3336//4674 1704//4674
f 3336//4675 3330//4675 1704//4675
f 1704//4675 3330//4675 3331//4675
f 1704//4676 3331//4676 1697//4676
f 3331//4677 3332//4677 1697//4677
f 1697//4677 3332//4677 3334//4677
f 1697//4678 3334//4678 3333//4678
f 3333//4679 3334//4679 3349//4679
f 3333//4680 3349//4680 3318//4680
f 879//4681 3335//4681 3332//4681
f 3332//4681 3331//4681 879//4681
f 879//4682 3331//4682 3330//4682
f 879//4682 3330//4682 3337//4682
f 3330//4682 3336//4682 3337//4682
f 3337//4683 3336//4683 3329//4683
f 3337//4683 3329//4683 880//4683
f 880//4683 3329//4683 3338//4683
f 880//4684 3338//4684 886//4684
f 886//4684 3338//4684 3328//4684
f 886//4685 3328//4685 907//4685
f 3328//4685 3327//4685 907//4685
f 907//4686 3327//4686 3339//4686
f 907//4686 3339//4686 905//4686
f 3339//4686 3340//4686 905//4686
f 905//4687 3340//4687 3341//4687
f 905//4687 3341//4687 888//4687
f 3341//4687 3342//4687 888//4687
f 888//4688 3342//4688 3343//4688
f 888//4688 3343//4688 889//4688
f 889//4688 3343//4688 3344//4688
f 889//4689 3344//4689 3345//4689
f 3345//4689 3344//4689 3346//4689
f 3345//4690 3346//4690 901//4690
f 3346//4690 3324//4690 901//4690
f 901//4691 3324//4691 3323//4691
f 901//4691 3323//4691 895//4691
f 3323//4691 3321//4691 895//4691
f 895//4692 3321//4692 3320//4692
f 895//4692 3320//4692 876//4692
f 3320//4692 3347//4692 876//4692
f 876//4693 3347//4693 3319//4693
f 876//4693 3319//4693 878//4693
f 878//4693 3319//4693 3318//4693
f 878//4694 3318//4694 3348//4694
f 3348//4694 3318//4694 3349//4694
f 3348//4695 3349//4695 3335//4695
f 3335//4695 3349//4695 3334//4695
f 3335//4681 3334//4681 3332//4681
f 1842//4696 1843//4696 3350//4696
f 3350//4696 3351//4696 1842//4696
f 1842//4697 3351//4697 3352//4697
f 1842//4697 3352//4697 3353//4697
f 3352//4697 3309//4697 3353//4697
f 3353//4698 3309//4698 3354//4698
f 3353//4698 3354//4698 1819//4698
f 1819//4698 3354//4698 3355//4698
f 1819//4699 3355//4699 1831//4699
f 1831//4699 3355//4699 3313//4699
f 1831//4700 3313//4700 3356//4700
f 3313//4700 3316//4700 3356//4700
f 3356//4701 3316//4701 3357//4701
f 3356//4701 3357//4701 1832//4701
f 3357//4701 3315//4701 1832//4701
f 1832//4702 3315//4702 3358//4702
f 1832//4702 3358//4702 1834//4702
f 3358//4702 3314//4702 1834//4702
f 1834//4703 3314//4703 3359//4703
f 1834//4703 3359//4703 1825//4703
f 1825//4703 3359//4703 3302//4703
f 1825//4704 3302//4704 1838//4704
f 1838//4704 3302//4704 3304//4704
f 1838//4705 3304//4705 3360//4705
f 3304//4705 3303//4705 3360//4705
f 3360//4706 3303//4706 3361//4706
f 3360//4706 3361//4706 3362//4706
f 3361//4706 3306//4706 3362//4706
f 3362//4707 3306//4707 3363//4707
f 3362//4707 3363//4707 3364//4707
f 3363//4707 3305//4707 3364//4707
f 3364//4708 3305//4708 3366//4708
f 3364//4708 3366//4708 3365//4708
f 3365//4708 3366//4708 3307//4708
f 3365//4709 3307//4709 3367//4709
f 3367//4709 3307//4709 3368//4709
f 3367//4710 3368//4710 1843//4710
f 1843//4710 3368//4710 3369//4710
f 1843//4696 3369//4696 3350//4696
f 3370//4711 3536//4711 3538//4711
f 3383//4712 3532//4712 3371//4712
f 3371//4712 3532//4712 3372//4712
f 3371//4713 3372//4713 3373//4713
f 3373//4714 3372//4714 3374//4714
f 3373//4715 3374//4715 3375//4715
f 3375//4716 3376//4716 3373//4716
f 3373//4717 3376//4717 3377//4717
f 3373//4718 3377//4718 3370//4718
f 3370//4719 3377//4719 3378//4719
f 3370//4720 3378//4720 3536//4720
f 2664//4721 2665//4721 3391//4721
f 3391//4722 2665//4722 3370//4722
f 3391//4723 3370//4723 3396//4723
f 3396//4724 3370//4724 3538//4724
f 2665//4725 2666//4725 3370//4725
f 3370//4726 2666//4726 3379//4726
f 3370//4727 3379//4727 3373//4727
f 3373//4728 3379//4728 3380//4728
f 3373//4729 3380//4729 3381//4729
f 3381//4729 2669//4729 3373//4729
f 3373//4729 2669//4729 3382//4729
f 3373//4730 3382//4730 3371//4730
f 3371//4731 3382//4731 2668//4731
f 3371//4732 2668//4732 3383//4732
f 3387//4733 3384//4733 3399//4733
f 3407//4734 3386//4734 3544//4734
f 3544//4735 3386//4735 3385//4735
f 3411//4736 3409//4736 3386//4736
f 3386//4737 3409//4737 3546//4737
f 3386//4735 3546//4735 3385//4735
f 3384//4738 3387//4738 3406//4738
f 3406//4739 3387//4739 3541//4739
f 3406//4740 3541//4740 3539//4740
f 3388//4741 3389//4741 3399//4741
f 3399//4742 3389//4742 3390//4742
f 3399//4743 3390//4743 3387//4743
f 3404//4744 3391//4744 3396//4744
f 3399//4745 3401//4745 3388//4745
f 3388//4746 3401//4746 3402//4746
f 3388//4747 3402//4747 3392//4747
f 3392//4748 3402//4748 3393//4748
f 3392//4749 3393//4749 3394//4749
f 3394//4750 3393//4750 3404//4750
f 3394//4751 3404//4751 3395//4751
f 3395//4752 3404//4752 3396//4752
f 3395//4753 3396//4753 3538//4753
f 3406//4754 3397//4754 3384//4754
f 3384//4755 3397//4755 3398//4755
f 3384//4756 3398//4756 3399//4756
f 3399//4757 3398//4757 3400//4757
f 3399//4758 3400//4758 3401//4758
f 3401//4759 3400//4759 1082//4759
f 3401//4760 1082//4760 3402//4760
f 3402//4761 1082//4761 3403//4761
f 3402//4762 3403//4762 3393//4762
f 3393//4763 3403//4763 1092//4763
f 3393//4764 1092//4764 3404//4764
f 3404//4765 1092//4765 2664//4765
f 3404//4744 2664//4744 3391//4744
f 3410//4766 3405//4766 3406//4766
f 3406//4766 3405//4766 1084//4766
f 3406//4767 1084//4767 3397//4767
f 3544//4768 3543//4768 3407//4768
f 3407//4769 3543//4769 3408//4769
f 3407//4770 3408//4770 3437//4770
f 3539//4771 3409//4771 3406//4771
f 3406//4772 3409//4772 3411//4772
f 3406//4773 3411//4773 3410//4773
f 3410//4774 3411//4774 3386//4774
f 3410//4775 3386//4775 3412//4775
f 3412//4776 3386//4776 3407//4776
f 3412//4777 3407//4777 3413//4777
f 3413//4778 3407//4778 3437//4778
f 3413//4779 3437//4779 3414//4779
f 3587//4780 3415//4780 3422//4780
f 3586//4781 3423//4781 3585//4781
f 3585//4782 3423//4782 3416//4782
f 3585//4783 3416//4783 3582//4783
f 3582//4783 3416//4783 3571//4783
f 3571//4784 3416//4784 3429//4784
f 3571//4785 3429//4785 3417//4785
f 3572//4786 3430//4786 3573//4786
f 3573//4787 3430//4787 3431//4787
f 3573//4788 3431//4788 3574//4788
f 3574//4788 3431//4788 3418//4788
f 3418//4789 3431//4789 3433//4789
f 3418//4790 3433//4790 3419//4790
f 2178//4791 3420//4791 3422//4791
f 3422//4792 3420//4792 2177//4792
f 3415//4780 2178//4780 3422//4780
f 3421//4793 3416//4793 2177//4793
f 2177//4794 3416//4794 3423//4794
f 2177//4795 3423//4795 3422//4795
f 3422//4796 3423//4796 3586//4796
f 3422//4797 3586//4797 3587//4797
f 3424//4798 3429//4798 3425//4798
f 3425//4799 3429//4799 3416//4799
f 3425//4800 3416//4800 3426//4800
f 3426//4801 3416//4801 3421//4801
f 3428//4802 3427//4802 3430//4802
f 3424//4803 3428//4803 3429//4803
f 3429//4804 3428//4804 3430//4804
f 3429//4805 3430//4805 3417//4805
f 3417//4806 3430//4806 3572//4806
f 3427//4807 2180//4807 3430//4807
f 3430//4808 2180//4808 2179//4808
f 3430//4809 2179//4809 3431//4809
f 3431//4810 2179//4810 3432//4810
f 3431//4811 3432//4811 3433//4811
f 3408//4812 3543//4812 3556//4812
f 3438//4813 3439//4813 3553//4813
f 3553//4813 3439//4813 3434//4813
f 3553//4814 3434//4814 3554//4814
f 3554//4814 3434//4814 3435//4814
f 3554//4815 3435//4815 3556//4815
f 3556//4815 3435//4815 3436//4815
f 3556//4816 3436//4816 3408//4816
f 3408//4817 3436//4817 3437//4817
f 3438//4818 3560//4818 3439//4818
f 3439//4819 3560//4819 3444//4819
f 3439//4820 3444//4820 3451//4820
f 3451//4821 2060//4821 3439//4821
f 3439//4822 2060//4822 1120//4822
f 3439//4823 1120//4823 3434//4823
f 3434//4823 1120//4823 3440//4823
f 3434//4824 3440//4824 3435//4824
f 3435//4824 3440//4824 3441//4824
f 3435//4825 3441//4825 3436//4825
f 3436//4825 3441//4825 1119//4825
f 3436//4826 1119//4826 3437//4826
f 3437//4827 1119//4827 3414//4827
f 3419//4828 3433//4828 3442//4828
f 3442//4829 3433//4829 3445//4829
f 3448//4830 3443//4830 3446//4830
f 3446//4831 3443//4831 3566//4831
f 3446//4832 3566//4832 3445//4832
f 3445//4833 3566//4833 3568//4833
f 3445//4834 3568//4834 3442//4834
f 3452//4835 3562//4835 3563//4835
f 3560//4836 3562//4836 3444//4836
f 3444//4837 3562//4837 3452//4837
f 3444//4838 3452//4838 3451//4839
f 3433//4840 3432//4840 2054//4840
f 3433//4841 2054//4841 3445//4841
f 3445//4842 2054//4842 3447//4842
f 3445//4843 3447//4843 3446//4843
f 3446//4844 3447//4844 2058//4844
f 3446//4845 2058//4845 3448//4845
f 3448//4846 2058//4846 3449//4846
f 3448//4847 3449//4847 3450//4847
f 2060//4848 3451//4848 3450//4848
f 3450//4849 3451//4849 3452//4849
f 3450//4850 3452//4850 3448//4850
f 3448//4851 3452//4851 3563//4851
f 3448//4852 3563//4852 3443//4852
f 3588//4853 3453//4853 3460//4853
f 3454//4854 3455//4854 3594//4854
f 3594//4855 3455//4855 3596//4855
f 3461//4856 3460//4856 3590//4856
f 3590//4857 3460//4857 3455//4857
f 3590//4858 3455//4858 3592//4858
f 3592//4859 3455//4859 3454//4859
f 3596//4860 3455//4860 3598//4860
f 3598//4861 3455//4861 3457//4861
f 3598//4862 3457//4862 3456//4862
f 3465//4863 3456//4863 3458//4863
f 3458//4864 3456//4864 3457//4864
f 3458//4865 3457//4865 3480//4865
f 3480//4866 3457//4866 2632//4866
f 3480//4867 2632//4867 3479//4867
f 3459//4868 2630//4868 3455//4868
f 3455//4869 2630//4869 2634//4869
f 3455//4870 2634//4870 3457//4870
f 3457//4871 2634//4871 2633//4871
f 3457//4872 2633//4872 2632//4872
f 3460//4873 3453//4873 3455//4873
f 3455//4868 3453//4868 2631//4868
f 3455//4868 2631//4868 3459//4868
f 3461//4874 3588//4874 3460//4874
f 3458//4875 3480//4875 3462//4875
f 3484//4876 3601//4876 3463//4876
f 3463//4877 3601//4877 3464//4877
f 3463//4878 3464//4878 3482//4878
f 3482//4879 3464//4879 3599//4879
f 3482//4880 3599//4880 3462//4880
f 3462//4881 3599//4881 3465//4881
f 3462//4882 3465//4882 3458//4882
f 3474//4883 3475//4883 3466//4883
f 3466//4884 3475//4884 3467//4884
f 3466//4885 3467//4885 3486//4885
f 3486//4886 3467//4886 3469//4886
f 3486//4887 3469//4887 3468//4887
f 3468//4888 3469//4888 3470//4888
f 3468//4889 3470//4889 3484//4889
f 3484//4890 3470//4890 3471//4890
f 3484//4891 3471//4891 3601//4891
f 3489//4892 3472//4892 3474//4892
f 3474//4893 3472//4893 3473//4893
f 3474//4893 3473//4893 3475//4893
f 3488//4894 3477//4894 3490//4894
f 3476//4895 3477//4895 3478//4895
f 3478//4896 3477//4896 3488//4896
f 3478//4897 3488//4897 3498//4897
f 3480//4898 3479//4898 3481//4898
f 3480//4899 3481//4899 3462//4899
f 3462//4900 3481//4900 1067//4900
f 3462//4901 1067//4901 3482//4901
f 3482//4902 1067//4902 1068//4902
f 3482//4903 1068//4903 3463//4903
f 3463//4904 1068//4904 3483//4904
f 3463//4905 3483//4905 3484//4905
f 3484//4906 3483//4906 1070//4906
f 3484//4907 1070//4907 3468//4907
f 1070//4908 3485//4908 3468//4908
f 3468//4909 3485//4909 1076//4909
f 3468//4910 1076//4910 3486//4910
f 3486//4911 1076//4911 3487//4911
f 3486//4912 3487//4912 3466//4912
f 3466//4913 3487//4913 1073//4913
f 3466//4914 1073//4914 3474//4914
f 3474//4915 1073//4915 1080//4915
f 3474//4916 1080//4916 3489//4916
f 3489//4917 1080//4917 1078//4917
f 3489//4918 1078//4918 1077//4918
f 1133//4919 3498//4919 1077//4919
f 1077//4920 3498//4920 3488//4920
f 1077//4921 3488//4921 3489//4921
f 3489//4922 3488//4922 3490//4922
f 3489//4923 3490//4923 3472//4923
f 3526//4924 3491//4924 3492//4924
f 3526//4925 3492//4925 3527//4925
f 3615//4926 3493//4926 3494//4926
f 3494//4926 3493//4926 3499//4926
f 3494//4927 3499//4927 3495//4927
f 3495//4927 3499//4927 3496//4927
f 3495//4928 3496//4928 3492//4928
f 3492//4928 3496//4928 3497//4928
f 3492//4929 3497//4929 3527//4929
f 3615//4930 3476//4930 3493//4930
f 3493//4931 3476//4931 3478//4931
f 3493//4932 3478//4932 3498//4932
f 3498//4933 1133//4933 3493//4933
f 3493//4934 1133//4934 1134//4934
f 3493//4935 1134//4935 3499//4935
f 3499//4935 1134//4935 3500//4935
f 3499//4936 3500//4936 3496//4936
f 3496//4936 3500//4936 1135//4936
f 3496//4937 1135//4937 3497//4937
f 3497//4937 1135//4937 1131//4937
f 3497//4938 1131//4938 3527//4938
f 3527//4939 1131//4939 1132//4939
f 3618//4940 3634//4940 3503//4940
f 3503//4941 3634//4941 3501//4941
f 3506//4942 3619//4942 3503//4942
f 3503//4943 3619//4943 3502//4943
f 3503//4944 3502//4944 3618//4944
f 3621//4945 3504//4945 3505//4945
f 3505//4946 3504//4946 3507//4946
f 3505//4947 3507//4947 3506//4947
f 3506//4948 3507//4948 3508//4948
f 3506//4949 3508//4949 3619//4949
f 3517//4950 3516//4950 3509//4950
f 3509//4951 3516//4951 3512//4951
f 3509//4952 3512//4952 3643//4952
f 3643//4953 3512//4953 3645//4953
f 1866//4954 3510//4954 3511//4954
f 3511//4954 3510//4954 3645//4954
f 3645//4955 3512//4955 3511//4955
f 3511//4956 3512//4956 3514//4956
f 3511//4957 3514//4957 1866//4957
f 3515//4958 2135//4958 3516//4958
f 3516//4959 2135//4959 2134//4959
f 3516//4960 2134//4960 3512//4960
f 3512//4961 2134//4961 3513//4961
f 3512//4962 3513//4962 3514//4962
f 2137//4963 3515//4963 3505//4963
f 3505//4964 3515//4964 3516//4964
f 3505//4965 3516//4965 3621//4965
f 3621//4966 3516//4966 3517//4966
f 2137//4967 3505//4967 2130//4967
f 2130//4968 3505//4968 3506//4968
f 2130//4969 3506//4969 2131//4969
f 2131//4970 3506//4970 3518//4970
f 3518//4971 3506//4971 3503//4971
f 3518//4972 3503//4972 2132//4972
f 2132//4973 3503//4973 3501//4973
f 2132//4974 3501//4974 3519//4974
f 3519//4975 3501//4975 3522//4975
f 3527//4976 1132//4976 3528//4976
f 3524//4977 3520//4977 3521//4977
f 3521//4978 3520//4978 3629//4978
f 3521//4979 3629//4979 3530//4979
f 3633//4980 3632//4980 3522//4980
f 3522//4981 3632//4981 3523//4981
f 3522//4982 3523//4982 3531//4982
f 3531//4983 3523//4983 3631//4983
f 3531//4984 3631//4984 3524//4984
f 3524//4985 3631//4985 3627//4985
f 3524//4985 3627//4985 3520//4985
f 3501//4986 3634//4986 3522//4986
f 3522//4987 3634//4987 3525//4987
f 3522//4988 3525//4988 3633//4988
f 3629//4989 3491//4989 3530//4989
f 3530//4990 3491//4990 3526//4990
f 3530//4991 3526//4991 3527//4991
f 3527//4992 3528//4992 3530//4992
f 3530//4993 3528//4993 3529//4993
f 3530//4994 3529//4994 3521//4994
f 3521//4995 3529//4995 2119//4995
f 3521//4996 2119//4996 3524//4996
f 3524//4997 2119//4997 2118//4997
f 3524//4998 2118//4998 3531//4998
f 3531//4999 2118//4999 2117//4999
f 3531//5000 2117//5000 3522//5000
f 3522//5001 2117//5001 2112//5001
f 3522//5002 2112//5002 3519//5002
f 3532//5003 3383//5003 3533//5003
f 3532//5004 3533//5004 3372//5004
f 3372//5005 3533//5005 3534//5005
f 3372//5006 3534//5006 3374//5006
f 3374//5007 3534//5007 898//5007
f 3374//5008 898//5008 3375//5008
f 3375//5009 898//5009 3535//5009
f 3375//5010 3535//5010 3376//5010
f 3376//5011 3535//5011 3377//5011
f 3377//5012 3535//5012 897//5012
f 3377//5013 897//5013 3378//5013
f 3537//5014 3538//5014 3536//5014
f 3378//5015 897//5015 3536//5015
f 3536//5016 897//5016 908//5016
f 3536//5017 908//5017 3537//5017
f 3390//5018 3389//5018 3542//5018
f 3542//5019 3389//5019 3388//5019
f 3388//5020 3392//5020 3542//5020
f 3542//5021 3392//5021 3394//5021
f 3542//5022 3394//5022 3537//5022
f 3537//5023 3394//5023 3395//5023
f 3537//5024 3395//5024 3538//5024
f 3390//5025 3542//5025 3387//5025
f 3387//5026 3542//5026 3540//5026
f 3387//5027 3540//5027 3541//5027
f 3545//5028 3409//5028 3540//5028
f 3540//5029 3409//5029 3539//5029
f 3540//5030 3539//5030 3541//5030
f 899//5031 3545//5031 903//5031
f 903//5032 3545//5032 3540//5032
f 903//5033 3540//5033 904//5033
f 904//5034 3540//5034 3542//5034
f 904//5035 3542//5035 906//5035
f 906//5036 3542//5036 3537//5036
f 906//5037 3537//5037 908//5037
f 899//5038 3555//5038 3545//5038
f 3545//5039 3555//5039 3543//5039
f 3545//5040 3543//5040 3544//5040
f 3544//5040 3385//5040 3545//5040
f 3545//5040 3385//5040 3546//5040
f 3545//5041 3546//5041 3409//5041
f 900//5042 3561//5042 3547//5042
f 3547//4822 3561//4822 3551//4822
f 3547//4823 3551//4823 902//4823
f 902//4823 3551//4823 3552//4823
f 902//4824 3552//4824 890//4824
f 890//4824 3552//4824 3548//4824
f 890//4825 3548//4825 3549//4825
f 3549//4825 3548//4825 3550//4825
f 3549//5043 3550//5043 899//5043
f 899//5043 3550//5043 3555//5043
f 3561//4818 3560//4818 3551//4818
f 3551//4818 3560//4818 3438//4818
f 3551//4813 3438//4813 3552//4813
f 3552//4813 3438//4813 3553//4813
f 3552//4814 3553//4814 3548//4814
f 3548//4814 3553//4814 3554//4814
f 3548//4815 3554//4815 3550//4815
f 3550//4815 3554//4815 3556//4815
f 3550//5044 3556//5044 3555//5044
f 3555//5044 3556//5044 3543//5044
f 892//5045 891//5045 3579//5045
f 3575//5046 3558//5046 3557//5046
f 3557//5046 3558//5046 3569//5046
f 3561//5047 900//5047 3559//5047
f 3560//5048 3561//5048 3562//5048
f 3562//5049 3561//5049 3564//5049
f 3562//5050 3564//5050 3563//5050
f 3563//5051 3564//5051 3443//5051
f 3443//5052 3564//5052 3565//5052
f 3443//5053 3565//5053 3566//5053
f 3561//5054 3559//5054 3564//5054
f 3564//5055 3559//5055 3567//5055
f 3564//5056 3567//5056 3565//5056
f 3565//5057 3567//5057 892//5057
f 3565//5058 892//5058 3557//5058
f 3557//5059 892//5059 3579//5059
f 3557//5060 3579//5060 3575//5060
f 3566//5061 3565//5061 3568//5061
f 3568//5062 3565//5062 3557//5062
f 3568//5063 3557//5063 3442//5063
f 3442//5064 3557//5064 3569//5064
f 3442//5065 3569//5065 3419//5065
f 3569//5066 3576//5066 3419//5066
f 3572//5067 3576//5067 3417//5067
f 3417//5068 3576//5068 3570//5068
f 3417//5069 3570//5069 3571//5069
f 3572//5070 3573//5070 3576//5070
f 3576//5071 3573//5071 3574//5071
f 3576//5072 3574//5072 3418//5072
f 3576//5073 3569//5073 3570//5073
f 3570//5074 3569//5074 3558//5074
f 3570//5074 3558//5074 3575//5074
f 3418//5075 3419//5075 3576//5075
f 3577//5076 3580//5076 3578//5076
f 3578//5077 3580//5077 891//5077
f 3579//5078 891//5078 3580//5078
f 3577//5079 3571//5079 3580//5079
f 3580//5080 3571//5080 3570//5080
f 3580//5081 3570//5081 3579//5081
f 3579//5082 3570//5082 3575//5082
f 891//5083 3581//5083 3578//5083
f 3578//5084 3581//5084 3583//5084
f 3578//5085 3583//5085 3577//5085
f 3585//5086 3582//5086 3583//5086
f 3583//5086 3582//5086 3571//5086
f 3583//5087 3571//5087 3577//5087
f 3583//5088 3584//5088 3585//5088
f 3585//5089 3584//5089 896//5089
f 3585//5090 896//5090 3586//5090
f 3586//5091 896//5091 894//5091
f 2178//5092 3415//5092 894//5092
f 894//5093 3415//5093 3587//5093
f 894//5094 3587//5094 3586//5094
f 3589//5095 3588//5095 3461//5095
f 3461//5096 3590//5096 3589//5096
f 3589//5097 3590//5097 3592//5097
f 3589//5098 3592//5098 3591//5098
f 3591//5099 3592//5099 3454//5099
f 3591//5100 3454//5100 3593//5100
f 3593//5101 3454//5101 3594//5101
f 3593//5102 3594//5102 3595//5102
f 3595//5103 3594//5103 3596//5103
f 3595//5104 3596//5104 3597//5104
f 3456//5105 3465//5105 3602//5105
f 3602//5106 3603//5106 3456//5106
f 3456//5107 3603//5107 3597//5107
f 3456//5108 3597//5108 3598//5108
f 3598//5109 3597//5109 3596//5109
f 3599//5110 3464//5110 3600//5110
f 3600//5110 3464//5110 3601//5110
f 3600//5111 3601//5111 3471//5111
f 3465//5112 3599//5112 3602//5112
f 3602//5113 3599//5113 3600//5113
f 3602//5114 3600//5114 3603//5114
f 3471//5115 3470//5115 3600//5115
f 3600//5116 3470//5116 3469//5116
f 3600//5117 3469//5117 3606//5117
f 3469//5118 3467//5118 3606//5118
f 3606//5118 3467//5118 3475//5118
f 3606//5119 3475//5119 3604//5119
f 3604//5120 3475//5120 3473//5120
f 3604//5120 3473//5120 3472//5120
f 3476//5121 3613//5121 3477//5121
f 3477//5122 3613//5122 3604//5122
f 3477//5123 3604//5123 3490//5123
f 3490//5124 3604//5124 3472//5124
f 3603//5125 3600//5125 3605//5125
f 3605//5126 3600//5126 3606//5126
f 3605//5127 3606//5127 3607//5127
f 3607//5128 3606//5128 3604//5128
f 3607//5129 3604//5129 3608//5129
f 3608//5130 3604//5130 3613//5130
f 3608//5131 3613//5131 1816//5131
f 1816//4934 3613//4934 1815//4934
f 1815//4934 3613//4934 3614//4934
f 1815//4935 3614//4935 3609//4935
f 3609//4935 3614//4935 3610//4935
f 3609//4936 3610//4936 3611//4936
f 3611//4936 3610//4936 3616//4936
f 3611//4937 3616//4937 3612//4937
f 3612//4937 3616//4937 3617//4937
f 3612//5132 3617//5132 1820//5132
f 1820//5133 3617//5133 3628//5133
f 3613//4930 3476//4930 3614//4930
f 3614//4930 3476//4930 3615//4930
f 3614//4926 3615//4926 3610//4926
f 3610//4926 3615//4926 3494//4926
f 3610//4927 3494//4927 3616//4927
f 3616//4927 3494//4927 3495//4927
f 3616//4928 3495//4928 3617//4928
f 3617//4928 3495//4928 3492//4928
f 3617//5134 3492//5134 3628//5134
f 3628//5134 3492//5134 3491//5134
f 3634//5135 3618//5135 3620//5135
f 3620//5136 3618//5136 3502//5136
f 3620//5137 3502//5137 3619//5137
f 3619//5138 3508//5138 3620//5138
f 3620//5139 3508//5139 3507//5139
f 3620//5140 3507//5140 3623//5140
f 3623//5141 3507//5141 3504//5141
f 3623//5142 3504//5142 3621//5142
f 3622//5143 3626//5143 3623//5143
f 3623//5144 3626//5144 3624//5144
f 3623//5145 3624//5145 3620//5145
f 3620//5146 3624//5146 3625//5146
f 3620//5147 3625//5147 3634//5147
f 3640//5148 1839//5148 1822//5148
f 3625//5149 3624//5149 3637//5149
f 3637//5150 3624//5150 3626//5150
f 3637//5151 3626//5151 3622//5151
f 3520//5152 3627//5152 3630//5152
f 3628//5153 3491//5153 3629//5153
f 3629//5153 3520//5153 3628//5153
f 3628//5154 3520//5154 3630//5154
f 3628//5155 3630//5155 1820//5155
f 3632//5156 3635//5156 3523//5156
f 3523//5157 3635//5157 3630//5157
f 3523//5158 3630//5158 3631//5158
f 3631//5152 3630//5152 3627//5152
f 3632//5159 3633//5159 3635//5159
f 3635//5160 3633//5160 3525//5160
f 3635//5161 3525//5161 3637//5161
f 3637//5162 3525//5162 3634//5162
f 3637//5163 3634//5163 3625//5163
f 1820//5164 3630//5164 1821//5164
f 1821//5165 3630//5165 3635//5165
f 1821//5166 3635//5166 3636//5166
f 3636//5167 3635//5167 3637//5167
f 3636//5168 3637//5168 1822//5168
f 1822//5169 3637//5169 3622//5169
f 1822//5170 3622//5170 3640//5170
f 3640//5171 3639//5171 1839//5171
f 3642//5172 3638//5172 3639//5172
f 3639//5172 3638//5172 1839//5172
f 3621//5173 3642//5173 3623//5173
f 3623//5174 3642//5174 3639//5174
f 3623//5175 3639//5175 3622//5175
f 3622//5176 3639//5176 3640//5176
f 3510//5177 1866//5177 3644//5177
f 3642//5178 3641//5178 3638//5178
f 3638//5179 3641//5179 1840//5179
f 3638//5180 1840//5180 1839//5180
f 3642//5181 3621//5181 3641//5181
f 3641//5182 3621//5182 3517//5182
f 3641//5183 3517//5183 1841//5183
f 3517//5184 3509//5184 1841//5184
f 1841//5185 3509//5185 3643//5185
f 1841//5186 3643//5186 3644//5186
f 3644//5187 3643//5187 3645//5187
f 3644//5188 3645//5188 3510//5188
f 3652//5 3646//5 3648//5
f 3736//5 3647//5 3652//5
f 3652//5 3647//5 3654//5
f 3648//5 3735//5 3652//5
f 3652//5 3735//5 3649//5
f 3652//5 3649//5 3736//5
f 1009//5 3650//5 3652//5
f 3652//5 3650//5 3733//5
f 3652//5 3733//5 3734//5
f 1316//5 3651//5 3747//5
f 3747//5 3651//5 3652//5
f 3747//5 3652//5 3653//5
f 3653//5 3652//5 3654//5
f 3734//5 3655//5 3652//5
f 3652//5 3655//5 3742//5
f 3652//5 3742//5 3646//5
f 3666//5189 3679//5189 3668//5189
f 3762//5190 3761//5190 3656//5190
f 3762//5191 3656//5191 3757//5191
f 3757//5192 3656//5192 3670//5192
f 3757//5193 3670//5193 3657//5193
f 3750//5194 3658//5194 3660//5194
f 3660//5195 3658//5195 3756//5195
f 3660//5196 3756//5196 3670//5196
f 3670//5197 3756//5197 3659//5197
f 3670//5198 3659//5198 3657//5198
f 3663//5199 3753//5199 3665//5199
f 3665//5200 3753//5200 3752//5200
f 3665//5201 3752//5201 3669//5201
f 3669//5202 3752//5202 3751//5202
f 3669//5203 3751//5203 3660//5203
f 3660//5204 3751//5204 3661//5204
f 3660//5205 3661//5205 3750//5205
f 3679//5206 3662//5206 3668//5206
f 3668//5206 3662//5206 996//5206
f 3668//5207 996//5207 1000//5207
f 1001//5208 3755//5208 997//5208
f 997//5209 3755//5209 3663//5209
f 997//5210 3663//5210 3664//5210
f 3664//5211 3663//5211 3665//5211
f 3664//5212 3665//5212 999//5212
f 999//5212 3665//5212 3669//5212
f 999//5213 3669//5213 1000//5213
f 3666//5214 3668//5214 3678//5214
f 3678//5214 3668//5214 3671//5214
f 3678//5215 3671//5215 3676//5215
f 3676//5216 3671//5216 3667//5216
f 3676//5215 3667//5215 3673//5215
f 3673//5217 3667//5217 3672//5217
f 3673//5217 3672//5217 1315//5217
f 1000//5207 3669//5207 3668//5207
f 3668//5218 3669//5218 3660//5218
f 3668//5218 3660//5218 3671//5218
f 3671//5219 3660//5219 3670//5219
f 3671//5219 3670//5219 3667//5219
f 3667//5220 3670//5220 3656//5220
f 3667//5220 3656//5220 3672//5220
f 1315//5221 3674//5221 3673//5221
f 3673//5221 3674//5221 3675//5221
f 3673//5222 3675//5222 3676//5222
f 3676//5222 3675//5222 3680//5222
f 3676//5222 3680//5222 3678//5222
f 3678//5222 3680//5222 3677//5222
f 3678//5223 3677//5223 3666//5223
f 3666//5223 3677//5223 3689//5223
f 3666//5224 3689//5224 3679//5224
f 3679//5224 3689//5224 3688//5224
f 3679//5225 3688//5225 3662//5225
f 3662//5225 3688//5225 872//5225
f 3680//5226 3675//5226 3698//5226
f 3689//5227 3677//5227 3691//5227
f 3681//5228 868//5228 3694//5228
f 3694//5229 868//5229 869//5229
f 3694//5229 869//5229 3693//5229
f 3693//5230 869//5230 3685//5230
f 3693//5231 3685//5231 3683//5231
f 872//5232 3688//5232 871//5232
f 871//5232 3688//5232 3690//5232
f 871//5233 3690//5233 3682//5233
f 3682//5233 3690//5233 3683//5233
f 3682//5234 3683//5234 3684//5234
f 3684//5231 3683//5231 3685//5231
f 3697//5235 3686//5235 3694//5235
f 3694//5236 3686//5236 3687//5236
f 3694//5228 3687//5228 3681//5228
f 3688//5237 3689//5237 3690//5237
f 3690//5227 3689//5227 3691//5227
f 3690//5238 3691//5238 3683//5238
f 3683//5238 3691//5238 3692//5238
f 3683//5239 3692//5239 3693//5239
f 3693//5239 3692//5239 3695//5239
f 3693//5240 3695//5240 3694//5240
f 3694//5240 3695//5240 3696//5240
f 3694//5235 3696//5235 3697//5235
f 3697//5241 3696//5241 3703//5241
f 3677//5226 3680//5226 3691//5226
f 3691//5226 3680//5226 3698//5226
f 3691//5242 3698//5242 3692//5242
f 3692//5242 3698//5242 3699//5242
f 3692//5243 3699//5243 3695//5243
f 3695//5243 3699//5243 3700//5243
f 3695//5244 3700//5244 3696//5244
f 3696//5245 3700//5245 3701//5245
f 3696//5241 3701//5241 3703//5241
f 3703//5241 3701//5241 3702//5241
f 3675//5246 3674//5246 3698//5246
f 3698//5246 3674//5246 1314//5246
f 3698//5247 1314//5247 3699//5247
f 3699//5247 1314//5247 1310//5247
f 3699//5248 1310//5248 3700//5248
f 3700//5248 1310//5248 1309//5248
f 3700//5249 1309//5249 3701//5249
f 3701//5249 1309//5249 1313//5249
f 3701//5250 1313//5250 3702//5250
f 3702//5250 1313//5250 1312//5250
f 1312//1556 3722//1556 3702//1556
f 3702//1556 3722//1556 3721//1556
f 3702//1557 3721//1557 3703//1557
f 3703//1557 3721//1557 3704//1557
f 3703//1557 3704//1557 3697//1557
f 3697//1557 3704//1557 3705//1557
f 3697//1558 3705//1558 3686//1558
f 3686//5251 3705//5251 3706//5251
f 3686//1558 3706//1558 3687//1558
f 3687//1558 3706//1558 3707//1558
f 3687//1559 3707//1559 3681//1559
f 3681//1559 3707//1559 854//1559
f 3704//5252 3721//5252 3718//5252
f 3706//5253 3705//5253 3713//5253
f 3726//5254 864//5254 3715//5254
f 3715//5255 864//5255 866//5255
f 3715//5256 866//5256 3708//5256
f 866//5256 860//5256 3708//5256
f 3708//5257 860//5257 862//5257
f 3708//5258 862//5258 3711//5258
f 854//5259 3707//5259 3709//5259
f 3709//5259 3707//5259 3712//5259
f 3709//5260 3712//5260 856//5260
f 856//5260 3712//5260 3711//5260
f 856//5260 3711//5260 3710//5260
f 3710//5258 3711//5258 862//5258
f 3717//5261 3729//5261 3715//5261
f 3715//5261 3729//5261 3727//5261
f 3715//5254 3727//5254 3726//5254
f 3707//5262 3706//5262 3712//5262
f 3712//5253 3706//5253 3713//5253
f 3712//5263 3713//5263 3711//5263
f 3711//5263 3713//5263 3719//5263
f 3711//5264 3719//5264 3708//5264
f 3708//5264 3719//5264 3714//5264
f 3708//5265 3714//5265 3715//5265
f 3715//5265 3714//5265 3716//5265
f 3715//5266 3716//5266 3717//5266
f 3717//5267 3716//5267 3731//5267
f 3705//5252 3704//5252 3713//5252
f 3713//5252 3704//5252 3718//5252
f 3713//5268 3718//5268 3719//5268
f 3719//5268 3718//5268 3723//5268
f 3719//5269 3723//5269 3714//5269
f 3714//5269 3723//5269 3724//5269
f 3714//5270 3724//5270 3716//5270
f 3716//5270 3724//5270 3720//5270
f 3716//5267 3720//5267 3731//5267
f 3731//5267 3720//5267 3732//5267
f 3721//5271 3722//5271 3718//5271
f 3718//5271 3722//5271 1311//5271
f 3718//5272 1311//5272 3723//5272
f 3723//5272 1311//5272 3725//5272
f 3723//5273 3725//5273 3724//5273
f 3724//5273 3725//5273 1320//5273
f 3724//5274 1320//5274 3720//5274
f 3720//5274 1320//5274 1319//5274
f 3720//5275 1319//5275 3732//5275
f 3732//5275 1319//5275 1318//5275
f 1004//5276 3726//5276 3739//5276
f 3739//5276 3726//5276 3727//5276
f 3739//5277 3727//5277 3728//5277
f 3728//5277 3727//5277 3729//5277
f 3728//5277 3729//5277 3744//5277
f 3744//5277 3729//5277 3717//5277
f 3744//5278 3717//5278 3730//5278
f 3730//5278 3717//5278 3731//5278
f 3730//5278 3731//5278 3745//5278
f 3745//5278 3731//5278 3732//5278
f 3745//5279 3732//5279 1317//5279
f 1317//5279 3732//5279 1318//5279
f 3734//5280 3733//5280 1008//5280
f 1008//5281 3733//5281 3650//5281
f 1008//5282 3650//5282 1009//5282
f 3742//5283 3655//5283 3741//5283
f 3741//5284 3655//5284 3734//5284
f 3746//5285 3649//5285 3743//5285
f 3743//5286 3649//5286 3735//5286
f 3743//5287 3735//5287 3648//5287
f 3746//5288 3653//5288 3654//5288
f 3654//5289 3647//5289 3746//5289
f 3746//5290 3647//5290 3736//5290
f 3746//5290 3736//5290 3649//5290
f 1003//5291 3740//5291 1005//5291
f 1005//5291 3740//5291 3741//5291
f 1005//5292 3741//5292 3737//5292
f 3737//5293 3741//5293 3734//5293
f 3737//5294 3734//5294 3738//5294
f 3738//5295 3734//5295 1008//5295
f 3728//5296 3740//5296 3739//5296
f 3739//5297 3740//5297 1003//5297
f 3739//5297 1003//5297 1004//5297
f 3728//5298 3743//5298 3740//5298
f 3740//5299 3743//5299 3648//5299
f 3740//5300 3648//5300 3741//5300
f 3741//5301 3648//5301 3646//5301
f 3741//5302 3646//5302 3742//5302
f 3728//5296 3744//5296 3743//5296
f 3743//5303 3744//5303 3730//5303
f 3743//5303 3730//5303 3746//5303
f 3746//5304 3730//5304 3745//5304
f 3746//5305 3745//5305 3653//5305
f 3653//5306 3745//5306 1317//5306
f 3653//5307 1317//5307 3747//5307
f 3762//5308 3757//5308 3748//5308
f 939//5309 3749//5309 3758//5309
f 3658//5310 3750//5310 3754//5310
f 3754//5311 3750//5311 3661//5311
f 3661//5312 3751//5312 3754//5312
f 3754//5313 3751//5313 3752//5313
f 3754//5314 3752//5314 3753//5314
f 3753//5315 3663//5315 3754//5315
f 3754//5315 3663//5315 3755//5315
f 3754//5316 3755//5316 1001//5316
f 3754//5317 939//5317 3658//5317
f 3658//5318 939//5318 3758//5318
f 3658//5319 3758//5319 3756//5319
f 3756//5320 3758//5320 3659//5320
f 3748//5321 3757//5321 3758//5321
f 3758//5322 3757//5322 3657//5322
f 3758//5323 3657//5323 3659//5323
f 3759//5324 3760//5324 3748//5324
f 3748//5325 3760//5325 3761//5325
f 3748//5326 3761//5326 3762//5326
f 645//20 657//20 3785//20
f 3785//20 657//20 3794//20
f 3785//20 3794//20 3786//20
f 759//12 772//12 3769//12
f 3763//12 3764//12 3765//12
f 3765//12 3764//12 758//12
f 3765//12 758//12 3766//12
f 758//12 3767//12 3766//12
f 3766//12 3767//12 3768//12
f 3766//12 3768//12 3769//12
f 3769//12 3768//12 760//12
f 3769//12 760//12 759//12
f 3795//5327 3794//5327 757//5327
f 757//5328 3794//5328 657//5328
f 3763//12 3765//12 3770//12
f 3770//12 3765//12 3796//12
f 3770//5329 3796//5329 788//5329
f 757//2264 3771//2264 3795//2264
f 3795//5328 3771//5328 3772//5328
f 3795//2264 3772//2264 3796//2264
f 3796//12 3772//12 3773//12
f 3796//12 3773//12 788//12
f 3932//21 3937//21 3790//21
f 3790//21 3937//21 3936//21
f 3774//5 3779//5 2067//5
f 3775//5 2095//5 2072//5
f 3776//1045 2068//1045 3777//1045
f 3777//5 2068//5 3778//5
f 3777//5330 3778//5330 3779//5330
f 3779//5 3778//5 3780//5
f 3779//1045 3780//1045 2067//1045
f 2067//5 3781//5 3774//5
f 3774//5 3781//5 3782//5
f 3774//5 3782//5 3783//5
f 3783//1045 3782//1045 2071//1045
f 3775//5 2072//5 3793//5
f 2071//5 2070//5 3783//5
f 3783//5 2070//5 3784//5
f 3783//5330 3784//5330 3775//5330
f 3775//5 3784//5 2065//5
f 3775//5330 2065//5330 2095//5330
f 3785//5 3786//5 3787//5
f 3787//5 3786//5 3793//5
f 3787//5 3793//5 3788//5
f 3788//5 3793//5 2072//5
f 3789//19 3934//19 3791//19
f 3789//19 3791//19 3935//19
f 3792//19 641//19 3929//19
f 3929//19 3931//19 3792//19
f 3792//19 3931//19 3790//19
f 3792//19 3790//19 3791//19
f 3791//19 3790//19 3936//19
f 3791//19 3936//19 3935//19
f 772//5331 3792//5331 3791//5331
f 3786//5332 3794//5332 3793//5332
f 3793//5332 3794//5332 3795//5332
f 3793//5225 3795//5225 3775//5225
f 3775//5225 3795//5225 3796//5225
f 3775//5333 3796//5333 3783//5333
f 3783//5333 3796//5333 3765//5333
f 3783//5334 3765//5334 3774//5334
f 3774//5334 3765//5334 3766//5334
f 3774//5335 3766//5335 3779//5335
f 3779//5335 3766//5335 3769//5335
f 3779//5336 3769//5336 3777//5336
f 3777//5337 3769//5337 772//5337
f 3777//5338 772//5338 3776//5338
f 3776//5339 772//5339 3791//5339
f 1630//5340 1627//5340 3822//5340
f 1630//5341 3822//5341 1631//5341
f 3797//5342 3798//5342 613//5342
f 613//5343 3798//5343 3799//5343
f 613//5344 3799//5344 3822//5344
f 3822//5345 3799//5345 1632//5345
f 3822//5346 1632//5346 1631//5346
f 1636//5347 3800//5347 3801//5347
f 3801//5348 3800//5348 3802//5348
f 3801//5349 3802//5349 613//5349
f 613//5350 3802//5350 3803//5350
f 613//5351 3803//5351 3797//5351
f 3808//5352 1590//5352 3804//5352
f 3804//5353 1590//5353 3805//5353
f 3804//5354 3805//5354 3801//5354
f 3801//5355 3805//5355 1589//5355
f 3801//5347 1589//5347 1636//5347
f 3806//5356 1592//5356 3807//5356
f 3807//5357 1592//5357 1594//5357
f 3807//5358 1594//5358 3804//5358
f 3804//5359 1594//5359 1595//5359
f 3804//5360 1595//5360 3808//5360
f 3806//5361 3807//5361 3809//5361
f 3809//5362 3807//5362 3810//5362
f 3809//5363 3810//5363 1573//5363
f 3814//5364 1599//5364 610//5364
f 610//5365 1599//5365 1598//5365
f 610//1120 1598//1120 3810//1120
f 3810//5366 1598//5366 1597//5366
f 3810//5367 1597//5367 1573//5367
f 3811//5368 1602//5368 604//5368
f 604//5369 1602//5369 3812//5369
f 3812//5370 3813//5370 604//5370
f 604//5371 3813//5371 1601//5371
f 604//5372 1601//5372 3814//5372
f 3814//5373 1601//5373 1600//5373
f 3814//5374 1600//5374 1599//5374
f 3811//5375 604//5375 3815//5375
f 3815//5376 604//5376 3819//5376
f 3815//5377 3819//5377 1603//5377
f 1622//5378 3816//5378 3818//5378
f 3816//5379 3817//5379 3818//5379
f 3818//5380 3817//5380 3820//5380
f 3818//5381 3820//5381 3819//5381
f 3819//5382 3820//5382 1619//5382
f 3819//5383 1619//5383 1603//5383
f 1626//5384 1621//5384 3821//5384
f 3821//5385 1621//5385 1625//5385
f 3821//5386 1625//5386 3818//5386
f 3818//5387 1625//5387 1624//5387
f 3818//5388 1624//5388 1622//5388
f 1627//5389 1628//5389 3822//5389
f 3822//5390 1628//5390 3823//5390
f 3822//5391 3823//5391 3821//5391
f 3821//5392 3823//5392 3824//5392
f 3821//5392 3824//5392 1626//5392
f 3826//21 3882//21 3825//21
f 3865//21 3882//21 3866//21
f 3866//21 3882//21 3826//21
f 3866//21 3826//21 3891//21
f 3891//21 3826//21 631//21
f 3873//21 3827//21 3878//21
f 3878//21 3827//21 3826//21
f 3878//21 3826//21 3828//21
f 3828//21 3826//21 3825//21
f 3868//5393 1346//5393 3829//5393
f 3829//5394 1346//5394 1338//5394
f 3829//5395 1338//5395 3830//5395
f 3830//5396 1338//5396 3831//5396
f 3830//5397 3831//5397 1339//5397
f 3839//5398 663//5398 3838//5398
f 3838//5399 663//5399 1348//5399
f 3838//5400 1348//5400 3868//5400
f 3868//5401 1348//5401 1347//5401
f 3868//5402 1347//5402 1346//5402
f 3889//5403 3833//5403 3832//5403
f 3832//5404 3833//5404 3834//5404
f 665//5405 3835//5405 3834//5405
f 3834//5406 3835//5406 3836//5406
f 3834//5407 3836//5407 3832//5407
f 3840//5408 3881//5408 665//5408
f 665//5409 3881//5409 3837//5409
f 665//5410 3837//5410 3835//5410
f 3838//5411 3871//5411 3839//5411
f 3839//5412 3871//5412 3864//5412
f 3839//5413 3864//5413 3840//5413
f 3840//5414 3864//5414 3863//5414
f 3840//5414 3863//5414 3881//5414
f 3841//19 3833//19 1299//19
f 1299//19 3833//19 3842//19
f 3889//19 1523//19 1522//19
f 1522//19 1521//19 3889//19
f 3889//19 1521//19 3843//19
f 3889//19 3843//19 3833//19
f 3833//19 3843//19 1509//19
f 3833//19 1509//19 3842//19
f 3844//5415 3925//5415 3855//5415
f 686//5415 667//5415 3845//5415
f 3844//5415 3855//5415 1547//5415
f 3845//5415 3846//5415 686//5415
f 686//5416 3846//5416 1550//5416
f 686//5415 1550//5415 3855//5415
f 3855//5415 1550//5415 1549//5415
f 3855//5415 1549//5415 1547//5415
f 731//5417 3847//5417 732//5417
f 732//5418 3847//5418 3902//5418
f 732//5419 3902//5419 733//5419
f 733//5420 3902//5420 643//5420
f 731//5421 737//5421 3847//5421
f 3847//5422 737//5422 736//5422
f 3847//5423 736//5423 3848//5423
f 3848//5424 736//5424 673//5424
f 3848//5425 673//5425 3903//5425
f 3903//5426 673//5426 3849//5426
f 3903//5427 3849//5427 3850//5427
f 3850//5428 3849//5428 3852//5428
f 3850//5429 3852//5429 3851//5429
f 3851//5429 3852//5429 3853//5429
f 3853//5430 3852//5430 668//5430
f 3853//5431 668//5431 3906//5431
f 3906//5432 668//5432 3854//5432
f 3854//5433 668//5433 684//5433
f 3854//5434 684//5434 3908//5434
f 3908//5435 684//5435 3907//5435
f 3907//5436 684//5436 686//5436
f 3907//5437 686//5437 3855//5437
f 3859//21 3918//21 3861//21
f 3924//21 3856//21 3857//21
f 3857//21 3856//21 3861//21
f 3857//21 3861//21 3917//21
f 3917//21 3861//21 3918//21
f 3858//21 3859//21 3860//21
f 3860//21 3859//21 3861//21
f 3860//21 3861//21 3921//21
f 3921//21 3861//21 3862//21
f 3863//5438 3864//5438 3875//5438
f 3877//5439 3879//5439 3874//5439
f 3865//5440 3866//5440 3885//5440
f 3882//5441 3865//5441 3883//5441
f 3825//5442 3882//5442 3867//5442
f 3872//5443 652//5443 3827//5443
f 3825//5444 3879//5444 3828//5444
f 3828//5445 3879//5445 3877//5445
f 3828//5446 3877//5446 3878//5446
f 653//5447 652//5447 3869//5447
f 3869//5448 652//5448 3872//5448
f 3869//5449 3872//5449 3870//5449
f 3830//5450 653//5450 3829//5450
f 3829//5451 653//5451 3869//5451
f 3829//5452 3869//5452 3868//5452
f 3868//5453 3869//5453 3870//5453
f 3868//5454 3870//5454 3838//5454
f 3838//5455 3870//5455 3871//5455
f 3864//5456 3871//5456 3875//5456
f 3875//5456 3871//5456 3870//5456
f 3875//5457 3870//5457 3876//5457
f 3876//5458 3870//5458 3872//5458
f 3876//5459 3872//5459 3873//5459
f 3873//5460 3872//5460 3827//5460
f 3881//5438 3863//5438 3874//5438
f 3874//5461 3863//5461 3875//5461
f 3874//5439 3875//5439 3877//5439
f 3877//5462 3875//5462 3876//5462
f 3877//5463 3876//5463 3878//5463
f 3878//5464 3876//5464 3873//5464
f 3880//5465 3835//5465 3837//5465
f 3825//5466 3867//5466 3879//5466
f 3879//5467 3867//5467 3880//5467
f 3879//5468 3880//5468 3874//5468
f 3874//5469 3880//5469 3837//5469
f 3874//5470 3837//5470 3881//5470
f 3884//5471 3832//5471 3836//5471
f 3882//5472 3883//5472 3867//5472
f 3867//5473 3883//5473 3884//5473
f 3867//5473 3884//5473 3880//5473
f 3880//5474 3884//5474 3836//5474
f 3880//5475 3836//5475 3835//5475
f 3865//5476 3885//5476 3883//5476
f 3883//5477 3885//5477 3886//5477
f 3883//5478 3886//5478 3884//5478
f 3884//5479 3886//5479 3889//5479
f 3884//5480 3889//5480 3832//5480
f 3892//5481 936//5481 3885//5482
f 1523//5483 3889//5483 1528//5483
f 1528//5484 3889//5484 3890//5484
f 3885//5485 936//5485 3886//5485
f 936//5486 3887//5486 3886//5486
f 3886//5487 3887//5487 3888//5487
f 3886//5488 3888//5488 3889//5488
f 3889//5489 3888//5489 930//5489
f 3889//5489 930//5489 3890//5489
f 3866//543 3891//543 3885//543
f 3885//5490 3891//5490 934//5490
f 3885//5491 934//5491 3892//5491
f 3916//5492 3857//5492 3917//5492
f 3893//5493 3894//5493 3910//5493
f 3895//5494 3896//5494 3897//5494
f 3901//5495 644//5495 3915//5495
f 3898//5496 643//5496 3902//5496
f 3899//5497 3900//5497 3914//5497
f 3914//5498 3900//5498 640//5498
f 3914//5499 640//5499 3898//5499
f 3901//5500 3915//5500 3862//5500
f 3898//5501 3902//5501 3914//5501
f 3914//5502 3902//5502 3847//5502
f 3914//5502 3847//5502 3912//5502
f 3847//5502 3848//5502 3912//5502
f 3912//5503 3848//5503 3903//5503
f 3912//5504 3903//5504 3904//5504
f 3903//5505 3850//5505 3904//5505
f 3904//5506 3850//5506 3851//5506
f 3904//5506 3851//5506 3905//5506
f 3851//5506 3853//5506 3905//5506
f 3905//5507 3853//5507 3906//5507
f 3905//5508 3906//5508 3909//5508
f 3855//5509 3895//5509 3907//5509
f 3907//5510 3895//5510 3897//5510
f 3907//5511 3897//5511 3908//5511
f 3908//5512 3897//5512 3909//5512
f 3908//5513 3909//5513 3854//5513
f 3854//5514 3909//5514 3906//5514
f 3896//5515 3893//5515 3897//5515
f 3897//5516 3893//5516 3910//5516
f 3897//5517 3910//5517 3909//5517
f 3909//5518 3910//5518 3919//5518
f 3909//5519 3919//5519 3905//5519
f 3905//5520 3919//5520 3911//5520
f 3905//5521 3911//5521 3904//5521
f 3904//5522 3911//5522 3913//5522
f 3904//5523 3913//5523 3912//5523
f 3912//5523 3913//5523 3920//5523
f 3912//5524 3920//5524 3914//5524
f 3914//5525 3920//5525 3915//5525
f 3914//5526 3915//5526 3899//5526
f 3899//5527 3915//5527 644//5527
f 3894//5528 3916//5528 3910//5528
f 3910//5529 3916//5529 3917//5529
f 3910//5530 3917//5530 3919//5530
f 3919//5531 3917//5531 3918//5531
f 3919//5532 3918//5532 3911//5532
f 3911//5533 3918//5533 3859//5533
f 3911//5534 3859//5534 3913//5534
f 3913//5534 3859//5534 3858//5534
f 3913//5535 3858//5535 3920//5535
f 3920//5536 3858//5536 3860//5536
f 3920//5537 3860//5537 3915//5537
f 3915//5538 3860//5538 3921//5538
f 3915//5539 3921//5539 3862//5539
f 3895//5540 3922//5540 3896//5540
f 3896//5541 3922//5541 3923//5541
f 3896//5542 3923//5542 3893//5542
f 3893//5543 3923//5543 918//5543
f 3893//5544 918//5544 3894//5544
f 3894//5545 918//5545 915//5545
f 3894//5546 915//5546 3916//5546
f 3916//5547 915//5547 916//5547
f 3916//5548 916//5548 3857//5548
f 3857//5549 916//5549 3924//5549
f 3855//5550 3925//5550 1551//5550
f 1551//5551 3926//5551 3855//5551
f 3855//5552 3926//5552 923//5552
f 3855//5553 923//5553 3895//5553
f 3895//5554 923//5554 3927//5554
f 3895//5555 3927//5555 3922//5555
f 641//1008 615//1008 3928//1008
f 641//1008 3928//1008 3929//1008
f 3929//1009 3928//1009 3930//1009
f 3929//1009 3930//1009 3931//1009
f 3931//1010 3930//1010 3932//1010
f 3931//1010 3932//1010 3790//1010
f 3933//1013 3934//1013 3789//1013
f 3933//1013 3789//1013 603//1013
f 603//1012 3789//1012 3935//1012
f 603//1012 3935//1012 611//1012
f 611//1011 3935//1011 3936//1011
f 611//1011 3936//1011 3937//1011
