# Blender 4.4.3
# www.blender.org
mtllib f_distal_bt_sp.mtl
o f_distal_bt_sp
v -6.357494 -6.753250 29.100170
v -6.130147 -7.191080 28.941839
v -5.924187 -6.914879 29.484838
v -6.031842 -6.523951 29.725399
v 4.669990 -7.931750 29.614210
v 5.007694 -7.724135 29.554310
v 4.759533 -7.409827 30.123249
v 4.459158 -7.492341 30.272579
v 3.796751 9.059609 28.707270
v 3.523746 9.332245 28.719160
v 3.365565 9.285593 28.911119
v 3.575551 8.945204 29.024599
v -4.256080 8.940427 28.305408
v -4.501480 8.739069 28.207439
v -4.385713 8.589134 28.537029
v -4.191161 8.691390 28.665659
v 5.164283 8.588023 3.976665
v 4.876677 8.756595 3.985315
v 5.253551 8.545804 3.988217
v 5.507101 8.385594 3.984412
v -4.277998 8.506994 28.752939
v -4.526146 8.398140 28.563360
v -6.139070 7.938196 3.988768
v -6.386789 7.747265 3.991377
v -6.395797 7.741821 4.040007
v -6.073765 7.990608 4.039587
v -6.397624 7.741595 4.329779
v -6.062654 8.000522 4.329620
v -6.399413 7.740410 5.325900
v -6.061621 8.001731 5.325253
v -6.409022 7.731755 6.889887
v -6.063134 8.000456 6.885754
v -6.436666 7.706383 8.626496
v -6.067146 7.996743 8.615322
v -6.445129 7.697140 10.365970
v -6.065603 7.997599 10.368030
v -6.418894 7.717509 12.119510
v -6.055126 8.005756 12.125460
v -6.404771 7.727993 13.879530
v -6.049722 8.009727 13.884890
v -6.433272 7.704440 15.646540
v -6.061378 7.999970 15.647160
v -6.430684 7.707047 17.408010
v -6.060520 8.000837 17.407110
v -6.423048 7.713973 19.167040
v -6.058285 8.002953 19.166170
v -6.419890 7.717180 20.924259
v -6.059170 8.002716 20.924700
v -6.415920 7.721398 22.665220
v -6.070927 7.994681 22.676390
v -6.376527 7.755496 24.306969
v -6.088754 7.982728 24.368919
v -6.165074 7.922974 25.610439
v -5.940869 8.092399 25.787579
v -5.801313 8.188416 26.423250
v -5.591503 8.333909 26.659670
v -5.401376 8.449325 26.997660
v -5.192024 8.586180 27.217669
v -5.036507 8.641843 27.461010
v -4.817121 8.795639 27.635359
v -4.748679 8.727878 27.847889
v -4.492576 8.935961 27.979349
v 5.263176 8.543108 4.037837
v 5.589548 8.337339 4.036511
v 5.262462 8.545373 4.329097
v 5.601436 8.331892 4.328423
v 5.253469 8.551519 5.326086
v 5.599406 8.333858 5.325477
v 5.238829 8.560684 6.886415
v 5.594207 8.337236 6.886063
v 5.222577 8.570734 8.614976
v 5.588790 8.340508 8.615123
v 5.206614 8.580595 10.370689
v 5.583312 8.343834 10.370860
v 5.193773 8.588537 12.129270
v 5.578342 8.347004 12.129660
v 5.189289 8.591337 13.888200
v 5.576366 8.348409 13.888630
v 5.188375 8.591940 15.647200
v 5.575628 8.349070 15.647599
v 5.188225 8.592079 17.406200
v 5.575063 8.349658 17.406540
v 5.188414 8.592024 19.165239
v 5.574555 8.350235 19.165609
v 5.190185 8.591073 20.924129
v 5.575469 8.349783 20.924519
v 5.196200 8.587649 22.680889
v 5.581751 8.345389 22.680290
v 5.196852 8.587227 24.417370
v 5.586594 8.340929 24.404749
v 5.135028 8.624117 26.027489
v 5.498836 8.396875 25.951099
v 4.899071 8.759922 27.210089
v 5.203703 8.578304 26.995550
v 4.543155 8.947531 27.821178
v 4.806535 8.798222 27.605690
v 4.182070 9.115184 28.183020
v 4.411666 8.968242 28.043819
v 3.816232 9.255045 28.484570
v 4.061736 9.049736 28.420790
v 3.572163 -8.582118 9.147506
v 3.875523 -8.472003 9.276745
v 4.104078 -8.643674 9.546887
v 3.778837 -8.834070 9.439770
v 4.438870 -8.855710 9.965812
v 4.097073 -9.079872 9.857392
v 4.755770 -9.152750 10.500490
v 4.378961 -9.432432 10.390969
v 5.100952 -9.420923 11.123940
v 4.708973 -9.722868 11.005560
v 5.459273 -9.700529 11.902070
v 5.047229 -10.048450 11.799649
v 5.782037 -9.987969 12.807699
v 5.378551 -10.342080 12.710199
v 6.107057 -10.201970 13.838260
v 5.687902 -10.583910 13.754809
v 6.382850 -10.389390 15.038699
v 5.942357 -10.801700 14.959149
v 6.604795 -10.504550 16.318850
v 6.161866 -10.922480 16.250320
v 6.754791 -10.546080 17.661800
v 6.313472 -10.965739 17.614059
v 6.799349 -10.540430 19.077740
v 6.353235 -10.955629 19.042440
v 6.791643 -10.433550 20.466440
v 6.325960 -10.852190 20.466789
v 6.713667 -10.253280 21.854269
v 6.223712 -10.677380 21.879459
v 6.569076 -10.009689 23.206739
v 6.065589 -10.431089 23.251389
v 6.348814 -9.723248 24.508209
v 5.851207 -10.127610 24.562040
v 6.093803 -9.386904 25.726358
v 5.642862 -9.741848 25.779669
v 5.799177 -9.026816 26.850639
v 5.403430 -9.323889 26.902920
v 5.541343 -8.613517 27.842129
v 5.168291 -8.894834 27.871189
v 5.293243 -8.152626 28.751280
v 4.920796 -8.415664 28.792028
v -5.003184 -7.809041 9.792239
v -4.919827 -8.076631 9.858709
v -5.144513 -8.262012 10.197100
v -5.321724 -7.873913 10.140580
v -5.470678 -8.461390 10.677919
v -5.673114 -8.006749 10.601270
v -5.819246 -8.590259 11.197149
v -6.021872 -8.179080 11.151420
v -6.163554 -8.772847 11.853740
v -6.398924 -8.336119 11.814660
v -6.491320 -8.992583 12.633060
v -6.767885 -8.481462 12.571850
v -6.839980 -9.109251 13.476500
v -7.106985 -8.631539 13.430229
v -7.143057 -9.238720 14.458799
v -7.434556 -8.756937 14.435550
v -7.380866 -9.375620 15.548810
v -7.729655 -8.814579 15.517090
v -7.590056 -9.426679 16.687531
v -7.946235 -8.864408 16.672770
v -7.731583 -9.442034 17.907240
v -8.081130 -8.909089 17.916229
v -7.809164 -9.394022 19.142900
v -8.184679 -8.837684 19.179560
v -7.796933 -9.325990 20.402060
v -8.197479 -8.739147 20.460030
v -7.759816 -9.163208 21.648499
v -8.122734 -8.620100 21.743340
v -7.667119 -8.946258 22.867939
v -7.989140 -8.452844 22.994770
v -7.493409 -8.716469 24.053450
v -7.805787 -8.237139 24.196169
v -7.245748 -8.476113 25.202579
v -7.586774 -7.959070 25.345020
v -6.980472 -8.194002 26.272758
v -7.312724 -7.663572 26.436060
v -6.726671 -7.856177 27.245749
v -7.003453 -7.364103 27.431019
v -6.409854 -7.510487 28.191179
v -6.665625 -7.069642 28.332520
v -6.131884 -7.707531 28.324200
v -5.885277 -7.351486 29.058840
v -5.769942 -7.930025 28.486849
v -5.492717 -7.553309 29.256809
v -5.366386 -8.209383 28.604099
v -5.103840 -7.775898 29.407558
v -4.971761 -8.411152 28.750830
v -4.741461 -7.922933 29.566599
v -4.444183 -8.640539 28.929489
v -4.205161 -8.135552 29.747700
v -3.933918 -8.800786 29.135349
v -3.714903 -8.283339 29.931499
v -3.399430 -8.944149 29.306429
v -3.189539 -8.409844 30.092619
v -2.757901 -9.119226 29.431749
v -2.580582 -8.556561 30.225809
v -2.126148 -9.259060 29.518719
v -2.002309 -8.660219 30.321419
v -1.467724 -9.361701 29.590448
v -1.348944 -8.742966 30.408588
v -0.769948 -9.407056 29.660940
v -0.719616 -8.764362 30.484709
v -0.041981 -9.427245 29.693769
v -0.039772 -8.795366 30.497068
v 0.636435 -9.416126 29.668139
v 0.600157 -8.770956 30.490509
v 1.318057 -9.380369 29.604549
v 1.245749 -8.752991 30.420019
v 1.965024 -9.290437 29.536480
v 1.864923 -8.683506 30.338259
v 2.662798 -9.140445 29.446749
v 2.492494 -8.572130 30.244419
v 3.317144 -8.967748 29.322779
v 3.081303 -8.434607 30.120949
v 3.861903 -8.825981 29.155519
v 3.639283 -8.300412 29.960619
v 4.351287 -8.676523 28.963079
v 4.100050 -8.169201 29.789209
v -6.439830 -8.110662 27.340858
v -6.075726 -8.349750 27.511549
v -5.627809 -8.659503 27.668600
v -5.233775 -8.883213 27.816120
v -4.736529 -9.104620 28.007820
v -4.220285 -9.291273 28.213640
v -3.635097 -9.496652 28.367949
v -3.001239 -9.687941 28.487789
v -2.290046 -9.858590 28.585709
v -1.602274 -9.984766 28.649569
v -0.784347 -10.046130 28.741089
v -0.030469 -10.058980 28.788919
v 0.684161 -10.055190 28.747559
v 1.432625 -10.008000 28.665569
v 2.113540 -9.893486 28.608049
v 2.893511 -9.712214 28.506060
v 3.552225 -9.523682 28.383480
v 4.120831 -9.331187 28.238089
v 4.624062 -9.149835 28.049900
v -6.677905 -8.504597 26.342680
v -6.369460 -8.729833 26.479429
v -5.915579 -9.039700 26.663300
v -5.500966 -9.287436 26.837269
v -5.014233 -9.526041 27.024130
v -4.439929 -9.791796 27.196209
v -3.823315 -10.044370 27.329300
v -3.175810 -10.258650 27.447029
v -2.452674 -10.443990 27.544510
v -1.731124 -10.591010 27.604700
v -0.845075 -10.681370 27.680590
v -0.052886 -10.717899 27.698540
v 0.717633 -10.693390 27.688200
v 1.545987 -10.616879 27.620779
v 2.280674 -10.478780 27.565849
v 3.089414 -10.278840 27.463200
v 3.752619 -10.070570 27.342190
v 4.363154 -9.830729 27.207600
v 4.897747 -9.592443 27.045158
v -6.894612 -8.854882 25.274759
v -6.609251 -9.091223 25.396059
v -6.192960 -9.389358 25.560440
v -5.733524 -9.698004 25.727160
v -5.258763 -9.967162 25.880350
v -4.648059 -10.281139 26.041170
v -4.043579 -10.542789 26.172409
v -3.336194 -10.797689 26.297338
v -2.608354 -11.000890 26.392109
v -1.844631 -11.164260 26.459770
v -0.924007 -11.275579 26.519669
v -0.090796 -11.317929 26.535339
v 0.743697 -11.292200 26.527948
v 1.646851 -11.193200 26.473879
v 2.432399 -11.040110 26.410540
v 3.233624 -10.828099 26.314400
v 3.931251 -10.587029 26.194050
v 4.554056 -10.327479 26.061480
v 5.142906 -10.033150 25.906620
v -7.126463 -9.121362 24.118559
v -6.798647 -9.428679 24.236769
v -6.436650 -9.713956 24.363049
v -5.957242 -10.063470 24.513069
v -5.493031 -10.360490 24.643839
v -4.881467 -10.699730 24.786789
v -4.265126 -10.992680 24.907280
v -3.504014 -11.290959 25.024899
v -2.753779 -11.520980 25.112579
v -1.933095 -11.708030 25.182749
v -0.990393 -11.832840 25.233669
v -0.108719 -11.878739 25.251169
v 0.782848 -11.852460 25.241640
v 1.741835 -11.737889 25.194639
v 2.569780 -11.566830 25.129999
v 3.362529 -11.340529 25.044310
v 4.113741 -11.057250 24.932970
v 4.743487 -10.771520 24.815350
v 5.368382 -10.433360 24.674030
v -7.329868 -9.335105 22.902170
v -6.959384 -9.709878 23.003010
v -6.629871 -10.002970 23.091002
v -6.164409 -10.364320 23.210939
v -5.666908 -10.714359 23.331001
v -5.082591 -11.063570 23.445900
v -4.445198 -11.394899 23.546040
v -3.672382 -11.718730 23.644239
v -2.884899 -11.979779 23.724539
v -1.996104 -12.195800 23.792389
v -1.040210 -12.331079 23.835659
v -0.110938 -12.381320 23.852270
v 0.835095 -12.350960 23.841980
v 1.831118 -12.224199 23.801340
v 2.699769 -12.030519 23.741070
v 3.502800 -11.782290 23.664480
v 4.296272 -11.461440 23.567150
v 4.949280 -11.135859 23.469519
v 5.575028 -10.771800 23.351269
v -7.471887 -9.517437 21.643959
v -7.102524 -9.908166 21.695499
v -6.747530 -10.252830 21.761379
v -6.314274 -10.611859 21.846659
v -5.779263 -11.011129 21.953009
v -5.220142 -11.370140 22.037569
v -4.551984 -11.740800 22.105129
v -3.799999 -12.077690 22.169960
v -2.989686 -12.362849 22.238949
v -2.048452 -12.602810 22.299349
v -1.081179 -12.748409 22.335440
v -0.108866 -12.803690 22.353001
v 0.882556 -12.768370 22.340450
v 1.900786 -12.631660 22.307430
v 2.810783 -12.414889 22.254210
v 3.632131 -12.143459 22.188700
v 4.427594 -11.801430 22.122002
v 5.102267 -11.438620 22.056740
v 5.694827 -11.069220 21.967459
v -7.508163 -9.699919 20.373129
v -7.184998 -10.062160 20.333450
v -6.827086 -10.425779 20.368359
v -6.419424 -10.782849 20.428860
v -5.885191 -11.196429 20.510139
v -5.321815 -11.582390 20.576830
v -4.639739 -11.981390 20.596060
v -3.889631 -12.342040 20.623140
v -3.065953 -12.646840 20.681219
v -2.111449 -12.899980 20.725449
v -1.124028 -13.059370 20.753870
v -0.105476 -13.121810 20.775660
v 0.917703 -13.081220 20.761150
v 1.937307 -12.937030 20.742449
v 2.880775 -12.703110 20.699139
v 3.715213 -12.414770 20.649199
v 4.491952 -12.058400 20.631599
v 5.197104 -11.658529 20.604269
v 5.776733 -11.274920 20.531389
v -7.496920 -9.800904 19.125870
v -7.203605 -10.137589 19.061420
v -6.831735 -10.523520 19.049160
v -6.417880 -10.904630 19.034079
v -5.916252 -11.308149 19.030359
v -5.354991 -11.707160 19.044790
v -4.687686 -12.111449 19.027750
v -3.929950 -12.489190 19.036440
v -3.092601 -12.811959 19.077049
v -2.157185 -13.071630 19.095009
v -1.157927 -13.243290 19.104309
v -0.097072 -13.310960 19.114519
v 0.948610 -13.263499 19.117350
v 1.960319 -13.111549 19.129080
v 2.914459 -12.867290 19.100950
v 3.770056 -12.558330 19.069109
v 4.542938 -12.188009 19.084539
v 5.230879 -11.785530 19.069920
v 5.817171 -11.380630 19.041340
v -7.445474 -9.809700 17.871820
v -7.123853 -10.177070 17.774019
v -6.777582 -10.541739 17.704399
v -6.367007 -10.923619 17.633001
v -5.872933 -11.329570 17.583820
v -5.328553 -11.718400 17.534510
v -4.689480 -12.115419 17.504459
v -3.929055 -12.498690 17.476170
v -3.085377 -12.832590 17.462450
v -2.164125 -13.097660 17.445669
v -1.163605 -13.276799 17.437189
v -0.097406 -13.346960 17.435829
v 0.951211 -13.297680 17.440409
v 1.957286 -13.140770 17.455629
v 2.905130 -12.891660 17.465599
v 3.761171 -12.574369 17.483521
v 4.543419 -12.195399 17.523270
v 5.205009 -11.798309 17.530989
v 5.790690 -11.389910 17.568380
v -7.323316 -9.765047 16.599850
v -6.992674 -10.132569 16.490070
v -6.635392 -10.503280 16.398239
v -6.245328 -10.856959 16.283079
v -5.762905 -11.246510 16.173960
v -5.224302 -11.626719 16.056360
v -4.602611 -12.012380 16.011099
v -3.869032 -12.380090 15.939380
v -3.023025 -12.714849 15.877270
v -2.115371 -12.973900 15.828230
v -1.134108 -13.147300 15.800349
v -0.100010 -13.215610 15.789470
v 0.925231 -13.170179 15.796909
v 1.917659 -13.017059 15.821939
v 2.863647 -12.767759 15.865680
v 3.705312 -12.454860 15.935479
v 4.459741 -12.095940 16.019711
v 5.094433 -11.715000 16.040899
v 5.651526 -11.331710 16.148790
v -7.100612 -9.724205 15.436159
v -6.796227 -10.041320 15.284699
v -6.448590 -10.369360 15.142850
v -6.042466 -10.724810 15.000870
v -5.591404 -11.071230 14.849500
v -5.047214 -11.438029 14.690340
v -4.432738 -11.796929 14.560220
v -3.728038 -12.139160 14.460589
v -2.922940 -12.448780 14.368830
v -2.050063 -12.694130 14.296420
v -1.093254 -12.859759 14.249980
v -0.088477 -12.923820 14.230619
v 0.900158 -12.879940 14.242980
v 1.849662 -12.735929 14.283319
v 2.748703 -12.504270 14.350120
v 3.565293 -12.211420 14.446810
v 4.304300 -11.874789 14.561580
v 4.913921 -11.530250 14.672259
v 5.464339 -11.166160 14.819759
v -6.842257 -9.597936 14.342850
v -6.522435 -9.919403 14.179070
v -6.188186 -10.199349 13.982400
v -5.799650 -10.505980 13.808929
v -5.342037 -10.833290 13.632760
v -4.825913 -11.155519 13.450290
v -4.225057 -11.486509 13.291240
v -3.547849 -11.788040 13.138260
v -2.758723 -12.069469 13.009130
v -1.922659 -12.291940 12.923130
v -1.030450 -12.431049 12.855070
v -0.102117 -12.485399 12.825430
v 0.821522 -12.450950 12.842100
v 1.719850 -12.328060 12.896620
v 2.591236 -12.116030 12.978849
v 3.389488 -11.855470 13.120910
v 4.093312 -11.571710 13.303140
v 4.687843 -11.252230 13.439710
v 5.210879 -10.929709 13.601950
v -6.566088 -9.416238 13.352090
v -6.242080 -9.706458 13.172509
v -5.878714 -9.996558 12.972680
v -5.485635 -10.273200 12.767779
v -5.042753 -10.537630 12.543190
v -4.517123 -10.826280 12.332200
v -3.940146 -11.107520 12.147180
v -3.302358 -11.363780 11.979429
v -2.584957 -11.598320 11.838980
v -1.797643 -11.796120 11.755580
v -0.956176 -11.907780 11.668130
v -0.093809 -11.950020 11.628779
v 0.760711 -11.918190 11.640989
v 1.591986 -11.814219 11.697909
v 2.408028 -11.626329 11.779090
v 3.152363 -11.413040 11.942619
v 3.827489 -11.171750 12.141210
v 4.395186 -10.911900 12.322590
v 4.926279 -10.623059 12.519640
v -6.224244 -9.283327 12.514050
v -5.914670 -9.509235 12.300400
v -5.561704 -9.722638 12.057090
v -5.136141 -9.979640 11.822001
v -4.690325 -10.226490 11.605080
v -4.201021 -10.446390 11.377500
v -3.655351 -10.676640 11.189030
v -3.052181 -10.894370 11.022580
v -2.397622 -11.096720 10.899290
v -1.668941 -11.236870 10.772380
v -0.869857 -11.323709 10.674980
v -0.050816 -11.360929 10.642330
v 0.745706 -11.325769 10.650510
v 1.493180 -11.249889 10.725719
v 2.225777 -11.104119 10.824920
v 2.920714 -10.920090 10.972859
v 3.540048 -10.731680 11.168070
v 4.081253 -10.525080 11.362070
v 4.592323 -10.299550 11.591599
v -5.878269 -9.067408 11.737090
v -5.541998 -9.308194 11.532630
v -5.193435 -9.495727 11.297450
v -4.800977 -9.675546 11.049160
v -4.380414 -9.864190 10.833139
v -3.886589 -10.066440 10.618670
v -3.353785 -10.258690 10.426960
v -2.769504 -10.420660 10.240490
v -2.143535 -10.589630 10.120820
v -1.483690 -10.701469 10.008140
v -0.779100 -10.747829 9.904295
v -0.043306 -10.773940 9.874292
v 0.674482 -10.753440 9.890419
v 1.329076 -10.711520 9.973559
v 2.021049 -10.587270 10.069779
v 2.686148 -10.428160 10.203549
v 3.261484 -10.294750 10.400840
v 3.778196 -10.143330 10.611950
v 4.279013 -9.931301 10.811900
v -5.544659 -8.823265 11.054430
v -5.198650 -9.007952 10.823339
v -4.841508 -9.196777 10.618179
v -4.442312 -9.390467 10.409690
v -4.031711 -9.555180 10.208280
v -3.580076 -9.689640 9.995205
v -3.083895 -9.834115 9.813306
v -2.538090 -9.969308 9.647217
v -1.963942 -10.095480 9.527813
v -1.346798 -10.205530 9.444621
v -0.715109 -10.243820 9.360161
v -0.070599 -10.257750 9.327282
v 0.567054 -10.254630 9.349664
v 1.177030 -10.214350 9.409718
v 1.829025 -10.087609 9.475043
v 2.465185 -9.976345 9.621304
v 2.998047 -9.874239 9.798719
v 3.478720 -9.743968 9.976538
v 3.957773 -9.597090 10.190390
v -5.192986 -8.695345 10.546040
v -4.865448 -8.823333 10.313580
v -4.530445 -8.937600 10.095429
v -4.167636 -9.057394 9.889021
v -3.758342 -9.214503 9.711280
v -3.296814 -9.362683 9.527397
v -2.831903 -9.473087 9.356498
v -2.326927 -9.565223 9.198919
v -1.769447 -9.661976 9.078494
v -1.207868 -9.727787 8.987162
v -0.637914 -9.768270 8.929438
v -0.048496 -9.779892 8.904393
v 0.534867 -9.787337 8.932798
v 1.090696 -9.770137 8.996170
v 1.676619 -9.671894 9.058920
v 2.264340 -9.564421 9.175602
v 2.754055 -9.487871 9.331547
v 3.211237 -9.386084 9.497504
v 3.678581 -9.236702 9.678384
v -4.867921 -8.485016 10.077390
v -4.541655 -8.633969 9.885527
v -4.216272 -8.746667 9.695137
v -3.875564 -8.841595 9.508383
v -3.506215 -8.921956 9.322937
v -3.099164 -9.004056 9.146741
v -2.662856 -9.101697 9.000676
v -2.169931 -9.201927 8.867301
v -1.654358 -9.278200 8.754552
v -1.120965 -9.331295 8.669241
v -0.594309 -9.337117 8.599806
v -0.065032 -9.339074 8.572568
v 0.471094 -9.349039 8.598391
v 1.010539 -9.344457 8.661452
v 1.550199 -9.275624 8.725783
v 2.051001 -9.185902 8.815114
v 2.515802 -9.096748 8.935472
v 2.971218 -9.003537 9.083228
v 3.397861 -8.917943 9.257450
v -4.687960 -8.163187 9.707105
v -4.364973 -8.288980 9.522902
v -4.017624 -8.422008 9.346826
v -3.651428 -8.559283 9.185154
v -3.280681 -8.653697 9.021198
v -2.907694 -8.697042 8.853287
v -2.520021 -8.726883 8.700261
v -2.062864 -8.802142 8.577095
v -1.557085 -8.897245 8.486474
v -1.038002 -8.926829 8.395943
v -0.526039 -8.942319 8.339337
v -0.037627 -8.951058 8.322223
v 0.460709 -8.945702 8.336147
v 0.955526 -8.931694 8.383818
v 1.431116 -8.908847 8.460577
v 1.911206 -8.799786 8.527039
v 2.367134 -8.713191 8.632649
v 2.796527 -8.683346 8.793888
v 3.197312 -8.649355 8.972472
v 3.506956 9.395212 28.665459
v 3.240667 9.466652 28.852699
v 3.181841 9.514339 28.851490
v 2.913562 9.589606 29.009310
v 2.810668 9.630653 29.038460
v 2.575678 9.690237 29.160860
v 2.377054 9.746579 29.224329
v 2.191404 9.783623 29.310169
v 1.939833 9.842730 29.376560
v 1.775634 9.866287 29.441580
v 1.501093 9.916683 29.490740
v 1.323578 9.935054 29.546509
v 0.964187 9.982759 29.590599
v 0.874337 9.987555 29.621199
v 0.420636 10.019959 29.647739
v 0.343589 10.020430 29.670910
v -0.080415 10.030280 29.665270
v -0.081590 10.028279 29.684660
v -0.608756 10.011230 29.636530
v -0.532520 10.011889 29.659960
v -1.061580 9.973875 29.579189
v -0.962751 9.980163 29.612280
v -1.594170 9.902549 29.468750
v -1.431721 9.920126 29.523939
v -2.019485 9.824868 29.347198
v -1.832439 9.855346 29.423399
v -2.467662 9.721880 29.184179
v -2.242406 9.769319 29.286089
v -2.869314 9.610563 29.006060
v -2.624525 9.674828 29.135670
v -3.252954 9.488043 28.808458
v -2.981603 9.565814 28.969358
v -3.591199 9.364400 28.609659
v -3.336074 9.434023 28.794809
v -3.913996 9.230604 28.396870
v -3.649680 9.293053 28.628729
v -4.225572 9.081478 28.179298
v -3.983406 9.096399 28.468248
v 3.856384 9.261736 28.410519
v 3.476704 9.412009 28.652449
v 3.084389 9.548333 28.865339
v 2.648018 9.678946 29.064178
v 2.198658 9.790213 29.230228
v 1.676393 9.890340 29.378790
v 1.065973 9.973555 29.500050
v 0.505133 10.016990 29.563349
v -0.081855 10.030140 29.584129
v -0.704867 10.006200 29.549398
v -1.208786 9.957969 29.479019
v -1.762531 9.875472 29.356001
v -2.271682 9.771183 29.199160
v -2.733362 9.652315 29.020969
v -3.185909 9.512827 28.808359
v -3.566680 9.378108 28.599159
v -3.915429 9.238002 28.370720
v -4.246492 9.090868 28.124840
v -4.532263 8.950723 27.890348
v 4.235455 9.097249 28.051420
v 3.839195 9.270767 28.298269
v 3.402244 9.439806 28.511740
v 2.929081 9.597359 28.690050
v 2.413785 9.738843 28.844069
v 1.816350 9.865087 28.987959
v 1.193914 9.957972 29.091440
v 0.591900 10.010520 29.149818
v -0.084960 10.027730 29.171089
v -0.796409 9.998380 29.136900
v -1.378681 9.935652 29.065979
v -1.931927 9.843904 28.959229
v -2.494824 9.717384 28.808609
v -3.037440 9.562108 28.632069
v -3.503384 9.402940 28.456179
v -3.911201 9.240945 28.262270
v -4.292430 9.069744 28.010420
v -4.625132 8.904918 27.749529
v -4.917747 8.746523 27.490280
v 4.583011 8.929461 27.389069
v 4.165990 9.131319 27.552799
v 3.706471 9.325683 27.651030
v 3.165481 9.520464 27.713230
v 2.559779 9.698863 27.764179
v 1.904831 9.845148 27.814400
v 1.259186 9.947791 27.843260
v 0.622384 10.006790 27.860859
v -0.099878 10.025690 27.869780
v -0.837146 9.994389 27.856449
v -1.459770 9.923759 27.832350
v -2.022606 9.825560 27.799099
v -2.591427 9.692523 27.751789
v -3.188436 9.512869 27.698519
v -3.733817 9.312767 27.642769
v -4.234814 9.097637 27.535860
v -4.661822 8.887899 27.339399
v -5.011760 8.695351 27.130939
v -5.327659 8.505106 26.900839
v 4.759527 8.837166 26.084139
v 4.288298 9.075712 26.132109
v 3.805824 9.286594 26.155510
v 3.224677 9.500107 26.167830
v 2.597217 9.687967 26.177259
v 1.932109 9.837329 26.189760
v 1.275761 9.944189 26.190269
v 0.625816 10.005420 26.191969
v -0.111684 10.024179 26.195869
v -0.848083 9.993138 26.190880
v -1.479197 9.920711 26.185740
v -2.045318 9.820863 26.180510
v -2.605897 9.689029 26.174429
v -3.202718 9.507094 26.172979
v -3.783529 9.290012 26.169029
v -4.336682 9.049394 26.133709
v -4.817433 8.805157 26.070610
v -5.261250 8.548144 26.001299
v -5.646435 8.300114 25.913219
v 4.788268 8.821319 24.428419
v 4.306429 9.067276 24.435820
v 3.818620 9.280777 24.439840
v 3.215783 9.502344 24.442659
v 2.601989 9.686717 24.443779
v 1.953348 9.831315 24.448519
v 1.284179 9.941658 24.444639
v 0.624691 10.004490 24.443840
v -0.119820 10.022750 24.446980
v -0.851140 9.992598 24.443409
v -1.481158 9.920296 24.441740
v -2.047579 9.820331 24.441439
v -2.602757 9.689740 24.442759
v -3.198727 9.505851 24.450129
v -3.821052 9.271612 24.453629
v -4.357981 9.039276 24.441669
v -4.836686 8.793909 24.430439
v -5.327877 8.506921 24.415169
v -5.751983 8.228827 24.398039
v 4.773182 8.829008 22.684389
v 4.301413 9.069794 22.684340
v 3.815219 9.281375 22.685579
v 3.196768 9.508329 22.687500
v 2.612526 9.685194 22.686409
v 2.001277 9.820926 22.688450
v 1.303712 9.937336 22.685678
v 0.629909 10.003210 22.685410
v -0.115343 10.021270 22.688540
v -0.846885 9.992352 22.685320
v -1.475383 9.920799 22.684210
v -2.046760 9.820097 22.684309
v -2.605186 9.687977 22.685759
v -3.228622 9.491522 22.690739
v -3.934600 9.224785 22.687990
v -4.393608 9.025739 22.686480
v -4.825156 8.800587 22.688519
v -5.327450 8.506937 22.683060
v -5.749222 8.231375 22.679699
v 4.757804 8.836754 20.927200
v 4.295810 9.072429 20.926119
v 3.810116 9.282526 20.927200
v 3.174018 9.515228 20.929419
v 2.610101 9.686343 20.927420
v 2.018719 9.816741 20.928459
v 1.310594 9.935543 20.926289
v 0.632068 10.002470 20.926310
v -0.111514 10.020050 20.929480
v -0.838513 9.992747 20.926529
v -1.458451 9.922644 20.925940
v -2.046225 9.819382 20.925819
v -2.606626 9.686862 20.926779
v -3.237221 9.486371 20.930489
v -3.970902 9.210092 20.924860
v -4.394809 9.026576 20.926760
v -4.802714 8.812302 20.931599
v -5.318237 8.511809 20.926859
v -5.743829 8.234924 20.924669
v 4.752805 8.838793 19.168390
v 4.294210 9.072854 19.167219
v 3.805567 9.283314 19.168499
v 3.150269 9.522300 19.171179
v 2.601849 9.688639 19.168610
v 2.020441 9.815659 19.169260
v 1.311478 9.934906 19.167179
v 0.632601 10.001949 19.167219
v -0.108994 10.018929 19.170460
v -0.828427 9.993377 19.167879
v -1.438241 9.924450 19.168129
v -2.057083 9.815869 19.167879
v -2.612410 9.684953 19.168070
v -3.235926 9.485546 19.171310
v -3.966881 9.211833 19.165150
v -4.381896 9.032917 19.167770
v -4.781193 8.822957 19.173239
v -5.309854 8.516057 19.168219
v -5.741935 8.235887 19.165909
v 4.751835 8.838618 17.409370
v 4.294067 9.072480 17.408239
v 3.801302 9.283954 17.409781
v 3.126571 9.529318 17.412930
v 2.592556 9.691127 17.409849
v 2.018728 9.815237 17.410269
v 1.310529 9.934578 17.408180
v 0.632605 10.001500 17.408140
v -0.106827 10.017830 17.411470
v -0.818069 9.994022 17.409290
v -1.418348 9.925959 17.410500
v -2.074945 9.810714 17.410240
v -2.621535 9.682264 17.409470
v -3.233358 9.485356 17.412369
v -3.955493 9.216409 17.406160
v -4.371460 9.037302 17.408779
v -4.773639 8.825390 17.414209
v -5.306759 8.517197 17.409189
v -5.741625 8.235823 17.406870
v 4.751642 8.838015 15.650359
v 4.294251 9.071938 15.649260
v 3.797607 9.284369 15.651040
v 3.104476 9.535723 15.654610
v 2.583434 9.693470 15.651079
v 2.015216 9.815057 15.651330
v 1.305271 9.934844 15.649349
v 0.631081 10.001249 15.649210
v -0.104993 10.016769 15.652519
v -0.807987 9.994614 15.650700
v -1.399480 9.927231 15.652889
v -2.094772 9.805086 15.652670
v -2.631755 9.679317 15.650920
v -3.229748 9.485574 15.653529
v -3.944649 9.220442 15.647189
v -4.371857 9.035471 15.649199
v -4.796205 8.810717 15.653480
v -5.314840 8.511997 15.649509
v -5.743049 8.234839 15.647559
v 4.751836 8.837196 13.891339
v 4.295030 9.071163 13.890260
v 3.797126 9.283584 13.892179
v 3.091378 9.538754 13.895960
v 2.576664 9.694729 13.892220
v 2.007553 9.815320 13.892509
v 1.287997 9.936729 13.890850
v 0.625056 10.001619 13.890400
v -0.104239 10.015759 13.893590
v -0.799575 9.994937 13.892050
v -1.384573 9.927799 13.895100
v -2.113812 9.799667 13.894990
v -2.639063 9.677408 13.892509
v -3.218892 9.488476 13.895090
v -3.934611 9.223515 13.888149
v -4.390751 9.023250 13.888490
v -4.865568 8.770009 13.889910
v -5.341608 8.496473 13.888619
v -5.745572 8.233976 13.887569
v 4.753548 8.835493 12.132319
v 4.298033 9.069513 12.131180
v 3.807815 9.278687 12.132879
v 3.107720 9.530970 12.136100
v 2.580346 9.691989 12.132950
v 1.998052 9.815372 12.133780
v 1.261094 9.939908 12.132770
v 0.616396 10.002430 12.131809
v -0.104610 10.014669 12.134669
v -0.795667 9.994467 12.133220
v -1.379445 9.926651 12.136749
v -2.128077 9.795345 12.136900
v -2.637984 9.678269 12.134250
v -3.192621 9.497345 12.137290
v -3.914860 9.231028 12.129620
v -4.390463 9.022004 12.128980
v -4.890940 8.755045 12.129120
v -5.350824 8.491127 12.128930
v -5.747989 8.232428 12.128360
v 4.758853 8.831664 10.373549
v 4.304572 9.066450 10.372129
v 3.833703 9.268391 10.372829
v 3.161679 9.509879 10.374109
v 2.599007 9.683916 10.372920
v 1.990713 9.814521 10.375070
v 1.233535 9.943285 10.374969
v 0.612700 10.003050 10.373500
v -0.103407 10.013410 10.375919
v -0.793762 9.993556 10.374390
v -1.378030 9.924798 10.378030
v -2.133732 9.792209 10.378190
v -2.643033 9.676057 10.374969
v -3.194851 9.495820 10.376980
v -3.904414 9.235494 10.370390
v -4.383541 9.025012 10.370020
v -4.893499 8.753363 10.369949
v -5.351647 8.490630 10.369989
v -5.749880 8.230959 10.369720
v 4.765006 8.827239 8.617582
v 4.308729 9.064243 8.615981
v 3.846570 9.263041 8.616286
v 3.183848 9.500909 8.616662
v 2.604703 9.680794 8.616173
v 1.981557 9.814627 8.618887
v 1.210506 9.946553 8.619524
v 0.622321 10.002979 8.617725
v -0.097089 10.011840 8.619421
v -0.791505 9.992468 8.617668
v -1.377887 9.922554 8.621295
v -2.141432 9.787537 8.621146
v -2.678937 9.662359 8.615518
v -3.277191 9.465289 8.612903
v -3.926295 9.228300 8.611298
v -4.381420 9.026617 8.613398
v -4.892097 8.754137 8.613769
v -5.350811 8.491137 8.613929
v -5.750101 8.230774 8.614098
v 4.771150 8.822792 6.888699
v 4.311706 9.062464 6.887025
v 3.852549 9.260256 6.887054
v 3.187412 9.498873 6.886452
v 2.603442 9.680235 6.884777
v 1.971156 9.815226 6.886248
v 1.190231 9.949578 6.885954
v 0.637187 10.002590 6.883484
v -0.088920 10.010190 6.884308
v -0.788709 9.991415 6.882542
v -1.376263 9.920688 6.886809
v -2.142971 9.784861 6.888244
v -2.692953 9.657011 6.883309
v -3.308039 9.454750 6.880512
v -3.927108 9.229249 6.881455
v -4.375037 9.029873 6.884408
v -4.889661 8.755402 6.884900
v -5.349695 8.491806 6.885071
v -5.749406 8.231319 6.885221
v 4.776716 8.818653 5.327720
v 4.313658 9.061007 5.326105
v 3.853204 9.259319 5.324792
v 3.177102 9.501694 5.319477
v 2.596100 9.681539 5.310156
v 1.957453 9.816544 5.302528
v 1.174732 9.951744 5.292998
v 0.653112 10.001820 5.287480
v -0.080519 10.008550 5.287181
v -0.784042 9.990681 5.286757
v -1.367864 9.920139 5.295051
v -2.135053 9.784415 5.306162
v -2.690237 9.657382 5.310522
v -3.299695 9.458569 5.317332
v -3.914775 9.234858 5.321314
v -4.367090 9.033514 5.324197
v -4.887255 8.756523 5.324676
v -5.348724 8.492292 5.324871
v -5.748961 8.231553 5.325047
v 4.781208 8.814937 4.329482
v 4.313194 9.059988 4.327891
v 3.840266 9.262783 4.322288
v 3.134526 9.515301 4.303346
v 2.571599 9.687561 4.274317
v 1.930346 9.820409 4.241795
v 1.164202 9.952648 4.206745
v 0.666011 10.000370 4.193199
v -0.072917 10.006949 4.191428
v -0.772815 9.990967 4.195073
v -1.337117 9.923659 4.214137
v -2.101725 9.788948 4.250666
v -2.665465 9.663657 4.280402
v -3.254254 9.474310 4.312385
v -3.892927 9.242660 4.324850
v -4.360656 9.035552 4.328052
v -4.886789 8.756076 4.328672
v -5.349323 8.491337 4.329015
v -5.749794 8.230436 4.329333
v 4.794881 8.805299 4.037427
v 4.318305 9.054348 4.035157
v 3.819791 9.267206 4.025439
v 3.072469 9.534033 3.996753
v 2.531217 9.696417 3.963520
v 1.880670 9.827539 3.922261
v 1.135582 9.955445 3.878385
v 0.662784 9.999229 3.863072
v -0.069310 10.005070 3.861046
v -0.754342 9.991719 3.865545
v -1.281978 9.930899 3.886767
v -2.042429 9.797673 3.932678
v -2.623875 9.672784 3.971515
v -3.192064 9.493392 4.009709
v -3.874210 9.246305 4.030148
v -4.367967 9.028732 4.036069
v -4.900514 8.746291 4.037550
v -5.362555 8.481003 4.038305
v -5.760740 8.220837 4.038973
v 4.382371 9.016527 3.982233
v 3.858610 9.245546 3.970828
v 3.122430 9.510210 3.939121
v 2.544126 9.685755 3.904989
v 1.876552 9.823573 3.863262
v 1.140724 9.950519 3.818504
v 0.665922 9.994796 3.802460
v -0.067533 10.001120 3.800150
v -0.748680 9.988677 3.804675
v -1.267754 9.929388 3.826157
v -2.030858 9.794961 3.873518
v -2.637813 9.661729 3.912666
v -3.247212 9.467624 3.950479
v -3.936661 9.213440 3.975178
v -4.453539 8.979393 3.983194
v -4.991222 8.690651 3.985440
v -5.445982 8.423174 3.986608
v -5.831260 8.166245 3.987644
v 3.082805 9.401738 29.041819
v 3.252453 9.017088 29.228859
v 2.750048 9.577027 29.141140
v 2.881314 9.298715 29.267469
v 2.392704 9.695569 29.270899
v 2.467565 9.466750 29.393059
v 2.021624 9.779980 29.401770
v 2.086595 9.549869 29.529329
v 1.670922 9.843562 29.502810
v 1.724211 9.614490 29.634779
v 1.201948 9.915021 29.600239
v 1.250241 9.714346 29.717218
v 0.814462 9.976496 29.646170
v 0.840730 9.873698 29.706909
v 0.293799 10.012350 29.686749
v 0.315455 9.944064 29.726700
v -0.082605 10.019250 29.697390
v -0.083130 9.955551 29.734789
v -0.484693 10.003819 29.675388
v -0.503985 9.937463 29.714600
v -0.902081 9.969536 29.637499
v -0.929189 9.869085 29.696560
v -1.313198 9.900476 29.577808
v -1.363400 9.703044 29.692169
v -1.719370 9.835309 29.488649
v -1.772638 9.606783 29.619179
v -2.078248 9.767035 29.376360
v -2.172309 9.538149 29.489618
v -2.487755 9.671206 29.229549
v -2.562344 9.445538 29.351950
v -2.816195 9.557826 29.104149
v -2.919283 9.295292 29.240519
v -3.231380 9.351040 28.962570
v -3.375823 8.986636 29.155180
v -3.567440 9.155367 28.849970
v -3.736215 8.801419 29.016119
v -3.934664 8.858507 28.777510
v -4.030989 8.632487 28.897240
v -6.482052 7.672229 3.988374
v -6.339412 7.781834 3.981507
v -6.062914 7.991520 3.979707
v -5.712545 8.240915 3.978268
v -5.282609 8.514304 3.976522
v -4.752162 8.814126 3.973382
v -4.216156 9.080430 3.965185
v -3.593891 9.325166 3.940140
v -2.823832 9.583741 3.897267
v -2.179128 9.751783 3.865236
v -1.391703 9.897765 3.819114
v -0.788929 9.972249 3.792698
v -0.070009 9.989719 3.786323
v 0.693833 9.980341 3.789721
v 1.236338 9.923873 3.809566
v 2.013101 9.782782 3.854196
v 2.718761 9.610345 3.889851
v 3.461674 9.370179 3.933290
v 4.081757 9.139649 3.961784
v 4.626336 8.881224 3.972288
v -5.718333 -6.969845 29.654570
v -5.323049 -7.144555 29.869850
v -4.922198 -7.332559 30.058859
v -4.567414 -7.451424 30.232430
v -4.043694 -7.639801 30.419340
v -3.573874 -7.771781 30.592218
v -3.041181 -7.883753 30.760159
v -2.467689 -8.018037 30.883160
v -1.901105 -8.103134 30.988180
v -1.268927 -8.164505 31.088339
v -0.655075 -8.152246 31.195160
v -0.023108 -8.199630 31.182049
v 0.588472 -8.156195 31.197889
v 1.202067 -8.169514 31.098009
v 1.789312 -8.118947 31.005169
v 2.388568 -8.031349 30.900700
v 2.931883 -7.906695 30.790958
v 3.495614 -7.786510 30.624119
v 3.926904 -7.674936 30.465309
v 3.255541 -8.152764 8.737549
v 3.634216 -8.104426 8.926218
v 3.344282 -7.654033 8.554615
v 3.732773 -7.592443 8.748157
v 3.432142 -7.444439 8.514969
v 3.843355 -7.339887 8.713024
v 3.583843 -7.153218 8.511294
v 4.013806 -6.888443 8.675059
v 3.981414 -5.883049 8.376797
v 4.440734 -5.286642 8.450659
v 4.840274 -2.790311 7.989241
v 5.124778 -2.507069 8.027666
v 5.232014 -1.401456 7.796895
v 5.436259 -1.319909 7.847553
v 5.289698 -0.315754 7.512208
v 5.528094 -0.385298 7.624139
v 5.148208 1.528381 6.830986
v 5.434251 1.512246 6.967319
v 5.276002 3.561757 5.817844
v 5.544458 3.570179 5.951493
v 5.753388 6.146284 4.096549
v 5.873628 6.126758 4.182708
v 5.919508 7.047631 3.466351
v 5.998600 7.032607 3.519381
v 5.918138 7.220189 3.336993
v 6.026828 7.210538 3.399106
v 5.881467 7.263706 3.306656
v 6.043814 7.257017 3.399641
v 5.838448 7.319301 3.310305
v 6.093473 7.320130 3.466278
v 5.766644 7.474703 3.387917
v 6.162037 7.454397 3.610099
v 5.606664 7.864104 3.613317
v 6.137356 7.726751 3.813262
v 5.322622 8.345425 3.857124
v 5.850718 8.084429 3.933057
v 4.978192 8.662817 3.951071
v 5.482878 8.380742 3.968152
v 2.840573 -8.193188 8.554922
v 2.917867 -7.727749 8.377217
v 3.003298 -7.522554 8.331809
v 3.144673 -7.261540 8.328824
v 3.551652 -6.068695 8.234787
v 4.499429 -2.901629 7.916944
v 4.961220 -1.330165 7.707788
v 5.002239 0.059894 7.331215
v 4.959404 1.673829 6.728402
v 5.109880 3.586735 5.747825
v 5.556800 6.173136 4.017702
v 5.671638 7.086840 3.367461
v 5.600845 7.272697 3.206937
v 5.485918 7.333192 3.140279
v 5.352036 7.412786 3.103428
v 5.174705 7.594420 3.146661
v 4.953518 8.011515 3.381301
v 4.704782 8.570934 3.740407
v 4.385287 8.944075 3.918446
v 2.379333 -8.236318 8.385848
v 2.450393 -7.804535 8.215993
v 2.544023 -7.592163 8.166399
v 2.673289 -7.334713 8.158580
v 3.042216 -6.173133 8.086425
v 3.931856 -3.042967 7.837616
v 4.534492 -1.391422 7.650370
v 4.692313 0.143227 7.258418
v 4.749620 1.713252 6.690228
v 4.842846 3.611536 5.689346
v 5.061180 6.236370 3.868327
v 5.096034 7.164376 3.186517
v 5.059710 7.345814 3.042326
v 5.001165 7.413822 3.004504
v 4.875896 7.549748 2.990380
v 4.593172 7.793119 3.024956
v 4.278514 8.186090 3.208518
v 4.033631 8.750267 3.598610
v 3.761452 9.167957 3.861501
v 1.913565 -8.336879 8.280627
v 1.978828 -7.898490 8.097957
v 2.051858 -7.660761 8.025416
v 2.133507 -7.407824 8.007689
v 2.289436 -6.315389 7.938368
v 2.730972 -3.336984 7.716812
v 3.522794 -1.656605 7.571113
v 3.896980 -0.142358 7.236863
v 4.164157 1.620308 6.683335
v 4.265274 3.604939 5.666462
v 4.333815 6.264148 3.800047
v 4.339700 7.195766 3.115388
v 4.328986 7.379811 2.985162
v 4.297883 7.489959 2.962822
v 4.176711 7.755923 2.959932
v 3.873997 8.075405 2.987707
v 3.588223 8.419027 3.136456
v 3.287496 8.988342 3.529344
v 2.943100 9.438041 3.808895
v 1.434169 -8.458169 8.216428
v 1.484299 -7.993500 8.010389
v 1.546617 -7.719573 7.914391
v 1.593888 -7.461813 7.883504
v 1.611988 -6.407290 7.804190
v 1.663078 -3.563212 7.577205
v 2.004237 -2.119210 7.435639
v 2.381139 -0.895495 7.214890
v 3.015256 1.340764 6.685175
v 3.253085 3.555505 5.662857
v 3.304372 6.265090 3.784757
v 3.309184 7.201781 3.101660
v 3.306986 7.389706 2.975131
v 3.293432 7.529222 2.955957
v 3.225567 7.888647 2.955704
v 3.040698 8.294266 2.987183
v 2.849721 8.664981 3.156235
v 2.535795 9.322597 3.601254
v 2.229925 9.671364 3.811194
v 0.957900 -8.479461 8.136802
v 0.981969 -8.038187 7.934071
v 1.015673 -7.758482 7.828852
v 1.038746 -7.498253 7.789836
v 1.037500 -6.451144 7.708554
v 1.012023 -3.643953 7.484314
v 1.124662 -2.300151 7.338595
v 1.386681 -1.201390 7.167984
v 1.935012 1.235018 6.673110
v 2.138469 3.538059 5.660352
v 2.175640 6.264251 3.782409
v 2.179501 7.202482 3.100028
v 2.179372 7.391623 2.974055
v 2.176213 7.540184 2.955227
v 2.157036 7.933169 2.955135
v 2.091212 8.386246 2.986716
v 1.963402 8.791821 3.158372
v 1.657838 9.528975 3.607677
v 1.410791 9.839289 3.780528
v 0.467173 -8.496469 8.092640
v 0.471734 -8.048271 7.882763
v 0.478339 -7.774012 7.774603
v 0.491317 -7.517590 7.734089
v 0.493536 -6.472396 7.652274
v 0.469852 -3.671049 7.428144
v 0.506211 -2.346783 7.278891
v 0.633395 -1.271128 7.123507
v 0.910140 1.212893 6.659307
v 1.012154 3.534692 5.657966
v 1.030304 6.264029 3.781962
v 1.032231 7.202533 3.099886
v 1.032325 7.391867 2.973973
v 1.031891 7.542002 2.955162
v 1.028588 7.942029 2.954957
v 1.013306 8.409502 2.985583
v 0.965330 8.834568 3.152843
v 0.836721 9.616145 3.591493
v 0.749286 9.915541 3.757595
v -0.047888 -8.494444 8.075737
v -0.043216 -8.042886 7.864126
v -0.040391 -7.775379 7.758487
v -0.038633 -7.522364 7.718546
v -0.040457 -6.478212 7.635991
v -0.051195 -3.677711 7.410969
v -0.055105 -2.355977 7.260068
v -0.064289 -1.282455 7.107580
v -0.099935 1.209431 6.654175
v -0.114010 3.534164 5.657082
v -0.116619 6.263983 3.781858
v -0.116909 7.202533 3.099873
v -0.116927 7.391885 2.973968
v -0.116896 7.542171 2.955157
v -0.116590 7.942998 2.954924
v -0.114557 8.412632 2.985309
v -0.105175 8.841979 3.151292
v -0.080921 9.633544 3.586775
v -0.072361 9.930364 3.752593
v -0.540192 -8.497965 8.098800
v -0.562611 -8.050294 7.891074
v -0.592647 -7.772452 7.784184
v -0.612962 -7.514125 7.744549
v -0.625631 -6.467723 7.664033
v -0.641276 -3.664090 7.442890
v -0.681346 -2.341256 7.292832
v -0.806197 -1.267657 7.132946
v -1.124238 1.213910 6.662131
v -1.242727 3.534856 5.658435
v -1.263817 6.264038 3.782028
v -1.266034 7.202528 3.099897
v -1.266112 7.391850 2.973974
v -1.265448 7.541865 2.955167
v -1.260460 7.941291 2.954971
v -1.236658 8.407607 2.985709
v -1.158166 8.832157 3.153591
v -0.963751 9.609631 3.593975
v -0.853435 9.906983 3.760783
v -1.051399 -8.476078 8.151716
v -1.080302 -8.028985 7.946722
v -1.128526 -7.750822 7.843708
v -1.176060 -7.490189 7.808962
v -1.214078 -6.437531 7.733070
v -1.253279 -3.618729 7.514376
v -1.324039 -2.286750 7.362596
v -1.558610 -1.195713 7.181766
v -2.146629 1.236482 6.677025
v -2.367885 3.538265 5.661045
v -2.408677 6.264180 3.782690
v -2.412734 7.202408 3.100182
v -2.412303 7.391455 2.974106
v -2.408123 7.539014 2.955260
v -2.383679 7.927955 2.955224
v -2.300609 8.375548 2.987215
v -2.139781 8.782622 3.160911
v -1.814780 9.509466 3.615415
v -1.575973 9.812358 3.790627
v -1.555437 -8.443428 8.238649
v -1.593516 -7.978417 8.029886
v -1.648969 -7.709057 7.934443
v -1.716744 -7.448332 7.906454
v -1.844193 -6.367339 7.837849
v -2.086681 -3.469887 7.623461
v -2.230192 -2.082123 7.461511
v -2.526943 -0.887494 7.224042
v -3.210010 1.341900 6.687215
v -3.473764 3.555379 5.663718
v -3.532918 6.264256 3.786717
v -3.537104 7.201093 3.103081
v -3.532707 7.388620 2.975742
v -3.515666 7.523430 2.956350
v -3.434907 7.867299 2.956189
v -3.215391 8.260420 2.988442
v -2.959495 8.647953 3.160816
v -2.655144 9.303671 3.612134
v -2.390824 9.641358 3.823486
v -2.047981 -8.339276 8.323930
v -2.092561 -7.893328 8.131737
v -2.166028 -7.649435 8.056439
v -2.283916 -7.382148 8.039011
v -2.650358 -6.223050 7.979164
v -3.506482 -3.118447 7.777000
v -3.870314 -1.570626 7.596114
v -4.069757 -0.125690 7.242583
v -4.335511 1.622086 6.684815
v -4.450732 3.603650 5.670232
v -4.536546 6.259556 3.810737
v -4.537636 7.191903 3.123882
v -4.517168 7.375742 2.989732
v -4.477739 7.475896 2.966153
v -4.340323 7.714171 2.963347
v -4.017557 8.024543 2.993424
v -3.691864 8.394053 3.151759
v -3.409989 8.969943 3.553225
v -3.060508 9.411746 3.823234
v -2.516636 -8.240135 8.439786
v -2.571386 -7.799463 8.259845
v -2.644606 -7.581618 8.201047
v -2.786220 -7.314025 8.192790
v -3.225025 -6.119224 8.119066
v -4.248041 -2.950055 7.865759
v -4.662822 -1.356667 7.660027
v -4.754787 0.151733 7.260948
v -4.810678 1.714234 6.693109
v -4.924510 3.608032 5.700855
v -5.182749 6.224192 3.897501
v -5.211993 7.152990 3.213142
v -5.160405 7.336695 3.062205
v -5.095622 7.401354 3.021888
v -4.970284 7.523745 3.007209
v -4.702611 7.757946 3.044868
v -4.399888 8.164436 3.245265
v -4.150172 8.738749 3.637690
v -3.863148 9.140754 3.876982
v -2.918474 -8.194738 8.589931
v -2.997112 -7.716128 8.407456
v -3.092847 -7.502745 8.366741
v -3.243132 -7.208824 8.359212
v -3.668639 -5.933844 8.247326
v -4.599056 -2.835925 7.925415
v -5.009882 -1.302373 7.712758
v -5.034512 0.079337 7.335532
v -4.986896 1.681309 6.734576
v -5.151021 3.589949 5.760593
v -5.609968 6.168004 4.036357
v -5.744825 7.075479 3.395452
v -5.699392 7.255905 3.246491
v -5.592835 7.313992 3.183889
v -5.456758 7.391713 3.145988
v -5.277330 7.574158 3.186917
v -5.075568 7.991288 3.428533
v -4.847153 8.531310 3.776564
v -4.518353 8.887377 3.930185
v -3.299145 -8.150317 8.759699
v -3.401095 -7.637929 8.578939
v -3.524161 -7.390178 8.548075
v -3.706658 -6.911688 8.510023
v -4.173425 -5.237816 8.298274
v -4.935009 -2.541123 7.962933
v -5.301362 -1.318404 7.799999
v -5.355120 -0.258214 7.524148
v -5.208766 1.557888 6.849396
v -5.349411 3.587761 5.838660
v -5.788516 6.155015 4.104862
v -5.945888 7.046354 3.475393
v -5.953509 7.214684 3.351779
v -5.923661 7.257644 3.326282
v -5.891919 7.312740 3.336938
v -5.849668 7.462899 3.427617
v -5.725604 7.828855 3.652809
v -5.469780 8.273376 3.876613
v -5.128436 8.579863 3.956041
v -3.675784 -8.084664 8.942273
v -3.796074 -7.552666 8.772261
v -3.940219 -7.199614 8.729112
v -4.219625 -6.212797 8.602738
v -4.806615 -3.565555 8.165824
v -5.280468 -1.827474 7.917007
v -5.501238 -1.159910 7.832724
v -5.592221 -0.310839 7.633169
v -5.522672 1.593386 6.970555
v -5.639153 3.706424 5.899238
v -5.907495 6.194038 4.134232
v -6.006944 7.050549 3.499882
v -6.032662 7.213530 3.394235
v -6.060795 7.261748 3.411422
v -6.126311 7.329441 3.493551
v -6.216330 7.461828 3.649159
v -6.204145 7.704890 3.835186
v -5.961188 8.014204 3.939560
v -5.625852 8.285732 3.969064
v -4.041897 -8.006489 9.136686
v -4.167548 -7.475997 8.980219
v -4.308024 -7.084430 8.928528
v -4.602136 -5.902260 8.749350
v -5.166496 -2.849791 8.154140
v -5.475197 -1.502989 7.915438
v -5.642356 -1.006080 7.853943
v -5.741688 -0.194374 7.662400
v -5.720841 1.801478 6.924242
v -5.808651 4.169020 5.611448
v -5.969398 6.362982 4.033248
v -6.044183 7.091463 3.507100
v -6.104156 7.249728 3.461658
v -6.201023 7.328749 3.552394
v -6.333207 7.422236 3.698129
v -6.431401 7.517274 3.828324
v -6.442215 7.636536 3.926383
v -6.305440 7.789572 3.964300
v -6.022666 8.014019 3.974188
v -4.382464 -7.926013 9.338044
v -4.500204 -7.402863 9.188313
v -4.637330 -7.001540 9.137705
v -4.901066 -5.785387 8.926684
v -5.372745 -2.653669 8.225123
v -5.614379 -1.357242 7.948165
v -5.746539 -0.871637 7.870079
v -5.831660 -0.004542 7.621903
v -5.820458 2.274321 6.606264
v -5.932217 5.292215 4.746111
v -6.040385 6.814224 3.723774
v -6.132545 7.218868 3.530021
v -6.256692 7.345312 3.618197
v -6.395161 7.438675 3.761507
v -6.478967 7.500467 3.853714
v -6.515873 7.548562 3.908292
v -6.517943 7.610803 3.954423
v -6.470149 7.671255 3.971485
v -6.322582 7.791031 3.976574
v -4.703914 -7.853214 9.553667
v -4.810967 -7.337221 9.407623
v -4.952458 -6.923975 9.362524
v -5.195055 -5.709090 9.138916
v -5.592446 -2.595643 8.379570
v -5.745050 -1.301181 8.030304
v -5.830527 -0.804099 7.912104
v -5.888100 0.053184 7.639158
v -5.873157 2.381767 6.547669
v -6.003573 5.636671 4.523033
v -6.148576 6.973718 3.754931
v -6.298476 7.325136 3.703904
v -6.427639 7.442443 3.806701
v -6.503243 7.499354 3.880447
v -6.530200 7.527778 3.910306
v -6.537085 7.556404 3.930738
v -6.535553 7.603518 3.962257
v -6.523089 7.631913 3.974941
v -6.474206 7.675268 3.978892
v -5.123348 -7.304640 9.668862
v -5.267467 -6.864116 9.620672
v -5.490845 -5.693795 9.405001
v -5.838445 -2.720488 8.660181
v -5.935355 -1.354388 8.233616
v -5.969459 -0.831291 8.058926
v -6.006736 -0.057015 7.805293
v -5.994470 2.020553 6.860923
v -6.095456 5.120950 5.044002
v -6.312937 6.754280 4.243574
v -6.450606 7.300789 4.000086
v -6.514183 7.456493 3.949286
v -6.536895 7.509126 3.932842
v -6.542269 7.533402 3.932418
v -6.542317 7.561418 3.946032
v -6.540317 7.603083 3.972640
v -6.536234 7.622972 3.983351
v -6.524068 7.637533 3.986547
v -5.422654 -6.634722 30.268919
v -5.749955 -6.531733 30.039700
v -5.553092 -6.075119 30.623539
v -5.886121 -5.970357 30.366199
v -5.748454 -5.447894 30.903820
v -6.060900 -5.350356 30.648140
v -5.897694 -4.814302 31.168379
v -6.227849 -4.696664 30.883018
v -6.041015 -4.124034 31.396370
v -6.372051 -4.014397 31.094749
v -6.167778 -3.405322 31.577438
v -6.473965 -3.319438 31.274269
v -6.253587 -2.544754 31.759008
v -6.550611 -2.550611 31.426159
v -6.274448 -1.767524 31.884708
v -6.595126 -1.735169 31.524670
v -6.243515 -0.997008 31.969938
v -6.565514 -1.021935 31.602549
v -6.202903 -0.112188 31.954809
v -6.514870 -0.201732 31.605160
v -6.095938 0.617257 31.937180
v -6.403860 0.533568 31.599009
v -5.966290 1.001405 31.985109
v -6.270671 0.899636 31.669449
v -5.820928 1.165943 32.078609
v -6.126589 1.054563 31.780729
v -5.634358 1.457226 32.066978
v -5.948812 1.329641 31.795118
v -5.289205 2.685146 31.504259
v -5.609761 2.525530 31.287359
v -4.708730 5.744333 29.949280
v -4.976225 5.644484 29.739239
v -4.412326 7.457103 29.235409
v -4.685957 7.363216 29.008440
v -4.284551 8.016694 29.056749
v -4.554962 7.923594 28.839849
v -4.176429 8.411184 28.918388
v -4.449695 8.291097 28.728819
v -4.981576 -6.814160 30.506720
v -5.131969 -6.229724 30.883169
v -5.336699 -5.605794 31.175209
v -5.532688 -4.926411 31.450640
v -5.652221 -4.246664 31.716228
v -5.796332 -3.436458 31.932819
v -5.879308 -2.540691 32.138611
v -5.908412 -1.763564 32.262508
v -5.906883 -0.912896 32.320271
v -5.866157 -0.008291 32.298428
v -5.766124 0.704709 32.265240
v -5.638351 1.104581 32.291470
v -5.486106 1.290819 32.358150
v -5.266312 1.665256 32.271950
v -4.860605 3.057967 31.572168
v -4.363620 5.934828 30.120569
v -4.130828 7.551415 29.437790
v -4.031500 8.089542 29.243809
v -3.902513 8.506592 29.094830
v -4.592579 -6.967432 30.691019
v -4.717926 -6.433523 31.059488
v -4.917122 -5.769897 31.413429
v -5.095464 -5.068494 31.740719
v -5.236081 -4.340487 32.034870
v -5.381653 -3.513357 32.276119
v -5.465701 -2.633625 32.492027
v -5.523871 -1.773507 32.617500
v -5.546367 -0.850277 32.659199
v -5.498040 0.057936 32.640568
v -5.382876 0.786303 32.610748
v -5.244410 1.217079 32.624847
v -5.083324 1.436723 32.660660
v -4.832152 1.944008 32.473751
v -4.370079 3.598045 31.592628
v -3.973865 6.180772 30.282509
v -3.793431 7.648310 29.661070
v -3.693805 8.164900 29.475489
v -3.530443 8.604614 29.325729
v -4.133815 -7.121479 30.875469
v -4.301842 -6.574248 31.247900
v -4.484905 -5.893870 31.647638
v -4.671144 -5.177504 32.003307
v -4.806736 -4.436405 32.324471
v -4.920745 -3.634943 32.601471
v -5.019428 -2.700486 32.838768
v -5.099083 -1.766824 32.969471
v -5.119318 -0.821475 33.018318
v -5.065136 0.086405 33.005608
v -4.951941 0.853013 32.961678
v -4.815115 1.330663 32.944691
v -4.648138 1.632972 32.906811
v -4.357556 2.458992 32.482521
v -3.837664 4.627310 31.259180
v -3.552659 6.618129 30.295700
v -3.437343 7.775866 29.839140
v -3.350368 8.257965 29.663059
v -3.175028 8.748151 29.472950
v -3.631445 -7.247518 31.079340
v -3.830688 -6.667058 31.475760
v -3.983914 -6.019124 31.891180
v -4.160614 -5.306118 32.268341
v -4.267135 -4.549841 32.635918
v -4.406811 -3.691022 32.938087
v -4.514822 -2.718024 33.195000
v -4.590496 -1.801360 33.335468
v -4.617027 -0.861464 33.390900
v -4.573107 0.078090 33.374489
v -4.460064 0.914307 33.313961
v -4.325753 1.446070 33.260990
v -4.159784 1.819084 33.140320
v -3.862983 2.829541 32.530159
v -3.377361 5.119003 31.212959
v -3.121076 6.828604 30.439589
v -2.994680 7.855544 30.073549
v -2.903672 8.337439 29.895020
v -2.777649 8.830480 29.661480
v -3.074165 -7.350565 31.281319
v -3.244676 -6.788633 31.696230
v -3.411882 -6.150240 32.116219
v -3.558310 -5.448343 32.524349
v -3.694018 -4.654486 32.917450
v -3.836425 -3.775379 33.247002
v -3.923224 -2.814523 33.530010
v -3.991388 -1.859776 33.702431
v -4.030513 -0.887334 33.767799
v -3.986659 0.109462 33.752197
v -3.891648 0.990401 33.664261
v -3.766614 1.556500 33.577271
v -3.588551 1.967108 33.414520
v -3.274945 3.050175 32.726189
v -2.884210 5.304247 31.380970
v -2.707813 6.920963 30.621069
v -2.623289 7.916532 30.240650
v -2.540019 8.429867 30.032469
v -2.413592 8.898218 29.807169
v -2.495100 -7.494040 31.401609
v -2.684920 -6.898432 31.859230
v -2.835826 -6.258200 32.310318
v -2.976055 -5.572830 32.726929
v -3.112361 -4.806599 33.120060
v -3.234179 -3.878756 33.502239
v -3.296153 -2.854755 33.833828
v -3.349470 -1.830482 34.038361
v -3.386621 -0.813977 34.111950
v -3.355747 0.195415 34.085350
v -3.265289 1.078505 33.982170
v -3.146793 1.660702 33.868549
v -2.978333 2.093612 33.665329
v -2.694256 3.212109 32.909058
v -2.359834 5.414833 31.569510
v -2.177645 6.994553 30.828588
v -2.072587 7.971889 30.456940
v -1.993238 8.504113 30.229389
v -1.912042 8.968563 29.981180
v -1.898026 -7.594498 31.509270
v -2.035298 -6.998672 32.003387
v -2.188599 -6.340483 32.486950
v -2.289528 -5.661256 32.928391
v -2.419452 -4.888550 33.344379
v -2.506726 -4.008156 33.738228
v -2.560757 -2.981409 34.088558
v -2.612337 -1.918812 34.319370
v -2.652928 -0.829606 34.412170
v -2.641459 0.236553 34.378559
v -2.559795 1.156445 34.261528
v -2.462040 1.751254 34.123798
v -2.333671 2.186944 33.886608
v -2.120413 3.307281 33.083008
v -1.862147 5.483045 31.725300
v -1.710193 7.049254 30.975149
v -1.640378 8.024950 30.586079
v -1.588219 8.593747 30.321770
v -1.494789 9.130295 30.022739
v -1.279746 -7.685159 31.575779
v -1.409711 -7.090788 32.084908
v -1.507001 -6.457189 32.576958
v -1.565569 -5.738557 33.070168
v -1.649114 -4.939891 33.529270
v -1.749181 -4.036370 33.944267
v -1.796681 -3.018391 34.302048
v -1.837220 -1.953466 34.543739
v -1.868026 -0.829526 34.650150
v -1.846091 0.274158 34.618031
v -1.786233 1.235384 34.479481
v -1.711509 1.832157 34.322960
v -1.613931 2.265825 34.062561
v -1.470250 3.373716 33.237431
v -1.279671 5.536259 31.861910
v -1.147843 7.099245 31.102329
v -1.139191 8.077727 30.690310
v -1.123049 8.722859 30.365459
v -1.013768 9.474569 29.927929
v -0.642301 -7.705927 31.654160
v -0.701169 -7.152490 32.146290
v -0.767446 -6.540946 32.634010
v -0.819520 -5.790234 33.159920
v -0.864967 -4.971121 33.645741
v -0.929686 -4.049736 34.083649
v -0.967421 -3.017488 34.454369
v -1.002559 -1.952672 34.699928
v -1.017343 -0.825613 34.813030
v -0.995263 0.286611 34.779930
v -0.959610 1.269144 34.626148
v -0.909059 1.889696 34.443138
v -0.843885 2.348223 34.143898
v -0.767277 3.427675 33.329090
v -0.688377 5.567907 31.946629
v -0.650877 7.102782 31.180569
v -0.674309 8.026926 30.779600
v -0.676779 8.724972 30.419189
v -0.572319 9.603762 29.908939
v -0.021309 -7.750004 31.642170
v -0.047703 -7.177143 32.160000
v -0.049935 -6.552612 32.670578
v -0.060862 -5.806080 33.200100
v -0.079736 -4.988971 33.688290
v -0.067078 -4.071444 34.133461
v -0.081875 -3.050349 34.505398
v -0.102860 -1.964558 34.758320
v -0.108277 -0.815996 34.875481
v -0.106040 0.313441 34.839767
v -0.098215 1.297019 34.677509
v -0.076216 1.938688 34.463551
v -0.050613 2.438350 34.112030
v -0.038743 3.472212 33.338551
v -0.047350 5.582235 31.976490
v -0.064287 7.092581 31.215500
v -0.081957 7.978570 30.826500
v -0.085595 8.684473 30.462769
v -0.083852 9.618595 29.928280
v 0.599140 -7.706733 31.658020
v 0.610146 -7.154317 32.155228
v 0.633253 -6.539485 32.652927
v 0.658701 -5.782272 33.185959
v 0.692419 -4.966092 33.668510
v 0.761614 -4.044914 34.107361
v 0.776956 -3.036976 34.472088
v 0.797566 -1.962817 34.719151
v 0.811194 -0.816943 34.833050
v 0.799470 0.316509 34.797359
v 0.776924 1.287038 34.643600
v 0.752456 1.898342 34.459618
v 0.714603 2.354095 34.158730
v 0.656672 3.432472 33.341599
v 0.580687 5.571541 31.955490
v 0.537411 7.104639 31.185369
v 0.554982 8.022749 30.788778
v 0.536621 8.705311 30.441450
v 0.399155 9.601116 29.924589
v 1.218913 -7.688860 31.585709
v 1.276130 -7.100682 32.104401
v 1.333647 -6.467162 32.605980
v 1.403238 -5.740965 33.102589
v 1.505610 -4.939982 33.559910
v 1.580470 -4.045978 33.978107
v 1.607803 -3.046563 34.338001
v 1.656324 -1.971239 34.581818
v 1.681464 -0.826161 34.691090
v 1.676949 0.307388 34.652309
v 1.630118 1.261003 34.510330
v 1.561226 1.847408 34.353710
v 1.462401 2.278152 34.093620
v 1.319164 3.385568 33.267258
v 1.156437 5.544759 31.884649
v 1.070616 7.099076 31.116730
v 1.043107 8.060038 30.717619
v 1.003689 8.697704 30.404949
v 0.918540 9.468774 29.947168
v 1.816261 -7.604685 31.524889
v 1.902139 -7.021707 32.024441
v 2.029248 -6.375473 32.506008
v 2.151324 -5.675155 32.960041
v 2.269745 -4.895293 33.387978
v 2.345553 -4.014354 33.790428
v 2.386883 -3.007494 34.143120
v 2.451042 -1.940103 34.373760
v 2.483851 -0.833948 34.471920
v 2.486462 0.261961 34.430038
v 2.414688 1.182762 34.307388
v 2.316699 1.771051 34.168468
v 2.176594 2.206001 33.931721
v 1.955193 3.328695 33.125431
v 1.716630 5.498844 31.762779
v 1.593640 7.058745 31.008440
v 1.504015 8.019522 30.630329
v 1.402580 8.580681 30.385059
v 1.364903 9.130414 30.060268
v 2.423799 -7.505087 31.420139
v 2.561537 -6.921056 31.888840
v 2.707612 -6.280428 32.343800
v 2.830706 -5.592790 32.773438
v 2.954328 -4.816135 33.179661
v 3.056118 -3.887186 33.578888
v 3.127644 -2.902993 33.898350
v 3.194916 -1.880028 34.100178
v 3.222246 -0.815771 34.186390
v 3.217082 0.222342 34.146271
v 3.129046 1.102494 34.040768
v 3.012360 1.682648 33.922520
v 2.845469 2.121180 33.709141
v 2.563001 3.253733 32.934837
v 2.263725 5.437385 31.594238
v 2.094551 7.013000 30.859018
v 2.007559 7.981060 30.483479
v 1.929043 8.513610 30.251820
v 1.858714 8.975539 30.001410
v 2.978816 -7.367834 31.313839
v 3.108080 -6.819795 31.739559
v 3.275324 -6.182846 32.161739
v 3.421787 -5.488830 32.569401
v 3.580629 -4.681027 32.961098
v 3.701781 -3.808049 33.306900
v 3.782088 -2.879545 33.590370
v 3.848156 -1.897651 33.775681
v 3.874418 -0.873592 33.856949
v 3.868030 0.129062 33.820580
v 3.781141 1.006392 33.725121
v 3.651690 1.580468 33.631531
v 3.448563 2.018064 33.456028
v 3.108155 3.147453 32.733349
v 2.763602 5.352622 31.406279
v 2.560220 6.954555 30.679668
v 2.465739 7.928262 30.315750
v 2.384842 8.428956 30.110600
v 2.268781 8.903117 29.876919
v 3.543704 -7.259004 31.121090
v 3.700395 -6.686982 31.535889
v 3.866393 -6.053618 31.937618
v 4.032476 -5.369658 32.306160
v 4.175221 -4.578857 32.676250
v 4.320380 -3.715222 32.984131
v 4.406634 -2.786038 33.244881
v 4.463302 -1.829395 33.411900
v 4.470554 -0.850380 33.488979
v 4.445451 0.100437 33.460819
v 4.351730 0.933025 33.385387
v 4.219146 1.471990 33.321777
v 4.021561 1.872945 33.192940
v 3.694170 2.930332 32.550697
v 3.268731 5.173841 31.235760
v 3.047336 6.867745 30.460409
v 2.944550 7.871107 30.093100
v 2.858755 8.345945 29.913528
v 2.711320 8.842569 29.689219
v 4.013317 -7.143735 30.935558
v 4.170247 -6.576760 31.334690
v 4.362516 -5.922609 31.713619
v 4.547931 -5.226571 32.059391
v 4.711925 -4.469974 32.373737
v 4.855716 -3.662767 32.638008
v 4.955184 -2.735094 32.875008
v 5.017992 -1.766155 33.028378
v 5.006313 -0.806821 33.105728
v 4.962251 0.094766 33.085308
v 4.860131 0.865458 33.030880
v 4.727165 1.351142 33.004959
v 4.546034 1.666220 32.963890
v 4.247943 2.513351 32.519848
v 3.772765 4.670077 31.272280
v 3.509221 6.645078 30.310850
v 3.388092 7.780067 29.871368
v 3.294147 8.247940 29.707748
v 3.138783 8.749392 29.496698
v 4.503196 -7.010587 30.717319
v 4.650292 -6.453081 31.094028
v 4.831097 -5.810307 31.454739
v 5.000308 -5.126412 31.780819
v 5.170336 -4.389057 32.061520
v 5.320390 -3.567125 32.305531
v 5.405374 -2.695265 32.523548
v 5.464821 -1.779594 32.662239
v 5.476793 -0.829125 32.715641
v 5.427471 0.068379 32.698608
v 5.318779 0.799432 32.662067
v 5.182710 1.235243 32.669708
v 5.013849 1.471334 32.694988
v 4.749299 2.031554 32.470318
v 4.287981 3.749322 31.542599
v 3.890062 6.265978 30.295910
v 3.700456 7.679221 29.715559
v 3.580426 8.187365 29.549889
v 3.432524 8.628931 29.385839
v 4.855212 -7.004594 30.434410
v 5.068084 -6.399399 30.791210
v 5.233541 -5.803467 31.118549
v 5.464383 -5.088451 31.398890
v 5.618898 -4.381246 31.666100
v 5.776695 -3.529806 31.903959
v 5.863984 -2.658369 32.107788
v 5.899328 -1.810219 32.246300
v 5.920018 -0.897201 32.288090
v 5.873945 0.009921 32.272358
v 5.752185 0.739561 32.255768
v 5.602246 1.142742 32.289478
v 5.415770 1.417025 32.299988
v 5.134070 2.078246 32.026970
v 4.699663 3.781162 31.151230
v 4.262461 6.292355 29.969709
v 4.025980 7.675112 29.450418
v 3.882945 8.195421 29.300690
v 3.746443 8.601622 29.153358
v -5.034354 8.362862 27.850460
v -4.749835 8.386360 28.267818
v -5.235392 8.108044 27.830439
v -4.925118 8.165081 28.251570
v -5.426596 7.856540 27.746590
v -5.059178 7.910885 28.243290
v -5.629865 7.411015 27.732988
v -5.255562 7.350213 28.317810
v -5.811827 6.619132 27.933559
v -5.523486 6.009485 28.786970
v -6.179621 4.780954 28.557600
v -6.084110 3.275612 29.936939
v -6.682583 2.542511 29.462978
v -6.546665 1.550778 30.655390
v -7.191709 1.010461 30.008259
v -6.841848 0.867916 30.826778
v -7.457135 0.476236 30.036459
v -7.014033 0.631420 30.740950
v -7.618226 0.194759 29.890739
v -7.149762 0.342416 30.623020
v -7.733553 -0.313945 29.794939
v -7.257108 -0.292479 30.589760
v -7.810343 -1.074413 29.742769
v -7.324170 -0.998246 30.553530
v -7.820031 -1.956465 29.685659
v -7.338762 -1.820828 30.496300
v -7.785852 -2.763867 29.578709
v -7.303859 -2.640973 30.390030
v -7.687565 -3.585652 29.449909
v -7.241243 -3.391440 30.236969
v -7.539740 -4.388305 29.269819
v -7.097527 -4.181706 30.073528
v -7.386370 -5.110148 29.041710
v -6.983664 -4.834047 29.843260
v -7.164193 -5.829929 28.805359
v -6.761552 -5.566733 29.620258
v -6.936910 -6.477260 28.554539
v -6.603678 -6.145642 29.353149
v -5.305642 8.370728 27.332150
v -5.563416 8.046232 27.287088
v -5.795579 7.755766 27.197819
v -6.015562 7.411271 27.084759
v -6.173736 6.868171 27.139830
v -6.406794 5.765781 27.372929
v -6.790149 3.825450 28.069710
v -7.475025 1.426734 28.939280
v -7.874421 0.374674 29.169649
v -8.077966 0.003939 29.042139
v -8.206138 -0.401434 28.885759
v -8.287655 -1.178073 28.809750
v -8.311922 -2.045729 28.722118
v -8.261962 -2.896181 28.641510
v -8.125016 -3.800103 28.544899
v -7.977672 -4.598696 28.353710
v -7.767730 -5.411420 28.138618
v -7.552603 -6.104763 27.894819
v -7.283598 -6.781815 27.652929
v -5.626808 8.264074 26.783329
v -5.881333 7.986409 26.631300
v -6.156693 7.617591 26.551559
v -6.395238 7.280365 26.419128
v -6.567846 6.858577 26.363850
v -6.780318 6.100279 26.364779
v -7.086493 4.524264 26.761610
v -7.694917 2.032044 27.589209
v -8.201169 0.432525 28.076099
v -8.486478 -0.199487 28.062719
v -8.641772 -0.588950 27.889860
v -8.733287 -1.256431 27.752920
v -8.769585 -2.139124 27.638300
v -8.693962 -3.061552 27.606749
v -8.552617 -3.969997 27.516159
v -8.383840 -4.804680 27.341070
v -8.137583 -5.683067 27.122669
v -7.901270 -6.406642 26.871580
v -7.595547 -7.099002 26.653759
v -6.007907 8.025730 26.168240
v -6.243722 7.795900 25.932659
v -6.520663 7.446499 25.770060
v -6.758643 7.106547 25.641169
v -6.940322 6.749733 25.531019
v -7.139219 6.163069 25.422970
v -7.372274 5.078168 25.488270
v -7.785016 3.113224 25.971260
v -8.374049 0.862599 26.698090
v -8.785438 -0.276594 26.903610
v -9.009832 -0.803813 26.794220
v -9.118680 -1.352185 26.617750
v -9.152205 -2.234132 26.507839
v -9.092362 -3.177510 26.439810
v -8.962059 -4.118421 26.307350
v -8.762740 -5.031690 26.153780
v -8.506400 -5.889153 25.968439
v -8.233085 -6.647763 25.752850
v -7.899932 -7.362117 25.549339
v -6.379971 7.744679 25.372959
v -6.611178 7.524534 25.131529
v -6.871813 7.222844 24.891850
v -7.115360 6.900886 24.672480
v -7.308948 6.554890 24.547249
v -7.481231 6.090481 24.444969
v -7.664251 5.299245 24.392870
v -7.959846 3.689798 24.671289
v -8.512537 1.289123 25.326660
v -8.965137 -0.209670 25.585810
v -9.290246 -1.024483 25.572460
v -9.434656 -1.558568 25.397869
v -9.471977 -2.360329 25.257549
v -9.422525 -3.303464 25.173800
v -9.292406 -4.277822 25.038809
v -9.077317 -5.225523 24.902159
v -8.817558 -6.075757 24.737070
v -8.497733 -6.891804 24.567230
v -8.167488 -7.589205 24.372419
v -6.633109 7.534016 24.195780
v -6.924697 7.258003 24.028990
v -7.183498 6.976904 23.833689
v -7.427097 6.669167 23.595098
v -7.631084 6.344507 23.401339
v -7.799040 5.931379 23.305620
v -7.950264 5.312567 23.185759
v -8.128281 4.153077 23.243149
v -8.463839 2.276381 23.621159
v -8.971031 0.266896 24.024740
v -9.443649 -1.128533 24.227829
v -9.663283 -1.814938 24.092470
v -9.719017 -2.481586 23.899879
v -9.675321 -3.410904 23.794460
v -9.538559 -4.422605 23.691450
v -9.330619 -5.361220 23.567549
v -9.054013 -6.253822 23.438280
v -8.720296 -7.078823 23.301050
v -8.384645 -7.777851 23.135660
v -6.713080 7.463874 22.636539
v -7.070394 7.123246 22.584650
v -7.403076 6.769696 22.500179
v -7.672496 6.439960 22.327909
v -7.899233 6.097445 22.144258
v -8.065483 5.732269 22.036459
v -8.189258 5.265114 21.894690
v -8.300168 4.401017 21.842920
v -8.460835 2.955667 21.987469
v -8.811736 1.059620 22.318590
v -9.405678 -0.972808 22.742180
v -9.761177 -2.036850 22.731640
v -9.862517 -2.673424 22.524879
v -9.828214 -3.541581 22.390659
v -9.704309 -4.507716 22.286369
v -9.497089 -5.473561 22.190500
v -9.201049 -6.418554 22.101929
v -8.875249 -7.224800 21.982660
v -8.506154 -7.973213 21.864990
v -6.726844 7.451683 20.917749
v -7.104087 7.089352 20.911440
v -7.495052 6.670608 20.893890
v -7.830215 6.268337 20.827459
v -8.069173 5.927204 20.717550
v -8.236374 5.598204 20.620140
v -8.360857 5.175913 20.516890
v -8.444878 4.474746 20.468849
v -8.531744 3.215763 20.551130
v -8.773217 1.398641 20.806860
v -9.351948 -0.969081 21.263870
v -9.754982 -2.282035 21.338820
v -9.899799 -2.943090 21.149210
v -9.882627 -3.656839 20.965199
v -9.767970 -4.594848 20.864649
v -9.555788 -5.606566 20.804190
v -9.279823 -6.510150 20.718420
v -8.957893 -7.322840 20.622969
v -8.568336 -8.106760 20.550289
v -6.733321 7.445743 19.163340
v -7.117142 7.074552 19.162970
v -7.542709 6.617553 19.157930
v -7.874267 6.222179 19.145100
v -8.134565 5.859410 19.117800
v -8.327633 5.497715 19.086000
v -8.456898 5.072027 19.045700
v -8.524094 4.448180 19.030630
v -8.571919 3.316195 19.097719
v -8.725258 1.606860 19.335630
v -9.168807 -0.753996 19.753719
v -9.579835 -2.338341 19.900610
v -9.810976 -3.202719 19.771330
v -9.827977 -3.825328 19.558819
v -9.720972 -4.727416 19.462240
v -9.528208 -5.678398 19.403439
v -9.268684 -6.562141 19.319839
v -8.940051 -7.412210 19.260939
v -8.567739 -8.170701 19.218300
v -6.742653 7.437761 17.404860
v -7.117422 7.074566 17.404760
v -7.552628 6.607660 17.403019
v -7.876784 6.222181 17.418089
v -8.129169 5.870081 17.461420
v -8.327590 5.494193 17.510269
v -8.458537 5.057135 17.536209
v -8.514323 4.467159 17.567770
v -8.522089 3.462012 17.613699
v -8.565234 1.974257 17.748199
v -8.815169 -0.046698 18.076260
v -9.301183 -2.217673 18.430529
v -9.626394 -3.475877 18.421450
v -9.672004 -4.089912 18.207729
v -9.576887 -4.823131 18.070860
v -9.402678 -5.723231 18.027279
v -9.146181 -6.630930 17.968140
v -8.832594 -7.468862 17.939850
v -8.483586 -8.197781 17.899879
v -6.749518 7.432208 15.645490
v -7.108541 7.085017 15.647510
v -7.530799 6.634034 15.654690
v -7.840108 6.269354 15.701389
v -8.044181 5.980915 15.816540
v -8.224581 5.621320 15.953199
v -8.359600 5.164149 16.066620
v -8.416549 4.558886 16.173510
v -8.406023 3.593024 16.251659
v -8.393589 2.203063 16.362589
v -8.523973 0.381271 16.639959
v -8.950174 -2.005540 17.016779
v -9.323975 -3.648243 17.098660
v -9.413809 -4.367157 16.910429
v -9.335213 -4.933977 16.716909
v -9.173953 -5.765975 16.664890
v -8.939435 -6.628138 16.620350
v -8.653101 -7.446800 16.637310
v -8.317747 -8.187098 16.639000
v -6.742244 7.438646 13.884150
v -7.091884 7.103988 13.893539
v -7.469966 6.705814 13.926390
v -7.720903 6.414075 14.027710
v -7.871894 6.189968 14.218929
v -8.037115 5.834642 14.427730
v -8.172807 5.365561 14.603510
v -8.229549 4.728233 14.754439
v -8.205735 3.755133 14.871249
v -8.149295 2.422330 14.982189
v -8.144197 0.828538 15.145980
v -8.368468 -1.231342 15.453369
v -8.833230 -3.456086 15.751639
v -9.048298 -4.573740 15.703549
v -9.009530 -5.118559 15.508820
v -8.863647 -5.807484 15.419310
v -8.655732 -6.606725 15.397429
v -8.386488 -7.433585 15.446330
v -8.071415 -8.160837 15.471439
v -6.750190 7.433104 12.126240
v -7.068918 7.130514 12.144730
v -7.359090 6.831332 12.216340
v -7.518731 6.646976 12.362700
v -7.630027 6.462971 12.582120
v -7.785521 6.099082 12.851490
v -7.919754 5.625618 13.165410
v -7.972851 4.942829 13.375259
v -7.944197 3.927960 13.553650
v -7.875005 2.611644 13.728060
v -7.805144 1.084694 13.835899
v -7.918103 -0.852562 14.083300
v -8.386901 -3.430421 14.506590
v -8.647325 -4.820406 14.584169
v -8.624639 -5.350730 14.418600
v -8.488409 -5.856243 14.283629
v -8.298389 -6.604321 14.278179
v -8.065014 -7.371775 14.344649
v -7.772985 -8.078245 14.375830
v -6.751131 7.433648 10.379620
v -7.018866 7.181464 10.415510
v -7.197638 7.003145 10.503420
v -7.284378 6.907769 10.624350
v -7.350205 6.802946 10.789209
v -7.451386 6.547204 11.081200
v -7.591266 6.004520 11.638479
v -7.643641 5.190086 11.970180
v -7.593122 4.090140 12.155849
v -7.486245 2.715699 12.238219
v -7.376286 1.162053 12.162910
v -7.439166 -0.626866 12.352409
v -7.831383 -3.132681 12.891120
v -8.158186 -4.852629 13.361360
v -8.182008 -5.547335 13.401560
v -8.059171 -5.967286 13.280970
v -7.883384 -6.598222 13.257139
v -7.676071 -7.289904 13.305560
v -7.406698 -8.000120 13.368649
v -6.668766 7.510240 8.683104
v -6.828180 7.363857 8.822470
v -6.937130 7.259018 9.002654
v -7.017835 7.175266 9.196228
v -7.088876 7.079634 9.390258
v -7.149188 6.887998 9.582872
v -7.212233 6.349869 9.896620
v -7.235892 5.369021 10.237260
v -7.162789 4.161335 10.437790
v -6.999910 2.665493 10.310520
v -6.839009 1.057225 9.837533
v -6.825377 -0.279456 9.794641
v -7.040671 -2.003989 10.383590
v -7.483228 -4.099298 11.619200
v -7.654626 -5.427296 12.281400
v -7.589813 -6.049318 12.371079
v -7.436436 -6.563988 12.342669
v -7.247951 -7.230066 12.397840
v -7.017808 -7.884960 12.475699
v -6.558026 7.611124 6.911067
v -6.617942 7.557869 6.965586
v -6.653319 7.523019 7.032004
v -6.682619 7.487540 7.101948
v -6.708961 7.420645 7.170690
v -6.727144 7.184278 7.237662
v -6.741773 6.457051 7.387457
v -6.748037 5.372103 7.727054
v -6.722241 4.145008 8.204337
v -6.662355 2.645161 8.561969
v -6.599960 1.085120 8.637618
v -6.575335 -0.048983 8.716378
v -6.599514 -1.087489 9.002249
v -6.807734 -2.515858 9.805171
v -7.050941 -4.518354 10.906919
v -7.088139 -5.911683 11.470739
v -6.982226 -6.544589 11.567070
v -6.820526 -7.154291 11.631340
v -6.627068 -7.732297 11.698050
v -6.520474 7.645119 5.329482
v -6.549062 7.620792 5.339354
v -6.559487 7.609214 5.350995
v -6.567433 7.594214 5.363170
v -6.574202 7.548495 5.377704
v -6.578228 7.350290 5.421154
v -6.580276 6.748754 5.625484
v -6.580583 5.880558 6.177457
v -6.574160 4.748443 6.939846
v -6.557162 3.231273 7.677931
v -6.530259 1.470431 8.195997
v -6.513901 0.128247 8.445806
v -6.462801 -0.716533 8.581333
v -6.471238 -1.462414 8.863629
v -6.540945 -3.009840 9.569921
v -6.605158 -5.382703 10.560269
v -6.525142 -6.476892 10.879169
v -6.382763 -7.051177 10.952430
v -6.217633 -7.631674 11.046570
v -6.513589 7.650840 4.329873
v -6.537070 7.631115 4.330519
v -6.543160 7.623267 4.330991
v -6.547046 7.611728 4.329616
v -6.549998 7.579836 4.323770
v -6.551494 7.480836 4.337750
v -6.551382 7.206809 4.506561
v -6.549303 6.675536 5.043296
v -6.540494 5.784428 5.842019
v -6.506532 4.295095 6.793127
v -6.436424 2.132919 7.689481
v -6.455703 0.353722 8.260715
v -6.409883 -0.601585 8.459417
v -6.353902 -1.153305 8.581022
v -6.309131 -2.284430 8.977095
v -6.271782 -4.726020 9.876340
v -6.127727 -6.325662 10.318230
v -5.976500 -6.972827 10.408370
v -5.827041 -7.534864 10.506760
v -6.509077 7.653063 4.039264
v -6.533957 7.632024 4.038261
v -6.540009 7.623286 4.036341
v -6.543274 7.608479 4.029602
v -6.545577 7.574426 4.011209
v -6.546598 7.528665 4.000938
v -6.545567 7.451282 4.048867
v -6.538959 7.269997 4.243032
v -6.509880 6.831486 4.637513
v -6.406210 5.676412 5.421195
v -6.213806 3.367457 6.531659
v -6.274140 0.924445 7.749533
v -6.285637 -0.422662 8.250766
v -6.231287 -0.978447 8.382781
v -6.165197 -1.620142 8.566027
v -6.053048 -3.296574 9.094029
v -5.788410 -5.838805 9.757976
v -5.604309 -6.865259 9.954628
v -5.465376 -7.380404 10.038620
v 5.577243 -7.677483 28.997210
v 5.226102 -7.274728 29.811749
v 5.860293 -7.078008 29.341209
v 5.493128 -6.664953 30.148539
v 6.091138 -6.445767 29.681688
v 5.660556 -6.074446 30.489359
v 6.383430 -5.661393 29.996130
v 5.923743 -5.319877 30.782349
v 6.597633 -4.841033 30.304810
v 6.094351 -4.563854 31.072908
v 6.797817 -3.969100 30.536640
v 6.277858 -3.697308 31.302858
v 6.974545 -2.969072 30.709089
v 6.414471 -2.760988 31.483519
v 7.047361 -1.946901 30.845560
v 6.450336 -1.866299 31.630350
v 7.048964 -0.953053 30.898649
v 6.449209 -0.956640 31.691830
v 6.966967 -0.051774 30.917450
v 6.389527 -0.052970 31.694279
v 6.800779 0.626659 30.941700
v 6.259461 0.690268 31.688269
v 6.527159 1.167523 30.914228
v 6.076062 1.099687 31.718050
v 6.107404 2.186286 30.547668
v 5.799004 1.642349 31.579498
v 5.574036 4.148016 29.675789
v 5.376384 2.949824 30.971840
v 5.228182 5.966470 28.980900
v 4.928858 4.998288 30.018888
v 4.993229 7.252744 28.627949
v 4.610053 6.842358 29.287430
v 4.774899 7.935312 28.550089
v 4.385340 7.820697 29.030199
v 4.602391 8.311359 28.498720
v 4.226675 8.288651 28.923790
v 4.363991 8.656002 28.469929
v 4.060671 8.649806 28.819649
v 5.890563 -8.108886 28.078089
v 6.210058 -7.515055 28.413559
v 6.512291 -6.864567 28.727070
v 6.830440 -6.070541 29.048090
v 7.133457 -5.166728 29.330040
v 7.371189 -4.234154 29.565760
v 7.558474 -3.209664 29.747690
v 7.659839 -2.099561 29.872639
v 7.667763 -0.990847 29.917768
v 7.554790 -0.053807 29.945768
v 7.310403 0.611349 29.975349
v 6.931264 1.369041 29.861309
v 6.455385 2.696486 29.438990
v 5.941640 4.815783 28.619638
v 5.637035 6.414072 28.163170
v 5.442142 7.367286 27.980188
v 5.217863 7.911561 27.974350
v 4.983336 8.317616 27.947119
v 4.661799 8.709208 27.985889
v 6.228428 -8.499831 27.040359
v 6.577675 -7.914616 27.355160
v 6.941036 -7.227835 27.654409
v 7.294620 -6.419620 27.967379
v 7.649024 -5.479798 28.223969
v 7.943433 -4.447802 28.436089
v 8.147387 -3.360619 28.610199
v 8.254796 -2.215650 28.723349
v 8.245987 -1.085103 28.776529
v 8.081217 -0.135790 28.813599
v 7.717298 0.711158 28.770538
v 7.222888 1.885018 28.512030
v 6.689094 3.630535 28.029770
v 6.341546 5.378853 27.516020
v 6.118194 6.646162 27.268280
v 5.909483 7.409368 27.193480
v 5.613768 7.922541 27.266550
v 5.309000 8.342714 27.322260
v 5.031862 8.627565 27.450470
v 6.553009 -8.859142 25.899429
v 6.924169 -8.276000 26.191278
v 7.344695 -7.548393 26.473370
v 7.744830 -6.708299 26.759760
v 8.122005 -5.761042 26.990509
v 8.461647 -4.654781 27.171459
v 8.691820 -3.486689 27.315248
v 8.799879 -2.291956 27.401350
v 8.753973 -1.149424 27.456440
v 8.513379 -0.215215 27.505230
v 8.037303 0.902043 27.354389
v 7.455023 2.556310 26.912249
v 7.044333 4.247373 26.588428
v 6.811816 5.658730 26.365910
v 6.609488 6.655355 26.290640
v 6.352812 7.337743 26.304409
v 6.013226 7.859503 26.420000
v 5.726729 8.187873 26.587109
v 5.483087 8.391716 26.783520
v 6.795721 -9.218048 24.677109
v 7.231265 -8.600863 24.921099
v 7.683966 -7.865877 25.170969
v 8.141703 -6.980293 25.399220
v 8.551383 -5.986613 25.599350
v 8.903008 -4.854014 25.759409
v 9.149179 -3.629052 25.852549
v 9.236694 -2.368745 25.921520
v 9.113901 -1.190516 25.969980
v 8.768624 -0.176005 26.001638
v 8.263242 1.142304 25.834940
v 7.756614 2.929876 25.437738
v 7.470682 4.510204 25.216709
v 7.276816 5.770068 25.127489
v 7.050772 6.621455 25.152639
v 6.750568 7.219473 25.255850
v 6.417436 7.654637 25.457029
v 6.127554 7.936556 25.663568
v 5.845061 8.158097 25.840429
v 7.000610 -9.522717 23.361130
v 7.495538 -8.869834 23.554539
v 7.975959 -8.119517 23.760830
v 8.461003 -7.215477 23.942970
v 8.903574 -6.164910 24.091379
v 9.261718 -4.986667 24.208599
v 9.493534 -3.707486 24.276169
v 9.525236 -2.409676 24.325260
v 9.284632 -1.216536 24.365019
v 8.859133 -0.031106 24.345589
v 8.353773 1.631414 24.088600
v 8.028205 3.236624 23.887589
v 7.848289 4.636816 23.805260
v 7.675154 5.731297 23.803730
v 7.420173 6.481729 23.887209
v 7.089036 7.021322 24.024149
v 6.724926 7.431102 24.205799
v 6.348906 7.771476 24.313839
v 5.969829 8.070101 24.378750
v 7.174175 -9.743007 21.971710
v 7.685791 -9.089271 22.122959
v 8.201332 -8.302124 22.269110
v 8.693829 -7.384946 22.403269
v 9.143381 -6.310740 22.507769
v 9.502218 -5.089404 22.581110
v 9.708408 -3.767082 22.625219
v 9.671200 -2.469175 22.672300
v 9.344496 -1.296917 22.732990
v 8.893387 0.009889 22.702360
v 8.477409 1.781533 22.475199
v 8.278108 3.345268 22.360180
v 8.157965 4.664251 22.321510
v 7.986348 5.622620 22.370220
v 7.702003 6.292029 22.470089
v 7.303173 6.845607 22.564480
v 6.850129 7.324099 22.637001
v 6.400552 7.728031 22.664799
v 5.950048 8.084051 22.677109
v 7.287962 -9.889102 20.541510
v 7.796336 -9.241348 20.643599
v 8.332167 -8.426796 20.730820
v 8.832083 -7.475923 20.807579
v 9.271507 -6.373306 20.864380
v 9.603515 -5.135298 20.903099
v 9.752551 -3.823306 20.937929
v 9.614385 -2.553781 21.000870
v 9.228742 -1.302744 21.056139
v 8.773395 0.279334 20.951670
v 8.537075 1.935336 20.837509
v 8.448846 3.412172 20.784599
v 8.363015 4.665674 20.756569
v 8.172886 5.549761 20.796909
v 7.839657 6.194398 20.864510
v 7.371201 6.786969 20.904600
v 6.879492 7.296931 20.920990
v 6.411600 7.717628 20.923750
v 5.936044 8.093815 20.924459
v 7.313911 -9.974475 19.104229
v 7.826891 -9.314123 19.133259
v 8.342898 -8.507955 19.172630
v 8.841865 -7.530724 19.199289
v 9.269998 -6.396364 19.207090
v 9.566689 -5.159144 19.219500
v 9.653867 -3.894552 19.263109
v 9.427512 -2.659034 19.359549
v 9.016161 -1.289435 19.410650
v 8.666530 0.425476 19.284260
v 8.553946 2.014473 19.201080
v 8.524170 3.440927 19.156900
v 8.460834 4.641299 19.133150
v 8.262544 5.482615 19.139549
v 7.878917 6.161677 19.155390
v 7.382419 6.776244 19.165970
v 6.892798 7.283740 19.167509
v 6.422049 7.708043 19.166420
v 5.935838 8.093426 19.165739
v 7.237252 -10.000790 17.669350
v 7.739492 -9.334809 17.647549
v 8.245594 -8.511121 17.619139
v 8.723316 -7.524815 17.602551
v 9.117715 -6.401924 17.577579
v 9.367674 -5.200809 17.580179
v 9.387009 -4.011430 17.650249
v 9.095819 -2.730125 17.742479
v 8.649819 -1.064898 17.692949
v 8.473646 0.574916 17.597439
v 8.467254 2.081263 17.555019
v 8.484646 3.482501 17.521370
v 8.446752 4.660990 17.480080
v 8.260331 5.485202 17.444769
v 7.881474 6.159868 17.417450
v 7.394086 6.764571 17.409979
v 6.920598 7.257615 17.406990
v 6.439254 7.692569 17.406799
v 5.940050 8.089602 17.406559
v 7.076318 -9.953747 16.288290
v 7.557731 -9.280455 16.218849
v 8.039428 -8.456059 16.148859
v 8.482962 -7.464086 16.069139
v 8.826189 -6.375135 16.010630
v 9.012068 -5.221810 16.017220
v 8.947425 -4.086438 16.133299
v 8.670703 -2.792732 16.237839
v 8.305646 -0.923983 16.117899
v 8.234767 0.685368 16.017759
v 8.283542 2.150737 15.960370
v 8.334903 3.539000 15.904949
v 8.325049 4.721056 15.839140
v 8.168700 5.559708 15.764689
v 7.853778 6.188333 15.688729
v 7.420217 6.738515 15.652470
v 6.944729 7.234643 15.646009
v 6.452868 7.680480 15.647249
v 5.943759 8.086338 15.647520
v 6.831248 -9.849445 14.992350
v 7.300696 -9.142112 14.874470
v 7.742426 -8.323903 14.775740
v 8.122563 -7.386892 14.658620
v 8.419983 -6.366894 14.591040
v 8.568065 -5.340868 14.624160
v 8.457379 -4.237825 14.754270
v 8.188720 -2.801570 14.824070
v 7.921683 -0.856560 14.654860
v 7.912676 0.774059 14.526899
v 7.993562 2.233420 14.427890
v 8.077687 3.620733 14.347429
v 8.106112 4.817821 14.263690
v 7.990145 5.676672 14.148430
v 7.736454 6.302266 14.005310
v 7.379570 6.784247 13.913110
v 6.939958 7.242240 13.889830
v 6.459717 7.675391 13.888550
v 5.946585 8.083995 13.888550
v 6.525664 -9.668083 13.779409
v 6.940810 -8.984773 13.633389
v 7.339480 -8.158584 13.483940
v 7.670650 -7.262440 13.358760
v 7.925279 -6.343274 13.311490
v 8.030980 -5.478650 13.373899
v 7.847809 -4.184541 13.405479
v 7.523953 -2.356868 13.319349
v 7.403520 -0.627950 13.089530
v 7.473294 0.875965 12.966459
v 7.596518 2.321791 12.896100
v 7.722167 3.731273 12.839370
v 7.792335 4.972831 12.750319
v 7.726298 5.861253 12.599120
v 7.535419 6.498908 12.359039
v 7.288513 6.881799 12.188630
v 6.915264 7.269877 12.137950
v 6.462019 7.674777 12.130560
v 5.948991 8.082136 12.129630
v 6.179990 -9.428379 12.701850
v 6.536726 -8.769021 12.534380
v 6.861826 -8.011511 12.369370
v 7.145701 -7.193258 12.250700
v 7.369719 -6.373058 12.207029
v 7.442421 -5.534707 12.187349
v 7.216523 -3.870890 11.876790
v 6.930561 -1.958016 11.573350
v 6.892006 -0.483891 11.259330
v 6.999468 0.902617 11.200170
v 7.132180 2.348936 11.199690
v 7.273278 3.800419 11.195809
v 7.378505 5.126438 11.156799
v 7.385881 6.127090 11.019780
v 7.281843 6.751018 10.677839
v 7.131412 7.042928 10.475260
v 6.846771 7.338675 10.400270
v 6.450887 7.686642 10.376740
v 5.949634 8.082077 10.371429
v 5.791395 -9.191245 11.788119
v 6.098409 -8.543859 11.602920
v 6.373461 -7.803455 11.420469
v 6.608329 -7.066936 11.307320
v 6.793178 -6.376175 11.251170
v 6.837622 -5.231328 10.937830
v 6.614745 -2.849826 9.932575
v 6.529363 -1.324461 9.475652
v 6.583910 -0.331146 9.302468
v 6.657731 0.843089 9.297709
v 6.727239 2.287503 9.307991
v 6.823055 3.795310 9.294829
v 6.945685 5.218956 9.344336
v 7.017754 6.387913 9.331439
v 6.972009 7.041286 9.100858
v 6.873997 7.291390 8.881476
v 6.703389 7.473572 8.719526
v 6.413905 7.721162 8.639465
v 5.945353 8.086347 8.618178
v 5.403936 -8.913002 11.003510
v 5.654551 -8.317821 10.830200
v 5.879852 -7.655194 10.669930
v 6.083085 -6.977809 10.561339
v 6.254435 -6.284113 10.481660
v 6.366508 -4.701619 10.032790
v 6.317804 -2.287221 9.068624
v 6.379060 -1.056854 8.694806
v 6.475755 -0.223253 8.582227
v 6.524559 0.970282 8.466116
v 6.554249 2.487021 8.209397
v 6.599344 4.006166 7.801891
v 6.648751 5.314558 7.425812
v 6.679501 6.464475 7.210123
v 6.666624 7.236380 7.072417
v 6.632553 7.497806 6.986001
v 6.563453 7.599472 6.924249
v 6.374954 7.756447 6.894011
v 5.940206 8.091246 6.886643
v 5.018537 -8.676365 10.384410
v 5.233958 -8.075221 10.198820
v 5.403129 -7.479425 10.043420
v 5.574855 -6.894074 9.954509
v 5.770866 -5.850394 9.770605
v 6.011308 -3.364643 9.122081
v 6.123933 -1.665053 8.573696
v 6.243234 -0.863710 8.391200
v 6.340746 -0.021442 8.276138
v 6.363601 1.389037 7.998982
v 6.403504 3.070709 7.499743
v 6.498536 4.666137 6.822052
v 6.547537 5.854242 6.109430
v 6.565246 6.745669 5.590790
v 6.565193 7.361077 5.390092
v 6.554981 7.570352 5.343636
v 6.518362 7.639867 5.330584
v 6.362812 7.767129 5.325694
v 5.939233 8.092138 5.324956
v 4.649904 -8.428987 9.861083
v 4.817504 -7.904709 9.701690
v 4.967024 -7.355599 9.563344
v 5.127794 -6.871811 9.509696
v 5.373266 -5.636638 9.296929
v 5.726771 -2.781676 8.615683
v 5.869931 -1.383785 8.204360
v 5.956582 -0.692966 8.029984
v 6.005753 0.341088 7.787891
v 5.989946 1.995968 7.247016
v 6.094099 3.914320 6.449388
v 6.337851 5.592532 5.663076
v 6.471251 6.612176 4.963617
v 6.520005 7.185997 4.470188
v 6.536141 7.477573 4.318107
v 6.537395 7.589270 4.312587
v 6.508594 7.645331 4.322298
v 6.358346 7.769165 4.325912
v 5.937626 8.092350 4.327383
v 4.302038 -8.202362 9.434206
v 4.437189 -7.727241 9.294104
v 4.585165 -7.286059 9.210402
v 4.749943 -6.745666 9.143301
v 5.067980 -5.153737 8.854002
v 5.472203 -2.444087 8.249172
v 5.689587 -1.231961 7.975043
v 5.795482 -0.449474 7.803779
v 5.804484 1.019393 7.373548
v 5.830461 2.892208 6.569586
v 5.986622 5.228731 5.207285
v 6.164716 6.569654 4.334009
v 6.319794 7.130631 4.018075
v 6.412790 7.373692 3.904220
v 6.473466 7.492419 3.919528
v 6.509171 7.570316 3.976156
v 6.492934 7.641258 4.016397
v 6.337252 7.779437 4.030207
v 5.920757 8.101101 4.034395
v 3.983384 -8.077976 9.134303
v 4.095383 -7.580300 8.977066
v 4.237507 -7.207094 8.924230
v 4.450136 -6.414743 8.809373
v 4.923922 -4.233757 8.432600
v 5.370298 -2.039607 8.025800
v 5.601368 -1.146980 7.878258
v 5.706267 -0.329203 7.699896
v 5.679020 1.445256 7.125517
v 5.741954 3.447776 6.146957
v 5.944119 5.949076 4.431118
v 6.050919 6.955560 3.684593
v 6.120105 7.216449 3.537734
v 6.186099 7.310299 3.553842
v 6.299726 7.405272 3.671867
v 6.405293 7.514962 3.815443
v 6.414428 7.651252 3.926491
v 6.221842 7.852026 3.969558
v 5.821429 8.164323 3.980618
v -6.257265 -5.914426 29.988989
v -6.408264 -5.334437 30.257519
v -6.598224 -4.639531 30.481218
v -6.699733 -4.011757 30.703199
v -6.820161 -3.275048 30.865120
v -6.878567 -2.565492 31.012699
v -6.916100 -1.736862 31.115910
v -6.888313 -1.001481 31.186958
v -6.832859 -0.255693 31.201920
v -6.726192 0.452773 31.203838
v -6.594463 0.785327 31.294109
v -6.448578 0.944230 31.410089
v -6.251451 1.287638 31.398529
v -5.879269 2.598199 30.854549
v -5.243263 5.665766 29.402510
v -4.954342 7.305117 28.733629
v -4.783153 7.880422 28.611290
v -4.677812 8.201932 28.540430
vn -0.6639 -0.5340 0.5235
vn -0.6686 -0.5145 0.5369
vn 0.4999 -0.6471 0.5756
vn 0.4728 -0.6555 0.5889
vn 0.5747 0.5490 0.6070
vn 0.5750 0.5551 0.6010
vn -0.6614 0.5674 0.4905
vn -0.6397 0.5735 0.5117
vn 0.4184 0.7407 -0.5256
vn 0.3824 0.6214 -0.6838
vn -0.6418 0.5535 0.5308
vn -0.6461 0.5483 0.5309
vn -0.6105 0.7917 -0.0244
vn -0.6111 0.7910 -0.0305
vn -0.6114 0.7913 -0.0032
vn -0.6116 0.7912 -0.0036
vn -0.6116 0.7912 -0.0002
vn -0.6119 0.7909 -0.0003
vn -0.6119 0.7909 0.0006
vn -0.6135 0.7897 0.0001
vn -0.6135 0.7897 0.0018
vn -0.6178 0.7863 0.0003
vn -0.6178 0.7863 0.0012
vn -0.6207 0.7840 0.0002
vn -0.6211 0.7838 0.0001
vn -0.6211 0.7838 0.0003
vn -0.6216 0.7833 0.0001
vn -0.6216 0.7833 0.0004
vn -0.6221 0.7829 0.0002
vn -0.6221 0.7829 -0.0002
vn -0.6217 0.7833 -0.0001
vn -0.6217 0.7833 -0.0004
vn -0.6210 0.7838 -0.0002
vn -0.6210 0.7838 -0.0003
vn -0.6207 0.7841 -0.0002
vn -0.6207 0.7841 -0.0005
vn -0.6209 0.7839 -0.0006
vn -0.6209 0.7839 -0.0014
vn -0.6196 0.7849 -0.0010
vn -0.6197 0.7849 -0.0003
vn -0.6035 0.7973 0.0013
vn -0.6100 0.7923 0.0142
vn -0.5708 0.8211 0.0013
vn -0.6413 0.7606 0.1010
vn -0.5841 0.8100 0.0520
vn -0.7371 0.5856 0.3371
vn -0.6939 0.6577 0.2931
vn -0.7192 0.5607 0.4104
vn -0.6926 0.5922 0.4119
vn -0.6903 0.5608 0.4571
vn -0.6639 0.5787 0.4736
vn 0.5327 0.8444 -0.0575
vn 0.5322 0.8445 -0.0600
vn 0.5333 0.8459 -0.0053
vn 0.5329 0.8462 -0.0059
vn 0.5329 0.8462 -0.0004
vn 0.5325 0.8464 -0.0006
vn 0.5325 0.8464 -0.0000
vn 0.5323 0.8466 -0.0001
vn 0.5323 0.8466 0.0001
vn 0.5322 0.8466 0.0001
vn 0.5321 0.8467 0.0001
vn 0.5319 0.8468 -0.0000
vn 0.5316 0.8470 -0.0001
vn 0.5316 0.8470 -0.0000
vn 0.5313 0.8472 -0.0001
vn 0.5313 0.8472 -0.0000
vn 0.5310 0.8474 -0.0001
vn 0.5310 0.8474 -0.0000
vn 0.5307 0.8476 -0.0001
vn 0.5308 0.8475 -0.0001
vn 0.5308 0.8475 -0.0002
vn 0.5320 0.8467 0.0002
vn 0.5320 0.8467 -0.0000
vn 0.5342 0.8453 0.0007
vn 0.5342 0.8453 0.0011
vn 0.5297 0.8482 -0.0006
vn 0.5311 0.8473 0.0087
vn 0.5092 0.8607 -0.0056
vn 0.5407 0.8393 0.0572
vn 0.5029 0.8642 0.0159
vn 0.6664 0.6512 0.3632
vn 0.6358 0.7126 0.2965
vn 0.6590 0.4857 0.5742
vn 0.6373 0.6200 0.4576
vn 0.6070 0.5466 0.5769
vn 0.6062 0.5834 0.5406
vn 0.4862 -0.4907 -0.7231
vn 0.5042 -0.4449 -0.7401
vn 0.5244 -0.5137 -0.6791
vn 0.5362 -0.4826 -0.6926
vn 0.5555 -0.5421 -0.6304
vn 0.5688 -0.5153 -0.6410
vn 0.5896 -0.5704 -0.5718
vn 0.5993 -0.5500 -0.5817
vn 0.6178 -0.6052 -0.5020
vn 0.6257 -0.5912 -0.5089
vn 0.6424 -0.6342 -0.4302
vn 0.6506 -0.6210 -0.4370
vn 0.6646 -0.6617 -0.3470
vn 0.6681 -0.6567 -0.3499
vn 0.6779 -0.6865 -0.2629
vn 0.6838 -0.6790 -0.2673
vn 0.6893 -0.7011 -0.1826
vn 0.6895 -0.7008 -0.1828
vn 0.6910 -0.7160 -0.0993
vn 0.6913 -0.7157 -0.0996
vn 0.6900 -0.7235 -0.0188
vn 0.6818 -0.7314 -0.0138
vn 0.6775 -0.7331 0.0602
vn 0.6671 -0.7420 0.0667
vn 0.6627 -0.7370 0.1330
vn 0.6522 -0.7452 0.1394
vn 0.6469 -0.7354 0.2016
vn 0.6387 -0.7412 0.2067
vn 0.6323 -0.7272 0.2671
vn 0.6245 -0.7323 0.2717
vn 0.6171 -0.7158 0.3268
vn 0.6073 -0.7216 0.3325
vn 0.5990 -0.7036 0.3823
vn 0.5853 -0.7112 0.3894
vn 0.5761 -0.6904 0.4376
vn 0.5609 -0.6978 0.4454
vn 0.5482 -0.6761 0.4923
vn 0.5358 -0.6814 0.4986
vn 0.5246 -0.6594 0.5384
vn 0.5067 -0.6665 0.5468
vn -0.6685 -0.3687 -0.6459
vn -0.6424 -0.3895 -0.6600
vn -0.6739 -0.3983 -0.6223
vn -0.6680 -0.4029 -0.6257
vn -0.7061 -0.4116 -0.5762
vn -0.7057 -0.4119 -0.5764
vn -0.7476 -0.4252 -0.5103
vn -0.7315 -0.4408 -0.5202
vn -0.7681 -0.4543 -0.4512
vn -0.7575 -0.4648 -0.4584
vn -0.7888 -0.4737 -0.3916
vn -0.7856 -0.4772 -0.3938
vn -0.8150 -0.4861 -0.3155
vn -0.8024 -0.5011 -0.3240
vn -0.8245 -0.5106 -0.2440
vn -0.8158 -0.5213 -0.2504
vn -0.8314 -0.5269 -0.1764
vn -0.8291 -0.5299 -0.1782
vn -0.8389 -0.5342 -0.1041
vn -0.8320 -0.5438 -0.1098
vn -0.8360 -0.5478 -0.0312
vn -0.8294 -0.5574 -0.0365
vn -0.8271 -0.5608 0.0383
vn -0.8238 -0.5658 0.0353
vn -0.8174 -0.5676 0.0985
vn -0.8191 -0.5648 0.1001
vn -0.8071 -0.5677 0.1623
vn -0.8068 -0.5682 0.1621
vn -0.7880 -0.5725 0.2264
vn -0.7848 -0.5780 0.2236
vn -0.7617 -0.5815 0.2858
vn -0.7618 -0.5813 0.2859
vn -0.7407 -0.5813 0.3368
vn -0.7453 -0.5722 0.3422
vn -0.7230 -0.5721 0.3872
vn -0.7292 -0.5588 0.3949
vn -0.7017 -0.5604 0.4400
vn -0.7055 -0.5519 0.4446
vn -0.6787 -0.5499 0.4869
vn -0.6848 -0.5347 0.4952
vn -0.6474 -0.5776 0.4973
vn -0.6293 -0.6026 0.4909
vn -0.6048 -0.6074 0.5150
vn -0.5822 -0.6376 0.5045
vn -0.5822 -0.6207 0.5251
vn -0.5673 -0.6405 0.5176
vn -0.5336 -0.6508 0.5401
vn -0.5082 -0.6775 0.5316
vn -0.4825 -0.6753 0.5578
vn -0.4616 -0.6977 0.5479
vn -0.4466 -0.6891 0.5707
vn -0.4247 -0.7097 0.5621
vn -0.3797 -0.7149 0.5872
vn -0.3541 -0.7366 0.5762
vn -0.3177 -0.7387 0.5944
vn -0.3088 -0.7463 0.5896
vn -0.2506 -0.7570 0.6034
vn -0.2361 -0.7672 0.5964
vn -0.1865 -0.7704 0.6097
vn -0.1790 -0.7751 0.6059
vn -0.1129 -0.7800 0.6155
vn -0.1004 -0.7865 0.6094
vn -0.0496 -0.7849 0.6176
vn -0.0471 -0.7862 0.6162
vn 0.0362 -0.7855 0.6178
vn 0.0363 -0.7855 0.6178
vn 0.0983 -0.7845 0.6123
vn 0.0891 -0.7817 0.6172
vn 0.1717 -0.7750 0.6081
vn 0.1675 -0.7742 0.6104
vn 0.2412 -0.7653 0.5968
vn 0.2260 -0.7629 0.6057
vn 0.3087 -0.7463 0.5897
vn 0.2990 -0.7458 0.5952
vn 0.3671 -0.7292 0.5775
vn 0.3451 -0.7302 0.5897
vn 0.4359 -0.7018 0.5635
vn 0.4147 -0.7052 0.5750
vn 0.4787 -0.6850 0.5492
vn 0.4592 -0.6879 0.5621
vn -0.6713 -0.5880 0.4513
vn -0.6498 -0.6173 0.4435
vn -0.6278 -0.6239 0.4653
vn -0.6057 -0.6515 0.4568
vn -0.6070 -0.6365 0.4759
vn -0.5909 -0.6571 0.4680
vn -0.5618 -0.6644 0.4930
vn -0.5343 -0.6937 0.4831
vn -0.5063 -0.6950 0.5105
vn -0.4821 -0.7202 0.4989
vn -0.4666 -0.7125 0.5241
vn -0.4384 -0.7392 0.5113
vn -0.4019 -0.7414 0.5374
vn -0.3730 -0.7660 0.5235
vn -0.3349 -0.7664 0.5481
vn -0.3181 -0.7799 0.5390
vn -0.2656 -0.7892 0.5538
vn -0.2520 -0.7988 0.5462
vn -0.1995 -0.8036 0.5607
vn -0.1868 -0.8112 0.5541
vn -0.1246 -0.8139 0.5674
vn -0.1099 -0.8214 0.5597
vn -0.0502 -0.8192 0.5713
vn -0.0485 -0.8199 0.5704
vn 0.0374 -0.8200 0.5712
vn 0.0351 -0.8192 0.5724
vn 0.1132 -0.8196 0.5616
vn 0.0960 -0.8153 0.5710
vn 0.1833 -0.8108 0.5559
vn 0.1716 -0.8092 0.5618
vn 0.2567 -0.7967 0.5472
vn 0.2424 -0.7954 0.5554
vn 0.3229 -0.7768 0.5406
vn 0.3090 -0.7772 0.5482
vn 0.3903 -0.7555 0.5262
vn 0.3634 -0.7590 0.5402
vn 0.4543 -0.7282 0.5131
vn 0.4307 -0.7337 0.5256
vn 0.4966 -0.7081 0.5020
vn 0.4800 -0.7120 0.5124
vn -0.6998 -0.5916 0.4004
vn -0.6798 -0.6196 0.3924
vn -0.6493 -0.6350 0.4186
vn -0.6271 -0.6618 0.4108
vn -0.6215 -0.6572 0.4264
vn -0.6111 -0.6704 0.4208
vn -0.5894 -0.6771 0.4405
vn -0.5621 -0.7075 0.4285
vn -0.5267 -0.7174 0.4560
vn -0.5017 -0.7426 0.4436
vn -0.4828 -0.7400 0.4683
vn -0.4578 -0.7631 0.4562
vn -0.4192 -0.7695 0.4818
vn -0.4002 -0.7851 0.4726
vn -0.3528 -0.7942 0.4947
vn -0.3354 -0.8069 0.4863
vn -0.2776 -0.8183 0.5034
vn -0.2666 -0.8255 0.4974
vn -0.2124 -0.8336 0.5099
vn -0.2009 -0.8402 0.5038
vn -0.1305 -0.8472 0.5150
vn -0.1209 -0.8521 0.5093
vn -0.0511 -0.8543 0.5173
vn -0.0473 -0.8557 0.5153
vn 0.0341 -0.8556 0.5165
vn 0.0344 -0.8557 0.5164
vn 0.1202 -0.8520 0.5096
vn 0.1100 -0.8498 0.5154
vn 0.1958 -0.8413 0.5039
vn 0.1844 -0.8403 0.5097
vn 0.2672 -0.8248 0.4983
vn 0.2575 -0.8243 0.5042
vn 0.3413 -0.8035 0.4877
vn 0.3230 -0.8048 0.4980
vn 0.4105 -0.7789 0.4741
vn 0.3892 -0.7826 0.4859
vn 0.4743 -0.7507 0.4599
vn 0.4499 -0.7575 0.4730
vn 0.5143 -0.7308 0.4487
vn 0.4961 -0.7366 0.4596
vn -0.7204 -0.6023 0.3438
vn -0.7109 -0.6163 0.3387
vn -0.6810 -0.6360 0.3629
vn -0.6488 -0.6743 0.3528
vn -0.6331 -0.6777 0.3741
vn -0.6213 -0.6916 0.3682
vn -0.6068 -0.6957 0.3844
vn -0.5864 -0.7180 0.3751
vn -0.5463 -0.7356 0.4005
vn -0.5217 -0.7588 0.3899
vn -0.5001 -0.7613 0.4127
vn -0.4810 -0.7785 0.4031
vn -0.4357 -0.7935 0.4248
vn -0.4201 -0.8059 0.4171
vn -0.3722 -0.8193 0.4361
vn -0.3531 -0.8329 0.4261
vn -0.2940 -0.8444 0.4478
vn -0.2781 -0.8542 0.4393
vn -0.2247 -0.8622 0.4540
vn -0.2142 -0.8678 0.4483
vn -0.1360 -0.8781 0.4587
vn -0.1288 -0.8816 0.4542
vn -0.0537 -0.8867 0.4592
vn -0.0513 -0.8876 0.4578
vn 0.0314 -0.8879 0.4590
vn 0.0344 -0.8887 0.4573
vn 0.1239 -0.8822 0.4542
vn 0.1186 -0.8813 0.4575
vn 0.2057 -0.8693 0.4494
vn 0.1973 -0.8689 0.4540
vn 0.2786 -0.8524 0.4425
vn 0.2677 -0.8523 0.4493
vn 0.3603 -0.8285 0.4287
vn 0.3411 -0.8307 0.4400
vn 0.4238 -0.8032 0.4187
vn 0.4106 -0.8060 0.4264
vn 0.4918 -0.7711 0.4044
vn 0.4727 -0.7771 0.4155
vn 0.5354 -0.7479 0.3924
vn 0.5151 -0.7562 0.4036
vn -0.7320 -0.6169 0.2890
vn -0.7291 -0.6212 0.2871
vn -0.7077 -0.6389 0.3016
vn -0.6806 -0.6722 0.2914
vn -0.6528 -0.6871 0.3191
vn -0.6314 -0.7107 0.3100
vn -0.6214 -0.7113 0.3286
vn -0.6056 -0.7283 0.3207
vn -0.5729 -0.7435 0.3450
vn -0.5440 -0.7705 0.3322
vn -0.5156 -0.7794 0.3560
vn -0.4995 -0.7937 0.3471
vn -0.4569 -0.8098 0.3680
vn -0.4353 -0.8266 0.3568
vn -0.3879 -0.8410 0.3772
vn -0.3721 -0.8521 0.3682
vn -0.3113 -0.8675 0.3880
vn -0.2943 -0.8774 0.3789
vn -0.2361 -0.8880 0.3945
vn -0.2255 -0.8933 0.3887
vn -0.1415 -0.9056 0.3997
vn -0.1356 -0.9081 0.3961
vn -0.0556 -0.9147 0.4002
vn -0.0540 -0.9152 0.3994
vn 0.0313 -0.9160 0.3999
vn 0.0318 -0.9161 0.3996
vn 0.1280 -0.9090 0.3966
vn 0.1235 -0.9084 0.3994
vn 0.2154 -0.8948 0.3911
vn 0.2063 -0.8947 0.3963
vn 0.2916 -0.8764 0.3832
vn 0.2790 -0.8772 0.3907
vn 0.3753 -0.8494 0.3710
vn 0.3600 -0.8519 0.3803
vn 0.4404 -0.8225 0.3600
vn 0.4234 -0.8271 0.3697
vn 0.5058 -0.7890 0.3487
vn 0.4911 -0.7943 0.3577
vn 0.5583 -0.7586 0.3359
vn 0.5364 -0.7690 0.3478
vn -0.7445 -0.6251 0.2343
vn -0.7391 -0.6327 0.2309
vn -0.7218 -0.6485 0.2418
vn -0.7085 -0.6653 0.2354
vn -0.6796 -0.6863 0.2592
vn -0.6515 -0.7168 0.2483
vn -0.6329 -0.7262 0.2685
vn -0.6207 -0.7389 0.2622
vn -0.5967 -0.7515 0.2816
vn -0.5718 -0.7747 0.2700
vn -0.5322 -0.7935 0.2951
vn -0.5151 -0.8080 0.2860
vn -0.4765 -0.8240 0.3065
vn -0.4566 -0.8389 0.2961
vn -0.4006 -0.8603 0.3154
vn -0.3880 -0.8687 0.3080
vn -0.3273 -0.8875 0.3243
vn -0.3117 -0.8962 0.3157
vn -0.2466 -0.9109 0.3307
vn -0.2365 -0.9157 0.3250
vn -0.1469 -0.9301 0.3367
vn -0.1414 -0.9321 0.3334
vn -0.0568 -0.9396 0.3376
vn -0.0556 -0.9399 0.3369
vn 0.0339 -0.9411 0.3364
vn 0.0313 -0.9407 0.3379
vn 0.1324 -0.9332 0.3342
vn 0.1280 -0.9328 0.3370
vn 0.2272 -0.9171 0.3274
vn 0.2157 -0.9175 0.3341
vn 0.3075 -0.8967 0.3183
vn 0.2919 -0.8987 0.3273
vn 0.3889 -0.8680 0.3088
vn 0.3754 -0.8710 0.3170
vn 0.4613 -0.8361 0.2969
vn 0.4402 -0.8433 0.3084
vn 0.5217 -0.8034 0.2871
vn 0.5055 -0.8102 0.2966
vn 0.5857 -0.7634 0.2725
vn 0.5591 -0.7780 0.2864
vn -0.7627 -0.6222 0.1763
vn -0.7518 -0.6370 0.1705
vn -0.7266 -0.6631 0.1801
vn -0.7233 -0.6671 0.1783
vn -0.7018 -0.6863 0.1911
vn -0.6802 -0.7100 0.1821
vn -0.6481 -0.7336 0.2043
vn -0.6324 -0.7493 0.1968
vn -0.6112 -0.7620 0.2139
vn -0.5959 -0.7761 0.2063
vn -0.5502 -0.8031 0.2286
vn -0.5319 -0.8178 0.2195
vn -0.4895 -0.8390 0.2377
vn -0.4771 -0.8479 0.2312
vn -0.4138 -0.8757 0.2490
vn -0.4010 -0.8836 0.2418
vn -0.3402 -0.9045 0.2572
vn -0.3275 -0.9111 0.2502
vn -0.2542 -0.9308 0.2627
vn -0.2467 -0.9340 0.2583
vn -0.1532 -0.9510 0.2687
vn -0.1469 -0.9530 0.2649
vn -0.0595 -0.9608 0.2706
vn -0.0568 -0.9615 0.2690
vn 0.0377 -0.9625 0.2687
vn 0.0338 -0.9620 0.2711
vn 0.1367 -0.9541 0.2666
vn 0.1324 -0.9539 0.2694
vn 0.2381 -0.9359 0.2597
vn 0.2273 -0.9368 0.2661
vn 0.3217 -0.9128 0.2516
vn 0.3077 -0.9154 0.2596
vn 0.4003 -0.8833 0.2442
vn 0.3892 -0.8863 0.2510
vn 0.4780 -0.8468 0.2332
vn 0.4617 -0.8532 0.2427
vn 0.5397 -0.8123 0.2213
vn 0.5215 -0.8210 0.2324
vn 0.6044 -0.7691 0.2077
vn 0.5863 -0.7801 0.2184
vn -0.7825 -0.6128 0.1103
vn -0.7710 -0.6281 0.1050
vn -0.7342 -0.6682 0.1200
vn -0.7294 -0.6740 0.1176
vn -0.7130 -0.6897 0.1263
vn -0.7029 -0.7007 0.1218
vn -0.6641 -0.7348 0.1379
vn -0.6477 -0.7507 0.1302
vn -0.6194 -0.7717 0.1446
vn -0.6099 -0.7801 0.1393
vn -0.5707 -0.8060 0.1568
vn -0.5501 -0.8223 0.1460
vn -0.5015 -0.8494 0.1646
vn -0.4912 -0.8565 0.1586
vn -0.4317 -0.8846 0.1762
vn -0.4151 -0.8944 0.1667
vn -0.3525 -0.9174 0.1845
vn -0.3401 -0.9235 0.1775
vn -0.2599 -0.9469 0.1892
vn -0.2539 -0.9493 0.1855
vn -0.1618 -0.9675 0.1946
vn -0.1531 -0.9699 0.1893
vn -0.0642 -0.9783 0.1972
vn -0.0592 -0.9792 0.1941
vn 0.0416 -0.9799 0.1950
vn 0.0374 -0.9796 0.1976
vn 0.1409 -0.9711 0.1928
vn 0.1367 -0.9711 0.1954
vn 0.2445 -0.9514 0.1873
vn 0.2380 -0.9522 0.1914
vn 0.3309 -0.9261 0.1811
vn 0.3217 -0.9283 0.1865
vn 0.4140 -0.8939 0.1720
vn 0.4013 -0.8981 0.1799
vn 0.4915 -0.8557 0.1617
vn 0.4794 -0.8611 0.1692
vn 0.5587 -0.8159 0.1487
vn 0.5395 -0.8266 0.1604
vn 0.6142 -0.7765 0.1405
vn 0.6045 -0.7830 0.1466
vn -0.7918 -0.6094 0.0422
vn -0.7893 -0.6127 0.0408
vn -0.7483 -0.6615 0.0502
vn -0.7428 -0.6679 0.0474
vn -0.7182 -0.6937 0.0539
vn -0.7142 -0.6980 0.0518
vn -0.6748 -0.7353 0.0635
vn -0.6626 -0.7467 0.0577
vn -0.6249 -0.7774 0.0718
vn -0.6172 -0.7839 0.0678
vn -0.5790 -0.8116 0.0786
vn -0.5696 -0.8186 0.0738
vn -0.5146 -0.8530 0.0865
vn -0.5050 -0.8593 0.0809
vn -0.4450 -0.8906 0.0939
vn -0.4342 -0.8965 0.0876
vn -0.3621 -0.9266 0.1014
vn -0.3514 -0.9314 0.0953
vn -0.2678 -0.9574 0.1083
vn -0.2594 -0.9602 0.1031
vn -0.1692 -0.9791 0.1126
vn -0.1615 -0.9810 0.1078
vn -0.0643 -0.9916 0.1126
vn -0.0632 -0.9917 0.1119
vn 0.0448 -0.9928 0.1109
vn 0.0410 -0.9927 0.1132
vn 0.1464 -0.9833 0.1084
vn 0.1412 -0.9837 0.1117
vn 0.2495 -0.9627 0.1042
vn 0.2439 -0.9638 0.1077
vn 0.3412 -0.9350 0.0968
vn 0.3304 -0.9382 0.1033
vn 0.4289 -0.8989 0.0894
vn 0.4169 -0.9038 0.0966
vn 0.5046 -0.8594 0.0822
vn 0.4939 -0.8650 0.0887
vn 0.5692 -0.8189 0.0735
vn 0.5571 -0.8265 0.0807
vn 0.6197 -0.7818 0.0686
vn 0.6137 -0.7862 0.0724
vn -0.7902 -0.6122 -0.0281
vn -0.7936 -0.6079 -0.0262
vn -0.7557 -0.6544 -0.0267
vn -0.7562 -0.6538 -0.0264
vn -0.7269 -0.6864 -0.0200
vn -0.7203 -0.6933 -0.0234
vn -0.6824 -0.7309 -0.0149
vn -0.6776 -0.7352 -0.0173
vn -0.6353 -0.7723 -0.0076
vn -0.6268 -0.7791 -0.0122
vn -0.5815 -0.8136 -0.0041
vn -0.5793 -0.8151 -0.0053
vn -0.5276 -0.8495 0.0028
vn -0.5182 -0.8552 -0.0027
vn -0.4499 -0.8931 0.0052
vn -0.4462 -0.8949 0.0029
vn -0.3678 -0.9298 0.0102
vn -0.3599 -0.9330 0.0055
vn -0.2762 -0.9610 0.0163
vn -0.2677 -0.9634 0.0111
vn -0.1760 -0.9842 0.0204
vn -0.1694 -0.9854 0.0163
vn -0.0656 -0.9976 0.0214
vn -0.0638 -0.9978 0.0203
vn 0.0468 -0.9987 0.0204
vn 0.0453 -0.9987 0.0214
vn 0.1538 -0.9880 0.0170
vn 0.1483 -0.9887 0.0204
vn 0.2540 -0.9671 0.0130
vn 0.2484 -0.9685 0.0165
vn 0.3474 -0.9377 0.0075
vn 0.3400 -0.9403 0.0121
vn 0.4358 -0.9000 0.0044
vn 0.4320 -0.9019 0.0067
vn 0.5146 -0.8574 -0.0015
vn 0.5050 -0.8631 0.0042
vn 0.5722 -0.8201 -0.0051
vn 0.5682 -0.8229 -0.0027
vn 0.6307 -0.7760 -0.0121
vn 0.6213 -0.7836 -0.0062
vn -0.7937 -0.6005 -0.0973
vn -0.7899 -0.6051 -0.0993
vn -0.7543 -0.6489 -0.0996
vn -0.7614 -0.6412 -0.0956
vn -0.7286 -0.6777 -0.0993
vn -0.7309 -0.6753 -0.0981
vn -0.6841 -0.7228 -0.0974
vn -0.6868 -0.7205 -0.0960
vn -0.6383 -0.7639 -0.0948
vn -0.6376 -0.7645 -0.0952
vn -0.5875 -0.8040 -0.0913
vn -0.5843 -0.8062 -0.0931
vn -0.5297 -0.8435 -0.0890
vn -0.5286 -0.8441 -0.0896
vn -0.4532 -0.8873 -0.0862
vn -0.4510 -0.8882 -0.0875
vn -0.3719 -0.9245 -0.0833
vn -0.3678 -0.9259 -0.0858
vn -0.2776 -0.9572 -0.0816
vn -0.2770 -0.9574 -0.0820
vn -0.1757 -0.9811 -0.0808
vn -0.1763 -0.9810 -0.0804
vn -0.0665 -0.9946 -0.0792
vn -0.0656 -0.9946 -0.0799
vn 0.0447 -0.9960 -0.0780
vn 0.0471 -0.9957 -0.0795
vn 0.1539 -0.9850 -0.0783
vn 0.1548 -0.9848 -0.0788
vn 0.2575 -0.9629 -0.0812
vn 0.2542 -0.9639 -0.0792
vn 0.3534 -0.9316 -0.0847
vn 0.3479 -0.9340 -0.0814
vn 0.4357 -0.8962 -0.0835
vn 0.4379 -0.8950 -0.0849
vn 0.5148 -0.8530 -0.0859
vn 0.5135 -0.8539 -0.0851
vn 0.5763 -0.8123 -0.0898
vn 0.5735 -0.8144 -0.0881
vn 0.6342 -0.7673 -0.0948
vn 0.6322 -0.7691 -0.0935
vn -0.7941 -0.5827 -0.1724
vn -0.7948 -0.5820 -0.1721
vn -0.7503 -0.6387 -0.1706
vn -0.7573 -0.6314 -0.1671
vn -0.7128 -0.6783 -0.1784
vn -0.7303 -0.6619 -0.1691
vn -0.6828 -0.7078 -0.1810
vn -0.6893 -0.7024 -0.1775
vn -0.6366 -0.7495 -0.1816
vn -0.6423 -0.7454 -0.1784
vn -0.5859 -0.7890 -0.1849
vn -0.5932 -0.7845 -0.1806
vn -0.5245 -0.8311 -0.1848
vn -0.5278 -0.8294 -0.1830
vn -0.4504 -0.8734 -0.1852
vn -0.4548 -0.8717 -0.1827
vn -0.3711 -0.9100 -0.1851
vn -0.3733 -0.9093 -0.1837
vn -0.2801 -0.9422 -0.1840
vn -0.2789 -0.9424 -0.1847
vn -0.1763 -0.9670 -0.1840
vn -0.1761 -0.9670 -0.1841
vn -0.0661 -0.9807 -0.1841
vn -0.0667 -0.9807 -0.1836
vn 0.0459 -0.9818 -0.1841
vn 0.0448 -0.9820 -0.1835
vn 0.1550 -0.9706 -0.1842
vn 0.1544 -0.9708 -0.1838
vn 0.2581 -0.9484 -0.1844
vn 0.2584 -0.9482 -0.1847
vn 0.3510 -0.9183 -0.1832
vn 0.3559 -0.9158 -0.1862
vn 0.4308 -0.8843 -0.1800
vn 0.4390 -0.8792 -0.1851
vn 0.5086 -0.8418 -0.1807
vn 0.5105 -0.8404 -0.1819
vn 0.5758 -0.7974 -0.1804
vn 0.5811 -0.7929 -0.1837
vn 0.6289 -0.7569 -0.1777
vn 0.6369 -0.7489 -0.1830
vn -0.7805 -0.5727 -0.2506
vn -0.7928 -0.5588 -0.2432
vn -0.7472 -0.6146 -0.2528
vn -0.7554 -0.6063 -0.2485
vn -0.7047 -0.6621 -0.2551
vn -0.7165 -0.6515 -0.2493
vn -0.6674 -0.6964 -0.2638
vn -0.6858 -0.6821 -0.2538
vn -0.6269 -0.7304 -0.2713
vn -0.6416 -0.7205 -0.2630
vn -0.5775 -0.7676 -0.2779
vn -0.5912 -0.7601 -0.2698
vn -0.5191 -0.8067 -0.2823
vn -0.5277 -0.8030 -0.2771
vn -0.4429 -0.8497 -0.2860
vn -0.4511 -0.8471 -0.2810
vn -0.3633 -0.8851 -0.2908
vn -0.3722 -0.8832 -0.2852
vn -0.2739 -0.9158 -0.2936
vn -0.2812 -0.9150 -0.2892
vn -0.1692 -0.9399 -0.2965
vn -0.1769 -0.9400 -0.2917
vn -0.0653 -0.9528 -0.2966
vn -0.0665 -0.9529 -0.2959
vn 0.0409 -0.9547 -0.2947
vn 0.0460 -0.9535 -0.2979
vn 0.1470 -0.9451 -0.2918
vn 0.1555 -0.9421 -0.2972
vn 0.2520 -0.9232 -0.2903
vn 0.2589 -0.9198 -0.2948
vn 0.3429 -0.8949 -0.2857
vn 0.3533 -0.8887 -0.2922
vn 0.4203 -0.8636 -0.2785
vn 0.4337 -0.8542 -0.2868
vn 0.5034 -0.8185 -0.2770
vn 0.5104 -0.8127 -0.2813
vn 0.5646 -0.7803 -0.2690
vn 0.5807 -0.7648 -0.2790
vn 0.6201 -0.7385 -0.2646
vn 0.6324 -0.7252 -0.2724
vn -0.7680 -0.5570 -0.3162
vn -0.7756 -0.5489 -0.3117
vn -0.7247 -0.6050 -0.3298
vn -0.7482 -0.5836 -0.3156
vn -0.6938 -0.6348 -0.3401
vn -0.7126 -0.6194 -0.3295
vn -0.6540 -0.6719 -0.3475
vn -0.6714 -0.6594 -0.3382
vn -0.6059 -0.7099 -0.3591
vn -0.6303 -0.6952 -0.3455
vn -0.5571 -0.7423 -0.3724
vn -0.5823 -0.7299 -0.3580
vn -0.5010 -0.7766 -0.3820
vn -0.5215 -0.7687 -0.3704
vn -0.4297 -0.8147 -0.3893
vn -0.4465 -0.8103 -0.3796
vn -0.3544 -0.8480 -0.3941
vn -0.3653 -0.8465 -0.3873
vn -0.2629 -0.8776 -0.4008
vn -0.2740 -0.8774 -0.3939
vn -0.1616 -0.8992 -0.4065
vn -0.1709 -0.9002 -0.4006
vn -0.0632 -0.9108 -0.4079
vn -0.0663 -0.9115 -0.4060
vn 0.0398 -0.9126 -0.4068
vn 0.0414 -0.9121 -0.4078
vn 0.1407 -0.9044 -0.4027
vn 0.1480 -0.9012 -0.4072
vn 0.2433 -0.8845 -0.3982
vn 0.2521 -0.8794 -0.4039
vn 0.3318 -0.8592 -0.3894
vn 0.3479 -0.8482 -0.3993
vn 0.4083 -0.8303 -0.3792
vn 0.4295 -0.8136 -0.3919
vn 0.4817 -0.7951 -0.3684
vn 0.5040 -0.7747 -0.3820
vn 0.5451 -0.7580 -0.3581
vn 0.5681 -0.7339 -0.3724
vn 0.5958 -0.7255 -0.3444
vn 0.6204 -0.6965 -0.3605
vn -0.7520 -0.5308 -0.3909
vn -0.7605 -0.5218 -0.3865
vn -0.7039 -0.5887 -0.3974
vn -0.7249 -0.5704 -0.3862
vn -0.6630 -0.6225 -0.4158
vn -0.6960 -0.5985 -0.3967
vn -0.6291 -0.6457 -0.4329
vn -0.6583 -0.6275 -0.4157
vn -0.5897 -0.6739 -0.4451
vn -0.6137 -0.6610 -0.4319
vn -0.5330 -0.7107 -0.4592
vn -0.5616 -0.6990 -0.4428
vn -0.4763 -0.7403 -0.4745
vn -0.5039 -0.7322 -0.4582
vn -0.4123 -0.7707 -0.4859
vn -0.4328 -0.7671 -0.4736
vn -0.3404 -0.7996 -0.4947
vn -0.3561 -0.7988 -0.4850
vn -0.2469 -0.8281 -0.5033
vn -0.2607 -0.8291 -0.4946
vn -0.1542 -0.8458 -0.5108
vn -0.1649 -0.8479 -0.5039
vn -0.0594 -0.8559 -0.5137
vn -0.0653 -0.8577 -0.5101
vn 0.0431 -0.8571 -0.5133
vn 0.0393 -0.8586 -0.5111
vn 0.1374 -0.8505 -0.5077
vn 0.1411 -0.8487 -0.5097
vn 0.2336 -0.8335 -0.5008
vn 0.2410 -0.8285 -0.5054
vn 0.3191 -0.8119 -0.4889
vn 0.3383 -0.7968 -0.5007
vn 0.3895 -0.7906 -0.4725
vn 0.4176 -0.7658 -0.4890
vn 0.4554 -0.7642 -0.4566
vn 0.4872 -0.7327 -0.4752
vn 0.5208 -0.7303 -0.4420
vn 0.5498 -0.6969 -0.4604
vn 0.5793 -0.6904 -0.4334
vn 0.6003 -0.6631 -0.4472
vn -0.7210 -0.5145 -0.4641
vn -0.7414 -0.4962 -0.4517
vn -0.6847 -0.5514 -0.4767
vn -0.7084 -0.5324 -0.4634
vn -0.6455 -0.5873 -0.4883
vn -0.6714 -0.5690 -0.4749
vn -0.6025 -0.6183 -0.5046
vn -0.6327 -0.6024 -0.4867
vn -0.5580 -0.6423 -0.5255
vn -0.5930 -0.6278 -0.5042
vn -0.5094 -0.6662 -0.5447
vn -0.5399 -0.6576 -0.5254
vn -0.4520 -0.6945 -0.5598
vn -0.4787 -0.6895 -0.5436
vn -0.3839 -0.7218 -0.5759
vn -0.4137 -0.7193 -0.5582
vn -0.3137 -0.7455 -0.5880
vn -0.3386 -0.7456 -0.5740
vn -0.2320 -0.7693 -0.5952
vn -0.2503 -0.7719 -0.5845
vn -0.1406 -0.7851 -0.6032
vn -0.1580 -0.7903 -0.5920
vn -0.0529 -0.7932 -0.6067
vn -0.0602 -0.7962 -0.6020
vn 0.0363 -0.7967 -0.6033
vn 0.0413 -0.7940 -0.6065
vn 0.1264 -0.7934 -0.5955
vn 0.1404 -0.7846 -0.6039
vn 0.2215 -0.7757 -0.5910
vn 0.2335 -0.7659 -0.5991
vn 0.2980 -0.7604 -0.5771
vn 0.3217 -0.7384 -0.5926
vn 0.3641 -0.7463 -0.5572
vn 0.3987 -0.7126 -0.5772
vn 0.4325 -0.7208 -0.5416
vn 0.4630 -0.6874 -0.5596
vn 0.5010 -0.6873 -0.5259
vn 0.5311 -0.6490 -0.5448
vn 0.5500 -0.6640 -0.5065
vn 0.5826 -0.6192 -0.5265
vn -0.6938 -0.5003 -0.5180
vn -0.7105 -0.4870 -0.5080
vn -0.6477 -0.5368 -0.5407
vn -0.6834 -0.5145 -0.5180
vn -0.6152 -0.5529 -0.5620
vn -0.6513 -0.5325 -0.5407
vn -0.5803 -0.5715 -0.5802
vn -0.6110 -0.5576 -0.5619
vn -0.5331 -0.6015 -0.5950
vn -0.5622 -0.5908 -0.5787
vn -0.4770 -0.6285 -0.6144
vn -0.5120 -0.6214 -0.5930
vn -0.4213 -0.6485 -0.6340
vn -0.4539 -0.6461 -0.6136
vn -0.3631 -0.6678 -0.6497
vn -0.3878 -0.6694 -0.6337
vn -0.2896 -0.6904 -0.6630
vn -0.3114 -0.6938 -0.6493
vn -0.2168 -0.7061 -0.6741
vn -0.2338 -0.7110 -0.6632
vn -0.1347 -0.7190 -0.6818
vn -0.1469 -0.7246 -0.6734
vn -0.0506 -0.7276 -0.6841
vn -0.0537 -0.7294 -0.6820
vn 0.0275 -0.7320 -0.6807
vn 0.0362 -0.7259 -0.6868
vn 0.1146 -0.7296 -0.6742
vn 0.1330 -0.7152 -0.6861
vn 0.2060 -0.7155 -0.6676
vn 0.2202 -0.7014 -0.6779
vn 0.2736 -0.7068 -0.6523
vn 0.2975 -0.6815 -0.6686
vn 0.3438 -0.6926 -0.6341
vn 0.3763 -0.6573 -0.6529
vn 0.4102 -0.6725 -0.6160
vn 0.4446 -0.6313 -0.6354
vn 0.4661 -0.6560 -0.5937
vn 0.5027 -0.6052 -0.6173
vn 0.5208 -0.6292 -0.5770
vn 0.5514 -0.5819 -0.5979
vn -0.6682 -0.4664 -0.5796
vn -0.6830 -0.4549 -0.5714
vn -0.6209 -0.5139 -0.5920
vn -0.6495 -0.4979 -0.5746
vn -0.5814 -0.5363 -0.6119
vn -0.6153 -0.5216 -0.5911
vn -0.5430 -0.5475 -0.6367
vn -0.5803 -0.5375 -0.6118
vn -0.5014 -0.5599 -0.6596
vn -0.5351 -0.5547 -0.6371
vn -0.4554 -0.5763 -0.6786
vn -0.4828 -0.5756 -0.6601
vn -0.3976 -0.6004 -0.6939
vn -0.4235 -0.6019 -0.6771
vn -0.3349 -0.6160 -0.7130
vn -0.3649 -0.6220 -0.6928
vn -0.2668 -0.6333 -0.7265
vn -0.2887 -0.6396 -0.7125
vn -0.1957 -0.6480 -0.7361
vn -0.2145 -0.6549 -0.7247
vn -0.1220 -0.6553 -0.7454
vn -0.1385 -0.6636 -0.7351
vn -0.0449 -0.6609 -0.7491
vn -0.0524 -0.6657 -0.7444
vn 0.0279 -0.6644 -0.7469
vn 0.0295 -0.6632 -0.7479
vn 0.1048 -0.6667 -0.7380
vn 0.1167 -0.6567 -0.7451
vn 0.1885 -0.6594 -0.7278
vn 0.1995 -0.6467 -0.7362
vn 0.2606 -0.6477 -0.7160
vn 0.2771 -0.6271 -0.7280
vn 0.3222 -0.6400 -0.6976
vn 0.3537 -0.6021 -0.7158
vn 0.3857 -0.6228 -0.6807
vn 0.4162 -0.5820 -0.6987
vn 0.4483 -0.5974 -0.6649
vn 0.4749 -0.5570 -0.6813
vn 0.4943 -0.5820 -0.6457
vn 0.5245 -0.5348 -0.6625
vn -0.6319 -0.4420 -0.6367
vn -0.6558 -0.4276 -0.6222
vn -0.5967 -0.4623 -0.6559
vn -0.6272 -0.4489 -0.6365
vn -0.5607 -0.4848 -0.6713
vn -0.5883 -0.4744 -0.6549
vn -0.5184 -0.5096 -0.6867
vn -0.5468 -0.5031 -0.6692
vn -0.4696 -0.5313 -0.7051
vn -0.5007 -0.5298 -0.6846
vn -0.4238 -0.5390 -0.7279
vn -0.4554 -0.5435 -0.7051
vn -0.3733 -0.5476 -0.7489
vn -0.3999 -0.5543 -0.7299
vn -0.3206 -0.5593 -0.7645
vn -0.3379 -0.5664 -0.7517
vn -0.2550 -0.5779 -0.7752
vn -0.2670 -0.5842 -0.7664
vn -0.1845 -0.5899 -0.7861
vn -0.1965 -0.5974 -0.7775
vn -0.1114 -0.5965 -0.7949
vn -0.1227 -0.6043 -0.7872
vn -0.0433 -0.6019 -0.7974
vn -0.0457 -0.6038 -0.7958
vn 0.0271 -0.6039 -0.7966
vn 0.0313 -0.6004 -0.7991
vn 0.0976 -0.6037 -0.7912
vn 0.1093 -0.5928 -0.7979
vn 0.1698 -0.6019 -0.7803
vn 0.1828 -0.5862 -0.7893
vn 0.2432 -0.5936 -0.7672
vn 0.2591 -0.5718 -0.7784
vn 0.3067 -0.5786 -0.7558
vn 0.3305 -0.5466 -0.7695
vn 0.3566 -0.5743 -0.7369
vn 0.3912 -0.5262 -0.7550
vn 0.4052 -0.5783 -0.7081
vn 0.4475 -0.5127 -0.7327
vn 0.4529 -0.5734 -0.6827
vn 0.4924 -0.5037 -0.7098
vn -0.6009 -0.4354 -0.6704
vn -0.6269 -0.4282 -0.6509
vn -0.5680 -0.4401 -0.6955
vn -0.5959 -0.4398 -0.6719
vn -0.5346 -0.4442 -0.7189
vn -0.5621 -0.4450 -0.6972
vn -0.4967 -0.4532 -0.7402
vn -0.5222 -0.4546 -0.7216
vn -0.4544 -0.4695 -0.7570
vn -0.4754 -0.4723 -0.7422
vn -0.4050 -0.4871 -0.7738
vn -0.4275 -0.4930 -0.7578
vn -0.3509 -0.5006 -0.7914
vn -0.3735 -0.5086 -0.7758
vn -0.3011 -0.5061 -0.8082
vn -0.3199 -0.5153 -0.7950
vn -0.2441 -0.5156 -0.8213
vn -0.2552 -0.5223 -0.8137
vn -0.1751 -0.5263 -0.8321
vn -0.1851 -0.5335 -0.8253
vn -0.1088 -0.5342 -0.8383
vn -0.1159 -0.5397 -0.8339
vn -0.0391 -0.5398 -0.8409
vn -0.0451 -0.5447 -0.8374
vn 0.0293 -0.5443 -0.8384
vn 0.0303 -0.5434 -0.8389
vn 0.0956 -0.5468 -0.8318
vn 0.1022 -0.5404 -0.8352
vn 0.1591 -0.5440 -0.8238
vn 0.1670 -0.5349 -0.8283
vn 0.2327 -0.5260 -0.8180
vn 0.2392 -0.5167 -0.8220
vn 0.2854 -0.5233 -0.8029
vn 0.3056 -0.4958 -0.8129
vn 0.3306 -0.5271 -0.7829
vn 0.3581 -0.4891 -0.7953
vn 0.3837 -0.5218 -0.7619
vn 0.4126 -0.4764 -0.7764
vn 0.4380 -0.5041 -0.7443
vn 0.4637 -0.4582 -0.7583
vn 0.5932 0.4337 0.6782
vn 0.5474 0.7054 0.4503
vn 0.5328 0.1556 0.8318
vn 0.4792 0.7914 0.3795
vn 0.4956 0.2394 0.8349
vn 0.3308 0.9366 0.1158
vn 0.4493 0.3979 0.7999
vn 0.2069 0.9753 -0.0777
vn 0.3807 0.4902 0.7841
vn 0.1935 0.9811 -0.0047
vn 0.2943 0.6098 0.7359
vn 0.1619 0.9854 0.0519
vn 0.1854 0.8958 0.4039
vn 0.1303 0.9875 0.0893
vn 0.0967 0.9483 0.3023
vn 0.0650 0.9973 0.0347
vn 0.0241 0.9943 0.1040
vn 0.0199 0.9987 0.0459
vn -0.0417 0.9933 0.1076
vn -0.0416 0.9941 0.1001
vn -0.0932 0.9916 0.0899
vn -0.1043 0.9441 0.3128
vn -0.1686 0.9676 0.1880
vn -0.1895 0.8988 0.3953
vn -0.2204 0.9628 0.1560
vn -0.2587 0.8276 0.4981
vn -0.2887 0.9357 0.2026
vn -0.3372 0.7903 0.5115
vn -0.3283 0.9312 0.1582
vn -0.3859 0.7826 0.4885
vn -0.4429 0.8265 0.3476
vn -0.4565 0.7388 0.4958
vn -0.5337 0.7021 0.4714
vn -0.5158 0.6536 0.5538
vn -0.5939 0.6229 0.5092
vn -0.5670 0.6121 0.5512
vn -0.6322 0.5925 0.4992
vn -0.6050 0.5946 0.5296
vn -0.6683 0.5709 0.4769
vn -0.6354 0.5865 0.5023
vn 0.6352 0.3210 0.7025
vn 0.5149 0.8220 0.2435
vn 0.5979 0.4915 0.6332
vn 0.2946 0.9510 -0.0941
vn 0.4879 0.7744 0.4029
vn 0.2057 0.9602 -0.1890
vn 0.4012 0.8598 0.3158
vn 0.1909 0.9687 -0.1587
vn 0.3079 0.9276 0.2118
vn 0.1734 0.9776 -0.1196
vn 0.2181 0.9693 0.1134
vn 0.1371 0.9843 -0.1108
vn 0.1476 0.9869 0.0656
vn 0.1110 0.9920 -0.0596
vn 0.0825 0.9955 0.0475
vn 0.0653 0.9975 -0.0279
vn 0.0223 0.9997 -0.0021
vn 0.0201 0.9997 -0.0151
vn -0.0375 0.9992 -0.0163
vn -0.0360 0.9994 -0.0011
vn -0.0921 0.9955 -0.0227
vn -0.0870 0.9955 0.0385
vn -0.1416 0.9896 -0.0262
vn -0.1435 0.9882 0.0540
vn -0.1922 0.9809 -0.0283
vn -0.1948 0.9793 0.0557
vn -0.2426 0.9700 -0.0185
vn -0.2486 0.9658 0.0732
vn -0.2933 0.9560 -0.0030
vn -0.3010 0.9498 0.0853
vn -0.3466 0.9376 0.0270
vn -0.3452 0.9341 0.0910
vn -0.4412 0.8881 0.1290
vn -0.4247 0.8894 0.1694
vn -0.5449 0.7986 0.2557
vn -0.5110 0.8194 0.2598
vn -0.6324 0.6853 0.3611
vn -0.5927 0.7241 0.3526
vn -0.6901 0.5984 0.4070
vn -0.6504 0.6474 0.3974
vn 0.5519 0.8062 0.2133
vn 0.3845 0.9221 -0.0435
vn 0.4599 0.8798 0.1199
vn 0.3005 0.9467 -0.1164
vn 0.3883 0.9191 0.0669
vn 0.2816 0.9551 -0.0927
vn 0.3299 0.9431 0.0422
vn 0.2602 0.9636 -0.0618
vn 0.2711 0.9623 0.0230
vn 0.2251 0.9734 -0.0432
vn 0.2095 0.9777 0.0118
vn 0.1798 0.9832 -0.0306
vn 0.1490 0.9888 0.0090
vn 0.1318 0.9911 -0.0169
vn 0.0872 0.9962 0.0027
vn 0.0756 0.9970 -0.0144
vn 0.0252 0.9997 -0.0060
vn 0.0220 0.9997 -0.0110
vn -0.0407 0.9991 -0.0099
vn -0.0381 0.9993 -0.0055
vn -0.1059 0.9943 -0.0102
vn -0.0956 0.9954 0.0023
vn -0.1618 0.9868 -0.0094
vn -0.1491 0.9888 0.0079
vn -0.2165 0.9762 -0.0108
vn -0.2033 0.9791 0.0089
vn -0.2719 0.9623 -0.0106
vn -0.2535 0.9673 0.0116
vn -0.3213 0.9470 -0.0059
vn -0.3004 0.9537 0.0136
vn -0.3685 0.9296 -0.0017
vn -0.3398 0.9404 0.0129
vn -0.4143 0.9101 0.0085
vn -0.3786 0.9255 0.0104
vn -0.4555 0.8900 0.0186
vn -0.4011 0.9160 -0.0081
vn -0.5190 0.8523 0.0650
vn -0.4379 0.8990 -0.0037
vn -0.6154 0.7705 0.1660
vn -0.5350 0.8404 0.0866
vn 0.4877 0.8723 0.0349
vn 0.4140 0.9095 -0.0381
vn 0.4442 0.8955 0.0272
vn 0.3840 0.9228 -0.0323
vn 0.3926 0.9196 0.0168
vn 0.3519 0.9358 -0.0208
vn 0.3396 0.9405 0.0081
vn 0.3103 0.9505 -0.0163
vn 0.2827 0.9592 0.0027
vn 0.2612 0.9652 -0.0128
vn 0.2180 0.9760 -0.0001
vn 0.2048 0.9788 -0.0086
vn 0.1570 0.9876 0.0002
vn 0.1467 0.9892 -0.0057
vn 0.0922 0.9957 -0.0007
vn 0.0866 0.9962 -0.0036
vn 0.0261 0.9997 -0.0019
vn 0.0253 0.9997 -0.0023
vn -0.0424 0.9991 -0.0018
vn -0.0412 0.9992 -0.0011
vn -0.1126 0.9936 -0.0022
vn -0.1071 0.9942 0.0003
vn -0.1718 0.9851 -0.0022
vn -0.1638 0.9865 0.0013
vn -0.2276 0.9738 -0.0021
vn -0.2197 0.9756 0.0018
vn -0.2878 0.9577 -0.0040
vn -0.2759 0.9612 0.0026
vn -0.3438 0.9390 -0.0067
vn -0.3241 0.9460 0.0025
vn -0.3935 0.9193 -0.0061
vn -0.3699 0.9291 0.0018
vn -0.4406 0.8977 -0.0007
vn -0.4116 0.9113 0.0036
vn -0.4853 0.8743 0.0071
vn -0.4456 0.8952 0.0027
vn -0.5243 0.8514 0.0159
vn -0.4754 0.8798 -0.0009
vn -0.5630 0.8259 0.0297
vn -0.4984 0.8669 -0.0085
vn 0.4941 0.8694 0.0053
vn 0.4693 0.8830 -0.0078
vn 0.4520 0.8920 0.0040
vn 0.4341 0.9009 -0.0050
vn 0.4006 0.9162 0.0027
vn 0.3891 0.9212 -0.0026
vn 0.3449 0.9386 0.0008
vn 0.3385 0.9409 -0.0021
vn 0.2868 0.9580 0.0002
vn 0.2824 0.9593 -0.0018
vn 0.2191 0.9757 -0.0010
vn 0.2179 0.9760 -0.0016
vn 0.1607 0.9870 -0.0005
vn 0.1569 0.9876 -0.0021
vn 0.0938 0.9956 -0.0006
vn 0.0922 0.9957 -0.0012
vn 0.0254 0.9997 -0.0011
vn 0.0261 0.9997 -0.0008
vn -0.0421 0.9991 -0.0005
vn -0.0424 0.9991 -0.0006
vn -0.1140 0.9935 -0.0005
vn -0.1127 0.9936 -0.0000
vn -0.1737 0.9848 -0.0004
vn -0.1719 0.9851 0.0002
vn -0.2289 0.9734 -0.0001
vn -0.2278 0.9737 0.0004
vn -0.2916 0.9565 -0.0009
vn -0.2882 0.9576 0.0005
vn -0.3501 0.9367 -0.0027
vn -0.3444 0.9388 -0.0003
vn -0.3987 0.9171 -0.0026
vn -0.3944 0.9189 -0.0009
vn -0.4527 0.8917 -0.0026
vn -0.4413 0.8974 0.0012
vn -0.5009 0.8655 -0.0022
vn -0.4831 0.8756 0.0021
vn -0.5414 0.8407 0.0003
vn -0.5174 0.8558 0.0027
vn -0.5780 0.8160 0.0056
vn -0.5457 0.8379 0.0022
vn 0.4971 0.8677 0.0003
vn 0.4934 0.8698 -0.0010
vn 0.4547 0.8907 0.0004
vn 0.4516 0.8922 -0.0007
vn 0.4010 0.9161 -0.0001
vn 0.4005 0.9163 -0.0003
vn 0.3450 0.9386 -0.0006
vn 0.3448 0.9387 -0.0006
vn 0.2877 0.9577 0.0001
vn 0.2868 0.9580 -0.0002
vn 0.2176 0.9760 -0.0007
vn 0.2191 0.9757 -0.0001
vn 0.1627 0.9867 -0.0006
vn 0.1607 0.9870 -0.0014
vn 0.0948 0.9955 -0.0006
vn 0.0938 0.9956 -0.0010
vn 0.0245 0.9997 -0.0009
vn 0.0254 0.9997 -0.0005
vn -0.0412 0.9992 -0.0002
vn -0.0421 0.9991 -0.0006
vn -0.1140 0.9935 -0.0001
vn -0.1738 0.9848 -0.0001
vn -0.1737 0.9848 -0.0000
vn -0.2290 0.9734 -0.0000
vn -0.2289 0.9734 -0.0000
vn -0.2949 0.9555 -0.0014
vn -0.2916 0.9565 -0.0001
vn -0.3523 0.9359 -0.0023
vn -0.3501 0.9367 -0.0015
vn -0.3971 0.9178 -0.0005
vn -0.3988 0.9170 -0.0011
vn -0.4561 0.8899 -0.0007
vn -0.4530 0.8915 0.0004
vn -0.5044 0.8634 -0.0013
vn -0.5011 0.8654 -0.0001
vn -0.5483 0.8363 -0.0011
vn -0.5415 0.8407 0.0009
vn -0.5900 0.8074 -0.0009
vn -0.5770 0.8168 0.0018
vn 0.4956 0.8686 -0.0005
vn 0.4971 0.8677 -0.0000
vn 0.4546 0.8907 -0.0000
vn 0.3990 0.9169 -0.0005
vn 0.4010 0.9161 0.0002
vn 0.3445 0.9388 -0.0005
vn 0.3450 0.9386 -0.0003
vn 0.2897 0.9571 0.0009
vn 0.2168 0.9762 0.0001
vn 0.2176 0.9760 0.0005
vn 0.1646 0.9864 -0.0006
vn 0.1627 0.9867 -0.0014
vn 0.0973 0.9953 -0.0004
vn 0.0948 0.9955 -0.0014
vn 0.0242 0.9997 -0.0008
vn 0.0245 0.9997 -0.0007
vn -0.0395 0.9992 -0.0002
vn -0.0412 0.9992 -0.0009
vn -0.1131 0.9936 -0.0001
vn -0.1140 0.9935 -0.0004
vn -0.1736 0.9848 -0.0002
vn -0.1738 0.9848 -0.0003
vn -0.2302 0.9731 -0.0007
vn -0.2290 0.9734 -0.0002
vn -0.3006 0.9538 -0.0027
vn -0.2948 0.9555 -0.0006
vn -0.3534 0.9355 -0.0021
vn -0.3523 0.9359 -0.0016
vn -0.3979 0.9174 0.0010
vn -0.3971 0.9178 0.0012
vn -0.4626 0.8866 0.0003
vn -0.4562 0.8899 0.0024
vn -0.5047 0.8633 -0.0001
vn -0.5045 0.8634 -0.0000
vn -0.5470 0.8372 0.0004
vn -0.5483 0.8363 -0.0001
vn -0.5926 0.8055 -0.0006
vn -0.5900 0.8074 0.0002
vn 0.4940 0.8694 -0.0005
vn 0.4956 0.8686 -0.0000
vn 0.4544 0.8908 -0.0001
vn 0.4546 0.8907 -0.0001
vn 0.3970 0.9178 -0.0006
vn 0.3990 0.9169 0.0001
vn 0.3436 0.9391 -0.0008
vn 0.3445 0.9388 -0.0004
vn 0.2904 0.9569 0.0002
vn 0.2897 0.9571 -0.0000
vn 0.2153 0.9765 -0.0002
vn 0.2168 0.9762 0.0003
vn 0.1655 0.9862 -0.0004
vn 0.1646 0.9864 -0.0007
vn 0.0982 0.9952 -0.0003
vn 0.0973 0.9953 -0.0006
vn 0.0236 0.9997 -0.0006
vn 0.0242 0.9997 -0.0004
vn -0.0375 0.9993 -0.0000
vn -0.0395 0.9992 -0.0008
vn -0.1124 0.9937 -0.0000
vn -0.1131 0.9936 -0.0003
vn -0.1730 0.9849 -0.0005
vn -0.1736 0.9848 -0.0006
vn -0.2301 0.9732 -0.0004
vn -0.2302 0.9731 -0.0005
vn -0.3030 0.9530 -0.0013
vn -0.3006 0.9538 -0.0004
vn -0.3524 0.9358 -0.0005
vn -0.3534 0.9355 -0.0010
vn -0.3973 0.9177 0.0007
vn -0.3978 0.9175 0.0005
vn -0.4650 0.8853 -0.0000
vn -0.4626 0.8866 0.0007
vn -0.5036 0.8639 -0.0002
vn -0.5047 0.8633 -0.0007
vn -0.5453 0.8382 -0.0000
vn -0.5470 0.8372 -0.0005
vn -0.5930 0.8052 -0.0003
vn -0.5926 0.8055 -0.0002
vn 0.4929 0.8701 -0.0004
vn 0.4940 0.8694 -0.0000
vn 0.4546 0.8907 -0.0002
vn 0.4544 0.8908 -0.0003
vn 0.3956 0.9184 -0.0006
vn 0.3970 0.9178 -0.0001
vn 0.3426 0.9395 -0.0008
vn 0.3436 0.9391 -0.0005
vn 0.2902 0.9570 -0.0001
vn 0.2904 0.9569 -0.0001
vn 0.2134 0.9770 -0.0004
vn 0.2153 0.9765 0.0003
vn 0.1659 0.9861 -0.0003
vn 0.0983 0.9952 -0.0003
vn 0.0229 0.9997 -0.0006
vn 0.0236 0.9997 -0.0003
vn -0.0355 0.9994 0.0002
vn -0.0375 0.9993 -0.0007
vn -0.1123 0.9937 -0.0003
vn -0.1124 0.9937 -0.0003
vn -0.1728 0.9850 -0.0009
vn -0.1730 0.9849 -0.0010
vn -0.2295 0.9733 -0.0003
vn -0.2301 0.9732 -0.0005
vn -0.3046 0.9525 -0.0007
vn -0.3030 0.9530 -0.0000
vn -0.3507 0.9365 0.0001
vn -0.3524 0.9358 -0.0007
vn -0.3959 0.9183 0.0004
vn -0.3973 0.9177 -0.0000
vn -0.4654 0.8851 -0.0003
vn -0.4650 0.8853 -0.0002
vn -0.5021 0.8648 -0.0003
vn -0.5036 0.8639 -0.0009
vn -0.5441 0.8390 -0.0001
vn -0.5453 0.8382 -0.0006
vn -0.5929 0.8053 -0.0002
vn -0.5930 0.8052 -0.0002
vn 0.4919 0.8707 -0.0004
vn 0.4929 0.8701 -0.0000
vn 0.4549 0.8905 -0.0002
vn 0.4546 0.8907 -0.0003
vn 0.3944 0.9190 -0.0006
vn 0.3956 0.9184 -0.0002
vn 0.3417 0.9398 -0.0009
vn 0.3426 0.9395 -0.0005
vn 0.2900 0.9570 -0.0002
vn 0.2114 0.9774 -0.0004
vn 0.2134 0.9770 0.0003
vn 0.1662 0.9861 -0.0003
vn 0.1659 0.9861 -0.0004
vn 0.0983 0.9952 -0.0002
vn 0.0221 0.9998 -0.0006
vn 0.0229 0.9997 -0.0003
vn -0.0335 0.9994 0.0002
vn -0.0355 0.9994 -0.0007
vn -0.1127 0.9936 -0.0004
vn -0.1729 0.9849 -0.0011
vn -0.1728 0.9850 -0.0011
vn -0.2288 0.9735 -0.0003
vn -0.2295 0.9733 -0.0005
vn -0.3064 0.9519 -0.0005
vn -0.3046 0.9525 0.0001
vn -0.3490 0.9371 0.0002
vn -0.3507 0.9365 -0.0006
vn -0.3955 0.9185 -0.0001
vn -0.3959 0.9183 -0.0002
vn -0.4662 0.8847 -0.0008
vn -0.4654 0.8851 -0.0006
vn -0.5005 0.8657 -0.0003
vn -0.5021 0.8648 -0.0010
vn -0.5432 0.8396 -0.0001
vn -0.5441 0.8390 -0.0004
vn -0.5932 0.8050 -0.0002
vn -0.5929 0.8053 -0.0001
vn 0.4909 0.8712 -0.0004
vn 0.4919 0.8707 -0.0000
vn 0.4553 0.8903 -0.0002
vn 0.4549 0.8905 -0.0004
vn 0.3933 0.9194 -0.0006
vn 0.3944 0.9190 -0.0002
vn 0.3409 0.9401 -0.0009
vn 0.3417 0.9398 -0.0005
vn 0.2898 0.9571 -0.0002
vn 0.2092 0.9779 -0.0005
vn 0.2114 0.9774 0.0002
vn 0.1664 0.9861 -0.0003
vn 0.1662 0.9861 -0.0004
vn 0.0980 0.9952 -0.0002
vn 0.0982 0.9952 -0.0001
vn 0.0211 0.9998 -0.0006
vn 0.0221 0.9998 -0.0002
vn -0.0315 0.9995 0.0002
vn -0.0335 0.9994 -0.0006
vn -0.1132 0.9936 -0.0005
vn -0.1127 0.9936 -0.0003
vn -0.1730 0.9849 -0.0012
vn -0.2280 0.9737 -0.0003
vn -0.2288 0.9735 -0.0005
vn -0.3082 0.9513 -0.0005
vn -0.3064 0.9519 0.0002
vn -0.3477 0.9376 -0.0000
vn -0.3490 0.9371 -0.0006
vn -0.3973 0.9177 -0.0009
vn -0.3955 0.9185 -0.0003
vn -0.4681 0.8837 -0.0014
vn -0.4991 0.8665 -0.0003
vn -0.5005 0.8657 -0.0008
vn -0.5434 0.8395 -0.0000
vn -0.5432 0.8396 -0.0000
vn -0.5937 0.8047 -0.0001
vn -0.5932 0.8050 -0.0000
vn 0.4899 0.8718 -0.0004
vn 0.4909 0.8712 -0.0000
vn 0.4559 0.8900 -0.0002
vn 0.4553 0.8903 -0.0004
vn 0.3924 0.9198 -0.0005
vn 0.3933 0.9194 -0.0002
vn 0.3400 0.9404 -0.0009
vn 0.3409 0.9401 -0.0005
vn 0.2900 0.9570 -0.0004
vn 0.2898 0.9571 -0.0005
vn 0.2073 0.9783 -0.0008
vn 0.2092 0.9779 -0.0001
vn 0.1664 0.9861 -0.0006
vn 0.0974 0.9952 -0.0001
vn 0.0980 0.9952 0.0001
vn 0.0194 0.9998 -0.0006
vn 0.0211 0.9998 0.0001
vn -0.0299 0.9996 -0.0000
vn -0.0315 0.9995 -0.0006
vn -0.1140 0.9935 -0.0006
vn -0.1132 0.9936 -0.0004
vn -0.1731 0.9849 -0.0012
vn -0.1730 0.9849 -0.0011
vn -0.2267 0.9740 -0.0001
vn -0.2280 0.9737 -0.0005
vn -0.3098 0.9508 -0.0003
vn -0.3082 0.9513 0.0002
vn -0.3472 0.9378 -0.0003
vn -0.3477 0.9376 -0.0006
vn -0.4020 0.9156 -0.0020
vn -0.3973 0.9177 -0.0007
vn -0.4706 0.8823 -0.0019
vn -0.4681 0.8837 -0.0011
vn -0.4982 0.8671 -0.0001
vn -0.4991 0.8665 -0.0004
vn -0.5449 0.8385 0.0004
vn -0.5434 0.8395 0.0009
vn -0.5934 0.8049 0.0005
vn -0.5937 0.8047 0.0005
vn 0.4893 0.8721 -0.0004
vn 0.4899 0.8718 -0.0001
vn 0.4570 0.8895 -0.0001
vn 0.4559 0.8900 -0.0004
vn 0.3925 0.9198 -0.0002
vn 0.3924 0.9198 -0.0002
vn 0.3390 0.9408 -0.0010
vn 0.3400 0.9404 -0.0006
vn 0.2920 0.9564 -0.0009
vn 0.2900 0.9570 -0.0015
vn 0.2073 0.9783 -0.0011
vn 0.1666 0.9860 -0.0008
vn 0.1664 0.9861 -0.0009
vn 0.0965 0.9953 -0.0000
vn 0.0974 0.9952 0.0003
vn 0.0170 0.9999 -0.0006
vn 0.0194 0.9998 0.0004
vn -0.0292 0.9996 -0.0003
vn -0.0299 0.9996 -0.0006
vn -0.1154 0.9933 -0.0010
vn -0.1728 0.9850 -0.0010
vn -0.1731 0.9849 -0.0011
vn -0.2238 0.9746 0.0003
vn -0.2267 0.9740 -0.0006
vn -0.3101 0.9507 0.0002
vn -0.3098 0.9508 0.0003
vn -0.3460 0.9382 0.0001
vn -0.3472 0.9378 -0.0005
vn -0.4023 0.9155 -0.0007
vn -0.4020 0.9156 -0.0006
vn -0.4706 0.8823 -0.0007
vn -0.4977 0.8673 -0.0000
vn -0.4982 0.8671 -0.0002
vn -0.5458 0.8379 -0.0000
vn -0.5449 0.8385 0.0003
vn -0.5938 0.8046 -0.0000
vn -0.5934 0.8049 0.0001
vn 0.4891 0.8722 -0.0004
vn 0.4892 0.8721 -0.0004
vn 0.4591 0.8884 0.0002
vn 0.4570 0.8895 -0.0006
vn 0.3941 0.9190 0.0004
vn 0.3925 0.9198 -0.0001
vn 0.3382 0.9411 -0.0009
vn 0.3390 0.9408 -0.0005
vn 0.2955 0.9553 -0.0012
vn 0.2920 0.9564 -0.0025
vn 0.2099 0.9777 -0.0013
vn 0.2073 0.9783 -0.0023
vn 0.1677 0.9858 -0.0007
vn 0.1666 0.9860 -0.0012
vn 0.0958 0.9954 0.0001
vn 0.0965 0.9953 0.0004
vn 0.0145 0.9999 -0.0007
vn 0.0170 0.9999 0.0003
vn -0.0287 0.9996 -0.0005
vn -0.0292 0.9996 -0.0007
vn -0.1169 0.9931 -0.0011
vn -0.1154 0.9933 -0.0006
vn -0.1728 0.9850 -0.0012
vn -0.2223 0.9750 -0.0006
vn -0.2238 0.9746 -0.0010
vn -0.3105 0.9506 -0.0004
vn -0.3101 0.9507 -0.0003
vn -0.3444 0.9388 0.0003
vn -0.3460 0.9382 -0.0004
vn -0.4022 0.9156 -0.0000
vn -0.4023 0.9155 -0.0001
vn -0.4701 0.8826 -0.0002
vn -0.4706 0.8823 -0.0003
vn -0.4975 0.8675 -0.0000
vn -0.4977 0.8673 -0.0001
vn -0.5462 0.8377 -0.0001
vn -0.5944 0.8042 -0.0002
vn 0.4890 0.8723 -0.0005
vn 0.4891 0.8722 -0.0005
vn 0.4610 0.8874 -0.0000
vn 0.4591 0.8884 -0.0006
vn 0.3951 0.9186 0.0001
vn 0.3941 0.9190 -0.0002
vn 0.3378 0.9412 -0.0005
vn 0.3382 0.9411 -0.0004
vn 0.2966 0.9550 -0.0007
vn 0.2955 0.9553 -0.0011
vn 0.2100 0.9777 -0.0010
vn 0.2099 0.9777 -0.0011
vn 0.1686 0.9857 -0.0004
vn 0.1677 0.9858 -0.0008
vn 0.0955 0.9954 0.0005
vn 0.0958 0.9954 0.0006
vn 0.0123 0.9999 -0.0008
vn 0.0145 0.9999 -0.0000
vn -0.0279 0.9996 -0.0007
vn -0.0287 0.9996 -0.0010
vn -0.1184 0.9930 -0.0013
vn -0.1169 0.9931 -0.0008
vn -0.1741 0.9847 -0.0019
vn -0.1728 0.9850 -0.0013
vn -0.2268 0.9739 -0.0030
vn -0.2223 0.9750 -0.0016
vn -0.3129 0.9498 -0.0018
vn -0.3105 0.9506 -0.0011
vn -0.3430 0.9394 0.0004
vn -0.3444 0.9388 -0.0002
vn -0.4051 0.9143 0.0003
vn -0.4022 0.9155 0.0013
vn -0.4707 0.8823 -0.0000
vn -0.4701 0.8826 0.0002
vn -0.4974 0.8675 -0.0000
vn -0.5462 0.8377 -0.0000
vn -0.5939 0.8045 0.0001
vn -0.5944 0.8042 -0.0000
vn 0.4889 0.8723 -0.0005
vn 0.4625 0.8866 -0.0001
vn 0.4610 0.8874 -0.0006
vn 0.3956 0.9184 -0.0001
vn 0.3951 0.9186 -0.0003
vn 0.3377 0.9413 -0.0004
vn 0.3378 0.9412 -0.0003
vn 0.2966 0.9550 -0.0005
vn 0.2088 0.9780 -0.0009
vn 0.2100 0.9777 -0.0005
vn 0.1696 0.9855 -0.0003
vn 0.1686 0.9857 -0.0007
vn 0.0954 0.9954 0.0006
vn 0.0955 0.9954 0.0006
vn 0.0105 0.9999 -0.0009
vn 0.0123 0.9999 -0.0001
vn -0.0268 0.9996 -0.0007
vn -0.0279 0.9996 -0.0011
vn -0.1195 0.9928 -0.0012
vn -0.1184 0.9930 -0.0008
vn -0.1744 0.9847 -0.0014
vn -0.1741 0.9847 -0.0012
vn -0.2264 0.9740 -0.0012
vn -0.2268 0.9739 -0.0013
vn -0.3124 0.9500 -0.0002
vn -0.3129 0.9498 -0.0004
vn -0.3423 0.9396 0.0007
vn -0.4066 0.9136 0.0002
vn -0.4051 0.9143 0.0007
vn -0.4706 0.8823 -0.0000
vn -0.4707 0.8823 -0.0001
vn -0.4972 0.8677 -0.0000
vn -0.4974 0.8675 -0.0001
vn -0.5460 0.8378 -0.0000
vn -0.5927 0.8054 0.0004
vn -0.5939 0.8045 -0.0000
vn 0.4888 0.8724 -0.0006
vn 0.4637 0.8860 -0.0002
vn 0.4625 0.8866 -0.0007
vn 0.3956 0.9184 -0.0004
vn 0.3375 0.9413 -0.0005
vn 0.2957 0.9553 -0.0006
vn 0.2966 0.9550 -0.0002
vn 0.2068 0.9784 -0.0010
vn 0.2088 0.9780 -0.0002
vn 0.1702 0.9854 -0.0003
vn 0.1696 0.9855 -0.0006
vn 0.0956 0.9954 0.0005
vn 0.0954 0.9954 0.0004
vn 0.0092 1.0000 -0.0010
vn 0.0105 0.9999 -0.0004
vn -0.0254 0.9997 -0.0005
vn -0.0268 0.9996 -0.0012
vn -0.1200 0.9928 -0.0010
vn -0.1195 0.9928 -0.0008
vn -0.1742 0.9847 -0.0011
vn -0.1744 0.9847 -0.0013
vn -0.2230 0.9748 -0.0002
vn -0.2264 0.9740 -0.0014
vn -0.3101 0.9507 0.0007
vn -0.3124 0.9500 -0.0003
vn -0.3418 0.9398 0.0007
vn -0.3423 0.9396 0.0005
vn -0.4067 0.9136 0.0001
vn -0.4066 0.9136 0.0001
vn -0.4700 0.8827 -0.0001
vn -0.4969 0.8678 -0.0000
vn -0.4972 0.8677 -0.0001
vn -0.5460 0.8378 -0.0001
vn -0.5923 0.8057 0.0001
vn -0.5927 0.8054 -0.0000
vn 0.4887 0.8725 -0.0010
vn 0.4888 0.8724 -0.0010
vn 0.4639 0.8859 -0.0011
vn 0.4637 0.8860 -0.0012
vn 0.3941 0.9191 -0.0019
vn 0.3956 0.9184 -0.0011
vn 0.3369 0.9415 -0.0015
vn 0.3375 0.9413 -0.0011
vn 0.2927 0.9562 -0.0014
vn 0.2957 0.9553 0.0004
vn 0.2029 0.9792 -0.0016
vn 0.2068 0.9784 0.0008
vn 0.1701 0.9854 -0.0008
vn 0.1702 0.9854 -0.0008
vn 0.0954 0.9954 -0.0002
vn 0.0956 0.9954 -0.0001
vn 0.0089 1.0000 -0.0014
vn 0.0092 1.0000 -0.0012
vn -0.0228 0.9997 -0.0000
vn -0.0254 0.9997 -0.0016
vn -0.1184 0.9930 -0.0001
vn -0.1736 0.9848 -0.0013
vn -0.1742 0.9847 -0.0018
vn -0.2169 0.9762 0.0007
vn -0.2231 0.9748 -0.0029
vn -0.3061 0.9520 0.0011
vn -0.3101 0.9507 -0.0017
vn -0.3410 0.9401 -0.0001
vn -0.3418 0.9398 -0.0007
vn -0.4049 0.9144 -0.0007
vn -0.4067 0.9136 -0.0018
vn -0.4691 0.8831 -0.0006
vn -0.4700 0.8827 -0.0012
vn -0.4968 0.8679 -0.0005
vn -0.4969 0.8678 -0.0006
vn -0.5459 0.8379 -0.0005
vn -0.5458 0.8379 -0.0005
vn -0.5922 0.8058 -0.0004
vn -0.5923 0.8057 -0.0004
vn 0.4885 0.8725 -0.0059
vn 0.4887 0.8724 -0.0056
vn 0.4632 0.8862 -0.0090
vn 0.4639 0.8859 -0.0075
vn 0.3929 0.9195 -0.0134
vn 0.3942 0.9190 -0.0108
vn 0.3366 0.9416 -0.0106
vn 0.3371 0.9414 -0.0092
vn 0.2879 0.9576 -0.0101
vn 0.2927 0.9562 -0.0008
vn 0.1981 0.9801 -0.0089
vn 0.2028 0.9792 0.0016
vn 0.1696 0.9855 -0.0064
vn 0.1703 0.9854 -0.0045
vn 0.0924 0.9957 -0.0043
vn 0.0953 0.9954 0.0002
vn 0.0080 1.0000 -0.0056
vn 0.0089 1.0000 -0.0035
vn -0.0195 0.9998 0.0012
vn -0.0229 0.9997 -0.0059
vn -0.1144 0.9934 0.0027
vn -0.1186 0.9929 -0.0044
vn -0.1729 0.9849 -0.0052
vn -0.1739 0.9847 -0.0075
vn -0.2100 0.9777 0.0006
vn -0.2176 0.9759 -0.0138
vn -0.3012 0.9536 -0.0018
vn -0.3068 0.9517 -0.0132
vn -0.3408 0.9401 -0.0100
vn -0.3411 0.9400 -0.0108
vn -0.4033 0.9150 -0.0113
vn -0.4049 0.9142 -0.0144
vn -0.4685 0.8834 -0.0076
vn -0.4691 0.8831 -0.0089
vn -0.4979 0.8672 -0.0082
vn -0.4967 0.8679 -0.0057
vn -0.5470 0.8371 -0.0071
vn -0.5459 0.8379 -0.0049
vn -0.5925 0.8056 -0.0048
vn -0.5922 0.8058 -0.0043
vn 0.4879 0.8716 -0.0488
vn 0.4880 0.8716 -0.0473
vn 0.4647 0.8828 -0.0684
vn 0.4612 0.8816 -0.1000
vn 0.4008 0.9129 -0.0771
vn 0.3895 0.9043 -0.1747
vn 0.3404 0.9358 -0.0917
vn 0.3378 0.9322 -0.1296
vn 0.2946 0.9495 -0.1080
vn 0.2924 0.9463 -0.1377
vn 0.2063 0.9752 -0.0800
vn 0.2039 0.9701 -0.1317
vn 0.1735 0.9826 -0.0659
vn 0.1731 0.9818 -0.0781
vn 0.0949 0.9932 -0.0678
vn 0.0943 0.9928 -0.0735
vn 0.0088 0.9979 -0.0645
vn 0.0082 0.9973 -0.0725
vn -0.0186 0.9985 -0.0517
vn -0.0199 0.9977 -0.0653
vn -0.1154 0.9920 -0.0518
vn -0.1167 0.9913 -0.0604
vn -0.1777 0.9808 -0.0797
vn -0.1760 0.9822 -0.0658
vn -0.2206 0.9668 -0.1294
vn -0.2147 0.9728 -0.0866
vn -0.3081 0.9433 -0.1235
vn -0.3058 0.9462 -0.1053
vn -0.3465 0.9245 -0.1590
vn -0.3416 0.9356 -0.0890
vn -0.4084 0.8959 -0.1751
vn -0.4026 0.9112 -0.0874
vn -0.4703 0.8749 -0.1155
vn -0.4677 0.8815 -0.0657
vn -0.5020 0.8528 -0.1439
vn -0.4971 0.8657 -0.0590
vn -0.5510 0.8257 -0.1212
vn -0.5463 0.8359 -0.0535
vn -0.5943 0.8018 -0.0633
vn -0.5920 0.8048 -0.0426
vn 0.5257 0.5427 0.6551
vn 0.5306 0.5483 0.6464
vn 0.4905 0.5464 0.6789
vn 0.4818 0.5404 0.6898
vn 0.4395 0.5349 0.7217
vn 0.4361 0.5307 0.7268
vn 0.3867 0.5296 0.7550
vn 0.3858 0.5282 0.7564
vn 0.3221 0.5269 0.7865
vn 0.3227 0.5277 0.7857
vn 0.2491 0.5263 0.8130
vn 0.2527 0.5319 0.8082
vn 0.1821 0.5275 0.8298
vn 0.1873 0.5347 0.8240
vn 0.1020 0.5252 0.8448
vn 0.1023 0.5263 0.8441
vn 0.0336 0.5126 0.8580
vn 0.0321 0.5059 0.8620
vn -0.0665 0.5056 0.8602
vn -0.0632 0.5213 0.8510
vn -0.1198 0.5307 0.8391
vn -0.1205 0.5271 0.8412
vn -0.2089 0.5369 0.8173
vn -0.2108 0.5295 0.8217
vn -0.2621 0.5327 0.8047
vn -0.2675 0.5242 0.8085
vn -0.3435 0.5249 0.7788
vn -0.3427 0.5260 0.7784
vn -0.3933 0.5325 0.7495
vn -0.3913 0.5353 0.7485
vn -0.4562 0.5361 0.7103
vn -0.4501 0.5444 0.7078
vn -0.5009 0.5457 0.6719
vn -0.4978 0.5512 0.6696
vn -0.5353 0.5507 0.6405
vn -0.5319 0.5542 0.6403
vn -0.5689 0.5558 0.6061
vn -0.5654 0.5612 0.6045
vn -0.6093 0.5581 0.5633
vn -0.6115 0.5549 0.5641
vn -0.5837 0.7533 -0.3030
vn -0.6088 0.7853 -0.1124
vn -0.4672 0.6275 -0.6229
vn -0.6020 0.7945 0.0802
vn -0.4330 0.6045 -0.6686
vn -0.5135 0.7686 -0.3816
vn -0.3561 0.5552 -0.7516
vn -0.4644 0.7879 -0.4044
vn -0.2405 0.4411 -0.8646
vn -0.4745 0.8422 0.2560
vn -0.2057 0.4239 -0.8820
vn -0.4133 0.8425 0.3456
vn -0.2283 0.5406 -0.8097
vn -0.3643 0.9031 -0.2271
vn -0.2594 0.6810 -0.6849
vn -0.3016 0.8166 -0.4922
vn -0.1792 0.5839 -0.7918
vn -0.2554 0.9287 -0.2689
vn -0.1670 0.7057 -0.6886
vn -0.1857 0.8410 -0.5082
vn -0.0988 0.5690 -0.8164
vn -0.1221 0.7624 -0.6355
vn -0.0165 0.6151 -0.7883
vn -0.0244 0.7734 -0.6334
vn 0.0087 0.7708 -0.6370
vn 0.0116 0.6736 -0.7390
vn 0.0922 0.7526 -0.6520
vn 0.0911 0.5949 -0.7986
vn 0.1739 0.8113 -0.5582
vn 0.1690 0.7162 -0.6771
vn 0.2001 0.7967 -0.5703
vn 0.1820 0.5808 -0.7934
vn 0.2578 0.7252 -0.6384
vn 0.2456 0.6258 -0.7403
vn 0.2855 0.7181 -0.6347
vn 0.2647 0.6208 -0.7379
vn 0.3604 0.8004 -0.4791
vn 0.2875 0.5747 -0.7662
vn 0.4118 0.7774 -0.4756
vn 0.3529 0.6372 -0.6851
vn 0.5542 0.5277 0.6437
vn 0.5244 0.6206 0.5829
vn 0.5197 0.5006 0.6923
vn 0.5018 0.5987 0.6243
vn 0.4732 0.4356 0.7657
vn 0.4400 0.6601 0.6088
vn 0.4163 0.4508 0.7896
vn 0.3696 0.7265 0.5793
vn 0.3498 0.5084 0.7869
vn 0.3065 0.7409 0.5976
vn 0.2674 0.5317 0.8036
vn 0.2464 0.6923 0.6783
vn 0.1985 0.6267 0.7536
vn 0.1923 0.6938 0.6940
vn 0.1094 0.7033 0.7024
vn 0.1013 0.7967 0.5958
vn 0.0338 0.8139 0.5800
vn 0.0305 0.8483 0.5286
vn -0.0620 0.7924 0.6068
vn -0.0628 0.8164 0.5740
vn -0.1262 0.7684 0.6274
vn -0.1215 0.6736 0.7291
vn -0.2200 0.6549 0.7230
vn -0.2130 0.6048 0.7674
vn -0.2811 0.6655 0.6914
vn -0.2624 0.5640 0.7830
vn -0.3608 0.6461 0.6725
vn -0.3430 0.5484 0.7627
vn -0.4100 0.6662 0.6230
vn -0.3925 0.5620 0.7280
vn -0.4792 0.6167 0.6246
vn -0.4572 0.5637 0.6879
vn -0.5226 0.5883 0.6171
vn -0.5043 0.5658 0.6523
vn -0.5689 0.5865 0.5765
vn -0.5396 0.5706 0.6190
vn -0.6045 0.5825 0.5434
vn -0.5800 0.5772 0.5748
vn -0.6361 0.5764 0.5131
vn -0.6119 0.5774 0.5406
vn -0.6266 -0.5646 0.5373
vn -0.5985 -0.5992 0.5318
vn -0.5843 -0.5912 0.5559
vn -0.5696 -0.6103 0.5506
vn -0.5637 -0.6012 0.5664
vn -0.5534 -0.6142 0.5627
vn -0.5118 -0.6323 0.5816
vn -0.4991 -0.6452 0.5784
vn -0.4617 -0.6570 0.5960
vn -0.4514 -0.6683 0.5913
vn -0.4293 -0.6675 0.6084
vn -0.4135 -0.6822 0.6030
vn -0.3587 -0.6927 0.6257
vn -0.3437 -0.7056 0.6197
vn -0.3094 -0.7089 0.6339
vn -0.3026 -0.7147 0.6305
vn -0.2369 -0.7276 0.6438
vn -0.2288 -0.7334 0.6401
vn -0.1802 -0.7385 0.6497
vn -0.1745 -0.7424 0.6468
vn -0.1046 -0.7487 0.6546
vn -0.0984 -0.7521 0.6516
vn -0.0463 -0.7532 0.6562
vn -0.0430 -0.7550 0.6544
vn 0.0355 -0.7540 0.6559
vn 0.0366 -0.7545 0.6553
vn 0.0922 -0.7518 0.6529
vn 0.0902 -0.7510 0.6541
vn 0.1689 -0.7428 0.6479
vn 0.1666 -0.7420 0.6493
vn 0.2260 -0.7339 0.6405
vn 0.2194 -0.7322 0.6447
vn 0.2995 -0.7158 0.6308
vn 0.2923 -0.7148 0.6353
vn 0.3474 -0.7035 0.6201
vn 0.3356 -0.7021 0.6280
vn 0.4179 -0.6791 0.6035
vn 0.4018 -0.6798 0.6135
vn 0.4581 -0.6646 0.5903
vn 0.4453 -0.6647 0.5999
vn 0.4466 -0.4249 -0.7874
vn 0.4445 -0.4234 -0.7894
vn 0.4602 -0.3768 -0.8039
vn 0.4518 -0.3694 -0.8121
vn 0.4773 -0.3524 -0.8050
vn 0.4627 -0.3177 -0.8276
vn 0.4795 -0.2604 -0.8380
vn 0.4709 -0.2490 -0.8463
vn 0.4371 -0.2289 -0.8698
vn 0.4730 -0.2447 -0.8464
vn 0.3306 -0.2072 -0.9207
vn 0.4522 -0.2419 -0.8585
vn 0.3157 -0.2170 -0.9237
vn 0.3515 -0.2299 -0.9075
vn 0.3490 -0.2550 -0.9018
vn 0.3259 -0.2500 -0.9117
vn 0.3982 -0.2908 -0.8700
vn 0.3348 -0.2934 -0.8954
vn 0.4137 -0.4267 -0.8042
vn 0.3693 -0.4272 -0.8253
vn 0.4230 -0.5551 -0.7162
vn 0.3837 -0.5583 -0.7356
vn 0.3767 -0.5764 -0.7251
vn 0.4131 -0.5745 -0.7067
vn 0.3754 -0.5540 -0.7430
vn 0.3865 -0.5578 -0.7345
vn 0.4820 -0.1900 -0.8553
vn 0.4783 -0.1649 -0.8626
vn 0.4732 0.4171 -0.7760
vn 0.4578 0.4496 -0.7670
vn 0.4292 0.5544 -0.7131
vn 0.4363 0.5445 -0.7163
vn 0.4145 0.5774 -0.7034
vn 0.4259 0.5655 -0.7063
vn 0.3928 0.5894 -0.7059
vn 0.4148 0.5700 -0.7093
vn 0.3607 0.6022 -0.7122
vn 0.3834 0.5627 -0.7324
vn 0.3483 0.6287 -0.6953
vn 0.3187 0.5224 -0.7909
vn 0.3984 -0.4306 -0.8099
vn 0.3976 -0.4301 -0.8105
vn 0.4105 -0.3840 -0.8271
vn 0.4036 -0.3775 -0.8334
vn 0.4211 -0.3596 -0.8327
vn 0.4107 -0.3327 -0.8489
vn 0.4222 -0.2387 -0.8745
vn 0.4173 -0.2285 -0.8796
vn 0.3850 -0.2023 -0.9005
vn 0.4206 -0.2247 -0.8790
vn 0.2580 -0.1726 -0.9506
vn 0.3906 -0.2205 -0.8938
vn 0.2579 -0.2015 -0.9449
vn 0.2669 -0.2057 -0.9415
vn 0.2477 -0.2601 -0.9333
vn 0.2400 -0.2581 -0.9358
vn 0.2380 -0.3343 -0.9119
vn 0.1520 -0.3322 -0.9309
vn 0.2870 -0.4548 -0.8431
vn 0.1344 -0.4487 -0.8835
vn 0.2383 -0.5681 -0.7877
vn 0.2455 -0.5684 -0.7853
vn 0.2195 -0.5838 -0.7816
vn 0.2315 -0.5857 -0.7767
vn 0.2217 -0.5876 -0.7782
vn 0.2194 -0.5841 -0.7815
vn 0.2963 -0.3952 -0.8695
vn 0.3020 -0.3607 -0.8824
vn 0.4221 0.3168 -0.8494
vn 0.4146 0.3752 -0.8290
vn 0.4066 0.5674 -0.7161
vn 0.4139 0.5526 -0.7235
vn 0.3847 0.5991 -0.7023
vn 0.4056 0.5770 -0.7089
vn 0.3567 0.6118 -0.7060
vn 0.3854 0.5877 -0.7114
vn 0.3347 0.6237 -0.7064
vn 0.3539 0.5972 -0.7198
vn 0.3233 0.6534 -0.6845
vn 0.3192 0.5865 -0.7444
vn 0.3452 -0.4383 -0.8299
vn 0.3427 -0.4364 -0.8319
vn 0.3568 -0.3922 -0.8478
vn 0.3492 -0.3843 -0.8546
vn 0.3640 -0.3610 -0.8586
vn 0.3561 -0.3408 -0.8701
vn 0.3607 -0.2087 -0.9090
vn 0.3590 -0.2049 -0.9106
vn 0.3054 -0.1554 -0.9394
vn 0.3598 -0.1947 -0.9125
vn 0.1679 -0.1254 -0.9778
vn 0.3097 -0.1863 -0.9324
vn 0.1550 -0.1669 -0.9737
vn 0.1803 -0.1817 -0.9667
vn 0.1542 -0.2594 -0.9534
vn 0.1656 -0.2624 -0.9506
vn 0.1057 -0.3418 -0.9338
vn 0.1260 -0.3442 -0.9304
vn 0.1476 -0.4670 -0.8719
vn 0.0747 -0.4595 -0.8850
vn 0.1692 -0.5713 -0.8031
vn 0.1257 -0.5665 -0.8144
vn 0.1695 -0.5876 -0.7912
vn 0.1645 -0.5856 -0.7938
vn 0.1594 -0.5944 -0.7882
vn 0.1621 -0.6089 -0.7765
vn 0.2013 -0.3380 -0.9194
vn 0.1683 -0.5679 -0.8057
vn 0.2687 0.1488 -0.9517
vn 0.2714 0.0109 -0.9624
vn 0.3390 0.5064 -0.7929
vn 0.3355 0.5152 -0.7887
vn 0.3408 0.6079 -0.7172
vn 0.3541 0.5941 -0.7222
vn 0.3179 0.6287 -0.7097
vn 0.3409 0.6105 -0.7149
vn 0.2942 0.6390 -0.7107
vn 0.3169 0.6156 -0.7215
vn 0.2771 0.6591 -0.6992
vn 0.2857 0.6076 -0.7410
vn 0.2882 -0.4511 -0.8447
vn 0.2816 -0.4467 -0.8492
vn 0.2971 -0.4046 -0.8649
vn 0.2823 -0.3911 -0.8760
vn 0.3030 -0.3621 -0.8815
vn 0.2913 -0.3375 -0.8951
vn 0.2857 -0.1585 -0.9451
vn 0.2937 -0.1760 -0.9396
vn 0.2088 -0.0916 -0.9737
vn 0.2849 -0.1493 -0.9469
vn 0.1218 -0.0916 -0.9883
vn 0.2162 -0.1383 -0.9665
vn 0.1134 -0.1388 -0.9838
vn 0.1377 -0.1611 -0.9773
vn 0.1125 -0.2406 -0.9641
vn 0.1426 -0.2587 -0.9554
vn 0.0600 -0.3073 -0.9497
vn 0.1477 -0.3413 -0.9283
vn 0.0404 -0.4573 -0.8884
vn 0.0846 -0.4680 -0.8797
vn 0.0547 -0.5746 -0.8166
vn 0.0390 -0.5718 -0.8195
vn 0.0511 -0.5916 -0.8046
vn 0.0528 -0.5925 -0.8038
vn 0.0371 -0.5758 -0.8168
vn 0.0484 -0.6155 -0.7867
vn 0.0378 -0.1884 -0.9814
vn 0.0485 -0.4532 -0.8901
vn 0.0466 0.0104 -0.9989
vn 0.0532 -0.0546 -0.9971
vn 0.1325 0.2098 -0.9687
vn 0.1238 0.2791 -0.9523
vn 0.2716 0.5636 -0.7801
vn 0.2655 0.5743 -0.7744
vn 0.2709 0.6396 -0.7194
vn 0.2869 0.6259 -0.7252
vn 0.2591 0.6452 -0.7187
vn 0.2692 0.6325 -0.7262
vn 0.2555 0.6632 -0.7034
vn 0.2575 0.6390 -0.7248
vn 0.2320 -0.4646 -0.8546
vn 0.2233 -0.4589 -0.8600
vn 0.2354 -0.4151 -0.8788
vn 0.2209 -0.4030 -0.8882
vn 0.2403 -0.3693 -0.8977
vn 0.2278 -0.3475 -0.9096
vn 0.2365 -0.1582 -0.9587
vn 0.2281 -0.1412 -0.9633
vn 0.2037 -0.0769 -0.9760
vn 0.2322 -0.0946 -0.9680
vn 0.1461 -0.0813 -0.9859
vn 0.2067 -0.1030 -0.9730
vn 0.1263 -0.1263 -0.9839
vn 0.1613 -0.1604 -0.9738
vn 0.1193 -0.2117 -0.9700
vn 0.1615 -0.2506 -0.9545
vn 0.0582 -0.2457 -0.9676
vn 0.1719 -0.3188 -0.9321
vn 0.0238 -0.4211 -0.9067
vn 0.1099 -0.4577 -0.8823
vn 0.0117 -0.5698 -0.8217
vn 0.0310 -0.5747 -0.8177
vn 0.0073 -0.5892 -0.8079
vn 0.0114 -0.5922 -0.8057
vn 0.0027 -0.5585 -0.8295
vn 0.0075 -0.5773 -0.8165
vn 0.0015 -0.1360 -0.9907
vn 0.0077 -0.1967 -0.9804
vn 0.0045 0.0001 -1.0000
vn 0.0065 -0.0079 -0.9999
vn 0.0238 0.0881 -0.9958
vn 0.0190 0.1044 -0.9943
vn 0.1320 0.4668 -0.8745
vn 0.1269 0.4810 -0.8675
vn 0.1993 0.6127 -0.7648
vn 0.1871 0.6230 -0.7595
vn 0.2036 0.6298 -0.7496
vn 0.2062 0.6256 -0.7524
vn 0.1988 0.6649 -0.7200
vn 0.1995 0.6173 -0.7610
vn 0.1658 -0.4734 -0.8651
vn 0.1626 -0.4708 -0.8671
vn 0.1727 -0.4190 -0.8914
vn 0.1681 -0.4147 -0.8943
vn 0.1741 -0.3650 -0.9146
vn 0.1714 -0.3603 -0.9169
vn 0.1745 -0.1611 -0.9714
vn 0.1678 -0.1476 -0.9747
vn 0.1694 -0.0761 -0.9826
vn 0.1708 -0.0768 -0.9823
vn 0.1502 -0.0774 -0.9856
vn 0.1697 -0.0814 -0.9821
vn 0.1328 -0.1178 -0.9841
vn 0.1561 -0.1328 -0.9788
vn 0.1003 -0.1760 -0.9793
vn 0.1517 -0.2205 -0.9635
vn 0.0311 -0.2057 -0.9781
vn 0.1258 -0.2623 -0.9567
vn 0.0084 -0.4032 -0.9151
vn 0.0515 -0.4231 -0.9046
vn 0.0021 -0.5673 -0.8235
vn 0.0108 -0.5698 -0.8217
vn 0.0008 -0.5882 -0.8087
vn 0.0021 -0.5892 -0.8080
vn -0.0001 -0.5543 -0.8323
vn 0.0009 -0.5585 -0.8295
vn -0.0006 -0.1257 -0.9921
vn 0.0007 -0.1361 -0.9907
vn 0.0005 -0.0002 -1.0000
vn 0.0006 -0.0006 -1.0000
vn 0.0073 0.0706 -0.9975
vn 0.0038 0.0791 -0.9969
vn 0.0556 0.4040 -0.9131
vn 0.0423 0.4325 -0.9006
vn 0.1241 0.5534 -0.8236
vn 0.0818 0.5851 -0.8069
vn 0.1468 0.5679 -0.8099
vn 0.1340 0.5947 -0.7927
vn 0.1523 0.5871 -0.7950
vn 0.1523 0.5997 -0.7856
vn 0.0952 -0.4754 -0.8746
vn 0.0976 -0.4775 -0.8732
vn 0.0989 -0.4228 -0.9008
vn 0.0958 -0.4199 -0.9025
vn 0.1039 -0.3671 -0.9244
vn 0.1004 -0.3609 -0.9272
vn 0.1056 -0.1604 -0.9814
vn 0.1037 -0.1565 -0.9822
vn 0.1056 -0.0778 -0.9914
vn 0.1037 -0.0769 -0.9916
vn 0.1066 -0.0784 -0.9912
vn 0.1056 -0.0782 -0.9913
vn 0.1040 -0.1142 -0.9880
vn 0.1081 -0.1161 -0.9873
vn 0.0722 -0.1510 -0.9859
vn 0.1078 -0.1776 -0.9782
vn 0.0172 -0.1855 -0.9825
vn 0.0774 -0.2152 -0.9735
vn 0.0031 -0.3961 -0.9182
vn 0.0210 -0.4040 -0.9145
vn 0.0004 -0.5664 -0.8241
vn 0.0034 -0.5673 -0.8235
vn 0.0001 -0.5879 -0.8089
vn 0.0004 -0.5882 -0.8087
vn -0.0001 -0.5538 -0.8327
vn 0.0001 -0.5543 -0.8323
vn -0.0001 -0.1243 -0.9922
vn -0.0000 -0.1257 -0.9921
vn 0.0002 -0.0005 -1.0000
vn 0.0001 -0.0002 -1.0000
vn 0.0025 0.0655 -0.9979
vn 0.0007 0.0696 -0.9976
vn 0.0209 0.3681 -0.9295
vn 0.0094 0.3923 -0.9198
vn 0.0698 0.4969 -0.8650
vn 0.0273 0.5285 -0.8485
vn 0.0878 0.5027 -0.8600
vn 0.0728 0.5289 -0.8455
vn 0.0835 0.4991 -0.8625
vn 0.0852 0.4763 -0.8752
vn 0.0270 -0.4744 -0.8799
vn 0.0297 -0.4767 -0.8786
vn 0.0283 -0.4244 -0.9050
vn 0.0280 -0.4241 -0.9052
vn 0.0299 -0.3674 -0.9296
vn 0.0298 -0.3673 -0.9296
vn 0.0304 -0.1561 -0.9873
vn 0.0311 -0.1575 -0.9870
vn 0.0312 -0.0787 -0.9964
vn 0.0299 -0.0781 -0.9965
vn 0.0339 -0.0799 -0.9962
vn 0.0312 -0.0795 -0.9963
vn 0.0352 -0.1133 -0.9929
vn 0.0342 -0.1129 -0.9930
vn 0.0249 -0.1404 -0.9898
vn 0.0356 -0.1470 -0.9885
vn 0.0056 -0.1789 -0.9838
vn 0.0254 -0.1864 -0.9821
vn 0.0009 -0.3942 -0.9190
vn 0.0060 -0.3962 -0.9181
vn 0.0001 -0.5662 -0.8243
vn 0.0009 -0.5664 -0.8241
vn -0.0000 -0.5878 -0.8090
vn -0.0000 -0.5537 -0.8327
vn -0.0000 -0.5538 -0.8327
vn -0.0000 -0.1242 -0.9923
vn -0.0000 -0.1243 -0.9922
vn -0.0000 -0.0006 -1.0000
vn -0.0000 -0.0005 -1.0000
vn 0.0004 0.0646 -0.9979
vn 0.0001 0.0654 -0.9979
vn 0.0038 0.3605 -0.9327
vn 0.0012 0.3663 -0.9305
vn 0.0136 0.4817 -0.8763
vn 0.0047 0.4900 -0.8717
vn 0.0141 0.4873 -0.8731
vn 0.0137 0.4882 -0.8727
vn 0.0099 0.4938 -0.8695
vn 0.0136 0.4535 -0.8912
vn -0.0377 -0.4766 -0.8783
vn -0.0393 -0.4753 -0.8789
vn -0.0410 -0.4222 -0.9056
vn -0.0394 -0.4237 -0.9050
vn -0.0452 -0.3629 -0.9307
vn -0.0430 -0.3666 -0.9294
vn -0.0469 -0.1551 -0.9868
vn -0.0467 -0.1554 -0.9867
vn -0.0491 -0.0772 -0.9958
vn -0.0462 -0.0788 -0.9958
vn -0.0557 -0.0788 -0.9953
vn -0.0491 -0.0802 -0.9956
vn -0.0546 -0.1142 -0.9920
vn -0.0563 -0.1134 -0.9920
vn -0.0368 -0.1514 -0.9878
vn -0.0550 -0.1409 -0.9885
vn -0.0084 -0.1874 -0.9822
vn -0.0372 -0.1794 -0.9831
vn -0.0013 -0.3970 -0.9178
vn -0.0089 -0.3942 -0.9190
vn -0.0001 -0.5665 -0.8240
vn -0.0013 -0.5662 -0.8243
vn -0.0000 -0.5879 -0.8089
vn -0.0001 -0.5878 -0.8090
vn -0.0000 -0.5538 -0.8326
vn -0.0000 -0.1244 -0.9922
vn -0.0007 0.0658 -0.9978
vn -0.0001 0.0646 -0.9979
vn -0.0055 0.3686 -0.9296
vn -0.0019 0.3606 -0.9327
vn -0.0205 0.4966 -0.8677
vn -0.0064 0.4822 -0.8761
vn -0.0239 0.4959 -0.8681
vn -0.0203 0.4881 -0.8726
vn -0.0189 0.4543 -0.8907
vn -0.0239 0.4946 -0.8688
vn -0.1107 -0.4760 -0.8725
vn -0.1109 -0.4758 -0.8725
vn -0.1141 -0.4201 -0.9003
vn -0.1112 -0.4229 -0.8993
vn -0.1173 -0.3627 -0.9245
vn -0.1143 -0.3674 -0.9230
vn -0.1187 -0.1525 -0.9812
vn -0.1153 -0.1595 -0.9804
vn -0.1200 -0.0757 -0.9899
vn -0.1166 -0.0776 -0.9901
vn -0.1214 -0.0785 -0.9895
vn -0.1201 -0.0787 -0.9896
vn -0.1171 -0.1186 -0.9860
vn -0.1237 -0.1155 -0.9856
vn -0.0808 -0.1799 -0.9804
vn -0.1199 -0.1599 -0.9798
vn -0.0188 -0.2075 -0.9780
vn -0.0821 -0.1959 -0.9772
vn -0.0033 -0.4041 -0.9147
vn -0.0221 -0.3978 -0.9172
vn -0.0005 -0.5674 -0.8234
vn -0.0036 -0.5666 -0.8240
vn -0.0001 -0.5883 -0.8087
vn -0.0005 -0.5879 -0.8089
vn 0.0001 -0.5548 -0.8320
vn -0.0001 -0.5538 -0.8326
vn 0.0002 -0.1267 -0.9919
vn -0.0001 -0.1244 -0.9922
vn -0.0002 -0.0001 -1.0000
vn -0.0001 -0.0005 -1.0000
vn -0.0036 0.0720 -0.9974
vn -0.0010 0.0658 -0.9978
vn -0.0271 0.4013 -0.9155
vn -0.0125 0.3697 -0.9291
vn -0.0862 0.5556 -0.8269
vn -0.0316 0.4986 -0.8663
vn -0.1073 0.5598 -0.8216
vn -0.0816 0.5105 -0.8560
vn -0.0996 0.5016 -0.8593
vn -0.1028 0.5171 -0.8497
vn -0.1795 -0.4710 -0.8637
vn -0.1775 -0.4729 -0.8631
vn -0.1852 -0.4151 -0.8907
vn -0.1806 -0.4196 -0.8896
vn -0.1882 -0.3622 -0.9129
vn -0.1840 -0.3692 -0.9109
vn -0.1868 -0.1527 -0.9705
vn -0.1821 -0.1625 -0.9698
vn -0.1724 -0.0826 -0.9816
vn -0.1827 -0.0773 -0.9801
vn -0.1442 -0.0850 -0.9859
vn -0.1720 -0.0786 -0.9820
vn -0.1363 -0.1287 -0.9823
vn -0.1499 -0.1198 -0.9814
vn -0.1125 -0.2205 -0.9689
vn -0.1494 -0.1929 -0.9698
vn -0.0334 -0.2436 -0.9693
vn -0.1149 -0.2284 -0.9668
vn -0.0087 -0.4205 -0.9072
vn -0.0491 -0.4073 -0.9120
vn -0.0030 -0.5696 -0.8219
vn -0.0108 -0.5675 -0.8233
vn -0.0014 -0.5895 -0.8078
vn -0.0029 -0.5883 -0.8087
vn 0.0002 -0.5618 -0.8273
vn -0.0015 -0.5548 -0.8320
vn 0.0010 -0.1425 -0.9898
vn -0.0011 -0.1267 -0.9919
vn -0.0009 -0.0003 -1.0000
vn -0.0010 -0.0000 -1.0000
vn -0.0125 0.0887 -0.9960
vn -0.0051 0.0722 -0.9974
vn -0.0730 0.4452 -0.8925
vn -0.0528 0.4095 -0.9108
vn -0.1453 0.6058 -0.7822
vn -0.0914 0.5570 -0.8254
vn -0.1594 0.6104 -0.7759
vn -0.1377 0.5751 -0.8064
vn -0.1569 0.5980 -0.7860
vn -0.1578 0.6017 -0.7830
vn -0.2449 -0.4592 -0.8539
vn -0.2401 -0.4646 -0.8524
vn -0.2486 -0.4042 -0.8802
vn -0.2396 -0.4139 -0.8782
vn -0.2532 -0.3542 -0.9002
vn -0.2458 -0.3683 -0.8966
vn -0.2430 -0.1695 -0.9551
vn -0.2446 -0.1661 -0.9553
vn -0.1908 -0.1107 -0.9754
vn -0.2365 -0.0893 -0.9675
vn -0.1315 -0.1005 -0.9862
vn -0.1873 -0.0881 -0.9784
vn -0.1255 -0.1442 -0.9816
vn -0.1381 -0.1289 -0.9820
vn -0.1365 -0.2532 -0.9577
vn -0.1502 -0.2285 -0.9619
vn -0.0761 -0.3136 -0.9465
vn -0.1466 -0.2738 -0.9505
vn -0.0285 -0.4569 -0.8891
vn -0.1045 -0.4276 -0.8979
vn -0.0169 -0.5738 -0.8188
vn -0.0336 -0.5697 -0.8212
vn -0.0113 -0.5931 -0.8051
vn -0.0166 -0.5894 -0.8076
vn -0.0038 -0.5892 -0.8080
vn -0.0120 -0.5615 -0.8274
vn 0.0014 -0.2297 -0.9733
vn -0.0122 -0.1409 -0.9900
vn -0.0066 -0.0080 -0.9999
vn -0.0103 0.0019 -0.9999
vn -0.0494 0.1471 -0.9879
vn -0.0239 0.0950 -0.9952
vn -0.1657 0.5082 -0.8451
vn -0.1469 0.4814 -0.8641
vn -0.2193 0.6279 -0.7467
vn -0.2047 0.6177 -0.7593
vn -0.2148 0.6274 -0.7485
vn -0.2241 0.6370 -0.7376
vn -0.1954 0.6021 -0.7741
vn -0.2458 0.7176 -0.6516
vn -0.3027 -0.4480 -0.8412
vn -0.3006 -0.4502 -0.8408
vn -0.3087 -0.3922 -0.8665
vn -0.2991 -0.4027 -0.8651
vn -0.3159 -0.3448 -0.8839
vn -0.3067 -0.3639 -0.8795
vn -0.3111 -0.1933 -0.9305
vn -0.3091 -0.1970 -0.9304
vn -0.2599 -0.1543 -0.9532
vn -0.3076 -0.1458 -0.9403
vn -0.1460 -0.1256 -0.9813
vn -0.2571 -0.1332 -0.9572
vn -0.1217 -0.1582 -0.9799
vn -0.1509 -0.1497 -0.9771
vn -0.1314 -0.2610 -0.9564
vn -0.1457 -0.2541 -0.9562
vn -0.0828 -0.3430 -0.9357
vn -0.1553 -0.3217 -0.9340
vn -0.0614 -0.4661 -0.8826
vn -0.1042 -0.4581 -0.8828
vn -0.0785 -0.5710 -0.8172
vn -0.0581 -0.5738 -0.8169
vn -0.0719 -0.5931 -0.8019
vn -0.0754 -0.5915 -0.8028
vn -0.0497 -0.6257 -0.7785
vn -0.0735 -0.5825 -0.8095
vn -0.0146 -0.5185 -0.8550
vn -0.0984 -0.1912 -0.9766
vn -0.0482 -0.0702 -0.9964
vn -0.0949 0.0430 -0.9946
vn -0.2210 0.3959 -0.8913
vn -0.1387 0.2374 -0.9615
vn -0.2905 0.5883 -0.7546
vn -0.2821 0.5771 -0.7664
vn -0.2777 0.6214 -0.7327
vn -0.3009 0.6401 -0.7069
vn -0.2601 0.6242 -0.7367
vn -0.2842 0.6535 -0.7015
vn -0.2493 0.6191 -0.7447
vn -0.2730 0.6720 -0.6884
vn -0.3575 -0.4397 -0.8239
vn -0.3590 -0.4384 -0.8240
vn -0.3687 -0.3834 -0.8468
vn -0.3606 -0.3906 -0.8470
vn -0.3780 -0.3343 -0.8634
vn -0.3676 -0.3555 -0.8594
vn -0.3777 -0.2162 -0.9003
vn -0.3724 -0.2249 -0.9004
vn -0.3472 -0.1963 -0.9170
vn -0.3748 -0.1936 -0.9067
vn -0.2172 -0.1652 -0.9620
vn -0.3433 -0.1844 -0.9209
vn -0.1754 -0.1812 -0.9677
vn -0.2218 -0.1814 -0.9581
vn -0.1848 -0.2619 -0.9472
vn -0.1849 -0.2619 -0.9472
vn -0.1540 -0.3430 -0.9266
vn -0.1584 -0.3423 -0.9262
vn -0.1921 -0.4591 -0.8674
vn -0.1191 -0.4664 -0.8765
vn -0.1856 -0.5689 -0.8012
vn -0.1665 -0.5707 -0.8041
vn -0.1850 -0.5851 -0.7896
vn -0.1793 -0.5872 -0.7893
vn -0.1769 -0.5997 -0.7804
vn -0.1820 -0.5932 -0.7842
vn -0.1621 -0.5704 -0.8052
vn -0.2675 -0.3025 -0.9149
vn -0.2797 0.0216 -0.9598
vn -0.3384 0.2373 -0.9106
vn -0.3588 0.5259 -0.7712
vn -0.3630 0.5373 -0.7613
vn -0.3487 0.5903 -0.7279
vn -0.3691 0.6174 -0.6947
vn -0.3250 0.6056 -0.7264
vn -0.3495 0.6274 -0.6958
vn -0.2901 0.5922 -0.7518
vn -0.3294 0.6454 -0.6892
vn -0.2379 0.5210 -0.8197
vn -0.3193 0.6890 -0.6506
vn -0.4089 -0.4325 -0.8036
vn -0.4117 -0.4301 -0.8035
vn -0.4228 -0.3751 -0.8249
vn -0.4132 -0.3829 -0.8262
vn -0.4371 -0.3217 -0.8399
vn -0.4226 -0.3492 -0.8363
vn -0.4334 -0.2345 -0.8701
vn -0.4290 -0.2416 -0.8704
vn -0.3980 -0.2235 -0.8897
vn -0.4261 -0.2192 -0.8777
vn -0.2762 -0.1950 -0.9411
vn -0.3764 -0.2069 -0.9031
vn -0.2701 -0.2063 -0.9405
vn -0.2855 -0.2063 -0.9359
vn -0.2765 -0.2551 -0.9265
vn -0.2639 -0.2584 -0.9293
vn -0.2940 -0.3120 -0.9035
vn -0.1840 -0.3404 -0.9221
vn -0.3247 -0.4395 -0.8375
vn -0.1933 -0.4591 -0.8671
vn -0.2576 -0.5707 -0.7797
vn -0.2962 -0.5669 -0.7687
vn -0.2237 -0.5883 -0.7771
vn -0.2538 -0.5829 -0.7719
vn -0.2285 -0.5829 -0.7797
vn -0.2246 -0.5861 -0.7785
vn -0.3339 -0.2986 -0.8940
vn -0.2967 -0.3935 -0.8701
vn -0.4281 0.4031 -0.8089
vn -0.4200 0.3216 -0.8486
vn -0.4120 0.5532 -0.7240
vn -0.4150 0.5677 -0.7110
vn -0.3915 0.5749 -0.7185
vn -0.4068 0.5972 -0.6913
vn -0.3567 0.5757 -0.7357
vn -0.3904 0.6097 -0.6898
vn -0.3077 0.5448 -0.7801
vn -0.3720 0.6354 -0.6767
vn -0.2257 0.4273 -0.8755
vn -0.3803 0.7040 -0.5998
vn -0.4538 -0.4243 -0.7836
vn -0.4544 -0.4237 -0.7836
vn -0.4717 -0.3634 -0.8034
vn -0.4565 -0.3754 -0.8067
vn -0.4931 -0.3011 -0.8162
vn -0.4716 -0.3358 -0.8154
vn -0.4854 -0.2449 -0.8393
vn -0.4803 -0.2501 -0.8407
vn -0.4655 -0.2436 -0.8509
vn -0.4803 -0.2406 -0.8435
vn -0.3404 -0.2235 -0.9133
vn -0.4137 -0.2265 -0.8818
vn -0.3282 -0.2244 -0.9176
vn -0.3411 -0.2238 -0.9130
vn -0.3582 -0.2498 -0.8996
vn -0.3481 -0.2525 -0.9028
vn -0.3729 -0.2928 -0.8805
vn -0.3418 -0.3030 -0.8896
vn -0.3525 -0.4386 -0.8267
vn -0.3666 -0.4349 -0.8224
vn -0.3675 -0.5642 -0.7393
vn -0.3832 -0.5611 -0.7337
vn -0.3361 -0.5854 -0.7378
vn -0.3693 -0.5787 -0.7271
vn -0.3907 -0.5433 -0.7431
vn -0.3400 -0.5666 -0.7506
vn -0.5276 -0.0050 -0.8495
vn -0.4616 -0.1931 -0.8658
vn -0.4709 0.4586 -0.7536
vn -0.4694 0.4206 -0.7764
vn -0.4343 0.5464 -0.7161
vn -0.4357 0.5520 -0.7110
vn -0.4176 0.5654 -0.7113
vn -0.4245 0.5745 -0.6998
vn -0.3860 0.5525 -0.7387
vn -0.4165 0.5886 -0.6929
vn -0.2848 0.4441 -0.8495
vn -0.4177 0.6339 -0.6509
vn -0.1535 0.2616 -0.9529
vn -0.4840 0.8031 -0.3474
vn -0.4942 -0.4151 -0.7638
vn -0.4933 -0.4162 -0.7639
vn -0.5115 -0.3523 -0.7838
vn -0.4963 -0.3641 -0.7881
vn -0.5251 -0.2938 -0.7987
vn -0.5124 -0.3072 -0.8020
vn -0.5183 -0.2528 -0.8170
vn -0.5210 -0.2520 -0.8155
vn -0.4741 -0.2522 -0.8436
vn -0.5166 -0.2497 -0.8190
vn -0.4082 -0.2492 -0.8782
vn -0.4674 -0.2489 -0.8483
vn -0.3983 -0.2434 -0.8843
vn -0.3985 -0.2434 -0.8843
vn -0.3739 -0.2561 -0.8914
vn -0.4049 -0.2501 -0.8795
vn -0.1421 -0.3421 -0.9289
vn -0.3956 -0.2889 -0.8718
vn 0.1773 -0.4722 -0.8635
vn -0.2703 -0.4472 -0.8526
vn -0.3150 -0.5693 -0.7594
vn -0.2615 -0.5771 -0.7736
vn -0.6493 -0.4880 -0.5834
vn -0.4060 -0.5739 -0.7112
vn -0.7251 -0.4294 -0.5384
vn -0.6463 -0.4842 -0.5897
vn -0.7338 -0.1351 -0.6657
vn -0.7220 -0.1835 -0.6671
vn -0.5868 0.3258 -0.7413
vn -0.5858 0.3307 -0.7399
vn -0.4733 0.5023 -0.7236
vn -0.4738 0.5163 -0.7134
vn -0.4318 0.5492 -0.7155
vn -0.4406 0.5594 -0.7021
vn -0.4093 0.5468 -0.7304
vn -0.4314 0.5738 -0.6962
vn -0.2761 0.3866 -0.8800
vn -0.4583 0.6337 -0.6232
vn -0.3253 0.4594 -0.8265
vn -0.3852 0.6012 -0.7001
vn -0.5344 -0.4039 -0.7425
vn -0.5322 -0.4066 -0.7426
vn -0.5513 -0.3419 -0.7611
vn -0.5366 -0.3531 -0.7664
vn -0.5641 -0.2902 -0.7730
vn -0.5524 -0.3008 -0.7774
vn -0.5656 -0.2585 -0.7831
vn -0.5635 -0.2591 -0.7844
vn -0.5263 -0.2606 -0.8094
vn -0.5655 -0.2573 -0.7836
vn -0.4772 -0.2678 -0.8370
vn -0.5288 -0.2642 -0.8066
vn -0.4704 -0.2635 -0.8422
vn -0.4733 -0.2633 -0.8406
vn -0.1824 -0.2871 -0.9404
vn -0.4629 -0.2568 -0.8484
vn 0.6922 -0.2966 -0.6580
vn -0.2903 -0.3293 -0.8985
vn 0.8806 -0.2245 -0.4172
vn 0.5150 -0.4010 -0.7576
vn 0.1354 -0.5458 -0.8269
vn 0.7637 -0.3392 -0.5493
vn -0.7411 -0.4197 -0.5240
vn -0.4633 -0.5496 -0.6952
vn -0.7662 -0.4034 -0.5003
vn -0.7492 -0.4288 -0.5047
vn -0.7707 -0.2318 -0.5936
vn -0.7671 -0.2745 -0.5799
vn -0.6950 0.1162 -0.7095
vn -0.6925 0.1278 -0.7101
vn -0.5383 0.4176 -0.7320
vn -0.5388 0.4332 -0.7226
vn -0.4465 0.5231 -0.7259
vn -0.4673 0.5358 -0.7032
vn -0.4178 0.5371 -0.7328
vn -0.4486 0.5712 -0.6873
vn -0.3712 0.4908 -0.7882
vn -0.4809 0.6327 -0.6070
vn -0.3973 0.5263 -0.7518
vn -0.4258 0.5942 -0.6824
vn -0.5725 -0.3872 -0.7227
vn -0.5664 -0.3955 -0.7230
vn -0.5898 -0.3309 -0.7367
vn -0.5757 -0.3421 -0.7427
vn -0.6021 -0.2875 -0.7448
vn -0.5917 -0.2967 -0.7496
vn -0.6086 -0.2595 -0.7498
vn -0.6024 -0.2615 -0.7542
vn -0.6004 -0.2610 -0.7559
vn -0.6086 -0.2596 -0.7498
vn -0.5933 -0.2742 -0.7568
vn -0.6005 -0.2725 -0.7518
vn -0.6006 -0.2813 -0.7484
vn -0.5945 -0.2828 -0.7527
vn -0.5373 -0.2884 -0.7926
vn -0.5976 -0.2743 -0.7534
vn 0.1382 -0.4211 -0.8964
vn -0.5697 -0.3322 -0.7517
vn 0.1293 -0.5200 -0.8443
vn -0.1318 -0.5237 -0.8417
vn -0.7386 -0.3942 -0.5468
vn -0.1445 -0.5588 -0.8166
vn -0.7726 -0.4010 -0.4922
vn -0.7566 -0.4145 -0.5057
vn -0.7680 -0.4290 -0.4754
vn -0.7704 -0.4247 -0.4755
vn -0.7755 -0.3454 -0.5285
vn -0.7772 -0.3387 -0.5303
vn -0.7404 0.0040 -0.6722
vn -0.7403 -0.0008 -0.6723
vn -0.6143 0.3552 -0.7046
vn -0.6054 0.3479 -0.7159
vn -0.5153 0.4880 -0.7045
vn -0.5426 0.4885 -0.6834
vn -0.4340 0.5193 -0.7361
vn -0.5192 0.5861 -0.6221
vn -0.4336 0.5537 -0.7110
vn -0.5447 0.6912 -0.4749
vn -0.4329 0.5649 -0.7024
vn -0.5912 0.7693 -0.2422
vn -0.6127 -0.3650 -0.7010
vn -0.6014 -0.3791 -0.7033
vn -0.6268 -0.3228 -0.7092
vn -0.6177 -0.3302 -0.7137
vn -0.6392 -0.2872 -0.7134
vn -0.6310 -0.2944 -0.7178
vn -0.6538 -0.2560 -0.7121
vn -0.6411 -0.2609 -0.7218
vn -0.6688 -0.2533 -0.6990
vn -0.6536 -0.2570 -0.7118
vn -0.6686 -0.2644 -0.6950
vn -0.6627 -0.2669 -0.6997
vn -0.6729 -0.2734 -0.6874
vn -0.6635 -0.2792 -0.6941
vn -0.7004 -0.2524 -0.6676
vn -0.6756 -0.2645 -0.6882
vn -0.7523 -0.2690 -0.6015
vn -0.6611 -0.3150 -0.6810
vn -0.8601 -0.2785 -0.4274
vn -0.4801 -0.4771 -0.7361
vn -0.8440 -0.3225 -0.4287
vn -0.7740 -0.3764 -0.5092
vn -0.8015 -0.4000 -0.4446
vn -0.7962 -0.4049 -0.4496
vn -0.7793 -0.4578 -0.4279
vn -0.7701 -0.4676 -0.4340
vn -0.7812 -0.4667 -0.4147
vn -0.7706 -0.4788 -0.4206
vn -0.8803 -0.2024 -0.4290
vn -0.8302 -0.2826 -0.4805
vn -0.9116 0.1783 -0.3703
vn -0.8501 0.1548 -0.5034
vn -0.8743 0.2904 -0.3890
vn -0.8716 0.2919 -0.3938
vn -0.6781 0.4515 -0.5799
vn -0.7939 0.5018 -0.3433
vn -0.5340 0.5810 -0.6142
vn -0.6388 0.7396 -0.2122
vn -0.5605 0.7018 -0.4397
vn -0.6112 0.7768 -0.1517
vn -0.5845 -0.5678 0.5795
vn -0.5731 -0.5640 0.5945
vn -0.6190 -0.5182 0.5901
vn -0.5958 -0.5069 0.6230
vn -0.6421 -0.4705 0.6052
vn -0.6287 -0.4618 0.6257
vn -0.6752 -0.4140 0.6105
vn -0.6522 -0.3983 0.6450
vn -0.6914 -0.3520 0.6309
vn -0.6811 -0.3445 0.6461
vn -0.7135 -0.2869 0.6393
vn -0.6957 -0.2736 0.6641
vn -0.7276 -0.2103 0.6530
vn -0.7171 -0.2032 0.6667
vn -0.7464 -0.1257 0.6535
vn -0.7396 -0.1204 0.6622
vn -0.7499 -0.0429 0.6602
vn -0.7479 -0.0413 0.6625
vn -0.7512 0.0457 0.6585
vn -0.7528 0.0444 0.6568
vn -0.7488 0.1255 0.6508
vn -0.7558 0.1195 0.6438
vn -0.7361 0.1666 0.6561
vn -0.7492 0.1484 0.6455
vn -0.7206 0.2748 0.6366
vn -0.7366 0.2276 0.6369
vn -0.6803 0.4586 0.5717
vn -0.7061 0.4268 0.5650
vn -0.6432 0.4610 0.6114
vn -0.6827 0.4409 0.5827
vn -0.6506 0.4386 0.6200
vn -0.6432 0.4413 0.6258
vn -0.6641 0.3826 0.6423
vn -0.6545 0.3868 0.6497
vn -0.6560 0.3613 0.6627
vn -0.6661 0.3533 0.6569
vn -0.6346 0.4048 0.6583
vn -0.6545 0.3842 0.6511
vn -0.6106 0.4627 0.6428
vn -0.6345 0.4330 0.6403
vn -0.5567 -0.5787 0.5960
vn -0.5537 -0.5776 0.5998
vn -0.5761 -0.5422 0.6116
vn -0.5592 -0.5328 0.6351
vn -0.6027 -0.4919 0.6283
vn -0.5815 -0.4760 0.6598
vn -0.6299 -0.4409 0.6394
vn -0.6061 -0.4238 0.6730
vn -0.6569 -0.3718 0.6559
vn -0.6375 -0.3577 0.6823
vn -0.6724 -0.3004 0.6765
vn -0.6609 -0.2909 0.6918
vn -0.6932 -0.2218 0.6858
vn -0.6845 -0.2152 0.6966
vn -0.7108 -0.1366 0.6900
vn -0.7052 -0.1316 0.6967
vn -0.7147 -0.0461 0.6979
vn -0.7171 -0.0481 0.6953
vn -0.7207 0.0491 0.6915
vn -0.7257 0.0450 0.6865
vn -0.7164 0.1324 0.6850
vn -0.7271 0.1229 0.6754
vn -0.7011 0.1787 0.6903
vn -0.7171 0.1573 0.6790
vn -0.6748 0.3122 0.6688
vn -0.7020 0.2389 0.6710
vn -0.6198 0.5026 0.6028
vn -0.6653 0.4499 0.5958
vn -0.5407 0.4981 0.6779
vn -0.6166 0.4646 0.6356
vn -0.5829 0.4441 0.6805
vn -0.5174 0.4637 0.7192
vn -0.6205 0.3793 0.6864
vn -0.5746 0.3976 0.7154
vn -0.6191 0.3649 0.6954
vn -0.6210 0.3635 0.6944
vn -0.5901 0.4272 0.6851
vn -0.6160 0.4057 0.6753
vn -0.5530 0.4915 0.6727
vn -0.5890 0.4512 0.6705
vn -0.5231 -0.6004 0.6049
vn -0.5050 -0.5967 0.6237
vn -0.5423 -0.5597 0.6266
vn -0.5246 -0.5523 0.6479
vn -0.5667 -0.5137 0.6442
vn -0.5353 -0.4958 0.6839
vn -0.5898 -0.4597 0.6639
vn -0.5674 -0.4447 0.6931
vn -0.6130 -0.3949 0.6843
vn -0.5939 -0.3812 0.7085
vn -0.6390 -0.3169 0.7009
vn -0.6215 -0.3036 0.7222
vn -0.6613 -0.2378 0.7114
vn -0.6457 -0.2273 0.7290
vn -0.6726 -0.1512 0.7244
vn -0.6613 -0.1422 0.7365
vn -0.6795 -0.0496 0.7320
vn -0.6782 -0.0486 0.7333
vn -0.6848 0.0514 0.7269
vn -0.6886 0.0485 0.7235
vn -0.6792 0.1369 0.7211
vn -0.6875 0.1297 0.7145
vn -0.6653 0.1902 0.7220
vn -0.6796 0.1703 0.7136
vn -0.6402 0.3587 0.6793
vn -0.6648 0.2982 0.6849
vn -0.6115 0.5219 0.5947
vn -0.6278 0.5049 0.5924
vn -0.5807 0.5032 0.6400
vn -0.6061 0.4910 0.6258
vn -0.5670 0.4402 0.6962
vn -0.5291 0.4533 0.7173
vn -0.5840 0.3764 0.7192
vn -0.5524 0.3906 0.7364
vn -0.5801 0.3722 0.7245
vn -0.5843 0.3685 0.7230
vn -0.5539 0.4454 0.7035
vn -0.5744 0.4271 0.6983
vn -0.5259 0.5150 0.6769
vn -0.5491 0.4904 0.6767
vn -0.4624 -0.6297 0.6242
vn -0.4520 -0.6258 0.6357
vn -0.4902 -0.5882 0.6432
vn -0.4640 -0.5744 0.6744
vn -0.5162 -0.5328 0.6705
vn -0.4920 -0.5201 0.6982
vn -0.5473 -0.4820 0.6842
vn -0.5211 -0.4661 0.7150
vn -0.5710 -0.4122 0.7100
vn -0.5543 -0.4016 0.7290
vn -0.6007 -0.3361 0.7254
vn -0.5779 -0.3206 0.7505
vn -0.6168 -0.2543 0.7449
vn -0.6014 -0.2442 0.7607
vn -0.6283 -0.1602 0.7613
vn -0.6205 -0.1541 0.7689
vn -0.6406 -0.0533 0.7660
vn -0.6367 -0.0503 0.7694
vn -0.6457 0.0492 0.7620
vn -0.6448 0.0500 0.7627
vn -0.6382 0.1376 0.7575
vn -0.6440 0.1327 0.7534
vn -0.6190 0.2043 0.7583
vn -0.6377 0.1805 0.7488
vn -0.5820 0.4095 0.7025
vn -0.6182 0.3376 0.7098
vn -0.5804 0.5243 0.6231
vn -0.5860 0.5193 0.6220
vn -0.5653 0.5040 0.6530
vn -0.5610 0.5058 0.6553
vn -0.4778 0.4372 0.7620
vn -0.3988 0.4628 0.7917
vn -0.5171 0.3581 0.7774
vn -0.4363 0.3958 0.8081
vn -0.5205 0.3742 0.7675
vn -0.5187 0.3759 0.7679
vn -0.4922 0.4621 0.7377
vn -0.5193 0.4420 0.7314
vn -0.4852 0.5241 0.6999
vn -0.4971 0.5135 0.6995
vn -0.4211 -0.6418 0.6409
vn -0.4172 -0.6402 0.6451
vn -0.4402 -0.6045 0.6639
vn -0.4259 -0.5948 0.6818
vn -0.4721 -0.5522 0.6872
vn -0.4504 -0.5393 0.7116
vn -0.4950 -0.4990 0.7114
vn -0.4773 -0.4872 0.7313
vn -0.5172 -0.4320 0.7388
vn -0.4992 -0.4198 0.7580
vn -0.5389 -0.3562 0.7634
vn -0.5226 -0.3440 0.7801
vn -0.5617 -0.2689 0.7824
vn -0.5488 -0.2597 0.7946
vn -0.5832 -0.1699 0.7944
vn -0.5729 -0.1614 0.8036
vn -0.5978 -0.0640 0.7991
vn -0.5857 -0.0543 0.8087
vn -0.5989 0.0420 0.7997
vn -0.5927 0.0466 0.8041
vn -0.5880 0.1372 0.7971
vn -0.5931 0.1331 0.7941
vn -0.5657 0.2220 0.7942
vn -0.5870 0.1961 0.7855
vn -0.5198 0.4634 0.7177
vn -0.5621 0.4011 0.7233
vn -0.4796 0.5525 0.6817
vn -0.5217 0.5278 0.6703
vn -0.4754 0.5123 0.7152
vn -0.4575 0.5176 0.7230
vn -0.4652 0.4218 0.7783
vn -0.3951 0.4454 0.8034
vn -0.4870 0.3458 0.8020
vn -0.4501 0.3660 0.8145
vn -0.4785 0.3831 0.7901
vn -0.4856 0.3759 0.7892
vn -0.4557 0.4735 0.7537
vn -0.4722 0.4604 0.7517
vn -0.4466 0.5220 0.7267
vn -0.4518 0.5193 0.7254
vn -0.3604 -0.6633 0.6558
vn -0.3487 -0.6582 0.6672
vn -0.3856 -0.6209 0.6825
vn -0.3676 -0.6072 0.7044
vn -0.4104 -0.5738 0.7088
vn -0.3909 -0.5605 0.7301
vn -0.4353 -0.5187 0.7359
vn -0.4138 -0.5037 0.7583
vn -0.4581 -0.4561 0.7630
vn -0.4373 -0.4422 0.7831
vn -0.4838 -0.3748 0.7909
vn -0.4635 -0.3602 0.8096
vn -0.5071 -0.2854 0.8133
vn -0.4890 -0.2730 0.8284
vn -0.5263 -0.1874 0.8294
vn -0.5065 -0.1713 0.8451
vn -0.5414 -0.0781 0.8371
vn -0.5258 -0.0649 0.8481
vn -0.5425 0.0370 0.8392
vn -0.5389 0.0399 0.8414
vn -0.5330 0.1408 0.8343
vn -0.5417 0.1333 0.8299
vn -0.5134 0.2400 0.8239
vn -0.5331 0.2161 0.8180
vn -0.4769 0.4948 0.7265
vn -0.5042 0.4606 0.7305
vn -0.4442 0.5686 0.6924
vn -0.4726 0.5531 0.6861
vn -0.4434 0.5148 0.7338
vn -0.4389 0.5162 0.7355
vn -0.4419 0.4206 0.7923
vn -0.4308 0.4248 0.7962
vn -0.4315 0.3537 0.8299
vn -0.4411 0.3490 0.8268
vn -0.4112 0.3991 0.8196
vn -0.4306 0.3839 0.8168
vn -0.4013 0.4828 0.7784
vn -0.4142 0.4739 0.7771
vn -0.3914 0.5232 0.7570
vn -0.3990 0.5198 0.7554
vn -0.3067 -0.6775 0.6685
vn -0.3024 -0.6758 0.6722
vn -0.3280 -0.6391 0.6957
vn -0.3041 -0.6239 0.7199
vn -0.3547 -0.5929 0.7229
vn -0.3306 -0.5776 0.7464
vn -0.3773 -0.5362 0.7551
vn -0.3585 -0.5240 0.7726
vn -0.3976 -0.4739 0.7857
vn -0.3779 -0.4619 0.8024
vn -0.4152 -0.3926 0.8207
vn -0.3911 -0.3779 0.8391
vn -0.4313 -0.3015 0.8503
vn -0.4152 -0.2913 0.8618
vn -0.4475 -0.1975 0.8722
vn -0.4379 -0.1900 0.8787
vn -0.4627 -0.0808 0.8828
vn -0.4595 -0.0780 0.8848
vn -0.4706 0.0376 0.8815
vn -0.4742 0.0346 0.8798
vn -0.4642 0.1495 0.8730
vn -0.4771 0.1381 0.8679
vn -0.4461 0.2580 0.8570
vn -0.4660 0.2340 0.8533
vn -0.4151 0.5139 0.7507
vn -0.4370 0.4888 0.7551
vn -0.3874 0.5819 0.7150
vn -0.4106 0.5708 0.7111
vn -0.3840 0.5216 0.7619
vn -0.3852 0.5213 0.7615
vn -0.3803 0.4283 0.8197
vn -0.3843 0.4267 0.8187
vn -0.3719 0.3646 0.8537
vn -0.3830 0.3579 0.8516
vn -0.3578 0.4117 0.8382
vn -0.3696 0.4001 0.8387
vn -0.3464 0.4885 0.8008
vn -0.3541 0.4813 0.8018
vn -0.3429 0.5190 0.7830
vn -0.3443 0.5183 0.7828
vn -0.2392 -0.6941 0.6789
vn -0.2308 -0.6904 0.6856
vn -0.2588 -0.6512 0.7134
vn -0.2393 -0.6384 0.7316
vn -0.2799 -0.6099 0.7414
vn -0.2605 -0.5964 0.7593
vn -0.2995 -0.5508 0.7790
vn -0.2848 -0.5398 0.7922
vn -0.3204 -0.4902 0.8106
vn -0.3035 -0.4771 0.8248
vn -0.3466 -0.4115 0.8429
vn -0.3249 -0.3964 0.8587
vn -0.3588 -0.3183 0.8775
vn -0.3427 -0.3081 0.8875
vn -0.3703 -0.2143 0.9039
vn -0.3513 -0.2009 0.9144
vn -0.3788 -0.0926 0.9209
vn -0.3635 -0.0805 0.9281
vn -0.3812 0.0332 0.9239
vn -0.3778 0.0359 0.9252
vn -0.3783 0.1498 0.9135
vn -0.3829 0.1458 0.9122
vn -0.3674 0.2667 0.8910
vn -0.3802 0.2511 0.8902
vn -0.3433 0.5251 0.7787
vn -0.3591 0.5074 0.7833
vn -0.3222 0.5915 0.7391
vn -0.3378 0.5846 0.7377
vn -0.3187 0.5287 0.7867
vn -0.3254 0.5269 0.7852
vn -0.3154 0.4346 0.8436
vn -0.3228 0.4322 0.8420
vn -0.3074 0.3714 0.8761
vn -0.3171 0.3667 0.8746
vn -0.2897 0.4251 0.8576
vn -0.3069 0.4125 0.8577
vn -0.2769 0.5041 0.8180
vn -0.2955 0.4900 0.8201
vn -0.2678 0.5270 0.8066
vn -0.2816 0.5192 0.8069
vn -0.1772 -0.7037 0.6881
vn -0.1773 -0.7037 0.6880
vn -0.1919 -0.6623 0.7242
vn -0.1750 -0.6521 0.7377
vn -0.2061 -0.6197 0.7573
vn -0.1900 -0.6096 0.7696
vn -0.2163 -0.5644 0.7967
vn -0.2016 -0.5546 0.8073
vn -0.2333 -0.5028 0.8323
vn -0.2176 -0.4908 0.8437
vn -0.2521 -0.4268 0.8685
vn -0.2383 -0.4162 0.8775
vn -0.2688 -0.3305 0.9047
vn -0.2595 -0.3241 0.9097
vn -0.2802 -0.2226 0.9338
vn -0.2724 -0.2168 0.9374
vn -0.2888 -0.0981 0.9524
vn -0.2807 -0.0919 0.9554
vn -0.2896 0.0336 0.9566
vn -0.2900 0.0333 0.9564
vn -0.2825 0.1541 0.9468
vn -0.2915 0.1461 0.9453
vn -0.2742 0.2760 0.9212
vn -0.2864 0.2606 0.9220
vn -0.2553 0.5393 0.8025
vn -0.2710 0.5206 0.8097
vn -0.2424 0.5995 0.7628
vn -0.2518 0.5953 0.7631
vn -0.2389 0.5361 0.8097
vn -0.2467 0.5339 0.8087
vn -0.2351 0.4408 0.8663
vn -0.2430 0.4381 0.8655
vn -0.2265 0.3797 0.8970
vn -0.2361 0.3745 0.8967
vn -0.2052 0.4443 0.8721
vn -0.2270 0.4274 0.8751
vn -0.2040 0.5144 0.8329
vn -0.2183 0.5038 0.8358
vn -0.2101 0.5277 0.8230
vn -0.2130 0.5246 0.8243
vn -0.1086 -0.7112 0.6946
vn -0.1069 -0.7101 0.6959
vn -0.1218 -0.6668 0.7353
vn -0.1128 -0.6605 0.7423
vn -0.1302 -0.6268 0.7682
vn -0.1212 -0.6204 0.7749
vn -0.1369 -0.5747 0.8068
vn -0.1271 -0.5683 0.8130
vn -0.1462 -0.5106 0.8473
vn -0.1375 -0.5044 0.8525
vn -0.1580 -0.4329 0.8875
vn -0.1495 -0.4263 0.8921
vn -0.1696 -0.3386 0.9255
vn -0.1633 -0.3339 0.9283
vn -0.1789 -0.2267 0.9574
vn -0.1758 -0.2242 0.9585
vn -0.1866 -0.1005 0.9773
vn -0.1830 -0.0976 0.9783
vn -0.1873 0.0329 0.9818
vn -0.1881 0.0323 0.9816
vn -0.1788 0.1585 0.9710
vn -0.1869 0.1515 0.9706
vn -0.1621 0.2913 0.9428
vn -0.1789 0.2705 0.9460
vn -0.1459 0.5551 0.8189
vn -0.1625 0.5346 0.8294
vn -0.1485 0.6025 0.7842
vn -0.1473 0.6030 0.7840
vn -0.1476 0.5405 0.8283
vn -0.1494 0.5400 0.8283
vn -0.1424 0.4448 0.8842
vn -0.1503 0.4424 0.8841
vn -0.1321 0.3917 0.9106
vn -0.1462 0.3850 0.9113
vn -0.1085 0.4558 0.8835
vn -0.1210 0.4488 0.8854
vn -0.1122 0.5089 0.8535
vn -0.1051 0.5116 0.8528
vn -0.1192 0.5178 0.8472
vn -0.1161 0.5209 0.8457
vn -0.0372 -0.7146 0.6985
vn -0.0392 -0.7158 0.6972
vn -0.0408 -0.6711 0.7403
vn -0.0329 -0.6661 0.7451
vn -0.0497 -0.6323 0.7732
vn -0.0400 -0.6257 0.7791
vn -0.0552 -0.5782 0.8140
vn -0.0510 -0.5754 0.8163
vn -0.0581 -0.5130 0.8564
vn -0.0561 -0.5116 0.8574
vn -0.0628 -0.4350 0.8983
vn -0.0586 -0.4319 0.9000
vn -0.0667 -0.3423 0.9372
vn -0.0627 -0.3394 0.9386
vn -0.0661 -0.2276 0.9715
vn -0.0644 -0.2263 0.9719
vn -0.0671 -0.1016 0.9926
vn -0.0658 -0.1005 0.9928
vn -0.0681 0.0317 0.9972
vn -0.0688 0.0310 0.9971
vn -0.0640 0.1629 0.9846
vn -0.0710 0.1568 0.9851
vn -0.0419 0.3173 0.9474
vn -0.0663 0.2872 0.9556
vn -0.0326 0.5762 0.8167
vn -0.0528 0.5510 0.8328
vn -0.0470 0.5987 0.7996
vn -0.0366 0.6037 0.7964
vn -0.0512 0.5415 0.8392
vn -0.0441 0.5432 0.8384
vn -0.0453 0.4491 0.8923
vn -0.0516 0.4470 0.8931
vn -0.0397 0.4010 0.9152
vn -0.0477 0.3966 0.9168
vn -0.0341 0.4576 0.8885
vn -0.0329 0.4584 0.8881
vn -0.0494 0.4961 0.8669
vn -0.0290 0.5045 0.8629
vn -0.0629 0.4971 0.8654
vn -0.0495 0.5102 0.8586
vn 0.0321 -0.7154 0.6980
vn 0.0327 -0.7149 0.6985
vn 0.0286 -0.6690 0.7427
vn 0.0277 -0.6696 0.7422
vn 0.0322 -0.6296 0.7763
vn 0.0276 -0.6326 0.7740
vn 0.0351 -0.5761 0.8167
vn 0.0322 -0.5779 0.8154
vn 0.0371 -0.5097 0.8595
vn 0.0338 -0.5120 0.8583
vn 0.0422 -0.4323 0.9007
vn 0.0360 -0.4366 0.8989
vn 0.0417 -0.3405 0.9393
vn 0.0405 -0.3415 0.9390
vn 0.0428 -0.2247 0.9735
vn 0.0413 -0.2259 0.9733
vn 0.0458 -0.0993 0.9940
vn 0.0434 -0.1012 0.9939
vn 0.0467 0.0319 0.9984
vn 0.0461 0.0315 0.9984
vn 0.0400 0.1573 0.9867
vn 0.0456 0.1622 0.9857
vn 0.0186 0.2888 0.9572
vn 0.0403 0.3148 0.9483
vn 0.0098 0.5515 0.8341
vn 0.0318 0.5740 0.8182
vn 0.0311 0.6047 0.7958
vn 0.0171 0.5988 0.8007
vn 0.0373 0.5444 0.8380
vn 0.0273 0.5422 0.8398
vn 0.0357 0.4494 0.8926
vn 0.0375 0.4500 0.8922
vn 0.0269 0.3960 0.9179
vn 0.0377 0.4024 0.9147
vn 0.0153 0.4538 0.8910
vn 0.0209 0.4580 0.8887
vn 0.0248 0.5025 0.8642
vn 0.0131 0.4966 0.8679
vn 0.0321 0.5054 0.8623
vn 0.0246 0.4978 0.8670
vn 0.1017 -0.7103 0.6965
vn 0.0975 -0.7131 0.6943
vn 0.1099 -0.6634 0.7401
vn 0.1053 -0.6664 0.7381
vn 0.1162 -0.6230 0.7736
vn 0.1094 -0.6279 0.7706
vn 0.1226 -0.5682 0.8137
vn 0.1136 -0.5744 0.8106
vn 0.1302 -0.5041 0.8538
vn 0.1236 -0.5088 0.8520
vn 0.1403 -0.4291 0.8923
vn 0.1329 -0.4344 0.8909
vn 0.1461 -0.3387 0.9295
vn 0.1463 -0.3386 0.9295
vn 0.1517 -0.2251 0.9625
vn 0.1527 -0.2243 0.9625
vn 0.1592 -0.0972 0.9824
vn 0.1562 -0.0995 0.9827
vn 0.1633 0.0344 0.9860
vn 0.1612 0.0327 0.9864
vn 0.1571 0.1530 0.9757
vn 0.1626 0.1581 0.9739
vn 0.1417 0.2709 0.9521
vn 0.1563 0.2904 0.9441
vn 0.1270 0.5339 0.8360
vn 0.1423 0.5536 0.8206
vn 0.1310 0.6037 0.7864
vn 0.1298 0.6033 0.7869
vn 0.1274 0.5417 0.8309
vn 0.1315 0.5424 0.8298
vn 0.1189 0.4451 0.8876
vn 0.1297 0.4480 0.8846
vn 0.1044 0.3840 0.9174
vn 0.1215 0.3917 0.9121
vn 0.0770 0.4428 0.8933
vn 0.0945 0.4535 0.8862
vn 0.0944 0.5159 0.8514
vn 0.0754 0.5070 0.8587
vn 0.1018 0.5220 0.8468
vn 0.0941 0.5147 0.8522
vn 0.1695 -0.7049 0.6887
vn 0.1696 -0.7048 0.6888
vn 0.1765 -0.6553 0.7344
vn 0.1676 -0.6612 0.7313
vn 0.1909 -0.6104 0.7687
vn 0.1759 -0.6208 0.7640
vn 0.2025 -0.5573 0.8052
vn 0.1899 -0.5665 0.8018
vn 0.2182 -0.4947 0.8412
vn 0.2042 -0.5049 0.8387
vn 0.2325 -0.4206 0.8769
vn 0.2221 -0.4283 0.8759
vn 0.2446 -0.3295 0.9119
vn 0.2375 -0.3349 0.9118
vn 0.2551 -0.2188 0.9418
vn 0.2470 -0.2249 0.9426
vn 0.2615 -0.0930 0.9607
vn 0.2556 -0.0974 0.9619
vn 0.2665 0.0362 0.9632
vn 0.2636 0.0340 0.9640
vn 0.2614 0.1474 0.9539
vn 0.2697 0.1547 0.9504
vn 0.2547 0.2622 0.9308
vn 0.2664 0.2778 0.9229
vn 0.2384 0.5224 0.8187
vn 0.2514 0.5419 0.8020
vn 0.2251 0.5973 0.7698
vn 0.2340 0.6007 0.7645
vn 0.2212 0.5359 0.8148
vn 0.2291 0.5371 0.8118
vn 0.2145 0.4389 0.8726
vn 0.2251 0.4415 0.8685
vn 0.2042 0.3749 0.9043
vn 0.2155 0.3798 0.8996
vn 0.1677 0.4201 0.8918
vn 0.2043 0.4411 0.8739
vn 0.1729 0.5098 0.8428
vn 0.1931 0.5166 0.8342
vn 0.1831 0.5245 0.8315
vn 0.1903 0.5277 0.8278
vn 0.2314 -0.6912 0.6846
vn 0.2208 -0.6990 0.6802
vn 0.2473 -0.6413 0.7264
vn 0.2314 -0.6525 0.7216
vn 0.2647 -0.5978 0.7567
vn 0.2479 -0.6098 0.7528
vn 0.2829 -0.5441 0.7899
vn 0.2662 -0.5566 0.7870
vn 0.3058 -0.4790 0.8228
vn 0.2855 -0.4940 0.8213
vn 0.3267 -0.4032 0.8548
vn 0.3084 -0.4171 0.8549
vn 0.3375 -0.3127 0.8879
vn 0.3228 -0.3247 0.8890
vn 0.3524 -0.2034 0.9135
vn 0.3338 -0.2182 0.9170
vn 0.3612 -0.0845 0.9287
vn 0.3503 -0.0931 0.9320
vn 0.3636 0.0378 0.9308
vn 0.3597 0.0348 0.9324
vn 0.3603 0.1465 0.9213
vn 0.3650 0.1508 0.9187
vn 0.3509 0.2543 0.9012
vn 0.3632 0.2710 0.8914
vn 0.3290 0.5115 0.7938
vn 0.3416 0.5318 0.7749
vn 0.3071 0.5881 0.7482
vn 0.3209 0.5934 0.7382
vn 0.3036 0.5284 0.7929
vn 0.3126 0.5295 0.7886
vn 0.2939 0.4299 0.8537
vn 0.3094 0.4336 0.8463
vn 0.2861 0.3688 0.8844
vn 0.2963 0.3736 0.8790
vn 0.2726 0.4173 0.8669
vn 0.2831 0.4266 0.8590
vn 0.2532 0.4906 0.8338
vn 0.2717 0.5033 0.8203
vn 0.2516 0.5210 0.8156
vn 0.2616 0.5266 0.8089
vn 0.2965 -0.6782 0.6724
vn 0.2919 -0.6817 0.6709
vn 0.3112 -0.6277 0.7136
vn 0.2942 -0.6394 0.7103
vn 0.3375 -0.5800 0.7414
vn 0.3124 -0.5964 0.7394
vn 0.3586 -0.5279 0.7699
vn 0.3397 -0.5414 0.7691
vn 0.3794 -0.4630 0.8010
vn 0.3606 -0.4767 0.8017
vn 0.3980 -0.3851 0.8327
vn 0.3777 -0.4002 0.8350
vn 0.4151 -0.2983 0.8595
vn 0.4011 -0.3091 0.8623
vn 0.4321 -0.1952 0.8804
vn 0.4229 -0.2021 0.8833
vn 0.4435 -0.0822 0.8925
vn 0.4415 -0.0837 0.8933
vn 0.4512 0.0352 0.8917
vn 0.4532 0.0367 0.8907
vn 0.4481 0.1404 0.8829
vn 0.4595 0.1509 0.8752
vn 0.4337 0.2394 0.8687
vn 0.4515 0.2645 0.8522
vn 0.4067 0.4964 0.7669
vn 0.4211 0.5214 0.7422
vn 0.3797 0.5771 0.7230
vn 0.3971 0.5834 0.7085
vn 0.3765 0.5202 0.7666
vn 0.3834 0.5208 0.7627
vn 0.3715 0.4222 0.8269
vn 0.3809 0.4243 0.8216
vn 0.3571 0.3572 0.8631
vn 0.3742 0.3644 0.8528
vn 0.3383 0.4031 0.8503
vn 0.3545 0.4164 0.8372
vn 0.3314 0.4811 0.8116
vn 0.3397 0.4877 0.8042
vn 0.3229 0.5170 0.7928
vn 0.3309 0.5211 0.7868
vn 0.3536 -0.6583 0.6645
vn 0.3384 -0.6703 0.6604
vn 0.3766 -0.6092 0.6979
vn 0.3573 -0.6241 0.6949
vn 0.3978 -0.5635 0.7241
vn 0.3782 -0.5784 0.7228
vn 0.4227 -0.5073 0.7510
vn 0.3997 -0.5255 0.7511
vn 0.4480 -0.4440 0.7760
vn 0.4256 -0.4612 0.7786
vn 0.4731 -0.3653 0.8017
vn 0.4518 -0.3820 0.8062
vn 0.4965 -0.2769 0.8226
vn 0.4765 -0.2942 0.8285
vn 0.5155 -0.1769 0.8385
vn 0.4969 -0.1931 0.8460
vn 0.5259 -0.0706 0.8476
vn 0.5140 -0.0810 0.8540
vn 0.5298 0.0391 0.8472
vn 0.5240 0.0342 0.8510
vn 0.5197 0.1349 0.8436
vn 0.5285 0.1434 0.8368
vn 0.4995 0.2217 0.8374
vn 0.5189 0.2503 0.8174
vn 0.4638 0.4699 0.7510
vn 0.4852 0.5101 0.7102
vn 0.4287 0.5623 0.7072
vn 0.4574 0.5730 0.6801
vn 0.4322 0.5156 0.7398
vn 0.4231 0.5148 0.7456
vn 0.4336 0.4213 0.7966
vn 0.4200 0.4186 0.8052
vn 0.4291 0.3490 0.8331
vn 0.4356 0.3519 0.8285
vn 0.4110 0.3865 0.8256
vn 0.4252 0.4011 0.8114
vn 0.3981 0.4732 0.7859
vn 0.4071 0.4820 0.7759
vn 0.3861 0.5142 0.7659
vn 0.3930 0.5188 0.7592
vn 0.4130 -0.6404 0.6475
vn 0.4053 -0.6462 0.6467
vn 0.4301 -0.5962 0.6779
vn 0.4165 -0.6057 0.6780
vn 0.4605 -0.5424 0.7027
vn 0.4336 -0.5609 0.7052
vn 0.4833 -0.4894 0.7259
vn 0.4624 -0.5050 0.7288
vn 0.5086 -0.4220 0.7505
vn 0.4842 -0.4410 0.7557
vn 0.5329 -0.3475 0.7715
vn 0.5123 -0.3635 0.7781
vn 0.5562 -0.2612 0.7889
vn 0.5410 -0.2734 0.7953
vn 0.5736 -0.1642 0.8025
vn 0.5616 -0.1745 0.8088
vn 0.5839 -0.0582 0.8097
vn 0.5727 -0.0686 0.8169
vn 0.5875 0.0470 0.8079
vn 0.5792 0.0394 0.8142
vn 0.5787 0.1335 0.8045
vn 0.5832 0.1382 0.8005
vn 0.5519 0.1944 0.8109
vn 0.5768 0.2343 0.7826
vn 0.4926 0.3849 0.7805
vn 0.5426 0.4873 0.6842
vn 0.4419 0.5335 0.7212
vn 0.5069 0.5567 0.6582
vn 0.4655 0.5178 0.7178
vn 0.4297 0.5159 0.7411
vn 0.4609 0.4374 0.7722
vn 0.3663 0.4264 0.8270
vn 0.4752 0.3614 0.8022
vn 0.4365 0.3484 0.8295
vn 0.4638 0.3740 0.8031
vn 0.4747 0.3851 0.7914
vn 0.4460 0.4611 0.7671
vn 0.4611 0.4753 0.7493
vn 0.4332 0.5124 0.7415
vn 0.4425 0.5196 0.7309
vn 0.4528 -0.6268 0.6341
vn 0.4462 -0.6328 0.6328
vn 0.4803 -0.5745 0.6627
vn 0.4566 -0.5932 0.6631
vn 0.5044 -0.5261 0.6847
vn 0.4842 -0.5408 0.6879
vn 0.5362 -0.4677 0.7026
vn 0.5088 -0.4879 0.7093
vn 0.5625 -0.4043 0.7212
vn 0.5415 -0.4200 0.7283
vn 0.5935 -0.3267 0.7355
vn 0.5692 -0.3456 0.7461
vn 0.6097 -0.2477 0.7529
vn 0.5968 -0.2581 0.7598
vn 0.6232 -0.1565 0.7663
vn 0.6161 -0.1620 0.7708
vn 0.6360 -0.0513 0.7700
vn 0.6319 -0.0546 0.7731
vn 0.6401 0.0497 0.7667
vn 0.6389 0.0486 0.7678
vn 0.6327 0.1322 0.7631
vn 0.6377 0.1380 0.7578
vn 0.6122 0.1776 0.7705
vn 0.6308 0.2125 0.7463
vn 0.5696 0.3266 0.7542
vn 0.6030 0.4339 0.6694
vn 0.5655 0.5228 0.6379
vn 0.5777 0.5291 0.6216
vn 0.5577 0.5054 0.6584
vn 0.5513 0.5054 0.6638
vn 0.4771 0.4495 0.7552
vn 0.3696 0.4461 0.8151
vn 0.5085 0.3846 0.7704
vn 0.3991 0.3678 0.8399
vn 0.5073 0.3731 0.7768
vn 0.5078 0.3734 0.7763
vn 0.4696 0.4414 0.7647
vn 0.5011 0.4630 0.7311
vn 0.4612 0.5081 0.7274
vn 0.4799 0.5198 0.7067
vn 0.5089 -0.5966 0.6205
vn 0.4794 -0.6185 0.6226
vn 0.5318 -0.5610 0.6343
vn 0.5215 -0.5679 0.6368
vn 0.5552 -0.5135 0.6542
vn 0.5436 -0.5218 0.6574
vn 0.5884 -0.4527 0.6700
vn 0.5726 -0.4640 0.6760
vn 0.6119 -0.3930 0.6864
vn 0.6013 -0.4016 0.6907
vn 0.6415 -0.3144 0.6997
vn 0.6286 -0.3246 0.7067
vn 0.6634 -0.2328 0.7111
vn 0.6520 -0.2431 0.7182
vn 0.6787 -0.1458 0.7198
vn 0.6704 -0.1535 0.7259
vn 0.6896 -0.0487 0.7226
vn 0.6888 -0.0493 0.7232
vn 0.6930 0.0477 0.7194
vn 0.6974 0.0519 0.7148
vn 0.6876 0.1310 0.7142
vn 0.6933 0.1384 0.7072
vn 0.6819 0.1946 0.7051
vn 0.6846 0.2015 0.7006
vn 0.6626 0.4269 0.6155
vn 0.6613 0.4054 0.6311
vn 0.6222 0.5102 0.5937
vn 0.6311 0.5265 0.5697
vn 0.5829 0.4842 0.6525
vn 0.6307 0.4930 0.5993
vn 0.5783 0.4276 0.6948
vn 0.6050 0.4282 0.6713
vn 0.5894 0.3704 0.7179
vn 0.5966 0.3721 0.7111
vn 0.5851 0.3687 0.7223
vn 0.5888 0.3729 0.7171
vn 0.5583 0.4422 0.7019
vn 0.5617 0.4468 0.6963
vn 0.5367 0.5169 0.6670
vn 0.5376 0.5184 0.6650
vn -0.7026 0.5530 0.4478
vn -0.6890 0.5632 0.4562
vn -0.7159 0.5290 0.4558
vn -0.7135 0.5316 0.4564
vn -0.7563 0.4031 0.5153
vn -0.7665 0.3875 0.5122
vn -0.7764 0.3380 0.5320
vn -0.7730 0.3418 0.5344
vn -0.8101 0.3119 0.4965
vn -0.7753 0.3410 0.5317
vn -0.8655 0.3074 0.3954
vn -0.7612 0.3778 0.5271
vn -0.8537 0.3484 0.3871
vn -0.7588 0.4132 0.5035
vn -0.8073 0.4169 0.4177
vn -0.7676 0.4471 0.4593
vn -0.8063 0.4225 0.4141
vn -0.8001 0.4312 0.4171
vn -0.8406 0.2263 0.4921
vn -0.8487 0.1986 0.4901
vn -0.8548 0.0978 0.5097
vn -0.8471 0.1161 0.5185
vn -0.8586 0.0517 0.5100
vn -0.8571 0.0551 0.5123
vn -0.8579 -0.0238 0.5133
vn -0.8566 -0.0207 0.5156
vn -0.8480 -0.1047 0.5196
vn -0.8476 -0.1035 0.5205
vn -0.8356 -0.1812 0.5186
vn -0.8343 -0.1761 0.5223
vn -0.8141 -0.2658 0.5163
vn -0.8124 -0.2561 0.5239
vn -0.7929 -0.3303 0.5121
vn -0.7924 -0.3213 0.5186
vn -0.7628 -0.4018 0.5067
vn -0.7627 -0.3886 0.5170
vn -0.7405 -0.4525 0.4969
vn -0.7424 -0.4368 0.5079
vn -0.7062 -0.5082 0.4929
vn -0.7087 -0.4960 0.5017
vn -0.7390 0.5458 0.3951
vn -0.7175 0.5644 0.4083
vn -0.7468 0.5391 0.3895
vn -0.7364 0.5501 0.3938
vn -0.7659 0.4810 0.4266
vn -0.7841 0.4556 0.4215
vn -0.8030 0.3559 0.4779
vn -0.8052 0.3528 0.4766
vn -0.8330 0.2904 0.4709
vn -0.8168 0.3108 0.4861
vn -0.8797 0.2689 0.3922
vn -0.8179 0.3249 0.4749
vn -0.8897 0.2995 0.3445
vn -0.8078 0.3678 0.4607
vn -0.8484 0.3770 0.3716
vn -0.7878 0.4216 0.4491
vn -0.8436 0.3990 0.3594
vn -0.8189 0.4271 0.3834
vn -0.8575 0.3371 0.3888
vn -0.8727 0.3002 0.3850
vn -0.8864 0.1065 0.4505
vn -0.8840 0.1151 0.4531
vn -0.8914 0.0495 0.4505
vn -0.8881 0.0584 0.4560
vn -0.8897 -0.0212 0.4561
vn -0.8892 -0.0198 0.4571
vn -0.8820 -0.0956 0.4615
vn -0.8826 -0.0983 0.4597
vn -0.8680 -0.1809 0.4624
vn -0.8672 -0.1767 0.4655
vn -0.8442 -0.2670 0.4649
vn -0.8436 -0.2607 0.4695
vn -0.8232 -0.3341 0.4591
vn -0.8230 -0.3226 0.4675
vn -0.7896 -0.4066 0.4596
vn -0.7905 -0.3971 0.4663
vn -0.7630 -0.4640 0.4501
vn -0.7657 -0.4478 0.4618
vn -0.7299 -0.5202 0.4434
vn -0.7340 -0.5059 0.4531
vn -0.7698 0.5361 0.3463
vn -0.7428 0.5724 0.3471
vn -0.7789 0.5339 0.3289
vn -0.7596 0.5567 0.3363
vn -0.7892 0.5178 0.3303
vn -0.7839 0.5245 0.3322
vn -0.8184 0.4287 0.3825
vn -0.8316 0.4071 0.3777
vn -0.8539 0.2931 0.4301
vn -0.8543 0.2924 0.4298
vn -0.8792 0.2468 0.4076
vn -0.8590 0.2732 0.4329
vn -0.9017 0.2618 0.3441
vn -0.8494 0.3188 0.4205
vn -0.9035 0.3166 0.2891
vn -0.8366 0.3814 0.3933
vn -0.8858 0.3668 0.2841
vn -0.8611 0.3966 0.3181
vn -0.8760 0.3894 0.2845
vn -0.8785 0.3850 0.2829
vn -0.9105 0.2033 0.3600
vn -0.9227 0.1558 0.3525
vn -0.9217 0.0474 0.3851
vn -0.9186 0.0582 0.3909
vn -0.9208 -0.0128 0.3899
vn -0.9210 -0.0136 0.3894
vn -0.9141 -0.0885 0.3958
vn -0.9146 -0.0911 0.3940
vn -0.8975 -0.1798 0.4027
vn -0.8974 -0.1791 0.4033
vn -0.8761 -0.2620 0.4047
vn -0.8760 -0.2590 0.4069
vn -0.8516 -0.3383 0.4005
vn -0.8518 -0.3281 0.4084
vn -0.8212 -0.4070 0.3999
vn -0.8227 -0.3980 0.4059
vn -0.7876 -0.4723 0.3958
vn -0.7909 -0.4589 0.4049
vn -0.7525 -0.5285 0.3930
vn -0.7568 -0.5167 0.4003
vn -0.7705 0.5862 0.2502
vn -0.7366 0.6386 0.2228
vn -0.7954 0.5457 0.2637
vn -0.7785 0.5706 0.2613
vn -0.8119 0.5206 0.2642
vn -0.7989 0.5386 0.2675
vn -0.8329 0.4758 0.2827
vn -0.8319 0.4774 0.2829
vn -0.8747 0.3383 0.3470
vn -0.8845 0.3171 0.3423
vn -0.9018 0.2395 0.3596
vn -0.8954 0.2513 0.3676
vn -0.9279 0.2176 0.3029
vn -0.8952 0.2643 0.3588
vn -0.9421 0.2522 0.2210
vn -0.8811 0.3282 0.3405
vn -0.9261 0.3113 0.2133
vn -0.8812 0.3689 0.2956
vn -0.9070 0.3653 0.2096
vn -0.8878 0.3958 0.2349
vn -0.9103 0.3377 0.2396
vn -0.9355 0.2740 0.2231
vn -0.9456 0.0867 0.3137
vn -0.9497 0.0675 0.3058
vn -0.9471 -0.0040 0.3209
vn -0.9468 -0.0028 0.3217
vn -0.9405 -0.0834 0.3294
vn -0.9412 -0.0883 0.3260
vn -0.9257 -0.1754 0.3351
vn -0.9258 -0.1773 0.3337
vn -0.9061 -0.2546 0.3378
vn -0.9061 -0.2542 0.3381
vn -0.8781 -0.3361 0.3406
vn -0.8785 -0.3318 0.3438
vn -0.8503 -0.4027 0.3390
vn -0.8513 -0.3970 0.3429
vn -0.8128 -0.4751 0.3372
vn -0.8149 -0.4676 0.3425
vn -0.7807 -0.5254 0.3384
vn -0.7818 -0.5227 0.3400
vn -0.6718 0.7388 0.0532
vn -0.6509 0.7579 0.0438
vn -0.7485 0.6517 0.1226
vn -0.7535 0.6456 0.1243
vn -0.8112 0.5555 0.1829
vn -0.8101 0.5570 0.1829
vn -0.8427 0.4981 0.2046
vn -0.8366 0.5079 0.2052
vn -0.8807 0.4021 0.2504
vn -0.8921 0.3776 0.2483
vn -0.9142 0.2732 0.2994
vn -0.9204 0.2579 0.2938
vn -0.9366 0.1976 0.2895
vn -0.9263 0.2175 0.3078
vn -0.9513 0.2132 0.2225
vn -0.9168 0.2658 0.2980
vn -0.9471 0.2668 0.1786
vn -0.9082 0.3235 0.2656
vn -0.9402 0.3088 0.1439
vn -0.9081 0.3650 0.2052
vn -0.9198 0.3646 0.1452
vn -0.9210 0.3621 0.1440
vn -0.9580 0.1883 0.2163
vn -0.9714 0.1285 0.1997
vn -0.9689 0.0018 0.2476
vn -0.9683 0.0057 0.2498
vn -0.9632 -0.0735 0.2585
vn -0.9638 -0.0795 0.2545
vn -0.9494 -0.1639 0.2678
vn -0.9495 -0.1687 0.2644
vn -0.9291 -0.2501 0.2723
vn -0.9292 -0.2488 0.2732
vn -0.9023 -0.3296 0.2779
vn -0.9022 -0.3298 0.2778
vn -0.8735 -0.4001 0.2773
vn -0.8747 -0.3950 0.2809
vn -0.8346 -0.4737 0.2811
vn -0.8357 -0.4705 0.2834
vn -0.8037 -0.5249 0.2803
vn -0.8059 -0.5198 0.2835
vn -0.6548 0.7558 0.0056
vn -0.6422 0.7665 0.0057
vn -0.6943 0.7193 0.0236
vn -0.7022 0.7116 0.0237
vn -0.7584 0.6477 0.0729
vn -0.7827 0.6181 0.0732
vn -0.8209 0.5589 0.1173
vn -0.8288 0.5473 0.1169
vn -0.8763 0.4532 0.1631
vn -0.8850 0.4365 0.1622
vn -0.9215 0.3256 0.2116
vn -0.9313 0.3000 0.2067
vn -0.9550 0.1892 0.2284
vn -0.9499 0.2042 0.2365
vn -0.9734 0.1577 0.1660
vn -0.9500 0.2138 0.2275
vn -0.9780 0.1916 0.0830
vn -0.9417 0.2711 0.1990
vn -0.9622 0.2595 0.0829
vn -0.9385 0.3098 0.1525
vn -0.9403 0.3304 0.0817
vn -0.9232 0.3665 0.1154
vn -0.9527 0.2829 0.1113
vn -0.9684 0.2316 0.0926
vn -0.9839 0.0313 0.1762
vn -0.9854 0.0162 0.1694
vn -0.9805 -0.0671 0.1849
vn -0.9805 -0.0678 0.1845
vn -0.9695 -0.1507 0.1933
vn -0.9694 -0.1558 0.1898
vn -0.9497 -0.2374 0.2044
vn -0.9490 -0.2442 0.1996
vn -0.9244 -0.3171 0.2118
vn -0.9234 -0.3225 0.2081
vn -0.8923 -0.3968 0.2154
vn -0.8928 -0.3950 0.2167
vn -0.8576 -0.4642 0.2214
vn -0.8566 -0.4670 0.2195
vn -0.8210 -0.5269 0.2199
vn -0.8237 -0.5208 0.2241
vn -0.6549 0.7557 -0.0004
vn -0.6534 0.7570 -0.0000
vn -0.6902 0.7237 0.0021
vn -0.6882 0.7255 0.0027
vn -0.7299 0.6834 0.0140
vn -0.7397 0.6728 0.0118
vn -0.7838 0.6197 0.0397
vn -0.7976 0.6021 0.0378
vn -0.8502 0.5204 0.0791
vn -0.8644 0.4968 0.0775
vn -0.9163 0.3778 0.1331
vn -0.9287 0.3475 0.1298
vn -0.9640 0.2035 0.1710
vn -0.9643 0.2026 0.1707
vn -0.9829 0.1177 0.1415
vn -0.9720 0.1578 0.1741
vn -0.9923 0.1149 0.0460
vn -0.9667 0.2040 0.1548
vn -0.9835 0.1806 -0.0079
vn -0.9586 0.2636 0.1078
vn -0.9596 0.2815 0.0050
vn -0.9423 0.3286 0.0647
vn -0.9484 0.3167 0.0166
vn -0.9528 0.3034 0.0075
vn -0.9879 0.1297 0.0850
vn -0.9960 0.0657 0.0609
vn -0.9919 -0.0567 0.1133
vn -0.9920 -0.0593 0.1118
vn -0.9824 -0.1394 0.1243
vn -0.9821 -0.1450 0.1205
vn -0.9660 -0.2206 0.1348
vn -0.9646 -0.2306 0.1278
vn -0.9408 -0.3080 0.1415
vn -0.9400 -0.3114 0.1390
vn -0.9088 -0.3894 0.1499
vn -0.9080 -0.3919 0.1482
vn -0.8764 -0.4564 0.1540
vn -0.8761 -0.4570 0.1536
vn -0.8358 -0.5254 0.1594
vn -0.8366 -0.5237 0.1605
vn -0.6542 0.7563 -0.0001
vn -0.6549 0.7557 -0.0003
vn -0.6927 0.7212 -0.0007
vn -0.6900 0.7238 0.0004
vn -0.7309 0.6825 -0.0002
vn -0.7284 0.6852 0.0008
vn -0.7689 0.6393 0.0077
vn -0.7758 0.6310 0.0055
vn -0.8232 0.5669 0.0304
vn -0.8400 0.5420 0.0263
vn -0.8973 0.4362 0.0670
vn -0.9151 0.3985 0.0615
vn -0.9606 0.2580 0.1029
vn -0.9690 0.2278 0.0954
vn -0.9877 0.1108 0.1100
vn -0.9861 0.1197 0.1151
vn -0.9954 0.0728 0.0623
vn -0.9865 0.1207 0.1104
vn -0.9912 0.1323 0.0044
vn -0.9771 0.1954 0.0836
vn -0.9723 0.2310 -0.0348
vn -0.9568 0.2880 0.0402
vn -0.9554 0.2901 -0.0553
vn -0.9478 0.3170 -0.0336
vn -0.9757 0.2184 -0.0164
vn -0.9852 0.1679 -0.0339
vn -0.9986 -0.0346 0.0409
vn -0.9983 -0.0450 0.0359
vn -0.9906 -0.1267 0.0521
vn -0.9900 -0.1322 0.0485
vn -0.9761 -0.2084 0.0613
vn -0.9750 -0.2148 0.0568
vn -0.9518 -0.2977 0.0739
vn -0.9501 -0.3041 0.0694
vn -0.9231 -0.3754 0.0832
vn -0.9203 -0.3834 0.0778
vn -0.8888 -0.4498 0.0877
vn -0.8880 -0.4516 0.0865
vn -0.8524 -0.5138 0.0973
vn -0.8487 -0.5206 0.0930
vn -0.6540 0.7565 -0.0001
vn -0.6542 0.7563 -0.0002
vn -0.6952 0.7188 -0.0009
vn -0.6927 0.7212 0.0001
vn -0.7318 0.6815 -0.0007
vn -0.7309 0.6825 -0.0003
vn -0.7663 0.6425 0.0024
vn -0.7684 0.6400 0.0015
vn -0.8128 0.5825 0.0085
vn -0.8199 0.5725 0.0058
vn -0.8828 0.4693 0.0218
vn -0.8934 0.4489 0.0175
vn -0.9571 0.2866 0.0422
vn -0.9610 0.2737 0.0392
vn -0.9930 0.1057 0.0527
vn -0.9918 0.1150 0.0566
vn -0.9986 0.0440 0.0306
vn -0.9960 0.0722 0.0535
vn -0.9960 0.0865 -0.0202
vn -0.9899 0.1367 0.0368
vn -0.9813 0.1675 -0.0951
vn -0.9713 0.2378 0.0020
vn -0.9630 0.2381 -0.1266
vn -0.9545 0.2887 -0.0746
vn -0.9555 0.2724 -0.1129
vn -0.9608 0.2468 -0.1267
vn -0.9981 0.0422 -0.0438
vn -0.9980 -0.0078 -0.0629
vn -0.9931 -0.1154 -0.0224
vn -0.9926 -0.1187 -0.0243
vn -0.9801 -0.1981 -0.0091
vn -0.9788 -0.2045 -0.0135
vn -0.9594 -0.2820 0.0028
vn -0.9565 -0.2918 -0.0039
vn -0.9324 -0.3613 0.0115
vn -0.9294 -0.3689 0.0063
vn -0.8970 -0.4415 0.0208
vn -0.8947 -0.4463 0.0176
vn -0.8660 -0.4991 0.0298
vn -0.8609 -0.5083 0.0240
vn -0.6959 0.7181 0.0001
vn -0.6952 0.7188 0.0004
vn -0.7315 0.6818 0.0003
vn -0.7318 0.6815 0.0001
vn -0.7653 0.6436 0.0011
vn -0.7662 0.6425 0.0007
vn -0.8127 0.5827 0.0011
vn -0.8125 0.5829 0.0012
vn -0.8844 0.4667 -0.0011
vn -0.8822 0.4709 0.0002
vn -0.9580 0.2869 -0.0018
vn -0.9568 0.2906 -0.0007
vn -0.9956 0.0938 -0.0054
vn -0.9942 0.1071 -0.0000
vn -0.9994 0.0062 -0.0329
vn -0.9991 0.0418 -0.0061
vn -0.9952 0.0202 -0.0956
vn -0.9960 0.0859 -0.0250
vn -0.9814 0.0942 -0.1672
vn -0.9829 0.1743 -0.0588
vn -0.9675 0.1892 -0.1679
vn -0.9652 0.2410 -0.1019
vn -0.9520 0.2474 -0.1802
vn -0.9480 0.2770 -0.1570
vn -0.9832 0.1208 -0.1371
vn -0.9855 0.0783 -0.1506
vn -0.9893 -0.1106 -0.0948
vn -0.9898 -0.1074 -0.0932
vn -0.9791 -0.1855 -0.0833
vn -0.9773 -0.1927 -0.0880
vn -0.9610 -0.2668 -0.0735
vn -0.9585 -0.2741 -0.0785
vn -0.9355 -0.3480 -0.0612
vn -0.9322 -0.3558 -0.0664
vn -0.9019 -0.4292 -0.0488
vn -0.8976 -0.4375 -0.0542
vn -0.8691 -0.4927 -0.0434
vn -0.8674 -0.4955 -0.0452
vn -0.6524 0.7579 0.0002
vn -0.6534 0.7570 -0.0002
vn -0.6952 0.7189 0.0008
vn -0.6959 0.7181 0.0004
vn -0.7300 0.6835 0.0012
vn -0.7315 0.6818 0.0004
vn -0.7625 0.6469 0.0015
vn -0.7654 0.6436 0.0002
vn -0.8170 0.5767 -0.0034
vn -0.8128 0.5825 -0.0014
vn -0.8971 0.4412 -0.0233
vn -0.8850 0.4653 -0.0144
vn -0.9611 0.2727 -0.0448
vn -0.9578 0.2846 -0.0401
vn -0.9945 0.0822 -0.0643
vn -0.9940 0.0908 -0.0603
vn -0.9961 -0.0179 -0.0866
vn -0.9976 0.0045 -0.0697
vn -0.9919 -0.0189 -0.1260
vn -0.9963 0.0214 -0.0828
vn -0.9816 0.0418 -0.1865
vn -0.9889 0.1052 -0.1051
vn -0.9659 0.1379 -0.2191
vn -0.9710 0.1947 -0.1388
vn -0.9483 0.2037 -0.2433
vn -0.9486 0.2466 -0.1985
vn -0.9568 0.1795 -0.2288
vn -0.9586 0.1545 -0.2393
vn -0.9825 -0.0786 -0.1689
vn -0.9800 -0.0945 -0.1749
vn -0.9713 -0.1784 -0.1575
vn -0.9708 -0.1802 -0.1585
vn -0.9563 -0.2525 -0.1472
vn -0.9537 -0.2596 -0.1520
vn -0.9345 -0.3296 -0.1344
vn -0.9285 -0.3426 -0.1431
vn -0.9039 -0.4098 -0.1224
vn -0.8970 -0.4223 -0.1308
vn -0.8689 -0.4822 -0.1116
vn -0.8631 -0.4911 -0.1177
vn -0.6509 0.7592 0.0001
vn -0.6524 0.7579 -0.0004
vn -0.6914 0.7224 0.0012
vn -0.6952 0.7189 -0.0002
vn -0.7250 0.6887 0.0031
vn -0.7300 0.6835 0.0005
vn -0.7577 0.6526 0.0025
vn -0.7626 0.6468 -0.0000
vn -0.8364 0.5477 -0.0185
vn -0.8179 0.5753 -0.0085
vn -0.9178 0.3928 -0.0579
vn -0.8991 0.4359 -0.0399
vn -0.9652 0.2457 -0.0894
vn -0.9612 0.2637 -0.0812
vn -0.9906 0.0590 -0.1235
vn -0.9905 0.0726 -0.1165
vn -0.9881 -0.0420 -0.1483
vn -0.9909 -0.0216 -0.1331
vn -0.9815 -0.0568 -0.1827
vn -0.9891 -0.0205 -0.1459
vn -0.9666 -0.0292 -0.2545
vn -0.9849 0.0450 -0.1671
vn -0.9443 0.0544 -0.3244
vn -0.9688 0.1408 -0.2041
vn -0.9354 0.1526 -0.3190
vn -0.9463 0.2028 -0.2517
vn -0.9296 0.1924 -0.3145
vn -0.9298 0.1975 -0.3106
vn -0.9642 0.0257 -0.2639
vn -0.9581 -0.0359 -0.2840
vn -0.9571 -0.1724 -0.2327
vn -0.9576 -0.1711 -0.2320
vn -0.9448 -0.2397 -0.2234
vn -0.9427 -0.2447 -0.2267
vn -0.9258 -0.3139 -0.2107
vn -0.9196 -0.3262 -0.2190
vn -0.8969 -0.3954 -0.1981
vn -0.8916 -0.4043 -0.2041
vn -0.8661 -0.4655 -0.1824
vn -0.8565 -0.4793 -0.1915
vn -0.6514 0.7588 0.0006
vn -0.6509 0.7592 0.0007
vn -0.6884 0.7253 0.0020
vn -0.6914 0.7224 0.0008
vn -0.7173 0.6968 0.0046
vn -0.7251 0.6886 0.0009
vn -0.7561 0.6545 -0.0003
vn -0.7584 0.6518 -0.0013
vn -0.8805 0.4711 -0.0515
vn -0.8392 0.5433 -0.0259
vn -0.9388 0.3314 -0.0942
vn -0.9199 0.3856 -0.0716
vn -0.9731 0.1845 -0.1379
vn -0.9649 0.2363 -0.1144
vn -0.9835 0.0212 -0.1797
vn -0.9852 0.0487 -0.1645
vn -0.9773 -0.0631 -0.2023
vn -0.9807 -0.0468 -0.1898
vn -0.9711 -0.0808 -0.2246
vn -0.9777 -0.0582 -0.2017
vn -0.9632 -0.0625 -0.2615
vn -0.9758 -0.0254 -0.2173
vn -0.9512 0.0161 -0.3082
vn -0.9690 0.0701 -0.2371
vn -0.9358 0.1155 -0.3331
vn -0.9498 0.1626 -0.2673
vn -0.9194 0.1520 -0.3628
vn -0.9251 0.1921 -0.3277
vn -0.9362 0.0676 -0.3449
vn -0.9357 0.0578 -0.3479
vn -0.9376 -0.1719 -0.3024
vn -0.9410 -0.1605 -0.2980
vn -0.9262 -0.2331 -0.2962
vn -0.9263 -0.2329 -0.2961
vn -0.9106 -0.3014 -0.2826
vn -0.9049 -0.3118 -0.2896
vn -0.8856 -0.3780 -0.2697
vn -0.8779 -0.3899 -0.2780
vn -0.8555 -0.4493 -0.2574
vn -0.8467 -0.4612 -0.2654
vn -0.6525 0.7578 0.0006
vn -0.6514 0.7588 0.0009
vn -0.6855 0.7280 0.0016
vn -0.6885 0.7252 0.0006
vn -0.7050 0.7091 0.0047
vn -0.7179 0.6962 -0.0003
vn -0.7389 0.6738 0.0015
vn -0.7583 0.6518 -0.0061
vn -0.8771 0.4781 -0.0462
vn -0.8786 0.4752 -0.0472
vn -0.9624 0.2438 -0.1199
vn -0.9369 0.3398 -0.0818
vn -0.9789 0.0484 -0.1986
vn -0.9731 0.1852 -0.1368
vn -0.9718 -0.0326 -0.2334
vn -0.9782 0.0123 -0.2074
vn -0.9638 -0.0868 -0.2521
vn -0.9685 -0.0694 -0.2391
vn -0.9621 -0.0902 -0.2574
vn -0.9641 -0.0841 -0.2519
vn -0.9665 -0.0563 -0.2504
vn -0.9647 -0.0622 -0.2561
vn -0.9640 0.0057 -0.2660
vn -0.9687 0.0249 -0.2472
vn -0.9470 0.0814 -0.3106
vn -0.9595 0.1338 -0.2480
vn -0.9252 0.0741 -0.3721
vn -0.9422 0.1601 -0.2945
vn -0.9163 0.0083 -0.4004
vn -0.9250 0.0766 -0.3720
vn -0.9137 -0.1600 -0.3734
vn -0.9170 -0.1482 -0.3704
vn -0.8996 -0.2368 -0.3670
vn -0.9041 -0.2270 -0.3619
vn -0.8882 -0.2911 -0.3554
vn -0.8832 -0.2998 -0.3608
vn -0.8676 -0.3596 -0.3434
vn -0.8598 -0.3709 -0.3510
vn -0.8407 -0.4310 -0.3277
vn -0.8306 -0.4438 -0.3365
vn -0.6450 0.7642 0.0032
vn -0.6525 0.7578 0.0009
vn -0.6746 0.7382 0.0038
vn -0.6857 0.7279 -0.0004
vn -0.6904 0.7235 0.0035
vn -0.7071 0.7071 -0.0037
vn -0.7291 0.6843 -0.0079
vn -0.7508 0.6603 -0.0177
vn -0.8532 0.5185 -0.0568
vn -0.9001 0.4267 -0.0881
vn -0.9761 0.1417 -0.1646
vn -0.9644 0.2272 -0.1352
vn -0.9766 -0.0107 -0.2146
vn -0.9810 0.0648 -0.1831
vn -0.9704 -0.0580 -0.2343
vn -0.9757 -0.0258 -0.2174
vn -0.9643 -0.0992 -0.2456
vn -0.9680 -0.0844 -0.2365
vn -0.9667 -0.0847 -0.2417
vn -0.9652 -0.0898 -0.2455
vn -0.9742 -0.0317 -0.2236
vn -0.9684 -0.0568 -0.2428
vn -0.9723 -0.0024 -0.2337
vn -0.9742 0.0103 -0.2255
vn -0.9560 0.0194 -0.2927
vn -0.9702 0.1049 -0.2186
vn -0.9291 -0.0215 -0.3693
vn -0.9611 0.1138 -0.2519
vn -0.8960 -0.1001 -0.4326
vn -0.9341 0.0114 -0.3570
vn -0.8835 -0.1557 -0.4417
vn -0.8907 -0.1359 -0.4339
vn -0.8697 -0.2352 -0.4339
vn -0.8737 -0.2272 -0.4302
vn -0.8613 -0.2789 -0.4246
vn -0.8564 -0.2867 -0.4293
vn -0.8433 -0.3453 -0.4118
vn -0.8365 -0.3544 -0.4179
vn -0.8223 -0.4084 -0.3963
vn -0.8092 -0.4238 -0.4070
vn -0.6288 0.7776 0.0050
vn -0.6453 0.7639 0.0009
vn -0.6627 0.7489 0.0032
vn -0.6765 0.7364 -0.0004
vn -0.7090 0.7052 -0.0076
vn -0.6967 0.7173 -0.0039
vn -0.8098 0.5852 -0.0423
vn -0.7382 0.6744 -0.0160
vn -0.9604 0.2485 -0.1262
vn -0.8561 0.5132 -0.0605
vn -0.9844 0.0265 -0.1738
vn -0.9761 0.1647 -0.1418
vn -0.9826 -0.0183 -0.1850
vn -0.9844 0.0130 -0.1755
vn -0.9802 -0.0540 -0.1906
vn -0.9817 -0.0409 -0.1858
vn -0.9768 -0.0952 -0.1920
vn -0.9776 -0.0907 -0.1901
vn -0.9786 -0.0839 -0.1879
vn -0.9772 -0.0901 -0.1921
vn -0.9793 -0.0487 -0.1962
vn -0.9811 -0.0426 -0.1889
vn -0.9717 -0.0373 -0.2333
vn -0.9807 -0.0037 -0.1955
vn -0.9347 -0.0739 -0.3476
vn -0.9752 0.0480 -0.2159
vn -0.8954 -0.1117 -0.4310
vn -0.9587 0.0360 -0.2823
vn -0.8594 -0.1624 -0.4848
vn -0.9048 -0.0907 -0.4161
vn -0.8474 -0.1796 -0.4996
vn -0.8607 -0.1594 -0.4834
vn -0.8401 -0.2163 -0.4974
vn -0.8370 -0.2218 -0.5003
vn -0.8289 -0.2714 -0.4891
vn -0.8267 -0.2746 -0.4910
vn -0.8167 -0.3281 -0.4748
vn -0.8064 -0.3408 -0.4833
vn -0.7960 -0.3901 -0.4628
vn -0.7830 -0.4043 -0.4728
vn -0.6185 0.7858 0.0022
vn -0.6292 0.7773 0.0004
vn -0.6477 0.7619 0.0021
vn -0.6642 0.7476 0.0003
vn -0.7469 0.6649 -0.0076
vn -0.7040 0.7102 -0.0023
vn -0.8936 0.4477 -0.0317
vn -0.7822 0.6229 -0.0117
vn -0.9899 0.1258 -0.0654
vn -0.9437 0.3281 -0.0424
vn -0.9967 0.0024 -0.0815
vn -0.9959 0.0565 -0.0708
vn -0.9949 -0.0292 -0.0960
vn -0.9967 0.0033 -0.0814
vn -0.9872 -0.0853 -0.1347
vn -0.9952 -0.0241 -0.0952
vn -0.9774 -0.1218 -0.1726
vn -0.9889 -0.0715 -0.1303
vn -0.9781 -0.0998 -0.1825
vn -0.9856 -0.0755 -0.1514
vn -0.9713 -0.0806 -0.2237
vn -0.9878 -0.0467 -0.1485
vn -0.9643 -0.0598 -0.2581
vn -0.9822 -0.0342 -0.1848
vn -0.9087 -0.1192 -0.4001
vn -0.9672 -0.0463 -0.2499
vn -0.8440 -0.1815 -0.5047
vn -0.9298 -0.0678 -0.3618
vn -0.8070 -0.2147 -0.5501
vn -0.8543 -0.1671 -0.4922
vn -0.8091 -0.2076 -0.5498
vn -0.8239 -0.1935 -0.5327
vn -0.8023 -0.2204 -0.5548
vn -0.8037 -0.2187 -0.5534
vn -0.7911 -0.2664 -0.5506
vn -0.7902 -0.2677 -0.5514
vn -0.7826 -0.3102 -0.5398
vn -0.7727 -0.3218 -0.5471
vn -0.7654 -0.3740 -0.5237
vn -0.7525 -0.3872 -0.5327
vn -0.6163 0.7875 0.0003
vn -0.6185 0.7858 -0.0002
vn -0.6432 0.7657 0.0002
vn -0.6481 0.7615 -0.0001
vn -0.7902 0.6129 -0.0042
vn -0.7441 0.6680 -0.0020
vn -0.9472 0.3205 -0.0133
vn -0.8862 0.4632 -0.0078
vn -0.9952 0.0958 -0.0200
vn -0.9898 0.1411 -0.0171
vn -0.9997 0.0118 -0.0232
vn -0.9996 0.0154 -0.0225
vn -0.9992 -0.0218 -0.0347
vn -0.9997 -0.0052 -0.0253
vn -0.9889 -0.1077 -0.1027
vn -0.9992 -0.0217 -0.0347
vn -0.9424 -0.2284 -0.2445
vn -0.9972 -0.0458 -0.0596
vn -0.9135 -0.2335 -0.3330
vn -0.9960 -0.0481 -0.0759
vn -0.8756 -0.2089 -0.4355
vn -0.9920 -0.0493 -0.1160
vn -0.8885 -0.1315 -0.4396
vn -0.9647 -0.0595 -0.2565
vn -0.8497 -0.1461 -0.5066
vn -0.8938 -0.1232 -0.4312
vn -0.8044 -0.2046 -0.5577
vn -0.8192 -0.1949 -0.5393
vn -0.7700 -0.2378 -0.5921
vn -0.7864 -0.2268 -0.5746
vn -0.7682 -0.2316 -0.5968
vn -0.7875 -0.2191 -0.5761
vn -0.7620 -0.2353 -0.6033
vn -0.7695 -0.2299 -0.5958
vn -0.7553 -0.2603 -0.6015
vn -0.7522 -0.2635 -0.6040
vn -0.7457 -0.3022 -0.5938
vn -0.7407 -0.3076 -0.5974
vn -0.7351 -0.3554 -0.5773
vn -0.7199 -0.3699 -0.5873
vn -0.6167 0.7872 -0.0036
vn -0.6163 0.7875 -0.0033
vn -0.6456 0.7637 -0.0045
vn -0.6433 0.7656 -0.0041
vn -0.8212 0.5706 -0.0087
vn -0.7902 0.6128 -0.0065
vn -0.9750 0.2217 -0.0147
vn -0.9473 0.3203 -0.0101
vn -0.9970 0.0757 -0.0154
vn -0.9954 0.0946 -0.0135
vn -0.9996 0.0248 -0.0110
vn -0.9998 0.0131 -0.0144
vn -0.9991 -0.0317 -0.0296
vn -0.9998 -0.0103 -0.0160
vn -0.9540 -0.2347 -0.1867
vn -0.9988 -0.0363 -0.0321
vn -0.8729 -0.3571 -0.3326
vn -0.9961 -0.0640 -0.0604
vn -0.8277 -0.3640 -0.4270
vn -0.9911 -0.0870 -0.1008
vn -0.8267 -0.2983 -0.4770
vn -0.9784 -0.1054 -0.1776
vn -0.7752 -0.2664 -0.5728
vn -0.9616 -0.0744 -0.2642
vn -0.7364 -0.2304 -0.6361
vn -0.8742 -0.1387 -0.4654
vn -0.7273 -0.2251 -0.6484
vn -0.7473 -0.2144 -0.6289
vn -0.6964 -0.2625 -0.6680
vn -0.7017 -0.2601 -0.6634
vn -0.7020 -0.2562 -0.6645
vn -0.7099 -0.2530 -0.6573
vn -0.7206 -0.2445 -0.6489
vn -0.7220 -0.2439 -0.6475
vn -0.7177 -0.2530 -0.6487
vn -0.7111 -0.2573 -0.6543
vn -0.7064 -0.2954 -0.6432
vn -0.7016 -0.2997 -0.6465
vn -0.7005 -0.3342 -0.6306
vn -0.6815 -0.3509 -0.6422
vn -0.6178 0.7857 -0.0322
vn -0.6164 0.7870 -0.0261
vn -0.6352 0.7713 -0.0393
vn -0.6435 0.7635 -0.0542
vn -0.7598 0.6475 -0.0580
vn -0.8089 0.5806 -0.0928
vn -0.9685 0.2381 -0.0728
vn -0.9669 0.2452 -0.0703
vn -0.9935 0.0911 -0.0679
vn -0.9931 0.1001 -0.0610
vn -0.9977 0.0280 -0.0611
vn -0.9978 0.0350 -0.0569
vn -0.9599 -0.2156 -0.1792
vn -0.9963 -0.0546 -0.0667
vn -0.8095 -0.4623 -0.3618
vn -0.9525 -0.2382 -0.1899
vn -0.7901 -0.4562 -0.4093
vn -0.9141 -0.3031 -0.2695
vn -0.8141 -0.3948 -0.4258
vn -0.9151 -0.2795 -0.2908
vn -0.8221 -0.3350 -0.4603
vn -0.9432 -0.2046 -0.2619
vn -0.5544 -0.4342 -0.7100
vn -0.9920 -0.0360 -0.1213
vn -0.6773 -0.3011 -0.6712
vn -0.8586 -0.1723 -0.4828
vn -0.6922 -0.2545 -0.6753
vn -0.7325 -0.2243 -0.6427
vn -0.6754 -0.2728 -0.6851
vn -0.6879 -0.2639 -0.6761
vn -0.6804 -0.2620 -0.6844
vn -0.6842 -0.2603 -0.6812
vn -0.6867 -0.2512 -0.6821
vn -0.6957 -0.2484 -0.6740
vn -0.6801 -0.2564 -0.6868
vn -0.6857 -0.2537 -0.6823
vn -0.6709 -0.2940 -0.6808
vn -0.6728 -0.2923 -0.6796
vn -0.6676 -0.3231 -0.6707
vn -0.6579 -0.3312 -0.6764
vn 0.5616 -0.6195 0.5484
vn 0.6007 -0.5967 0.5320
vn 0.5727 -0.5944 0.5646
vn 0.6133 -0.5704 0.5464
vn 0.6179 -0.5356 0.5756
vn 0.6558 -0.5082 0.5583
vn 0.6513 -0.4787 0.5888
vn 0.6788 -0.4592 0.5730
vn 0.6905 -0.4056 0.5988
vn 0.7136 -0.3858 0.5848
vn 0.7237 -0.3276 0.6073
vn 0.7379 -0.3147 0.5971
vn 0.7553 -0.2387 0.6104
vn 0.7663 -0.2277 0.6008
vn 0.7816 -0.1369 0.6086
vn 0.7864 -0.1306 0.6038
vn 0.7973 -0.0335 0.6027
vn 0.7932 -0.0401 0.6076
vn 0.8010 0.0605 0.5955
vn 0.7965 0.0510 0.6025
vn 0.8039 0.1766 0.5679
vn 0.7941 0.1437 0.5905
vn 0.7771 0.4171 0.4713
vn 0.7818 0.3109 0.5404
vn 0.7419 0.4757 0.4725
vn 0.7396 0.4943 0.4568
vn 0.7449 0.4295 0.5106
vn 0.7536 0.4613 0.4684
vn 0.7577 0.3537 0.5484
vn 0.7797 0.3960 0.4850
vn 0.7309 0.3015 0.6123
vn 0.7631 0.3479 0.5446
vn 0.7049 0.2989 0.6433
vn 0.7146 0.3268 0.6185
vn 0.6776 0.3955 0.6200
vn 0.6747 0.3735 0.6366
vn 0.6507 0.4980 0.5732
vn 0.6485 0.4706 0.5983
vn 0.6233 0.5481 0.5577
vn 0.6244 0.5533 0.5513
vn 0.5855 -0.6387 0.4993
vn 0.6186 -0.6197 0.4830
vn 0.5992 -0.6132 0.5148
vn 0.6418 -0.5865 0.4941
vn 0.6446 -0.5536 0.5273
vn 0.6867 -0.5228 0.5052
vn 0.6864 -0.4917 0.5358
vn 0.7102 -0.4735 0.5210
vn 0.7321 -0.4142 0.5408
vn 0.7537 -0.3946 0.5256
vn 0.7689 -0.3338 0.5452
vn 0.7802 -0.3217 0.5364
vn 0.8007 -0.2436 0.5473
vn 0.8072 -0.2360 0.5411
vn 0.8285 -0.1368 0.5430
vn 0.8324 -0.1312 0.5384
vn 0.8450 -0.0278 0.5341
vn 0.8438 -0.0300 0.5359
vn 0.8524 0.0874 0.5155
vn 0.8451 0.0658 0.5306
vn 0.8479 0.2919 0.4425
vn 0.8406 0.1877 0.5081
vn 0.7970 0.4581 0.3936
vn 0.8025 0.4272 0.4165
vn 0.7898 0.4241 0.4431
vn 0.7916 0.4677 0.3933
vn 0.7694 0.3839 0.5105
vn 0.7976 0.4125 0.4402
vn 0.7740 0.3058 0.5544
vn 0.7999 0.3409 0.4939
vn 0.7688 0.2686 0.5803
vn 0.7808 0.2939 0.5513
vn 0.7576 0.3183 0.5698
vn 0.7557 0.3077 0.5781
vn 0.7300 0.4558 0.5093
vn 0.7310 0.4099 0.5455
vn 0.6980 0.5249 0.4871
vn 0.6982 0.5237 0.4881
vn 0.6733 0.5363 0.5090
vn 0.6687 0.5725 0.4744
vn 0.6089 -0.6563 0.4455
vn 0.6343 -0.6410 0.4322
vn 0.6346 -0.6240 0.4560
vn 0.6606 -0.6059 0.4433
vn 0.6833 -0.5637 0.4640
vn 0.7062 -0.5456 0.4513
vn 0.7251 -0.5004 0.4731
vn 0.7435 -0.4843 0.4612
vn 0.7706 -0.4212 0.4784
vn 0.7833 -0.4087 0.4684
vn 0.8153 -0.3303 0.4755
vn 0.8172 -0.3281 0.4738
vn 0.8501 -0.2350 0.4713
vn 0.8472 -0.2391 0.4744
vn 0.8754 -0.1282 0.4661
vn 0.8729 -0.1326 0.4695
vn 0.8915 -0.0144 0.4529
vn 0.8867 -0.0251 0.4616
vn 0.9016 0.1405 0.4091
vn 0.8912 0.0942 0.4438
vn 0.8633 0.3874 0.3236
vn 0.8722 0.3034 0.3836
vn 0.8358 0.4278 0.3442
vn 0.8279 0.4621 0.3179
vn 0.8485 0.3653 0.3828
vn 0.8457 0.4114 0.3401
vn 0.8372 0.3007 0.4568
vn 0.8567 0.3531 0.3761
vn 0.8261 0.2448 0.5076
vn 0.8428 0.2901 0.4534
vn 0.8204 0.2736 0.5020
vn 0.8189 0.2651 0.5091
vn 0.7988 0.3958 0.4530
vn 0.8018 0.3357 0.4943
vn 0.7612 0.4969 0.4167
vn 0.7663 0.4719 0.4360
vn 0.7363 0.5232 0.4291
vn 0.7270 0.5572 0.4013
vn 0.7143 0.5527 0.4293
vn 0.7032 0.5905 0.3960
vn 0.6272 -0.6738 0.3906
vn 0.6448 -0.6625 0.3812
vn 0.6728 -0.6257 0.3946
vn 0.6838 -0.6173 0.3890
vn 0.7178 -0.5699 0.4000
vn 0.7321 -0.5577 0.3911
vn 0.7642 -0.5020 0.4049
vn 0.7738 -0.4927 0.3982
vn 0.8103 -0.4218 0.4069
vn 0.8144 -0.4172 0.4033
vn 0.8540 -0.3282 0.4037
vn 0.8552 -0.3267 0.4024
vn 0.8904 -0.2242 0.3962
vn 0.8866 -0.2305 0.4010
vn 0.9166 -0.1106 0.3843
vn 0.9103 -0.1244 0.3948
vn 0.9334 0.0202 0.3582
vn 0.9242 -0.0108 0.3817
vn 0.9294 0.2240 0.2934
vn 0.9255 0.1470 0.3490
vn 0.8772 0.4080 0.2532
vn 0.8804 0.3919 0.2670
vn 0.8762 0.3857 0.2890
vn 0.8702 0.4224 0.2536
vn 0.8960 0.2831 0.3420
vn 0.8949 0.3501 0.2768
vn 0.8857 0.2111 0.4135
vn 0.8980 0.2786 0.3406
vn 0.8727 0.2104 0.4405
vn 0.8780 0.2361 0.4165
vn 0.8592 0.3151 0.4031
vn 0.8575 0.2770 0.4335
vn 0.8182 0.4545 0.3522
vn 0.8246 0.4215 0.3772
vn 0.7876 0.5145 0.3391
vn 0.7842 0.5249 0.3309
vn 0.7397 0.6097 0.2849
vn 0.7477 0.5924 0.3001
vn 0.6106 0.7835 0.1151
vn 0.6780 0.7046 0.2095
vn 0.6495 -0.6849 0.3301
vn 0.6580 -0.6792 0.3253
vn 0.7044 -0.6279 0.3309
vn 0.7164 -0.6180 0.3237
vn 0.7473 -0.5741 0.3346
vn 0.7574 -0.5648 0.3276
vn 0.7998 -0.4993 0.3331
vn 0.8036 -0.4953 0.3301
vn 0.8478 -0.4158 0.3291
vn 0.8465 -0.4175 0.3304
vn 0.8898 -0.3220 0.3235
vn 0.8872 -0.3258 0.3267
vn 0.9272 -0.2099 0.3103
vn 0.9216 -0.2209 0.3192
vn 0.9547 -0.0819 0.2861
vn 0.9459 -0.1076 0.3062
vn 0.9684 0.0914 0.2320
vn 0.9591 0.0249 0.2818
vn 0.9350 0.3130 0.1669
vn 0.9468 0.2322 0.2228
vn 0.9076 0.3724 0.1938
vn 0.8995 0.4053 0.1633
vn 0.9101 0.3172 0.2665
vn 0.9080 0.3714 0.1937
vn 0.9209 0.2123 0.3269
vn 0.9261 0.2745 0.2590
vn 0.9180 0.1667 0.3597
vn 0.9232 0.2035 0.3259
vn 0.9094 0.2312 0.3457
vn 0.9086 0.2117 0.3602
vn 0.8749 0.3895 0.2879
vn 0.8846 0.3260 0.3333
vn 0.8212 0.5205 0.2340
vn 0.8344 0.4851 0.2618
vn 0.7404 0.6569 0.1426
vn 0.7869 0.5814 0.2066
vn 0.6369 0.7691 0.0539
vn 0.6850 0.7215 0.1010
vn 0.5718 0.8202 0.0191
vn 0.5606 0.8280 0.0101
vn 0.6787 -0.6852 0.2643
vn 0.6763 -0.6871 0.2657
vn 0.7289 -0.6311 0.2652
vn 0.7379 -0.6232 0.2592
vn 0.7778 -0.5705 0.2637
vn 0.7791 -0.5692 0.2627
vn 0.8275 -0.4967 0.2617
vn 0.8286 -0.4955 0.2607
vn 0.8783 -0.4057 0.2531
vn 0.8737 -0.4122 0.2582
vn 0.9221 -0.3041 0.2393
vn 0.9138 -0.3192 0.2512
vn 0.9581 -0.1852 0.2185
vn 0.9488 -0.2087 0.2373
vn 0.9834 -0.0308 0.1786
vn 0.9730 -0.0794 0.2165
vn 0.9759 0.1934 0.1007
vn 0.9800 0.0950 0.1747
vn 0.9377 0.3379 0.0808
vn 0.9433 0.3181 0.0952
vn 0.9420 0.3072 0.1349
vn 0.9270 0.3658 0.0827
vn 0.9527 0.2196 0.2104
vn 0.9455 0.2974 0.1323
vn 0.9536 0.1383 0.2675
vn 0.9571 0.2022 0.2077
vn 0.9479 0.1503 0.2808
vn 0.9490 0.1651 0.2687
vn 0.9272 0.2885 0.2388
vn 0.9317 0.2393 0.2733
vn 0.8590 0.4871 0.1577
vn 0.8873 0.4085 0.2139
vn 0.7612 0.6445 0.0719
vn 0.8158 0.5627 0.1336
vn 0.6741 0.7383 0.0203
vn 0.7147 0.6975 0.0510
vn 0.6194 0.7851 0.0056
vn 0.6192 0.7852 0.0055
vn 0.5773 0.8166 0.0032
vn 0.5675 0.8234 -0.0011
vn 0.7051 -0.6815 0.1961
vn 0.7015 -0.6845 0.1983
vn 0.7496 -0.6321 0.1965
vn 0.7533 -0.6285 0.1937
vn 0.8047 -0.5624 0.1904
vn 0.8013 -0.5662 0.1933
vn 0.8548 -0.4857 0.1827
vn 0.8490 -0.4935 0.1887
vn 0.9025 -0.3945 0.1730
vn 0.8971 -0.4034 0.1801
vn 0.9448 -0.2871 0.1577
vn 0.9380 -0.3020 0.1699
vn 0.9786 -0.1570 0.1330
vn 0.9706 -0.1841 0.1551
vn 0.9959 0.0254 0.0870
vn 0.9911 -0.0291 0.1300
vn 0.9633 0.2673 0.0222
vn 0.9777 0.1945 0.0793
vn 0.9447 0.3268 0.0278
vn 0.9410 0.3380 0.0179
vn 0.9662 0.2392 0.0963
vn 0.9552 0.2946 0.0273
vn 0.9760 0.1369 0.1694
vn 0.9733 0.2092 0.0941
vn 0.9742 0.0947 0.2051
vn 0.9762 0.1354 0.1694
vn 0.9666 0.1631 0.1975
vn 0.9668 0.1532 0.2046
vn 0.9192 0.3706 0.1332
vn 0.9372 0.2983 0.1808
vn 0.8144 0.5782 0.0499
vn 0.8592 0.5009 0.1038
vn 0.7270 0.6866 0.0112
vn 0.7541 0.6560 0.0317
vn 0.6684 0.7438 0.0013
vn 0.6716 0.7409 0.0031
vn 0.6200 0.7846 -0.0008
vn 0.6187 0.7856 -0.0013
vn 0.5787 0.8155 0.0005
vn 0.5771 0.8167 -0.0000
vn 0.7243 -0.6777 0.1269
vn 0.7212 -0.6806 0.1289
vn 0.7714 -0.6246 0.1219
vn 0.7670 -0.6293 0.1253
vn 0.8242 -0.5545 0.1150
vn 0.8204 -0.5594 0.1188
vn 0.8770 -0.4694 0.1027
vn 0.8684 -0.4828 0.1130
vn 0.9240 -0.3727 0.0862
vn 0.9141 -0.3924 0.1016
vn 0.9633 -0.2604 0.0653
vn 0.9546 -0.2856 0.0853
vn 0.9931 -0.1136 0.0298
vn 0.9857 -0.1558 0.0638
vn 0.9931 0.1100 -0.0393
vn 0.9993 0.0277 0.0252
vn 0.9527 0.2966 -0.0668
vn 0.9616 0.2704 -0.0464
vn 0.9611 0.2751 -0.0235
vn 0.9437 0.3242 -0.0663
vn 0.9883 0.1444 0.0496
vn 0.9739 0.2245 -0.0322
vn 0.9919 0.0632 0.1102
vn 0.9904 0.1298 0.0483
vn 0.9890 0.0706 0.1297
vn 0.9894 0.0934 0.1112
vn 0.9731 0.2044 0.1059
vn 0.9773 0.1685 0.1282
vn 0.8894 0.4546 0.0486
vn 0.9214 0.3777 0.0918
vn 0.7848 0.6197 0.0103
vn 0.8137 0.5803 0.0345
vn 0.7199 0.6941 0.0013
vn 0.7266 0.6871 0.0055
vn 0.6686 0.7436 -0.0002
vn 0.6683 0.7439 -0.0003
vn 0.6204 0.7843 -0.0006
vn 0.5789 0.8154 -0.0000
vn 0.5787 0.8155 -0.0001
vn 0.7376 -0.6731 0.0533
vn 0.7340 -0.6768 0.0562
vn 0.7879 -0.6141 0.0455
vn 0.7817 -0.6215 0.0510
vn 0.8410 -0.5400 0.0339
vn 0.8325 -0.5523 0.0435
vn 0.8902 -0.4551 0.0209
vn 0.8837 -0.4671 0.0304
vn 0.9356 -0.3531 0.0041
vn 0.9285 -0.3710 0.0183
vn 0.9723 -0.2330 -0.0180
vn 0.9658 -0.2591 0.0027
vn 0.9962 -0.0667 -0.0559
vn 0.9935 -0.1123 -0.0201
vn 0.9744 0.1881 -0.1230
vn 0.9918 0.1111 -0.0632
vn 0.9495 0.2897 -0.1203
vn 0.9463 0.2973 -0.1268
vn 0.9795 0.1963 -0.0456
vn 0.9560 0.2671 -0.1213
vn 0.9974 0.0714 0.0137
vn 0.9892 0.1376 -0.0513
vn 0.9987 0.0223 0.0466
vn 0.9981 0.0601 0.0132
vn 0.9968 0.0538 0.0593
vn 0.9965 0.0693 0.0473
vn 0.9725 0.2289 0.0433
vn 0.9766 0.2075 0.0557
vn 0.8707 0.4917 0.0106
vn 0.8892 0.4565 0.0296
vn 0.7779 0.6284 0.0011
vn 0.7847 0.6199 0.0062
vn 0.7197 0.6943 0.0002
vn 0.7199 0.6941 0.0004
vn 0.6695 0.7428 -0.0001
vn 0.6686 0.7436 -0.0005
vn 0.6212 0.7837 -0.0002
vn 0.5794 0.8151 -0.0001
vn 0.5789 0.8154 -0.0002
vn 0.7488 -0.6622 -0.0279
vn 0.7402 -0.6720 -0.0206
vn 0.7972 -0.6025 -0.0385
vn 0.7900 -0.6123 -0.0310
vn 0.8501 -0.5241 -0.0522
vn 0.8424 -0.5372 -0.0421
vn 0.8974 -0.4358 -0.0682
vn 0.8899 -0.4529 -0.0548
vn 0.9393 -0.3319 -0.0867
vn 0.9334 -0.3518 -0.0706
vn 0.9728 -0.2022 -0.1130
vn 0.9687 -0.2314 -0.0897
vn 0.9866 -0.0064 -0.1628
vn 0.9909 -0.0642 -0.1187
vn 0.9511 0.2309 -0.2052
vn 0.9662 0.1906 -0.1737
vn 0.9531 0.2502 -0.1706
vn 0.9354 0.2886 -0.2045
vn 0.9895 0.1002 -0.1043
vn 0.9660 0.1835 -0.1820
vn 0.9986 0.0028 -0.0525
vn 0.9921 0.0647 -0.1077
vn 0.9996 -0.0130 -0.0245
vn 0.9985 0.0192 -0.0518
vn 0.9995 0.0319 -0.0081
vn 0.9984 0.0522 -0.0228
vn 0.9754 0.2206 -0.0009
vn 0.9733 0.2294 -0.0056
vn 0.8719 0.4897 0.0008
vn 0.8707 0.4919 -0.0004
vn 0.7786 0.6275 0.0010
vn 0.7779 0.6284 0.0005
vn 0.7213 0.6927 0.0011
vn 0.6704 0.7420 -0.0000
vn 0.6695 0.7428 -0.0005
vn 0.6225 0.7826 -0.0002
vn 0.6212 0.7837 -0.0008
vn 0.5803 0.8144 -0.0001
vn 0.5794 0.8151 -0.0004
vn 0.7521 -0.6499 -0.1098
vn 0.7456 -0.6583 -0.1036
vn 0.8011 -0.5856 -0.1242
vn 0.7915 -0.6006 -0.1127
vn 0.8500 -0.5084 -0.1382
vn 0.8431 -0.5224 -0.1271
vn 0.8968 -0.4136 -0.1570
vn 0.8901 -0.4335 -0.1410
vn 0.9355 -0.3045 -0.1793
vn 0.9304 -0.3303 -0.1589
vn 0.9639 -0.1541 -0.2172
vn 0.9627 -0.1999 -0.1825
vn 0.9561 0.0832 -0.2812
vn 0.9751 -0.0028 -0.2218
vn 0.9358 0.2223 -0.2736
vn 0.9312 0.2319 -0.2813
vn 0.9649 0.1760 -0.1951
vn 0.9312 0.2413 -0.2731
vn 0.9885 0.0344 -0.1471
vn 0.9744 0.0928 -0.2046
vn 0.9925 -0.0376 -0.1160
vn 0.9888 -0.0000 -0.1495
vn 0.9948 -0.0405 -0.0936
vn 0.9932 -0.0151 -0.1151
vn 0.9973 0.0042 -0.0738
vn 0.9954 0.0288 -0.0912
vn 0.9828 0.1792 -0.0457
vn 0.9739 0.2175 -0.0643
vn 0.8944 0.4472 -0.0070
vn 0.8721 0.4887 -0.0259
vn 0.7854 0.6190 0.0025
vn 0.7786 0.6275 -0.0021
vn 0.7220 0.6919 0.0009
vn 0.7213 0.6927 0.0005
vn 0.6716 0.7409 0.0001
vn 0.6704 0.7420 -0.0005
vn 0.6234 0.7819 -0.0001
vn 0.6225 0.7826 -0.0006
vn 0.5809 0.8140 -0.0001
vn 0.5803 0.8144 -0.0003
vn 0.7467 -0.6367 -0.1925
vn 0.7412 -0.6449 -0.1865
vn 0.7980 -0.5647 -0.2107
vn 0.7880 -0.5836 -0.1960
vn 0.8447 -0.4837 -0.2293
vn 0.8359 -0.5064 -0.2119
vn 0.8865 -0.3906 -0.2479
vn 0.8813 -0.4126 -0.2303
vn 0.9208 -0.2861 -0.2651
vn 0.9191 -0.3032 -0.2514
vn 0.9481 -0.1274 -0.2913
vn 0.9501 -0.1516 -0.2727
vn 0.9291 0.1339 -0.3448
vn 0.9471 0.0855 -0.3092
vn 0.9290 0.1892 -0.3179
vn 0.9106 0.2229 -0.3481
vn 0.9625 0.1106 -0.2475
vn 0.9337 0.1619 -0.3193
vn 0.9772 -0.0112 -0.2118
vn 0.9672 0.0269 -0.2526
vn 0.9797 -0.0671 -0.1890
vn 0.9761 -0.0408 -0.2133
vn 0.9837 -0.0693 -0.1661
vn 0.9812 -0.0438 -0.1880
vn 0.9897 -0.0333 -0.1396
vn 0.9866 -0.0009 -0.1630
vn 0.9877 0.1199 -0.1004
vn 0.9773 0.1711 -0.1253
vn 0.9291 0.3677 -0.0399
vn 0.8953 0.4404 -0.0670
vn 0.8040 0.5947 -0.0032
vn 0.7858 0.6184 -0.0129
vn 0.7214 0.6925 0.0010
vn 0.7220 0.6919 0.0013
vn 0.6698 0.7426 0.0005
vn 0.6716 0.7409 0.0014
vn 0.6229 0.7823 -0.0000
vn 0.6234 0.7819 0.0002
vn 0.5812 0.8138 -0.0001
vn 0.5809 0.8140 -0.0002
vn 0.7408 -0.6115 -0.2781
vn 0.7302 -0.6293 -0.2660
vn 0.7867 -0.5414 -0.2968
vn 0.7777 -0.5628 -0.2801
vn 0.8302 -0.4581 -0.3176
vn 0.8239 -0.4810 -0.2999
vn 0.8670 -0.3674 -0.3366
vn 0.8636 -0.3903 -0.3193
vn 0.8973 -0.2667 -0.3518
vn 0.8969 -0.2840 -0.3390
vn 0.9189 -0.0845 -0.3854
vn 0.9250 -0.1219 -0.3599
vn 0.9046 0.1379 -0.4034
vn 0.9043 0.1384 -0.4037
vn 0.9201 0.1459 -0.3634
vn 0.8979 0.1873 -0.3984
vn 0.9501 0.0249 -0.3109
vn 0.9206 0.0934 -0.3791
vn 0.9593 -0.0670 -0.2745
vn 0.9483 -0.0196 -0.3168
vn 0.9623 -0.0944 -0.2549
vn 0.9589 -0.0718 -0.2747
vn 0.9673 -0.0957 -0.2350
vn 0.9644 -0.0732 -0.2542
vn 0.9753 -0.0701 -0.2094
vn 0.9719 -0.0393 -0.2320
vn 0.9857 0.0456 -0.1624
vn 0.9758 0.1061 -0.1914
vn 0.9629 0.2555 -0.0871
vn 0.9294 0.3502 -0.1166
vn 0.8432 0.5374 -0.0141
vn 0.8059 0.5914 -0.0278
vn 0.7207 0.6933 0.0008
vn 0.7214 0.6925 0.0011
vn 0.6662 0.7458 0.0006
vn 0.6698 0.7426 0.0023
vn 0.6218 0.7831 -0.0000
vn 0.6229 0.7823 0.0005
vn 0.5814 0.8136 -0.0000
vn 0.7256 -0.5847 -0.3628
vn 0.7176 -0.6014 -0.3512
vn 0.7682 -0.5129 -0.3831
vn 0.7596 -0.5392 -0.3636
vn 0.8061 -0.4337 -0.4027
vn 0.8022 -0.4567 -0.3846
vn 0.8375 -0.3513 -0.4187
vn 0.8369 -0.3661 -0.4070
vn 0.8656 -0.2592 -0.4284
vn 0.8658 -0.2618 -0.4265
vn 0.8940 -0.0878 -0.4393
vn 0.8915 -0.0768 -0.4464
vn 0.9269 0.0566 -0.3711
vn 0.8849 0.1361 -0.4454
vn 0.9490 0.0941 -0.3010
vn 0.9245 0.1473 -0.3516
vn 0.9619 -0.0327 -0.2714
vn 0.9482 0.0239 -0.3168
vn 0.9620 -0.0856 -0.2594
vn 0.9596 -0.0669 -0.2734
vn 0.9604 -0.0882 -0.2643
vn 0.9612 -0.0945 -0.2593
vn 0.9594 -0.0940 -0.2660
vn 0.9597 -0.0962 -0.2642
vn 0.9625 -0.0840 -0.2580
vn 0.9613 -0.0734 -0.2656
vn 0.9756 -0.0368 -0.2165
vn 0.9682 0.0297 -0.2486
vn 0.9867 0.0904 -0.1353
vn 0.9599 0.2236 -0.1693
vn 0.8996 0.4347 -0.0416
vn 0.8492 0.5257 -0.0493
vn 0.7206 0.6933 -0.0010
vn 0.7208 0.6931 -0.0009
vn 0.6602 0.7511 0.0009
vn 0.6662 0.7458 0.0033
vn 0.6194 0.7851 0.0002
vn 0.6218 0.7831 0.0014
vn 0.5814 0.8136 0.0002
vn 0.7022 -0.5571 -0.4432
vn 0.6951 -0.5758 -0.4305
vn 0.7406 -0.4844 -0.4656
vn 0.7353 -0.5109 -0.4453
vn 0.7728 -0.4071 -0.4870
vn 0.7709 -0.4327 -0.4674
vn 0.7999 -0.3319 -0.5001
vn 0.8002 -0.3484 -0.4882
vn 0.8268 -0.2617 -0.4979
vn 0.8259 -0.2524 -0.5042
vn 0.8727 -0.1601 -0.4613
vn 0.8532 -0.0861 -0.5144
vn 0.9474 -0.0451 -0.3169
vn 0.9033 0.0430 -0.4268
vn 0.9821 -0.0014 -0.1883
vn 0.9643 0.1056 -0.2430
vn 0.9835 -0.0821 -0.1613
vn 0.9812 -0.0153 -0.1923
vn 0.9827 -0.0625 -0.1746
vn 0.9834 -0.0831 -0.1613
vn 0.9771 -0.0455 -0.2077
vn 0.9807 -0.0900 -0.1734
vn 0.9711 -0.0637 -0.2298
vn 0.9740 -0.0952 -0.2054
vn 0.9690 -0.0753 -0.2352
vn 0.9697 -0.0837 -0.2294
vn 0.9731 -0.0624 -0.2218
vn 0.9714 -0.0392 -0.2340
vn 0.9813 0.0007 -0.1927
vn 0.9774 0.0505 -0.2053
vn 0.9545 0.2767 -0.1110
vn 0.9120 0.3962 -0.1062
vn 0.7334 0.6797 -0.0080
vn 0.7216 0.6923 -0.0086
vn 0.6498 0.7601 0.0013
vn 0.6601 0.7512 0.0040
vn 0.6147 0.7887 0.0004
vn 0.6193 0.7851 0.0024
vn 0.5804 0.8143 0.0003
vn 0.5814 0.8136 0.0006
vn 0.6742 -0.5253 -0.5192
vn 0.6674 -0.5480 -0.5042
vn 0.7080 -0.4553 -0.5399
vn 0.7050 -0.4829 -0.5194
vn 0.7344 -0.3849 -0.5590
vn 0.7357 -0.4068 -0.5416
vn 0.7567 -0.3186 -0.5709
vn 0.7581 -0.3283 -0.5634
vn 0.7767 -0.2579 -0.5746
vn 0.7761 -0.2546 -0.5769
vn 0.8104 -0.2123 -0.5461
vn 0.7936 -0.1891 -0.5783
vn 0.9037 -0.1430 -0.4037
vn 0.8419 -0.1410 -0.5208
vn 0.9670 -0.1169 -0.2262
vn 0.9329 -0.0544 -0.3561
vn 0.9766 -0.1358 -0.1670
vn 0.9716 -0.0914 -0.2183
vn 0.9845 -0.0564 -0.1663
vn 0.9856 -0.0626 -0.1574
vn 0.9854 -0.0470 -0.1637
vn 0.9852 -0.0462 -0.1648
vn 0.9849 -0.0715 -0.1577
vn 0.9840 -0.0640 -0.1666
vn 0.9843 -0.0821 -0.1564
vn 0.9841 -0.0793 -0.1587
vn 0.9856 -0.0562 -0.1592
vn 0.9858 -0.0625 -0.1557
vn 0.9887 -0.0102 -0.1498
vn 0.9875 0.0137 -0.1570
vn 0.9891 0.0905 -0.1161
vn 0.9553 0.2711 -0.1178
vn 0.8341 0.5509 -0.0264
vn 0.7389 0.6735 -0.0208
vn 0.6398 0.7685 0.0013
vn 0.6495 0.7603 0.0027
vn 0.6101 0.7923 0.0004
vn 0.6147 0.7888 0.0022
vn 0.5794 0.8150 0.0003
vn 0.5804 0.8143 0.0006
vn 0.6394 -0.4959 -0.5876
vn 0.6362 -0.5156 -0.5740
vn 0.6680 -0.4274 -0.6092
vn 0.6687 -0.4532 -0.5895
vn 0.6911 -0.3597 -0.6268
vn 0.6939 -0.3834 -0.6095
vn 0.7091 -0.3046 -0.6359
vn 0.7110 -0.3142 -0.6291
vn 0.7233 -0.2493 -0.6440
vn 0.7243 -0.2526 -0.6415
vn 0.7358 -0.2367 -0.6345
vn 0.7319 -0.2334 -0.6401
vn 0.7573 -0.2455 -0.6052
vn 0.7320 -0.2399 -0.6377
vn 0.8198 -0.2404 -0.5197
vn 0.7869 -0.2149 -0.5784
vn 0.8573 -0.1658 -0.4875
vn 0.8568 -0.1654 -0.4885
vn 0.9127 -0.0930 -0.3978
vn 0.8915 -0.0798 -0.4459
vn 0.9503 -0.1091 -0.2916
vn 0.9164 -0.0842 -0.3912
vn 0.9708 -0.1404 -0.1945
vn 0.9514 -0.1058 -0.2891
vn 0.9859 -0.1142 -0.1226
vn 0.9842 -0.0822 -0.1566
vn 0.9944 -0.0674 -0.0819
vn 0.9945 -0.0443 -0.0946
vn 0.9979 -0.0200 -0.0616
vn 0.9976 0.0042 -0.0697
vn 0.9982 0.0386 -0.0454
vn 0.9923 0.1123 -0.0515
vn 0.8857 0.4641 -0.0133
vn 0.8311 0.5560 -0.0147
vn 0.6332 0.7740 0.0004
vn 0.6398 0.7685 0.0014
vn 0.6087 0.7934 0.0001
vn 0.6101 0.7923 0.0007
vn 0.5796 0.8149 0.0002
vn 0.5794 0.8150 0.0001
vn 0.6090 -0.4598 -0.6463
vn 0.6053 -0.4873 -0.6294
vn 0.6287 -0.4032 -0.6650
vn 0.6323 -0.4263 -0.6469
vn 0.6478 -0.3472 -0.6781
vn 0.6511 -0.3593 -0.6686
vn 0.6660 -0.2972 -0.6842
vn 0.6666 -0.2993 -0.6827
vn 0.6815 -0.2537 -0.6865
vn 0.6768 -0.2492 -0.6927
vn 0.6951 -0.2472 -0.6751
vn 0.6852 -0.2452 -0.6858
vn 0.6855 -0.2692 -0.6765
vn 0.6764 -0.2664 -0.6867
vn 0.6943 -0.2568 -0.6723
vn 0.6941 -0.2565 -0.6727
vn 0.7400 -0.1865 -0.6462
vn 0.7294 -0.1748 -0.6614
vn 0.8207 -0.1704 -0.5453
vn 0.7671 -0.1356 -0.6270
vn 0.8677 -0.2303 -0.4406
vn 0.8134 -0.1832 -0.5521
vn 0.8843 -0.2972 -0.3601
vn 0.8611 -0.2414 -0.4475
vn 0.9194 -0.2971 -0.2577
vn 0.9262 -0.2213 -0.3053
vn 0.9782 -0.1768 -0.1090
vn 0.9873 -0.0941 -0.1279
vn 0.9967 -0.0734 -0.0350
vn 0.9988 -0.0150 -0.0462
vn 0.9998 -0.0121 -0.0173
vn 0.9988 0.0438 -0.0223
vn 0.8890 0.4578 -0.0061
vn 0.8852 0.4651 -0.0066
vn 0.6360 0.7717 -0.0013
vn 0.6333 0.7739 -0.0019
vn 0.6092 0.7930 -0.0008
vn 0.6087 0.7934 -0.0011
vn 0.5803 0.8144 -0.0004
vn 0.5796 0.8149 -0.0008
vn 0.5716 -0.4342 -0.6963
vn 0.5719 -0.4510 -0.6853
vn 0.5890 -0.3781 -0.7142
vn 0.5938 -0.4018 -0.6972
vn 0.6044 -0.3395 -0.7208
vn 0.6063 -0.3455 -0.7162
vn 0.6186 -0.2798 -0.7342
vn 0.6214 -0.2873 -0.7289
vn 0.6397 -0.2593 -0.7236
vn 0.6291 -0.2517 -0.7354
vn 0.6676 -0.2557 -0.6992
vn 0.6464 -0.2519 -0.7202
vn 0.6580 -0.2764 -0.7005
vn 0.6526 -0.2746 -0.7062
vn 0.6449 -0.2457 -0.7237
vn 0.6680 -0.2598 -0.6973
vn 0.7091 -0.2022 -0.6755
vn 0.6862 -0.1966 -0.7003
vn 0.8404 -0.2236 -0.4936
vn 0.6859 -0.2201 -0.6936
vn 0.8900 -0.2725 -0.3654
vn 0.7954 -0.2690 -0.5432
vn 0.8557 -0.3573 -0.3742
vn 0.8566 -0.3157 -0.4081
vn 0.8207 -0.4353 -0.3702
vn 0.8433 -0.3746 -0.3853
vn 0.8300 -0.4632 -0.3108
vn 0.8669 -0.3653 -0.3392
vn 0.8876 -0.4335 -0.1557
vn 0.9544 -0.1779 -0.2398
vn 0.9224 -0.3822 -0.0558
vn 0.9876 -0.0188 -0.1560
vn 0.9665 0.2512 -0.0528
vn 0.8779 0.4683 -0.1000
vn 0.6626 0.7487 -0.0213
vn 0.6348 0.7715 -0.0428
vn 0.6111 0.7914 -0.0115
vn 0.6091 0.7930 -0.0159
vn 0.5806 0.8141 -0.0085
vn 0.5802 0.8144 -0.0091
vn 0.5335 -0.4129 -0.7381
vn 0.5382 -0.4270 -0.7267
vn 0.5457 -0.3616 -0.7559
vn 0.5528 -0.3765 -0.7435
vn 0.5575 -0.3207 -0.7657
vn 0.5608 -0.3320 -0.7585
vn 0.5714 -0.2659 -0.7764
vn 0.5743 -0.2710 -0.7725
vn 0.5858 -0.2599 -0.7676
vn 0.5791 -0.2563 -0.7739
vn 0.6053 -0.2625 -0.7514
vn 0.5884 -0.2588 -0.7661
vn 0.5770 -0.2764 -0.7686
vn 0.5795 -0.2772 -0.7664
vn 0.5779 -0.2440 -0.7788
vn 0.5978 -0.2478 -0.7624
vn 0.6628 -0.2214 -0.7154
vn 0.5904 -0.2302 -0.7736
vn 0.7829 -0.2928 -0.5489
vn 0.4142 -0.3639 -0.8343
vn 0.9003 -0.2933 -0.3215
vn 0.5526 -0.4470 -0.7034
vn 0.8576 -0.3620 -0.3654
vn 0.8501 -0.3620 -0.3825
vn 0.7973 -0.4425 -0.4105
vn 0.7960 -0.4488 -0.4062
vn 0.7759 -0.4741 -0.4162
vn 0.7724 -0.4867 -0.4081
vn 0.7952 -0.4587 -0.3965
vn 0.8127 -0.3558 -0.4614
vn 0.8532 -0.1808 -0.4892
vn 0.8080 0.0560 -0.5865
vn 0.7069 0.4177 -0.5708
vn 0.6509 0.4818 -0.5867
vn 0.6269 0.6821 -0.3765
vn 0.5784 0.6945 -0.4279
vn 0.5998 0.7759 -0.1956
vn 0.5966 0.7752 -0.2075
vn 0.5680 0.8094 -0.1492
vn 0.5765 0.8092 -0.1134
vn -0.6354 -0.5352 0.5566
vn -0.6197 -0.5280 0.5807
vn -0.6559 -0.4920 0.5724
vn -0.6546 -0.4908 0.5750
vn -0.6747 -0.4546 0.5815
vn -0.6695 -0.4485 0.5922
vn -0.7034 -0.3926 0.5926
vn -0.6973 -0.3852 0.6044
vn -0.7224 -0.3396 0.6023
vn -0.7165 -0.3327 0.6132
vn -0.7499 -0.2664 0.6056
vn -0.7419 -0.2574 0.6192
vn -0.7646 -0.1974 0.6136
vn -0.7594 -0.1918 0.6217
vn -0.7809 -0.1168 0.6137
vn -0.7765 -0.1124 0.6200
vn -0.7901 -0.0340 0.6120
vn -0.7861 -0.0299 0.6174
vn -0.7874 0.0467 0.6147
vn -0.7878 0.0463 0.6142
vn -0.7812 0.1231 0.6120
vn -0.7874 0.1169 0.6053
vn -0.7710 0.1620 0.6158
vn -0.7810 0.1445 0.6075
vn -0.7629 0.2969 0.5743
vn -0.7671 0.2845 0.5751
vn -0.7333 0.4471 0.5122
vn -0.7384 0.4410 0.5102
vn -0.7315 0.4315 0.5279
vn -0.7404 0.4261 0.5199
vn -0.6948 0.4280 0.5780
vn -0.7438 0.4057 0.5313
vn -0.7014 0.3759 0.6055
vn -0.7171 0.3679 0.5919
vn -0.6949 0.3512 0.6275
vn -0.7074 0.3420 0.6186
vn -0.6726 0.3838 0.6327
vn -0.6926 0.3642 0.6227
vn -0.6579 0.4563 0.5992
vn -0.6671 0.4459 0.5967
vn 0.4882 -0.4183 -0.7660
vn 0.4796 -0.4115 -0.7751
vn 0.5050 -0.3686 -0.7804
vn 0.4974 -0.3611 -0.7888
vn 0.5306 -0.3403 -0.7763
vn 0.5150 -0.3093 -0.7994
vn 0.5393 -0.2707 -0.7974
vn 0.5224 -0.2580 -0.8127
vn 0.5209 -0.2531 -0.8152
vn 0.5261 -0.2545 -0.8115
vn 0.4549 -0.2424 -0.8569
vn 0.5314 -0.2577 -0.8069
vn 0.4167 -0.2423 -0.8762
vn 0.4994 -0.2656 -0.8247
vn 0.4444 -0.2493 -0.8604
vn 0.4187 -0.2445 -0.8746
vn 0.4702 -0.2678 -0.8409
vn 0.4474 -0.2692 -0.8529
vn 0.5049 -0.4036 -0.7630
vn 0.4132 -0.4103 -0.8130
vn 0.7129 -0.4588 -0.5304
vn 0.3984 -0.5405 -0.7410
vn 0.7784 -0.4372 -0.4504
vn 0.6999 -0.4719 -0.5362
vn 0.7506 -0.4476 -0.4860
vn 0.7629 -0.4587 -0.4555
vn 0.7524 -0.2681 -0.6016
vn 0.7517 -0.4450 -0.4868
vn 0.6105 0.2956 -0.7348
vn 0.7445 -0.0649 -0.6645
vn 0.4707 0.5217 -0.7115
vn 0.5480 0.4197 -0.7236
vn 0.4395 0.5623 -0.7005
vn 0.4589 0.5425 -0.7036
vn 0.4296 0.5769 -0.6947
vn 0.4391 0.5701 -0.6943
vn 0.3924 0.5724 -0.7199
vn 0.4276 0.5730 -0.6992
vn 0.3649 0.5905 -0.7199
vn 0.3831 0.5569 -0.7369
vn 0.5453 -0.6002 0.5852
vn 0.5820 -0.5772 0.5728
vn 0.5526 -0.5751 0.6032
vn 0.5869 -0.5543 0.5901
vn 0.5829 -0.5238 0.6212
vn 0.6091 -0.5050 0.6115
vn 0.6190 -0.4624 0.6348
vn 0.6363 -0.4509 0.6260
vn 0.6534 -0.3955 0.6455
vn 0.6640 -0.3869 0.6399
vn 0.6823 -0.3190 0.6578
vn 0.6929 -0.3102 0.6509
vn 0.7104 -0.2319 0.6645
vn 0.7162 -0.2262 0.6602
vn 0.7318 -0.1388 0.6673
vn 0.7312 -0.1395 0.6677
vn 0.7450 -0.0441 0.6656
vn 0.7423 -0.0474 0.6684
vn 0.7480 0.0476 0.6620
vn 0.7494 0.0495 0.6602
vn 0.7445 0.1356 0.6537
vn 0.7465 0.1394 0.6506
vn 0.7471 0.2912 0.5975
vn 0.7366 0.2205 0.6393
vn 0.6970 0.4896 0.5239
vn 0.7017 0.4561 0.5474
vn 0.6841 0.4774 0.5515
vn 0.6847 0.5076 0.5230
vn 0.6811 0.4259 0.5956
vn 0.7059 0.4580 0.5404
vn 0.6721 0.3705 0.6411
vn 0.7221 0.3935 0.5691
vn 0.6583 0.3292 0.6770
vn 0.6849 0.3559 0.6358
vn 0.6390 0.3700 0.6743
vn 0.6390 0.3698 0.6745
vn 0.6099 0.4653 0.6415
vn 0.6050 0.4432 0.6614
vn 0.5850 0.5422 0.6032
vn 0.5816 0.5228 0.6232
vn -0.6727 0.5571 0.4870
vn -0.6690 0.5594 0.4894
vn -0.6863 0.5052 0.5231
vn -0.7062 0.4857 0.5152
vn -0.7297 0.3660 0.5776
vn -0.7294 0.3663 0.5777
vn -0.7446 0.3374 0.5760
vn -0.7375 0.3431 0.5816
vn -0.7680 0.3428 0.5410
vn -0.7354 0.3631 0.5721
vn -0.8211 0.3560 0.4461
vn -0.7193 0.4134 0.5583
vn -0.7925 0.4031 0.4576
vn -0.7705 0.4184 0.4809
vn -0.7677 0.4471 0.4591
vn -0.7619 0.4529 0.4630
vn -0.7818 0.3938 0.4834
vn -0.7913 0.3727 0.4847
vn -0.8121 0.1515 0.5635
vn -0.8074 0.1661 0.5662
vn -0.8201 0.1092 0.5618
vn -0.8128 0.1208 0.5698
vn -0.8227 0.0491 0.5663
vn -0.8223 0.0498 0.5669
vn -0.8243 -0.0247 0.5656
vn -0.8236 -0.0236 0.5666
vn -0.8147 -0.1085 0.5696
vn -0.8144 -0.1079 0.5702
vn -0.8005 -0.1832 0.5706
vn -0.8011 -0.1844 0.5695
vn -0.7834 -0.2593 0.5649
vn -0.7812 -0.2531 0.5706
vn -0.7599 -0.3303 0.5598
vn -0.7584 -0.3229 0.5662
vn -0.7370 -0.3912 0.5512
vn -0.7352 -0.3814 0.5604
vn -0.7079 -0.4458 0.5478
vn -0.7076 -0.4401 0.5527
vn -0.6799 -0.4991 0.5372
vn -0.6795 -0.4882 0.5477
s 0
usemtl biotacgreen
f 1//1 2//1 3//1
f 1//2 3//2 4//2
f 5//3 6//3 7//3
f 5//4 7//4 8//4
f 9//5 10//5 11//5
f 9//6 11//6 12//6
f 13//7 14//7 15//7
f 13//8 15//8 16//8
f 17//9 18//9 19//9
f 17//10 19//10 20//10
f 21//11 16//11 15//11
f 21//12 15//12 22//12
f 23//13 24//13 25//13
f 23//14 25//14 26//14
f 26//15 25//15 27//15
f 26//16 27//16 28//16
f 28//17 27//17 29//17
f 28//18 29//18 30//18
f 30//19 29//19 31//19
f 30//20 31//20 32//20
f 32//21 31//21 33//21
f 32//22 33//22 34//22
f 34//23 33//23 35//23
f 34//24 35//24 36//24
f 36//24 35//24 37//24
f 36//25 37//25 38//25
f 38//26 37//26 39//26
f 38//27 39//27 40//27
f 40//28 39//28 41//28
f 40//29 41//29 42//29
f 42//30 41//30 43//30
f 42//31 43//31 44//31
f 44//32 43//32 45//32
f 44//33 45//33 46//33
f 46//34 45//34 47//34
f 46//35 47//35 48//35
f 48//36 47//36 49//36
f 48//37 49//37 50//37
f 50//38 49//38 51//38
f 50//39 51//39 52//39
f 52//40 51//40 53//40
f 52//41 53//41 54//41
f 54//42 53//42 55//42
f 54//43 55//43 56//43
f 56//44 55//44 57//44
f 56//45 57//45 58//45
f 58//46 57//46 59//46
f 58//47 59//47 60//47
f 60//48 59//48 61//48
f 60//49 61//49 62//49
f 62//50 61//50 14//50
f 62//51 14//51 13//51
f 20//52 19//52 63//52
f 20//53 63//53 64//53
f 64//54 63//54 65//54
f 64//55 65//55 66//55
f 66//56 65//56 67//56
f 66//57 67//57 68//57
f 68//58 67//58 69//58
f 68//59 69//59 70//59
f 70//60 69//60 71//60
f 70//61 71//61 72//61
f 72//61 71//61 73//61
f 72//62 73//62 74//62
f 74//62 73//62 75//62
f 74//63 75//63 76//63
f 76//63 75//63 77//63
f 76//64 77//64 78//64
f 78//65 77//65 79//65
f 78//66 79//66 80//66
f 80//67 79//67 81//67
f 80//68 81//68 82//68
f 82//69 81//69 83//69
f 82//70 83//70 84//70
f 84//70 83//70 85//70
f 84//71 85//71 86//71
f 86//72 85//72 87//72
f 86//73 87//73 88//73
f 88//74 87//74 89//74
f 88//75 89//75 90//75
f 90//76 89//76 91//76
f 90//77 91//77 92//77
f 92//78 91//78 93//78
f 92//79 93//79 94//79
f 94//80 93//80 95//80
f 94//81 95//81 96//81
f 96//82 95//82 97//82
f 96//83 97//83 98//83
f 98//84 97//84 99//84
f 98//85 99//85 100//85
f 100//86 99//86 10//86
f 100//87 10//87 9//87
f 101//88 102//88 103//88
f 101//89 103//89 104//89
f 104//90 103//90 105//90
f 104//91 105//91 106//91
f 106//92 105//92 107//92
f 106//93 107//93 108//93
f 108//94 107//94 109//94
f 108//95 109//95 110//95
f 110//96 109//96 111//96
f 110//97 111//97 112//97
f 112//98 111//98 113//98
f 112//99 113//99 114//99
f 114//100 113//100 115//100
f 114//101 115//101 116//101
f 116//102 115//102 117//102
f 116//103 117//103 118//103
f 118//104 117//104 119//104
f 118//105 119//105 120//105
f 120//106 119//106 121//106
f 120//107 121//107 122//107
f 122//108 121//108 123//108
f 122//109 123//109 124//109
f 124//110 123//110 125//110
f 124//111 125//111 126//111
f 126//112 125//112 127//112
f 126//113 127//113 128//113
f 128//114 127//114 129//114
f 128//115 129//115 130//115
f 130//116 129//116 131//116
f 130//117 131//117 132//117
f 132//118 131//118 133//118
f 132//119 133//119 134//119
f 134//120 133//120 135//120
f 134//121 135//121 136//121
f 136//122 135//122 137//122
f 136//123 137//123 138//123
f 138//124 137//124 139//124
f 138//125 139//125 140//125
f 140//126 139//126 6//126
f 140//127 6//127 5//127
f 141//128 142//128 143//128
f 141//129 143//129 144//129
f 144//130 143//130 145//130
f 144//131 145//131 146//131
f 146//132 145//132 147//132
f 146//133 147//133 148//133
f 148//134 147//134 149//134
f 148//135 149//135 150//135
f 150//136 149//136 151//136
f 150//137 151//137 152//137
f 152//138 151//138 153//138
f 152//139 153//139 154//139
f 154//140 153//140 155//140
f 154//141 155//141 156//141
f 156//142 155//142 157//142
f 156//143 157//143 158//143
f 158//144 157//144 159//144
f 158//145 159//145 160//145
f 160//146 159//146 161//146
f 160//147 161//147 162//147
f 162//148 161//148 163//148
f 162//149 163//149 164//149
f 164//150 163//150 165//150
f 164//151 165//151 166//151
f 166//152 165//152 167//152
f 166//153 167//153 168//153
f 168//154 167//154 169//154
f 168//155 169//155 170//155
f 170//156 169//156 171//156
f 170//157 171//157 172//157
f 172//158 171//158 173//158
f 172//159 173//159 174//159
f 174//160 173//160 175//160
f 174//161 175//161 176//161
f 176//162 175//162 177//162
f 176//163 177//163 178//163
f 178//164 177//164 179//164
f 178//165 179//165 180//165
f 180//166 179//166 2//166
f 180//167 2//167 1//167
f 179//168 181//168 182//168
f 179//169 182//169 2//169
f 181//170 183//170 184//170
f 181//171 184//171 182//171
f 183//172 185//172 186//172
f 183//173 186//173 184//173
f 185//174 187//174 188//174
f 185//175 188//175 186//175
f 187//176 189//176 190//176
f 187//177 190//177 188//177
f 189//178 191//178 192//178
f 189//179 192//179 190//179
f 191//180 193//180 194//180
f 191//181 194//181 192//181
f 193//182 195//182 196//182
f 193//183 196//183 194//183
f 195//184 197//184 198//184
f 195//185 198//185 196//185
f 197//186 199//186 200//186
f 197//187 200//187 198//187
f 199//188 201//188 202//188
f 199//189 202//189 200//189
f 201//190 203//190 204//190
f 201//191 204//191 202//191
f 203//192 205//192 206//192
f 203//193 206//193 204//193
f 205//194 207//194 208//194
f 205//195 208//195 206//195
f 207//196 209//196 210//196
f 207//197 210//197 208//197
f 209//198 211//198 212//198
f 209//199 212//199 210//199
f 211//200 213//200 214//200
f 211//201 214//201 212//201
f 213//202 215//202 216//202
f 213//203 216//203 214//203
f 215//204 217//204 218//204
f 215//205 218//205 216//205
f 217//206 140//206 5//206
f 217//207 5//207 218//207
f 177//208 219//208 181//208
f 177//209 181//209 179//209
f 219//210 220//210 183//210
f 219//211 183//211 181//211
f 220//212 221//212 185//212
f 220//213 185//213 183//213
f 221//214 222//214 187//214
f 221//215 187//215 185//215
f 222//216 223//216 189//216
f 222//217 189//217 187//217
f 223//218 224//218 191//218
f 223//219 191//219 189//219
f 224//220 225//220 193//220
f 224//221 193//221 191//221
f 225//222 226//222 195//222
f 225//223 195//223 193//223
f 226//224 227//224 197//224
f 226//225 197//225 195//225
f 227//226 228//226 199//226
f 227//227 199//227 197//227
f 228//228 229//228 201//228
f 228//229 201//229 199//229
f 229//230 230//230 203//230
f 229//231 203//231 201//231
f 230//232 231//232 205//232
f 230//233 205//233 203//233
f 231//234 232//234 207//234
f 231//235 207//235 205//235
f 232//236 233//236 209//236
f 232//237 209//237 207//237
f 233//238 234//238 211//238
f 233//239 211//239 209//239
f 234//240 235//240 213//240
f 234//241 213//241 211//241
f 235//242 236//242 215//242
f 235//243 215//243 213//243
f 236//244 237//244 217//244
f 236//245 217//245 215//245
f 237//246 138//246 140//246
f 237//247 140//247 217//247
f 175//248 238//248 219//248
f 175//249 219//249 177//249
f 238//250 239//250 220//250
f 238//251 220//251 219//251
f 239//252 240//252 221//252
f 239//253 221//253 220//253
f 240//254 241//254 222//254
f 240//255 222//255 221//255
f 241//256 242//256 223//256
f 241//257 223//257 222//257
f 242//258 243//258 224//258
f 242//259 224//259 223//259
f 243//260 244//260 225//260
f 243//261 225//261 224//261
f 244//262 245//262 226//262
f 244//263 226//263 225//263
f 245//264 246//264 227//264
f 245//265 227//265 226//265
f 246//266 247//266 228//266
f 246//267 228//267 227//267
f 247//268 248//268 229//268
f 247//269 229//269 228//269
f 248//270 249//270 230//270
f 248//271 230//271 229//271
f 249//272 250//272 231//272
f 249//273 231//273 230//273
f 250//274 251//274 232//274
f 250//275 232//275 231//275
f 251//276 252//276 233//276
f 251//277 233//277 232//277
f 252//278 253//278 234//278
f 252//279 234//279 233//279
f 253//280 254//280 235//280
f 253//281 235//281 234//281
f 254//282 255//282 236//282
f 254//283 236//283 235//283
f 255//284 256//284 237//284
f 255//285 237//285 236//285
f 256//286 136//286 138//286
f 256//287 138//287 237//287
f 173//288 257//288 238//288
f 173//289 238//289 175//289
f 257//290 258//290 239//290
f 257//291 239//291 238//291
f 258//292 259//292 240//292
f 258//293 240//293 239//293
f 259//294 260//294 241//294
f 259//295 241//295 240//295
f 260//296 261//296 242//296
f 260//297 242//297 241//297
f 261//298 262//298 243//298
f 261//299 243//299 242//299
f 262//300 263//300 244//300
f 262//301 244//301 243//301
f 263//302 264//302 245//302
f 263//303 245//303 244//303
f 264//304 265//304 246//304
f 264//305 246//305 245//305
f 265//306 266//306 247//306
f 265//307 247//307 246//307
f 266//308 267//308 248//308
f 266//309 248//309 247//309
f 267//310 268//310 249//310
f 267//311 249//311 248//311
f 268//312 269//312 250//312
f 268//313 250//313 249//313
f 269//314 270//314 251//314
f 269//315 251//315 250//315
f 270//316 271//316 252//316
f 270//317 252//317 251//317
f 271//318 272//318 253//318
f 271//319 253//319 252//319
f 272//320 273//320 254//320
f 272//321 254//321 253//321
f 273//322 274//322 255//322
f 273//323 255//323 254//323
f 274//324 275//324 256//324
f 274//325 256//325 255//325
f 275//326 134//326 136//326
f 275//327 136//327 256//327
f 171//328 276//328 257//328
f 171//329 257//329 173//329
f 276//330 277//330 258//330
f 276//331 258//331 257//331
f 277//332 278//332 259//332
f 277//333 259//333 258//333
f 278//334 279//334 260//334
f 278//335 260//335 259//335
f 279//336 280//336 261//336
f 279//337 261//337 260//337
f 280//338 281//338 262//338
f 280//339 262//339 261//339
f 281//340 282//340 263//340
f 281//341 263//341 262//341
f 282//342 283//342 264//342
f 282//343 264//343 263//343
f 283//344 284//344 265//344
f 283//345 265//345 264//345
f 284//346 285//346 266//346
f 284//347 266//347 265//347
f 285//348 286//348 267//348
f 285//349 267//349 266//349
f 286//350 287//350 268//350
f 286//351 268//351 267//351
f 287//352 288//352 269//352
f 287//353 269//353 268//353
f 288//354 289//354 270//354
f 288//355 270//355 269//355
f 289//356 290//356 271//356
f 289//357 271//357 270//357
f 290//358 291//358 272//358
f 290//359 272//359 271//359
f 291//360 292//360 273//360
f 291//361 273//361 272//361
f 292//362 293//362 274//362
f 292//363 274//363 273//363
f 293//364 294//364 275//364
f 293//365 275//365 274//365
f 294//366 132//366 134//366
f 294//367 134//367 275//367
f 169//368 295//368 276//368
f 169//369 276//369 171//369
f 295//370 296//370 277//370
f 295//371 277//371 276//371
f 296//372 297//372 278//372
f 296//373 278//373 277//373
f 297//374 298//374 279//374
f 297//375 279//375 278//375
f 298//376 299//376 280//376
f 298//377 280//377 279//377
f 299//378 300//378 281//378
f 299//379 281//379 280//379
f 300//380 301//380 282//380
f 300//381 282//381 281//381
f 301//382 302//382 283//382
f 301//383 283//383 282//383
f 302//384 303//384 284//384
f 302//385 284//385 283//385
f 303//386 304//386 285//386
f 303//387 285//387 284//387
f 304//388 305//388 286//388
f 304//389 286//389 285//389
f 305//390 306//390 287//390
f 305//391 287//391 286//391
f 306//392 307//392 288//392
f 306//393 288//393 287//393
f 307//394 308//394 289//394
f 307//395 289//395 288//395
f 308//396 309//396 290//396
f 308//397 290//397 289//397
f 309//398 310//398 291//398
f 309//399 291//399 290//399
f 310//400 311//400 292//400
f 310//401 292//401 291//401
f 311//402 312//402 293//402
f 311//403 293//403 292//403
f 312//404 313//404 294//404
f 312//405 294//405 293//405
f 313//406 130//406 132//406
f 313//407 132//407 294//407
f 167//408 314//408 295//408
f 167//409 295//409 169//409
f 314//410 315//410 296//410
f 314//411 296//411 295//411
f 315//412 316//412 297//412
f 315//413 297//413 296//413
f 316//414 317//414 298//414
f 316//415 298//415 297//415
f 317//416 318//416 299//416
f 317//417 299//417 298//417
f 318//418 319//418 300//418
f 318//419 300//419 299//419
f 319//420 320//420 301//420
f 319//421 301//421 300//421
f 320//422 321//422 302//422
f 320//423 302//423 301//423
f 321//424 322//424 303//424
f 321//425 303//425 302//425
f 322//426 323//426 304//426
f 322//427 304//427 303//427
f 323//428 324//428 305//428
f 323//429 305//429 304//429
f 324//430 325//430 306//430
f 324//431 306//431 305//431
f 325//432 326//432 307//432
f 325//433 307//433 306//433
f 326//434 327//434 308//434
f 326//435 308//435 307//435
f 327//436 328//436 309//436
f 327//437 309//437 308//437
f 328//438 329//438 310//438
f 328//439 310//439 309//439
f 329//440 330//440 311//440
f 329//441 311//441 310//441
f 330//442 331//442 312//442
f 330//443 312//443 311//443
f 331//444 332//444 313//444
f 331//445 313//445 312//445
f 332//446 128//446 130//446
f 332//447 130//447 313//447
f 165//448 333//448 314//448
f 165//449 314//449 167//449
f 333//450 334//450 315//450
f 333//451 315//451 314//451
f 334//452 335//452 316//452
f 334//453 316//453 315//453
f 335//454 336//454 317//454
f 335//455 317//455 316//455
f 336//456 337//456 318//456
f 336//457 318//457 317//457
f 337//458 338//458 319//458
f 337//459 319//459 318//459
f 338//460 339//460 320//460
f 338//461 320//461 319//461
f 339//462 340//462 321//462
f 339//463 321//463 320//463
f 340//464 341//464 322//464
f 340//465 322//465 321//465
f 341//466 342//466 323//466
f 341//467 323//467 322//467
f 342//468 343//468 324//468
f 342//469 324//469 323//469
f 343//470 344//470 325//470
f 343//471 325//471 324//471
f 344//472 345//472 326//472
f 344//473 326//473 325//473
f 345//474 346//474 327//474
f 345//475 327//475 326//475
f 346//476 347//476 328//476
f 346//477 328//477 327//477
f 347//478 348//478 329//478
f 347//479 329//479 328//479
f 348//480 349//480 330//480
f 348//481 330//481 329//481
f 349//482 350//482 331//482
f 349//483 331//483 330//483
f 350//484 351//484 332//484
f 350//485 332//485 331//485
f 351//486 126//486 128//486
f 351//487 128//487 332//487
f 163//488 352//488 333//488
f 163//489 333//489 165//489
f 352//490 353//490 334//490
f 352//491 334//491 333//491
f 353//492 354//492 335//492
f 353//493 335//493 334//493
f 354//494 355//494 336//494
f 354//495 336//495 335//495
f 355//496 356//496 337//496
f 355//497 337//497 336//497
f 356//498 357//498 338//498
f 356//499 338//499 337//499
f 357//500 358//500 339//500
f 357//501 339//501 338//501
f 358//502 359//502 340//502
f 358//503 340//503 339//503
f 359//504 360//504 341//504
f 359//505 341//505 340//505
f 360//506 361//506 342//506
f 360//507 342//507 341//507
f 361//508 362//508 343//508
f 361//509 343//509 342//509
f 362//510 363//510 344//510
f 362//511 344//511 343//511
f 363//512 364//512 345//512
f 363//513 345//513 344//513
f 364//514 365//514 346//514
f 364//515 346//515 345//515
f 365//516 366//516 347//516
f 365//517 347//517 346//517
f 366//518 367//518 348//518
f 366//519 348//519 347//519
f 367//520 368//520 349//520
f 367//521 349//521 348//521
f 368//522 369//522 350//522
f 368//523 350//523 349//523
f 369//524 370//524 351//524
f 369//525 351//525 350//525
f 370//526 124//526 126//526
f 370//527 126//527 351//527
f 161//528 371//528 352//528
f 161//529 352//529 163//529
f 371//530 372//530 353//530
f 371//531 353//531 352//531
f 372//532 373//532 354//532
f 372//533 354//533 353//533
f 373//534 374//534 355//534
f 373//535 355//535 354//535
f 374//536 375//536 356//536
f 374//537 356//537 355//537
f 375//538 376//538 357//538
f 375//539 357//539 356//539
f 376//540 377//540 358//540
f 376//541 358//541 357//541
f 377//542 378//542 359//542
f 377//543 359//543 358//543
f 378//544 379//544 360//544
f 378//545 360//545 359//545
f 379//546 380//546 361//546
f 379//547 361//547 360//547
f 380//548 381//548 362//548
f 380//549 362//549 361//549
f 381//550 382//550 363//550
f 381//551 363//551 362//551
f 382//552 383//552 364//552
f 382//553 364//553 363//553
f 383//554 384//554 365//554
f 383//555 365//555 364//555
f 384//556 385//556 366//556
f 384//557 366//557 365//557
f 385//558 386//558 367//558
f 385//559 367//559 366//559
f 386//560 387//560 368//560
f 386//561 368//561 367//561
f 387//562 388//562 369//562
f 387//563 369//563 368//563
f 388//564 389//564 370//564
f 388//565 370//565 369//565
f 389//566 122//566 124//566
f 389//567 124//567 370//567
f 159//568 390//568 371//568
f 159//569 371//569 161//569
f 390//570 391//570 372//570
f 390//571 372//571 371//571
f 391//572 392//572 373//572
f 391//573 373//573 372//573
f 392//574 393//574 374//574
f 392//575 374//575 373//575
f 393//576 394//576 375//576
f 393//577 375//577 374//577
f 394//578 395//578 376//578
f 394//579 376//579 375//579
f 395//580 396//580 377//580
f 395//581 377//581 376//581
f 396//582 397//582 378//582
f 396//583 378//583 377//583
f 397//584 398//584 379//584
f 397//585 379//585 378//585
f 398//586 399//586 380//586
f 398//587 380//587 379//587
f 399//588 400//588 381//588
f 399//589 381//589 380//589
f 400//590 401//590 382//590
f 400//591 382//591 381//591
f 401//592 402//592 383//592
f 401//593 383//593 382//593
f 402//594 403//594 384//594
f 402//595 384//595 383//595
f 403//596 404//596 385//596
f 403//597 385//597 384//597
f 404//598 405//598 386//598
f 404//599 386//599 385//599
f 405//600 406//600 387//600
f 405//601 387//601 386//601
f 406//602 407//602 388//602
f 406//603 388//603 387//603
f 407//604 408//604 389//604
f 407//605 389//605 388//605
f 408//606 120//606 122//606
f 408//607 122//607 389//607
f 157//608 409//608 390//608
f 157//609 390//609 159//609
f 409//610 410//610 391//610
f 409//611 391//611 390//611
f 410//612 411//612 392//612
f 410//613 392//613 391//613
f 411//614 412//614 393//614
f 411//615 393//615 392//615
f 412//616 413//616 394//616
f 412//617 394//617 393//617
f 413//618 414//618 395//618
f 413//619 395//619 394//619
f 414//620 415//620 396//620
f 414//621 396//621 395//621
f 415//622 416//622 397//622
f 415//623 397//623 396//623
f 416//624 417//624 398//624
f 416//625 398//625 397//625
f 417//626 418//626 399//626
f 417//627 399//627 398//627
f 418//628 419//628 400//628
f 418//629 400//629 399//629
f 419//630 420//630 401//630
f 419//631 401//631 400//631
f 420//632 421//632 402//632
f 420//633 402//633 401//633
f 421//634 422//634 403//634
f 421//635 403//635 402//635
f 422//636 423//636 404//636
f 422//637 404//637 403//637
f 423//638 424//638 405//638
f 423//639 405//639 404//639
f 424//640 425//640 406//640
f 424//641 406//641 405//641
f 425//642 426//642 407//642
f 425//643 407//643 406//643
f 426//644 427//644 408//644
f 426//645 408//645 407//645
f 427//646 118//646 120//646
f 427//647 120//647 408//647
f 155//648 428//648 409//648
f 155//649 409//649 157//649
f 428//650 429//650 410//650
f 428//651 410//651 409//651
f 429//652 430//652 411//652
f 429//653 411//653 410//653
f 430//654 431//654 412//654
f 430//655 412//655 411//655
f 431//656 432//656 413//656
f 431//657 413//657 412//657
f 432//658 433//658 414//658
f 432//659 414//659 413//659
f 433//660 434//660 415//660
f 433//661 415//661 414//661
f 434//662 435//662 416//662
f 434//663 416//663 415//663
f 435//664 436//664 417//664
f 435//665 417//665 416//665
f 436//666 437//666 418//666
f 436//667 418//667 417//667
f 437//668 438//668 419//668
f 437//669 419//669 418//669
f 438//670 439//670 420//670
f 438//671 420//671 419//671
f 439//672 440//672 421//672
f 439//673 421//673 420//673
f 440//674 441//674 422//674
f 440//675 422//675 421//675
f 441//676 442//676 423//676
f 441//677 423//677 422//677
f 442//678 443//678 424//678
f 442//679 424//679 423//679
f 443//680 444//680 425//680
f 443//681 425//681 424//681
f 444//682 445//682 426//682
f 444//683 426//683 425//683
f 445//684 446//684 427//684
f 445//685 427//685 426//685
f 446//686 116//686 118//686
f 446//687 118//687 427//687
f 153//688 447//688 428//688
f 153//689 428//689 155//689
f 447//690 448//690 429//690
f 447//691 429//691 428//691
f 448//692 449//692 430//692
f 448//693 430//693 429//693
f 449//694 450//694 431//694
f 449//695 431//695 430//695
f 450//696 451//696 432//696
f 450//697 432//697 431//697
f 451//698 452//698 433//698
f 451//699 433//699 432//699
f 452//700 453//700 434//700
f 452//701 434//701 433//701
f 453//702 454//702 435//702
f 453//703 435//703 434//703
f 454//704 455//704 436//704
f 454//705 436//705 435//705
f 455//706 456//706 437//706
f 455//707 437//707 436//707
f 456//708 457//708 438//708
f 456//709 438//709 437//709
f 457//710 458//710 439//710
f 457//711 439//711 438//711
f 458//712 459//712 440//712
f 458//713 440//713 439//713
f 459//714 460//714 441//714
f 459//715 441//715 440//715
f 460//716 461//716 442//716
f 460//717 442//717 441//717
f 461//718 462//718 443//718
f 461//719 443//719 442//719
f 462//720 463//720 444//720
f 462//721 444//721 443//721
f 463//722 464//722 445//722
f 463//723 445//723 444//723
f 464//724 465//724 446//724
f 464//725 446//725 445//725
f 465//726 114//726 116//726
f 465//727 116//727 446//727
f 151//728 466//728 447//728
f 151//729 447//729 153//729
f 466//730 467//730 448//730
f 466//731 448//731 447//731
f 467//732 468//732 449//732
f 467//733 449//733 448//733
f 468//734 469//734 450//734
f 468//735 450//735 449//735
f 469//736 470//736 451//736
f 469//737 451//737 450//737
f 470//738 471//738 452//738
f 470//739 452//739 451//739
f 471//740 472//740 453//740
f 471//741 453//741 452//741
f 472//742 473//742 454//742
f 472//743 454//743 453//743
f 473//744 474//744 455//744
f 473//745 455//745 454//745
f 474//746 475//746 456//746
f 474//747 456//747 455//747
f 475//748 476//748 457//748
f 475//749 457//749 456//749
f 476//750 477//750 458//750
f 476//751 458//751 457//751
f 477//752 478//752 459//752
f 477//753 459//753 458//753
f 478//754 479//754 460//754
f 478//755 460//755 459//755
f 479//756 480//756 461//756
f 479//757 461//757 460//757
f 480//758 481//758 462//758
f 480//759 462//759 461//759
f 481//760 482//760 463//760
f 481//761 463//761 462//761
f 482//762 483//762 464//762
f 482//763 464//763 463//763
f 483//764 484//764 465//764
f 483//765 465//765 464//765
f 484//766 112//766 114//766
f 484//767 114//767 465//767
f 149//768 485//768 466//768
f 149//769 466//769 151//769
f 485//770 486//770 467//770
f 485//771 467//771 466//771
f 486//772 487//772 468//772
f 486//773 468//773 467//773
f 487//774 488//774 469//774
f 487//775 469//775 468//775
f 488//776 489//776 470//776
f 488//777 470//777 469//777
f 489//778 490//778 471//778
f 489//779 471//779 470//779
f 490//780 491//780 472//780
f 490//781 472//781 471//781
f 491//782 492//782 473//782
f 491//783 473//783 472//783
f 492//784 493//784 474//784
f 492//785 474//785 473//785
f 493//786 494//786 475//786
f 493//787 475//787 474//787
f 494//788 495//788 476//788
f 494//789 476//789 475//789
f 495//790 496//790 477//790
f 495//791 477//791 476//791
f 496//792 497//792 478//792
f 496//793 478//793 477//793
f 497//794 498//794 479//794
f 497//795 479//795 478//795
f 498//796 499//796 480//796
f 498//797 480//797 479//797
f 499//798 500//798 481//798
f 499//799 481//799 480//799
f 500//800 501//800 482//800
f 500//801 482//801 481//801
f 501//802 502//802 483//802
f 501//803 483//803 482//803
f 502//804 503//804 484//804
f 502//805 484//805 483//805
f 503//806 110//806 112//806
f 503//807 112//807 484//807
f 147//808 504//808 485//808
f 147//809 485//809 149//809
f 504//810 505//810 486//810
f 504//811 486//811 485//811
f 505//812 506//812 487//812
f 505//813 487//813 486//813
f 506//814 507//814 488//814
f 506//815 488//815 487//815
f 507//816 508//816 489//816
f 507//817 489//817 488//817
f 508//818 509//818 490//818
f 508//819 490//819 489//819
f 509//820 510//820 491//820
f 509//821 491//821 490//821
f 510//822 511//822 492//822
f 510//823 492//823 491//823
f 511//824 512//824 493//824
f 511//825 493//825 492//825
f 512//826 513//826 494//826
f 512//827 494//827 493//827
f 513//828 514//828 495//828
f 513//829 495//829 494//829
f 514//830 515//830 496//830
f 514//831 496//831 495//831
f 515//832 516//832 497//832
f 515//833 497//833 496//833
f 516//834 517//834 498//834
f 516//835 498//835 497//835
f 517//836 518//836 499//836
f 517//837 499//837 498//837
f 518//838 519//838 500//838
f 518//839 500//839 499//839
f 519//840 520//840 501//840
f 519//841 501//841 500//841
f 520//842 521//842 502//842
f 520//843 502//843 501//843
f 521//844 522//844 503//844
f 521//845 503//845 502//845
f 522//846 108//846 110//846
f 522//847 110//847 503//847
f 145//848 523//848 504//848
f 145//849 504//849 147//849
f 523//850 524//850 505//850
f 523//851 505//851 504//851
f 524//852 525//852 506//852
f 524//853 506//853 505//853
f 525//854 526//854 507//854
f 525//855 507//855 506//855
f 526//856 527//856 508//856
f 526//857 508//857 507//857
f 527//858 528//858 509//858
f 527//859 509//859 508//859
f 528//860 529//860 510//860
f 528//861 510//861 509//861
f 529//862 530//862 511//862
f 529//863 511//863 510//863
f 530//864 531//864 512//864
f 530//865 512//865 511//865
f 531//866 532//866 513//866
f 531//867 513//867 512//867
f 532//868 533//868 514//868
f 532//869 514//869 513//869
f 533//870 534//870 515//870
f 533//871 515//871 514//871
f 534//872 535//872 516//872
f 534//873 516//873 515//873
f 535//874 536//874 517//874
f 535//875 517//875 516//875
f 536//876 537//876 518//876
f 536//877 518//877 517//877
f 537//878 538//878 519//878
f 537//879 519//879 518//879
f 538//880 539//880 520//880
f 538//881 520//881 519//881
f 539//882 540//882 521//882
f 539//883 521//883 520//883
f 540//884 541//884 522//884
f 540//885 522//885 521//885
f 541//886 106//886 108//886
f 541//887 108//887 522//887
f 143//888 542//888 523//888
f 143//889 523//889 145//889
f 542//890 543//890 524//890
f 542//891 524//891 523//891
f 543//892 544//892 525//892
f 543//893 525//893 524//893
f 544//894 545//894 526//894
f 544//895 526//895 525//895
f 545//896 546//896 527//896
f 545//897 527//897 526//897
f 546//898 547//898 528//898
f 546//899 528//899 527//899
f 547//900 548//900 529//900
f 547//901 529//901 528//901
f 548//902 549//902 530//902
f 548//903 530//903 529//903
f 549//904 550//904 531//904
f 549//905 531//905 530//905
f 550//906 551//906 532//906
f 550//907 532//907 531//907
f 551//908 552//908 533//908
f 551//909 533//909 532//909
f 552//910 553//910 534//910
f 552//911 534//911 533//911
f 553//912 554//912 535//912
f 553//913 535//913 534//913
f 554//914 555//914 536//914
f 554//915 536//915 535//915
f 555//916 556//916 537//916
f 555//917 537//917 536//917
f 556//918 557//918 538//918
f 556//919 538//919 537//919
f 557//920 558//920 539//920
f 557//921 539//921 538//921
f 558//922 559//922 540//922
f 558//923 540//923 539//923
f 559//924 560//924 541//924
f 559//925 541//925 540//925
f 560//926 104//926 106//926
f 560//927 106//927 541//927
f 142//928 561//928 542//928
f 142//929 542//929 143//929
f 561//930 562//930 543//930
f 561//931 543//931 542//931
f 562//932 563//932 544//932
f 562//933 544//933 543//933
f 563//934 564//934 545//934
f 563//935 545//935 544//935
f 564//936 565//936 546//936
f 564//937 546//937 545//937
f 565//938 566//938 547//938
f 565//939 547//939 546//939
f 566//940 567//940 548//940
f 566//941 548//941 547//941
f 567//942 568//942 549//942
f 567//943 549//943 548//943
f 568//944 569//944 550//944
f 568//945 550//945 549//945
f 569//946 570//946 551//946
f 569//947 551//947 550//947
f 570//948 571//948 552//948
f 570//949 552//949 551//949
f 571//950 572//950 553//950
f 571//951 553//951 552//951
f 572//952 573//952 554//952
f 572//953 554//953 553//953
f 573//954 574//954 555//954
f 573//955 555//955 554//955
f 574//956 575//956 556//956
f 574//957 556//957 555//957
f 575//958 576//958 557//958
f 575//959 557//959 556//959
f 576//960 577//960 558//960
f 576//961 558//961 557//961
f 577//962 578//962 559//962
f 577//963 559//963 558//963
f 578//964 579//964 560//964
f 578//965 560//965 559//965
f 579//966 101//966 104//966
f 579//967 104//967 560//967
f 99//968 580//968 581//968
f 99//969 581//969 10//969
f 580//970 582//970 583//970
f 580//971 583//971 581//971
f 582//972 584//972 585//972
f 582//973 585//973 583//973
f 584//974 586//974 587//974
f 584//975 587//975 585//975
f 586//976 588//976 589//976
f 586//977 589//977 587//977
f 588//978 590//978 591//978
f 588//979 591//979 589//979
f 590//980 592//980 593//980
f 590//981 593//981 591//981
f 592//982 594//982 595//982
f 592//983 595//983 593//983
f 594//984 596//984 597//984
f 594//985 597//985 595//985
f 596//986 598//986 599//986
f 596//987 599//987 597//987
f 598//988 600//988 601//988
f 598//989 601//989 599//989
f 600//990 602//990 603//990
f 600//991 603//991 601//991
f 602//992 604//992 605//992
f 602//993 605//993 603//993
f 604//994 606//994 607//994
f 604//995 607//995 605//995
f 606//996 608//996 609//996
f 606//997 609//997 607//997
f 608//998 610//998 611//998
f 608//999 611//999 609//999
f 610//1000 612//1000 613//1000
f 610//1001 613//1001 611//1001
f 612//1002 614//1002 615//1002
f 612//1003 615//1003 613//1003
f 614//1004 616//1004 617//1004
f 614//1005 617//1005 615//1005
f 616//1006 62//1006 13//1006
f 616//1007 13//1007 617//1007
f 97//1008 618//1008 580//1008
f 97//1009 580//1009 99//1009
f 618//1010 619//1010 582//1010
f 618//1011 582//1011 580//1011
f 619//1012 620//1012 584//1012
f 619//1013 584//1013 582//1013
f 620//1014 621//1014 586//1014
f 620//1015 586//1015 584//1015
f 621//1016 622//1016 588//1016
f 621//1017 588//1017 586//1017
f 622//1018 623//1018 590//1018
f 622//1019 590//1019 588//1019
f 623//1020 624//1020 592//1020
f 623//1021 592//1021 590//1021
f 624//1022 625//1022 594//1022
f 624//1023 594//1023 592//1023
f 625//1024 626//1024 596//1024
f 625//1025 596//1025 594//1025
f 626//1026 627//1026 598//1026
f 626//1027 598//1027 596//1027
f 627//1028 628//1028 600//1028
f 627//1029 600//1029 598//1029
f 628//1030 629//1030 602//1030
f 628//1031 602//1031 600//1031
f 629//1032 630//1032 604//1032
f 629//1033 604//1033 602//1033
f 630//1034 631//1034 606//1034
f 630//1035 606//1035 604//1035
f 631//1036 632//1036 608//1036
f 631//1037 608//1037 606//1037
f 632//1038 633//1038 610//1038
f 632//1039 610//1039 608//1039
f 633//1040 634//1040 612//1040
f 633//1041 612//1041 610//1041
f 634//1042 635//1042 614//1042
f 634//1043 614//1043 612//1043
f 635//1044 636//1044 616//1044
f 635//1045 616//1045 614//1045
f 636//1046 60//1046 62//1046
f 636//1047 62//1047 616//1047
f 95//1048 637//1048 618//1048
f 95//1049 618//1049 97//1049
f 637//1050 638//1050 619//1050
f 637//1051 619//1051 618//1051
f 638//1052 639//1052 620//1052
f 638//1053 620//1053 619//1053
f 639//1054 640//1054 621//1054
f 639//1055 621//1055 620//1055
f 640//1056 641//1056 622//1056
f 640//1057 622//1057 621//1057
f 641//1058 642//1058 623//1058
f 641//1059 623//1059 622//1059
f 642//1060 643//1060 624//1060
f 642//1061 624//1061 623//1061
f 643//1062 644//1062 625//1062
f 643//1063 625//1063 624//1063
f 644//1064 645//1064 626//1064
f 644//1065 626//1065 625//1065
f 645//1066 646//1066 627//1066
f 645//1067 627//1067 626//1067
f 646//1068 647//1068 628//1068
f 646//1069 628//1069 627//1069
f 647//1070 648//1070 629//1070
f 647//1071 629//1071 628//1071
f 648//1072 649//1072 630//1072
f 648//1073 630//1073 629//1073
f 649//1074 650//1074 631//1074
f 649//1075 631//1075 630//1075
f 650//1076 651//1076 632//1076
f 650//1077 632//1077 631//1077
f 651//1078 652//1078 633//1078
f 651//1079 633//1079 632//1079
f 652//1080 653//1080 634//1080
f 652//1081 634//1081 633//1081
f 653//1082 654//1082 635//1082
f 653//1083 635//1083 634//1083
f 654//1084 655//1084 636//1084
f 654//1085 636//1085 635//1085
f 655//1086 58//1086 60//1086
f 655//1087 60//1087 636//1087
f 93//1088 656//1088 637//1088
f 93//1089 637//1089 95//1089
f 656//1090 657//1090 638//1090
f 656//1091 638//1091 637//1091
f 657//1092 658//1092 639//1092
f 657//1093 639//1093 638//1093
f 658//1094 659//1094 640//1094
f 658//1095 640//1095 639//1095
f 659//1096 660//1096 641//1096
f 659//1097 641//1097 640//1097
f 660//1098 661//1098 642//1098
f 660//1099 642//1099 641//1099
f 661//1100 662//1100 643//1100
f 661//1101 643//1101 642//1101
f 662//1102 663//1102 644//1102
f 662//1103 644//1103 643//1103
f 663//1104 664//1104 645//1104
f 663//1105 645//1105 644//1105
f 664//1106 665//1106 646//1106
f 664//1107 646//1107 645//1107
f 665//1108 666//1108 647//1108
f 665//1109 647//1109 646//1109
f 666//1110 667//1110 648//1110
f 666//1111 648//1111 647//1111
f 667//1112 668//1112 649//1112
f 667//1113 649//1113 648//1113
f 668//1114 669//1114 650//1114
f 668//1115 650//1115 649//1115
f 669//1116 670//1116 651//1116
f 669//1117 651//1117 650//1117
f 670//1118 671//1118 652//1118
f 670//1119 652//1119 651//1119
f 671//1120 672//1120 653//1120
f 671//1121 653//1121 652//1121
f 672//1122 673//1122 654//1122
f 672//1123 654//1123 653//1123
f 673//1124 674//1124 655//1124
f 673//1125 655//1125 654//1125
f 674//1126 56//1126 58//1126
f 674//1127 58//1127 655//1127
f 91//1128 675//1128 656//1128
f 91//1129 656//1129 93//1129
f 675//1130 676//1130 657//1130
f 675//1131 657//1131 656//1131
f 676//1132 677//1132 658//1132
f 676//1133 658//1133 657//1133
f 677//1134 678//1134 659//1134
f 677//1135 659//1135 658//1135
f 678//1136 679//1136 660//1136
f 678//1137 660//1137 659//1137
f 679//1138 680//1138 661//1138
f 679//1139 661//1139 660//1139
f 680//1140 681//1140 662//1140
f 680//1141 662//1141 661//1141
f 681//1142 682//1142 663//1142
f 681//1143 663//1143 662//1143
f 682//1144 683//1144 664//1144
f 682//1145 664//1145 663//1145
f 683//1146 684//1146 665//1146
f 683//1147 665//1147 664//1147
f 684//1148 685//1148 666//1148
f 684//1149 666//1149 665//1149
f 685//1150 686//1150 667//1150
f 685//1151 667//1151 666//1151
f 686//1152 687//1152 668//1152
f 686//1153 668//1153 667//1153
f 687//1154 688//1154 669//1154
f 687//1155 669//1155 668//1155
f 688//1156 689//1156 670//1156
f 688//1157 670//1157 669//1157
f 689//1158 690//1158 671//1158
f 689//1159 671//1159 670//1159
f 690//1160 691//1160 672//1160
f 690//1161 672//1161 671//1161
f 691//1162 692//1162 673//1162
f 691//1163 673//1163 672//1163
f 692//1164 693//1164 674//1164
f 692//1165 674//1165 673//1165
f 693//1166 54//1166 56//1166
f 693//1167 56//1167 674//1167
f 89//1168 694//1168 675//1168
f 89//1169 675//1169 91//1169
f 694//1170 695//1170 676//1170
f 694//1171 676//1171 675//1171
f 695//1172 696//1172 677//1172
f 695//1173 677//1173 676//1173
f 696//1174 697//1174 678//1174
f 696//1175 678//1175 677//1175
f 697//1176 698//1176 679//1176
f 697//1177 679//1177 678//1177
f 698//1178 699//1178 680//1178
f 698//1179 680//1179 679//1179
f 699//1180 700//1180 681//1180
f 699//1181 681//1181 680//1181
f 700//1182 701//1182 682//1182
f 700//1183 682//1183 681//1183
f 701//1184 702//1184 683//1184
f 701//1185 683//1185 682//1185
f 702//1186 703//1186 684//1186
f 702//1187 684//1187 683//1187
f 703//1188 704//1188 685//1188
f 703//1188 685//1188 684//1188
f 704//1189 705//1189 686//1189
f 704//1190 686//1190 685//1190
f 705//1191 706//1191 687//1191
f 705//1192 687//1192 686//1192
f 706//1193 707//1193 688//1193
f 706//1194 688//1194 687//1194
f 707//1195 708//1195 689//1195
f 707//1196 689//1196 688//1196
f 708//1197 709//1197 690//1197
f 708//1198 690//1198 689//1198
f 709//1199 710//1199 691//1199
f 709//1200 691//1200 690//1200
f 710//1201 711//1201 692//1201
f 710//1202 692//1202 691//1202
f 711//1203 712//1203 693//1203
f 711//1204 693//1204 692//1204
f 712//1205 52//1205 54//1205
f 712//1206 54//1206 693//1206
f 87//1207 713//1207 694//1207
f 87//1208 694//1208 89//1208
f 713//1209 714//1209 695//1209
f 713//1209 695//1209 694//1209
f 714//1210 715//1210 696//1210
f 714//1211 696//1211 695//1211
f 715//1212 716//1212 697//1212
f 715//1213 697//1213 696//1213
f 716//1214 717//1214 698//1214
f 716//1176 698//1176 697//1176
f 717//1215 718//1215 699//1215
f 717//1216 699//1216 698//1216
f 718//1217 719//1217 700//1217
f 718//1218 700//1218 699//1218
f 719//1219 720//1219 701//1219
f 719//1220 701//1220 700//1220
f 720//1221 721//1221 702//1221
f 720//1222 702//1222 701//1222
f 721//1223 722//1223 703//1223
f 721//1224 703//1224 702//1224
f 722//1225 723//1225 704//1225
f 722//1226 704//1226 703//1226
f 723//1227 724//1227 705//1227
f 723//1228 705//1228 704//1228
f 724//1229 725//1229 706//1229
f 724//1230 706//1230 705//1230
f 725//1231 726//1231 707//1231
f 725//1232 707//1232 706//1232
f 726//1233 727//1233 708//1233
f 726//1234 708//1234 707//1234
f 727//1235 728//1235 709//1235
f 727//1236 709//1236 708//1236
f 728//1237 729//1237 710//1237
f 728//1238 710//1238 709//1238
f 729//1239 730//1239 711//1239
f 729//1240 711//1240 710//1240
f 730//1241 731//1241 712//1241
f 730//1242 712//1242 711//1242
f 731//1243 50//1243 52//1243
f 731//1244 52//1244 712//1244
f 85//1245 732//1245 713//1245
f 85//1246 713//1246 87//1246
f 732//1247 733//1247 714//1247
f 732//1248 714//1248 713//1248
f 733//1249 734//1249 715//1249
f 733//1250 715//1250 714//1250
f 734//1251 735//1251 716//1251
f 734//1252 716//1252 715//1252
f 735//1253 736//1253 717//1253
f 735//1254 717//1254 716//1254
f 736//1255 737//1255 718//1255
f 736//1256 718//1256 717//1256
f 737//1257 738//1257 719//1257
f 737//1258 719//1258 718//1258
f 738//1259 739//1259 720//1259
f 738//1260 720//1260 719//1260
f 739//1261 740//1261 721//1261
f 739//1262 721//1262 720//1262
f 740//1263 741//1263 722//1263
f 740//1264 722//1264 721//1264
f 741//1265 742//1265 723//1265
f 741//1266 723//1266 722//1266
f 742//1267 743//1267 724//1267
f 742//1268 724//1268 723//1268
f 743//1269 744//1269 725//1269
f 743//1270 725//1270 724//1270
f 744//1271 745//1271 726//1271
f 744//1272 726//1272 725//1272
f 745//1273 746//1273 727//1273
f 745//1274 727//1274 726//1274
f 746//1275 747//1275 728//1275
f 746//1276 728//1276 727//1276
f 747//1277 748//1277 729//1277
f 747//1278 729//1278 728//1278
f 748//1279 749//1279 730//1279
f 748//1280 730//1280 729//1280
f 749//1281 750//1281 731//1281
f 749//1282 731//1282 730//1282
f 750//1283 48//1283 50//1283
f 750//1284 50//1284 731//1284
f 83//1285 751//1285 732//1285
f 83//1286 732//1286 85//1286
f 751//1287 752//1287 733//1287
f 751//1288 733//1288 732//1288
f 752//1289 753//1289 734//1289
f 752//1290 734//1290 733//1290
f 753//1291 754//1291 735//1291
f 753//1292 735//1292 734//1292
f 754//1293 755//1293 736//1293
f 754//1294 736//1294 735//1294
f 755//1295 756//1295 737//1295
f 755//1296 737//1296 736//1296
f 756//1297 757//1297 738//1297
f 756//1257 738//1257 737//1257
f 757//1298 758//1298 739//1298
f 757//1259 739//1259 738//1259
f 758//1299 759//1299 740//1299
f 758//1300 740//1300 739//1300
f 759//1301 760//1301 741//1301
f 759//1302 741//1302 740//1302
f 760//1303 761//1303 742//1303
f 760//1304 742//1304 741//1304
f 761//1305 762//1305 743//1305
f 761//1306 743//1306 742//1306
f 762//1307 763//1307 744//1307
f 762//1308 744//1308 743//1308
f 763//1309 764//1309 745//1309
f 763//1310 745//1310 744//1310
f 764//1311 765//1311 746//1311
f 764//1312 746//1312 745//1312
f 765//1313 766//1313 747//1313
f 765//1314 747//1314 746//1314
f 766//1315 767//1315 748//1315
f 766//1316 748//1316 747//1316
f 767//1317 768//1317 749//1317
f 767//1318 749//1318 748//1318
f 768//1319 769//1319 750//1319
f 768//1320 750//1320 749//1320
f 769//1321 46//1321 48//1321
f 769//1322 48//1322 750//1322
f 81//1323 770//1323 751//1323
f 81//1324 751//1324 83//1324
f 770//1325 771//1325 752//1325
f 770//1326 752//1326 751//1326
f 771//1327 772//1327 753//1327
f 771//1328 753//1328 752//1328
f 772//1329 773//1329 754//1329
f 772//1330 754//1330 753//1330
f 773//1331 774//1331 755//1331
f 773//1293 755//1293 754//1293
f 774//1332 775//1332 756//1332
f 774//1333 756//1333 755//1333
f 775//1334 776//1334 757//1334
f 775//1335 757//1335 756//1335
f 776//1259 777//1259 758//1259
f 776//1336 758//1336 757//1336
f 777//1337 778//1337 759//1337
f 777//1338 759//1338 758//1338
f 778//1339 779//1339 760//1339
f 778//1340 760//1340 759//1340
f 779//1341 780//1341 761//1341
f 779//1303 761//1303 760//1303
f 780//1342 781//1342 762//1342
f 780//1343 762//1343 761//1343
f 781//1344 782//1344 763//1344
f 781//1345 763//1345 762//1345
f 782//1346 783//1346 764//1346
f 782//1347 764//1347 763//1347
f 783//1348 784//1348 765//1348
f 783//1349 765//1349 764//1349
f 784//1350 785//1350 766//1350
f 784//1351 766//1351 765//1351
f 785//1352 786//1352 767//1352
f 785//1353 767//1353 766//1353
f 786//1354 787//1354 768//1354
f 786//1355 768//1355 767//1355
f 787//1356 788//1356 769//1356
f 787//1357 769//1357 768//1357
f 788//1358 44//1358 46//1358
f 788//1359 46//1359 769//1359
f 79//1360 789//1360 770//1360
f 79//1361 770//1361 81//1361
f 789//1362 790//1362 771//1362
f 789//1363 771//1363 770//1363
f 790//1364 791//1364 772//1364
f 790//1365 772//1365 771//1365
f 791//1366 792//1366 773//1366
f 791//1367 773//1367 772//1367
f 792//1368 793//1368 774//1368
f 792//1331 774//1331 773//1331
f 793//1369 794//1369 775//1369
f 793//1370 775//1370 774//1370
f 794//1371 795//1371 776//1371
f 794//1372 776//1372 775//1372
f 795//1373 796//1373 777//1373
f 795//1374 777//1374 776//1374
f 796//1375 797//1375 778//1375
f 796//1376 778//1376 777//1376
f 797//1377 798//1377 779//1377
f 797//1378 779//1378 778//1378
f 798//1379 799//1379 780//1379
f 798//1380 780//1380 779//1380
f 799//1381 800//1381 781//1381
f 799//1342 781//1342 780//1342
f 800//1382 801//1382 782//1382
f 800//1383 782//1383 781//1383
f 801//1384 802//1384 783//1384
f 801//1385 783//1385 782//1385
f 802//1386 803//1386 784//1386
f 802//1387 784//1387 783//1387
f 803//1388 804//1388 785//1388
f 803//1389 785//1389 784//1389
f 804//1390 805//1390 786//1390
f 804//1352 786//1352 785//1352
f 805//1391 806//1391 787//1391
f 805//1392 787//1392 786//1392
f 806//1393 807//1393 788//1393
f 806//1394 788//1394 787//1394
f 807//1395 42//1395 44//1395
f 807//1396 44//1396 788//1396
f 77//1397 808//1397 789//1397
f 77//1398 789//1398 79//1398
f 808//1399 809//1399 790//1399
f 808//1400 790//1400 789//1400
f 809//1401 810//1401 791//1401
f 809//1402 791//1402 790//1402
f 810//1403 811//1403 792//1403
f 810//1404 792//1404 791//1404
f 811//1405 812//1405 793//1405
f 811//1406 793//1406 792//1406
f 812//1407 813//1407 794//1407
f 812//1408 794//1408 793//1408
f 813//1409 814//1409 795//1409
f 813//1409 795//1409 794//1409
f 814//1410 815//1410 796//1410
f 814//1411 796//1411 795//1411
f 815//1412 816//1412 797//1412
f 815//1413 797//1413 796//1413
f 816//1414 817//1414 798//1414
f 816//1415 798//1415 797//1415
f 817//1416 818//1416 799//1416
f 817//1417 799//1417 798//1417
f 818//1418 819//1418 800//1418
f 818//1419 800//1419 799//1419
f 819//1420 820//1420 801//1420
f 819//1421 801//1421 800//1421
f 820//1422 821//1422 802//1422
f 820//1423 802//1423 801//1423
f 821//1424 822//1424 803//1424
f 821//1425 803//1425 802//1425
f 822//1426 823//1426 804//1426
f 822//1427 804//1427 803//1427
f 823//1428 824//1428 805//1428
f 823//1429 805//1429 804//1429
f 824//1430 825//1430 806//1430
f 824//1431 806//1431 805//1431
f 825//1432 826//1432 807//1432
f 825//1433 807//1433 806//1433
f 826//1434 40//1434 42//1434
f 826//1435 42//1435 807//1435
f 75//1436 827//1436 808//1436
f 75//1437 808//1437 77//1437
f 827//1438 828//1438 809//1438
f 827//1439 809//1439 808//1439
f 828//1440 829//1440 810//1440
f 828//1441 810//1441 809//1441
f 829//1442 830//1442 811//1442
f 829//1443 811//1443 810//1443
f 830//1444 831//1444 812//1444
f 830//1445 812//1445 811//1445
f 831//1446 832//1446 813//1446
f 831//1446 813//1446 812//1446
f 832//1447 833//1447 814//1447
f 832//1448 814//1448 813//1448
f 833//1449 834//1449 815//1449
f 833//1450 815//1450 814//1450
f 834//1451 835//1451 816//1451
f 834//1452 816//1452 815//1452
f 835//1453 836//1453 817//1453
f 835//1454 817//1454 816//1454
f 836//1455 837//1455 818//1455
f 836//1148 818//1148 817//1148
f 837//1456 838//1456 819//1456
f 837//1457 819//1457 818//1457
f 838//1458 839//1458 820//1458
f 838//1459 820//1459 819//1459
f 839//1460 840//1460 821//1460
f 839//1461 821//1461 820//1461
f 840//1462 841//1462 822//1462
f 840//1463 822//1463 821//1463
f 841//1464 842//1464 823//1464
f 841//1465 823//1465 822//1465
f 842//1466 843//1466 824//1466
f 842//1466 824//1466 823//1466
f 843//1467 844//1467 825//1467
f 843//1468 825//1468 824//1468
f 844//1469 845//1469 826//1469
f 844//1470 826//1470 825//1470
f 845//1471 38//1471 40//1471
f 845//1472 40//1472 826//1472
f 73//1473 846//1473 827//1473
f 73//1474 827//1474 75//1474
f 846//1475 847//1475 828//1475
f 846//1476 828//1476 827//1476
f 847//1477 848//1477 829//1477
f 847//1478 829//1478 828//1478
f 848//1479 849//1479 830//1479
f 848//1480 830//1480 829//1480
f 849//1481 850//1481 831//1481
f 849//1482 831//1482 830//1482
f 850//1483 851//1483 832//1483
f 850//1484 832//1484 831//1484
f 851//1485 852//1485 833//1485
f 851//1486 833//1486 832//1486
f 852//1487 853//1487 834//1487
f 852//1488 834//1488 833//1488
f 853//1489 854//1489 835//1489
f 853//1490 835//1490 834//1490
f 854//1491 855//1491 836//1491
f 854//1492 836//1492 835//1492
f 855//1493 856//1493 837//1493
f 855//1494 837//1494 836//1494
f 856//1495 857//1495 838//1495
f 856//1495 838//1495 837//1495
f 857//1496 858//1496 839//1496
f 857//1497 839//1497 838//1497
f 858//1498 859//1498 840//1498
f 858//1499 840//1499 839//1499
f 859//1500 860//1500 841//1500
f 859//1501 841//1501 840//1501
f 860//1502 861//1502 842//1502
f 860//1503 842//1503 841//1503
f 861//1504 862//1504 843//1504
f 861//1505 843//1505 842//1505
f 862//1506 863//1506 844//1506
f 862//1507 844//1507 843//1507
f 863//1508 864//1508 845//1508
f 863//1469 845//1469 844//1469
f 864//1509 36//1509 38//1509
f 864//1471 38//1471 845//1471
f 71//1510 865//1510 846//1510
f 71//1511 846//1511 73//1511
f 865//1512 866//1512 847//1512
f 865//1513 847//1513 846//1513
f 866//1514 867//1514 848//1514
f 866//1515 848//1515 847//1515
f 867//1516 868//1516 849//1516
f 867//1517 849//1517 848//1517
f 868//1518 869//1518 850//1518
f 868//1519 850//1519 849//1519
f 869//1520 870//1520 851//1520
f 869//1521 851//1521 850//1521
f 870//1522 871//1522 852//1522
f 870//1523 852//1523 851//1523
f 871//1524 872//1524 853//1524
f 871//1525 853//1525 852//1525
f 872//1526 873//1526 854//1526
f 872//1527 854//1527 853//1527
f 873//1528 874//1528 855//1528
f 873//1529 855//1529 854//1529
f 874//1530 875//1530 856//1530
f 874//1531 856//1531 855//1531
f 875//1532 876//1532 857//1532
f 875//1533 857//1533 856//1533
f 876//1534 877//1534 858//1534
f 876//1535 858//1535 857//1535
f 877//1536 878//1536 859//1536
f 877//1537 859//1537 858//1537
f 878//1538 879//1538 860//1538
f 878//1539 860//1539 859//1539
f 879//1540 880//1540 861//1540
f 879//1541 861//1541 860//1541
f 880//1542 881//1542 862//1542
f 880//1543 862//1543 861//1543
f 881//1544 882//1544 863//1544
f 881//1506 863//1506 862//1506
f 882//1545 883//1545 864//1545
f 882//1545 864//1545 863//1545
f 883//1546 34//1546 36//1546
f 883//1547 36//1547 864//1547
f 69//1548 884//1548 865//1548
f 69//1510 865//1510 71//1510
f 884//1549 885//1549 866//1549
f 884//1550 866//1550 865//1550
f 885//1551 886//1551 867//1551
f 885//1552 867//1552 866//1552
f 886//1553 887//1553 868//1553
f 886//1554 868//1554 867//1554
f 887//1555 888//1555 869//1555
f 887//1555 869//1555 868//1555
f 888//1556 889//1556 870//1556
f 888//1557 870//1557 869//1557
f 889//1558 890//1558 871//1558
f 889//1559 871//1559 870//1559
f 890//1560 891//1560 872//1560
f 890//1561 872//1561 871//1561
f 891//1562 892//1562 873//1562
f 891//1563 873//1563 872//1563
f 892//1564 893//1564 874//1564
f 892//1565 874//1565 873//1565
f 893//1566 894//1566 875//1566
f 893//1567 875//1567 874//1567
f 894//1568 895//1568 876//1568
f 894//1569 876//1569 875//1569
f 895//1570 896//1570 877//1570
f 895//1571 877//1571 876//1571
f 896//1572 897//1572 878//1572
f 896//1573 878//1573 877//1573
f 897//1574 898//1574 879//1574
f 897//1538 879//1538 878//1538
f 898//1575 899//1575 880//1575
f 898//1576 880//1576 879//1576
f 899//1577 900//1577 881//1577
f 899//1578 881//1578 880//1578
f 900//1579 901//1579 882//1579
f 900//1580 882//1580 881//1580
f 901//1581 902//1581 883//1581
f 901//1545 883//1545 882//1545
f 902//1582 32//1582 34//1582
f 902//1583 34//1583 883//1583
f 67//1584 903//1584 884//1584
f 67//1548 884//1548 69//1548
f 903//1585 904//1585 885//1585
f 903//1586 885//1586 884//1586
f 904//1587 905//1587 886//1587
f 904//1587 886//1587 885//1587
f 905//1588 906//1588 887//1588
f 905//1553 887//1553 886//1553
f 906//1589 907//1589 888//1589
f 906//1590 888//1590 887//1590
f 907//1591 908//1591 889//1591
f 907//1592 889//1592 888//1592
f 908//1593 909//1593 890//1593
f 908//1594 890//1594 889//1594
f 909//1595 910//1595 891//1595
f 909//1596 891//1596 890//1596
f 910//1597 911//1597 892//1597
f 910//1598 892//1598 891//1598
f 911//1599 912//1599 893//1599
f 911//1600 893//1600 892//1600
f 912//1601 913//1601 894//1601
f 912//1602 894//1602 893//1602
f 913//1603 914//1603 895//1603
f 913//1604 895//1604 894//1604
f 914//1605 915//1605 896//1605
f 914//1606 896//1606 895//1606
f 915//1607 916//1607 897//1607
f 915//1608 897//1608 896//1608
f 916//1609 917//1609 898//1609
f 916//1610 898//1610 897//1610
f 917//1611 918//1611 899//1611
f 917//1612 899//1612 898//1612
f 918//1613 919//1613 900//1613
f 918//1505 900//1505 899//1505
f 919//1614 920//1614 901//1614
f 919//1615 901//1615 900//1615
f 920//1469 921//1469 902//1469
f 920//1616 902//1616 901//1616
f 921//1617 30//1617 32//1617
f 921//1618 32//1618 902//1618
f 65//1619 922//1619 903//1619
f 65//1620 903//1620 67//1620
f 922//1621 923//1621 904//1621
f 922//1622 904//1622 903//1622
f 923//1623 924//1623 905//1623
f 923//1624 905//1624 904//1624
f 924//1625 925//1625 906//1625
f 924//1626 906//1626 905//1626
f 925//1627 926//1627 907//1627
f 925//1628 907//1628 906//1628
f 926//1629 927//1629 908//1629
f 926//1630 908//1630 907//1630
f 927//1631 928//1631 909//1631
f 927//1632 909//1632 908//1632
f 928//1633 929//1633 910//1633
f 928//1634 910//1634 909//1634
f 929//1635 930//1635 911//1635
f 929//1636 911//1636 910//1636
f 930//1637 931//1637 912//1637
f 930//1638 912//1638 911//1638
f 931//1639 932//1639 913//1639
f 931//1601 913//1601 912//1601
f 932//1640 933//1640 914//1640
f 932//1641 914//1641 913//1641
f 933//1642 934//1642 915//1642
f 933//1643 915//1643 914//1643
f 934//1644 935//1644 916//1644
f 934//1645 916//1645 915//1645
f 935//1646 936//1646 917//1646
f 935//1647 917//1647 916//1647
f 936//1648 937//1648 918//1648
f 936//1649 918//1649 917//1649
f 937//1650 938//1650 919//1650
f 937//1651 919//1651 918//1651
f 938//1652 939//1652 920//1652
f 938//1653 920//1653 919//1653
f 939//1654 940//1654 921//1654
f 939//1655 921//1655 920//1655
f 940//1656 28//1656 30//1656
f 940//1657 30//1657 921//1657
f 63//1658 941//1658 922//1658
f 63//1659 922//1659 65//1659
f 941//1660 942//1660 923//1660
f 941//1661 923//1661 922//1661
f 942//1662 943//1662 924//1662
f 942//1663 924//1663 923//1663
f 943//1664 944//1664 925//1664
f 943//1665 925//1665 924//1665
f 944//1666 945//1666 926//1666
f 944//1667 926//1667 925//1667
f 945//1668 946//1668 927//1668
f 945//1669 927//1669 926//1669
f 946//1670 947//1670 928//1670
f 946//1671 928//1671 927//1671
f 947//1672 948//1672 929//1672
f 947//1673 929//1673 928//1673
f 948//1674 949//1674 930//1674
f 948//1675 930//1675 929//1675
f 949//1676 950//1676 931//1676
f 949//1677 931//1677 930//1677
f 950//1678 951//1678 932//1678
f 950//1679 932//1679 931//1679
f 951//1680 952//1680 933//1680
f 951//1681 933//1681 932//1681
f 952//1682 953//1682 934//1682
f 952//1683 934//1683 933//1683
f 953//1684 954//1684 935//1684
f 953//1685 935//1685 934//1685
f 954//1686 955//1686 936//1686
f 954//1687 936//1687 935//1687
f 955//1688 956//1688 937//1688
f 955//1689 937//1689 936//1689
f 956//1690 957//1690 938//1690
f 956//1691 938//1691 937//1691
f 957//1692 958//1692 939//1692
f 957//1693 939//1693 938//1693
f 958//1694 959//1694 940//1694
f 958//1695 940//1695 939//1695
f 959//1696 26//1696 28//1696
f 959//1697 28//1697 940//1697
f 19//1698 18//1698 941//1698
f 19//1699 941//1699 63//1699
f 18//1700 960//1700 942//1700
f 18//1701 942//1701 941//1701
f 960//1702 961//1702 943//1702
f 960//1703 943//1703 942//1703
f 961//1704 962//1704 944//1704
f 961//1705 944//1705 943//1705
f 962//1706 963//1706 945//1706
f 962//1707 945//1707 944//1707
f 963//1708 964//1708 946//1708
f 963//1709 946//1709 945//1709
f 964//1710 965//1710 947//1710
f 964//1711 947//1711 946//1711
f 965//1712 966//1712 948//1712
f 965//1713 948//1713 947//1713
f 966//1714 967//1714 949//1714
f 966//1715 949//1715 948//1715
f 967//1716 968//1716 950//1716
f 967//1717 950//1717 949//1717
f 968//1718 969//1718 951//1718
f 968//1719 951//1719 950//1719
f 969//1720 970//1720 952//1720
f 969//1721 952//1721 951//1721
f 970//1722 971//1722 953//1722
f 970//1723 953//1723 952//1723
f 971//1724 972//1724 954//1724
f 971//1725 954//1725 953//1725
f 972//1726 973//1726 955//1726
f 972//1727 955//1727 954//1727
f 973//1728 974//1728 956//1728
f 973//1729 956//1729 955//1729
f 974//1730 975//1730 957//1730
f 974//1731 957//1731 956//1731
f 975//1732 976//1732 958//1732
f 975//1733 958//1733 957//1733
f 976//1734 977//1734 959//1734
f 976//1735 959//1735 958//1735
f 977//1736 23//1736 26//1736
f 977//1737 26//1737 959//1737
f 12//1738 11//1738 978//1738
f 12//1739 978//1739 979//1739
f 979//1740 978//1740 980//1740
f 979//1741 980//1741 981//1741
f 981//1742 980//1742 982//1742
f 981//1743 982//1743 983//1743
f 983//1744 982//1744 984//1744
f 983//1745 984//1745 985//1745
f 985//1746 984//1746 986//1746
f 985//1747 986//1747 987//1747
f 987//1748 986//1748 988//1748
f 987//1749 988//1749 989//1749
f 989//1750 988//1750 990//1750
f 989//1751 990//1751 991//1751
f 991//1752 990//1752 992//1752
f 991//1753 992//1753 993//1753
f 993//1754 992//1754 994//1754
f 993//1755 994//1755 995//1755
f 995//1756 994//1756 996//1756
f 995//1757 996//1757 997//1757
f 997//1758 996//1758 998//1758
f 997//1759 998//1759 999//1759
f 999//1760 998//1760 1000//1760
f 999//1761 1000//1761 1001//1761
f 1001//1762 1000//1762 1002//1762
f 1001//1763 1002//1763 1003//1763
f 1003//1764 1002//1764 1004//1764
f 1003//1765 1004//1765 1005//1765
f 1005//1766 1004//1766 1006//1766
f 1005//1767 1006//1767 1007//1767
f 1007//1768 1006//1768 1008//1768
f 1007//1769 1008//1769 1009//1769
f 1009//1770 1008//1770 1010//1770
f 1009//1771 1010//1771 1011//1771
f 1011//1772 1010//1772 1012//1772
f 1011//1773 1012//1773 1013//1773
f 1013//1774 1012//1774 1014//1774
f 1013//1775 1014//1775 1015//1775
f 1015//1776 1014//1776 16//1776
f 1015//1777 16//1777 21//1777
f 1016//1778 24//1778 23//1778
f 1016//1779 23//1779 1017//1779
f 1017//1780 23//1780 977//1780
f 1017//1781 977//1781 1018//1781
f 1018//1782 977//1782 1019//1782
f 977//1783 976//1783 1019//1783
f 1019//1784 976//1784 1020//1784
f 976//1785 975//1785 1020//1785
f 1020//1786 975//1786 974//1786
f 1020//1787 974//1787 1021//1787
f 1021//1788 974//1788 973//1788
f 1021//1789 973//1789 1022//1789
f 1022//1790 973//1790 972//1790
f 1022//1791 972//1791 1023//1791
f 1023//1792 972//1792 971//1792
f 1023//1793 971//1793 1024//1793
f 1024//1794 971//1794 970//1794
f 1024//1795 970//1795 1025//1795
f 1025//1796 970//1796 969//1796
f 1025//1797 969//1797 1026//1797
f 1026//1798 969//1798 968//1798
f 1026//1799 968//1799 1027//1799
f 1027//1800 968//1800 967//1800
f 1027//1801 967//1801 1028//1801
f 1028//1802 967//1802 966//1802
f 1028//1803 966//1803 1029//1803
f 1029//1804 966//1804 965//1804
f 1029//1805 965//1805 1030//1805
f 1030//1806 965//1806 964//1806
f 1030//1807 964//1807 1031//1807
f 1031//1808 964//1808 963//1808
f 1031//1809 963//1809 1032//1809
f 1032//1810 963//1810 962//1810
f 1032//1811 962//1811 1033//1811
f 1033//1812 962//1812 961//1812
f 1033//1813 961//1813 1034//1813
f 1034//1814 961//1814 960//1814
f 1034//1815 960//1815 1035//1815
f 1035//1816 960//1816 18//1816
f 1035//1817 18//1817 17//1817
f 10//1818 581//1818 978//1818
f 10//1819 978//1819 11//1819
f 581//1820 583//1820 980//1820
f 581//1821 980//1821 978//1821
f 583//1822 585//1822 982//1822
f 583//1823 982//1823 980//1823
f 585//1824 587//1824 984//1824
f 585//1825 984//1825 982//1825
f 587//1826 589//1826 986//1826
f 587//1827 986//1827 984//1827
f 589//1828 591//1828 988//1828
f 589//1829 988//1829 986//1829
f 591//1830 593//1830 990//1830
f 591//1831 990//1831 988//1831
f 593//1832 595//1832 992//1832
f 593//1833 992//1833 990//1833
f 595//1834 597//1834 994//1834
f 595//1835 994//1835 992//1835
f 597//1836 599//1836 996//1836
f 597//1837 996//1837 994//1837
f 599//1838 601//1838 998//1838
f 599//1839 998//1839 996//1839
f 601//1840 603//1840 1000//1840
f 601//1841 1000//1841 998//1841
f 603//1842 605//1842 1002//1842
f 603//1843 1002//1843 1000//1843
f 605//1844 607//1844 1004//1844
f 605//1845 1004//1845 1002//1845
f 607//1846 609//1846 1006//1846
f 607//1847 1006//1847 1004//1847
f 609//1848 611//1848 1008//1848
f 609//1849 1008//1849 1006//1849
f 611//1850 613//1850 1010//1850
f 611//1851 1010//1851 1008//1851
f 613//1852 615//1852 1012//1852
f 613//1853 1012//1853 1010//1853
f 615//1854 617//1854 1014//1854
f 615//1855 1014//1855 1012//1855
f 617//1856 13//1856 16//1856
f 617//1857 16//1857 1014//1857
f 2//1858 182//1858 1036//1858
f 2//1859 1036//1859 3//1859
f 182//1860 184//1860 1037//1860
f 182//1861 1037//1861 1036//1861
f 184//1862 186//1862 1038//1862
f 184//1863 1038//1863 1037//1863
f 186//1864 188//1864 1039//1864
f 186//1865 1039//1865 1038//1865
f 188//1866 190//1866 1040//1866
f 188//1867 1040//1867 1039//1867
f 190//1868 192//1868 1041//1868
f 190//1869 1041//1869 1040//1869
f 192//1870 194//1870 1042//1870
f 192//1871 1042//1871 1041//1871
f 194//1872 196//1872 1043//1872
f 194//1873 1043//1873 1042//1873
f 196//1874 198//1874 1044//1874
f 196//1875 1044//1875 1043//1875
f 198//1876 200//1876 1045//1876
f 198//1877 1045//1877 1044//1877
f 200//1878 202//1878 1046//1878
f 200//1879 1046//1879 1045//1879
f 202//1880 204//1880 1047//1880
f 202//1881 1047//1881 1046//1881
f 204//1882 206//1882 1048//1882
f 204//1883 1048//1883 1047//1883
f 206//1884 208//1884 1049//1884
f 206//1885 1049//1885 1048//1885
f 208//1886 210//1886 1050//1886
f 208//1887 1050//1887 1049//1887
f 210//1888 212//1888 1051//1888
f 210//1889 1051//1889 1050//1889
f 212//1890 214//1890 1052//1890
f 212//1891 1052//1891 1051//1891
f 214//1892 216//1892 1053//1892
f 214//1893 1053//1893 1052//1893
f 216//1894 218//1894 1054//1894
f 216//1895 1054//1895 1053//1895
f 218//1896 5//1896 8//1896
f 218//1897 8//1897 1054//1897
f 579//1898 1055//1898 1056//1898
f 579//1899 1056//1899 101//1899
f 1055//1900 1057//1900 1058//1900
f 1055//1901 1058//1901 1056//1901
f 1057//1902 1059//1902 1060//1902
f 1057//1903 1060//1903 1058//1903
f 1059//1904 1061//1904 1062//1904
f 1059//1905 1062//1905 1060//1905
f 1061//1906 1063//1906 1064//1906
f 1061//1907 1064//1907 1062//1907
f 1063//1908 1065//1908 1066//1908
f 1063//1909 1066//1909 1064//1909
f 1065//1910 1067//1910 1068//1910
f 1065//1911 1068//1911 1066//1911
f 1067//1912 1069//1912 1070//1912
f 1067//1913 1070//1913 1068//1913
f 1069//1914 1071//1914 1072//1914
f 1069//1915 1072//1915 1070//1915
f 1071//1916 1073//1916 1074//1916
f 1071//1917 1074//1917 1072//1917
f 1073//1918 1075//1918 1076//1918
f 1073//1919 1076//1919 1074//1919
f 1075//1920 1077//1920 1078//1920
f 1075//1921 1078//1921 1076//1921
f 1077//1922 1079//1922 1080//1922
f 1077//1923 1080//1923 1078//1923
f 1079//1924 1081//1924 1082//1924
f 1079//1925 1082//1925 1080//1925
f 1081//1926 1083//1926 1084//1926
f 1081//1927 1084//1927 1082//1927
f 1083//1928 1085//1928 1086//1928
f 1083//1929 1086//1929 1084//1929
f 1085//1930 1087//1930 1088//1930
f 1085//1931 1088//1931 1086//1931
f 1087//1932 1089//1932 1090//1932
f 1087//1933 1090//1933 1088//1933
f 1089//1934 1091//1934 1092//1934
f 1089//1935 1092//1935 1090//1935
f 1091//1936 1035//1936 17//1936
f 1091//1937 17//1937 1092//1937
f 578//1938 1093//1938 1055//1938
f 578//1939 1055//1939 579//1939
f 1093//1940 1094//1940 1057//1940
f 1093//1941 1057//1941 1055//1941
f 1094//1942 1095//1942 1059//1942
f 1094//1943 1059//1943 1057//1943
f 1095//1944 1096//1944 1061//1944
f 1095//1945 1061//1945 1059//1945
f 1096//1946 1097//1946 1063//1946
f 1096//1947 1063//1947 1061//1947
f 1097//1948 1098//1948 1065//1948
f 1097//1949 1065//1949 1063//1949
f 1098//1950 1099//1950 1067//1950
f 1098//1951 1067//1951 1065//1951
f 1099//1952 1100//1952 1069//1952
f 1099//1953 1069//1953 1067//1953
f 1100//1954 1101//1954 1071//1954
f 1100//1955 1071//1955 1069//1955
f 1101//1956 1102//1956 1073//1956
f 1101//1957 1073//1957 1071//1957
f 1102//1958 1103//1958 1075//1958
f 1102//1959 1075//1959 1073//1959
f 1103//1960 1104//1960 1077//1960
f 1103//1961 1077//1961 1075//1961
f 1104//1962 1105//1962 1079//1962
f 1104//1963 1079//1963 1077//1963
f 1105//1964 1106//1964 1081//1964
f 1105//1965 1081//1965 1079//1965
f 1106//1966 1107//1966 1083//1966
f 1106//1967 1083//1967 1081//1967
f 1107//1968 1108//1968 1085//1968
f 1107//1969 1085//1969 1083//1969
f 1108//1970 1109//1970 1087//1970
f 1108//1971 1087//1971 1085//1971
f 1109//1972 1110//1972 1089//1972
f 1109//1973 1089//1973 1087//1973
f 1110//1974 1111//1974 1091//1974
f 1110//1975 1091//1975 1089//1975
f 1111//1976 1034//1976 1035//1976
f 1111//1977 1035//1977 1091//1977
f 577//1978 1112//1978 1093//1978
f 577//1979 1093//1979 578//1979
f 1112//1980 1113//1980 1094//1980
f 1112//1981 1094//1981 1093//1981
f 1113//1982 1114//1982 1095//1982
f 1113//1983 1095//1983 1094//1983
f 1114//1984 1115//1984 1096//1984
f 1114//1985 1096//1985 1095//1985
f 1115//1986 1116//1986 1097//1986
f 1115//1987 1097//1987 1096//1987
f 1116//1988 1117//1988 1098//1988
f 1116//1989 1098//1989 1097//1989
f 1117//1990 1118//1990 1099//1990
f 1117//1991 1099//1991 1098//1991
f 1118//1992 1119//1992 1100//1992
f 1118//1993 1100//1993 1099//1993
f 1119//1994 1120//1994 1101//1994
f 1119//1995 1101//1995 1100//1995
f 1120//1996 1121//1996 1102//1996
f 1120//1997 1102//1997 1101//1997
f 1121//1998 1122//1998 1103//1998
f 1121//1999 1103//1999 1102//1999
f 1122//2000 1123//2000 1104//2000
f 1122//2001 1104//2001 1103//2001
f 1123//2002 1124//2002 1105//2002
f 1123//2003 1105//2003 1104//2003
f 1124//2004 1125//2004 1106//2004
f 1124//2005 1106//2005 1105//2005
f 1125//2006 1126//2006 1107//2006
f 1125//2007 1107//2007 1106//2007
f 1126//2008 1127//2008 1108//2008
f 1126//2009 1108//2009 1107//2009
f 1127//2010 1128//2010 1109//2010
f 1127//2011 1109//2011 1108//2011
f 1128//2012 1129//2012 1110//2012
f 1128//2013 1110//2013 1109//2013
f 1129//2014 1130//2014 1111//2014
f 1129//2015 1111//2015 1110//2015
f 1130//2016 1033//2016 1034//2016
f 1130//2017 1034//2017 1111//2017
f 576//2018 1131//2018 1112//2018
f 576//2019 1112//2019 577//2019
f 1131//2020 1132//2020 1113//2020
f 1131//2021 1113//2021 1112//2021
f 1132//2022 1133//2022 1114//2022
f 1132//2023 1114//2023 1113//2023
f 1133//2024 1134//2024 1115//2024
f 1133//2025 1115//2025 1114//2025
f 1134//2026 1135//2026 1116//2026
f 1134//2027 1116//2027 1115//2027
f 1135//2028 1136//2028 1117//2028
f 1135//2029 1117//2029 1116//2029
f 1136//2030 1137//2030 1118//2030
f 1136//2031 1118//2031 1117//2031
f 1137//2032 1138//2032 1119//2032
f 1137//2033 1119//2033 1118//2033
f 1138//2034 1139//2034 1120//2034
f 1138//2035 1120//2035 1119//2035
f 1139//2036 1140//2036 1121//2036
f 1139//2037 1121//2037 1120//2037
f 1140//2038 1141//2038 1122//2038
f 1140//2039 1122//2039 1121//2039
f 1141//2040 1142//2040 1123//2040
f 1141//2041 1123//2041 1122//2041
f 1142//2042 1143//2042 1124//2042
f 1142//2043 1124//2043 1123//2043
f 1143//2044 1144//2044 1125//2044
f 1143//2045 1125//2045 1124//2045
f 1144//2046 1145//2046 1126//2046
f 1144//2047 1126//2047 1125//2047
f 1145//2048 1146//2048 1127//2048
f 1145//2049 1127//2049 1126//2049
f 1146//2050 1147//2050 1128//2050
f 1146//2051 1128//2051 1127//2051
f 1147//2052 1148//2052 1129//2052
f 1147//2053 1129//2053 1128//2053
f 1148//2054 1149//2054 1130//2054
f 1148//2055 1130//2055 1129//2055
f 1149//2056 1032//2056 1033//2056
f 1149//2057 1033//2057 1130//2057
f 575//2058 1150//2058 1131//2058
f 575//2059 1131//2059 576//2059
f 1150//2060 1151//2060 1132//2060
f 1150//2061 1132//2061 1131//2061
f 1151//2062 1152//2062 1133//2062
f 1151//2063 1133//2063 1132//2063
f 1152//2064 1153//2064 1134//2064
f 1152//2065 1134//2065 1133//2065
f 1153//2066 1154//2066 1135//2066
f 1153//2067 1135//2067 1134//2067
f 1154//2068 1155//2068 1136//2068
f 1154//2069 1136//2069 1135//2069
f 1155//2070 1156//2070 1137//2070
f 1155//2071 1137//2071 1136//2071
f 1156//2072 1157//2072 1138//2072
f 1156//2073 1138//2073 1137//2073
f 1157//2074 1158//2074 1139//2074
f 1157//2075 1139//2075 1138//2075
f 1158//2076 1159//2076 1140//2076
f 1158//2077 1140//2077 1139//2077
f 1159//2078 1160//2078 1141//2078
f 1159//2079 1141//2079 1140//2079
f 1160//2080 1161//2080 1142//2080
f 1160//2081 1142//2081 1141//2081
f 1161//2082 1162//2082 1143//2082
f 1161//2083 1143//2083 1142//2083
f 1162//2084 1163//2084 1144//2084
f 1162//2085 1144//2085 1143//2085
f 1163//2086 1164//2086 1145//2086
f 1163//2087 1145//2087 1144//2087
f 1164//2088 1165//2088 1146//2088
f 1164//2089 1146//2089 1145//2089
f 1165//2090 1166//2090 1147//2090
f 1165//2091 1147//2091 1146//2091
f 1166//2092 1167//2092 1148//2092
f 1166//2093 1148//2093 1147//2093
f 1167//2094 1168//2094 1149//2094
f 1167//2095 1149//2095 1148//2095
f 1168//2096 1031//2096 1032//2096
f 1168//2097 1032//2097 1149//2097
f 574//2098 1169//2098 1150//2098
f 574//2099 1150//2099 575//2099
f 1169//2100 1170//2100 1151//2100
f 1169//2101 1151//2101 1150//2101
f 1170//2102 1171//2102 1152//2102
f 1170//2103 1152//2103 1151//2103
f 1171//2104 1172//2104 1153//2104
f 1171//2105 1153//2105 1152//2105
f 1172//2106 1173//2106 1154//2106
f 1172//2107 1154//2107 1153//2107
f 1173//2108 1174//2108 1155//2108
f 1173//2109 1155//2109 1154//2109
f 1174//2110 1175//2110 1156//2110
f 1174//2111 1156//2111 1155//2111
f 1175//2112 1176//2112 1157//2112
f 1175//2113 1157//2113 1156//2113
f 1176//2114 1177//2114 1158//2114
f 1176//2115 1158//2115 1157//2115
f 1177//2116 1178//2116 1159//2116
f 1177//2117 1159//2117 1158//2117
f 1178//2118 1179//2118 1160//2118
f 1178//2119 1160//2119 1159//2119
f 1179//2120 1180//2120 1161//2120
f 1179//2121 1161//2121 1160//2121
f 1180//2122 1181//2122 1162//2122
f 1180//2123 1162//2123 1161//2123
f 1181//2124 1182//2124 1163//2124
f 1181//2125 1163//2125 1162//2125
f 1182//2126 1183//2126 1164//2126
f 1182//2127 1164//2127 1163//2127
f 1183//2128 1184//2128 1165//2128
f 1183//2129 1165//2129 1164//2129
f 1184//2130 1185//2130 1166//2130
f 1184//2131 1166//2131 1165//2131
f 1185//2132 1186//2132 1167//2132
f 1185//2133 1167//2133 1166//2133
f 1186//2134 1187//2134 1168//2134
f 1186//2135 1168//2135 1167//2135
f 1187//2136 1030//2136 1031//2136
f 1187//2137 1031//2137 1168//2137
f 573//2138 1188//2138 1169//2138
f 573//2139 1169//2139 574//2139
f 1188//2140 1189//2140 1170//2140
f 1188//2141 1170//2141 1169//2141
f 1189//2142 1190//2142 1171//2142
f 1189//2143 1171//2143 1170//2143
f 1190//2144 1191//2144 1172//2144
f 1190//2145 1172//2145 1171//2145
f 1191//2146 1192//2146 1173//2146
f 1191//2147 1173//2147 1172//2147
f 1192//2148 1193//2148 1174//2148
f 1192//2149 1174//2149 1173//2149
f 1193//2150 1194//2150 1175//2150
f 1193//2151 1175//2151 1174//2151
f 1194//2152 1195//2152 1176//2152
f 1194//2153 1176//2153 1175//2153
f 1195//2154 1196//2154 1177//2154
f 1195//2155 1177//2155 1176//2155
f 1196//2156 1197//2156 1178//2156
f 1196//2157 1178//2157 1177//2157
f 1197//2158 1198//2158 1179//2158
f 1197//2159 1179//2159 1178//2159
f 1198//2160 1199//2160 1180//2160
f 1198//2161 1180//2161 1179//2161
f 1199//2162 1200//2162 1181//2162
f 1199//2163 1181//2163 1180//2163
f 1200//2164 1201//2164 1182//2164
f 1200//2165 1182//2165 1181//2165
f 1201//2166 1202//2166 1183//2166
f 1201//2167 1183//2167 1182//2167
f 1202//2168 1203//2168 1184//2168
f 1202//2169 1184//2169 1183//2169
f 1203//2170 1204//2170 1185//2170
f 1203//2171 1185//2171 1184//2171
f 1204//2172 1205//2172 1186//2172
f 1204//2173 1186//2173 1185//2173
f 1205//2174 1206//2174 1187//2174
f 1205//2175 1187//2175 1186//2175
f 1206//2176 1029//2176 1030//2176
f 1206//2177 1030//2177 1187//2177
f 572//2178 1207//2178 1188//2178
f 572//2179 1188//2179 573//2179
f 1207//2180 1208//2180 1189//2180
f 1207//2181 1189//2181 1188//2181
f 1208//2182 1209//2182 1190//2182
f 1208//2183 1190//2183 1189//2183
f 1209//2184 1210//2184 1191//2184
f 1209//2185 1191//2185 1190//2185
f 1210//2186 1211//2186 1192//2186
f 1210//2187 1192//2187 1191//2187
f 1211//2188 1212//2188 1193//2188
f 1211//2189 1193//2189 1192//2189
f 1212//2190 1213//2190 1194//2190
f 1212//2191 1194//2191 1193//2191
f 1213//2192 1214//2192 1195//2192
f 1213//2193 1195//2193 1194//2193
f 1214//2194 1215//2194 1196//2194
f 1214//2195 1196//2195 1195//2195
f 1215//2196 1216//2196 1197//2196
f 1215//2197 1197//2197 1196//2197
f 1216//2198 1217//2198 1198//2198
f 1216//2199 1198//2199 1197//2199
f 1217//2200 1218//2200 1199//2200
f 1217//2160 1199//2160 1198//2160
f 1218//2201 1219//2201 1200//2201
f 1218//2202 1200//2202 1199//2202
f 1219//2203 1220//2203 1201//2203
f 1219//2204 1201//2204 1200//2204
f 1220//2205 1221//2205 1202//2205
f 1220//2206 1202//2206 1201//2206
f 1221//2207 1222//2207 1203//2207
f 1221//2208 1203//2208 1202//2208
f 1222//2209 1223//2209 1204//2209
f 1222//2210 1204//2210 1203//2210
f 1223//2211 1224//2211 1205//2211
f 1223//2212 1205//2212 1204//2212
f 1224//2213 1225//2213 1206//2213
f 1224//2214 1206//2214 1205//2214
f 1225//2215 1028//2215 1029//2215
f 1225//2216 1029//2216 1206//2216
f 571//2217 1226//2217 1207//2217
f 571//2218 1207//2218 572//2218
f 1226//2219 1227//2219 1208//2219
f 1226//2220 1208//2220 1207//2220
f 1227//2221 1228//2221 1209//2221
f 1227//2222 1209//2222 1208//2222
f 1228//2223 1229//2223 1210//2223
f 1228//2224 1210//2224 1209//2224
f 1229//2225 1230//2225 1211//2225
f 1229//2226 1211//2226 1210//2226
f 1230//2227 1231//2227 1212//2227
f 1230//2228 1212//2228 1211//2228
f 1231//2229 1232//2229 1213//2229
f 1231//2230 1213//2230 1212//2230
f 1232//2231 1233//2231 1214//2231
f 1232//2232 1214//2232 1213//2232
f 1233//2233 1234//2233 1215//2233
f 1233//2234 1215//2234 1214//2234
f 1234//2235 1235//2235 1216//2235
f 1234//2236 1216//2236 1215//2236
f 1235//2237 1236//2237 1217//2237
f 1235//2238 1217//2238 1216//2238
f 1236//2239 1237//2239 1218//2239
f 1236//2240 1218//2240 1217//2240
f 1237//2241 1238//2241 1219//2241
f 1237//2201 1219//2201 1218//2201
f 1238//2242 1239//2242 1220//2242
f 1238//2203 1220//2203 1219//2203
f 1239//2206 1240//2206 1221//2206
f 1239//2205 1221//2205 1220//2205
f 1240//2243 1241//2243 1222//2243
f 1240//2244 1222//2244 1221//2244
f 1241//2245 1242//2245 1223//2245
f 1241//2246 1223//2246 1222//2246
f 1242//2247 1243//2247 1224//2247
f 1242//2248 1224//2248 1223//2248
f 1243//2249 1244//2249 1225//2249
f 1243//2250 1225//2250 1224//2250
f 1244//2251 1027//2251 1028//2251
f 1244//2252 1028//2252 1225//2252
f 570//2253 1245//2253 1226//2253
f 570//2254 1226//2254 571//2254
f 1245//2255 1246//2255 1227//2255
f 1245//2256 1227//2256 1226//2256
f 1246//2257 1247//2257 1228//2257
f 1246//2258 1228//2258 1227//2258
f 1247//2259 1248//2259 1229//2259
f 1247//2260 1229//2260 1228//2260
f 1248//2261 1249//2261 1230//2261
f 1248//2262 1230//2262 1229//2262
f 1249//2263 1250//2263 1231//2263
f 1249//2264 1231//2264 1230//2264
f 1250//2265 1251//2265 1232//2265
f 1250//2266 1232//2266 1231//2266
f 1251//2267 1252//2267 1233//2267
f 1251//2268 1233//2268 1232//2268
f 1252//2269 1253//2269 1234//2269
f 1252//2270 1234//2270 1233//2270
f 1253//2271 1254//2271 1235//2271
f 1253//2272 1235//2272 1234//2272
f 1254//2273 1255//2273 1236//2273
f 1254//2274 1236//2274 1235//2274
f 1255//2275 1256//2275 1237//2275
f 1255//2276 1237//2276 1236//2276
f 1256//2277 1257//2277 1238//2277
f 1256//2278 1238//2278 1237//2278
f 1257//2279 1258//2279 1239//2279
f 1257//2280 1239//2280 1238//2280
f 1258//2281 1259//2281 1240//2281
f 1258//2282 1240//2282 1239//2282
f 1259//2283 1260//2283 1241//2283
f 1259//2284 1241//2284 1240//2284
f 1260//2285 1261//2285 1242//2285
f 1260//2286 1242//2286 1241//2286
f 1261//2287 1262//2287 1243//2287
f 1261//2288 1243//2288 1242//2288
f 1262//2289 1263//2289 1244//2289
f 1262//2290 1244//2290 1243//2290
f 1263//2291 1026//2291 1027//2291
f 1263//2292 1027//2292 1244//2292
f 569//2293 1264//2293 1245//2293
f 569//2294 1245//2294 570//2294
f 1264//2295 1265//2295 1246//2295
f 1264//2296 1246//2296 1245//2296
f 1265//2297 1266//2297 1247//2297
f 1265//2298 1247//2298 1246//2298
f 1266//2299 1267//2299 1248//2299
f 1266//2300 1248//2300 1247//2300
f 1267//2301 1268//2301 1249//2301
f 1267//2302 1249//2302 1248//2302
f 1268//2303 1269//2303 1250//2303
f 1268//2304 1250//2304 1249//2304
f 1269//2305 1270//2305 1251//2305
f 1269//2306 1251//2306 1250//2306
f 1270//2307 1271//2307 1252//2307
f 1270//2308 1252//2308 1251//2308
f 1271//2309 1272//2309 1253//2309
f 1271//2310 1253//2310 1252//2310
f 1272//2311 1273//2311 1254//2311
f 1272//2312 1254//2312 1253//2312
f 1273//2313 1274//2313 1255//2313
f 1273//2314 1255//2314 1254//2314
f 1274//2315 1275//2315 1256//2315
f 1274//2316 1256//2316 1255//2316
f 1275//2317 1276//2317 1257//2317
f 1275//2318 1257//2318 1256//2318
f 1276//2319 1277//2319 1258//2319
f 1276//2320 1258//2320 1257//2320
f 1277//2321 1278//2321 1259//2321
f 1277//2322 1259//2322 1258//2322
f 1278//2323 1279//2323 1260//2323
f 1278//2324 1260//2324 1259//2324
f 1279//2325 1280//2325 1261//2325
f 1279//2326 1261//2326 1260//2326
f 1280//2327 1281//2327 1262//2327
f 1280//2328 1262//2328 1261//2328
f 1281//2329 1282//2329 1263//2329
f 1281//2330 1263//2330 1262//2330
f 1282//2331 1025//2331 1026//2331
f 1282//2332 1026//2332 1263//2332
f 568//2333 1283//2333 1264//2333
f 568//2334 1264//2334 569//2334
f 1283//2335 1284//2335 1265//2335
f 1283//2336 1265//2336 1264//2336
f 1284//2337 1285//2337 1266//2337
f 1284//2338 1266//2338 1265//2338
f 1285//2339 1286//2339 1267//2339
f 1285//2340 1267//2340 1266//2340
f 1286//2341 1287//2341 1268//2341
f 1286//2342 1268//2342 1267//2342
f 1287//2343 1288//2343 1269//2343
f 1287//2344 1269//2344 1268//2344
f 1288//2345 1289//2345 1270//2345
f 1288//2346 1270//2346 1269//2346
f 1289//2347 1290//2347 1271//2347
f 1289//2348 1271//2348 1270//2348
f 1290//2349 1291//2349 1272//2349
f 1290//2350 1272//2350 1271//2350
f 1291//2351 1292//2351 1273//2351
f 1291//2352 1273//2352 1272//2352
f 1292//2353 1293//2353 1274//2353
f 1292//2354 1274//2354 1273//2354
f 1293//2355 1294//2355 1275//2355
f 1293//2356 1275//2356 1274//2356
f 1294//2357 1295//2357 1276//2357
f 1294//2358 1276//2358 1275//2358
f 1295//2359 1296//2359 1277//2359
f 1295//2360 1277//2360 1276//2360
f 1296//2361 1297//2361 1278//2361
f 1296//2362 1278//2362 1277//2362
f 1297//2363 1298//2363 1279//2363
f 1297//2364 1279//2364 1278//2364
f 1298//2365 1299//2365 1280//2365
f 1298//2366 1280//2366 1279//2366
f 1299//2367 1300//2367 1281//2367
f 1299//2368 1281//2368 1280//2368
f 1300//2369 1301//2369 1282//2369
f 1300//2370 1282//2370 1281//2370
f 1301//2371 1024//2371 1025//2371
f 1301//2372 1025//2372 1282//2372
f 567//2373 1302//2373 1283//2373
f 567//2374 1283//2374 568//2374
f 1302//2375 1303//2375 1284//2375
f 1302//2376 1284//2376 1283//2376
f 1303//2377 1304//2377 1285//2377
f 1303//2378 1285//2378 1284//2378
f 1304//2379 1305//2379 1286//2379
f 1304//2380 1286//2380 1285//2380
f 1305//2381 1306//2381 1287//2381
f 1305//2382 1287//2382 1286//2382
f 1306//2383 1307//2383 1288//2383
f 1306//2384 1288//2384 1287//2384
f 1307//2385 1308//2385 1289//2385
f 1307//2386 1289//2386 1288//2386
f 1308//2387 1309//2387 1290//2387
f 1308//2388 1290//2388 1289//2388
f 1309//2389 1310//2389 1291//2389
f 1309//2390 1291//2390 1290//2390
f 1310//2391 1311//2391 1292//2391
f 1310//2392 1292//2392 1291//2392
f 1311//2393 1312//2393 1293//2393
f 1311//2394 1293//2394 1292//2394
f 1312//2395 1313//2395 1294//2395
f 1312//2396 1294//2396 1293//2396
f 1313//2397 1314//2397 1295//2397
f 1313//2398 1295//2398 1294//2398
f 1314//2399 1315//2399 1296//2399
f 1314//2400 1296//2400 1295//2400
f 1315//2401 1316//2401 1297//2401
f 1315//2402 1297//2402 1296//2402
f 1316//2403 1317//2403 1298//2403
f 1316//2404 1298//2404 1297//2404
f 1317//2405 1318//2405 1299//2405
f 1317//2406 1299//2406 1298//2406
f 1318//2407 1319//2407 1300//2407
f 1318//2408 1300//2408 1299//2408
f 1319//2409 1320//2409 1301//2409
f 1319//2410 1301//2410 1300//2410
f 1320//2411 1023//2411 1024//2411
f 1320//2412 1024//2412 1301//2412
f 566//2413 1321//2413 1302//2413
f 566//2414 1302//2414 567//2414
f 1321//2415 1322//2415 1303//2415
f 1321//2416 1303//2416 1302//2416
f 1322//2417 1323//2417 1304//2417
f 1322//2418 1304//2418 1303//2418
f 1323//2419 1324//2419 1305//2419
f 1323//2420 1305//2420 1304//2420
f 1324//2421 1325//2421 1306//2421
f 1324//2422 1306//2422 1305//2422
f 1325//2423 1326//2423 1307//2423
f 1325//2424 1307//2424 1306//2424
f 1326//2425 1327//2425 1308//2425
f 1326//2426 1308//2426 1307//2426
f 1327//2427 1328//2427 1309//2427
f 1327//2428 1309//2428 1308//2428
f 1328//2429 1329//2429 1310//2429
f 1328//2430 1310//2430 1309//2430
f 1329//2431 1330//2431 1311//2431
f 1329//2432 1311//2432 1310//2432
f 1330//2433 1331//2433 1312//2433
f 1330//2434 1312//2434 1311//2434
f 1331//2435 1332//2435 1313//2435
f 1331//2436 1313//2436 1312//2436
f 1332//2437 1333//2437 1314//2437
f 1332//2438 1314//2438 1313//2438
f 1333//2439 1334//2439 1315//2439
f 1333//2440 1315//2440 1314//2440
f 1334//2441 1335//2441 1316//2441
f 1334//2442 1316//2442 1315//2442
f 1335//2443 1336//2443 1317//2443
f 1335//2444 1317//2444 1316//2444
f 1336//2445 1337//2445 1318//2445
f 1336//2446 1318//2446 1317//2446
f 1337//2447 1338//2447 1319//2447
f 1337//2448 1319//2448 1318//2448
f 1338//2449 1339//2449 1320//2449
f 1338//2450 1320//2450 1319//2450
f 1339//2451 1022//2451 1023//2451
f 1339//2452 1023//2452 1320//2452
f 565//2453 1340//2453 1321//2453
f 565//2454 1321//2454 566//2454
f 1340//2455 1341//2455 1322//2455
f 1340//2456 1322//2456 1321//2456
f 1341//2457 1342//2457 1323//2457
f 1341//2458 1323//2458 1322//2458
f 1342//2459 1343//2459 1324//2459
f 1342//2460 1324//2460 1323//2460
f 1343//2461 1344//2461 1325//2461
f 1343//2462 1325//2462 1324//2462
f 1344//2463 1345//2463 1326//2463
f 1344//2464 1326//2464 1325//2464
f 1345//2465 1346//2465 1327//2465
f 1345//2466 1327//2466 1326//2466
f 1346//2467 1347//2467 1328//2467
f 1346//2468 1328//2468 1327//2468
f 1347//2469 1348//2469 1329//2469
f 1347//2470 1329//2470 1328//2470
f 1348//2471 1349//2471 1330//2471
f 1348//2472 1330//2472 1329//2472
f 1349//2473 1350//2473 1331//2473
f 1349//2474 1331//2474 1330//2474
f 1350//2475 1351//2475 1332//2475
f 1350//2476 1332//2476 1331//2476
f 1351//2477 1352//2477 1333//2477
f 1351//2478 1333//2478 1332//2478
f 1352//2479 1353//2479 1334//2479
f 1352//2480 1334//2480 1333//2480
f 1353//2481 1354//2481 1335//2481
f 1353//2482 1335//2482 1334//2482
f 1354//2483 1355//2483 1336//2483
f 1354//2484 1336//2484 1335//2484
f 1355//2485 1356//2485 1337//2485
f 1355//2486 1337//2486 1336//2486
f 1356//2487 1357//2487 1338//2487
f 1356//2488 1338//2488 1337//2488
f 1357//2489 1358//2489 1339//2489
f 1357//2490 1339//2490 1338//2490
f 1358//2491 1021//2491 1022//2491
f 1358//2492 1022//2492 1339//2492
f 564//2493 1359//2493 1340//2493
f 564//2494 1340//2494 565//2494
f 1359//2495 1360//2495 1341//2495
f 1359//2496 1341//2496 1340//2496
f 1360//2497 1361//2497 1342//2497
f 1360//2498 1342//2498 1341//2498
f 1361//2499 1362//2499 1343//2499
f 1361//2500 1343//2500 1342//2500
f 1362//2501 1363//2501 1344//2501
f 1362//2502 1344//2502 1343//2502
f 1363//2503 1364//2503 1345//2503
f 1363//2504 1345//2504 1344//2504
f 1364//2505 1365//2505 1346//2505
f 1364//2506 1346//2506 1345//2506
f 1365//2507 1366//2507 1347//2507
f 1365//2508 1347//2508 1346//2508
f 1366//2509 1367//2509 1348//2509
f 1366//2510 1348//2510 1347//2510
f 1367//2511 1368//2511 1349//2511
f 1367//2512 1349//2512 1348//2512
f 1368//2513 1369//2513 1350//2513
f 1368//2514 1350//2514 1349//2514
f 1369//2515 1370//2515 1351//2515
f 1369//2516 1351//2516 1350//2516
f 1370//2517 1371//2517 1352//2517
f 1370//2518 1352//2518 1351//2518
f 1371//2519 1372//2519 1353//2519
f 1371//2520 1353//2520 1352//2520
f 1372//2521 1373//2521 1354//2521
f 1372//2522 1354//2522 1353//2522
f 1373//2523 1374//2523 1355//2523
f 1373//2524 1355//2524 1354//2524
f 1374//2525 1375//2525 1356//2525
f 1374//2526 1356//2526 1355//2526
f 1375//2527 1376//2527 1357//2527
f 1375//2528 1357//2528 1356//2528
f 1376//2529 1377//2529 1358//2529
f 1376//2530 1358//2530 1357//2530
f 1377//2531 1020//2531 1021//2531
f 1377//2532 1021//2532 1358//2532
f 563//2533 1378//2533 1359//2533
f 563//2534 1359//2534 564//2534
f 1378//2535 1379//2535 1360//2535
f 1378//2536 1360//2536 1359//2536
f 1379//2537 1380//2537 1361//2537
f 1379//2538 1361//2538 1360//2538
f 1380//2539 1381//2539 1362//2539
f 1380//2540 1362//2540 1361//2540
f 1381//2541 1382//2541 1363//2541
f 1381//2542 1363//2542 1362//2542
f 1382//2543 1383//2543 1364//2543
f 1382//2544 1364//2544 1363//2544
f 1383//2545 1384//2545 1365//2545
f 1383//2546 1365//2546 1364//2546
f 1384//2547 1385//2547 1366//2547
f 1384//2548 1366//2548 1365//2548
f 1385//2549 1386//2549 1367//2549
f 1385//2550 1367//2550 1366//2550
f 1386//2551 1387//2551 1368//2551
f 1386//2552 1368//2552 1367//2552
f 1387//2553 1388//2553 1369//2553
f 1387//2554 1369//2554 1368//2554
f 1388//2555 1389//2555 1370//2555
f 1388//2556 1370//2556 1369//2556
f 1389//2557 1390//2557 1371//2557
f 1389//2558 1371//2558 1370//2558
f 1390//2559 1391//2559 1372//2559
f 1390//2560 1372//2560 1371//2560
f 1391//2561 1392//2561 1373//2561
f 1391//2562 1373//2562 1372//2562
f 1392//2563 1393//2563 1374//2563
f 1392//2564 1374//2564 1373//2564
f 1393//2565 1394//2565 1375//2565
f 1393//2566 1375//2566 1374//2566
f 1394//2567 1395//2567 1376//2567
f 1394//2568 1376//2568 1375//2568
f 1395//2569 1396//2569 1377//2569
f 1395//2570 1377//2570 1376//2570
f 1396//2571 1019//2571 1377//2571
f 1019//2572 1020//2572 1377//2572
f 562//2573 1397//2573 1378//2573
f 562//2574 1378//2574 563//2574
f 1397//2575 1398//2575 1379//2575
f 1397//2576 1379//2576 1378//2576
f 1398//2577 1399//2577 1380//2577
f 1398//2578 1380//2578 1379//2578
f 1399//2579 1400//2579 1381//2579
f 1399//2580 1381//2580 1380//2580
f 1400//2581 1401//2581 1382//2581
f 1400//2582 1382//2582 1381//2582
f 1401//2583 1402//2583 1383//2583
f 1401//2584 1383//2584 1382//2584
f 1402//2585 1403//2585 1384//2585
f 1402//2586 1384//2586 1383//2586
f 1403//2587 1404//2587 1385//2587
f 1403//2588 1385//2588 1384//2588
f 1404//2589 1405//2589 1386//2589
f 1404//2590 1386//2590 1385//2590
f 1405//2591 1406//2591 1387//2591
f 1405//2592 1387//2592 1386//2592
f 1406//2593 1407//2593 1388//2593
f 1406//2594 1388//2594 1387//2594
f 1407//2595 1408//2595 1389//2595
f 1407//2596 1389//2596 1388//2596
f 1408//2597 1409//2597 1390//2597
f 1408//2598 1390//2598 1389//2598
f 1409//2599 1410//2599 1391//2599
f 1409//2600 1391//2600 1390//2600
f 1410//2601 1411//2601 1392//2601
f 1410//2602 1392//2602 1391//2602
f 1411//2603 1412//2603 1393//2603
f 1411//2604 1393//2604 1392//2604
f 1412//2605 1413//2605 1394//2605
f 1412//2606 1394//2606 1393//2606
f 1413//2607 1414//2607 1395//2607
f 1413//2608 1395//2608 1394//2608
f 1414//2609 1415//2609 1396//2609
f 1414//2610 1396//2610 1395//2610
f 1415//2611 1018//2611 1396//2611
f 1018//2612 1019//2612 1396//2612
f 561//2613 1416//2613 1397//2613
f 561//2614 1397//2614 562//2614
f 1416//2615 1417//2615 1398//2615
f 1416//2616 1398//2616 1397//2616
f 1417//2617 1418//2617 1399//2617
f 1417//2618 1399//2618 1398//2618
f 1418//2619 1419//2619 1400//2619
f 1418//2620 1400//2620 1399//2620
f 1419//2621 1420//2621 1401//2621
f 1419//2622 1401//2622 1400//2622
f 1420//2623 1421//2623 1402//2623
f 1420//2624 1402//2624 1401//2624
f 1421//2625 1422//2625 1403//2625
f 1421//2626 1403//2626 1402//2626
f 1422//2627 1423//2627 1404//2627
f 1422//2628 1404//2628 1403//2628
f 1423//2629 1424//2629 1405//2629
f 1423//2630 1405//2630 1404//2630
f 1424//2631 1425//2631 1406//2631
f 1424//2632 1406//2632 1405//2632
f 1425//2633 1426//2633 1407//2633
f 1425//2634 1407//2634 1406//2634
f 1426//2635 1427//2635 1408//2635
f 1426//2636 1408//2636 1407//2636
f 1427//2637 1428//2637 1409//2637
f 1427//2638 1409//2638 1408//2638
f 1428//2639 1429//2639 1410//2639
f 1428//2640 1410//2640 1409//2640
f 1429//2641 1430//2641 1411//2641
f 1429//2642 1411//2642 1410//2642
f 1430//2643 1431//2643 1412//2643
f 1430//2644 1412//2644 1411//2644
f 1431//2645 1432//2645 1413//2645
f 1431//2646 1413//2646 1412//2646
f 1432//2647 1433//2647 1414//2647
f 1432//2648 1414//2648 1413//2648
f 1433//2649 1434//2649 1415//2649
f 1433//2650 1415//2650 1414//2650
f 1434//2651 1017//2651 1018//2651
f 1434//2652 1018//2652 1415//2652
f 142//2653 141//2653 1416//2653
f 142//2654 1416//2654 561//2654
f 141//2655 1435//2655 1417//2655
f 141//2656 1417//2656 1416//2656
f 1435//2657 1436//2657 1418//2657
f 1435//2658 1418//2658 1417//2658
f 1436//2659 1437//2659 1419//2659
f 1436//2660 1419//2660 1418//2660
f 1437//2661 1438//2661 1420//2661
f 1437//2662 1420//2662 1419//2662
f 1438//2663 1439//2663 1421//2663
f 1438//2664 1421//2664 1420//2664
f 1439//2665 1440//2665 1422//2665
f 1439//2666 1422//2666 1421//2666
f 1440//2667 1441//2667 1423//2667
f 1440//2668 1423//2668 1422//2668
f 1441//2669 1442//2669 1424//2669
f 1441//2670 1424//2670 1423//2670
f 1442//2671 1443//2671 1425//2671
f 1442//2672 1425//2672 1424//2672
f 1443//2673 1444//2673 1426//2673
f 1443//2674 1426//2674 1425//2674
f 1444//2675 1445//2675 1427//2675
f 1444//2676 1427//2676 1426//2676
f 1445//2677 1446//2677 1428//2677
f 1445//2678 1428//2678 1427//2678
f 1446//2679 1447//2679 1429//2679
f 1446//2680 1429//2680 1428//2680
f 1447//2681 1448//2681 1430//2681
f 1447//2682 1430//2682 1429//2682
f 1448//2683 1449//2683 1431//2683
f 1448//2684 1431//2684 1430//2684
f 1449//2685 1450//2685 1432//2685
f 1449//2686 1432//2686 1431//2686
f 1450//2687 1451//2687 1433//2687
f 1450//2688 1433//2688 1432//2688
f 1451//2689 1452//2689 1434//2689
f 1451//2690 1434//2690 1433//2690
f 1452//2691 1016//2691 1017//2691
f 1452//2692 1017//2692 1434//2692
f 1037//2693 1453//2693 1454//2693
f 1037//2694 1454//2694 1036//2694
f 1453//2695 1455//2695 1456//2695
f 1453//2696 1456//2696 1454//2696
f 1455//2697 1457//2697 1458//2697
f 1455//2698 1458//2698 1456//2698
f 1457//2699 1459//2699 1460//2699
f 1457//2700 1460//2700 1458//2700
f 1459//2701 1461//2701 1462//2701
f 1459//2702 1462//2702 1460//2702
f 1461//2703 1463//2703 1464//2703
f 1461//2704 1464//2704 1462//2704
f 1463//2705 1465//2705 1466//2705
f 1463//2706 1466//2706 1464//2706
f 1465//2707 1467//2707 1468//2707
f 1465//2708 1468//2708 1466//2708
f 1467//2709 1469//2709 1470//2709
f 1467//2710 1470//2710 1468//2710
f 1469//2711 1471//2711 1472//2711
f 1469//2712 1472//2712 1470//2712
f 1471//2713 1473//2713 1474//2713
f 1471//2714 1474//2714 1472//2714
f 1473//2715 1475//2715 1476//2715
f 1473//2716 1476//2716 1474//2716
f 1475//2717 1477//2717 1478//2717
f 1475//2718 1478//2718 1476//2718
f 1477//2719 1479//2719 1480//2719
f 1477//2720 1480//2720 1478//2720
f 1479//2721 1481//2721 1482//2721
f 1479//2722 1482//2722 1480//2722
f 1481//2723 1483//2723 1484//2723
f 1481//2724 1484//2724 1482//2724
f 1483//2725 1485//2725 1486//2725
f 1483//2726 1486//2726 1484//2726
f 1485//2727 1487//2727 1488//2727
f 1485//2728 1488//2728 1486//2728
f 1487//2729 1489//2729 1490//2729
f 1487//2730 1490//2730 1488//2730
f 1489//2731 1015//2731 21//2731
f 1489//2732 21//2732 1490//2732
f 1038//2733 1491//2733 1453//2733
f 1038//2734 1453//2734 1037//2734
f 1491//2735 1492//2735 1455//2735
f 1491//2736 1455//2736 1453//2736
f 1492//2737 1493//2737 1457//2737
f 1492//2738 1457//2738 1455//2738
f 1493//2739 1494//2739 1459//2739
f 1493//2740 1459//2740 1457//2740
f 1494//2741 1495//2741 1461//2741
f 1494//2742 1461//2742 1459//2742
f 1495//2743 1496//2743 1463//2743
f 1495//2744 1463//2744 1461//2744
f 1496//2745 1497//2745 1465//2745
f 1496//2746 1465//2746 1463//2746
f 1497//2747 1498//2747 1467//2747
f 1497//2748 1467//2748 1465//2748
f 1498//2749 1499//2749 1469//2749
f 1498//2750 1469//2750 1467//2750
f 1499//2751 1500//2751 1471//2751
f 1499//2752 1471//2752 1469//2752
f 1500//2753 1501//2753 1473//2753
f 1500//2754 1473//2754 1471//2754
f 1501//2755 1502//2755 1475//2755
f 1501//2756 1475//2756 1473//2756
f 1502//2757 1503//2757 1477//2757
f 1502//2758 1477//2758 1475//2758
f 1503//2759 1504//2759 1479//2759
f 1503//2760 1479//2760 1477//2760
f 1504//2761 1505//2761 1481//2761
f 1504//2762 1481//2762 1479//2762
f 1505//2763 1506//2763 1483//2763
f 1505//2764 1483//2764 1481//2764
f 1506//2765 1507//2765 1485//2765
f 1506//2766 1485//2766 1483//2766
f 1507//2767 1508//2767 1487//2767
f 1507//2768 1487//2768 1485//2768
f 1508//2769 1509//2769 1489//2769
f 1508//2770 1489//2770 1487//2770
f 1509//2771 1013//2771 1015//2771
f 1509//2772 1015//2772 1489//2772
f 1039//2773 1510//2773 1491//2773
f 1039//2774 1491//2774 1038//2774
f 1510//2775 1511//2775 1492//2775
f 1510//2776 1492//2776 1491//2776
f 1511//2777 1512//2777 1493//2777
f 1511//2778 1493//2778 1492//2778
f 1512//2779 1513//2779 1494//2779
f 1512//2780 1494//2780 1493//2780
f 1513//2781 1514//2781 1495//2781
f 1513//2782 1495//2782 1494//2782
f 1514//2783 1515//2783 1496//2783
f 1514//2784 1496//2784 1495//2784
f 1515//2785 1516//2785 1497//2785
f 1515//2786 1497//2786 1496//2786
f 1516//2787 1517//2787 1498//2787
f 1516//2788 1498//2788 1497//2788
f 1517//2789 1518//2789 1499//2789
f 1517//2790 1499//2790 1498//2790
f 1518//2791 1519//2791 1500//2791
f 1518//2792 1500//2792 1499//2792
f 1519//2793 1520//2793 1501//2793
f 1519//2794 1501//2794 1500//2794
f 1520//2795 1521//2795 1502//2795
f 1520//2796 1502//2796 1501//2796
f 1521//2797 1522//2797 1503//2797
f 1521//2798 1503//2798 1502//2798
f 1522//2799 1523//2799 1504//2799
f 1522//2800 1504//2800 1503//2800
f 1523//2801 1524//2801 1505//2801
f 1523//2802 1505//2802 1504//2802
f 1524//2803 1525//2803 1506//2803
f 1524//2804 1506//2804 1505//2804
f 1525//2805 1526//2805 1507//2805
f 1525//2806 1507//2806 1506//2806
f 1526//2807 1527//2807 1508//2807
f 1526//2808 1508//2808 1507//2808
f 1527//2809 1528//2809 1509//2809
f 1527//2810 1509//2810 1508//2810
f 1528//2811 1011//2811 1013//2811
f 1528//2812 1013//2812 1509//2812
f 1040//2813 1529//2813 1510//2813
f 1040//2814 1510//2814 1039//2814
f 1529//2815 1530//2815 1511//2815
f 1529//2816 1511//2816 1510//2816
f 1530//2817 1531//2817 1512//2817
f 1530//2818 1512//2818 1511//2818
f 1531//2819 1532//2819 1513//2819
f 1531//2820 1513//2820 1512//2820
f 1532//2821 1533//2821 1514//2821
f 1532//2822 1514//2822 1513//2822
f 1533//2823 1534//2823 1515//2823
f 1533//2824 1515//2824 1514//2824
f 1534//2825 1535//2825 1516//2825
f 1534//2826 1516//2826 1515//2826
f 1535//2827 1536//2827 1517//2827
f 1535//2828 1517//2828 1516//2828
f 1536//2829 1537//2829 1518//2829
f 1536//2830 1518//2830 1517//2830
f 1537//2831 1538//2831 1519//2831
f 1537//2832 1519//2832 1518//2832
f 1538//2833 1539//2833 1520//2833
f 1538//2834 1520//2834 1519//2834
f 1539//2835 1540//2835 1521//2835
f 1539//2836 1521//2836 1520//2836
f 1540//2837 1541//2837 1522//2837
f 1540//2838 1522//2838 1521//2838
f 1541//2839 1542//2839 1523//2839
f 1541//2840 1523//2840 1522//2840
f 1542//2841 1543//2841 1524//2841
f 1542//2842 1524//2842 1523//2842
f 1543//2843 1544//2843 1525//2843
f 1543//2844 1525//2844 1524//2844
f 1544//2845 1545//2845 1526//2845
f 1544//2846 1526//2846 1525//2846
f 1545//2847 1546//2847 1527//2847
f 1545//2848 1527//2848 1526//2848
f 1546//2849 1547//2849 1528//2849
f 1546//2850 1528//2850 1527//2850
f 1547//2851 1009//2851 1011//2851
f 1547//2852 1011//2852 1528//2852
f 1041//2853 1548//2853 1529//2853
f 1041//2854 1529//2854 1040//2854
f 1548//2855 1549//2855 1530//2855
f 1548//2856 1530//2856 1529//2856
f 1549//2857 1550//2857 1531//2857
f 1549//2858 1531//2858 1530//2858
f 1550//2859 1551//2859 1532//2859
f 1550//2860 1532//2860 1531//2860
f 1551//2861 1552//2861 1533//2861
f 1551//2862 1533//2862 1532//2862
f 1552//2863 1553//2863 1534//2863
f 1552//2864 1534//2864 1533//2864
f 1553//2865 1554//2865 1535//2865
f 1553//2866 1535//2866 1534//2866
f 1554//2867 1555//2867 1536//2867
f 1554//2868 1536//2868 1535//2868
f 1555//2869 1556//2869 1537//2869
f 1555//2870 1537//2870 1536//2870
f 1556//2871 1557//2871 1538//2871
f 1556//2872 1538//2872 1537//2872
f 1557//2873 1558//2873 1539//2873
f 1557//2874 1539//2874 1538//2874
f 1558//2875 1559//2875 1540//2875
f 1558//2876 1540//2876 1539//2876
f 1559//2877 1560//2877 1541//2877
f 1559//2878 1541//2878 1540//2878
f 1560//2879 1561//2879 1542//2879
f 1560//2880 1542//2880 1541//2880
f 1561//2881 1562//2881 1543//2881
f 1561//2882 1543//2882 1542//2882
f 1562//2883 1563//2883 1544//2883
f 1562//2884 1544//2884 1543//2884
f 1563//2885 1564//2885 1545//2885
f 1563//2886 1545//2886 1544//2886
f 1564//2887 1565//2887 1546//2887
f 1564//2888 1546//2888 1545//2888
f 1565//2889 1566//2889 1547//2889
f 1565//2890 1547//2890 1546//2890
f 1566//2891 1007//2891 1009//2891
f 1566//2892 1009//2892 1547//2892
f 1042//2893 1567//2893 1548//2893
f 1042//2894 1548//2894 1041//2894
f 1567//2895 1568//2895 1549//2895
f 1567//2896 1549//2896 1548//2896
f 1568//2897 1569//2897 1550//2897
f 1568//2898 1550//2898 1549//2898
f 1569//2899 1570//2899 1551//2899
f 1569//2900 1551//2900 1550//2900
f 1570//2901 1571//2901 1552//2901
f 1570//2902 1552//2902 1551//2902
f 1571//2903 1572//2903 1553//2903
f 1571//2904 1553//2904 1552//2904
f 1572//2905 1573//2905 1554//2905
f 1572//2906 1554//2906 1553//2906
f 1573//2907 1574//2907 1555//2907
f 1573//2908 1555//2908 1554//2908
f 1574//2909 1575//2909 1556//2909
f 1574//2910 1556//2910 1555//2910
f 1575//2911 1576//2911 1557//2911
f 1575//2912 1557//2912 1556//2912
f 1576//2913 1577//2913 1558//2913
f 1576//2914 1558//2914 1557//2914
f 1577//2915 1578//2915 1559//2915
f 1577//2916 1559//2916 1558//2916
f 1578//2917 1579//2917 1560//2917
f 1578//2918 1560//2918 1559//2918
f 1579//2919 1580//2919 1561//2919
f 1579//2920 1561//2920 1560//2920
f 1580//2921 1581//2921 1562//2921
f 1580//2922 1562//2922 1561//2922
f 1581//2923 1582//2923 1563//2923
f 1581//2924 1563//2924 1562//2924
f 1582//2925 1583//2925 1564//2925
f 1582//2926 1564//2926 1563//2926
f 1583//2927 1584//2927 1565//2927
f 1583//2928 1565//2928 1564//2928
f 1584//2929 1585//2929 1566//2929
f 1584//2930 1566//2930 1565//2930
f 1585//2931 1005//2931 1007//2931
f 1585//2932 1007//2932 1566//2932
f 1043//2933 1586//2933 1567//2933
f 1043//2934 1567//2934 1042//2934
f 1586//2935 1587//2935 1568//2935
f 1586//2936 1568//2936 1567//2936
f 1587//2937 1588//2937 1569//2937
f 1587//2938 1569//2938 1568//2938
f 1588//2939 1589//2939 1570//2939
f 1588//2940 1570//2940 1569//2940
f 1589//2941 1590//2941 1571//2941
f 1589//2942 1571//2942 1570//2942
f 1590//2943 1591//2943 1572//2943
f 1590//2944 1572//2944 1571//2944
f 1591//2945 1592//2945 1573//2945
f 1591//2946 1573//2946 1572//2946
f 1592//2947 1593//2947 1574//2947
f 1592//2948 1574//2948 1573//2948
f 1593//2949 1594//2949 1575//2949
f 1593//2950 1575//2950 1574//2950
f 1594//2951 1595//2951 1576//2951
f 1594//2952 1576//2952 1575//2952
f 1595//2953 1596//2953 1577//2953
f 1595//2954 1577//2954 1576//2954
f 1596//2955 1597//2955 1578//2955
f 1596//2956 1578//2956 1577//2956
f 1597//2957 1598//2957 1579//2957
f 1597//2958 1579//2958 1578//2958
f 1598//2959 1599//2959 1580//2959
f 1598//2960 1580//2960 1579//2960
f 1599//2961 1600//2961 1581//2961
f 1599//2962 1581//2962 1580//2962
f 1600//2963 1601//2963 1582//2963
f 1600//2964 1582//2964 1581//2964
f 1601//2965 1602//2965 1583//2965
f 1601//2966 1583//2966 1582//2966
f 1602//2967 1603//2967 1584//2967
f 1602//2968 1584//2968 1583//2968
f 1603//2969 1604//2969 1585//2969
f 1603//2970 1585//2970 1584//2970
f 1604//2971 1003//2971 1005//2971
f 1604//2972 1005//2972 1585//2972
f 1044//2973 1605//2973 1586//2973
f 1044//2974 1586//2974 1043//2974
f 1605//2975 1606//2975 1587//2975
f 1605//2976 1587//2976 1586//2976
f 1606//2977 1607//2977 1588//2977
f 1606//2978 1588//2978 1587//2978
f 1607//2979 1608//2979 1589//2979
f 1607//2980 1589//2980 1588//2980
f 1608//2981 1609//2981 1590//2981
f 1608//2982 1590//2982 1589//2982
f 1609//2983 1610//2983 1591//2983
f 1609//2984 1591//2984 1590//2984
f 1610//2985 1611//2985 1592//2985
f 1610//2986 1592//2986 1591//2986
f 1611//2987 1612//2987 1593//2987
f 1611//2988 1593//2988 1592//2988
f 1612//2989 1613//2989 1594//2989
f 1612//2990 1594//2990 1593//2990
f 1613//2991 1614//2991 1595//2991
f 1613//2992 1595//2992 1594//2992
f 1614//2993 1615//2993 1596//2993
f 1614//2994 1596//2994 1595//2994
f 1615//2995 1616//2995 1597//2995
f 1615//2996 1597//2996 1596//2996
f 1616//2997 1617//2997 1598//2997
f 1616//2998 1598//2998 1597//2998
f 1617//2999 1618//2999 1599//2999
f 1617//3000 1599//3000 1598//3000
f 1618//3001 1619//3001 1600//3001
f 1618//3002 1600//3002 1599//3002
f 1619//3003 1620//3003 1601//3003
f 1619//3004 1601//3004 1600//3004
f 1620//3005 1621//3005 1602//3005
f 1620//3006 1602//3006 1601//3006
f 1621//3007 1622//3007 1603//3007
f 1621//3008 1603//3008 1602//3008
f 1622//3009 1623//3009 1604//3009
f 1622//3010 1604//3010 1603//3010
f 1623//3011 1001//3011 1003//3011
f 1623//3012 1003//3012 1604//3012
f 1045//3013 1624//3013 1605//3013
f 1045//3014 1605//3014 1044//3014
f 1624//3015 1625//3015 1606//3015
f 1624//3016 1606//3016 1605//3016
f 1625//3017 1626//3017 1607//3017
f 1625//3018 1607//3018 1606//3018
f 1626//3019 1627//3019 1608//3019
f 1626//3020 1608//3020 1607//3020
f 1627//3021 1628//3021 1609//3021
f 1627//3022 1609//3022 1608//3022
f 1628//3023 1629//3023 1610//3023
f 1628//3024 1610//3024 1609//3024
f 1629//3025 1630//3025 1611//3025
f 1629//3026 1611//3026 1610//3026
f 1630//3027 1631//3027 1612//3027
f 1630//3028 1612//3028 1611//3028
f 1631//3029 1632//3029 1613//3029
f 1631//3030 1613//3030 1612//3030
f 1632//3031 1633//3031 1614//3031
f 1632//3032 1614//3032 1613//3032
f 1633//3033 1634//3033 1615//3033
f 1633//3034 1615//3034 1614//3034
f 1634//3035 1635//3035 1616//3035
f 1634//3036 1616//3036 1615//3036
f 1635//3037 1636//3037 1617//3037
f 1635//3038 1617//3038 1616//3038
f 1636//3039 1637//3039 1618//3039
f 1636//3040 1618//3040 1617//3040
f 1637//3041 1638//3041 1619//3041
f 1637//3042 1619//3042 1618//3042
f 1638//3043 1639//3043 1620//3043
f 1638//3044 1620//3044 1619//3044
f 1639//3045 1640//3045 1621//3045
f 1639//3046 1621//3046 1620//3046
f 1640//3047 1641//3047 1622//3047
f 1640//3048 1622//3048 1621//3048
f 1641//3049 1642//3049 1623//3049
f 1641//3050 1623//3050 1622//3050
f 1642//3051 999//3051 1001//3051
f 1642//3052 1001//3052 1623//3052
f 1046//3053 1643//3053 1624//3053
f 1046//3054 1624//3054 1045//3054
f 1643//3055 1644//3055 1625//3055
f 1643//3056 1625//3056 1624//3056
f 1644//3057 1645//3057 1626//3057
f 1644//3058 1626//3058 1625//3058
f 1645//3059 1646//3059 1627//3059
f 1645//3060 1627//3060 1626//3060
f 1646//3061 1647//3061 1628//3061
f 1646//3062 1628//3062 1627//3062
f 1647//3063 1648//3063 1629//3063
f 1647//3064 1629//3064 1628//3064
f 1648//3065 1649//3065 1630//3065
f 1648//3066 1630//3066 1629//3066
f 1649//3067 1650//3067 1631//3067
f 1649//3068 1631//3068 1630//3068
f 1650//3069 1651//3069 1632//3069
f 1650//3070 1632//3070 1631//3070
f 1651//3071 1652//3071 1633//3071
f 1651//3072 1633//3072 1632//3072
f 1652//3073 1653//3073 1634//3073
f 1652//3074 1634//3074 1633//3074
f 1653//3075 1654//3075 1635//3075
f 1653//3076 1635//3076 1634//3076
f 1654//3077 1655//3077 1636//3077
f 1654//3078 1636//3078 1635//3078
f 1655//3079 1656//3079 1637//3079
f 1655//3080 1637//3080 1636//3080
f 1656//3081 1657//3081 1638//3081
f 1656//3082 1638//3082 1637//3082
f 1657//3083 1658//3083 1639//3083
f 1657//3084 1639//3084 1638//3084
f 1658//3085 1659//3085 1640//3085
f 1658//3086 1640//3086 1639//3086
f 1659//3087 1660//3087 1641//3087
f 1659//3088 1641//3088 1640//3088
f 1660//3089 1661//3089 1642//3089
f 1660//3090 1642//3090 1641//3090
f 1661//3091 997//3091 999//3091
f 1661//3092 999//3092 1642//3092
f 1047//3093 1662//3093 1643//3093
f 1047//3094 1643//3094 1046//3094
f 1662//3095 1663//3095 1644//3095
f 1662//3096 1644//3096 1643//3096
f 1663//3097 1664//3097 1645//3097
f 1663//3098 1645//3098 1644//3098
f 1664//3099 1665//3099 1646//3099
f 1664//3100 1646//3100 1645//3100
f 1665//3101 1666//3101 1647//3101
f 1665//3102 1647//3102 1646//3102
f 1666//3103 1667//3103 1648//3103
f 1666//3104 1648//3104 1647//3104
f 1667//3105 1668//3105 1649//3105
f 1667//3106 1649//3106 1648//3106
f 1668//3107 1669//3107 1650//3107
f 1668//3108 1650//3108 1649//3108
f 1669//3109 1670//3109 1651//3109
f 1669//3110 1651//3110 1650//3110
f 1670//3111 1671//3111 1652//3111
f 1670//3112 1652//3112 1651//3112
f 1671//3113 1672//3113 1653//3113
f 1671//3114 1653//3114 1652//3114
f 1672//3115 1673//3115 1654//3115
f 1672//3116 1654//3116 1653//3116
f 1673//3117 1674//3117 1655//3117
f 1673//3118 1655//3118 1654//3118
f 1674//3119 1675//3119 1656//3119
f 1674//3120 1656//3120 1655//3120
f 1675//3121 1676//3121 1657//3121
f 1675//3122 1657//3122 1656//3122
f 1676//3123 1677//3123 1658//3123
f 1676//3124 1658//3124 1657//3124
f 1677//3125 1678//3125 1659//3125
f 1677//3126 1659//3126 1658//3126
f 1678//3127 1679//3127 1660//3127
f 1678//3128 1660//3128 1659//3128
f 1679//3129 1680//3129 1661//3129
f 1679//3130 1661//3130 1660//3130
f 1680//3131 995//3131 997//3131
f 1680//3132 997//3132 1661//3132
f 1048//3133 1681//3133 1662//3133
f 1048//3134 1662//3134 1047//3134
f 1681//3135 1682//3135 1663//3135
f 1681//3136 1663//3136 1662//3136
f 1682//3137 1683//3137 1664//3137
f 1682//3138 1664//3138 1663//3138
f 1683//3139 1684//3139 1665//3139
f 1683//3140 1665//3140 1664//3140
f 1684//3141 1685//3141 1666//3141
f 1684//3142 1666//3142 1665//3142
f 1685//3143 1686//3143 1667//3143
f 1685//3144 1667//3144 1666//3144
f 1686//3145 1687//3145 1668//3145
f 1686//3146 1668//3146 1667//3146
f 1687//3147 1688//3147 1669//3147
f 1687//3148 1669//3148 1668//3148
f 1688//3149 1689//3149 1670//3149
f 1688//3150 1670//3150 1669//3150
f 1689//3151 1690//3151 1671//3151
f 1689//3152 1671//3152 1670//3152
f 1690//3153 1691//3153 1672//3153
f 1690//3154 1672//3154 1671//3154
f 1691//3155 1692//3155 1673//3155
f 1691//3156 1673//3156 1672//3156
f 1692//3157 1693//3157 1674//3157
f 1692//3158 1674//3158 1673//3158
f 1693//3159 1694//3159 1675//3159
f 1693//3160 1675//3160 1674//3160
f 1694//3161 1695//3161 1676//3161
f 1694//3162 1676//3162 1675//3162
f 1695//3163 1696//3163 1677//3163
f 1695//3164 1677//3164 1676//3164
f 1696//3165 1697//3165 1678//3165
f 1696//3166 1678//3166 1677//3166
f 1697//3167 1698//3167 1679//3167
f 1697//3168 1679//3168 1678//3168
f 1698//3169 1699//3169 1680//3169
f 1698//3170 1680//3170 1679//3170
f 1699//3171 993//3171 995//3171
f 1699//3172 995//3172 1680//3172
f 1049//3173 1700//3173 1681//3173
f 1049//3174 1681//3174 1048//3174
f 1700//3175 1701//3175 1682//3175
f 1700//3176 1682//3176 1681//3176
f 1701//3177 1702//3177 1683//3177
f 1701//3178 1683//3178 1682//3178
f 1702//3179 1703//3179 1684//3179
f 1702//3180 1684//3180 1683//3180
f 1703//3181 1704//3181 1685//3181
f 1703//3182 1685//3182 1684//3182
f 1704//3183 1705//3183 1686//3183
f 1704//3184 1686//3184 1685//3184
f 1705//3185 1706//3185 1687//3185
f 1705//3186 1687//3186 1686//3186
f 1706//3187 1707//3187 1688//3187
f 1706//3188 1688//3188 1687//3188
f 1707//3189 1708//3189 1689//3189
f 1707//3190 1689//3190 1688//3190
f 1708//3191 1709//3191 1690//3191
f 1708//3192 1690//3192 1689//3192
f 1709//3193 1710//3193 1691//3193
f 1709//3194 1691//3194 1690//3194
f 1710//3195 1711//3195 1692//3195
f 1710//3196 1692//3196 1691//3196
f 1711//3197 1712//3197 1693//3197
f 1711//3198 1693//3198 1692//3198
f 1712//3199 1713//3199 1694//3199
f 1712//3200 1694//3200 1693//3200
f 1713//3201 1714//3201 1695//3201
f 1713//3202 1695//3202 1694//3202
f 1714//3203 1715//3203 1696//3203
f 1714//3204 1696//3204 1695//3204
f 1715//3205 1716//3205 1697//3205
f 1715//3206 1697//3206 1696//3206
f 1716//3207 1717//3207 1698//3207
f 1716//3208 1698//3208 1697//3208
f 1717//3209 1718//3209 1699//3209
f 1717//3210 1699//3210 1698//3210
f 1718//3211 991//3211 993//3211
f 1718//3212 993//3212 1699//3212
f 1050//3213 1719//3213 1700//3213
f 1050//3214 1700//3214 1049//3214
f 1719//3215 1720//3215 1701//3215
f 1719//3216 1701//3216 1700//3216
f 1720//3217 1721//3217 1702//3217
f 1720//3218 1702//3218 1701//3218
f 1721//3219 1722//3219 1703//3219
f 1721//3220 1703//3220 1702//3220
f 1722//3221 1723//3221 1704//3221
f 1722//3222 1704//3222 1703//3222
f 1723//3223 1724//3223 1705//3223
f 1723//3224 1705//3224 1704//3224
f 1724//3225 1725//3225 1706//3225
f 1724//3226 1706//3226 1705//3226
f 1725//3227 1726//3227 1707//3227
f 1725//3228 1707//3228 1706//3228
f 1726//3229 1727//3229 1708//3229
f 1726//3230 1708//3230 1707//3230
f 1727//3231 1728//3231 1709//3231
f 1727//3232 1709//3232 1708//3232
f 1728//3233 1729//3233 1710//3233
f 1728//3234 1710//3234 1709//3234
f 1729//3235 1730//3235 1711//3235
f 1729//3236 1711//3236 1710//3236
f 1730//3237 1731//3237 1712//3237
f 1730//3238 1712//3238 1711//3238
f 1731//3239 1732//3239 1713//3239
f 1731//3240 1713//3240 1712//3240
f 1732//3241 1733//3241 1714//3241
f 1732//3242 1714//3242 1713//3242
f 1733//3243 1734//3243 1715//3243
f 1733//3244 1715//3244 1714//3244
f 1734//3245 1735//3245 1716//3245
f 1734//3246 1716//3246 1715//3246
f 1735//3247 1736//3247 1717//3247
f 1735//3248 1717//3248 1716//3248
f 1736//3249 1737//3249 1718//3249
f 1736//3250 1718//3250 1717//3250
f 1737//3251 989//3251 991//3251
f 1737//3252 991//3252 1718//3252
f 1051//3253 1738//3253 1719//3253
f 1051//3254 1719//3254 1050//3254
f 1738//3255 1739//3255 1720//3255
f 1738//3256 1720//3256 1719//3256
f 1739//3257 1740//3257 1721//3257
f 1739//3258 1721//3258 1720//3258
f 1740//3259 1741//3259 1722//3259
f 1740//3260 1722//3260 1721//3260
f 1741//3261 1742//3261 1723//3261
f 1741//3262 1723//3262 1722//3262
f 1742//3263 1743//3263 1724//3263
f 1742//3264 1724//3264 1723//3264
f 1743//3265 1744//3265 1725//3265
f 1743//3266 1725//3266 1724//3266
f 1744//3267 1745//3267 1726//3267
f 1744//3268 1726//3268 1725//3268
f 1745//3269 1746//3269 1727//3269
f 1745//3270 1727//3270 1726//3270
f 1746//3271 1747//3271 1728//3271
f 1746//3272 1728//3272 1727//3272
f 1747//3273 1748//3273 1729//3273
f 1747//3274 1729//3274 1728//3274
f 1748//3275 1749//3275 1730//3275
f 1748//3276 1730//3276 1729//3276
f 1749//3277 1750//3277 1731//3277
f 1749//3278 1731//3278 1730//3278
f 1750//3279 1751//3279 1732//3279
f 1750//3280 1732//3280 1731//3280
f 1751//3281 1752//3281 1733//3281
f 1751//3282 1733//3282 1732//3282
f 1752//3283 1753//3283 1734//3283
f 1752//3284 1734//3284 1733//3284
f 1753//3285 1754//3285 1735//3285
f 1753//3286 1735//3286 1734//3286
f 1754//3287 1755//3287 1736//3287
f 1754//3288 1736//3288 1735//3288
f 1755//3289 1756//3289 1737//3289
f 1755//3290 1737//3290 1736//3290
f 1756//3291 987//3291 989//3291
f 1756//3292 989//3292 1737//3292
f 1052//3293 1757//3293 1738//3293
f 1052//3294 1738//3294 1051//3294
f 1757//3295 1758//3295 1739//3295
f 1757//3296 1739//3296 1738//3296
f 1758//3297 1759//3297 1740//3297
f 1758//3298 1740//3298 1739//3298
f 1759//3299 1760//3299 1741//3299
f 1759//3300 1741//3300 1740//3300
f 1760//3301 1761//3301 1742//3301
f 1760//3302 1742//3302 1741//3302
f 1761//3303 1762//3303 1743//3303
f 1761//3304 1743//3304 1742//3304
f 1762//3305 1763//3305 1744//3305
f 1762//3306 1744//3306 1743//3306
f 1763//3307 1764//3307 1745//3307
f 1763//3308 1745//3308 1744//3308
f 1764//3309 1765//3309 1746//3309
f 1764//3310 1746//3310 1745//3310
f 1765//3311 1766//3311 1747//3311
f 1765//3312 1747//3312 1746//3312
f 1766//3313 1767//3313 1748//3313
f 1766//3314 1748//3314 1747//3314
f 1767//3315 1768//3315 1749//3315
f 1767//3316 1749//3316 1748//3316
f 1768//3317 1769//3317 1750//3317
f 1768//3318 1750//3318 1749//3318
f 1769//3319 1770//3319 1751//3319
f 1769//3320 1751//3320 1750//3320
f 1770//3321 1771//3321 1752//3321
f 1770//3322 1752//3322 1751//3322
f 1771//3323 1772//3323 1753//3323
f 1771//3324 1753//3324 1752//3324
f 1772//3325 1773//3325 1754//3325
f 1772//3326 1754//3326 1753//3326
f 1773//3327 1774//3327 1755//3327
f 1773//3328 1755//3328 1754//3328
f 1774//3329 1775//3329 1756//3329
f 1774//3330 1756//3330 1755//3330
f 1775//3331 985//3331 987//3331
f 1775//3332 987//3332 1756//3332
f 1053//3333 1776//3333 1757//3333
f 1053//3334 1757//3334 1052//3334
f 1776//3335 1777//3335 1758//3335
f 1776//3336 1758//3336 1757//3336
f 1777//3337 1778//3337 1759//3337
f 1777//3338 1759//3338 1758//3338
f 1778//3339 1779//3339 1760//3339
f 1778//3340 1760//3340 1759//3340
f 1779//3341 1780//3341 1761//3341
f 1779//3342 1761//3342 1760//3342
f 1780//3343 1781//3343 1762//3343
f 1780//3344 1762//3344 1761//3344
f 1781//3345 1782//3345 1763//3345
f 1781//3346 1763//3346 1762//3346
f 1782//3347 1783//3347 1764//3347
f 1782//3348 1764//3348 1763//3348
f 1783//3349 1784//3349 1765//3349
f 1783//3350 1765//3350 1764//3350
f 1784//3351 1785//3351 1766//3351
f 1784//3352 1766//3352 1765//3352
f 1785//3353 1786//3353 1767//3353
f 1785//3354 1767//3354 1766//3354
f 1786//3355 1787//3355 1768//3355
f 1786//3356 1768//3356 1767//3356
f 1787//3357 1788//3357 1769//3357
f 1787//3358 1769//3358 1768//3358
f 1788//3359 1789//3359 1770//3359
f 1788//3360 1770//3360 1769//3360
f 1789//3361 1790//3361 1771//3361
f 1789//3362 1771//3362 1770//3362
f 1790//3363 1791//3363 1772//3363
f 1790//3364 1772//3364 1771//3364
f 1791//3365 1792//3365 1773//3365
f 1791//3366 1773//3366 1772//3366
f 1792//3367 1793//3367 1774//3367
f 1792//3368 1774//3368 1773//3368
f 1793//3369 1794//3369 1775//3369
f 1793//3370 1775//3370 1774//3370
f 1794//3371 983//3371 985//3371
f 1794//3372 985//3372 1775//3372
f 1054//3373 1795//3373 1776//3373
f 1054//3374 1776//3374 1053//3374
f 1795//3375 1796//3375 1777//3375
f 1795//3376 1777//3376 1776//3376
f 1796//3377 1797//3377 1778//3377
f 1796//3378 1778//3378 1777//3378
f 1797//3379 1798//3379 1779//3379
f 1797//3380 1779//3380 1778//3380
f 1798//3381 1799//3381 1780//3381
f 1798//3382 1780//3382 1779//3382
f 1799//3383 1800//3383 1781//3383
f 1799//3384 1781//3384 1780//3384
f 1800//3385 1801//3385 1782//3385
f 1800//3386 1782//3386 1781//3386
f 1801//3387 1802//3387 1783//3387
f 1801//3388 1783//3388 1782//3388
f 1802//3389 1803//3389 1784//3389
f 1802//3390 1784//3390 1783//3390
f 1803//3391 1804//3391 1785//3391
f 1803//3392 1785//3392 1784//3392
f 1804//3393 1805//3393 1786//3393
f 1804//3394 1786//3394 1785//3394
f 1805//3395 1806//3395 1787//3395
f 1805//3396 1787//3396 1786//3396
f 1806//3397 1807//3397 1788//3397
f 1806//3398 1788//3398 1787//3398
f 1807//3399 1808//3399 1789//3399
f 1807//3400 1789//3400 1788//3400
f 1808//3401 1809//3401 1790//3401
f 1808//3402 1790//3402 1789//3402
f 1809//3403 1810//3403 1791//3403
f 1809//3404 1791//3404 1790//3404
f 1810//3405 1811//3405 1792//3405
f 1810//3406 1792//3406 1791//3406
f 1811//3407 1812//3407 1793//3407
f 1811//3408 1793//3408 1792//3408
f 1812//3409 1813//3409 1794//3409
f 1812//3410 1794//3410 1793//3410
f 1813//3411 981//3411 983//3411
f 1813//3412 983//3412 1794//3412
f 8//3413 1814//3413 1795//3413
f 8//3414 1795//3414 1054//3414
f 1814//3415 1815//3415 1796//3415
f 1814//3416 1796//3416 1795//3416
f 1815//3417 1816//3417 1797//3417
f 1815//3418 1797//3418 1796//3418
f 1816//3419 1817//3419 1798//3419
f 1816//3420 1798//3420 1797//3420
f 1817//3421 1818//3421 1799//3421
f 1817//3422 1799//3422 1798//3422
f 1818//3423 1819//3423 1800//3423
f 1818//3424 1800//3424 1799//3424
f 1819//3425 1820//3425 1801//3425
f 1819//3426 1801//3426 1800//3426
f 1820//3427 1821//3427 1802//3427
f 1820//3428 1802//3428 1801//3428
f 1821//3429 1822//3429 1803//3429
f 1821//3430 1803//3430 1802//3430
f 1822//3431 1823//3431 1804//3431
f 1822//3432 1804//3432 1803//3432
f 1823//3433 1824//3433 1805//3433
f 1823//3434 1805//3434 1804//3434
f 1824//3435 1825//3435 1806//3435
f 1824//3436 1806//3436 1805//3436
f 1825//3437 1826//3437 1807//3437
f 1825//3438 1807//3438 1806//3438
f 1826//3439 1827//3439 1808//3439
f 1826//3440 1808//3440 1807//3440
f 1827//3441 1828//3441 1809//3441
f 1827//3442 1809//3442 1808//3442
f 1828//3443 1829//3443 1810//3443
f 1828//3444 1810//3444 1809//3444
f 1829//3445 1830//3445 1811//3445
f 1829//3446 1811//3446 1810//3446
f 1830//3447 1831//3447 1812//3447
f 1830//3448 1812//3448 1811//3448
f 1831//3449 1832//3449 1813//3449
f 1831//3450 1813//3450 1812//3450
f 1832//3451 979//3451 981//3451
f 1832//3452 981//3452 1813//3452
f 7//3453 1833//3453 1814//3453
f 7//3454 1814//3454 8//3454
f 1833//3455 1834//3455 1815//3455
f 1833//3456 1815//3456 1814//3456
f 1834//3457 1835//3457 1816//3457
f 1834//3458 1816//3458 1815//3458
f 1835//3459 1836//3459 1817//3459
f 1835//3460 1817//3460 1816//3460
f 1836//3461 1837//3461 1818//3461
f 1836//3462 1818//3462 1817//3462
f 1837//3463 1838//3463 1819//3463
f 1837//3464 1819//3464 1818//3464
f 1838//3465 1839//3465 1820//3465
f 1838//3466 1820//3466 1819//3466
f 1839//3467 1840//3467 1821//3467
f 1839//3468 1821//3468 1820//3468
f 1840//3469 1841//3469 1822//3469
f 1840//3470 1822//3470 1821//3470
f 1841//3471 1842//3471 1823//3471
f 1841//3472 1823//3472 1822//3472
f 1842//3473 1843//3473 1824//3473
f 1842//3474 1824//3474 1823//3474
f 1843//3475 1844//3475 1825//3475
f 1843//3476 1825//3476 1824//3476
f 1844//3477 1845//3477 1826//3477
f 1844//3478 1826//3478 1825//3478
f 1845//3479 1846//3479 1827//3479
f 1845//3480 1827//3480 1826//3480
f 1846//3481 1847//3481 1828//3481
f 1846//3482 1828//3482 1827//3482
f 1847//3483 1848//3483 1829//3483
f 1847//3484 1829//3484 1828//3484
f 1848//3485 1849//3485 1830//3485
f 1848//3486 1830//3486 1829//3486
f 1849//3487 1850//3487 1831//3487
f 1849//3488 1831//3488 1830//3488
f 1850//3489 1851//3489 1832//3489
f 1850//3490 1832//3490 1831//3490
f 1851//3491 12//3491 979//3491
f 1851//3492 979//3492 1832//3492
f 61//3493 1852//3493 1853//3493
f 61//3494 1853//3494 14//3494
f 1852//3495 1854//3495 1855//3495
f 1852//3496 1855//3496 1853//3496
f 1854//3497 1856//3497 1857//3497
f 1854//3498 1857//3498 1855//3498
f 1856//3499 1858//3499 1859//3499
f 1856//3500 1859//3500 1857//3500
f 1858//3501 1860//3501 1861//3501
f 1858//3502 1861//3502 1859//3502
f 1860//3503 1862//3503 1863//3503
f 1860//3504 1863//3504 1861//3504
f 1862//3505 1864//3505 1865//3505
f 1862//3506 1865//3506 1863//3506
f 1864//3507 1866//3507 1867//3507
f 1864//3508 1867//3508 1865//3508
f 1866//3509 1868//3509 1869//3509
f 1866//3510 1869//3510 1867//3510
f 1868//3511 1870//3511 1871//3511
f 1868//3512 1871//3512 1869//3512
f 1870//3513 1872//3513 1873//3513
f 1870//3514 1873//3514 1871//3514
f 1872//3515 1874//3515 1875//3515
f 1872//3516 1875//3516 1873//3516
f 1874//3517 1876//3517 1877//3517
f 1874//3518 1877//3518 1875//3518
f 1876//3519 1878//3519 1879//3519
f 1876//3520 1879//3520 1877//3520
f 1878//3521 1880//3521 1881//3521
f 1878//3522 1881//3522 1879//3522
f 1880//3523 1882//3523 1883//3523
f 1880//3524 1883//3524 1881//3524
f 1882//3525 1884//3525 1885//3525
f 1882//3526 1885//3526 1883//3526
f 1884//3527 1886//3527 1887//3527
f 1884//3528 1887//3528 1885//3528
f 1886//3529 1888//3529 1889//3529
f 1886//3530 1889//3530 1887//3530
f 1888//3531 180//3531 1//3531
f 1888//3532 1//3532 1889//3532
f 59//3533 1890//3533 1852//3533
f 59//3534 1852//3534 61//3534
f 1890//3535 1891//3535 1854//3535
f 1890//3536 1854//3536 1852//3536
f 1891//3537 1892//3537 1856//3537
f 1891//3538 1856//3538 1854//3538
f 1892//3539 1893//3539 1858//3539
f 1892//3540 1858//3540 1856//3540
f 1893//3541 1894//3541 1860//3541
f 1893//3542 1860//3542 1858//3542
f 1894//3543 1895//3543 1862//3543
f 1894//3544 1862//3544 1860//3544
f 1895//3545 1896//3545 1864//3545
f 1895//3546 1864//3546 1862//3546
f 1896//3547 1897//3547 1866//3547
f 1896//3548 1866//3548 1864//3548
f 1897//3549 1898//3549 1868//3549
f 1897//3550 1868//3550 1866//3550
f 1898//3551 1899//3551 1870//3551
f 1898//3552 1870//3552 1868//3552
f 1899//3553 1900//3553 1872//3553
f 1899//3554 1872//3554 1870//3554
f 1900//3555 1901//3555 1874//3555
f 1900//3556 1874//3556 1872//3556
f 1901//3557 1902//3557 1876//3557
f 1901//3558 1876//3558 1874//3558
f 1902//3559 1903//3559 1878//3559
f 1902//3560 1878//3560 1876//3560
f 1903//3561 1904//3561 1880//3561
f 1903//3562 1880//3562 1878//3562
f 1904//3563 1905//3563 1882//3563
f 1904//3564 1882//3564 1880//3564
f 1905//3565 1906//3565 1884//3565
f 1905//3566 1884//3566 1882//3566
f 1906//3567 1907//3567 1886//3567
f 1906//3568 1886//3568 1884//3568
f 1907//3569 1908//3569 1888//3569
f 1907//3570 1888//3570 1886//3570
f 1908//3571 178//3571 180//3571
f 1908//3572 180//3572 1888//3572
f 57//3573 1909//3573 1890//3573
f 57//3574 1890//3574 59//3574
f 1909//3575 1910//3575 1891//3575
f 1909//3576 1891//3576 1890//3576
f 1910//3577 1911//3577 1892//3577
f 1910//3578 1892//3578 1891//3578
f 1911//3579 1912//3579 1893//3579
f 1911//3580 1893//3580 1892//3580
f 1912//3581 1913//3581 1894//3581
f 1912//3582 1894//3582 1893//3582
f 1913//3583 1914//3583 1895//3583
f 1913//3584 1895//3584 1894//3584
f 1914//3585 1915//3585 1896//3585
f 1914//3586 1896//3586 1895//3586
f 1915//3587 1916//3587 1897//3587
f 1915//3588 1897//3588 1896//3588
f 1916//3589 1917//3589 1898//3589
f 1916//3590 1898//3590 1897//3590
f 1917//3591 1918//3591 1899//3591
f 1917//3592 1899//3592 1898//3592
f 1918//3593 1919//3593 1900//3593
f 1918//3594 1900//3594 1899//3594
f 1919//3595 1920//3595 1901//3595
f 1919//3596 1901//3596 1900//3596
f 1920//3597 1921//3597 1902//3597
f 1920//3598 1902//3598 1901//3598
f 1921//3599 1922//3599 1903//3599
f 1921//3600 1903//3600 1902//3600
f 1922//3601 1923//3601 1904//3601
f 1922//3602 1904//3602 1903//3602
f 1923//3603 1924//3603 1905//3603
f 1923//3604 1905//3604 1904//3604
f 1924//3605 1925//3605 1906//3605
f 1924//3606 1906//3606 1905//3606
f 1925//3607 1926//3607 1907//3607
f 1925//3608 1907//3608 1906//3608
f 1926//3609 1927//3609 1908//3609
f 1926//3610 1908//3610 1907//3610
f 1927//3611 176//3611 178//3611
f 1927//3612 178//3612 1908//3612
f 55//3613 1928//3613 1909//3613
f 55//3614 1909//3614 57//3614
f 1928//3615 1929//3615 1910//3615
f 1928//3616 1910//3616 1909//3616
f 1929//3617 1930//3617 1911//3617
f 1929//3618 1911//3618 1910//3618
f 1930//3619 1931//3619 1912//3619
f 1930//3620 1912//3620 1911//3620
f 1931//3621 1932//3621 1913//3621
f 1931//3622 1913//3622 1912//3622
f 1932//3623 1933//3623 1914//3623
f 1932//3624 1914//3624 1913//3624
f 1933//3625 1934//3625 1915//3625
f 1933//3626 1915//3626 1914//3626
f 1934//3627 1935//3627 1916//3627
f 1934//3628 1916//3628 1915//3628
f 1935//3629 1936//3629 1917//3629
f 1935//3630 1917//3630 1916//3630
f 1936//3631 1937//3631 1918//3631
f 1936//3632 1918//3632 1917//3632
f 1937//3633 1938//3633 1919//3633
f 1937//3634 1919//3634 1918//3634
f 1938//3635 1939//3635 1920//3635
f 1938//3636 1920//3636 1919//3636
f 1939//3637 1940//3637 1921//3637
f 1939//3638 1921//3638 1920//3638
f 1940//3639 1941//3639 1922//3639
f 1940//3640 1922//3640 1921//3640
f 1941//3641 1942//3641 1923//3641
f 1941//3642 1923//3642 1922//3642
f 1942//3643 1943//3643 1924//3643
f 1942//3644 1924//3644 1923//3644
f 1943//3645 1944//3645 1925//3645
f 1943//3646 1925//3646 1924//3646
f 1944//3647 1945//3647 1926//3647
f 1944//3648 1926//3648 1925//3648
f 1945//3649 1946//3649 1927//3649
f 1945//3650 1927//3650 1926//3650
f 1946//3651 174//3651 176//3651
f 1946//3652 176//3652 1927//3652
f 53//3653 1947//3653 1928//3653
f 53//3654 1928//3654 55//3654
f 1947//3655 1948//3655 1929//3655
f 1947//3656 1929//3656 1928//3656
f 1948//3657 1949//3657 1930//3657
f 1948//3658 1930//3658 1929//3658
f 1949//3659 1950//3659 1931//3659
f 1949//3660 1931//3660 1930//3660
f 1950//3661 1951//3661 1932//3661
f 1950//3662 1932//3662 1931//3662
f 1951//3663 1952//3663 1933//3663
f 1951//3664 1933//3664 1932//3664
f 1952//3665 1953//3665 1934//3665
f 1952//3666 1934//3666 1933//3666
f 1953//3667 1954//3667 1935//3667
f 1953//3668 1935//3668 1934//3668
f 1954//3669 1955//3669 1936//3669
f 1954//3670 1936//3670 1935//3670
f 1955//3671 1956//3671 1937//3671
f 1955//3672 1937//3672 1936//3672
f 1956//3673 1957//3673 1938//3673
f 1956//3674 1938//3674 1937//3674
f 1957//3675 1958//3675 1939//3675
f 1957//3676 1939//3676 1938//3676
f 1958//3677 1959//3677 1940//3677
f 1958//3678 1940//3678 1939//3678
f 1959//3679 1960//3679 1941//3679
f 1959//3680 1941//3680 1940//3680
f 1960//3681 1961//3681 1942//3681
f 1960//3682 1942//3682 1941//3682
f 1961//3683 1962//3683 1943//3683
f 1961//3684 1943//3684 1942//3684
f 1962//3685 1963//3685 1944//3685
f 1962//3686 1944//3686 1943//3686
f 1963//3687 1964//3687 1945//3687
f 1963//3688 1945//3688 1944//3688
f 1964//3689 1965//3689 1946//3689
f 1964//3690 1946//3690 1945//3690
f 1965//3691 172//3691 174//3691
f 1965//3692 174//3692 1946//3692
f 51//3693 1966//3693 1947//3693
f 51//3694 1947//3694 53//3694
f 1966//3695 1967//3695 1948//3695
f 1966//3696 1948//3696 1947//3696
f 1967//3697 1968//3697 1949//3697
f 1967//3698 1949//3698 1948//3698
f 1968//3699 1969//3699 1950//3699
f 1968//3700 1950//3700 1949//3700
f 1969//3701 1970//3701 1951//3701
f 1969//3702 1951//3702 1950//3702
f 1970//3703 1971//3703 1952//3703
f 1970//3704 1952//3704 1951//3704
f 1971//3705 1972//3705 1953//3705
f 1971//3706 1953//3706 1952//3706
f 1972//3707 1973//3707 1954//3707
f 1972//3708 1954//3708 1953//3708
f 1973//3709 1974//3709 1955//3709
f 1973//3710 1955//3710 1954//3710
f 1974//3711 1975//3711 1956//3711
f 1974//3712 1956//3712 1955//3712
f 1975//3713 1976//3713 1957//3713
f 1975//3714 1957//3714 1956//3714
f 1976//3715 1977//3715 1958//3715
f 1976//3716 1958//3716 1957//3716
f 1977//3717 1978//3717 1959//3717
f 1977//3718 1959//3718 1958//3718
f 1978//3719 1979//3719 1960//3719
f 1978//3720 1960//3720 1959//3720
f 1979//3721 1980//3721 1961//3721
f 1979//3722 1961//3722 1960//3722
f 1980//3723 1981//3723 1962//3723
f 1980//3724 1962//3724 1961//3724
f 1981//3725 1982//3725 1963//3725
f 1981//3726 1963//3726 1962//3726
f 1982//3727 1983//3727 1964//3727
f 1982//3728 1964//3728 1963//3728
f 1983//3729 1984//3729 1965//3729
f 1983//3730 1965//3730 1964//3730
f 1984//3731 170//3731 172//3731
f 1984//3732 172//3732 1965//3732
f 49//3733 1985//3733 1966//3733
f 49//3734 1966//3734 51//3734
f 1985//3735 1986//3735 1967//3735
f 1985//3736 1967//3736 1966//3736
f 1986//3737 1987//3737 1968//3737
f 1986//3738 1968//3738 1967//3738
f 1987//3739 1988//3739 1969//3739
f 1987//3740 1969//3740 1968//3740
f 1988//3741 1989//3741 1970//3741
f 1988//3742 1970//3742 1969//3742
f 1989//3743 1990//3743 1971//3743
f 1989//3744 1971//3744 1970//3744
f 1990//3745 1991//3745 1972//3745
f 1990//3746 1972//3746 1971//3746
f 1991//3747 1992//3747 1973//3747
f 1991//3748 1973//3748 1972//3748
f 1992//3749 1993//3749 1974//3749
f 1992//3750 1974//3750 1973//3750
f 1993//3751 1994//3751 1975//3751
f 1993//3752 1975//3752 1974//3752
f 1994//3753 1995//3753 1976//3753
f 1994//3754 1976//3754 1975//3754
f 1995//3755 1996//3755 1977//3755
f 1995//3756 1977//3756 1976//3756
f 1996//3757 1997//3757 1978//3757
f 1996//3758 1978//3758 1977//3758
f 1997//3759 1998//3759 1979//3759
f 1997//3760 1979//3760 1978//3760
f 1998//3761 1999//3761 1980//3761
f 1998//3762 1980//3762 1979//3762
f 1999//3763 2000//3763 1981//3763
f 1999//3764 1981//3764 1980//3764
f 2000//3765 2001//3765 1982//3765
f 2000//3766 1982//3766 1981//3766
f 2001//3767 2002//3767 1983//3767
f 2001//3768 1983//3768 1982//3768
f 2002//3769 2003//3769 1984//3769
f 2002//3770 1984//3770 1983//3770
f 2003//3771 168//3771 170//3771
f 2003//3772 170//3772 1984//3772
f 47//3773 2004//3773 1985//3773
f 47//3774 1985//3774 49//3774
f 2004//3775 2005//3775 1986//3775
f 2004//3776 1986//3776 1985//3776
f 2005//3777 2006//3777 1987//3777
f 2005//3778 1987//3778 1986//3778
f 2006//3779 2007//3779 1988//3779
f 2006//3780 1988//3780 1987//3780
f 2007//3781 2008//3781 1989//3781
f 2007//3782 1989//3782 1988//3782
f 2008//3783 2009//3783 1990//3783
f 2008//3784 1990//3784 1989//3784
f 2009//3785 2010//3785 1991//3785
f 2009//3786 1991//3786 1990//3786
f 2010//3787 2011//3787 1992//3787
f 2010//3788 1992//3788 1991//3788
f 2011//3789 2012//3789 1993//3789
f 2011//3790 1993//3790 1992//3790
f 2012//3791 2013//3791 1994//3791
f 2012//3792 1994//3792 1993//3792
f 2013//3793 2014//3793 1995//3793
f 2013//3794 1995//3794 1994//3794
f 2014//3795 2015//3795 1996//3795
f 2014//3796 1996//3796 1995//3796
f 2015//3797 2016//3797 1997//3797
f 2015//3798 1997//3798 1996//3798
f 2016//3799 2017//3799 1998//3799
f 2016//3800 1998//3800 1997//3800
f 2017//3801 2018//3801 1999//3801
f 2017//3802 1999//3802 1998//3802
f 2018//3803 2019//3803 2000//3803
f 2018//3804 2000//3804 1999//3804
f 2019//3805 2020//3805 2001//3805
f 2019//3806 2001//3806 2000//3806
f 2020//3807 2021//3807 2002//3807
f 2020//3808 2002//3808 2001//3808
f 2021//3809 2022//3809 2003//3809
f 2021//3810 2003//3810 2002//3810
f 2022//3811 166//3811 168//3811
f 2022//3812 168//3812 2003//3812
f 45//3813 2023//3813 2004//3813
f 45//3814 2004//3814 47//3814
f 2023//3815 2024//3815 2005//3815
f 2023//3816 2005//3816 2004//3816
f 2024//3817 2025//3817 2006//3817
f 2024//3818 2006//3818 2005//3818
f 2025//3819 2026//3819 2007//3819
f 2025//3820 2007//3820 2006//3820
f 2026//3821 2027//3821 2008//3821
f 2026//3822 2008//3822 2007//3822
f 2027//3823 2028//3823 2009//3823
f 2027//3824 2009//3824 2008//3824
f 2028//3825 2029//3825 2010//3825
f 2028//3826 2010//3826 2009//3826
f 2029//3827 2030//3827 2011//3827
f 2029//3828 2011//3828 2010//3828
f 2030//3829 2031//3829 2012//3829
f 2030//3830 2012//3830 2011//3830
f 2031//3831 2032//3831 2013//3831
f 2031//3832 2013//3832 2012//3832
f 2032//3833 2033//3833 2014//3833
f 2032//3834 2014//3834 2013//3834
f 2033//3835 2034//3835 2015//3835
f 2033//3836 2015//3836 2014//3836
f 2034//3837 2035//3837 2016//3837
f 2034//3838 2016//3838 2015//3838
f 2035//3839 2036//3839 2017//3839
f 2035//3840 2017//3840 2016//3840
f 2036//3841 2037//3841 2018//3841
f 2036//3842 2018//3842 2017//3842
f 2037//3843 2038//3843 2019//3843
f 2037//3844 2019//3844 2018//3844
f 2038//3845 2039//3845 2020//3845
f 2038//3846 2020//3846 2019//3846
f 2039//3847 2040//3847 2021//3847
f 2039//3848 2021//3848 2020//3848
f 2040//3849 2041//3849 2022//3849
f 2040//3850 2022//3850 2021//3850
f 2041//3851 164//3851 166//3851
f 2041//3852 166//3852 2022//3852
f 43//3734 2042//3734 2023//3734
f 43//3813 2023//3813 45//3813
f 2042//3853 2043//3853 2024//3853
f 2042//3854 2024//3854 2023//3854
f 2043//3855 2044//3855 2025//3855
f 2043//3856 2025//3856 2024//3856
f 2044//3857 2045//3857 2026//3857
f 2044//3858 2026//3858 2025//3858
f 2045//3859 2046//3859 2027//3859
f 2045//3860 2027//3860 2026//3860
f 2046//3861 2047//3861 2028//3861
f 2046//3862 2028//3862 2027//3862
f 2047//3863 2048//3863 2029//3863
f 2047//3864 2029//3864 2028//3864
f 2048//3865 2049//3865 2030//3865
f 2048//3866 2030//3866 2029//3866
f 2049//3867 2050//3867 2031//3867
f 2049//3868 2031//3868 2030//3868
f 2050//3869 2051//3869 2032//3869
f 2050//3870 2032//3870 2031//3870
f 2051//3871 2052//3871 2033//3871
f 2051//3872 2033//3872 2032//3872
f 2052//3873 2053//3873 2034//3873
f 2052//3874 2034//3874 2033//3874
f 2053//3875 2054//3875 2035//3875
f 2053//3876 2035//3876 2034//3876
f 2054//3877 2055//3877 2036//3877
f 2054//3878 2036//3878 2035//3878
f 2055//3879 2056//3879 2037//3879
f 2055//3880 2037//3880 2036//3880
f 2056//3881 2057//3881 2038//3881
f 2056//3882 2038//3882 2037//3882
f 2057//3883 2058//3883 2039//3883
f 2057//3884 2039//3884 2038//3884
f 2058//3885 2059//3885 2040//3885
f 2058//3886 2040//3886 2039//3886
f 2059//3887 2060//3887 2041//3887
f 2059//3888 2041//3888 2040//3888
f 2060//3889 162//3889 164//3889
f 2060//3890 164//3890 2041//3890
f 41//3891 2061//3891 2042//3891
f 41//3892 2042//3892 43//3892
f 2061//3893 2062//3893 2043//3893
f 2061//3894 2043//3894 2042//3894
f 2062//3895 2063//3895 2044//3895
f 2062//3896 2044//3896 2043//3896
f 2063//3897 2064//3897 2045//3897
f 2063//3898 2045//3898 2044//3898
f 2064//3899 2065//3899 2046//3899
f 2064//3900 2046//3900 2045//3900
f 2065//3901 2066//3901 2047//3901
f 2065//3902 2047//3902 2046//3902
f 2066//3903 2067//3903 2048//3903
f 2066//3904 2048//3904 2047//3904
f 2067//3905 2068//3905 2049//3905
f 2067//3906 2049//3906 2048//3906
f 2068//3907 2069//3907 2050//3907
f 2068//3908 2050//3908 2049//3908
f 2069//3909 2070//3909 2051//3909
f 2069//3910 2051//3910 2050//3910
f 2070//3911 2071//3911 2052//3911
f 2070//3912 2052//3912 2051//3912
f 2071//3913 2072//3913 2053//3913
f 2071//3914 2053//3914 2052//3914
f 2072//3915 2073//3915 2054//3915
f 2072//3916 2054//3916 2053//3916
f 2073//3917 2074//3917 2055//3917
f 2073//3918 2055//3918 2054//3918
f 2074//3919 2075//3919 2056//3919
f 2074//3920 2056//3920 2055//3920
f 2075//3921 2076//3921 2057//3921
f 2075//3922 2057//3922 2056//3922
f 2076//3923 2077//3923 2058//3923
f 2076//3924 2058//3924 2057//3924
f 2077//3925 2078//3925 2059//3925
f 2077//3926 2059//3926 2058//3926
f 2078//3927 2079//3927 2060//3927
f 2078//3928 2060//3928 2059//3928
f 2079//3929 160//3929 162//3929
f 2079//3930 162//3930 2060//3930
f 39//3931 2080//3931 2061//3931
f 39//3932 2061//3932 41//3932
f 2080//3933 2081//3933 2062//3933
f 2080//3934 2062//3934 2061//3934
f 2081//3935 2082//3935 2063//3935
f 2081//3936 2063//3936 2062//3936
f 2082//3937 2083//3937 2064//3937
f 2082//3938 2064//3938 2063//3938
f 2083//3939 2084//3939 2065//3939
f 2083//3940 2065//3940 2064//3940
f 2084//3941 2085//3941 2066//3941
f 2084//3942 2066//3942 2065//3942
f 2085//3943 2086//3943 2067//3943
f 2085//3944 2067//3944 2066//3944
f 2086//3945 2087//3945 2068//3945
f 2086//3946 2068//3946 2067//3946
f 2087//3947 2088//3947 2069//3947
f 2087//3948 2069//3948 2068//3948
f 2088//3949 2089//3949 2070//3949
f 2088//3950 2070//3950 2069//3950
f 2089//3951 2090//3951 2071//3951
f 2089//3952 2071//3952 2070//3952
f 2090//3953 2091//3953 2072//3953
f 2090//3954 2072//3954 2071//3954
f 2091//3955 2092//3955 2073//3955
f 2091//3956 2073//3956 2072//3956
f 2092//3957 2093//3957 2074//3957
f 2092//3958 2074//3958 2073//3958
f 2093//3959 2094//3959 2075//3959
f 2093//3960 2075//3960 2074//3960
f 2094//3961 2095//3961 2076//3961
f 2094//3962 2076//3962 2075//3962
f 2095//3963 2096//3963 2077//3963
f 2095//3964 2077//3964 2076//3964
f 2096//3965 2097//3965 2078//3965
f 2096//3966 2078//3966 2077//3966
f 2097//3967 2098//3967 2079//3967
f 2097//3968 2079//3968 2078//3968
f 2098//3969 158//3969 160//3969
f 2098//3970 160//3970 2079//3970
f 37//3971 2099//3971 2080//3971
f 37//3972 2080//3972 39//3972
f 2099//3973 2100//3973 2081//3973
f 2099//3974 2081//3974 2080//3974
f 2100//3975 2101//3975 2082//3975
f 2100//3976 2082//3976 2081//3976
f 2101//3977 2102//3977 2083//3977
f 2101//3978 2083//3978 2082//3978
f 2102//3979 2103//3979 2084//3979
f 2102//3980 2084//3980 2083//3980
f 2103//3981 2104//3981 2085//3981
f 2103//3982 2085//3982 2084//3982
f 2104//3983 2105//3983 2086//3983
f 2104//3984 2086//3984 2085//3984
f 2105//3985 2106//3985 2087//3985
f 2105//3986 2087//3986 2086//3986
f 2106//3987 2107//3987 2088//3987
f 2106//3988 2088//3988 2087//3988
f 2107//3989 2108//3989 2089//3989
f 2107//3990 2089//3990 2088//3990
f 2108//3991 2109//3991 2090//3991
f 2108//3992 2090//3992 2089//3992
f 2109//3993 2110//3993 2091//3993
f 2109//3994 2091//3994 2090//3994
f 2110//3995 2111//3995 2092//3995
f 2110//3996 2092//3996 2091//3996
f 2111//3997 2112//3997 2093//3997
f 2111//3998 2093//3998 2092//3998
f 2112//3999 2113//3999 2094//3999
f 2112//4000 2094//4000 2093//4000
f 2113//4001 2114//4001 2095//4001
f 2113//4002 2095//4002 2094//4002
f 2114//4003 2115//4003 2096//4003
f 2114//4004 2096//4004 2095//4004
f 2115//4005 2116//4005 2097//4005
f 2115//4006 2097//4006 2096//4006
f 2116//4007 2117//4007 2098//4007
f 2116//4008 2098//4008 2097//4008
f 2117//4009 156//4009 158//4009
f 2117//4010 158//4010 2098//4010
f 35//4011 2118//4011 2099//4011
f 35//4012 2099//4012 37//4012
f 2118//4013 2119//4013 2100//4013
f 2118//4014 2100//4014 2099//4014
f 2119//4015 2120//4015 2101//4015
f 2119//4016 2101//4016 2100//4016
f 2120//4017 2121//4017 2102//4017
f 2120//4018 2102//4018 2101//4018
f 2121//4019 2122//4019 2103//4019
f 2121//4020 2103//4020 2102//4020
f 2122//4021 2123//4021 2104//4021
f 2122//4022 2104//4022 2103//4022
f 2123//4023 2124//4023 2105//4023
f 2123//4024 2105//4024 2104//4024
f 2124//4025 2125//4025 2106//4025
f 2124//4026 2106//4026 2105//4026
f 2125//4027 2126//4027 2107//4027
f 2125//4028 2107//4028 2106//4028
f 2126//4029 2127//4029 2108//4029
f 2126//4030 2108//4030 2107//4030
f 2127//4031 2128//4031 2109//4031
f 2127//4032 2109//4032 2108//4032
f 2128//4033 2129//4033 2110//4033
f 2128//4034 2110//4034 2109//4034
f 2129//4035 2130//4035 2111//4035
f 2129//4036 2111//4036 2110//4036
f 2130//4037 2131//4037 2112//4037
f 2130//4038 2112//4038 2111//4038
f 2131//4039 2132//4039 2113//4039
f 2131//4040 2113//4040 2112//4040
f 2132//4041 2133//4041 2114//4041
f 2132//4042 2114//4042 2113//4042
f 2133//4043 2134//4043 2115//4043
f 2133//4044 2115//4044 2114//4044
f 2134//4045 2135//4045 2116//4045
f 2134//4046 2116//4046 2115//4046
f 2135//4047 2136//4047 2117//4047
f 2135//4048 2117//4048 2116//4048
f 2136//4049 154//4049 156//4049
f 2136//4050 156//4050 2117//4050
f 33//4051 2137//4051 2118//4051
f 33//4052 2118//4052 35//4052
f 2137//4053 2138//4053 2119//4053
f 2137//4054 2119//4054 2118//4054
f 2138//4055 2139//4055 2120//4055
f 2138//4056 2120//4056 2119//4056
f 2139//4057 2140//4057 2121//4057
f 2139//4058 2121//4058 2120//4058
f 2140//4059 2141//4059 2122//4059
f 2140//4060 2122//4060 2121//4060
f 2141//4061 2142//4061 2123//4061
f 2141//4062 2123//4062 2122//4062
f 2142//4063 2143//4063 2124//4063
f 2142//4064 2124//4064 2123//4064
f 2143//4065 2144//4065 2125//4065
f 2143//4066 2125//4066 2124//4066
f 2144//4067 2145//4067 2126//4067
f 2144//4068 2126//4068 2125//4068
f 2145//4069 2146//4069 2127//4069
f 2145//4070 2127//4070 2126//4070
f 2146//4071 2147//4071 2128//4071
f 2146//4072 2128//4072 2127//4072
f 2147//4073 2148//4073 2129//4073
f 2147//4074 2129//4074 2128//4074
f 2148//4075 2149//4075 2130//4075
f 2148//4076 2130//4076 2129//4076
f 2149//4077 2150//4077 2131//4077
f 2149//4078 2131//4078 2130//4078
f 2150//4079 2151//4079 2132//4079
f 2150//4080 2132//4080 2131//4080
f 2151//4081 2152//4081 2133//4081
f 2151//4082 2133//4082 2132//4082
f 2152//4083 2153//4083 2134//4083
f 2152//4084 2134//4084 2133//4084
f 2153//4085 2154//4085 2135//4085
f 2153//4086 2135//4086 2134//4086
f 2154//4087 2155//4087 2136//4087
f 2154//4088 2136//4088 2135//4088
f 2155//4089 152//4089 154//4089
f 2155//4090 154//4090 2136//4090
f 31//4091 2156//4091 2137//4091
f 31//4092 2137//4092 33//4092
f 2156//4093 2157//4093 2138//4093
f 2156//4094 2138//4094 2137//4094
f 2157//4095 2158//4095 2139//4095
f 2157//4096 2139//4096 2138//4096
f 2158//4097 2159//4097 2140//4097
f 2158//4098 2140//4098 2139//4098
f 2159//4099 2160//4099 2141//4099
f 2159//4100 2141//4100 2140//4100
f 2160//4101 2161//4101 2142//4101
f 2160//4102 2142//4102 2141//4102
f 2161//4103 2162//4103 2143//4103
f 2161//4104 2143//4104 2142//4104
f 2162//4105 2163//4105 2144//4105
f 2162//4106 2144//4106 2143//4106
f 2163//4107 2164//4107 2145//4107
f 2163//4108 2145//4108 2144//4108
f 2164//4109 2165//4109 2146//4109
f 2164//4110 2146//4110 2145//4110
f 2165//4111 2166//4111 2147//4111
f 2165//4112 2147//4112 2146//4112
f 2166//4113 2167//4113 2148//4113
f 2166//4114 2148//4114 2147//4114
f 2167//4115 2168//4115 2149//4115
f 2167//4116 2149//4116 2148//4116
f 2168//4117 2169//4117 2150//4117
f 2168//4118 2150//4118 2149//4118
f 2169//4119 2170//4119 2151//4119
f 2169//4120 2151//4120 2150//4120
f 2170//4121 2171//4121 2152//4121
f 2170//4122 2152//4122 2151//4122
f 2171//4123 2172//4123 2153//4123
f 2171//4124 2153//4124 2152//4124
f 2172//4125 2173//4125 2154//4125
f 2172//4126 2154//4126 2153//4126
f 2173//4127 2174//4127 2155//4127
f 2173//4128 2155//4128 2154//4128
f 2174//4129 150//4129 152//4129
f 2174//4130 152//4130 2155//4130
f 29//4131 2175//4131 2156//4131
f 29//4132 2156//4132 31//4132
f 2175//4133 2176//4133 2157//4133
f 2175//4134 2157//4134 2156//4134
f 2176//4135 2177//4135 2158//4135
f 2176//4136 2158//4136 2157//4136
f 2177//4137 2178//4137 2159//4137
f 2177//4138 2159//4138 2158//4138
f 2178//4139 2179//4139 2160//4139
f 2178//4140 2160//4140 2159//4140
f 2179//4141 2180//4141 2161//4141
f 2179//4142 2161//4142 2160//4142
f 2180//4143 2181//4143 2162//4143
f 2180//4144 2162//4144 2161//4144
f 2181//4145 2182//4145 2163//4145
f 2181//4146 2163//4146 2162//4146
f 2182//4147 2183//4147 2164//4147
f 2182//4148 2164//4148 2163//4148
f 2183//4149 2184//4149 2165//4149
f 2183//4150 2165//4150 2164//4150
f 2184//4151 2185//4151 2166//4151
f 2184//4152 2166//4152 2165//4152
f 2185//4153 2186//4153 2167//4153
f 2185//4154 2167//4154 2166//4154
f 2186//4155 2187//4155 2168//4155
f 2186//4156 2168//4156 2167//4156
f 2187//4157 2188//4157 2169//4157
f 2187//4158 2169//4158 2168//4158
f 2188//4159 2189//4159 2170//4159
f 2188//4160 2170//4160 2169//4160
f 2189//4161 2190//4161 2171//4161
f 2189//4162 2171//4162 2170//4162
f 2190//4163 2191//4163 2172//4163
f 2190//4164 2172//4164 2171//4164
f 2191//4165 2192//4165 2173//4165
f 2191//4166 2173//4166 2172//4166
f 2192//4167 2193//4167 2174//4167
f 2192//4168 2174//4168 2173//4168
f 2193//4169 148//4169 150//4169
f 2193//4170 150//4170 2174//4170
f 27//4171 2194//4171 2175//4171
f 27//4172 2175//4172 29//4172
f 2194//4173 2195//4173 2176//4173
f 2194//4174 2176//4174 2175//4174
f 2195//4175 2196//4175 2177//4175
f 2195//4176 2177//4176 2176//4176
f 2196//4177 2197//4177 2178//4177
f 2196//4178 2178//4178 2177//4178
f 2197//4179 2198//4179 2179//4179
f 2197//4180 2179//4180 2178//4180
f 2198//4181 2199//4181 2180//4181
f 2198//4182 2180//4182 2179//4182
f 2199//4183 2200//4183 2181//4183
f 2199//4184 2181//4184 2180//4184
f 2200//4185 2201//4185 2182//4185
f 2200//4186 2182//4186 2181//4186
f 2201//4187 2202//4187 2183//4187
f 2201//4188 2183//4188 2182//4188
f 2202//4189 2203//4189 2184//4189
f 2202//4190 2184//4190 2183//4190
f 2203//4191 2204//4191 2185//4191
f 2203//4192 2185//4192 2184//4192
f 2204//4193 2205//4193 2186//4193
f 2204//4194 2186//4194 2185//4194
f 2205//4195 2206//4195 2187//4195
f 2205//4196 2187//4196 2186//4196
f 2206//4197 2207//4197 2188//4197
f 2206//4198 2188//4198 2187//4198
f 2207//4199 2208//4199 2189//4199
f 2207//4200 2189//4200 2188//4200
f 2208//4201 2209//4201 2190//4201
f 2208//4202 2190//4202 2189//4202
f 2209//4203 2210//4203 2191//4203
f 2209//4204 2191//4204 2190//4204
f 2210//4205 2211//4205 2192//4205
f 2210//4206 2192//4206 2191//4206
f 2211//4207 2212//4207 2193//4207
f 2211//4208 2193//4208 2192//4208
f 2212//4209 146//4209 148//4209
f 2212//4210 148//4210 2193//4210
f 25//4211 2213//4211 2194//4211
f 25//4212 2194//4212 27//4212
f 2213//4213 2214//4213 2195//4213
f 2213//4214 2195//4214 2194//4214
f 2214//4215 2215//4215 2196//4215
f 2214//4216 2196//4216 2195//4216
f 2215//4217 2216//4217 2197//4217
f 2215//4218 2197//4218 2196//4218
f 2216//4219 2217//4219 2198//4219
f 2216//4220 2198//4220 2197//4220
f 2217//4221 2218//4221 2199//4221
f 2217//4222 2199//4222 2198//4222
f 2218//4223 2219//4223 2200//4223
f 2218//4224 2200//4224 2199//4224
f 2219//4225 2220//4225 2201//4225
f 2219//4226 2201//4226 2200//4226
f 2220//4227 2221//4227 2202//4227
f 2220//4228 2202//4228 2201//4228
f 2221//4229 2222//4229 2203//4229
f 2221//4230 2203//4230 2202//4230
f 2222//4231 2223//4231 2204//4231
f 2222//4232 2204//4232 2203//4232
f 2223//4233 2224//4233 2205//4233
f 2223//4234 2205//4234 2204//4234
f 2224//4235 2225//4235 2206//4235
f 2224//4236 2206//4236 2205//4236
f 2225//4237 2226//4237 2207//4237
f 2225//4238 2207//4238 2206//4238
f 2226//4239 2227//4239 2208//4239
f 2226//4240 2208//4240 2207//4240
f 2227//4241 2228//4241 2209//4241
f 2227//4242 2209//4242 2208//4242
f 2228//4243 2229//4243 2210//4243
f 2228//4244 2210//4244 2209//4244
f 2229//4245 2230//4245 2211//4245
f 2229//4246 2211//4246 2210//4246
f 2230//4247 2231//4247 2212//4247
f 2230//4248 2212//4248 2211//4248
f 2231//4249 144//4249 146//4249
f 2231//4250 146//4250 2212//4250
f 24//4251 1016//4251 2213//4251
f 24//4252 2213//4252 25//4252
f 1016//4253 1452//4253 2214//4253
f 1016//4254 2214//4254 2213//4254
f 1452//4255 1451//4255 2215//4255
f 1452//4256 2215//4256 2214//4256
f 1451//4257 1450//4257 2216//4257
f 1451//4258 2216//4258 2215//4258
f 1450//4259 1449//4259 2217//4259
f 1450//4260 2217//4260 2216//4260
f 1449//4261 1448//4261 2218//4261
f 1449//4262 2218//4262 2217//4262
f 1448//4263 1447//4263 2219//4263
f 1448//4264 2219//4264 2218//4264
f 1447//4265 1446//4265 2220//4265
f 1447//4266 2220//4266 2219//4266
f 1446//4267 1445//4267 2221//4267
f 1446//4268 2221//4268 2220//4268
f 1445//4269 1444//4269 2222//4269
f 1445//4270 2222//4270 2221//4270
f 1444//4271 1443//4271 2223//4271
f 1444//4272 2223//4272 2222//4272
f 1443//4273 1442//4273 2224//4273
f 1443//4274 2224//4274 2223//4274
f 1442//4275 1441//4275 2225//4275
f 1442//4276 2225//4276 2224//4276
f 1441//4277 1440//4277 2226//4277
f 1441//4278 2226//4278 2225//4278
f 1440//4279 1439//4279 2227//4279
f 1440//4280 2227//4280 2226//4280
f 1439//4281 1438//4281 2228//4281
f 1439//4282 2228//4282 2227//4282
f 1438//4283 1437//4283 2229//4283
f 1438//4284 2229//4284 2228//4284
f 1437//4285 1436//4285 2230//4285
f 1437//4286 2230//4286 2229//4286
f 1436//4287 1435//4287 2231//4287
f 1436//4288 2231//4288 2230//4288
f 1435//4289 141//4289 144//4289
f 1435//4290 144//4290 2231//4290
f 139//4291 2232//4291 2233//4291
f 139//4292 2233//4292 6//4292
f 2232//4293 2234//4293 2235//4293
f 2232//4294 2235//4294 2233//4294
f 2234//4295 2236//4295 2237//4295
f 2234//4296 2237//4296 2235//4296
f 2236//4297 2238//4297 2239//4297
f 2236//4298 2239//4298 2237//4298
f 2238//4299 2240//4299 2241//4299
f 2238//4300 2241//4300 2239//4300
f 2240//4301 2242//4301 2243//4301
f 2240//4302 2243//4302 2241//4302
f 2242//4303 2244//4303 2245//4303
f 2242//4304 2245//4304 2243//4304
f 2244//4305 2246//4305 2247//4305
f 2244//4306 2247//4306 2245//4306
f 2246//4307 2248//4307 2249//4307
f 2246//4308 2249//4308 2247//4308
f 2248//4309 2250//4309 2251//4309
f 2248//4310 2251//4310 2249//4310
f 2250//4311 2252//4311 2253//4311
f 2250//4312 2253//4312 2251//4312
f 2252//4313 2254//4313 2255//4313
f 2252//4314 2255//4314 2253//4314
f 2254//4315 2256//4315 2257//4315
f 2254//4316 2257//4316 2255//4316
f 2256//4317 2258//4317 2259//4317
f 2256//4318 2259//4318 2257//4318
f 2258//4319 2260//4319 2261//4319
f 2258//4320 2261//4320 2259//4320
f 2260//4321 2262//4321 2263//4321
f 2260//4322 2263//4322 2261//4322
f 2262//4323 2264//4323 2265//4323
f 2262//4324 2265//4324 2263//4324
f 2264//4325 2266//4325 2267//4325
f 2264//4326 2267//4326 2265//4326
f 2266//4327 2268//4327 2269//4327
f 2266//4328 2269//4328 2267//4328
f 2268//4329 100//4329 9//4329
f 2268//4330 9//4330 2269//4330
f 137//4331 2270//4331 2232//4331
f 137//4332 2232//4332 139//4332
f 2270//4333 2271//4333 2234//4333
f 2270//4334 2234//4334 2232//4334
f 2271//4335 2272//4335 2236//4335
f 2271//4336 2236//4336 2234//4336
f 2272//4337 2273//4337 2238//4337
f 2272//4338 2238//4338 2236//4338
f 2273//4339 2274//4339 2240//4339
f 2273//4340 2240//4340 2238//4340
f 2274//4341 2275//4341 2242//4341
f 2274//4342 2242//4342 2240//4342
f 2275//4343 2276//4343 2244//4343
f 2275//4344 2244//4344 2242//4344
f 2276//4345 2277//4345 2246//4345
f 2276//4346 2246//4346 2244//4346
f 2277//4347 2278//4347 2248//4347
f 2277//4348 2248//4348 2246//4348
f 2278//4349 2279//4349 2250//4349
f 2278//4350 2250//4350 2248//4350
f 2279//4351 2280//4351 2252//4351
f 2279//4352 2252//4352 2250//4352
f 2280//4353 2281//4353 2254//4353
f 2280//4354 2254//4354 2252//4354
f 2281//4355 2282//4355 2256//4355
f 2281//4356 2256//4356 2254//4356
f 2282//4357 2283//4357 2258//4357
f 2282//4358 2258//4358 2256//4358
f 2283//4359 2284//4359 2260//4359
f 2283//4360 2260//4360 2258//4360
f 2284//4361 2285//4361 2262//4361
f 2284//4362 2262//4362 2260//4362
f 2285//4363 2286//4363 2264//4363
f 2285//4364 2264//4364 2262//4364
f 2286//4365 2287//4365 2266//4365
f 2286//4366 2266//4366 2264//4366
f 2287//4367 2288//4367 2268//4367
f 2287//4368 2268//4368 2266//4368
f 2288//4369 98//4369 100//4369
f 2288//4370 100//4370 2268//4370
f 135//4371 2289//4371 2270//4371
f 135//4372 2270//4372 137//4372
f 2289//4373 2290//4373 2271//4373
f 2289//4374 2271//4374 2270//4374
f 2290//4375 2291//4375 2272//4375
f 2290//4376 2272//4376 2271//4376
f 2291//4377 2292//4377 2273//4377
f 2291//4378 2273//4378 2272//4378
f 2292//4379 2293//4379 2274//4379
f 2292//4380 2274//4380 2273//4380
f 2293//4381 2294//4381 2275//4381
f 2293//4382 2275//4382 2274//4382
f 2294//4383 2295//4383 2276//4383
f 2294//4384 2276//4384 2275//4384
f 2295//4385 2296//4385 2277//4385
f 2295//4386 2277//4386 2276//4386
f 2296//4387 2297//4387 2278//4387
f 2296//4388 2278//4388 2277//4388
f 2297//4389 2298//4389 2279//4389
f 2297//4390 2279//4390 2278//4390
f 2298//4391 2299//4391 2280//4391
f 2298//4392 2280//4392 2279//4392
f 2299//4393 2300//4393 2281//4393
f 2299//4394 2281//4394 2280//4394
f 2300//4395 2301//4395 2282//4395
f 2300//4396 2282//4396 2281//4396
f 2301//4397 2302//4397 2283//4397
f 2301//4398 2283//4398 2282//4398
f 2302//4399 2303//4399 2284//4399
f 2302//4400 2284//4400 2283//4400
f 2303//4401 2304//4401 2285//4401
f 2303//4402 2285//4402 2284//4402
f 2304//4403 2305//4403 2286//4403
f 2304//4404 2286//4404 2285//4404
f 2305//4405 2306//4405 2287//4405
f 2305//4406 2287//4406 2286//4406
f 2306//4407 2307//4407 2288//4407
f 2306//4408 2288//4408 2287//4408
f 2307//4409 96//4409 98//4409
f 2307//4410 98//4410 2288//4410
f 133//4411 2308//4411 2289//4411
f 133//4412 2289//4412 135//4412
f 2308//4413 2309//4413 2290//4413
f 2308//4414 2290//4414 2289//4414
f 2309//4415 2310//4415 2291//4415
f 2309//4416 2291//4416 2290//4416
f 2310//4417 2311//4417 2292//4417
f 2310//4418 2292//4418 2291//4418
f 2311//4419 2312//4419 2293//4419
f 2311//4420 2293//4420 2292//4420
f 2312//4421 2313//4421 2294//4421
f 2312//4422 2294//4422 2293//4422
f 2313//4423 2314//4423 2295//4423
f 2313//4424 2295//4424 2294//4424
f 2314//4425 2315//4425 2296//4425
f 2314//4426 2296//4426 2295//4426
f 2315//4427 2316//4427 2297//4427
f 2315//4428 2297//4428 2296//4428
f 2316//4429 2317//4429 2298//4429
f 2316//4430 2298//4430 2297//4430
f 2317//4431 2318//4431 2299//4431
f 2317//4432 2299//4432 2298//4432
f 2318//4433 2319//4433 2300//4433
f 2318//4434 2300//4434 2299//4434
f 2319//4435 2320//4435 2301//4435
f 2319//4436 2301//4436 2300//4436
f 2320//4437 2321//4437 2302//4437
f 2320//4438 2302//4438 2301//4438
f 2321//4439 2322//4439 2303//4439
f 2321//4440 2303//4440 2302//4440
f 2322//4441 2323//4441 2304//4441
f 2322//4442 2304//4442 2303//4442
f 2323//4443 2324//4443 2305//4443
f 2323//4444 2305//4444 2304//4444
f 2324//4445 2325//4445 2306//4445
f 2324//4446 2306//4446 2305//4446
f 2325//4447 2326//4447 2307//4447
f 2325//4448 2307//4448 2306//4448
f 2326//4449 94//4449 96//4449
f 2326//4450 96//4450 2307//4450
f 131//4451 2327//4451 2308//4451
f 131//4452 2308//4452 133//4452
f 2327//4453 2328//4453 2309//4453
f 2327//4454 2309//4454 2308//4454
f 2328//4455 2329//4455 2310//4455
f 2328//4456 2310//4456 2309//4456
f 2329//4457 2330//4457 2311//4457
f 2329//4458 2311//4458 2310//4458
f 2330//4459 2331//4459 2312//4459
f 2330//4460 2312//4460 2311//4460
f 2331//4461 2332//4461 2313//4461
f 2331//4462 2313//4462 2312//4462
f 2332//4463 2333//4463 2314//4463
f 2332//4464 2314//4464 2313//4464
f 2333//4465 2334//4465 2315//4465
f 2333//4466 2315//4466 2314//4466
f 2334//4467 2335//4467 2316//4467
f 2334//4468 2316//4468 2315//4468
f 2335//4469 2336//4469 2317//4469
f 2335//4470 2317//4470 2316//4470
f 2336//4471 2337//4471 2318//4471
f 2336//4472 2318//4472 2317//4472
f 2337//4473 2338//4473 2319//4473
f 2337//4474 2319//4474 2318//4474
f 2338//4475 2339//4475 2320//4475
f 2338//4476 2320//4476 2319//4476
f 2339//4477 2340//4477 2321//4477
f 2339//4478 2321//4478 2320//4478
f 2340//4479 2341//4479 2322//4479
f 2340//4480 2322//4480 2321//4480
f 2341//4481 2342//4481 2323//4481
f 2341//4482 2323//4482 2322//4482
f 2342//4483 2343//4483 2324//4483
f 2342//4484 2324//4484 2323//4484
f 2343//4485 2344//4485 2325//4485
f 2343//4486 2325//4486 2324//4486
f 2344//4487 2345//4487 2326//4487
f 2344//4488 2326//4488 2325//4488
f 2345//4489 92//4489 94//4489
f 2345//4490 94//4490 2326//4490
f 129//4491 2346//4491 2327//4491
f 129//4492 2327//4492 131//4492
f 2346//4493 2347//4493 2328//4493
f 2346//4494 2328//4494 2327//4494
f 2347//4495 2348//4495 2329//4495
f 2347//4496 2329//4496 2328//4496
f 2348//4497 2349//4497 2330//4497
f 2348//4498 2330//4498 2329//4498
f 2349//4499 2350//4499 2331//4499
f 2349//4500 2331//4500 2330//4500
f 2350//4501 2351//4501 2332//4501
f 2350//4502 2332//4502 2331//4502
f 2351//4503 2352//4503 2333//4503
f 2351//4504 2333//4504 2332//4504
f 2352//4505 2353//4505 2334//4505
f 2352//4506 2334//4506 2333//4506
f 2353//4507 2354//4507 2335//4507
f 2353//4508 2335//4508 2334//4508
f 2354//4509 2355//4509 2336//4509
f 2354//4510 2336//4510 2335//4510
f 2355//4511 2356//4511 2337//4511
f 2355//4512 2337//4512 2336//4512
f 2356//4513 2357//4513 2338//4513
f 2356//4514 2338//4514 2337//4514
f 2357//4515 2358//4515 2339//4515
f 2357//4516 2339//4516 2338//4516
f 2358//4517 2359//4517 2340//4517
f 2358//4518 2340//4518 2339//4518
f 2359//4519 2360//4519 2341//4519
f 2359//4520 2341//4520 2340//4520
f 2360//4521 2361//4521 2342//4521
f 2360//4522 2342//4522 2341//4522
f 2361//4523 2362//4523 2343//4523
f 2361//4524 2343//4524 2342//4524
f 2362//4525 2363//4525 2344//4525
f 2362//4526 2344//4526 2343//4526
f 2363//4527 2364//4527 2345//4527
f 2363//4528 2345//4528 2344//4528
f 2364//4529 90//4529 92//4529
f 2364//4530 92//4530 2345//4530
f 127//4531 2365//4531 2346//4531
f 127//4532 2346//4532 129//4532
f 2365//4533 2366//4533 2347//4533
f 2365//4534 2347//4534 2346//4534
f 2366//4535 2367//4535 2348//4535
f 2366//4536 2348//4536 2347//4536
f 2367//4537 2368//4537 2349//4537
f 2367//4538 2349//4538 2348//4538
f 2368//4539 2369//4539 2350//4539
f 2368//4540 2350//4540 2349//4540
f 2369//4541 2370//4541 2351//4541
f 2369//4542 2351//4542 2350//4542
f 2370//4543 2371//4543 2352//4543
f 2370//4544 2352//4544 2351//4544
f 2371//4545 2372//4545 2353//4545
f 2371//4546 2353//4546 2352//4546
f 2372//4547 2373//4547 2354//4547
f 2372//4548 2354//4548 2353//4548
f 2373//4549 2374//4549 2355//4549
f 2373//4550 2355//4550 2354//4550
f 2374//4551 2375//4551 2356//4551
f 2374//4552 2356//4552 2355//4552
f 2375//4553 2376//4553 2357//4553
f 2375//4554 2357//4554 2356//4554
f 2376//4555 2377//4555 2358//4555
f 2376//4556 2358//4556 2357//4556
f 2377//4557 2378//4557 2359//4557
f 2377//4558 2359//4558 2358//4558
f 2378//4559 2379//4559 2360//4559
f 2378//4560 2360//4560 2359//4560
f 2379//4561 2380//4561 2361//4561
f 2379//4562 2361//4562 2360//4562
f 2380//4563 2381//4563 2362//4563
f 2380//4564 2362//4564 2361//4564
f 2381//4565 2382//4565 2363//4565
f 2381//4566 2363//4566 2362//4566
f 2382//4567 2383//4567 2364//4567
f 2382//4568 2364//4568 2363//4568
f 2383//4569 88//4569 90//4569
f 2383//4570 90//4570 2364//4570
f 125//4571 2384//4571 2365//4571
f 125//4572 2365//4572 127//4572
f 2384//4573 2385//4573 2366//4573
f 2384//4574 2366//4574 2365//4574
f 2385//4575 2386//4575 2367//4575
f 2385//4576 2367//4576 2366//4576
f 2386//4577 2387//4577 2368//4577
f 2386//4578 2368//4578 2367//4578
f 2387//4579 2388//4579 2369//4579
f 2387//4580 2369//4580 2368//4580
f 2388//4581 2389//4581 2370//4581
f 2388//4582 2370//4582 2369//4582
f 2389//4583 2390//4583 2371//4583
f 2389//4584 2371//4584 2370//4584
f 2390//4585 2391//4585 2372//4585
f 2390//4586 2372//4586 2371//4586
f 2391//4587 2392//4587 2373//4587
f 2391//4588 2373//4588 2372//4588
f 2392//4589 2393//4589 2374//4589
f 2392//4590 2374//4590 2373//4590
f 2393//4591 2394//4591 2375//4591
f 2393//4592 2375//4592 2374//4592
f 2394//4593 2395//4593 2376//4593
f 2394//4594 2376//4594 2375//4594
f 2395//4595 2396//4595 2377//4595
f 2395//4596 2377//4596 2376//4596
f 2396//4597 2397//4597 2378//4597
f 2396//4598 2378//4598 2377//4598
f 2397//4599 2398//4599 2379//4599
f 2397//4600 2379//4600 2378//4600
f 2398//4601 2399//4601 2380//4601
f 2398//4602 2380//4602 2379//4602
f 2399//4603 2400//4603 2381//4603
f 2399//4604 2381//4604 2380//4604
f 2400//4605 2401//4605 2382//4605
f 2400//4606 2382//4606 2381//4606
f 2401//4607 2402//4607 2383//4607
f 2401//4567 2383//4567 2382//4567
f 2402//4608 86//4608 88//4608
f 2402//4609 88//4609 2383//4609
f 123//4610 2403//4610 2384//4610
f 123//4611 2384//4611 125//4611
f 2403//4612 2404//4612 2385//4612
f 2403//4613 2385//4613 2384//4613
f 2404//4614 2405//4614 2386//4614
f 2404//4615 2386//4615 2385//4615
f 2405//4616 2406//4616 2387//4616
f 2405//4617 2387//4617 2386//4617
f 2406//4618 2407//4618 2388//4618
f 2406//4619 2388//4619 2387//4619
f 2407//4620 2408//4620 2389//4620
f 2407//4621 2389//4621 2388//4621
f 2408//4622 2409//4622 2390//4622
f 2408//4623 2390//4623 2389//4623
f 2409//4624 2410//4624 2391//4624
f 2409//4625 2391//4625 2390//4625
f 2410//4626 2411//4626 2392//4626
f 2410//4627 2392//4627 2391//4627
f 2411//4628 2412//4628 2393//4628
f 2411//4629 2393//4629 2392//4629
f 2412//4630 2413//4630 2394//4630
f 2412//4631 2394//4631 2393//4631
f 2413//4632 2414//4632 2395//4632
f 2413//4633 2395//4633 2394//4633
f 2414//4634 2415//4634 2396//4634
f 2414//4635 2396//4635 2395//4635
f 2415//4636 2416//4636 2397//4636
f 2415//4637 2397//4637 2396//4637
f 2416//4638 2417//4638 2398//4638
f 2416//4639 2398//4639 2397//4639
f 2417//4640 2418//4640 2399//4640
f 2417//4641 2399//4641 2398//4641
f 2418//4642 2419//4642 2400//4642
f 2418//4643 2400//4643 2399//4643
f 2419//4644 2420//4644 2401//4644
f 2419//4645 2401//4645 2400//4645
f 2420//4646 2421//4646 2402//4646
f 2420//4607 2402//4607 2401//4607
f 2421//4647 84//4647 86//4647
f 2421//4648 86//4648 2402//4648
f 121//4649 2422//4649 2403//4649
f 121//4650 2403//4650 123//4650
f 2422//4651 2423//4651 2404//4651
f 2422//4652 2404//4652 2403//4652
f 2423//4653 2424//4653 2405//4653
f 2423//4654 2405//4654 2404//4654
f 2424//4655 2425//4655 2406//4655
f 2424//4656 2406//4656 2405//4656
f 2425//4657 2426//4657 2407//4657
f 2425//4658 2407//4658 2406//4658
f 2426//4659 2427//4659 2408//4659
f 2426//4660 2408//4660 2407//4660
f 2427//4661 2428//4661 2409//4661
f 2427//4662 2409//4662 2408//4662
f 2428//4663 2429//4663 2410//4663
f 2428//4664 2410//4664 2409//4664
f 2429//4665 2430//4665 2411//4665
f 2429//4666 2411//4666 2410//4666
f 2430//4667 2431//4667 2412//4667
f 2430//4668 2412//4668 2411//4668
f 2431//4669 2432//4669 2413//4669
f 2431//4670 2413//4670 2412//4670
f 2432//4671 2433//4671 2414//4671
f 2432//4672 2414//4672 2413//4672
f 2433//4673 2434//4673 2415//4673
f 2433//4674 2415//4674 2414//4674
f 2434//4675 2435//4675 2416//4675
f 2434//4676 2416//4676 2415//4676
f 2435//4677 2436//4677 2417//4677
f 2435//4678 2417//4678 2416//4678
f 2436//4679 2437//4679 2418//4679
f 2436//4680 2418//4680 2417//4680
f 2437//4681 2438//4681 2419//4681
f 2437//4642 2419//4642 2418//4642
f 2438//4682 2439//4682 2420//4682
f 2438//4683 2420//4683 2419//4683
f 2439//4684 2440//4684 2421//4684
f 2439//4685 2421//4685 2420//4685
f 2440//4686 82//4686 84//4686
f 2440//4687 84//4687 2421//4687
f 119//4688 2441//4688 2422//4688
f 119//4689 2422//4689 121//4689
f 2441//4690 2442//4690 2423//4690
f 2441//4691 2423//4691 2422//4691
f 2442//4692 2443//4692 2424//4692
f 2442//4693 2424//4693 2423//4693
f 2443//4694 2444//4694 2425//4694
f 2443//4695 2425//4695 2424//4695
f 2444//4696 2445//4696 2426//4696
f 2444//4697 2426//4697 2425//4697
f 2445//4698 2446//4698 2427//4698
f 2445//4699 2427//4699 2426//4699
f 2446//4700 2447//4700 2428//4700
f 2446//4701 2428//4701 2427//4701
f 2447//4702 2448//4702 2429//4702
f 2447//4703 2429//4703 2428//4703
f 2448//4704 2449//4704 2430//4704
f 2448//4705 2430//4705 2429//4705
f 2449//4706 2450//4706 2431//4706
f 2449//4707 2431//4707 2430//4707
f 2450//4708 2451//4708 2432//4708
f 2450//4709 2432//4709 2431//4709
f 2451//4710 2452//4710 2433//4710
f 2451//4711 2433//4711 2432//4711
f 2452//4712 2453//4712 2434//4712
f 2452//4713 2434//4713 2433//4713
f 2453//4714 2454//4714 2435//4714
f 2453//4715 2435//4715 2434//4715
f 2454//4716 2455//4716 2436//4716
f 2454//4717 2436//4717 2435//4717
f 2455//4718 2456//4718 2437//4718
f 2455//4719 2437//4719 2436//4719
f 2456//4720 2457//4720 2438//4720
f 2456//4721 2438//4721 2437//4721
f 2457//4722 2458//4722 2439//4722
f 2457//4723 2439//4723 2438//4723
f 2458//4724 2459//4724 2440//4724
f 2458//4725 2440//4725 2439//4725
f 2459//4726 80//4726 82//4726
f 2459//4727 82//4727 2440//4727
f 117//4728 2460//4728 2441//4728
f 117//4729 2441//4729 119//4729
f 2460//4730 2461//4730 2442//4730
f 2460//4731 2442//4731 2441//4731
f 2461//4732 2462//4732 2443//4732
f 2461//4733 2443//4733 2442//4733
f 2462//4734 2463//4734 2444//4734
f 2462//4735 2444//4735 2443//4735
f 2463//4736 2464//4736 2445//4736
f 2463//4737 2445//4737 2444//4737
f 2464//4738 2465//4738 2446//4738
f 2464//4739 2446//4739 2445//4739
f 2465//4740 2466//4740 2447//4740
f 2465//4741 2447//4741 2446//4741
f 2466//4742 2467//4742 2448//4742
f 2466//4743 2448//4743 2447//4743
f 2467//4744 2468//4744 2449//4744
f 2467//4745 2449//4745 2448//4745
f 2468//4746 2469//4746 2450//4746
f 2468//4747 2450//4747 2449//4747
f 2469//4748 2470//4748 2451//4748
f 2469//4749 2451//4749 2450//4749
f 2470//4750 2471//4750 2452//4750
f 2470//4751 2452//4751 2451//4751
f 2471//4752 2472//4752 2453//4752
f 2471//4753 2453//4753 2452//4753
f 2472//4754 2473//4754 2454//4754
f 2472//4755 2454//4755 2453//4755
f 2473//4756 2474//4756 2455//4756
f 2473//4757 2455//4757 2454//4757
f 2474//4758 2475//4758 2456//4758
f 2474//4759 2456//4759 2455//4759
f 2475//4760 2476//4760 2457//4760
f 2475//4761 2457//4761 2456//4761
f 2476//4762 2477//4762 2458//4762
f 2476//4763 2458//4763 2457//4763
f 2477//4764 2478//4764 2459//4764
f 2477//4765 2459//4765 2458//4765
f 2478//4766 78//4766 80//4766
f 2478//4767 80//4767 2459//4767
f 115//4768 2479//4768 2460//4768
f 115//4769 2460//4769 117//4769
f 2479//4770 2480//4770 2461//4770
f 2479//4771 2461//4771 2460//4771
f 2480//4772 2481//4772 2462//4772
f 2480//4773 2462//4773 2461//4773
f 2481//4774 2482//4774 2463//4774
f 2481//4775 2463//4775 2462//4775
f 2482//4776 2483//4776 2464//4776
f 2482//4777 2464//4777 2463//4777
f 2483//4778 2484//4778 2465//4778
f 2483//4779 2465//4779 2464//4779
f 2484//4780 2485//4780 2466//4780
f 2484//4781 2466//4781 2465//4781
f 2485//4782 2486//4782 2467//4782
f 2485//4783 2467//4783 2466//4783
f 2486//4784 2487//4784 2468//4784
f 2486//4785 2468//4785 2467//4785
f 2487//4786 2488//4786 2469//4786
f 2487//4787 2469//4787 2468//4787
f 2488//4788 2489//4788 2470//4788
f 2488//4789 2470//4789 2469//4789
f 2489//4790 2490//4790 2471//4790
f 2489//4791 2471//4791 2470//4791
f 2490//4792 2491//4792 2472//4792
f 2490//4793 2472//4793 2471//4793
f 2491//4794 2492//4794 2473//4794
f 2491//4795 2473//4795 2472//4795
f 2492//4796 2493//4796 2474//4796
f 2492//4797 2474//4797 2473//4797
f 2493//4798 2494//4798 2475//4798
f 2493//4799 2475//4799 2474//4799
f 2494//4800 2495//4800 2476//4800
f 2494//4801 2476//4801 2475//4801
f 2495//4802 2496//4802 2477//4802
f 2495//4803 2477//4803 2476//4803
f 2496//4804 2497//4804 2478//4804
f 2496//4805 2478//4805 2477//4805
f 2497//4806 76//4806 78//4806
f 2497//4766 78//4766 2478//4766
f 113//4807 2498//4807 2479//4807
f 113//4808 2479//4808 115//4808
f 2498//4809 2499//4809 2480//4809
f 2498//4810 2480//4810 2479//4810
f 2499//4811 2500//4811 2481//4811
f 2499//4812 2481//4812 2480//4812
f 2500//4813 2501//4813 2482//4813
f 2500//4814 2482//4814 2481//4814
f 2501//4815 2502//4815 2483//4815
f 2501//4816 2483//4816 2482//4816
f 2502//4817 2503//4817 2484//4817
f 2502//4818 2484//4818 2483//4818
f 2503//4819 2504//4819 2485//4819
f 2503//4820 2485//4820 2484//4820
f 2504//4821 2505//4821 2486//4821
f 2504//4822 2486//4822 2485//4822
f 2505//4823 2506//4823 2487//4823
f 2505//4824 2487//4824 2486//4824
f 2506//4825 2507//4825 2488//4825
f 2506//4826 2488//4826 2487//4826
f 2507//4827 2508//4827 2489//4827
f 2507//4828 2489//4828 2488//4828
f 2508//4829 2509//4829 2490//4829
f 2508//4830 2490//4830 2489//4830
f 2509//4831 2510//4831 2491//4831
f 2509//4832 2491//4832 2490//4832
f 2510//4833 2511//4833 2492//4833
f 2510//4834 2492//4834 2491//4834
f 2511//4835 2512//4835 2493//4835
f 2511//4836 2493//4836 2492//4836
f 2512//4837 2513//4837 2494//4837
f 2512//4838 2494//4838 2493//4838
f 2513//4839 2514//4839 2495//4839
f 2513//4840 2495//4840 2494//4840
f 2514//4841 2515//4841 2496//4841
f 2514//4842 2496//4842 2495//4842
f 2515//4843 2516//4843 2497//4843
f 2515//4844 2497//4844 2496//4844
f 2516//4845 74//4845 76//4845
f 2516//4845 76//4845 2497//4845
f 111//4846 2517//4846 2498//4846
f 111//4847 2498//4847 113//4847
f 2517//4848 2518//4848 2499//4848
f 2517//4849 2499//4849 2498//4849
f 2518//4850 2519//4850 2500//4850
f 2518//4851 2500//4851 2499//4851
f 2519//4852 2520//4852 2501//4852
f 2519//4853 2501//4853 2500//4853
f 2520//4854 2521//4854 2502//4854
f 2520//4855 2502//4855 2501//4855
f 2521//4856 2522//4856 2503//4856
f 2521//4857 2503//4857 2502//4857
f 2522//4858 2523//4858 2504//4858
f 2522//4859 2504//4859 2503//4859
f 2523//4860 2524//4860 2505//4860
f 2523//4861 2505//4861 2504//4861
f 2524//4862 2525//4862 2506//4862
f 2524//4863 2506//4863 2505//4863
f 2525//4864 2526//4864 2507//4864
f 2525//4865 2507//4865 2506//4865
f 2526//4866 2527//4866 2508//4866
f 2526//4867 2508//4867 2507//4867
f 2527//4868 2528//4868 2509//4868
f 2527//4869 2509//4869 2508//4869
f 2528//4870 2529//4870 2510//4870
f 2528//4871 2510//4871 2509//4871
f 2529//4872 2530//4872 2511//4872
f 2529//4873 2511//4873 2510//4873
f 2530//4874 2531//4874 2512//4874
f 2530//4875 2512//4875 2511//4875
f 2531//4876 2532//4876 2513//4876
f 2531//4877 2513//4877 2512//4877
f 2532//4878 2533//4878 2514//4878
f 2532//4879 2514//4879 2513//4879
f 2533//4880 2534//4880 2515//4880
f 2533//4881 2515//4881 2514//4881
f 2534//4882 2535//4882 2516//4882
f 2534//4883 2516//4883 2515//4883
f 2535//4884 72//4884 74//4884
f 2535//4885 74//4885 2516//4885
f 109//4886 2536//4886 2517//4886
f 109//4887 2517//4887 111//4887
f 2536//4888 2537//4888 2518//4888
f 2536//4889 2518//4889 2517//4889
f 2537//4890 2538//4890 2519//4890
f 2537//4891 2519//4891 2518//4891
f 2538//4892 2539//4892 2520//4892
f 2538//4893 2520//4893 2519//4893
f 2539//4894 2540//4894 2521//4894
f 2539//4895 2521//4895 2520//4895
f 2540//4896 2541//4896 2522//4896
f 2540//4897 2522//4897 2521//4897
f 2541//4898 2542//4898 2523//4898
f 2541//4899 2523//4899 2522//4899
f 2542//4900 2543//4900 2524//4900
f 2542//4901 2524//4901 2523//4901
f 2543//4902 2544//4902 2525//4902
f 2543//4903 2525//4903 2524//4903
f 2544//4904 2545//4904 2526//4904
f 2544//4905 2526//4905 2525//4905
f 2545//4906 2546//4906 2527//4906
f 2545//4907 2527//4907 2526//4907
f 2546//4908 2547//4908 2528//4908
f 2546//4909 2528//4909 2527//4909
f 2547//4910 2548//4910 2529//4910
f 2547//4911 2529//4911 2528//4911
f 2548//4912 2549//4912 2530//4912
f 2548//4913 2530//4913 2529//4913
f 2549//4914 2550//4914 2531//4914
f 2549//4915 2531//4915 2530//4915
f 2550//4916 2551//4916 2532//4916
f 2550//4917 2532//4917 2531//4917
f 2551//4918 2552//4918 2533//4918
f 2551//4919 2533//4919 2532//4919
f 2552//4920 2553//4920 2534//4920
f 2552//4921 2534//4921 2533//4921
f 2553//4922 2554//4922 2535//4922
f 2553//4923 2535//4923 2534//4923
f 2554//4924 70//4924 72//4924
f 2554//4925 72//4925 2535//4925
f 107//4926 2555//4926 2536//4926
f 107//4927 2536//4927 109//4927
f 2555//4928 2556//4928 2537//4928
f 2555//4929 2537//4929 2536//4929
f 2556//4930 2557//4930 2538//4930
f 2556//4931 2538//4931 2537//4931
f 2557//4932 2558//4932 2539//4932
f 2557//4933 2539//4933 2538//4933
f 2558//4934 2559//4934 2540//4934
f 2558//4935 2540//4935 2539//4935
f 2559//4936 2560//4936 2541//4936
f 2559//4937 2541//4937 2540//4937
f 2560//4938 2561//4938 2542//4938
f 2560//4939 2542//4939 2541//4939
f 2561//4940 2562//4940 2543//4940
f 2561//4941 2543//4941 2542//4941
f 2562//4942 2563//4942 2544//4942
f 2562//4943 2544//4943 2543//4943
f 2563//4944 2564//4944 2545//4944
f 2563//4945 2545//4945 2544//4945
f 2564//4946 2565//4946 2546//4946
f 2564//4947 2546//4947 2545//4947
f 2565//4948 2566//4948 2547//4948
f 2565//4949 2547//4949 2546//4949
f 2566//4950 2567//4950 2548//4950
f 2566//4951 2548//4951 2547//4951
f 2567//4952 2568//4952 2549//4952
f 2567//4953 2549//4953 2548//4953
f 2568//4954 2569//4954 2550//4954
f 2568//4955 2550//4955 2549//4955
f 2569//4956 2570//4956 2551//4956
f 2569//4957 2551//4957 2550//4957
f 2570//4958 2571//4958 2552//4958
f 2570//4959 2552//4959 2551//4959
f 2571//4960 2572//4960 2553//4960
f 2571//4961 2553//4961 2552//4961
f 2572//4962 2573//4962 2554//4962
f 2572//4963 2554//4963 2553//4963
f 2573//4964 68//4964 70//4964
f 2573//4965 70//4965 2554//4965
f 105//4966 2574//4966 2555//4966
f 105//4967 2555//4967 107//4967
f 2574//4968 2575//4968 2556//4968
f 2574//4969 2556//4969 2555//4969
f 2575//4970 2576//4970 2557//4970
f 2575//4971 2557//4971 2556//4971
f 2576//4972 2577//4972 2558//4972
f 2576//4973 2558//4973 2557//4973
f 2577//4974 2578//4974 2559//4974
f 2577//4975 2559//4975 2558//4975
f 2578//4976 2579//4976 2560//4976
f 2578//4977 2560//4977 2559//4977
f 2579//4978 2580//4978 2561//4978
f 2579//4979 2561//4979 2560//4979
f 2580//4980 2581//4980 2562//4980
f 2580//4981 2562//4981 2561//4981
f 2581//4982 2582//4982 2563//4982
f 2581//4983 2563//4983 2562//4983
f 2582//4984 2583//4984 2564//4984
f 2582//4985 2564//4985 2563//4985
f 2583//4986 2584//4986 2565//4986
f 2583//4987 2565//4987 2564//4987
f 2584//4988 2585//4988 2566//4988
f 2584//4989 2566//4989 2565//4989
f 2585//4990 2586//4990 2567//4990
f 2585//4991 2567//4991 2566//4991
f 2586//4992 2587//4992 2568//4992
f 2586//4993 2568//4993 2567//4993
f 2587//4994 2588//4994 2569//4994
f 2587//4995 2569//4995 2568//4995
f 2588//4996 2589//4996 2570//4996
f 2588//4997 2570//4997 2569//4997
f 2589//4998 2590//4998 2571//4998
f 2589//4999 2571//4999 2570//4999
f 2590//5000 2591//5000 2572//5000
f 2590//5001 2572//5001 2571//5001
f 2591//5002 2592//5002 2573//5002
f 2591//5003 2573//5003 2572//5003
f 2592//5004 66//5004 68//5004
f 2592//5005 68//5005 2573//5005
f 103//5006 2593//5006 2574//5006
f 103//5007 2574//5007 105//5007
f 2593//5008 2594//5008 2575//5008
f 2593//5009 2575//5009 2574//5009
f 2594//5010 2595//5010 2576//5010
f 2594//5011 2576//5011 2575//5011
f 2595//5012 2596//5012 2577//5012
f 2595//5013 2577//5013 2576//5013
f 2596//5014 2597//5014 2578//5014
f 2596//5015 2578//5015 2577//5015
f 2597//5016 2598//5016 2579//5016
f 2597//5017 2579//5017 2578//5017
f 2598//5018 2599//5018 2580//5018
f 2598//5019 2580//5019 2579//5019
f 2599//5020 2600//5020 2581//5020
f 2599//5021 2581//5021 2580//5021
f 2600//5022 2601//5022 2582//5022
f 2600//5023 2582//5023 2581//5023
f 2601//5024 2602//5024 2583//5024
f 2601//5025 2583//5025 2582//5025
f 2602//5026 2603//5026 2584//5026
f 2602//5027 2584//5027 2583//5027
f 2603//5028 2604//5028 2585//5028
f 2603//5029 2585//5029 2584//5029
f 2604//5030 2605//5030 2586//5030
f 2604//5031 2586//5031 2585//5031
f 2605//5032 2606//5032 2587//5032
f 2605//5033 2587//5033 2586//5033
f 2606//5034 2607//5034 2588//5034
f 2606//5035 2588//5035 2587//5035
f 2607//5036 2608//5036 2589//5036
f 2607//5037 2589//5037 2588//5037
f 2608//5038 2609//5038 2590//5038
f 2608//5039 2590//5039 2589//5039
f 2609//5040 2610//5040 2591//5040
f 2609//5041 2591//5041 2590//5041
f 2610//5042 2611//5042 2592//5042
f 2610//5043 2592//5043 2591//5043
f 2611//5044 64//5044 66//5044
f 2611//5045 66//5045 2592//5045
f 102//5046 2612//5046 2593//5046
f 102//5047 2593//5047 103//5047
f 2612//5048 2613//5048 2594//5048
f 2612//5049 2594//5049 2593//5049
f 2613//5050 2614//5050 2595//5050
f 2613//5051 2595//5051 2594//5051
f 2614//5052 2615//5052 2596//5052
f 2614//5053 2596//5053 2595//5053
f 2615//5054 2616//5054 2597//5054
f 2615//5055 2597//5055 2596//5055
f 2616//5056 2617//5056 2598//5056
f 2616//5057 2598//5057 2597//5057
f 2617//5058 2618//5058 2599//5058
f 2617//5059 2599//5059 2598//5059
f 2618//5060 2619//5060 2600//5060
f 2618//5061 2600//5061 2599//5061
f 2619//5062 2620//5062 2601//5062
f 2619//5063 2601//5063 2600//5063
f 2620//5064 2621//5064 2602//5064
f 2620//5065 2602//5065 2601//5065
f 2621//5066 2622//5066 2603//5066
f 2621//5067 2603//5067 2602//5067
f 2622//5068 2623//5068 2604//5068
f 2622//5069 2604//5069 2603//5069
f 2623//5070 2624//5070 2605//5070
f 2623//5071 2605//5071 2604//5071
f 2624//5072 2625//5072 2606//5072
f 2624//5073 2606//5073 2605//5073
f 2625//5074 2626//5074 2607//5074
f 2625//5075 2607//5075 2606//5075
f 2626//5076 2627//5076 2608//5076
f 2626//5077 2608//5077 2607//5077
f 2627//5078 2628//5078 2609//5078
f 2627//5079 2609//5079 2608//5079
f 2628//5080 2629//5080 2610//5080
f 2628//5081 2610//5081 2609//5081
f 2629//5082 2630//5082 2611//5082
f 2629//5083 2611//5083 2610//5083
f 2630//5084 20//5084 64//5084
f 2630//5085 64//5085 2611//5085
f 1036//5086 1454//5086 4//5086
f 1036//5087 4//5087 3//5087
f 1454//5088 1456//5088 2631//5088
f 1454//5089 2631//5089 4//5089
f 1456//5090 1458//5090 2632//5090
f 1456//5091 2632//5091 2631//5091
f 1458//5092 1460//5092 2633//5092
f 1458//5093 2633//5093 2632//5093
f 1460//5094 1462//5094 2634//5094
f 1460//5095 2634//5095 2633//5095
f 1462//5096 1464//5096 2635//5096
f 1462//5097 2635//5097 2634//5097
f 1464//5098 1466//5098 2636//5098
f 1464//5099 2636//5099 2635//5099
f 1466//5100 1468//5100 2637//5100
f 1466//5101 2637//5101 2636//5101
f 1468//5102 1470//5102 2638//5102
f 1468//5103 2638//5103 2637//5103
f 1470//5104 1472//5104 2639//5104
f 1470//5105 2639//5105 2638//5105
f 1472//5106 1474//5106 2640//5106
f 1472//5107 2640//5107 2639//5107
f 1474//5108 1476//5108 2641//5108
f 1474//5109 2641//5109 2640//5109
f 1476//5110 1478//5110 2642//5110
f 1476//5111 2642//5111 2641//5111
f 1478//5112 1480//5112 2643//5112
f 1478//5113 2643//5113 2642//5113
f 1480//5114 1482//5114 2644//5114
f 1480//5115 2644//5115 2643//5115
f 1482//5116 1484//5116 2645//5116
f 1482//5117 2645//5117 2644//5117
f 1484//5118 1486//5118 2646//5118
f 1484//5119 2646//5119 2645//5119
f 1486//5120 1488//5120 2647//5120
f 1486//5121 2647//5121 2646//5121
f 1488//5122 1490//5122 2648//5122
f 1488//5123 2648//5123 2647//5123
f 1490//5124 21//5124 22//5124
f 1490//5125 22//5125 2648//5125
f 101//5126 1056//5126 2612//5126
f 101//5127 2612//5127 102//5127
f 1056//5128 1058//5128 2613//5128
f 1056//5129 2613//5129 2612//5129
f 1058//5130 1060//5130 2614//5130
f 1058//5131 2614//5131 2613//5131
f 1060//5132 1062//5132 2615//5132
f 1060//5133 2615//5133 2614//5133
f 1062//5134 1064//5134 2616//5134
f 1062//5135 2616//5135 2615//5135
f 1064//5136 1066//5136 2617//5136
f 1064//5137 2617//5137 2616//5137
f 1066//5138 1068//5138 2618//5138
f 1066//5139 2618//5139 2617//5139
f 1068//5140 1070//5140 2619//5140
f 1068//5141 2619//5141 2618//5141
f 1070//5142 1072//5142 2620//5142
f 1070//5143 2620//5143 2619//5143
f 1072//5144 1074//5144 2621//5144
f 1072//5145 2621//5145 2620//5145
f 1074//5146 1076//5146 2622//5146
f 1074//5147 2622//5147 2621//5147
f 1076//5148 1078//5148 2623//5148
f 1076//5149 2623//5149 2622//5149
f 1078//5150 1080//5150 2624//5150
f 1078//5151 2624//5151 2623//5151
f 1080//5152 1082//5152 2625//5152
f 1080//5153 2625//5153 2624//5153
f 1082//5154 1084//5154 2626//5154
f 1082//5155 2626//5155 2625//5155
f 1084//5156 1086//5156 2627//5156
f 1084//5157 2627//5157 2626//5157
f 1086//5158 1088//5158 2628//5158
f 1086//5159 2628//5159 2627//5159
f 1088//5160 1090//5160 2629//5160
f 1088//5161 2629//5161 2628//5161
f 1090//5162 1092//5162 2630//5162
f 1090//5163 2630//5163 2629//5163
f 1092//5164 17//5164 20//5164
f 1092//5165 20//5165 2630//5165
f 6//5166 2233//5166 1833//5166
f 6//5167 1833//5167 7//5167
f 2233//5168 2235//5168 1834//5168
f 2233//5169 1834//5169 1833//5169
f 2235//5170 2237//5170 1835//5170
f 2235//5171 1835//5171 1834//5171
f 2237//5172 2239//5172 1836//5172
f 2237//5173 1836//5173 1835//5173
f 2239//5174 2241//5174 1837//5174
f 2239//5175 1837//5175 1836//5175
f 2241//5176 2243//5176 1838//5176
f 2241//5177 1838//5177 1837//5177
f 2243//5178 2245//5178 1839//5178
f 2243//5179 1839//5179 1838//5179
f 2245//5180 2247//5180 1840//5180
f 2245//5181 1840//5181 1839//5181
f 2247//5182 2249//5182 1841//5182
f 2247//5183 1841//5183 1840//5183
f 2249//5184 2251//5184 1842//5184
f 2249//5185 1842//5185 1841//5185
f 2251//5186 2253//5186 1843//5186
f 2251//5187 1843//5187 1842//5187
f 2253//5188 2255//5188 1844//5188
f 2253//5189 1844//5189 1843//5189
f 2255//5190 2257//5190 1845//5190
f 2255//5191 1845//5191 1844//5191
f 2257//5192 2259//5192 1846//5192
f 2257//5193 1846//5193 1845//5193
f 2259//5194 2261//5194 1847//5194
f 2259//5195 1847//5195 1846//5195
f 2261//5196 2263//5196 1848//5196
f 2261//5197 1848//5197 1847//5197
f 2263//5198 2265//5198 1849//5198
f 2263//5199 1849//5199 1848//5199
f 2265//5200 2267//5200 1850//5200
f 2265//5201 1850//5201 1849//5201
f 2267//5202 2269//5202 1851//5202
f 2267//5203 1851//5203 1850//5203
f 2269//5204 9//5204 12//5204
f 2269//5205 12//5205 1851//5205
f 14//5206 1853//5206 22//5206
f 14//5207 22//5207 15//5207
f 1853//5208 1855//5208 2648//5208
f 1853//5209 2648//5209 22//5209
f 1855//5210 1857//5210 2647//5210
f 1855//5211 2647//5211 2648//5211
f 1857//5212 1859//5212 2646//5212
f 1857//5213 2646//5213 2647//5213
f 1859//5214 1861//5214 2645//5214
f 1859//5215 2645//5215 2646//5215
f 1861//5216 1863//5216 2644//5216
f 1861//5217 2644//5217 2645//5217
f 1863//5218 1865//5218 2643//5218
f 1863//5219 2643//5219 2644//5219
f 1865//5220 1867//5220 2642//5220
f 1865//5221 2642//5221 2643//5221
f 1867//5222 1869//5222 2641//5222
f 1867//5223 2641//5223 2642//5223
f 1869//5224 1871//5224 2640//5224
f 1869//5225 2640//5225 2641//5225
f 1871//5226 1873//5226 2639//5226
f 1871//5227 2639//5227 2640//5227
f 1873//5228 1875//5228 2638//5228
f 1873//5229 2638//5229 2639//5229
f 1875//5230 1877//5230 2637//5230
f 1875//5231 2637//5231 2638//5231
f 1877//5232 1879//5232 2636//5232
f 1877//5233 2636//5233 2637//5233
f 1879//5234 1881//5234 2635//5234
f 1879//5235 2635//5235 2636//5235
f 1881//5236 1883//5236 2634//5236
f 1881//5237 2634//5237 2635//5237
f 1883//5238 1885//5238 2633//5238
f 1883//5239 2633//5239 2634//5239
f 1885//5240 1887//5240 2632//5240
f 1885//5241 2632//5241 2633//5241
f 1887//5242 1889//5242 2631//5242
f 1887//5243 2631//5243 2632//5243
f 1889//5244 1//5244 4//5244
f 1889//5245 4//5245 2631//5245
