# Blender 4.4.3
# www.blender.org
mtllib th_distal_bt_sp.mtl
o th_distal_bt_sp
v -6.060435 31.493399 6.856817
v -5.711478 31.339720 7.339299
v -5.503378 31.987499 6.999103
v -5.704554 32.272358 6.533328
v 5.524855 31.328369 7.517418
v 5.883785 31.182379 7.295039
v 5.606808 31.913620 6.960788
v 5.323178 32.128788 7.038086
v 5.141249 30.686930 -9.270639
v 5.021369 30.710468 -9.384977
v 4.736316 31.144699 -9.302928
v 4.765616 31.178049 -9.233773
v -4.682660 30.991098 -9.470544
v -4.942930 30.780699 -9.405479
v -4.660540 31.216919 -9.313883
v -4.367012 31.491179 -9.337342
v 6.750377 3.909479 -9.233852
v 6.558131 3.927115 -9.373147
v 6.799475 3.934083 -9.220414
v 6.954756 3.926733 -9.103900
v -4.303078 31.640909 -9.255423
v -4.689707 31.248718 -9.248438
v -6.385512 3.924832 -9.478571
v -6.699800 3.931560 -9.284896
v -6.718735 3.979900 -9.284199
v -6.314303 3.977654 -9.537569
v -6.731563 4.183974 -9.285437
v -6.306759 4.182718 -9.553166
v -6.739906 4.914243 -9.283569
v -6.311681 4.914996 -9.554842
v -6.742816 6.455601 -9.283186
v -6.327002 6.456711 -9.546943
v -6.751899 8.280357 -9.277586
v -6.348101 8.281122 -9.534426
v -6.761276 10.154059 -9.271725
v -6.369988 10.154429 -9.521289
v -6.770511 12.032880 -9.265894
v -6.391217 12.032900 -9.508524
v -6.776362 13.912379 -9.262539
v -6.408235 13.911870 -9.498295
v -6.778128 15.791929 -9.261603
v -6.414769 15.791149 -9.494248
v -6.776904 17.671360 -9.262580
v -6.415832 17.670589 -9.493455
v -6.771028 19.550760 -9.266652
v -6.414196 19.550100 -9.494379
v -6.742671 21.430420 -9.286296
v -6.404350 21.429729 -9.500905
v -6.676483 23.300369 -9.331378
v -6.378015 23.304869 -9.518431
v -6.642361 25.088579 -9.352777
v -6.361455 25.135479 -9.526451
v -6.549948 26.621149 -9.394906
v -6.289268 26.774799 -9.552003
v -6.300712 27.811590 -9.477409
v -6.047638 27.999889 -9.626173
v -5.964613 28.757450 -9.535658
v -5.717599 28.922909 -9.680449
v -5.620296 29.515150 -9.552657
v -5.437530 29.666149 -9.634140
v -5.286105 30.193230 -9.493172
v -5.081292 30.388159 -9.542825
v 6.810940 3.982075 -9.224295
v 7.017493 3.982571 -9.073184
v 6.824099 4.186451 -9.224535
v 7.063918 4.198202 -9.048597
v 6.844911 4.918256 -9.212211
v 7.139003 4.942547 -8.991884
v 6.857423 6.455361 -9.202834
v 7.190870 6.460245 -8.948807
v 6.858919 8.279129 -9.201727
v 7.198411 8.276617 -8.941544
v 6.838202 10.155220 -9.218855
v 7.145939 10.154950 -8.983865
v 6.835620 12.035049 -9.221510
v 7.136717 12.035959 -8.991766
v 6.842121 13.914439 -9.216856
v 7.151994 13.915520 -8.979879
v 6.850221 15.793690 -9.210886
v 7.172531 15.795300 -8.963418
v 6.857894 17.672800 -9.205209
v 7.192580 17.673849 -8.947052
v 6.864271 19.551609 -9.200396
v 7.210043 19.549950 -8.932291
v 6.866117 21.429560 -9.198728
v 7.220966 21.426920 -8.922877
v 6.854619 23.291830 -9.206467
v 7.208854 23.276150 -8.932738
v 6.799426 25.065729 -9.242305
v 7.118436 25.000740 -8.998433
v 6.635129 26.571190 -9.334664
v 6.892420 26.420450 -9.141260
v 6.366415 27.761980 -9.431640
v 6.603698 27.572670 -9.256963
v 6.037690 28.729259 -9.484859
v 6.259784 28.576519 -9.320762
v 5.697114 29.463699 -9.512063
v 5.884479 29.368898 -9.358422
v 5.361867 30.122429 -9.469305
v 5.503316 30.083519 -9.337018
v 3.749603 11.555710 7.424206
v 4.077221 11.654659 7.231091
v 4.260175 11.919960 7.459904
v 3.897033 11.784060 7.658255
v 4.545593 12.261439 7.662565
v 4.213366 12.138440 7.868176
v 4.793221 12.667570 7.946710
v 4.488952 12.571630 8.177495
v 5.083398 13.168880 8.233886
v 4.828902 13.088659 8.450116
v 5.464550 13.782860 8.449138
v 5.146514 13.635799 8.681735
v 5.824744 14.483319 8.661680
v 5.481130 14.341820 8.947785
v 6.152833 15.356830 8.930759
v 5.831051 15.216869 9.212912
v 6.510890 16.441210 9.150228
v 6.165135 16.277069 9.467136
v 6.837463 17.608099 9.296822
v 6.481760 17.457409 9.641902
v 7.101021 18.833260 9.372904
v 6.732831 18.733040 9.755219
v 7.281778 20.114769 9.395663
v 6.893732 20.051790 9.807380
v 7.341123 21.486649 9.408266
v 6.930207 21.473520 9.845931
v 7.337947 22.850090 9.343779
v 6.948084 22.849060 9.759576
v 7.300043 24.248690 9.173483
v 6.916235 24.200720 9.583485
v 7.134812 25.588959 9.001040
v 6.727378 25.546509 9.421181
v 6.940062 26.903028 8.734819
v 6.567935 26.929119 9.087926
v 6.704822 28.149029 8.411899
v 6.354243 28.251259 8.696352
v 6.477396 29.270149 8.021765
v 6.095755 29.407070 8.307425
v 6.240911 30.273338 7.617094
v 5.846453 30.419960 7.892374
v -3.949305 11.425980 6.948033
v -3.847673 11.622650 7.430893
v -4.080220 11.853729 7.566821
v -4.232842 11.679190 7.068882
v -4.330923 12.151450 7.750264
v -4.532977 12.011970 7.263770
v -4.681352 12.626889 8.021135
v -4.908977 12.513510 7.550643
v -4.999553 13.116159 8.269129
v -5.250555 13.007950 7.787579
v -5.388664 13.746050 8.495829
v -5.651011 13.648430 8.028944
v -5.753113 14.486950 8.748989
v -6.042797 14.386640 8.268347
v -6.080098 15.337589 9.007992
v -6.390366 15.225849 8.522477
v -6.400611 16.373470 9.254341
v -6.738542 16.247040 8.743311
v -6.692044 17.484310 9.424533
v -7.088567 17.455650 8.905496
v -6.946936 18.702690 9.514085
v -7.369572 18.709129 8.991461
v -7.096784 20.049690 9.591299
v -7.518794 20.034609 9.083984
v -7.175243 21.465609 9.588524
v -7.622692 21.450079 9.063779
v -7.173246 22.846849 9.522822
v -7.646430 22.901730 8.970566
v -7.099807 24.206289 9.392274
v -7.546189 24.303360 8.866636
v -7.006599 25.577839 9.139177
v -7.405223 25.748360 8.639239
v -6.798972 26.910069 8.878079
v -7.188802 27.089458 8.381674
v -6.573568 28.216629 8.500967
v -6.977148 28.413179 7.973140
v -6.271628 29.457499 8.102908
v -6.699022 29.611849 7.564638
v -5.962000 30.498098 7.726691
v -6.362336 30.633200 7.220314
v -5.626229 30.459499 8.057197
v -5.377816 31.385950 7.595303
v -5.257939 30.550539 8.280042
v -4.964760 31.517250 7.807878
v -4.759257 30.765079 8.482901
v -4.468254 31.744339 7.982592
v -4.228487 30.920238 8.696809
v -3.987173 31.915680 8.134613
v -3.631875 31.074320 8.908684
v -3.403933 32.052547 8.333392
v -3.035992 31.287569 9.022884
v -2.864526 32.195278 8.457611
v -2.370163 31.438269 9.150816
v -2.208694 32.365040 8.552146
v -1.675074 31.510880 9.274518
v -1.571371 32.449471 8.645359
v -0.977077 31.549068 9.363148
v -0.880726 32.490650 8.724827
v -0.177666 31.568220 9.407164
v -0.175136 32.514389 8.753647
v 0.526017 31.567699 9.392108
v 0.524405 32.530540 8.725648
v 1.233691 31.542189 9.334140
v 1.169325 32.498848 8.679126
v 1.951025 31.495789 9.222032
v 1.841551 32.462627 8.573896
v 2.584576 31.406170 9.102884
v 2.441622 32.351410 8.487917
v 3.277636 31.222849 8.965802
v 3.083619 32.159557 8.395190
v 3.837598 31.026129 8.838376
v 3.629708 31.992880 8.267247
v 4.450076 30.863209 8.611638
v 4.217117 31.810780 8.090127
v 4.909886 30.707008 8.426653
v 4.641833 31.620628 7.966743
v 5.442660 30.517910 8.161755
v 5.161127 31.444910 7.719622
v -5.922182 29.472540 8.420825
v -5.504665 29.579590 8.692241
v -5.004065 29.724129 8.962285
v -4.469413 29.851278 9.215924
v -3.852311 29.998810 9.456779
v -3.230098 30.209730 9.601648
v -2.518278 30.344969 9.771692
v -1.792638 30.409830 9.916419
v -1.067398 30.453070 10.013599
v -0.194611 30.474649 10.065100
v 0.545988 30.470469 10.052549
v 1.301693 30.443008 9.988884
v 2.088224 30.381229 9.864732
v 2.762183 30.280880 9.728714
v 3.493125 30.089779 9.564295
v 4.091719 29.926630 9.378118
v 4.699988 29.801800 9.112798
v 5.179019 29.683069 8.869595
v 5.685680 29.537880 8.577409
v -6.206572 28.298328 8.800704
v -5.763026 28.456219 9.090302
v -5.271738 28.563789 9.390965
v -4.715665 28.697269 9.680194
v -4.090606 28.797918 9.963999
v -3.439785 28.932020 10.186020
v -2.654447 29.056950 10.402790
v -1.916047 29.109549 10.566319
v -1.141184 29.174570 10.668779
v -0.223010 29.205839 10.721780
v 0.572225 29.201250 10.709340
v 1.367441 29.163429 10.643140
v 2.239068 29.073349 10.507001
v 2.961461 28.990358 10.334260
v 3.676100 28.885729 10.116310
v 4.335073 28.749609 9.865600
v 4.902833 28.662479 9.588190
v 5.453766 28.532030 9.284112
v 5.911303 28.422979 8.992730
v -6.460076 26.954470 9.176863
v -6.032281 27.136980 9.462993
v -5.538931 27.211870 9.797393
v -4.954394 27.389179 10.109210
v -4.309488 27.462149 10.433499
v -3.608150 27.574499 10.710540
v -2.792693 27.723660 10.941820
v -2.031463 27.765320 11.125400
v -1.204057 27.863970 11.228769
v -0.247961 27.912319 11.279830
v 0.605650 27.908600 11.265619
v 1.449570 27.853960 11.198060
v 2.372051 27.713749 11.065129
v 3.141909 27.628950 10.864590
v 3.858198 27.574669 10.606680
v 4.555209 27.411030 10.330130
v 5.113368 27.365290 10.024700
v 5.686669 27.221788 9.694810
v 6.131393 27.132799 9.388463
v -6.610185 25.580099 9.522871
v -6.165732 25.720139 9.854371
v -5.688848 25.772520 10.194360
v -5.092608 25.977560 10.519070
v -4.466899 26.100470 10.828670
v -3.752847 26.212479 11.127140
v -2.935192 26.319750 11.385980
v -2.129062 26.363510 11.590059
v -1.243186 26.400400 11.731700
v -0.263148 26.422810 11.795919
v 0.642560 26.428099 11.776340
v 1.534845 26.423309 11.682899
v 2.474800 26.346069 11.516540
v 3.274352 26.258499 11.295790
v 3.990195 26.161879 11.040290
v 4.703576 25.974669 10.747089
v 5.295461 25.942560 10.400579
v 5.876072 25.846230 10.035580
v 6.304944 25.752470 9.731409
v -6.694352 24.278700 9.776134
v -6.261057 24.324799 10.133630
v -5.810696 24.342339 10.469970
v -5.216545 24.473928 10.830330
v -4.597815 24.587439 11.156250
v -3.851558 24.685619 11.487920
v -3.048969 24.728889 11.769740
v -2.205911 24.746830 11.998950
v -1.263079 24.708609 12.177930
v -0.270954 24.703989 12.253210
v 0.673408 24.729250 12.225980
v 1.598912 24.798710 12.104790
v 2.534402 24.791739 11.912230
v 3.381247 24.705160 11.663750
v 4.129431 24.638350 11.374750
v 4.847391 24.511189 11.044720
v 5.452314 24.445419 10.685820
v 6.014451 24.403559 10.305880
v 6.493284 24.355299 9.931749
v -6.792602 22.901600 9.903609
v -6.361912 22.902449 10.277760
v -5.886337 22.864779 10.652980
v -5.312183 22.907619 11.034260
v -4.694159 22.985729 11.383770
v -3.942538 23.039730 11.739659
v -3.137412 22.982010 12.053040
v -2.252753 22.991810 12.305320
v -1.267729 23.002970 12.486509
v -0.273907 23.015079 12.560810
v 0.696434 23.024469 12.534870
v 1.642034 23.055479 12.414700
v 2.560793 23.070030 12.213900
v 3.430502 22.985600 11.950240
v 4.210034 23.006639 11.623810
v 4.908216 22.950119 11.273180
v 5.521130 22.905649 10.897639
v 6.060873 22.944950 10.509640
v 6.542917 22.918949 10.119070
v -6.789415 21.537529 9.993399
v -6.376781 21.475620 10.363970
v -5.899906 21.402029 10.738400
v -5.333585 21.365360 11.134629
v -4.708672 21.376619 11.502470
v -3.996325 21.392010 11.855450
v -3.172154 21.298519 12.185790
v -2.254010 21.309410 12.454450
v -1.272392 21.344849 12.633969
v -0.280606 21.358889 12.708719
v 0.707878 21.355110 12.684210
v 1.671396 21.343319 12.564980
v 2.582250 21.319029 12.361899
v 3.436035 21.282290 12.090290
v 4.234721 21.361990 11.747630
v 4.937636 21.344170 11.375890
v 5.526081 21.342260 11.004630
v 6.076259 21.406509 10.598989
v 6.515899 21.446070 10.237189
v -6.720375 20.154350 9.998596
v -6.304619 20.080120 10.374450
v -5.832485 19.921209 10.734099
v -5.275341 19.859079 11.126679
v -4.665362 19.781900 11.491050
v -3.960477 19.756409 11.846820
v -3.124152 19.655870 12.177119
v -2.218849 19.663570 12.444190
v -1.268685 19.690359 12.620629
v -0.291281 19.674019 12.693009
v 0.699564 19.667440 12.669720
v 1.676512 19.672070 12.550310
v 2.585072 19.641230 12.341129
v 3.417214 19.632139 12.066050
v 4.196251 19.738020 11.734429
v 4.906607 19.780209 11.355410
v 5.497475 19.840540 10.973920
v 6.031188 19.916750 10.579900
v 6.466280 20.018589 10.219120
v -6.586903 18.743000 9.904167
v -6.183593 18.653730 10.262150
v -5.684423 18.422449 10.624650
v -5.150616 18.311480 10.989490
v -4.545005 18.214659 11.350880
v -3.829967 18.161009 11.706960
v -3.021081 18.046120 12.012919
v -2.163337 18.036860 12.264860
v -1.251978 18.029659 12.435590
v -0.304524 17.937189 12.496420
v 0.668219 17.931480 12.475659
v 1.648071 18.013300 12.367249
v 2.549417 18.024860 12.160020
v 3.362485 18.051470 11.888140
v 4.104046 18.174660 11.576750
v 4.778047 18.293570 11.229630
v 5.364381 18.357470 10.851530
v 5.878281 18.496099 10.484859
v 6.322704 18.655809 10.135340
v -6.361082 17.438879 9.762130
v -5.947524 17.281200 10.096250
v -5.479129 17.039810 10.409820
v -4.936967 16.875410 10.754670
v -4.336106 16.786030 11.107050
v -3.661682 16.678219 11.423280
v -2.900530 16.527119 11.688270
v -2.081872 16.478710 11.917480
v -1.200132 16.458370 12.083779
v -0.269996 16.361439 12.140130
v 0.671980 16.357800 12.119180
v 1.596492 16.460800 12.025380
v 2.460276 16.527670 11.839359
v 3.248316 16.602619 11.583750
v 3.955826 16.701769 11.287189
v 4.588400 16.841129 10.975030
v 5.126604 16.926950 10.644070
v 5.633206 17.074539 10.295549
v 6.082817 17.274389 9.967422
v -6.058223 16.271360 9.577259
v -5.652917 16.052910 9.858280
v -5.185106 15.812929 10.144569
v -4.654511 15.614170 10.447599
v -4.100564 15.491270 10.745930
v -3.483314 15.384680 11.025089
v -2.762200 15.213739 11.252279
v -1.973335 15.090320 11.439759
v -1.130887 15.067000 11.598289
v -0.242916 15.043570 11.673490
v 0.643118 15.047029 11.657710
v 1.478995 15.107780 11.569699
v 2.281965 15.213090 11.420190
v 3.025240 15.285860 11.185340
v 3.731843 15.424979 10.919680
v 4.371718 15.605100 10.633349
v 4.901624 15.759350 10.346379
v 5.357028 15.891649 10.048890
v 5.797178 16.078329 9.742889
v -5.724160 15.199140 9.312242
v -5.312787 14.971430 9.569172
v -4.855438 14.739870 9.819863
v -4.367606 14.545509 10.069340
v -3.851017 14.429170 10.332080
v -3.238978 14.283910 10.570510
v -2.550370 14.100380 10.757800
v -1.822231 13.968120 10.912940
v -1.037533 13.929040 11.043920
v -0.216323 13.929600 11.117559
v 0.590916 13.940410 11.108399
v 1.344337 13.993730 11.039559
v 2.099847 14.096439 10.909699
v 2.801260 14.174040 10.705270
v 3.463075 14.333079 10.491540
v 4.050220 14.506160 10.249909
v 4.591775 14.696939 9.992630
v 5.064603 14.884140 9.734713
v 5.479724 15.077330 9.482069
v -5.399287 14.343989 9.035826
v -4.995461 14.118899 9.257701
v -4.549493 13.890909 9.470270
v -4.056610 13.684600 9.685389
v -3.527580 13.509990 9.889636
v -2.932779 13.331120 10.070499
v -2.294945 13.174120 10.228660
v -1.632155 13.096240 10.383860
v -0.904491 13.018559 10.465540
v -0.175743 13.000010 10.510090
v 0.539482 13.019170 10.504670
v 1.239335 13.094589 10.464930
v 1.941266 13.175590 10.347360
v 2.607653 13.283740 10.186940
v 3.226180 13.447060 10.019800
v 3.723095 13.548249 9.799408
v 4.213345 13.725610 9.595162
v 4.682960 13.933650 9.383247
v 5.110942 14.148950 9.167108
v -5.046815 13.606730 8.752410
v -4.658829 13.386419 8.927417
v -4.216177 13.173229 9.116374
v -3.763204 12.959769 9.263669
v -3.257062 12.766669 9.412467
v -2.686259 12.603330 9.572569
v -2.111968 12.481001 9.715744
v -1.507804 12.421209 9.853975
v -0.846897 12.342569 9.919054
v -0.198888 12.303949 9.938707
v 0.455612 12.306359 9.923764
v 1.116571 12.357440 9.880013
v 1.740066 12.439050 9.801761
v 2.331552 12.546100 9.685078
v 2.915084 12.727270 9.577123
v 3.388182 12.815269 9.383573
v 3.882088 12.997319 9.215350
v 4.354801 13.204120 9.030529
v 4.772593 13.426559 8.863752
v -4.677338 12.981569 8.487903
v -4.321357 12.764020 8.595034
v -3.888265 12.568120 8.755472
v -3.459962 12.366030 8.862591
v -2.971328 12.184500 8.981701
v -2.416957 12.056600 9.144406
v -1.906765 11.975570 9.279029
v -1.365811 11.896640 9.360114
v -0.776319 11.853069 9.439207
v -0.202262 11.799660 9.433592
v 0.405105 11.795179 9.413806
v 1.018497 11.847290 9.388008
v 1.572140 11.916039 9.326349
v 2.136940 12.018499 9.233107
v 2.650608 12.144540 9.120422
v 3.099179 12.244189 8.970499
v 3.599305 12.470030 8.872786
v 4.087193 12.679130 8.706972
v 4.496952 12.893710 8.573863
v -4.355754 12.525550 8.268849
v -4.035225 12.344239 8.361186
v -3.632555 12.159570 8.477203
v -3.204858 11.968920 8.565999
v -2.734334 11.799479 8.662035
v -2.219153 11.660330 8.760755
v -1.707152 11.548810 8.832037
v -1.184866 11.454450 8.872396
v -0.652583 11.444360 8.969264
v -0.115512 11.433189 9.002118
v 0.430276 11.429090 8.979058
v 0.949819 11.447180 8.921460
v 1.453423 11.514830 8.878127
v 1.948346 11.611850 8.822195
v 2.406033 11.683929 8.693531
v 2.833455 11.802099 8.599486
v 3.303112 11.986050 8.504286
v 3.747081 12.182000 8.397445
v 4.136501 12.388370 8.310042
v -4.027917 12.079160 7.990183
v -3.776849 11.967540 8.084342
v -3.411072 11.812639 8.185404
v -2.999343 11.639490 8.256795
v -2.535436 11.494100 8.355858
v -2.059785 11.357409 8.416158
v -1.577049 11.229509 8.434410
v -1.070095 11.142090 8.467466
v -0.598222 11.137990 8.556933
v -0.101407 11.138060 8.595930
v 0.414022 11.141940 8.588140
v 0.871642 11.131740 8.504308
v 1.297767 11.164030 8.439827
v 1.718267 11.250360 8.411863
v 2.161014 11.346210 8.345225
v 2.608882 11.472449 8.274932
v 3.055281 11.632500 8.202909
v 3.463856 11.810060 8.131512
v 3.855576 11.987140 8.026720
v -3.801530 11.754880 7.721088
v -3.550281 11.640710 7.785890
v -3.185051 11.504869 7.890507
v -2.779535 11.358089 7.973155
v -2.356137 11.217950 8.028412
v -1.922828 11.079869 8.040047
v -1.459001 10.971169 8.064724
v -0.988806 10.913680 8.123933
v -0.558961 10.897540 8.184664
v -0.123373 10.879419 8.189414
v 0.364183 10.904059 8.218008
v 0.797920 10.906509 8.160264
v 1.207062 10.946680 8.123971
v 1.580803 10.996429 8.067998
v 1.979847 11.079960 8.014266
v 2.407212 11.209970 7.981816
v 2.843919 11.362619 7.934176
v 3.229135 11.497379 7.840428
v 3.588819 11.644799 7.751559
v -3.663806 11.539730 7.491449
v -3.387262 11.402160 7.521087
v -3.018051 11.251260 7.581218
v -2.615397 11.118800 7.663262
v -2.196384 10.992949 7.721882
v -1.781706 10.864820 7.723334
v -1.365109 10.779690 7.753639
v -0.977708 10.739950 7.808016
v -0.563639 10.709590 7.843229
v -0.165969 10.704559 7.878031
v 0.270190 10.713719 7.886942
v 0.672305 10.710330 7.822978
v 1.123377 10.751810 7.785036
v 1.503560 10.811749 7.761912
v 1.848050 10.874269 7.709488
v 2.271649 10.993830 7.671370
v 2.735851 11.147190 7.626093
v 3.072761 11.260290 7.555547
v 3.415955 11.407249 7.502146
v 5.197456 30.267159 -9.524806
v 4.809911 30.884359 -9.444361
v 4.950769 30.513880 -9.564962
v 4.532124 31.102699 -9.506029
v 4.532083 30.833109 -9.666269
v 4.134920 31.360979 -9.603761
v 4.039535 31.154259 -9.785856
v 3.644969 31.650269 -9.709327
v 3.652363 31.330700 -9.883639
v 3.262124 31.835419 -9.789504
v 3.220282 31.521629 -9.953066
v 2.875189 32.023880 -9.829595
v 2.677558 31.705729 -10.024549
v 2.424017 32.175510 -9.875535
v 2.166524 31.929829 -10.032310
v 1.969688 32.326859 -9.885705
v 1.565624 31.998079 -10.049860
v 1.424988 32.414318 -9.880923
v 0.710750 32.008789 -10.056829
v 0.671517 32.444031 -9.876206
v -0.332465 32.008568 -10.057819
v -0.317058 32.443840 -9.877185
v -1.303903 32.003948 -10.052850
v -1.224963 32.424530 -9.880597
v -1.948980 31.976540 -10.032320
v -1.813925 32.383858 -9.872407
v -2.459617 31.814548 -10.028170
v -2.272697 32.236328 -9.878569
v -2.948973 31.637789 -9.983366
v -2.720086 32.095398 -9.842116
v -3.395849 31.439949 -9.924839
v -3.064928 31.947769 -9.804986
v -3.841734 31.229649 -9.839443
v -3.452059 31.747599 -9.748904
v -4.344911 30.945049 -9.715950
v -3.912256 31.493780 -9.654673
v -4.753837 30.683029 -9.605590
v -4.348913 31.232119 -9.550853
v 5.517459 29.579720 -9.610746
v 5.332977 29.777409 -9.655487
v 5.022681 30.058329 -9.718097
v 4.494542 30.496220 -9.816035
v 4.041337 30.745989 -9.925153
v 3.486472 31.019709 -10.033800
v 2.956009 31.170179 -10.115960
v 2.381780 31.383699 -10.139420
v 1.688504 31.471390 -10.158910
v 0.744503 31.490200 -10.165640
v -0.333089 31.490610 -10.166580
v -1.335051 31.476688 -10.164100
v -2.053439 31.415619 -10.151780
v -2.701522 31.251400 -10.128590
v -3.260200 31.064859 -10.071020
v -3.848081 30.787458 -9.973217
v -4.353382 30.536629 -9.860940
v -4.931309 30.121899 -9.740263
v -5.240416 29.867088 -9.675644
v 5.812243 28.819639 -9.641545
v 5.609531 28.995008 -9.734734
v 5.401121 29.151470 -9.806333
v 5.122561 29.346128 -9.866819
v 4.720378 29.579208 -9.944521
v 3.930556 30.078779 -10.062719
v 3.225134 30.234070 -10.160140
v 2.435790 30.432770 -10.206409
v 1.693018 30.505159 -10.224270
v 0.744699 30.517368 -10.228450
v -0.336957 30.516449 -10.228930
v -1.365720 30.499420 -10.227610
v -2.185679 30.414530 -10.218870
v -3.001768 30.201609 -10.185650
v -3.742641 30.028978 -10.100599
v -4.612666 29.582850 -9.967868
v -5.050481 29.370270 -9.883671
v -5.355345 29.199179 -9.813869
v -5.533877 29.069189 -9.759643
v 6.138761 27.934540 -9.580973
v 5.897151 28.119869 -9.703660
v 5.599365 28.248669 -9.842317
v 5.361591 28.278099 -9.928753
v 5.064696 28.264669 -10.006200
v 4.528094 28.342459 -10.090150
v 3.696507 28.305349 -10.177990
v 2.456147 28.675560 -10.227330
v 1.599048 28.857319 -10.243159
v 0.709080 28.896002 -10.246340
v -0.332563 28.895870 -10.246620
v -1.338621 28.854549 -10.245279
v -2.247587 28.650249 -10.237040
v -3.469754 28.199780 -10.204539
v -4.334615 28.201448 -10.126579
v -4.957722 28.208799 -10.030840
v -5.252819 28.248680 -9.961328
v -5.532311 28.254200 -9.865493
v -5.778843 28.151279 -9.761568
v 6.370746 26.750238 -9.509299
v 6.130596 26.854340 -9.639935
v 5.769877 26.907850 -9.809453
v 5.406268 26.910610 -9.943609
v 4.982026 26.880499 -10.069230
v 4.512402 26.852190 -10.152369
v 3.812737 26.775469 -10.213980
v 2.804370 26.913898 -10.241250
v 1.812537 27.025530 -10.248320
v 0.765891 27.058050 -10.249530
v -0.345477 27.059978 -10.249619
v -1.441180 27.035900 -10.249129
v -2.485455 26.930099 -10.245660
v -3.590786 26.729679 -10.229480
v -4.313834 26.777599 -10.182210
v -4.816732 26.848339 -10.109099
v -5.165118 26.887779 -10.016789
v -5.659954 26.900780 -9.842937
v -5.995816 26.860909 -9.706059
v 6.473280 25.129469 -9.462787
v 6.215061 25.156179 -9.610653
v 5.837322 25.170509 -9.788205
v 5.415077 25.173409 -9.941576
v 4.923252 25.162449 -10.088910
v 4.437403 25.150610 -10.176001
v 3.774604 25.122490 -10.228789
v 2.937785 25.146679 -10.246170
v 1.906143 25.177629 -10.249510
v 0.789975 25.187319 -10.249940
v -0.351362 25.188009 -10.249960
v -1.487673 25.181900 -10.249760
v -2.589965 25.156149 -10.247980
v -3.598253 25.113430 -10.237400
v -4.268934 25.133829 -10.200049
v -4.749927 25.153299 -10.132190
v -5.137004 25.160509 -10.027679
v -5.709475 25.162128 -9.828093
v -6.064319 25.156019 -9.685499
v 6.511173 23.304220 -9.440889
v 6.238665 23.307209 -9.600079
v 5.860359 23.312719 -9.778130
v 5.419673 23.316059 -9.937524
v 4.912180 23.310570 -10.090970
v 4.417077 23.308090 -10.179620
v 3.754235 23.301470 -10.231560
v 2.960694 23.303299 -10.247069
v 1.923500 23.308159 -10.249690
v 0.794157 23.309669 -10.249980
v -0.352492 23.309790 -10.249990
v -1.496877 23.308939 -10.249809
v -2.612748 23.305500 -10.248119
v -3.602941 23.301479 -10.237480
v -4.278046 23.308529 -10.199759
v -4.745857 23.307789 -10.134410
v -5.136883 23.305740 -10.028170
v -5.719736 23.304150 -9.825489
v -6.075217 23.305700 -9.682265
v 6.528331 21.432089 -9.429673
v 6.246071 21.431200 -9.595911
v 5.871913 21.435459 -9.771817
v 5.419109 21.438530 -9.935157
v 4.911015 21.433910 -10.090290
v 4.414512 21.433109 -10.179210
v 3.750340 21.430580 -10.231640
v 2.963003 21.429920 -10.247129
v 1.925407 21.430319 -10.249710
v 0.794664 21.430569 -10.249980
v -0.352693 21.430649 -10.249980
v -1.498163 21.430489 -10.249790
v -2.617109 21.430479 -10.247880
v -3.611644 21.432140 -10.236080
v -4.301953 21.436979 -10.195960
v -4.754225 21.432489 -10.133230
v -5.139141 21.428879 -10.028130
v -5.721877 21.426720 -9.825562
v -6.080704 21.428930 -9.679222
v 6.532141 19.553379 -9.426572
v 6.243861 19.552069 -9.596659
v 5.872258 19.555769 -9.769828
v 5.395663 19.557619 -9.941056
v 4.903172 19.554039 -10.092210
v 4.414031 19.553900 -10.178720
v 3.750106 19.551899 -10.231390
v 2.963247 19.551119 -10.247089
v 1.925944 19.551439 -10.249700
v 0.795854 19.553040 -10.249969
v -0.353541 19.553879 -10.249969
v -1.499347 19.552010 -10.249760
v -2.619258 19.551600 -10.247600
v -3.621058 19.553829 -10.234529
v -4.327058 19.558699 -10.191820
v -4.763678 19.553259 -10.131760
v -5.141088 19.549490 -10.028259
v -5.722603 19.547319 -9.826253
v -6.082438 19.549530 -9.678446
v 6.529291 17.674070 -9.427539
v 6.234991 17.672489 -9.600522
v 5.854123 17.674870 -9.774714
v 5.329032 17.673960 -9.962807
v 4.879427 17.672970 -10.100340
v 4.415025 17.674280 -10.178830
v 3.751625 17.672529 -10.231030
v 2.964156 17.672300 -10.247009
v 1.929781 17.676449 -10.249680
v 0.805456 17.690460 -10.249909
v -0.360353 17.697399 -10.249889
v -1.507589 17.681229 -10.249700
v -2.622924 17.673790 -10.247350
v -3.628619 17.674709 -10.233160
v -4.345556 17.679510 -10.188250
v -4.770953 17.673630 -10.130460
v -5.142607 17.669910 -10.028450
v -5.723073 17.667839 -9.827075
v -6.082751 17.670050 -9.678628
v 6.525258 15.794669 -9.429377
v 6.228960 15.793079 -9.603626
v 5.853837 15.795019 -9.773777
v 5.307132 15.792919 -9.970064
v 4.878417 15.793070 -10.101930
v 4.432034 15.795199 -10.176120
v 3.758781 15.793590 -10.229879
v 2.969204 15.796670 -10.246779
v 1.950759 15.821099 -10.249570
v 0.852003 15.893419 -10.249610
v -0.392674 15.927830 -10.249499
v -1.548177 15.846970 -10.249539
v -2.634929 15.803710 -10.247260
v -3.625496 15.796080 -10.232890
v -4.330509 15.799290 -10.187640
v -4.765843 15.794459 -10.130260
v -5.141971 15.790629 -10.028830
v -5.723234 15.788389 -9.827968
v -6.082405 15.790580 -9.679211
v 6.521088 13.915319 -9.431352
v 6.224298 13.913779 -9.606296
v 5.861984 13.915689 -9.770024
v 5.308392 13.913239 -9.969649
v 4.888154 13.913750 -10.100380
v 4.456890 13.916450 -10.172080
v 3.769213 13.915279 -10.228370
v 2.980710 13.925309 -10.246480
v 1.998628 13.986050 -10.249340
v 0.947774 14.150499 -10.248970
v -0.453707 14.227360 -10.248690
v -1.628717 14.050260 -10.249260
v -2.656857 13.943820 -10.247610
v -3.597806 13.917950 -10.235109
v -4.247673 13.916150 -10.193250
v -4.733415 13.913790 -10.132510
v -5.136002 13.911000 -10.029699
v -5.722435 13.908930 -9.829114
v -6.080051 13.911180 -9.680958
v 6.517166 12.035900 -9.433129
v 6.219885 12.034480 -9.608874
v 5.871684 12.036449 -9.765747
v 5.314376 12.033859 -9.967658
v 4.899944 12.034539 -10.098249
v 4.483330 12.037550 -10.167760
v 3.778313 12.034309 -10.226780
v 2.976963 12.030149 -10.246230
v 1.973325 12.017540 -10.249450
v 0.901893 11.991739 -10.249430
v -0.399118 11.990049 -10.249269
v -1.555345 12.023990 -10.249519
v -2.628652 12.032630 -10.247800
v -3.580745 12.033620 -10.235889
v -4.213773 12.034639 -10.195340
v -4.722842 12.033640 -10.133039
v -5.134554 12.031400 -10.030240
v -5.721455 12.029480 -9.830658
v -6.073669 12.031899 -9.685101
v 6.514833 10.156680 -9.433629
v 6.215659 10.155530 -9.611308
v 5.881552 10.157590 -9.761404
v 5.320900 10.154870 -9.965481
v 4.911839 10.155700 -10.096060
v 4.509585 10.159150 -10.163440
v 3.787280 10.155660 -10.225200
v 2.971992 10.152329 -10.245959
v 1.938963 10.142389 -10.249539
v 0.826449 10.115970 -10.249829
v -0.363763 10.107269 -10.249800
v -1.509839 10.139569 -10.249730
v -2.614288 10.151760 -10.247840
v -3.576776 10.154099 -10.235860
v -4.209354 10.155100 -10.195060
v -4.726772 10.154200 -10.131980
v -5.136504 10.152170 -10.030330
v -5.720716 10.150350 -9.832271
v -6.065879 10.153009 -9.690098
v 6.516113 8.282351 -9.431231
v 6.211879 8.281705 -9.613375
v 5.891412 8.283862 -9.757036
v 5.327265 8.281023 -9.963300
v 4.922523 8.281918 -10.093989
v 4.532225 8.285624 -10.159500
v 3.795600 8.282011 -10.223730
v 2.971649 8.279928 -10.245689
v 1.928302 8.277645 -10.249530
v 0.799970 8.271570 -10.249929
v -0.354303 8.269275 -10.249940
v -1.499089 8.276803 -10.249760
v -2.611428 8.279513 -10.247789
v -3.576801 8.280270 -10.235610
v -4.212203 8.281091 -10.194070
v -4.736245 8.280219 -10.130060
v -5.140122 8.278202 -10.030120
v -5.720218 8.276410 -9.833838
v -6.057895 8.279284 -9.695201
v 6.513191 6.457534 -9.432197
v 6.207679 6.456896 -9.615655
v 5.900773 6.458934 -9.752707
v 5.332291 6.455964 -9.961150
v 4.926331 6.456523 -10.092520
v 4.536379 6.459632 -10.157430
v 3.797291 6.456553 -10.222819
v 2.971752 6.454968 -10.245359
v 1.926627 6.454451 -10.249320
v 0.795231 6.453672 -10.249740
v -0.352762 6.453364 -10.249760
v -1.497634 6.454324 -10.249559
v -2.611152 6.454693 -10.247550
v -3.577403 6.455097 -10.235149
v -4.216042 6.455906 -10.192790
v -4.746732 6.455155 -10.127789
v -5.144028 6.453213 -10.029679
v -5.719748 6.451572 -9.835207
v -6.050127 6.454569 -9.700014
v 6.508928 4.916153 -9.433545
v 6.203710 4.914882 -9.616856
v 5.907925 4.915997 -9.748228
v 5.333308 4.912987 -9.958629
v 4.913943 4.912258 -10.091849
v 4.501449 4.913053 -10.158720
v 3.783292 4.911867 -10.222509
v 2.969050 4.911324 -10.244140
v 1.926151 4.911214 -10.247910
v 0.794681 4.911145 -10.248310
v -0.352593 4.911118 -10.248330
v -1.497499 4.911203 -10.248119
v -2.611124 4.911285 -10.246090
v -3.577792 4.911615 -10.233510
v -4.219227 4.912387 -10.190490
v -4.755482 4.912040 -10.124710
v -5.147134 4.910791 -10.028230
v -5.719100 4.909915 -9.835361
v -6.043912 4.912806 -9.702784
v 6.504039 4.183855 -9.432389
v 6.200681 4.181548 -9.613817
v 5.910334 4.180160 -9.742017
v 5.333727 4.177480 -9.952685
v 4.908514 4.175739 -10.086510
v 4.486190 4.174863 -10.154059
v 3.777516 4.174040 -10.216900
v 2.968012 4.173735 -10.238070
v 1.926028 4.173676 -10.241750
v 0.794635 4.173665 -10.242140
v -0.352577 4.173665 -10.242160
v -1.497459 4.173674 -10.241950
v -2.610965 4.173711 -10.239920
v -3.577557 4.173933 -10.227280
v -4.220403 4.174624 -10.184070
v -4.759014 4.175326 -10.118140
v -5.148245 4.176203 -10.022639
v -5.717968 4.177496 -9.831029
v -6.041429 4.180201 -9.699292
v 6.507503 3.979277 -9.419697
v 6.203715 3.975528 -9.600376
v 5.912773 3.971804 -9.728539
v 5.340778 3.967789 -9.936406
v 4.909837 3.964450 -10.071070
v 4.485291 3.962130 -10.138519
v 3.776802 3.960772 -10.200930
v 2.967798 3.960319 -10.221930
v 1.925992 3.960232 -10.225570
v 0.794629 3.960221 -10.225960
v -0.352576 3.960221 -10.225969
v -1.497454 3.960225 -10.225770
v -2.611000 3.960267 -10.223730
v -3.578176 3.960537 -10.211090
v -4.223201 3.961545 -10.167900
v -4.761772 3.963411 -10.102250
v -5.155011 3.966294 -10.006300
v -5.719375 3.970015 -9.817809
v -6.044704 3.973960 -9.685503
v 6.248672 3.920828 -9.556749
v 5.943402 3.912577 -9.694059
v 5.395359 3.901741 -9.889516
v 4.937326 3.892398 -10.029600
v 4.503285 3.885109 -10.098200
v 3.782606 3.881199 -10.160379
v 2.968774 3.880076 -10.181350
v 1.926087 3.879884 -10.185000
v 0.794634 3.879860 -10.185380
v -0.352582 3.879860 -10.185400
v -1.497559 3.879870 -10.185190
v -2.612082 3.879954 -10.183090
v -3.584867 3.880589 -10.170170
v -4.243821 3.883266 -10.126590
v -4.783786 3.889119 -10.061110
v -5.206539 3.898028 -9.959496
v -5.749541 3.909664 -9.783239
v -6.089789 3.918380 -9.642333
v 4.497148 31.378649 -9.322045
v 4.434332 31.523659 -9.244003
v 4.205833 31.617180 -9.357832
v 4.132216 31.786709 -9.266599
v 3.837931 31.863609 -9.421615
v 3.778086 32.053638 -9.302422
v 3.379393 32.096241 -9.528442
v 3.370236 32.300980 -9.361475
v 2.999817 32.230740 -9.639484
v 3.015390 32.454071 -9.440694
v 2.618983 32.405968 -9.683638
v 2.575726 32.619209 -9.518414
v 2.271259 32.536648 -9.698877
v 2.199719 32.772228 -9.528762
v 1.819164 32.667339 -9.698905
v 1.794880 32.916668 -9.504847
v 1.278741 32.775368 -9.677324
v 1.262969 33.025368 -9.484271
v 0.626697 32.813240 -9.666870
v 0.614011 33.061340 -9.475255
v -0.289279 32.816700 -9.665149
v -0.284754 33.066891 -9.472434
v -1.111940 32.793060 -9.670541
v -1.066343 33.050919 -9.475134
v -1.676955 32.713840 -9.687118
v -1.564307 32.970989 -9.498147
v -2.138151 32.604298 -9.678895
v -2.025362 32.852631 -9.504014
v -2.518941 32.466190 -9.674699
v -2.480090 32.675640 -9.505494
v -2.841429 32.333797 -9.637367
v -2.880164 32.543720 -9.433611
v -3.205434 32.177910 -9.566693
v -3.210877 32.396400 -9.379272
v -3.654136 31.972559 -9.457156
v -3.616896 32.163918 -9.320160
v -4.073369 31.713610 -9.380944
v -4.019996 31.877089 -9.278562
v -6.871703 3.922897 -9.161940
v -6.631104 3.905319 -9.308598
v -6.264963 3.888523 -9.514623
v -5.872105 3.855884 -9.678047
v -5.365966 3.805200 -9.815587
v -4.855057 3.766065 -9.923167
v -4.307976 3.740267 -9.981800
v -3.607233 3.728725 -10.023149
v -2.616097 3.725989 -10.036099
v -1.498000 3.725610 -10.038290
v -0.352612 3.725575 -10.038509
v 0.794681 3.725579 -10.038500
v 1.926647 3.725665 -10.038119
v 2.973016 3.726451 -10.034639
v 3.802421 3.731233 -10.015059
v 4.557024 3.748404 -9.957777
v 5.037544 3.780832 -9.890902
v 5.565135 3.820604 -9.750403
v 6.061729 3.865641 -9.594289
v 6.421786 3.895089 -9.429569
v -5.213908 32.168438 7.096900
v -4.778684 32.323280 7.301459
v -4.294083 32.512920 7.487196
v -3.816165 32.739319 7.580624
v -3.273166 32.902149 7.725639
v -2.738868 32.989048 7.883853
v -2.134377 33.110847 7.990716
v -1.494065 33.186180 8.086663
v -0.878135 33.226002 8.153284
v -0.138086 33.265598 8.170487
v 0.529980 33.312038 8.117165
v 1.144565 33.269218 8.083889
v 1.785233 33.247059 7.972769
v 2.340598 33.119011 7.920340
v 2.951711 32.949699 7.830028
v 3.501810 32.798908 7.698101
v 4.075457 32.585800 7.564325
v 4.481979 32.409420 7.448852
v 4.960910 32.265408 7.213448
v 3.489688 11.172170 6.964821
v 3.908641 11.276330 6.736170
v 3.967818 10.741039 5.690404
v 4.591396 10.696690 5.011586
v 5.130288 9.923955 3.178105
v 5.679021 9.780158 2.417079
v 5.896538 9.423958 1.608061
v 6.160833 9.390853 1.324071
v 6.141508 9.289280 1.156158
v 6.303969 9.300935 1.048392
v 6.292114 9.269687 0.988904
v 6.424798 9.286279 0.901353
v 6.456678 9.254414 0.783264
v 6.563175 9.269809 0.694175
v 6.628588 9.075638 0.237139
v 6.709757 9.092195 0.149546
v 6.783499 8.016875 -1.755569
v 6.837752 8.050639 -1.810284
v 6.865924 5.150510 -6.453672
v 6.902468 5.233725 -6.420884
v 6.891753 4.063254 -8.205541
v 6.937798 4.116381 -8.195343
v 6.902314 3.856273 -8.537422
v 6.975253 3.899326 -8.554911
v 6.918481 3.823908 -8.606597
v 7.018229 3.874277 -8.638110
v 6.965100 3.827107 -8.673828
v 7.094153 3.890790 -8.714678
v 7.013721 3.839452 -8.772754
v 7.138646 3.901025 -8.785964
v 6.976510 3.823263 -8.885603
v 7.129052 3.895356 -8.854166
v 6.908302 3.806905 -8.974142
v 7.087948 3.885205 -8.923613
v 6.830883 3.817389 -9.065443
v 7.035029 3.884134 -8.992608
v 6.666296 3.859258 -9.232606
v 6.936987 3.895703 -9.088419
v 3.073343 11.065430 7.152128
v 3.320727 10.819570 6.412683
v 4.179699 10.334490 4.746725
v 5.465706 9.587088 2.251698
v 5.951195 9.311028 1.328000
v 6.117831 9.258531 1.095758
v 6.284720 9.237658 0.909077
v 6.473720 9.058128 0.387215
v 6.670690 7.999139 -1.621922
v 6.790776 5.124757 -6.418036
v 6.809199 4.032971 -8.203084
v 6.781344 3.810490 -8.541879
v 6.750910 3.757230 -8.611503
v 6.739884 3.733467 -8.669156
v 6.709460 3.710586 -8.773861
v 6.588304 3.660171 -8.945696
v 6.461265 3.625710 -9.063796
v 6.362382 3.652620 -9.181203
v 6.220597 3.764670 -9.397729
v 2.688408 10.963170 7.284898
v 2.829454 10.759359 6.711166
v 3.497829 10.404580 5.433558
v 5.043315 9.631821 2.631505
v 5.715932 9.314084 1.459521
v 5.913366 9.247753 1.183549
v 6.048613 9.220623 1.035533
v 6.210781 9.035020 0.570908
v 6.413289 7.963316 -1.426203
v 6.546968 5.055917 -6.373629
v 6.523935 3.934959 -8.227462
v 6.410198 3.676287 -8.590560
v 6.292819 3.587517 -8.673422
v 6.224524 3.539438 -8.734258
v 6.153347 3.499291 -8.840091
v 6.030584 3.450500 -9.029001
v 5.925361 3.431046 -9.147454
v 5.839057 3.473201 -9.262001
v 5.724124 3.629663 -9.488559
v 2.258280 10.829820 7.341584
v 2.388935 10.651839 6.831307
v 2.937684 10.377970 5.804156
v 4.404584 9.739353 3.298117
v 5.361353 9.355451 1.724068
v 5.641824 9.248023 1.274086
v 5.721685 9.207479 1.132784
v 5.796938 9.007168 0.724437
v 5.908744 7.890140 -1.260899
v 5.927335 4.877686 -6.379838
v 5.836783 3.712227 -8.305797
v 5.700050 3.448079 -8.679238
v 5.572755 3.361729 -8.759685
v 5.500530 3.314940 -8.817739
v 5.462656 3.286640 -8.917976
v 5.417025 3.267823 -9.100571
v 5.343320 3.267374 -9.214962
v 5.259175 3.320870 -9.329604
v 5.158584 3.509776 -9.569848
v 1.837103 10.711980 7.372967
v 1.912973 10.566609 6.976829
v 2.180302 10.427159 6.448405
v 3.113984 10.059000 4.880513
v 4.513816 9.503130 2.449905
v 5.056352 9.275346 1.449047
v 5.165824 9.204198 1.192942
v 5.188209 8.989253 0.791785
v 5.187131 7.824946 -1.192155
v 5.092560 4.701959 -6.417333
v 4.984349 3.507198 -8.380420
v 4.879477 3.256792 -8.751430
v 4.784001 3.188462 -8.823283
v 4.717153 3.148524 -8.877429
v 4.690512 3.125798 -8.975892
v 4.682717 3.120382 -9.156145
v 4.645130 3.132297 -9.267287
v 4.609599 3.198320 -9.374630
v 4.585343 3.412084 -9.608206
v 1.460745 10.627580 7.389551
v 1.499080 10.489779 7.038397
v 1.644888 10.410020 6.725594
v 2.221784 10.197410 5.706338
v 3.391660 9.659324 3.271343
v 4.029873 9.323769 1.709751
v 4.187263 9.210067 1.243479
v 4.207698 8.982374 0.810021
v 4.191989 7.789425 -1.181454
v 4.125175 4.597480 -6.449256
v 4.067142 3.389066 -8.423466
v 4.017537 3.151521 -8.789772
v 3.971730 3.098986 -8.854763
v 3.933380 3.068532 -8.904767
v 3.908890 3.048597 -9.002563
v 3.892662 3.044444 -9.183968
v 3.864382 3.060870 -9.294935
v 3.837131 3.132760 -9.401882
v 3.816385 3.359860 -9.640625
v 1.057637 10.553619 7.389522
v 1.077724 10.422339 7.070711
v 1.129743 10.370590 6.896830
v 1.341710 10.278210 6.437595
v 1.945294 9.947548 4.849477
v 2.751843 9.438614 2.315844
v 3.035781 9.231358 1.357405
v 3.085485 8.982604 0.824312
v 3.085439 7.777247 -1.181417
v 3.066894 4.558660 -6.462445
v 3.051916 3.345355 -8.439240
v 3.039532 3.112657 -8.803589
v 3.027950 3.066246 -8.866004
v 3.017513 3.040345 -8.914134
v 3.009555 3.022366 -9.011366
v 3.003232 3.019012 -9.193099
v 2.994247 3.037806 -9.303841
v 2.985292 3.112538 -9.410797
v 2.977657 3.344645 -9.651983
v 0.628766 10.513360 7.422550
v 0.673005 10.379700 7.096138
v 0.703125 10.332590 6.954579
v 0.773620 10.278100 6.682728
v 1.057542 10.040310 5.460215
v 1.671650 9.474085 2.535322
v 1.900099 9.237362 1.394700
v 1.940962 8.982803 0.828128
v 1.944545 7.774731 -1.181738
v 1.941845 4.550039 -6.465470
v 1.939612 3.335680 -8.442706
v 1.937777 3.104017 -8.806628
v 1.936043 3.058918 -8.868497
v 1.934424 3.034095 -8.916188
v 1.933080 3.016714 -9.013238
v 1.931933 3.013708 -9.194982
v 1.930418 3.033203 -9.305608
v 1.928878 3.108731 -9.412497
v 1.927478 3.341988 -9.654078
v 0.267819 10.519500 7.484251
v 0.315844 10.373219 7.120856
v 0.338274 10.321179 6.968619
v 0.359887 10.271860 6.725256
v 0.453209 10.053170 5.574398
v 0.692657 9.478707 2.572677
v 0.779907 9.238039 1.400324
v 0.794943 8.982812 0.828616
v 0.796414 7.774404 -1.181805
v 0.796221 4.548825 -6.465901
v 0.796012 3.334329 -8.443187
v 0.795835 3.102808 -8.807049
v 0.795667 3.057884 -8.868846
v 0.795507 3.033215 -8.916477
v 0.795367 3.015933 -9.013496
v 0.795243 3.012997 -9.195235
v 0.795085 3.032606 -9.305836
v 0.794923 3.108261 -9.412704
v 0.794770 3.341684 -9.654318
v -0.203155 10.519170 7.486951
v -0.290773 10.373520 7.122528
v -0.326029 10.321099 6.969020
v -0.334075 10.271580 6.725419
v -0.341483 10.053010 5.574432
v -0.351527 9.478664 2.572680
v -0.353092 9.238033 1.400324
v -0.352913 8.982809 0.828615
v -0.352797 7.774379 -1.181813
v -0.352646 4.548730 -6.465936
v -0.352603 3.334221 -8.443224
v -0.352607 3.102712 -8.807083
v -0.352619 3.057805 -8.868873
v -0.352630 3.033151 -8.916498
v -0.352640 3.015878 -9.013512
v -0.352646 3.012949 -9.195250
v -0.352647 3.032571 -9.305851
v -0.352643 3.108235 -9.412716
v -0.352634 3.341667 -9.654328
v -0.586791 10.514339 7.431223
v -0.657826 10.379550 7.098248
v -0.690275 10.331610 6.955384
v -0.738433 10.276210 6.684308
v -0.935085 10.039400 5.460652
v -1.327427 9.473869 2.535382
v -1.472919 9.237328 1.394707
v -1.499044 8.982759 0.828120
v -1.501384 7.774442 -1.181826
v -1.499922 4.548990 -6.465845
v -1.499259 3.334503 -8.443124
v -1.499143 3.102990 -8.806985
v -1.499137 3.058080 -8.868780
v -1.499128 3.033423 -8.916405
v -1.499112 3.016149 -9.013422
v -1.499067 3.013215 -9.195155
v -1.498909 3.032819 -9.305754
v -1.498696 3.108450 -9.412609
v -1.498404 3.341801 -9.654167
v -1.008215 10.551510 7.400808
v -1.060564 10.421070 7.073954
v -1.100830 10.367570 6.902049
v -1.251893 10.272230 6.453171
v -1.763608 9.944865 4.854297
v -2.389412 9.438027 2.316598
v -2.606741 9.231245 1.357514
v -2.644943 8.982274 0.824294
v -2.645442 7.775172 -1.181943
v -2.634315 4.551716 -6.464904
v -2.628934 3.337504 -8.442058
v -2.627775 3.105927 -8.805958
v -2.627593 3.060977 -8.867787
v -2.627335 3.036260 -8.915450
v -2.626987 3.018921 -9.012476
v -2.626368 3.015888 -9.194187
v -2.624748 3.035290 -9.304781
v -2.622609 3.110566 -9.411555
v -2.619813 3.343168 -9.652670
v -1.406780 10.615100 7.386898
v -1.472317 10.486250 7.044035
v -1.563539 10.409309 6.765009
v -1.968724 10.202829 5.824603
v -3.053059 9.659614 3.311355
v -3.621110 9.323345 1.716699
v -3.759748 9.209745 1.244693
v -3.779097 8.980813 0.810573
v -3.765536 7.780542 -1.182544
v -3.718122 4.569748 -6.458806
v -3.691183 3.357658 -8.434860
v -3.683812 3.125609 -8.799014
v -3.681676 3.080222 -8.861134
v -3.678504 3.054846 -8.909135
v -3.674567 3.036760 -9.006361
v -3.669067 3.032789 -9.188053
v -3.658164 3.050708 -9.298748
v -3.644465 3.123748 -9.405261
v -3.627929 3.352253 -9.644287
v -1.808538 10.708320 7.380878
v -1.877678 10.572980 7.014356
v -2.016133 10.475240 6.663677
v -2.626529 10.195769 5.474989
v -4.080924 9.552067 2.669033
v -4.662828 9.282868 1.491239
v -4.795123 9.203939 1.201658
v -4.824142 8.985114 0.798508
v -4.802534 7.804428 -1.186465
v -4.704926 4.641685 -6.435809
v -4.630465 3.438822 -8.405645
v -4.602082 3.204206 -8.770836
v -4.588051 3.155870 -8.834577
v -4.566374 3.126121 -8.884596
v -4.540681 3.103071 -8.983399
v -4.510984 3.093669 -9.165863
v -4.466614 3.104931 -9.277802
v -4.416403 3.170478 -9.385457
v -4.365413 3.387935 -9.620865
v -2.220654 10.831420 7.372236
v -2.310078 10.677020 6.945803
v -2.558443 10.519460 6.397048
v -3.421237 10.110390 4.816698
v -4.811819 9.498806 2.327658
v -5.340088 9.272309 1.403641
v -5.508392 9.206958 1.167226
v -5.597927 8.998915 0.758131
v -5.645454 7.859896 -1.224196
v -5.603994 4.796332 -6.395487
v -5.509122 3.614693 -8.341808
v -5.445795 3.371940 -8.708646
v -5.395488 3.312925 -8.777467
v -5.317802 3.268023 -8.834169
v -5.229791 3.228234 -8.938985
v -5.145146 3.203249 -9.125285
v -5.049920 3.199631 -9.242237
v -4.962021 3.254799 -9.358416
v -4.907176 3.463362 -9.597894
v -2.636747 10.951079 7.301530
v -2.785331 10.761539 6.752552
v -3.319102 10.441339 5.656445
v -4.626884 9.770277 3.234844
v -5.503138 9.363492 1.686595
v -5.772034 9.252329 1.247040
v -5.905435 9.214283 1.091502
v -6.052828 9.022446 0.654501
v -6.238914 7.936196 -1.347972
v -6.335633 4.990173 -6.371489
v -6.277536 3.845251 -8.259501
v -6.195712 3.597602 -8.621644
v -6.114199 3.526221 -8.696378
v -5.997152 3.464106 -8.761659
v -5.872196 3.406300 -8.873483
v -5.774176 3.369678 -9.060838
v -5.669089 3.355665 -9.178733
v -5.570458 3.397287 -9.296798
v -5.505463 3.580542 -9.527808
v -3.049175 11.060780 7.162765
v -3.281423 10.813510 6.435309
v -4.041868 10.306210 4.808978
v -5.285563 9.595683 2.393950
v -5.870980 9.314033 1.381450
v -6.046936 9.254753 1.131978
v -6.159608 9.227850 0.990420
v -6.333711 9.045105 0.506515
v -6.566482 7.985099 -1.519388
v -6.710495 5.102272 -6.392035
v -6.724470 4.002480 -8.208168
v -6.702385 3.781316 -8.550582
v -6.663453 3.725208 -8.620794
v -6.575793 3.670524 -8.687369
v -6.463766 3.613212 -8.798798
v -6.377063 3.576985 -8.977460
v -6.292996 3.564911 -9.091613
v -6.171160 3.591549 -9.218551
v -6.049627 3.732095 -9.452611
v -3.463025 11.178269 7.001260
v -3.903878 10.764750 5.792065
v -5.053997 9.914263 3.225198
v -5.819841 9.417554 1.648548
v -6.104284 9.285487 1.175539
v -6.241708 9.264208 1.024688
v -6.355778 9.244319 0.868699
v -6.527087 9.064707 0.346482
v -6.725219 8.009332 -1.673197
v -6.837230 5.144221 -6.428340
v -6.867321 4.055218 -8.200321
v -6.876209 3.846562 -8.534006
v -6.886340 3.811061 -8.604121
v -6.891716 3.795776 -8.668394
v -6.880172 3.780958 -8.758322
v -6.868381 3.776031 -8.895797
v -6.807605 3.766591 -8.995992
v -6.675996 3.766608 -9.109459
v -6.508746 3.836569 -9.306822
v -3.764822 11.311910 6.944072
v -4.256503 10.817820 5.549222
v -5.502648 9.797807 2.614773
v -6.062416 9.380672 1.386479
v -6.258405 9.291972 1.071698
v -6.381093 9.279210 0.932175
v -6.517524 9.263136 0.730712
v -6.671950 9.086059 0.186727
v -6.815532 8.045806 -1.783741
v -6.887602 5.228791 -6.410355
v -6.916162 4.106677 -8.185583
v -6.943274 3.884817 -8.539677
v -6.998317 3.864398 -8.630767
v -7.069680 3.877934 -8.709366
v -7.096063 3.879363 -8.777625
v -7.093340 3.876964 -8.858768
v -7.045666 3.866573 -8.938575
v -6.962574 3.862446 -9.022878
v -6.836677 3.885544 -9.149098
v -4.449071 10.921800 5.528951
v -5.722301 9.889149 2.550860
v -6.240205 9.463226 1.361140
v -6.384007 9.339507 1.036080
v -6.511224 9.310461 0.847731
v -6.648951 9.289097 0.606343
v -6.774658 9.128055 0.080316
v -6.870508 8.202257 -1.725643
v -6.926966 5.661220 -6.066209
v -6.973211 4.371354 -8.014131
v -7.030661 4.024228 -8.509515
v -7.112730 3.966570 -8.655145
v -7.165242 3.954099 -8.730259
v -7.179623 3.940129 -8.785109
v -7.174461 3.929512 -8.840535
v -7.145258 3.922169 -8.900513
v -7.088079 3.913930 -8.970199
v -7.006904 3.915934 -9.052042
v -4.886309 32.812260 6.783370
v -5.294224 32.644138 6.589145
v -5.056309 33.255581 6.186297
v -5.489483 33.046730 5.979411
v -5.267210 33.611038 5.569194
v -5.689762 33.356689 5.397609
v -5.471477 33.949608 4.887940
v -5.893852 33.656387 4.731438
v -5.682377 34.252708 4.125351
v -6.074635 33.945980 3.996368
v -5.852719 34.530701 3.303526
v -6.246477 34.175888 3.217896
v -6.003562 34.736279 2.441638
v -6.382769 34.372868 2.364026
v -6.062964 34.948929 1.477200
v -6.431635 34.571529 1.441143
v -6.111955 35.036678 0.550309
v -6.462513 34.658989 0.546750
v -6.091570 35.061317 -0.332523
v -6.430099 34.689140 -0.318583
v -5.992948 35.053860 -1.183489
v -6.341573 34.686260 -1.113288
v -5.842580 35.043171 -1.846334
v -6.238578 34.654541 -1.718161
v -5.665834 35.087708 -2.155257
v -6.049253 34.742119 -2.017504
v -5.403027 34.991238 -2.591070
v -5.775441 34.701691 -2.440108
v -4.993057 34.270939 -3.958555
v -5.337728 34.048401 -3.808760
v -4.480610 32.938168 -6.632079
v -4.807913 32.683758 -6.540043
v -4.244097 32.285019 -8.207445
v -4.556382 32.025127 -8.150603
v -4.141840 32.084141 -8.769534
v -4.450778 31.830429 -8.719491
v -4.056433 31.944359 -9.135785
v -4.345328 31.700739 -9.107309
v -4.396307 32.985909 6.996857
v -4.598978 33.429081 6.396502
v -4.802011 33.851681 5.744650
v -5.011806 34.217060 5.060191
v -5.197453 34.576538 4.288689
v -5.391015 34.879761 3.435491
v -5.565573 35.104870 2.538739
v -5.641755 35.326870 1.541531
v -5.701624 35.421848 0.559228
v -5.707772 35.425030 -0.397233
v -5.606742 35.402847 -1.301878
v -5.418169 35.402088 -1.989104
v -5.203856 35.418159 -2.342557
v -4.925665 35.182159 -2.909769
v -4.492814 34.356140 -4.425396
v -4.024821 33.179718 -6.851688
v -3.817746 32.584869 -8.298546
v -3.721229 32.375538 -8.856378
v -3.646139 32.244617 -9.182284
v -3.919136 33.227989 7.088554
v -4.099427 33.634930 6.560276
v -4.295516 34.080177 5.912404
v -4.499448 34.489441 5.212207
v -4.690543 34.878002 4.436921
v -4.876641 35.192810 3.626300
v -5.033212 35.475780 2.694891
v -5.125518 35.724880 1.628522
v -5.182004 35.854019 0.529669
v -5.193388 35.853939 -0.512810
v -5.086657 35.815002 -1.466532
v -4.910243 35.768108 -2.160421
v -4.687822 35.660809 -2.612570
v -4.318417 35.144619 -3.547481
v -3.860510 34.073101 -5.430891
v -3.532113 33.245911 -7.275538
v -3.377573 32.822018 -8.429567
v -3.284486 32.627590 -8.959996
v -3.235888 32.503128 -9.233222
v -3.349739 33.454308 7.198724
v -3.536109 33.879128 6.667256
v -3.732763 34.327499 6.041539
v -3.923661 34.732418 5.387702
v -4.136398 35.136948 4.606381
v -4.309979 35.508469 3.759291
v -4.456480 35.836388 2.804086
v -4.571011 36.097618 1.719144
v -4.639247 36.244640 0.573368
v -4.642540 36.257568 -0.531563
v -4.531353 36.205570 -1.567591
v -4.383055 36.107571 -2.293166
v -4.155304 35.937149 -2.793801
v -3.783482 35.289730 -3.855685
v -3.334362 34.112038 -5.877691
v -3.091521 33.406361 -7.471220
v -2.967950 33.037060 -8.499679
v -2.884700 32.832741 -9.033461
v -2.890581 32.688789 -9.267937
v -2.822894 33.531780 7.374728
v -2.958149 34.011047 6.838342
v -3.092655 34.511650 6.216302
v -3.280804 34.975559 5.523521
v -3.461391 35.424480 4.740592
v -3.637987 35.841221 3.854353
v -3.789902 36.192039 2.894481
v -3.922238 36.462509 1.812329
v -3.994680 36.630150 0.625930
v -3.991420 36.660770 -0.548673
v -3.924972 36.569691 -1.626592
v -3.770031 36.430279 -2.417000
v -3.560863 36.186760 -2.963913
v -3.216341 35.523048 -4.015151
v -2.814553 34.315559 -6.033225
v -2.612330 33.623528 -7.552068
v -2.524466 33.257389 -8.517632
v -2.500840 33.020420 -9.044812
v -2.507811 32.849598 -9.300572
v -2.182049 33.678719 7.476708
v -2.283637 34.162460 6.964534
v -2.440299 34.667870 6.348526
v -2.606863 35.165089 5.656821
v -2.724268 35.654488 4.886718
v -2.881737 36.128307 3.959776
v -3.019392 36.519688 2.978869
v -3.145633 36.815781 1.885451
v -3.193293 37.016869 0.640476
v -3.190104 37.053867 -0.597399
v -3.161464 36.927578 -1.705802
v -3.009540 36.718548 -2.573165
v -2.796901 36.368958 -3.205862
v -2.521745 35.737850 -4.175827
v -2.212402 34.534519 -6.134139
v -2.076320 33.829201 -7.613927
v -2.034625 33.454071 -8.533230
v -2.034566 33.207188 -9.039225
v -2.021160 33.024498 -9.317183
v -1.541593 33.792778 7.541728
v -1.641400 34.335838 6.981719
v -1.756513 34.867321 6.363763
v -1.841482 35.379150 5.698891
v -1.924837 35.870831 4.957376
v -2.061365 36.353168 4.059000
v -2.171557 36.783318 3.057240
v -2.278958 37.111717 1.943221
v -2.312037 37.332081 0.676112
v -2.301448 37.375469 -0.629309
v -2.284862 37.232109 -1.788555
v -2.191708 36.966030 -2.694584
v -2.026662 36.536987 -3.370500
v -1.829281 35.896931 -4.295123
v -1.593515 34.701031 -6.208164
v -1.507075 33.985828 -7.675192
v -1.494274 33.603901 -8.569823
v -1.495592 33.363937 -9.035717
v -1.535990 33.172089 -9.294699
v -0.918719 33.844479 7.604842
v -0.950948 34.417568 7.036819
v -0.979862 34.965168 6.430830
v -1.009016 35.487198 5.778290
v -1.079367 35.996040 5.029307
v -1.179675 36.517467 4.105851
v -1.264736 36.967060 3.101801
v -1.323475 37.328579 1.957382
v -1.350419 37.559799 0.684454
v -1.347179 37.603710 -0.633324
v -1.319660 37.455391 -1.847505
v -1.294950 37.147739 -2.780864
v -1.168414 36.665558 -3.484759
v -1.043931 35.999420 -4.394368
v -0.905907 34.815571 -6.265192
v -0.883886 34.106678 -7.697648
v -0.910950 33.740028 -8.526629
v -0.921121 33.493729 -8.977808
v -1.016214 33.269131 -9.260389
v -0.144931 33.872978 7.638699
v -0.155084 34.445580 7.077343
v -0.167801 34.994850 6.475860
v -0.183430 35.520260 5.825450
v -0.215374 36.041790 5.072381
v -0.255471 36.594891 4.118824
v -0.292234 37.074429 3.068367
v -0.312168 37.443398 1.915463
v -0.326062 37.674149 0.637012
v -0.334891 37.715019 -0.665129
v -0.343089 37.561291 -1.877606
v -0.361053 37.235588 -2.820364
v -0.269426 36.723679 -3.537376
v -0.219423 36.041821 -4.445413
v -0.212512 34.866718 -6.297290
v -0.226518 34.170910 -7.698643
v -0.252169 33.814117 -8.486091
v -0.251631 33.560028 -8.932777
v -0.277854 33.329300 -9.219862
v 0.495302 33.888821 7.611068
v 0.502934 34.443050 7.063899
v 0.541985 34.983288 6.466910
v 0.594002 35.506531 5.812269
v 0.640908 36.030659 5.052239
v 0.667092 36.583549 4.100914
v 0.681687 37.057270 3.062040
v 0.703718 37.414238 1.931428
v 0.708201 37.645958 0.624265
v 0.691946 37.687778 -0.693762
v 0.661561 37.536018 -1.902410
v 0.618992 37.221119 -2.823332
v 0.599494 36.712860 -3.525482
v 0.545637 36.032681 -4.433837
v 0.463031 34.855408 -6.293571
v 0.440896 34.161579 -7.694809
v 0.456118 33.804420 -8.487196
v 0.529743 33.545589 -8.939712
v 0.580574 33.316048 -9.229479
v 1.135031 33.853317 7.568547
v 1.168280 34.399529 7.022162
v 1.242864 34.915340 6.438656
v 1.351159 35.431549 5.770954
v 1.468137 35.958111 4.981725
v 1.550361 36.483929 4.051868
v 1.620172 36.928207 3.036939
v 1.686947 37.276020 1.894447
v 1.709321 37.496731 0.609824
v 1.690195 37.534241 -0.685125
v 1.634606 37.394211 -1.866688
v 1.555268 37.105759 -2.765139
v 1.438434 36.645187 -3.445226
v 1.303980 35.979740 -4.364666
v 1.149362 34.784637 -6.255475
v 1.092900 34.081207 -7.683030
v 1.090401 33.714958 -8.521057
v 1.170096 33.449928 -8.991320
v 1.234991 33.218578 -9.292177
v 1.819489 33.798470 7.473686
v 1.919963 34.287769 6.958758
v 2.013360 34.749619 6.418663
v 2.118670 35.258278 5.746537
v 2.262963 35.795090 4.915149
v 2.389621 36.285198 4.002370
v 2.501208 36.719681 2.952336
v 2.599080 37.039230 1.833960
v 2.643386 37.235020 0.604215
v 2.643375 37.264797 -0.643454
v 2.566879 37.145180 -1.798981
v 2.492794 36.894768 -2.652895
v 2.302134 36.528641 -3.284198
v 2.092380 35.865768 -4.241909
v 1.820350 34.652477 -6.188970
v 1.718712 33.937958 -7.654351
v 1.682727 33.565338 -8.545989
v 1.700752 33.323570 -9.019225
v 1.753716 33.101551 -9.318572
v 2.378895 33.661987 7.427197
v 2.550639 34.120468 6.906228
v 2.726371 34.591309 6.310011
v 2.862139 35.088989 5.621294
v 3.018118 35.576538 4.823846
v 3.183514 36.020309 3.925289
v 3.326300 36.428848 2.865485
v 3.440368 36.720501 1.771795
v 3.500374 36.887501 0.624159
v 3.498893 36.914127 -0.564904
v 3.391093 36.832119 -1.692315
v 3.303527 36.647430 -2.493781
v 3.066383 36.403271 -3.051865
v 2.777460 35.703548 -4.094150
v 2.432023 34.467091 -6.103537
v 2.296179 33.752090 -7.597476
v 2.233445 33.382641 -8.528068
v 2.181363 33.158409 -9.033468
v 2.172821 32.963028 -9.327583
v 2.995834 33.473228 7.348321
v 3.156681 33.958530 6.790870
v 3.350689 34.434170 6.156279
v 3.543817 34.910141 5.432290
v 3.701402 35.360668 4.646908
v 3.892695 35.758579 3.750839
v 4.053432 36.107178 2.741746
v 4.167912 36.364540 1.680190
v 4.229071 36.505299 0.598023
v 4.234170 36.520969 -0.521589
v 4.123142 36.458420 -1.597448
v 4.001125 36.328011 -2.359559
v 3.741801 36.151558 -2.885012
v 3.373820 35.471199 -3.970909
v 2.966990 34.248291 -6.013453
v 2.801661 33.535931 -7.536762
v 2.718475 33.163048 -8.518013
v 2.656094 32.941319 -9.047832
v 2.620883 32.788708 -9.307434
v 3.591804 33.313198 7.192818
v 3.769763 33.774738 6.631479
v 3.955525 34.200748 6.032274
v 4.149846 34.644138 5.317583
v 4.343097 35.052410 4.527563
v 4.542111 35.421719 3.627306
v 4.690719 35.741421 2.648912
v 4.808311 35.964439 1.623766
v 4.872155 36.082588 0.581673
v 4.855273 36.106270 -0.518046
v 4.747356 36.058002 -1.531177
v 4.576433 35.988430 -2.247686
v 4.344332 35.837109 -2.739550
v 3.961083 35.197659 -3.807886
v 3.482272 34.029671 -5.850924
v 3.290113 33.294010 -7.439645
v 3.179721 32.915798 -8.481617
v 3.096361 32.713181 -9.015894
v 3.066113 32.578098 -9.271060
v 4.123474 33.118839 7.058851
v 4.289644 33.557358 6.503973
v 4.502231 33.968899 5.872113
v 4.696958 34.388000 5.156064
v 4.923716 34.733688 4.386023
v 5.102411 35.061977 3.539011
v 5.241266 35.353138 2.597669
v 5.373975 35.533661 1.617419
v 5.419391 35.661758 0.569196
v 5.408035 35.683079 -0.468267
v 5.302563 35.651749 -1.405393
v 5.105006 35.627529 -2.103312
v 4.850041 35.558411 -2.560089
v 4.479421 35.060879 -3.487793
v 4.035429 33.968678 -5.382914
v 3.772854 33.095139 -7.218736
v 3.586327 32.691288 -8.391493
v 3.472203 32.520618 -8.916245
v 3.413646 32.390171 -9.214944
v 4.589441 32.915268 6.918750
v 4.795396 33.346188 6.323659
v 5.007857 33.704281 5.722755
v 5.223966 34.081638 5.002116
v 5.406144 34.434448 4.238203
v 5.579781 34.714058 3.442774
v 5.716242 34.975788 2.528315
v 5.833360 35.142700 1.581486
v 5.843563 35.291039 0.560004
v 5.810499 35.333908 -0.394388
v 5.709965 35.316078 -1.278328
v 5.551689 35.293839 -1.948962
v 5.363501 35.296688 -2.291790
v 5.081047 35.072731 -2.856633
v 4.659077 34.238411 -4.378017
v 4.218772 33.044201 -6.805450
v 3.990049 32.465137 -8.266209
v 3.884280 32.271561 -8.816184
v 3.807710 32.132000 -9.161991
v 5.041794 32.767189 6.697017
v 5.221855 33.185390 6.107175
v 5.464677 33.466869 5.531104
v 5.672940 33.775650 4.870499
v 5.858909 34.096050 4.106471
v 6.040306 34.350868 3.296242
v 6.163652 34.589027 2.410701
v 6.255680 34.746658 1.506360
v 6.241088 34.895908 0.556167
v 6.188923 34.952099 -0.338558
v 6.095082 34.946220 -1.168860
v 5.974681 34.918758 -1.806468
v 5.798150 34.972820 -2.111300
v 5.577480 34.843979 -2.532322
v 5.142654 34.149330 -3.910272
v 4.606505 32.839878 -6.594011
v 4.346094 32.205910 -8.182253
v 4.240307 32.013859 -8.740250
v 4.161337 31.860470 -9.120557
v 5.429238 32.601681 6.502557
v 5.641591 32.964928 5.911525
v 5.864137 33.198448 5.381389
v 6.069928 33.484051 4.720762
v 6.243712 33.778210 3.978079
v 6.388056 34.042259 3.182199
v 6.518858 34.228939 2.358736
v 6.626835 34.339420 1.504022
v 6.661969 34.418888 0.599977
v 6.621083 34.461819 -0.275266
v 6.507969 34.495449 -1.068015
v 6.350655 34.536541 -1.681078
v 6.163413 34.629898 -1.975461
v 5.932420 34.557621 -2.384617
v 5.459108 33.942310 -3.767265
v 4.907752 32.598579 -6.508604
v 4.661128 31.932859 -8.126664
v 4.560335 31.735079 -8.699045
v 4.468235 31.590179 -9.094973
v 5.831774 32.229279 6.443709
v 6.049046 32.540581 5.890642
v 6.269693 32.805008 5.311476
v 6.440643 33.083851 4.691404
v 6.616197 33.371281 3.930377
v 6.784644 33.599911 3.119727
v 6.925572 33.747890 2.317950
v 7.025098 33.846611 1.481765
v 7.061913 33.910297 0.607553
v 7.016503 33.952457 -0.267647
v 6.889688 34.011898 -1.030342
v 6.726776 34.095428 -1.568015
v 6.570489 34.166859 -1.843445
v 6.293578 34.106819 -2.362380
v 5.779674 33.456791 -3.952869
v 5.238636 32.195099 -6.581993
v 5.012888 31.558418 -8.110035
v 4.909427 31.362879 -8.691046
v 4.820948 31.222778 -9.081381
v -5.410962 30.175259 -9.373106
v -5.066912 30.747299 -9.303133
v -5.593910 30.159389 -9.157422
v -5.180207 30.758570 -9.130992
v -5.730879 30.163990 -8.909218
v -5.278823 30.840639 -8.821721
v -5.834094 30.279190 -8.465474
v -5.377480 30.994490 -8.313344
v -5.964847 30.508240 -7.629196
v -5.536746 31.382219 -7.196657
v -6.244376 31.079010 -5.958489
v -5.930996 32.236179 -5.139434
v -6.813576 32.042881 -3.534447
v -6.539230 33.254551 -2.847518
v -7.322825 32.548279 -2.018570
v -6.893184 33.593929 -1.867538
v -7.646289 32.611298 -1.356743
v -7.130802 33.515671 -1.484625
v -7.819701 32.539711 -0.933826
v -7.286608 33.417141 -1.052901
v -7.942436 32.468330 -0.223074
v -7.403441 33.370468 -0.273533
v -7.993303 32.419380 0.705386
v -7.438629 33.345959 0.674163
v -7.963188 32.332928 1.690026
v -7.404440 33.272430 1.587205
v -7.869297 32.158817 2.702800
v -7.314384 33.127739 2.499986
v -7.686496 31.973959 3.659020
v -7.163142 32.941448 3.392172
v -7.462070 31.757568 4.524395
v -6.980569 32.696991 4.231141
v -7.212696 31.449570 5.360530
v -6.780004 32.425171 4.968596
v -6.971380 31.095400 6.087885
v -6.564074 32.130180 5.636408
v -6.700669 30.829109 6.680098
v -6.322534 31.832048 6.252354
v -5.798047 29.457600 -9.398962
v -6.011436 29.447948 -9.149234
v -6.178266 29.413229 -8.923334
v -6.296726 29.451880 -8.586910
v -6.427612 29.563940 -7.936131
v -6.624417 29.854759 -6.657017
v -6.995417 30.436169 -4.745467
v -7.548762 31.081110 -2.743154
v -8.029463 31.453529 -1.442996
v -8.321835 31.444910 -0.793521
v -8.490829 31.319839 -0.157309
v -8.555476 31.253260 0.766702
v -8.518516 31.188650 1.813816
v -8.406679 31.054708 2.852500
v -8.218305 30.857029 3.853109
v -7.950477 30.676828 4.773244
v -7.648220 30.414700 5.637387
v -7.375401 30.078539 6.374886
v -7.063413 29.820919 7.000185
v -6.176345 28.663410 -9.372371
v -6.398105 28.598969 -9.151236
v -6.591784 28.547869 -8.902363
v -6.747610 28.532228 -8.584556
v -6.909037 28.543400 -8.021735
v -7.069239 28.658979 -7.029152
v -7.287539 28.929539 -5.561936
v -7.690883 29.367220 -3.710323
v -8.288136 29.910490 -1.788232
v -8.741251 30.046789 -0.699537
v -8.997249 29.947439 0.017127
v -9.087370 29.853430 0.913294
v -9.059266 29.770750 1.975615
v -8.931812 29.676920 3.042010
v -8.707021 29.555149 4.077867
v -8.397688 29.405008 5.060154
v -8.076180 29.135899 5.945748
v -7.738493 28.895510 6.693606
v -7.346622 28.659840 7.387013
v -6.505267 27.706409 -9.323538
v -6.737384 27.674929 -9.097544
v -6.958769 27.568499 -8.843531
v -7.170643 27.448200 -8.518547
v -7.367530 27.366089 -8.032049
v -7.521682 27.404718 -7.200656
v -7.688028 27.533619 -5.907846
v -7.963816 27.823179 -4.213226
v -8.479269 28.316799 -2.141872
v -8.968689 28.550529 -0.753108
v -9.335496 28.552889 0.170102
v -9.488743 28.419640 1.011411
v -9.497202 28.266338 2.090145
v -9.373960 28.140669 3.225601
v -9.120635 28.066269 4.338142
v -8.798317 27.936628 5.341752
v -8.453392 27.713160 6.235448
v -8.046135 27.569939 7.017201
v -7.615894 27.325880 7.748460
v -6.769890 26.544420 -9.232254
v -7.027693 26.537128 -8.998641
v -7.291427 26.377459 -8.724234
v -7.545079 26.198139 -8.383408
v -7.769364 26.074589 -7.922636
v -7.928110 26.049749 -7.216981
v -8.061161 26.092600 -6.091656
v -8.222784 26.236979 -4.623546
v -8.541539 26.523479 -2.832797
v -9.044487 26.848980 -1.030974
v -9.527647 26.980120 0.282664
v -9.760568 26.886990 1.159462
v -9.798110 26.741899 2.198484
v -9.692659 26.564219 3.357433
v -9.444401 26.504379 4.502884
v -9.107453 26.403240 5.558301
v -8.728925 26.258530 6.478930
v -8.313249 26.124100 7.268591
v -7.880385 25.935940 7.977451
v -6.932381 25.053839 -9.141957
v -7.264732 25.020039 -8.864257
v -7.571961 24.894110 -8.565276
v -7.850728 24.768919 -8.216199
v -8.080856 24.658339 -7.784608
v -8.244463 24.585989 -7.181832
v -8.357927 24.588799 -6.199664
v -8.453886 24.652119 -4.851742
v -8.599693 24.791779 -3.306407
v -8.922851 25.018309 -1.575954
v -9.472398 25.240400 0.151321
v -9.840967 25.255579 1.288504
v -9.958178 25.124300 2.304828
v -9.876933 24.939970 3.459214
v -9.644454 24.915850 4.609395
v -9.308091 24.821869 5.708553
v -8.917613 24.729259 6.655341
v -8.497531 24.581379 7.469639
v -8.033679 24.450890 8.207643
v -6.988285 23.289059 -9.105113
v -7.371857 23.269989 -8.790104
v -7.767789 23.213758 -8.422780
v -8.057476 23.142609 -8.089466
v -8.272541 23.065380 -7.727534
v -8.450022 23.005949 -7.170957
v -8.559729 22.994019 -6.270277
v -8.620262 23.041950 -4.973274
v -8.686902 23.125469 -3.513078
v -8.870649 23.282530 -1.883868
v -9.322913 23.516920 0.005582
v -9.741912 23.572309 1.366238
v -9.960884 23.457829 2.415437
v -9.922377 23.247099 3.540861
v -9.719335 23.188629 4.680799
v -9.401818 23.169729 5.778048
v -9.012182 23.198669 6.749231
v -8.575197 23.081299 7.605753
v -8.110624 23.011209 8.340742
v -7.019510 21.426529 -9.083752
v -7.400669 21.419130 -8.767858
v -7.849960 21.409729 -8.357651
v -8.132565 21.395390 -8.046525
v -8.365878 21.376839 -7.679769
v -8.555709 21.359999 -7.136271
v -8.654719 21.364449 -6.313062
v -8.683328 21.433760 -5.059744
v -8.694226 21.517210 -3.636758
v -8.752814 21.603350 -2.116641
v -9.010210 21.748779 -0.374085
v -9.501358 21.880629 1.409500
v -9.822336 21.838720 2.620325
v -9.830265 21.626200 3.629220
v -9.658274 21.547300 4.716272
v -9.370783 21.555590 5.790682
v -8.996294 21.631260 6.778289
v -8.557953 21.575630 7.660698
v -8.093090 21.497480 8.416752
v -7.039966 19.549980 -9.068063
v -7.427319 19.549469 -8.745844
v -7.851955 19.560419 -8.356737
v -8.125950 19.595650 -8.050164
v -8.357221 19.635569 -7.684494
v -8.544734 19.662209 -7.146425
v -8.630656 19.698029 -6.361786
v -8.631539 19.767059 -5.134440
v -8.605002 19.854820 -3.732037
v -8.599987 19.939800 -2.257563
v -8.746655 20.074799 -0.561226
v -9.212727 20.296659 1.549761
v -9.551646 20.302280 2.866591
v -9.611785 20.135069 3.746536
v -9.470930 20.057299 4.752109
v -9.207741 20.049849 5.793942
v -8.856184 20.059210 6.761401
v -8.435691 20.037720 7.650513
v -7.965549 20.004499 8.445446
v -7.045238 17.672920 -9.064150
v -7.423007 17.681709 -8.750795
v -7.779763 17.718590 -8.418453
v -8.045691 17.807049 -8.103729
v -8.245820 17.917749 -7.764450
v -8.417445 17.994930 -7.231527
v -8.490471 18.061380 -6.442312
v -8.463151 18.114250 -5.219949
v -8.404150 18.182779 -3.814511
v -8.359003 18.284519 -2.339397
v -8.416867 18.419720 -0.638460
v -8.751670 18.684349 1.511435
v -9.074540 18.734539 2.992290
v -9.218112 18.623230 3.941486
v -9.128891 18.516779 4.795439
v -8.910749 18.517200 5.754022
v -8.591876 18.544140 6.713545
v -8.200572 18.611570 7.617206
v -7.781908 18.643110 8.371459
v -7.049188 15.793750 -9.061122
v -7.414365 15.803050 -8.760591
v -7.676492 15.844259 -8.515719
v -7.870776 15.965529 -8.263694
v -8.035778 16.129219 -7.933929
v -8.186438 16.288200 -7.382431
v -8.242012 16.369370 -6.540226
v -8.186572 16.349751 -5.279585
v -8.106055 16.356159 -3.856421
v -8.031713 16.376480 -2.401224
v -8.006349 16.466330 -0.893644
v -8.161318 16.784389 0.980447
v -8.511568 17.126930 2.893396
v -8.721966 17.173199 4.130493
v -8.670385 17.066700 4.877988
v -8.497355 17.117809 5.747009
v -8.211028 17.184380 6.684598
v -7.845354 17.244429 7.556882
v -7.475899 17.354849 8.288290
v -7.051310 13.913170 -9.059351
v -7.412446 13.916490 -8.764559
v -7.619285 13.932130 -8.579484
v -7.726019 13.994260 -8.430298
v -7.816692 14.130360 -8.161224
v -7.913221 14.335449 -7.559882
v -7.938858 14.394489 -6.574482
v -7.879658 14.276259 -5.213104
v -7.825722 14.202729 -3.760010
v -7.784325 14.115920 -2.345850
v -7.753655 14.100460 -1.082612
v -7.794740 14.397420 0.400839
v -8.040814 15.173739 2.521587
v -8.217549 15.701989 4.148038
v -8.153697 15.731770 4.934265
v -7.993532 15.814290 5.709983
v -7.754399 15.931080 6.588636
v -7.423263 16.003510 7.425744
v -7.089042 16.141090 8.145793
v -7.053092 12.032439 -9.057590
v -7.417499 12.032001 -8.761065
v -7.606317 12.036039 -8.596902
v -7.675943 12.051419 -8.497574
v -7.716032 12.093349 -8.288953
v -7.750555 12.167270 -7.687069
v -7.758370 12.189199 -6.546035
v -7.738034 12.152260 -5.138506
v -7.722308 12.140920 -3.686375
v -7.709519 12.109839 -2.271782
v -7.687298 12.059410 -1.043168
v -7.653089 12.101970 0.052129
v -7.682662 12.628540 1.556531
v -7.740275 13.663960 3.414122
v -7.642517 14.076970 4.416633
v -7.497120 14.532080 5.400551
v -7.260234 14.801640 6.399097
v -6.949206 14.913059 7.261253
v -6.676420 15.073090 7.946162
v -7.045114 10.153669 -9.063925
v -7.401502 10.153640 -8.774585
v -7.597291 10.155459 -8.605777
v -7.664891 10.158800 -8.513117
v -7.692181 10.166989 -8.324027
v -7.705354 10.187150 -7.734151
v -7.708042 10.222429 -6.559366
v -7.703980 10.294780 -5.175356
v -7.700222 10.413010 -3.748334
v -7.695407 10.514770 -2.294241
v -7.679672 10.551470 -0.966183
v -7.628881 10.542290 0.006252
v -7.543455 10.701960 0.830443
v -7.434087 11.177279 1.820480
v -7.254342 11.706840 2.784369
v -7.062458 12.879459 4.459343
v -6.783729 13.708620 6.016434
v -6.508370 13.997930 6.989861
v -6.285955 14.202869 7.685542
v -7.038309 8.280364 -9.069208
v -7.389363 8.284277 -8.784743
v -7.589009 8.293907 -8.612881
v -7.659788 8.304288 -8.519015
v -7.686680 8.315362 -8.339132
v -7.696349 8.355091 -7.789920
v -7.697365 8.504708 -6.714683
v -7.694252 8.821024 -5.457098
v -7.689214 9.260127 -4.100167
v -7.682272 9.663081 -2.575384
v -7.666851 9.912863 -1.075519
v -7.617519 10.004789 -0.044894
v -7.507650 10.074220 0.589029
v -7.341896 10.209760 1.131290
v -7.140058 10.466209 1.731083
v -6.879460 11.293270 3.050732
v -6.385102 12.572889 5.315768
v -6.055572 13.172609 6.685976
v -5.849560 13.461929 7.475876
v -7.029647 6.458300 -9.076143
v -7.361847 6.481979 -8.807808
v -7.555069 6.534574 -8.641304
v -7.634323 6.589941 -8.544073
v -7.668186 6.636199 -8.389380
v -7.680645 6.748579 -7.973137
v -7.681296 7.104677 -7.189733
v -7.675519 7.723593 -6.165019
v -7.666011 8.469081 -4.862490
v -7.651170 9.159198 -3.218299
v -7.629471 9.638807 -1.418797
v -7.583669 9.830267 -0.207075
v -7.477611 9.906989 0.467194
v -7.306556 9.970542 0.945540
v -7.119134 10.101170 1.385800
v -6.831935 10.603829 2.359995
v -6.216053 11.762130 4.587426
v -5.715016 12.463950 6.256415
v -5.441082 12.806439 7.195019
v -7.021811 4.924295 -9.082677
v -7.282598 4.991007 -8.873629
v -7.438606 5.130173 -8.737456
v -7.527090 5.274058 -8.639993
v -7.576147 5.376565 -8.530348
v -7.603497 5.526309 -8.311757
v -7.617137 5.900933 -7.875169
v -7.621917 6.580900 -7.148357
v -7.613220 7.468141 -6.020238
v -7.572545 8.456079 -4.280070
v -7.512980 9.276899 -2.068208
v -7.447635 9.638779 -0.445129
v -7.349276 9.752569 0.348449
v -7.203994 9.815896 0.830396
v -7.079215 9.907254 1.173922
v -6.884807 10.139250 1.713500
v -6.406451 10.762300 3.074184
v -5.727824 11.606830 5.080904
v -5.175485 12.219001 6.714031
v -6.986993 4.189579 -9.106443
v -7.165035 4.222176 -8.964893
v -7.259066 4.279445 -8.878424
v -7.310940 4.338768 -8.812512
v -7.348440 4.409058 -8.736985
v -7.395182 4.569357 -8.613515
v -7.440703 4.847291 -8.412409
v -7.474093 5.298385 -8.054158
v -7.467129 6.030605 -7.302032
v -7.369004 7.155961 -5.688333
v -7.222505 8.445565 -3.076107
v -7.099211 9.220201 -0.714399
v -7.004559 9.441721 0.249169
v -6.920699 9.528143 0.681655
v -6.884471 9.653584 0.991303
v -6.808078 9.823634 1.342271
v -6.564340 10.114480 2.007664
v -6.000626 10.705959 3.510733
v -4.973995 11.589410 6.044505
v -6.945818 3.978364 -9.125519
v -7.084385 3.984452 -9.013787
v -7.164556 4.000144 -8.936074
v -7.207927 4.013943 -8.876595
v -7.230445 4.032551 -8.820199
v -7.248009 4.086884 -8.752663
v -7.257813 4.173834 -8.670905
v -7.249349 4.311260 -8.542587
v -7.204009 4.605498 -8.222278
v -7.113981 5.370081 -7.258172
v -7.011205 6.975333 -4.841888
v -6.928770 8.685552 -1.302946
v -6.843214 9.243810 0.125673
v -6.739913 9.351644 0.595663
v -6.638899 9.407608 0.865756
v -6.545563 9.503783 1.125935
v -6.444834 9.732749 1.566389
v -5.972919 10.227719 2.820188
v -4.733452 11.194190 5.674521
v 6.574741 30.455359 7.129538
v 6.219973 31.410929 6.755357
v 6.815526 30.753750 6.601132
v 6.421454 31.735100 6.228945
v 7.096561 31.098900 5.902367
v 6.658514 32.079121 5.564808
v 7.302519 31.425779 5.235513
v 6.858322 32.364731 4.920687
v 7.550701 31.704510 4.404022
v 7.059429 32.640270 4.154672
v 7.766324 31.911428 3.544455
v 7.232616 32.885830 3.322553
v 7.950573 32.055130 2.638447
v 7.393418 33.035110 2.472337
v 8.086397 32.115318 1.705899
v 7.504323 33.128017 1.599652
v 8.130331 32.163280 0.770388
v 7.543202 33.187950 0.702790
v 8.081095 32.214928 -0.147544
v 7.506160 33.217117 -0.238505
v 7.943227 32.324749 -0.861615
v 7.378440 33.284580 -1.019018
v 7.718151 32.495098 -1.312472
v 7.200780 33.423958 -1.453835
v 7.386873 32.461651 -1.983920
v 7.005213 33.458878 -1.816127
v 6.883483 31.944899 -3.498697
v 6.611085 33.168011 -2.813291
v 6.310983 30.983728 -5.925302
v 5.976901 32.179008 -5.115519
v 6.023090 30.431349 -7.597635
v 5.575549 31.339748 -7.172970
v 5.894158 30.208649 -8.433771
v 5.425859 30.948759 -8.283982
v 5.783924 30.109270 -8.877049
v 5.327023 30.808359 -8.779231
v 5.667340 30.079649 -9.128699
v 5.236187 30.711550 -9.102299
v 6.855023 29.494089 7.480928
v 7.167125 29.768009 6.908222
v 7.492774 30.045080 6.226717
v 7.739870 30.365089 5.520912
v 8.028752 30.600328 4.679570
v 8.289625 30.789080 3.748210
v 8.469655 30.962029 2.796864
v 8.620931 30.980019 1.821894
v 8.676416 30.996790 0.815187
v 8.614392 31.069220 -0.084647
v 8.441495 31.222038 -0.709755
v 8.117575 31.300730 -1.378464
v 7.597179 31.001200 -2.710455
v 7.051549 30.340239 -4.713146
v 6.683185 29.756779 -6.621222
v 6.489356 29.473309 -7.895662
v 6.362977 29.372650 -8.534659
v 6.247308 29.332470 -8.875843
v 6.089369 29.351929 -9.111734
v 7.093580 28.391409 7.860565
v 7.461663 28.612089 7.267931
v 7.831141 28.818970 6.601735
v 8.168936 29.044079 5.844359
v 8.495470 29.263609 4.964169
v 8.776283 29.469910 3.974676
v 8.975751 29.616468 2.966469
v 9.104317 29.681389 1.934736
v 9.131697 29.757759 0.909168
v 9.043341 29.863319 0.046422
v 8.797842 29.976530 -0.641091
v 8.345773 29.846100 -1.731030
v 7.739021 29.284540 -3.670802
v 7.351264 28.800379 -5.518975
v 7.133366 28.528509 -6.983976
v 6.966382 28.446739 -7.976021
v 6.817107 28.449530 -8.519120
v 6.675949 28.451078 -8.830506
v 6.486857 28.478140 -9.094018
v 7.350031 27.134119 8.178707
v 7.747487 27.279270 7.605379
v 8.133197 27.443390 6.954635
v 8.516160 27.629889 6.167094
v 8.870965 27.845758 5.235290
v 9.172221 28.002789 4.235343
v 9.399924 28.103949 3.162867
v 9.515028 28.229259 2.048356
v 9.504189 28.392580 1.001788
v 9.363460 28.541430 0.210013
v 9.034109 28.550310 -0.637440
v 8.555562 28.281630 -2.039562
v 8.020573 27.727049 -4.156478
v 7.749726 27.385029 -5.865716
v 7.585909 27.251959 -7.156532
v 7.421681 27.270750 -7.976448
v 7.238591 27.376989 -8.437373
v 7.044143 27.443909 -8.769959
v 6.846362 27.490860 -9.023442
v 7.549007 25.784800 8.460620
v 7.974019 25.917349 7.865383
v 8.391631 26.060719 7.177671
v 8.783213 26.210009 6.393976
v 9.164058 26.340818 5.445863
v 9.488761 26.433208 4.399474
v 9.714649 26.530209 3.295436
v 9.810392 26.717258 2.174475
v 9.779429 26.880159 1.183617
v 9.576457 26.998730 0.391329
v 9.153157 26.892448 -0.774875
v 8.605093 26.502310 -2.711001
v 8.259632 26.153490 -4.573818
v 8.094588 25.986820 -6.057859
v 7.963595 25.952610 -7.180724
v 7.803694 26.012749 -7.879451
v 7.597531 26.137280 -8.319063
v 7.375268 26.244490 -8.649230
v 7.147064 26.357670 -8.906125
v 7.697767 24.397200 8.670701
v 8.114658 24.480360 8.095598
v 8.561357 24.590130 7.369523
v 8.976204 24.700920 6.542689
v 9.359443 24.770658 5.592928
v 9.687906 24.847170 4.504127
v 9.900039 24.942360 3.394104
v 9.979766 25.129490 2.309091
v 9.900889 25.287239 1.409093
v 9.597171 25.332920 0.454446
v 9.143840 25.184278 -1.001165
v 8.692365 24.815229 -3.072114
v 8.486639 24.586519 -4.777538
v 8.383699 24.489260 -6.149307
v 8.273021 24.501230 -7.129099
v 8.118285 24.595839 -7.725717
v 7.912100 24.706280 -8.141674
v 7.676988 24.811800 -8.459689
v 7.404682 24.926220 -8.744668
v 7.768801 22.957449 8.817942
v 8.201499 23.049690 8.209584
v 8.642007 23.159389 7.483380
v 9.069597 23.223499 6.624600
v 9.454562 23.224260 5.640231
v 9.764530 23.322929 4.539857
v 9.951910 23.418549 3.461049
v 10.006860 23.545189 2.464589
v 9.867903 23.676630 1.618745
v 9.487878 23.639500 0.390300
v 8.994408 23.366030 -1.569008
v 8.726527 23.127710 -3.409277
v 8.632872 23.010649 -4.937344
v 8.572117 22.949129 -6.235603
v 8.470409 22.963350 -7.127460
v 8.316510 23.034239 -7.651994
v 8.130622 23.103868 -7.996078
v 7.866250 23.170670 -8.323934
v 7.543092 23.241249 -8.642487
v 7.752262 21.540569 8.907339
v 8.191236 21.557360 8.280330
v 8.627584 21.610500 7.536870
v 9.044857 21.669020 6.671953
v 9.423843 21.685169 5.655521
v 9.704929 21.743599 4.582874
v 9.865207 21.816620 3.553399
v 9.871234 21.937859 2.677794
v 9.632853 22.008970 1.707260
v 9.235519 21.938019 0.208429
v 8.851180 21.662090 -1.865320
v 8.716868 21.494139 -3.580289
v 8.688716 21.401560 -5.041260
v 8.658699 21.356020 -6.296980
v 8.567015 21.352819 -7.113368
v 8.406125 21.372559 -7.619694
v 8.225953 21.390289 -7.930132
v 7.953618 21.403870 -8.253108
v 7.578491 21.419590 -8.612301
v 7.659970 20.111799 8.913647
v 8.074069 20.098339 8.298779
v 8.503931 20.060339 7.532857
v 8.897397 20.061209 6.666404
v 9.240808 20.090799 5.703351
v 9.498036 20.134949 4.689923
v 9.643664 20.223709 3.733770
v 9.612236 20.382719 2.940479
v 9.289346 20.386860 1.675980
v 8.842391 20.179020 -0.350345
v 8.637542 19.985300 -2.187707
v 8.616032 19.866190 -3.723134
v 8.637114 19.786001 -5.137559
v 8.635418 19.718090 -6.358179
v 8.554576 19.679800 -7.131689
v 8.392779 19.654560 -7.635735
v 8.213940 19.614479 -7.941307
v 7.940459 19.576080 -8.266884
v 7.571592 19.551159 -8.620398
v 7.487060 18.764540 8.854341
v 7.873238 18.672409 8.239723
v 8.254699 18.612280 7.519861
v 8.620955 18.540630 6.645516
v 8.939738 18.540489 5.690529
v 9.171130 18.592720 4.754397
v 9.288128 18.732660 3.971801
v 9.206336 18.876629 3.147089
v 8.853425 18.795399 1.608903
v 8.473760 18.512939 -0.606820
v 8.381239 18.339609 -2.341603
v 8.420918 18.255619 -3.831119
v 8.477666 18.187700 -5.234677
v 8.500988 18.115980 -6.442358
v 8.430480 18.043020 -7.215569
v 8.275536 17.967249 -7.721798
v 8.103105 17.856350 -8.033287
v 7.844825 17.752050 -8.354776
v 7.548574 17.687180 -8.643902
v 7.214695 17.530890 8.773805
v 7.581371 17.403969 8.156885
v 7.921397 17.277950 7.444811
v 8.254304 17.207069 6.606501
v 8.555418 17.208540 5.679813
v 8.764104 17.259050 4.802885
v 8.816124 17.363550 4.096570
v 8.613440 17.268370 2.934878
v 8.227110 16.839239 0.986912
v 8.040765 16.535509 -0.917010
v 8.057624 16.474350 -2.429034
v 8.134531 16.497450 -3.887316
v 8.218791 16.525370 -5.318125
v 8.263422 16.475460 -6.551055
v 8.206773 16.360079 -7.360065
v 8.067091 16.187719 -7.880692
v 7.909765 16.024229 -8.211585
v 7.724254 15.870339 -8.469104
v 7.521237 15.806439 -8.670596
v 6.910839 16.373730 8.582329
v 7.284095 16.302509 7.960374
v 7.576213 16.155939 7.280785
v 7.834367 16.019060 6.499495
v 8.094548 15.975969 5.626435
v 8.275284 15.948879 4.847364
v 8.290477 15.830489 4.103526
v 8.106059 15.231259 2.490447
v 7.840565 14.336169 0.348214
v 7.773127 14.088170 -1.115594
v 7.797032 14.158080 -2.366787
v 7.845708 14.318450 -3.796160
v 7.915828 14.497169 -5.286981
v 7.961560 14.514199 -6.612060
v 7.928225 14.394150 -7.551428
v 7.830841 14.151230 -8.133349
v 7.743591 14.012569 -8.405298
v 7.654281 13.939079 -8.546709
v 7.503092 13.917390 -8.689023
v 6.499709 15.307360 8.428142
v 6.841518 15.244909 7.828737
v 7.114023 15.101239 7.148241
v 7.344220 14.899270 6.335557
v 7.593011 14.662140 5.335541
v 7.763458 14.240789 4.331579
v 7.794239 13.733520 3.374966
v 7.715438 12.646009 1.522814
v 7.673039 12.068439 0.015741
v 7.694170 12.048010 -1.059681
v 7.712729 12.118290 -2.278664
v 7.727986 12.175529 -3.698359
v 7.750452 12.230060 -5.166323
v 7.765788 12.228419 -6.560315
v 7.755210 12.185040 -7.684228
v 7.720514 12.096729 -8.278958
v 7.684990 12.054330 -8.485280
v 7.634552 12.037860 -8.571171
v 7.494625 12.034679 -8.696943
v 6.133976 14.430810 8.189312
v 6.393197 14.299140 7.612134
v 6.650443 14.148089 6.904701
v 6.889363 13.819190 5.952393
v 7.182671 13.000790 4.380232
v 7.371820 11.784679 2.677364
v 7.478013 11.200620 1.773763
v 7.561379 10.705629 0.800242
v 7.636715 10.535110 -0.014289
v 7.682194 10.549880 -0.973055
v 7.696479 10.516870 -2.296184
v 7.701437 10.419340 -3.750729
v 7.706347 10.309199 -5.180708
v 7.709388 10.229139 -6.561902
v 7.706459 10.190120 -7.732727
v 7.694603 10.167379 -8.318815
v 7.673795 10.159460 -8.502367
v 7.631693 10.156310 -8.575158
v 7.496868 10.155080 -8.695198
v 5.758480 13.750930 8.005360
v 5.951486 13.557990 7.440687
v 6.170943 13.284519 6.635429
v 6.498025 12.681880 5.262423
v 6.970915 11.360040 2.985264
v 7.241876 10.488790 1.618356
v 7.387066 10.215350 1.068672
v 7.531729 10.075310 0.534610
v 7.628763 10.006180 -0.078060
v 7.671951 9.916917 -1.085498
v 7.685235 9.667513 -2.578183
v 7.690988 9.263969 -4.101974
v 7.695468 8.824809 -5.458775
v 7.698039 8.506653 -6.715362
v 7.697102 8.356234 -7.788805
v 7.689275 8.316730 -8.334363
v 7.670332 8.307709 -8.507121
v 7.630472 8.297612 -8.576499
v 7.512356 8.285860 -8.682919
v 5.343691 13.087259 7.761168
v 5.583218 12.924970 7.144272
v 5.847999 12.578440 6.205217
v 6.292299 11.827690 4.554038
v 6.885902 10.628920 2.316579
v 7.205329 10.110290 1.289218
v 7.362434 9.977667 0.871498
v 7.515501 9.913976 0.401154
v 7.607933 9.840517 -0.245485
v 7.645762 9.650503 -1.431288
v 7.662082 9.168745 -3.223789
v 7.671696 8.476037 -4.865886
v 7.679428 7.730965 -6.167237
v 7.684058 7.111217 -7.190627
v 7.683136 6.754668 -7.971513
v 7.673200 6.645398 -8.382969
v 7.649216 6.609365 -8.528643
v 7.597721 6.556720 -8.603954
v 7.477381 6.498920 -8.712581
v 5.014659 12.573330 7.503361
v 5.287641 12.292180 6.669664
v 5.788978 11.651489 5.054893
v 6.438158 10.784860 3.061639
v 6.926153 10.157869 1.691369
v 7.171042 9.939183 1.112232
v 7.295844 9.853034 0.763818
v 7.423100 9.792978 0.306182
v 7.518851 9.685043 -0.476046
v 7.574094 9.318450 -2.085291
v 7.614677 8.484232 -4.294817
v 7.631094 7.484810 -6.026606
v 7.634165 6.604663 -7.148285
v 7.627853 5.927765 -7.872295
v 7.613521 5.554190 -8.305567
v 7.588990 5.410804 -8.518323
v 7.550206 5.328599 -8.618086
v 7.476189 5.190629 -8.704340
v 7.357081 5.040747 -8.812502
v 4.780692 12.138410 7.153186
v 5.222696 11.690070 5.901079
v 6.096735 10.751470 3.466863
v 6.612595 10.148049 2.006442
v 6.874896 9.873779 1.347960
v 7.008709 9.742335 0.989129
v 7.069731 9.629668 0.659112
v 7.154712 9.547496 0.225158
v 7.268433 9.336320 -0.759823
v 7.376932 8.549058 -3.113806
v 7.483200 7.229712 -5.726952
v 7.514841 6.071707 -7.316185
v 7.502512 5.354788 -8.048073
v 7.465872 4.912752 -8.399522
v 7.418108 4.633539 -8.598103
v 7.367584 4.461771 -8.721266
v 7.326315 4.374184 -8.798417
v 7.277822 4.306944 -8.861891
v 7.202867 4.243366 -8.934556
v 4.558117 11.734000 6.773694
v 5.232516 11.171830 5.089315
v 6.190738 10.254270 2.629604
v 6.543598 9.792225 1.557163
v 6.629822 9.570928 1.143098
v 6.707123 9.459438 0.872589
v 6.802156 9.394916 0.590183
v 6.903427 9.286009 0.117781
v 7.000108 8.733855 -1.322179
v 7.093311 7.029863 -4.865840
v 7.215397 5.436221 -7.298742
v 7.263656 4.644666 -8.248615
v 7.274715 4.341258 -8.547917
v 7.273005 4.203162 -8.668659
v 7.261036 4.115549 -8.747826
v 7.241591 4.055982 -8.813752
v 7.217946 4.028007 -8.869570
v 7.179213 4.010272 -8.925323
v 7.116618 3.991649 -8.989779
v 4.372828 11.340460 6.358643
v 5.334991 10.632001 4.145967
v 6.143182 9.833215 2.035258
v 6.375378 9.486096 1.267394
v 6.437441 9.366621 1.026804
v 6.544285 9.326417 0.838965
v 6.674829 9.300402 0.595853
v 6.796097 9.138474 0.071700
v 6.891717 8.213975 -1.734497
v 6.955237 5.677476 -6.077067
v 7.028361 4.402603 -8.039872
v 7.100842 4.059527 -8.546382
v 7.143708 3.985301 -8.669754
v 7.179588 3.966689 -8.734208
v 7.193574 3.953166 -8.786602
v 7.187019 3.941078 -8.837507
v 7.161517 3.932501 -8.892675
v 7.116192 3.924134 -8.954284
v 7.056827 3.921939 -9.017855
v -5.937116 32.614689 5.938235
v -6.126955 32.917870 5.359339
v -6.303464 33.230190 4.697930
v -6.503045 33.482460 3.964494
v -6.666434 33.706409 3.183137
v -6.770940 33.924519 2.326532
v -6.835979 34.083870 1.438828
v -6.868735 34.155510 0.553159
v -6.829380 34.186428 -0.322061
v -6.730796 34.204639 -1.081737
v -6.626082 34.210808 -1.605808
v -6.436429 34.314037 -1.898487
v -6.193993 34.208389 -2.402434
v -5.723541 33.510700 -3.977126
v -5.195103 32.234077 -6.604548
v -4.955546 31.611002 -8.136363
v -4.851158 31.413950 -8.715716
v -4.750320 31.290400 -9.095843
vn -0.6095 0.5132 0.6043
vn -0.6159 0.5252 0.5872
vn 0.5933 0.5096 0.6231
vn 0.5696 0.5231 0.6339
vn 0.6389 0.5256 -0.5617
vn 0.6510 0.5381 -0.5354
vn -0.5703 0.5052 -0.6477
vn -0.5357 0.5161 -0.6683
vn 0.4622 -0.5368 -0.7058
vn 0.4719 -0.5783 -0.6655
vn -0.5773 0.5676 -0.5870
vn -0.5997 0.5814 -0.5498
vn -0.5179 -0.1909 -0.8339
vn -0.5184 -0.2232 -0.8255
vn -0.5307 -0.0385 -0.8467
vn -0.5327 -0.0447 -0.8451
vn -0.5332 -0.0039 -0.8460
vn -0.5351 -0.0055 -0.8448
vn -0.5351 -0.0008 -0.8448
vn -0.5356 -0.0010 -0.8444
vn -0.5356 -0.0001 -0.8444
vn -0.5367 -0.0004 -0.8438
vn -0.5367 -0.0000 -0.8438
vn -0.5377 -0.0004 -0.8431
vn -0.5377 -0.0000 -0.8431
vn -0.5389 -0.0004 -0.8424
vn -0.5389 -0.0002 -0.8424
vn -0.5393 -0.0003 -0.8421
vn -0.5393 -0.0001 -0.8421
vn -0.5392 -0.0001 -0.8422
vn -0.5387 0.0001 -0.8425
vn -0.5387 -0.0001 -0.8425
vn -0.5380 0.0001 -0.8430
vn -0.5380 -0.0007 -0.8430
vn -0.5357 -0.0001 -0.8444
vn -0.5357 -0.0014 -0.8444
vn -0.5310 -0.0005 -0.8474
vn -0.5310 -0.0000 -0.8473
vn -0.5260 0.0010 -0.8505
vn -0.5269 0.0084 -0.8499
vn -0.5203 0.0096 -0.8539
vn -0.5388 0.0545 -0.8407
vn -0.5359 0.0547 -0.8425
vn -0.5856 0.1591 -0.7948
vn -0.5763 0.1589 -0.8016
vn -0.6125 0.2616 -0.7460
vn -0.5650 0.2617 -0.7825
vn -0.6131 0.3637 -0.7013
vn -0.5272 0.3576 -0.7708
vn -0.5866 0.4438 -0.6774
vn -0.5363 0.4409 -0.7197
vn 0.5816 -0.2026 -0.7879
vn 0.5770 -0.2148 -0.7880
vn 0.5901 -0.0389 -0.8064
vn 0.5923 -0.0357 -0.8049
vn 0.5916 -0.0032 -0.8062
vn 0.5996 0.0005 -0.8003
vn 0.5996 -0.0000 -0.8003
vn 0.6060 0.0019 -0.7955
vn 0.6060 -0.0000 -0.7955
vn 0.6083 0.0006 -0.7937
vn 0.6083 -0.0005 -0.7937
vn 0.6069 -0.0010 -0.7948
vn 0.6069 -0.0003 -0.7948
vn 0.6066 -0.0004 -0.7950
vn 0.6066 -0.0001 -0.7950
vn 0.6075 0.0001 -0.7943
vn 0.6075 -0.0001 -0.7943
vn 0.6090 0.0003 -0.7932
vn 0.6090 -0.0001 -0.7932
vn 0.6108 0.0004 -0.7918
vn 0.6108 -0.0000 -0.7918
vn 0.6128 0.0005 -0.7903
vn 0.6128 0.0001 -0.7903
vn 0.6137 0.0004 -0.7895
vn 0.6137 0.0005 -0.7895
vn 0.6114 -0.0002 -0.7913
vn 0.6115 0.0030 -0.7912
vn 0.6075 0.0016 -0.7943
vn 0.6095 0.0179 -0.7926
vn 0.6070 0.0167 -0.7945
vn 0.6280 0.0787 -0.7742
vn 0.6320 0.0810 -0.7707
vn 0.6760 0.1906 -0.7118
vn 0.6618 0.1805 -0.7277
vn 0.6909 0.2959 -0.6596
vn 0.6907 0.2958 -0.6598
vn 0.6938 0.3923 -0.6040
vn 0.6849 0.3838 -0.6194
vn 0.6685 0.4698 -0.5766
vn 0.6583 0.4605 -0.5954
vn 0.4941 -0.7376 0.4602
vn 0.5089 -0.7541 0.4151
vn 0.5222 -0.7136 0.4670
vn 0.5343 -0.7297 0.4268
vn 0.5519 -0.6771 0.4868
vn 0.5643 -0.6865 0.4586
vn 0.5853 -0.6307 0.5095
vn 0.6028 -0.6444 0.4704
vn 0.6277 -0.5740 0.5258
vn 0.6377 -0.5832 0.5032
vn 0.6492 -0.5061 0.5677
vn 0.6632 -0.5179 0.5403
vn 0.6750 -0.4367 0.5947
vn 0.6916 -0.4482 0.5664
vn 0.6988 -0.3563 0.6202
vn 0.7172 -0.3679 0.5919
vn 0.7175 -0.2809 0.6374
vn 0.7269 -0.2873 0.6238
vn 0.7244 -0.1969 0.6607
vn 0.7314 -0.2018 0.6514
vn 0.7304 -0.1150 0.6733
vn 0.7316 -0.1158 0.6718
vn 0.7301 -0.0378 0.6823
vn 0.7291 -0.0372 0.6834
vn 0.7281 0.0341 0.6846
vn 0.7290 0.0334 0.6837
vn 0.7255 0.1025 0.6805
vn 0.7197 0.1063 0.6861
vn 0.7084 0.1753 0.6837
vn 0.6967 0.1815 0.6940
vn 0.6845 0.2408 0.6881
vn 0.6763 0.2454 0.6946
vn 0.6672 0.3024 0.6808
vn 0.6519 0.3103 0.6919
vn 0.6485 0.3642 0.6684
vn 0.6381 0.3699 0.6752
vn 0.6361 0.4129 0.6519
vn 0.6190 0.4234 0.6615
vn 0.6162 0.4668 0.6343
vn 0.5948 0.4775 0.6466
vn -0.5080 -0.7551 0.4145
vn -0.4990 -0.7587 0.4189
vn -0.5490 -0.7219 0.4213
vn -0.5308 -0.7304 0.4299
vn -0.5857 -0.6816 0.4387
vn -0.5763 -0.6861 0.4441
vn -0.6234 -0.6360 0.4549
vn -0.6102 -0.6432 0.4626
vn -0.6618 -0.5798 0.4752
vn -0.6467 -0.5876 0.4863
vn -0.6976 -0.5138 0.4994
vn -0.6754 -0.5261 0.5168
vn -0.7256 -0.4400 0.5291
vn -0.6985 -0.4562 0.5514
vn -0.7448 -0.3635 0.5596
vn -0.7289 -0.3727 0.5742
vn -0.7641 -0.2888 0.5768
vn -0.7509 -0.2966 0.5900
vn -0.7721 -0.2057 0.6012
vn -0.7611 -0.2126 0.6128
vn -0.7725 -0.1217 0.6232
vn -0.7604 -0.1300 0.6364
vn -0.7675 -0.0413 0.6397
vn -0.7594 -0.0465 0.6489
vn -0.7610 0.0319 0.6480
vn -0.7576 0.0295 0.6521
vn -0.7502 0.1032 0.6531
vn -0.7489 0.1021 0.6548
vn -0.7352 0.1710 0.6559
vn -0.7400 0.1744 0.6496
vn -0.7175 0.2400 0.6539
vn -0.7190 0.2412 0.6518
vn -0.6910 0.3080 0.6540
vn -0.6955 0.3111 0.6477
vn -0.6665 0.3698 0.6473
vn -0.6712 0.3739 0.6401
vn -0.6471 0.4221 0.6349
vn -0.6508 0.4263 0.6283
vn -0.6259 0.4721 0.6208
vn -0.6316 0.4792 0.6094
vn -0.5859 0.4819 0.6515
vn -0.5756 0.4770 0.6641
vn -0.5360 0.4962 0.6831
vn -0.5170 0.4889 0.7026
vn -0.5029 0.5071 0.7000
vn -0.4816 0.4982 0.7210
vn -0.4457 0.5197 0.7289
vn -0.4189 0.5087 0.7521
vn -0.4020 0.5320 0.7452
vn -0.3824 0.5229 0.7618
vn -0.3413 0.5425 0.7676
vn -0.3214 0.5346 0.7816
vn -0.2764 0.5550 0.7846
vn -0.2562 0.5454 0.7981
vn -0.2015 0.5606 0.8032
vn -0.1919 0.5559 0.8088
vn -0.1343 0.5654 0.8138
vn -0.1275 0.5619 0.8173
vn -0.0588 0.5674 0.8213
vn -0.0526 0.5640 0.8241
vn 0.0180 0.5691 0.8221
vn 0.0198 0.5682 0.8227
vn 0.0875 0.5668 0.8192
vn 0.0870 0.5671 0.8191
vn 0.1631 0.5620 0.8109
vn 0.1572 0.5651 0.8099
vn 0.2289 0.5549 0.7998
vn 0.2183 0.5603 0.7990
vn 0.2986 0.5409 0.7863
vn 0.2787 0.5530 0.7852
vn 0.3609 0.5307 0.7669
vn 0.3446 0.5394 0.7683
vn 0.4147 0.5149 0.7503
vn 0.3911 0.5290 0.7531
vn 0.4642 0.5031 0.7290
vn 0.4433 0.5134 0.7348
vn 0.5213 0.4912 0.6979
vn 0.5042 0.5017 0.7028
vn 0.5648 0.4777 0.6729
vn 0.5382 0.4904 0.6855
vn -0.6181 0.4282 0.6592
vn -0.6102 0.4236 0.6694
vn -0.5660 0.4398 0.6972
vn -0.5429 0.4288 0.7221
vn -0.5210 0.4551 0.7222
vn -0.4947 0.4431 0.7476
vn -0.4671 0.4692 0.7494
vn -0.4442 0.4588 0.7695
vn -0.4162 0.4791 0.7728
vn -0.4008 0.4717 0.7854
vn -0.3520 0.4912 0.7967
vn -0.3281 0.4814 0.8128
vn -0.2900 0.5020 0.8148
vn -0.2704 0.4928 0.8270
vn -0.2119 0.5090 0.8343
vn -0.2021 0.5042 0.8396
vn -0.1440 0.5138 0.8457
vn -0.1358 0.5098 0.8495
vn -0.0632 0.5152 0.8547
vn -0.0594 0.5131 0.8563
vn 0.0174 0.5159 0.8565
vn 0.0187 0.5152 0.8569
vn 0.0905 0.5138 0.8531
vn 0.0884 0.5149 0.8527
vn 0.1731 0.5079 0.8438
vn 0.1649 0.5123 0.8429
vn 0.2423 0.5005 0.8312
vn 0.2280 0.5073 0.8311
vn 0.3112 0.4895 0.8146
vn 0.2934 0.4996 0.8151
vn 0.3769 0.4769 0.7940
vn 0.3532 0.4886 0.7978
vn 0.4323 0.4662 0.7718
vn 0.4139 0.4764 0.7757
vn 0.4904 0.4514 0.7455
vn 0.4618 0.4653 0.7551
vn 0.5400 0.4386 0.7184
vn 0.5205 0.4506 0.7253
vn 0.5884 0.4264 0.6871
vn 0.5702 0.4365 0.6959
vn -0.6353 0.3727 0.6763
vn -0.6334 0.3718 0.6786
vn -0.5967 0.3864 0.7033
vn -0.5710 0.3746 0.7305
vn -0.5407 0.3984 0.7409
vn -0.5219 0.3890 0.7592
vn -0.4963 0.4131 0.7636
vn -0.4688 0.3992 0.7880
vn -0.4303 0.4223 0.7978
vn -0.4152 0.4144 0.8099
vn -0.3697 0.4359 0.8205
vn -0.3389 0.4223 0.8407
vn -0.3034 0.4449 0.8426
vn -0.2867 0.4370 0.8526
vn -0.2234 0.4527 0.8632
vn -0.2132 0.4480 0.8683
vn -0.1542 0.4576 0.8757
vn -0.1449 0.4533 0.8795
vn -0.0668 0.4598 0.8855
vn -0.0636 0.4580 0.8866
vn 0.0165 0.4598 0.8879
vn 0.0176 0.4593 0.8881
vn 0.0954 0.4571 0.8843
vn 0.0911 0.4592 0.8837
vn 0.1830 0.4503 0.8739
vn 0.1736 0.4554 0.8732
vn 0.2563 0.4428 0.8592
vn 0.2406 0.4501 0.8600
vn 0.3203 0.4346 0.8417
vn 0.3054 0.4427 0.8430
vn 0.3972 0.4201 0.8160
vn 0.3732 0.4329 0.8206
vn 0.4504 0.4109 0.7927
vn 0.4339 0.4199 0.7972
vn 0.5138 0.3966 0.7607
vn 0.4917 0.4084 0.7690
vn 0.5592 0.3864 0.7335
vn 0.5412 0.3963 0.7416
vn 0.6115 0.3718 0.6985
vn 0.5901 0.3840 0.7102
vn -0.6504 0.3160 0.6907
vn -0.6416 0.3128 0.7003
vn -0.6179 0.3280 0.7146
vn -0.5951 0.3188 0.7377
vn -0.5627 0.3380 0.7544
vn -0.5443 0.3291 0.7716
vn -0.5213 0.3503 0.7781
vn -0.4969 0.3384 0.7991
vn -0.4513 0.3608 0.8162
vn -0.4334 0.3513 0.8299
vn -0.3919 0.3735 0.8408
vn -0.3669 0.3614 0.8572
vn -0.3163 0.3836 0.8677
vn -0.3016 0.3759 0.8762
vn -0.2360 0.3904 0.8899
vn -0.2256 0.3852 0.8948
vn -0.1601 0.3943 0.9049
vn -0.1528 0.3907 0.9078
vn -0.0689 0.3963 0.9155
vn -0.0663 0.3947 0.9164
vn 0.0170 0.3956 0.9183
vn 0.0166 0.3958 0.9182
vn 0.0986 0.3935 0.9140
vn 0.0949 0.3956 0.9135
vn 0.1890 0.3887 0.9018
vn 0.1814 0.3933 0.9013
vn 0.2721 0.3804 0.8839
vn 0.2563 0.3884 0.8851
vn 0.3394 0.3705 0.8646
vn 0.3203 0.3804 0.8676
vn 0.4158 0.3584 0.8358
vn 0.3961 0.3694 0.8406
vn 0.4717 0.3490 0.8097
vn 0.4537 0.3578 0.8162
vn 0.5315 0.3379 0.7767
vn 0.5148 0.3473 0.7838
vn 0.5796 0.3277 0.7461
vn 0.5616 0.3367 0.7558
vn 0.6332 0.3121 0.7083
vn 0.6098 0.3257 0.7226
vn -0.6744 0.2487 0.6953
vn -0.6593 0.2423 0.7118
vn -0.6287 0.2615 0.7324
vn -0.6104 0.2554 0.7497
vn -0.5782 0.2723 0.7691
vn -0.5681 0.2684 0.7780
vn -0.5320 0.2837 0.7978
vn -0.5163 0.2772 0.8103
vn -0.4697 0.2957 0.8318
vn -0.4560 0.2890 0.8417
vn -0.4076 0.3064 0.8602
vn -0.3916 0.2979 0.8706
vn -0.3238 0.3151 0.8921
vn -0.3113 0.3080 0.8990
vn -0.2488 0.3203 0.9141
vn -0.2388 0.3149 0.9186
vn -0.1625 0.3245 0.9318
vn -0.1550 0.3205 0.9345
vn -0.0692 0.3272 0.9424
vn -0.0668 0.3259 0.9431
vn 0.0185 0.3265 0.9450
vn 0.0172 0.3272 0.9448
vn 0.1002 0.3247 0.9405
vn 0.0964 0.3267 0.9402
vn 0.1906 0.3206 0.9279
vn 0.1831 0.3253 0.9277
vn 0.2845 0.3126 0.9063
vn 0.2717 0.3200 0.9076
vn 0.3564 0.3044 0.8834
vn 0.3427 0.3119 0.8861
vn 0.4282 0.2924 0.8551
vn 0.4120 0.3023 0.8596
vn 0.4962 0.2806 0.8216
vn 0.4776 0.2901 0.8293
vn 0.5441 0.2716 0.7938
vn 0.5305 0.2793 0.8004
vn 0.5957 0.2634 0.7588
vn 0.5823 0.2701 0.7668
vn 0.6491 0.2482 0.7191
vn 0.6271 0.2612 0.7339
vn -0.6930 0.1806 0.6979
vn -0.6850 0.1770 0.7067
vn -0.6366 0.1929 0.7467
vn -0.6246 0.1879 0.7580
vn -0.5912 0.2009 0.7811
vn -0.5834 0.1975 0.7878
vn -0.5407 0.2130 0.8138
vn -0.5214 0.2041 0.8285
vn -0.4861 0.2249 0.8445
vn -0.4668 0.2160 0.8576
vn -0.4204 0.2343 0.8766
vn -0.4057 0.2268 0.8854
vn -0.3330 0.2436 0.9109
vn -0.3213 0.2374 0.9167
vn -0.2591 0.2484 0.9334
vn -0.2504 0.2439 0.9369
vn -0.1705 0.2532 0.9523
vn -0.1630 0.2492 0.9546
vn -0.0719 0.2567 0.9638
vn -0.0690 0.2552 0.9644
vn 0.0210 0.2562 0.9664
vn 0.0194 0.2570 0.9662
vn 0.1068 0.2539 0.9613
vn 0.1020 0.2563 0.9612
vn 0.1970 0.2490 0.9483
vn 0.1888 0.2538 0.9487
vn 0.2958 0.2394 0.9248
vn 0.2829 0.2468 0.9268
vn 0.3685 0.2313 0.9004
vn 0.3548 0.2386 0.9040
vn 0.4393 0.2203 0.8709
vn 0.4211 0.2310 0.8771
vn 0.5156 0.2122 0.8301
vn 0.5017 0.2195 0.8367
vn 0.5586 0.2042 0.8039
vn 0.5451 0.2117 0.8112
vn 0.6161 0.1926 0.7637
vn 0.5956 0.2028 0.7773
vn 0.6637 0.1807 0.7258
vn 0.6402 0.1929 0.7436
vn -0.7108 0.1150 0.6940
vn -0.6935 0.1059 0.7126
vn -0.6510 0.1221 0.7492
vn -0.6394 0.1160 0.7600
vn -0.6080 0.1282 0.7835
vn -0.5969 0.1227 0.7929
vn -0.5550 0.1406 0.8199
vn -0.5351 0.1308 0.8346
vn -0.5010 0.1512 0.8521
vn -0.4816 0.1420 0.8648
vn -0.4318 0.1596 0.8877
vn -0.4181 0.1524 0.8955
vn -0.3472 0.1672 0.9228
vn -0.3347 0.1605 0.9285
vn -0.2719 0.1725 0.9467
vn -0.2620 0.1674 0.9504
vn -0.1800 0.1756 0.9679
vn -0.1769 0.1738 0.9688
vn -0.0755 0.1788 0.9810
vn -0.0736 0.1777 0.9813
vn 0.0246 0.1786 0.9836
vn 0.0236 0.1791 0.9836
vn 0.1184 0.1766 0.9771
vn 0.1146 0.1786 0.9772
vn 0.2077 0.1719 0.9630
vn 0.1997 0.1763 0.9639
vn 0.3008 0.1651 0.9393
vn 0.2934 0.1694 0.9409
vn 0.3778 0.1579 0.9123
vn 0.3681 0.1631 0.9154
vn 0.4534 0.1463 0.8792
vn 0.4353 0.1568 0.8865
vn 0.5247 0.1390 0.8399
vn 0.5165 0.1437 0.8442
vn 0.5723 0.1313 0.8095
vn 0.5617 0.1373 0.8159
vn 0.6288 0.1219 0.7680
vn 0.6186 0.1280 0.7752
vn 0.6702 0.1114 0.7337
vn 0.6568 0.1198 0.7445
vn -0.7271 0.0434 0.6852
vn -0.7093 0.0345 0.7041
vn -0.6629 0.0520 0.7469
vn -0.6551 0.0481 0.7540
vn -0.6118 0.0518 0.7893
vn -0.6159 0.0539 0.7860
vn -0.5695 0.0612 0.8197
vn -0.5552 0.0536 0.8300
vn -0.5070 0.0680 0.8593
vn -0.4973 0.0632 0.8653
vn -0.4440 0.0772 0.8927
vn -0.4310 0.0703 0.8996
vn -0.3629 0.0807 0.9283
vn -0.3568 0.0771 0.9310
vn -0.2807 0.0850 0.9560
vn -0.2742 0.0812 0.9582
vn -0.1823 0.0876 0.9793
vn -0.1812 0.0870 0.9796
vn -0.0761 0.0890 0.9931
vn -0.0753 0.0885 0.9932
vn 0.0250 0.0892 0.9957
vn 0.0258 0.0888 0.9957
vn 0.1234 0.0889 0.9884
vn 0.1227 0.0893 0.9884
vn 0.2190 0.0848 0.9720
vn 0.2113 0.0891 0.9734
vn 0.3053 0.0790 0.9490
vn 0.2966 0.0840 0.9513
vn 0.3868 0.0750 0.9191
vn 0.3833 0.0769 0.9204
vn 0.4678 0.0649 0.8814
vn 0.4523 0.0737 0.8888
vn 0.5328 0.0595 0.8442
vn 0.5247 0.0639 0.8489
vn 0.5886 0.0527 0.8067
vn 0.5800 0.0574 0.8126
vn 0.6319 0.0504 0.7734
vn 0.6304 0.0513 0.7746
vn 0.6848 0.0368 0.7278
vn 0.6675 0.0473 0.7431
vn -0.7296 -0.0339 0.6830
vn -0.7200 -0.0385 0.6929
vn -0.6732 -0.0293 0.7389
vn -0.6704 -0.0307 0.7414
vn -0.6121 -0.0302 0.7902
vn -0.6198 -0.0262 0.7843
vn -0.5778 -0.0266 0.8158
vn -0.5743 -0.0285 0.8182
vn -0.5146 -0.0201 0.8572
vn -0.5068 -0.0241 0.8617
vn -0.4510 -0.0146 0.8924
vn -0.4436 -0.0185 0.8960
vn -0.3689 -0.0157 0.9293
vn -0.3733 -0.0131 0.9276
vn -0.2828 -0.0120 0.9591
vn -0.2807 -0.0133 0.9597
vn -0.1823 -0.0083 0.9832
vn -0.1795 -0.0100 0.9837
vn -0.0740 -0.0088 0.9972
vn -0.0750 -0.0082 0.9971
vn 0.0234 -0.0087 0.9997
vn 0.0248 -0.0095 0.9996
vn 0.1214 -0.0083 0.9926
vn 0.1227 -0.0091 0.9924
vn 0.2240 -0.0117 0.9745
vn 0.2174 -0.0079 0.9760
vn 0.3136 -0.0175 0.9494
vn 0.3027 -0.0113 0.9530
vn 0.3935 -0.0168 0.9192
vn 0.3957 -0.0180 0.9182
vn 0.4716 -0.0209 0.8816
vn 0.4671 -0.0182 0.8840
vn 0.5442 -0.0275 0.8385
vn 0.5334 -0.0217 0.8456
vn 0.5963 -0.0283 0.8023
vn 0.5953 -0.0278 0.8030
vn 0.6424 -0.0320 0.7657
vn 0.6367 -0.0291 0.7705
vn 0.6948 -0.0373 0.7183
vn 0.6874 -0.0331 0.7255
vn -0.7242 -0.1140 0.6802
vn -0.7138 -0.1190 0.6902
vn -0.6735 -0.1146 0.7302
vn -0.6773 -0.1127 0.7270
vn -0.6187 -0.1178 0.7768
vn -0.6260 -0.1139 0.7715
vn -0.5769 -0.1181 0.8082
vn -0.5807 -0.1162 0.8058
vn -0.5226 -0.1157 0.8447
vn -0.5202 -0.1169 0.8460
vn -0.4497 -0.1144 0.8858
vn -0.4509 -0.1138 0.8853
vn -0.3659 -0.1176 0.9232
vn -0.3766 -0.1114 0.9196
vn -0.2811 -0.1146 0.9528
vn -0.2802 -0.1152 0.9530
vn -0.1838 -0.1107 0.9767
vn -0.1783 -0.1138 0.9774
vn -0.0745 -0.1116 0.9910
vn -0.0752 -0.1112 0.9909
vn 0.0206 -0.1114 0.9936
vn 0.0226 -0.1126 0.9934
vn 0.1184 -0.1109 0.9867
vn 0.1211 -0.1124 0.9863
vn 0.2240 -0.1134 0.9680
vn 0.2194 -0.1107 0.9693
vn 0.3184 -0.1169 0.9407
vn 0.3108 -0.1126 0.9438
vn 0.4008 -0.1153 0.9089
vn 0.4023 -0.1161 0.9081
vn 0.4708 -0.1147 0.8748
vn 0.4729 -0.1160 0.8734
vn 0.5472 -0.1175 0.8287
vn 0.5471 -0.1174 0.8288
vn 0.5976 -0.1174 0.7932
vn 0.6007 -0.1191 0.7906
vn 0.6392 -0.1141 0.7606
vn 0.6502 -0.1202 0.7502
vn 0.6868 -0.1122 0.7182
vn 0.6937 -0.1168 0.7107
vn -0.7132 -0.1968 0.6727
vn -0.7100 -0.1982 0.6758
vn -0.6609 -0.2011 0.7231
vn -0.6749 -0.1944 0.7119
vn -0.6162 -0.2095 0.7592
vn -0.6346 -0.1994 0.7467
vn -0.5697 -0.2145 0.7934
vn -0.5810 -0.2085 0.7867
vn -0.5176 -0.2169 0.8276
vn -0.5256 -0.2129 0.8237
vn -0.4426 -0.2167 0.8701
vn -0.4483 -0.2137 0.8680
vn -0.3596 -0.2222 0.9062
vn -0.3721 -0.2150 0.9030
vn -0.2750 -0.2229 0.9352
vn -0.2770 -0.2218 0.9349
vn -0.1857 -0.2205 0.9575
vn -0.1812 -0.2230 0.9578
vn -0.0820 -0.2215 0.9717
vn -0.0839 -0.2204 0.9718
vn 0.0208 -0.2208 0.9751
vn 0.0195 -0.2201 0.9753
vn 0.1225 -0.2173 0.9684
vn 0.1253 -0.2189 0.9677
vn 0.2215 -0.2168 0.9507
vn 0.2214 -0.2167 0.9508
vn 0.3198 -0.2189 0.9218
vn 0.3160 -0.2166 0.9237
vn 0.4030 -0.2154 0.8895
vn 0.4084 -0.2184 0.8863
vn 0.4696 -0.2116 0.8572
vn 0.4769 -0.2155 0.8521
vn 0.5362 -0.2078 0.8181
vn 0.5458 -0.2133 0.8103
vn 0.5947 -0.2060 0.7771
vn 0.6049 -0.2119 0.7676
vn 0.6342 -0.2009 0.7466
vn 0.6499 -0.2093 0.7307
vn 0.6723 -0.1957 0.7139
vn 0.6859 -0.2040 0.6986
vn -0.7013 -0.2854 0.6533
vn -0.7035 -0.2844 0.6514
vn -0.6462 -0.2916 0.7053
vn -0.6657 -0.2821 0.6909
vn -0.6059 -0.3041 0.7351
vn -0.6312 -0.2907 0.7191
vn -0.5566 -0.3121 0.7699
vn -0.5752 -0.3022 0.7602
vn -0.5033 -0.3159 0.8043
vn -0.5149 -0.3099 0.7993
vn -0.4357 -0.3192 0.8416
vn -0.4437 -0.3147 0.8391
vn -0.3537 -0.3280 0.8759
vn -0.3675 -0.3195 0.8734
vn -0.2670 -0.3321 0.9047
vn -0.2726 -0.3289 0.9042
vn -0.1833 -0.3320 0.9253
vn -0.1822 -0.3326 0.9253
vn -0.0883 -0.3341 0.9384
vn -0.0915 -0.3321 0.9388
vn 0.0181 -0.3324 0.9430
vn 0.0197 -0.3334 0.9426
vn 0.1224 -0.3263 0.9373
vn 0.1317 -0.3318 0.9341
vn 0.2140 -0.3230 0.9219
vn 0.2231 -0.3285 0.9178
vn 0.3137 -0.3233 0.8928
vn 0.3196 -0.3269 0.8894
vn 0.3878 -0.3171 0.8655
vn 0.4039 -0.3269 0.8544
vn 0.4597 -0.3106 0.8320
vn 0.4750 -0.3194 0.8200
vn 0.5206 -0.3038 0.7980
vn 0.5333 -0.3110 0.7867
vn 0.5811 -0.2939 0.7589
vn 0.5985 -0.3043 0.7411
vn 0.6258 -0.2857 0.7258
vn 0.6456 -0.2974 0.7034
vn 0.6681 -0.2812 0.6889
vn 0.6813 -0.2890 0.6725
vn -0.6827 -0.3686 0.6309
vn -0.6944 -0.3627 0.6216
vn -0.6320 -0.3794 0.6757
vn -0.6555 -0.3673 0.6599
vn -0.5871 -0.3943 0.7069
vn -0.6166 -0.3785 0.6903
vn -0.5391 -0.4059 0.7379
vn -0.5626 -0.3929 0.7274
vn -0.4850 -0.4141 0.7703
vn -0.5016 -0.4052 0.7644
vn -0.4144 -0.4244 0.8051
vn -0.4335 -0.4138 0.8005
vn -0.3424 -0.4350 0.8328
vn -0.3620 -0.4233 0.8305
vn -0.2628 -0.4388 0.8593
vn -0.2720 -0.4334 0.8592
vn -0.1690 -0.4428 0.8805
vn -0.1780 -0.4377 0.8813
vn -0.0796 -0.4466 0.8912
vn -0.0873 -0.4421 0.8927
vn 0.0161 -0.4452 0.8953
vn 0.0177 -0.4461 0.8948
vn 0.1125 -0.4380 0.8919
vn 0.1257 -0.4458 0.8862
vn 0.2096 -0.4346 0.8759
vn 0.2198 -0.4407 0.8703
vn 0.2962 -0.4283 0.8537
vn 0.3096 -0.4366 0.8447
vn 0.3685 -0.4166 0.8311
vn 0.3907 -0.4301 0.8139
vn 0.4478 -0.4085 0.7954
vn 0.4666 -0.4200 0.7784
vn 0.5046 -0.4016 0.7643
vn 0.5237 -0.4132 0.7450
vn 0.5552 -0.3902 0.7345
vn 0.5796 -0.4046 0.7074
vn 0.6030 -0.3747 0.7042
vn 0.6314 -0.3919 0.6691
vn 0.6532 -0.3649 0.6634
vn 0.6773 -0.3791 0.6305
vn -0.6654 -0.4462 0.5984
vn -0.6762 -0.4399 0.5909
vn -0.6108 -0.4622 0.6428
vn -0.6385 -0.4454 0.6276
vn -0.5652 -0.4800 0.6710
vn -0.5946 -0.4618 0.6582
vn -0.5134 -0.4974 0.6993
vn -0.5434 -0.4796 0.6890
vn -0.4511 -0.5110 0.7317
vn -0.4798 -0.4961 0.7237
vn -0.3880 -0.5230 0.7589
vn -0.4147 -0.5090 0.7543
vn -0.3251 -0.5351 0.7798
vn -0.3505 -0.5211 0.7782
vn -0.2515 -0.5416 0.8021
vn -0.2678 -0.5325 0.8029
vn -0.1508 -0.5457 0.8243
vn -0.1648 -0.5377 0.8269
vn -0.0649 -0.5479 0.8340
vn -0.0747 -0.5425 0.8368
vn 0.0210 -0.5488 0.8357
vn 0.0168 -0.5464 0.8373
vn 0.1059 -0.5442 0.8322
vn 0.1145 -0.5490 0.8280
vn 0.1993 -0.5355 0.8207
vn 0.2134 -0.5437 0.8117
vn 0.2788 -0.5278 0.8023
vn 0.2904 -0.5346 0.7936
vn 0.3474 -0.5114 0.7860
vn 0.3732 -0.5261 0.7642
vn 0.4341 -0.5005 0.7490
vn 0.4516 -0.5104 0.7318
vn 0.4801 -0.4859 0.7304
vn 0.5090 -0.5025 0.6988
vn 0.5279 -0.4728 0.7055
vn 0.5589 -0.4911 0.6681
vn 0.5735 -0.4582 0.6791
vn 0.6082 -0.4784 0.6334
vn 0.6165 -0.4436 0.6505
vn 0.6476 -0.4627 0.6054
vn -0.6377 -0.5225 0.5660
vn -0.6562 -0.5121 0.5542
vn -0.5814 -0.5412 0.6076
vn -0.6154 -0.5214 0.5911
vn -0.5385 -0.5604 0.6293
vn -0.5709 -0.5409 0.6177
vn -0.4856 -0.5781 0.6557
vn -0.5170 -0.5595 0.6478
vn -0.4270 -0.5934 0.6823
vn -0.4529 -0.5782 0.6787
vn -0.3708 -0.6067 0.7032
vn -0.3922 -0.5938 0.7026
vn -0.3116 -0.6170 0.7226
vn -0.3288 -0.6066 0.7238
vn -0.2322 -0.6267 0.7439
vn -0.2474 -0.6177 0.7465
vn -0.1500 -0.6293 0.7626
vn -0.1527 -0.6275 0.7635
vn -0.0611 -0.6321 0.7725
vn -0.0633 -0.6307 0.7735
vn 0.0200 -0.6330 0.7739
vn 0.0229 -0.6348 0.7724
vn 0.0996 -0.6286 0.7713
vn 0.1119 -0.6356 0.7638
vn 0.1770 -0.6166 0.7671
vn 0.1985 -0.6293 0.7514
vn 0.2581 -0.6076 0.7511
vn 0.2773 -0.6197 0.7342
vn 0.3207 -0.5929 0.7386
vn 0.3529 -0.6130 0.7069
vn 0.3981 -0.5835 0.7078
vn 0.4232 -0.6003 0.6786
vn 0.4449 -0.5648 0.6950
vn 0.4830 -0.5885 0.6483
vn 0.5016 -0.5489 0.6687
vn 0.5342 -0.5690 0.6252
vn 0.5421 -0.5283 0.6534
vn 0.5801 -0.5510 0.5999
vn 0.5905 -0.5143 0.6220
vn 0.6193 -0.5324 0.5771
vn -0.6083 -0.5860 0.5354
vn -0.6277 -0.5762 0.5235
vn -0.5446 -0.6053 0.5805
vn -0.5853 -0.5839 0.5625
vn -0.5038 -0.6272 0.5940
vn -0.5408 -0.6052 0.5841
vn -0.4577 -0.6463 0.6107
vn -0.4919 -0.6269 0.6042
vn -0.4006 -0.6639 0.6315
vn -0.4315 -0.6458 0.6298
vn -0.3466 -0.6782 0.6480
vn -0.3719 -0.6632 0.6495
vn -0.2851 -0.6903 0.6650
vn -0.3106 -0.6762 0.6681
vn -0.2047 -0.6998 0.6844
vn -0.2259 -0.6878 0.6899
vn -0.1454 -0.7032 0.6960
vn -0.1520 -0.6990 0.6988
vn -0.0588 -0.7063 0.7055
vn -0.0634 -0.7033 0.7081
vn 0.0178 -0.7070 0.7070
vn 0.0187 -0.7076 0.7063
vn 0.0893 -0.7003 0.7083
vn 0.1010 -0.7076 0.6993
vn 0.1642 -0.6919 0.7031
vn 0.1784 -0.7006 0.6909
vn 0.2379 -0.6810 0.6926
vn 0.2582 -0.6939 0.6722
vn 0.3121 -0.6697 0.6738
vn 0.3322 -0.6813 0.6523
vn 0.3659 -0.6599 0.6563
vn 0.3842 -0.6712 0.6339
vn 0.4157 -0.6417 0.6446
vn 0.4485 -0.6616 0.6009
vn 0.4777 -0.6244 0.6180
vn 0.5061 -0.6441 0.5737
vn 0.5134 -0.5996 0.6139
vn 0.5527 -0.6229 0.5536
vn 0.5603 -0.5769 0.5943
vn 0.5957 -0.5992 0.5349
vn -0.5790 -0.6468 0.4964
vn -0.5973 -0.6361 0.4885
vn -0.5272 -0.6585 0.5370
vn -0.5527 -0.6439 0.5290
vn -0.4731 -0.6787 0.5617
vn -0.5046 -0.6564 0.5608
vn -0.4305 -0.7011 0.5684
vn -0.4628 -0.6784 0.5707
vn -0.3779 -0.7180 0.5846
vn -0.4036 -0.6996 0.5896
vn -0.3138 -0.7366 0.5991
vn -0.3436 -0.7160 0.6077
vn -0.2488 -0.7536 0.6084
vn -0.2796 -0.7362 0.6163
vn -0.1855 -0.7612 0.6213
vn -0.2037 -0.7520 0.6270
vn -0.1294 -0.7648 0.6311
vn -0.1414 -0.7589 0.6356
vn -0.0551 -0.7665 0.6399
vn -0.0645 -0.7613 0.6451
vn 0.0215 -0.7641 0.6447
vn 0.0155 -0.7605 0.6491
vn 0.0975 -0.7625 0.6396
vn 0.0916 -0.7591 0.6445
vn 0.1563 -0.7562 0.6355
vn 0.1644 -0.7606 0.6281
vn 0.2171 -0.7418 0.6345
vn 0.2379 -0.7542 0.6121
vn 0.2893 -0.7288 0.6206
vn 0.3122 -0.7430 0.5920
vn 0.3329 -0.7155 0.6141
vn 0.3570 -0.7299 0.5830
vn 0.3944 -0.6972 0.5986
vn 0.4310 -0.7179 0.5467
vn 0.4399 -0.6719 0.5958
vn 0.4798 -0.6982 0.5313
vn 0.4771 -0.6494 0.5922
vn 0.5229 -0.6788 0.5156
vn 0.5389 -0.6419 0.5454
vn 0.5701 -0.6612 0.4876
vn -0.5414 -0.6939 0.4747
vn -0.5655 -0.6815 0.4645
vn -0.5013 -0.7087 0.4965
vn -0.5322 -0.6938 0.4852
vn -0.4509 -0.7254 0.5202
vn -0.4753 -0.7089 0.5211
vn -0.4055 -0.7472 0.5265
vn -0.4343 -0.7259 0.5334
vn -0.3546 -0.7670 0.5347
vn -0.3804 -0.7479 0.5440
vn -0.2943 -0.7812 0.5506
vn -0.3143 -0.7664 0.5602
vn -0.2316 -0.7941 0.5619
vn -0.2498 -0.7816 0.5715
vn -0.1756 -0.8029 0.5696
vn -0.1882 -0.7949 0.5768
vn -0.1174 -0.8045 0.5823
vn -0.1216 -0.8023 0.5844
vn -0.0459 -0.8089 0.5861
vn -0.0529 -0.8049 0.5911
vn 0.0150 -0.8061 0.5915
vn 0.0188 -0.8085 0.5881
vn 0.0902 -0.8024 0.5899
vn 0.0931 -0.8043 0.5869
vn 0.1489 -0.7972 0.5851
vn 0.1573 -0.8017 0.5767
vn 0.2005 -0.7881 0.5819
vn 0.2199 -0.7982 0.5608
vn 0.2549 -0.7776 0.5747
vn 0.2774 -0.7927 0.5428
vn 0.3047 -0.7655 0.5667
vn 0.3322 -0.7832 0.5257
vn 0.3570 -0.7382 0.5724
vn 0.4018 -0.7667 0.5007
vn 0.4099 -0.7161 0.5650
vn 0.4475 -0.7408 0.5010
vn 0.4625 -0.7042 0.5387
vn 0.4919 -0.7222 0.4863
vn 0.5164 -0.6903 0.5067
vn 0.5397 -0.7039 0.4618
vn -0.5100 -0.7315 0.4525
vn -0.5276 -0.7210 0.4491
vn -0.4628 -0.7510 0.4711
vn -0.4992 -0.7325 0.4628
vn -0.4232 -0.7693 0.4785
vn -0.4512 -0.7518 0.4808
vn -0.3834 -0.7869 0.4836
vn -0.4087 -0.7698 0.4902
vn -0.3305 -0.8029 0.4961
vn -0.3545 -0.7866 0.5056
vn -0.2745 -0.8188 0.5043
vn -0.2964 -0.8039 0.5157
vn -0.2219 -0.8311 0.5099
vn -0.2371 -0.8209 0.5194
vn -0.1678 -0.8388 0.5180
vn -0.1778 -0.8324 0.5249
vn -0.1067 -0.8403 0.5315
vn -0.1083 -0.8395 0.5325
vn -0.0409 -0.8420 0.5379
vn -0.0422 -0.8413 0.5389
vn 0.0109 -0.8419 0.5396
vn 0.0145 -0.8440 0.5362
vn 0.0759 -0.8416 0.5347
vn 0.0786 -0.8434 0.5315
vn 0.1295 -0.8338 0.5366
vn 0.1426 -0.8418 0.5206
vn 0.1896 -0.8245 0.5331
vn 0.2052 -0.8328 0.5142
vn 0.2415 -0.8164 0.5246
vn 0.2546 -0.8238 0.5065
vn 0.2841 -0.8031 0.5237
vn 0.3069 -0.8166 0.4889
vn 0.3312 -0.7833 0.5261
vn 0.3641 -0.8043 0.4697
vn 0.3920 -0.7671 0.5079
vn 0.4205 -0.7840 0.4566
vn 0.4311 -0.7450 0.5090
vn 0.4650 -0.7646 0.4463
vn 0.4777 -0.7225 0.4998
vn 0.5072 -0.7444 0.4343
vn -0.4848 -0.7643 0.4253
vn -0.5019 -0.7542 0.4235
vn -0.4376 -0.7853 0.4380
vn -0.4631 -0.7682 0.4420
vn -0.4001 -0.8027 0.4422
vn -0.4217 -0.7874 0.4497
vn -0.3603 -0.8209 0.4430
vn -0.3836 -0.8049 0.4528
vn -0.3140 -0.8360 0.4500
vn -0.3326 -0.8235 0.4597
vn -0.2638 -0.8486 0.4586
vn -0.2795 -0.8377 0.4692
vn -0.2096 -0.8597 0.4659
vn -0.2245 -0.8498 0.4770
vn -0.1553 -0.8679 0.4718
vn -0.1658 -0.8614 0.4802
vn -0.1047 -0.8706 0.4807
vn -0.1001 -0.8733 0.4767
vn -0.0542 -0.8675 0.4945
vn -0.0417 -0.8750 0.4823
vn 0.0081 -0.8679 0.4967
vn 0.0155 -0.8727 0.4880
vn 0.0693 -0.8733 0.4821
vn 0.0692 -0.8732 0.4824
vn 0.1200 -0.8732 0.4724
vn 0.1272 -0.8773 0.4629
vn 0.1651 -0.8623 0.4786
vn 0.1841 -0.8711 0.4553
vn 0.2266 -0.8500 0.4756
vn 0.2408 -0.8567 0.4562
vn 0.2791 -0.8409 0.4636
vn 0.2914 -0.8466 0.4454
vn 0.3182 -0.8257 0.4658
vn 0.3391 -0.8350 0.4333
vn 0.3677 -0.8040 0.4673
vn 0.3897 -0.8133 0.4320
vn 0.4087 -0.7854 0.4648
vn 0.4312 -0.7956 0.4255
vn 0.4484 -0.7644 0.4633
vn 0.4758 -0.7777 0.4109
vn 0.6262 0.4739 -0.6192
vn 0.5493 0.4215 -0.7215
vn 0.5891 0.4836 -0.6474
vn 0.4922 0.4092 -0.7683
vn 0.5373 0.4859 -0.6894
vn 0.4580 0.4048 -0.7914
vn 0.5007 0.5066 -0.7019
vn 0.4167 0.4096 -0.8115
vn 0.4096 0.4633 -0.7859
vn 0.3788 0.4279 -0.8206
vn 0.3255 0.4306 -0.8418
vn 0.2757 0.3780 -0.8838
vn 0.2558 0.4150 -0.8731
vn 0.2166 0.3708 -0.9031
vn 0.1998 0.4250 -0.8828
vn 0.1434 0.3687 -0.9184
vn 0.0717 0.3958 -0.9155
vn 0.0510 0.3681 -0.9284
vn 0.0123 0.3842 -0.9232
vn 0.0091 0.3787 -0.9255
vn 0.0008 0.3833 -0.9236
vn 0.0008 0.3834 -0.9236
vn -0.0065 0.3800 -0.9249
vn -0.0047 0.3834 -0.9236
vn -0.0455 0.3781 -0.9246
vn -0.0394 0.3850 -0.9221
vn -0.1285 0.3816 -0.9153
vn -0.1151 0.3958 -0.9111
vn -0.2218 0.3872 -0.8949
vn -0.2003 0.4052 -0.8920
vn -0.2887 0.3941 -0.8725
vn -0.2670 0.4037 -0.8751
vn -0.3558 0.4141 -0.8378
vn -0.3389 0.4196 -0.8420
vn -0.4385 0.4336 -0.7872
vn -0.4094 0.4470 -0.7953
vn -0.4823 0.4317 -0.7623
vn -0.4489 0.4408 -0.7773
vn -0.5344 0.4399 -0.7217
vn -0.4987 0.4421 -0.7456
vn 0.6205 0.3749 -0.6888
vn 0.5492 0.3294 -0.7680
vn 0.5925 0.3939 -0.7027
vn 0.4502 0.3141 -0.8359
vn 0.4881 0.3622 -0.7941
vn 0.4570 0.3383 -0.8226
vn 0.4363 0.3399 -0.8331
vn 0.4154 0.3200 -0.8515
vn 0.3834 0.3167 -0.8676
vn 0.3553 0.2865 -0.8898
vn 0.3310 0.3184 -0.8883
vn 0.2550 0.2362 -0.9376
vn 0.2230 0.2755 -0.9351
vn 0.2136 0.2646 -0.9404
vn 0.1283 0.2393 -0.9624
vn 0.1129 0.2239 -0.9680
vn 0.0546 0.2146 -0.9752
vn 0.0526 0.2121 -0.9758
vn 0.0111 0.2060 -0.9785
vn 0.0105 0.2051 -0.9787
vn 0.0009 0.2055 -0.9787
vn 0.0009 0.2054 -0.9787
vn -0.0053 0.2067 -0.9784
vn -0.0060 0.2055 -0.9786
vn -0.0350 0.2144 -0.9761
vn -0.0400 0.2085 -0.9772
vn -0.0884 0.2116 -0.9734
vn -0.0782 0.2216 -0.9720
vn -0.1795 0.2433 -0.9532
vn -0.1760 0.2456 -0.9533
vn -0.2768 0.2604 -0.9250
vn -0.2434 0.2745 -0.9303
vn -0.3374 0.2770 -0.8997
vn -0.3062 0.2797 -0.9100
vn -0.4043 0.3134 -0.8592
vn -0.3905 0.3152 -0.8650
vn -0.4533 0.3410 -0.8236
vn -0.4414 0.3390 -0.8308
vn -0.5268 0.3574 -0.7712
vn -0.4705 0.3501 -0.8099
vn 0.6202 0.2704 -0.7364
vn 0.5823 0.2412 -0.7764
vn 0.5933 0.2859 -0.7525
vn 0.4304 0.2026 -0.8796
vn 0.4969 0.2870 -0.8190
vn 0.3859 0.2270 -0.8942
vn 0.3616 0.2373 -0.9016
vn 0.3659 0.2402 -0.8991
vn 0.2877 0.1830 -0.9401
vn 0.3452 0.2287 -0.9102
vn 0.2321 0.1391 -0.9627
vn 0.2709 0.1734 -0.9468
vn 0.1559 0.0912 -0.9835
vn 0.1843 0.1170 -0.9759
vn 0.0770 0.0744 -0.9942
vn 0.0651 0.0657 -0.9957
vn 0.0306 0.0676 -0.9972
vn 0.0372 0.0723 -0.9967
vn 0.0052 0.0644 -0.9979
vn 0.0085 0.0675 -0.9977
vn 0.0004 0.0639 -0.9980
vn 0.0009 0.0644 -0.9979
vn -0.0024 0.0649 -0.9979
vn -0.0034 0.0639 -0.9980
vn -0.0178 0.0692 -0.9974
vn -0.0227 0.0655 -0.9976
vn -0.0591 0.0710 -0.9957
vn -0.0544 0.0739 -0.9958
vn -0.1344 0.0908 -0.9868
vn -0.1322 0.0915 -0.9870
vn -0.2155 0.1325 -0.9675
vn -0.2227 0.1313 -0.9660
vn -0.2690 0.1792 -0.9463
vn -0.3004 0.1865 -0.9354
vn -0.3370 0.2277 -0.9136
vn -0.3538 0.2291 -0.9068
vn -0.4458 0.2543 -0.8582
vn -0.3917 0.2506 -0.8853
vn -0.5472 0.2559 -0.7969
vn -0.4387 0.2521 -0.8626
vn 0.6319 0.1815 -0.7535
vn 0.6063 0.1632 -0.7783
vn 0.5348 0.1462 -0.8323
vn 0.5029 0.1270 -0.8550
vn 0.4663 0.1372 -0.8739
vn 0.3860 0.0943 -0.9176
vn 0.3531 0.1327 -0.9261
vn 0.2766 0.0988 -0.9559
vn 0.2462 0.1097 -0.9630
vn 0.2506 0.1118 -0.9616
vn 0.1644 0.0721 -0.9838
vn 0.2091 0.1004 -0.9727
vn 0.1035 0.0345 -0.9940
vn 0.1511 0.0676 -0.9862
vn 0.0434 0.0124 -0.9990
vn 0.0648 0.0251 -0.9976
vn 0.0206 0.0103 -0.9997
vn 0.0252 0.0122 -0.9996
vn 0.0040 0.0109 -0.9999
vn 0.0046 0.0112 -0.9999
vn 0.0003 0.0109 -0.9999
vn 0.0004 0.0110 -0.9999
vn -0.0018 0.0107 -0.9999
vn -0.0015 0.0109 -0.9999
vn -0.0115 0.0107 -0.9999
vn -0.0117 0.0105 -0.9999
vn -0.0329 0.0171 -0.9993
vn -0.0437 0.0118 -0.9990
vn -0.0896 0.0432 -0.9950
vn -0.1227 0.0380 -0.9917
vn -0.1504 0.0829 -0.9851
vn -0.1877 0.0747 -0.9794
vn -0.2144 0.1059 -0.9710
vn -0.2361 0.1036 -0.9662
vn -0.3204 0.1114 -0.9407
vn -0.2836 0.1171 -0.9518
vn -0.4265 0.1157 -0.8971
vn -0.3670 0.1191 -0.9226
vn -0.5034 0.1298 -0.8543
vn -0.4775 0.1293 -0.8691
vn 0.5800 0.0645 -0.8120
vn 0.5814 0.0652 -0.8110
vn 0.4930 0.0472 -0.8687
vn 0.4768 0.0402 -0.8781
vn 0.4290 0.0324 -0.9027
vn 0.4342 0.0348 -0.9002
vn 0.3462 0.0215 -0.9379
vn 0.3438 0.0207 -0.9388
vn 0.2821 0.0268 -0.9590
vn 0.2516 0.0187 -0.9677
vn 0.1719 0.0393 -0.9843
vn 0.1595 0.0354 -0.9866
vn 0.0844 0.0298 -0.9960
vn 0.1032 0.0404 -0.9938
vn 0.0289 0.0136 -0.9995
vn 0.0478 0.0271 -0.9985
vn 0.0075 0.0037 -1.0000
vn 0.0210 0.0121 -0.9997
vn 0.0012 0.0018 -1.0000
vn 0.0037 0.0032 -1.0000
vn 0.0001 0.0016 -1.0000
vn 0.0003 0.0017 -1.0000
vn -0.0005 0.0021 -1.0000
vn -0.0014 0.0016 -1.0000
vn -0.0039 0.0055 -1.0000
vn -0.0097 0.0027 -0.9999
vn -0.0180 0.0184 -0.9997
vn -0.0300 0.0092 -0.9995
vn -0.0627 0.0380 -0.9973
vn -0.0897 0.0243 -0.9957
vn -0.1379 0.0426 -0.9895
vn -0.1513 0.0364 -0.9878
vn -0.2536 0.0231 -0.9670
vn -0.2250 0.0327 -0.9738
vn -0.3311 0.0155 -0.9435
vn -0.3240 0.0177 -0.9459
vn -0.3797 0.0241 -0.9248
vn -0.3962 0.0221 -0.9179
vn -0.4737 0.0402 -0.8798
vn -0.4677 0.0407 -0.8830
vn 0.5616 0.0118 -0.8273
vn 0.5557 0.0096 -0.8314
vn 0.4977 0.0098 -0.8673
vn 0.4796 0.0052 -0.8775
vn 0.4256 0.0055 -0.9049
vn 0.4260 0.0056 -0.9047
vn 0.3414 0.0006 -0.9399
vn 0.3462 0.0020 -0.9382
vn 0.2869 0.0012 -0.9579
vn 0.2839 0.0003 -0.9589
vn 0.1763 0.0059 -0.9843
vn 0.1740 0.0053 -0.9847
vn 0.0791 0.0071 -0.9968
vn 0.0866 0.0100 -0.9962
vn 0.0209 0.0044 -0.9998
vn 0.0282 0.0083 -0.9996
vn 0.0033 0.0008 -1.0000
vn 0.0075 0.0034 -1.0000
vn 0.0004 0.0002 -1.0000
vn 0.0012 0.0007 -1.0000
vn -0.0000 0.0002 -1.0000
vn 0.0001 0.0002 -1.0000
vn -0.0002 0.0003 -1.0000
vn -0.0005 0.0002 -1.0000
vn -0.0016 0.0014 -1.0000
vn -0.0034 0.0004 -1.0000
vn -0.0107 0.0049 -0.9999
vn -0.0150 0.0022 -0.9999
vn -0.0553 0.0093 -0.9984
vn -0.0649 0.0052 -0.9979
vn -0.1394 0.0080 -0.9902
vn -0.1429 0.0068 -0.9897
vn -0.2606 0.0018 -0.9654
vn -0.2558 0.0031 -0.9667
vn -0.3292 0.0013 -0.9443
vn -0.3315 0.0006 -0.9435
vn -0.3729 0.0038 -0.9279
vn -0.3777 0.0029 -0.9259
vn -0.4723 0.0071 -0.8814
vn -0.4667 0.0081 -0.8844
vn 0.5638 0.0018 -0.8259
vn 0.5601 0.0007 -0.8284
vn 0.5044 0.0015 -0.8635
vn 0.4969 -0.0001 -0.8678
vn 0.4259 0.0004 -0.9048
vn 0.4254 0.0003 -0.9050
vn 0.3401 -0.0012 -0.9404
vn 0.3414 -0.0009 -0.9399
vn 0.2894 -0.0007 -0.9572
vn 0.2870 -0.0014 -0.9579
vn 0.1763 -0.0000 -0.9843
vn 0.1764 -0.0000 -0.9843
vn 0.0781 0.0006 -0.9969
vn 0.0793 0.0011 -0.9968
vn 0.0195 0.0007 -0.9998
vn 0.0208 0.0013 -0.9998
vn 0.0025 0.0001 -1.0000
vn 0.0033 0.0005 -1.0000
vn 0.0003 -0.0000 -1.0000
vn 0.0004 0.0001 -1.0000
vn -0.0000 -0.0000 -1.0000
vn -0.0002 -0.0000 -1.0000
vn -0.0015 0.0001 -1.0000
vn -0.0016 -0.0000 -1.0000
vn -0.0107 0.0001 -0.9999
vn -0.0105 0.0002 -0.9999
vn -0.0558 0.0001 -0.9984
vn -0.0556 0.0002 -0.9985
vn -0.1384 0.0009 -0.9904
vn -0.1397 0.0005 -0.9902
vn -0.2622 0.0002 -0.9650
vn -0.2607 0.0006 -0.9654
vn -0.3284 0.0005 -0.9445
vn -0.3292 0.0002 -0.9443
vn -0.3737 0.0006 -0.9275
vn -0.3729 0.0008 -0.9279
vn -0.4759 0.0005 -0.8795
vn -0.4720 0.0012 -0.8816
vn 0.5644 0.0002 -0.8255
vn 0.5638 -0.0000 -0.8259
vn 0.5075 0.0001 -0.8617
vn 0.5044 -0.0006 -0.8635
vn 0.4255 -0.0004 -0.9050
vn 0.4258 -0.0003 -0.9048
vn 0.3393 -0.0013 -0.9407
vn 0.3401 -0.0011 -0.9404
vn 0.2920 -0.0005 -0.9564
vn 0.2894 -0.0013 -0.9572
vn 0.1763 -0.0005 -0.9843
vn 0.0787 -0.0001 -0.9969
vn 0.0781 -0.0003 -0.9969
vn 0.0197 0.0001 -0.9998
vn 0.0195 -0.0000 -0.9998
vn 0.0025 -0.0000 -1.0000
vn 0.0002 -0.0000 -1.0000
vn -0.0017 -0.0001 -1.0000
vn -0.0015 -0.0000 -1.0000
vn -0.0119 -0.0007 -0.9999
vn -0.0107 -0.0001 -0.9999
vn -0.0580 -0.0013 -0.9983
vn -0.0558 -0.0005 -0.9984
vn -0.1374 -0.0000 -0.9905
vn -0.1383 -0.0002 -0.9904
vn -0.2634 0.0003 -0.9647
vn -0.2622 0.0006 -0.9650
vn -0.3283 0.0004 -0.9446
vn -0.3284 0.0004 -0.9445
vn -0.3776 -0.0004 -0.9260
vn -0.3737 0.0005 -0.9275
vn -0.4826 -0.0014 -0.8759
vn -0.4759 -0.0000 -0.8795
vn 0.5629 -0.0002 -0.8265
vn 0.5082 -0.0003 -0.8613
vn 0.5075 -0.0004 -0.8617
vn 0.4224 -0.0009 -0.9064
vn 0.4255 -0.0001 -0.9050
vn 0.3381 -0.0013 -0.9411
vn 0.3393 -0.0009 -0.9407
vn 0.2934 -0.0002 -0.9560
vn 0.2920 -0.0006 -0.9564
vn 0.1742 -0.0003 -0.9847
vn 0.1763 0.0003 -0.9843
vn 0.0791 -0.0001 -0.9969
vn 0.0787 -0.0003 -0.9969
vn 0.0199 -0.0000 -0.9998
vn 0.0197 -0.0001 -0.9998
vn -0.0019 -0.0001 -1.0000
vn -0.0017 -0.0000 -1.0000
vn -0.0130 -0.0008 -0.9999
vn -0.0119 -0.0001 -0.9999
vn -0.0604 -0.0014 -0.9982
vn -0.0580 -0.0005 -0.9983
vn -0.1363 -0.0001 -0.9907
vn -0.1374 -0.0003 -0.9905
vn -0.2645 0.0003 -0.9644
vn -0.2634 0.0006 -0.9647
vn -0.3281 0.0005 -0.9446
vn -0.3800 -0.0000 -0.9250
vn -0.3776 0.0005 -0.9260
vn -0.4852 -0.0005 -0.8744
vn -0.4826 0.0001 -0.8759
vn 0.5604 -0.0004 -0.8282
vn 0.5629 0.0002 -0.8265
vn 0.5067 -0.0006 -0.8621
vn 0.4159 -0.0016 -0.9094
vn 0.4224 -0.0001 -0.9064
vn 0.3372 -0.0011 -0.9414
vn 0.3381 -0.0008 -0.9411
vn 0.2925 0.0004 -0.9563
vn 0.2934 0.0007 -0.9560
vn 0.1667 0.0001 -0.9860
vn 0.1742 0.0021 -0.9847
vn 0.0784 -0.0001 -0.9969
vn 0.0791 0.0001 -0.9969
vn 0.0203 -0.0000 -0.9998
vn 0.0199 -0.0002 -0.9998
vn 0.0026 -0.0000 -1.0000
vn -0.0021 -0.0001 -1.0000
vn -0.0019 -0.0000 -1.0000
vn -0.0141 -0.0007 -0.9999
vn -0.0130 -0.0001 -0.9999
vn -0.0625 -0.0013 -0.9980
vn -0.0604 -0.0005 -0.9982
vn -0.1346 -0.0002 -0.9909
vn -0.1363 -0.0005 -0.9907
vn -0.2647 0.0003 -0.9643
vn -0.2645 0.0004 -0.9644
vn -0.3278 0.0005 -0.9448
vn -0.3281 0.0004 -0.9446
vn -0.3815 0.0002 -0.9244
vn -0.3800 0.0005 -0.9250
vn -0.4859 -0.0000 -0.8740
vn -0.4852 0.0002 -0.8744
vn 0.5580 -0.0004 -0.8299
vn 0.5604 0.0002 -0.8282
vn 0.5069 -0.0002 -0.8620
vn 0.5067 -0.0002 -0.8621
vn 0.4131 -0.0005 -0.9107
vn 0.4159 0.0002 -0.9094
vn 0.3379 -0.0003 -0.9412
vn 0.3372 -0.0005 -0.9414
vn 0.2940 0.0007 -0.9558
vn 0.2925 0.0003 -0.9563
vn 0.1640 0.0001 -0.9865
vn 0.1667 0.0007 -0.9860
vn 0.0796 -0.0003 -0.9968
vn 0.0784 -0.0007 -0.9969
vn 0.0214 -0.0001 -0.9998
vn 0.0203 -0.0005 -0.9998
vn 0.0027 -0.0000 -1.0000
vn 0.0026 -0.0001 -1.0000
vn -0.0000 -0.0002 -1.0000
vn 0.0002 -0.0001 -1.0000
vn -0.0001 -0.0002 -1.0000
vn -0.0000 -0.0001 -1.0000
vn -0.0002 -0.0002 -1.0000
vn -0.0021 -0.0000 -1.0000
vn -0.0145 -0.0002 -0.9999
vn -0.0141 -0.0000 -0.9999
vn -0.0641 -0.0008 -0.9979
vn -0.0625 -0.0002 -0.9980
vn -0.1307 -0.0005 -0.9914
vn -0.1346 -0.0014 -0.9909
vn -0.2604 0.0001 -0.9655
vn -0.2647 -0.0008 -0.9643
vn -0.3266 0.0005 -0.9452
vn -0.3278 0.0001 -0.9448
vn -0.3826 0.0002 -0.9239
vn -0.3815 0.0005 -0.9244
vn -0.4863 0.0001 -0.8738
vn -0.4859 0.0002 -0.8740
vn 0.5555 -0.0004 -0.8315
vn 0.5580 0.0002 -0.8299
vn 0.5078 -0.0000 -0.8615
vn 0.4118 -0.0000 -0.9113
vn 0.4131 0.0003 -0.9107
vn 0.3392 -0.0000 -0.9407
vn 0.3379 -0.0004 -0.9412
vn 0.2970 0.0008 -0.9549
vn 0.2940 -0.0000 -0.9558
vn 0.1640 -0.0000 -0.9865
vn 0.0816 -0.0003 -0.9967
vn 0.0796 -0.0011 -0.9968
vn 0.0230 -0.0000 -0.9997
vn 0.0214 -0.0007 -0.9998
vn 0.0029 -0.0001 -1.0000
vn 0.0027 -0.0001 -1.0000
vn -0.0004 -0.0004 -1.0000
vn -0.0002 -0.0005 -1.0000
vn -0.0001 -0.0004 -1.0000
vn 0.0005 -0.0002 -1.0000
vn 0.0001 -0.0005 -1.0000
vn -0.0016 0.0002 -1.0000
vn -0.0133 0.0010 -0.9999
vn -0.0145 0.0004 -0.9999
vn -0.0643 0.0001 -0.9979
vn -0.0641 0.0002 -0.9979
vn -0.1241 -0.0010 -0.9923
vn -0.1306 -0.0028 -0.9914
vn -0.2474 -0.0003 -0.9689
vn -0.2603 -0.0033 -0.9655
vn -0.3236 0.0004 -0.9462
vn -0.3266 -0.0006 -0.9452
vn -0.3827 0.0004 -0.9239
vn -0.3826 0.0004 -0.9239
vn -0.4863 0.0002 -0.8738
vn 0.5535 -0.0004 -0.8329
vn 0.5555 0.0001 -0.8315
vn 0.5089 -0.0000 -0.8608
vn 0.5078 -0.0002 -0.8615
vn 0.4108 -0.0000 -0.9117
vn 0.4118 0.0003 -0.9113
vn 0.3406 0.0001 -0.9402
vn 0.3392 -0.0004 -0.9407
vn 0.3005 0.0008 -0.9538
vn 0.2970 -0.0001 -0.9549
vn 0.1646 -0.0000 -0.9864
vn 0.1640 -0.0001 -0.9865
vn 0.0834 -0.0004 -0.9965
vn 0.0816 -0.0011 -0.9967
vn 0.0243 -0.0002 -0.9997
vn 0.0230 -0.0007 -0.9997
vn 0.0032 -0.0000 -1.0000
vn -0.0003 0.0001 -1.0000
vn -0.0001 0.0003 -1.0000
vn -0.0002 0.0002 -1.0000
vn 0.0002 0.0001 -1.0000
vn 0.0004 0.0003 -1.0000
vn -0.0016 0.0001 -1.0000
vn -0.0125 0.0003 -0.9999
vn -0.0133 -0.0001 -0.9999
vn -0.0639 -0.0000 -0.9980
vn -0.0643 -0.0002 -0.9979
vn -0.1215 -0.0004 -0.9926
vn -0.1241 -0.0011 -0.9923
vn -0.2423 0.0001 -0.9702
vn -0.2474 -0.0011 -0.9689
vn -0.3220 0.0006 -0.9468
vn -0.3236 -0.0000 -0.9462
vn -0.3819 0.0007 -0.9242
vn -0.3827 0.0006 -0.9239
vn -0.4860 0.0004 -0.8740
vn -0.4863 0.0003 -0.8738
vn 0.5533 -0.0005 -0.8330
vn 0.5106 -0.0000 -0.8598
vn 0.5089 -0.0004 -0.8608
vn 0.4098 -0.0000 -0.9122
vn 0.4108 0.0003 -0.9117
vn 0.3420 0.0001 -0.9397
vn 0.3406 -0.0004 -0.9402
vn 0.3041 0.0008 -0.9526
vn 0.3005 -0.0001 -0.9538
vn 0.1652 -0.0000 -0.9863
vn 0.1646 -0.0001 -0.9864
vn 0.0852 -0.0004 -0.9964
vn 0.0834 -0.0011 -0.9965
vn 0.0255 -0.0002 -0.9997
vn 0.0243 -0.0007 -0.9997
vn 0.0035 -0.0000 -1.0000
vn 0.0032 -0.0002 -1.0000
vn 0.0003 0.0002 -1.0000
vn -0.0000 0.0003 -1.0000
vn -0.0001 0.0002 -1.0000
vn -0.0001 0.0001 -1.0000
vn 0.0002 0.0003 -1.0000
vn -0.0124 -0.0000 -0.9999
vn -0.0125 -0.0001 -0.9999
vn -0.0644 -0.0003 -0.9979
vn -0.0639 -0.0001 -0.9980
vn -0.1210 -0.0003 -0.9927
vn -0.2408 0.0003 -0.9706
vn -0.2423 -0.0000 -0.9702
vn -0.3211 0.0007 -0.9471
vn -0.3220 0.0004 -0.9468
vn -0.3809 0.0009 -0.9246
vn -0.3819 0.0006 -0.9242
vn -0.4853 0.0005 -0.8743
vn -0.4860 0.0003 -0.8740
vn 0.5563 -0.0007 -0.8310
vn 0.5533 -0.0015 -0.8330
vn 0.5137 -0.0001 -0.8580
vn 0.5106 -0.0008 -0.8598
vn 0.4091 -0.0000 -0.9125
vn 0.4098 0.0002 -0.9122
vn 0.3434 0.0001 -0.9392
vn 0.3420 -0.0004 -0.9397
vn 0.3073 0.0007 -0.9516
vn 0.3041 -0.0001 -0.9526
vn 0.1655 -0.0001 -0.9862
vn 0.1652 -0.0001 -0.9863
vn 0.0869 -0.0004 -0.9962
vn 0.0852 -0.0011 -0.9964
vn 0.0266 -0.0001 -0.9996
vn 0.0255 -0.0007 -0.9997
vn 0.0037 -0.0000 -1.0000
vn 0.0035 -0.0001 -1.0000
vn -0.0000 0.0001 -1.0000
vn -0.0018 -0.0000 -1.0000
vn -0.0126 -0.0001 -0.9999
vn -0.0652 -0.0004 -0.9979
vn -0.0644 -0.0001 -0.9979
vn -0.1212 -0.0004 -0.9926
vn -0.2402 0.0004 -0.9707
vn -0.2408 0.0002 -0.9706
vn -0.3205 0.0007 -0.9472
vn -0.3211 0.0005 -0.9471
vn -0.3798 0.0009 -0.9251
vn -0.3809 0.0007 -0.9246
vn -0.4846 0.0005 -0.8747
vn -0.4853 0.0003 -0.8743
vn 0.5545 -0.0004 -0.8322
vn 0.5563 -0.0000 -0.8310
vn 0.5148 -0.0001 -0.8573
vn 0.5137 -0.0004 -0.8580
vn 0.4077 -0.0001 -0.9131
vn 0.4091 0.0002 -0.9125
vn 0.3443 -0.0002 -0.9389
vn 0.3434 -0.0005 -0.9392
vn 0.3079 -0.0001 -0.9514
vn 0.3073 -0.0003 -0.9516
vn 0.1642 -0.0007 -0.9864
vn 0.1655 -0.0004 -0.9862
vn 0.0881 -0.0004 -0.9961
vn 0.0869 -0.0009 -0.9962
vn 0.0273 -0.0002 -0.9996
vn 0.0266 -0.0005 -0.9996
vn 0.0038 -0.0001 -1.0000
vn 0.0037 -0.0002 -1.0000
vn 0.0004 -0.0001 -1.0000
vn -0.0002 -0.0001 -1.0000
vn -0.0018 -0.0001 -1.0000
vn -0.0128 -0.0002 -0.9999
vn -0.0662 -0.0006 -0.9978
vn -0.0652 -0.0002 -0.9979
vn -0.1216 -0.0005 -0.9926
vn -0.2397 0.0003 -0.9708
vn -0.2402 0.0002 -0.9707
vn -0.3200 0.0006 -0.9474
vn -0.3205 0.0005 -0.9472
vn -0.3787 0.0008 -0.9255
vn -0.3798 0.0006 -0.9251
vn -0.4838 0.0004 -0.8752
vn -0.4846 0.0002 -0.8747
vn 0.5501 -0.0008 -0.8351
vn 0.5545 0.0006 -0.8322
vn 0.5149 -0.0007 -0.8573
vn 0.5148 -0.0007 -0.8573
vn 0.4059 -0.0008 -0.9139
vn 0.4077 -0.0003 -0.9131
vn 0.3438 -0.0013 -0.9390
vn 0.3443 -0.0011 -0.9389
vn 0.3028 -0.0028 -0.9531
vn 0.3079 -0.0014 -0.9514
vn 0.1600 -0.0028 -0.9871
vn 0.1642 -0.0017 -0.9864
vn 0.0885 -0.0010 -0.9961
vn 0.0881 -0.0012 -0.9961
vn 0.0266 -0.0008 -0.9996
vn 0.0273 -0.0004 -0.9996
vn 0.0036 -0.0009 -1.0000
vn 0.0038 -0.0008 -1.0000
vn 0.0004 -0.0009 -1.0000
vn -0.0000 -0.0009 -1.0000
vn -0.0002 -0.0009 -1.0000
vn -0.0018 -0.0009 -1.0000
vn -0.0130 -0.0011 -0.9999
vn -0.0128 -0.0009 -0.9999
vn -0.0669 -0.0013 -0.9978
vn -0.0662 -0.0010 -0.9978
vn -0.1218 -0.0013 -0.9926
vn -0.1216 -0.0012 -0.9926
vn -0.2392 -0.0004 -0.9710
vn -0.2397 -0.0006 -0.9708
vn -0.3195 -0.0000 -0.9476
vn -0.3200 -0.0002 -0.9474
vn -0.3779 0.0001 -0.9258
vn -0.3787 -0.0001 -0.9255
vn -0.4836 -0.0003 -0.8753
vn -0.4838 -0.0004 -0.8752
vn 0.5447 -0.0050 -0.8386
vn 0.5501 -0.0016 -0.8351
vn 0.5133 -0.0057 -0.8582
vn 0.5149 -0.0048 -0.8573
vn 0.4039 -0.0064 -0.9148
vn 0.4059 -0.0055 -0.9139
vn 0.3432 -0.0074 -0.9392
vn 0.3439 -0.0068 -0.9390
vn 0.3002 -0.0091 -0.9538
vn 0.3028 -0.0075 -0.9530
vn 0.1580 -0.0095 -0.9874
vn 0.1600 -0.0083 -0.9871
vn 0.0883 -0.0083 -0.9961
vn 0.0885 -0.0081 -0.9960
vn 0.0261 -0.0083 -0.9996
vn 0.0266 -0.0078 -0.9996
vn 0.0035 -0.0084 -1.0000
vn 0.0036 -0.0082 -1.0000
vn 0.0003 -0.0084 -1.0000
vn 0.0004 -0.0084 -1.0000
vn -0.0000 -0.0084 -1.0000
vn -0.0002 -0.0084 -1.0000
vn -0.0018 -0.0084 -1.0000
vn -0.0131 -0.0085 -0.9999
vn -0.0130 -0.0084 -0.9999
vn -0.0671 -0.0086 -0.9977
vn -0.0669 -0.0084 -0.9977
vn -0.1215 -0.0083 -0.9926
vn -0.1217 -0.0084 -0.9925
vn -0.2383 -0.0070 -0.9712
vn -0.2392 -0.0075 -0.9710
vn -0.3188 -0.0061 -0.9478
vn -0.3195 -0.0067 -0.9476
vn -0.3772 -0.0057 -0.9261
vn -0.3779 -0.0061 -0.9258
vn -0.4824 -0.0052 -0.8759
vn -0.4836 -0.0058 -0.8753
vn 0.5412 -0.0429 -0.8398
vn 0.5445 -0.0360 -0.8380
vn 0.5110 -0.0485 -0.8582
vn 0.5130 -0.0445 -0.8572
vn 0.4031 -0.0544 -0.9135
vn 0.4035 -0.0537 -0.9134
vn 0.3413 -0.0613 -0.9380
vn 0.3429 -0.0566 -0.9377
vn 0.2981 -0.0677 -0.9521
vn 0.2998 -0.0638 -0.9519
vn 0.1569 -0.0726 -0.9849
vn 0.1577 -0.0710 -0.9849
vn 0.0876 -0.0747 -0.9933
vn 0.0882 -0.0729 -0.9934
vn 0.0259 -0.0754 -0.9968
vn 0.0261 -0.0747 -0.9969
vn 0.0035 -0.0756 -0.9971
vn 0.0035 -0.0754 -0.9971
vn 0.0003 -0.0756 -0.9971
vn -0.0000 -0.0756 -0.9971
vn -0.0002 -0.0756 -0.9971
vn -0.0018 -0.0756 -0.9971
vn -0.0131 -0.0756 -0.9971
vn -0.0667 -0.0746 -0.9950
vn -0.0670 -0.0753 -0.9949
vn -0.1209 -0.0727 -0.9900
vn -0.1213 -0.0735 -0.9899
vn -0.2370 -0.0678 -0.9691
vn -0.2379 -0.0695 -0.9688
vn -0.3166 -0.0582 -0.9468
vn -0.3183 -0.0634 -0.9459
vn -0.3767 -0.0558 -0.9246
vn -0.3770 -0.0563 -0.9245
vn -0.4810 -0.0489 -0.8754
vn -0.4822 -0.0508 -0.8746
vn 0.5260 -0.2221 -0.8210
vn 0.5324 -0.1938 -0.8240
vn 0.4975 -0.2529 -0.8298
vn 0.4962 -0.2581 -0.8289
vn 0.3982 -0.2990 -0.8672
vn 0.3790 -0.3662 -0.8498
vn 0.3199 -0.3583 -0.8771
vn 0.3226 -0.3460 -0.8810
vn 0.2757 -0.3983 -0.8748
vn 0.2770 -0.3935 -0.8766
vn 0.1479 -0.4313 -0.8900
vn 0.1423 -0.4524 -0.8804
vn 0.0793 -0.4480 -0.8905
vn 0.0793 -0.4477 -0.8907
vn 0.0236 -0.4509 -0.8922
vn 0.0234 -0.4526 -0.8914
vn 0.0032 -0.4507 -0.8927
vn 0.0032 -0.4512 -0.8924
vn 0.0003 -0.4508 -0.8926
vn 0.0003 -0.4507 -0.8927
vn -0.0000 -0.4507 -0.8927
vn -0.0002 -0.4508 -0.8926
vn -0.0002 -0.4507 -0.8927
vn -0.0017 -0.4515 -0.8923
vn -0.0017 -0.4508 -0.8926
vn -0.0121 -0.4548 -0.8905
vn -0.0118 -0.4513 -0.8923
vn -0.0607 -0.4533 -0.8893
vn -0.0603 -0.4508 -0.8906
vn -0.1120 -0.4558 -0.8830
vn -0.1101 -0.4411 -0.8907
vn -0.2192 -0.4337 -0.8740
vn -0.2178 -0.4227 -0.8797
vn -0.2950 -0.3596 -0.8852
vn -0.2955 -0.3784 -0.8772
vn -0.3636 -0.3693 -0.8552
vn -0.3600 -0.3216 -0.8757
vn -0.4672 -0.2993 -0.8319
vn -0.4653 -0.2759 -0.8411
vn 0.6108 0.5804 -0.5387
vn 0.6060 0.5643 -0.5607
vn 0.5413 0.5681 -0.6199
vn 0.5413 0.5685 -0.6195
vn 0.4948 0.5685 -0.6572
vn 0.4948 0.5682 -0.6575
vn 0.4499 0.5719 -0.6859
vn 0.4486 0.5768 -0.6827
vn 0.4119 0.5869 -0.6971
vn 0.4099 0.5903 -0.6953
vn 0.3610 0.6059 -0.7090
vn 0.3557 0.6165 -0.7025
vn 0.2665 0.6235 -0.7350
vn 0.2711 0.6163 -0.7394
vn 0.1766 0.6109 -0.7717
vn 0.1741 0.6153 -0.7688
vn 0.0922 0.6172 -0.7814
vn 0.0947 0.6122 -0.7850
vn 0.0229 0.6119 -0.7906
vn 0.0229 0.6118 -0.7907
vn 0.0008 0.6113 -0.7914
vn 0.0013 0.6102 -0.7922
vn -0.0123 0.6103 -0.7921
vn -0.0096 0.6050 -0.7961
vn -0.0623 0.6098 -0.7901
vn -0.0611 0.6083 -0.7914
vn -0.1631 0.6296 -0.7596
vn -0.1476 0.6134 -0.7759
vn -0.2363 0.6289 -0.7407
vn -0.2453 0.6363 -0.7314
vn -0.3390 0.6284 -0.7001
vn -0.3329 0.6244 -0.7066
vn -0.3928 0.6022 -0.6951
vn -0.3817 0.5963 -0.7062
vn -0.4338 0.5804 -0.6892
vn -0.4322 0.5790 -0.6913
vn -0.4747 0.5716 -0.6693
vn -0.4766 0.5731 -0.6666
vn -0.5246 0.5683 -0.6339
vn -0.5270 0.5699 -0.6304
vn -0.3545 -0.7570 -0.5489
vn -0.4957 -0.4134 -0.7638
vn -0.3259 -0.7628 -0.5585
vn -0.4283 -0.5509 -0.7163
vn -0.2339 -0.8254 -0.5138
vn -0.3479 -0.6062 -0.7152
vn -0.2225 -0.7383 -0.6367
vn -0.2584 -0.6558 -0.7093
vn -0.1747 -0.7279 -0.6631
vn -0.2009 -0.6772 -0.7079
vn -0.0913 -0.7192 -0.6888
vn -0.1096 -0.6825 -0.7226
vn -0.0500 -0.6994 -0.7129
vn -0.0539 -0.6904 -0.7214
vn -0.0100 -0.6948 -0.7192
vn -0.0114 -0.6903 -0.7234
vn -0.0014 -0.6905 -0.7233
vn -0.0017 -0.6896 -0.7242
vn -0.0001 -0.6896 -0.7242
vn -0.0002 -0.6895 -0.7242
vn -0.0000 -0.6895 -0.7242
vn -0.0000 -0.6895 -0.7243
vn 0.0003 -0.6895 -0.7243
vn 0.0003 -0.6897 -0.7241
vn 0.0027 -0.6897 -0.7241
vn 0.0029 -0.6906 -0.7232
vn 0.0196 -0.6902 -0.7233
vn 0.0210 -0.6943 -0.7194
vn 0.0659 -0.6899 -0.7209
vn 0.0698 -0.7013 -0.7094
vn 0.1247 -0.6867 -0.7162
vn 0.1432 -0.7181 -0.6811
vn 0.2294 -0.6708 -0.7053
vn 0.2349 -0.6872 -0.6874
vn 0.2648 -0.6566 -0.7062
vn 0.2694 -0.7082 -0.6526
vn 0.3287 -0.6426 -0.6921
vn 0.3349 -0.7245 -0.6024
vn 0.4240 -0.5811 -0.6947
vn 0.4192 -0.6258 -0.6578
vn 0.6029 0.5292 -0.5971
vn 0.5228 0.4768 -0.7067
vn 0.5620 0.5375 -0.6286
vn 0.4885 0.4881 -0.7233
vn 0.5167 0.5447 -0.6606
vn 0.4639 0.5041 -0.7285
vn 0.4763 0.5589 -0.6788
vn 0.4360 0.5230 -0.7324
vn 0.4179 0.5513 -0.7221
vn 0.4070 0.5409 -0.7361
vn 0.3365 0.5244 -0.7822
vn 0.3300 0.5183 -0.7890
vn 0.2550 0.5098 -0.8216
vn 0.2144 0.4707 -0.8558
vn 0.1973 0.5372 -0.8201
vn 0.1394 0.4821 -0.8650
vn 0.0748 0.5126 -0.8553
vn 0.0660 0.5022 -0.8622
vn 0.0141 0.4945 -0.8691
vn 0.0149 0.4957 -0.8684
vn 0.0008 0.4943 -0.8693
vn 0.0002 0.4932 -0.8699
vn -0.0073 0.4969 -0.8678
vn -0.0085 0.4948 -0.8690
vn -0.0468 0.5038 -0.8626
vn -0.0455 0.5052 -0.8618
vn -0.1540 0.5142 -0.8438
vn -0.1404 0.5284 -0.8373
vn -0.2256 0.4999 -0.8362
vn -0.1987 0.5226 -0.8291
vn -0.3097 0.5239 -0.7935
vn -0.3074 0.5251 -0.7936
vn -0.3869 0.5387 -0.7484
vn -0.3784 0.5442 -0.7487
vn -0.4426 0.5354 -0.7194
vn -0.4267 0.5489 -0.7188
vn -0.4809 0.5234 -0.7034
vn -0.4612 0.5393 -0.7046
vn -0.5336 0.5154 -0.6706
vn -0.5022 0.5288 -0.6842
vn -0.5628 0.5247 0.6387
vn -0.5468 0.5202 0.6560
vn -0.5146 0.5382 0.6675
vn -0.5077 0.5360 0.6745
vn -0.4894 0.5481 0.6783
vn -0.4774 0.5438 0.6902
vn -0.4247 0.5643 0.7079
vn -0.4059 0.5583 0.7235
vn -0.3816 0.5759 0.7230
vn -0.3673 0.5704 0.7347
vn -0.3260 0.5872 0.7409
vn -0.3164 0.5837 0.7478
vn -0.2637 0.5968 0.7578
vn -0.2545 0.5927 0.7642
vn -0.1931 0.6057 0.7719
vn -0.1871 0.6026 0.7758
vn -0.1264 0.6090 0.7830
vn -0.1241 0.6078 0.7843
vn -0.0528 0.6140 0.7876
vn -0.0511 0.6130 0.7884
vn 0.0174 0.6142 0.7890
vn 0.0205 0.6125 0.7902
vn 0.0868 0.6109 0.7870
vn 0.0852 0.6117 0.7865
vn 0.1547 0.6079 0.7788
vn 0.1561 0.6071 0.7792
vn 0.2212 0.5985 0.7700
vn 0.2118 0.6040 0.7683
vn 0.2852 0.5886 0.7564
vn 0.2763 0.5946 0.7550
vn 0.3491 0.5769 0.7385
vn 0.3372 0.5843 0.7382
vn 0.3937 0.5643 0.7256
vn 0.3819 0.5728 0.7253
vn 0.4509 0.5519 0.7015
vn 0.4416 0.5576 0.7029
vn 0.5037 0.5393 0.6749
vn 0.4961 0.5445 0.6763
vn 0.5355 0.5291 0.6583
vn 0.5229 0.5363 0.6625
vn 0.4249 -0.8065 0.4111
vn 0.4490 -0.7869 0.4233
vn 0.4061 -0.8085 0.4259
vn 0.4342 -0.7879 0.4367
vn 0.4168 -0.7900 0.4498
vn 0.4440 -0.7701 0.4581
vn 0.3723 -0.8163 0.4417
vn 0.4525 -0.7582 0.4695
vn 0.3489 -0.8294 0.4363
vn 0.4017 -0.7885 0.4657
vn 0.3980 -0.7983 0.4519
vn 0.2751 -0.9078 0.3166
vn 0.4766 -0.7622 0.4380
vn 0.2915 -0.9184 0.2677
vn 0.5874 -0.6961 0.4128
vn 0.4380 -0.8132 0.3831
vn 0.7286 -0.5798 0.3647
vn 0.5852 -0.6996 0.4100
vn 0.8203 -0.4817 0.3083
vn 0.7286 -0.5799 0.3645
vn 0.6498 -0.6415 0.4077
vn 0.8141 -0.4840 0.3210
vn 0.5305 -0.7116 0.4607
vn 0.6313 -0.6331 0.4479
vn 0.5117 -0.7261 0.4593
vn 0.5281 -0.6984 0.4830
vn 0.4974 -0.8116 0.3063
vn 0.5065 -0.7963 0.3305
vn 0.4487 -0.8869 0.1099
vn 0.4799 -0.8595 0.1761
vn 0.4293 -0.9031 -0.0120
vn 0.4431 -0.8964 0.0122
vn 0.4336 -0.8848 -0.1706
vn 0.4459 -0.8849 -0.1346
vn 0.4178 -0.7920 -0.4452
vn 0.4541 -0.8254 -0.3355
vn 0.4020 -0.7131 -0.5744
vn 0.4280 -0.7344 -0.5267
vn 0.3970 -0.6800 -0.6165
vn 0.4078 -0.6974 -0.5893
vn 0.3925 -0.8280 0.4005
vn 0.4121 -0.8126 0.4121
vn 0.3398 -0.8525 0.3971
vn 0.3994 -0.8125 0.4247
vn 0.2839 -0.8714 0.4001
vn 0.4002 -0.8008 0.4456
vn 0.2631 -0.8785 0.3988
vn 0.3879 -0.8065 0.4462
vn 0.2603 -0.8790 0.3995
vn 0.3002 -0.8573 0.4182
vn 0.3094 -0.8554 0.4154
vn -0.0453 -0.9961 0.0759
vn 0.4097 -0.7908 0.4547
vn 0.2044 -0.9505 0.2342
vn 0.5092 -0.7403 0.4391
vn 0.3689 -0.8427 0.3920
vn 0.6019 -0.6806 0.4177
vn 0.5058 -0.7449 0.4351
vn 0.4754 -0.7493 0.4610
vn 0.6060 -0.6743 0.4220
vn 0.3116 -0.8092 0.4981
vn 0.4770 -0.7436 0.4685
vn 0.2882 -0.8111 0.5089
vn 0.3095 -0.8024 0.5103
vn 0.3103 -0.8156 0.4883
vn 0.2992 -0.8355 0.4608
vn 0.3724 -0.8810 0.2919
vn 0.3568 -0.9116 0.2040
vn 0.3882 -0.9174 0.0877
vn 0.3842 -0.9203 0.0740
vn 0.3877 -0.9218 -0.0029
vn 0.3900 -0.9208 0.0035
vn 0.3988 -0.9019 -0.1658
vn 0.4020 -0.9044 -0.1426
vn 0.3948 -0.7656 -0.5080
vn 0.4117 -0.7977 -0.4407
vn 0.3738 -0.7009 -0.6075
vn 0.3944 -0.7216 -0.5690
vn 0.3469 -0.6902 -0.6350
vn 0.3709 -0.7165 -0.5908
vn 0.3623 -0.8405 0.4029
vn 0.3661 -0.8377 0.4052
vn 0.3407 -0.8564 0.3880
vn 0.3619 -0.8416 0.4009
vn 0.3202 -0.8563 0.4053
vn 0.3613 -0.8286 0.4276
vn 0.2506 -0.8890 0.3834
vn 0.3455 -0.8350 0.4282
vn 0.1869 -0.9158 0.3555
vn 0.2700 -0.8744 0.4032
vn 0.2044 -0.9084 0.3646
vn 0.1752 -0.9258 0.3350
vn 0.2871 -0.8608 0.4201
vn 0.1563 -0.9564 0.2467
vn 0.3887 -0.8009 0.4556
vn 0.2777 -0.8730 0.4009
vn 0.4537 -0.7652 0.4567
vn 0.3907 -0.7980 0.4589
vn 0.3183 -0.8135 0.4867
vn 0.4590 -0.7569 0.4651
vn 0.2430 -0.8314 0.4997
vn 0.3184 -0.8072 0.4970
vn 0.2308 -0.8252 0.5156
vn 0.2376 -0.8208 0.5195
vn 0.2253 -0.8072 0.5456
vn 0.2269 -0.8189 0.5272
vn 0.2841 -0.8813 0.3776
vn 0.2917 -0.9027 0.3163
vn 0.3393 -0.9323 0.1255
vn 0.3386 -0.9349 0.1059
vn 0.3500 -0.9367 0.0145
vn 0.3523 -0.9355 0.0260
vn 0.3597 -0.9177 -0.1688
vn 0.3653 -0.9226 -0.1238
vn 0.3462 -0.7654 -0.5425
vn 0.3643 -0.7929 -0.4885
vn 0.3084 -0.7024 -0.6415
vn 0.3410 -0.7250 -0.5984
vn 0.2731 -0.6907 -0.6695
vn 0.3095 -0.7207 -0.6203
vn 0.3189 -0.8537 0.4116
vn 0.3217 -0.8513 0.4144
vn 0.3164 -0.8676 0.3836
vn 0.3192 -0.8655 0.3859
vn 0.3010 -0.8691 0.3925
vn 0.3196 -0.8566 0.4051
vn 0.2267 -0.9038 0.3630
vn 0.3108 -0.8584 0.4082
vn 0.1132 -0.9473 0.2998
vn 0.2535 -0.8870 0.3859
vn 0.0946 -0.9534 0.2866
vn 0.1264 -0.9402 0.3164
vn 0.1401 -0.9279 0.3454
vn 0.0833 -0.9639 0.2528
vn 0.2292 -0.8565 0.4624
vn 0.1591 -0.8964 0.4136
vn 0.2786 -0.8302 0.4828
vn 0.2343 -0.8465 0.4780
vn 0.2359 -0.8371 0.4935
vn 0.2807 -0.8242 0.4919
vn 0.2155 -0.8399 0.4981
vn 0.2346 -0.8331 0.5009
vn 0.2034 -0.8329 0.5147
vn 0.2082 -0.8263 0.5234
vn 0.1828 -0.8008 0.5704
vn 0.1795 -0.7876 0.5895
vn 0.2219 -0.8754 0.4294
vn 0.2201 -0.8703 0.4407
vn 0.2733 -0.9478 0.1643
vn 0.2731 -0.9459 0.1751
vn 0.2822 -0.9589 0.0283
vn 0.2875 -0.9559 0.0600
vn 0.2856 -0.9412 -0.1803
vn 0.2951 -0.9495 -0.1062
vn 0.2708 -0.7808 -0.5631
vn 0.2869 -0.8085 -0.5137
vn 0.2454 -0.7095 -0.6606
vn 0.2646 -0.7255 -0.6353
vn 0.2329 -0.6980 -0.6771
vn 0.2452 -0.7064 -0.6640
vn 0.2739 -0.8697 0.4105
vn 0.2814 -0.8637 0.4181
vn 0.2737 -0.8848 0.3771
vn 0.2754 -0.8836 0.3787
vn 0.2512 -0.8970 0.3638
vn 0.2748 -0.8823 0.3821
vn 0.1404 -0.9420 0.3048
vn 0.2675 -0.8846 0.3820
vn 0.0413 -0.9686 0.2453
vn 0.1860 -0.9226 0.3381
vn 0.0247 -0.9718 0.2346
vn 0.0623 -0.9613 0.2683
vn 0.0362 -0.9588 0.2818
vn 0.0448 -0.9532 0.2988
vn 0.0783 -0.8769 0.4742
vn 0.0537 -0.8926 0.4477
vn 0.1251 -0.8557 0.5021
vn 0.0800 -0.8668 0.4922
vn 0.1561 -0.8491 0.5047
vn 0.1252 -0.8549 0.5035
vn 0.1594 -0.8472 0.5068
vn 0.1558 -0.8483 0.5060
vn 0.1494 -0.8386 0.5238
vn 0.1536 -0.8324 0.5325
vn 0.1278 -0.7980 0.5890
vn 0.1237 -0.7679 0.6285
vn 0.1510 -0.8754 0.4593
vn 0.1464 -0.8512 0.5040
vn 0.1885 -0.9669 0.1722
vn 0.1890 -0.9614 0.2000
vn 0.1953 -0.9805 0.0210
vn 0.2000 -0.9785 0.0509
vn 0.1995 -0.9649 -0.1709
vn 0.2045 -0.9705 -0.1280
vn 0.1910 -0.8066 -0.5593
vn 0.1992 -0.8239 -0.5306
vn 0.1676 -0.7185 -0.6750
vn 0.1838 -0.7338 -0.6540
vn 0.1441 -0.7073 -0.6921
vn 0.1679 -0.7211 -0.6721
vn 0.2166 -0.8847 0.4127
vn 0.2234 -0.8808 0.4175
vn 0.2230 -0.8989 0.3771
vn 0.2187 -0.9018 0.3728
vn 0.1996 -0.9232 0.3284
vn 0.2212 -0.9095 0.3519
vn 0.0770 -0.9664 0.2452
vn 0.2040 -0.9190 0.3373
vn 0.0338 -0.9723 0.2311
vn 0.1153 -0.9518 0.2841
vn 0.0081 -0.9770 0.2132
vn 0.0440 -0.9687 0.2443
vn 0.0065 -0.9710 0.2390
vn 0.0252 -0.9604 0.2776
vn 0.0149 -0.8849 0.4655
vn 0.0191 -0.8808 0.4730
vn 0.0361 -0.8574 0.5133
vn 0.0155 -0.8624 0.5061
vn 0.0751 -0.8533 0.5161
vn 0.0361 -0.8581 0.5122
vn 0.0853 -0.8509 0.5183
vn 0.0752 -0.8536 0.5154
vn 0.0790 -0.8413 0.5348
vn 0.0824 -0.8367 0.5414
vn 0.0647 -0.7979 0.5994
vn 0.0649 -0.7648 0.6410
vn 0.0727 -0.8756 0.4775
vn 0.0722 -0.8432 0.5327
vn 0.0908 -0.9800 0.1770
vn 0.0926 -0.9754 0.2001
vn 0.0952 -0.9954 0.0143
vn 0.0974 -0.9949 0.0257
vn 0.0957 -0.9809 -0.1696
vn 0.0996 -0.9852 -0.1393
vn 0.0894 -0.8159 -0.5712
vn 0.0955 -0.8335 -0.5442
vn 0.0779 -0.7190 -0.6907
vn 0.0859 -0.7305 -0.6775
vn 0.0695 -0.7070 -0.7038
vn 0.0779 -0.7153 -0.6945
vn 0.1637 -0.8926 0.4201
vn 0.1662 -0.8914 0.4218
vn 0.1746 -0.9066 0.3843
vn 0.1672 -0.9114 0.3759
vn 0.1806 -0.9266 0.3298
vn 0.1736 -0.9319 0.3185
vn 0.1175 -0.9617 0.2477
vn 0.1691 -0.9413 0.2921
vn 0.0464 -0.9743 0.2205
vn 0.1450 -0.9492 0.2794
vn 0.0062 -0.9800 0.1988
vn 0.0616 -0.9704 0.2337
vn 0.0029 -0.9772 0.2122
vn 0.0297 -0.9687 0.2463
vn 0.0052 -0.9060 0.4232
vn 0.0297 -0.8843 0.4659
vn 0.0095 -0.8571 0.5151
vn 0.0064 -0.8579 0.5138
vn 0.0248 -0.8537 0.5202
vn 0.0094 -0.8553 0.5181
vn 0.0286 -0.8520 0.5227
vn 0.0248 -0.8530 0.5214
vn 0.0259 -0.8429 0.5375
vn 0.0278 -0.8404 0.5412
vn 0.0208 -0.8041 0.5941
vn 0.0225 -0.7852 0.6189
vn 0.0224 -0.8824 0.4700
vn 0.0239 -0.8618 0.5066
vn 0.0269 -0.9834 0.1796
vn 0.0282 -0.9808 0.1929
vn 0.0284 -0.9994 0.0175
vn 0.0290 -0.9994 0.0203
vn 0.0278 -0.9851 -0.1694
vn 0.0298 -0.9877 -0.1538
vn 0.0254 -0.8185 -0.5740
vn 0.0277 -0.8263 -0.5625
vn 0.0225 -0.7200 -0.6936
vn 0.0244 -0.7233 -0.6901
vn 0.0208 -0.7076 -0.7063
vn 0.0224 -0.7094 -0.7044
vn 0.1171 -0.8961 0.4281
vn 0.1184 -0.8955 0.4290
vn 0.1207 -0.9128 0.3901
vn 0.1156 -0.9159 0.3844
vn 0.1288 -0.9324 0.3377
vn 0.1190 -0.9413 0.3158
vn 0.0948 -0.9711 0.2192
vn 0.1193 -0.9613 0.2484
vn 0.0342 -0.9795 0.1985
vn 0.1039 -0.9651 0.2404
vn 0.0067 -0.9815 0.1914
vn 0.0422 -0.9769 0.2096
vn 0.0015 -0.9791 0.2035
vn 0.0115 -0.9766 0.2146
vn 0.0012 -0.9121 0.4099
vn 0.0091 -0.9058 0.4235
vn 0.0017 -0.8571 0.5152
vn 0.0016 -0.8571 0.5151
vn 0.0051 -0.8536 0.5209
vn 0.0017 -0.8539 0.5204
vn 0.0058 -0.8521 0.5233
vn 0.0051 -0.8523 0.5231
vn 0.0051 -0.8436 0.5370
vn 0.0057 -0.8429 0.5381
vn 0.0041 -0.8081 0.5890
vn 0.0047 -0.8029 0.5961
vn 0.0042 -0.8871 0.4616
vn 0.0048 -0.8810 0.4731
vn 0.0049 -0.9843 0.1762
vn 0.0053 -0.9834 0.1814
vn 0.0049 -0.9999 0.0165
vn 0.0052 -0.9998 0.0183
vn 0.0045 -0.9848 -0.1736
vn 0.0052 -0.9858 -0.1677
vn 0.0039 -0.8167 -0.5771
vn 0.0045 -0.8195 -0.5730
vn 0.0032 -0.7194 -0.6946
vn 0.0037 -0.7205 -0.6935
vn 0.0029 -0.7074 -0.7068
vn 0.0032 -0.7079 -0.7063
vn 0.0588 -0.8993 0.4334
vn 0.0616 -0.8982 0.4351
vn 0.0429 -0.9248 0.3780
vn 0.0500 -0.9219 0.3843
vn 0.0422 -0.9435 0.3287
vn 0.0395 -0.9455 0.3231
vn 0.0355 -0.9788 0.2015
vn 0.0385 -0.9778 0.2060
vn 0.0146 -0.9821 0.1878
vn 0.0352 -0.9794 0.1987
vn 0.0025 -0.9821 0.1882
vn 0.0156 -0.9810 0.1932
vn 0.0004 -0.9796 0.2011
vn 0.0032 -0.9790 0.2038
vn 0.0002 -0.9131 0.4077
vn 0.0015 -0.9121 0.4099
vn 0.0002 -0.8571 0.5152
vn 0.0007 -0.8535 0.5210
vn 0.0002 -0.8536 0.5209
vn 0.0008 -0.8521 0.5234
vn 0.0007 -0.8521 0.5233
vn 0.0007 -0.8437 0.5368
vn 0.0008 -0.8436 0.5370
vn 0.0006 -0.8089 0.5880
vn 0.0006 -0.8081 0.5891
vn 0.0006 -0.8880 0.4599
vn 0.0007 -0.8870 0.4617
vn 0.0006 -0.9845 0.1754
vn 0.0007 -0.9843 0.1763
vn 0.0006 -0.9999 0.0162
vn 0.0007 -0.9999 0.0165
vn 0.0006 -0.9846 -0.1746
vn 0.0007 -0.9848 -0.1736
vn 0.0004 -0.8162 -0.5778
vn 0.0005 -0.8167 -0.5771
vn 0.0003 -0.7192 -0.6948
vn 0.0004 -0.7194 -0.6946
vn 0.0003 -0.7074 -0.7068
vn 0.0031 -0.9037 0.4281
vn 0.0100 -0.9007 0.4343
vn 0.0006 -0.9286 0.3710
vn 0.0028 -0.9275 0.3737
vn 0.0003 -0.9464 0.3231
vn 0.0004 -0.9462 0.3235
vn 0.0004 -0.9800 0.1992
vn 0.0002 -0.9801 0.1986
vn 0.0002 -0.9824 0.1866
vn 0.0004 -0.9824 0.1867
vn -0.0000 -0.9822 0.1879
vn 0.0002 -0.9822 0.1880
vn -0.0000 -0.9796 0.2011
vn -0.0000 -0.9131 0.4076
vn -0.0000 -0.9131 0.4077
vn -0.0000 -0.8571 0.5152
vn 0.0001 -0.8535 0.5210
vn -0.0000 -0.8535 0.5210
vn 0.0001 -0.8521 0.5234
vn 0.0001 -0.8437 0.5368
vn -0.0000 -0.8089 0.5879
vn 0.0001 -0.8089 0.5880
vn -0.0000 -0.8881 0.4597
vn 0.0001 -0.8880 0.4599
vn -0.0000 -0.9845 0.1753
vn 0.0001 -0.9845 0.1754
vn -0.0000 -0.9999 0.0161
vn -0.0000 -0.9999 0.0162
vn -0.0000 -0.9846 -0.1747
vn -0.0000 -0.9846 -0.1746
vn -0.0000 -0.8161 -0.5779
vn -0.0000 -0.8162 -0.5778
vn -0.0000 -0.7192 -0.6948
vn -0.0000 -0.7074 -0.7069
vn -0.0000 -0.7074 -0.7068
vn -0.0511 -0.9014 0.4300
vn -0.0492 -0.9007 0.4316
vn -0.0405 -0.9231 0.3823
vn -0.0435 -0.9240 0.3798
vn -0.0395 -0.9446 0.3259
vn -0.0374 -0.9430 0.3306
vn -0.0321 -0.9781 0.2056
vn -0.0358 -0.9791 0.2002
vn -0.0143 -0.9813 0.1922
vn -0.0302 -0.9820 0.1867
vn -0.0024 -0.9818 0.1901
vn -0.0135 -0.9821 0.1880
vn -0.0004 -0.9792 0.2031
vn -0.0029 -0.9796 0.2011
vn -0.0001 -0.9122 0.4098
vn -0.0015 -0.9131 0.4076
vn -0.0001 -0.8571 0.5152
vn -0.0002 -0.8571 0.5152
vn -0.0002 -0.8535 0.5210
vn -0.0001 -0.8535 0.5210
vn -0.0002 -0.8521 0.5234
vn -0.0002 -0.8437 0.5368
vn -0.0001 -0.8089 0.5879
vn -0.0002 -0.8880 0.4598
vn -0.0002 -0.8881 0.4597
vn -0.0002 -0.9845 0.1753
vn -0.0002 -0.9999 0.0161
vn -0.0002 -0.9847 -0.1745
vn -0.0002 -0.9846 -0.1747
vn -0.0002 -0.8162 -0.5777
vn -0.0002 -0.8161 -0.5778
vn -0.0002 -0.7192 -0.6948
vn -0.0002 -0.7074 -0.7068
vn -0.0002 -0.7074 -0.7069
vn -0.1099 -0.8989 0.4242
vn -0.1024 -0.8967 0.4307
vn -0.1176 -0.9157 0.3843
vn -0.1089 -0.9131 0.3929
vn -0.1240 -0.9389 0.3212
vn -0.1167 -0.9333 0.3397
vn -0.1000 -0.9659 0.2388
vn -0.1133 -0.9693 0.2182
vn -0.0455 -0.9757 0.2143
vn -0.0835 -0.9758 0.2023
vn -0.0076 -0.9802 0.1977
vn -0.0298 -0.9806 0.1936
vn -0.0017 -0.9775 0.2111
vn -0.0090 -0.9789 0.2041
vn -0.0010 -0.9061 0.4231
vn -0.0086 -0.9120 0.4101
vn -0.0006 -0.8569 0.5156
vn -0.0014 -0.8570 0.5152
vn -0.0016 -0.8536 0.5209
vn -0.0006 -0.8535 0.5210
vn -0.0018 -0.8521 0.5233
vn -0.0016 -0.8521 0.5234
vn -0.0017 -0.8437 0.5369
vn -0.0017 -0.8437 0.5368
vn -0.0016 -0.8088 0.5880
vn -0.0016 -0.8089 0.5879
vn -0.0018 -0.8877 0.4603
vn -0.0019 -0.8880 0.4598
vn -0.0023 -0.9844 0.1759
vn -0.0023 -0.9845 0.1753
vn -0.0024 -0.9999 0.0167
vn -0.0024 -0.9999 0.0161
vn -0.0023 -0.9849 -0.1728
vn -0.0025 -0.9846 -0.1745
vn -0.0021 -0.8173 -0.5762
vn -0.0023 -0.8162 -0.5777
vn -0.0018 -0.7197 -0.6943
vn -0.0020 -0.7192 -0.6948
vn -0.0016 -0.7077 -0.7066
vn -0.0018 -0.7074 -0.7068
vn -0.1573 -0.8942 0.4192
vn -0.1512 -0.8927 0.4245
vn -0.1715 -0.9110 0.3751
vn -0.1584 -0.9081 0.3878
vn -0.1774 -0.9323 0.3151
vn -0.1709 -0.9287 0.3291
vn -0.1463 -0.9511 0.2719
vn -0.1620 -0.9528 0.2569
vn -0.0748 -0.9675 0.2414
vn -0.1111 -0.9660 0.2333
vn -0.0114 -0.9776 0.2102
vn -0.0247 -0.9791 0.2016
vn -0.0049 -0.9719 0.2354
vn -0.0131 -0.9768 0.2136
vn -0.0045 -0.8844 0.4666
vn -0.0246 -0.9051 0.4244
vn -0.0044 -0.8567 0.5159
vn -0.0051 -0.8568 0.5155
vn -0.0113 -0.8542 0.5197
vn -0.0044 -0.8536 0.5208
vn -0.0126 -0.8524 0.5227
vn -0.0112 -0.8521 0.5233
vn -0.0122 -0.8434 0.5372
vn -0.0124 -0.8436 0.5368
vn -0.0110 -0.8076 0.5897
vn -0.0112 -0.8088 0.5880
vn -0.0128 -0.8843 0.4667
vn -0.0133 -0.8877 0.4603
vn -0.0157 -0.9831 0.1822
vn -0.0163 -0.9843 0.1758
vn -0.0161 -0.9996 0.0214
vn -0.0169 -0.9997 0.0166
vn -0.0157 -0.9868 -0.1613
vn -0.0170 -0.9848 -0.1730
vn -0.0141 -0.8238 -0.5667
vn -0.0156 -0.8171 -0.5763
vn -0.0123 -0.7224 -0.6914
vn -0.0136 -0.7195 -0.6943
vn -0.0112 -0.7090 -0.7051
vn -0.0123 -0.7076 -0.7066
vn -0.2111 -0.8827 0.4199
vn -0.2109 -0.8826 0.4201
vn -0.2201 -0.9009 0.3742
vn -0.2145 -0.9001 0.3793
vn -0.2094 -0.9174 0.3384
vn -0.2206 -0.9194 0.3256
vn -0.1482 -0.9431 0.2978
vn -0.2016 -0.9349 0.2921
vn -0.0554 -0.9666 0.2504
vn -0.1292 -0.9563 0.2624
vn -0.0116 -0.9735 0.2282
vn -0.0341 -0.9754 0.2178
vn -0.0056 -0.9641 0.2654
vn -0.0137 -0.9712 0.2378
vn -0.0091 -0.8786 0.4775
vn -0.0144 -0.8842 0.4669
vn -0.0217 -0.8594 0.5109
vn -0.0095 -0.8566 0.5158
vn -0.0504 -0.8559 0.5147
vn -0.0216 -0.8541 0.5196
vn -0.0576 -0.8530 0.5187
vn -0.0499 -0.8517 0.5217
vn -0.0556 -0.8420 0.5366
vn -0.0561 -0.8425 0.5357
vn -0.0494 -0.8010 0.5966
vn -0.0510 -0.8072 0.5880
vn -0.0561 -0.8686 0.4923
vn -0.0602 -0.8841 0.4634
vn -0.0691 -0.9753 0.2096
vn -0.0738 -0.9810 0.1795
vn -0.0710 -0.9967 0.0398
vn -0.0758 -0.9969 0.0195
vn -0.0697 -0.9894 -0.1272
vn -0.0755 -0.9831 -0.1666
vn -0.0646 -0.8387 -0.5408
vn -0.0697 -0.8185 -0.5702
vn -0.0569 -0.7272 -0.6841
vn -0.0613 -0.7194 -0.6919
vn -0.0531 -0.7103 -0.7019
vn -0.0566 -0.7067 -0.7053
vn -0.2679 -0.8674 0.4193
vn -0.2696 -0.8677 0.4177
vn -0.2728 -0.8849 0.3776
vn -0.2722 -0.8848 0.3781
vn -0.2556 -0.8924 0.3719
vn -0.2716 -0.8940 0.3564
vn -0.1804 -0.9238 0.3376
vn -0.2400 -0.9103 0.3373
vn -0.0545 -0.9622 0.2669
vn -0.1371 -0.9476 0.2885
vn -0.0169 -0.9688 0.2471
vn -0.0427 -0.9692 0.2426
vn -0.0175 -0.9604 0.2779
vn -0.0201 -0.9622 0.2715
vn -0.0398 -0.8871 0.4598
vn -0.0268 -0.8778 0.4784
vn -0.0791 -0.8635 0.4981
vn -0.0420 -0.8589 0.5104
vn -0.1243 -0.8541 0.5050
vn -0.0792 -0.8545 0.5134
vn -0.1331 -0.8501 0.5096
vn -0.1230 -0.8490 0.5138
vn -0.1272 -0.8371 0.5320
vn -0.1295 -0.8388 0.5288
vn -0.1120 -0.7933 0.5984
vn -0.1167 -0.8036 0.5837
vn -0.1278 -0.8553 0.5022
vn -0.1378 -0.8764 0.4615
vn -0.1595 -0.9599 0.2305
vn -0.1707 -0.9685 0.1815
vn -0.1665 -0.9844 0.0564
vn -0.1773 -0.9839 0.0218
vn -0.1656 -0.9806 -0.1045
vn -0.1783 -0.9695 -0.1682
vn -0.1557 -0.8415 -0.5174
vn -0.1655 -0.8062 -0.5681
vn -0.1303 -0.7327 -0.6680
vn -0.1440 -0.7112 -0.6881
vn -0.1075 -0.7192 -0.6865
vn -0.1272 -0.6996 -0.7031
vn -0.3159 -0.8535 0.4144
vn -0.3145 -0.8533 0.4160
vn -0.3109 -0.8693 0.3843
vn -0.3147 -0.8694 0.3808
vn -0.2995 -0.8667 0.3990
vn -0.3127 -0.8660 0.3902
vn -0.2489 -0.8904 0.3812
vn -0.2808 -0.8808 0.3813
vn -0.0956 -0.9481 0.3032
vn -0.1418 -0.9400 0.3102
vn -0.0560 -0.9593 0.2769
vn -0.0645 -0.9601 0.2722
vn -0.0741 -0.9522 0.2965
vn -0.0689 -0.9479 0.3111
vn -0.1458 -0.8868 0.4385
vn -0.1056 -0.8768 0.4690
vn -0.2098 -0.8511 0.4812
vn -0.1569 -0.8547 0.4949
vn -0.2068 -0.8422 0.4979
vn -0.2118 -0.8416 0.4969
vn -0.1983 -0.8408 0.5038
vn -0.2064 -0.8408 0.5004
vn -0.1889 -0.8300 0.5249
vn -0.1945 -0.8331 0.5177
vn -0.1723 -0.7994 0.5756
vn -0.1777 -0.8075 0.5625
vn -0.1997 -0.8634 0.4634
vn -0.2179 -0.8881 0.4047
vn -0.2395 -0.9454 0.2211
vn -0.2602 -0.9548 0.1439
vn -0.2498 -0.9666 0.0583
vn -0.2663 -0.9638 0.0083
vn -0.2536 -0.9608 -0.1118
vn -0.2693 -0.9441 -0.1900
vn -0.2452 -0.8317 -0.4981
vn -0.2556 -0.7840 -0.5657
vn -0.2190 -0.7335 -0.6435
vn -0.2331 -0.7063 -0.6685
vn -0.1946 -0.7252 -0.6605
vn -0.2166 -0.6971 -0.6835
vn -0.3605 -0.8385 0.4085
vn -0.3593 -0.8384 0.4099
vn -0.3441 -0.8500 0.3988
vn -0.3569 -0.8490 0.3897
vn -0.3341 -0.8441 0.4195
vn -0.3544 -0.8369 0.4171
vn -0.2813 -0.8717 0.4013
vn -0.3211 -0.8537 0.4100
vn -0.1702 -0.9196 0.3542
vn -0.2287 -0.9019 0.3664
vn -0.1437 -0.9352 0.3236
vn -0.1430 -0.9352 0.3240
vn -0.1758 -0.9320 0.3171
vn -0.1594 -0.9187 0.3614
vn -0.2947 -0.8541 0.4286
vn -0.2268 -0.8613 0.4546
vn -0.3636 -0.8076 0.4643
vn -0.3164 -0.8212 0.4749
vn -0.2737 -0.8242 0.4957
vn -0.3682 -0.7989 0.4756
vn -0.2343 -0.8308 0.5049
vn -0.2740 -0.8261 0.4925
vn -0.2264 -0.8248 0.5181
vn -0.2319 -0.8266 0.5129
vn -0.2235 -0.8181 0.5299
vn -0.2197 -0.8139 0.5378
vn -0.2683 -0.8871 0.3755
vn -0.2742 -0.8927 0.3578
vn -0.3054 -0.9361 0.1744
vn -0.3183 -0.9391 0.1297
vn -0.3204 -0.9466 0.0364
vn -0.3287 -0.9443 0.0126
vn -0.3329 -0.9315 -0.1466
vn -0.3430 -0.9185 -0.1966
vn -0.3257 -0.8127 -0.4832
vn -0.3337 -0.7664 -0.5489
vn -0.2906 -0.7462 -0.5990
vn -0.3102 -0.7004 -0.6429
vn -0.2406 -0.7583 -0.6059
vn -0.2834 -0.6844 -0.6717
vn -0.3939 -0.8219 0.4114
vn -0.4017 -0.8218 0.4040
vn -0.3668 -0.8311 0.4180
vn -0.3927 -0.8253 0.4059
vn -0.3619 -0.8243 0.4353
vn -0.3847 -0.8147 0.4340
vn -0.2851 -0.8658 0.4112
vn -0.3206 -0.8512 0.4155
vn -0.2354 -0.8902 0.3901
vn -0.2505 -0.8856 0.3912
vn -0.2311 -0.9119 0.3392
vn -0.2100 -0.9075 0.3638
vn -0.2715 -0.9096 0.3145
vn -0.2450 -0.8979 0.3657
vn -0.4257 -0.8035 0.4160
vn -0.3410 -0.8323 0.4370
vn -0.5307 -0.7287 0.4328
vn -0.4532 -0.7674 0.4536
vn -0.3966 -0.7821 0.4806
vn -0.5372 -0.7189 0.4412
vn -0.2739 -0.8173 0.5069
vn -0.3964 -0.7840 0.4778
vn -0.2571 -0.8163 0.5173
vn -0.2733 -0.8160 0.5094
vn -0.2876 -0.8371 0.4654
vn -0.2588 -0.8195 0.5113
vn -0.3447 -0.9064 0.2444
vn -0.3211 -0.8943 0.3117
vn -0.3627 -0.9259 0.1060
vn -0.3602 -0.9259 0.1141
vn -0.3753 -0.9269 0.0010
vn -0.3731 -0.9278 0.0071
vn -0.3845 -0.9113 -0.1474
vn -0.3961 -0.8969 -0.1968
vn -0.3776 -0.8158 -0.4380
vn -0.3927 -0.7488 -0.5340
vn -0.3490 -0.7501 -0.5617
vn -0.3739 -0.6966 -0.6124
vn -0.2894 -0.7920 -0.5375
vn -0.3589 -0.6696 -0.6503
vn -0.4330 -0.8010 0.4133
vn -0.4413 -0.7990 0.4085
vn -0.4170 -0.8005 0.4305
vn -0.4325 -0.7931 0.4289
vn -0.4031 -0.7977 0.4485
vn -0.4286 -0.7826 0.4514
vn -0.3500 -0.8269 0.4403
vn -0.3993 -0.8009 0.4463
vn -0.3328 -0.8330 0.4419
vn -0.3523 -0.8249 0.4421
vn -0.3463 -0.8565 0.3828
vn -0.3065 -0.8633 0.4010
vn -0.3784 -0.8665 0.3254
vn -0.3277 -0.8770 0.3514
vn -0.5450 -0.7394 0.3954
vn -0.4491 -0.7893 0.4188
vn -0.7012 -0.6082 0.3722
vn -0.5708 -0.7034 0.4236
vn -0.7756 -0.5337 0.3370
vn -0.7051 -0.5999 0.3781
vn -0.5850 -0.6813 0.4401
vn -0.7740 -0.5335 0.3410
vn -0.4615 -0.7355 0.4961
vn -0.5843 -0.6810 0.4414
vn -0.4689 -0.7580 0.4533
vn -0.4706 -0.7580 0.4518
vn -0.4538 -0.8506 0.2656
vn -0.4636 -0.8525 0.2415
vn -0.4211 -0.8955 0.1440
vn -0.4347 -0.8959 0.0918
vn -0.4075 -0.9131 0.0133
vn -0.4145 -0.9100 -0.0029
vn -0.4100 -0.9031 -0.1273
vn -0.4269 -0.8871 -0.1754
vn -0.3893 -0.8553 -0.3419
vn -0.4349 -0.7458 -0.5046
vn -0.3590 -0.7868 -0.5020
vn -0.4108 -0.6922 -0.5934
vn -0.3306 -0.7854 -0.5234
vn -0.4049 -0.6544 -0.6386
vn -0.4718 -0.7774 0.4160
vn -0.4838 -0.7727 0.4109
vn -0.4625 -0.7714 0.4370
vn -0.4663 -0.7693 0.4368
vn -0.4517 -0.7654 0.4585
vn -0.4590 -0.7605 0.4593
vn -0.4266 -0.7765 0.4637
vn -0.4519 -0.7616 0.4646
vn -0.4263 -0.7665 0.4803
vn -0.4247 -0.7672 0.4806
vn -0.4667 -0.7706 0.4341
vn -0.4246 -0.7882 0.4455
vn -0.4887 -0.7993 0.3496
vn -0.4312 -0.8281 0.3581
vn -0.6478 -0.6713 0.3603
vn -0.5226 -0.7559 0.3944
vn -0.8794 -0.4031 0.2533
vn -0.6629 -0.6411 0.3868
vn -0.9752 -0.1851 0.1211
vn -0.8767 -0.4046 0.2600
vn -0.8950 -0.3619 0.2609
vn -0.9687 -0.2024 0.1435
vn -0.7038 -0.5408 0.4606
vn -0.8684 -0.3875 0.3093
vn -0.6135 -0.5523 0.5644
vn -0.6672 -0.5312 0.5222
vn -0.5990 -0.6090 0.5199
vn -0.6398 -0.6026 0.4771
vn -0.5728 -0.7458 0.3401
vn -0.6368 -0.7357 0.2307
vn -0.5221 -0.8453 0.1133
vn -0.5884 -0.8086 0.0042
vn -0.5257 -0.8367 -0.1536
vn -0.5651 -0.7910 -0.2346
vn -0.4626 -0.8411 -0.2802
vn -0.5592 -0.6460 -0.5195
vn -0.3729 -0.8417 -0.3905
vn -0.5062 -0.6042 -0.6154
vn -0.3558 -0.7969 -0.4883
vn -0.4908 -0.5222 -0.6974
vn -0.5329 0.5573 0.6367
vn -0.5058 0.5881 0.6310
vn -0.5615 0.5798 0.5904
vn -0.5308 0.6191 0.5788
vn -0.5836 0.6013 0.5458
vn -0.5602 0.6355 0.5314
vn -0.6122 0.6195 0.4914
vn -0.5873 0.6554 0.4748
vn -0.6396 0.6371 0.4301
vn -0.6176 0.6681 0.4151
vn -0.6666 0.6532 0.3591
vn -0.6460 0.6815 0.3439
vn -0.6935 0.6639 0.2797
vn -0.6766 0.6865 0.2664
vn -0.7111 0.6762 0.1929
vn -0.6994 0.6902 0.1856
vn -0.7296 0.6762 0.1026
vn -0.7167 0.6913 0.0923
vn -0.7397 0.6729 0.0017
vn -0.7329 0.6803 -0.0038
vn -0.7312 0.6761 -0.0907
vn -0.7387 0.6687 -0.0847
vn -0.7179 0.6742 -0.1737
vn -0.7313 0.6632 -0.1593
vn -0.6958 0.6506 -0.3043
vn -0.7177 0.6437 -0.2656
vn -0.6465 0.5633 -0.5145
vn -0.6742 0.5528 -0.4897
vn -0.6123 0.6089 -0.5043
vn -0.6506 0.5832 -0.4864
vn -0.6248 0.6443 -0.4410
vn -0.6142 0.6518 -0.4448
vn -0.6323 0.6775 -0.3758
vn -0.6261 0.6912 -0.3609
vn -0.6356 0.6866 -0.3530
vn -0.6130 0.6799 -0.4024
vn -0.6204 0.6774 -0.3952
vn -0.5900 0.6619 -0.4624
vn -0.6037 0.6644 -0.4406
vn -0.4894 0.5744 0.6561
vn -0.4796 0.5862 0.6529
vn -0.5107 0.6003 0.6155
vn -0.4869 0.6292 0.6058
vn -0.5368 0.6218 0.5703
vn -0.5055 0.6616 0.5539
vn -0.5669 0.6418 0.5164
vn -0.5392 0.6785 0.4989
vn -0.5956 0.6637 0.4526
vn -0.5690 0.6980 0.4348
vn -0.6242 0.6807 0.3835
vn -0.5989 0.7127 0.3652
vn -0.6522 0.6955 0.3015
vn -0.6286 0.7245 0.2828
vn -0.6705 0.7116 0.2097
vn -0.6565 0.7272 0.2008
vn -0.6814 0.7233 0.1115
vn -0.6730 0.7322 0.1049
vn -0.6872 0.7264 0.0068
vn -0.6845 0.7290 0.0045
vn -0.6832 0.7241 -0.0941
vn -0.6929 0.7158 -0.0866
vn -0.6701 0.7189 -0.1847
vn -0.6888 0.7053 -0.1676
vn -0.6348 0.6870 -0.3537
vn -0.6730 0.6818 -0.2868
vn -0.5975 0.5930 -0.5398
vn -0.6277 0.5891 -0.5089
vn -0.5840 0.6310 -0.5107
vn -0.5900 0.6279 -0.5076
vn -0.5771 0.6856 -0.4437
vn -0.5449 0.7040 -0.4554
vn -0.5852 0.7171 -0.3786
vn -0.5703 0.7250 -0.3862
vn -0.5793 0.7251 -0.3723
vn -0.5865 0.7230 -0.3651
vn -0.5672 0.7107 -0.4162
vn -0.5757 0.7102 -0.4053
vn -0.5334 0.6758 -0.5087
vn -0.5563 0.6880 -0.4661
vn -0.4316 0.5933 0.6795
vn -0.4198 0.6080 0.6739
vn -0.4630 0.6187 0.6346
vn -0.4455 0.6418 0.6242
vn -0.4862 0.6445 0.5901
vn -0.4656 0.6693 0.5790
vn -0.5144 0.6666 0.5395
vn -0.4884 0.6988 0.5227
vn -0.5479 0.6859 0.4788
vn -0.5193 0.7199 0.4604
vn -0.5803 0.7053 0.4071
vn -0.5523 0.7381 0.3876
vn -0.6030 0.7295 0.3230
vn -0.5749 0.7601 0.3027
vn -0.6183 0.7518 0.2291
vn -0.6001 0.7699 0.2172
vn -0.6305 0.7665 0.1225
vn -0.6185 0.7776 0.1129
vn -0.6395 0.7688 0.0069
vn -0.6392 0.7690 0.0067
vn -0.6376 0.7636 -0.1025
vn -0.6497 0.7547 -0.0911
vn -0.6171 0.7589 -0.2082
vn -0.6452 0.7431 -0.1779
vn -0.5606 0.7003 -0.4419
vn -0.6225 0.7022 -0.3455
vn -0.5494 0.6205 -0.5596
vn -0.5725 0.6186 -0.5382
vn -0.5120 0.6871 -0.5154
vn -0.5033 0.6902 -0.5199
vn -0.4727 0.7696 -0.4293
vn -0.3749 0.8037 -0.4620
vn -0.5231 0.7750 -0.3547
vn -0.4469 0.8031 -0.3941
vn -0.5286 0.7628 -0.3724
vn -0.5238 0.7638 -0.3772
vn -0.5191 0.7392 -0.4291
vn -0.5264 0.7401 -0.4186
vn -0.4687 0.6731 -0.5721
vn -0.5021 0.6957 -0.5137
vn -0.3776 0.6113 0.6955
vn -0.3706 0.6191 0.6924
vn -0.4021 0.6412 0.6536
vn -0.3872 0.6618 0.6419
vn -0.4318 0.6634 0.6111
vn -0.4118 0.6881 0.5975
vn -0.4611 0.6878 0.5606
vn -0.4390 0.7141 0.5453
vn -0.4874 0.7142 0.5025
vn -0.4613 0.7424 0.4858
vn -0.5142 0.7417 0.4307
vn -0.4861 0.7712 0.4111
vn -0.5436 0.7647 0.3459
vn -0.5173 0.7908 0.3272
vn -0.5680 0.7845 0.2489
vn -0.5469 0.8035 0.2350
vn -0.5859 0.7987 0.1374
vn -0.5675 0.8139 0.1248
vn -0.5908 0.8068 0.0112
vn -0.5845 0.8114 0.0063
vn -0.5847 0.8047 -0.1031
vn -0.5903 0.8011 -0.0988
vn -0.5668 0.7931 -0.2230
vn -0.5878 0.7833 -0.2024
vn -0.5272 0.7020 -0.4788
vn -0.5616 0.6993 -0.4422
vn -0.5047 0.6472 -0.5713
vn -0.5236 0.6412 -0.5609
vn -0.4911 0.7009 -0.5173
vn -0.4889 0.7018 -0.5181
vn -0.4687 0.7791 -0.4164
vn -0.4259 0.7948 -0.4323
vn -0.4818 0.8047 -0.3468
vn -0.4562 0.8138 -0.3600
vn -0.4767 0.7936 -0.3781
vn -0.4804 0.7929 -0.3749
vn -0.4564 0.7633 -0.4572
vn -0.4732 0.7669 -0.4335
vn -0.4026 0.6760 -0.6172
vn -0.4304 0.6921 -0.5795
vn -0.3293 0.6184 0.7136
vn -0.3127 0.6327 0.7085
vn -0.3481 0.6537 0.6719
vn -0.3200 0.6822 0.6575
vn -0.3686 0.6836 0.6299
vn -0.3441 0.7087 0.6160
vn -0.3923 0.7115 0.5830
vn -0.3669 0.7392 0.5649
vn -0.4200 0.7421 0.5224
vn -0.3966 0.7666 0.5049
vn -0.4464 0.7723 0.4521
vn -0.4247 0.7939 0.4352
vn -0.4761 0.7990 0.3674
vn -0.4549 0.8185 0.3508
vn -0.5013 0.8231 0.2670
vn -0.4819 0.8389 0.2529
vn -0.5164 0.8430 0.1506
vn -0.5006 0.8544 0.1394
vn -0.5260 0.8503 0.0207
vn -0.5139 0.8577 0.0116
vn -0.5194 0.8482 -0.1037
vn -0.5258 0.8449 -0.0988
vn -0.4899 0.8371 -0.2437
vn -0.5179 0.8273 -0.2176
vn -0.4530 0.7371 -0.5015
vn -0.4835 0.7377 -0.4711
vn -0.4442 0.6847 -0.5779
vn -0.4512 0.6830 -0.5744
vn -0.4419 0.7283 -0.5237
vn -0.4459 0.7268 -0.5224
vn -0.4324 0.7974 -0.4209
vn -0.4370 0.7959 -0.4190
vn -0.4276 0.8317 -0.3543
vn -0.4350 0.8296 -0.3501
vn -0.4140 0.8232 -0.3886
vn -0.4238 0.8219 -0.3807
vn -0.3699 0.7772 -0.5090
vn -0.3983 0.7861 -0.4726
vn -0.3425 0.6929 -0.6345
vn -0.3457 0.6951 -0.6304
vn -0.2613 0.6356 0.7264
vn -0.2569 0.6397 0.7244
vn -0.2791 0.6699 0.6880
vn -0.2650 0.6849 0.6788
vn -0.2991 0.6990 0.6496
vn -0.2804 0.7173 0.6379
vn -0.3243 0.7294 0.6024
vn -0.2991 0.7533 0.5857
vn -0.3464 0.7669 0.5402
vn -0.3251 0.7861 0.5257
vn -0.3696 0.8004 0.4719
vn -0.3462 0.8205 0.4548
vn -0.3964 0.8322 0.3877
vn -0.3743 0.8503 0.3700
vn -0.4191 0.8630 0.2821
vn -0.4017 0.8757 0.2680
vn -0.4314 0.8879 0.1599
vn -0.4211 0.8942 0.1521
vn -0.4390 0.8981 0.0257
vn -0.4348 0.9002 0.0223
vn -0.4313 0.8951 -0.1131
vn -0.4431 0.8906 -0.1026
vn -0.3900 0.8773 -0.2797
vn -0.4324 0.8697 -0.2381
vn -0.3533 0.7635 -0.5406
vn -0.3950 0.7736 -0.4955
vn -0.3602 0.7319 -0.5784
vn -0.3581 0.7320 -0.5795
vn -0.3669 0.7656 -0.5284
vn -0.3600 0.7672 -0.5308
vn -0.3664 0.8264 -0.4276
vn -0.3714 0.8253 -0.4255
vn -0.3567 0.8592 -0.3668
vn -0.3702 0.8569 -0.3586
vn -0.3343 0.8470 -0.4133
vn -0.3529 0.8474 -0.3967
vn -0.3021 0.7899 -0.5337
vn -0.3118 0.7940 -0.5218
vn -0.2745 0.7108 -0.6477
vn -0.2783 0.7133 -0.6432
vn -0.1903 0.6478 0.7377
vn -0.1868 0.6506 0.7361
vn -0.2035 0.6845 0.7000
vn -0.1940 0.6937 0.6937
vn -0.2241 0.7179 0.6591
vn -0.2139 0.7278 0.6516
vn -0.2442 0.7531 0.6109
vn -0.2355 0.7614 0.6040
vn -0.2628 0.7903 0.5535
vn -0.2533 0.7985 0.5461
vn -0.2852 0.8257 0.4867
vn -0.2688 0.8384 0.4742
vn -0.3055 0.8623 0.4039
vn -0.2870 0.8752 0.3895
vn -0.3263 0.8977 0.2961
vn -0.3085 0.9086 0.2817
vn -0.3380 0.9257 0.1698
vn -0.3285 0.9303 0.1628
vn -0.3393 0.9403 0.0285
vn -0.3376 0.9409 0.0273
vn -0.3359 0.9342 -0.1203
vn -0.3417 0.9327 -0.1151
vn -0.3167 0.9008 -0.2971
vn -0.3386 0.8995 -0.2761
vn -0.2892 0.7747 -0.5623
vn -0.3163 0.7813 -0.5380
vn -0.2760 0.7617 -0.5862
vn -0.2900 0.7625 -0.5784
vn -0.2787 0.7985 -0.5335
vn -0.2756 0.7990 -0.5345
vn -0.2821 0.8557 -0.4338
vn -0.2709 0.8839 -0.3812
vn -0.2832 0.8834 -0.3733
vn -0.2477 0.8616 -0.4431
vn -0.2687 0.8657 -0.4224
vn -0.2175 0.8002 -0.5589
vn -0.2314 0.8078 -0.5421
vn -0.1742 0.7123 -0.6799
vn -0.1898 0.7247 -0.6624
vn -0.1298 0.6531 0.7461
vn -0.1229 0.6579 0.7430
vn -0.1385 0.6932 0.7073
vn -0.1293 0.7003 0.7021
vn -0.1496 0.7300 0.6668
vn -0.1400 0.7376 0.6605
vn -0.1589 0.7675 0.6211
vn -0.1506 0.7740 0.6151
vn -0.1677 0.8081 0.5647
vn -0.1589 0.8145 0.5580
vn -0.1843 0.8471 0.4984
vn -0.1684 0.8576 0.4860
vn -0.2002 0.8878 0.4145
vn -0.1882 0.8948 0.4049
vn -0.2151 0.9280 0.3042
vn -0.2037 0.9336 0.2948
vn -0.2282 0.9571 0.1787
vn -0.2204 0.9600 0.1727
vn -0.2324 0.9721 0.0318
vn -0.2306 0.9726 0.0305
vn -0.2308 0.9652 -0.1231
vn -0.2314 0.9651 -0.1227
vn -0.2174 0.9253 -0.3107
vn -0.2324 0.9265 -0.2960
vn -0.1956 0.7923 -0.5779
vn -0.2159 0.7996 -0.5603
vn -0.1776 0.7822 -0.5972
vn -0.1958 0.7862 -0.5861
vn -0.1818 0.8248 -0.5354
vn -0.1756 0.8249 -0.5373
vn -0.1863 0.8794 -0.4381
vn -0.1829 0.8794 -0.4395
vn -0.1813 0.9016 -0.3928
vn -0.1889 0.9022 -0.3878
vn -0.1489 0.8694 -0.4712
vn -0.1711 0.8761 -0.4508
vn -0.1093 0.7957 -0.5957
vn -0.1239 0.8065 -0.5781
vn -0.0813 0.7085 -0.7010
vn -0.0876 0.7145 -0.6941
vn -0.0571 0.6573 0.7515
vn -0.0528 0.6606 0.7489
vn -0.0609 0.6982 0.7133
vn -0.0569 0.7012 0.7107
vn -0.0643 0.7362 0.6737
vn -0.0602 0.7392 0.6708
vn -0.0669 0.7754 0.6280
vn -0.0631 0.7779 0.6252
vn -0.0718 0.8186 0.5699
vn -0.0652 0.8225 0.5649
vn -0.0792 0.8609 0.5027
vn -0.0706 0.8653 0.4963
vn -0.0856 0.9052 0.4162
vn -0.0818 0.9070 0.4131
vn -0.0949 0.9476 0.3049
vn -0.0942 0.9479 0.3043
vn -0.1010 0.9789 0.1778
vn -0.1036 0.9782 0.1799
vn -0.1083 0.9936 0.0319
vn -0.1094 0.9935 0.0328
vn -0.1108 0.9860 -0.1243
vn -0.1123 0.9860 -0.1230
vn -0.1022 0.9408 -0.3231
vn -0.1119 0.9429 -0.3138
vn -0.0864 0.8056 -0.5862
vn -0.1007 0.8123 -0.5745
vn -0.0781 0.7951 -0.6014
vn -0.0865 0.7981 -0.5963
vn -0.0868 0.8410 -0.5340
vn -0.0765 0.8400 -0.5372
vn -0.0879 0.8926 -0.4423
vn -0.0863 0.8924 -0.4429
vn -0.0771 0.9091 -0.4094
vn -0.0897 0.9119 -0.4004
vn -0.0527 0.8680 -0.4938
vn -0.0692 0.8763 -0.4768
vn -0.0293 0.7804 -0.6246
vn -0.0368 0.7883 -0.6142
vn -0.0117 0.6936 -0.7203
vn -0.0183 0.7034 -0.7105
vn 0.0161 0.6600 0.7511
vn 0.0143 0.6588 0.7522
vn 0.0172 0.7023 0.7116
vn 0.0135 0.7001 0.7139
vn 0.0205 0.7406 0.6716
vn 0.0166 0.7385 0.6740
vn 0.0244 0.7800 0.6253
vn 0.0206 0.7780 0.6280
vn 0.0241 0.8223 0.5686
vn 0.0242 0.8223 0.5685
vn 0.0204 0.8642 0.5028
vn 0.0230 0.8652 0.5009
vn 0.0187 0.9096 0.4150
vn 0.0192 0.9098 0.4146
vn 0.0226 0.9532 0.3014
vn 0.0188 0.9523 0.3045
vn 0.0290 0.9842 0.1746
vn 0.0255 0.9838 0.1773
vn 0.0274 0.9991 0.0314
vn 0.0276 0.9991 0.0312
vn 0.0219 0.9919 -0.1251
vn 0.0228 0.9918 -0.1259
vn 0.0130 0.9459 -0.3241
vn 0.0157 0.9450 -0.3268
vn 0.0181 0.8097 -0.5866
vn 0.0103 0.8144 -0.5802
vn 0.0186 0.7998 -0.6000
vn 0.0182 0.8000 -0.5997
vn 0.0171 0.8445 -0.5353
vn 0.0182 0.8442 -0.5356
vn 0.0151 0.8960 -0.4439
vn 0.0174 0.8955 -0.4448
vn 0.0118 0.9117 -0.4107
vn 0.0151 0.9106 -0.4131
vn 0.0117 0.8688 -0.4950
vn 0.0111 0.8692 -0.4944
vn 0.0052 0.7843 -0.6204
vn 0.0088 0.7790 -0.6269
vn 0.0020 0.6945 -0.7195
vn 0.0026 0.6934 -0.7205
vn 0.0862 0.6599 0.7464
vn 0.0864 0.6600 0.7463
vn 0.0902 0.7016 0.7069
vn 0.0860 0.6994 0.7096
vn 0.0985 0.7393 0.6661
vn 0.0902 0.7355 0.6715
vn 0.1108 0.7775 0.6191
vn 0.1002 0.7733 0.6261
vn 0.1197 0.8176 0.5632
vn 0.1117 0.8148 0.5688
vn 0.1245 0.8589 0.4967
vn 0.1179 0.8571 0.5014
vn 0.1352 0.9042 0.4051
vn 0.1247 0.9021 0.4131
vn 0.1439 0.9443 0.2959
vn 0.1378 0.9437 0.3006
vn 0.1477 0.9743 0.1700
vn 0.1435 0.9744 0.1732
vn 0.1517 0.9881 0.0264
vn 0.1478 0.9886 0.0295
vn 0.1475 0.9813 -0.1232
vn 0.1519 0.9802 -0.1269
vn 0.1353 0.9398 -0.3137
vn 0.1480 0.9337 -0.3261
vn 0.1201 0.8123 -0.5707
vn 0.1349 0.8009 -0.5835
vn 0.1098 0.7975 -0.5932
vn 0.1212 0.7911 -0.5996
vn 0.1160 0.8353 -0.5374
vn 0.1073 0.8379 -0.5352
vn 0.1176 0.8889 -0.4427
vn 0.1162 0.8894 -0.4422
vn 0.1072 0.9109 -0.3984
vn 0.1190 0.9060 -0.4061
vn 0.0921 0.8741 -0.4770
vn 0.0971 0.8707 -0.4822
vn 0.0613 0.7976 -0.6001
vn 0.0684 0.7878 -0.6121
vn 0.0294 0.7069 -0.7067
vn 0.0350 0.6963 -0.7169
vn 0.1549 0.6577 0.7372
vn 0.1510 0.6554 0.7400
vn 0.1627 0.6992 0.6962
vn 0.1531 0.6942 0.7033
vn 0.1748 0.7332 0.6572
vn 0.1644 0.7285 0.6650
vn 0.1927 0.7677 0.6112
vn 0.1804 0.7638 0.6198
vn 0.2114 0.8040 0.5558
vn 0.1989 0.8014 0.5641
vn 0.2285 0.8442 0.4850
vn 0.2142 0.8420 0.4951
vn 0.2474 0.8857 0.3928
vn 0.2333 0.8848 0.4034
vn 0.2585 0.9226 0.2862
vn 0.2468 0.9229 0.2954
vn 0.2672 0.9501 0.1609
vn 0.2581 0.9514 0.1680
vn 0.2710 0.9623 0.0230
vn 0.2699 0.9626 0.0239
vn 0.2642 0.9574 -0.1166
vn 0.2749 0.9532 -0.1259
vn 0.2431 0.9249 -0.2923
vn 0.2662 0.9107 -0.3159
vn 0.2104 0.8168 -0.5372
vn 0.2447 0.7828 -0.5722
vn 0.2046 0.7833 -0.5870
vn 0.2153 0.7759 -0.5930
vn 0.2139 0.8154 -0.5380
vn 0.2019 0.8204 -0.5350
vn 0.2195 0.8708 -0.4398
vn 0.2153 0.8726 -0.4385
vn 0.2109 0.8989 -0.3842
vn 0.2224 0.8931 -0.3910
vn 0.1858 0.8779 -0.4414
vn 0.2000 0.8677 -0.4551
vn 0.1529 0.8065 -0.5711
vn 0.1597 0.7989 -0.5799
vn 0.1202 0.7178 -0.6858
vn 0.1245 0.7086 -0.6946
vn 0.2187 0.6476 0.7300
vn 0.2182 0.6474 0.7302
vn 0.2396 0.6883 0.6847
vn 0.2246 0.6841 0.6939
vn 0.2580 0.7198 0.6445
vn 0.2443 0.7157 0.6543
vn 0.2724 0.7536 0.5983
vn 0.2593 0.7501 0.6083
vn 0.2936 0.7889 0.5398
vn 0.2725 0.7861 0.5548
vn 0.3204 0.8246 0.4662
vn 0.2968 0.8236 0.4834
vn 0.3429 0.8601 0.3777
vn 0.3253 0.8611 0.3909
vn 0.3583 0.8921 0.2753
vn 0.3452 0.8940 0.2857
vn 0.3683 0.9171 0.1527
vn 0.3600 0.9192 0.1593
vn 0.3776 0.9258 0.0203
vn 0.3753 0.9267 0.0221
vn 0.3648 0.9255 -0.1022
vn 0.3859 0.9147 -0.1202
vn 0.3267 0.9126 -0.2460
vn 0.3724 0.8813 -0.2908
vn 0.2827 0.8289 -0.4828
vn 0.3407 0.7650 -0.5466
vn 0.3043 0.7497 -0.5877
vn 0.3016 0.7518 -0.5864
vn 0.3125 0.7841 -0.5362
vn 0.3022 0.7895 -0.5342
vn 0.3145 0.8448 -0.4329
vn 0.3163 0.8439 -0.4334
vn 0.3034 0.8784 -0.3692
vn 0.3172 0.8704 -0.3765
vn 0.2850 0.8649 -0.4131
vn 0.2974 0.8548 -0.4254
vn 0.2536 0.8023 -0.5403
vn 0.2578 0.7973 -0.5457
vn 0.2190 0.7224 -0.6559
vn 0.2225 0.7161 -0.6616
vn 0.2861 0.6356 0.7170
vn 0.2821 0.6340 0.7200
vn 0.3078 0.6719 0.6737
vn 0.2919 0.6682 0.6843
vn 0.3318 0.7034 0.6286
vn 0.3095 0.6998 0.6438
vn 0.3533 0.7357 0.5779
vn 0.3309 0.7327 0.5947
vn 0.3767 0.7689 0.5166
vn 0.3503 0.7671 0.5375
vn 0.4043 0.8008 0.4419
vn 0.3739 0.8024 0.4651
vn 0.4281 0.8310 0.3553
vn 0.4008 0.8354 0.3760
vn 0.4507 0.8552 0.2559
vn 0.4277 0.8613 0.2743
vn 0.4638 0.8748 0.1400
vn 0.4497 0.8802 0.1516
vn 0.4708 0.8821 0.0145
vn 0.4649 0.8851 0.0192
vn 0.4626 0.8810 -0.0990
vn 0.4737 0.8739 -0.1089
vn 0.4408 0.8704 -0.2195
vn 0.4658 0.8498 -0.2467
vn 0.4077 0.7858 -0.4651
vn 0.4373 0.7408 -0.5099
vn 0.3970 0.7112 -0.5801
vn 0.4062 0.7026 -0.5843
vn 0.3961 0.7509 -0.5285
vn 0.4008 0.7479 -0.5291
vn 0.3987 0.8134 -0.4236
vn 0.4031 0.8107 -0.4246
vn 0.3916 0.8486 -0.3557
vn 0.4030 0.8410 -0.3610
vn 0.3721 0.8398 -0.3953
vn 0.3837 0.8288 -0.4073
vn 0.3315 0.7930 -0.5111
vn 0.3402 0.7787 -0.5272
vn 0.3061 0.7091 -0.6352
vn 0.3051 0.7110 -0.6335
vn 0.3499 0.6247 0.6981
vn 0.3396 0.6212 0.7062
vn 0.3680 0.6576 0.6574
vn 0.3505 0.6539 0.6704
vn 0.3910 0.6886 0.6108
vn 0.3687 0.6862 0.6270
vn 0.4198 0.7157 0.5582
vn 0.3944 0.7160 0.5760
vn 0.4494 0.7440 0.4944
vn 0.4245 0.7460 0.5131
vn 0.4794 0.7696 0.4217
vn 0.4540 0.7744 0.4408
vn 0.5052 0.7948 0.3364
vn 0.4828 0.8011 0.3537
vn 0.5296 0.8142 0.2379
vn 0.5090 0.8223 0.2543
vn 0.5471 0.8273 0.1273
vn 0.5335 0.8344 0.1387
vn 0.5552 0.8316 0.0094
vn 0.5495 0.8354 0.0142
vn 0.5447 0.8329 -0.0977
vn 0.5526 0.8268 -0.1051
vn 0.5268 0.8247 -0.2057
vn 0.5429 0.8090 -0.2254
vn 0.4955 0.7365 -0.4604
vn 0.5119 0.7059 -0.4897
vn 0.4715 0.6718 -0.5713
vn 0.4831 0.6589 -0.5766
vn 0.4674 0.7159 -0.5188
vn 0.4750 0.7101 -0.5198
vn 0.4686 0.7787 -0.4172
vn 0.4632 0.7824 -0.4162
vn 0.4644 0.8156 -0.3452
vn 0.4707 0.8108 -0.3480
vn 0.4475 0.8108 -0.3773
vn 0.4590 0.7990 -0.3884
vn 0.4095 0.7854 -0.4643
vn 0.4266 0.7532 -0.5007
vn 0.3699 0.6938 -0.6179
vn 0.3740 0.6823 -0.6282
vn 0.3963 0.6127 0.6838
vn 0.3878 0.6105 0.6905
vn 0.4252 0.6438 0.6361
vn 0.3996 0.6419 0.6545
vn 0.4556 0.6680 0.5884
vn 0.4286 0.6683 0.6080
vn 0.4825 0.6924 0.5365
vn 0.4573 0.6947 0.5553
vn 0.5098 0.7187 0.4728
vn 0.4840 0.7235 0.4923
vn 0.5389 0.7409 0.4008
vn 0.5132 0.7482 0.4204
vn 0.5659 0.7604 0.3187
vn 0.5460 0.7684 0.3340
vn 0.5922 0.7744 0.2228
vn 0.5746 0.7836 0.2364
vn 0.6068 0.7854 0.1223
vn 0.6019 0.7885 0.1263
vn 0.6073 0.7944 0.0097
vn 0.6097 0.7926 0.0077
vn 0.6017 0.7931 -0.0942
vn 0.6105 0.7854 -0.1024
vn 0.5888 0.7847 -0.1939
vn 0.6080 0.7631 -0.2191
vn 0.5477 0.7262 -0.4156
vn 0.5807 0.6597 -0.4770
vn 0.5153 0.6524 -0.5557
vn 0.5428 0.6204 -0.5661
vn 0.5121 0.6868 -0.5158
vn 0.5015 0.6952 -0.5150
vn 0.5048 0.7492 -0.4287
vn 0.4429 0.7919 -0.4203
vn 0.5110 0.7844 -0.3514
vn 0.4877 0.8028 -0.3431
vn 0.4993 0.7861 -0.3643
vn 0.5105 0.7746 -0.3734
vn 0.4824 0.7641 -0.4283
vn 0.4988 0.7402 -0.4510
vn 0.4305 0.7087 -0.5589
vn 0.4507 0.6510 -0.6108
vn 0.4584 0.5947 0.6604
vn 0.4476 0.5938 0.6687
vn 0.4803 0.6231 0.6174
vn 0.4620 0.6233 0.6309
vn 0.5072 0.6495 0.5664
vn 0.4812 0.6517 0.5863
vn 0.5386 0.6692 0.5119
vn 0.5105 0.6743 0.5335
vn 0.5660 0.6887 0.4531
vn 0.5421 0.6954 0.4718
vn 0.5937 0.7098 0.3791
vn 0.5685 0.7195 0.3988
vn 0.6199 0.7251 0.3000
vn 0.5996 0.7353 0.3159
vn 0.6432 0.7365 0.2094
vn 0.6262 0.7473 0.2224
vn 0.6551 0.7467 0.1150
vn 0.6489 0.7514 0.1199
vn 0.6541 0.7563 0.0113
vn 0.6581 0.7528 0.0083
vn 0.6498 0.7549 -0.0891
vn 0.6624 0.7425 -0.0994
vn 0.6271 0.7594 -0.1732
vn 0.6600 0.7208 -0.2118
vn 0.5522 0.7792 -0.2966
vn 0.6293 0.6354 -0.4474
vn 0.5430 0.6515 -0.5298
vn 0.5892 0.5901 -0.5519
vn 0.5419 0.6644 -0.5147
vn 0.5257 0.6779 -0.5139
vn 0.5040 0.7353 -0.4532
vn 0.3572 0.8226 -0.4425
vn 0.5390 0.7507 -0.3820
vn 0.4237 0.8336 -0.3544
vn 0.5447 0.7527 -0.3697
vn 0.5386 0.7598 -0.3642
vn 0.5369 0.7344 -0.4153
vn 0.5417 0.7262 -0.4233
vn 0.5009 0.7065 -0.4999
vn 0.5074 0.6611 -0.5527
vn 0.5038 0.5788 0.6413
vn 0.4934 0.5771 0.6507
vn 0.5296 0.6073 0.5922
vn 0.5008 0.6094 0.6146
vn 0.5552 0.6307 0.5422
vn 0.5264 0.6355 0.5648
vn 0.5848 0.6484 0.4874
vn 0.5553 0.6566 0.5104
vn 0.6177 0.6602 0.4272
vn 0.5892 0.6708 0.4503
vn 0.6458 0.6749 0.3569
vn 0.6224 0.6860 0.3770
vn 0.6690 0.6892 0.2785
vn 0.6478 0.7014 0.2974
vn 0.6893 0.6986 0.1919
vn 0.6704 0.7121 0.2085
vn 0.7019 0.7052 0.1000
vn 0.6902 0.7151 0.1107
vn 0.7100 0.7042 0.0028
vn 0.7050 0.7092 0.0074
vn 0.7026 0.7066 -0.0844
vn 0.7140 0.6937 -0.0952
vn 0.6845 0.7112 -0.1599
vn 0.7076 0.6807 -0.1896
vn 0.6425 0.7267 -0.2432
vn 0.6831 0.6299 -0.3697
vn 0.6111 0.6083 -0.5065
vn 0.6359 0.5538 -0.5376
vn 0.6009 0.6214 -0.5029
vn 0.6107 0.6106 -0.5042
vn 0.5953 0.6689 -0.4453
vn 0.5595 0.6990 -0.4454
vn 0.6014 0.7032 -0.3793
vn 0.5842 0.7190 -0.3765
vn 0.5962 0.7176 -0.3600
vn 0.6026 0.7093 -0.3656
vn 0.5863 0.7018 -0.4048
vn 0.5904 0.6946 -0.4111
vn 0.5639 0.6865 -0.4591
vn 0.5664 0.6630 -0.4895
vn 0.5499 0.5690 0.6114
vn 0.5221 0.5694 0.6350
vn 0.5744 0.5891 0.5684
vn 0.5489 0.5936 0.5885
vn 0.6021 0.6061 0.5197
vn 0.5747 0.6133 0.5419
vn 0.6313 0.6207 0.4650
vn 0.6056 0.6304 0.4856
vn 0.6588 0.6339 0.4052
vn 0.6345 0.6455 0.4251
vn 0.6843 0.6460 0.3384
vn 0.6629 0.6589 0.3556
vn 0.7058 0.6585 0.2614
vn 0.6870 0.6720 0.2764
vn 0.7279 0.6623 0.1776
vn 0.7125 0.6754 0.1902
vn 0.7430 0.6636 0.0872
vn 0.7361 0.6703 0.0940
vn 0.7503 0.6610 -0.0026
vn 0.7499 0.6615 -0.0022
vn 0.7438 0.6638 -0.0780
vn 0.7529 0.6520 -0.0897
vn 0.7286 0.6701 -0.1420
vn 0.7454 0.6450 -0.1685
vn 0.7104 0.6607 -0.2423
vn 0.7265 0.6122 -0.3121
vn 0.6636 0.5767 -0.4765
vn 0.6805 0.5204 -0.5159
vn 0.6216 0.6143 -0.4861
vn 0.6612 0.5650 -0.4935
vn 0.6342 0.6362 -0.4394
vn 0.6223 0.6473 -0.4401
vn 0.6444 0.6676 -0.3729
vn 0.6422 0.6698 -0.3727
vn 0.6407 0.6839 -0.3491
vn 0.6473 0.6746 -0.3549
vn 0.6262 0.6738 -0.3923
vn 0.6309 0.6652 -0.3993
vn 0.6097 0.6629 -0.4346
vn 0.6109 0.6510 -0.4506
vn 0.5924 0.5469 0.5916
vn 0.5807 0.5498 0.6005
vn 0.6128 0.5610 0.5565
vn 0.6039 0.5637 0.5635
vn 0.6436 0.5734 0.5070
vn 0.6292 0.5786 0.5190
vn 0.6714 0.5889 0.4499
vn 0.6572 0.5954 0.4621
vn 0.7022 0.5973 0.3876
vn 0.6866 0.6066 0.4009
vn 0.7271 0.6063 0.3221
vn 0.7145 0.6150 0.3336
vn 0.7505 0.6137 0.2452
vn 0.7371 0.6243 0.2586
vn 0.7708 0.6155 0.1644
vn 0.7589 0.6267 0.1769
vn 0.7831 0.6170 0.0779
vn 0.7768 0.6240 0.0850
vn 0.7899 0.6131 -0.0115
vn 0.7861 0.6181 -0.0064
vn 0.7853 0.6135 -0.0828
vn 0.7876 0.6101 -0.0865
vn 0.7708 0.6222 -0.1369
vn 0.7808 0.6039 -0.1599
vn 0.7593 0.5882 -0.2783
vn 0.7621 0.5721 -0.3033
vn 0.7104 0.5473 -0.4424
vn 0.7185 0.4913 -0.4924
vn 0.6514 0.6051 -0.4578
vn 0.6973 0.5351 -0.4769
vn 0.6574 0.6176 -0.4317
vn 0.6682 0.6061 -0.4315
vn 0.6869 0.6292 -0.3636
vn 0.6868 0.6294 -0.3636
vn 0.6900 0.6399 -0.3382
vn 0.6925 0.6354 -0.3415
vn 0.6742 0.6332 -0.3801
vn 0.6768 0.6264 -0.3867
vn 0.6607 0.6208 -0.4221
vn 0.6604 0.6182 -0.4262
vn -0.6479 0.4636 -0.6044
vn -0.6351 0.4632 -0.6181
vn -0.6807 0.4939 -0.5411
vn -0.7130 0.4902 -0.5014
vn -0.7314 0.5421 -0.4137
vn -0.7524 0.5364 -0.3823
vn -0.7652 0.5571 -0.3226
vn -0.7691 0.5548 -0.3172
vn -0.8049 0.5281 -0.2705
vn -0.7724 0.5577 -0.3038
vn -0.8509 0.4369 -0.2916
vn -0.7477 0.5502 -0.3717
vn -0.8478 0.3935 -0.3555
vn -0.7529 0.5037 -0.4236
vn -0.8220 0.3968 -0.4084
vn -0.7938 0.4259 -0.4342
vn -0.8081 0.3994 -0.4330
vn -0.8143 0.3959 -0.4244
vn -0.8398 0.4744 -0.2640
vn -0.8624 0.4625 -0.2057
vn -0.8568 0.5065 -0.0971
vn -0.8564 0.5070 -0.0980
vn -0.8581 0.5130 -0.0200
vn -0.8588 0.5120 -0.0186
vn -0.8538 0.5156 0.0714
vn -0.8546 0.5141 0.0734
vn -0.8402 0.5161 0.1666
vn -0.8397 0.5174 0.1649
vn -0.8190 0.5136 0.2559
vn -0.8176 0.5200 0.2472
vn -0.7928 0.5104 0.3332
vn -0.7922 0.5177 0.3232
vn -0.7601 0.5026 0.4118
vn -0.7609 0.5137 0.3963
vn -0.7238 0.4948 0.4810
vn -0.7285 0.5078 0.4599
vn -0.6897 0.4881 0.5348
vn -0.6971 0.4990 0.5149
vn -0.6564 0.4773 0.5842
vn -0.6647 0.4908 0.5632
vn -0.6718 0.3851 -0.6327
vn -0.6679 0.3850 -0.6369
vn -0.7026 0.4056 -0.5847
vn -0.7119 0.4046 -0.5740
vn -0.7483 0.4550 -0.4827
vn -0.7777 0.4514 -0.4375
vn -0.7992 0.4966 -0.3385
vn -0.8123 0.4900 -0.3162
vn -0.8340 0.4907 -0.2522
vn -0.8243 0.4999 -0.2658
vn -0.8853 0.4051 -0.2283
vn -0.8119 0.4973 -0.3057
vn -0.9124 0.3071 -0.2705
vn -0.8045 0.4624 -0.3728
vn -0.8875 0.3066 -0.3440
vn -0.8196 0.4011 -0.4091
vn -0.8577 0.3142 -0.4071
vn -0.8301 0.3444 -0.4385
vn -0.8577 0.3445 -0.3816
vn -0.8945 0.3194 -0.3127
vn -0.8949 0.4184 -0.1555
vn -0.9083 0.4017 -0.1165
vn -0.9010 0.4327 -0.0319
vn -0.9027 0.4295 -0.0268
vn -0.8956 0.4410 0.0588
vn -0.8975 0.4361 0.0657
vn -0.8803 0.4492 0.1527
vn -0.8815 0.4449 0.1582
vn -0.8565 0.4513 0.2504
vn -0.8566 0.4509 0.2509
vn -0.8295 0.4508 0.3297
vn -0.8295 0.4520 0.3281
vn -0.7947 0.4449 0.4129
vn -0.7952 0.4523 0.4038
vn -0.7600 0.4376 0.4806
vn -0.7616 0.4462 0.4700
vn -0.7236 0.4314 0.5388
vn -0.7267 0.4381 0.5292
vn -0.6803 0.4255 0.5968
vn -0.6852 0.4326 0.5860
vn -0.6620 0.2922 -0.6901
vn -0.6779 0.2929 -0.6743
vn -0.7133 0.3263 -0.6202
vn -0.7251 0.3251 -0.6070
vn -0.7715 0.3559 -0.5273
vn -0.7772 0.3552 -0.5194
vn -0.8286 0.4052 -0.3863
vn -0.8501 0.3979 -0.3450
vn -0.8656 0.4299 -0.2568
vn -0.8700 0.4259 -0.2483
vn -0.8991 0.3939 -0.1910
vn -0.8721 0.4309 -0.2321
vn -0.9386 0.2863 -0.1924
vn -0.8628 0.4121 -0.2928
vn -0.9401 0.2233 -0.2576
vn -0.8633 0.3594 -0.3543
vn -0.9090 0.2301 -0.3475
vn -0.8635 0.3003 -0.4053
vn -0.8855 0.2389 -0.3985
vn -0.8870 0.2373 -0.3961
vn -0.9108 0.3000 -0.2837
vn -0.9426 0.2695 -0.1974
vn -0.9352 0.3493 -0.0574
vn -0.9391 0.3413 -0.0411
vn -0.9310 0.3611 0.0527
vn -0.9314 0.3597 0.0551
vn -0.9183 0.3696 0.1423
vn -0.9186 0.3670 0.1462
vn -0.8949 0.3771 0.2385
vn -0.8950 0.3745 0.2425
vn -0.8647 0.3785 0.3302
vn -0.8650 0.3811 0.3264
vn -0.8279 0.3772 0.4152
vn -0.8294 0.3833 0.4064
vn -0.7948 0.3729 0.4788
vn -0.7978 0.3799 0.4683
vn -0.7513 0.3662 0.5490
vn -0.7578 0.3762 0.5331
vn -0.7081 0.3694 0.6018
vn -0.7109 0.3722 0.5968
vn -0.6499 0.1858 -0.7370
vn -0.6505 0.1858 -0.7365
vn -0.6960 0.2158 -0.6848
vn -0.7202 0.2139 -0.6599
vn -0.7793 0.2577 -0.5712
vn -0.7876 0.2566 -0.5602
vn -0.8457 0.3033 -0.4391
vn -0.8626 0.2987 -0.4083
vn -0.8879 0.3484 -0.3005
vn -0.9034 0.3364 -0.2658
vn -0.9158 0.3558 -0.1863
vn -0.9144 0.3578 -0.1892
vn -0.9395 0.3071 -0.1515
vn -0.9123 0.3566 -0.2015
vn -0.9531 0.2319 -0.1947
vn -0.9042 0.3274 -0.2744
vn -0.9449 0.1747 -0.2768
vn -0.8939 0.2737 -0.3551
vn -0.9237 0.1530 -0.3513
vn -0.8964 0.1957 -0.3976
vn -0.9137 0.1817 -0.3635
vn -0.9371 0.1537 -0.3134
vn -0.9567 0.2587 -0.1333
vn -0.9710 0.2274 -0.0738
vn -0.9590 0.2816 0.0325
vn -0.9611 0.2722 0.0466
vn -0.9478 0.2889 0.1349
vn -0.9480 0.2865 0.1385
vn -0.9263 0.2977 0.2308
vn -0.9261 0.2947 0.2356
vn -0.8940 0.3066 0.3267
vn -0.8938 0.3057 0.3282
vn -0.8581 0.3108 0.4089
vn -0.8586 0.3122 0.4066
vn -0.8194 0.3082 0.4833
vn -0.8231 0.3145 0.4728
vn -0.7721 0.3067 0.5566
vn -0.7771 0.3136 0.5457
vn -0.7329 0.3049 0.6082
vn -0.7395 0.3110 0.5970
vn -0.6101 0.0770 -0.7886
vn -0.6243 0.0768 -0.7774
vn -0.6693 0.1069 -0.7353
vn -0.7010 0.1042 -0.7055
vn -0.7544 0.1466 -0.6398
vn -0.7751 0.1443 -0.6151
vn -0.8331 0.1935 -0.5182
vn -0.8531 0.1896 -0.4860
vn -0.8956 0.2474 -0.3696
vn -0.9136 0.2380 -0.3296
vn -0.9376 0.2837 -0.2009
vn -0.9423 0.2773 -0.1876
vn -0.9568 0.2635 -0.1232
vn -0.9465 0.2857 -0.1503
vn -0.9734 0.1915 -0.1260
vn -0.9422 0.2694 -0.1994
vn -0.9757 0.1074 -0.1909
vn -0.9313 0.2259 -0.2856
vn -0.9551 0.0887 -0.2826
vn -0.9206 0.1678 -0.3527
vn -0.9319 0.0887 -0.3516
vn -0.9245 0.1012 -0.3676
vn -0.9597 0.1471 -0.2393
vn -0.9809 0.1083 -0.1615
vn -0.9811 0.1931 -0.0085
vn -0.9842 0.1762 0.0173
vn -0.9711 0.2064 0.1200
vn -0.9713 0.2008 0.1276
vn -0.9509 0.2201 0.2176
vn -0.9499 0.2113 0.2304
vn -0.9204 0.2302 0.3159
vn -0.9189 0.2247 0.3241
vn -0.8855 0.2348 0.4010
vn -0.8856 0.2351 0.4006
vn -0.8417 0.2396 0.4839
vn -0.8421 0.2403 0.4827
vn -0.7979 0.2427 0.5517
vn -0.7983 0.2433 0.5509
vn -0.7554 0.2391 0.6101
vn -0.7594 0.2439 0.6032
vn -0.5891 0.0153 -0.8079
vn -0.5977 0.0140 -0.8016
vn -0.6428 0.0326 -0.7653
vn -0.6717 0.0284 -0.7403
vn -0.7085 0.0586 -0.7033
vn -0.7357 0.0552 -0.6750
vn -0.7947 0.0999 -0.5988
vn -0.8219 0.0953 -0.5616
vn -0.8878 0.1529 -0.4342
vn -0.9043 0.1465 -0.4009
vn -0.9514 0.2000 -0.2342
vn -0.9592 0.1906 -0.2091
vn -0.9732 0.2002 -0.1130
vn -0.9707 0.2068 -0.1226
vn -0.9849 0.1548 -0.0774
vn -0.9714 0.2008 -0.1267
vn -0.9932 0.0605 -0.0992
vn -0.9653 0.1694 -0.1989
vn -0.9832 -0.0111 -0.1822
vn -0.9520 0.1101 -0.2856
vn -0.9532 -0.0074 -0.3023
vn -0.9364 0.0415 -0.3485
vn -0.9510 0.0225 -0.3085
vn -0.9661 -0.0112 -0.2578
vn -0.9905 0.0913 -0.1024
vn -0.9985 0.0469 -0.0295
vn -0.9891 0.1178 0.0884
vn -0.9888 0.1048 0.1060
vn -0.9706 0.1356 0.1990
vn -0.9685 0.1234 0.2163
vn -0.9421 0.1481 0.3010
vn -0.9394 0.1393 0.3133
vn -0.9075 0.1569 0.3896
vn -0.9054 0.1525 0.3962
vn -0.8640 0.1652 0.4757
vn -0.8616 0.1618 0.4811
vn -0.8207 0.1693 0.5457
vn -0.8205 0.1692 0.5460
vn -0.7733 0.1715 0.6104
vn -0.7759 0.1741 0.6064
vn -0.5874 0.0017 -0.8093
vn -0.5881 0.0015 -0.8088
vn -0.6348 0.0061 -0.7726
vn -0.6414 0.0043 -0.7672
vn -0.6813 0.0173 -0.7318
vn -0.7000 0.0126 -0.7140
vn -0.7588 0.0458 -0.6497
vn -0.7877 0.0397 -0.6148
vn -0.8645 0.0863 -0.4953
vn -0.8879 0.0775 -0.4535
vn -0.9494 0.1215 -0.2898
vn -0.9627 0.1069 -0.2485
vn -0.9845 0.1298 -0.1182
vn -0.9853 0.1274 -0.1142
vn -0.9931 0.1064 -0.0503
vn -0.9888 0.1285 -0.0764
vn -0.9971 0.0582 -0.0488
vn -0.9886 0.1099 -0.1032
vn -0.9938 -0.0102 -0.1111
vn -0.9784 0.0751 -0.1925
vn -0.9723 -0.0653 -0.2246
vn -0.9517 0.0257 -0.3061
vn -0.9542 -0.0696 -0.2910
vn -0.9500 -0.0564 -0.3071
vn -0.9786 -0.0121 -0.2055
vn -0.9904 -0.0639 -0.1225
vn -0.9988 0.0287 0.0396
vn -0.9974 0.0063 0.0712
vn -0.9828 0.0500 0.1776
vn -0.9794 0.0359 0.1987
vn -0.9582 0.0661 0.2784
vn -0.9536 0.0536 0.2964
vn -0.9259 0.0799 0.3691
vn -0.9199 0.0684 0.3861
vn -0.8824 0.0876 0.4622
vn -0.8794 0.0831 0.4688
vn -0.8374 0.0945 0.5383
vn -0.8356 0.0924 0.5415
vn -0.7924 0.1013 0.6016
vn -0.7894 0.0982 0.6060
vn -0.5905 0.0006 -0.8071
vn -0.5874 0.0013 -0.8093
vn -0.6381 0.0007 -0.7699
vn -0.6347 0.0018 -0.7727
vn -0.6743 0.0041 -0.7384
vn -0.6803 0.0018 -0.7330
vn -0.7405 0.0153 -0.6719
vn -0.7559 0.0108 -0.6546
vn -0.8440 0.0315 -0.5353
vn -0.8617 0.0246 -0.5068
vn -0.9432 0.0537 -0.3278
vn -0.9532 0.0442 -0.2992
vn -0.9910 0.0609 -0.1195
vn -0.9909 0.0611 -0.1199
vn -0.9989 0.0405 -0.0250
vn -0.9970 0.0594 -0.0487
vn -1.0000 0.0052 -0.0080
vn -0.9980 0.0417 -0.0479
vn -0.9973 -0.0652 -0.0347
vn -0.9935 0.0132 -0.1133
vn -0.9805 -0.1449 -0.1327
vn -0.9729 -0.0366 -0.2283
vn -0.9569 -0.1425 -0.2530
vn -0.9515 -0.1063 -0.2887
vn -0.9592 -0.1148 -0.2583
vn -0.9656 -0.1429 -0.2171
vn -0.9981 -0.0578 -0.0200
vn -0.9964 -0.0829 0.0186
vn -0.9875 -0.0334 0.1538
vn -0.9838 -0.0465 0.1729
vn -0.9659 -0.0165 0.2586
vn -0.9603 -0.0297 0.2774
vn -0.9350 -0.0029 0.3547
vn -0.9278 -0.0149 0.3727
vn -0.8954 0.0060 0.4452
vn -0.8908 -0.0006 0.4544
vn -0.8510 0.0165 0.5249
vn -0.8448 0.0098 0.5349
vn -0.8077 0.0246 0.5890
vn -0.8031 0.0206 0.5955
vn -0.5940 -0.0002 -0.8044
vn -0.5905 0.0005 -0.8071
vn -0.6395 0.0001 -0.7688
vn -0.6381 0.0005 -0.7699
vn -0.6756 0.0004 -0.7373
vn -0.6743 0.0009 -0.7385
vn -0.7457 -0.0014 -0.6663
vn -0.7402 0.0005 -0.6724
vn -0.8453 -0.0028 -0.5343
vn -0.8437 -0.0020 -0.5368
vn -0.9444 -0.0041 -0.3289
vn -0.9440 -0.0038 -0.3298
vn -0.9941 -0.0112 -0.1083
vn -0.9928 -0.0057 -0.1194
vn -0.9995 -0.0311 0.0010
vn -0.9997 -0.0138 -0.0221
vn -0.9982 -0.0549 0.0223
vn -0.9995 -0.0308 -0.0058
vn -0.9957 -0.0922 0.0087
vn -0.9980 -0.0515 -0.0355
vn -0.9864 -0.1471 -0.0736
vn -0.9871 -0.0789 -0.1392
vn -0.9623 -0.1924 -0.1922
vn -0.9591 -0.1225 -0.2551
vn -0.9479 -0.2060 -0.2431
vn -0.9463 -0.1952 -0.2576
vn -0.9837 -0.1517 -0.0961
vn -0.9825 -0.1804 -0.0457
vn -0.9843 -0.1207 0.1285
vn -0.9805 -0.1322 0.1455
vn -0.9645 -0.1039 0.2429
vn -0.9594 -0.1144 0.2576
vn -0.9360 -0.0871 0.3410
vn -0.9278 -0.0997 0.3595
vn -0.9022 -0.0745 0.4249
vn -0.8945 -0.0844 0.4390
vn -0.8601 -0.0638 0.5060
vn -0.8530 -0.0712 0.5171
vn -0.8171 -0.0518 0.5741
vn -0.8095 -0.0579 0.5843
vn -0.5946 -0.0000 -0.8040
vn -0.5940 0.0001 -0.8044
vn -0.6384 0.0006 -0.7697
vn -0.6395 0.0002 -0.7688
vn -0.6817 -0.0022 -0.7316
vn -0.7658 -0.0151 -0.6429
vn -0.7460 -0.0069 -0.6659
vn -0.8655 -0.0329 -0.4998
vn -0.8460 -0.0220 -0.5327
vn -0.9527 -0.0575 -0.2985
vn -0.9440 -0.0460 -0.3267
vn -0.9931 -0.0809 -0.0851
vn -0.9919 -0.0703 -0.1054
vn -0.9944 -0.1027 0.0267
vn -0.9963 -0.0855 0.0041
vn -0.9915 -0.1214 0.0475
vn -0.9944 -0.1026 0.0252
vn -0.9885 -0.1459 0.0403
vn -0.9927 -0.1198 0.0103
vn -0.9807 -0.1946 -0.0179
vn -0.9874 -0.1401 -0.0742
vn -0.9557 -0.2706 -0.1155
vn -0.9639 -0.1830 -0.1936
vn -0.9342 -0.2998 -0.1935
vn -0.9350 -0.2617 -0.2395
vn -0.9471 -0.2692 -0.1748
vn -0.9469 -0.2979 -0.1213
vn -0.9739 -0.2141 0.0751
vn -0.9647 -0.2361 0.1169
vn -0.9571 -0.1911 0.2179
vn -0.9495 -0.2041 0.2384
vn -0.9332 -0.1728 0.3150
vn -0.9226 -0.1876 0.3371
vn -0.9018 -0.1581 0.4023
vn -0.8926 -0.1689 0.4180
vn -0.8628 -0.1427 0.4849
vn -0.8535 -0.1523 0.4984
vn -0.8190 -0.1312 0.5586
vn -0.8082 -0.1401 0.5720
vn -0.6354 0.0011 -0.7722
vn -0.6384 0.0001 -0.7697
vn -0.6826 0.0003 -0.7308
vn -0.6816 0.0007 -0.7317
vn -0.7972 -0.0233 -0.6033
vn -0.7650 -0.0087 -0.6440
vn -0.9051 -0.0665 -0.4199
vn -0.8662 -0.0390 -0.4982
vn -0.9664 -0.1103 -0.2322
vn -0.9520 -0.0839 -0.2944
vn -0.9885 -0.1422 -0.0515
vn -0.9886 -0.1267 -0.0808
vn -0.9869 -0.1561 0.0410
vn -0.9888 -0.1468 0.0285
vn -0.9852 -0.1621 0.0565
vn -0.9865 -0.1563 0.0490
vn -0.9840 -0.1705 0.0526
vn -0.9859 -0.1618 0.0413
vn -0.9774 -0.2092 0.0289
vn -0.9855 -0.1684 -0.0201
vn -0.9569 -0.2889 -0.0301
vn -0.9738 -0.1879 -0.1285
vn -0.9398 -0.3221 -0.1144
vn -0.9502 -0.2396 -0.1991
vn -0.9301 -0.3372 -0.1456
vn -0.9321 -0.3155 -0.1780
vn -0.9536 -0.3002 0.0230
vn -0.9468 -0.3162 0.0595
vn -0.9387 -0.2783 0.2033
vn -0.9350 -0.2835 0.2129
vn -0.9173 -0.2633 0.2988
vn -0.9112 -0.2707 0.3104
vn -0.8873 -0.2477 0.3890
vn -0.8802 -0.2551 0.4002
vn -0.8535 -0.2328 0.4663
vn -0.8444 -0.2405 0.4787
vn -0.8100 -0.2189 0.5441
vn -0.7999 -0.2259 0.5560
vn -0.5943 -0.0001 -0.8042
vn -0.5946 -0.0002 -0.8040
vn -0.6324 0.0010 -0.7747
vn -0.6355 -0.0000 -0.7721
vn -0.6666 0.0049 -0.7454
vn -0.6826 0.0008 -0.7308
vn -0.8154 -0.0110 -0.5788
vn -0.7928 -0.0034 -0.6095
vn -0.9557 -0.0723 -0.2855
vn -0.8996 -0.0292 -0.4356
vn -0.9852 -0.1274 -0.1147
vn -0.9672 -0.0785 -0.2416
vn -0.9883 -0.1514 -0.0166
vn -0.9896 -0.1337 -0.0524
vn -0.9889 -0.1454 0.0304
vn -0.9875 -0.1523 0.0411
vn -0.9913 -0.1277 0.0303
vn -0.9879 -0.1444 0.0565
vn -0.9939 -0.1082 0.0224
vn -0.9906 -0.1266 0.0524
vn -0.9939 -0.1080 0.0228
vn -0.9939 -0.1082 0.0232
vn -0.9883 -0.1525 0.0032
vn -0.9928 -0.1008 -0.0650
vn -0.9730 -0.2290 -0.0291
vn -0.9808 -0.1119 -0.1595
vn -0.9460 -0.3243 0.0025
vn -0.9665 -0.2031 -0.1568
vn -0.9301 -0.3563 0.0890
vn -0.9458 -0.3241 0.0191
vn -0.9066 -0.3568 0.2252
vn -0.9161 -0.3460 0.2027
vn -0.8922 -0.3472 0.2890
vn -0.8880 -0.3517 0.2962
vn -0.8663 -0.3339 0.3716
vn -0.8580 -0.3420 0.3832
vn -0.8350 -0.3188 0.4485
vn -0.8221 -0.3288 0.4649
vn -0.7982 -0.3012 0.5216
vn -0.7808 -0.3124 0.5410
vn -0.5934 -0.0002 -0.8049
vn -0.5943 -0.0004 -0.8042
vn -0.6312 0.0003 -0.7757
vn -0.6324 -0.0001 -0.7747
vn -0.6561 0.0024 -0.7547
vn -0.6668 0.0004 -0.7452
vn -0.8189 -0.0012 -0.5739
vn -0.8133 -0.0002 -0.5818
vn -0.9827 -0.0372 -0.1814
vn -0.9496 -0.0136 -0.3131
vn -0.9962 -0.0719 -0.0483
vn -0.9886 -0.0398 -0.1451
vn -0.9966 -0.0816 -0.0053
vn -0.9971 -0.0735 -0.0215
vn -0.9977 -0.0661 0.0127
vn -0.9960 -0.0811 0.0363
vn -0.9987 -0.0497 0.0104
vn -0.9973 -0.0653 0.0337
vn -0.9993 -0.0370 0.0082
vn -0.9984 -0.0491 0.0262
vn -0.9993 -0.0322 0.0168
vn -0.9991 -0.0364 0.0238
vn -0.9972 -0.0667 0.0337
vn -0.9992 -0.0329 -0.0211
vn -0.9878 -0.1518 0.0337
vn -0.9941 -0.0464 -0.0984
vn -0.9564 -0.2668 0.1191
vn -0.9911 -0.1125 -0.0712
vn -0.9060 -0.3530 0.2338
vn -0.9624 -0.2570 0.0879
vn -0.8569 -0.4078 0.3153
vn -0.9089 -0.3511 0.2250
vn -0.8486 -0.4243 0.3159
vn -0.8669 -0.4056 0.2898
vn -0.8363 -0.4172 0.3556
vn -0.8291 -0.4239 0.3646
vn -0.8184 -0.3943 0.4181
vn -0.7936 -0.4125 0.4472
vn -0.7873 -0.3744 0.4900
vn -0.7620 -0.3909 0.5163
vn -0.5907 0.0002 -0.8069
vn -0.5934 -0.0004 -0.8049
vn -0.6303 0.0002 -0.7764
vn -0.6312 -0.0001 -0.7757
vn -0.6530 0.0004 -0.7574
vn -0.6561 -0.0002 -0.7547
vn -0.8079 0.0001 -0.5894
vn -0.9898 -0.0097 -0.1424
vn -0.9822 -0.0042 -0.1879
vn -0.9995 -0.0223 -0.0216
vn -0.9984 -0.0113 -0.0559
vn -0.9997 -0.0256 -0.0015
vn -0.9997 -0.0227 -0.0064
vn -0.9998 -0.0184 0.0039
vn -0.9996 -0.0257 0.0138
vn -0.9999 -0.0129 0.0037
vn -0.9998 -0.0185 0.0107
vn -1.0000 -0.0089 0.0039
vn -0.9999 -0.0131 0.0088
vn -0.9999 -0.0044 0.0120
vn -0.9998 -0.0091 0.0177
vn -0.9985 -0.0170 0.0520
vn -0.9995 -0.0035 0.0314
vn -0.9851 -0.1183 0.1250
vn -0.9998 -0.0151 -0.0144
vn -0.9372 -0.2625 0.2296
vn -0.9970 -0.0764 0.0117
vn -0.8396 -0.3946 0.3734
vn -0.9517 -0.2400 0.1917
vn -0.8046 -0.4392 0.3997
vn -0.8911 -0.3472 0.2923
vn -0.7830 -0.4799 0.3957
vn -0.8594 -0.4043 0.3130
vn -0.7898 -0.4899 0.3690
vn -0.8064 -0.4749 0.3523
vn -0.7900 -0.4717 0.3916
vn -0.7632 -0.4919 0.4189
vn -0.7616 -0.4551 0.4613
vn -0.7317 -0.4748 0.4890
vn -0.5883 0.0001 -0.8086
vn -0.5907 -0.0004 -0.8069
vn -0.6296 0.0001 -0.7769
vn -0.6303 -0.0001 -0.7764
vn -0.6524 -0.0000 -0.7579
vn -0.6530 -0.0001 -0.7574
vn -0.7985 -0.0003 -0.6020
vn -0.8079 -0.0013 -0.5893
vn -0.9890 -0.0017 -0.1477
vn -0.9898 -0.0023 -0.1427
vn -0.9998 -0.0044 -0.0173
vn -0.9997 -0.0028 -0.0222
vn -1.0000 -0.0062 -0.0001
vn -1.0000 -0.0048 -0.0021
vn -1.0000 -0.0074 0.0043
vn -1.0000 -0.0065 0.0033
vn -0.9999 -0.0119 0.0075
vn -1.0000 -0.0072 0.0032
vn -0.9998 -0.0185 0.0095
vn -0.9999 -0.0108 0.0041
vn -0.9996 -0.0225 0.0140
vn -0.9997 -0.0195 0.0124
vn -0.9984 -0.0259 0.0501
vn -0.9982 -0.0289 0.0519
vn -0.9751 -0.1259 0.1828
vn -0.9935 -0.0314 0.1091
vn -0.8751 -0.3333 0.3508
vn -0.9789 -0.1195 0.1655
vn -0.7670 -0.4549 0.4526
vn -0.8789 -0.3294 0.3449
vn -0.7454 -0.4887 0.4535
vn -0.8413 -0.3928 0.3714
vn -0.7135 -0.5319 0.4562
vn -0.8223 -0.4280 0.3751
vn -0.7245 -0.5503 0.4151
vn -0.7811 -0.5027 0.3704
vn -0.7393 -0.5467 0.3931
vn -0.7352 -0.5495 0.3969
vn -0.7269 -0.5281 0.4390
vn -0.7000 -0.5434 0.4634
vn -0.5853 0.0003 -0.8108
vn -0.5883 -0.0004 -0.8086
vn -0.6283 0.0004 -0.7779
vn -0.6296 -0.0000 -0.7769
vn -0.6528 -0.0004 -0.7575
vn -0.6524 -0.0003 -0.7579
vn -0.7758 -0.0023 -0.6310
vn -0.7987 -0.0057 -0.6017
vn -0.9771 -0.0044 -0.2126
vn -0.9890 -0.0125 -0.1471
vn -0.9996 -0.0066 -0.0281
vn -0.9998 -0.0105 -0.0168
vn -0.9999 -0.0132 0.0052
vn -1.0000 -0.0098 0.0004
vn -0.9991 -0.0339 0.0261
vn -0.9999 -0.0135 0.0059
vn -0.9953 -0.0807 0.0535
vn -0.9996 -0.0246 0.0117
vn -0.9851 -0.1553 0.0741
vn -0.9988 -0.0452 0.0165
vn -0.9727 -0.2212 0.0707
vn -0.9952 -0.0946 0.0260
vn -0.9629 -0.2585 0.0772
vn -0.9743 -0.2154 0.0658
vn -0.9364 -0.3004 0.1815
vn -0.9117 -0.3603 0.1975
vn -0.8446 -0.4006 0.3552
vn -0.8375 -0.4120 0.3590
vn -0.7479 -0.4783 0.4603
vn -0.7596 -0.4651 0.4545
vn -0.7007 -0.5285 0.4793
vn -0.7697 -0.4614 0.4412
vn -0.6656 -0.5707 0.4808
vn -0.7474 -0.4953 0.4429
vn -0.6674 -0.5934 0.4499
vn -0.7478 -0.5232 0.4088
vn -0.6796 -0.6027 0.4183
vn -0.7090 -0.5821 0.3981
vn -0.6887 -0.5896 0.4220
vn -0.6641 -0.6031 0.4418
vn -0.5803 0.0005 -0.8144
vn -0.5853 -0.0009 -0.8108
vn -0.6253 0.0012 -0.7804
vn -0.6284 0.0001 -0.7779
vn -0.6592 -0.0032 -0.7520
vn -0.6530 -0.0013 -0.7574
vn -0.7497 -0.0129 -0.6616
vn -0.7810 -0.0220 -0.6241
vn -0.9206 -0.0236 -0.3898
vn -0.9787 -0.0656 -0.1946
vn -0.9943 -0.0349 -0.1005
vn -0.9974 -0.0717 -0.0105
vn -0.9972 -0.0692 0.0283
vn -0.9969 -0.0717 0.0318
vn -0.9616 -0.2035 0.1841
vn -0.9947 -0.0857 0.0574
vn -0.7532 -0.5142 0.4102
vn -0.9923 -0.1040 0.0668
vn -0.6410 -0.6609 0.3902
vn -0.9908 -0.1217 0.0600
vn -0.6428 -0.7123 0.2817
vn -0.9748 -0.2121 0.0683
vn -0.6769 -0.7122 0.1860
vn -0.8733 -0.4750 0.1081
vn -0.6806 -0.7086 0.1860
vn -0.6757 -0.7130 0.1874
vn -0.6814 -0.6705 0.2935
vn -0.5988 -0.7376 0.3121
vn -0.6952 -0.5907 0.4096
vn -0.5572 -0.7010 0.4452
vn -0.6285 -0.6064 0.4872
vn -0.5497 -0.6653 0.5053
vn -0.5793 -0.6447 0.4988
vn -0.6226 -0.6104 0.4896
vn -0.6038 -0.6410 0.4739
vn -0.7267 -0.5275 0.4400
vn -0.6151 -0.6470 0.4506
vn -0.7210 -0.5561 0.4134
vn -0.6342 -0.6435 0.4286
vn -0.6432 -0.6377 0.4237
vn -0.5739 -0.0007 -0.8189
vn -0.5804 -0.0045 -0.8143
vn -0.6226 -0.0023 -0.7826
vn -0.6261 -0.0045 -0.7797
vn -0.6845 -0.0237 -0.7286
vn -0.6640 -0.0128 -0.7476
vn -0.8185 -0.0843 -0.5683
vn -0.7834 -0.0628 -0.6184
vn -0.9341 -0.1508 -0.3235
vn -0.9490 -0.1704 -0.2653
vn -0.9740 -0.1621 -0.1583
vn -0.9706 -0.2372 0.0411
vn -0.9847 -0.1735 0.0169
vn -0.9421 -0.2684 0.2009
vn -0.8393 -0.3748 0.3937
vn -0.9203 -0.2888 0.2641
vn -0.6501 -0.5414 0.5331
vn -0.9438 -0.2563 0.2088
vn -0.6580 -0.5983 0.4573
vn -0.9585 -0.2377 0.1574
vn -0.6448 -0.6704 0.3671
vn -0.9463 -0.2939 0.1345
vn -0.6489 -0.7123 0.2675
vn -0.8691 -0.4743 0.1407
vn -0.6131 -0.7546 0.2337
vn -0.6931 -0.6965 0.1858
vn -0.6139 -0.7427 0.2674
vn -0.5976 -0.7518 0.2789
vn -0.5964 -0.7173 0.3603
vn -0.5446 -0.7401 0.3946
vn -0.5817 -0.6751 0.4537
vn -0.4872 -0.7248 0.4872
vn -0.5345 -0.6850 0.4952
vn -0.4981 -0.7087 0.4996
vn -0.5861 -0.6546 0.4774
vn -0.6170 -0.6288 0.4733
vn -0.5681 -0.6780 0.4666
vn -0.6894 -0.5701 0.4469
vn -0.5750 -0.6860 0.4458
vn -0.6221 -0.6551 0.4288
vn -0.5722 -0.0376 -0.8192
vn -0.5740 -0.0410 -0.8178
vn -0.6282 -0.0535 -0.7762
vn -0.6273 -0.0521 -0.7770
vn -0.7023 -0.0919 -0.7059
vn -0.7044 -0.0943 -0.7035
vn -0.8151 -0.1480 -0.5600
vn -0.8458 -0.1828 -0.5012
vn -0.9281 -0.2254 -0.2962
vn -0.9395 -0.2522 -0.2317
vn -0.9578 -0.2869 -0.0183
vn -0.9511 -0.3064 0.0377
vn -0.9029 -0.3441 0.2577
vn -0.8894 -0.3545 0.2887
vn -0.7579 -0.4197 0.4995
vn -0.8333 -0.3803 0.4012
vn -0.6992 -0.4744 0.5348
vn -0.8454 -0.3788 0.3766
vn -0.7042 -0.5228 0.4804
vn -0.8822 -0.3593 0.3042
vn -0.6461 -0.6228 0.4412
vn -0.9264 -0.3144 0.2072
vn -0.7703 -0.5669 0.2919
vn -0.9354 -0.3186 0.1533
vn -0.6297 -0.7100 0.3152
vn -0.8514 -0.4867 0.1955
vn -0.5888 -0.7500 0.3015
vn -0.6579 -0.7037 0.2682
vn -0.5598 -0.7445 0.3637
vn -0.5544 -0.7468 0.3674
vn -0.5137 -0.7283 0.4535
vn -0.4975 -0.7332 0.4636
vn -0.4966 -0.7185 0.4871
vn -0.4789 -0.7264 0.4929
vn -0.5117 -0.7158 0.4752
vn -0.5191 -0.7110 0.4744
vn -0.4946 -0.7351 0.4637
vn -0.5415 -0.7012 0.4639
vn -0.5224 -0.7296 0.4413
vn -0.5210 -0.7305 0.4416
vn -0.5595 -0.2237 -0.7980
vn -0.5594 -0.2075 -0.8025
vn -0.6014 -0.2579 -0.7562
vn -0.6021 -0.3259 -0.7289
vn -0.6670 -0.3267 -0.6696
vn -0.6726 -0.4206 -0.6089
vn -0.7419 -0.3590 -0.5663
vn -0.7524 -0.4958 -0.4336
vn -0.8465 -0.3879 -0.3647
vn -0.8341 -0.5282 -0.1588
vn -0.9067 -0.4217 -0.0037
vn -0.8493 -0.4967 0.1787
vn -0.8343 -0.4409 0.3310
vn -0.7977 -0.4584 0.3918
vn -0.6917 -0.4568 0.5594
vn -0.7233 -0.4469 0.5264
vn -0.6693 -0.4799 0.5672
vn -0.7214 -0.4561 0.5211
vn -0.8315 -0.4050 0.3802
vn -0.7869 -0.4456 0.4269
vn -0.9620 -0.2165 0.1662
vn -0.9143 -0.3184 0.2504
vn -0.9524 -0.2575 0.1631
vn -0.9834 -0.1535 0.0971
vn -0.7479 -0.5737 0.3338
vn -0.9554 -0.2510 0.1553
vn -0.5566 -0.7478 0.3620
vn -0.7651 -0.5703 0.2990
vn -0.5291 -0.7639 0.3695
vn -0.5565 -0.7473 0.3630
vn -0.5001 -0.7389 0.4517
vn -0.4988 -0.7394 0.4522
vn -0.4744 -0.7323 0.4886
vn -0.4731 -0.7328 0.4891
vn -0.4841 -0.7355 0.4740
vn -0.4897 -0.7322 0.4734
vn -0.4779 -0.7464 0.4631
vn -0.4947 -0.7350 0.4637
vn -0.4868 -0.7549 0.4396
vn -0.4944 -0.7505 0.4385
vn 0.6336 0.4745 0.6110
vn 0.6477 0.4676 0.6015
vn 0.6610 0.4832 0.5741
vn 0.6867 0.4716 0.5532
vn 0.6966 0.4913 0.5228
vn 0.7178 0.4796 0.5047
vn 0.7265 0.5013 0.4701
vn 0.7481 0.4889 0.4488
vn 0.7642 0.5073 0.3982
vn 0.7787 0.4968 0.3831
vn 0.7972 0.5102 0.3228
vn 0.8027 0.5057 0.3163
vn 0.8234 0.5102 0.2484
vn 0.8256 0.5081 0.2454
vn 0.8492 0.5045 0.1562
vn 0.8459 0.5083 0.1616
vn 0.8639 0.4994 0.0662
vn 0.8616 0.5027 0.0709
vn 0.8680 0.4962 -0.0186
vn 0.8680 0.4961 -0.0188
vn 0.8647 0.4939 -0.0910
vn 0.8670 0.4883 -0.0997
vn 0.8593 0.4386 -0.2633
vn 0.8585 0.4725 -0.1993
vn 0.8199 0.3851 -0.4237
vn 0.8232 0.3967 -0.4061
vn 0.8137 0.4114 -0.4107
vn 0.8145 0.3848 -0.4342
vn 0.7943 0.4770 -0.3763
vn 0.8205 0.4075 -0.4010
vn 0.7866 0.5332 -0.3115
vn 0.8149 0.4635 -0.3480
vn 0.7884 0.5533 -0.2689
vn 0.7960 0.5294 -0.2935
vn 0.7735 0.5497 -0.3156
vn 0.7735 0.5523 -0.3109
vn 0.7463 0.5262 -0.4077
vn 0.7514 0.5435 -0.3741
vn 0.6951 0.4763 -0.5385
vn 0.7160 0.5085 -0.4782
vn 0.6528 0.4206 0.6300
vn 0.6756 0.4072 0.6146
vn 0.6918 0.4279 0.5817
vn 0.7172 0.4140 0.5606
vn 0.7299 0.4364 0.5262
vn 0.7471 0.4256 0.5107
vn 0.7654 0.4416 0.4682
vn 0.7797 0.4325 0.4528
vn 0.8006 0.4464 0.3997
vn 0.8101 0.4387 0.3889
vn 0.8335 0.4475 0.3241
vn 0.8390 0.4423 0.3169
vn 0.8619 0.4446 0.2439
vn 0.8607 0.4459 0.2458
vn 0.8892 0.4336 0.1460
vn 0.8831 0.4421 0.1572
vn 0.9034 0.4251 0.0569
vn 0.9003 0.4305 0.0644
vn 0.9068 0.4205 -0.0287
vn 0.9058 0.4231 -0.0248
vn 0.9080 0.3888 -0.1561
vn 0.9033 0.4144 -0.1107
vn 0.8690 0.3118 -0.3842
vn 0.8827 0.3567 -0.3059
vn 0.8537 0.3252 -0.4067
vn 0.8472 0.3073 -0.4333
vn 0.8641 0.3581 -0.3536
vn 0.8607 0.3207 -0.3954
vn 0.8547 0.4269 -0.2955
vn 0.8702 0.3521 -0.3447
vn 0.8429 0.4836 -0.2358
vn 0.8588 0.4238 -0.2878
vn 0.8333 0.4966 -0.2430
vn 0.8346 0.4865 -0.2583
vn 0.8104 0.4829 -0.3316
vn 0.8120 0.4930 -0.3125
vn 0.7652 0.4327 -0.4767
vn 0.7810 0.4653 -0.4166
vn 0.7183 0.4002 -0.5691
vn 0.7218 0.4055 -0.5608
vn 0.6770 0.3662 0.6384
vn 0.6890 0.3589 0.6297
vn 0.7231 0.3665 0.5856
vn 0.7379 0.3569 0.5728
vn 0.7574 0.3729 0.5359
vn 0.7770 0.3589 0.5172
vn 0.8003 0.3746 0.4683
vn 0.8159 0.3628 0.4502
vn 0.8338 0.3770 0.4033
vn 0.8422 0.3697 0.3925
vn 0.8679 0.3759 0.3247
vn 0.8714 0.3723 0.3195
vn 0.9005 0.3679 0.2317
vn 0.8974 0.3718 0.2374
vn 0.9243 0.3560 0.1376
vn 0.9191 0.3645 0.1493
vn 0.9362 0.3479 0.0509
vn 0.9340 0.3526 0.0574
vn 0.9426 0.3292 -0.0563
vn 0.9389 0.3422 -0.0372
vn 0.9244 0.2485 -0.2892
vn 0.9326 0.3120 -0.1817
vn 0.8875 0.2353 -0.3963
vn 0.8860 0.2313 -0.4019
vn 0.8923 0.2743 -0.3585
vn 0.8860 0.2358 -0.3992
vn 0.9069 0.3200 -0.2741
vn 0.9060 0.2612 -0.3330
vn 0.8976 0.3898 -0.2058
vn 0.9075 0.3194 -0.2729
vn 0.8858 0.4260 -0.1842
vn 0.8921 0.3929 -0.2231
vn 0.8731 0.4255 -0.2378
vn 0.8732 0.4245 -0.2396
vn 0.8398 0.3889 -0.3788
vn 0.8474 0.4112 -0.3357
vn 0.7793 0.3439 -0.5239
vn 0.7892 0.3582 -0.4989
vn 0.7353 0.3199 -0.5976
vn 0.7386 0.3240 -0.5912
vn 0.7011 0.3060 0.6440
vn 0.7130 0.2990 0.6342
vn 0.7430 0.3096 0.5934
vn 0.7557 0.3013 0.5815
vn 0.7813 0.3105 0.5414
vn 0.7899 0.3042 0.5325
vn 0.8239 0.3105 0.4742
vn 0.8342 0.3016 0.4617
vn 0.8642 0.3053 0.3998
vn 0.8663 0.3033 0.3970
vn 0.8996 0.2993 0.3180
vn 0.8998 0.2990 0.3177
vn 0.9302 0.2901 0.2249
vn 0.9296 0.2911 0.2262
vn 0.9514 0.2792 0.1297
vn 0.9492 0.2839 0.1361
vn 0.9637 0.2651 0.0314
vn 0.9603 0.2752 0.0461
vn 0.9671 0.2180 -0.1309
vn 0.9637 0.2584 -0.0671
vn 0.9218 0.1518 -0.3567
vn 0.9343 0.1888 -0.3025
vn 0.9170 0.1919 -0.3497
vn 0.9069 0.1492 -0.3940
vn 0.9180 0.2595 -0.3000
vn 0.9197 0.1910 -0.3430
vn 0.9267 0.3122 -0.2093
vn 0.9324 0.2500 -0.2611
vn 0.9247 0.3485 -0.1533
vn 0.9304 0.3099 -0.1959
vn 0.9180 0.3555 -0.1757
vn 0.9185 0.3504 -0.1835
vn 0.9003 0.3324 -0.2810
vn 0.9037 0.3500 -0.2466
vn 0.8514 0.2848 -0.4405
vn 0.8663 0.3106 -0.3912
vn 0.7858 0.2456 -0.5676
vn 0.7972 0.2586 -0.5455
vn 0.7136 0.2018 -0.6708
vn 0.7354 0.2220 -0.6402
vn 0.7259 0.2416 0.6439
vn 0.7320 0.2378 0.6385
vn 0.7636 0.2413 0.5989
vn 0.7692 0.2374 0.5933
vn 0.8074 0.2380 0.5399
vn 0.8082 0.2373 0.5389
vn 0.8508 0.2351 0.4699
vn 0.8511 0.2348 0.4695
vn 0.8921 0.2283 0.3899
vn 0.8905 0.2302 0.3924
vn 0.9263 0.2189 0.3068
vn 0.9230 0.2236 0.3132
vn 0.9543 0.2088 0.2136
vn 0.9510 0.2150 0.2222
vn 0.9729 0.1998 0.1164
vn 0.9711 0.2046 0.1233
vn 0.9839 0.1789 -0.0013
vn 0.9809 0.1933 0.0200
vn 0.9669 0.1063 -0.2318
vn 0.9766 0.1605 -0.1434
vn 0.9328 0.0958 -0.3473
vn 0.9289 0.0859 -0.3601
vn 0.9454 0.1378 -0.2954
vn 0.9364 0.0952 -0.3378
vn 0.9554 0.2022 -0.2150
vn 0.9526 0.1302 -0.2749
vn 0.9575 0.2547 -0.1351
vn 0.9615 0.1969 -0.1918
vn 0.9528 0.2792 -0.1197
vn 0.9554 0.2559 -0.1476
vn 0.9430 0.2715 -0.1924
vn 0.9432 0.2776 -0.1826
vn 0.9048 0.2276 -0.3598
vn 0.9174 0.2550 -0.3056
vn 0.8421 0.1813 -0.5080
vn 0.8623 0.2055 -0.4628
vn 0.7701 0.1399 -0.6224
vn 0.7924 0.1595 -0.5887
vn 0.6882 0.1003 -0.7185
vn 0.7087 0.1160 -0.6959
vn 0.7457 0.1772 0.6422
vn 0.7500 0.1745 0.6380
vn 0.7856 0.1721 0.5943
vn 0.7826 0.1744 0.5976
vn 0.8286 0.1654 0.5348
vn 0.8269 0.1670 0.5370
vn 0.8741 0.1571 0.4596
vn 0.8702 0.1612 0.4655
vn 0.9131 0.1492 0.3794
vn 0.9093 0.1544 0.3865
vn 0.9455 0.1382 0.2949
vn 0.9412 0.1457 0.3049
vn 0.9724 0.1257 0.1966
vn 0.9683 0.1354 0.2100
vn 0.9893 0.1133 0.0922
vn 0.9870 0.1217 0.1046
vn 0.9950 0.0651 -0.0758
vn 0.9944 0.1049 -0.0138
vn 0.9529 0.0004 -0.3032
vn 0.9694 0.0396 -0.2424
vn 0.9532 0.0346 -0.3004
vn 0.9400 -0.0012 -0.3411
vn 0.9684 0.0991 -0.2288
vn 0.9600 0.0316 -0.2781
vn 0.9773 0.1597 -0.1393
vn 0.9757 0.0929 -0.1983
vn 0.9771 0.1940 -0.0871
vn 0.9792 0.1583 -0.1267
vn 0.9731 0.2036 -0.1074
vn 0.9734 0.1952 -0.1195
vn 0.9574 0.1889 -0.2184
vn 0.9592 0.1973 -0.2025
vn 0.9012 0.1476 -0.4075
vn 0.9103 0.1607 -0.3814
vn 0.8154 0.0962 -0.5709
vn 0.8411 0.1195 -0.5274
vn 0.7329 0.0554 -0.6781
vn 0.7617 0.0753 -0.6435
vn 0.6676 0.0315 -0.7438
vn 0.6832 0.0407 -0.7291
vn 0.7589 0.1032 0.6429
vn 0.7662 0.0981 0.6351
vn 0.8043 0.0955 0.5865
vn 0.7986 0.1001 0.5934
vn 0.8455 0.0896 0.5264
vn 0.8416 0.0935 0.5319
vn 0.8898 0.0811 0.4491
vn 0.8858 0.0862 0.4560
vn 0.9291 0.0683 0.3634
vn 0.9224 0.0793 0.3780
vn 0.9598 0.0547 0.2753
vn 0.9539 0.0676 0.2925
vn 0.9838 0.0412 0.1745
vn 0.9799 0.0538 0.1919
vn 0.9981 0.0228 0.0579
vn 0.9961 0.0374 0.0796
vn 0.9848 -0.0421 -0.1683
vn 0.9963 0.0086 -0.0858
vn 0.9545 -0.0505 -0.2938
vn 0.9504 -0.0592 -0.3052
vn 0.9698 -0.0036 -0.2438
vn 0.9550 -0.0506 -0.2923
vn 0.9874 0.0500 -0.1502
vn 0.9775 -0.0146 -0.2105
vn 0.9927 0.0991 -0.0684
vn 0.9911 0.0452 -0.1256
vn 0.9909 0.1242 -0.0523
vn 0.9916 0.1003 -0.0815
vn 0.9858 0.1264 -0.1104
vn 0.9858 0.1268 -0.1098
vn 0.9577 0.1090 -0.2663
vn 0.9651 0.1236 -0.2307
vn 0.8837 0.0786 -0.4615
vn 0.9017 0.0945 -0.4219
vn 0.7817 0.0387 -0.6225
vn 0.8118 0.0579 -0.5810
vn 0.7036 0.0147 -0.7105
vn 0.7282 0.0273 -0.6848
vn 0.6560 0.0056 -0.7547
vn 0.6647 0.0093 -0.7471
vn 0.7710 0.0311 0.6361
vn 0.7699 0.0319 0.6374
vn 0.8187 0.0216 0.5738
vn 0.8126 0.0272 0.5821
vn 0.8621 0.0095 0.5067
vn 0.8536 0.0188 0.5206
vn 0.9007 -0.0011 0.4345
vn 0.8949 0.0071 0.4461
vn 0.9370 -0.0152 0.3491
vn 0.9313 -0.0037 0.3642
vn 0.9673 -0.0296 0.2519
vn 0.9628 -0.0165 0.2697
vn 0.9876 -0.0448 0.1506
vn 0.9852 -0.0326 0.1682
vn 0.9964 -0.0847 -0.0049
vn 0.9975 -0.0512 0.0485
vn 0.9579 -0.1481 -0.2461
vn 0.9784 -0.1061 -0.1772
vn 0.9614 -0.1159 -0.2494
vn 0.9460 -0.1486 -0.2882
vn 0.9831 -0.0522 -0.1753
vn 0.9666 -0.1191 -0.2268
vn 0.9969 0.0023 -0.0783
vn 0.9889 -0.0594 -0.1363
vn 0.9991 0.0361 -0.0215
vn 0.9981 0.0005 -0.0612
vn 0.9981 0.0552 -0.0259
vn 0.9981 0.0378 -0.0485
vn 0.9920 0.0585 -0.1116
vn 0.9920 0.0582 -0.1122
vn 0.9526 0.0455 -0.3009
vn 0.9601 0.0552 -0.2742
vn 0.8652 0.0289 -0.5005
vn 0.8824 0.0385 -0.4689
vn 0.7647 0.0120 -0.6443
vn 0.7802 0.0193 -0.6252
vn 0.6916 0.0015 -0.7222
vn 0.7027 0.0062 -0.7115
vn 0.6558 0.0003 -0.7549
vn 0.6557 0.0002 -0.7550
vn 0.7857 -0.0480 0.6168
vn 0.7745 -0.0393 0.6314
vn 0.8274 -0.0594 0.5585
vn 0.8188 -0.0504 0.5719
vn 0.8684 -0.0705 0.4909
vn 0.8627 -0.0629 0.5018
vn 0.9073 -0.0846 0.4119
vn 0.9002 -0.0729 0.4294
vn 0.9383 -0.0978 0.3316
vn 0.9339 -0.0868 0.3468
vn 0.9647 -0.1081 0.2402
vn 0.9635 -0.1032 0.2469
vn 0.9829 -0.1210 0.1385
vn 0.9826 -0.1167 0.1447
vn 0.9816 -0.1760 -0.0742
vn 0.9902 -0.1391 -0.0124
vn 0.9499 -0.1965 -0.2432
vn 0.9481 -0.1997 -0.2475
vn 0.9681 -0.1535 -0.1978
vn 0.9500 -0.1965 -0.2425
vn 0.9893 -0.1070 -0.0990
vn 0.9732 -0.1673 -0.1581
vn 0.9981 -0.0610 -0.0092
vn 0.9913 -0.1135 -0.0665
vn 0.9993 -0.0329 0.0168
vn 0.9981 -0.0605 -0.0154
vn 0.9999 -0.0142 -0.0006
vn 0.9993 -0.0306 -0.0228
vn 0.9946 -0.0063 -0.1036
vn 0.9937 -0.0100 -0.1116
vn 0.9522 -0.0045 -0.3054
vn 0.9530 -0.0038 -0.3030
vn 0.8632 -0.0027 -0.5049
vn 0.8648 -0.0020 -0.5020
vn 0.7658 -0.0007 -0.6431
vn 0.7645 -0.0011 -0.6447
vn 0.6919 0.0006 -0.7220
vn 0.6916 0.0005 -0.7223
vn 0.6532 -0.0000 -0.7572
vn 0.6558 0.0008 -0.7549
vn 0.7874 -0.1276 0.6031
vn 0.7806 -0.1210 0.6132
vn 0.8290 -0.1392 0.5417
vn 0.8211 -0.1298 0.5558
vn 0.8678 -0.1536 0.4727
vn 0.8603 -0.1414 0.4898
vn 0.9039 -0.1697 0.3926
vn 0.8991 -0.1584 0.4081
vn 0.9324 -0.1836 0.3113
vn 0.9293 -0.1734 0.3260
vn 0.9550 -0.1930 0.2253
vn 0.9540 -0.1872 0.2340
vn 0.9709 -0.2145 0.1068
vn 0.9711 -0.2004 0.1293
vn 0.9506 -0.2757 -0.1424
vn 0.9658 -0.2442 -0.0872
vn 0.9464 -0.2506 -0.2039
vn 0.9291 -0.2831 -0.2382
vn 0.9709 -0.1930 -0.1418
vn 0.9500 -0.2525 -0.1837
vn 0.9879 -0.1503 -0.0377
vn 0.9754 -0.2024 -0.0874
vn 0.9919 -0.1224 0.0333
vn 0.9881 -0.1537 -0.0019
vn 0.9938 -0.1019 0.0451
vn 0.9923 -0.1217 0.0217
vn 0.9961 -0.0849 0.0243
vn 0.9950 -0.0995 0.0042
vn 0.9939 -0.0711 -0.0839
vn 0.9919 -0.0780 -0.0998
vn 0.9571 -0.0520 -0.2852
vn 0.9514 -0.0566 -0.3026
vn 0.8791 -0.0305 -0.4757
vn 0.8645 -0.0345 -0.5014
vn 0.7813 -0.0109 -0.6241
vn 0.7665 -0.0147 -0.6421
vn 0.6984 0.0004 -0.7157
vn 0.6920 -0.0015 -0.7219
vn 0.6483 -0.0000 -0.7614
vn 0.6532 0.0015 -0.7572
vn 0.7779 -0.2104 0.5921
vn 0.7722 -0.2035 0.6019
vn 0.8172 -0.2228 0.5316
vn 0.8122 -0.2147 0.5425
vn 0.8588 -0.2400 0.4526
vn 0.8526 -0.2269 0.4707
vn 0.8908 -0.2559 0.3754
vn 0.8873 -0.2437 0.3916
vn 0.9167 -0.2669 0.2974
vn 0.9157 -0.2607 0.3057
vn 0.9378 -0.2787 0.2071
vn 0.9375 -0.2723 0.2165
vn 0.9458 -0.3241 0.0217
vn 0.9534 -0.2877 0.0911
vn 0.9352 -0.3268 -0.1364
vn 0.9303 -0.3345 -0.1506
vn 0.9555 -0.2642 -0.1313
vn 0.9281 -0.3163 -0.1962
vn 0.9769 -0.2040 -0.0631
vn 0.9556 -0.2646 -0.1300
vn 0.9850 -0.1717 0.0179
vn 0.9774 -0.2091 -0.0312
vn 0.9855 -0.1621 0.0494
vn 0.9844 -0.1725 0.0359
vn 0.9862 -0.1563 0.0550
vn 0.9856 -0.1621 0.0477
vn 0.9884 -0.1459 0.0417
vn 0.9875 -0.1552 0.0283
vn 0.9905 -0.1273 -0.0512
vn 0.9874 -0.1379 -0.0770
vn 0.9689 -0.0930 -0.2292
vn 0.9553 -0.1032 -0.2770
vn 0.9122 -0.0568 -0.4057
vn 0.8824 -0.0617 -0.4665
vn 0.8161 -0.0172 -0.5776
vn 0.7829 -0.0221 -0.6218
vn 0.7045 -0.0002 -0.7097
vn 0.6986 -0.0013 -0.7155
vn 0.6431 -0.0002 -0.7658
vn 0.6483 0.0014 -0.7614
vn 0.7642 -0.2955 0.5733
vn 0.7568 -0.2857 0.5880
vn 0.7999 -0.3078 0.5153
vn 0.7930 -0.2963 0.5323
vn 0.8425 -0.3223 0.4317
vn 0.8366 -0.3068 0.4538
vn 0.8735 -0.3401 0.3482
vn 0.8702 -0.3222 0.3728
vn 0.8941 -0.3466 0.2836
vn 0.8938 -0.3421 0.2899
vn 0.9156 -0.3340 0.2240
vn 0.9154 -0.3508 0.1976
vn 0.9437 -0.3232 0.0707
vn 0.9370 -0.3490 0.0174
vn 0.9713 -0.2369 -0.0230
vn 0.9368 -0.3218 -0.1371
vn 0.9885 -0.1359 -0.0657
vn 0.9670 -0.2091 -0.1457
vn 0.9939 -0.1064 -0.0278
vn 0.9882 -0.1334 -0.0754
vn 0.9937 -0.1115 0.0128
vn 0.9938 -0.1099 0.0155
vn 0.9913 -0.1306 0.0191
vn 0.9926 -0.1103 0.0506
vn 0.9887 -0.1472 0.0289
vn 0.9901 -0.1289 0.0558
vn 0.9877 -0.1530 0.0321
vn 0.9883 -0.1470 0.0417
vn 0.9902 -0.1386 -0.0174
vn 0.9875 -0.1505 -0.0477
vn 0.9873 -0.0992 -0.1238
vn 0.9683 -0.1156 -0.2215
vn 0.9583 -0.0521 -0.2809
vn 0.9121 -0.0554 -0.4063
vn 0.8477 -0.0094 -0.5305
vn 0.8146 -0.0114 -0.5800
vn 0.6854 0.0005 -0.7282
vn 0.7040 0.0030 -0.7102
vn 0.6379 -0.0002 -0.7701
vn 0.6430 0.0013 -0.7658
vn 0.7479 -0.3682 0.5524
vn 0.7423 -0.3595 0.5655
vn 0.7826 -0.3881 0.4867
vn 0.7762 -0.3728 0.5085
vn 0.8142 -0.4086 0.4123
vn 0.8109 -0.3933 0.4334
vn 0.8413 -0.4184 0.3423
vn 0.8410 -0.4125 0.3501
vn 0.8636 -0.3981 0.3093
vn 0.8643 -0.4190 0.2782
vn 0.8853 -0.3557 0.2996
vn 0.8939 -0.3901 0.2209
vn 0.9409 -0.2858 0.1818
vn 0.9499 -0.3052 0.0680
vn 0.9837 -0.1704 0.0582
vn 0.9750 -0.2204 -0.0296
vn 0.9973 -0.0737 0.0002
vn 0.9899 -0.1229 -0.0713
vn 0.9991 -0.0381 0.0204
vn 0.9971 -0.0686 -0.0343
vn 0.9991 -0.0407 0.0129
vn 0.9991 -0.0382 0.0170
vn 0.9985 -0.0545 0.0085
vn 0.9988 -0.0400 0.0295
vn 0.9973 -0.0721 0.0126
vn 0.9978 -0.0530 0.0406
vn 0.9963 -0.0851 0.0111
vn 0.9969 -0.0709 0.0335
vn 0.9970 -0.0777 -0.0064
vn 0.9960 -0.0859 -0.0244
vn 0.9975 -0.0500 -0.0508
vn 0.9882 -0.0692 -0.1365
vn 0.9860 -0.0228 -0.1651
vn 0.9562 -0.0307 -0.2911
vn 0.8625 -0.0024 -0.5060
vn 0.8463 -0.0036 -0.5327
vn 0.6685 0.0001 -0.7437
vn 0.6852 0.0023 -0.7283
vn 0.6358 -0.0003 -0.7719
vn 0.6379 0.0004 -0.7701
vn 0.7255 -0.4456 0.5245
vn 0.7198 -0.4366 0.5397
vn 0.7633 -0.4646 0.4488
vn 0.7567 -0.4460 0.4780
vn 0.7857 -0.4814 0.3885
vn 0.7832 -0.4656 0.4120
vn 0.8053 -0.4682 0.3637
vn 0.8053 -0.4804 0.3475
vn 0.8282 -0.4187 0.3725
vn 0.8292 -0.4612 0.3157
vn 0.8477 -0.3826 0.3674
vn 0.8651 -0.3930 0.3118
vn 0.9032 -0.3041 0.3027
vn 0.9482 -0.2671 0.1722
vn 0.9792 -0.1344 0.1522
vn 0.9869 -0.1537 0.0483
vn 0.9949 -0.0255 0.0974
vn 0.9968 -0.0801 0.0027
vn 0.9989 -0.0053 0.0473
vn 0.9995 -0.0241 0.0201
vn 0.9999 -0.0103 0.0111
vn 0.9999 -0.0071 0.0148
vn 0.9999 -0.0152 0.0044
vn 0.9999 -0.0103 0.0103
vn 0.9997 -0.0230 0.0052
vn 0.9998 -0.0156 0.0147
vn 0.9996 -0.0282 0.0038
vn 0.9997 -0.0230 0.0110
vn 0.9997 -0.0244 -0.0017
vn 0.9996 -0.0282 -0.0083
vn 0.9997 -0.0130 -0.0197
vn 0.9982 -0.0231 -0.0548
vn 0.9936 -0.0049 -0.1124
vn 0.9858 -0.0098 -0.1677
vn 0.8656 -0.0003 -0.5007
vn 0.8624 -0.0005 -0.5063
vn 0.6650 0.0001 -0.7469
vn 0.6685 0.0006 -0.7437
vn 0.6353 -0.0001 -0.7723
vn 0.6358 -0.0000 -0.7719
vn 0.6952 -0.5186 0.4978
vn 0.6922 -0.5107 0.5099
vn 0.7278 -0.5334 0.4310
vn 0.7271 -0.5222 0.4457
vn 0.7498 -0.5369 0.3867
vn 0.7498 -0.5365 0.3872
vn 0.7614 -0.5070 0.4039
vn 0.7559 -0.5366 0.3750
vn 0.7726 -0.4662 0.4310
vn 0.7598 -0.5078 0.4061
vn 0.7908 -0.4329 0.4327
vn 0.7927 -0.4510 0.4101
vn 0.8384 -0.3663 0.4036
vn 0.8696 -0.3618 0.3361
vn 0.9390 -0.1702 0.2990
vn 0.9527 -0.2300 0.1985
vn 0.9865 -0.0341 0.1601
vn 0.9894 -0.0933 0.1111
vn 0.9987 -0.0241 0.0450
vn 0.9987 -0.0207 0.0471
vn 0.9998 -0.0171 0.0118
vn 0.9998 -0.0182 0.0112
vn 0.9999 -0.0111 0.0067
vn 0.9999 -0.0147 0.0044
vn 0.9999 -0.0085 0.0060
vn 0.9999 -0.0103 0.0042
vn 1.0000 -0.0069 0.0038
vn 1.0000 -0.0078 0.0027
vn 1.0000 -0.0051 -0.0002
vn 1.0000 -0.0064 -0.0023
vn 0.9999 -0.0028 -0.0141
vn 0.9998 -0.0045 -0.0201
vn 0.9940 -0.0016 -0.1089
vn 0.9936 -0.0019 -0.1126
vn 0.8671 -0.0002 -0.4981
vn 0.6693 0.0007 -0.7430
vn 0.6358 0.0004 -0.7718
vn 0.6353 0.0002 -0.7723
vn 0.6629 -0.5858 0.4662
vn 0.6606 -0.5780 0.4791
vn 0.6837 -0.5954 0.4221
vn 0.6834 -0.5869 0.4341
vn 0.7076 -0.5744 0.4115
vn 0.7029 -0.5929 0.3929
vn 0.7209 -0.5370 0.4381
vn 0.7009 -0.5765 0.4200
vn 0.7240 -0.5095 0.4651
vn 0.6928 -0.5518 0.4642
vn 0.7375 -0.4823 0.4728
vn 0.7188 -0.5129 0.4694
vn 0.7841 -0.4424 0.4353
vn 0.7825 -0.4499 0.4305
vn 0.8706 -0.3626 0.3324
vn 0.8700 -0.3651 0.3314
vn 0.9429 -0.2878 0.1675
vn 0.9533 -0.2435 0.1785
vn 0.9831 -0.1734 0.0591
vn 0.9815 -0.1823 0.0582
vn 0.9955 -0.0889 0.0329
vn 0.9898 -0.1388 0.0320
vn 0.9983 -0.0509 0.0273
vn 0.9967 -0.0778 0.0244
vn 0.9993 -0.0294 0.0228
vn 0.9991 -0.0403 0.0163
vn 0.9998 -0.0146 0.0133
vn 0.9998 -0.0191 0.0069
vn 1.0000 -0.0091 0.0030
vn 0.9999 -0.0102 0.0006
vn 0.9997 -0.0090 -0.0218
vn 0.9999 -0.0071 -0.0138
vn 0.9871 -0.0102 -0.1600
vn 0.9941 -0.0064 -0.1087
vn 0.8277 -0.0067 -0.5612
vn 0.8674 -0.0045 -0.4977
vn 0.6703 -0.0008 -0.7421
vn 0.6694 -0.0009 -0.7429
vn 0.6361 0.0004 -0.7716
vn 0.6324 -0.6306 0.4499
vn 0.6317 -0.6269 0.4561
vn 0.6549 -0.6248 0.4251
vn 0.6542 -0.6293 0.4196
vn 0.6712 -0.5936 0.4439
vn 0.6630 -0.6221 0.4165
vn 0.6686 -0.5773 0.4688
vn 0.6593 -0.6016 0.4509
vn 0.6173 -0.6087 0.4984
vn 0.6060 -0.6230 0.4946
vn 0.6014 -0.6294 0.4920
vn 0.6152 -0.6101 0.4993
vn 0.6275 -0.6732 0.3912
vn 0.6744 -0.5918 0.4415
vn 0.6487 -0.7101 0.2736
vn 0.6974 -0.6441 0.3142
vn 0.7136 -0.6769 0.1807
vn 0.7092 -0.6820 0.1788
vn 0.8814 -0.4531 0.1335
vn 0.7696 -0.6262 0.1249
vn 0.9671 -0.2316 0.1052
vn 0.8884 -0.4413 0.1267
vn 0.9824 -0.1577 0.1003
vn 0.9695 -0.2236 0.1000
vn 0.9854 -0.1325 0.1067
vn 0.9858 -0.1433 0.0879
vn 0.9929 -0.0914 0.0768
vn 0.9938 -0.0928 0.0607
vn 0.9977 -0.0640 0.0222
vn 0.9976 -0.0634 0.0278
vn 0.9954 -0.0597 -0.0745
vn 0.9984 -0.0553 -0.0094
vn 0.9442 -0.0502 -0.3256
vn 0.9874 -0.0509 -0.1500
vn 0.7764 -0.0228 -0.6298
vn 0.8335 -0.0259 -0.5518
vn 0.6759 -0.0053 -0.7370
vn 0.6714 -0.0053 -0.7410
vn 0.6352 0.0002 -0.7723
vn 0.5961 -0.6731 0.4377
vn 0.5960 -0.6715 0.4404
vn 0.6228 -0.6406 0.4492
vn 0.6087 -0.6698 0.4252
vn 0.6541 -0.5967 0.4649
vn 0.6255 -0.6390 0.4477
vn 0.6257 -0.6178 0.4763
vn 0.6230 -0.6226 0.4736
vn 0.5208 -0.6943 0.4967
vn 0.5255 -0.6872 0.5016
vn 0.5234 -0.7183 0.4583
vn 0.5396 -0.6865 0.4874
vn 0.5670 -0.7418 0.3581
vn 0.5792 -0.7185 0.3851
vn 0.6074 -0.7503 0.2610
vn 0.6115 -0.7446 0.2678
vn 0.6944 -0.6830 0.2266
vn 0.6334 -0.7523 0.1813
vn 0.8490 -0.4881 0.2024
vn 0.7259 -0.6648 0.1764
vn 0.9220 -0.3292 0.2037
vn 0.8527 -0.4834 0.1982
vn 0.9339 -0.2799 0.2226
vn 0.9297 -0.3151 0.1906
vn 0.9184 -0.2903 0.2689
vn 0.9344 -0.2790 0.2215
vn 0.9245 -0.2812 0.2572
vn 0.9256 -0.2804 0.2541
vn 0.9662 -0.2372 0.1011
vn 0.9524 -0.2456 0.1803
vn 0.9724 -0.2017 -0.1176
vn 0.9753 -0.2180 0.0344
vn 0.9342 -0.1588 -0.3194
vn 0.9578 -0.1746 -0.2285
vn 0.8355 -0.0909 -0.5420
vn 0.8193 -0.0851 -0.5670
vn 0.7084 -0.0290 -0.7053
vn 0.6896 -0.0258 -0.7237
vn 0.6354 -0.0053 -0.7721
vn 0.6366 -0.0051 -0.7712
vn 0.5537 -0.7112 0.4331
vn 0.5523 -0.7155 0.4277
vn 0.5500 -0.7009 0.4541
vn 0.5384 -0.7149 0.4461
vn 0.5494 -0.6899 0.4714
vn 0.5218 -0.7161 0.4635
vn 0.5267 -0.7039 0.4766
vn 0.5273 -0.7033 0.4768
vn 0.4867 -0.7243 0.4884
vn 0.4890 -0.7188 0.4942
vn 0.5133 -0.7318 0.4483
vn 0.5141 -0.7255 0.4575
vn 0.5615 -0.7455 0.3593
vn 0.5612 -0.7460 0.3585
vn 0.6232 -0.7222 0.3001
vn 0.5979 -0.7580 0.2606
vn 0.7531 -0.5959 0.2790
vn 0.6528 -0.7218 0.2301
vn 0.8753 -0.4264 0.2281
vn 0.7944 -0.5641 0.2253
vn 0.8682 -0.3940 0.3017
vn 0.8401 -0.4698 0.2713
vn 0.8455 -0.3883 0.3666
vn 0.8639 -0.3987 0.3077
vn 0.8120 -0.3946 0.4300
vn 0.8461 -0.3879 0.3657
vn 0.8176 -0.3847 0.4284
vn 0.8365 -0.3819 0.3931
vn 0.9057 -0.3456 0.2456
vn 0.8974 -0.3472 0.2723
vn 0.9560 -0.2929 -0.0174
vn 0.9551 -0.2955 0.0203
vn 0.9317 -0.2347 -0.2770
vn 0.9427 -0.2398 -0.2320
vn 0.8338 -0.1645 -0.5270
vn 0.8622 -0.1719 -0.4765
vn 0.7281 -0.1008 -0.6780
vn 0.7354 -0.1012 -0.6700
vn 0.6457 -0.0522 -0.7618
vn 0.6438 -0.0531 -0.7634
vn 0.5380 -0.7184 0.4410
vn 0.5281 -0.7334 0.4281
vn 0.5426 -0.7023 0.4608
vn 0.5242 -0.7224 0.4510
vn 0.5128 -0.7194 0.4686
vn 0.5112 -0.7209 0.4680
vn 0.4962 -0.7249 0.4778
vn 0.4939 -0.7277 0.4760
vn 0.4808 -0.7296 0.4863
vn 0.4814 -0.7274 0.4890
vn 0.5088 -0.7358 0.4469
vn 0.5092 -0.7347 0.4483
vn 0.5621 -0.7344 0.3804
vn 0.5457 -0.7582 0.3569
vn 0.7004 -0.6200 0.3536
vn 0.5773 -0.7598 0.2989
vn 0.8944 -0.3771 0.2404
vn 0.7298 -0.6205 0.2869
vn 0.9611 -0.2322 0.1497
vn 0.9208 -0.3414 0.1884
vn 0.8998 -0.3498 0.2607
vn 0.9103 -0.3238 0.2578
vn 0.8050 -0.4313 0.4073
vn 0.8051 -0.4349 0.4033
vn 0.7275 -0.4462 0.5212
vn 0.7432 -0.4560 0.4897
vn 0.7277 -0.4346 0.5306
vn 0.7447 -0.4445 0.4978
vn 0.8392 -0.4286 0.3347
vn 0.8363 -0.4260 0.3450
vn 0.9044 -0.4264 -0.0152
vn 0.9113 -0.4009 0.0934
vn 0.8464 -0.4213 -0.3258
vn 0.9018 -0.3897 -0.1867
vn 0.7665 -0.3890 -0.5111
vn 0.8135 -0.3726 -0.4466
vn 0.6935 -0.3387 -0.6359
vn 0.7237 -0.3247 -0.6090
vn 0.6112 -0.2793 -0.7406
vn 0.6364 -0.2523 -0.7289
vn -0.5784 0.5476 0.6046
vn -0.5609 0.5760 0.5946
vn -0.5989 0.5666 0.5659
vn -0.5958 0.5732 0.5626
vn -0.6260 0.5780 0.5234
vn -0.6197 0.5932 0.5139
vn -0.6554 0.5931 0.4676
vn -0.6489 0.6064 0.4595
vn -0.6847 0.6048 0.4067
vn -0.6771 0.6195 0.3973
vn -0.7136 0.6133 0.3386
vn -0.7049 0.6290 0.3277
vn -0.7405 0.6193 0.2611
vn -0.7306 0.6350 0.2508
vn -0.7583 0.6279 0.1753
vn -0.7521 0.6369 0.1694
vn -0.7747 0.6262 0.0880
vn -0.7675 0.6360 0.0798
vn -0.7830 0.6220 -0.0077
vn -0.7783 0.6278 -0.0128
vn -0.7775 0.6225 -0.0889
vn -0.7798 0.6200 -0.0863
vn -0.7632 0.6253 -0.1627
vn -0.7740 0.6158 -0.1474
vn -0.7476 0.5929 -0.2993
vn -0.7568 0.5894 -0.2825
vn -0.6815 0.5406 -0.4933
vn -0.7194 0.5239 -0.4559
vn -0.6286 0.6043 -0.4895
vn -0.6961 0.5559 -0.4543
vn -0.6497 0.6221 -0.4369
vn -0.6640 0.6113 -0.4306
vn -0.6760 0.6390 -0.3669
vn -0.6789 0.6369 -0.3652
vn -0.6775 0.6482 -0.3476
vn -0.6823 0.6458 -0.3426
vn -0.6598 0.6402 -0.3935
vn -0.6673 0.6380 -0.3844
vn -0.6443 0.6274 -0.4372
vn -0.6488 0.6283 -0.4293
vn 0.4527 -0.7848 0.4233
vn 0.4862 -0.7566 0.4372
vn 0.4418 -0.7829 0.4380
vn 0.4693 -0.7611 0.4478
vn 0.4663 -0.7544 0.4620
vn 0.4762 -0.7465 0.4648
vn 0.4589 -0.7536 0.4707
vn 0.4773 -0.7375 0.4777
vn 0.4487 -0.7544 0.4791
vn 0.4586 -0.7431 0.4873
vn 0.4937 -0.7265 0.4781
vn 0.4540 -0.7827 0.4258
vn 0.5759 -0.6894 0.4394
vn 0.4512 -0.8288 0.3310
vn 0.6814 -0.6217 0.3862
vn 0.5277 -0.7695 0.3598
vn 0.8666 -0.4149 0.2771
vn 0.6735 -0.6429 0.3647
vn 0.9588 -0.2363 0.1578
vn 0.8787 -0.4064 0.2503
vn 0.8580 -0.4267 0.2858
vn 0.9359 -0.2784 0.2157
vn 0.7034 -0.5737 0.4196
vn 0.7650 -0.4770 0.4326
vn 0.6399 -0.5793 0.5049
vn 0.6451 -0.5348 0.5458
vn 0.6353 -0.5855 0.5037
vn 0.6361 -0.5710 0.5190
vn 0.6563 -0.6875 0.3109
vn 0.6658 -0.6599 0.3481
vn 0.6232 -0.7818 -0.0227
vn 0.6866 -0.7223 0.0831
vn 0.5943 -0.7677 -0.2395
vn 0.6406 -0.7465 -0.1800
vn 0.5519 -0.7250 -0.4120
vn 0.6062 -0.7147 -0.3489
vn 0.4827 -0.6615 -0.5739
vn 0.5613 -0.6585 -0.5014
vn 0.4667 -0.5941 -0.6551
vn 0.4997 -0.5985 -0.6261
vn 0.6103 0.5178 0.5995
vn 0.6330 0.5071 0.5850
vn 0.6303 0.5298 0.5675
vn 0.6543 0.5196 0.5495
vn 0.6668 0.5374 0.5164
vn 0.6853 0.5277 0.5020
vn 0.6961 0.5510 0.4603
vn 0.7185 0.5385 0.4402
vn 0.7278 0.5619 0.3932
vn 0.7422 0.5522 0.3798
vn 0.7569 0.5671 0.3249
vn 0.7647 0.5610 0.3171
vn 0.7843 0.5686 0.2482
vn 0.7892 0.5641 0.2428
vn 0.8083 0.5658 0.1630
vn 0.8255 0.5597 0.0732
vn 0.8238 0.5618 0.0756
vn 0.8325 0.5538 -0.0156
vn 0.8331 0.5529 -0.0166
vn 0.8275 0.5547 -0.0875
vn 0.8303 0.5491 -0.0953
vn 0.8192 0.5514 -0.1579
vn 0.8200 0.5485 -0.1633
vn 0.7937 0.4726 -0.3829
vn 0.7986 0.5091 -0.3211
vn 0.7654 0.4700 -0.4396
vn 0.7644 0.4516 -0.4601
vn 0.7544 0.5016 -0.4233
vn 0.7655 0.4700 -0.4394
vn 0.7480 0.5506 -0.3705
vn 0.7870 0.4772 -0.3910
vn 0.7443 0.5922 -0.3087
vn 0.7722 0.5378 -0.3382
vn 0.7327 0.6022 -0.3170
vn 0.7351 0.5921 -0.3302
vn 0.7111 0.5930 -0.3777
vn 0.7110 0.5950 -0.3747
vn 0.6847 0.5588 -0.4679
vn 0.6948 0.5816 -0.4230
vn -0.6203 0.5297 -0.5785
vn -0.6458 0.5329 -0.5468
vn -0.6679 0.5714 -0.4770
vn -0.6970 0.5716 -0.4330
vn -0.7050 0.5968 -0.3832
vn -0.7065 0.5963 -0.3812
vn -0.7352 0.5959 -0.3230
vn -0.7244 0.6023 -0.3354
vn -0.7974 0.5257 -0.2963
vn -0.7209 0.5953 -0.3549
vn -0.8251 0.4481 -0.3441
vn -0.7028 0.5740 -0.4202
vn -0.7751 0.4750 -0.4167
vn -0.7216 0.5270 -0.4491
vn -0.7671 0.4677 -0.4390
vn -0.7446 0.4840 -0.4597
vn -0.7784 0.4988 -0.3811
vn -0.7994 0.4923 -0.3444
vn -0.8089 0.5649 -0.1630
vn -0.8120 0.5625 -0.1556
vn -0.8171 0.5696 -0.0884
vn -0.8151 0.5719 -0.0921
vn -0.8187 0.5740 -0.0156
vn -0.8182 0.5747 -0.0165
vn -0.8099 0.5815 0.0772
vn -0.8098 0.5816 0.0770
vn -0.7964 0.5803 0.1706
vn -0.7937 0.5859 0.1633
vn -0.7787 0.5745 0.2520
vn -0.7760 0.5821 0.2429
vn -0.7528 0.5696 0.3298
vn -0.7514 0.5759 0.3222
vn -0.7214 0.5627 0.4036
vn -0.7206 0.5714 0.3926
vn -0.6934 0.5490 0.4667
vn -0.6936 0.5621 0.4505
vn -0.6648 0.5362 0.5202
vn -0.6667 0.5478 0.5055
vn -0.6329 0.5253 0.5687
vn -0.6349 0.5360 0.5564
s 0
usemtl biotacgreen.002
f 1//1 2//1 3//1
f 1//2 3//2 4//2
f 5//3 6//3 7//3
f 5//4 7//4 8//4
f 9//5 10//5 11//5
f 9//6 11//6 12//6
f 13//7 14//7 15//7
f 13//8 15//8 16//8
f 17//9 18//9 19//9
f 17//10 19//10 20//10
f 21//11 16//11 15//11
f 21//12 15//12 22//12
f 23//13 24//13 25//13
f 23//14 25//14 26//14
f 26//15 25//15 27//15
f 26//16 27//16 28//16
f 28//17 27//17 29//17
f 28//18 29//18 30//18
f 30//19 29//19 31//19
f 30//20 31//20 32//20
f 32//21 31//21 33//21
f 32//22 33//22 34//22
f 34//23 33//23 35//23
f 34//24 35//24 36//24
f 36//25 35//25 37//25
f 36//26 37//26 38//26
f 38//27 37//27 39//27
f 38//28 39//28 40//28
f 40//29 39//29 41//29
f 40//30 41//30 42//30
f 42//30 41//30 43//30
f 42//31 43//31 44//31
f 44//32 43//32 45//32
f 44//33 45//33 46//33
f 46//34 45//34 47//34
f 46//35 47//35 48//35
f 48//36 47//36 49//36
f 48//37 49//37 50//37
f 50//38 49//38 51//38
f 50//39 51//39 52//39
f 52//40 51//40 53//40
f 52//41 53//41 54//41
f 54//42 53//42 55//42
f 54//43 55//43 56//43
f 56//44 55//44 57//44
f 56//45 57//45 58//45
f 58//46 57//46 59//46
f 58//47 59//47 60//47
f 60//48 59//48 61//48
f 60//49 61//49 62//49
f 62//50 61//50 14//50
f 62//51 14//51 13//51
f 20//52 19//52 63//52
f 20//53 63//53 64//53
f 64//54 63//54 65//54
f 64//55 65//55 66//55
f 66//56 65//56 67//56
f 66//57 67//57 68//57
f 68//58 67//58 69//58
f 68//59 69//59 70//59
f 70//60 69//60 71//60
f 70//61 71//61 72//61
f 72//62 71//62 73//62
f 72//63 73//63 74//63
f 74//64 73//64 75//64
f 74//65 75//65 76//65
f 76//66 75//66 77//66
f 76//67 77//67 78//67
f 78//68 77//68 79//68
f 78//69 79//69 80//69
f 80//70 79//70 81//70
f 80//71 81//71 82//71
f 82//72 81//72 83//72
f 82//73 83//73 84//73
f 84//74 83//74 85//74
f 84//75 85//75 86//75
f 86//76 85//76 87//76
f 86//77 87//77 88//77
f 88//78 87//78 89//78
f 88//79 89//79 90//79
f 90//80 89//80 91//80
f 90//81 91//81 92//81
f 92//82 91//82 93//82
f 92//83 93//83 94//83
f 94//84 93//84 95//84
f 94//85 95//85 96//85
f 96//86 95//86 97//86
f 96//87 97//87 98//87
f 98//88 97//88 99//88
f 98//89 99//89 100//89
f 100//90 99//90 10//90
f 100//91 10//91 9//91
f 101//92 102//92 103//92
f 101//93 103//93 104//93
f 104//94 103//94 105//94
f 104//95 105//95 106//95
f 106//96 105//96 107//96
f 106//97 107//97 108//97
f 108//98 107//98 109//98
f 108//99 109//99 110//99
f 110//100 109//100 111//100
f 110//101 111//101 112//101
f 112//102 111//102 113//102
f 112//103 113//103 114//103
f 114//104 113//104 115//104
f 114//105 115//105 116//105
f 116//106 115//106 117//106
f 116//107 117//107 118//107
f 118//108 117//108 119//108
f 118//109 119//109 120//109
f 120//110 119//110 121//110
f 120//111 121//111 122//111
f 122//112 121//112 123//112
f 122//113 123//113 124//113
f 124//114 123//114 125//114
f 124//115 125//115 126//115
f 126//116 125//116 127//116
f 126//117 127//117 128//117
f 128//118 127//118 129//118
f 128//119 129//119 130//119
f 130//120 129//120 131//120
f 130//121 131//121 132//121
f 132//122 131//122 133//122
f 132//123 133//123 134//123
f 134//124 133//124 135//124
f 134//125 135//125 136//125
f 136//126 135//126 137//126
f 136//127 137//127 138//127
f 138//128 137//128 139//128
f 138//129 139//129 140//129
f 140//130 139//130 6//130
f 140//131 6//131 5//131
f 141//132 142//132 143//132
f 141//133 143//133 144//133
f 144//134 143//134 145//134
f 144//135 145//135 146//135
f 146//136 145//136 147//136
f 146//137 147//137 148//137
f 148//138 147//138 149//138
f 148//139 149//139 150//139
f 150//140 149//140 151//140
f 150//141 151//141 152//141
f 152//142 151//142 153//142
f 152//143 153//143 154//143
f 154//144 153//144 155//144
f 154//145 155//145 156//145
f 156//146 155//146 157//146
f 156//147 157//147 158//147
f 158//148 157//148 159//148
f 158//149 159//149 160//149
f 160//150 159//150 161//150
f 160//151 161//151 162//151
f 162//152 161//152 163//152
f 162//153 163//153 164//153
f 164//154 163//154 165//154
f 164//155 165//155 166//155
f 166//156 165//156 167//156
f 166//157 167//157 168//157
f 168//158 167//158 169//158
f 168//159 169//159 170//159
f 170//160 169//160 171//160
f 170//161 171//161 172//161
f 172//162 171//162 173//162
f 172//163 173//163 174//163
f 174//164 173//164 175//164
f 174//165 175//165 176//165
f 176//166 175//166 177//166
f 176//167 177//167 178//167
f 178//168 177//168 179//168
f 178//169 179//169 180//169
f 180//170 179//170 2//170
f 180//171 2//171 1//171
f 179//172 181//172 182//172
f 179//173 182//173 2//173
f 181//174 183//174 184//174
f 181//175 184//175 182//175
f 183//176 185//176 186//176
f 183//177 186//177 184//177
f 185//178 187//178 188//178
f 185//179 188//179 186//179
f 187//180 189//180 190//180
f 187//181 190//181 188//181
f 189//182 191//182 192//182
f 189//183 192//183 190//183
f 191//184 193//184 194//184
f 191//185 194//185 192//185
f 193//186 195//186 196//186
f 193//187 196//187 194//187
f 195//188 197//188 198//188
f 195//189 198//189 196//189
f 197//190 199//190 200//190
f 197//191 200//191 198//191
f 199//192 201//192 202//192
f 199//193 202//193 200//193
f 201//194 203//194 204//194
f 201//195 204//195 202//195
f 203//196 205//196 206//196
f 203//197 206//197 204//197
f 205//198 207//198 208//198
f 205//199 208//199 206//199
f 207//200 209//200 210//200
f 207//201 210//201 208//201
f 209//202 211//202 212//202
f 209//203 212//203 210//203
f 211//204 213//204 214//204
f 211//205 214//205 212//205
f 213//206 215//206 216//206
f 213//207 216//207 214//207
f 215//208 217//208 218//208
f 215//209 218//209 216//209
f 217//210 140//210 5//210
f 217//211 5//211 218//211
f 177//212 219//212 181//212
f 177//213 181//213 179//213
f 219//214 220//214 183//214
f 219//215 183//215 181//215
f 220//216 221//216 185//216
f 220//217 185//217 183//217
f 221//218 222//218 187//218
f 221//219 187//219 185//219
f 222//220 223//220 189//220
f 222//221 189//221 187//221
f 223//222 224//222 191//222
f 223//223 191//223 189//223
f 224//224 225//224 193//224
f 224//225 193//225 191//225
f 225//226 226//226 195//226
f 225//227 195//227 193//227
f 226//228 227//228 197//228
f 226//229 197//229 195//229
f 227//230 228//230 199//230
f 227//231 199//231 197//231
f 228//232 229//232 201//232
f 228//233 201//233 199//233
f 229//234 230//234 203//234
f 229//235 203//235 201//235
f 230//236 231//236 205//236
f 230//237 205//237 203//237
f 231//238 232//238 207//238
f 231//239 207//239 205//239
f 232//240 233//240 209//240
f 232//241 209//241 207//241
f 233//242 234//242 211//242
f 233//243 211//243 209//243
f 234//244 235//244 213//244
f 234//245 213//245 211//245
f 235//246 236//246 215//246
f 235//247 215//247 213//247
f 236//248 237//248 217//248
f 236//249 217//249 215//249
f 237//250 138//250 140//250
f 237//251 140//251 217//251
f 175//252 238//252 219//252
f 175//253 219//253 177//253
f 238//254 239//254 220//254
f 238//255 220//255 219//255
f 239//256 240//256 221//256
f 239//257 221//257 220//257
f 240//258 241//258 222//258
f 240//259 222//259 221//259
f 241//260 242//260 223//260
f 241//261 223//261 222//261
f 242//262 243//262 224//262
f 242//263 224//263 223//263
f 243//264 244//264 225//264
f 243//265 225//265 224//265
f 244//266 245//266 226//266
f 244//267 226//267 225//267
f 245//268 246//268 227//268
f 245//269 227//269 226//269
f 246//270 247//270 228//270
f 246//271 228//271 227//271
f 247//272 248//272 229//272
f 247//273 229//273 228//273
f 248//274 249//274 230//274
f 248//275 230//275 229//275
f 249//276 250//276 231//276
f 249//277 231//277 230//277
f 250//278 251//278 232//278
f 250//279 232//279 231//279
f 251//280 252//280 233//280
f 251//281 233//281 232//281
f 252//282 253//282 234//282
f 252//283 234//283 233//283
f 253//284 254//284 235//284
f 253//285 235//285 234//285
f 254//286 255//286 236//286
f 254//287 236//287 235//287
f 255//288 256//288 237//288
f 255//289 237//289 236//289
f 256//290 136//290 138//290
f 256//291 138//291 237//291
f 173//292 257//292 238//292
f 173//293 238//293 175//293
f 257//294 258//294 239//294
f 257//295 239//295 238//295
f 258//296 259//296 240//296
f 258//297 240//297 239//297
f 259//298 260//298 241//298
f 259//299 241//299 240//299
f 260//300 261//300 242//300
f 260//301 242//301 241//301
f 261//302 262//302 243//302
f 261//303 243//303 242//303
f 262//304 263//304 244//304
f 262//305 244//305 243//305
f 263//306 264//306 245//306
f 263//307 245//307 244//307
f 264//308 265//308 246//308
f 264//309 246//309 245//309
f 265//310 266//310 247//310
f 265//311 247//311 246//311
f 266//312 267//312 248//312
f 266//313 248//313 247//313
f 267//314 268//314 249//314
f 267//315 249//315 248//315
f 268//316 269//316 250//316
f 268//317 250//317 249//317
f 269//318 270//318 251//318
f 269//319 251//319 250//319
f 270//320 271//320 252//320
f 270//321 252//321 251//321
f 271//322 272//322 253//322
f 271//323 253//323 252//323
f 272//324 273//324 254//324
f 272//325 254//325 253//325
f 273//326 274//326 255//326
f 273//327 255//327 254//327
f 274//328 275//328 256//328
f 274//329 256//329 255//329
f 275//330 134//330 136//330
f 275//331 136//331 256//331
f 171//332 276//332 257//332
f 171//333 257//333 173//333
f 276//334 277//334 258//334
f 276//335 258//335 257//335
f 277//336 278//336 259//336
f 277//337 259//337 258//337
f 278//338 279//338 260//338
f 278//339 260//339 259//339
f 279//340 280//340 261//340
f 279//341 261//341 260//341
f 280//342 281//342 262//342
f 280//343 262//343 261//343
f 281//344 282//344 263//344
f 281//345 263//345 262//345
f 282//346 283//346 264//346
f 282//347 264//347 263//347
f 283//348 284//348 265//348
f 283//349 265//349 264//349
f 284//350 285//350 266//350
f 284//351 266//351 265//351
f 285//352 286//352 267//352
f 285//353 267//353 266//353
f 286//354 287//354 268//354
f 286//355 268//355 267//355
f 287//356 288//356 269//356
f 287//357 269//357 268//357
f 288//358 289//358 270//358
f 288//359 270//359 269//359
f 289//360 290//360 271//360
f 289//361 271//361 270//361
f 290//362 291//362 272//362
f 290//363 272//363 271//363
f 291//364 292//364 273//364
f 291//365 273//365 272//365
f 292//366 293//366 274//366
f 292//367 274//367 273//367
f 293//368 294//368 275//368
f 293//369 275//369 274//369
f 294//370 132//370 134//370
f 294//371 134//371 275//371
f 169//372 295//372 276//372
f 169//373 276//373 171//373
f 295//374 296//374 277//374
f 295//375 277//375 276//375
f 296//376 297//376 278//376
f 296//377 278//377 277//377
f 297//378 298//378 279//378
f 297//379 279//379 278//379
f 298//380 299//380 280//380
f 298//381 280//381 279//381
f 299//382 300//382 281//382
f 299//383 281//383 280//383
f 300//384 301//384 282//384
f 300//385 282//385 281//385
f 301//386 302//386 283//386
f 301//387 283//387 282//387
f 302//388 303//388 284//388
f 302//389 284//389 283//389
f 303//390 304//390 285//390
f 303//391 285//391 284//391
f 304//392 305//392 286//392
f 304//393 286//393 285//393
f 305//394 306//394 287//394
f 305//395 287//395 286//395
f 306//396 307//396 288//396
f 306//397 288//397 287//397
f 307//398 308//398 289//398
f 307//399 289//399 288//399
f 308//400 309//400 290//400
f 308//401 290//401 289//401
f 309//402 310//402 291//402
f 309//403 291//403 290//403
f 310//404 311//404 292//404
f 310//405 292//405 291//405
f 311//406 312//406 293//406
f 311//407 293//407 292//407
f 312//408 313//408 294//408
f 312//409 294//409 293//409
f 313//410 130//410 132//410
f 313//411 132//411 294//411
f 167//412 314//412 295//412
f 167//413 295//413 169//413
f 314//414 315//414 296//414
f 314//415 296//415 295//415
f 315//416 316//416 297//416
f 315//417 297//417 296//417
f 316//418 317//418 298//418
f 316//419 298//419 297//419
f 317//420 318//420 299//420
f 317//421 299//421 298//421
f 318//422 319//422 300//422
f 318//423 300//423 299//423
f 319//424 320//424 301//424
f 319//425 301//425 300//425
f 320//426 321//426 302//426
f 320//427 302//427 301//427
f 321//428 322//428 303//428
f 321//429 303//429 302//429
f 322//430 323//430 304//430
f 322//431 304//431 303//431
f 323//432 324//432 305//432
f 323//433 305//433 304//433
f 324//434 325//434 306//434
f 324//435 306//435 305//435
f 325//436 326//436 307//436
f 325//437 307//437 306//437
f 326//438 327//438 308//438
f 326//439 308//439 307//439
f 327//440 328//440 309//440
f 327//441 309//441 308//441
f 328//442 329//442 310//442
f 328//443 310//443 309//443
f 329//444 330//444 311//444
f 329//445 311//445 310//445
f 330//446 331//446 312//446
f 330//447 312//447 311//447
f 331//448 332//448 313//448
f 331//449 313//449 312//449
f 332//450 128//450 130//450
f 332//451 130//451 313//451
f 165//452 333//452 314//452
f 165//453 314//453 167//453
f 333//454 334//454 315//454
f 333//455 315//455 314//455
f 334//456 335//456 316//456
f 334//457 316//457 315//457
f 335//458 336//458 317//458
f 335//459 317//459 316//459
f 336//460 337//460 318//460
f 336//461 318//461 317//461
f 337//462 338//462 319//462
f 337//463 319//463 318//463
f 338//464 339//464 320//464
f 338//465 320//465 319//465
f 339//466 340//466 321//466
f 339//467 321//467 320//467
f 340//468 341//468 322//468
f 340//469 322//469 321//469
f 341//470 342//470 323//470
f 341//471 323//471 322//471
f 342//472 343//472 324//472
f 342//473 324//473 323//473
f 343//474 344//474 325//474
f 343//475 325//475 324//475
f 344//476 345//476 326//476
f 344//477 326//477 325//477
f 345//478 346//478 327//478
f 345//479 327//479 326//479
f 346//480 347//480 328//480
f 346//481 328//481 327//481
f 347//482 348//482 329//482
f 347//483 329//483 328//483
f 348//484 349//484 330//484
f 348//485 330//485 329//485
f 349//486 350//486 331//486
f 349//487 331//487 330//487
f 350//488 351//488 332//488
f 350//489 332//489 331//489
f 351//490 126//490 128//490
f 351//491 128//491 332//491
f 163//492 352//492 333//492
f 163//493 333//493 165//493
f 352//494 353//494 334//494
f 352//495 334//495 333//495
f 353//496 354//496 335//496
f 353//497 335//497 334//497
f 354//498 355//498 336//498
f 354//499 336//499 335//499
f 355//500 356//500 337//500
f 355//501 337//501 336//501
f 356//502 357//502 338//502
f 356//503 338//503 337//503
f 357//504 358//504 339//504
f 357//505 339//505 338//505
f 358//506 359//506 340//506
f 358//507 340//507 339//507
f 359//508 360//508 341//508
f 359//509 341//509 340//509
f 360//510 361//510 342//510
f 360//511 342//511 341//511
f 361//512 362//512 343//512
f 361//513 343//513 342//513
f 362//514 363//514 344//514
f 362//515 344//515 343//515
f 363//516 364//516 345//516
f 363//517 345//517 344//517
f 364//518 365//518 346//518
f 364//519 346//519 345//519
f 365//520 366//520 347//520
f 365//521 347//521 346//521
f 366//522 367//522 348//522
f 366//523 348//523 347//523
f 367//524 368//524 349//524
f 367//525 349//525 348//525
f 368//526 369//526 350//526
f 368//527 350//527 349//527
f 369//528 370//528 351//528
f 369//529 351//529 350//529
f 370//530 124//530 126//530
f 370//531 126//531 351//531
f 161//532 371//532 352//532
f 161//533 352//533 163//533
f 371//534 372//534 353//534
f 371//535 353//535 352//535
f 372//536 373//536 354//536
f 372//537 354//537 353//537
f 373//538 374//538 355//538
f 373//539 355//539 354//539
f 374//540 375//540 356//540
f 374//541 356//541 355//541
f 375//542 376//542 357//542
f 375//543 357//543 356//543
f 376//544 377//544 358//544
f 376//545 358//545 357//545
f 377//546 378//546 359//546
f 377//547 359//547 358//547
f 378//548 379//548 360//548
f 378//549 360//549 359//549
f 379//550 380//550 361//550
f 379//551 361//551 360//551
f 380//552 381//552 362//552
f 380//553 362//553 361//553
f 381//554 382//554 363//554
f 381//555 363//555 362//555
f 382//556 383//556 364//556
f 382//557 364//557 363//557
f 383//558 384//558 365//558
f 383//559 365//559 364//559
f 384//560 385//560 366//560
f 384//561 366//561 365//561
f 385//562 386//562 367//562
f 385//563 367//563 366//563
f 386//564 387//564 368//564
f 386//565 368//565 367//565
f 387//566 388//566 369//566
f 387//567 369//567 368//567
f 388//568 389//568 370//568
f 388//569 370//569 369//569
f 389//570 122//570 124//570
f 389//571 124//571 370//571
f 159//572 390//572 371//572
f 159//573 371//573 161//573
f 390//574 391//574 372//574
f 390//575 372//575 371//575
f 391//576 392//576 373//576
f 391//577 373//577 372//577
f 392//578 393//578 374//578
f 392//579 374//579 373//579
f 393//580 394//580 375//580
f 393//581 375//581 374//581
f 394//582 395//582 376//582
f 394//583 376//583 375//583
f 395//584 396//584 377//584
f 395//585 377//585 376//585
f 396//586 397//586 378//586
f 396//587 378//587 377//587
f 397//588 398//588 379//588
f 397//589 379//589 378//589
f 398//590 399//590 380//590
f 398//591 380//591 379//591
f 399//592 400//592 381//592
f 399//593 381//593 380//593
f 400//594 401//594 382//594
f 400//595 382//595 381//595
f 401//596 402//596 383//596
f 401//597 383//597 382//597
f 402//598 403//598 384//598
f 402//599 384//599 383//599
f 403//600 404//600 385//600
f 403//601 385//601 384//601
f 404//602 405//602 386//602
f 404//603 386//603 385//603
f 405//604 406//604 387//604
f 405//605 387//605 386//605
f 406//606 407//606 388//606
f 406//607 388//607 387//607
f 407//608 408//608 389//608
f 407//609 389//609 388//609
f 408//610 120//610 122//610
f 408//611 122//611 389//611
f 157//612 409//612 390//612
f 157//613 390//613 159//613
f 409//614 410//614 391//614
f 409//615 391//615 390//615
f 410//616 411//616 392//616
f 410//617 392//617 391//617
f 411//618 412//618 393//618
f 411//619 393//619 392//619
f 412//620 413//620 394//620
f 412//621 394//621 393//621
f 413//622 414//622 395//622
f 413//623 395//623 394//623
f 414//624 415//624 396//624
f 414//625 396//625 395//625
f 415//626 416//626 397//626
f 415//627 397//627 396//627
f 416//628 417//628 398//628
f 416//629 398//629 397//629
f 417//630 418//630 399//630
f 417//631 399//631 398//631
f 418//632 419//632 400//632
f 418//633 400//633 399//633
f 419//634 420//634 401//634
f 419//635 401//635 400//635
f 420//636 421//636 402//636
f 420//637 402//637 401//637
f 421//638 422//638 403//638
f 421//639 403//639 402//639
f 422//640 423//640 404//640
f 422//641 404//641 403//641
f 423//642 424//642 405//642
f 423//643 405//643 404//643
f 424//644 425//644 406//644
f 424//645 406//645 405//645
f 425//646 426//646 407//646
f 425//647 407//647 406//647
f 426//648 427//648 408//648
f 426//649 408//649 407//649
f 427//650 118//650 120//650
f 427//651 120//651 408//651
f 155//652 428//652 409//652
f 155//653 409//653 157//653
f 428//654 429//654 410//654
f 428//655 410//655 409//655
f 429//656 430//656 411//656
f 429//657 411//657 410//657
f 430//658 431//658 412//658
f 430//659 412//659 411//659
f 431//660 432//660 413//660
f 431//661 413//661 412//661
f 432//662 433//662 414//662
f 432//663 414//663 413//663
f 433//664 434//664 415//664
f 433//665 415//665 414//665
f 434//666 435//666 416//666
f 434//667 416//667 415//667
f 435//668 436//668 417//668
f 435//669 417//669 416//669
f 436//670 437//670 418//670
f 436//671 418//671 417//671
f 437//672 438//672 419//672
f 437//673 419//673 418//673
f 438//674 439//674 420//674
f 438//675 420//675 419//675
f 439//676 440//676 421//676
f 439//677 421//677 420//677
f 440//678 441//678 422//678
f 440//679 422//679 421//679
f 441//680 442//680 423//680
f 441//681 423//681 422//681
f 442//682 443//682 424//682
f 442//683 424//683 423//683
f 443//684 444//684 425//684
f 443//685 425//685 424//685
f 444//686 445//686 426//686
f 444//687 426//687 425//687
f 445//688 446//688 427//688
f 445//689 427//689 426//689
f 446//690 116//690 118//690
f 446//691 118//691 427//691
f 153//692 447//692 428//692
f 153//693 428//693 155//693
f 447//694 448//694 429//694
f 447//695 429//695 428//695
f 448//696 449//696 430//696
f 448//697 430//697 429//697
f 449//698 450//698 431//698
f 449//699 431//699 430//699
f 450//700 451//700 432//700
f 450//701 432//701 431//701
f 451//702 452//702 433//702
f 451//703 433//703 432//703
f 452//704 453//704 434//704
f 452//705 434//705 433//705
f 453//706 454//706 435//706
f 453//707 435//707 434//707
f 454//708 455//708 436//708
f 454//709 436//709 435//709
f 455//710 456//710 437//710
f 455//711 437//711 436//711
f 456//712 457//712 438//712
f 456//713 438//713 437//713
f 457//714 458//714 439//714
f 457//715 439//715 438//715
f 458//716 459//716 440//716
f 458//717 440//717 439//717
f 459//718 460//718 441//718
f 459//719 441//719 440//719
f 460//720 461//720 442//720
f 460//721 442//721 441//721
f 461//722 462//722 443//722
f 461//723 443//723 442//723
f 462//724 463//724 444//724
f 462//725 444//725 443//725
f 463//726 464//726 445//726
f 463//727 445//727 444//727
f 464//728 465//728 446//728
f 464//729 446//729 445//729
f 465//730 114//730 116//730
f 465//731 116//731 446//731
f 151//732 466//732 447//732
f 151//733 447//733 153//733
f 466//734 467//734 448//734
f 466//735 448//735 447//735
f 467//736 468//736 449//736
f 467//737 449//737 448//737
f 468//738 469//738 450//738
f 468//739 450//739 449//739
f 469//740 470//740 451//740
f 469//741 451//741 450//741
f 470//742 471//742 452//742
f 470//743 452//743 451//743
f 471//744 472//744 453//744
f 471//745 453//745 452//745
f 472//746 473//746 454//746
f 472//747 454//747 453//747
f 473//748 474//748 455//748
f 473//749 455//749 454//749
f 474//750 475//750 456//750
f 474//751 456//751 455//751
f 475//752 476//752 457//752
f 475//753 457//753 456//753
f 476//754 477//754 458//754
f 476//755 458//755 457//755
f 477//756 478//756 459//756
f 477//757 459//757 458//757
f 478//758 479//758 460//758
f 478//759 460//759 459//759
f 479//760 480//760 461//760
f 479//761 461//761 460//761
f 480//762 481//762 462//762
f 480//763 462//763 461//763
f 481//764 482//764 463//764
f 481//765 463//765 462//765
f 482//766 483//766 464//766
f 482//767 464//767 463//767
f 483//768 484//768 465//768
f 483//769 465//769 464//769
f 484//770 112//770 114//770
f 484//771 114//771 465//771
f 149//772 485//772 466//772
f 149//773 466//773 151//773
f 485//774 486//774 467//774
f 485//775 467//775 466//775
f 486//776 487//776 468//776
f 486//777 468//777 467//777
f 487//778 488//778 469//778
f 487//779 469//779 468//779
f 488//780 489//780 470//780
f 488//781 470//781 469//781
f 489//782 490//782 471//782
f 489//783 471//783 470//783
f 490//784 491//784 472//784
f 490//785 472//785 471//785
f 491//786 492//786 473//786
f 491//787 473//787 472//787
f 492//788 493//788 474//788
f 492//789 474//789 473//789
f 493//790 494//790 475//790
f 493//791 475//791 474//791
f 494//792 495//792 476//792
f 494//793 476//793 475//793
f 495//794 496//794 477//794
f 495//795 477//795 476//795
f 496//796 497//796 478//796
f 496//797 478//797 477//797
f 497//798 498//798 479//798
f 497//799 479//799 478//799
f 498//800 499//800 480//800
f 498//801 480//801 479//801
f 499//802 500//802 481//802
f 499//803 481//803 480//803
f 500//804 501//804 482//804
f 500//805 482//805 481//805
f 501//806 502//806 483//806
f 501//807 483//807 482//807
f 502//808 503//808 484//808
f 502//809 484//809 483//809
f 503//810 110//810 112//810
f 503//811 112//811 484//811
f 147//812 504//812 485//812
f 147//813 485//813 149//813
f 504//814 505//814 486//814
f 504//815 486//815 485//815
f 505//816 506//816 487//816
f 505//817 487//817 486//817
f 506//818 507//818 488//818
f 506//819 488//819 487//819
f 507//820 508//820 489//820
f 507//821 489//821 488//821
f 508//822 509//822 490//822
f 508//823 490//823 489//823
f 509//824 510//824 491//824
f 509//825 491//825 490//825
f 510//826 511//826 492//826
f 510//827 492//827 491//827
f 511//828 512//828 493//828
f 511//829 493//829 492//829
f 512//830 513//830 494//830
f 512//831 494//831 493//831
f 513//832 514//832 495//832
f 513//833 495//833 494//833
f 514//834 515//834 496//834
f 514//835 496//835 495//835
f 515//836 516//836 497//836
f 515//837 497//837 496//837
f 516//838 517//838 498//838
f 516//839 498//839 497//839
f 517//840 518//840 499//840
f 517//841 499//841 498//841
f 518//842 519//842 500//842
f 518//843 500//843 499//843
f 519//844 520//844 501//844
f 519//845 501//845 500//845
f 520//846 521//846 502//846
f 520//847 502//847 501//847
f 521//848 522//848 503//848
f 521//849 503//849 502//849
f 522//850 108//850 110//850
f 522//851 110//851 503//851
f 145//852 523//852 504//852
f 145//853 504//853 147//853
f 523//854 524//854 505//854
f 523//855 505//855 504//855
f 524//856 525//856 506//856
f 524//857 506//857 505//857
f 525//858 526//858 507//858
f 525//859 507//859 506//859
f 526//860 527//860 508//860
f 526//861 508//861 507//861
f 527//862 528//862 509//862
f 527//863 509//863 508//863
f 528//864 529//864 510//864
f 528//865 510//865 509//865
f 529//866 530//866 511//866
f 529//867 511//867 510//867
f 530//868 531//868 512//868
f 530//869 512//869 511//869
f 531//870 532//870 513//870
f 531//871 513//871 512//871
f 532//872 533//872 514//872
f 532//873 514//873 513//873
f 533//874 534//874 515//874
f 533//875 515//875 514//875
f 534//876 535//876 516//876
f 534//877 516//877 515//877
f 535//878 536//878 517//878
f 535//879 517//879 516//879
f 536//880 537//880 518//880
f 536//881 518//881 517//881
f 537//882 538//882 519//882
f 537//883 519//883 518//883
f 538//884 539//884 520//884
f 538//885 520//885 519//885
f 539//886 540//886 521//886
f 539//887 521//887 520//887
f 540//888 541//888 522//888
f 540//889 522//889 521//889
f 541//890 106//890 108//890
f 541//891 108//891 522//891
f 143//892 542//892 523//892
f 143//893 523//893 145//893
f 542//894 543//894 524//894
f 542//895 524//895 523//895
f 543//896 544//896 525//896
f 543//897 525//897 524//897
f 544//898 545//898 526//898
f 544//899 526//899 525//899
f 545//900 546//900 527//900
f 545//901 527//901 526//901
f 546//902 547//902 528//902
f 546//903 528//903 527//903
f 547//904 548//904 529//904
f 547//905 529//905 528//905
f 548//906 549//906 530//906
f 548//907 530//907 529//907
f 549//908 550//908 531//908
f 549//909 531//909 530//909
f 550//910 551//910 532//910
f 550//911 532//911 531//911
f 551//912 552//912 533//912
f 551//913 533//913 532//913
f 552//914 553//914 534//914
f 552//915 534//915 533//915
f 553//916 554//916 535//916
f 553//917 535//917 534//917
f 554//918 555//918 536//918
f 554//919 536//919 535//919
f 555//920 556//920 537//920
f 555//921 537//921 536//921
f 556//922 557//922 538//922
f 556//923 538//923 537//923
f 557//924 558//924 539//924
f 557//925 539//925 538//925
f 558//926 559//926 540//926
f 558//927 540//927 539//927
f 559//928 560//928 541//928
f 559//929 541//929 540//929
f 560//930 104//930 106//930
f 560//931 106//931 541//931
f 142//932 561//932 542//932
f 142//933 542//933 143//933
f 561//934 562//934 543//934
f 561//935 543//935 542//935
f 562//936 563//936 544//936
f 562//937 544//937 543//937
f 563//938 564//938 545//938
f 563//939 545//939 544//939
f 564//940 565//940 546//940
f 564//941 546//941 545//941
f 565//942 566//942 547//942
f 565//943 547//943 546//943
f 566//944 567//944 548//944
f 566//945 548//945 547//945
f 567//946 568//946 549//946
f 567//947 549//947 548//947
f 568//948 569//948 550//948
f 568//949 550//949 549//949
f 569//950 570//950 551//950
f 569//951 551//951 550//951
f 570//952 571//952 552//952
f 570//953 552//953 551//953
f 571//954 572//954 553//954
f 571//955 553//955 552//955
f 572//956 573//956 554//956
f 572//957 554//957 553//957
f 573//958 574//958 555//958
f 573//959 555//959 554//959
f 574//960 575//960 556//960
f 574//961 556//961 555//961
f 575//962 576//962 557//962
f 575//963 557//963 556//963
f 576//964 577//964 558//964
f 576//965 558//965 557//965
f 577//966 578//966 559//966
f 577//967 559//967 558//967
f 578//968 579//968 560//968
f 578//969 560//969 559//969
f 579//970 101//970 104//970
f 579//971 104//971 560//971
f 99//972 580//972 581//972
f 99//973 581//973 10//973
f 580//974 582//974 583//974
f 580//975 583//975 581//975
f 582//976 584//976 585//976
f 582//977 585//977 583//977
f 584//978 586//978 587//978
f 584//979 587//979 585//979
f 586//980 588//980 589//980
f 586//981 589//981 587//981
f 588//982 590//982 591//982
f 588//983 591//983 589//983
f 590//984 592//984 593//984
f 590//985 593//985 591//985
f 592//986 594//986 595//986
f 592//987 595//987 593//987
f 594//988 596//988 597//988
f 594//989 597//989 595//989
f 596//990 598//990 599//990
f 596//991 599//991 597//991
f 598//992 600//992 601//992
f 598//993 601//993 599//993
f 600//994 602//994 603//994
f 600//995 603//995 601//995
f 602//996 604//996 605//996
f 602//997 605//997 603//997
f 604//998 606//998 607//998
f 604//999 607//999 605//999
f 606//1000 608//1000 609//1000
f 606//1001 609//1001 607//1001
f 608//1002 610//1002 611//1002
f 608//1003 611//1003 609//1003
f 610//1004 612//1004 613//1004
f 610//1005 613//1005 611//1005
f 612//1006 614//1006 615//1006
f 612//1007 615//1007 613//1007
f 614//1008 616//1008 617//1008
f 614//1009 617//1009 615//1009
f 616//1010 62//1010 13//1010
f 616//1011 13//1011 617//1011
f 97//1012 618//1012 580//1012
f 97//1013 580//1013 99//1013
f 618//1014 619//1014 582//1014
f 618//1015 582//1015 580//1015
f 619//1016 620//1016 584//1016
f 619//1017 584//1017 582//1017
f 620//1018 621//1018 586//1018
f 620//1019 586//1019 584//1019
f 621//1020 622//1020 588//1020
f 621//1021 588//1021 586//1021
f 622//1022 623//1022 590//1022
f 622//1023 590//1023 588//1023
f 623//1024 624//1024 592//1024
f 623//1025 592//1025 590//1025
f 624//1026 625//1026 594//1026
f 624//1027 594//1027 592//1027
f 625//1028 626//1028 596//1028
f 625//1029 596//1029 594//1029
f 626//1030 627//1030 598//1030
f 626//1031 598//1031 596//1031
f 627//1032 628//1032 600//1032
f 627//1033 600//1033 598//1033
f 628//1034 629//1034 602//1034
f 628//1035 602//1035 600//1035
f 629//1036 630//1036 604//1036
f 629//1037 604//1037 602//1037
f 630//1038 631//1038 606//1038
f 630//1039 606//1039 604//1039
f 631//1040 632//1040 608//1040
f 631//1041 608//1041 606//1041
f 632//1042 633//1042 610//1042
f 632//1043 610//1043 608//1043
f 633//1044 634//1044 612//1044
f 633//1045 612//1045 610//1045
f 634//1046 635//1046 614//1046
f 634//1047 614//1047 612//1047
f 635//1048 636//1048 616//1048
f 635//1049 616//1049 614//1049
f 636//1050 60//1050 62//1050
f 636//1051 62//1051 616//1051
f 95//1052 637//1052 618//1052
f 95//1053 618//1053 97//1053
f 637//1054 638//1054 619//1054
f 637//1055 619//1055 618//1055
f 638//1056 639//1056 620//1056
f 638//1057 620//1057 619//1057
f 639//1058 640//1058 621//1058
f 639//1059 621//1059 620//1059
f 640//1060 641//1060 622//1060
f 640//1061 622//1061 621//1061
f 641//1062 642//1062 623//1062
f 641//1063 623//1063 622//1063
f 642//1064 643//1064 624//1064
f 642//1065 624//1065 623//1065
f 643//1066 644//1066 625//1066
f 643//1067 625//1067 624//1067
f 644//1068 645//1068 626//1068
f 644//1069 626//1069 625//1069
f 645//1070 646//1070 627//1070
f 645//1071 627//1071 626//1071
f 646//1072 647//1072 628//1072
f 646//1073 628//1073 627//1073
f 647//1074 648//1074 629//1074
f 647//1075 629//1075 628//1075
f 648//1076 649//1076 630//1076
f 648//1077 630//1077 629//1077
f 649//1078 650//1078 631//1078
f 649//1079 631//1079 630//1079
f 650//1080 651//1080 632//1080
f 650//1081 632//1081 631//1081
f 651//1082 652//1082 633//1082
f 651//1083 633//1083 632//1083
f 652//1084 653//1084 634//1084
f 652//1085 634//1085 633//1085
f 653//1086 654//1086 635//1086
f 653//1087 635//1087 634//1087
f 654//1088 655//1088 636//1088
f 654//1089 636//1089 635//1089
f 655//1090 58//1090 60//1090
f 655//1091 60//1091 636//1091
f 93//1092 656//1092 637//1092
f 93//1093 637//1093 95//1093
f 656//1094 657//1094 638//1094
f 656//1095 638//1095 637//1095
f 657//1096 658//1096 639//1096
f 657//1097 639//1097 638//1097
f 658//1098 659//1098 640//1098
f 658//1099 640//1099 639//1099
f 659//1100 660//1100 641//1100
f 659//1101 641//1101 640//1101
f 660//1102 661//1102 642//1102
f 660//1103 642//1103 641//1103
f 661//1104 662//1104 643//1104
f 661//1105 643//1105 642//1105
f 662//1106 663//1106 644//1106
f 662//1107 644//1107 643//1107
f 663//1108 664//1108 645//1108
f 663//1109 645//1109 644//1109
f 664//1110 665//1110 646//1110
f 664//1111 646//1111 645//1111
f 665//1112 666//1112 647//1112
f 665//1113 647//1113 646//1113
f 666//1114 667//1114 648//1114
f 666//1115 648//1115 647//1115
f 667//1116 668//1116 649//1116
f 667//1117 649//1117 648//1117
f 668//1118 669//1118 650//1118
f 668//1119 650//1119 649//1119
f 669//1120 670//1120 651//1120
f 669//1121 651//1121 650//1121
f 670//1122 671//1122 652//1122
f 670//1123 652//1123 651//1123
f 671//1124 672//1124 653//1124
f 671//1125 653//1125 652//1125
f 672//1126 673//1126 654//1126
f 672//1127 654//1127 653//1127
f 673//1128 674//1128 655//1128
f 673//1129 655//1129 654//1129
f 674//1130 56//1130 58//1130
f 674//1131 58//1131 655//1131
f 91//1132 675//1132 656//1132
f 91//1133 656//1133 93//1133
f 675//1134 676//1134 657//1134
f 675//1135 657//1135 656//1135
f 676//1136 677//1136 658//1136
f 676//1137 658//1137 657//1137
f 677//1138 678//1138 659//1138
f 677//1139 659//1139 658//1139
f 678//1140 679//1140 660//1140
f 678//1141 660//1141 659//1141
f 679//1142 680//1142 661//1142
f 679//1143 661//1143 660//1143
f 680//1144 681//1144 662//1144
f 680//1145 662//1145 661//1145
f 681//1146 682//1146 663//1146
f 681//1147 663//1147 662//1147
f 682//1148 683//1148 664//1148
f 682//1149 664//1149 663//1149
f 683//1150 684//1150 665//1150
f 683//1151 665//1151 664//1151
f 684//1152 685//1152 666//1152
f 684//1153 666//1153 665//1153
f 685//1154 686//1154 667//1154
f 685//1155 667//1155 666//1155
f 686//1156 687//1156 668//1156
f 686//1157 668//1157 667//1157
f 687//1158 688//1158 669//1158
f 687//1159 669//1159 668//1159
f 688//1160 689//1160 670//1160
f 688//1161 670//1161 669//1161
f 689//1162 690//1162 671//1162
f 689//1163 671//1163 670//1163
f 690//1164 691//1164 672//1164
f 690//1165 672//1165 671//1165
f 691//1166 692//1166 673//1166
f 691//1167 673//1167 672//1167
f 692//1168 693//1168 674//1168
f 692//1169 674//1169 673//1169
f 693//1170 54//1170 56//1170
f 693//1171 56//1171 674//1171
f 89//1172 694//1172 675//1172
f 89//1173 675//1173 91//1173
f 694//1174 695//1174 676//1174
f 694//1175 676//1175 675//1175
f 695//1176 696//1176 677//1176
f 695//1177 677//1177 676//1177
f 696//1178 697//1178 678//1178
f 696//1179 678//1179 677//1179
f 697//1180 698//1180 679//1180
f 697//1181 679//1181 678//1181
f 698//1182 699//1182 680//1182
f 698//1183 680//1183 679//1183
f 699//1184 700//1184 681//1184
f 699//1185 681//1185 680//1185
f 700//1186 701//1186 682//1186
f 700//1187 682//1187 681//1187
f 701//1188 702//1188 683//1188
f 701//1189 683//1189 682//1189
f 702//1190 703//1190 684//1190
f 702//1191 684//1191 683//1191
f 703//1192 704//1192 685//1192
f 703//1193 685//1193 684//1193
f 704//1194 705//1194 686//1194
f 704//1195 686//1195 685//1195
f 705//1196 706//1196 687//1196
f 705//1197 687//1197 686//1197
f 706//1198 707//1198 688//1198
f 706//1199 688//1199 687//1199
f 707//1200 708//1200 689//1200
f 707//1201 689//1201 688//1201
f 708//1202 709//1202 690//1202
f 708//1203 690//1203 689//1203
f 709//1204 710//1204 691//1204
f 709//1205 691//1205 690//1205
f 710//1206 711//1206 692//1206
f 710//1207 692//1207 691//1207
f 711//1208 712//1208 693//1208
f 711//1209 693//1209 692//1209
f 712//1210 52//1210 54//1210
f 712//1211 54//1211 693//1211
f 87//1212 713//1212 694//1212
f 87//1213 694//1213 89//1213
f 713//1214 714//1214 695//1214
f 713//1215 695//1215 694//1215
f 714//1216 715//1216 696//1216
f 714//1217 696//1217 695//1217
f 715//1218 716//1218 697//1218
f 715//1219 697//1219 696//1219
f 716//1220 717//1220 698//1220
f 716//1221 698//1221 697//1221
f 717//1222 718//1222 699//1222
f 717//1223 699//1223 698//1223
f 718//1224 719//1224 700//1224
f 718//1225 700//1225 699//1225
f 719//1226 720//1226 701//1226
f 719//1227 701//1227 700//1227
f 720//1228 721//1228 702//1228
f 720//1229 702//1229 701//1229
f 721//1230 722//1230 703//1230
f 721//1231 703//1231 702//1231
f 722//1232 723//1232 704//1232
f 722//1232 704//1232 703//1232
f 723//1233 724//1233 705//1233
f 723//1233 705//1233 704//1233
f 724//1234 725//1234 706//1234
f 724//1235 706//1235 705//1235
f 725//1236 726//1236 707//1236
f 725//1237 707//1237 706//1237
f 726//1238 727//1238 708//1238
f 726//1239 708//1239 707//1239
f 727//1240 728//1240 709//1240
f 727//1241 709//1241 708//1241
f 728//1242 729//1242 710//1242
f 728//1243 710//1243 709//1243
f 729//1244 730//1244 711//1244
f 729//1245 711//1245 710//1245
f 730//1246 731//1246 712//1246
f 730//1247 712//1247 711//1247
f 731//1248 50//1248 52//1248
f 731//1249 52//1249 712//1249
f 85//1250 732//1250 713//1250
f 85//1251 713//1251 87//1251
f 732//1252 733//1252 714//1252
f 732//1253 714//1253 713//1253
f 733//1254 734//1254 715//1254
f 733//1255 715//1255 714//1255
f 734//1256 735//1256 716//1256
f 734//1257 716//1257 715//1257
f 735//1258 736//1258 717//1258
f 735//1259 717//1259 716//1259
f 736//1260 737//1260 718//1260
f 736//1260 718//1260 717//1260
f 737//1261 738//1261 719//1261
f 737//1262 719//1262 718//1262
f 738//1263 739//1263 720//1263
f 738//1264 720//1264 719//1264
f 739//1265 740//1265 721//1265
f 739//1265 721//1265 720//1265
f 740//1266 741//1266 722//1266
f 740//1230 722//1230 721//1230
f 741//1232 742//1232 723//1232
f 741//1232 723//1232 722//1232
f 742//1233 743//1233 724//1233
f 742//1233 724//1233 723//1233
f 743//1267 744//1267 725//1267
f 743//1268 725//1268 724//1268
f 744//1269 745//1269 726//1269
f 744//1270 726//1270 725//1270
f 745//1271 746//1271 727//1271
f 745//1272 727//1272 726//1272
f 746//1273 747//1273 728//1273
f 746//1274 728//1274 727//1274
f 747//1275 748//1275 729//1275
f 747//1276 729//1276 728//1276
f 748//1277 749//1277 730//1277
f 748//1278 730//1278 729//1278
f 749//1279 750//1279 731//1279
f 749//1280 731//1280 730//1280
f 750//1281 48//1281 50//1281
f 750//1282 50//1282 731//1282
f 83//1283 751//1283 732//1283
f 83//1250 732//1250 85//1250
f 751//1284 752//1284 733//1284
f 751//1285 733//1285 732//1285
f 752//1286 753//1286 734//1286
f 752//1287 734//1287 733//1287
f 753//1288 754//1288 735//1288
f 753//1289 735//1289 734//1289
f 754//1290 755//1290 736//1290
f 754//1291 736//1291 735//1291
f 755//1292 756//1292 737//1292
f 755//1293 737//1293 736//1293
f 756//1294 757//1294 738//1294
f 756//1295 738//1295 737//1295
f 757//1296 758//1296 739//1296
f 757//1297 739//1297 738//1297
f 758//1265 759//1265 740//1265
f 758//1265 740//1265 739//1265
f 759//1266 760//1266 741//1266
f 759//1266 741//1266 740//1266
f 760//1232 761//1232 742//1232
f 760//1232 742//1232 741//1232
f 761//1233 762//1233 743//1233
f 761//1233 743//1233 742//1233
f 762//1298 763//1298 744//1298
f 762//1299 744//1299 743//1299
f 763//1300 764//1300 745//1300
f 763//1301 745//1301 744//1301
f 764//1302 765//1302 746//1302
f 764//1303 746//1303 745//1303
f 765//1304 766//1304 747//1304
f 765//1305 747//1305 746//1305
f 766//1306 767//1306 748//1306
f 766//1307 748//1307 747//1307
f 767//1308 768//1308 749//1308
f 767//1277 749//1277 748//1277
f 768//1309 769//1309 750//1309
f 768//1310 750//1310 749//1310
f 769//1311 46//1311 48//1311
f 769//1312 48//1312 750//1312
f 81//1313 770//1313 751//1313
f 81//1314 751//1314 83//1314
f 770//1315 771//1315 752//1315
f 770//1284 752//1284 751//1284
f 771//1316 772//1316 753//1316
f 771//1317 753//1317 752//1317
f 772//1318 773//1318 754//1318
f 772//1319 754//1319 753//1319
f 773//1320 774//1320 755//1320
f 773//1321 755//1321 754//1321
f 774//1322 775//1322 756//1322
f 774//1323 756//1323 755//1323
f 775//1324 776//1324 757//1324
f 775//1325 757//1325 756//1325
f 776//1326 777//1326 758//1326
f 776//1327 758//1327 757//1327
f 777//1328 778//1328 759//1328
f 777//1265 759//1265 758//1265
f 778//1266 779//1266 760//1266
f 778//1266 760//1266 759//1266
f 779//1232 780//1232 761//1232
f 779//1232 761//1232 760//1232
f 780//1233 781//1233 762//1233
f 780//1233 762//1233 761//1233
f 781//1329 782//1329 763//1329
f 781//1330 763//1330 762//1330
f 782//1331 783//1331 764//1331
f 782//1332 764//1332 763//1332
f 783//1333 784//1333 765//1333
f 783//1334 765//1334 764//1334
f 784//1335 785//1335 766//1335
f 784//1336 766//1336 765//1336
f 785//1337 786//1337 767//1337
f 785//1338 767//1338 766//1338
f 786//1339 787//1339 768//1339
f 786//1340 768//1340 767//1340
f 787//1341 788//1341 769//1341
f 787//1342 769//1342 768//1342
f 788//1343 44//1343 46//1343
f 788//1344 46//1344 769//1344
f 79//1345 789//1345 770//1345
f 79//1346 770//1346 81//1346
f 789//1347 790//1347 771//1347
f 789//1348 771//1348 770//1348
f 790//1349 791//1349 772//1349
f 790//1350 772//1350 771//1350
f 791//1351 792//1351 773//1351
f 791//1352 773//1352 772//1352
f 792//1353 793//1353 774//1353
f 792//1354 774//1354 773//1354
f 793//1355 794//1355 775//1355
f 793//1356 775//1356 774//1356
f 794//1357 795//1357 776//1357
f 794//1358 776//1358 775//1358
f 795//1359 796//1359 777//1359
f 795//1360 777//1360 776//1360
f 796//1361 797//1361 778//1361
f 796//1362 778//1362 777//1362
f 797//1363 798//1363 779//1363
f 797//1364 779//1364 778//1364
f 798//1365 799//1365 780//1365
f 798//1363 780//1363 779//1363
f 799//1366 800//1366 781//1366
f 799//1367 781//1367 780//1367
f 800//1368 801//1368 782//1368
f 800//1368 782//1368 781//1368
f 801//1369 802//1369 783//1369
f 801//1370 783//1370 782//1370
f 802//1371 803//1371 784//1371
f 802//1372 784//1372 783//1372
f 803//1373 804//1373 785//1373
f 803//1374 785//1374 784//1374
f 804//1375 805//1375 786//1375
f 804//1376 786//1376 785//1376
f 805//1377 806//1377 787//1377
f 805//1378 787//1378 786//1378
f 806//1379 807//1379 788//1379
f 806//1380 788//1380 787//1380
f 807//1381 42//1381 44//1381
f 807//1382 44//1382 788//1382
f 77//1383 808//1383 789//1383
f 77//1384 789//1384 79//1384
f 808//1385 809//1385 790//1385
f 808//1347 790//1347 789//1347
f 809//1386 810//1386 791//1386
f 809//1387 791//1387 790//1387
f 810//1388 811//1388 792//1388
f 810//1389 792//1389 791//1389
f 811//1390 812//1390 793//1390
f 811//1391 793//1391 792//1391
f 812//1392 813//1392 794//1392
f 812//1392 794//1392 793//1392
f 813//1393 814//1393 795//1393
f 813//1394 795//1394 794//1394
f 814//1395 815//1395 796//1395
f 814//1396 796//1396 795//1396
f 815//1397 816//1397 797//1397
f 815//1398 797//1398 796//1398
f 816//1399 817//1399 798//1399
f 816//1366 798//1366 797//1366
f 817//1400 818//1400 799//1400
f 817//1401 799//1401 798//1401
f 818//1402 819//1402 800//1402
f 818//1403 800//1403 799//1403
f 819//1404 820//1404 801//1404
f 819//1329 801//1329 800//1329
f 820//1405 821//1405 802//1405
f 820//1406 802//1406 801//1406
f 821//1407 822//1407 803//1407
f 821//1408 803//1408 802//1408
f 822//1409 823//1409 804//1409
f 822//1410 804//1410 803//1410
f 823//1411 824//1411 805//1411
f 823//1412 805//1412 804//1412
f 824//1413 825//1413 806//1413
f 824//1414 806//1414 805//1414
f 825//1415 826//1415 807//1415
f 825//1416 807//1416 806//1416
f 826//1417 40//1417 42//1417
f 826//1417 42//1417 807//1417
f 75//1418 827//1418 808//1418
f 75//1419 808//1419 77//1419
f 827//1420 828//1420 809//1420
f 827//1421 809//1421 808//1421
f 828//1422 829//1422 810//1422
f 828//1423 810//1423 809//1423
f 829//1424 830//1424 811//1424
f 829//1425 811//1425 810//1425
f 830//1426 831//1426 812//1426
f 830//1427 812//1427 811//1427
f 831//1428 832//1428 813//1428
f 831//1429 813//1429 812//1429
f 832//1430 833//1430 814//1430
f 832//1431 814//1431 813//1431
f 833//1432 834//1432 815//1432
f 833//1433 815//1433 814//1433
f 834//1434 835//1434 816//1434
f 834//1397 816//1397 815//1397
f 835//1192 836//1192 817//1192
f 835//1435 817//1435 816//1435
f 836//1436 837//1436 818//1436
f 836//1437 818//1437 817//1437
f 837//1438 838//1438 819//1438
f 837//1439 819//1439 818//1439
f 838//1440 839//1440 820//1440
f 838//1440 820//1440 819//1440
f 839//1441 840//1441 821//1441
f 839//1442 821//1442 820//1442
f 840//1443 841//1443 822//1443
f 840//1444 822//1444 821//1444
f 841//1445 842//1445 823//1445
f 841//1446 823//1446 822//1446
f 842//1447 843//1447 824//1447
f 842//1448 824//1448 823//1448
f 843//1449 844//1449 825//1449
f 843//1450 825//1450 824//1450
f 844//1451 845//1451 826//1451
f 844//1452 826//1452 825//1452
f 845//1453 38//1453 40//1453
f 845//1454 40//1454 826//1454
f 73//1455 846//1455 827//1455
f 73//1418 827//1418 75//1418
f 846//1456 847//1456 828//1456
f 846//1457 828//1457 827//1457
f 847//1458 848//1458 829//1458
f 847//1459 829//1459 828//1459
f 848//1460 849//1460 830//1460
f 848//1461 830//1461 829//1461
f 849//1462 850//1462 831//1462
f 849//1463 831//1463 830//1463
f 850//1464 851//1464 832//1464
f 850//1465 832//1465 831//1465
f 851//1466 852//1466 833//1466
f 851//1467 833//1467 832//1467
f 852//1468 853//1468 834//1468
f 852//1469 834//1469 833//1469
f 853//1470 854//1470 835//1470
f 853//1471 835//1471 834//1471
f 854//1472 855//1472 836//1472
f 854//1232 836//1232 835//1232
f 855//1473 856//1473 837//1473
f 855//1474 837//1474 836//1474
f 856//1475 857//1475 838//1475
f 856//1476 838//1476 837//1476
f 857//1299 858//1299 839//1299
f 857//1440 839//1440 838//1440
f 858//1477 859//1477 840//1477
f 858//1478 840//1478 839//1478
f 859//1479 860//1479 841//1479
f 859//1480 841//1480 840//1480
f 860//1481 861//1481 842//1481
f 860//1445 842//1445 841//1445
f 861//1482 862//1482 843//1482
f 861//1483 843//1483 842//1483
f 862//1484 863//1484 844//1484
f 862//1485 844//1485 843//1485
f 863//1486 864//1486 845//1486
f 863//1487 845//1487 844//1487
f 864//1488 36//1488 38//1488
f 864//1489 38//1489 845//1489
f 71//1490 865//1490 846//1490
f 71//1491 846//1491 73//1491
f 865//1492 866//1492 847//1492
f 865//1493 847//1493 846//1493
f 866//1494 867//1494 848//1494
f 866//1495 848//1495 847//1495
f 867//1496 868//1496 849//1496
f 867//1497 849//1497 848//1497
f 868//1498 869//1498 850//1498
f 868//1499 850//1499 849//1499
f 869//1500 870//1500 851//1500
f 869//1501 851//1501 850//1501
f 870//1502 871//1502 852//1502
f 870//1503 852//1503 851//1503
f 871//1504 872//1504 853//1504
f 871//1505 853//1505 852//1505
f 872//1506 873//1506 854//1506
f 872//1507 854//1507 853//1507
f 873//1231 874//1231 855//1231
f 873//1230 855//1230 854//1230
f 874//1508 875//1508 856//1508
f 874//1508 856//1508 855//1508
f 875//1233 876//1233 857//1233
f 875//1475 857//1475 856//1475
f 876//1509 877//1509 858//1509
f 876//1299 858//1299 857//1299
f 877//1510 878//1510 859//1510
f 877//1477 859//1477 858//1477
f 878//1511 879//1511 860//1511
f 878//1512 860//1512 859//1512
f 879//1513 880//1513 861//1513
f 879//1481 861//1481 860//1481
f 880//1514 881//1514 862//1514
f 880//1515 862//1515 861//1515
f 881//1516 882//1516 863//1516
f 881//1517 863//1517 862//1517
f 882//1518 883//1518 864//1518
f 882//1519 864//1519 863//1519
f 883//1520 34//1520 36//1520
f 883//1521 36//1521 864//1521
f 69//1522 884//1522 865//1522
f 69//1523 865//1523 71//1523
f 884//1524 885//1524 866//1524
f 884//1525 866//1525 865//1525
f 885//1526 886//1526 867//1526
f 885//1527 867//1527 866//1527
f 886//1528 887//1528 868//1528
f 886//1529 868//1529 867//1529
f 887//1530 888//1530 869//1530
f 887//1531 869//1531 868//1531
f 888//1532 889//1532 870//1532
f 888//1533 870//1533 869//1533
f 889//1534 890//1534 871//1534
f 889//1535 871//1535 870//1535
f 890//1536 891//1536 872//1536
f 890//1537 872//1537 871//1537
f 891//1538 892//1538 873//1538
f 891//1539 873//1539 872//1539
f 892//1540 893//1540 874//1540
f 892//1540 874//1540 873//1540
f 893//1366 894//1366 875//1366
f 893//1366 875//1366 874//1366
f 894//1541 895//1541 876//1541
f 894//1541 876//1541 875//1541
f 895//1542 896//1542 877//1542
f 895//1542 877//1542 876//1542
f 896//1543 897//1543 878//1543
f 896//1510 878//1510 877//1510
f 897//1544 898//1544 879//1544
f 897//1545 879//1545 878//1545
f 898//1546 899//1546 880//1546
f 898//1513 880//1513 879//1513
f 899//1547 900//1547 881//1547
f 899//1548 881//1548 880//1548
f 900//1549 901//1549 882//1549
f 900//1550 882//1550 881//1550
f 901//1551 902//1551 883//1551
f 901//1552 883//1552 882//1552
f 902//1553 32//1553 34//1553
f 902//1554 34//1554 883//1554
f 67//1555 903//1555 884//1555
f 67//1556 884//1556 69//1556
f 903//1557 904//1557 885//1557
f 903//1558 885//1558 884//1558
f 904//1559 905//1559 886//1559
f 904//1560 886//1560 885//1560
f 905//1561 906//1561 887//1561
f 905//1562 887//1562 886//1562
f 906//1563 907//1563 888//1563
f 906//1564 888//1564 887//1564
f 907//1565 908//1565 889//1565
f 907//1566 889//1566 888//1566
f 908//1567 909//1567 890//1567
f 908//1568 890//1568 889//1568
f 909//1569 910//1569 891//1569
f 909//1570 891//1570 890//1570
f 910//1571 911//1571 892//1571
f 910//1572 892//1572 891//1572
f 911//1573 912//1573 893//1573
f 911//1573 893//1573 892//1573
f 912//1574 913//1574 894//1574
f 912//1574 894//1574 893//1574
f 913//1575 914//1575 895//1575
f 913//1575 895//1575 894//1575
f 914//1576 915//1576 896//1576
f 914//1576 896//1576 895//1576
f 915//1577 916//1577 897//1577
f 915//1578 897//1578 896//1578
f 916//1579 917//1579 898//1579
f 916//1580 898//1580 897//1580
f 917//1581 918//1581 899//1581
f 917//1582 899//1582 898//1582
f 918//1583 919//1583 900//1583
f 918//1584 900//1584 899//1584
f 919//1585 920//1585 901//1585
f 919//1586 901//1586 900//1586
f 920//1587 921//1587 902//1587
f 920//1588 902//1588 901//1588
f 921//1589 30//1589 32//1589
f 921//1590 32//1590 902//1590
f 65//1591 922//1591 903//1591
f 65//1592 903//1592 67//1592
f 922//1593 923//1593 904//1593
f 922//1594 904//1594 903//1594
f 923//1595 924//1595 905//1595
f 923//1596 905//1596 904//1596
f 924//1597 925//1597 906//1597
f 924//1598 906//1598 905//1598
f 925//1599 926//1599 907//1599
f 925//1600 907//1600 906//1600
f 926//1601 927//1601 908//1601
f 926//1602 908//1602 907//1602
f 927//1603 928//1603 909//1603
f 927//1604 909//1604 908//1604
f 928//1605 929//1605 910//1605
f 928//1606 910//1606 909//1606
f 929//1607 930//1607 911//1607
f 929//1608 911//1608 910//1608
f 930//1609 931//1609 912//1609
f 930//1610 912//1610 911//1610
f 931//1611 932//1611 913//1611
f 931//1611 913//1611 912//1611
f 932//1612 933//1612 914//1612
f 932//1612 914//1612 913//1612
f 933//1613 934//1613 915//1613
f 933//1613 915//1613 914//1613
f 934//1614 935//1614 916//1614
f 934//1615 916//1615 915//1615
f 935//1616 936//1616 917//1616
f 935//1617 917//1617 916//1617
f 936//1618 937//1618 918//1618
f 936//1619 918//1619 917//1619
f 937//1620 938//1620 919//1620
f 937//1621 919//1621 918//1621
f 938//1622 939//1622 920//1622
f 938//1623 920//1623 919//1623
f 939//1624 940//1624 921//1624
f 939//1625 921//1625 920//1625
f 940//1626 28//1626 30//1626
f 940//1627 30//1627 921//1627
f 63//1628 941//1628 922//1628
f 63//1629 922//1629 65//1629
f 941//1630 942//1630 923//1630
f 941//1631 923//1631 922//1631
f 942//1632 943//1632 924//1632
f 942//1633 924//1633 923//1633
f 943//1634 944//1634 925//1634
f 943//1635 925//1635 924//1635
f 944//1636 945//1636 926//1636
f 944//1637 926//1637 925//1637
f 945//1638 946//1638 927//1638
f 945//1639 927//1639 926//1639
f 946//1640 947//1640 928//1640
f 946//1641 928//1641 927//1641
f 947//1642 948//1642 929//1642
f 947//1643 929//1643 928//1643
f 948//1644 949//1644 930//1644
f 948//1645 930//1645 929//1645
f 949//1646 950//1646 931//1646
f 949//1646 931//1646 930//1646
f 950//1647 951//1647 932//1647
f 950//1647 932//1647 931//1647
f 951//1648 952//1648 933//1648
f 951//1648 933//1648 932//1648
f 952//1649 953//1649 934//1649
f 952//1649 934//1649 933//1649
f 953//1650 954//1650 935//1650
f 953//1650 935//1650 934//1650
f 954//1651 955//1651 936//1651
f 954//1652 936//1652 935//1652
f 955//1653 956//1653 937//1653
f 955//1654 937//1654 936//1654
f 956//1655 957//1655 938//1655
f 956//1656 938//1656 937//1656
f 957//1657 958//1657 939//1657
f 957//1658 939//1658 938//1658
f 958//1659 959//1659 940//1659
f 958//1660 940//1660 939//1660
f 959//1661 26//1661 28//1661
f 959//1662 28//1662 940//1662
f 19//1663 18//1663 941//1663
f 19//1664 941//1664 63//1664
f 18//1665 960//1665 942//1665
f 18//1666 942//1666 941//1666
f 960//1667 961//1667 943//1667
f 960//1668 943//1668 942//1668
f 961//1669 962//1669 944//1669
f 961//1670 944//1670 943//1670
f 962//1671 963//1671 945//1671
f 962//1672 945//1672 944//1672
f 963//1673 964//1673 946//1673
f 963//1674 946//1674 945//1674
f 964//1675 965//1675 947//1675
f 964//1676 947//1676 946//1676
f 965//1677 966//1677 948//1677
f 965//1678 948//1678 947//1678
f 966//1679 967//1679 949//1679
f 966//1680 949//1680 948//1680
f 967//1681 968//1681 950//1681
f 967//1682 950//1682 949//1682
f 968//1683 969//1683 951//1683
f 968//1683 951//1683 950//1683
f 969//1684 970//1684 952//1684
f 969//1685 952//1685 951//1685
f 970//1686 971//1686 953//1686
f 970//1687 953//1687 952//1687
f 971//1688 972//1688 954//1688
f 971//1689 954//1689 953//1689
f 972//1690 973//1690 955//1690
f 972//1691 955//1691 954//1691
f 973//1692 974//1692 956//1692
f 973//1693 956//1693 955//1693
f 974//1694 975//1694 957//1694
f 974//1695 957//1695 956//1695
f 975//1696 976//1696 958//1696
f 975//1697 958//1697 957//1697
f 976//1698 977//1698 959//1698
f 976//1699 959//1699 958//1699
f 977//1700 23//1700 26//1700
f 977//1701 26//1701 959//1701
f 12//1702 11//1702 978//1702
f 12//1703 978//1703 979//1703
f 979//1704 978//1704 980//1704
f 979//1705 980//1705 981//1705
f 981//1706 980//1706 982//1706
f 981//1707 982//1707 983//1707
f 983//1708 982//1708 984//1708
f 983//1709 984//1709 985//1709
f 985//1710 984//1710 986//1710
f 985//1711 986//1711 987//1711
f 987//1712 986//1712 988//1712
f 987//1713 988//1713 989//1713
f 989//1714 988//1714 990//1714
f 989//1715 990//1715 991//1715
f 991//1716 990//1716 992//1716
f 991//1717 992//1717 993//1717
f 993//1718 992//1718 994//1718
f 993//1719 994//1719 995//1719
f 995//1720 994//1720 996//1720
f 995//1721 996//1721 997//1721
f 997//1722 996//1722 998//1722
f 997//1723 998//1723 999//1723
f 999//1724 998//1724 1000//1724
f 999//1725 1000//1725 1001//1725
f 1001//1726 1000//1726 1002//1726
f 1001//1727 1002//1727 1003//1727
f 1003//1728 1002//1728 1004//1728
f 1003//1729 1004//1729 1005//1729
f 1005//1730 1004//1730 1006//1730
f 1005//1731 1006//1731 1007//1731
f 1007//1732 1006//1732 1008//1732
f 1007//1733 1008//1733 1009//1733
f 1009//1734 1008//1734 1010//1734
f 1009//1735 1010//1735 1011//1735
f 1011//1736 1010//1736 1012//1736
f 1011//1737 1012//1737 1013//1737
f 1013//1738 1012//1738 1014//1738
f 1013//1739 1014//1739 1015//1739
f 1015//1740 1014//1740 16//1740
f 1015//1741 16//1741 21//1741
f 1016//1742 24//1742 23//1742
f 1016//1743 23//1743 1017//1743
f 1017//1744 23//1744 977//1744
f 1017//1745 977//1745 1018//1745
f 1018//1746 977//1746 976//1746
f 1018//1747 976//1747 1019//1747
f 1019//1748 976//1748 975//1748
f 1019//1749 975//1749 1020//1749
f 1020//1750 975//1750 974//1750
f 1020//1751 974//1751 1021//1751
f 1021//1752 974//1752 973//1752
f 1021//1753 973//1753 1022//1753
f 1022//1754 973//1754 972//1754
f 1022//1755 972//1755 1023//1755
f 1023//1756 972//1756 971//1756
f 1023//1757 971//1757 1024//1757
f 1024//1758 971//1758 970//1758
f 1024//1759 970//1759 1025//1759
f 1025//1760 970//1760 969//1760
f 1025//1761 969//1761 1026//1761
f 1026//1762 969//1762 968//1762
f 1026//1763 968//1763 1027//1763
f 1027//1764 968//1764 967//1764
f 1027//1765 967//1765 1028//1765
f 1028//1766 967//1766 966//1766
f 1028//1767 966//1767 1029//1767
f 1029//1768 966//1768 965//1768
f 1029//1769 965//1769 1030//1769
f 1030//1770 965//1770 964//1770
f 1030//1771 964//1771 1031//1771
f 1031//1772 964//1772 963//1772
f 1031//1773 963//1773 1032//1773
f 1032//1774 963//1774 962//1774
f 1032//1775 962//1775 1033//1775
f 1033//1776 962//1776 961//1776
f 1033//1777 961//1777 1034//1777
f 1034//1778 961//1778 960//1778
f 1034//1779 960//1779 1035//1779
f 1035//1780 960//1780 18//1780
f 1035//1781 18//1781 17//1781
f 10//1782 581//1782 978//1782
f 10//1783 978//1783 11//1783
f 581//1784 583//1784 980//1784
f 581//1785 980//1785 978//1785
f 583//1786 585//1786 982//1786
f 583//1787 982//1787 980//1787
f 585//1788 587//1788 984//1788
f 585//1789 984//1789 982//1789
f 587//1790 589//1790 986//1790
f 587//1791 986//1791 984//1791
f 589//1792 591//1792 988//1792
f 589//1793 988//1793 986//1793
f 591//1794 593//1794 990//1794
f 591//1795 990//1795 988//1795
f 593//1796 595//1796 992//1796
f 593//1797 992//1797 990//1797
f 595//1798 597//1798 994//1798
f 595//1799 994//1799 992//1799
f 597//1800 599//1800 996//1800
f 597//1801 996//1801 994//1801
f 599//1802 601//1802 998//1802
f 599//1803 998//1803 996//1803
f 601//1804 603//1804 1000//1804
f 601//1805 1000//1805 998//1805
f 603//1806 605//1806 1002//1806
f 603//1807 1002//1807 1000//1807
f 605//1808 607//1808 1004//1808
f 605//1809 1004//1809 1002//1809
f 607//1810 609//1810 1006//1810
f 607//1811 1006//1811 1004//1811
f 609//1812 611//1812 1008//1812
f 609//1813 1008//1813 1006//1813
f 611//1814 613//1814 1010//1814
f 611//1815 1010//1815 1008//1815
f 613//1816 615//1816 1012//1816
f 613//1817 1012//1817 1010//1817
f 615//1818 617//1818 1014//1818
f 615//1819 1014//1819 1012//1819
f 617//1820 13//1820 16//1820
f 617//1821 16//1821 1014//1821
f 2//1822 182//1822 1036//1822
f 2//1823 1036//1823 3//1823
f 182//1824 184//1824 1037//1824
f 182//1825 1037//1825 1036//1825
f 184//1826 186//1826 1038//1826
f 184//1827 1038//1827 1037//1827
f 186//1828 188//1828 1039//1828
f 186//1829 1039//1829 1038//1829
f 188//1830 190//1830 1040//1830
f 188//1831 1040//1831 1039//1831
f 190//1832 192//1832 1041//1832
f 190//1833 1041//1833 1040//1833
f 192//1834 194//1834 1042//1834
f 192//1835 1042//1835 1041//1835
f 194//1836 196//1836 1043//1836
f 194//1837 1043//1837 1042//1837
f 196//1838 198//1838 1044//1838
f 196//1839 1044//1839 1043//1839
f 198//1840 200//1840 1045//1840
f 198//1841 1045//1841 1044//1841
f 200//1842 202//1842 1046//1842
f 200//1843 1046//1843 1045//1843
f 202//1844 204//1844 1047//1844
f 202//1845 1047//1845 1046//1845
f 204//1846 206//1846 1048//1846
f 204//1847 1048//1847 1047//1847
f 206//1848 208//1848 1049//1848
f 206//1849 1049//1849 1048//1849
f 208//1850 210//1850 1050//1850
f 208//1851 1050//1851 1049//1851
f 210//1852 212//1852 1051//1852
f 210//1853 1051//1853 1050//1853
f 212//1854 214//1854 1052//1854
f 212//1855 1052//1855 1051//1855
f 214//1856 216//1856 1053//1856
f 214//1857 1053//1857 1052//1857
f 216//1858 218//1858 1054//1858
f 216//1859 1054//1859 1053//1859
f 218//1860 5//1860 8//1860
f 218//1861 8//1861 1054//1861
f 579//1862 1055//1862 1056//1862
f 579//1863 1056//1863 101//1863
f 1055//1864 1057//1864 1058//1864
f 1055//1865 1058//1865 1056//1865
f 1057//1866 1059//1866 1060//1866
f 1057//1867 1060//1867 1058//1867
f 1059//1868 1061//1868 1062//1868
f 1059//1869 1062//1869 1060//1869
f 1061//1870 1063//1870 1064//1870
f 1061//1871 1064//1871 1062//1871
f 1063//1872 1065//1872 1066//1872
f 1063//1873 1066//1873 1064//1873
f 1065//1874 1067//1874 1068//1874
f 1065//1875 1068//1875 1066//1875
f 1067//1876 1069//1876 1070//1876
f 1067//1877 1070//1877 1068//1877
f 1069//1878 1071//1878 1072//1878
f 1069//1879 1072//1879 1070//1879
f 1071//1880 1073//1880 1074//1880
f 1071//1881 1074//1881 1072//1881
f 1073//1882 1075//1882 1076//1882
f 1073//1883 1076//1883 1074//1883
f 1075//1884 1077//1884 1078//1884
f 1075//1885 1078//1885 1076//1885
f 1077//1886 1079//1886 1080//1886
f 1077//1887 1080//1887 1078//1887
f 1079//1888 1081//1888 1082//1888
f 1079//1889 1082//1889 1080//1889
f 1081//1890 1083//1890 1084//1890
f 1081//1891 1084//1891 1082//1891
f 1083//1892 1085//1892 1086//1892
f 1083//1893 1086//1893 1084//1893
f 1085//1894 1087//1894 1088//1894
f 1085//1895 1088//1895 1086//1895
f 1087//1896 1089//1896 1090//1896
f 1087//1897 1090//1897 1088//1897
f 1089//1898 1091//1898 1092//1898
f 1089//1899 1092//1899 1090//1899
f 1091//1900 1035//1900 17//1900
f 1091//1901 17//1901 1092//1901
f 578//1902 1093//1902 1055//1902
f 578//1903 1055//1903 579//1903
f 1093//1904 1094//1904 1057//1904
f 1093//1905 1057//1905 1055//1905
f 1094//1906 1095//1906 1059//1906
f 1094//1907 1059//1907 1057//1907
f 1095//1908 1096//1908 1061//1908
f 1095//1909 1061//1909 1059//1909
f 1096//1910 1097//1910 1063//1910
f 1096//1911 1063//1911 1061//1911
f 1097//1912 1098//1912 1065//1912
f 1097//1913 1065//1913 1063//1913
f 1098//1914 1099//1914 1067//1914
f 1098//1915 1067//1915 1065//1915
f 1099//1916 1100//1916 1069//1916
f 1099//1917 1069//1917 1067//1917
f 1100//1918 1101//1918 1071//1918
f 1100//1919 1071//1919 1069//1919
f 1101//1920 1102//1920 1073//1920
f 1101//1921 1073//1921 1071//1921
f 1102//1922 1103//1922 1075//1922
f 1102//1923 1075//1923 1073//1923
f 1103//1924 1104//1924 1077//1924
f 1103//1925 1077//1925 1075//1925
f 1104//1926 1105//1926 1079//1926
f 1104//1927 1079//1927 1077//1927
f 1105//1928 1106//1928 1081//1928
f 1105//1929 1081//1929 1079//1929
f 1106//1930 1107//1930 1083//1930
f 1106//1931 1083//1931 1081//1931
f 1107//1932 1108//1932 1085//1932
f 1107//1933 1085//1933 1083//1933
f 1108//1934 1109//1934 1087//1934
f 1108//1935 1087//1935 1085//1935
f 1109//1936 1110//1936 1089//1936
f 1109//1937 1089//1937 1087//1937
f 1110//1938 1111//1938 1091//1938
f 1110//1939 1091//1939 1089//1939
f 1111//1940 1034//1940 1035//1940
f 1111//1941 1035//1941 1091//1941
f 577//1942 1112//1942 1093//1942
f 577//1943 1093//1943 578//1943
f 1112//1944 1113//1944 1094//1944
f 1112//1945 1094//1945 1093//1945
f 1113//1946 1114//1946 1095//1946
f 1113//1947 1095//1947 1094//1947
f 1114//1948 1115//1948 1096//1948
f 1114//1949 1096//1949 1095//1949
f 1115//1950 1116//1950 1097//1950
f 1115//1951 1097//1951 1096//1951
f 1116//1952 1117//1952 1098//1952
f 1116//1953 1098//1953 1097//1953
f 1117//1954 1118//1954 1099//1954
f 1117//1955 1099//1955 1098//1955
f 1118//1956 1119//1956 1100//1956
f 1118//1957 1100//1957 1099//1957
f 1119//1958 1120//1958 1101//1958
f 1119//1959 1101//1959 1100//1959
f 1120//1960 1121//1960 1102//1960
f 1120//1961 1102//1961 1101//1961
f 1121//1962 1122//1962 1103//1962
f 1121//1963 1103//1963 1102//1963
f 1122//1964 1123//1964 1104//1964
f 1122//1965 1104//1965 1103//1965
f 1123//1966 1124//1966 1105//1966
f 1123//1967 1105//1967 1104//1967
f 1124//1968 1125//1968 1106//1968
f 1124//1969 1106//1969 1105//1969
f 1125//1970 1126//1970 1107//1970
f 1125//1971 1107//1971 1106//1971
f 1126//1972 1127//1972 1108//1972
f 1126//1973 1108//1973 1107//1973
f 1127//1974 1128//1974 1109//1974
f 1127//1975 1109//1975 1108//1975
f 1128//1976 1129//1976 1110//1976
f 1128//1977 1110//1977 1109//1977
f 1129//1978 1130//1978 1111//1978
f 1129//1979 1111//1979 1110//1979
f 1130//1980 1033//1980 1034//1980
f 1130//1981 1034//1981 1111//1981
f 576//1982 1131//1982 1112//1982
f 576//1983 1112//1983 577//1983
f 1131//1984 1132//1984 1113//1984
f 1131//1985 1113//1985 1112//1985
f 1132//1986 1133//1986 1114//1986
f 1132//1987 1114//1987 1113//1987
f 1133//1988 1134//1988 1115//1988
f 1133//1989 1115//1989 1114//1989
f 1134//1990 1135//1990 1116//1990
f 1134//1991 1116//1991 1115//1991
f 1135//1992 1136//1992 1117//1992
f 1135//1993 1117//1993 1116//1993
f 1136//1994 1137//1994 1118//1994
f 1136//1995 1118//1995 1117//1995
f 1137//1996 1138//1996 1119//1996
f 1137//1997 1119//1997 1118//1997
f 1138//1998 1139//1998 1120//1998
f 1138//1999 1120//1999 1119//1999
f 1139//2000 1140//2000 1121//2000
f 1139//2001 1121//2001 1120//2001
f 1140//2002 1141//2002 1122//2002
f 1140//2003 1122//2003 1121//2003
f 1141//2004 1142//2004 1123//2004
f 1141//2005 1123//2005 1122//2005
f 1142//2006 1143//2006 1124//2006
f 1142//2007 1124//2007 1123//2007
f 1143//2008 1144//2008 1125//2008
f 1143//2009 1125//2009 1124//2009
f 1144//2010 1145//2010 1126//2010
f 1144//2011 1126//2011 1125//2011
f 1145//2012 1146//2012 1127//2012
f 1145//2013 1127//2013 1126//2013
f 1146//2014 1147//2014 1128//2014
f 1146//2015 1128//2015 1127//2015
f 1147//2016 1148//2016 1129//2016
f 1147//2017 1129//2017 1128//2017
f 1148//2018 1149//2018 1130//2018
f 1148//2019 1130//2019 1129//2019
f 1149//2020 1032//2020 1033//2020
f 1149//2021 1033//2021 1130//2021
f 575//2022 1150//2022 1131//2022
f 575//2023 1131//2023 576//2023
f 1150//2024 1151//2024 1132//2024
f 1150//2025 1132//2025 1131//2025
f 1151//2026 1152//2026 1133//2026
f 1151//2027 1133//2027 1132//2027
f 1152//2028 1153//2028 1134//2028
f 1152//2029 1134//2029 1133//2029
f 1153//2030 1154//2030 1135//2030
f 1153//2031 1135//2031 1134//2031
f 1154//2032 1155//2032 1136//2032
f 1154//2033 1136//2033 1135//2033
f 1155//2034 1156//2034 1137//2034
f 1155//2035 1137//2035 1136//2035
f 1156//2036 1157//2036 1138//2036
f 1156//2037 1138//2037 1137//2037
f 1157//2038 1158//2038 1139//2038
f 1157//2039 1139//2039 1138//2039
f 1158//2040 1159//2040 1140//2040
f 1158//2041 1140//2041 1139//2041
f 1159//2042 1160//2042 1141//2042
f 1159//2043 1141//2043 1140//2043
f 1160//2044 1161//2044 1142//2044
f 1160//2045 1142//2045 1141//2045
f 1161//2046 1162//2046 1143//2046
f 1161//2047 1143//2047 1142//2047
f 1162//2048 1163//2048 1144//2048
f 1162//2049 1144//2049 1143//2049
f 1163//2050 1164//2050 1145//2050
f 1163//2051 1145//2051 1144//2051
f 1164//2052 1165//2052 1146//2052
f 1164//2053 1146//2053 1145//2053
f 1165//2054 1166//2054 1147//2054
f 1165//2055 1147//2055 1146//2055
f 1166//2056 1167//2056 1148//2056
f 1166//2057 1148//2057 1147//2057
f 1167//2058 1168//2058 1149//2058
f 1167//2059 1149//2059 1148//2059
f 1168//2060 1031//2060 1032//2060
f 1168//2061 1032//2061 1149//2061
f 574//2062 1169//2062 1150//2062
f 574//2063 1150//2063 575//2063
f 1169//2064 1170//2064 1151//2064
f 1169//2065 1151//2065 1150//2065
f 1170//2066 1171//2066 1152//2066
f 1170//2067 1152//2067 1151//2067
f 1171//2068 1172//2068 1153//2068
f 1171//2069 1153//2069 1152//2069
f 1172//2070 1173//2070 1154//2070
f 1172//2071 1154//2071 1153//2071
f 1173//2072 1174//2072 1155//2072
f 1173//2073 1155//2073 1154//2073
f 1174//2074 1175//2074 1156//2074
f 1174//2075 1156//2075 1155//2075
f 1175//2076 1176//2076 1157//2076
f 1175//2077 1157//2077 1156//2077
f 1176//2078 1177//2078 1158//2078
f 1176//2079 1158//2079 1157//2079
f 1177//2080 1178//2080 1159//2080
f 1177//2081 1159//2081 1158//2081
f 1178//2082 1179//2082 1160//2082
f 1178//2083 1160//2083 1159//2083
f 1179//2084 1180//2084 1161//2084
f 1179//2085 1161//2085 1160//2085
f 1180//2086 1181//2086 1162//2086
f 1180//2087 1162//2087 1161//2087
f 1181//2088 1182//2088 1163//2088
f 1181//2089 1163//2089 1162//2089
f 1182//2090 1183//2090 1164//2090
f 1182//2091 1164//2091 1163//2091
f 1183//2092 1184//2092 1165//2092
f 1183//2093 1165//2093 1164//2093
f 1184//2094 1185//2094 1166//2094
f 1184//2095 1166//2095 1165//2095
f 1185//2096 1186//2096 1167//2096
f 1185//2097 1167//2097 1166//2097
f 1186//2098 1187//2098 1168//2098
f 1186//2099 1168//2099 1167//2099
f 1187//2100 1030//2100 1031//2100
f 1187//2101 1031//2101 1168//2101
f 573//2102 1188//2102 1169//2102
f 573//2103 1169//2103 574//2103
f 1188//2104 1189//2104 1170//2104
f 1188//2105 1170//2105 1169//2105
f 1189//2106 1190//2106 1171//2106
f 1189//2107 1171//2107 1170//2107
f 1190//2108 1191//2108 1172//2108
f 1190//2109 1172//2109 1171//2109
f 1191//2110 1192//2110 1173//2110
f 1191//2111 1173//2111 1172//2111
f 1192//2112 1193//2112 1174//2112
f 1192//2113 1174//2113 1173//2113
f 1193//2114 1194//2114 1175//2114
f 1193//2115 1175//2115 1174//2115
f 1194//2116 1195//2116 1176//2116
f 1194//2117 1176//2117 1175//2117
f 1195//2118 1196//2118 1177//2118
f 1195//2119 1177//2119 1176//2119
f 1196//2120 1197//2120 1178//2120
f 1196//2121 1178//2121 1177//2121
f 1197//2122 1198//2122 1179//2122
f 1197//2123 1179//2123 1178//2123
f 1198//2124 1199//2124 1180//2124
f 1198//2125 1180//2125 1179//2125
f 1199//2126 1200//2126 1181//2126
f 1199//2127 1181//2127 1180//2127
f 1200//2128 1201//2128 1182//2128
f 1200//2129 1182//2129 1181//2129
f 1201//2130 1202//2130 1183//2130
f 1201//2131 1183//2131 1182//2131
f 1202//2132 1203//2132 1184//2132
f 1202//2133 1184//2133 1183//2133
f 1203//2134 1204//2134 1185//2134
f 1203//2135 1185//2135 1184//2135
f 1204//2136 1205//2136 1186//2136
f 1204//2137 1186//2137 1185//2137
f 1205//2138 1206//2138 1187//2138
f 1205//2139 1187//2139 1186//2139
f 1206//2140 1029//2140 1030//2140
f 1206//2141 1030//2141 1187//2141
f 572//2142 1207//2142 1188//2142
f 572//2143 1188//2143 573//2143
f 1207//2144 1208//2144 1189//2144
f 1207//2145 1189//2145 1188//2145
f 1208//2146 1209//2146 1190//2146
f 1208//2147 1190//2147 1189//2147
f 1209//2148 1210//2148 1191//2148
f 1209//2149 1191//2149 1190//2149
f 1210//2150 1211//2150 1192//2150
f 1210//2151 1192//2151 1191//2151
f 1211//2152 1212//2152 1193//2152
f 1211//2153 1193//2153 1192//2153
f 1212//2154 1213//2154 1194//2154
f 1212//2155 1194//2155 1193//2155
f 1213//2156 1214//2156 1195//2156
f 1213//2157 1195//2157 1194//2157
f 1214//2158 1215//2158 1196//2158
f 1214//2159 1196//2159 1195//2159
f 1215//2160 1216//2160 1197//2160
f 1215//2161 1197//2161 1196//2161
f 1216//2162 1217//2162 1198//2162
f 1216//2163 1198//2163 1197//2163
f 1217//2164 1218//2164 1199//2164
f 1217//2165 1199//2165 1198//2165
f 1218//2166 1219//2166 1200//2166
f 1218//2167 1200//2167 1199//2167
f 1219//2168 1220//2168 1201//2168
f 1219//2169 1201//2169 1200//2169
f 1220//2170 1221//2170 1202//2170
f 1220//2171 1202//2171 1201//2171
f 1221//2172 1222//2172 1203//2172
f 1221//2173 1203//2173 1202//2173
f 1222//2174 1223//2174 1204//2174
f 1222//2175 1204//2175 1203//2175
f 1223//2176 1224//2176 1205//2176
f 1223//2177 1205//2177 1204//2177
f 1224//2178 1225//2178 1206//2178
f 1224//2179 1206//2179 1205//2179
f 1225//2180 1028//2180 1029//2180
f 1225//2181 1029//2181 1206//2181
f 571//2182 1226//2182 1207//2182
f 571//2183 1207//2183 572//2183
f 1226//2184 1227//2184 1208//2184
f 1226//2185 1208//2185 1207//2185
f 1227//2186 1228//2186 1209//2186
f 1227//2187 1209//2187 1208//2187
f 1228//2188 1229//2188 1210//2188
f 1228//2189 1210//2189 1209//2189
f 1229//2190 1230//2190 1211//2190
f 1229//2191 1211//2191 1210//2191
f 1230//2192 1231//2192 1212//2192
f 1230//2193 1212//2193 1211//2193
f 1231//2194 1232//2194 1213//2194
f 1231//2195 1213//2195 1212//2195
f 1232//2196 1233//2196 1214//2196
f 1232//2197 1214//2197 1213//2197
f 1233//2198 1234//2198 1215//2198
f 1233//2198 1215//2198 1214//2198
f 1234//2199 1235//2199 1216//2199
f 1234//2200 1216//2200 1215//2200
f 1235//2201 1236//2201 1217//2201
f 1235//2202 1217//2202 1216//2202
f 1236//2203 1237//2203 1218//2203
f 1236//2204 1218//2204 1217//2204
f 1237//2205 1238//2205 1219//2205
f 1237//2206 1219//2206 1218//2206
f 1238//2207 1239//2207 1220//2207
f 1238//2208 1220//2208 1219//2208
f 1239//2209 1240//2209 1221//2209
f 1239//2210 1221//2210 1220//2210
f 1240//2211 1241//2211 1222//2211
f 1240//2212 1222//2212 1221//2212
f 1241//2213 1242//2213 1223//2213
f 1241//2214 1223//2214 1222//2214
f 1242//2215 1243//2215 1224//2215
f 1242//2216 1224//2216 1223//2216
f 1243//2217 1244//2217 1225//2217
f 1243//2218 1225//2218 1224//2218
f 1244//2219 1027//2219 1028//2219
f 1244//2219 1028//2219 1225//2219
f 570//2220 1245//2220 1226//2220
f 570//2221 1226//2221 571//2221
f 1245//2222 1246//2222 1227//2222
f 1245//2223 1227//2223 1226//2223
f 1246//2224 1247//2224 1228//2224
f 1246//2225 1228//2225 1227//2225
f 1247//2226 1248//2226 1229//2226
f 1247//2227 1229//2227 1228//2227
f 1248//2228 1249//2228 1230//2228
f 1248//2229 1230//2229 1229//2229
f 1249//2230 1250//2230 1231//2230
f 1249//2231 1231//2231 1230//2231
f 1250//2232 1251//2232 1232//2232
f 1250//2232 1232//2232 1231//2232
f 1251//2233 1252//2233 1233//2233
f 1251//2234 1233//2234 1232//2234
f 1252//2235 1253//2235 1234//2235
f 1252//2235 1234//2235 1233//2235
f 1253//2236 1254//2236 1235//2236
f 1253//2237 1235//2237 1234//2237
f 1254//2238 1255//2238 1236//2238
f 1254//2238 1236//2238 1235//2238
f 1255//2239 1256//2239 1237//2239
f 1255//2239 1237//2239 1236//2239
f 1256//2240 1257//2240 1238//2240
f 1256//2241 1238//2241 1237//2241
f 1257//2242 1258//2242 1239//2242
f 1257//2243 1239//2243 1238//2243
f 1258//2244 1259//2244 1240//2244
f 1258//2245 1240//2245 1239//2245
f 1259//2246 1260//2246 1241//2246
f 1259//2247 1241//2247 1240//2247
f 1260//2248 1261//2248 1242//2248
f 1260//2249 1242//2249 1241//2249
f 1261//2250 1262//2250 1243//2250
f 1261//2251 1243//2251 1242//2251
f 1262//2252 1263//2252 1244//2252
f 1262//2252 1244//2252 1243//2252
f 1263//2253 1026//2253 1027//2253
f 1263//2254 1027//2254 1244//2254
f 569//2255 1264//2255 1245//2255
f 569//2256 1245//2256 570//2256
f 1264//2257 1265//2257 1246//2257
f 1264//2258 1246//2258 1245//2258
f 1265//2259 1266//2259 1247//2259
f 1265//2260 1247//2260 1246//2260
f 1266//2261 1267//2261 1248//2261
f 1266//2262 1248//2262 1247//2262
f 1267//2263 1268//2263 1249//2263
f 1267//2264 1249//2264 1248//2264
f 1268//2265 1269//2265 1250//2265
f 1268//2266 1250//2266 1249//2266
f 1269//2267 1270//2267 1251//2267
f 1269//2268 1251//2268 1250//2268
f 1270//2269 1271//2269 1252//2269
f 1270//2270 1252//2270 1251//2270
f 1271//2271 1272//2271 1253//2271
f 1271//2272 1253//2272 1252//2272
f 1272//2273 1273//2273 1254//2273
f 1272//2274 1254//2274 1253//2274
f 1273//2275 1274//2275 1255//2275
f 1273//2275 1255//2275 1254//2275
f 1274//2276 1275//2276 1256//2276
f 1274//2276 1256//2276 1255//2276
f 1275//2277 1276//2277 1257//2277
f 1275//2277 1257//2277 1256//2277
f 1276//2278 1277//2278 1258//2278
f 1276//2279 1258//2279 1257//2279
f 1277//2280 1278//2280 1259//2280
f 1277//2280 1259//2280 1258//2280
f 1278//2281 1279//2281 1260//2281
f 1278//2281 1260//2281 1259//2281
f 1279//2282 1280//2282 1261//2282
f 1279//2283 1261//2283 1260//2283
f 1280//2284 1281//2284 1262//2284
f 1280//2285 1262//2285 1261//2285
f 1281//2286 1282//2286 1263//2286
f 1281//2286 1263//2286 1262//2286
f 1282//2287 1025//2287 1026//2287
f 1282//2288 1026//2288 1263//2288
f 568//2289 1283//2289 1264//2289
f 568//2290 1264//2290 569//2290
f 1283//2291 1284//2291 1265//2291
f 1283//2292 1265//2292 1264//2292
f 1284//2293 1285//2293 1266//2293
f 1284//2294 1266//2294 1265//2294
f 1285//2295 1286//2295 1267//2295
f 1285//2296 1267//2296 1266//2296
f 1286//2297 1287//2297 1268//2297
f 1286//2298 1268//2298 1267//2298
f 1287//2299 1288//2299 1269//2299
f 1287//2300 1269//2300 1268//2300
f 1288//2301 1289//2301 1270//2301
f 1288//2302 1270//2302 1269//2302
f 1289//2303 1290//2303 1271//2303
f 1289//2304 1271//2304 1270//2304
f 1290//2305 1291//2305 1272//2305
f 1290//2306 1272//2306 1271//2306
f 1291//2307 1292//2307 1273//2307
f 1291//2308 1273//2308 1272//2308
f 1292//2309 1293//2309 1274//2309
f 1292//2310 1274//2310 1273//2310
f 1293//2311 1294//2311 1275//2311
f 1293//2312 1275//2312 1274//2312
f 1294//2313 1295//2313 1276//2313
f 1294//2314 1276//2314 1275//2314
f 1295//2315 1296//2315 1277//2315
f 1295//2316 1277//2316 1276//2316
f 1296//2317 1297//2317 1278//2317
f 1296//2318 1278//2318 1277//2318
f 1297//2319 1298//2319 1279//2319
f 1297//2320 1279//2320 1278//2320
f 1298//2321 1299//2321 1280//2321
f 1298//2322 1280//2322 1279//2322
f 1299//2323 1300//2323 1281//2323
f 1299//2324 1281//2324 1280//2324
f 1300//2325 1301//2325 1282//2325
f 1300//2326 1282//2326 1281//2326
f 1301//2327 1024//2327 1025//2327
f 1301//2328 1025//2328 1282//2328
f 567//2329 1302//2329 1283//2329
f 567//2330 1283//2330 568//2330
f 1302//2331 1303//2331 1284//2331
f 1302//2332 1284//2332 1283//2332
f 1303//2333 1304//2333 1285//2333
f 1303//2334 1285//2334 1284//2334
f 1304//2335 1305//2335 1286//2335
f 1304//2336 1286//2336 1285//2336
f 1305//2337 1306//2337 1287//2337
f 1305//2338 1287//2338 1286//2338
f 1306//2339 1307//2339 1288//2339
f 1306//2340 1288//2340 1287//2340
f 1307//2341 1308//2341 1289//2341
f 1307//2342 1289//2342 1288//2342
f 1308//2343 1309//2343 1290//2343
f 1308//2344 1290//2344 1289//2344
f 1309//2345 1310//2345 1291//2345
f 1309//2346 1291//2346 1290//2346
f 1310//2347 1311//2347 1292//2347
f 1310//2348 1292//2348 1291//2348
f 1311//2349 1312//2349 1293//2349
f 1311//2350 1293//2350 1292//2350
f 1312//2351 1313//2351 1294//2351
f 1312//2352 1294//2352 1293//2352
f 1313//2353 1314//2353 1295//2353
f 1313//2354 1295//2354 1294//2354
f 1314//2355 1315//2355 1296//2355
f 1314//2356 1296//2356 1295//2356
f 1315//2357 1316//2357 1297//2357
f 1315//2358 1297//2358 1296//2358
f 1316//2359 1317//2359 1298//2359
f 1316//2360 1298//2360 1297//2360
f 1317//2361 1318//2361 1299//2361
f 1317//2362 1299//2362 1298//2362
f 1318//2363 1319//2363 1300//2363
f 1318//2364 1300//2364 1299//2364
f 1319//2365 1320//2365 1301//2365
f 1319//2366 1301//2366 1300//2366
f 1320//2367 1023//2367 1024//2367
f 1320//2368 1024//2368 1301//2368
f 566//2369 1321//2369 1302//2369
f 566//2370 1302//2370 567//2370
f 1321//2371 1322//2371 1303//2371
f 1321//2372 1303//2372 1302//2372
f 1322//2373 1323//2373 1304//2373
f 1322//2374 1304//2374 1303//2374
f 1323//2375 1324//2375 1305//2375
f 1323//2376 1305//2376 1304//2376
f 1324//2377 1325//2377 1306//2377
f 1324//2378 1306//2378 1305//2378
f 1325//2379 1326//2379 1307//2379
f 1325//2380 1307//2380 1306//2380
f 1326//2381 1327//2381 1308//2381
f 1326//2382 1308//2382 1307//2382
f 1327//2383 1328//2383 1309//2383
f 1327//2384 1309//2384 1308//2384
f 1328//2385 1329//2385 1310//2385
f 1328//2386 1310//2386 1309//2386
f 1329//2387 1330//2387 1311//2387
f 1329//2388 1311//2388 1310//2388
f 1330//2389 1331//2389 1312//2389
f 1330//2390 1312//2390 1311//2390
f 1331//2391 1332//2391 1313//2391
f 1331//2392 1313//2392 1312//2392
f 1332//2393 1333//2393 1314//2393
f 1332//2394 1314//2394 1313//2394
f 1333//2395 1334//2395 1315//2395
f 1333//2396 1315//2396 1314//2396
f 1334//2397 1335//2397 1316//2397
f 1334//2398 1316//2398 1315//2398
f 1335//2399 1336//2399 1317//2399
f 1335//2400 1317//2400 1316//2400
f 1336//2401 1337//2401 1318//2401
f 1336//2402 1318//2402 1317//2402
f 1337//2403 1338//2403 1319//2403
f 1337//2404 1319//2404 1318//2404
f 1338//2405 1339//2405 1320//2405
f 1338//2406 1320//2406 1319//2406
f 1339//2407 1022//2407 1023//2407
f 1339//2408 1023//2408 1320//2408
f 565//2409 1340//2409 1321//2409
f 565//2410 1321//2410 566//2410
f 1340//2411 1341//2411 1322//2411
f 1340//2412 1322//2412 1321//2412
f 1341//2413 1342//2413 1323//2413
f 1341//2414 1323//2414 1322//2414
f 1342//2415 1343//2415 1324//2415
f 1342//2416 1324//2416 1323//2416
f 1343//2417 1344//2417 1325//2417
f 1343//2418 1325//2418 1324//2418
f 1344//2419 1345//2419 1326//2419
f 1344//2420 1326//2420 1325//2420
f 1345//2421 1346//2421 1327//2421
f 1345//2422 1327//2422 1326//2422
f 1346//2423 1347//2423 1328//2423
f 1346//2424 1328//2424 1327//2424
f 1347//2425 1348//2425 1329//2425
f 1347//2426 1329//2426 1328//2426
f 1348//2427 1349//2427 1330//2427
f 1348//2428 1330//2428 1329//2428
f 1349//2429 1350//2429 1331//2429
f 1349//2430 1331//2430 1330//2430
f 1350//2431 1351//2431 1332//2431
f 1350//2432 1332//2432 1331//2432
f 1351//2433 1352//2433 1333//2433
f 1351//2434 1333//2434 1332//2434
f 1352//2435 1353//2435 1334//2435
f 1352//2436 1334//2436 1333//2436
f 1353//2437 1354//2437 1335//2437
f 1353//2438 1335//2438 1334//2438
f 1354//2439 1355//2439 1336//2439
f 1354//2440 1336//2440 1335//2440
f 1355//2441 1356//2441 1337//2441
f 1355//2442 1337//2442 1336//2442
f 1356//2443 1357//2443 1338//2443
f 1356//2444 1338//2444 1337//2444
f 1357//2445 1358//2445 1339//2445
f 1357//2446 1339//2446 1338//2446
f 1358//2447 1021//2447 1022//2447
f 1358//2448 1022//2448 1339//2448
f 564//2449 1359//2449 1340//2449
f 564//2450 1340//2450 565//2450
f 1359//2451 1360//2451 1341//2451
f 1359//2452 1341//2452 1340//2452
f 1360//2453 1361//2453 1342//2453
f 1360//2454 1342//2454 1341//2454
f 1361//2455 1362//2455 1343//2455
f 1361//2456 1343//2456 1342//2456
f 1362//2457 1363//2457 1344//2457
f 1362//2458 1344//2458 1343//2458
f 1363//2459 1364//2459 1345//2459
f 1363//2460 1345//2460 1344//2460
f 1364//2461 1365//2461 1346//2461
f 1364//2462 1346//2462 1345//2462
f 1365//2463 1366//2463 1347//2463
f 1365//2464 1347//2464 1346//2464
f 1366//2465 1367//2465 1348//2465
f 1366//2466 1348//2466 1347//2466
f 1367//2467 1368//2467 1349//2467
f 1367//2468 1349//2468 1348//2468
f 1368//2469 1369//2469 1350//2469
f 1368//2470 1350//2470 1349//2470
f 1369//2471 1370//2471 1351//2471
f 1369//2472 1351//2472 1350//2472
f 1370//2473 1371//2473 1352//2473
f 1370//2474 1352//2474 1351//2474
f 1371//2475 1372//2475 1353//2475
f 1371//2476 1353//2476 1352//2476
f 1372//2477 1373//2477 1354//2477
f 1372//2478 1354//2478 1353//2478
f 1373//2479 1374//2479 1355//2479
f 1373//2480 1355//2480 1354//2480
f 1374//2481 1375//2481 1356//2481
f 1374//2482 1356//2482 1355//2482
f 1375//2483 1376//2483 1357//2483
f 1375//2484 1357//2484 1356//2484
f 1376//2485 1377//2485 1358//2485
f 1376//2486 1358//2486 1357//2486
f 1377//2487 1020//2487 1021//2487
f 1377//2488 1021//2488 1358//2488
f 563//2489 1378//2489 1359//2489
f 563//2490 1359//2490 564//2490
f 1378//2491 1379//2491 1360//2491
f 1378//2492 1360//2492 1359//2492
f 1379//2493 1380//2493 1361//2493
f 1379//2494 1361//2494 1360//2494
f 1380//2495 1381//2495 1362//2495
f 1380//2496 1362//2496 1361//2496
f 1381//2497 1382//2497 1363//2497
f 1381//2498 1363//2498 1362//2498
f 1382//2499 1383//2499 1364//2499
f 1382//2500 1364//2500 1363//2500
f 1383//2501 1384//2501 1365//2501
f 1383//2502 1365//2502 1364//2502
f 1384//2503 1385//2503 1366//2503
f 1384//2504 1366//2504 1365//2504
f 1385//2505 1386//2505 1367//2505
f 1385//2506 1367//2506 1366//2506
f 1386//2507 1387//2507 1368//2507
f 1386//2508 1368//2508 1367//2508
f 1387//2509 1388//2509 1369//2509
f 1387//2510 1369//2510 1368//2510
f 1388//2511 1389//2511 1370//2511
f 1388//2512 1370//2512 1369//2512
f 1389//2513 1390//2513 1371//2513
f 1389//2514 1371//2514 1370//2514
f 1390//2515 1391//2515 1372//2515
f 1390//2516 1372//2516 1371//2516
f 1391//2517 1392//2517 1373//2517
f 1391//2518 1373//2518 1372//2518
f 1392//2519 1393//2519 1374//2519
f 1392//2520 1374//2520 1373//2520
f 1393//2521 1394//2521 1375//2521
f 1393//2522 1375//2522 1374//2522
f 1394//2523 1395//2523 1376//2523
f 1394//2524 1376//2524 1375//2524
f 1395//2525 1396//2525 1377//2525
f 1395//2526 1377//2526 1376//2526
f 1396//2527 1019//2527 1020//2527
f 1396//2528 1020//2528 1377//2528
f 562//2529 1397//2529 1378//2529
f 562//2530 1378//2530 563//2530
f 1397//2531 1398//2531 1379//2531
f 1397//2532 1379//2532 1378//2532
f 1398//2533 1399//2533 1380//2533
f 1398//2534 1380//2534 1379//2534
f 1399//2535 1400//2535 1381//2535
f 1399//2536 1381//2536 1380//2536
f 1400//2537 1401//2537 1382//2537
f 1400//2538 1382//2538 1381//2538
f 1401//2539 1402//2539 1383//2539
f 1401//2540 1383//2540 1382//2540
f 1402//2541 1403//2541 1384//2541
f 1402//2542 1384//2542 1383//2542
f 1403//2543 1404//2543 1385//2543
f 1403//2544 1385//2544 1384//2544
f 1404//2545 1405//2545 1386//2545
f 1404//2546 1386//2546 1385//2546
f 1405//2547 1406//2547 1387//2547
f 1405//2548 1387//2548 1386//2548
f 1406//2549 1407//2549 1388//2549
f 1406//2550 1388//2550 1387//2550
f 1407//2551 1408//2551 1389//2551
f 1407//2552 1389//2552 1388//2552
f 1408//2553 1409//2553 1390//2553
f 1408//2554 1390//2554 1389//2554
f 1409//2555 1410//2555 1391//2555
f 1409//2556 1391//2556 1390//2556
f 1410//2557 1411//2557 1392//2557
f 1410//2558 1392//2558 1391//2558
f 1411//2559 1412//2559 1393//2559
f 1411//2560 1393//2560 1392//2560
f 1412//2561 1413//2561 1394//2561
f 1412//2562 1394//2562 1393//2562
f 1413//2563 1414//2563 1395//2563
f 1413//2564 1395//2564 1394//2564
f 1414//2565 1415//2565 1396//2565
f 1414//2566 1396//2566 1395//2566
f 1415//2567 1018//2567 1019//2567
f 1415//2568 1019//2568 1396//2568
f 561//2569 1416//2569 1397//2569
f 561//2570 1397//2570 562//2570
f 1416//2571 1417//2571 1398//2571
f 1416//2572 1398//2572 1397//2572
f 1417//2573 1418//2573 1399//2573
f 1417//2574 1399//2574 1398//2574
f 1418//2575 1419//2575 1400//2575
f 1418//2576 1400//2576 1399//2576
f 1419//2577 1420//2577 1401//2577
f 1419//2578 1401//2578 1400//2578
f 1420//2579 1421//2579 1402//2579
f 1420//2580 1402//2580 1401//2580
f 1421//2581 1422//2581 1403//2581
f 1421//2582 1403//2582 1402//2582
f 1422//2583 1423//2583 1404//2583
f 1422//2584 1404//2584 1403//2584
f 1423//2585 1424//2585 1405//2585
f 1423//2586 1405//2586 1404//2586
f 1424//2587 1425//2587 1406//2587
f 1424//2588 1406//2588 1405//2588
f 1425//2589 1426//2589 1407//2589
f 1425//2590 1407//2590 1406//2590
f 1426//2591 1427//2591 1408//2591
f 1426//2592 1408//2592 1407//2592
f 1427//2593 1428//2593 1409//2593
f 1427//2594 1409//2594 1408//2594
f 1428//2595 1429//2595 1410//2595
f 1428//2596 1410//2596 1409//2596
f 1429//2597 1430//2597 1411//2597
f 1429//2598 1411//2598 1410//2598
f 1430//2599 1431//2599 1412//2599
f 1430//2600 1412//2600 1411//2600
f 1431//2601 1432//2601 1413//2601
f 1431//2602 1413//2602 1412//2602
f 1432//2603 1433//2603 1414//2603
f 1432//2604 1414//2604 1413//2604
f 1433//2605 1434//2605 1415//2605
f 1433//2606 1415//2606 1414//2606
f 1434//2607 1017//2607 1018//2607
f 1434//2608 1018//2608 1415//2608
f 142//2609 141//2609 1416//2609
f 142//2610 1416//2610 561//2610
f 141//2611 1435//2611 1417//2611
f 141//2612 1417//2612 1416//2612
f 1435//2613 1436//2613 1418//2613
f 1435//2614 1418//2614 1417//2614
f 1436//2615 1437//2615 1419//2615
f 1436//2616 1419//2616 1418//2616
f 1437//2617 1438//2617 1420//2617
f 1437//2618 1420//2618 1419//2618
f 1438//2619 1439//2619 1421//2619
f 1438//2620 1421//2620 1420//2620
f 1439//2621 1440//2621 1422//2621
f 1439//2622 1422//2622 1421//2622
f 1440//2623 1441//2623 1423//2623
f 1440//2624 1423//2624 1422//2624
f 1441//2625 1442//2625 1424//2625
f 1441//2626 1424//2626 1423//2626
f 1442//2627 1443//2627 1425//2627
f 1442//2628 1425//2628 1424//2628
f 1443//2629 1444//2629 1426//2629
f 1443//2630 1426//2630 1425//2630
f 1444//2631 1445//2631 1427//2631
f 1444//2632 1427//2632 1426//2632
f 1445//2633 1446//2633 1428//2633
f 1445//2634 1428//2634 1427//2634
f 1446//2635 1447//2635 1429//2635
f 1446//2636 1429//2636 1428//2636
f 1447//2637 1448//2637 1430//2637
f 1447//2638 1430//2638 1429//2638
f 1448//2639 1449//2639 1431//2639
f 1448//2640 1431//2640 1430//2640
f 1449//2641 1450//2641 1432//2641
f 1449//2642 1432//2642 1431//2642
f 1450//2643 1451//2643 1433//2643
f 1450//2644 1433//2644 1432//2644
f 1451//2645 1452//2645 1434//2645
f 1451//2646 1434//2646 1433//2646
f 1452//2647 1016//2647 1017//2647
f 1452//2648 1017//2648 1434//2648
f 1037//2649 1453//2649 1454//2649
f 1037//2650 1454//2650 1036//2650
f 1453//2651 1455//2651 1456//2651
f 1453//2652 1456//2652 1454//2652
f 1455//2653 1457//2653 1458//2653
f 1455//2654 1458//2654 1456//2654
f 1457//2655 1459//2655 1460//2655
f 1457//2656 1460//2656 1458//2656
f 1459//2657 1461//2657 1462//2657
f 1459//2658 1462//2658 1460//2658
f 1461//2659 1463//2659 1464//2659
f 1461//2660 1464//2660 1462//2660
f 1463//2661 1465//2661 1466//2661
f 1463//2662 1466//2662 1464//2662
f 1465//2663 1467//2663 1468//2663
f 1465//2664 1468//2664 1466//2664
f 1467//2665 1469//2665 1470//2665
f 1467//2666 1470//2666 1468//2666
f 1469//2667 1471//2667 1472//2667
f 1469//2668 1472//2668 1470//2668
f 1471//2669 1473//2669 1474//2669
f 1471//2670 1474//2670 1472//2670
f 1473//2671 1475//2671 1476//2671
f 1473//2672 1476//2672 1474//2672
f 1475//2673 1477//2673 1478//2673
f 1475//2674 1478//2674 1476//2674
f 1477//2675 1479//2675 1480//2675
f 1477//2676 1480//2676 1478//2676
f 1479//2677 1481//2677 1482//2677
f 1479//2678 1482//2678 1480//2678
f 1481//2679 1483//2679 1484//2679
f 1481//2680 1484//2680 1482//2680
f 1483//2681 1485//2681 1486//2681
f 1483//2681 1486//2681 1484//2681
f 1485//2682 1487//2682 1488//2682
f 1485//2683 1488//2683 1486//2683
f 1487//2684 1489//2684 1490//2684
f 1487//2685 1490//2685 1488//2685
f 1489//2686 1015//2686 21//2686
f 1489//2687 21//2687 1490//2687
f 1038//2688 1491//2688 1453//2688
f 1038//2689 1453//2689 1037//2689
f 1491//2690 1492//2690 1455//2690
f 1491//2691 1455//2691 1453//2691
f 1492//2692 1493//2692 1457//2692
f 1492//2693 1457//2693 1455//2693
f 1493//2694 1494//2694 1459//2694
f 1493//2695 1459//2695 1457//2695
f 1494//2696 1495//2696 1461//2696
f 1494//2697 1461//2697 1459//2697
f 1495//2698 1496//2698 1463//2698
f 1495//2699 1463//2699 1461//2699
f 1496//2700 1497//2700 1465//2700
f 1496//2701 1465//2701 1463//2701
f 1497//2702 1498//2702 1467//2702
f 1497//2703 1467//2703 1465//2703
f 1498//2704 1499//2704 1469//2704
f 1498//2705 1469//2705 1467//2705
f 1499//2706 1500//2706 1471//2706
f 1499//2707 1471//2707 1469//2707
f 1500//2708 1501//2708 1473//2708
f 1500//2709 1473//2709 1471//2709
f 1501//2710 1502//2710 1475//2710
f 1501//2711 1475//2711 1473//2711
f 1502//2712 1503//2712 1477//2712
f 1502//2713 1477//2713 1475//2713
f 1503//2714 1504//2714 1479//2714
f 1503//2715 1479//2715 1477//2715
f 1504//2716 1505//2716 1481//2716
f 1504//2717 1481//2717 1479//2717
f 1505//2718 1506//2718 1483//2718
f 1505//2719 1483//2719 1481//2719
f 1506//2720 1507//2720 1485//2720
f 1506//2721 1485//2721 1483//2721
f 1507//2722 1508//2722 1487//2722
f 1507//2723 1487//2723 1485//2723
f 1508//2724 1509//2724 1489//2724
f 1508//2725 1489//2725 1487//2725
f 1509//2726 1013//2726 1015//2726
f 1509//2727 1015//2727 1489//2727
f 1039//2728 1510//2728 1491//2728
f 1039//2729 1491//2729 1038//2729
f 1510//2730 1511//2730 1492//2730
f 1510//2731 1492//2731 1491//2731
f 1511//2732 1512//2732 1493//2732
f 1511//2733 1493//2733 1492//2733
f 1512//2734 1513//2734 1494//2734
f 1512//2735 1494//2735 1493//2735
f 1513//2736 1514//2736 1495//2736
f 1513//2737 1495//2737 1494//2737
f 1514//2738 1515//2738 1496//2738
f 1514//2739 1496//2739 1495//2739
f 1515//2740 1516//2740 1497//2740
f 1515//2741 1497//2741 1496//2741
f 1516//2742 1517//2742 1498//2742
f 1516//2743 1498//2743 1497//2743
f 1517//2744 1518//2744 1499//2744
f 1517//2745 1499//2745 1498//2745
f 1518//2746 1519//2746 1500//2746
f 1518//2747 1500//2747 1499//2747
f 1519//2748 1520//2748 1501//2748
f 1519//2749 1501//2749 1500//2749
f 1520//2750 1521//2750 1502//2750
f 1520//2751 1502//2751 1501//2751
f 1521//2752 1522//2752 1503//2752
f 1521//2753 1503//2753 1502//2753
f 1522//2754 1523//2754 1504//2754
f 1522//2755 1504//2755 1503//2755
f 1523//2756 1524//2756 1505//2756
f 1523//2757 1505//2757 1504//2757
f 1524//2758 1525//2758 1506//2758
f 1524//2759 1506//2759 1505//2759
f 1525//2760 1526//2760 1507//2760
f 1525//2761 1507//2761 1506//2761
f 1526//2762 1527//2762 1508//2762
f 1526//2763 1508//2763 1507//2763
f 1527//2764 1528//2764 1509//2764
f 1527//2765 1509//2765 1508//2765
f 1528//2766 1011//2766 1013//2766
f 1528//2767 1013//2767 1509//2767
f 1040//2768 1529//2768 1510//2768
f 1040//2769 1510//2769 1039//2769
f 1529//2770 1530//2770 1511//2770
f 1529//2771 1511//2771 1510//2771
f 1530//2772 1531//2772 1512//2772
f 1530//2773 1512//2773 1511//2773
f 1531//2774 1532//2774 1513//2774
f 1531//2775 1513//2775 1512//2775
f 1532//2776 1533//2776 1514//2776
f 1532//2777 1514//2777 1513//2777
f 1533//2778 1534//2778 1515//2778
f 1533//2779 1515//2779 1514//2779
f 1534//2780 1535//2780 1516//2780
f 1534//2781 1516//2781 1515//2781
f 1535//2782 1536//2782 1517//2782
f 1535//2783 1517//2783 1516//2783
f 1536//2784 1537//2784 1518//2784
f 1536//2785 1518//2785 1517//2785
f 1537//2786 1538//2786 1519//2786
f 1537//2787 1519//2787 1518//2787
f 1538//2788 1539//2788 1520//2788
f 1538//2789 1520//2789 1519//2789
f 1539//2790 1540//2790 1521//2790
f 1539//2791 1521//2791 1520//2791
f 1540//2792 1541//2792 1522//2792
f 1540//2793 1522//2793 1521//2793
f 1541//2794 1542//2794 1523//2794
f 1541//2795 1523//2795 1522//2795
f 1542//2796 1543//2796 1524//2796
f 1542//2797 1524//2797 1523//2797
f 1543//2798 1544//2798 1525//2798
f 1543//2799 1525//2799 1524//2799
f 1544//2800 1545//2800 1526//2800
f 1544//2801 1526//2801 1525//2801
f 1545//2802 1546//2802 1527//2802
f 1545//2803 1527//2803 1526//2803
f 1546//2804 1547//2804 1528//2804
f 1546//2805 1528//2805 1527//2805
f 1547//2806 1009//2806 1011//2806
f 1547//2807 1011//2807 1528//2807
f 1041//2808 1548//2808 1529//2808
f 1041//2809 1529//2809 1040//2809
f 1548//2810 1549//2810 1530//2810
f 1548//2811 1530//2811 1529//2811
f 1549//2812 1550//2812 1531//2812
f 1549//2813 1531//2813 1530//2813
f 1550//2814 1551//2814 1532//2814
f 1550//2815 1532//2815 1531//2815
f 1551//2816 1552//2816 1533//2816
f 1551//2817 1533//2817 1532//2817
f 1552//2818 1553//2818 1534//2818
f 1552//2819 1534//2819 1533//2819
f 1553//2820 1554//2820 1535//2820
f 1553//2821 1535//2821 1534//2821
f 1554//2822 1555//2822 1536//2822
f 1554//2823 1536//2823 1535//2823
f 1555//2824 1556//2824 1537//2824
f 1555//2825 1537//2825 1536//2825
f 1556//2826 1557//2826 1538//2826
f 1556//2827 1538//2827 1537//2827
f 1557//2828 1558//2828 1539//2828
f 1557//2829 1539//2829 1538//2829
f 1558//2830 1559//2830 1540//2830
f 1558//2831 1540//2831 1539//2831
f 1559//2832 1560//2832 1541//2832
f 1559//2833 1541//2833 1540//2833
f 1560//2834 1561//2834 1542//2834
f 1560//2835 1542//2835 1541//2835
f 1561//2836 1562//2836 1543//2836
f 1561//2837 1543//2837 1542//2837
f 1562//2838 1563//2838 1544//2838
f 1562//2839 1544//2839 1543//2839
f 1563//2840 1564//2840 1545//2840
f 1563//2841 1545//2841 1544//2841
f 1564//2842 1565//2842 1546//2842
f 1564//2843 1546//2843 1545//2843
f 1565//2844 1566//2844 1547//2844
f 1565//2845 1547//2845 1546//2845
f 1566//2846 1007//2846 1009//2846
f 1566//2847 1009//2847 1547//2847
f 1042//2848 1567//2848 1548//2848
f 1042//2849 1548//2849 1041//2849
f 1567//2850 1568//2850 1549//2850
f 1567//2851 1549//2851 1548//2851
f 1568//2852 1569//2852 1550//2852
f 1568//2853 1550//2853 1549//2853
f 1569//2854 1570//2854 1551//2854
f 1569//2855 1551//2855 1550//2855
f 1570//2856 1571//2856 1552//2856
f 1570//2857 1552//2857 1551//2857
f 1571//2858 1572//2858 1553//2858
f 1571//2859 1553//2859 1552//2859
f 1572//2860 1573//2860 1554//2860
f 1572//2861 1554//2861 1553//2861
f 1573//2862 1574//2862 1555//2862
f 1573//2863 1555//2863 1554//2863
f 1574//2864 1575//2864 1556//2864
f 1574//2865 1556//2865 1555//2865
f 1575//2866 1576//2866 1557//2866
f 1575//2867 1557//2867 1556//2867
f 1576//2868 1577//2868 1558//2868
f 1576//2869 1558//2869 1557//2869
f 1577//2870 1578//2870 1559//2870
f 1577//2871 1559//2871 1558//2871
f 1578//2872 1579//2872 1560//2872
f 1578//2873 1560//2873 1559//2873
f 1579//2874 1580//2874 1561//2874
f 1579//2875 1561//2875 1560//2875
f 1580//2876 1581//2876 1562//2876
f 1580//2877 1562//2877 1561//2877
f 1581//2878 1582//2878 1563//2878
f 1581//2879 1563//2879 1562//2879
f 1582//2880 1583//2880 1564//2880
f 1582//2881 1564//2881 1563//2881
f 1583//2882 1584//2882 1565//2882
f 1583//2883 1565//2883 1564//2883
f 1584//2884 1585//2884 1566//2884
f 1584//2885 1566//2885 1565//2885
f 1585//2886 1005//2886 1007//2886
f 1585//2887 1007//2887 1566//2887
f 1043//2888 1586//2888 1567//2888
f 1043//2889 1567//2889 1042//2889
f 1586//2890 1587//2890 1568//2890
f 1586//2891 1568//2891 1567//2891
f 1587//2892 1588//2892 1569//2892
f 1587//2893 1569//2893 1568//2893
f 1588//2894 1589//2894 1570//2894
f 1588//2895 1570//2895 1569//2895
f 1589//2896 1590//2896 1571//2896
f 1589//2897 1571//2897 1570//2897
f 1590//2898 1591//2898 1572//2898
f 1590//2899 1572//2899 1571//2899
f 1591//2900 1592//2900 1573//2900
f 1591//2901 1573//2901 1572//2901
f 1592//2902 1593//2902 1574//2902
f 1592//2903 1574//2903 1573//2903
f 1593//2904 1594//2904 1575//2904
f 1593//2905 1575//2905 1574//2905
f 1594//2906 1595//2906 1576//2906
f 1594//2907 1576//2907 1575//2907
f 1595//2908 1596//2908 1577//2908
f 1595//2909 1577//2909 1576//2909
f 1596//2910 1597//2910 1578//2910
f 1596//2911 1578//2911 1577//2911
f 1597//2912 1598//2912 1579//2912
f 1597//2913 1579//2913 1578//2913
f 1598//2914 1599//2914 1580//2914
f 1598//2915 1580//2915 1579//2915
f 1599//2916 1600//2916 1581//2916
f 1599//2917 1581//2917 1580//2917
f 1600//2918 1601//2918 1582//2918
f 1600//2918 1582//2918 1581//2918
f 1601//2919 1602//2919 1583//2919
f 1601//2920 1583//2920 1582//2920
f 1602//2921 1603//2921 1584//2921
f 1602//2922 1584//2922 1583//2922
f 1603//2923 1604//2923 1585//2923
f 1603//2924 1585//2924 1584//2924
f 1604//2925 1003//2925 1005//2925
f 1604//2926 1005//2926 1585//2926
f 1044//2927 1605//2927 1586//2927
f 1044//2928 1586//2928 1043//2928
f 1605//2929 1606//2929 1587//2929
f 1605//2930 1587//2930 1586//2930
f 1606//2931 1607//2931 1588//2931
f 1606//2932 1588//2932 1587//2932
f 1607//2933 1608//2933 1589//2933
f 1607//2934 1589//2934 1588//2934
f 1608//2935 1609//2935 1590//2935
f 1608//2936 1590//2936 1589//2936
f 1609//2937 1610//2937 1591//2937
f 1609//2938 1591//2938 1590//2938
f 1610//2939 1611//2939 1592//2939
f 1610//2940 1592//2940 1591//2940
f 1611//2941 1612//2941 1593//2941
f 1611//2942 1593//2942 1592//2942
f 1612//2943 1613//2943 1594//2943
f 1612//2944 1594//2944 1593//2944
f 1613//2945 1614//2945 1595//2945
f 1613//2946 1595//2946 1594//2946
f 1614//2947 1615//2947 1596//2947
f 1614//2948 1596//2948 1595//2948
f 1615//2949 1616//2949 1597//2949
f 1615//2950 1597//2950 1596//2950
f 1616//2951 1617//2951 1598//2951
f 1616//2952 1598//2952 1597//2952
f 1617//2953 1618//2953 1599//2953
f 1617//2954 1599//2954 1598//2954
f 1618//2955 1619//2955 1600//2955
f 1618//2956 1600//2956 1599//2956
f 1619//2957 1620//2957 1601//2957
f 1619//2958 1601//2958 1600//2958
f 1620//2959 1621//2959 1602//2959
f 1620//2960 1602//2960 1601//2960
f 1621//2961 1622//2961 1603//2961
f 1621//2962 1603//2962 1602//2962
f 1622//2963 1623//2963 1604//2963
f 1622//2964 1604//2964 1603//2964
f 1623//2965 1001//2965 1003//2965
f 1623//2966 1003//2966 1604//2966
f 1045//2967 1624//2967 1605//2967
f 1045//2968 1605//2968 1044//2968
f 1624//2969 1625//2969 1606//2969
f 1624//2970 1606//2970 1605//2970
f 1625//2971 1626//2971 1607//2971
f 1625//2972 1607//2972 1606//2972
f 1626//2973 1627//2973 1608//2973
f 1626//2974 1608//2974 1607//2974
f 1627//2975 1628//2975 1609//2975
f 1627//2976 1609//2976 1608//2976
f 1628//2977 1629//2977 1610//2977
f 1628//2978 1610//2978 1609//2978
f 1629//2979 1630//2979 1611//2979
f 1629//2980 1611//2980 1610//2980
f 1630//2981 1631//2981 1612//2981
f 1630//2982 1612//2982 1611//2982
f 1631//2983 1632//2983 1613//2983
f 1631//2984 1613//2984 1612//2984
f 1632//2985 1633//2985 1614//2985
f 1632//2986 1614//2986 1613//2986
f 1633//2987 1634//2987 1615//2987
f 1633//2988 1615//2988 1614//2988
f 1634//2989 1635//2989 1616//2989
f 1634//2990 1616//2990 1615//2990
f 1635//2991 1636//2991 1617//2991
f 1635//2992 1617//2992 1616//2992
f 1636//2993 1637//2993 1618//2993
f 1636//2994 1618//2994 1617//2994
f 1637//2995 1638//2995 1619//2995
f 1637//2996 1619//2996 1618//2996
f 1638//2997 1639//2997 1620//2997
f 1638//2998 1620//2998 1619//2998
f 1639//2999 1640//2999 1621//2999
f 1639//3000 1621//3000 1620//3000
f 1640//3001 1641//3001 1622//3001
f 1640//3002 1622//3002 1621//3002
f 1641//3003 1642//3003 1623//3003
f 1641//3004 1623//3004 1622//3004
f 1642//3005 999//3005 1001//3005
f 1642//3006 1001//3006 1623//3006
f 1046//3007 1643//3007 1624//3007
f 1046//3008 1624//3008 1045//3008
f 1643//3009 1644//3009 1625//3009
f 1643//3010 1625//3010 1624//3010
f 1644//3011 1645//3011 1626//3011
f 1644//3012 1626//3012 1625//3012
f 1645//3013 1646//3013 1627//3013
f 1645//3014 1627//3014 1626//3014
f 1646//3015 1647//3015 1628//3015
f 1646//3016 1628//3016 1627//3016
f 1647//3017 1648//3017 1629//3017
f 1647//3018 1629//3018 1628//3018
f 1648//3019 1649//3019 1630//3019
f 1648//3020 1630//3020 1629//3020
f 1649//3021 1650//3021 1631//3021
f 1649//3022 1631//3022 1630//3022
f 1650//3023 1651//3023 1632//3023
f 1650//3024 1632//3024 1631//3024
f 1651//3025 1652//3025 1633//3025
f 1651//3026 1633//3026 1632//3026
f 1652//3027 1653//3027 1634//3027
f 1652//3028 1634//3028 1633//3028
f 1653//3029 1654//3029 1635//3029
f 1653//3030 1635//3030 1634//3030
f 1654//3031 1655//3031 1636//3031
f 1654//3032 1636//3032 1635//3032
f 1655//3033 1656//3033 1637//3033
f 1655//3034 1637//3034 1636//3034
f 1656//3035 1657//3035 1638//3035
f 1656//3036 1638//3036 1637//3036
f 1657//3037 1658//3037 1639//3037
f 1657//3038 1639//3038 1638//3038
f 1658//3039 1659//3039 1640//3039
f 1658//3040 1640//3040 1639//3040
f 1659//3041 1660//3041 1641//3041
f 1659//3042 1641//3042 1640//3042
f 1660//3043 1661//3043 1642//3043
f 1660//3044 1642//3044 1641//3044
f 1661//3045 997//3045 999//3045
f 1661//3046 999//3046 1642//3046
f 1047//3047 1662//3047 1643//3047
f 1047//3048 1643//3048 1046//3048
f 1662//3049 1663//3049 1644//3049
f 1662//3050 1644//3050 1643//3050
f 1663//3051 1664//3051 1645//3051
f 1663//3052 1645//3052 1644//3052
f 1664//3053 1665//3053 1646//3053
f 1664//3054 1646//3054 1645//3054
f 1665//3055 1666//3055 1647//3055
f 1665//3056 1647//3056 1646//3056
f 1666//3057 1667//3057 1648//3057
f 1666//3058 1648//3058 1647//3058
f 1667//3059 1668//3059 1649//3059
f 1667//3060 1649//3060 1648//3060
f 1668//3061 1669//3061 1650//3061
f 1668//3062 1650//3062 1649//3062
f 1669//3063 1670//3063 1651//3063
f 1669//3064 1651//3064 1650//3064
f 1670//3065 1671//3065 1652//3065
f 1670//3066 1652//3066 1651//3066
f 1671//3067 1672//3067 1653//3067
f 1671//3068 1653//3068 1652//3068
f 1672//3069 1673//3069 1654//3069
f 1672//3070 1654//3070 1653//3070
f 1673//3071 1674//3071 1655//3071
f 1673//3072 1655//3072 1654//3072
f 1674//3073 1675//3073 1656//3073
f 1674//3074 1656//3074 1655//3074
f 1675//3075 1676//3075 1657//3075
f 1675//3076 1657//3076 1656//3076
f 1676//3077 1677//3077 1658//3077
f 1676//3078 1658//3078 1657//3078
f 1677//3079 1678//3079 1659//3079
f 1677//3080 1659//3080 1658//3080
f 1678//3081 1679//3081 1660//3081
f 1678//3082 1660//3082 1659//3082
f 1679//3083 1680//3083 1661//3083
f 1679//3084 1661//3084 1660//3084
f 1680//3085 995//3085 997//3085
f 1680//3086 997//3086 1661//3086
f 1048//3087 1681//3087 1662//3087
f 1048//3088 1662//3088 1047//3088
f 1681//3089 1682//3089 1663//3089
f 1681//3090 1663//3090 1662//3090
f 1682//3091 1683//3091 1664//3091
f 1682//3092 1664//3092 1663//3092
f 1683//3093 1684//3093 1665//3093
f 1683//3094 1665//3094 1664//3094
f 1684//3095 1685//3095 1666//3095
f 1684//3096 1666//3096 1665//3096
f 1685//3097 1686//3097 1667//3097
f 1685//3098 1667//3098 1666//3098
f 1686//3099 1687//3099 1668//3099
f 1686//3100 1668//3100 1667//3100
f 1687//3101 1688//3101 1669//3101
f 1687//3102 1669//3102 1668//3102
f 1688//3103 1689//3103 1670//3103
f 1688//3104 1670//3104 1669//3104
f 1689//3105 1690//3105 1671//3105
f 1689//3106 1671//3106 1670//3106
f 1690//3107 1691//3107 1672//3107
f 1690//3108 1672//3108 1671//3108
f 1691//3109 1692//3109 1673//3109
f 1691//3110 1673//3110 1672//3110
f 1692//3111 1693//3111 1674//3111
f 1692//3112 1674//3112 1673//3112
f 1693//3113 1694//3113 1675//3113
f 1693//3114 1675//3114 1674//3114
f 1694//3115 1695//3115 1676//3115
f 1694//3116 1676//3116 1675//3116
f 1695//3117 1696//3117 1677//3117
f 1695//3118 1677//3118 1676//3118
f 1696//3119 1697//3119 1678//3119
f 1696//3120 1678//3120 1677//3120
f 1697//3121 1698//3121 1679//3121
f 1697//3122 1679//3122 1678//3122
f 1698//3123 1699//3123 1680//3123
f 1698//3124 1680//3124 1679//3124
f 1699//3125 993//3125 995//3125
f 1699//3126 995//3126 1680//3126
f 1049//3127 1700//3127 1681//3127
f 1049//3128 1681//3128 1048//3128
f 1700//3129 1701//3129 1682//3129
f 1700//3130 1682//3130 1681//3130
f 1701//3131 1702//3131 1683//3131
f 1701//3132 1683//3132 1682//3132
f 1702//3133 1703//3133 1684//3133
f 1702//3134 1684//3134 1683//3134
f 1703//3135 1704//3135 1685//3135
f 1703//3136 1685//3136 1684//3136
f 1704//3137 1705//3137 1686//3137
f 1704//3138 1686//3138 1685//3138
f 1705//3139 1706//3139 1687//3139
f 1705//3140 1687//3140 1686//3140
f 1706//3141 1707//3141 1688//3141
f 1706//3142 1688//3142 1687//3142
f 1707//3143 1708//3143 1689//3143
f 1707//3144 1689//3144 1688//3144
f 1708//3145 1709//3145 1690//3145
f 1708//3146 1690//3146 1689//3146
f 1709//3147 1710//3147 1691//3147
f 1709//3148 1691//3148 1690//3148
f 1710//3149 1711//3149 1692//3149
f 1710//3150 1692//3150 1691//3150
f 1711//3151 1712//3151 1693//3151
f 1711//3152 1693//3152 1692//3152
f 1712//3153 1713//3153 1694//3153
f 1712//3154 1694//3154 1693//3154
f 1713//3155 1714//3155 1695//3155
f 1713//3156 1695//3156 1694//3156
f 1714//3157 1715//3157 1696//3157
f 1714//3158 1696//3158 1695//3158
f 1715//3159 1716//3159 1697//3159
f 1715//3160 1697//3160 1696//3160
f 1716//3161 1717//3161 1698//3161
f 1716//3162 1698//3162 1697//3162
f 1717//3163 1718//3163 1699//3163
f 1717//3164 1699//3164 1698//3164
f 1718//3165 991//3165 993//3165
f 1718//3166 993//3166 1699//3166
f 1050//3167 1719//3167 1700//3167
f 1050//3168 1700//3168 1049//3168
f 1719//3169 1720//3169 1701//3169
f 1719//3170 1701//3170 1700//3170
f 1720//3171 1721//3171 1702//3171
f 1720//3172 1702//3172 1701//3172
f 1721//3173 1722//3173 1703//3173
f 1721//3174 1703//3174 1702//3174
f 1722//3175 1723//3175 1704//3175
f 1722//3176 1704//3176 1703//3176
f 1723//3177 1724//3177 1705//3177
f 1723//3178 1705//3178 1704//3178
f 1724//3179 1725//3179 1706//3179
f 1724//3180 1706//3180 1705//3180
f 1725//3181 1726//3181 1707//3181
f 1725//3182 1707//3182 1706//3182
f 1726//3183 1727//3183 1708//3183
f 1726//3184 1708//3184 1707//3184
f 1727//3185 1728//3185 1709//3185
f 1727//3186 1709//3186 1708//3186
f 1728//3187 1729//3187 1710//3187
f 1728//3188 1710//3188 1709//3188
f 1729//3189 1730//3189 1711//3189
f 1729//3190 1711//3190 1710//3190
f 1730//3191 1731//3191 1712//3191
f 1730//3192 1712//3192 1711//3192
f 1731//3193 1732//3193 1713//3193
f 1731//3194 1713//3194 1712//3194
f 1732//3195 1733//3195 1714//3195
f 1732//3196 1714//3196 1713//3196
f 1733//3197 1734//3197 1715//3197
f 1733//3198 1715//3198 1714//3198
f 1734//3199 1735//3199 1716//3199
f 1734//3200 1716//3200 1715//3200
f 1735//3201 1736//3201 1717//3201
f 1735//3202 1717//3202 1716//3202
f 1736//3203 1737//3203 1718//3203
f 1736//3204 1718//3204 1717//3204
f 1737//3205 989//3205 991//3205
f 1737//3206 991//3206 1718//3206
f 1051//3207 1738//3207 1719//3207
f 1051//3208 1719//3208 1050//3208
f 1738//3209 1739//3209 1720//3209
f 1738//3210 1720//3210 1719//3210
f 1739//3211 1740//3211 1721//3211
f 1739//3212 1721//3212 1720//3212
f 1740//3213 1741//3213 1722//3213
f 1740//3214 1722//3214 1721//3214
f 1741//3215 1742//3215 1723//3215
f 1741//3216 1723//3216 1722//3216
f 1742//3217 1743//3217 1724//3217
f 1742//3218 1724//3218 1723//3218
f 1743//3219 1744//3219 1725//3219
f 1743//3220 1725//3220 1724//3220
f 1744//3221 1745//3221 1726//3221
f 1744//3222 1726//3222 1725//3222
f 1745//3223 1746//3223 1727//3223
f 1745//3224 1727//3224 1726//3224
f 1746//3225 1747//3225 1728//3225
f 1746//3226 1728//3226 1727//3226
f 1747//3227 1748//3227 1729//3227
f 1747//3228 1729//3228 1728//3228
f 1748//3229 1749//3229 1730//3229
f 1748//3230 1730//3230 1729//3230
f 1749//3231 1750//3231 1731//3231
f 1749//3232 1731//3232 1730//3232
f 1750//3233 1751//3233 1732//3233
f 1750//3234 1732//3234 1731//3234
f 1751//3235 1752//3235 1733//3235
f 1751//3236 1733//3236 1732//3236
f 1752//3237 1753//3237 1734//3237
f 1752//3238 1734//3238 1733//3238
f 1753//3239 1754//3239 1735//3239
f 1753//3240 1735//3240 1734//3240
f 1754//3241 1755//3241 1736//3241
f 1754//3242 1736//3242 1735//3242
f 1755//3243 1756//3243 1737//3243
f 1755//3244 1737//3244 1736//3244
f 1756//3245 987//3245 989//3245
f 1756//3246 989//3246 1737//3246
f 1052//3247 1757//3247 1738//3247
f 1052//3248 1738//3248 1051//3248
f 1757//3249 1758//3249 1739//3249
f 1757//3250 1739//3250 1738//3250
f 1758//3251 1759//3251 1740//3251
f 1758//3252 1740//3252 1739//3252
f 1759//3253 1760//3253 1741//3253
f 1759//3254 1741//3254 1740//3254
f 1760//3255 1761//3255 1742//3255
f 1760//3256 1742//3256 1741//3256
f 1761//3257 1762//3257 1743//3257
f 1761//3258 1743//3258 1742//3258
f 1762//3259 1763//3259 1744//3259
f 1762//3260 1744//3260 1743//3260
f 1763//3261 1764//3261 1745//3261
f 1763//3262 1745//3262 1744//3262
f 1764//3263 1765//3263 1746//3263
f 1764//3264 1746//3264 1745//3264
f 1765//3265 1766//3265 1747//3265
f 1765//3266 1747//3266 1746//3266
f 1766//3267 1767//3267 1748//3267
f 1766//3268 1748//3268 1747//3268
f 1767//3269 1768//3269 1749//3269
f 1767//3270 1749//3270 1748//3270
f 1768//3271 1769//3271 1750//3271
f 1768//3272 1750//3272 1749//3272
f 1769//3273 1770//3273 1751//3273
f 1769//3274 1751//3274 1750//3274
f 1770//3275 1771//3275 1752//3275
f 1770//3276 1752//3276 1751//3276
f 1771//3277 1772//3277 1753//3277
f 1771//3278 1753//3278 1752//3278
f 1772//3279 1773//3279 1754//3279
f 1772//3280 1754//3280 1753//3280
f 1773//3281 1774//3281 1755//3281
f 1773//3282 1755//3282 1754//3282
f 1774//3283 1775//3283 1756//3283
f 1774//3284 1756//3284 1755//3284
f 1775//3285 985//3285 987//3285
f 1775//3286 987//3286 1756//3286
f 1053//3287 1776//3287 1757//3287
f 1053//3288 1757//3288 1052//3288
f 1776//3289 1777//3289 1758//3289
f 1776//3290 1758//3290 1757//3290
f 1777//3291 1778//3291 1759//3291
f 1777//3292 1759//3292 1758//3292
f 1778//3293 1779//3293 1760//3293
f 1778//3294 1760//3294 1759//3294
f 1779//3295 1780//3295 1761//3295
f 1779//3296 1761//3296 1760//3296
f 1780//3297 1781//3297 1762//3297
f 1780//3298 1762//3298 1761//3298
f 1781//3299 1782//3299 1763//3299
f 1781//3300 1763//3300 1762//3300
f 1782//3301 1783//3301 1764//3301
f 1782//3302 1764//3302 1763//3302
f 1783//3303 1784//3303 1765//3303
f 1783//3304 1765//3304 1764//3304
f 1784//3305 1785//3305 1766//3305
f 1784//3306 1766//3306 1765//3306
f 1785//3307 1786//3307 1767//3307
f 1785//3308 1767//3308 1766//3308
f 1786//3309 1787//3309 1768//3309
f 1786//3310 1768//3310 1767//3310
f 1787//3311 1788//3311 1769//3311
f 1787//3312 1769//3312 1768//3312
f 1788//3313 1789//3313 1770//3313
f 1788//3314 1770//3314 1769//3314
f 1789//3315 1790//3315 1771//3315
f 1789//3316 1771//3316 1770//3316
f 1790//3317 1791//3317 1772//3317
f 1790//3318 1772//3318 1771//3318
f 1791//3319 1792//3319 1773//3319
f 1791//3320 1773//3320 1772//3320
f 1792//3321 1793//3321 1774//3321
f 1792//3322 1774//3322 1773//3322
f 1793//3323 1794//3323 1775//3323
f 1793//3324 1775//3324 1774//3324
f 1794//3325 983//3325 985//3325
f 1794//3326 985//3326 1775//3326
f 1054//3327 1795//3327 1776//3327
f 1054//3328 1776//3328 1053//3328
f 1795//3329 1796//3329 1777//3329
f 1795//3330 1777//3330 1776//3330
f 1796//3331 1797//3331 1778//3331
f 1796//3332 1778//3332 1777//3332
f 1797//3333 1798//3333 1779//3333
f 1797//3334 1779//3334 1778//3334
f 1798//3335 1799//3335 1780//3335
f 1798//3336 1780//3336 1779//3336
f 1799//3337 1800//3337 1781//3337
f 1799//3338 1781//3338 1780//3338
f 1800//3339 1801//3339 1782//3339
f 1800//3340 1782//3340 1781//3340
f 1801//3341 1802//3341 1783//3341
f 1801//3342 1783//3342 1782//3342
f 1802//3343 1803//3343 1784//3343
f 1802//3344 1784//3344 1783//3344
f 1803//3345 1804//3345 1785//3345
f 1803//3346 1785//3346 1784//3346
f 1804//3347 1805//3347 1786//3347
f 1804//3348 1786//3348 1785//3348
f 1805//3349 1806//3349 1787//3349
f 1805//3350 1787//3350 1786//3350
f 1806//3351 1807//3351 1788//3351
f 1806//3352 1788//3352 1787//3352
f 1807//3353 1808//3353 1789//3353
f 1807//3354 1789//3354 1788//3354
f 1808//3355 1809//3355 1790//3355
f 1808//3356 1790//3356 1789//3356
f 1809//3357 1810//3357 1791//3357
f 1809//3358 1791//3358 1790//3358
f 1810//3359 1811//3359 1792//3359
f 1810//3360 1792//3360 1791//3360
f 1811//3361 1812//3361 1793//3361
f 1811//3362 1793//3362 1792//3362
f 1812//3363 1813//3363 1794//3363
f 1812//3364 1794//3364 1793//3364
f 1813//3365 981//3365 983//3365
f 1813//3366 983//3366 1794//3366
f 8//3367 1814//3367 1795//3367
f 8//3368 1795//3368 1054//3368
f 1814//3369 1815//3369 1796//3369
f 1814//3370 1796//3370 1795//3370
f 1815//3371 1816//3371 1797//3371
f 1815//3372 1797//3372 1796//3372
f 1816//3373 1817//3373 1798//3373
f 1816//3374 1798//3374 1797//3374
f 1817//3375 1818//3375 1799//3375
f 1817//3376 1799//3376 1798//3376
f 1818//3377 1819//3377 1800//3377
f 1818//3378 1800//3378 1799//3378
f 1819//3379 1820//3379 1801//3379
f 1819//3380 1801//3380 1800//3380
f 1820//3381 1821//3381 1802//3381
f 1820//3382 1802//3382 1801//3382
f 1821//3383 1822//3383 1803//3383
f 1821//3384 1803//3384 1802//3384
f 1822//3385 1823//3385 1804//3385
f 1822//3386 1804//3386 1803//3386
f 1823//3387 1824//3387 1805//3387
f 1823//3388 1805//3388 1804//3388
f 1824//3389 1825//3389 1806//3389
f 1824//3390 1806//3390 1805//3390
f 1825//3391 1826//3391 1807//3391
f 1825//3392 1807//3392 1806//3392
f 1826//3393 1827//3393 1808//3393
f 1826//3394 1808//3394 1807//3394
f 1827//3395 1828//3395 1809//3395
f 1827//3396 1809//3396 1808//3396
f 1828//3397 1829//3397 1810//3397
f 1828//3398 1810//3398 1809//3398
f 1829//3399 1830//3399 1811//3399
f 1829//3400 1811//3400 1810//3400
f 1830//3401 1831//3401 1812//3401
f 1830//3402 1812//3402 1811//3402
f 1831//3403 1832//3403 1813//3403
f 1831//3404 1813//3404 1812//3404
f 1832//3405 979//3405 981//3405
f 1832//3406 981//3406 1813//3406
f 7//3407 1833//3407 1814//3407
f 7//3408 1814//3408 8//3408
f 1833//3409 1834//3409 1815//3409
f 1833//3410 1815//3410 1814//3410
f 1834//3411 1835//3411 1816//3411
f 1834//3412 1816//3412 1815//3412
f 1835//3413 1836//3413 1817//3413
f 1835//3414 1817//3414 1816//3414
f 1836//3415 1837//3415 1818//3415
f 1836//3416 1818//3416 1817//3416
f 1837//3417 1838//3417 1819//3417
f 1837//3418 1819//3418 1818//3418
f 1838//3419 1839//3419 1820//3419
f 1838//3420 1820//3420 1819//3420
f 1839//3421 1840//3421 1821//3421
f 1839//3422 1821//3422 1820//3422
f 1840//3423 1841//3423 1822//3423
f 1840//3424 1822//3424 1821//3424
f 1841//3425 1842//3425 1823//3425
f 1841//3426 1823//3426 1822//3426
f 1842//3427 1843//3427 1824//3427
f 1842//3428 1824//3428 1823//3428
f 1843//3429 1844//3429 1825//3429
f 1843//3430 1825//3430 1824//3430
f 1844//3431 1845//3431 1826//3431
f 1844//3432 1826//3432 1825//3432
f 1845//3433 1846//3433 1827//3433
f 1845//3434 1827//3434 1826//3434
f 1846//3435 1847//3435 1828//3435
f 1846//3436 1828//3436 1827//3436
f 1847//3437 1848//3437 1829//3437
f 1847//3438 1829//3438 1828//3438
f 1848//3439 1849//3439 1830//3439
f 1848//3440 1830//3440 1829//3440
f 1849//3441 1850//3441 1831//3441
f 1849//3442 1831//3442 1830//3442
f 1850//3443 1851//3443 1832//3443
f 1850//3444 1832//3444 1831//3444
f 1851//3445 12//3445 979//3445
f 1851//3446 979//3446 1832//3446
f 61//3447 1852//3447 1853//3447
f 61//3448 1853//3448 14//3448
f 1852//3449 1854//3449 1855//3449
f 1852//3450 1855//3450 1853//3450
f 1854//3451 1856//3451 1857//3451
f 1854//3452 1857//3452 1855//3452
f 1856//3453 1858//3453 1859//3453
f 1856//3454 1859//3454 1857//3454
f 1858//3455 1860//3455 1861//3455
f 1858//3456 1861//3456 1859//3456
f 1860//3457 1862//3457 1863//3457
f 1860//3458 1863//3458 1861//3458
f 1862//3459 1864//3459 1865//3459
f 1862//3460 1865//3460 1863//3460
f 1864//3461 1866//3461 1867//3461
f 1864//3462 1867//3462 1865//3462
f 1866//3463 1868//3463 1869//3463
f 1866//3464 1869//3464 1867//3464
f 1868//3465 1870//3465 1871//3465
f 1868//3466 1871//3466 1869//3466
f 1870//3467 1872//3467 1873//3467
f 1870//3468 1873//3468 1871//3468
f 1872//3469 1874//3469 1875//3469
f 1872//3470 1875//3470 1873//3470
f 1874//3471 1876//3471 1877//3471
f 1874//3472 1877//3472 1875//3472
f 1876//3473 1878//3473 1879//3473
f 1876//3474 1879//3474 1877//3474
f 1878//3475 1880//3475 1881//3475
f 1878//3476 1881//3476 1879//3476
f 1880//3477 1882//3477 1883//3477
f 1880//3478 1883//3478 1881//3478
f 1882//3479 1884//3479 1885//3479
f 1882//3480 1885//3480 1883//3480
f 1884//3481 1886//3481 1887//3481
f 1884//3482 1887//3482 1885//3482
f 1886//3483 1888//3483 1889//3483
f 1886//3484 1889//3484 1887//3484
f 1888//3485 180//3485 1//3485
f 1888//3486 1//3486 1889//3486
f 59//3487 1890//3487 1852//3487
f 59//3488 1852//3488 61//3488
f 1890//3489 1891//3489 1854//3489
f 1890//3490 1854//3490 1852//3490
f 1891//3491 1892//3491 1856//3491
f 1891//3492 1856//3492 1854//3492
f 1892//3493 1893//3493 1858//3493
f 1892//3494 1858//3494 1856//3494
f 1893//3495 1894//3495 1860//3495
f 1893//3496 1860//3496 1858//3496
f 1894//3497 1895//3497 1862//3497
f 1894//3498 1862//3498 1860//3498
f 1895//3499 1896//3499 1864//3499
f 1895//3500 1864//3500 1862//3500
f 1896//3501 1897//3501 1866//3501
f 1896//3502 1866//3502 1864//3502
f 1897//3503 1898//3503 1868//3503
f 1897//3504 1868//3504 1866//3504
f 1898//3505 1899//3505 1870//3505
f 1898//3506 1870//3506 1868//3506
f 1899//3507 1900//3507 1872//3507
f 1899//3508 1872//3508 1870//3508
f 1900//3509 1901//3509 1874//3509
f 1900//3510 1874//3510 1872//3510
f 1901//3511 1902//3511 1876//3511
f 1901//3512 1876//3512 1874//3512
f 1902//3513 1903//3513 1878//3513
f 1902//3514 1878//3514 1876//3514
f 1903//3515 1904//3515 1880//3515
f 1903//3516 1880//3516 1878//3516
f 1904//3517 1905//3517 1882//3517
f 1904//3518 1882//3518 1880//3518
f 1905//3519 1906//3519 1884//3519
f 1905//3520 1884//3520 1882//3520
f 1906//3521 1907//3521 1886//3521
f 1906//3522 1886//3522 1884//3522
f 1907//3523 1908//3523 1888//3523
f 1907//3524 1888//3524 1886//3524
f 1908//3525 178//3525 180//3525
f 1908//3526 180//3526 1888//3526
f 57//3527 1909//3527 1890//3527
f 57//3528 1890//3528 59//3528
f 1909//3529 1910//3529 1891//3529
f 1909//3530 1891//3530 1890//3530
f 1910//3531 1911//3531 1892//3531
f 1910//3532 1892//3532 1891//3532
f 1911//3533 1912//3533 1893//3533
f 1911//3534 1893//3534 1892//3534
f 1912//3535 1913//3535 1894//3535
f 1912//3536 1894//3536 1893//3536
f 1913//3537 1914//3537 1895//3537
f 1913//3538 1895//3538 1894//3538
f 1914//3539 1915//3539 1896//3539
f 1914//3540 1896//3540 1895//3540
f 1915//3541 1916//3541 1897//3541
f 1915//3542 1897//3542 1896//3542
f 1916//3543 1917//3543 1898//3543
f 1916//3544 1898//3544 1897//3544
f 1917//3545 1918//3545 1899//3545
f 1917//3546 1899//3546 1898//3546
f 1918//3547 1919//3547 1900//3547
f 1918//3548 1900//3548 1899//3548
f 1919//3549 1920//3549 1901//3549
f 1919//3550 1901//3550 1900//3550
f 1920//3551 1921//3551 1902//3551
f 1920//3552 1902//3552 1901//3552
f 1921//3553 1922//3553 1903//3553
f 1921//3554 1903//3554 1902//3554
f 1922//3555 1923//3555 1904//3555
f 1922//3556 1904//3556 1903//3556
f 1923//3557 1924//3557 1905//3557
f 1923//3558 1905//3558 1904//3558
f 1924//3559 1925//3559 1906//3559
f 1924//3560 1906//3560 1905//3560
f 1925//3561 1926//3561 1907//3561
f 1925//3562 1907//3562 1906//3562
f 1926//3563 1927//3563 1908//3563
f 1926//3564 1908//3564 1907//3564
f 1927//3565 176//3565 178//3565
f 1927//3566 178//3566 1908//3566
f 55//3567 1928//3567 1909//3567
f 55//3568 1909//3568 57//3568
f 1928//3569 1929//3569 1910//3569
f 1928//3570 1910//3570 1909//3570
f 1929//3571 1930//3571 1911//3571
f 1929//3572 1911//3572 1910//3572
f 1930//3573 1931//3573 1912//3573
f 1930//3574 1912//3574 1911//3574
f 1931//3575 1932//3575 1913//3575
f 1931//3576 1913//3576 1912//3576
f 1932//3577 1933//3577 1914//3577
f 1932//3578 1914//3578 1913//3578
f 1933//3579 1934//3579 1915//3579
f 1933//3580 1915//3580 1914//3580
f 1934//3581 1935//3581 1916//3581
f 1934//3582 1916//3582 1915//3582
f 1935//3583 1936//3583 1917//3583
f 1935//3584 1917//3584 1916//3584
f 1936//3585 1937//3585 1918//3585
f 1936//3586 1918//3586 1917//3586
f 1937//3587 1938//3587 1919//3587
f 1937//3588 1919//3588 1918//3588
f 1938//3589 1939//3589 1920//3589
f 1938//3590 1920//3590 1919//3590
f 1939//3591 1940//3591 1921//3591
f 1939//3592 1921//3592 1920//3592
f 1940//3593 1941//3593 1922//3593
f 1940//3594 1922//3594 1921//3594
f 1941//3595 1942//3595 1923//3595
f 1941//3596 1923//3596 1922//3596
f 1942//3597 1943//3597 1924//3597
f 1942//3598 1924//3598 1923//3598
f 1943//3599 1944//3599 1925//3599
f 1943//3600 1925//3600 1924//3600
f 1944//3601 1945//3601 1926//3601
f 1944//3602 1926//3602 1925//3602
f 1945//3603 1946//3603 1927//3603
f 1945//3604 1927//3604 1926//3604
f 1946//3605 174//3605 176//3605
f 1946//3606 176//3606 1927//3606
f 53//3607 1947//3607 1928//3607
f 53//3608 1928//3608 55//3608
f 1947//3609 1948//3609 1929//3609
f 1947//3610 1929//3610 1928//3610
f 1948//3611 1949//3611 1930//3611
f 1948//3612 1930//3612 1929//3612
f 1949//3613 1950//3613 1931//3613
f 1949//3614 1931//3614 1930//3614
f 1950//3615 1951//3615 1932//3615
f 1950//3616 1932//3616 1931//3616
f 1951//3617 1952//3617 1933//3617
f 1951//3618 1933//3618 1932//3618
f 1952//3619 1953//3619 1934//3619
f 1952//3620 1934//3620 1933//3620
f 1953//3621 1954//3621 1935//3621
f 1953//3622 1935//3622 1934//3622
f 1954//3623 1955//3623 1936//3623
f 1954//3624 1936//3624 1935//3624
f 1955//3625 1956//3625 1937//3625
f 1955//3626 1937//3626 1936//3626
f 1956//3627 1957//3627 1938//3627
f 1956//3628 1938//3628 1937//3628
f 1957//3629 1958//3629 1939//3629
f 1957//3630 1939//3630 1938//3630
f 1958//3631 1959//3631 1940//3631
f 1958//3632 1940//3632 1939//3632
f 1959//3633 1960//3633 1941//3633
f 1959//3634 1941//3634 1940//3634
f 1960//3635 1961//3635 1942//3635
f 1960//3636 1942//3636 1941//3636
f 1961//3637 1962//3637 1943//3637
f 1961//3638 1943//3638 1942//3638
f 1962//3639 1963//3639 1944//3639
f 1962//3640 1944//3640 1943//3640
f 1963//3641 1964//3641 1945//3641
f 1963//3642 1945//3642 1944//3642
f 1964//3643 1965//3643 1946//3643
f 1964//3644 1946//3644 1945//3644
f 1965//3645 172//3645 174//3645
f 1965//3646 174//3646 1946//3646
f 51//3647 1966//3647 1947//3647
f 51//3648 1947//3648 53//3648
f 1966//3649 1967//3649 1948//3649
f 1966//3650 1948//3650 1947//3650
f 1967//3651 1968//3651 1949//3651
f 1967//3652 1949//3652 1948//3652
f 1968//3653 1969//3653 1950//3653
f 1968//3654 1950//3654 1949//3654
f 1969//3655 1970//3655 1951//3655
f 1969//3656 1951//3656 1950//3656
f 1970//3657 1971//3657 1952//3657
f 1970//3658 1952//3658 1951//3658
f 1971//3659 1972//3659 1953//3659
f 1971//3660 1953//3660 1952//3660
f 1972//3661 1973//3661 1954//3661
f 1972//3662 1954//3662 1953//3662
f 1973//3663 1974//3663 1955//3663
f 1973//3664 1955//3664 1954//3664
f 1974//3665 1975//3665 1956//3665
f 1974//3666 1956//3666 1955//3666
f 1975//3667 1976//3667 1957//3667
f 1975//3668 1957//3668 1956//3668
f 1976//3669 1977//3669 1958//3669
f 1976//3670 1958//3670 1957//3670
f 1977//3671 1978//3671 1959//3671
f 1977//3672 1959//3672 1958//3672
f 1978//3673 1979//3673 1960//3673
f 1978//3674 1960//3674 1959//3674
f 1979//3675 1980//3675 1961//3675
f 1979//3676 1961//3676 1960//3676
f 1980//3677 1981//3677 1962//3677
f 1980//3678 1962//3678 1961//3678
f 1981//3679 1982//3679 1963//3679
f 1981//3680 1963//3680 1962//3680
f 1982//3681 1983//3681 1964//3681
f 1982//3682 1964//3682 1963//3682
f 1983//3683 1984//3683 1965//3683
f 1983//3684 1965//3684 1964//3684
f 1984//3685 170//3685 172//3685
f 1984//3686 172//3686 1965//3686
f 49//3687 1985//3687 1966//3687
f 49//3688 1966//3688 51//3688
f 1985//3689 1986//3689 1967//3689
f 1985//3690 1967//3690 1966//3690
f 1986//3691 1987//3691 1968//3691
f 1986//3692 1968//3692 1967//3692
f 1987//3693 1988//3693 1969//3693
f 1987//3694 1969//3694 1968//3694
f 1988//3695 1989//3695 1970//3695
f 1988//3696 1970//3696 1969//3696
f 1989//3697 1990//3697 1971//3697
f 1989//3698 1971//3698 1970//3698
f 1990//3699 1991//3699 1972//3699
f 1990//3700 1972//3700 1971//3700
f 1991//3701 1992//3701 1973//3701
f 1991//3702 1973//3702 1972//3702
f 1992//3703 1993//3703 1974//3703
f 1992//3704 1974//3704 1973//3704
f 1993//3705 1994//3705 1975//3705
f 1993//3706 1975//3706 1974//3706
f 1994//3707 1995//3707 1976//3707
f 1994//3708 1976//3708 1975//3708
f 1995//3709 1996//3709 1977//3709
f 1995//3710 1977//3710 1976//3710
f 1996//3711 1997//3711 1978//3711
f 1996//3712 1978//3712 1977//3712
f 1997//3713 1998//3713 1979//3713
f 1997//3714 1979//3714 1978//3714
f 1998//3715 1999//3715 1980//3715
f 1998//3716 1980//3716 1979//3716
f 1999//3717 2000//3717 1981//3717
f 1999//3718 1981//3718 1980//3718
f 2000//3719 2001//3719 1982//3719
f 2000//3720 1982//3720 1981//3720
f 2001//3721 2002//3721 1983//3721
f 2001//3722 1983//3722 1982//3722
f 2002//3723 2003//3723 1984//3723
f 2002//3724 1984//3724 1983//3724
f 2003//3725 168//3725 170//3725
f 2003//3726 170//3726 1984//3726
f 47//3727 2004//3727 1985//3727
f 47//3728 1985//3728 49//3728
f 2004//3729 2005//3729 1986//3729
f 2004//3730 1986//3730 1985//3730
f 2005//3731 2006//3731 1987//3731
f 2005//3732 1987//3732 1986//3732
f 2006//3733 2007//3733 1988//3733
f 2006//3734 1988//3734 1987//3734
f 2007//3735 2008//3735 1989//3735
f 2007//3736 1989//3736 1988//3736
f 2008//3737 2009//3737 1990//3737
f 2008//3738 1990//3738 1989//3738
f 2009//3739 2010//3739 1991//3739
f 2009//3740 1991//3740 1990//3740
f 2010//3741 2011//3741 1992//3741
f 2010//3742 1992//3742 1991//3742
f 2011//3743 2012//3743 1993//3743
f 2011//3744 1993//3744 1992//3744
f 2012//3745 2013//3745 1994//3745
f 2012//3746 1994//3746 1993//3746
f 2013//3747 2014//3747 1995//3747
f 2013//3748 1995//3748 1994//3748
f 2014//3749 2015//3749 1996//3749
f 2014//3750 1996//3750 1995//3750
f 2015//3751 2016//3751 1997//3751
f 2015//3752 1997//3752 1996//3752
f 2016//3753 2017//3753 1998//3753
f 2016//3754 1998//3754 1997//3754
f 2017//3755 2018//3755 1999//3755
f 2017//3756 1999//3756 1998//3756
f 2018//3757 2019//3757 2000//3757
f 2018//3758 2000//3758 1999//3758
f 2019//3759 2020//3759 2001//3759
f 2019//3760 2001//3760 2000//3760
f 2020//3761 2021//3761 2002//3761
f 2020//3762 2002//3762 2001//3762
f 2021//3763 2022//3763 2003//3763
f 2021//3764 2003//3764 2002//3764
f 2022//3765 166//3765 168//3765
f 2022//3766 168//3766 2003//3766
f 45//3767 2023//3767 2004//3767
f 45//3768 2004//3768 47//3768
f 2023//3769 2024//3769 2005//3769
f 2023//3770 2005//3770 2004//3770
f 2024//3771 2025//3771 2006//3771
f 2024//3772 2006//3772 2005//3772
f 2025//3773 2026//3773 2007//3773
f 2025//3774 2007//3774 2006//3774
f 2026//3775 2027//3775 2008//3775
f 2026//3776 2008//3776 2007//3776
f 2027//3777 2028//3777 2009//3777
f 2027//3778 2009//3778 2008//3778
f 2028//3779 2029//3779 2010//3779
f 2028//3780 2010//3780 2009//3780
f 2029//3781 2030//3781 2011//3781
f 2029//3782 2011//3782 2010//3782
f 2030//3783 2031//3783 2012//3783
f 2030//3784 2012//3784 2011//3784
f 2031//3785 2032//3785 2013//3785
f 2031//3786 2013//3786 2012//3786
f 2032//3787 2033//3787 2014//3787
f 2032//3788 2014//3788 2013//3788
f 2033//3789 2034//3789 2015//3789
f 2033//3790 2015//3790 2014//3790
f 2034//3791 2035//3791 2016//3791
f 2034//3792 2016//3792 2015//3792
f 2035//3793 2036//3793 2017//3793
f 2035//3794 2017//3794 2016//3794
f 2036//3795 2037//3795 2018//3795
f 2036//3796 2018//3796 2017//3796
f 2037//3797 2038//3797 2019//3797
f 2037//3798 2019//3798 2018//3798
f 2038//3799 2039//3799 2020//3799
f 2038//3800 2020//3800 2019//3800
f 2039//3801 2040//3801 2021//3801
f 2039//3802 2021//3802 2020//3802
f 2040//3803 2041//3803 2022//3803
f 2040//3804 2022//3804 2021//3804
f 2041//3805 164//3805 166//3805
f 2041//3806 166//3806 2022//3806
f 43//3807 2042//3807 2023//3807
f 43//3808 2023//3808 45//3808
f 2042//3809 2043//3809 2024//3809
f 2042//3810 2024//3810 2023//3810
f 2043//3811 2044//3811 2025//3811
f 2043//3771 2025//3771 2024//3771
f 2044//3812 2045//3812 2026//3812
f 2044//3813 2026//3813 2025//3813
f 2045//3814 2046//3814 2027//3814
f 2045//3815 2027//3815 2026//3815
f 2046//3816 2047//3816 2028//3816
f 2046//3817 2028//3817 2027//3817
f 2047//3818 2048//3818 2029//3818
f 2047//3819 2029//3819 2028//3819
f 2048//3820 2049//3820 2030//3820
f 2048//3821 2030//3821 2029//3821
f 2049//3822 2050//3822 2031//3822
f 2049//3823 2031//3823 2030//3823
f 2050//3824 2051//3824 2032//3824
f 2050//3825 2032//3825 2031//3825
f 2051//3826 2052//3826 2033//3826
f 2051//3827 2033//3827 2032//3827
f 2052//3828 2053//3828 2034//3828
f 2052//3829 2034//3829 2033//3829
f 2053//3830 2054//3830 2035//3830
f 2053//3831 2035//3831 2034//3831
f 2054//3832 2055//3832 2036//3832
f 2054//3833 2036//3833 2035//3833
f 2055//3834 2056//3834 2037//3834
f 2055//3835 2037//3835 2036//3835
f 2056//3836 2057//3836 2038//3836
f 2056//3837 2038//3837 2037//3837
f 2057//3838 2058//3838 2039//3838
f 2057//3839 2039//3839 2038//3839
f 2058//3840 2059//3840 2040//3840
f 2058//3841 2040//3841 2039//3841
f 2059//3842 2060//3842 2041//3842
f 2059//3843 2041//3843 2040//3843
f 2060//3844 162//3844 164//3844
f 2060//3845 164//3845 2041//3845
f 41//3807 2061//3807 2042//3807
f 41//3807 2042//3807 43//3807
f 2061//3846 2062//3846 2043//3846
f 2061//3847 2043//3847 2042//3847
f 2062//3848 2063//3848 2044//3848
f 2062//3849 2044//3849 2043//3849
f 2063//3850 2064//3850 2045//3850
f 2063//3851 2045//3851 2044//3851
f 2064//3852 2065//3852 2046//3852
f 2064//3853 2046//3853 2045//3853
f 2065//3854 2066//3854 2047//3854
f 2065//3855 2047//3855 2046//3855
f 2066//3856 2067//3856 2048//3856
f 2066//3857 2048//3857 2047//3857
f 2067//3858 2068//3858 2049//3858
f 2067//3859 2049//3859 2048//3859
f 2068//3860 2069//3860 2050//3860
f 2068//3861 2050//3861 2049//3861
f 2069//3862 2070//3862 2051//3862
f 2069//3863 2051//3863 2050//3863
f 2070//3864 2071//3864 2052//3864
f 2070//3865 2052//3865 2051//3865
f 2071//3866 2072//3866 2053//3866
f 2071//3867 2053//3867 2052//3867
f 2072//3868 2073//3868 2054//3868
f 2072//3869 2054//3869 2053//3869
f 2073//3870 2074//3870 2055//3870
f 2073//3871 2055//3871 2054//3871
f 2074//3872 2075//3872 2056//3872
f 2074//3873 2056//3873 2055//3873
f 2075//3874 2076//3874 2057//3874
f 2075//3875 2057//3875 2056//3875
f 2076//3876 2077//3876 2058//3876
f 2076//3877 2058//3877 2057//3877
f 2077//3878 2078//3878 2059//3878
f 2077//3879 2059//3879 2058//3879
f 2078//3880 2079//3880 2060//3880
f 2078//3881 2060//3881 2059//3881
f 2079//3882 160//3882 162//3882
f 2079//3883 162//3883 2060//3883
f 39//3884 2080//3884 2061//3884
f 39//3885 2061//3885 41//3885
f 2080//3886 2081//3886 2062//3886
f 2080//3887 2062//3887 2061//3887
f 2081//3888 2082//3888 2063//3888
f 2081//3889 2063//3889 2062//3889
f 2082//3890 2083//3890 2064//3890
f 2082//3891 2064//3891 2063//3891
f 2083//3892 2084//3892 2065//3892
f 2083//3893 2065//3893 2064//3893
f 2084//3894 2085//3894 2066//3894
f 2084//3895 2066//3895 2065//3895
f 2085//3896 2086//3896 2067//3896
f 2085//3897 2067//3897 2066//3897
f 2086//3898 2087//3898 2068//3898
f 2086//3899 2068//3899 2067//3899
f 2087//3900 2088//3900 2069//3900
f 2087//3901 2069//3901 2068//3901
f 2088//3902 2089//3902 2070//3902
f 2088//3903 2070//3903 2069//3903
f 2089//3904 2090//3904 2071//3904
f 2089//3905 2071//3905 2070//3905
f 2090//3906 2091//3906 2072//3906
f 2090//3907 2072//3907 2071//3907
f 2091//3908 2092//3908 2073//3908
f 2091//3909 2073//3909 2072//3909
f 2092//3910 2093//3910 2074//3910
f 2092//3911 2074//3911 2073//3911
f 2093//3912 2094//3912 2075//3912
f 2093//3913 2075//3913 2074//3913
f 2094//3914 2095//3914 2076//3914
f 2094//3915 2076//3915 2075//3915
f 2095//3916 2096//3916 2077//3916
f 2095//3917 2077//3917 2076//3917
f 2096//3918 2097//3918 2078//3918
f 2096//3919 2078//3919 2077//3919
f 2097//3920 2098//3920 2079//3920
f 2097//3921 2079//3921 2078//3921
f 2098//3922 158//3922 160//3922
f 2098//3923 160//3923 2079//3923
f 37//3924 2099//3924 2080//3924
f 37//3925 2080//3925 39//3925
f 2099//3926 2100//3926 2081//3926
f 2099//3927 2081//3927 2080//3927
f 2100//3928 2101//3928 2082//3928
f 2100//3929 2082//3929 2081//3929
f 2101//3930 2102//3930 2083//3930
f 2101//3931 2083//3931 2082//3931
f 2102//3932 2103//3932 2084//3932
f 2102//3933 2084//3933 2083//3933
f 2103//3934 2104//3934 2085//3934
f 2103//3935 2085//3935 2084//3935
f 2104//3936 2105//3936 2086//3936
f 2104//3937 2086//3937 2085//3937
f 2105//3938 2106//3938 2087//3938
f 2105//3939 2087//3939 2086//3939
f 2106//3940 2107//3940 2088//3940
f 2106//3941 2088//3941 2087//3941
f 2107//3942 2108//3942 2089//3942
f 2107//3943 2089//3943 2088//3943
f 2108//3944 2109//3944 2090//3944
f 2108//3945 2090//3945 2089//3945
f 2109//3946 2110//3946 2091//3946
f 2109//3947 2091//3947 2090//3947
f 2110//3948 2111//3948 2092//3948
f 2110//3949 2092//3949 2091//3949
f 2111//3950 2112//3950 2093//3950
f 2111//3951 2093//3951 2092//3951
f 2112//3952 2113//3952 2094//3952
f 2112//3953 2094//3953 2093//3953
f 2113//3954 2114//3954 2095//3954
f 2113//3955 2095//3955 2094//3955
f 2114//3956 2115//3956 2096//3956
f 2114//3957 2096//3957 2095//3957
f 2115//3958 2116//3958 2097//3958
f 2115//3959 2097//3959 2096//3959
f 2116//3960 2117//3960 2098//3960
f 2116//3961 2098//3961 2097//3961
f 2117//3962 156//3962 158//3962
f 2117//3963 158//3963 2098//3963
f 35//3964 2118//3964 2099//3964
f 35//3965 2099//3965 37//3965
f 2118//3966 2119//3966 2100//3966
f 2118//3967 2100//3967 2099//3967
f 2119//3968 2120//3968 2101//3968
f 2119//3969 2101//3969 2100//3969
f 2120//3970 2121//3970 2102//3970
f 2120//3930 2102//3930 2101//3930
f 2121//3971 2122//3971 2103//3971
f 2121//3972 2103//3972 2102//3972
f 2122//3973 2123//3973 2104//3973
f 2122//3974 2104//3974 2103//3974
f 2123//3975 2124//3975 2105//3975
f 2123//3976 2105//3976 2104//3976
f 2124//3977 2125//3977 2106//3977
f 2124//3978 2106//3978 2105//3978
f 2125//3979 2126//3979 2107//3979
f 2125//3980 2107//3980 2106//3980
f 2126//3981 2127//3981 2108//3981
f 2126//3982 2108//3982 2107//3982
f 2127//3983 2128//3983 2109//3983
f 2127//3984 2109//3984 2108//3984
f 2128//3985 2129//3985 2110//3985
f 2128//3986 2110//3986 2109//3986
f 2129//3987 2130//3987 2111//3987
f 2129//3988 2111//3988 2110//3988
f 2130//3989 2131//3989 2112//3989
f 2130//3990 2112//3990 2111//3990
f 2131//3991 2132//3991 2113//3991
f 2131//3992 2113//3992 2112//3992
f 2132//3993 2133//3993 2114//3993
f 2132//3994 2114//3994 2113//3994
f 2133//3995 2134//3995 2115//3995
f 2133//3996 2115//3996 2114//3996
f 2134//3997 2135//3997 2116//3997
f 2134//3998 2116//3998 2115//3998
f 2135//3999 2136//3999 2117//3999
f 2135//4000 2117//4000 2116//4000
f 2136//4001 154//4001 156//4001
f 2136//4002 156//4002 2117//4002
f 33//4003 2137//4003 2118//4003
f 33//4004 2118//4004 35//4004
f 2137//4005 2138//4005 2119//4005
f 2137//4006 2119//4006 2118//4006
f 2138//4007 2139//4007 2120//4007
f 2138//4008 2120//4008 2119//4008
f 2139//4009 2140//4009 2121//4009
f 2139//4010 2121//4010 2120//4010
f 2140//4011 2141//4011 2122//4011
f 2140//4012 2122//4012 2121//4012
f 2141//4013 2142//4013 2123//4013
f 2141//4014 2123//4014 2122//4014
f 2142//4015 2143//4015 2124//4015
f 2142//4016 2124//4016 2123//4016
f 2143//4017 2144//4017 2125//4017
f 2143//4018 2125//4018 2124//4018
f 2144//4019 2145//4019 2126//4019
f 2144//4020 2126//4020 2125//4020
f 2145//4021 2146//4021 2127//4021
f 2145//4022 2127//4022 2126//4022
f 2146//4023 2147//4023 2128//4023
f 2146//4024 2128//4024 2127//4024
f 2147//4025 2148//4025 2129//4025
f 2147//4026 2129//4026 2128//4026
f 2148//4027 2149//4027 2130//4027
f 2148//4028 2130//4028 2129//4028
f 2149//4029 2150//4029 2131//4029
f 2149//4030 2131//4030 2130//4030
f 2150//4031 2151//4031 2132//4031
f 2150//4032 2132//4032 2131//4032
f 2151//4033 2152//4033 2133//4033
f 2151//4034 2133//4034 2132//4034
f 2152//4035 2153//4035 2134//4035
f 2152//4036 2134//4036 2133//4036
f 2153//4037 2154//4037 2135//4037
f 2153//4038 2135//4038 2134//4038
f 2154//4039 2155//4039 2136//4039
f 2154//4040 2136//4040 2135//4040
f 2155//4041 152//4041 154//4041
f 2155//4042 154//4042 2136//4042
f 31//4043 2156//4043 2137//4043
f 31//4044 2137//4044 33//4044
f 2156//4045 2157//4045 2138//4045
f 2156//4046 2138//4046 2137//4046
f 2157//4047 2158//4047 2139//4047
f 2157//4048 2139//4048 2138//4048
f 2158//4049 2159//4049 2140//4049
f 2158//4050 2140//4050 2139//4050
f 2159//4051 2160//4051 2141//4051
f 2159//4052 2141//4052 2140//4052
f 2160//4053 2161//4053 2142//4053
f 2160//4054 2142//4054 2141//4054
f 2161//4055 2162//4055 2143//4055
f 2161//4056 2143//4056 2142//4056
f 2162//4057 2163//4057 2144//4057
f 2162//4058 2144//4058 2143//4058
f 2163//4059 2164//4059 2145//4059
f 2163//4060 2145//4060 2144//4060
f 2164//4061 2165//4061 2146//4061
f 2164//4062 2146//4062 2145//4062
f 2165//4063 2166//4063 2147//4063
f 2165//4064 2147//4064 2146//4064
f 2166//4065 2167//4065 2148//4065
f 2166//4066 2148//4066 2147//4066
f 2167//4067 2168//4067 2149//4067
f 2167//4068 2149//4068 2148//4068
f 2168//4069 2169//4069 2150//4069
f 2168//4070 2150//4070 2149//4070
f 2169//4071 2170//4071 2151//4071
f 2169//4072 2151//4072 2150//4072
f 2170//4073 2171//4073 2152//4073
f 2170//4074 2152//4074 2151//4074
f 2171//4075 2172//4075 2153//4075
f 2171//4076 2153//4076 2152//4076
f 2172//4077 2173//4077 2154//4077
f 2172//4078 2154//4078 2153//4078
f 2173//4079 2174//4079 2155//4079
f 2173//4080 2155//4080 2154//4080
f 2174//4081 150//4081 152//4081
f 2174//4082 152//4082 2155//4082
f 29//4083 2175//4083 2156//4083
f 29//4084 2156//4084 31//4084
f 2175//4085 2176//4085 2157//4085
f 2175//4086 2157//4086 2156//4086
f 2176//4087 2177//4087 2158//4087
f 2176//4088 2158//4088 2157//4088
f 2177//4089 2178//4089 2159//4089
f 2177//4090 2159//4090 2158//4090
f 2178//4091 2179//4091 2160//4091
f 2178//4092 2160//4092 2159//4092
f 2179//4093 2180//4093 2161//4093
f 2179//4094 2161//4094 2160//4094
f 2180//4095 2181//4095 2162//4095
f 2180//4096 2162//4096 2161//4096
f 2181//4097 2182//4097 2163//4097
f 2181//4098 2163//4098 2162//4098
f 2182//4099 2183//4099 2164//4099
f 2182//4100 2164//4100 2163//4100
f 2183//4101 2184//4101 2165//4101
f 2183//4102 2165//4102 2164//4102
f 2184//4103 2185//4103 2166//4103
f 2184//4104 2166//4104 2165//4104
f 2185//4105 2186//4105 2167//4105
f 2185//4106 2167//4106 2166//4106
f 2186//4107 2187//4107 2168//4107
f 2186//4108 2168//4108 2167//4108
f 2187//4109 2188//4109 2169//4109
f 2187//4110 2169//4110 2168//4110
f 2188//4111 2189//4111 2170//4111
f 2188//4112 2170//4112 2169//4112
f 2189//4113 2190//4113 2171//4113
f 2189//4114 2171//4114 2170//4114
f 2190//4115 2191//4115 2172//4115
f 2190//4116 2172//4116 2171//4116
f 2191//4117 2192//4117 2173//4117
f 2191//4118 2173//4118 2172//4118
f 2192//4119 2193//4119 2174//4119
f 2192//4120 2174//4120 2173//4120
f 2193//4121 148//4121 150//4121
f 2193//4122 150//4122 2174//4122
f 27//4123 2194//4123 2175//4123
f 27//4124 2175//4124 29//4124
f 2194//4125 2195//4125 2176//4125
f 2194//4126 2176//4126 2175//4126
f 2195//4127 2196//4127 2177//4127
f 2195//4128 2177//4128 2176//4128
f 2196//4129 2197//4129 2178//4129
f 2196//4130 2178//4130 2177//4130
f 2197//4131 2198//4131 2179//4131
f 2197//4132 2179//4132 2178//4132
f 2198//4133 2199//4133 2180//4133
f 2198//4134 2180//4134 2179//4134
f 2199//4135 2200//4135 2181//4135
f 2199//4136 2181//4136 2180//4136
f 2200//4137 2201//4137 2182//4137
f 2200//4138 2182//4138 2181//4138
f 2201//4139 2202//4139 2183//4139
f 2201//4140 2183//4140 2182//4140
f 2202//4141 2203//4141 2184//4141
f 2202//4142 2184//4142 2183//4142
f 2203//4143 2204//4143 2185//4143
f 2203//4144 2185//4144 2184//4144
f 2204//4145 2205//4145 2186//4145
f 2204//4146 2186//4146 2185//4146
f 2205//4147 2206//4147 2187//4147
f 2205//4148 2187//4148 2186//4148
f 2206//4149 2207//4149 2188//4149
f 2206//4150 2188//4150 2187//4150
f 2207//4151 2208//4151 2189//4151
f 2207//4152 2189//4152 2188//4152
f 2208//4153 2209//4153 2190//4153
f 2208//4154 2190//4154 2189//4154
f 2209//4155 2210//4155 2191//4155
f 2209//4156 2191//4156 2190//4156
f 2210//4157 2211//4157 2192//4157
f 2210//4158 2192//4158 2191//4158
f 2211//4159 2212//4159 2193//4159
f 2211//4160 2193//4160 2192//4160
f 2212//4161 146//4161 148//4161
f 2212//4162 148//4162 2193//4162
f 25//4163 2213//4163 2194//4163
f 25//4164 2194//4164 27//4164
f 2213//4165 2214//4165 2195//4165
f 2213//4166 2195//4166 2194//4166
f 2214//4167 2215//4167 2196//4167
f 2214//4168 2196//4168 2195//4168
f 2215//4169 2216//4169 2197//4169
f 2215//4170 2197//4170 2196//4170
f 2216//4171 2217//4171 2198//4171
f 2216//4172 2198//4172 2197//4172
f 2217//4173 2218//4173 2199//4173
f 2217//4174 2199//4174 2198//4174
f 2218//4175 2219//4175 2200//4175
f 2218//4176 2200//4176 2199//4176
f 2219//4177 2220//4177 2201//4177
f 2219//4178 2201//4178 2200//4178
f 2220//4179 2221//4179 2202//4179
f 2220//4180 2202//4180 2201//4180
f 2221//4181 2222//4181 2203//4181
f 2221//4182 2203//4182 2202//4182
f 2222//4183 2223//4183 2204//4183
f 2222//4184 2204//4184 2203//4184
f 2223//4185 2224//4185 2205//4185
f 2223//4186 2205//4186 2204//4186
f 2224//4187 2225//4187 2206//4187
f 2224//4188 2206//4188 2205//4188
f 2225//4189 2226//4189 2207//4189
f 2225//4190 2207//4190 2206//4190
f 2226//4191 2227//4191 2208//4191
f 2226//4192 2208//4192 2207//4192
f 2227//4193 2228//4193 2209//4193
f 2227//4194 2209//4194 2208//4194
f 2228//4195 2229//4195 2210//4195
f 2228//4196 2210//4196 2209//4196
f 2229//4197 2230//4197 2211//4197
f 2229//4198 2211//4198 2210//4198
f 2230//4199 2231//4199 2212//4199
f 2230//4200 2212//4200 2211//4200
f 2231//4201 144//4201 146//4201
f 2231//4202 146//4202 2212//4202
f 24//4203 1016//4203 2213//4203
f 24//4204 2213//4204 25//4204
f 1016//4205 1452//4205 2214//4205
f 1016//4206 2214//4206 2213//4206
f 1452//4207 1451//4207 2215//4207
f 1452//4208 2215//4208 2214//4208
f 1451//4209 1450//4209 2216//4209
f 1451//4210 2216//4210 2215//4210
f 1450//4211 1449//4211 2217//4211
f 1450//4212 2217//4212 2216//4212
f 1449//4213 1448//4213 2218//4213
f 1449//4214 2218//4214 2217//4214
f 1448//4215 1447//4215 2219//4215
f 1448//4216 2219//4216 2218//4216
f 1447//4217 1446//4217 2220//4217
f 1447//4218 2220//4218 2219//4218
f 1446//4219 1445//4219 2221//4219
f 1446//4220 2221//4220 2220//4220
f 1445//4221 1444//4221 2222//4221
f 1445//4222 2222//4222 2221//4222
f 1444//4223 1443//4223 2223//4223
f 1444//4224 2223//4224 2222//4224
f 1443//4225 1442//4225 2224//4225
f 1443//4226 2224//4226 2223//4226
f 1442//4227 1441//4227 2225//4227
f 1442//4228 2225//4228 2224//4228
f 1441//4229 1440//4229 2226//4229
f 1441//4230 2226//4230 2225//4230
f 1440//4231 1439//4231 2227//4231
f 1440//4232 2227//4232 2226//4232
f 1439//4233 1438//4233 2228//4233
f 1439//4234 2228//4234 2227//4234
f 1438//4235 1437//4235 2229//4235
f 1438//4236 2229//4236 2228//4236
f 1437//4237 1436//4237 2230//4237
f 1437//4238 2230//4238 2229//4238
f 1436//4239 1435//4239 2231//4239
f 1436//4240 2231//4240 2230//4240
f 1435//4241 141//4241 144//4241
f 1435//4242 144//4242 2231//4242
f 139//4243 2232//4243 2233//4243
f 139//4244 2233//4244 6//4244
f 2232//4245 2234//4245 2235//4245
f 2232//4246 2235//4246 2233//4246
f 2234//4247 2236//4247 2237//4247
f 2234//4248 2237//4248 2235//4248
f 2236//4249 2238//4249 2239//4249
f 2236//4250 2239//4250 2237//4250
f 2238//4251 2240//4251 2241//4251
f 2238//4252 2241//4252 2239//4252
f 2240//4253 2242//4253 2243//4253
f 2240//4254 2243//4254 2241//4254
f 2242//4255 2244//4255 2245//4255
f 2242//4256 2245//4256 2243//4256
f 2244//4257 2246//4257 2247//4257
f 2244//4258 2247//4258 2245//4258
f 2246//4259 2248//4259 2249//4259
f 2246//4260 2249//4260 2247//4260
f 2248//4261 2250//4261 2251//4261
f 2248//4262 2251//4262 2249//4262
f 2250//4263 2252//4263 2253//4263
f 2250//4264 2253//4264 2251//4264
f 2252//4265 2254//4265 2255//4265
f 2252//4266 2255//4266 2253//4266
f 2254//4267 2256//4267 2257//4267
f 2254//4268 2257//4268 2255//4268
f 2256//4269 2258//4269 2259//4269
f 2256//4270 2259//4270 2257//4270
f 2258//4271 2260//4271 2261//4271
f 2258//4272 2261//4272 2259//4272
f 2260//4273 2262//4273 2263//4273
f 2260//4274 2263//4274 2261//4274
f 2262//4275 2264//4275 2265//4275
f 2262//4276 2265//4276 2263//4276
f 2264//4277 2266//4277 2267//4277
f 2264//4278 2267//4278 2265//4278
f 2266//4279 2268//4279 2269//4279
f 2266//4280 2269//4280 2267//4280
f 2268//4281 100//4281 9//4281
f 2268//4282 9//4282 2269//4282
f 137//4283 2270//4283 2232//4283
f 137//4284 2232//4284 139//4284
f 2270//4285 2271//4285 2234//4285
f 2270//4286 2234//4286 2232//4286
f 2271//4287 2272//4287 2236//4287
f 2271//4288 2236//4288 2234//4288
f 2272//4289 2273//4289 2238//4289
f 2272//4290 2238//4290 2236//4290
f 2273//4291 2274//4291 2240//4291
f 2273//4292 2240//4292 2238//4292
f 2274//4293 2275//4293 2242//4293
f 2274//4294 2242//4294 2240//4294
f 2275//4295 2276//4295 2244//4295
f 2275//4296 2244//4296 2242//4296
f 2276//4297 2277//4297 2246//4297
f 2276//4298 2246//4298 2244//4298
f 2277//4299 2278//4299 2248//4299
f 2277//4300 2248//4300 2246//4300
f 2278//4301 2279//4301 2250//4301
f 2278//4302 2250//4302 2248//4302
f 2279//4303 2280//4303 2252//4303
f 2279//4304 2252//4304 2250//4304
f 2280//4305 2281//4305 2254//4305
f 2280//4306 2254//4306 2252//4306
f 2281//4307 2282//4307 2256//4307
f 2281//4308 2256//4308 2254//4308
f 2282//4309 2283//4309 2258//4309
f 2282//4310 2258//4310 2256//4310
f 2283//4311 2284//4311 2260//4311
f 2283//4312 2260//4312 2258//4312
f 2284//4313 2285//4313 2262//4313
f 2284//4314 2262//4314 2260//4314
f 2285//4315 2286//4315 2264//4315
f 2285//4316 2264//4316 2262//4316
f 2286//4317 2287//4317 2266//4317
f 2286//4318 2266//4318 2264//4318
f 2287//4319 2288//4319 2268//4319
f 2287//4320 2268//4320 2266//4320
f 2288//4321 98//4321 100//4321
f 2288//4322 100//4322 2268//4322
f 135//4323 2289//4323 2270//4323
f 135//4324 2270//4324 137//4324
f 2289//4325 2290//4325 2271//4325
f 2289//4326 2271//4326 2270//4326
f 2290//4327 2291//4327 2272//4327
f 2290//4328 2272//4328 2271//4328
f 2291//4329 2292//4329 2273//4329
f 2291//4330 2273//4330 2272//4330
f 2292//4331 2293//4331 2274//4331
f 2292//4332 2274//4332 2273//4332
f 2293//4333 2294//4333 2275//4333
f 2293//4334 2275//4334 2274//4334
f 2294//4335 2295//4335 2276//4335
f 2294//4336 2276//4336 2275//4336
f 2295//4337 2296//4337 2277//4337
f 2295//4338 2277//4338 2276//4338
f 2296//4339 2297//4339 2278//4339
f 2296//4340 2278//4340 2277//4340
f 2297//4341 2298//4341 2279//4341
f 2297//4342 2279//4342 2278//4342
f 2298//4343 2299//4343 2280//4343
f 2298//4344 2280//4344 2279//4344
f 2299//4345 2300//4345 2281//4345
f 2299//4346 2281//4346 2280//4346
f 2300//4347 2301//4347 2282//4347
f 2300//4348 2282//4348 2281//4348
f 2301//4349 2302//4349 2283//4349
f 2301//4350 2283//4350 2282//4350
f 2302//4351 2303//4351 2284//4351
f 2302//4352 2284//4352 2283//4352
f 2303//4353 2304//4353 2285//4353
f 2303//4354 2285//4354 2284//4354
f 2304//4355 2305//4355 2286//4355
f 2304//4356 2286//4356 2285//4356
f 2305//4357 2306//4357 2287//4357
f 2305//4358 2287//4358 2286//4358
f 2306//4359 2307//4359 2288//4359
f 2306//4360 2288//4360 2287//4360
f 2307//4361 96//4361 98//4361
f 2307//4362 98//4362 2288//4362
f 133//4363 2308//4363 2289//4363
f 133//4364 2289//4364 135//4364
f 2308//4365 2309//4365 2290//4365
f 2308//4366 2290//4366 2289//4366
f 2309//4367 2310//4367 2291//4367
f 2309//4368 2291//4368 2290//4368
f 2310//4369 2311//4369 2292//4369
f 2310//4370 2292//4370 2291//4370
f 2311//4371 2312//4371 2293//4371
f 2311//4372 2293//4372 2292//4372
f 2312//4373 2313//4373 2294//4373
f 2312//4374 2294//4374 2293//4374
f 2313//4375 2314//4375 2295//4375
f 2313//4376 2295//4376 2294//4376
f 2314//4377 2315//4377 2296//4377
f 2314//4378 2296//4378 2295//4378
f 2315//4379 2316//4379 2297//4379
f 2315//4380 2297//4380 2296//4380
f 2316//4381 2317//4381 2298//4381
f 2316//4382 2298//4382 2297//4382
f 2317//4383 2318//4383 2299//4383
f 2317//4384 2299//4384 2298//4384
f 2318//4385 2319//4385 2300//4385
f 2318//4386 2300//4386 2299//4386
f 2319//4387 2320//4387 2301//4387
f 2319//4388 2301//4388 2300//4388
f 2320//4389 2321//4389 2302//4389
f 2320//4390 2302//4390 2301//4390
f 2321//4391 2322//4391 2303//4391
f 2321//4392 2303//4392 2302//4392
f 2322//4393 2323//4393 2304//4393
f 2322//4394 2304//4394 2303//4394
f 2323//4395 2324//4395 2305//4395
f 2323//4396 2305//4396 2304//4396
f 2324//4397 2325//4397 2306//4397
f 2324//4398 2306//4398 2305//4398
f 2325//4399 2326//4399 2307//4399
f 2325//4400 2307//4400 2306//4400
f 2326//4401 94//4401 96//4401
f 2326//4402 96//4402 2307//4402
f 131//4403 2327//4403 2308//4403
f 131//4404 2308//4404 133//4404
f 2327//4405 2328//4405 2309//4405
f 2327//4406 2309//4406 2308//4406
f 2328//4407 2329//4407 2310//4407
f 2328//4408 2310//4408 2309//4408
f 2329//4409 2330//4409 2311//4409
f 2329//4410 2311//4410 2310//4410
f 2330//4411 2331//4411 2312//4411
f 2330//4412 2312//4412 2311//4412
f 2331//4413 2332//4413 2313//4413
f 2331//4414 2313//4414 2312//4414
f 2332//4415 2333//4415 2314//4415
f 2332//4416 2314//4416 2313//4416
f 2333//4417 2334//4417 2315//4417
f 2333//4418 2315//4418 2314//4418
f 2334//4419 2335//4419 2316//4419
f 2334//4420 2316//4420 2315//4420
f 2335//4421 2336//4421 2317//4421
f 2335//4422 2317//4422 2316//4422
f 2336//4423 2337//4423 2318//4423
f 2336//4424 2318//4424 2317//4424
f 2337//4425 2338//4425 2319//4425
f 2337//4426 2319//4426 2318//4426
f 2338//4427 2339//4427 2320//4427
f 2338//4428 2320//4428 2319//4428
f 2339//4429 2340//4429 2321//4429
f 2339//4430 2321//4430 2320//4430
f 2340//4431 2341//4431 2322//4431
f 2340//4432 2322//4432 2321//4432
f 2341//4433 2342//4433 2323//4433
f 2341//4434 2323//4434 2322//4434
f 2342//4435 2343//4435 2324//4435
f 2342//4436 2324//4436 2323//4436
f 2343//4437 2344//4437 2325//4437
f 2343//4438 2325//4438 2324//4438
f 2344//4439 2345//4439 2326//4439
f 2344//4440 2326//4440 2325//4440
f 2345//4441 92//4441 94//4441
f 2345//4442 94//4442 2326//4442
f 129//4443 2346//4443 2327//4443
f 129//4444 2327//4444 131//4444
f 2346//4445 2347//4445 2328//4445
f 2346//4446 2328//4446 2327//4446
f 2347//4447 2348//4447 2329//4447
f 2347//4448 2329//4448 2328//4448
f 2348//4449 2349//4449 2330//4449
f 2348//4450 2330//4450 2329//4450
f 2349//4451 2350//4451 2331//4451
f 2349//4452 2331//4452 2330//4452
f 2350//4453 2351//4453 2332//4453
f 2350//4454 2332//4454 2331//4454
f 2351//4455 2352//4455 2333//4455
f 2351//4456 2333//4456 2332//4456
f 2352//4457 2353//4457 2334//4457
f 2352//4458 2334//4458 2333//4458
f 2353//4459 2354//4459 2335//4459
f 2353//4460 2335//4460 2334//4460
f 2354//4461 2355//4461 2336//4461
f 2354//4462 2336//4462 2335//4462
f 2355//4463 2356//4463 2337//4463
f 2355//4464 2337//4464 2336//4464
f 2356//4465 2357//4465 2338//4465
f 2356//4466 2338//4466 2337//4466
f 2357//4467 2358//4467 2339//4467
f 2357//4468 2339//4468 2338//4468
f 2358//4469 2359//4469 2340//4469
f 2358//4470 2340//4470 2339//4470
f 2359//4471 2360//4471 2341//4471
f 2359//4472 2341//4472 2340//4472
f 2360//4473 2361//4473 2342//4473
f 2360//4474 2342//4474 2341//4474
f 2361//4475 2362//4475 2343//4475
f 2361//4476 2343//4476 2342//4476
f 2362//4477 2363//4477 2344//4477
f 2362//4478 2344//4478 2343//4478
f 2363//4479 2364//4479 2345//4479
f 2363//4480 2345//4480 2344//4480
f 2364//4481 90//4481 92//4481
f 2364//4482 92//4482 2345//4482
f 127//4483 2365//4483 2346//4483
f 127//4484 2346//4484 129//4484
f 2365//4485 2366//4485 2347//4485
f 2365//4486 2347//4486 2346//4486
f 2366//4487 2367//4487 2348//4487
f 2366//4488 2348//4488 2347//4488
f 2367//4489 2368//4489 2349//4489
f 2367//4490 2349//4490 2348//4490
f 2368//4491 2369//4491 2350//4491
f 2368//4492 2350//4492 2349//4492
f 2369//4493 2370//4493 2351//4493
f 2369//4494 2351//4494 2350//4494
f 2370//4495 2371//4495 2352//4495
f 2370//4496 2352//4496 2351//4496
f 2371//4497 2372//4497 2353//4497
f 2371//4498 2353//4498 2352//4498
f 2372//4499 2373//4499 2354//4499
f 2372//4500 2354//4500 2353//4500
f 2373//4501 2374//4501 2355//4501
f 2373//4502 2355//4502 2354//4502
f 2374//4503 2375//4503 2356//4503
f 2374//4504 2356//4504 2355//4504
f 2375//4505 2376//4505 2357//4505
f 2375//4506 2357//4506 2356//4506
f 2376//4507 2377//4507 2358//4507
f 2376//4508 2358//4508 2357//4508
f 2377//4509 2378//4509 2359//4509
f 2377//4510 2359//4510 2358//4510
f 2378//4511 2379//4511 2360//4511
f 2378//4512 2360//4512 2359//4512
f 2379//4513 2380//4513 2361//4513
f 2379//4514 2361//4514 2360//4514
f 2380//4515 2381//4515 2362//4515
f 2380//4516 2362//4516 2361//4516
f 2381//4517 2382//4517 2363//4517
f 2381//4518 2363//4518 2362//4518
f 2382//4519 2383//4519 2364//4519
f 2382//4520 2364//4520 2363//4520
f 2383//4521 88//4521 90//4521
f 2383//4522 90//4522 2364//4522
f 125//4523 2384//4523 2365//4523
f 125//4524 2365//4524 127//4524
f 2384//4525 2385//4525 2366//4525
f 2384//4526 2366//4526 2365//4526
f 2385//4527 2386//4527 2367//4527
f 2385//4528 2367//4528 2366//4528
f 2386//4529 2387//4529 2368//4529
f 2386//4530 2368//4530 2367//4530
f 2387//4531 2388//4531 2369//4531
f 2387//4532 2369//4532 2368//4532
f 2388//4533 2389//4533 2370//4533
f 2388//4534 2370//4534 2369//4534
f 2389//4535 2390//4535 2371//4535
f 2389//4536 2371//4536 2370//4536
f 2390//4537 2391//4537 2372//4537
f 2390//4538 2372//4538 2371//4538
f 2391//4539 2392//4539 2373//4539
f 2391//4540 2373//4540 2372//4540
f 2392//4541 2393//4541 2374//4541
f 2392//4542 2374//4542 2373//4542
f 2393//4543 2394//4543 2375//4543
f 2393//4544 2375//4544 2374//4544
f 2394//4545 2395//4545 2376//4545
f 2394//4546 2376//4546 2375//4546
f 2395//4547 2396//4547 2377//4547
f 2395//4548 2377//4548 2376//4548
f 2396//4549 2397//4549 2378//4549
f 2396//4550 2378//4550 2377//4550
f 2397//4551 2398//4551 2379//4551
f 2397//4552 2379//4552 2378//4552
f 2398//4553 2399//4553 2380//4553
f 2398//4554 2380//4554 2379//4554
f 2399//4555 2400//4555 2381//4555
f 2399//4556 2381//4556 2380//4556
f 2400//4557 2401//4557 2382//4557
f 2400//4558 2382//4558 2381//4558
f 2401//4559 2402//4559 2383//4559
f 2401//4560 2383//4560 2382//4560
f 2402//4561 86//4561 88//4561
f 2402//4562 88//4562 2383//4562
f 123//4563 2403//4563 2384//4563
f 123//4564 2384//4564 125//4564
f 2403//4565 2404//4565 2385//4565
f 2403//4566 2385//4566 2384//4566
f 2404//4567 2405//4567 2386//4567
f 2404//4568 2386//4568 2385//4568
f 2405//4569 2406//4569 2387//4569
f 2405//4570 2387//4570 2386//4570
f 2406//4571 2407//4571 2388//4571
f 2406//4572 2388//4572 2387//4572
f 2407//4573 2408//4573 2389//4573
f 2407//4574 2389//4574 2388//4574
f 2408//4575 2409//4575 2390//4575
f 2408//4576 2390//4576 2389//4576
f 2409//4577 2410//4577 2391//4577
f 2409//4578 2391//4578 2390//4578
f 2410//4579 2411//4579 2392//4579
f 2410//4580 2392//4580 2391//4580
f 2411//4581 2412//4581 2393//4581
f 2411//4582 2393//4582 2392//4582
f 2412//4583 2413//4583 2394//4583
f 2412//4584 2394//4584 2393//4584
f 2413//4585 2414//4585 2395//4585
f 2413//4586 2395//4586 2394//4586
f 2414//4587 2415//4587 2396//4587
f 2414//4588 2396//4588 2395//4588
f 2415//4589 2416//4589 2397//4589
f 2415//4590 2397//4590 2396//4590
f 2416//4591 2417//4591 2398//4591
f 2416//4592 2398//4592 2397//4592
f 2417//4593 2418//4593 2399//4593
f 2417//4594 2399//4594 2398//4594
f 2418//4595 2419//4595 2400//4595
f 2418//4596 2400//4596 2399//4596
f 2419//4597 2420//4597 2401//4597
f 2419//4598 2401//4598 2400//4598
f 2420//4599 2421//4599 2402//4599
f 2420//4600 2402//4600 2401//4600
f 2421//4601 84//4601 86//4601
f 2421//4602 86//4602 2402//4602
f 121//4603 2422//4603 2403//4603
f 121//4604 2403//4604 123//4604
f 2422//4605 2423//4605 2404//4605
f 2422//4606 2404//4606 2403//4606
f 2423//4607 2424//4607 2405//4607
f 2423//4608 2405//4608 2404//4608
f 2424//4609 2425//4609 2406//4609
f 2424//4610 2406//4610 2405//4610
f 2425//4611 2426//4611 2407//4611
f 2425//4612 2407//4612 2406//4612
f 2426//4613 2427//4613 2408//4613
f 2426//4614 2408//4614 2407//4614
f 2427//4615 2428//4615 2409//4615
f 2427//4616 2409//4616 2408//4616
f 2428//4617 2429//4617 2410//4617
f 2428//4618 2410//4618 2409//4618
f 2429//4619 2430//4619 2411//4619
f 2429//4620 2411//4620 2410//4620
f 2430//4621 2431//4621 2412//4621
f 2430//4622 2412//4622 2411//4622
f 2431//4623 2432//4623 2413//4623
f 2431//4624 2413//4624 2412//4624
f 2432//4625 2433//4625 2414//4625
f 2432//4626 2414//4626 2413//4626
f 2433//4627 2434//4627 2415//4627
f 2433//4628 2415//4628 2414//4628
f 2434//4629 2435//4629 2416//4629
f 2434//4630 2416//4630 2415//4630
f 2435//4631 2436//4631 2417//4631
f 2435//4632 2417//4632 2416//4632
f 2436//4633 2437//4633 2418//4633
f 2436//4634 2418//4634 2417//4634
f 2437//4635 2438//4635 2419//4635
f 2437//4636 2419//4636 2418//4636
f 2438//4637 2439//4637 2420//4637
f 2438//4638 2420//4638 2419//4638
f 2439//4639 2440//4639 2421//4639
f 2439//4640 2421//4640 2420//4640
f 2440//4641 82//4641 84//4641
f 2440//4642 84//4642 2421//4642
f 119//4643 2441//4643 2422//4643
f 119//4644 2422//4644 121//4644
f 2441//4645 2442//4645 2423//4645
f 2441//4646 2423//4646 2422//4646
f 2442//4647 2443//4647 2424//4647
f 2442//4648 2424//4648 2423//4648
f 2443//4649 2444//4649 2425//4649
f 2443//4650 2425//4650 2424//4650
f 2444//4651 2445//4651 2426//4651
f 2444//4652 2426//4652 2425//4652
f 2445//4653 2446//4653 2427//4653
f 2445//4654 2427//4654 2426//4654
f 2446//4655 2447//4655 2428//4655
f 2446//4656 2428//4656 2427//4656
f 2447//4657 2448//4657 2429//4657
f 2447//4658 2429//4658 2428//4658
f 2448//4659 2449//4659 2430//4659
f 2448//4660 2430//4660 2429//4660
f 2449//4661 2450//4661 2431//4661
f 2449//4662 2431//4662 2430//4662
f 2450//4663 2451//4663 2432//4663
f 2450//4664 2432//4664 2431//4664
f 2451//4665 2452//4665 2433//4665
f 2451//4666 2433//4666 2432//4666
f 2452//4667 2453//4667 2434//4667
f 2452//4668 2434//4668 2433//4668
f 2453//4669 2454//4669 2435//4669
f 2453//4670 2435//4670 2434//4670
f 2454//4671 2455//4671 2436//4671
f 2454//4672 2436//4672 2435//4672
f 2455//4673 2456//4673 2437//4673
f 2455//4674 2437//4674 2436//4674
f 2456//4675 2457//4675 2438//4675
f 2456//4676 2438//4676 2437//4676
f 2457//4677 2458//4677 2439//4677
f 2457//4678 2439//4678 2438//4678
f 2458//4679 2459//4679 2440//4679
f 2458//4680 2440//4680 2439//4680
f 2459//4681 80//4681 82//4681
f 2459//4682 82//4682 2440//4682
f 117//4683 2460//4683 2441//4683
f 117//4684 2441//4684 119//4684
f 2460//4685 2461//4685 2442//4685
f 2460//4686 2442//4686 2441//4686
f 2461//4687 2462//4687 2443//4687
f 2461//4688 2443//4688 2442//4688
f 2462//4689 2463//4689 2444//4689
f 2462//4690 2444//4690 2443//4690
f 2463//4691 2464//4691 2445//4691
f 2463//4692 2445//4692 2444//4692
f 2464//4693 2465//4693 2446//4693
f 2464//4694 2446//4694 2445//4694
f 2465//4695 2466//4695 2447//4695
f 2465//4696 2447//4696 2446//4696
f 2466//4697 2467//4697 2448//4697
f 2466//4698 2448//4698 2447//4698
f 2467//4699 2468//4699 2449//4699
f 2467//4700 2449//4700 2448//4700
f 2468//4701 2469//4701 2450//4701
f 2468//4702 2450//4702 2449//4702
f 2469//4703 2470//4703 2451//4703
f 2469//4704 2451//4704 2450//4704
f 2470//4705 2471//4705 2452//4705
f 2470//4706 2452//4706 2451//4706
f 2471//4707 2472//4707 2453//4707
f 2471//4708 2453//4708 2452//4708
f 2472//4709 2473//4709 2454//4709
f 2472//4710 2454//4710 2453//4710
f 2473//4711 2474//4711 2455//4711
f 2473//4712 2455//4712 2454//4712
f 2474//4713 2475//4713 2456//4713
f 2474//4714 2456//4714 2455//4714
f 2475//4715 2476//4715 2457//4715
f 2475//4716 2457//4716 2456//4716
f 2476//4717 2477//4717 2458//4717
f 2476//4718 2458//4718 2457//4718
f 2477//4719 2478//4719 2459//4719
f 2477//4720 2459//4720 2458//4720
f 2478//4721 78//4721 80//4721
f 2478//4722 80//4722 2459//4722
f 115//4723 2479//4723 2460//4723
f 115//4724 2460//4724 117//4724
f 2479//4725 2480//4725 2461//4725
f 2479//4726 2461//4726 2460//4726
f 2480//4727 2481//4727 2462//4727
f 2480//4728 2462//4728 2461//4728
f 2481//4729 2482//4729 2463//4729
f 2481//4730 2463//4730 2462//4730
f 2482//4731 2483//4731 2464//4731
f 2482//4732 2464//4732 2463//4732
f 2483//4733 2484//4733 2465//4733
f 2483//4734 2465//4734 2464//4734
f 2484//4735 2485//4735 2466//4735
f 2484//4736 2466//4736 2465//4736
f 2485//4737 2486//4737 2467//4737
f 2485//4738 2467//4738 2466//4738
f 2486//4739 2487//4739 2468//4739
f 2486//4740 2468//4740 2467//4740
f 2487//4741 2488//4741 2469//4741
f 2487//4742 2469//4742 2468//4742
f 2488//4743 2489//4743 2470//4743
f 2488//4744 2470//4744 2469//4744
f 2489//4745 2490//4745 2471//4745
f 2489//4746 2471//4746 2470//4746
f 2490//4747 2491//4747 2472//4747
f 2490//4748 2472//4748 2471//4748
f 2491//4749 2492//4749 2473//4749
f 2491//4750 2473//4750 2472//4750
f 2492//4751 2493//4751 2474//4751
f 2492//4752 2474//4752 2473//4752
f 2493//4753 2494//4753 2475//4753
f 2493//4754 2475//4754 2474//4754
f 2494//4755 2495//4755 2476//4755
f 2494//4756 2476//4756 2475//4756
f 2495//4757 2496//4757 2477//4757
f 2495//4758 2477//4758 2476//4758
f 2496//4759 2497//4759 2478//4759
f 2496//4760 2478//4760 2477//4760
f 2497//4761 76//4761 78//4761
f 2497//4762 78//4762 2478//4762
f 113//4763 2498//4763 2479//4763
f 113//4764 2479//4764 115//4764
f 2498//4765 2499//4765 2480//4765
f 2498//4766 2480//4766 2479//4766
f 2499//4767 2500//4767 2481//4767
f 2499//4768 2481//4768 2480//4768
f 2500//4769 2501//4769 2482//4769
f 2500//4770 2482//4770 2481//4770
f 2501//4771 2502//4771 2483//4771
f 2501//4772 2483//4772 2482//4772
f 2502//4773 2503//4773 2484//4773
f 2502//4774 2484//4774 2483//4774
f 2503//4775 2504//4775 2485//4775
f 2503//4776 2485//4776 2484//4776
f 2504//4777 2505//4777 2486//4777
f 2504//4778 2486//4778 2485//4778
f 2505//4779 2506//4779 2487//4779
f 2505//4780 2487//4780 2486//4780
f 2506//4781 2507//4781 2488//4781
f 2506//4782 2488//4782 2487//4782
f 2507//4783 2508//4783 2489//4783
f 2507//4784 2489//4784 2488//4784
f 2508//4785 2509//4785 2490//4785
f 2508//4786 2490//4786 2489//4786
f 2509//4787 2510//4787 2491//4787
f 2509//4788 2491//4788 2490//4788
f 2510//4789 2511//4789 2492//4789
f 2510//4790 2492//4790 2491//4790
f 2511//4791 2512//4791 2493//4791
f 2511//4792 2493//4792 2492//4792
f 2512//4793 2513//4793 2494//4793
f 2512//4794 2494//4794 2493//4794
f 2513//4795 2514//4795 2495//4795
f 2513//4796 2495//4796 2494//4796
f 2514//4797 2515//4797 2496//4797
f 2514//4798 2496//4798 2495//4798
f 2515//4799 2516//4799 2497//4799
f 2515//4800 2497//4800 2496//4800
f 2516//4801 74//4801 76//4801
f 2516//4802 76//4802 2497//4802
f 111//4803 2517//4803 2498//4803
f 111//4804 2498//4804 113//4804
f 2517//4805 2518//4805 2499//4805
f 2517//4806 2499//4806 2498//4806
f 2518//4807 2519//4807 2500//4807
f 2518//4808 2500//4808 2499//4808
f 2519//4809 2520//4809 2501//4809
f 2519//4810 2501//4810 2500//4810
f 2520//4811 2521//4811 2502//4811
f 2520//4812 2502//4812 2501//4812
f 2521//4813 2522//4813 2503//4813
f 2521//4814 2503//4814 2502//4814
f 2522//4815 2523//4815 2504//4815
f 2522//4816 2504//4816 2503//4816
f 2523//4817 2524//4817 2505//4817
f 2523//4818 2505//4818 2504//4818
f 2524//4819 2525//4819 2506//4819
f 2524//4820 2506//4820 2505//4820
f 2525//4821 2526//4821 2507//4821
f 2525//4822 2507//4822 2506//4822
f 2526//4823 2527//4823 2508//4823
f 2526//4824 2508//4824 2507//4824
f 2527//4825 2528//4825 2509//4825
f 2527//4826 2509//4826 2508//4826
f 2528//4827 2529//4827 2510//4827
f 2528//4828 2510//4828 2509//4828
f 2529//4829 2530//4829 2511//4829
f 2529//4830 2511//4830 2510//4830
f 2530//4831 2531//4831 2512//4831
f 2530//4832 2512//4832 2511//4832
f 2531//4833 2532//4833 2513//4833
f 2531//4834 2513//4834 2512//4834
f 2532//4835 2533//4835 2514//4835
f 2532//4836 2514//4836 2513//4836
f 2533//4837 2534//4837 2515//4837
f 2533//4797 2515//4797 2514//4797
f 2534//4838 2535//4838 2516//4838
f 2534//4799 2516//4799 2515//4799
f 2535//4839 72//4839 74//4839
f 2535//4840 74//4840 2516//4840
f 109//4841 2536//4841 2517//4841
f 109//4842 2517//4842 111//4842
f 2536//4843 2537//4843 2518//4843
f 2536//4844 2518//4844 2517//4844
f 2537//4845 2538//4845 2519//4845
f 2537//4846 2519//4846 2518//4846
f 2538//4847 2539//4847 2520//4847
f 2538//4848 2520//4848 2519//4848
f 2539//4849 2540//4849 2521//4849
f 2539//4850 2521//4850 2520//4850
f 2540//4851 2541//4851 2522//4851
f 2540//4852 2522//4852 2521//4852
f 2541//4853 2542//4853 2523//4853
f 2541//4854 2523//4854 2522//4854
f 2542//4855 2543//4855 2524//4855
f 2542//4856 2524//4856 2523//4856
f 2543//4857 2544//4857 2525//4857
f 2543//4858 2525//4858 2524//4858
f 2544//4859 2545//4859 2526//4859
f 2544//4860 2526//4860 2525//4860
f 2545//4861 2546//4861 2527//4861
f 2545//4862 2527//4862 2526//4862
f 2546//4863 2547//4863 2528//4863
f 2546//4864 2528//4864 2527//4864
f 2547//4865 2548//4865 2529//4865
f 2547//4866 2529//4866 2528//4866
f 2548//4867 2549//4867 2530//4867
f 2548//4868 2530//4868 2529//4868
f 2549//4869 2550//4869 2531//4869
f 2549//4870 2531//4870 2530//4870
f 2550//4871 2551//4871 2532//4871
f 2550//4872 2532//4872 2531//4872
f 2551//4873 2552//4873 2533//4873
f 2551//4874 2533//4874 2532//4874
f 2552//4875 2553//4875 2534//4875
f 2552//4876 2534//4876 2533//4876
f 2553//4877 2554//4877 2535//4877
f 2553//4878 2535//4878 2534//4878
f 2554//4879 70//4879 72//4879
f 2554//4839 72//4839 2535//4839
f 107//4880 2555//4880 2536//4880
f 107//4881 2536//4881 109//4881
f 2555//4882 2556//4882 2537//4882
f 2555//4883 2537//4883 2536//4883
f 2556//4884 2557//4884 2538//4884
f 2556//4885 2538//4885 2537//4885
f 2557//4886 2558//4886 2539//4886
f 2557//4887 2539//4887 2538//4887
f 2558//4888 2559//4888 2540//4888
f 2558//4889 2540//4889 2539//4889
f 2559//4890 2560//4890 2541//4890
f 2559//4891 2541//4891 2540//4891
f 2560//4892 2561//4892 2542//4892
f 2560//4893 2542//4893 2541//4893
f 2561//4894 2562//4894 2543//4894
f 2561//4895 2543//4895 2542//4895
f 2562//4896 2563//4896 2544//4896
f 2562//4897 2544//4897 2543//4897
f 2563//4898 2564//4898 2545//4898
f 2563//4899 2545//4899 2544//4899
f 2564//4900 2565//4900 2546//4900
f 2564//4901 2546//4901 2545//4901
f 2565//4902 2566//4902 2547//4902
f 2565//4903 2547//4903 2546//4903
f 2566//4904 2567//4904 2548//4904
f 2566//4905 2548//4905 2547//4905
f 2567//4906 2568//4906 2549//4906
f 2567//4907 2549//4907 2548//4907
f 2568//4908 2569//4908 2550//4908
f 2568//4909 2550//4909 2549//4909
f 2569//4910 2570//4910 2551//4910
f 2569//4911 2551//4911 2550//4911
f 2570//4912 2571//4912 2552//4912
f 2570//4913 2552//4913 2551//4913
f 2571//4914 2572//4914 2553//4914
f 2571//4915 2553//4915 2552//4915
f 2572//4916 2573//4916 2554//4916
f 2572//4917 2554//4917 2553//4917
f 2573//4918 68//4918 70//4918
f 2573//4879 70//4879 2554//4879
f 105//4919 2574//4919 2555//4919
f 105//4920 2555//4920 107//4920
f 2574//4921 2575//4921 2556//4921
f 2574//4922 2556//4922 2555//4922
f 2575//4923 2576//4923 2557//4923
f 2575//4924 2557//4924 2556//4924
f 2576//4925 2577//4925 2558//4925
f 2576//4926 2558//4926 2557//4926
f 2577//4927 2578//4927 2559//4927
f 2577//4928 2559//4928 2558//4928
f 2578//4929 2579//4929 2560//4929
f 2578//4930 2560//4930 2559//4930
f 2579//4931 2580//4931 2561//4931
f 2579//4932 2561//4932 2560//4932
f 2580//4933 2581//4933 2562//4933
f 2580//4934 2562//4934 2561//4934
f 2581//4935 2582//4935 2563//4935
f 2581//4936 2563//4936 2562//4936
f 2582//4937 2583//4937 2564//4937
f 2582//4938 2564//4938 2563//4938
f 2583//4939 2584//4939 2565//4939
f 2583//4940 2565//4940 2564//4940
f 2584//4941 2585//4941 2566//4941
f 2584//4942 2566//4942 2565//4942
f 2585//4943 2586//4943 2567//4943
f 2585//4944 2567//4944 2566//4944
f 2586//4945 2587//4945 2568//4945
f 2586//4946 2568//4946 2567//4946
f 2587//4947 2588//4947 2569//4947
f 2587//4948 2569//4948 2568//4948
f 2588//4949 2589//4949 2570//4949
f 2588//4950 2570//4950 2569//4950
f 2589//4951 2590//4951 2571//4951
f 2589//4952 2571//4952 2570//4952
f 2590//4953 2591//4953 2572//4953
f 2590//4954 2572//4954 2571//4954
f 2591//4955 2592//4955 2573//4955
f 2591//4956 2573//4956 2572//4956
f 2592//4957 66//4957 68//4957
f 2592//4958 68//4958 2573//4958
f 103//4959 2593//4959 2574//4959
f 103//4960 2574//4960 105//4960
f 2593//4961 2594//4961 2575//4961
f 2593//4962 2575//4962 2574//4962
f 2594//4963 2595//4963 2576//4963
f 2594//4964 2576//4964 2575//4964
f 2595//4965 2596//4965 2577//4965
f 2595//4966 2577//4966 2576//4966
f 2596//4967 2597//4967 2578//4967
f 2596//4968 2578//4968 2577//4968
f 2597//4969 2598//4969 2579//4969
f 2597//4970 2579//4970 2578//4970
f 2598//4971 2599//4971 2580//4971
f 2598//4972 2580//4972 2579//4972
f 2599//4973 2600//4973 2581//4973
f 2599//4974 2581//4974 2580//4974
f 2600//4975 2601//4975 2582//4975
f 2600//4976 2582//4976 2581//4976
f 2601//4977 2602//4977 2583//4977
f 2601//4978 2583//4978 2582//4978
f 2602//4979 2603//4979 2584//4979
f 2602//4980 2584//4980 2583//4980
f 2603//4981 2604//4981 2585//4981
f 2603//4982 2585//4982 2584//4982
f 2604//4983 2605//4983 2586//4983
f 2604//4984 2586//4984 2585//4984
f 2605//4985 2606//4985 2587//4985
f 2605//4986 2587//4986 2586//4986
f 2606//4987 2607//4987 2588//4987
f 2606//4988 2588//4988 2587//4988
f 2607//4989 2608//4989 2589//4989
f 2607//4990 2589//4990 2588//4990
f 2608//4991 2609//4991 2590//4991
f 2608//4992 2590//4992 2589//4992
f 2609//4993 2610//4993 2591//4993
f 2609//4994 2591//4994 2590//4994
f 2610//4995 2611//4995 2592//4995
f 2610//4996 2592//4996 2591//4996
f 2611//4997 64//4997 66//4997
f 2611//4998 66//4998 2592//4998
f 102//4999 2612//4999 2593//4999
f 102//5000 2593//5000 103//5000
f 2612//5001 2613//5001 2594//5001
f 2612//5002 2594//5002 2593//5002
f 2613//5003 2614//5003 2595//5003
f 2613//5004 2595//5004 2594//5004
f 2614//5005 2615//5005 2596//5005
f 2614//5006 2596//5006 2595//5006
f 2615//5007 2616//5007 2597//5007
f 2615//5008 2597//5008 2596//5008
f 2616//5009 2617//5009 2598//5009
f 2616//5010 2598//5010 2597//5010
f 2617//5011 2618//5011 2599//5011
f 2617//5012 2599//5012 2598//5012
f 2618//5013 2619//5013 2600//5013
f 2618//5014 2600//5014 2599//5014
f 2619//5015 2620//5015 2601//5015
f 2619//5016 2601//5016 2600//5016
f 2620//5017 2621//5017 2602//5017
f 2620//5018 2602//5018 2601//5018
f 2621//5019 2622//5019 2603//5019
f 2621//5020 2603//5020 2602//5020
f 2622//5021 2623//5021 2604//5021
f 2622//5022 2604//5022 2603//5022
f 2623//5023 2624//5023 2605//5023
f 2623//5024 2605//5024 2604//5024
f 2624//5025 2625//5025 2606//5025
f 2624//5026 2606//5026 2605//5026
f 2625//5027 2626//5027 2607//5027
f 2625//5028 2607//5028 2606//5028
f 2626//5029 2627//5029 2608//5029
f 2626//5030 2608//5030 2607//5030
f 2627//5031 2628//5031 2609//5031
f 2627//5032 2609//5032 2608//5032
f 2628//5033 2629//5033 2610//5033
f 2628//5034 2610//5034 2609//5034
f 2629//5035 2630//5035 2611//5035
f 2629//5036 2611//5036 2610//5036
f 2630//5037 20//5037 64//5037
f 2630//5038 64//5038 2611//5038
f 1036//5039 1454//5039 4//5039
f 1036//5040 4//5040 3//5040
f 1454//5041 1456//5041 2631//5041
f 1454//5042 2631//5042 4//5042
f 1456//5043 1458//5043 2632//5043
f 1456//5044 2632//5044 2631//5044
f 1458//5045 1460//5045 2633//5045
f 1458//5046 2633//5046 2632//5046
f 1460//5047 1462//5047 2634//5047
f 1460//5048 2634//5048 2633//5048
f 1462//5049 1464//5049 2635//5049
f 1462//5050 2635//5050 2634//5050
f 1464//5051 1466//5051 2636//5051
f 1464//5052 2636//5052 2635//5052
f 1466//5053 1468//5053 2637//5053
f 1466//5054 2637//5054 2636//5054
f 1468//5055 1470//5055 2638//5055
f 1468//5056 2638//5056 2637//5056
f 1470//5057 1472//5057 2639//5057
f 1470//5058 2639//5058 2638//5058
f 1472//5059 1474//5059 2640//5059
f 1472//5060 2640//5060 2639//5060
f 1474//5061 1476//5061 2641//5061
f 1474//5062 2641//5062 2640//5062
f 1476//5063 1478//5063 2642//5063
f 1476//5064 2642//5064 2641//5064
f 1478//5065 1480//5065 2643//5065
f 1478//5066 2643//5066 2642//5066
f 1480//5067 1482//5067 2644//5067
f 1480//5068 2644//5068 2643//5068
f 1482//5069 1484//5069 2645//5069
f 1482//5070 2645//5070 2644//5070
f 1484//5071 1486//5071 2646//5071
f 1484//5072 2646//5072 2645//5072
f 1486//5073 1488//5073 2647//5073
f 1486//5074 2647//5074 2646//5074
f 1488//5075 1490//5075 2648//5075
f 1488//5076 2648//5076 2647//5076
f 1490//5077 21//5077 22//5077
f 1490//5078 22//5078 2648//5078
f 101//5079 1056//5079 2612//5079
f 101//5080 2612//5080 102//5080
f 1056//5081 1058//5081 2613//5081
f 1056//5082 2613//5082 2612//5082
f 1058//5083 1060//5083 2614//5083
f 1058//5084 2614//5084 2613//5084
f 1060//5085 1062//5085 2615//5085
f 1060//5086 2615//5086 2614//5086
f 1062//5087 1064//5087 2616//5087
f 1062//5088 2616//5088 2615//5088
f 1064//5089 1066//5089 2617//5089
f 1064//5090 2617//5090 2616//5090
f 1066//5091 1068//5091 2618//5091
f 1066//5092 2618//5092 2617//5092
f 1068//5093 1070//5093 2619//5093
f 1068//5094 2619//5094 2618//5094
f 1070//5095 1072//5095 2620//5095
f 1070//5096 2620//5096 2619//5096
f 1072//5097 1074//5097 2621//5097
f 1072//5098 2621//5098 2620//5098
f 1074//5099 1076//5099 2622//5099
f 1074//5100 2622//5100 2621//5100
f 1076//5101 1078//5101 2623//5101
f 1076//5102 2623//5102 2622//5102
f 1078//5103 1080//5103 2624//5103
f 1078//5104 2624//5104 2623//5104
f 1080//5105 1082//5105 2625//5105
f 1080//5106 2625//5106 2624//5106
f 1082//5107 1084//5107 2626//5107
f 1082//5108 2626//5108 2625//5108
f 1084//5109 1086//5109 2627//5109
f 1084//5110 2627//5110 2626//5110
f 1086//5111 1088//5111 2628//5111
f 1086//5112 2628//5112 2627//5112
f 1088//5113 1090//5113 2629//5113
f 1088//5114 2629//5114 2628//5114
f 1090//5115 1092//5115 2630//5115
f 1090//5116 2630//5116 2629//5116
f 1092//5117 17//5117 20//5117
f 1092//5118 20//5118 2630//5118
f 6//5119 2233//5119 1833//5119
f 6//5120 1833//5120 7//5120
f 2233//5121 2235//5121 1834//5121
f 2233//5122 1834//5122 1833//5122
f 2235//5123 2237//5123 1835//5123
f 2235//5124 1835//5124 1834//5124
f 2237//5125 2239//5125 1836//5125
f 2237//5126 1836//5126 1835//5126
f 2239//5127 2241//5127 1837//5127
f 2239//5128 1837//5128 1836//5128
f 2241//5129 2243//5129 1838//5129
f 2241//5130 1838//5130 1837//5130
f 2243//5131 2245//5131 1839//5131
f 2243//5132 1839//5132 1838//5132
f 2245//5133 2247//5133 1840//5133
f 2245//5133 1840//5133 1839//5133
f 2247//5134 2249//5134 1841//5134
f 2247//5135 1841//5135 1840//5135
f 2249//5136 2251//5136 1842//5136
f 2249//5137 1842//5137 1841//5137
f 2251//5138 2253//5138 1843//5138
f 2251//5139 1843//5139 1842//5139
f 2253//5140 2255//5140 1844//5140
f 2253//5141 1844//5141 1843//5141
f 2255//5142 2257//5142 1845//5142
f 2255//5143 1845//5143 1844//5143
f 2257//5144 2259//5144 1846//5144
f 2257//5145 1846//5145 1845//5145
f 2259//5146 2261//5146 1847//5146
f 2259//5147 1847//5147 1846//5147
f 2261//5148 2263//5148 1848//5148
f 2261//5149 1848//5149 1847//5149
f 2263//5150 2265//5150 1849//5150
f 2263//5151 1849//5151 1848//5151
f 2265//5152 2267//5152 1850//5152
f 2265//5153 1850//5153 1849//5153
f 2267//5154 2269//5154 1851//5154
f 2267//5155 1851//5155 1850//5155
f 2269//5156 9//5156 12//5156
f 2269//5157 12//5157 1851//5157
f 14//5158 1853//5158 22//5158
f 14//5159 22//5159 15//5159
f 1853//5160 1855//5160 2648//5160
f 1853//5161 2648//5161 22//5161
f 1855//5162 1857//5162 2647//5162
f 1855//5163 2647//5163 2648//5163
f 1857//5164 1859//5164 2646//5164
f 1857//5165 2646//5165 2647//5165
f 1859//5166 1861//5166 2645//5166
f 1859//5167 2645//5167 2646//5167
f 1861//5168 1863//5168 2644//5168
f 1861//5169 2644//5169 2645//5169
f 1863//5170 1865//5170 2643//5170
f 1863//5171 2643//5171 2644//5171
f 1865//5172 1867//5172 2642//5172
f 1865//5173 2642//5173 2643//5173
f 1867//5174 1869//5174 2641//5174
f 1867//5175 2641//5175 2642//5175
f 1869//5176 1871//5176 2640//5176
f 1869//5177 2640//5177 2641//5177
f 1871//5178 1873//5178 2639//5178
f 1871//5179 2639//5179 2640//5179
f 1873//5180 1875//5180 2638//5180
f 1873//5181 2638//5181 2639//5181
f 1875//5182 1877//5182 2637//5182
f 1875//5183 2637//5183 2638//5183
f 1877//5184 1879//5184 2636//5184
f 1877//5185 2636//5185 2637//5185
f 1879//5186 1881//5186 2635//5186
f 1879//5187 2635//5187 2636//5187
f 1881//5188 1883//5188 2634//5188
f 1881//5189 2634//5189 2635//5189
f 1883//5190 1885//5190 2633//5190
f 1883//5191 2633//5191 2634//5191
f 1885//5192 1887//5192 2632//5192
f 1885//5193 2632//5193 2633//5193
f 1887//5194 1889//5194 2631//5194
f 1887//5195 2631//5195 2632//5195
f 1889//5196 1//5196 4//5196
f 1889//5197 4//5197 2631//5197
