# Blender 4.4.3
# www.blender.org
mtllib f_distal_pst.mtl
o f_distal_pst
v 5.945692 0.880776 9.412342
v 5.382925 0.898676 9.582109
v 5.382925 1.933097 9.394129
v 6.223668 4.060254 8.074911
v 6.403651 4.060254 7.945047
v 6.464344 3.625828 8.188947
v 6.597695 -0.088242 9.073799
v 6.464349 -0.088242 9.168315
v 6.464344 0.851709 9.136651
v 6.211555 -0.088242 9.319918
v 5.790171 -0.088242 9.505182
v 5.347561 -0.006457 9.625772
v 5.347561 0.899391 9.588886
v 5.347561 1.934813 9.400725
v 5.347561 2.399235 9.262717
v 5.154873 -0.088242 9.652867
v 5.017525 -0.075359 9.666588
v 5.040600 -0.088242 9.664362
v 4.809813 -0.088228 9.674206
v 5.752034 -0.088242 9.518274
v 5.713805 -0.088242 9.530824
v 5.382926 -0.088242 9.616543
v 5.268408 -0.088242 9.637036
v 6.918948 0.812591 8.765637
v 6.918948 -0.088242 8.794965
v 6.670776 -0.088242 9.017166
v 6.634411 -0.088242 9.045797
v 6.705648 4.160254 7.593876
v 6.918948 4.160254 7.343580
v 6.732038 4.060254 7.644284
v 6.918948 3.429767 7.871547
v 4.930185 4.060254 8.508027
v 5.345967 4.060254 8.450965
v 5.382925 3.861227 8.570034
v 5.450549 4.060254 8.425292
v 4.797667 3.891519 8.619072
v 4.797667 4.060254 8.511529
v 4.954567 2.949046 9.103474
v 4.954567 3.575116 8.798735
v 4.797667 3.583639 8.798735
v 5.945692 2.860914 8.897274
v 5.945692 3.771514 8.424798
v 5.848971 4.060254 8.282501
v 5.945692 1.890123 9.228919
v 5.382925 2.928006 9.054245
v 4.954567 2.423588 9.303826
v 6.464344 1.820336 8.960628
v 6.464344 2.751964 8.642363
v 6.918948 3.132077 8.044244
v 6.918948 2.605341 8.299311
v 6.918948 1.989594 8.524899
v 6.918948 1.726419 8.599573
v 4.954567 2.124374 8.798735
v 5.347561 1.933508 8.476542
v 4.751871 2.124374 8.798735
v 4.751871 1.933508 8.476542
v 4.751871 3.583639 8.798735
v 4.751871 4.060254 8.511529
v 4.751871 5.899752 6.126949
v 4.751871 6.066366 6.408202
v 4.751871 4.060254 8.303975
v 4.751871 5.288287 7.316349
v -1.327033 7.000000 19.498079
v -3.060204 7.000000 9.419479
v -1.775689 7.000000 19.530720
v -2.622437 7.000000 15.360040
v -2.214897 7.000000 19.627939
v 2.214897 7.000000 19.627939
v 2.622437 7.000000 15.360040
v 1.775689 7.000000 19.530720
v 3.060204 7.000000 9.419479
v 1.327033 7.000000 19.498079
v 3.301439 7.000000 4.690659
v -3.301439 7.000000 4.690659
v 7.409198 -5.044097 10.959869
v 7.675558 -4.636781 10.971410
v 7.566280 -4.593151 12.549530
v 4.544294 -3.489540 27.959669
v 4.425046 -3.572317 27.969900
v 4.613974 -4.464362 25.252579
v 4.860114 -3.247470 27.925369
v 4.666408 -3.400033 27.947699
v 5.025582 -4.176249 25.226900
v 6.768665 -5.870833 9.578129
v 6.853719 -5.790407 9.578129
v 6.768332 -5.785943 10.928590
v 3.378070 -7.005693 15.615880
v 2.639572 -7.080649 15.377190
v 2.792885 -7.239518 13.261650
v 2.353519 -5.300773 25.197170
v 1.650072 -5.169334 25.822159
v 1.876208 -5.699678 23.759609
v 6.849242 -0.838243 26.021669
v 6.564346 -0.838244 27.392939
v 6.538761 -0.908547 27.411680
v 7.056926 -1.039119 24.648340
v 7.184607 -0.838243 24.051270
v 7.134574 -0.838243 24.375629
v 6.906937 -0.838243 25.713758
v 6.775689 -1.914290 24.844559
v 6.434336 -1.168257 27.479599
v 7.406280 -1.726150 21.655960
v 7.522380 -0.838243 21.487339
v 7.295902 -0.838243 23.283680
v 7.721099 -2.253849 18.631510
v 7.831041 -1.348024 18.505730
v 7.532857 -0.838243 21.395350
v 7.597508 -0.838243 20.807959
v 7.687474 -0.993754 19.951599
v 7.834091 -1.228641 18.488039
v 8.105918 -1.588751 15.496469
v 8.078191 -1.557350 15.821509
v 8.103630 -1.708951 15.507799
v 7.891332 -1.313322 17.890930
v 8.399656 -1.818454 11.662960
v 8.341572 -1.790805 12.488580
v 8.339889 -1.911478 12.493489
v 8.247733 -1.725787 13.745029
v 8.532424 -1.956052 9.578129
v 8.533742 -1.835226 9.578129
v 8.240139 -2.826638 12.524449
v 8.434974 -2.872103 9.578129
v 8.418226 -2.955714 9.578129
v 7.982685 -3.730448 12.543580
v 8.179078 -3.776905 9.578129
v 8.074432 -4.034098 9.578129
v 7.763466 -4.640661 9.578129
v 7.518364 -5.017387 9.578129
v 7.496384 -5.048090 9.578129
v 4.640649 -7.065033 10.807360
v 3.749466 -7.273374 10.751770
v 4.718754 -7.070525 9.578129
v 3.824205 -7.279222 9.578129
v 5.396618 -2.744528 27.838219
v 5.043921 -3.089547 27.900040
v 5.400794 -3.861563 25.189770
v 3.819394 -3.929961 28.002119
v 3.443062 -4.105739 28.007509
v 3.718538 -4.928741 25.265680
v 1.409256 -4.561158 27.880890
v 2.251762 -4.466187 27.962839
v 2.407920 -4.434545 27.973610
v 3.246242 -5.099187 25.252960
v 2.881237 -4.310656 27.997438
v 3.156627 -4.218401 28.004959
v 4.041410 -3.810268 27.993898
v 4.182221 -4.713344 25.265499
v 3.913126 -5.317681 23.691509
v 3.441285 -5.489255 23.677149
v 3.627042 -5.837088 22.090210
v 2.548860 -5.692175 23.621439
v 2.734884 -6.041200 22.034559
v 2.088848 -6.156466 21.680599
v 2.169224 -6.316998 20.852890
v 4.837169 -7.030786 9.578129
v 5.651069 -6.671370 9.578129
v 5.110165 -6.888877 10.835670
v 5.569636 -6.666262 10.862639
v 5.457154 -6.621098 12.482059
v 5.883829 -6.363970 12.502090
v 5.760965 -6.275982 14.114850
v 6.166787 -5.978880 14.126229
v 6.033937 -5.848636 15.729650
v 6.403193 -5.524847 15.729839
v 6.260737 -5.352935 17.322809
v 6.601002 -4.998525 17.310070
v 6.449534 -4.785802 18.889460
v 6.757449 -4.405199 18.862019
v 6.597112 -4.151852 20.429520
v 6.869560 -3.750757 20.386129
v 6.701252 -3.458119 21.936140
v 7.132586 -2.612286 21.808840
v 4.807035 -4.850229 23.685308
v 4.376136 -5.100858 23.694239
v 4.560845 -5.446410 22.111910
v 4.098460 -5.664507 22.106249
v 4.273945 -5.968455 20.513439
v 3.802912 -6.141921 20.495689
v 3.968875 -6.404008 18.892309
v 2.910992 -6.347079 20.440100
v 3.077160 -6.610067 18.836750
v 2.287267 -6.539055 19.588669
v 2.470900 -6.847066 17.487310
v 5.860761 -6.551706 9.578129
v 6.485106 -6.115911 9.578129
v 5.995974 -6.408939 10.886909
v 6.400855 -6.111172 10.909180
v 6.289140 -6.066428 12.518900
v 6.657116 -5.741445 12.531870
v 6.535357 -5.654378 14.132790
v 6.873948 -5.298146 14.134830
v 6.742569 -5.169398 15.724469
v 7.048396 -4.786285 15.713610
v 6.907818 -4.616530 17.290890
v 7.177757 -4.212202 17.265619
v 7.028584 -4.002343 18.827669
v 7.453918 -3.148439 18.740339
v 5.568453 -2.552519 27.800570
v 5.746962 -3.516109 25.141010
v 5.591603 -4.243442 23.633730
v 5.217593 -4.560209 23.664770
v 5.400527 -4.902585 22.091700
v 4.990950 -5.194309 22.107019
v 5.165127 -5.495847 20.521250
v 4.735755 -5.749240 20.522070
v 4.900845 -6.009603 18.923410
v 4.439558 -6.229781 18.911779
v 4.594707 -6.447780 17.306280
v 4.124334 -6.622643 17.285070
v 4.269471 -6.798275 15.671419
v 3.232792 -6.829456 17.229530
v 2.526677 -6.930149 16.810959
v 7.191922 -5.433094 9.578129
v 7.105661 -5.428914 10.945539
v 6.995024 -5.384685 12.541360
v 7.299209 -5.000159 12.547250
v 7.178896 -4.914188 14.132330
v 7.446801 -4.507781 14.125380
v 7.317257 -4.380773 15.697479
v 7.737605 -3.521239 15.650620
v 6.135067 -1.757671 27.625490
v 6.087799 -1.836681 27.644089
v 6.337395 -2.749656 25.011139
v 6.060335 -3.143767 25.081150
v 6.248260 -3.520895 23.540180
v 5.936403 -3.895700 23.592039
v 6.116937 -4.234175 22.032259
v 5.773415 -4.583958 22.066799
v 5.945647 -4.882367 20.492489
v 5.573798 -5.202628 20.511190
v 5.737386 -5.460590 18.921949
v 5.329545 -5.755096 18.926710
v 5.483617 -5.971362 17.328369
v 5.055521 -6.226797 17.320930
v 5.199967 -6.401269 15.712080
v 4.739571 -6.622899 15.694380
v 4.873851 -6.754849 14.078270
v 4.403986 -6.930613 14.053539
v 4.527760 -7.019569 12.431680
v 3.512691 -7.138488 13.998001
v 3.636538 -7.227751 12.376120
v 2.930510 -7.323558 11.144680
v 7.999361 -2.620749 15.586410
v 4.997429 -6.843545 12.458190
v 5.333884 -6.532732 14.099040
v 5.627523 -6.145085 15.723690
v 5.890705 -5.675778 17.328949
v 6.108282 -5.138922 18.909510
v 6.287987 -4.530791 20.465160
v 6.427376 -3.857168 21.988480
v 6.523675 -3.124176 23.478949
v 3.022275 -7.337747 9.578129
v 3.731443 -7.292057 9.578129
v 3.008818 -7.338223 9.817255
v -3.072391 -7.338224 9.817255
v -3.085847 -7.337748 9.578129
v -2.993602 -7.323429 11.151979
v -2.854830 -7.238256 13.283620
v -2.700413 -7.077454 15.411699
v -2.590202 -6.930182 16.810970
v -2.530801 -6.841482 17.530880
v -2.347622 -6.533279 19.623739
v -2.150050 -6.151819 21.703680
v -1.938422 -5.696867 23.771420
v -1.713384 -5.168828 25.823978
v -1.472827 -4.561158 27.880890
v -8.597314 -1.835230 9.578129
v -8.597314 -1.835230 7.078129
v -8.551948 -2.540075 7.078129
v -3.085847 -7.337758 7.078129
v -4.208706 -7.222321 7.078129
v -3.887715 -7.279230 9.578129
v -4.208706 -7.222321 9.578129
v -4.782263 -7.070545 9.578129
v -5.288940 -6.878933 7.078129
v -5.288940 -6.878933 9.578129
v -5.714605 -6.671461 9.578129
v -6.274815 -6.322885 7.078129
v -6.274815 -6.322885 9.578129
v -6.548485 -6.115791 9.578129
v -7.129380 -5.574058 7.078129
v -7.811481 -4.666581 9.578129
v -7.811481 -4.666581 7.078129
v -7.255558 -5.433313 9.578129
v -7.129380 -5.574058 9.578129
v -7.826932 -4.640722 9.578129
v -8.242614 -3.777038 9.578129
v -8.290878 -3.644159 7.078129
v -8.290878 -3.644159 9.578129
v -8.498515 -2.872271 9.578129
v -8.551948 -2.540075 9.578129
v 3.022275 -7.337758 7.078129
v 8.418226 -2.955714 7.078129
v 8.533742 -1.835226 7.078129
v 8.074432 -4.034098 7.078129
v 7.518364 -5.017387 7.078129
v 6.768665 -5.870833 7.078129
v 5.860761 -6.551706 7.078129
v 4.837169 -7.030786 7.078129
v 3.731443 -7.292057 7.078129
v 8.173969 -0.697784 7.482397
v 8.173969 -0.088242 7.550877
v 8.481558 -0.088243 7.189874
v 8.173969 -1.969029 7.078129
v 8.173969 -1.782742 7.161715
v 8.362394 -1.427725 7.078129
v 8.173969 -1.399552 7.306003
v 8.490324 -0.823335 7.078129
v 8.533749 -0.470344 7.078129
v 8.533751 -0.088242 7.115426
v 8.533754 -0.088242 9.578129
v 6.931097 -2.969094 7.954782
v 7.337186 -3.522063 7.078289
v 6.931097 -3.664423 7.484299
v 6.931097 -4.134725 7.078129
v 6.931097 -2.216750 8.327363
v 7.810259 -2.717897 7.078290
v 6.931097 -0.088242 8.794960
v 6.931097 -0.596612 8.753588
v 6.931097 -1.421093 8.595258
v 4.809815 -1.106446 9.564442
v 4.809815 -0.703717 9.625678
v 5.337192 -0.698022 9.579307
v 5.697256 -0.088242 9.540188
v 5.957461 -0.088242 9.445881
v 5.957840 -0.675881 9.399029
v 6.147774 -0.088242 9.359308
v 6.560995 -0.088242 9.110240
v 6.525144 -0.638042 9.090924
v 6.751517 -0.088242 8.960837
v 5.337192 -4.885377 7.505612
v 5.452544 -5.240106 7.078131
v 5.031429 -5.319861 7.078127
v 6.525144 -3.873445 7.752293
v 6.525144 -4.533277 7.161894
v 6.613018 -4.525976 7.077945
v 6.276119 -4.825913 7.078010
v 6.525144 -1.507564 8.923944
v 6.525144 -2.346687 8.641415
v 6.525144 -3.140130 8.248479
v 5.226351 -0.088242 9.645574
v 5.463801 -0.088242 9.602568
v 5.019552 -0.088242 9.667020
v 4.809815 -1.644639 9.444987
v 5.337192 -1.632753 9.399806
v 4.809815 -2.381929 9.207324
v 5.337192 -2.534805 9.096087
v 4.809815 -2.552666 9.139258
v 4.809815 -3.411262 8.714056
v 5.337192 -3.387752 8.673686
v 4.809815 -3.568886 8.619509
v 5.337192 -4.176061 8.140290
v 4.809815 -4.204793 8.177126
v 4.809815 -4.626007 7.821457
v 4.809815 -4.918807 7.538246
v 4.809815 -5.330459 7.078129
v 5.878339 -5.073657 7.078112
v 5.957840 -4.755406 7.378734
v 5.957840 -4.064356 7.997066
v 5.957840 -3.296347 8.516729
v 5.957840 -2.465364 8.928254
v 5.957840 -1.586541 9.224150
v 7.979336 -0.088242 16.941120
v 7.855496 -0.088242 18.266729
v 7.724370 -0.088242 19.591650
v 7.656075 -0.088242 20.253830
v 7.585960 -0.088242 20.915829
v 7.514027 -0.088242 21.577620
v 7.495759 -0.088242 21.743040
v 7.477377 -0.088242 21.908449
v 7.370319 -0.411726 22.851860
v 7.440274 -0.088242 22.239220
v 7.211302 -0.088242 24.196339
v 6.955816 -0.088242 26.064178
v 6.770204 -0.088243 27.184080
v 6.976333 -0.519396 25.630239
v 7.091054 -0.088242 25.131359
v 6.438498 -0.497280 28.160330
v 6.410623 -0.297783 28.367168
v 5.954716 -0.896966 28.969509
v 6.503186 -0.805211 27.678190
v 1.839660 -2.195010 31.027840
v 1.905184 -2.808226 30.543770
v 2.825188 -2.633377 30.473240
v 5.842165 -0.088242 29.558550
v 5.892456 -0.229267 29.429480
v 6.160760 -0.088242 29.024448
v 4.956505 -0.088242 30.573740
v 5.233312 -0.131049 30.295479
v 5.391071 -0.088242 30.138618
v 3.296534 -0.088242 31.588009
v 3.592100 -0.569662 31.329908
v 4.036254 -0.477996 31.127289
v 1.381365 -3.066587 30.335520
v 1.384732 -3.361448 30.020760
v 1.980662 -3.350085 29.984659
v 1.386974 -3.530325 29.818159
v 1.393729 -3.943052 29.231560
v 2.064654 -3.811831 29.360569
v 1.407971 -4.521831 28.001219
v 2.155622 -4.185884 28.682310
v 1.401165 -4.281672 28.602039
v 1.397963 -4.147402 28.873610
v 1.372302 -1.999091 31.178490
v 1.374066 -2.235394 31.024158
v 1.374830 -2.332438 30.956070
v 1.376745 -2.564413 30.781229
v 1.379346 -2.860252 30.530939
v 1.363771 -0.088243 31.946959
v 1.365578 -0.748411 31.766378
v 1.507744 -0.088242 31.945028
v 1.743553 -0.798229 31.735689
v 2.722634 -0.088242 31.772610
v 2.646364 -0.088242 31.791920
v 2.670627 -0.711884 31.613089
v 2.119141 -0.088242 31.893700
v 4.862172 -0.257421 30.607170
v 4.475513 -0.088242 30.956829
v 4.461473 -0.373544 30.885569
v 4.386390 -0.088242 31.018549
v 3.855502 -0.088242 31.335609
v 5.595377 -0.423217 29.772329
v 6.419332 -0.088242 28.456450
v 6.619069 -0.088242 27.855459
v 6.681744 -0.088242 27.611629
v 1.368475 -1.390035 31.508890
v 1.785401 -1.521119 31.427780
v 2.762529 -2.047154 30.936169
v 3.734981 -2.345379 30.276089
v 6.390044 -0.088242 28.529799
v 6.366811 -0.088242 28.586020
v 5.920653 -0.578811 29.221418
v 5.666288 -1.183909 29.248589
v 5.627494 -0.821456 29.535410
v 5.340101 -1.457193 29.507500
v 5.296802 -1.052550 29.827559
v 4.979365 -1.713095 29.742550
v 4.931850 -1.268946 30.093719
v 4.588224 -1.948241 29.950560
v 4.536836 -1.467790 30.330309
v 4.171598 -2.159757 30.128990
v 4.116727 -1.646651 30.534449
v 3.677056 -1.803617 30.704090
v 2.710644 -1.402936 31.318628
v 5.260955 -0.607934 30.091949
v 4.892510 -0.780902 30.383829
v 4.494287 -0.939842 30.644039
v 4.071294 -1.082808 30.869419
v 3.629092 -1.208273 31.057680
v 5.777426 -0.088242 29.652309
v 6.085017 -1.612097 28.000269
v 5.814654 -1.998507 28.145180
v 5.505668 -2.366524 28.276350
v 5.161035 -2.711132 28.391809
v 4.784684 -3.027791 28.489969
v 3.064685 -3.950425 28.693029
v 3.956403 -3.562594 28.630119
v 4.381356 -3.312627 28.569649
v 6.469540 -0.667367 27.929350
v 6.037669 -1.417876 28.353519
v 5.993970 -1.178177 28.678469
v 5.760747 -1.777287 28.547298
v 5.710989 -1.504251 28.917240
v 5.445515 -2.119590 28.725002
v 5.389988 -1.814805 29.137770
v 5.095035 -2.440121 28.884029
v 5.034108 -2.105605 29.336889
v 4.713314 -2.734654 29.022200
v 4.647426 -2.372820 29.511889
v 4.305158 -2.999589 29.137850
v 4.234810 -2.613181 29.660660
v 3.875969 -3.232090 29.229879
v 3.801709 -2.824117 29.781729
v 2.977689 -3.592824 29.341690
v 2.897367 -3.151391 29.938549
v -1.439573 -2.468902 30.855478
v -1.444087 -2.982178 30.417719
v -1.468582 -4.432047 28.248730
v -1.464290 -4.272360 28.622320
v -1.461421 -4.148274 28.872108
v -1.454993 -3.815833 29.428789
v -1.448811 -3.400176 29.975899
v -1.448320 -3.361458 30.020769
v -1.427342 -0.088243 31.946959
v -1.429411 -0.775645 31.757219
v -1.432222 -1.368595 31.518969
v -1.435664 -1.935867 31.217178
v -1.437776 -2.235427 31.024239
v -5.878225 -1.998507 28.145180
v -5.569240 -2.366524 28.276350
v -5.509087 -2.119590 28.725002
v -5.042937 -1.713095 29.742550
v -5.403673 -1.457193 29.507500
v -5.453560 -1.814805 29.137770
v -2.593111 -4.406774 27.981009
v -2.315334 -4.466189 27.962839
v -2.219194 -4.185884 28.682310
v -2.128225 -3.811831 29.360569
v -1.903231 -2.195010 31.027840
v -1.848973 -1.521119 31.427780
v -5.295664 -0.088242 30.309639
v -5.296883 -0.131049 30.295479
v -4.925743 -0.257421 30.607170
v -6.793591 -0.088242 27.393240
v -6.833776 -0.088242 27.184080
v -6.786545 -0.304900 27.246038
v -6.450190 -0.088242 28.538099
v -6.662793 -0.088242 27.925009
v -6.474194 -0.297783 28.367168
v -6.683126 -0.088242 27.853039
v -6.502069 -0.497280 28.160330
v -6.743535 -0.088242 27.618340
v -6.533112 -0.667366 27.929350
v -6.566757 -0.805211 27.678190
v -5.324527 -0.607934 30.091949
v -5.369163 -0.088242 30.232609
v -5.658949 -0.423217 29.772329
v -5.787003 -0.088242 29.727949
v -5.956027 -0.229267 29.429480
v -4.894724 -0.088242 30.682468
v -4.525045 -0.373543 30.885569
v -4.370967 -0.088242 31.071909
v -4.099826 -0.477996 31.127289
v -3.809436 -0.088242 31.391699
v -3.655672 -0.569662 31.329908
v -3.209251 -0.088242 31.643539
v -2.734199 -0.711884 31.613089
v -2.710185 -0.088242 31.792479
v -2.584069 -0.088242 31.821909
v -1.807124 -0.798229 31.735689
v -1.946775 -0.088242 31.922270
v -2.044233 -3.350085 29.984659
v -1.968756 -2.808226 30.543770
v -2.888759 -2.633377 30.473240
v -2.960938 -3.151391 29.938549
v -3.798552 -2.345379 30.276089
v -3.041260 -3.592824 29.341690
v -3.865281 -2.824117 29.781729
v -4.298381 -2.613180 29.660660
v -4.235170 -2.159757 30.128990
v -4.710998 -2.372819 29.511889
v -4.651795 -1.948241 29.950560
v -5.097679 -2.105605 29.336889
v -3.417923 -4.142513 28.007309
v -3.220200 -4.218403 28.004959
v -3.128257 -3.950424 28.693029
v -5.824318 -1.777287 28.547298
v -5.774560 -1.504251 28.917240
v -5.729860 -1.183909 29.248589
v -3.939541 -3.232090 29.229879
v -4.368729 -2.999589 29.137850
v -4.776885 -2.734654 29.022200
v -5.158607 -2.440121 28.884029
v -6.148588 -1.612097 28.000269
v -6.101241 -1.417875 28.353519
v -6.057542 -1.178176 28.678469
v -6.018288 -0.896966 28.969509
v -5.224606 -2.711132 28.391809
v -4.848255 -3.027791 28.489969
v -4.444927 -3.312627 28.569649
v -4.019974 -3.562594 28.630119
v -3.597235 -4.066393 28.007149
v -6.052672 -1.992600 27.680090
v -5.935208 -2.164308 27.718569
v -5.772458 -2.381446 27.765339
v -5.454616 -2.750471 27.839350
v -5.295188 -2.913428 27.869499
v -4.605760 -3.491044 27.959860
v -4.316299 -3.684341 27.982300
v -4.104982 -3.810270 27.993898
v -6.602612 -0.907800 27.411480
v -6.497852 -1.168388 27.479639
v -6.198198 -1.758424 27.625660
v -6.130749 -1.870232 27.651918
v -5.984224 -0.578811 29.221418
v -5.691065 -0.821456 29.535410
v -5.360374 -1.052550 29.827559
v -4.956081 -0.780902 30.383829
v -4.995421 -1.268946 30.093719
v -4.557858 -0.939842 30.644039
v -4.600407 -1.467790 30.330309
v -4.134865 -1.082808 30.869419
v -4.180299 -1.646651 30.534449
v -3.692663 -1.208273 31.057680
v -3.740627 -1.803617 30.704090
v -2.774215 -1.402936 31.318628
v -2.826100 -2.047154 30.936169
v -6.148711 -0.088242 29.164110
v -4.093137 -4.392574 26.446020
v -3.336335 -6.881042 16.796770
v -8.582077 -1.837235 9.829775
v -3.732510 -7.244814 11.925059
v -4.623720 -7.036583 11.980630
v -7.661159 -4.609586 12.111300
v -8.077126 -3.746648 12.111060
v -8.433338 -1.927168 12.073910
v -8.434952 -1.806320 12.069890
v -8.453423 -1.814544 11.805180
v -8.334095 -2.842586 12.098220
v -7.932721 -1.404987 18.110199
v -8.128832 -1.542247 15.971359
v -8.201543 -1.746020 15.098030
v -8.203745 -1.625598 15.087560
v -8.300066 -1.716514 13.889810
v -7.628030 -0.904443 21.103039
v -7.734696 -0.966090 20.109430
v -7.940246 -1.292045 18.045309
v -7.289168 -0.245333 24.066919
v -7.512574 -0.564467 22.161659
v -7.631871 -0.785913 21.079849
v -6.979023 -0.088242 26.321659
v -7.274873 -0.088242 24.196339
v -7.294049 -0.128260 24.037498
v -2.263277 -4.976768 26.381020
v -5.976007 -2.831667 26.239019
v -6.254391 -2.439718 26.162420
v -6.447891 -2.846451 24.632130
v -3.628911 -4.606789 26.448370
v -4.294675 -4.813399 24.876820
v -4.726213 -4.563998 24.864880
v -4.917817 -4.941013 23.288189
v -5.328124 -4.650548 23.268969
v -5.509453 -4.983685 21.686689
v -5.882040 -4.664649 21.663380
v -6.052439 -4.953313 20.080929
v -6.394466 -4.601348 20.055489
v -6.554065 -4.846302 18.471920
v -6.861689 -4.465312 18.446680
v -7.010024 -4.666330 16.867880
v -7.279674 -4.261662 16.845049
v -7.417037 -4.419623 15.269569
v -3.156245 -4.776296 26.436890
v -3.479310 -7.046191 15.175520
v -3.611348 -7.167404 13.552130
v -4.370681 -6.838644 15.231060
v -4.502622 -6.959440 13.607670
v -4.972431 -6.783598 13.632890
v -5.093346 -6.860517 12.007640
v -5.552997 -6.638012 12.032360
v -6.384762 -6.083195 12.071899
v -5.979575 -6.380816 12.053579
v -5.859344 -6.304513 13.671490
v -5.432377 -6.561380 13.654520
v -5.301011 -6.441383 15.273029
v -4.840715 -6.663156 15.254499
v -4.698136 -6.499056 16.873980
v -4.227839 -6.674064 16.852310
v -4.074536 -6.466094 18.467419
v -3.182868 -6.672356 18.411860
v -4.525575 -4.144959 26.430119
v -4.938028 -3.858426 26.400579
v -5.137558 -4.275397 24.840469
v -5.512439 -3.960207 24.804859
v -5.701817 -4.333323 23.239479
v -6.046267 -3.985080 23.199579
v -6.225230 -4.314418 21.630690
v -6.535332 -3.936897 21.588989
v -6.703276 -4.221957 20.021980
v -6.975383 -3.820382 19.980940
v -7.132507 -4.062044 18.414719
v -7.402845 -2.969191 19.878759
v -7.557147 -3.207264 18.332720
v -7.090282 -5.401330 12.098209
v -6.752565 -5.758153 12.086659
v -6.633393 -5.682648 13.692679
v -6.265021 -6.007273 13.684350
v -6.134683 -5.888389 15.293220
v -5.728434 -6.185032 15.285789
v -5.586785 -6.022240 16.898010
v -5.158837 -6.277889 16.889450
v -5.006295 -6.071292 18.499769
v -4.545135 -6.291693 18.487339
v -4.381554 -6.040670 20.097019
v -3.910614 -6.214341 20.078829
v -3.736644 -5.919460 21.681610
v -3.018748 -6.419736 20.023239
v -2.844548 -6.123843 21.625969
v -8.097937 -2.658431 15.170179
v -7.823572 -2.311751 18.229769
v -7.512199 -1.802949 21.269480
v -7.165569 -1.133007 24.279499
v -5.314175 -3.545494 26.358910
v -5.661413 -3.201965 26.304850
v -5.858239 -3.614198 24.757849
v -6.171237 -3.241229 24.699970
v -6.357767 -3.609702 23.149759
v -6.632795 -3.212375 23.090769
v -6.808842 -3.537302 21.538939
v -7.066647 -2.370187 22.948700
v -7.239375 -2.690307 21.416750
v -7.394287 -5.016703 12.106450
v -7.276504 -4.942149 13.696569
v -6.971766 -5.326282 13.696759
v -6.842850 -5.208765 15.291790
v -6.503717 -5.564415 15.295150
v -6.363477 -5.403321 16.895590
v -5.993689 -5.726408 16.900030
v -5.842471 -5.521720 18.500820
v -5.434833 -5.816527 18.504160
v -5.272420 -5.567501 20.106680
v -4.843226 -5.821196 20.106430
v -4.670198 -5.528253 21.704510
v -4.207962 -5.746646 21.698090
v -4.024269 -5.409178 23.292639
v -3.552536 -5.581011 23.277849
v -3.358977 -5.199890 24.863150
v -2.660179 -5.784235 23.222160
v -2.466329 -5.401809 24.807379
v -6.885296 -2.009667 24.470390
v -7.836809 -3.559520 15.228260
v -3.831160 -5.029160 24.876280
v -4.487121 -5.192025 23.296099
v -5.100112 -5.275808 21.700659
v -5.680871 -5.273930 20.097990
v -6.213103 -5.199751 18.490040
v -6.703474 -5.048644 16.884830
v -7.148437 -4.825402 15.283210
v -7.544178 -4.535553 13.692150
v -7.686217 -0.088242 20.571619
v -8.042908 -0.088242 16.941120
v -8.348180 -0.088242 13.261740
v -8.597324 -0.088242 9.578129
v -8.597324 -0.088242 7.078129
v -8.483146 -0.088242 7.180051
v -8.168597 -0.088242 7.550877
v -8.168597 -0.697784 7.482397
v -8.553288 -0.088242 7.078129
v -8.547693 -0.211394 7.078094
v -8.477173 -0.871955 7.078065
v -8.168597 -1.399552 7.306003
v -8.353889 -1.438309 7.078017
v -8.168597 -1.782742 7.161715
v -8.168597 -1.969029 7.078129
v -7.983261 -2.371874 7.078199
v -6.925724 -2.268160 8.305824
v -6.925724 -2.969094 7.954782
v -7.562965 -3.145075 7.078345
v -6.925724 -3.664423 7.484299
v -6.925724 -4.134725 7.078129
v -6.925724 -2.216750 8.327364
v -6.925724 -1.421093 8.595258
v -6.925724 -0.596612 8.753589
v -6.925724 -0.088242 8.794960
v -5.635664 -5.177940 7.077909
v -5.228152 -5.291707 7.077913
v -4.804443 -5.330459 7.078129
v -6.376843 -4.741667 7.077982
v -6.012434 -4.997968 7.078129
v -8.565428 -0.088243 7.078129
v -8.590537 -0.088242 7.078129
v -6.699427 -4.425756 7.078042
v 5.201682 4.642155 28.682209
v 5.181868 4.679427 28.629580
v 5.169682 4.684452 28.641869
v 4.739017 5.015780 27.635239
v 4.897146 5.099009 27.612450
v 4.896780 5.155955 27.320650
v 4.536940 5.014604 27.354380
v 4.345454 5.058610 27.378510
v 4.391870 5.037373 27.703150
v 4.730847 5.048841 27.334030
v 4.562975 4.994306 27.666840
v 4.474855 4.998719 28.054539
v 4.618334 4.958541 28.003550
v 4.590360 4.943442 28.360840
v 4.702819 4.908709 28.297020
v 4.661199 4.908678 28.494900
v 4.756750 4.877892 28.425959
v 4.785756 4.845937 28.667900
v 4.853727 4.823091 28.593719
v 4.831528 4.822357 28.715469
v 4.889817 4.802753 28.640400
v 4.768718 4.967220 27.957619
v 4.822889 4.908712 28.237770
v 4.859799 4.875510 28.361109
v 4.928508 4.820170 28.522690
v 4.954577 4.800608 28.568169
v 5.019492 4.754338 28.652889
v 4.911089 5.023894 27.921299
v 4.941959 4.943452 28.187349
v 4.964234 4.901674 28.304199
v 5.006915 4.837297 28.457840
v 5.023369 4.816004 28.501480
v 5.064728 4.768656 28.584129
v 5.075590 4.757510 28.600248
v 5.113153 4.795145 28.521410
v 5.093600 4.848359 28.442850
v 5.085608 4.873744 28.401939
v 5.063860 4.954831 28.258600
v 5.051491 5.010436 28.149370
v 5.031324 5.122941 27.898199
v 5.016834 5.233189 27.601439
v 5.008730 5.319158 27.316339
v 5.134445 4.751601 28.575001
v 5.125858 4.767263 28.557379
v 5.118205 4.783413 28.537109
v 5.257574 4.588890 28.792479
v 5.200693 4.626662 28.756779
v 5.223520 4.608504 28.816319
v 5.178712 4.639107 28.768059
v 5.195400 4.624573 28.830389
v 5.155438 4.652315 28.775620
v 5.165807 4.641359 28.840500
v 5.123942 4.670212 28.779678
v 5.125971 4.663755 28.847488
v 5.075865 4.697530 28.774130
v 5.065459 4.697343 28.845369
v 5.001754 4.739552 28.741489
v 4.972445 4.747961 28.815948
v 4.978706 4.752590 28.725790
v 4.943511 4.763461 28.800770
v 5.227071 4.611792 28.736839
v 5.182641 4.652127 28.698278
v 5.166646 4.660990 28.706829
v 5.149621 4.670804 28.711889
v 5.126484 4.684654 28.713129
v 5.091057 4.706794 28.704369
v 5.036435 4.742763 28.668970
v 5.159410 4.689836 28.647758
v 5.148456 4.696497 28.650440
v 5.133551 4.706814 28.649078
v 5.110720 4.724943 28.637529
v 5.145011 4.736279 28.588709
v 5.151966 4.728938 28.592360
v 5.157133 4.725144 28.591879
v 5.162043 4.723067 28.588520
v 5.167989 4.722930 28.579929
v 4.332000 5.132484 24.554310
v 4.094648 5.168705 24.593779
v 4.219744 5.114768 25.636690
v 4.893090 5.319283 26.010849
v 4.857601 5.335042 25.585079
v 4.726470 5.138697 26.017050
v 4.691640 5.154637 25.593359
v 4.494290 5.059292 26.031158
v 4.460480 5.074809 25.612059
v 4.252655 5.100257 26.049749
v 4.783641 5.629120 24.516619
v 4.918426 5.572614 25.589220
v 4.953886 5.557412 26.014050
v 4.722769 5.393612 24.510550
v 4.559319 5.213879 24.524189
v 3.908841 5.245305 23.553970
v 4.141263 5.214398 23.500460
v 4.362976 5.298004 23.459330
v 4.522687 5.476781 23.440090
v 4.583445 5.709367 23.447210
v 4.998527 5.415966 26.908350
v 4.981938 5.489044 26.482679
v 4.902853 5.219899 26.908890
v 4.903032 5.269927 26.481529
v 4.733062 5.083126 26.916649
v 4.733634 5.110213 26.487469
v 4.521479 5.031687 26.930159
v 4.510495 5.044552 26.499180
v 4.308386 5.075375 26.946850
v 4.282028 5.087191 26.514149
v 7.991858 -0.088242 16.817699
v 8.161819 -0.088242 7.550899
v 8.234888 -0.088246 7.475131
v 8.540534 -0.088242 7.087223
v 8.540536 -0.088242 9.518077
v 8.134236 -0.088242 15.180510
v 7.838373 -0.088242 18.453890
v 7.757468 -0.088242 19.271589
v 7.673789 -0.088242 20.089001
v 7.587337 -0.088242 20.906130
v 7.543072 -0.088242 21.314579
v 7.498113 -0.088242 21.722960
v 7.469332 -0.088242 21.981110
v 7.799170 4.160254 6.118076
v 8.163460 3.659591 6.117929
v 7.067784 4.160254 7.147513
v 8.163154 3.357546 6.392996
v 8.162043 0.534805 7.542771
v 8.162267 1.152223 7.456823
v 8.162442 1.623969 7.336422
v 8.162490 1.754045 7.294390
v 8.162714 2.330835 7.058022
v 8.162796 2.537936 6.951521
v 8.162930 2.855870 6.762875
v 1.841035 0.436552 9.673192
v 1.841035 0.300676 9.443826
v 1.841035 -0.088242 9.674221
v -4.804443 -0.703717 9.625678
v -4.804659 -0.088242 9.674221
v 4.797667 -0.088242 9.674221
v -4.804443 -4.918807 7.538246
v -4.804443 -4.626007 7.821457
v -4.804443 -4.204793 8.177126
v -4.804443 -3.568886 8.619509
v -4.804443 -3.411262 8.714056
v -4.804443 -2.552666 9.139258
v -4.804443 -2.381929 9.207324
v -4.804443 -1.644639 9.444987
v -4.804443 -1.106446 9.564442
v -6.698826 -0.088242 9.000344
v -6.505729 -0.088242 9.145461
v -6.519772 -0.638042 9.090924
v -6.087677 -0.088242 9.385869
v -5.863162 -0.088242 9.481109
v -5.952467 -0.675881 9.399029
v -4.816591 -0.088242 9.674196
v -5.952467 -4.755406 7.378734
v -5.331820 -4.885377 7.505612
v -5.331820 -4.176061 8.140290
v -5.331820 -3.387752 8.673686
v -5.331820 -2.534805 9.096087
v -5.331820 -1.632753 9.399806
v -5.221461 -0.088242 9.645471
v -5.161636 -0.088242 9.653193
v -5.331820 -0.698022 9.579307
v -4.919915 -0.088241 9.672239
v -5.633261 -0.088242 9.557720
v -5.399477 -0.088242 9.615075
v -5.281043 -0.088242 9.636545
v -6.301778 -0.088242 9.274079
v -6.519772 -1.507564 8.923946
v -6.519772 -2.346687 8.641415
v -6.519772 -3.140130 8.248479
v -6.519772 -3.873445 7.752293
v -6.519772 -4.533277 7.161894
v -5.952467 -1.586541 9.224150
v -5.952467 -2.465364 8.928254
v -5.952467 -3.296347 8.516729
v -5.952467 -4.064356 7.997066
v -4.722769 5.393612 24.510550
v -4.783641 5.629120 24.516619
v -4.918426 5.572614 25.589220
v -4.494290 5.059292 26.031158
v -4.460480 5.074809 25.612059
v -4.726470 5.138697 26.017050
v -4.691640 5.154637 25.593359
v -4.893090 5.319283 26.010849
v -4.857601 5.335042 25.585079
v -4.953886 5.557412 26.014050
v -4.094648 5.168705 24.593779
v -4.219744 5.114768 25.636690
v -4.252655 5.100257 26.049749
v -4.332000 5.132484 24.554310
v -4.559319 5.213879 24.524189
v -4.583445 5.709367 23.447210
v -4.522687 5.476781 23.440090
v -4.362976 5.298004 23.459330
v -4.141263 5.214398 23.500460
v -3.908841 5.245305 23.553970
v -4.308386 5.075375 26.946850
v -4.282028 5.087191 26.514149
v -4.521479 5.031687 26.930159
v -4.510494 5.044552 26.499180
v -4.733062 5.083126 26.916649
v -4.733632 5.110211 26.487459
v -4.902853 5.219899 26.908890
v -4.903030 5.269923 26.481520
v -4.998527 5.415966 26.908350
v -4.981938 5.489044 26.482679
v -4.345454 5.058610 27.378510
v -4.536940 5.014604 27.354380
v -4.730847 5.048841 27.334030
v -4.896780 5.155955 27.320650
v -5.008730 5.319158 27.316339
v -5.201682 4.642155 28.682209
v -5.227071 4.611792 28.736839
v -5.200693 4.626662 28.756779
v -5.016834 5.233189 27.601439
v -4.897146 5.099009 27.612450
v -5.031324 5.122941 27.898199
v -4.911089 5.023894 27.921299
v -5.051491 5.010436 28.149370
v -4.941959 4.943452 28.187349
v -5.063860 4.954831 28.258600
v -4.964234 4.901674 28.304199
v -5.085608 4.873744 28.401939
v -5.006915 4.837297 28.457840
v -5.093600 4.848359 28.442850
v -5.023369 4.816004 28.501480
v -5.113153 4.795145 28.521410
v -5.064728 4.768656 28.584129
v -5.118205 4.783413 28.537109
v -5.075590 4.757510 28.600248
v -5.125858 4.767263 28.557379
v -5.110720 4.724943 28.637529
v -5.134445 4.751601 28.575001
v -5.145011 4.736279 28.588709
v -5.133551 4.706814 28.649078
v -5.151966 4.728938 28.592360
v -5.148456 4.696497 28.650440
v -5.157133 4.725144 28.591879
v -5.159410 4.689836 28.647758
v -5.162043 4.723067 28.588520
v -5.169682 4.684452 28.641869
v -5.167989 4.722930 28.579929
v -5.181868 4.679427 28.629580
v -5.182641 4.652127 28.698278
v -5.166646 4.660990 28.706829
v -5.149621 4.670804 28.711889
v -5.126484 4.684654 28.713129
v -5.091057 4.706794 28.704369
v -5.036435 4.742763 28.668970
v -5.019492 4.754338 28.652889
v -4.954577 4.800608 28.568169
v -4.928508 4.820170 28.522690
v -4.859799 4.875510 28.361109
v -4.822889 4.908712 28.237770
v -4.768718 4.967220 27.957619
v -4.739017 5.015780 27.635239
v -5.178712 4.639107 28.768059
v -5.155438 4.652315 28.775620
v -5.123942 4.670212 28.779678
v -5.075865 4.697530 28.774130
v -5.001754 4.739552 28.741489
v -4.978706 4.752590 28.725790
v -4.889817 4.802753 28.640400
v -4.853727 4.823091 28.593719
v -4.756750 4.877892 28.425959
v -4.702819 4.908709 28.297020
v -4.618334 4.958541 28.003550
v -4.562975 4.994306 27.666840
v -4.391870 5.037373 27.703150
v -4.474855 4.998719 28.054539
v -4.590360 4.943442 28.360840
v -4.661199 4.908678 28.494900
v -4.785756 4.845937 28.667900
v -4.831528 4.822357 28.715469
v -4.943511 4.763461 28.800770
v -4.972445 4.747961 28.815948
v -5.065459 4.697343 28.845369
v -5.125971 4.663755 28.847488
v -5.165807 4.641359 28.840500
v -5.195400 4.624573 28.830389
v -5.223520 4.608504 28.816319
v -5.257574 4.588890 28.792479
v 2.526369 5.175535 30.806229
v 3.236579 4.961684 30.605629
v 2.490624 5.184874 30.995869
v -3.236579 4.961684 30.605629
v -2.527187 5.175398 30.806339
v -2.490624 5.184874 30.995869
v -2.241199 5.245616 30.870399
v -1.688473 5.356421 31.284840
v -1.782504 5.339851 30.954979
v -0.844855 5.464247 31.462210
v -1.026139 5.447213 31.050009
v 0.000000 5.500000 31.520359
v -0.261222 5.496588 31.093359
v 0.000000 5.499998 31.096338
v 0.207797 5.497796 31.094439
v 0.844855 5.464247 31.462210
v 0.995462 5.450113 31.052608
v 1.688473 5.356421 31.284840
v 1.771881 5.341753 30.956388
v 2.145709 5.267070 30.889410
v 2.241125 5.245602 30.870029
v -4.862604 4.771477 29.527500
v -4.857738 4.741702 29.566330
v -4.484885 4.928907 29.935610
v -4.857101 4.737802 29.571409
v -4.854477 4.704528 29.592060
v -4.481842 4.854943 29.969688
v -4.853491 4.667412 29.599770
v -4.869098 4.789956 29.474520
v -4.867965 4.786733 29.483759
v -4.464345 4.988085 29.883369
v -4.867126 4.784344 29.490610
v -0.686929 5.963276 31.559158
v 0.000000 5.971604 31.623039
v 0.000000 5.995923 31.560440
v 0.000000 5.800218 31.720348
v 0.000000 5.863906 31.709848
v -0.304277 5.795938 31.713320
v -0.691229 5.849408 31.670959
v -3.362143 5.269895 30.802198
v -3.283374 5.295079 30.847950
v -3.377178 5.307687 30.788279
v -2.672056 5.468787 31.156590
v -2.756599 5.499691 31.111002
v -2.095444 5.597734 31.379669
v -2.097005 5.658424 31.369209
v -1.523992 5.693407 31.542358
v -1.405415 5.776831 31.557388
v -0.962705 5.757641 31.649920
v -0.704250 5.777435 31.682749
v -3.825206 5.108747 30.502169
v -3.953422 5.090054 30.406269
v -4.364194 4.890416 30.076389
v -4.491527 4.833758 29.961639
v -4.853475 4.661661 29.599899
v 0.000000 5.927935 31.674049
v -0.691060 5.917913 31.626820
v -1.405192 5.845813 31.513988
v -2.096950 5.728148 31.327019
v -2.756983 5.570348 31.070398
v -3.378260 5.379398 30.749578
v -3.955417 5.162880 30.369749
v -1.396975 5.892302 31.447479
v -2.085107 5.776420 31.262350
v -2.742103 5.620921 31.008160
v -3.360955 5.432637 30.690248
v -3.936259 5.219020 30.313768
v -4.880895 4.796605 29.374729
v -4.427344 5.020947 29.826540
v -3.902500 5.247827 30.252859
v -3.331103 5.457592 30.625719
v -2.716922 5.642364 30.940449
v -2.065386 5.794856 31.191990
v -1.383456 5.908421 31.375118
v -0.921547 5.959476 31.456329
v -0.680182 5.977941 31.485550
v 0.000000 5.999992 31.520390
v 4.869098 4.789956 29.474520
v 4.880895 4.796605 29.374729
v 4.427344 5.020947 29.826540
v 0.174568 5.798753 31.718050
v 0.704088 5.777324 31.682770
v 0.691229 5.849408 31.670959
v 0.691060 5.917913 31.626820
v 0.686929 5.963276 31.559158
v 4.867965 4.786733 29.483759
v 4.464345 4.988085 29.883369
v 4.862604 4.771477 29.527500
v 4.867853 4.785053 29.490940
v 4.481842 4.854943 29.969688
v 4.853491 4.667412 29.599770
v 4.854477 4.704528 29.592060
v 4.858353 4.742086 29.566700
v 4.484885 4.928907 29.935610
v 4.857230 4.737891 29.571499
v 4.491496 4.833662 29.961670
v 4.853475 4.661661 29.599899
v 3.377178 5.307687 30.788279
v 3.835165 5.105014 30.495079
v 3.953422 5.090054 30.406269
v 4.368214 4.888658 30.072859
v 0.808872 5.770055 31.670710
v 1.462036 5.701877 31.556759
v 1.405415 5.776831 31.557388
v 2.094635 5.597291 31.379950
v 2.097005 5.658424 31.369209
v 2.723239 5.455326 31.133780
v 2.756599 5.499691 31.111002
v 3.308234 5.287176 30.833649
v 3.362041 5.269875 30.802229
v 0.680182 5.977941 31.485550
v 0.921547 5.959476 31.456329
v 1.396975 5.892302 31.447479
v 3.936259 5.219020 30.313768
v 3.902500 5.247827 30.252859
v 3.360955 5.432637 30.690248
v 3.331103 5.457592 30.625719
v 2.742103 5.620921 31.008160
v 2.716922 5.642364 30.940449
v 2.085107 5.776420 31.262350
v 2.065386 5.794856 31.191990
v 1.383456 5.908421 31.375118
v 1.405192 5.845813 31.513988
v 2.096950 5.728148 31.327019
v 2.756983 5.570348 31.070398
v 3.378260 5.379398 30.749578
v 3.955417 5.162880 30.369749
v 2.792432 5.333982 31.102039
v 2.619654 5.378622 31.179510
v 2.600548 5.312330 31.174749
v 2.080372 5.498623 31.384689
v 1.775961 5.553703 31.477489
v 1.764552 5.496403 31.471769
v 1.519437 5.593165 31.543468
v 0.872169 5.664968 31.662600
v 0.883455 5.612333 31.654320
v 0.856735 5.479485 31.540319
v 0.000000 5.511063 31.585958
v 0.000000 5.544246 31.645819
v 0.871048 5.532310 31.612848
v 0.000000 5.570029 31.672369
v 0.000000 5.594555 31.690300
v 0.000000 5.656752 31.715620
v 0.704180 5.677179 31.682758
v 0.225416 5.697659 31.716509
v 0.000000 5.699971 31.720348
v 2.161832 5.482349 31.357109
v 2.524075 5.192985 31.068600
v 3.278663 4.964453 30.674170
v 3.330292 5.003701 30.737810
v 2.564809 5.238107 31.136139
v 3.375991 5.073450 30.774199
v 3.404237 5.150934 30.777100
v 1.711784 5.368850 31.360840
v 1.739987 5.418649 31.431419
v -2.798155 5.332206 31.099369
v -3.404237 5.150934 30.777100
v -3.375991 5.073450 30.774199
v -2.600548 5.312330 31.174749
v -2.619599 5.378365 31.179529
v -1.603521 5.580633 31.523048
v -1.775930 5.553504 31.477489
v -1.764552 5.496403 31.471769
v -2.080402 5.498466 31.384680
v -2.189546 5.476486 31.347460
v -0.321858 5.695013 31.712519
v -0.704261 5.676735 31.682758
v -0.883455 5.612333 31.654320
v -0.888590 5.663136 31.660398
v -0.980134 5.655222 31.647339
v -0.871048 5.532310 31.612848
v -0.856735 5.479485 31.540319
v -1.711784 5.368850 31.360840
v -3.278663 4.964453 30.674170
v -3.330292 5.003701 30.737810
v -2.564809 5.238107 31.136139
v -2.524075 5.192985 31.068600
v -1.739987 5.418649 31.431419
v 7.078166 -0.088195 25.214739
v 7.217370 -0.088242 24.142220
v 7.126508 0.104874 24.882750
v 6.936469 -0.088200 26.172989
v 6.868191 0.683346 26.892670
v 6.777283 -0.088243 27.123589
v 6.821067 1.229964 27.245609
v 6.820416 1.147903 27.250450
v 6.878383 1.171799 26.815830
v 6.824418 0.991668 27.220650
v 6.825277 0.975118 27.214239
v 6.830754 0.896105 27.173380
v 6.839698 0.812450 27.106550
v 6.857073 0.717308 26.976309
v 7.498113 1.660254 21.722960
v 6.888547 1.660253 26.738989
v 6.876612 1.652412 26.829199
v 6.855988 1.598946 26.984459
v 6.854128 1.591204 26.998419
v 6.844299 1.539742 27.072109
v 6.834512 1.464074 27.145319
v 6.829036 1.403115 27.186199
v 6.821642 1.255054 27.241329
v 8.156448 1.660254 14.912849
v 8.540538 1.660254 9.518077
v 7.548333 1.660254 21.266369
v -6.827284 -0.088242 27.123589
v -6.918191 0.683346 26.892670
v -6.965495 -0.088206 26.305210
v -7.014231 0.463466 26.160809
v -7.267369 -0.088242 24.142220
v -8.206447 1.660254 14.912849
v -8.590538 1.660254 9.518077
v -8.590538 -0.088242 9.518077
v -7.598332 1.660254 21.266369
v -7.548123 -0.088242 21.722870
v -6.928382 1.171799 26.815830
v -6.871068 1.229964 27.245609
v -6.871642 1.255054 27.241329
v -6.879036 1.403115 27.186199
v -6.884512 1.464074 27.145319
v -6.894299 1.539742 27.072109
v -6.905987 1.598946 26.984459
v -6.926611 1.652412 26.829199
v -6.938547 1.660253 26.738989
v -6.907073 0.717308 26.976309
v -6.889698 0.812450 27.106550
v -6.888045 0.825377 27.118910
v -6.880754 0.896105 27.173380
v -6.874417 0.991668 27.220650
v -6.870417 1.147903 27.250450
v -8.403983 -0.088242 12.350460
v -8.184239 -0.088242 15.180460
v -7.888380 -0.088242 18.453819
v 2.629096 -0.088234 31.738039
v 2.012854 -0.088230 31.848780
v -5.496989 -0.088274 30.023159
v -5.877294 -0.088341 29.530809
v 6.372452 -0.088688 28.529190
v 6.583096 -0.088393 27.943659
v 6.646917 -0.088403 27.718390
v -1.658438 -0.088238 31.881969
v -2.330564 -0.088227 31.809759
v 1.370553 -0.088244 31.887230
v -1.420553 -0.088244 31.887230
v -5.030616 -0.088243 30.498549
v -4.583862 -0.088371 30.860189
v -4.069788 -0.088392 31.190310
v -3.521233 -0.088260 31.460449
v -2.955893 -0.088237 31.663630
v 3.220599 -0.088243 31.559330
v 3.785817 -0.088333 31.315029
v 4.322384 -0.088417 31.006002
v -6.192836 -0.088244 29.011679
v -6.340804 -0.088501 28.714479
v -6.347731 -0.088519 28.699429
v 4.798526 -0.088281 30.655510
v 5.297482 -0.088286 30.188519
v 5.710959 -0.088265 29.694050
v 5.723942 -0.088272 29.676449
v 6.077955 -0.088297 29.129419
v 6.296866 -0.088527 28.701309
v -6.464773 -0.088609 28.425699
v -6.576221 -0.088255 28.121750
v 6.754339 -0.088199 27.246990
v 6.729796 -0.088187 27.368349
v 6.723718 -0.088197 27.396929
v -6.672878 -0.088344 27.806950
v -6.700274 -0.088336 27.705669
v -6.772356 -0.088180 27.403280
v -6.785202 -0.088168 27.342470
v -8.590537 -0.088242 7.039315
v -8.488288 -0.088248 7.189965
v -8.180745 -0.088242 7.550899
v -5.079227 -0.088242 9.662714
v -5.237448 -0.088242 9.644564
v -6.937872 -0.088242 8.794965
v -6.760029 -0.088242 8.959172
v -6.569722 -0.088242 9.108301
v -6.368845 -0.088242 9.241159
v -6.159196 -0.088242 9.356839
v -5.938160 -0.088242 9.456551
v -5.709310 -0.088242 9.538264
v -5.475869 -0.088242 9.600838
v -5.356972 -0.088242 9.625136
v -8.180745 3.661355 6.118076
v -7.818094 4.160254 6.118076
v -8.180745 3.138208 6.568257
v -7.739268 4.160254 6.235899
v -6.937872 0.503731 8.790441
v -8.180745 0.573455 7.539928
v -8.180745 1.484004 7.377892
v -6.937872 1.348743 8.685356
v -6.937872 0.774501 8.769534
v -6.937872 4.160254 7.343580
v -6.937872 3.689247 7.702195
v -8.180745 2.538403 6.952380
v -6.937872 2.956561 8.136088
v -8.180745 2.348870 7.050233
v -6.937872 2.171491 8.465867
v -6.937872 1.989594 8.524899
v -3.753912 5.306026 22.811369
v -3.984991 5.278536 22.758570
v -4.257845 5.834012 21.957499
v -4.421139 5.772979 22.704609
v -4.361480 5.542019 22.698330
v -4.199274 5.604687 21.952019
v -4.204152 5.363664 22.717789
v -4.044318 5.426777 21.971699
v -3.827720 5.340170 22.012140
v -3.598041 5.364284 22.064259
v 1.979630 5.811696 20.212240
v 2.058671 5.796206 20.239759
v 2.393667 5.723520 20.394409
v 4.267955 5.093464 26.281910
v 2.701267 5.646584 20.600229
v 3.152815 5.515476 21.332249
v 3.460846 5.413251 21.615040
v 3.296425 5.469131 21.283329
v 3.246172 5.485608 21.201759
v 3.021617 5.555836 20.903959
v 2.754859 5.632164 20.643730
v 3.753912 5.306026 22.811369
v 3.598041 5.364284 22.064259
v 3.575647 5.372424 21.966410
v 5.504500 4.441503 28.568659
v 5.383459 4.514897 28.683720
v 5.459979 4.468759 28.635830
v 5.314891 4.555492 28.842819
v 4.894917 4.789229 29.359169
v 1.628095 5.873009 20.126909
v 1.266713 5.923312 20.098080
v 0.920247 5.959596 20.098080
v 0.000000 6.000000 20.098080
v -0.920247 5.959596 20.098080
v -1.266713 5.923312 20.098080
v -1.628095 5.873009 20.126909
v -1.979630 5.811696 20.212240
v -2.058671 5.796206 20.239759
v -2.393667 5.723520 20.394409
v -2.701267 5.646584 20.600229
v -3.021617 5.555836 20.903959
v -3.246172 5.485608 21.201759
v -2.754859 5.632164 20.643730
v -3.296425 5.469131 21.283329
v -3.460846 5.413251 21.615040
v -3.575647 5.372424 21.966410
v -4.267955 5.093464 26.281910
v -4.894917 4.789229 29.359169
v -5.314891 4.555492 28.842819
v -5.383459 4.514897 28.683720
v -5.459979 4.468759 28.635830
v -5.504500 4.441503 28.568659
v 4.421139 5.772979 22.704609
v 4.361480 5.542019 22.698330
v 3.984991 5.278536 22.758570
v 3.827720 5.340170 22.012140
v 4.204152 5.363664 22.717789
v 4.044318 5.426777 21.971699
v 4.199274 5.604687 21.952019
v 4.257845 5.834012 21.957499
v 5.764820 4.326274 28.008400
v 5.760289 4.340973 27.994440
v 5.589877 4.463058 28.186810
v 5.666759 4.338495 28.339329
v 5.813889 4.239004 28.110409
v 5.774084 4.302325 28.032770
v 5.443775 4.499101 28.467619
v 5.620469 4.393008 28.260679
v 5.405280 4.582051 28.373529
v 5.325086 4.570333 28.577950
v 5.288954 4.652186 28.479660
v 5.167984 4.734011 28.564289
v 5.167920 4.877598 28.347870
v 5.126662 4.897109 28.360020
v 5.098462 4.910253 28.345669
v 5.036774 5.148636 27.854769
v 5.079340 5.167117 27.863319
v 5.126507 5.165829 27.862730
v 5.167772 5.145057 27.853109
v 5.167623 5.350407 27.326319
v 5.126352 5.372122 27.333260
v 5.079224 5.373411 27.333670
v 5.036714 5.353987 27.327459
v 5.014306 5.329329 27.319590
v 4.502925 5.051588 26.265070
v 4.730629 5.123912 26.252089
v 4.898923 5.293875 26.245939
v 4.969270 5.522555 26.248030
v 4.846287 5.758402 24.952499
v 4.583445 6.071684 23.447210
v 5.013043 5.396394 27.094450
v 5.043406 5.427001 27.102489
v 5.084385 5.442181 27.106150
v 5.128102 5.439013 27.104740
v 5.166149 5.418107 27.098530
v 4.995734 5.528698 26.488470
v 5.025964 5.559997 26.492159
v 5.066718 5.575678 26.492830
v 5.110220 5.572749 26.490379
v 5.148177 5.551774 26.485249
v 7.988296 4.060254 6.118076
v 7.965324 4.060254 6.118076
v 7.894696 4.160254 6.118076
v 8.350758 3.091142 6.343240
v 8.540536 1.362086 6.931185
v 8.540536 0.537076 7.078310
v 8.478466 2.482197 6.555866
v 8.537519 1.837497 6.775895
v 8.540535 1.660256 6.837640
v 7.128403 4.160254 7.149258
v 7.029446 4.160254 7.270226
v -4.751871 0.300676 9.443826
v -4.751871 0.436552 9.673192
v -4.816591 0.552240 9.667741
v -4.751871 0.895291 9.640420
v -4.816591 1.516593 9.547814
v -4.751871 2.076326 9.415140
v -4.816591 2.076326 9.415140
v -4.816591 2.455538 9.297327
v -4.751871 3.202414 8.993807
v -4.816591 3.351483 8.920972
v -4.816591 4.060254 8.511529
v -4.751871 4.060254 8.511529
v -4.751871 5.899752 6.126949
v -7.894696 4.160254 6.118076
v -7.128403 4.160254 7.149258
v -6.809328 4.160254 7.500751
v -6.531920 0.522495 9.129794
v -6.836282 4.060254 7.549577
v -6.531920 2.281364 8.787487
v -6.531920 3.109322 8.439690
v -6.531920 3.882034 7.982096
v -6.531920 1.413670 9.018964
v -5.964616 0.539633 9.439741
v -5.343967 0.549661 9.621095
v -5.343967 1.507668 9.501955
v -5.343967 2.440434 9.253117
v -5.343967 3.330484 8.879240
v -5.236988 4.060254 8.476075
v -5.964616 3.248846 8.716988
v -5.964616 4.058115 8.237744
v -5.674119 4.060254 8.361153
v -6.764874 4.060254 7.629373
v -6.432842 4.060254 7.936964
v -6.067822 4.060254 8.181486
v -5.964616 1.472970 9.323668
v -5.964616 2.381716 9.081237
v -4.583445 6.071684 23.447210
v -4.846287 5.758402 24.952499
v -4.969270 5.522555 26.248030
v -4.898923 5.293875 26.245939
v -4.730629 5.123912 26.252089
v -4.502925 5.051588 26.265070
v -4.991941 5.521920 26.487539
v -5.043406 5.427001 27.102489
v -5.036714 5.353987 27.327459
v -5.013043 5.396394 27.094450
v -5.014306 5.329329 27.319590
v -5.084385 5.442181 27.106150
v -5.079224 5.373411 27.333670
v -5.044670 5.359580 27.329248
v -5.166149 5.418107 27.098530
v -5.167623 5.350407 27.326319
v -5.128102 5.439013 27.104740
v -5.129518 5.371245 27.332979
v -5.085715 5.374513 27.334019
v -5.148177 5.551774 26.485249
v -5.108346 5.573289 26.490540
v -5.062860 5.575027 26.492899
v -5.021172 5.556630 26.491819
v -5.126507 5.165829 27.862730
v -5.167772 5.145057 27.853109
v -5.167920 4.877598 28.347870
v -5.036774 5.148636 27.854769
v -5.126662 4.897109 28.360020
v -5.167984 4.734011 28.564289
v -5.079340 5.167117 27.863319
v -5.098462 4.910253 28.345669
v -5.288954 4.652186 28.479660
v -5.325086 4.570333 28.577950
v -5.443775 4.499101 28.467619
v -5.405280 4.582051 28.373529
v -5.666759 4.338495 28.339329
v -5.620469 4.393008 28.260679
v -5.813520 4.239407 28.109980
v -5.774084 4.302325 28.032770
v -5.764820 4.326274 28.008400
v -5.589877 4.463058 28.186810
v -5.760289 4.340973 27.994440
v -5.916116 4.160254 27.922279
v -5.943470 4.164105 27.810629
v -5.946388 4.160254 27.808929
v -5.778436 4.326303 27.974070
v -5.894656 4.220409 27.850159
v -5.911560 4.164116 27.930569
v -5.878001 4.191195 27.992538
v -5.847614 4.266384 27.897970
v -5.826169 4.230121 28.088099
v -5.889699 4.160254 28.039450
v -5.832523 4.215263 28.126919
v -5.855132 4.160254 28.155279
v -4.936623 4.748984 29.414900
v -4.956518 4.686646 29.461630
v -4.951388 4.612292 29.491789
v -5.524203 4.367189 28.718910
v -5.749685 4.160254 28.376080
v -5.502192 4.426884 28.680449
v -5.357065 4.514000 28.890509
v -5.378537 4.453598 28.931309
v -5.522969 4.297925 28.745890
v -5.376207 4.383007 28.959339
v -4.884935 4.160254 29.388538
v -4.942455 4.196611 29.413309
v -4.961331 4.160254 29.369110
v -4.868174 4.233678 29.482140
v -4.866108 4.250311 29.499079
v -4.862219 4.286174 29.530600
v -4.855311 4.375949 29.585520
v -4.993801 4.254925 29.420219
v -4.853467 4.445475 29.599909
v -5.027012 4.323826 29.404909
v -4.864107 4.267703 29.515348
v -4.879299 4.160254 29.388519
v -4.870297 4.217743 29.464590
v -5.031290 4.160254 29.333710
v -5.083475 4.160254 29.298189
v -5.243670 4.160254 29.137829
v -4.876535 4.178646 29.411770
v -4.866533 4.247304 29.495600
v -4.865052 4.259867 29.507679
v -4.863612 4.272814 29.519360
v -4.862910 4.279441 29.525040
v -4.542396 4.392253 29.751200
v -4.152264 4.607017 30.088230
v -4.215758 4.653997 30.133320
v -4.318521 4.473818 29.847509
v -3.289247 4.943379 30.575920
v -3.880444 4.972028 30.462568
v -3.730390 4.798548 30.396790
v -3.777636 4.749293 30.267910
v -3.734452 4.768381 30.297659
v -3.612870 4.820035 30.378689
v -4.808330 4.160254 29.373329
v -4.827728 4.160254 29.382469
v -4.609642 4.442515 29.786139
v -4.492198 4.669648 29.961020
v -4.662049 4.516836 29.790819
v -4.638838 4.478043 29.792519
v -4.374500 4.735149 30.067320
v -4.267765 4.727201 30.148479
v -4.244310 4.688661 30.145100
v -3.838321 4.913533 30.477659
v -3.815567 4.875414 30.468948
v -3.788594 4.841814 30.451660
v -0.472719 4.938261 30.255150
v -0.970377 4.892650 30.213409
v 0.000000 4.892761 30.245100
v 0.000000 5.157960 30.389978
v 0.000000 5.197507 30.423109
v -0.497315 5.213336 30.437519
v 0.000000 5.360254 30.614479
v 0.000000 5.386605 30.658829
v -0.522278 5.406140 30.712749
v -4.756264 4.160254 29.345600
v -3.597848 4.727859 30.031349
v -4.016624 4.531044 29.796188
v -4.391366 4.327251 29.538069
v -4.605744 4.160254 29.300659
v -3.150850 4.906560 30.235640
v -3.273525 4.946891 30.529900
v -2.767203 5.108952 30.715979
v -1.086082 5.393558 30.755949
v -0.529041 5.441569 30.804859
v 0.000000 5.476834 30.893280
v 0.000000 4.941045 30.263269
v -0.928382 4.585113 30.146709
v -0.889772 4.236011 30.149858
v -0.462874 4.262429 30.183699
v -0.000001 4.287819 30.196150
v 0.000000 4.594561 30.196150
v 0.000000 4.646092 30.197340
v -2.606362 4.160254 29.771749
v -2.169393 4.160254 29.909069
v -1.847707 4.410480 29.991970
v -1.767024 4.160255 30.009100
v -1.260514 4.210036 30.102480
v -3.763357 4.319658 29.514669
v -4.035978 4.160254 29.332689
v -3.915362 4.160254 29.358959
v -3.388282 4.160254 29.508499
v -3.025472 4.160254 29.628660
v -2.812695 4.427487 29.772120
v -2.709273 4.160254 29.736700
v -2.380656 4.582309 29.922440
v -1.929537 4.712460 30.045938
v -1.455896 4.817185 30.143690
v -2.666093 5.068060 30.413679
v -2.160349 5.204318 30.559278
v -1.629723 5.314234 30.674149
v -1.020800 5.166414 30.392389
v -1.531383 5.088840 30.317001
v -2.029265 4.981277 30.211248
v -2.503163 4.847789 30.077530
v -2.956571 4.689318 29.914539
v -3.373677 4.513630 29.728220
v -3.644037 4.160254 29.430489
v -3.705286 4.160254 29.413118
v -1.072141 5.358298 30.664598
v -1.608659 5.279245 30.584059
v -2.132151 5.169695 30.471008
v -2.630849 5.033867 30.327808
v -3.108528 4.872837 30.152840
v -3.548608 4.694604 29.952269
v -3.960440 4.498231 29.721659
v -4.328477 4.294788 29.468939
v -4.238685 4.160254 29.299709
v -4.514537 4.160254 29.289770
v -0.873340 4.160254 30.151569
v 0.000000 4.160254 30.196150
v 0.550200 4.256436 30.178530
v 0.873340 4.160254 30.151569
v 1.767024 4.160255 30.009100
v 1.328946 4.204430 30.091949
v 0.889706 4.236254 30.149899
v 2.156117 4.160254 29.912760
v 2.607232 4.160254 29.771450
v 1.847707 4.410480 29.991970
v 4.787979 4.160254 29.361450
v 4.808330 4.160254 29.373329
v 4.333321 4.464817 29.834639
v 0.497315 5.213336 30.437519
v 0.928382 4.585113 30.146709
v 0.472719 4.938261 30.255150
v 0.970377 4.892650 30.213409
v 0.529041 5.441569 30.804859
v 1.086082 5.393558 30.755949
v 1.629723 5.314234 30.674149
v 2.160349 5.204318 30.559278
v 3.840975 4.720393 30.223619
v 3.336953 4.926525 30.548489
v 3.273525 4.946891 30.529900
v 2.767203 5.108952 30.715979
v 4.016624 4.531044 29.796188
v 4.096965 4.594695 30.031040
v 4.391366 4.327251 29.538069
v 4.614952 4.160254 29.302330
v 3.960440 4.498231 29.721659
v 4.280185 4.160254 29.295158
v 4.328477 4.294788 29.468939
v 4.346382 4.160254 29.289829
v 2.709099 4.160254 29.736759
v 2.994320 4.160254 29.639259
v 2.812695 4.427487 29.772120
v 3.122883 4.160254 29.595730
v 3.385815 4.160254 29.509289
v 2.380656 4.582309 29.922440
v 1.929537 4.712460 30.045938
v 1.455896 4.817185 30.143690
v 2.666093 5.068060 30.413679
v 3.150850 4.906560 30.235640
v 3.597848 4.727859 30.031349
v 1.020800 5.166414 30.392389
v 1.531383 5.088840 30.317001
v 2.029265 4.981277 30.211248
v 2.503163 4.847789 30.077530
v 2.956571 4.689318 29.914539
v 3.373677 4.513630 29.728220
v 3.763357 4.319658 29.514669
v 3.646888 4.160254 29.429668
v 3.847904 4.160254 29.375319
v 0.522278 5.406140 30.712749
v 1.072141 5.358298 30.664598
v 1.608659 5.279245 30.584059
v 2.132151 5.169695 30.471008
v 2.630849 5.033867 30.327808
v 3.108528 4.872837 30.152840
v 3.548608 4.694604 29.952269
v 4.492267 4.670331 29.960970
v 4.393274 4.725656 30.050709
v 4.267765 4.727201 30.148479
v 4.609642 4.442515 29.786139
v 4.862219 4.286174 29.530600
v 4.638838 4.478043 29.792519
v 4.855311 4.375949 29.585520
v 4.662049 4.516836 29.790819
v 4.853467 4.445475 29.599909
v 4.876535 4.178646 29.411770
v 4.868174 4.233678 29.482140
v 4.542396 4.392253 29.751200
v 4.866533 4.247304 29.495600
v 4.865052 4.259867 29.507679
v 4.863612 4.272814 29.519360
v 4.862910 4.279441 29.525040
v 4.879299 4.160254 29.388519
v 4.841014 4.160254 29.386080
v 4.152264 4.607017 30.088230
v 3.730390 4.798548 30.396790
v 3.966667 4.935084 30.399010
v 3.838321 4.913533 30.477659
v 3.815567 4.875414 30.468948
v 3.788594 4.841814 30.451660
v 4.244310 4.688661 30.145100
v 4.215758 4.653997 30.133320
v 4.864107 4.267703 29.515348
v 4.870297 4.217743 29.464590
v 4.866108 4.250311 29.499079
v 4.993801 4.254925 29.420219
v 4.942455 4.196611 29.413309
v 5.119185 4.160254 29.269508
v 4.973123 4.160254 29.364189
v 5.243670 4.160254 29.137829
v 5.027012 4.323826 29.404909
v 4.951388 4.612292 29.491789
v 5.376207 4.383007 28.959339
v 5.417393 4.160254 28.901230
v 5.522969 4.297925 28.745890
v 5.749685 4.160254 28.376080
v -5.417393 4.160254 28.901230
v 4.936623 4.748984 29.414900
v 4.956518 4.686646 29.461630
v 5.502192 4.426884 28.680449
v 5.832523 4.215263 28.126919
v 5.855132 4.160254 28.155279
v 5.378537 4.453598 28.931309
v 5.524203 4.367189 28.718910
v 5.357065 4.514000 28.890509
v 5.826169 4.230121 28.088099
v 5.878001 4.191195 27.992538
v 5.889699 4.160254 28.039450
v 5.911560 4.164116 27.930569
v 5.916116 4.160254 27.922279
v 5.778436 4.326303 27.974070
v 5.946388 4.160254 27.808929
v 5.943470 4.164105 27.810629
v 5.894656 4.220409 27.850159
v 5.847614 4.266384 27.897970
v 7.487408 2.479025 21.259729
v 6.827790 2.479025 26.730968
v 7.266562 3.403098 21.235649
v 6.607549 3.403098 26.701870
v 8.345944 3.109136 9.518077
v 7.938435 4.160254 9.518077
v 7.557458 4.160254 14.863480
v 8.530434 1.991980 9.518077
v 8.479029 2.479023 9.518077
v 8.095369 2.479025 14.907820
v 7.873964 3.403098 14.889569
v 6.950853 4.160254 21.201229
v 6.292704 4.160254 26.660269
v 6.274278 4.160254 26.788689
v 6.197446 4.160254 27.191790
v 6.303894 3.958141 27.166328
v 5.207242 4.160254 29.316559
v 5.525559 4.002905 29.009100
v 5.464178 4.160254 28.953360
v 4.817178 4.160254 29.762989
v 4.692435 4.032050 29.980200
v 5.095435 3.792023 29.740000
v 4.376169 4.160254 30.160419
v 6.669672 0.202739 27.786730
v 6.494049 0.152161 28.323900
v 5.722518 -0.068644 29.684839
v 4.979751 0.322695 30.592649
v 4.566229 0.246277 30.910259
v 4.124121 0.177436 31.187038
v 3.659780 0.117020 31.419699
v 3.180003 0.065632 31.606199
v 2.201644 -0.008974 31.839128
v 2.190609 0.500930 31.920170
v 1.369785 0.201150 31.941349
v 2.185745 1.016253 31.955870
v 1.368984 0.891499 32.012501
v 2.187126 1.532747 31.945740
v 1.369377 1.592178 32.002968
v 2.194738 2.046181 31.889849
v 1.370477 2.277692 31.913519
v 2.208483 2.552340 31.788898
v 2.228251 3.047021 31.643620
v 1.372021 2.925819 31.752920
v 1.373278 3.285306 31.629580
v 2.253855 3.526238 31.455309
v 1.374450 3.552845 31.520800
v 2.285028 3.986209 31.225769
v 1.378015 4.160255 31.214720
v 1.958620 4.160254 31.179258
v 2.772783 3.907472 31.149439
v 2.526652 4.160254 31.074429
v 3.258092 3.805920 31.031729
v 2.967043 4.160254 30.942539
v 3.734216 3.681736 30.872059
v 3.505752 4.160254 30.714880
v 5.463336 3.531532 29.470030
v 5.846668 3.670788 28.767069
v 5.910223 4.007658 28.294300
v 5.766892 4.160254 28.416969
v 6.179452 3.614169 28.098679
v 6.239833 3.827617 27.647419
v 6.007483 4.160254 27.845980
v 6.142400 4.160254 27.413809
v 3.204920 2.926637 31.423090
v 3.186407 2.463516 31.559158
v 3.653615 1.950714 31.464979
v 3.683532 2.843717 31.245140
v 4.118312 1.904937 31.229710
v 4.146501 2.746230 31.022549
v 4.560826 1.852775 30.949959
v 4.587045 2.635148 30.757238
v 4.974799 1.794872 30.629040
v 4.998831 2.511839 30.452370
v 4.010489 4.160254 30.425388
v 4.194260 3.535738 30.670979
v 4.631469 3.369379 30.430189
v 5.039550 3.184709 30.152538
v 3.228898 3.375286 31.246710
v 6.619654 1.124845 28.156639
v 6.621873 1.378111 28.140280
v 6.457852 1.450803 28.590929
v 6.630146 1.624316 28.079248
v 6.468874 1.779121 28.509720
v 6.644175 1.855533 27.975599
v 6.487561 2.087372 28.371830
v 6.663453 2.064417 27.832859
v 6.513228 2.365751 28.182001
v 6.687300 2.244520 27.655760
v 6.544961 2.605679 27.946579
v 6.714905 2.390372 27.450029
v 6.581672 2.799901 27.673210
v 6.745349 2.497652 27.222229
v 6.622136 2.942708 27.370619
v 6.777678 2.563285 26.979250
v 6.665086 3.030056 27.047939
v 5.997830 0.586031 29.443529
v 6.017600 0.101320 29.298029
v 6.268157 0.276045 28.893299
v 5.699584 0.493851 29.853579
v 5.690508 1.078182 29.920279
v 5.348802 1.067316 30.314119
v 5.354613 1.732032 30.271429
v 5.376270 2.378017 30.112188
v 5.412967 2.984293 29.841919
v 6.694649 0.031710 27.601068
v 6.649046 0.404223 27.939569
v 6.473339 0.453034 28.476799
v 6.251643 0.680793 29.014910
v 5.990009 1.089535 29.501040
v 5.695641 1.665184 29.882559
v 5.714772 2.235661 29.741859
v 5.747189 2.771097 29.503050
v 5.791690 3.254429 29.174410
v 6.633497 0.629926 28.054510
v 6.623577 0.872720 28.127708
v 6.460123 0.776783 28.574200
v 6.454895 1.113029 28.612700
v 6.245109 1.101206 29.062969
v 6.248805 1.523536 29.035789
v 5.994433 1.595339 29.468519
v 6.262579 1.934010 28.934389
v 6.010922 2.086919 29.347198
v 6.285925 2.319339 28.762259
v 6.038868 2.548339 29.141260
v 6.317983 2.667252 28.525320
v 6.077233 2.964896 28.857830
v 6.357604 2.967037 28.231560
v 6.124640 3.323774 28.506489
v 6.403425 3.209655 27.890530
v 6.453913 3.388010 27.513119
v 6.507487 3.497085 27.110720
v 2.691711 0.023609 31.745840
v 2.680981 0.519304 31.824629
v 2.676252 1.020266 31.859339
v 2.677595 1.522367 31.849489
v 2.684996 2.021493 31.795149
v 2.698359 2.513548 31.697002
v 2.717580 2.994446 31.555738
v 2.742474 3.460313 31.372629
v 3.645588 1.031770 31.523920
v 3.165113 1.025441 31.715528
v 3.169669 0.543001 31.682098
v 3.166406 1.508978 31.706039
v 3.646820 1.492607 31.514870
v 3.173535 1.989651 31.653700
v 5.359076 0.405629 30.238628
v 4.968351 1.057102 30.676399
v 4.553791 1.047690 31.001619
v 4.110748 1.039211 31.285250
v -1.419464 0.411293 31.971640
v -1.419110 1.019908 32.016930
v -1.419518 1.658381 31.997860
v -1.420535 2.302662 31.908810
v -1.422121 2.928183 31.752190
v -1.424422 3.532037 31.529890
v -1.428015 4.160255 31.214720
v -6.795349 2.497652 27.222229
v -5.513337 3.531532 29.470030
v -5.575559 4.002905 29.009100
v -5.896667 3.670788 28.767069
v -6.544048 0.152161 28.323900
v -6.699047 0.404223 27.939569
v -6.719673 0.202739 27.786730
v -6.657549 3.403098 26.701870
v -6.353893 3.958141 27.166328
v -6.342704 4.160254 26.660269
v -6.227078 4.160254 27.278410
v -6.744649 0.031710 27.601068
v -2.244738 2.046181 31.889849
v -2.258483 2.552340 31.788898
v -2.278252 3.047021 31.643620
v -2.303854 3.526238 31.455309
v -2.335028 3.986209 31.225769
v -1.658354 4.160254 31.209160
v -2.139228 4.160254 31.161419
v -2.240609 0.500930 31.920170
v -2.251644 -0.008974 31.839128
v -2.741711 0.023609 31.745840
v -3.230003 0.065632 31.606199
v -3.709780 0.117020 31.419699
v -4.174121 0.177436 31.187038
v -4.616230 0.246277 30.910259
v -5.029751 0.322695 30.592649
v -5.749583 0.493851 29.853579
v -5.772518 -0.068644 29.684839
v -6.067600 0.101320 29.298029
v -4.481766 4.160254 30.115410
v -4.703868 4.160254 29.921509
v -4.742434 4.032050 29.980200
v -4.765020 4.160254 29.863840
v -5.165934 4.160254 29.430939
v -4.681469 3.369379 30.430189
v -4.244260 3.535738 30.670979
v -4.250673 4.160254 30.294029
v -3.784216 3.681736 30.872059
v -3.761320 4.160254 30.606649
v -3.695588 1.031770 31.523920
v -3.219669 0.543001 31.682098
v -3.215113 1.025441 31.715528
v -2.730981 0.519304 31.824629
v -2.726252 1.020266 31.859339
v -2.235745 1.016253 31.955870
v -2.727594 1.522367 31.849489
v -3.216407 1.508978 31.706039
v -3.696820 1.492607 31.514870
v -4.160748 1.039211 31.285250
v -3.223535 1.989651 31.653700
v -3.703615 1.950714 31.464979
v -4.168312 1.904937 31.229710
v -4.610826 1.852775 30.949959
v -4.603791 1.047690 31.001619
v -5.024799 1.794872 30.629040
v -5.018351 1.057102 30.676399
v -6.680146 1.624316 28.079248
v -6.671873 1.378111 28.140280
v -6.507852 1.450803 28.590929
v -6.669654 1.124845 28.156639
v -6.504895 1.113029 28.612700
v -6.673577 0.872720 28.127708
v -6.510123 0.776783 28.574200
v -6.683497 0.629926 28.054510
v -6.523339 0.453034 28.476799
v -5.960224 4.007658 28.294300
v -6.229452 3.614169 28.098679
v -6.557487 3.497085 27.110720
v -6.289833 3.827617 27.647419
v -6.048019 4.160254 27.872309
v -5.089550 3.184709 30.152538
v -5.145435 3.792023 29.740000
v -5.048831 2.511839 30.452370
v -5.462967 2.984293 29.841919
v -5.841690 3.254429 29.174410
v -6.174640 3.323774 28.506489
v -6.453424 3.209655 27.890530
v -6.503912 3.388010 27.513119
v -6.672136 2.942708 27.370619
v -6.715086 3.030056 27.047939
v -6.827679 2.563285 26.979250
v -6.877790 2.479025 26.730968
v -5.409075 0.405629 30.238628
v -5.398801 1.067316 30.314119
v -5.404613 1.732032 30.271429
v -5.426270 2.378017 30.112188
v -5.764772 2.235661 29.741859
v -5.797190 2.771097 29.503050
v -6.088868 2.548339 29.141260
v -6.127233 2.964896 28.857830
v -6.367983 2.667252 28.525320
v -6.407604 2.967037 28.231560
v -6.594961 2.605679 27.946579
v -6.631672 2.799901 27.673210
v -6.764905 2.390372 27.450029
v -6.737301 2.244520 27.655760
v -6.563228 2.365751 28.182001
v -6.335925 2.319339 28.762259
v -6.060923 2.086919 29.347198
v -5.745641 1.665184 29.882559
v -5.740509 1.078182 29.920279
v -6.713453 2.064417 27.832859
v -6.694175 1.855533 27.975599
v -6.537561 2.087372 28.371830
v -6.518875 1.779121 28.509720
v -6.312579 1.934010 28.934389
v -6.298805 1.523536 29.035789
v -6.044433 1.595339 29.468519
v -6.295110 1.101206 29.062969
v -6.040009 1.089535 29.501040
v -6.301643 0.680793 29.014910
v -6.047831 0.586031 29.443529
v -6.318157 0.276045 28.893299
v -2.703758 4.160254 31.041069
v -2.822783 3.907472 31.149439
v -2.792474 3.460313 31.372629
v -2.767580 2.994446 31.555738
v -2.748360 2.513548 31.697002
v -3.254218 4.160254 30.851799
v -3.308092 3.805920 31.031729
v -3.278898 3.375286 31.246710
v -3.254920 2.926637 31.423090
v -3.733532 2.843717 31.245140
v -4.196501 2.746230 31.022549
v -4.637045 2.635148 30.757238
v -5.394089 4.160254 29.131460
v -5.514393 4.160254 28.953030
v -5.809773 4.160254 28.431438
v -3.236407 2.463516 31.559158
v -2.734996 2.021493 31.795149
v -2.237126 1.532747 31.945740
v -7.316562 3.403098 21.235649
v -7.000853 4.160254 21.201229
v -7.607458 4.160254 14.863480
v -7.537408 2.479025 21.259729
v -8.145369 2.479025 14.907820
v -8.529255 2.479046 9.518077
v -8.474930 2.781136 9.518077
v -7.923964 3.403098 14.889569
v -8.306472 3.403093 9.518077
v -8.130843 3.859392 9.518077
v -7.988434 4.160254 9.518077
v -8.590537 0.531054 7.030819
v -8.590537 1.348167 6.885411
v -8.590538 1.660254 6.786891
v -8.254039 3.552575 6.118065
v -8.437327 2.947818 6.345674
v -8.474883 2.781230 6.403094
v -8.551700 2.312997 6.561108
v -7.965324 4.060254 6.118076
v -8.038207 4.060254 6.118075
v -1.296873 6.171486 19.665060
v -1.303949 6.229716 19.636139
v -1.745999 6.175205 19.666910
v -1.274795 5.989810 19.848080
v -1.284380 6.068689 19.744520
v -1.704328 6.013510 19.773260
v -3.802445 5.349552 21.905020
v -4.170489 5.614096 21.833929
v -4.229693 5.842539 21.840080
v -4.023488 5.661116 21.411419
v -4.085371 5.885311 21.418430
v -3.814402 5.725039 21.015379
v -3.878670 5.943852 21.020369
v -3.750799 5.743797 20.918489
v -3.815495 5.961113 20.922499
v -3.468066 5.823338 20.566639
v -3.533198 6.034685 20.565140
v -3.673307 5.396424 21.521660
v -3.489462 5.460107 21.162119
v -3.433501 5.478787 21.074139
v -3.184540 5.557952 20.754419
v -2.890708 5.643219 20.477190
v -2.831882 5.659241 20.431070
v -2.495301 5.744285 20.213779
v -2.130342 5.823929 20.051800
v -2.044414 5.840806 20.023149
v -1.662859 5.907224 19.935040
v -1.271305 5.961094 19.906740
v -2.114009 5.945304 19.864910
v -2.206360 5.927950 19.894840
v -2.599078 5.845935 20.064499
v -2.962134 5.758161 20.292929
v -3.025693 5.741600 20.341509
v -3.343739 5.653340 20.634129
v -3.614093 5.571186 20.972759
v -3.674993 5.551768 21.066149
v -3.875447 5.485475 21.448509
v -4.016642 5.436576 21.857309
v -2.177058 6.108137 19.763369
v -2.274188 6.091112 19.794769
v -2.686988 6.010831 19.972479
v -3.068142 5.925207 20.211130
v -3.134809 5.909085 20.261810
v -3.208287 6.112278 20.261219
v -3.197844 6.114648 20.252859
v -3.130471 6.129754 20.200659
v -2.743775 6.210354 19.953680
v -2.322638 6.286502 19.768099
v -2.223271 6.302729 19.735079
v -1.781341 6.366961 19.632679
v -1.327033 6.419661 19.598080
v -4.257845 6.348100 21.957499
v -4.420988 6.218749 22.703920
v 0.000000 6.500000 19.598080
v 0.000000 6.250000 19.665060
v 0.000000 6.066987 19.848080
v 1.274795 5.989810 19.848080
v 1.284380 6.068689 19.744520
v 1.296873 6.171486 19.665060
v 1.303949 6.229716 19.636139
v 1.327033 6.419661 19.598080
v 1.271305 5.961094 19.906740
v 1.662859 5.907224 19.935040
v 1.704328 6.013510 19.773260
v 4.229693 5.842539 21.840080
v 4.170489 5.614096 21.833929
v 4.085371 5.885311 21.418430
v 4.023488 5.661116 21.411419
v 3.878178 5.943988 21.019579
v 3.814402 5.725039 21.015379
v 3.750799 5.743797 20.918489
v 3.815495 5.961113 20.922499
v 3.533198 6.034685 20.565140
v 3.468066 5.823338 20.566639
v 3.208287 6.112278 20.261219
v 3.134809 5.909085 20.261810
v 3.197844 6.114648 20.252859
v 3.130471 6.129754 20.200659
v 3.068142 5.925207 20.211130
v 2.743775 6.210354 19.953680
v 2.686988 6.010831 19.972479
v 2.322638 6.286502 19.768099
v 2.274188 6.091112 19.794769
v 2.223271 6.302729 19.735079
v 2.177058 6.108137 19.763369
v 1.781341 6.366961 19.632679
v 1.745999 6.175205 19.666910
v 2.114009 5.945304 19.864910
v 2.206360 5.927950 19.894840
v 2.599078 5.845935 20.064499
v 2.962134 5.758161 20.292929
v 3.025693 5.741600 20.341509
v 3.343739 5.653340 20.634129
v 3.614093 5.571186 20.972759
v 3.674993 5.551768 21.066149
v 3.875447 5.485475 21.448509
v 4.016642 5.436576 21.857309
v 2.044414 5.840806 20.023149
v 2.130342 5.823929 20.051800
v 2.495301 5.744285 20.213779
v 2.831882 5.659241 20.431070
v 2.890708 5.643219 20.477190
v 3.184540 5.557952 20.754419
v 3.433501 5.478787 21.074139
v 3.489462 5.460107 21.162119
v 3.673307 5.396424 21.521660
v 3.802445 5.349552 21.905020
v 4.420988 6.218749 22.703920
v 4.257845 6.348100 21.957499
v 5.555075 4.619215 28.009140
v 5.618107 4.775323 27.536619
v 5.497139 5.197920 26.531349
v 5.683008 4.869236 27.048239
v 5.747063 4.899760 26.564360
v 5.905928 4.685451 26.585350
v 6.189651 4.160254 26.906118
v 6.233298 4.160254 26.628599
v 6.042635 4.160254 27.517960
v 4.856874 5.800333 24.959450
v 4.884453 5.834219 24.962570
v 4.923732 5.853559 24.961260
v 4.967175 5.854642 24.955769
v 5.006447 5.837261 24.947149
v 4.593673 6.111577 23.453390
v 4.619070 6.144552 23.454800
v 4.655232 6.164889 23.451180
v 4.695887 6.169061 23.443180
v 4.733984 6.156345 23.432169
v 4.529117 6.316924 22.698469
v 4.489531 6.311464 22.706110
v 4.430587 6.257947 22.709080
v 4.454769 6.290657 22.709850
v 4.399300 6.437879 21.941109
v 4.566976 6.306133 22.688189
v 4.323294 6.440178 21.958090
v 4.352016 6.446630 21.952860
v 4.361790 6.446829 21.950760
v 4.305596 6.431237 21.960520
v 4.266862 6.386579 21.961750
v 4.271414 6.395473 21.962200
v 4.289891 6.418979 21.961969
v 8.069151 4.160254 5.866152
v 8.121812 4.060254 5.895327
v 7.128403 4.829033 6.528289
v 7.128403 4.291558 7.040389
v 7.977837 4.322231 5.823490
v 7.128403 4.936932 6.410456
v 7.725702 4.710577 5.753076
v 7.128403 5.406076 5.821259
v 7.406833 5.112723 5.752132
v 7.667192 4.790782 5.745914
v 7.988296 4.060254 8.531866
v 7.938435 4.160254 8.457828
v 6.720095 4.060254 7.654565
v 5.007121 4.060254 8.303975
v 5.044208 4.060254 8.303703
v 5.465343 4.060254 8.262065
v 5.884425 4.060254 8.147418
v 6.156127 4.060254 8.030099
v 6.279934 4.060254 7.964125
v 6.644125 4.060254 7.717393
v 6.673798 4.533360 7.324492
v 7.023329 5.506052 5.853134
v 6.673798 5.215098 6.659066
v 6.721626 5.767977 5.896427
v 6.673798 5.800088 5.907174
v 6.155146 6.029970 6.062107
v 6.592266 5.869802 5.897552
v 6.238537 6.119658 5.858643
v 5.867277 6.341554 5.761216
v 5.592378 6.171529 6.157515
v 5.778020 6.389290 5.729837
v 5.007121 6.282838 6.093921
v 5.007121 6.720500 5.327472
v 5.388804 6.574004 5.557203
v 6.155146 4.713036 7.535600
v 5.592378 4.823679 7.665599
v 5.007121 6.219328 6.189730
v 5.007121 5.592053 6.995970
v 5.007121 4.861040 7.709494
v 5.007121 5.288287 7.316349
v 5.592378 5.549075 6.957559
v 6.155146 5.421793 6.843800
v 3.470556 6.838388 20.338490
v 3.784348 6.739926 20.672840
v 4.174486 6.774768 15.494070
v 4.075222 6.620805 21.100239
v 4.269321 6.520918 21.511730
v 4.451726 6.433351 21.557800
v 5.249684 5.948446 21.646990
v 7.589188 4.608353 9.695969
v 6.544638 4.608353 21.791729
v 6.819350 4.160254 21.822439
v 7.418426 4.160254 15.774199
v 5.954151 5.334158 21.725729
v 4.310128 6.496845 21.624390
v 5.044893 6.433351 15.569230
v 3.819936 6.726931 20.717630
v 3.258939 6.962769 15.415009
v 2.629584 6.983281 19.782249
v 3.019167 6.935785 19.992430
v 3.112391 6.919569 20.053759
v 3.697886 6.962769 9.458409
v 3.680760 6.986829 4.724651
v 4.926863 6.747146 5.273137
v 4.615134 6.774768 9.514408
v 4.477431 6.870142 5.006588
v 4.042580 6.949200 4.819180
v 5.487156 6.433351 9.567644
v 6.288591 5.948446 9.616569
v 6.996127 5.334158 9.659765
v 5.844841 5.948446 15.638320
v 6.551067 5.334158 15.699300
v 7.143028 4.608353 15.750420
v 7.865097 4.160254 9.712814
v -4.751871 4.060254 8.303975
v -5.007121 4.060254 8.303975
v -5.044208 4.060254 8.303703
v -5.465343 4.060254 8.262065
v -5.884425 4.060254 8.147418
v -6.720095 4.060254 7.654565
v -6.644125 4.060254 7.717393
v -6.279934 4.060254 7.964125
v -6.156127 4.060254 8.030099
v -4.751871 6.066366 6.408202
v -4.751871 5.288287 7.316349
v -3.133275 6.496527 5.745761
v -2.994066 6.498435 5.742452
v -2.994066 6.498435 7.137559
v -2.515682 6.345283 6.879032
v -2.745102 6.452385 7.059824
v -2.650032 6.416529 6.330822
v -2.815052 6.472008 5.787946
v -3.266476 6.476288 5.780627
v -3.251122 6.479566 7.105708
v -3.494817 6.395622 5.915476
v -3.494817 6.395622 6.964005
v -3.672225 6.282838 6.093921
v -3.705495 6.255199 6.726964
v -3.874154 6.066366 6.408202
v 2.815052 6.472008 5.787946
v 2.650141 6.416576 6.330413
v 2.515682 6.345283 6.879032
v 3.494817 6.395622 6.964005
v 3.715751 6.246174 6.149620
v 3.705495 6.255199 6.726964
v 3.874154 6.066366 6.408202
v 2.994066 6.498435 5.742452
v 3.133275 6.496527 5.745761
v 2.994066 6.498435 7.137559
v 3.266476 6.476288 5.780627
v 3.251122 6.479566 7.105708
v 3.494817 6.395622 5.915476
v 3.668856 6.285504 6.089828
v 2.745102 6.452385 7.059824
v -8.038269 4.060254 7.609943
v -8.121812 4.060254 5.895327
v -7.725702 4.710577 5.753076
v -7.667192 4.790782 5.745914
v -7.128403 4.936932 6.410456
v -7.406833 5.112723 5.752132
v -7.128403 5.406076 5.821259
v -7.128403 4.291558 7.040389
v -8.069151 4.160254 5.866152
v -7.977837 4.322231 5.823490
v -5.007121 5.288287 7.316349
v -5.007121 4.861040 7.709494
v -5.592378 4.823679 7.665599
v -5.388804 6.574004 5.557203
v -5.007121 6.720500 5.327472
v -5.007121 6.282838 6.093921
v -5.778020 6.389290 5.729837
v -5.592378 6.171529 6.157515
v -5.867277 6.341554 5.761216
v -6.238537 6.119658 5.858643
v -6.155146 6.029970 6.062107
v -6.592266 5.869802 5.897552
v -6.673798 5.800088 5.907174
v -6.721626 5.767977 5.896427
v -6.673798 5.215098 6.659066
v -7.023329 5.506052 5.853134
v -6.673798 4.533360 7.324492
v -6.155146 4.713036 7.535600
v -5.007121 6.219328 6.189730
v -5.007121 5.592053 6.995970
v -5.592378 5.549075 6.957559
v -6.155146 5.421793 6.843800
v -3.680760 6.986829 4.724651
v -4.042580 6.949200 4.819180
v -4.477431 6.870142 5.006588
v -4.926863 6.747146 5.273137
v -1.327033 6.900000 19.598080
v -4.173714 6.405993 21.651289
v -3.208652 6.784899 20.261520
v -3.378256 6.741327 20.408899
v -3.675844 6.644655 20.731770
v -3.709581 6.631896 20.775040
v -3.878172 6.561824 21.019569
v -3.951471 6.527700 21.144690
v -4.135149 6.429629 21.542389
v -3.038401 6.821031 20.134090
v -1.761216 6.900000 19.629660
v -2.186256 6.900000 19.723749
v -2.324527 6.898000 19.768770
v -2.580067 6.883585 19.872290
v -2.949918 6.836953 20.074940
v -4.323294 6.440178 21.958090
v -4.305596 6.431237 21.960520
v -4.220706 6.487536 21.652239
v -4.271414 6.395473 21.962200
v -4.187691 6.452201 21.656040
v -4.264993 6.503684 21.640789
v -4.352016 6.446630 21.952860
v -4.399300 6.437879 21.941109
v -4.149245 6.475387 21.547001
v -3.965716 6.571727 21.148190
v -3.723289 6.674280 20.776609
v -3.689426 6.686849 20.733059
v -3.390347 6.782136 20.407810
v -3.048146 6.860731 20.130610
v -2.958970 6.876426 20.070910
v -2.585953 6.922323 19.866350
v -2.188437 6.938269 19.716459
v -4.181736 6.510558 21.542410
v -3.995733 6.606273 21.140499
v -3.750051 6.708244 20.765789
v -3.715734 6.720746 20.721870
v -3.412642 6.815547 20.393690
v -3.065853 6.893749 20.113899
v -2.975483 6.909361 20.053619
v -2.597474 6.954978 19.847080
v -2.194646 6.970711 19.695690
v -4.225107 6.527003 21.529669
v -4.035058 6.623898 21.123280
v -3.784552 6.727039 20.744740
v -3.749594 6.739679 20.700380
v -3.441097 6.835504 20.369099
v -3.088541 6.914527 20.086750
v -2.996721 6.930304 20.025930
v -2.612821 6.976419 19.817490
v -2.203937 6.992388 19.664610
v -4.310128 6.496845 21.624390
v -4.269321 6.520918 21.511730
v -4.075222 6.620805 21.100239
v -3.819936 6.726931 20.717630
v -3.784348 6.739926 20.672840
v -3.470556 6.838388 20.338490
v -3.112391 6.919569 20.053759
v -3.019167 6.935785 19.992430
v -2.629584 6.983281 19.782249
v -1.762111 6.934612 19.623550
v -1.765455 6.970711 19.600679
v -1.770680 6.993819 19.564959
v -1.327033 6.993819 19.532690
v -1.327033 6.934612 19.591900
v -1.327033 6.938269 19.590460
v -1.327033 6.970711 19.568790
v -1.327033 6.992388 19.536350
v 1.327033 6.900000 19.598080
v 4.187691 6.452201 21.656040
v 4.220706 6.487536 21.652239
v 4.264993 6.503684 21.640789
v 3.965716 6.571727 21.148190
v 4.135149 6.429629 21.542389
v 4.149245 6.475387 21.547001
v 4.173714 6.405993 21.651289
v 3.390347 6.782136 20.407810
v 3.675844 6.644655 20.731770
v 3.689426 6.686849 20.733059
v 3.709581 6.631896 20.775040
v 3.723289 6.674280 20.776609
v 3.878172 6.561824 21.019569
v 3.951471 6.527700 21.144690
v 4.225107 6.527003 21.529669
v 4.035058 6.623898 21.123280
v 3.784552 6.727039 20.744740
v 3.749594 6.739679 20.700380
v 3.441097 6.835504 20.369099
v 3.088541 6.914527 20.086750
v 2.996721 6.930304 20.025930
v 2.612821 6.976419 19.817490
v 4.181736 6.510558 21.542410
v 3.995733 6.606273 21.140499
v 3.750051 6.708244 20.765789
v 3.715734 6.720746 20.721870
v 3.412642 6.815547 20.393690
v 3.065853 6.893749 20.113899
v 2.975483 6.909361 20.053619
v 2.597474 6.954978 19.847080
v 3.048146 6.860731 20.130610
v 2.958970 6.876426 20.070910
v 2.585953 6.922323 19.866350
v 2.324527 6.898000 19.768770
v 2.580067 6.883585 19.872290
v 2.949918 6.836953 20.074940
v 3.038401 6.821031 20.134090
v 3.208652 6.784899 20.261520
v 3.378256 6.741327 20.408899
v 2.186256 6.900000 19.723749
v 2.188437 6.938269 19.716459
v 2.194646 6.970711 19.695690
v 2.203937 6.992388 19.664610
v 1.761216 6.900000 19.629660
v 1.327033 6.993819 19.532690
v 1.327033 6.992388 19.536350
v 1.327033 6.970711 19.568790
v 1.327033 6.934612 19.591900
v 1.327033 6.938269 19.590460
v 1.770680 6.993819 19.564959
v 1.765455 6.970711 19.600679
v 1.762111 6.934612 19.623550
v -4.566976 6.306133 22.688189
v -4.733984 6.156345 23.432169
v -4.529117 6.316924 22.698469
v -4.695887 6.169061 23.443180
v -4.489531 6.311464 22.706110
v -4.655232 6.164889 23.451180
v -4.454769 6.290657 22.709850
v -4.619070 6.144552 23.454800
v -4.430587 6.257947 22.709080
v -4.593673 6.111577 23.453390
v -4.856874 5.800333 24.959450
v -5.006447 5.837261 24.947149
v -4.967175 5.854642 24.955769
v -4.923732 5.853559 24.961260
v -4.884453 5.834219 24.962570
v -5.683008 4.869236 27.048239
v -5.475670 5.221631 26.528509
v -5.555075 4.619215 28.009140
v -5.618107 4.775323 27.536619
v -6.111206 4.160254 27.268888
v -5.747066 4.899764 26.564369
v -5.885955 4.713625 26.582710
v -6.233298 4.160254 26.628599
v -7.988434 4.160254 7.530110
v -7.865097 4.160254 9.712814
v -7.418426 4.160254 15.774199
v -6.819350 4.160254 21.822439
v -4.451726 6.433351 21.557800
v -6.996127 5.334158 9.659765
v -7.589188 4.608353 9.695969
v -5.487156 6.433351 9.567644
v -6.288591 5.948446 9.616569
v -4.615134 6.774768 9.514408
v -3.697886 6.962769 9.458409
v -3.258939 6.962769 15.415009
v -4.174486 6.774768 15.494070
v -5.044893 6.433351 15.569230
v -5.249684 5.948446 21.646990
v -5.954151 5.334158 21.725729
v -6.544638 4.608353 21.791729
v -7.143028 4.608353 15.750420
v -6.551067 5.334158 15.699300
v -5.844841 5.948446 15.638320
v -4.050000 5.500000 17.753620
v -4.050000 5.187492 17.753620
v -4.050000 5.500000 10.767670
v -4.050000 5.187492 8.798735
v -4.050000 5.500000 8.107208
v -4.050000 4.332663 8.798735
v 4.050000 5.500000 8.107208
v 4.050000 4.332663 8.798735
v 4.050000 5.187492 8.798735
v 4.050000 5.500000 10.767670
v 4.050000 5.187492 17.753620
v 4.050000 5.500000 17.753620
v 3.698990 5.500000 19.441570
v 3.201562 5.500000 19.478670
v 3.973879 5.500000 11.150350
v 3.757107 5.500000 11.474770
v 4.126976 5.500000 19.157280
v 4.357304 5.500000 18.698000
v 4.329169 5.500000 18.184969
v 3.201562 5.500000 11.756109
v 3.432683 5.500000 11.691549
v 2.348197 6.212371 7.685200
v 3.939440 5.957052 7.836451
v 3.632207 6.313040 7.625564
v 3.424727 6.427135 7.557974
v 3.196237 6.489249 7.521178
v 2.959548 6.495901 7.517238
v 2.727931 6.446716 7.546375
v -2.348197 6.212371 7.685200
v -3.424727 6.427135 7.557974
v -3.632207 6.313040 7.625564
v -2.727931 6.446716 7.546375
v -2.959548 6.495901 7.517238
v -3.196237 6.489249 7.521178
v -3.939440 5.957052 7.836451
v -2.092771 5.789330 9.673161
v -2.092771 5.789330 10.767670
v -2.126121 5.882683 10.767670
v -2.155398 5.946863 8.949193
v -2.330841 6.194845 10.767670
v -2.243734 6.091553 8.284241
v -2.727931 6.446716 10.767670
v -3.050000 6.500000 10.767670
v -3.196237 6.489249 10.767670
v -3.432683 6.423880 10.767670
v -3.632207 6.313040 10.767670
v -3.757107 6.207107 10.767670
v -3.973879 5.882683 10.767670
v -3.939440 5.957052 10.767670
v 2.243734 6.091553 8.284241
v 3.973879 5.882683 10.767670
v 3.939440 5.957052 10.767670
v 3.757107 6.207107 10.767670
v 3.632207 6.313040 10.767670
v 3.432683 6.423880 10.767670
v 3.196237 6.489249 10.767670
v 3.050000 6.500000 10.767670
v 2.727931 6.446716 10.767670
v 2.330841 6.194845 10.767670
v 2.092771 5.789330 10.767670
v 2.092771 5.789330 9.673161
v 2.126121 5.882683 10.767670
v 2.155398 5.946863 8.949193
v 3.453406 5.415845 19.491570
v 3.698990 5.326875 19.441570
v 3.930431 5.236617 19.328129
v 4.126976 5.154951 19.157280
v 4.271080 5.092074 18.944790
v 4.357304 5.053214 18.698000
v 4.376731 5.044330 18.439329
v 4.329169 5.065997 18.184969
v 4.216358 5.116253 17.948900
v -3.698990 5.500000 19.441570
v -4.126976 5.500000 19.157280
v -4.357304 5.500000 18.698000
v -3.973879 5.500000 11.150350
v -3.757107 5.500000 11.474770
v -3.432683 5.500000 11.691549
v -4.329169 5.500000 18.184969
v -3.201562 5.500000 19.478670
v -3.201562 5.500000 11.756109
v 3.903553 5.882683 11.121220
v 3.320598 6.423880 11.038260
v 3.403553 6.423880 10.914110
v 3.703281 6.207107 11.038260
v 3.196447 6.423880 11.121220
v 2.779402 6.423880 11.038260
v 2.696447 6.423880 10.914110
v 2.903553 6.423880 11.121220
v 2.115037 5.784776 10.979199
v 2.196446 5.882683 11.121220
v 2.181040 5.770982 11.181760
v 2.287066 5.747894 11.364730
v 2.396718 5.882683 11.420950
v 2.428882 5.715211 11.521250
v 2.598953 5.673271 11.643180
v 2.696447 5.882683 11.621220
v 2.672118 5.654299 11.680570
v 2.788852 5.622860 11.725110
v 3.050000 5.882683 11.691549
v 2.991030 5.564976 11.763810
v 3.403553 5.882683 11.621220
v 3.194513 5.502254 11.757170
v 3.050123 5.547226 11.766550
v 2.396718 6.207107 11.038260
v 2.550000 6.207107 11.267670
v 2.779402 6.207107 11.420950
v 3.050000 6.207107 11.474770
v 3.550000 6.207107 11.267670
v 3.703281 5.882683 11.420950
v 3.320598 6.207107 11.420950
v 3.050000 6.423880 11.150350
v 1.927662 5.821537 9.525149
v 1.293337 5.920042 9.072450
v 0.654178 5.979602 8.798735
v -0.654178 5.979602 8.798735
v -1.291425 5.920279 9.071361
v -3.703281 6.207107 11.038260
v -2.903553 6.423880 11.121220
v -2.779402 6.423880 11.038260
v -2.550000 6.207107 11.267670
v -3.403553 6.423880 10.914110
v -3.320598 6.423880 11.038260
v -3.196447 6.423880 11.121220
v -2.255919 5.754796 11.319489
v -2.436224 5.713462 11.527740
v -2.396718 5.882683 11.420950
v -3.187105 5.504617 11.758209
v -3.403553 5.882683 11.621220
v -3.050000 5.882683 11.691549
v -3.050625 5.547074 11.766560
v -2.790266 5.622471 11.725550
v -2.696447 5.882683 11.621220
v -2.672670 5.654153 11.680820
v -2.161860 5.775036 11.135850
v -3.550000 6.207107 11.267670
v -3.320598 6.207107 11.420950
v -3.050000 6.207107 11.474770
v -2.196446 5.882683 11.121220
v -2.396718 6.207107 11.038260
v -2.696447 6.423880 10.914110
v -3.903553 5.882683 11.121220
v -3.703281 5.882683 11.420950
v -2.779402 6.207107 11.420950
v -3.050000 6.423880 11.150350
v -2.114915 5.784801 10.978630
v -4.216795 5.116062 17.949570
v -4.376728 5.044331 18.439280
v -4.329169 5.065997 18.184969
v -4.271001 5.092109 18.944950
v -4.357304 5.053214 18.698000
v -3.930790 5.236472 19.327890
v -4.126976 5.154951 19.157280
v -3.453079 5.415959 19.491600
v -3.698990 5.326875 19.441570
v 3.194513 5.502254 8.798735
v -3.187105 5.504617 8.798735
v -1.923875 5.822243 8.798735
v 1.927662 5.821537 8.798735
v -2.643773 5.661716 11.262939
v -3.629146 5.352883 18.616150
v 3.629146 5.352883 18.616150
vn -0.2895 -0.1711 -0.9417
vn -0.5155 -0.4731 -0.7144
vn -0.5781 -0.0275 -0.8155
vn -0.4024 -0.0231 -0.9152
vn -0.1888 -0.0400 -0.9812
vn -0.1887 -0.1756 -0.9662
vn -0.1888 -0.1756 -0.9662
vn -0.1892 -0.2797 -0.9413
vn -0.1063 -0.0779 -0.9913
vn -0.1001 -0.0074 -0.9950
vn -0.0424 0.0959 -0.9945
vn -0.3244 -0.0385 -0.9451
vn -0.3116 -0.0415 -0.9493
vn -0.2899 -0.0475 -0.9559
vn -0.2506 -0.0338 -0.9675
vn -0.3231 -0.0330 -0.9458
vn -0.1761 0.0349 -0.9838
vn -0.1381 -0.0028 -0.9904
vn -0.6669 -0.0242 -0.7448
vn -0.6339 -0.0410 -0.7724
vn -0.6182 -0.0360 -0.7852
vn -0.6061 -0.0328 -0.7947
vn -0.6731 -0.4668 -0.5736
vn -0.7037 -0.4162 -0.5758
vn -0.6122 -0.4224 -0.6684
vn -0.1157 -0.5257 -0.8428
vn -0.2021 -0.5302 -0.8234
vn -0.0223 -0.5373 -0.8431
vn -0.1845 -0.4301 -0.8837
vn -0.0980 -0.4923 -0.8649
vn -0.0980 -0.5277 -0.8438
vn -0.0274 -0.5038 -0.8634
vn -0.2895 -0.4408 -0.8496
vn -0.2903 -0.4964 -0.8181
vn -0.2922 -0.4997 -0.8154
vn -0.5141 -0.0289 -0.8572
vn -0.4709 -0.0452 -0.8811
vn -0.4704 -0.1578 -0.8683
vn -0.2895 -0.3094 -0.9058
vn -0.5973 -0.2593 -0.7590
vn -0.1239 -0.3568 -0.9259
vn -0.1190 -0.3537 -0.9277
vn -0.4704 -0.2853 -0.8351
vn -0.4704 -0.4064 -0.7833
vn -0.4706 -0.5118 -0.7187
vn -0.4338 -0.4458 -0.7830
vn -0.6337 -0.4441 -0.6333
vn -0.6342 -0.3880 -0.6688
vn -0.6164 -0.3627 -0.6990
vn -0.6340 -0.3371 -0.6961
vn -0.6333 -0.2502 -0.7323
vn -0.6110 -0.2723 -0.7433
vn -0.6343 -0.2110 -0.7437
vn -0.1237 -0.4570 -0.8808
vn -0.6333 -0.1384 -0.7614
vn -0.0000 0.8604 -0.5097
vn -0.0000 -0.5040 -0.8637
vn 0.1090 -0.5130 -0.8514
vn -0.0000 -0.5375 -0.8433
vn 1.0000 -0.0000 -0.0000
vn -0.0000 1.0000 -0.0000
vn 0.8338 -0.5473 0.0729
vn 0.5620 -0.7735 0.2930
vn 0.6125 -0.7351 0.2906
vn 0.6863 -0.7258 0.0458
vn 0.0750 -0.9940 0.0801
vn 0.0445 -0.9663 0.2534
vn 0.9373 -0.2892 0.1947
vn 0.9735 -0.1724 0.1502
vn 0.9744 -0.1516 0.1658
vn 0.9551 -0.2361 0.1790
vn 0.9473 -0.2637 0.1818
vn 0.9402 -0.2786 0.1959
vn 0.9249 -0.3171 0.2096
vn 0.9866 -0.1054 0.1244
vn 0.9874 -0.1032 0.1201
vn 0.9936 -0.0274 0.1094
vn 0.9921 -0.0564 0.1123
vn 0.9948 -0.0104 0.1013
vn 0.9962 -0.0109 0.0860
vn 0.9954 -0.0251 0.0928
vn 0.9974 -0.0111 0.0705
vn 0.9971 -0.0109 0.0750
vn 0.9979 -0.0109 0.0643
vn 0.9967 -0.0464 0.0665
vn 0.9921 -0.1059 0.0671
vn 0.9921 -0.1055 0.0672
vn 0.9783 -0.1960 0.0677
vn 0.9598 -0.2719 0.0699
vn 0.9579 -0.2790 0.0678
vn 0.8983 -0.4331 0.0742
vn 0.9242 -0.3760 0.0671
vn 0.9001 -0.4296 0.0718
vn 0.8884 -0.4555 0.0573
vn 0.8370 -0.5445 0.0543
vn 0.8349 -0.5476 0.0554
vn 0.8120 -0.5813 0.0529
vn 0.2265 -0.9738 0.0187
vn 0.2272 -0.9737 0.0193
vn 0.6959 -0.6613 0.2800
vn 0.4072 -0.8627 0.2999
vn 0.0792 -0.9535 0.2909
vn 0.0801 -0.9535 0.2907
vn 0.1708 -0.9415 0.2904
vn 0.1937 -0.9376 0.2887
vn 0.2278 -0.9274 0.2967
vn 0.2956 -0.9070 0.2999
vn 0.4613 -0.8350 0.3002
vn 0.4019 -0.8649 0.3009
vn 0.4062 -0.8742 0.2662
vn 0.3225 -0.9089 0.2644
vn 0.3254 -0.9150 0.2386
vn 0.2019 -0.9515 0.2322
vn 0.2031 -0.9510 0.2330
vn 0.0530 -0.9740 0.2204
vn 0.0670 -0.9783 0.1962
vn 0.3467 -0.8882 0.3014
vn 0.3169 -0.9003 0.2985
vn 0.3210 -0.9093 0.2648
vn 0.1974 -0.9456 0.2585
vn 0.1987 -0.9451 0.2594
vn 0.0617 -0.9668 0.2478
vn 0.0560 -0.9740 0.2197
vn 0.4039 -0.9147 0.0155
vn 0.4343 -0.9002 0.0311
vn 0.4327 -0.8998 0.0552
vn 0.5132 -0.8562 0.0595
vn 0.5113 -0.8551 0.0856
vn 0.5868 -0.8049 0.0886
vn 0.5848 -0.8032 0.1137
vn 0.6549 -0.7469 0.1149
vn 0.6529 -0.7446 0.1387
vn 0.7169 -0.6834 0.1379
vn 0.7149 -0.6806 0.1602
vn 0.7733 -0.6143 0.1569
vn 0.7713 -0.6112 0.1777
vn 0.8235 -0.5408 0.1716
vn 0.8215 -0.5374 0.1907
vn 0.8873 -0.4259 0.1768
vn 0.5837 -0.7572 0.2931
vn 0.5604 -0.7745 0.2933
vn 0.5643 -0.7828 0.2622
vn 0.4889 -0.8311 0.2649
vn 0.4918 -0.8369 0.2402
vn 0.4117 -0.8791 0.2400
vn 0.4145 -0.8844 0.2144
vn 0.3307 -0.9196 0.2119
vn 0.3334 -0.9243 0.1856
vn 0.2099 -0.9612 0.1789
vn 0.2109 -0.9609 0.1795
vn 0.0722 -0.9830 0.1687
vn 0.0534 -0.9873 0.1494
vn 0.5164 -0.8024 0.2993
vn 0.4836 -0.8232 0.2974
vn 0.4876 -0.8318 0.2653
vn 0.4076 -0.8737 0.2658
vn 0.4105 -0.8796 0.2404
vn 0.3267 -0.9146 0.2383
vn 0.3296 -0.9200 0.2122
vn 0.2061 -0.9567 0.2056
vn 0.2071 -0.9563 0.2063
vn 0.0690 -0.9783 0.1953
vn 0.0593 -0.9822 0.1781
vn 0.5721 -0.8196 0.0303
vn 0.5905 -0.8060 0.0402
vn 0.5890 -0.8056 0.0633
vn 0.6592 -0.7490 0.0666
vn 0.6574 -0.7480 0.0907
vn 0.7215 -0.6863 0.0922
vn 0.7197 -0.6847 0.1149
vn 0.7780 -0.6178 0.1143
vn 0.7762 -0.6158 0.1355
vn 0.8282 -0.5446 0.1324
vn 0.8264 -0.5422 0.1518
vn 0.8917 -0.4295 0.1429
vn 0.7430 -0.6117 0.2715
vn 0.6977 -0.6597 0.2793
vn 0.7014 -0.6676 0.2498
vn 0.6370 -0.7270 0.2565
vn 0.6396 -0.7323 0.2338
vn 0.5694 -0.7870 0.2375
vn 0.5721 -0.7920 0.2134
vn 0.4967 -0.8410 0.2145
vn 0.4993 -0.8455 0.1893
vn 0.4192 -0.8882 0.1879
vn 0.4217 -0.8921 0.1619
vn 0.3378 -0.9278 0.1586
vn 0.3402 -0.9311 0.1319
vn 0.2168 -0.9682 0.1249
vn 0.2174 -0.9680 0.1253
vn 0.0732 -0.9907 0.1148
vn 0.0654 -0.9919 0.1093
vn 0.6468 -0.7068 0.2865
vn 0.6321 -0.7199 0.2865
vn 0.6358 -0.7278 0.2570
vn 0.5656 -0.7821 0.2617
vn 0.5683 -0.7877 0.2379
vn 0.4930 -0.8364 0.2398
vn 0.4957 -0.8415 0.2148
vn 0.4156 -0.8840 0.2141
vn 0.4183 -0.8886 0.1882
vn 0.3344 -0.9240 0.1853
vn 0.3369 -0.9280 0.1588
vn 0.2135 -0.9650 0.1519
vn 0.2143 -0.9648 0.1524
vn 0.0707 -0.9874 0.1416
vn 0.0658 -0.9897 0.1270
vn 0.7254 -0.6866 0.0481
vn 0.7249 -0.6872 0.0478
vn 0.7235 -0.6869 0.0692
vn 0.7817 -0.6195 0.0714
vn 0.7802 -0.6186 0.0928
vn 0.8320 -0.5469 0.0928
vn 0.8305 -0.5455 0.1125
vn 0.8953 -0.4319 0.1087
vn 0.8570 -0.4563 0.2395
vn 0.8112 -0.5243 0.2587
vn 0.8149 -0.5321 0.2296
vn 0.7623 -0.6011 0.2401
vn 0.7646 -0.6058 0.2200
vn 0.7059 -0.6708 0.2273
vn 0.7083 -0.6753 0.2055
vn 0.6441 -0.7356 0.2099
vn 0.6465 -0.7397 0.1866
vn 0.5764 -0.7952 0.1884
vn 0.5788 -0.7989 0.1639
vn 0.5034 -0.8485 0.1633
vn 0.5057 -0.8516 0.1378
vn 0.4255 -0.8948 0.1352
vn 0.4278 -0.8973 0.1088
vn 0.3436 -0.9333 0.1047
vn 0.3457 -0.9351 0.0777
vn 0.2224 -0.9724 0.0703
vn 0.2227 -0.9723 0.0705
vn 0.0595 -0.9973 0.0435
vn 0.0776 -0.9951 0.0607
vn 0.0517 -0.9950 0.0860
vn 0.2202 -0.9705 0.0980
vn 0.2198 -0.9706 0.0977
vn 0.3431 -0.9334 0.1049
vn 0.3408 -0.9308 0.1318
vn 0.4249 -0.8950 0.1354
vn 0.4225 -0.8918 0.1617
vn 0.5027 -0.8489 0.1636
vn 0.5002 -0.8450 0.1890
vn 0.5755 -0.7957 0.1887
vn 0.5730 -0.7914 0.2131
vn 0.6432 -0.7363 0.2103
vn 0.6407 -0.7315 0.2333
vn 0.7050 -0.6717 0.2278
vn 0.7025 -0.6666 0.2493
vn 0.7613 -0.6021 0.2407
vn 0.7581 -0.5952 0.2665
vn 0.8076 -0.5288 0.2611
vn 0.7833 -0.6195 0.0513
vn 0.7832 -0.6197 0.0512
vn 0.7819 -0.6194 0.0713
vn 0.8337 -0.5474 0.0729
vn 0.8322 -0.5466 0.0927
vn 0.8971 -0.4324 0.0914
vn 0.9022 -0.4197 0.0994
vn 0.9580 -0.2709 0.0938
vn 0.9578 -0.2717 0.0936
vn 0.9908 -0.1051 0.0850
vn 0.9907 -0.1060 0.0848
vn 0.9949 -0.0581 0.0819
vn 0.9966 -0.0113 0.0816
vn 0.6533 -0.7558 0.0440
vn 0.6606 -0.7492 0.0473
vn 0.6593 -0.7489 0.0665
vn 0.7234 -0.6870 0.0692
vn 0.7217 -0.6860 0.0921
vn 0.7800 -0.6189 0.0929
vn 0.7783 -0.6174 0.1142
vn 0.8302 -0.5460 0.1127
vn 0.8286 -0.5441 0.1322
vn 0.8939 -0.4303 0.1258
vn 0.8988 -0.4176 0.1329
vn 0.9556 -0.2692 0.1202
vn 0.9552 -0.2707 0.1199
vn 0.9892 -0.1042 0.1030
vn 0.9891 -0.1058 0.1027
vn 0.9946 -0.0402 0.0953
vn 0.9952 -0.0111 0.0970
vn 0.4953 -0.8680 0.0349
vn 0.5146 -0.8565 0.0403
vn 0.5133 -0.8561 0.0595
vn 0.5889 -0.8057 0.0633
vn 0.5871 -0.8047 0.0885
vn 0.6572 -0.7483 0.0908
vn 0.6553 -0.7466 0.1148
vn 0.7193 -0.6851 0.1151
vn 0.7174 -0.6829 0.1376
vn 0.7758 -0.6163 0.1357
vn 0.7739 -0.6137 0.1566
vn 0.8259 -0.5429 0.1521
vn 0.8241 -0.5400 0.1713
vn 0.8900 -0.4270 0.1597
vn 0.8949 -0.4143 0.1661
vn 0.9526 -0.2667 0.1464
vn 0.9520 -0.2689 0.1460
vn 0.9871 -0.1052 0.1211
vn 0.9878 -0.1078 0.1125
vn 0.3181 -0.9478 0.0244
vn 0.3495 -0.9364 0.0298
vn 0.3482 -0.9361 0.0503
vn 0.4326 -0.8999 0.0552
vn 0.4306 -0.8988 0.0819
vn 0.5110 -0.8553 0.0857
vn 0.5090 -0.8535 0.1117
vn 0.5844 -0.8035 0.1138
vn 0.5823 -0.8011 0.1387
vn 0.6524 -0.7451 0.1390
vn 0.6502 -0.7422 0.1626
vn 0.7143 -0.6812 0.1605
vn 0.7121 -0.6778 0.1827
vn 0.7706 -0.6119 0.1780
vn 0.7685 -0.6082 0.1986
vn 0.8208 -0.5383 0.1911
vn 0.8188 -0.5344 0.2099
vn 0.8855 -0.4225 0.1934
vn 0.8902 -0.4099 0.1989
vn 0.9492 -0.2635 0.1722
vn 0.9485 -0.2663 0.1719
vn 0.9772 -0.1514 0.1488
vn 0.9700 -0.1985 0.1406
vn 0.0643 -0.9979 0.0016
vn 0.1338 -0.9668 0.2176
vn 0.0767 -0.9969 0.0155
vn 0.0655 -0.9978 0.0091
vn 0.0771 -0.9965 0.0333
vn 0.2249 -0.9734 0.0430
vn 0.2247 -0.9735 0.0429
vn 0.3480 -0.9361 0.0504
vn 0.3460 -0.9350 0.0776
vn 0.4303 -0.8989 0.0820
vn 0.4282 -0.8971 0.1087
vn 0.5085 -0.8538 0.1118
vn 0.5063 -0.8513 0.1376
vn 0.5817 -0.8014 0.1389
vn 0.5795 -0.7984 0.1636
vn 0.6496 -0.7427 0.1628
vn 0.6473 -0.7391 0.1863
vn 0.7114 -0.6785 0.1831
vn 0.7091 -0.6746 0.2051
vn 0.7677 -0.6091 0.1991
vn 0.7655 -0.6049 0.2194
vn 0.8180 -0.5354 0.2104
vn 0.8158 -0.5310 0.2290
vn 0.8824 -0.4210 0.2102
vn 0.8804 -0.4168 0.2263
vn 0.8899 -0.3956 0.2273
vn -0.0000 -1.0000 -0.0020
vn -0.0000 -0.9999 0.0111
vn -0.0000 -0.9999 0.0110
vn -0.0000 -0.9992 0.0399
vn -0.0001 -0.9992 0.0397
vn 0.0001 -0.9972 0.0753
vn -0.0001 -0.9972 0.0749
vn 0.0001 -0.9945 0.1047
vn -0.0000 -0.9945 0.1044
vn -0.0000 -0.9925 0.1219
vn -0.0000 -0.9925 0.1223
vn 0.0002 -0.9894 0.1450
vn -0.0001 -0.9893 0.1457
vn 0.0001 -0.9849 0.1730
vn -0.0020 -0.9836 0.1806
vn -0.0000 -0.9817 0.1904
vn 0.0001 -0.9766 0.2149
vn -0.0001 -0.9767 0.2146
vn 0.0001 -0.9685 0.2491
vn -0.0000 -0.9685 0.2490
vn -0.0000 -0.9590 0.2833
vn -0.9979 -0.0642 -0.0000
vn -0.1023 -0.9948 -0.0000
vn -0.0728 -0.9973 -0.0134
vn -0.1746 -0.9846 -0.0000
vn -0.2558 -0.9667 -0.0000
vn -0.3029 -0.9529 -0.0116
vn -0.3537 -0.9353 -0.0000
vn -0.4381 -0.8989 -0.0000
vn -0.4912 -0.8710 -0.0114
vn -0.5283 -0.8491 -0.0000
vn -0.6034 -0.7974 -0.0000
vn -0.6590 -0.7521 -0.0098
vn -0.8096 -0.5870 -0.0000
vn -0.7994 -0.6008 -0.0065
vn -0.7446 -0.6675 -0.0000
vn -0.6820 -0.7313 -0.0000
vn -0.8584 -0.5129 -0.0000
vn -0.9011 -0.4337 -0.0011
vn -0.9054 -0.4245 -0.0051
vn -0.9399 -0.3414 -0.0000
vn -0.9657 -0.2598 -0.0000
vn -0.9731 -0.2301 -0.0098
vn -0.9873 -0.1588 -0.0000
vn -0.0000 -1.0000 -0.0000
vn 0.9944 -0.1058 -0.0031
vn 0.9947 -0.1025 -0.0044
vn 0.9999 -0.0109 -0.0000
vn 0.9805 -0.1964 -0.0000
vn 0.9601 -0.2796 -0.0000
vn 0.9527 -0.3037 -0.0086
vn 0.9263 -0.3769 -0.0000
vn 0.8899 -0.4562 -0.0000
vn 0.8704 -0.4922 -0.0112
vn 0.8382 -0.5453 -0.0000
vn 0.8131 -0.5821 -0.0000
vn 0.7844 -0.6203 -0.0007
vn 0.7261 -0.6873 -0.0195
vn 0.7513 -0.6600 -0.0043
vn 0.6871 -0.7266 -0.0000
vn 0.6539 -0.7566 -0.0000
vn 0.5999 -0.8000 -0.0104
vn 0.5724 -0.8200 -0.0000
vn 0.4956 -0.8685 -0.0000
vn 0.4239 -0.9057 -0.0078
vn 0.2272 -0.9738 -0.0034
vn 0.2300 -0.9732 -0.0046
vn 0.3182 -0.9480 -0.0000
vn 0.4040 -0.9148 -0.0000
vn 0.1371 -0.9906 -0.0000
vn 0.0643 -0.9979 -0.0000
vn -0.7592 0.0727 -0.6468
vn -0.7618 0.2652 -0.5910
vn -0.7335 0.2395 -0.6361
vn -0.7511 0.1590 -0.6407
vn -0.7525 0.1605 -0.6387
vn -0.7695 0.0947 -0.6316
vn -0.7668 0.0814 -0.6366
vn -0.8175 0.0559 -0.5731
vn -0.7156 0.3914 -0.5785
vn -0.7020 0.4655 -0.5390
vn -0.7032 0.3155 -0.6371
vn -0.7103 0.3448 -0.6136
vn -0.6997 0.4116 -0.5839
vn -0.7063 0.0574 -0.7056
vn -0.7097 0.0787 -0.7001
vn -0.7032 0.1341 -0.6982
vn -0.7107 0.1715 -0.6823
vn -0.7030 0.2269 -0.6740
vn -0.7074 0.2491 -0.6615
vn -0.7066 0.2897 -0.6456
vn -0.0882 0.1497 -0.9848
vn -0.3398 0.0745 -0.9375
vn -0.5152 0.0636 -0.8547
vn -0.6773 0.0597 -0.7333
vn -0.1407 0.7429 -0.6544
vn -0.6287 0.5186 -0.5795
vn -0.6185 0.5031 -0.6036
vn -0.5624 0.6316 -0.5337
vn -0.6157 0.0677 -0.7851
vn -0.6419 0.0840 -0.7622
vn -0.6411 0.1447 -0.7537
vn -0.6411 0.2449 -0.7274
vn -0.6411 0.3406 -0.6878
vn -0.6411 0.4301 -0.6356
vn -0.6415 0.5014 -0.5806
vn -0.1777 0.0743 -0.9813
vn -0.1027 0.0890 -0.9907
vn -0.0882 0.0967 -0.9914
vn -0.0341 0.0786 -0.9963
vn -0.1389 0.2146 -0.9668
vn -0.0880 0.1879 -0.9782
vn -0.0881 0.3056 -0.9481
vn -0.1068 0.3173 -0.9423
vn -0.0882 0.3689 -0.9253
vn -0.0880 0.4421 -0.8927
vn -0.0882 0.5124 -0.8542
vn -0.1068 0.5572 -0.8235
vn -0.0881 0.5689 -0.8177
vn -0.0882 0.6426 -0.7611
vn -0.1175 0.6622 -0.7401
vn -0.0882 0.6925 -0.7160
vn -0.0882 0.7295 -0.6783
vn -0.0356 0.7448 -0.6663
vn -0.3088 0.4955 -0.8118
vn -0.4794 0.6630 -0.5751
vn -0.4792 0.5853 -0.6541
vn -0.4792 0.4919 -0.7269
vn -0.4792 0.3895 -0.7865
vn -0.4792 0.2801 -0.8318
vn -0.4792 0.1655 -0.8620
vn -0.4800 0.0962 -0.8720
vn -0.4130 0.0721 -0.9079
vn -0.2720 0.6958 -0.6647
vn -0.2808 0.7000 -0.6566
vn -0.2803 0.6401 -0.7154
vn -0.2803 0.5379 -0.7950
vn -0.2803 0.4260 -0.8602
vn -0.2803 0.3063 -0.9097
vn -0.2803 0.1810 -0.9427
vn -0.2809 0.1046 -0.9540
vn -0.2571 0.0901 -0.9622
vn 0.9959 -0.0017 0.0901
vn 0.9964 0.0024 0.0848
vn 0.9971 0.0118 0.0751
vn 0.9966 0.0261 0.0787
vn 0.9972 0.0136 0.0738
vn 0.9975 0.0070 0.0699
vn 0.9979 -0.0000 0.0642
vn 0.9955 0.0022 0.0951
vn 0.9957 -0.0006 0.0930
vn 0.9950 0.0006 0.0996
vn 0.9951 -0.0014 0.0985
vn 0.9947 0.0002 0.1026
vn 0.9945 -0.0004 0.1046
vn 0.9944 0.0002 0.1053
vn 0.9941 -0.0002 0.1081
vn 0.9940 -0.0020 0.1098
vn 0.9939 -0.0029 0.1104
vn 0.9938 -0.0042 0.1113
vn 0.9938 -0.0038 0.1115
vn 0.9932 0.0053 0.1162
vn 0.9798 -0.1168 0.1624
vn 0.9718 -0.1682 0.1653
vn 0.9940 0.0052 0.1094
vn 0.9863 -0.0645 0.1521
vn 0.9877 -0.0629 0.1432
vn 0.9909 -0.0436 0.1277
vn 0.9911 -0.0464 0.1250
vn 0.9935 -0.0078 0.1132
vn 0.9595 -0.2116 0.1860
vn 0.9696 -0.1392 0.2014
vn 0.9697 -0.1634 0.1817
vn 0.9876 -0.0672 0.1416
vn 0.9852 -0.1155 0.1267
vn 0.9850 -0.0968 0.1428
vn 0.8786 -0.2790 0.3875
vn 0.9205 -0.3069 0.2419
vn 0.1737 -0.5987 0.7819
vn 0.8477 -0.1605 0.5056
vn 0.7074 -0.0182 0.7065
vn 0.4404 -0.1990 0.8755
vn 0.0553 -0.7284 0.6829
vn 0.0491 -0.8166 0.5751
vn 0.0766 -0.9475 0.3105
vn 0.0779 -0.9254 0.3709
vn 0.0780 -0.9254 0.3708
vn 0.0664 -0.8941 0.4429
vn 0.0408 -0.5461 0.8367
vn 0.0433 -0.5736 0.8180
vn 0.0602 -0.6145 0.7866
vn 0.0812 -0.5995 0.7963
vn 0.0452 -0.6450 0.7628
vn 0.0129 -0.2638 0.9645
vn 0.0426 -0.2695 0.9621
vn 0.2371 -0.2593 0.9363
vn 0.1828 -0.2644 0.9469
vn 0.6708 -0.2350 0.7034
vn 0.6117 -0.1893 0.7681
vn 0.5989 -0.2217 0.7695
vn 0.5544 -0.2273 0.8006
vn 0.5238 -0.2427 0.8165
vn 0.5007 -0.2159 0.8383
vn 0.3946 -0.2841 0.8738
vn 0.7961 -0.2289 0.5603
vn 0.9349 -0.1713 0.3107
vn 0.9342 -0.1853 0.3047
vn 0.9413 -0.2352 0.2420
vn 0.0211 -0.4766 0.8789
vn 0.0655 -0.5054 0.8604
vn 0.1639 -0.4937 0.8541
vn 0.1736 -0.5988 0.7818
vn 0.3409 -0.5599 0.7552
vn 0.9113 -0.1929 0.3639
vn 0.9052 -0.2014 0.3741
vn 0.8753 -0.2496 0.4142
vn 0.8721 -0.2430 0.4248
vn 0.8029 -0.3148 0.5062
vn 0.8028 -0.3148 0.5063
vn 0.7465 -0.3620 0.5584
vn 0.7464 -0.3619 0.5585
vn 0.6834 -0.4065 0.6064
vn 0.6833 -0.4064 0.6065
vn 0.6146 -0.4478 0.6495
vn 0.6145 -0.4477 0.6496
vn 0.5407 -0.4853 0.6872
vn 0.5406 -0.4853 0.6873
vn 0.4627 -0.5186 0.7190
vn 0.4626 -0.5186 0.7191
vn 0.3408 -0.5601 0.7551
vn 0.3317 -0.4617 0.8227
vn 0.1638 -0.4938 0.8540
vn 0.1561 -0.3794 0.9120
vn 0.0568 -0.3885 0.9197
vn 0.0263 -0.3722 0.9278
vn 0.8733 -0.2626 0.4104
vn 0.8468 -0.2200 0.4843
vn 0.7978 -0.2596 0.5442
vn 0.7977 -0.2595 0.5444
vn 0.7405 -0.2985 0.6021
vn 0.7404 -0.2984 0.6023
vn 0.6768 -0.3352 0.6555
vn 0.6767 -0.3352 0.6556
vn 0.6072 -0.3692 0.7035
vn 0.6071 -0.3692 0.7036
vn 0.5327 -0.4002 0.7457
vn 0.5326 -0.4001 0.7458
vn 0.4542 -0.4277 0.7815
vn 0.4541 -0.4276 0.7816
vn 0.3316 -0.4619 0.8226
vn 0.3243 -0.3549 0.8769
vn 0.1559 -0.3795 0.9119
vn 0.1520 -0.2907 0.9447
vn 0.0809 -0.2571 0.9630
vn 0.7995 -0.2367 0.5521
vn 0.7674 -0.1986 0.6097
vn 0.7368 -0.2412 0.6316
vn 0.7165 -0.2383 0.6556
vn 0.6714 -0.2576 0.6949
vn 0.6713 -0.2576 0.6949
vn 0.6013 -0.2838 0.7469
vn 0.6012 -0.2838 0.7470
vn 0.5263 -0.3076 0.7927
vn 0.5262 -0.3075 0.7928
vn 0.4474 -0.3287 0.8317
vn 0.4473 -0.3287 0.8318
vn 0.3243 -0.3550 0.8768
vn 0.3216 -0.2864 0.9025
vn 0.2957 -0.2598 0.9193
vn 0.8506 -0.4417 0.2852
vn 0.8306 -0.4681 0.3016
vn 0.8065 -0.5262 0.2697
vn 0.7792 -0.5420 0.3147
vn 0.7349 -0.5932 0.3289
vn 0.7192 -0.6045 0.3425
vn 0.6887 -0.6446 0.3320
vn 0.6541 -0.6667 0.3572
vn 0.1589 -0.9126 0.3768
vn 0.2147 -0.8952 0.3905
vn 0.2253 -0.8881 0.4005
vn 0.5095 -0.7766 0.3704
vn 0.5057 -0.7776 0.3736
vn 0.2844 -0.8799 0.3807
vn 0.3356 -0.8618 0.3805
vn 0.3889 -0.8288 0.4024
vn 0.3927 -0.8286 0.3990
vn 0.4506 -0.8099 0.3755
vn 0.5518 -0.7499 0.3649
vn 0.5733 -0.7332 0.3658
vn 0.5837 -0.7232 0.3691
vn 0.6029 -0.7130 0.3580
vn 0.6374 -0.6855 0.3519
vn 0.9323 -0.2774 0.2320
vn 0.9577 -0.1779 0.2260
vn 0.8897 -0.3393 0.3054
vn 0.8839 -0.3116 0.3487
vn 0.8159 -0.4074 0.4103
vn 0.8158 -0.4074 0.4104
vn 0.7614 -0.4685 0.4482
vn 0.7613 -0.4685 0.4483
vn 0.7002 -0.5261 0.4827
vn 0.7001 -0.5261 0.4828
vn 0.6330 -0.5796 0.5133
vn 0.6329 -0.5796 0.5134
vn 0.5606 -0.6281 0.5396
vn 0.5605 -0.6282 0.5397
vn 0.4840 -0.6713 0.5613
vn 0.4839 -0.6713 0.5614
vn 0.3639 -0.7249 0.5849
vn 0.3638 -0.7248 0.5850
vn 0.1983 -0.7751 0.5999
vn 0.1982 -0.7750 0.6001
vn 0.0738 -0.7969 0.5996
vn 0.0534 -0.7668 0.6397
vn 0.0741 -0.8657 0.4951
vn 0.0795 -0.8683 0.4895
vn 0.2125 -0.8433 0.4936
vn 0.2126 -0.8434 0.4935
vn 0.3772 -0.7887 0.4854
vn 0.3773 -0.7888 0.4853
vn 0.4963 -0.7305 0.4691
vn 0.4964 -0.7305 0.4690
vn 0.5721 -0.6835 0.4533
vn 0.5722 -0.6835 0.4532
vn 0.6436 -0.6307 0.4337
vn 0.6437 -0.6306 0.4335
vn 0.7098 -0.5725 0.4104
vn 0.7099 -0.5725 0.4103
vn 0.7699 -0.5098 0.3838
vn 0.7700 -0.5098 0.3837
vn 0.8234 -0.4434 0.3543
vn 0.8234 -0.4433 0.3541
vn 0.8897 -0.3391 0.3057
vn 0.8958 -0.3606 0.2597
vn 0.8680 -0.3547 0.3475
vn 0.0502 -0.6865 0.7254
vn 0.0729 -0.7113 0.6991
vn 0.1851 -0.6931 0.6967
vn 0.1853 -0.6932 0.6966
vn 0.3516 -0.6482 0.6754
vn 0.3517 -0.6483 0.6753
vn 0.4726 -0.6003 0.6452
vn 0.4727 -0.6004 0.6451
vn 0.5499 -0.5618 0.6181
vn 0.5501 -0.5618 0.6180
vn 0.6231 -0.5183 0.5858
vn 0.6232 -0.5183 0.5856
vn 0.6912 -0.4705 0.5485
vn 0.6913 -0.4705 0.5484
vn 0.7534 -0.4190 0.5069
vn 0.7535 -0.4190 0.5067
vn 0.8089 -0.3644 0.4614
vn 0.8090 -0.3644 0.4612
vn 0.8787 -0.2786 0.3877
vn 0.8839 -0.3119 0.3485
vn 0.9422 -0.1964 0.2713
vn 0.9470 -0.2172 0.2366
vn 0.9579 -0.2077 0.1982
vn -0.0025 -0.6489 0.7609
vn -0.0000 -0.9436 0.3312
vn -0.0029 -0.9505 0.3106
vn 0.0051 -0.9195 0.3930
vn -0.0004 -0.9286 0.3712
vn 0.0002 -0.8956 0.4449
vn -0.0000 -0.8964 0.4432
vn -0.0000 -0.8586 0.5127
vn -0.0045 -0.8685 0.4957
vn 0.0063 -0.7963 0.6049
vn -0.0055 -0.8179 0.5754
vn 0.0016 -0.7571 0.6533
vn -0.0000 -0.7681 0.6403
vn -0.0000 -0.7230 0.6908
vn -0.0019 -0.7298 0.6836
vn 0.0006 -0.6876 0.7261
vn -0.0000 -0.2638 0.9646
vn -0.0006 -0.2661 0.9640
vn 0.0006 -0.3724 0.9281
vn 0.0005 -0.3728 0.9279
vn -0.0005 -0.4768 0.8790
vn 0.0016 -0.4697 0.8828
vn -0.0008 -0.5468 0.8372
vn -0.0000 -0.5415 0.8407
vn -0.0000 -0.5744 0.8186
vn -0.0006 -0.5858 0.8105
vn 0.0006 -0.6019 0.7986
vn -0.0018 -0.6459 0.7634
vn -0.7700 -0.5097 0.3838
vn -0.6912 -0.4706 0.5484
vn -0.1700 -0.9103 0.3774
vn -0.0570 -0.8569 0.5124
vn -0.0445 -0.5850 0.8098
vn -0.0213 -0.4695 0.8827
vn -0.6700 -0.2159 0.7103
vn -0.9697 -0.1581 0.1863
vn -0.9331 -0.1571 0.3236
vn -0.9236 -0.2807 0.2610
vn -0.9344 -0.1850 0.3043
vn -0.9414 -0.2347 0.2423
vn -0.9422 -0.1966 0.2714
vn -0.9496 -0.2316 0.2112
vn -0.9490 -0.2050 0.2396
vn -0.9473 -0.2005 0.2497
vn -0.7363 -0.2350 0.6346
vn -0.7538 -0.2055 0.6241
vn -0.7961 -0.2302 0.5596
vn -0.6676 -0.1971 0.7179
vn -0.5994 -0.2312 0.7663
vn -0.5849 -0.1979 0.7866
vn -0.5241 -0.2489 0.8145
vn -0.4832 -0.2156 0.8485
vn -0.4442 -0.2522 0.8597
vn -0.3761 -0.2352 0.8963
vn -0.3217 -0.2891 0.9016
vn -0.2765 -0.2558 0.9264
vn -0.2193 -0.2619 0.9398
vn -0.1515 -0.2809 0.9477
vn -0.1494 -0.2787 0.9487
vn -0.0393 -0.2612 0.9645
vn -0.0458 -0.2657 0.9630
vn -0.0995 -0.6452 0.7575
vn -0.0540 -0.7557 0.6527
vn -0.0560 -0.7132 0.6987
vn -0.1851 -0.6931 0.6967
vn -0.0738 -0.9167 0.3927
vn -0.0883 -0.9241 0.3718
vn -0.0738 -0.9407 0.3310
vn -0.0659 -0.7942 0.6041
vn -0.0584 -0.7987 0.5988
vn -0.1982 -0.7750 0.6001
vn -0.1853 -0.6932 0.6966
vn -0.3516 -0.6482 0.6754
vn -0.0670 -0.8933 0.4445
vn -0.0795 -0.8683 0.4895
vn -0.2125 -0.8433 0.4936
vn -0.1983 -0.7751 0.5999
vn -0.3638 -0.7248 0.5850
vn -0.3517 -0.6483 0.6753
vn -0.4727 -0.6003 0.6451
vn -0.4726 -0.6004 0.6451
vn -0.5500 -0.5617 0.6180
vn -0.5499 -0.5618 0.6180
vn -0.6232 -0.5182 0.5857
vn -0.3274 -0.8648 0.3806
vn -0.2527 -0.8897 0.3803
vn -0.7613 -0.4686 0.4482
vn -0.7534 -0.4189 0.5068
vn -0.7534 -0.4191 0.5068
vn -0.2254 -0.8884 0.4000
vn -0.2126 -0.8434 0.4935
vn -0.3772 -0.7887 0.4854
vn -0.3639 -0.7249 0.5849
vn -0.4840 -0.6713 0.5614
vn -0.4839 -0.6714 0.5613
vn -0.5606 -0.6281 0.5397
vn -0.5605 -0.6282 0.5396
vn -0.6330 -0.5795 0.5134
vn -0.6329 -0.5796 0.5133
vn -0.7001 -0.5260 0.4828
vn -0.8234 -0.4434 0.3542
vn -0.8159 -0.4074 0.4104
vn -0.8158 -0.4075 0.4103
vn -0.8090 -0.3643 0.4613
vn -0.8089 -0.3645 0.4613
vn -0.7098 -0.5726 0.4103
vn -0.7099 -0.5724 0.4104
vn -0.6436 -0.6307 0.4336
vn -0.6437 -0.6306 0.4336
vn -0.5721 -0.6836 0.4532
vn -0.5722 -0.6835 0.4533
vn -0.4963 -0.7305 0.4690
vn -0.4964 -0.7304 0.4691
vn -0.3773 -0.7888 0.4853
vn -0.3885 -0.8274 0.4055
vn -0.3602 -0.8476 0.3896
vn -0.8173 -0.4918 0.3003
vn -0.7915 -0.5264 0.3103
vn -0.7781 -0.5374 0.3251
vn -0.7494 -0.5823 0.3150
vn -0.7192 -0.6045 0.3425
vn -0.7033 -0.6257 0.3374
vn -0.6550 -0.6706 0.3482
vn -0.6319 -0.7033 0.3256
vn -0.5840 -0.7246 0.3660
vn -0.5366 -0.7612 0.3642
vn -0.5088 -0.7735 0.3781
vn -0.4901 -0.7882 0.3723
vn -0.4249 -0.8229 0.3771
vn -0.8743 -0.2427 0.4203
vn -0.8786 -0.2790 0.3875
vn -0.8787 -0.2786 0.3877
vn -0.8839 -0.3119 0.3485
vn -0.8839 -0.3116 0.3487
vn -0.8897 -0.3393 0.3054
vn -0.8897 -0.3391 0.3057
vn -0.9489 -0.2302 0.2161
vn -0.9205 -0.3068 0.2418
vn -0.8892 -0.3376 0.3088
vn -0.8843 -0.3831 0.2668
vn -0.8487 -0.4448 0.2861
vn -0.8339 -0.4629 0.3003
vn -0.8302 -0.4663 0.3055
vn -0.8234 -0.4433 0.3542
vn -0.7699 -0.5099 0.3837
vn -0.7613 -0.4684 0.4483
vn -0.7001 -0.5262 0.4827
vn -0.6913 -0.4704 0.5485
vn -0.6231 -0.5184 0.5857
vn -0.7977 -0.2596 0.5443
vn -0.7978 -0.2595 0.5443
vn -0.7404 -0.2985 0.6022
vn -0.7405 -0.2984 0.6022
vn -0.6767 -0.3352 0.6555
vn -0.6768 -0.3351 0.6555
vn -0.6071 -0.3693 0.7036
vn -0.6072 -0.3692 0.7036
vn -0.5326 -0.4002 0.7457
vn -0.5327 -0.4001 0.7457
vn -0.4541 -0.4277 0.7816
vn -0.4542 -0.4276 0.7816
vn -0.3316 -0.4619 0.8226
vn -0.3317 -0.4617 0.8227
vn -0.1638 -0.4938 0.8540
vn -0.1639 -0.4937 0.8541
vn -0.0685 -0.5051 0.8603
vn -0.0405 -0.5408 0.8402
vn -0.7084 -0.2034 0.6759
vn -0.7140 -0.2394 0.6579
vn -0.6713 -0.2577 0.6949
vn -0.6714 -0.2576 0.6949
vn -0.6012 -0.2838 0.7470
vn -0.6013 -0.2837 0.7469
vn -0.5262 -0.3076 0.7928
vn -0.5263 -0.3075 0.7927
vn -0.4473 -0.3287 0.8318
vn -0.4474 -0.3287 0.8318
vn -0.3243 -0.3550 0.8768
vn -0.3243 -0.3549 0.8769
vn -0.1559 -0.3795 0.9119
vn -0.1560 -0.3794 0.9120
vn -0.0291 -0.3903 0.9202
vn -0.0666 -0.3717 0.9259
vn -0.8342 -0.1328 0.5352
vn -0.8323 -0.3829 0.4008
vn -0.8702 -0.1983 0.4510
vn -0.8736 -0.2411 0.4226
vn -0.8028 -0.3149 0.5062
vn -0.8029 -0.3147 0.5063
vn -0.7464 -0.3620 0.5585
vn -0.7464 -0.3619 0.5585
vn -0.6833 -0.4066 0.6064
vn -0.6834 -0.4064 0.6064
vn -0.6145 -0.4478 0.6495
vn -0.6146 -0.4477 0.6495
vn -0.5406 -0.4853 0.6872
vn -0.5407 -0.4852 0.6872
vn -0.4626 -0.5187 0.7190
vn -0.4627 -0.5186 0.7190
vn -0.3408 -0.5601 0.7551
vn -0.3409 -0.5599 0.7552
vn -0.1736 -0.5988 0.7818
vn -0.1737 -0.5987 0.7819
vn -0.0163 -0.6185 0.7857
vn -0.0733 -0.7207 0.6894
vn -0.3728 -0.8775 0.3018
vn -0.0676 -0.9895 0.1275
vn -0.9961 -0.0641 0.0598
vn -0.0728 -0.9973 0.0021
vn -0.1745 -0.9843 0.0260
vn -0.2252 -0.9736 0.0364
vn -0.2557 -0.9663 0.0305
vn -0.8990 -0.4333 0.0642
vn -0.8992 -0.4328 0.0639
vn -0.9975 -0.0110 0.0699
vn -0.9379 -0.3407 0.0654
vn -0.9598 -0.2718 0.0700
vn -0.9636 -0.2592 0.0659
vn -0.9922 -0.1058 0.0660
vn -0.9837 -0.1582 0.0856
vn -0.9975 -0.0408 0.0574
vn -0.9956 -0.0662 0.0656
vn -0.9943 -0.0496 0.0943
vn -0.9963 -0.0108 0.0855
vn -0.9967 -0.0112 0.0810
vn -0.9926 -0.0523 0.1098
vn -0.9949 -0.0086 0.1004
vn -0.9957 -0.0134 0.0922
vn -0.9907 -0.0528 0.1250
vn -0.9937 -0.0104 0.1117
vn -0.9942 -0.0112 0.1074
vn -0.9902 -0.0235 0.1378
vn -0.9924 -0.0106 0.1225
vn -0.9929 -0.0116 0.1184
vn -0.0428 -0.9568 0.2877
vn -0.0779 -0.9968 0.0198
vn -0.0889 -0.9959 0.0163
vn -0.0603 -0.9972 0.0438
vn -0.7549 -0.5948 0.2761
vn -0.7980 -0.5408 0.2659
vn -0.8106 -0.5251 0.2592
vn -0.8126 -0.5296 0.2435
vn -0.3374 -0.8887 0.3103
vn -0.3995 -0.8624 0.3109
vn -0.4028 -0.8698 0.2850
vn -0.4856 -0.8267 0.2841
vn -0.4887 -0.8332 0.2586
vn -0.5665 -0.7833 0.2561
vn -0.5693 -0.7889 0.2313
vn -0.6415 -0.7325 0.2277
vn -0.6441 -0.7373 0.2038
vn -0.7099 -0.6754 0.1996
vn -0.7122 -0.6793 0.1769
vn -0.7719 -0.6119 0.1724
vn -0.7740 -0.6149 0.1510
vn -0.8270 -0.5428 0.1468
vn -0.8287 -0.5451 0.1269
vn -0.0775 -0.9495 0.3039
vn -0.1811 -0.9376 0.2967
vn -0.1918 -0.9364 0.2940
vn -0.0640 -0.9948 0.0795
vn -0.2205 -0.9712 0.0904
vn -0.2210 -0.9711 0.0902
vn -0.3443 -0.9338 0.0975
vn -0.3464 -0.9355 0.0700
vn -0.4312 -0.8991 0.0746
vn -0.4335 -0.9002 0.0417
vn -0.4378 -0.8982 0.0411
vn -0.3535 -0.9348 0.0355
vn -0.3490 -0.9364 0.0363
vn -0.3466 -0.9354 0.0701
vn -0.2234 -0.9727 0.0627
vn -0.2231 -0.9728 0.0629
vn -0.0745 -0.9958 0.0529
vn -0.0648 -0.9947 0.0799
vn -0.6027 -0.7964 0.0500
vn -0.5897 -0.8060 0.0515
vn -0.5876 -0.8050 0.0816
vn -0.5116 -0.8556 0.0784
vn -0.5096 -0.8540 0.1047
vn -0.4285 -0.8978 0.1013
vn -0.4263 -0.8955 0.1283
vn -0.3410 -0.9318 0.1244
vn -0.3386 -0.9286 0.1517
vn -0.2152 -0.9658 0.1448
vn -0.2144 -0.9659 0.1452
vn -0.0743 -0.9881 0.1347
vn -0.0533 -0.9872 0.1501
vn -0.5278 -0.8483 0.0431
vn -0.5141 -0.8565 0.0455
vn -0.5119 -0.8555 0.0785
vn -0.4310 -0.8993 0.0745
vn -0.4289 -0.8976 0.1015
vn -0.3438 -0.9340 0.0973
vn -0.3416 -0.9315 0.1247
vn -0.2182 -0.9688 0.1176
vn -0.2176 -0.9689 0.1179
vn -0.0724 -0.9916 0.1074
vn -0.0674 -0.9917 0.1097
vn -0.4995 -0.8098 0.3077
vn -0.5581 -0.7720 0.3043
vn -0.5612 -0.7789 0.2800
vn -0.6340 -0.7231 0.2743
vn -0.6368 -0.7291 0.2508
vn -0.7033 -0.6676 0.2442
vn -0.7059 -0.6728 0.2217
vn -0.7662 -0.6057 0.2145
vn -0.7685 -0.6099 0.1933
vn -0.8221 -0.5381 0.1860
vn -0.8241 -0.5414 0.1662
vn -0.8901 -0.4284 0.1554
vn -0.8906 -0.4276 0.1547
vn -0.7434 -0.6664 0.0572
vn -0.7241 -0.6872 0.0583
vn -0.7222 -0.6863 0.0859
vn -0.6577 -0.7485 0.0840
vn -0.6559 -0.7470 0.1083
vn -0.5851 -0.8039 0.1068
vn -0.5830 -0.8017 0.1322
vn -0.5065 -0.8523 0.1306
vn -0.5042 -0.8493 0.1567
vn -0.4226 -0.8930 0.1546
vn -0.4201 -0.8892 0.1814
vn -0.3344 -0.9254 0.1783
vn -0.3316 -0.9208 0.2054
vn -0.2082 -0.9577 0.1988
vn -0.2070 -0.9578 0.1993
vn -0.0605 -0.9804 0.1876
vn -0.0639 -0.9733 0.2207
vn -0.6812 -0.7305 0.0487
vn -0.6601 -0.7493 0.0531
vn -0.6580 -0.7483 0.0841
vn -0.5874 -0.8052 0.0815
vn -0.5854 -0.8036 0.1070
vn -0.5092 -0.8543 0.1045
vn -0.5071 -0.8519 0.1308
vn -0.4257 -0.8958 0.1280
vn -0.4233 -0.8926 0.1549
vn -0.3378 -0.9289 0.1514
vn -0.3353 -0.9250 0.1786
vn -0.2118 -0.9621 0.1719
vn -0.2109 -0.9622 0.1723
vn -0.0704 -0.9844 0.1615
vn -0.0557 -0.9811 0.1852
vn -0.9895 -0.1044 0.1001
vn -0.9893 -0.1058 0.1007
vn -0.9876 -0.1033 0.1178
vn -0.9873 -0.1053 0.1188
vn -0.9855 -0.1020 0.1354
vn -0.9851 -0.1044 0.1367
vn -0.9844 -0.1029 0.1426
vn -0.9754 -0.1469 0.1643
vn -0.6348 -0.7099 0.3050
vn -0.6963 -0.6590 0.2845
vn -0.6986 -0.6643 0.2659
vn -0.7597 -0.5978 0.2560
vn -0.7622 -0.6032 0.2351
vn -0.8165 -0.5318 0.2247
vn -0.8187 -0.5363 0.2052
vn -0.8855 -0.4243 0.1893
vn -0.8862 -0.4233 0.1884
vn -0.8568 -0.5119 0.0624
vn -0.8344 -0.5477 0.0618
vn -0.8327 -0.5469 0.0873
vn -0.7805 -0.6191 0.0868
vn -0.7788 -0.6178 0.1085
vn -0.7199 -0.6855 0.1087
vn -0.7180 -0.6834 0.1317
vn -0.6531 -0.7457 0.1323
vn -0.6509 -0.7428 0.1565
vn -0.5796 -0.7996 0.1570
vn -0.5772 -0.7960 0.1822
vn -0.5003 -0.8465 0.1822
vn -0.4976 -0.8420 0.2082
vn -0.4156 -0.8856 0.2073
vn -0.4127 -0.8803 0.2339
vn -0.3265 -0.9164 0.2316
vn -0.3235 -0.9103 0.2583
vn -0.1999 -0.9468 0.2520
vn -0.1984 -0.9470 0.2527
vn -0.0430 -0.9664 0.2533
vn -0.0668 -0.9681 0.2417
vn -0.0437 -0.9761 0.2127
vn -0.2029 -0.9527 0.2261
vn -0.2042 -0.9526 0.2255
vn -0.3277 -0.9159 0.2320
vn -0.3306 -0.9212 0.2050
vn -0.4165 -0.8851 0.2077
vn -0.4192 -0.8896 0.1810
vn -0.5010 -0.8460 0.1825
vn -0.5035 -0.8497 0.1565
vn -0.5802 -0.7991 0.1572
vn -0.5825 -0.8021 0.1320
vn -0.6535 -0.7452 0.1325
vn -0.6555 -0.7474 0.1082
vn -0.7202 -0.6851 0.1088
vn -0.7220 -0.6865 0.0858
vn -0.7807 -0.6189 0.0869
vn -0.7825 -0.6198 0.0592
vn -0.8085 -0.5862 0.0522
vn -0.9465 -0.2615 0.1889
vn -0.9526 -0.2389 0.1884
vn -0.9719 -0.1633 0.1698
vn -0.8233 -0.5054 0.2583
vn -0.8410 -0.4784 0.2527
vn -0.9168 -0.3417 0.2067
vn -0.8553 -0.4599 0.2385
vn -0.8807 -0.4169 0.2250
vn -0.8901 -0.3962 0.2254
vn -0.9252 -0.3176 0.2079
vn -0.7110 -0.6429 0.2850
vn -0.7561 -0.5932 0.2764
vn -0.7587 -0.5991 0.2557
vn -0.8134 -0.5281 0.2437
vn -0.8157 -0.5331 0.2244
vn -0.8830 -0.4217 0.2060
vn -0.8837 -0.4207 0.2050
vn -0.9481 -0.2649 0.1757
vn -0.9555 -0.2480 0.1596
vn -0.9497 -0.2641 0.1681
vn -0.5457 -0.7822 0.3006
vn -0.6291 -0.7159 0.3027
vn -0.6328 -0.7242 0.2740
vn -0.6996 -0.6631 0.2662
vn -0.7023 -0.6688 0.2439
vn -0.7631 -0.6020 0.2353
vn -0.7655 -0.6068 0.2143
vn -0.8194 -0.5351 0.2054
vn -0.8215 -0.5390 0.1858
vn -0.8879 -0.4265 0.1724
vn -0.8885 -0.4256 0.1716
vn -0.9518 -0.2678 0.1497
vn -0.9589 -0.2499 0.1342
vn -0.9531 -0.2672 0.1424
vn -0.9555 -0.2708 0.1168
vn -0.9559 -0.2695 0.1163
vn -0.4341 -0.8443 0.3143
vn -0.4816 -0.8215 0.3053
vn -0.4843 -0.8276 0.2837
vn -0.5624 -0.7779 0.2803
vn -0.5654 -0.7842 0.2558
vn -0.6379 -0.7281 0.2512
vn -0.6406 -0.7334 0.2274
vn -0.7067 -0.6718 0.2220
vn -0.7091 -0.6763 0.1994
vn -0.7692 -0.6090 0.1936
vn -0.7714 -0.6127 0.1722
vn -0.8246 -0.5406 0.1664
vn -0.8265 -0.5435 0.1466
vn -0.8922 -0.4300 0.1383
vn -0.9054 -0.4073 0.1198
vn -0.8936 -0.4299 0.1293
vn -0.2621 -0.9125 0.3140
vn -0.3147 -0.8983 0.3068
vn -0.3176 -0.9047 0.2839
vn -0.4042 -0.8690 0.2855
vn -0.4073 -0.8757 0.2593
vn -0.4899 -0.8324 0.2590
vn -0.4928 -0.8383 0.2334
vn -0.5703 -0.7881 0.2317
vn -0.5730 -0.7931 0.2067
vn -0.6449 -0.7365 0.2041
vn -0.6473 -0.7406 0.1801
vn -0.7128 -0.6786 0.1771
vn -0.7150 -0.6819 0.1542
vn -0.7745 -0.6143 0.1512
vn -0.7764 -0.6168 0.1297
vn -0.8291 -0.5445 0.1271
vn -0.8307 -0.5463 0.1071
vn -0.8958 -0.4322 0.1040
vn -0.0643 -0.9613 0.2679
vn -0.1937 -0.9405 0.2790
vn -0.1953 -0.9404 0.2783
vn -0.3190 -0.9041 0.2844
vn -0.3222 -0.9109 0.2579
vn -0.4086 -0.8750 0.2598
vn -0.4116 -0.8810 0.2335
vn -0.4939 -0.8375 0.2337
vn -0.4967 -0.8427 0.2079
vn -0.5739 -0.7923 0.2070
vn -0.5764 -0.7966 0.1819
vn -0.6480 -0.7399 0.1804
vn -0.6503 -0.7434 0.1562
vn -0.7156 -0.6813 0.1545
vn -0.7176 -0.6839 0.1315
vn -0.7768 -0.6163 0.1299
vn -0.7785 -0.6182 0.1083
vn -0.8310 -0.5459 0.1072
vn -0.8325 -0.5471 0.0872
vn -0.9087 -0.4084 0.0864
vn -0.8967 -0.4322 0.0951
vn -0.9581 -0.2718 0.0902
vn -0.9583 -0.2711 0.0899
vn -0.9909 -0.1060 0.0825
vn -0.9910 -0.1053 0.0823
vn -0.9951 -0.0578 0.0797
vn -0.9972 -0.0108 0.0744
vn -0.9940 0.0021 0.1092
vn -0.9935 0.0136 0.1126
vn -0.9932 0.0286 0.1127
vn -0.9952 0.0048 0.0978
vn -0.9951 0.0030 0.0986
vn -0.9944 -0.0006 0.1055
vn -0.9973 -0.0009 0.0740
vn -0.9968 0.0014 0.0801
vn -0.9966 0.0046 0.0827
vn -0.9964 0.0027 0.0842
vn -0.9959 -0.0017 0.0908
vn -0.9982 -0.0000 0.0604
vn -0.9977 0.0010 0.0675
vn -0.9979 0.0061 0.0649
vn -0.9976 0.0021 0.0695
vn -1.0000 -0.0000 -0.0000
vn 0.7606 0.0725 -0.6452
vn 0.8232 0.0376 -0.5665
vn 0.7925 0.0846 -0.6040
vn 0.7733 0.0876 -0.6279
vn 0.7498 0.1613 -0.6417
vn 0.7518 0.1637 -0.6388
vn 0.7331 0.2397 -0.6365
vn 0.7610 0.2656 -0.5919
vn 0.6649 0.3058 -0.6815
vn 0.7418 0.3003 -0.5996
vn 0.7015 0.3994 -0.5902
vn 0.7123 0.4588 -0.5312
vn 0.6870 0.3733 -0.6234
vn 0.7065 0.3123 -0.6350
vn 0.7071 0.2733 -0.6522
vn 0.7074 0.2491 -0.6615
vn 0.7030 0.2269 -0.6740
vn 0.7107 0.1715 -0.6823
vn 0.7032 0.1341 -0.6982
vn 0.7097 0.0787 -0.7001
vn 0.7063 0.0574 -0.7056
vn -0.0000 -0.0000 -1.0000
vn -0.0001 -0.0001 -1.0000
vn -0.0001 -0.0002 -1.0000
vn 0.0001 -0.0001 -1.0000
vn -0.0000 -0.0001 -1.0000
vn 0.0005 -0.0002 -1.0000
vn 0.0004 -0.0001 -1.0000
vn -0.0005 0.0001 -1.0000
vn -0.0004 -0.0000 -1.0000
vn -0.0000 0.0003 -1.0000
vn 0.0001 -0.0003 -1.0000
vn 0.0003 0.0002 -1.0000
vn -0.0002 0.0001 -1.0000
vn -0.0003 -0.0000 -1.0000
vn -0.0005 -0.0000 -1.0000
vn -0.0008 -0.0000 -1.0000
vn 0.0002 -0.0001 -1.0000
vn 0.0001 -0.0000 -1.0000
vn 0.0003 -0.0000 -1.0000
vn 0.0002 0.0001 -1.0000
vn -0.0001 0.0002 -1.0000
vn -0.0002 -0.0000 -1.0000
vn 0.6040 0.7398 0.2965
vn -0.4392 0.8817 0.1726
vn 0.2276 0.9733 0.0311
vn -0.1654 0.9832 0.0777
vn 0.2522 0.9668 0.0418
vn 0.2531 0.9663 0.0465
vn 0.2871 0.9563 0.0544
vn 0.2898 0.9550 0.0630
vn 0.3282 0.9423 0.0655
vn 0.3302 0.9413 0.0696
vn 0.3542 0.9322 0.0746
vn 0.3575 0.9305 0.0800
vn 0.3898 0.9179 0.0745
vn 0.3922 0.9167 0.0770
vn 0.4088 0.9091 0.0800
vn -0.5332 0.8393 0.1066
vn -0.1006 0.9887 0.1112
vn -0.0918 0.9834 0.1566
vn -0.0239 0.9937 0.1095
vn 0.0056 0.9791 0.2034
vn 0.0724 0.9865 0.1467
vn 0.1120 0.9675 0.2269
vn 0.1339 0.9751 0.1770
vn 0.1792 0.9516 0.2497
vn 0.2161 0.9581 0.1881
vn 0.2698 0.9310 0.2458
vn 0.2627 0.9423 0.2075
vn 0.3163 0.9133 0.2565
vn -0.4267 0.8742 0.2319
vn -0.3267 0.9297 0.1701
vn -0.2832 0.9084 0.3075
vn -0.1796 0.9554 0.2343
vn -0.1204 0.9273 0.3545
vn -0.0853 0.9554 0.2827
vn -0.0177 0.9204 0.3906
vn 0.0456 0.9509 0.3063
vn 0.1283 0.9095 0.3954
vn 0.1161 0.9348 0.3356
vn 0.1987 0.8900 0.4104
vn 0.2176 0.9171 0.3341
vn 0.3145 0.8666 0.3873
vn 0.1599 0.8590 0.4863
vn 0.2080 0.8331 0.5125
vn 0.0108 0.8700 0.4930
vn 0.0420 0.8526 0.5208
vn -0.0812 0.8834 0.4616
vn -0.0479 0.8662 0.4973
vn -0.2614 0.8622 0.4339
vn -0.2437 0.8529 0.4618
vn -0.3856 0.8431 0.3749
vn -0.3711 0.8360 0.4043
vn -0.5724 0.7642 0.2975
vn -0.5680 0.7620 0.3108
vn -0.7242 0.6619 0.1937
vn -0.7191 0.6594 0.2193
vn -0.8182 0.5642 0.1111
vn 0.3110 0.7806 0.5422
vn 0.2933 0.7986 0.5255
vn 0.2741 0.8106 0.5176
vn 0.5276 0.8476 0.0562
vn 0.5159 0.8544 0.0628
vn 0.5178 0.8533 0.0603
vn 0.5083 0.8588 0.0642
vn 0.5087 0.8586 0.0637
vn 0.4993 0.8639 0.0661
vn 0.4979 0.8646 0.0674
vn 0.4869 0.8708 0.0684
vn 0.4820 0.8731 0.0727
vn 0.4683 0.8807 0.0707
vn 0.4569 0.8859 0.0798
vn 0.4507 0.8894 0.0770
vn 0.4394 0.8951 0.0765
vn 0.5250 0.8489 0.0616
vn 0.5779 0.7984 0.1692
vn 0.5538 0.8124 0.1828
vn 0.5495 0.8152 0.1830
vn 0.5306 0.8259 0.1906
vn 0.5322 0.8249 0.1907
vn 0.5034 0.8410 0.1980
vn 0.5110 0.8358 0.2009
vn 0.4656 0.8610 0.2046
vn 0.4782 0.8510 0.2171
vn 0.4118 0.8874 0.2075
vn 0.4207 0.8749 0.2399
vn 0.3658 0.9055 0.2150
vn 0.5712 0.8009 0.1797
vn 0.6195 0.7340 0.2783
vn 0.5801 0.7570 0.3006
vn 0.5726 0.7622 0.3020
vn 0.5425 0.7791 0.3140
vn 0.5481 0.7753 0.3138
vn 0.4983 0.8032 0.3264
vn 0.5165 0.7900 0.3303
vn 0.4377 0.8337 0.3367
vn 0.4637 0.8111 0.3566
vn 0.3532 0.8714 0.3405
vn 0.4130 0.9068 0.0839
vn 0.4352 0.8973 0.0742
vn 0.3251 0.9234 0.2040
vn 0.3848 0.8921 0.2367
vn 0.2783 0.8943 0.3505
vn 0.3678 0.8439 0.3906
vn 0.2837 0.8385 0.4652
vn 0.3826 0.7886 0.4814
vn 0.4880 0.7443 0.4559
vn 0.4776 0.7504 0.4570
vn 0.5347 0.7236 0.4364
vn 0.5432 0.7186 0.4342
vn 0.5608 0.7100 0.4258
vn 0.5969 0.6890 0.4110
vn 0.5821 0.6960 0.4204
vn 0.6533 0.6547 0.3803
vn 0.6153 0.6701 0.4152
vn 0.1560 0.9872 0.0323
vn -0.7308 0.6772 0.0860
vn -0.7313 0.6767 0.0856
vn -0.3196 0.9455 0.0618
vn -0.3214 0.9450 0.0609
vn 0.1688 0.9854 0.0229
vn -0.9606 0.2436 0.1335
vn -0.9652 0.2456 0.0895
vn -0.9653 0.2453 0.0894
vn -0.9603 0.2448 0.1338
vn -0.7289 0.6726 0.1281
vn -0.7270 0.6747 0.1274
vn -0.3248 0.9413 0.0924
vn -0.3186 0.9436 0.0901
vn 0.1670 0.9854 0.0334
vn 0.1658 0.9859 0.0214
vn 0.1424 0.9887 0.0474
vn 0.1585 0.9862 0.0480
vn -0.3282 0.9353 0.1321
vn -0.3185 0.9386 0.1329
vn -0.7227 0.6657 0.1858
vn -0.7198 0.6687 0.1865
vn -0.9501 0.2422 0.1964
vn -0.9506 0.2407 0.1960
vn -0.8932 0.4361 0.1097
vn -0.9402 0.3384 0.0392
vn -0.6222 0.7776 0.0908
vn -0.6845 0.7276 0.0450
vn -0.2321 0.9708 0.0610
vn -0.2804 0.9592 0.0358
vn 0.2026 0.9790 0.0241
vn 0.1844 0.9827 0.0156
vn -0.8130 0.5617 0.1536
vn -0.8973 0.4380 0.0548
vn -0.5313 0.8383 0.1223
vn -0.6245 0.7787 0.0607
vn -0.1652 0.9830 0.0799
vn -0.2331 0.9713 0.0476
vn 0.2276 0.9733 0.0309
vn 0.2024 0.9791 0.0206
vn -0.0000 -1.0000 0.0001
vn -0.0001 -1.0000 -0.0008
vn 0.0010 -1.0000 0.0009
vn -0.7012 -0.5100 -0.4982
vn -0.7080 -0.4751 -0.5225
vn -0.7074 -0.0090 -0.7067
vn -0.7037 -0.0231 -0.7101
vn -0.7089 -0.0970 -0.6986
vn -0.7024 -0.1273 -0.7003
vn -0.7088 -0.1742 -0.6836
vn -0.7070 -0.1930 -0.6803
vn -0.7071 -0.2172 -0.6730
vn -0.7027 -0.2696 -0.6585
vn -0.7117 -0.2417 -0.6596
vn -0.7030 -0.3250 -0.6326
vn -0.7067 -0.3084 -0.6368
vn -0.7068 -0.3607 -0.6085
vn -0.7080 -0.3544 -0.6109
vn -0.7040 -0.4213 -0.5718
vn -0.7061 -0.4148 -0.5739
vn -0.7071 -0.4604 -0.5368
vn -0.0031 0.0786 -0.9969
vn -0.0000 0.1072 -0.9942
vn 0.9647 0.0396 -0.2602
vn -0.0010 0.0786 -0.9969
vn -0.0000 0.7453 -0.6668
vn -0.0000 0.6952 -0.7188
vn -0.0000 0.6452 -0.7641
vn -0.0000 0.5711 -0.8209
vn -0.0000 0.5144 -0.8576
vn -0.0000 0.4438 -0.8961
vn -0.0000 0.3703 -0.9289
vn -0.0000 0.3068 -0.9518
vn -0.0000 0.2167 -0.9762
vn -0.0000 0.1503 -0.9886
vn 0.5996 0.0638 -0.7978
vn 0.3896 0.0691 -0.9184
vn 0.0020 0.0786 -0.9969
vn 0.3339 0.6999 -0.6314
vn 0.6433 0.5004 -0.5794
vn 0.0683 0.7435 -0.6652
vn 0.0882 0.7327 -0.6748
vn 0.0882 0.6925 -0.7160
vn 0.1389 0.6389 -0.7566
vn 0.0880 0.6642 -0.7423
vn 0.0881 0.5689 -0.8177
vn 0.1068 0.5572 -0.8235
vn 0.0882 0.5124 -0.8542
vn 0.0880 0.4421 -0.8927
vn 0.0882 0.3689 -0.9253
vn 0.1068 0.3173 -0.9423
vn 0.0881 0.3056 -0.9481
vn 0.1275 0.0841 -0.9883
vn 0.0782 0.0984 -0.9921
vn 0.0882 0.2158 -0.9724
vn 0.1176 0.1873 -0.9752
vn 0.0882 0.1497 -0.9848
vn 0.0882 0.0916 -0.9919
vn 0.0189 0.0789 -0.9967
vn 0.2374 0.0831 -0.9678
vn 0.1778 0.0773 -0.9810
vn 0.1477 0.0802 -0.9858
vn 0.4611 0.0863 -0.8831
vn 0.6699 0.0602 -0.7400
vn 0.6419 0.0835 -0.7622
vn 0.6411 0.1447 -0.7537
vn 0.6411 0.2449 -0.7274
vn 0.6419 0.2963 -0.7072
vn 0.6367 0.3453 -0.6894
vn 0.6411 0.3406 -0.6878
vn 0.6411 0.4301 -0.6356
vn 0.6415 0.5008 -0.5811
vn 0.5984 0.5342 -0.5971
vn 0.6045 0.6173 -0.5035
vn 0.5321 0.0701 -0.8438
vn 0.4800 0.1000 -0.8715
vn 0.4792 0.1655 -0.8620
vn 0.4792 0.2801 -0.8318
vn 0.4792 0.3895 -0.7865
vn 0.4792 0.4919 -0.7269
vn 0.4792 0.5853 -0.6541
vn 0.4794 0.5903 -0.6494
vn 0.4550 0.6465 -0.6124
vn 0.3150 0.0842 -0.9453
vn 0.2809 0.1051 -0.9540
vn 0.2803 0.1810 -0.9427
vn 0.2803 0.3063 -0.9097
vn 0.2803 0.4260 -0.8602
vn 0.2803 0.5379 -0.7950
vn 0.2803 0.6401 -0.7154
vn 0.2809 0.6874 -0.6697
vn 0.2049 0.7339 -0.6476
vn 0.9603 0.2448 0.1336
vn 0.3197 0.9456 0.0608
vn 0.3213 0.9449 0.0620
vn 0.7308 0.6772 0.0856
vn 0.7313 0.6767 0.0860
vn 0.9653 0.2452 0.0895
vn -0.1667 0.9855 0.0310
vn -0.1660 0.9859 0.0231
vn -0.1687 0.9854 0.0212
vn -0.1564 0.9871 0.0348
vn 0.3250 0.9413 0.0908
vn 0.3184 0.9435 0.0917
vn 0.7290 0.6726 0.1275
vn 0.7270 0.6746 0.1280
vn 0.9606 0.2436 0.1338
vn 0.9653 0.2456 0.0894
vn 0.9502 0.2422 0.1961
vn 0.9505 0.2406 0.1964
vn 0.7226 0.6656 0.1868
vn 0.7199 0.6688 0.1856
vn 0.3277 0.9352 0.1343
vn 0.3188 0.9388 0.1307
vn -0.1432 0.9884 0.0509
vn -0.1579 0.9864 0.0444
vn -0.2019 0.9793 0.0144
vn -0.1850 0.9824 0.0246
vn 0.2340 0.9716 0.0350
vn 0.2789 0.9584 0.0601
vn 0.6252 0.7789 0.0483
vn 0.6820 0.7265 0.0848
vn 0.8975 0.4381 0.0509
vn 0.9368 0.3369 0.0943
vn -0.2261 0.9739 0.0184
vn -0.2031 0.9786 0.0320
vn 0.1690 0.9845 0.0458
vn 0.2308 0.9698 0.0784
vn 0.5374 0.8407 0.0662
vn 0.6203 0.7764 0.1114
vn 0.8213 0.5654 0.0757
vn 0.8915 0.4354 0.1256
vn -0.5797 0.7962 0.1731
vn 0.8070 0.5586 0.1914
vn 0.5257 0.8348 0.1636
vn 0.7345 0.6659 0.1309
vn 0.7057 0.6522 0.2768
vn 0.5960 0.7737 0.2151
vn 0.5439 0.7487 0.3790
vn 0.4168 0.8556 0.3071
vn 0.3435 0.8206 0.4567
vn 0.2991 0.8790 0.3713
vn 0.2146 0.8358 0.5054
vn 0.1247 0.9023 0.4127
vn 0.0167 0.8481 0.5295
vn 0.0362 0.8927 0.4492
vn -0.0724 0.8340 0.5469
vn -0.1046 0.8846 0.4544
vn -0.2415 0.8130 0.5299
vn -0.1797 0.8616 0.4748
vn -0.2933 0.7986 0.5255
vn -0.2548 0.8344 0.4887
vn -0.4117 0.7715 0.4851
vn -0.4494 0.7475 0.4892
vn -0.3960 0.7933 0.4624
vn -0.5245 0.7216 0.4518
vn -0.4802 0.7531 0.4497
vn -0.5600 0.7085 0.4295
vn -0.5434 0.7195 0.4325
vn -0.5815 0.6982 0.4176
vn -0.5972 0.6880 0.4124
vn -0.6051 0.6836 0.4081
vn -0.6561 0.6489 0.3852
vn -0.5998 0.7459 0.2897
vn -0.5733 0.7607 0.3043
vn -0.5798 0.7579 0.2991
vn -0.5481 0.7761 0.3119
vn -0.5426 0.7786 0.3153
vn -0.5189 0.7921 0.3214
vn -0.4975 0.8014 0.3322
vn -0.4768 0.8131 0.3339
vn -0.4317 0.8303 0.3525
vn -0.4102 0.8424 0.3494
vn -0.3290 0.8673 0.3736
vn -0.3319 0.8656 0.3749
vn -0.2670 0.8933 0.3616
vn -0.2792 0.8868 0.3683
vn -0.1601 0.9128 0.3758
vn -0.1660 0.9095 0.3812
vn -0.0869 0.9323 0.3512
vn -0.0966 0.9273 0.3617
vn 0.0487 0.9384 0.3421
vn 0.0473 0.9377 0.3443
vn 0.1488 0.9428 0.2983
vn 0.1470 0.9420 0.3019
vn 0.3022 0.9197 0.2505
vn 0.3062 0.9217 0.2380
vn 0.4390 0.8816 0.1732
vn 0.4506 0.8860 0.1095
vn 0.1614 0.9805 0.1120
vn -0.6215 0.7304 0.2833
vn -0.5684 0.8040 0.1746
vn -0.5501 0.8144 0.1848
vn -0.5534 0.8129 0.1815
vn -0.5322 0.8250 0.1900
vn -0.5307 0.8257 0.1911
vn -0.5113 0.8368 0.1961
vn -0.5034 0.8402 0.2016
vn -0.4822 0.8521 0.2033
vn -0.4636 0.8595 0.2151
vn -0.4383 0.8736 0.2114
vn -0.4009 0.8865 0.2310
vn -0.3929 0.8910 0.2274
vn -0.3602 0.9057 0.2233
vn -0.3574 0.9073 0.2217
vn -0.2949 0.9257 0.2369
vn -0.2904 0.9282 0.2328
vn -0.2464 0.9437 0.2206
vn -0.2451 0.9444 0.2192
vn -0.1613 0.9619 0.2210
vn -0.1563 0.9645 0.2129
vn -0.0954 0.9765 0.1935
vn -0.0920 0.9781 0.1865
vn 0.0053 0.9856 0.1689
vn 0.0113 0.9886 0.1500
vn 0.0987 0.9877 0.1211
vn 0.1078 0.9915 0.0734
vn -0.2290 0.9724 0.0441
vn -0.2495 0.9680 0.0276
vn -0.2557 0.9649 0.0604
vn -0.2822 0.9586 0.0388
vn -0.2942 0.9526 0.0771
vn -0.3205 0.9459 0.0499
vn -0.3369 0.9379 0.0832
vn -0.3453 0.9365 0.0604
vn -0.3648 0.9266 0.0918
vn -0.3785 0.9235 0.0624
vn -0.4013 0.9118 0.0870
vn -0.3981 0.9146 0.0703
vn -0.4213 0.9023 0.0915
vn -0.4235 0.9034 0.0678
vn -0.4482 0.8902 0.0813
vn -0.4411 0.8945 0.0726
vn -0.4637 0.8821 0.0829
vn -0.4598 0.8853 0.0695
vn -0.4862 0.8707 0.0733
vn -0.4823 0.8733 0.0687
vn -0.4995 0.8637 0.0673
vn -0.4978 0.8647 0.0665
vn -0.5082 0.8589 0.0638
vn -0.5088 0.8585 0.0640
vn -0.5154 0.8548 0.0613
vn -0.5182 0.8530 0.0615
vn -0.5235 0.8500 0.0585
vn -0.5287 0.8468 0.0587
vn -0.2903 -0.9569 -0.0076
vn 0.2906 -0.9568 -0.0082
vn 0.2379 -0.9713 0.0027
vn 0.2205 -0.9748 -0.0335
vn 0.2028 -0.9792 -0.0086
vn 0.1238 -0.9922 0.0146
vn 0.1432 -0.9894 -0.0221
vn 0.0407 -0.9989 0.0234
vn 0.0662 -0.9973 -0.0325
vn 0.0131 -0.9999 -0.0000
vn -0.0106 -0.9999 -0.0000
vn -0.0434 -0.9989 -0.0160
vn -0.0598 -0.9981 0.0125
vn -0.1295 -0.9915 -0.0134
vn -0.1371 -0.9905 0.0094
vn -0.1970 -0.9804 -0.0062
vn -0.2213 -0.9746 -0.0356
vn -0.2243 -0.9742 -0.0253
vn -0.2379 -0.9713 0.0030
vn -0.7227 0.5018 0.4753
vn -0.7230 0.5013 0.4754
vn -0.7353 0.3146 0.6003
vn -0.7302 0.1203 0.6726
vn -0.6568 0.6833 0.3188
vn -0.6565 0.6836 0.3189
vn -0.0449 0.9312 0.3618
vn -0.0251 0.1626 0.9864
vn -0.0599 0.3165 0.9467
vn -0.5240 0.1030 0.8455
vn -0.4931 0.2603 0.8301
vn -0.4673 0.0251 0.8837
vn -0.3955 0.2299 0.8892
vn -0.3910 0.1466 0.9087
vn -0.2944 0.1550 0.9430
vn -0.2940 0.2518 0.9221
vn -0.1989 0.1073 0.9741
vn -0.1804 0.3206 0.9299
vn -0.1377 0.1843 0.9732
vn -0.0831 0.1757 0.9809
vn -0.5615 0.0800 0.8236
vn -0.6012 0.2751 0.7503
vn -0.5816 -0.1301 0.8030
vn -0.6842 0.3578 0.6355
vn -0.6764 0.0296 0.7360
vn -0.7207 0.0674 0.6900
vn -0.7102 0.0139 0.7039
vn -0.0592 0.4871 0.8713
vn -0.0652 0.5406 0.8387
vn -0.1854 0.5326 0.8258
vn -0.1843 0.5238 0.8317
vn -0.3061 0.5077 0.8054
vn -0.3042 0.4933 0.8149
vn -0.4176 0.4707 0.7773
vn -0.4150 0.4516 0.7898
vn -0.5177 0.4242 0.7430
vn -0.5146 0.4012 0.7578
vn -0.6064 0.3705 0.7036
vn -0.6028 0.3444 0.7197
vn -0.6838 0.3120 0.6596
vn -0.6799 0.2836 0.6763
vn -0.7400 0.2561 0.6219
vn -0.0554 0.7585 0.6493
vn -0.0615 0.8308 0.5532
vn -0.1687 0.8234 0.5418
vn -0.1683 0.8176 0.5507
vn -0.2789 0.8029 0.5268
vn -0.2791 0.7933 0.5411
vn -0.3818 0.7728 0.5069
vn -0.3831 0.7596 0.5256
vn -0.4756 0.7349 0.4835
vn -0.4781 0.7184 0.5052
vn -0.5600 0.6912 0.4569
vn -0.5639 0.6716 0.4806
vn -0.6350 0.6433 0.4278
vn -0.6401 0.6212 0.4521
vn -0.6896 0.5988 0.4072
vn -0.6567 0.6834 0.3189
vn -0.5328 0.8379 0.1188
vn -0.5390 0.8322 0.1303
vn -0.5012 0.8495 0.1649
vn -0.4884 0.8618 0.1369
vn -0.4377 0.8820 0.1746
vn -0.4275 0.8920 0.1472
vn -0.3678 0.9118 0.1825
vn -0.3605 0.9194 0.1571
vn -0.2921 0.9377 0.1883
vn -0.2876 0.9432 0.1665
vn -0.2112 0.9584 0.1919
vn -0.2092 0.9621 0.1752
vn -0.1408 0.9716 0.1901
vn -0.1394 0.9490 0.2829
vn -0.0973 0.9777 0.1859
vn -0.0470 0.9805 0.1910
vn -0.0374 0.9942 0.1010
vn 0.5328 0.8379 0.1188
vn 0.0725 0.1738 0.9821
vn 0.0666 0.4869 0.8709
vn 0.0449 0.9312 0.3618
vn 0.0695 0.7578 0.6488
vn 0.6281 0.7075 0.3239
vn 0.6660 0.6630 0.3418
vn 0.7302 0.1203 0.6726
vn 0.7360 0.4149 0.5350
vn 0.7100 0.0138 0.7041
vn 0.6002 0.2646 0.7548
vn 0.5868 -0.1179 0.8011
vn 0.6842 0.3522 0.6386
vn 0.6768 0.0299 0.7356
vn 0.7206 0.0669 0.6901
vn 0.1249 0.1821 0.9753
vn 0.1935 0.2839 0.9391
vn 0.1677 0.1184 0.9787
vn 0.2957 0.2156 0.9306
vn 0.2840 0.1552 0.9462
vn 0.3890 0.1448 0.9098
vn 0.3941 0.1676 0.9037
vn 0.4753 0.0918 0.8750
vn 0.4989 0.1922 0.8451
vn 0.5257 0.1011 0.8446
vn 0.5620 0.0788 0.8234
vn 0.0374 0.9942 0.1010
vn 0.0470 0.9805 0.1910
vn 0.0973 0.9777 0.1859
vn 0.1394 0.9490 0.2829
vn 0.5847 0.7879 0.1934
vn 0.5413 0.8310 0.1281
vn 0.5036 0.8485 0.1627
vn 0.4858 0.8630 0.1389
vn 0.4402 0.8811 0.1727
vn 0.4249 0.8929 0.1488
vn 0.3702 0.9111 0.1811
vn 0.3580 0.9202 0.1583
vn 0.2943 0.9372 0.1873
vn 0.2854 0.9437 0.1673
vn 0.2128 0.9582 0.1914
vn 0.2074 0.9624 0.1756
vn 0.1408 0.9716 0.1901
vn 0.0499 0.8310 0.5541
vn 0.1687 0.8234 0.5418
vn 0.1683 0.8176 0.5507
vn 0.2789 0.8029 0.5268
vn 0.2791 0.7933 0.5411
vn 0.3818 0.7728 0.5069
vn 0.3831 0.7596 0.5256
vn 0.4756 0.7349 0.4835
vn 0.4781 0.7184 0.5052
vn 0.5600 0.6912 0.4569
vn 0.5639 0.6716 0.4806
vn 0.6350 0.6433 0.4278
vn 0.6401 0.6212 0.4521
vn 0.6951 0.5960 0.4019
vn 0.7076 0.5264 0.4714
vn 0.0144 0.1627 0.9866
vn 0.0598 0.2808 0.9579
vn 0.0586 0.5408 0.8391
vn 0.1854 0.5326 0.8258
vn 0.1843 0.5238 0.8316
vn 0.3061 0.5077 0.8054
vn 0.3042 0.4933 0.8149
vn 0.4176 0.4707 0.7773
vn 0.4150 0.4516 0.7898
vn 0.5177 0.4242 0.7430
vn 0.5146 0.4012 0.7578
vn 0.6064 0.3705 0.7036
vn 0.6028 0.3444 0.7197
vn 0.6838 0.3120 0.6596
vn 0.6799 0.2836 0.6763
vn 0.7371 0.2575 0.6248
vn 0.7412 0.3068 0.5971
vn 0.3660 -0.1712 0.9148
vn 0.2638 -0.1477 0.9532
vn 0.1671 -0.1182 0.9788
vn -0.0280 -0.9803 0.1955
vn -0.0275 -0.9857 0.1662
vn -0.0064 -0.8746 0.4848
vn 0.0111 -0.8093 0.5873
vn 0.0165 -0.7173 0.6966
vn 0.0296 -0.5899 0.8069
vn 0.0454 -0.4652 0.8840
vn 0.0453 -0.3767 0.9252
vn 0.1087 -0.1317 0.9853
vn 0.0564 -0.2659 0.9623
vn 0.0509 -0.3013 0.9522
vn 0.0158 -0.1087 0.9939
vn 0.2569 -0.2810 0.9247
vn -0.1870 -0.9631 0.1934
vn -0.2057 -0.9645 0.1653
vn 0.0117 -0.8553 0.5180
vn 0.0265 -0.8385 0.5442
vn 0.2369 -0.5669 0.7890
vn 0.2497 -0.5388 0.8046
vn 0.4065 -0.1817 0.8954
vn 0.3670 -0.3223 0.8726
vn -0.1354 -0.9704 0.2002
vn -0.1473 -0.9733 0.1763
vn 0.0268 -0.8218 0.5691
vn 0.0139 -0.8353 0.5496
vn 0.1931 -0.4993 0.8446
vn 0.1815 -0.5212 0.8339
vn 0.2512 -0.3285 0.9105
vn 0.3251 -0.1606 0.9319
vn -0.0821 -0.9758 0.2029
vn -0.0874 -0.9785 0.1868
vn 0.0183 -0.8099 0.5863
vn 0.0125 -0.8194 0.5731
vn 0.1207 -0.4714 0.8736
vn 0.1155 -0.4860 0.8663
vn 0.1546 -0.3047 0.9398
vn 0.2262 -0.1412 0.9638
vn -0.4175 -0.1855 0.8895
vn -0.3662 -0.1718 0.9146
vn -0.2319 -0.1426 0.9622
vn -0.2638 -0.1480 0.9532
vn -0.2562 -0.2896 0.9222
vn -0.0632 -0.2507 0.9660
vn -0.1100 -0.1290 0.9855
vn -0.1290 -0.1307 0.9830
vn -0.0225 -0.1087 0.9938
vn -0.0486 -0.3327 0.9418
vn -0.0453 -0.3767 0.9252
vn -0.0454 -0.4652 0.8840
vn -0.0296 -0.5899 0.8069
vn -0.0165 -0.7173 0.6966
vn -0.0111 -0.8093 0.5873
vn 0.0064 -0.8746 0.4848
vn 0.0859 -0.9787 0.1864
vn 0.2032 -0.9654 0.1638
vn -0.3664 -0.2920 0.8835
vn -0.2341 -0.5658 0.7906
vn -0.2527 -0.5395 0.8032
vn -0.0089 -0.8543 0.5197
vn -0.0296 -0.8393 0.5429
vn 0.1898 -0.9624 0.1946
vn 0.1451 -0.9738 0.1753
vn 0.1377 -0.9699 0.2009
vn -0.0268 -0.8218 0.5691
vn -0.0139 -0.8353 0.5496
vn -0.1931 -0.4993 0.8446
vn -0.1815 -0.5212 0.8339
vn -0.2508 -0.3297 0.9102
vn -0.3267 -0.1617 0.9312
vn 0.0303 -0.9856 0.1662
vn 0.0257 -0.9804 0.1952
vn 0.0836 -0.9756 0.2031
vn -0.0183 -0.8099 0.5863
vn -0.0125 -0.8194 0.5731
vn -0.1207 -0.4714 0.8736
vn -0.1155 -0.4860 0.8663
vn -0.1692 -0.2252 0.9595
vn -0.1554 -0.2796 0.9474
vn 0.9913 -0.0270 0.1287
vn 0.9892 0.0038 0.1463
vn 0.9893 -0.0424 0.1394
vn 0.9841 -0.0666 0.1648
vn 0.9912 -0.0001 0.1322
vn 0.9912 0.0002 0.1322
vn 0.9912 0.0003 0.1322
vn 0.9912 0.0003 0.1323
vn 0.9912 0.0002 0.1321
vn 0.9927 -0.0017 0.1206
vn 0.9914 -0.0000 0.1312
vn 0.9913 -0.0000 0.1317
vn 0.9912 -0.0001 0.1320
vn 0.9912 -0.0002 0.1321
vn 0.9912 -0.0003 0.1322
vn 0.9912 -0.0003 0.1323
vn 0.9912 -0.0002 0.1322
vn 0.9913 -0.0000 0.1318
vn 0.9918 -0.0006 0.1276
vn 0.9925 0.0102 0.1218
vn 0.9927 0.0067 0.1201
vn 0.9932 0.0015 0.1163
vn 0.9975 -0.0018 0.0710
vn 0.9974 -0.0000 0.0716
vn 0.9937 0.0002 0.1119
vn 0.9938 -0.0000 0.1108
vn 0.9940 -0.0000 0.1093
vn 0.9940 -0.0000 0.1094
vn 0.9942 -0.0000 0.1077
vn 0.9944 0.0005 0.1052
vn 0.9948 0.0028 0.1018
vn 0.9951 0.0067 0.0985
vn 0.9954 0.0119 0.0953
vn 0.9956 0.0080 0.0934
vn 0.9962 0.0006 0.0866
vn -0.9839 -0.0662 0.1662
vn -0.9883 -0.0495 0.1446
vn -0.9891 -0.0512 0.1380
vn -0.9975 -0.0000 0.0710
vn -0.9933 0.0016 0.1153
vn -0.9912 -0.0001 0.1322
vn -0.9912 -0.0003 0.1322
vn -0.9912 -0.0003 0.1323
vn -0.9912 -0.0002 0.1321
vn -0.9913 -0.0000 0.1317
vn -0.9914 -0.0000 0.1312
vn -0.9928 0.0089 0.1197
vn -0.9923 0.0030 0.1236
vn -0.9915 -0.0002 0.1301
vn -0.9915 -0.0002 0.1302
vn -0.9913 -0.0000 0.1318
vn -0.9912 0.0002 0.1321
vn -0.9912 0.0003 0.1323
vn -0.9912 0.0002 0.1322
vn -0.9977 0.0164 0.0657
vn -0.9970 -0.0008 0.0774
vn -0.9954 0.0019 0.0953
vn -0.9957 0.0204 0.0900
vn -0.9946 -0.0015 0.1035
vn -0.0000 1.0000 0.0002
vn 0.0012 1.0000 -0.0010
vn 0.0027 1.0000 -0.0017
vn -0.0197 0.9998 -0.0066
vn -0.0226 0.9997 -0.0075
vn -0.0141 0.9999 -0.0040
vn -0.0217 0.9997 -0.0056
vn -0.0000 1.0000 0.0001
vn 0.0007 1.0000 -0.0006
vn 0.0004 1.0000 -0.0004
vn 0.0002 1.0000 -0.0002
vn 0.0007 1.0000 -0.0005
vn 0.0018 1.0000 -0.0024
vn 0.0012 1.0000 -0.0018
vn 0.0016 1.0000 -0.0028
vn 0.0003 1.0000 -0.0012
vn 0.0001 1.0000 -0.0003
vn -0.0000 1.0000 -0.0001
vn -0.0001 1.0000 0.0002
vn -0.0000 1.0000 0.0003
vn 0.0001 1.0000 -0.0002
vn -0.0008 1.0000 -0.0017
vn 0.0006 1.0000 -0.0002
vn -0.0041 1.0000 0.0012
vn 0.0106 0.9999 -0.0051
vn 0.0165 0.9998 -0.0087
vn -0.0009 1.0000 -0.0001
vn 0.0325 0.9995 0.0054
vn 0.0133 0.9999 0.0020
vn 0.0592 0.9982 0.0086
vn 0.0219 0.9998 0.0028
vn 0.0025 1.0000 0.0003
vn -0.0021 1.0000 -0.0034
vn -0.0021 1.0000 -0.0031
vn -0.0018 1.0000 -0.0021
vn -0.0007 1.0000 -0.0009
vn -0.0006 1.0000 -0.0006
vn -0.0010 1.0000 -0.0010
vn -0.0008 1.0000 -0.0006
vn -0.0007 1.0000 -0.0005
vn -0.0011 1.0000 -0.0012
vn -0.0027 1.0000 -0.0016
vn -0.0038 1.0000 -0.0025
vn -0.0181 0.9998 -0.0085
vn -0.0203 0.9997 -0.0098
vn -0.0249 0.9996 -0.0103
vn -0.0250 0.9996 -0.0100
vn 0.0099 0.9999 -0.0045
vn 0.0187 0.9998 -0.0057
vn 0.0007 1.0000 -0.0002
vn 0.0004 1.0000 -0.0001
vn 0.0051 1.0000 0.0006
vn 0.0117 0.9999 0.0023
vn 0.0244 0.9997 0.0051
vn -0.0089 1.0000 -0.0015
vn -0.0099 0.9999 -0.0017
vn 0.0036 1.0000 -0.0014
vn 0.0046 1.0000 -0.0012
vn 0.0045 1.0000 -0.0012
vn 0.0022 1.0000 -0.0000
vn -0.0033 1.0000 0.0007
vn -0.0033 1.0000 0.0009
vn -0.0041 1.0000 0.0008
vn -0.0011 1.0000 -0.0001
vn -0.0022 1.0000 0.0004
vn -0.0023 1.0000 0.0003
vn -0.0001 1.0000 -0.0000
vn -0.0004 1.0000 0.0003
vn 0.6679 -0.4855 -0.5642
vn 0.7314 -0.4750 -0.4893
vn 0.7074 -0.0054 -0.7068
vn 0.7089 -0.0117 -0.7052
vn 0.7129 -0.1229 -0.6904
vn 0.7079 -0.1024 -0.6988
vn 0.7067 -0.0545 -0.7054
vn 0.7127 -0.4755 -0.5156
vn 0.7051 -0.4295 -0.5642
vn 0.7097 -0.3799 -0.5933
vn 0.7039 -0.3619 -0.6112
vn 0.7073 -0.3243 -0.6281
vn 0.7053 -0.2746 -0.6536
vn 0.7122 -0.2487 -0.6564
vn 0.7083 -0.2179 -0.6714
vn 0.7050 -0.1723 -0.6880
vn -0.1301 0.9900 0.0538
vn 0.9447 0.2379 0.2259
vn 0.9453 0.2360 0.2253
vn 0.7213 0.6594 0.2121
vn 0.7255 0.6552 0.2108
vn 0.3336 0.9307 0.1502
vn 0.3430 0.9274 0.1489
vn -0.1302 0.9900 0.0543
vn -0.1162 0.9918 0.0531
vn -0.1441 0.9880 0.0551
vn 0.3334 0.9306 0.1507
vn 0.3239 0.9338 0.1521
vn 0.7211 0.6593 0.2128
vn 0.7169 0.6635 0.2142
vn 0.9446 0.2378 0.2262
vn 0.9440 0.2397 0.2269
vn 0.1917 0.9814 0.0017
vn 0.1643 0.9864 -0.0000
vn 0.2120 0.9773 -0.0000
vn 0.3569 0.9341 0.0101
vn 0.3497 0.9368 0.0064
vn 0.3457 0.9383 0.0046
vn 0.3454 0.9385 0.0044
vn 0.3460 0.9382 0.0047
vn 0.3477 0.9376 0.0052
vn 0.3510 0.9363 0.0063
vn 0.3509 0.9364 0.0063
vn 0.2420 0.9703 0.0009
vn 0.2279 0.9737 0.0001
vn 0.2789 0.9603 -0.0000
vn 0.3092 0.9510 0.0069
vn 0.3079 0.9514 0.0025
vn 0.3015 0.9535 -0.0025
vn 0.2669 0.9637 0.0090
vn 0.2404 0.9703 0.0255
vn 0.3439 0.9390 0.0050
vn 0.3345 0.9424 0.0037
vn 0.3187 0.9479 0.0019
vn 0.3092 0.9510 0.0083
vn 0.3062 0.9519 0.0106
vn 0.5122 0.8588 -0.0090
vn 0.5189 0.8548 0.0055
vn 0.5051 0.8630 -0.0025
vn 0.5010 0.8654 0.0037
vn 0.4988 0.8666 0.0135
vn 0.5022 0.8646 0.0161
vn 0.4964 0.8680 0.0118
vn 0.4911 0.8710 0.0082
vn 0.4852 0.8744 0.0047
vn 0.4604 0.8877 -0.0060
vn 0.4776 0.8786 0.0018
vn 0.4382 0.8989 -0.0065
vn 0.4669 0.8842 0.0130
vn 0.4602 0.8878 0.0087
vn 0.4533 0.8913 0.0056
vn 0.4466 0.8948 0.0030
vn 0.2686 0.9624 -0.0409
vn 0.3371 0.9414 -0.0130
vn 0.4102 0.9120 0.0035
vn 0.3962 0.9182 -0.0009
vn 0.4312 0.9023 0.0002
vn 0.4386 0.8987 0.0013
vn 0.1717 0.9852 0.0006
vn 0.1379 0.9904 -0.0001
vn 0.1099 0.9939 0.0002
vn 0.1042 0.9946 -0.0000
vn 0.0763 0.9971 -0.0000
vn 0.0439 0.9990 -0.0007
vn 0.0324 0.9995 -0.0000
vn -0.0324 0.9995 -0.0000
vn -0.0439 0.9990 -0.0007
vn -0.0763 0.9971 -0.0000
vn -0.1042 0.9946 -0.0000
vn -0.1099 0.9939 0.0002
vn -0.1379 0.9904 -0.0001
vn -0.1717 0.9852 0.0006
vn -0.1917 0.9814 0.0017
vn -0.2108 0.9775 0.0029
vn -0.2391 0.9710 0.0056
vn -0.1632 0.9866 -0.0040
vn -0.2975 0.9547 0.0008
vn -0.2279 0.9737 0.0001
vn -0.2598 0.9657 -0.0000
vn -0.2750 0.9614 0.0001
vn -0.3094 0.9509 0.0015
vn -0.3180 0.9481 0.0021
vn -0.3272 0.9449 0.0029
vn -0.3460 0.9382 0.0047
vn -0.3454 0.9385 0.0044
vn -0.3457 0.9383 0.0046
vn -0.3295 0.9441 0.0031
vn -0.3345 0.9424 0.0037
vn -0.3439 0.9390 0.0050
vn -0.3509 0.9364 0.0063
vn -0.3510 0.9363 0.0063
vn -0.3477 0.9376 0.0052
vn -0.3962 0.9182 -0.0009
vn -0.4102 0.9120 0.0035
vn -0.3497 0.9368 0.0064
vn -0.3569 0.9341 0.0101
vn -0.2686 0.9624 -0.0409
vn -0.3371 0.9414 -0.0130
vn -0.4312 0.9023 0.0002
vn -0.4386 0.8987 0.0013
vn -0.4466 0.8948 0.0030
vn -0.4533 0.8913 0.0056
vn -0.4602 0.8878 0.0087
vn -0.4403 0.8978 -0.0038
vn -0.4720 0.8816 0.0006
vn -0.4647 0.8855 -0.0009
vn -0.4777 0.8785 0.0014
vn -0.4852 0.8744 0.0047
vn -0.4998 0.8661 0.0096
vn -0.4994 0.8663 0.0140
vn -0.4964 0.8680 0.0118
vn -0.4911 0.8710 0.0082
vn -0.5010 0.8654 0.0037
vn -0.5051 0.8631 -0.0025
vn -0.5189 0.8548 0.0055
vn -0.5122 0.8588 -0.0090
vn -0.9445 0.2378 0.2268
vn 0.1293 0.9903 0.0502
vn 0.1171 0.9915 0.0572
vn -0.3342 0.9309 0.1473
vn -0.3424 0.9272 0.1518
vn -0.7216 0.6595 0.2104
vn -0.7251 0.6550 0.2126
vn -0.9448 0.2379 0.2253
vn -0.9451 0.2360 0.2259
vn -0.9441 0.2397 0.2263
vn -0.7207 0.6592 0.2146
vn -0.7173 0.6636 0.2124
vn -0.3328 0.9304 0.1537
vn -0.3246 0.9340 0.1491
vn 0.1310 0.9897 0.0580
vn 0.1432 0.9884 0.0510
vn 0.7670 0.5501 0.3303
vn 0.7231 0.6683 0.1743
vn 0.7121 0.6450 0.2773
vn 0.7137 0.6314 0.3032
vn 0.7554 0.5875 0.2902
vn 0.7500 0.6063 0.2643
vn 0.6475 0.7494 0.1383
vn 0.6339 0.7583 0.1525
vn 0.6125 0.7864 0.0802
vn 0.6620 0.6774 0.3207
vn 0.6425 0.6563 0.3955
vn 0.6430 0.7180 0.2664
vn 0.5692 0.8144 0.1127
vn 0.5624 0.8056 0.1864
vn 0.5385 0.8411 0.0510
vn 0.6811 0.6646 0.3073
vn 0.6817 0.6656 0.3037
vn 0.5835 0.8049 0.1081
vn 0.5838 0.8057 0.1001
vn 0.5229 0.7475 0.4096
vn 0.5231 0.7396 0.4235
vn 0.5350 0.7237 0.4360
vn 0.5565 0.7018 0.4446
vn 0.5906 0.6713 0.4479
vn 0.6492 0.6207 0.4395
vn 0.4933 0.7249 0.4808
vn 0.4865 0.7290 0.4816
vn 0.2907 0.7988 0.5267
vn 0.2318 0.8135 0.5334
vn 0.0090 0.8916 0.4528
vn -0.1844 0.8432 0.5050
vn 0.1003 0.8241 0.5576
vn 0.0457 0.8528 0.5202
vn 0.1145 0.8355 0.5374
vn -0.7570 0.5996 0.2597
vn -0.5294 0.7576 0.3819
vn -0.4314 0.8083 0.4007
vn -0.0974 0.8768 0.4708
vn 0.0300 0.8827 0.4689
vn 0.1658 0.8676 0.4688
vn 0.4844 0.7697 0.4158
vn 0.4859 0.7689 0.4155
vn 0.4844 0.8151 0.3176
vn 0.4828 0.8160 0.3178
vn 0.0299 0.9314 0.3629
vn 0.0287 0.9314 0.3628
vn -0.4309 0.8408 0.3276
vn -0.4319 0.8404 0.3273
vn -0.5508 0.7777 0.3029
vn -0.7559 0.6175 0.2174
vn -0.8863 0.4358 0.1566
vn 0.1765 0.9842 0.0159
vn 0.1849 0.9825 0.0236
vn -0.3005 0.9530 0.0384
vn -0.2789 0.9585 0.0593
vn -0.7088 0.7036 0.0500
vn -0.6819 0.7264 0.0857
vn -0.9549 0.2933 0.0465
vn -0.9364 0.3367 0.0986
vn 0.1684 0.9856 0.0177
vn 0.1772 0.9838 0.0259
vn -0.3210 0.9461 0.0430
vn -0.2987 0.9521 0.0652
vn -0.7329 0.6781 0.0556
vn -0.7058 0.7022 0.0934
vn -0.9678 0.2464 0.0506
vn -0.9507 0.2915 0.1059
vn -0.9902 -0.1154 0.0785
vn -0.9906 0.0512 0.1272
vn -0.9854 -0.0603 0.1595
vn -0.9829 -0.0000 0.1840
vn -0.9224 0.3700 0.1109
vn -0.8864 0.4423 0.1367
vn -0.7213 0.6627 0.2014
vn -0.7559 0.6290 0.1816
vn -0.3554 0.8921 0.2790
vn -0.4324 0.8658 0.2519
vn 0.0785 0.9538 0.2901
vn 0.0287 0.9593 0.2810
vn 0.4973 0.8316 0.2472
vn 0.4834 0.8400 0.2465
vn -0.9446 0.3153 0.0910
vn -0.9105 0.3978 0.1129
vn -0.7189 0.6746 0.1678
vn -0.7215 0.6719 0.1670
vn -0.3542 0.9116 0.2088
vn -0.3561 0.9109 0.2085
vn 0.0774 0.9746 0.2099
vn 0.0774 0.9747 0.2099
vn 0.4941 0.8524 0.1712
vn 0.4958 0.8514 0.1710
vn -0.0000 0.0004 -1.0000
vn 0.0003 0.0005 -1.0000
vn -0.7550 -0.4411 -0.4852
vn -0.7766 -0.1935 -0.5996
vn -0.7854 -0.0088 -0.6189
vn -0.7707 -0.1573 -0.6174
vn -0.7858 -0.1086 -0.6089
vn -0.7720 -0.0874 -0.6296
vn -0.7750 -0.0220 -0.6316
vn -0.7198 -0.0088 -0.6941
vn -0.7585 -0.2716 -0.5924
vn -0.7732 -0.2203 -0.5947
vn -0.7752 -0.1891 -0.6028
vn -0.7904 -0.2320 -0.5669
vn -0.7671 -0.2932 -0.5707
vn -0.7553 -0.3515 -0.5531
vn -0.7888 -0.3134 -0.5288
vn -0.7260 -0.4079 -0.5536
vn -0.0000 -0.8604 0.5097
vn -0.0000 -0.0020 -1.0000
vn 0.0020 -0.0022 -1.0000
vn 0.0660 -0.0101 -0.9978
vn -0.0433 -0.0712 -0.9965
vn 0.2290 -0.1201 -0.9660
vn -0.3659 -0.1744 -0.9142
vn -0.0000 -0.2306 -0.9730
vn -0.0000 -0.2967 -0.9550
vn -0.3290 -0.3309 -0.8845
vn 0.1440 -0.3832 -0.9123
vn -0.1749 -0.4925 -0.8526
vn -0.0000 -0.4901 -0.8717
vn -0.0000 -0.5097 -0.8604
vn -0.0004 -0.5097 -0.8604
vn 0.5516 -0.0048 -0.8341
vn 0.6784 -0.0056 -0.7347
vn 0.6874 -0.4598 -0.5622
vn 0.6419 -0.2367 -0.7293
vn 0.6411 -0.2972 -0.7076
vn 0.6411 -0.3911 -0.6604
vn 0.6257 -0.1895 -0.7567
vn 0.6411 -0.1978 -0.7416
vn 0.6415 -0.1113 -0.7590
vn 0.6266 -0.0962 -0.7734
vn 0.6419 -0.0590 -0.7646
vn 0.6417 -0.0127 -0.7669
vn 0.6163 -0.0390 -0.7865
vn 0.4828 -0.0341 -0.8750
vn 0.2586 -0.0462 -0.9649
vn 0.3362 -0.0110 -0.9417
vn 0.4112 -0.0071 -0.9115
vn 0.1604 -0.0095 -0.9870
vn 0.2002 -0.0103 -0.9797
vn 0.0189 -0.0101 -0.9998
vn 0.0597 -0.0166 -0.9981
vn 0.1139 -0.0389 -0.9927
vn 0.0882 -0.0219 -0.9959
vn 0.0880 -0.1229 -0.9885
vn 0.0882 -0.2297 -0.9692
vn 0.1181 -0.2560 -0.9595
vn 0.0882 -0.2955 -0.9513
vn 0.0880 -0.3858 -0.9184
vn 0.0881 -0.4916 -0.8664
vn 0.0728 -0.4989 -0.8636
vn 0.3464 -0.4780 -0.8072
vn 0.7131 -0.4247 -0.5578
vn 0.6722 -0.4315 -0.6016
vn 0.6419 -0.4246 -0.6385
vn 0.5920 -0.4910 -0.6391
vn 0.4938 -0.4612 -0.7372
vn 0.2808 -0.0276 -0.9594
vn 0.2803 -0.1185 -0.9526
vn 0.2803 -0.2474 -0.9275
vn 0.2803 -0.3718 -0.8850
vn 0.2806 -0.4680 -0.8380
vn 0.2207 -0.4962 -0.8397
vn 0.4800 -0.0317 -0.8767
vn 0.4792 -0.1083 -0.8710
vn 0.4792 -0.2262 -0.8481
vn 0.4791 -0.2262 -0.8481
vn 0.4792 -0.3399 -0.8092
vn 0.4792 -0.4472 -0.7552
vn 0.4603 -0.2436 -0.8537
vn 0.1032 -0.9686 -0.2262
vn 0.9829 -0.0000 0.1840
vn 0.9854 -0.0603 0.1595
vn 0.9906 0.0512 0.1272
vn 0.9902 -0.1154 0.0785
vn 0.9519 0.2920 0.0931
vn 0.9397 0.3381 0.0508
vn 0.7066 0.7027 0.0838
vn 0.6842 0.7275 0.0511
vn 0.2991 0.9524 0.0593
vn 0.2803 0.9592 0.0379
vn -0.1771 0.9839 0.0238
vn -0.1844 0.9827 0.0154
vn 0.9644 0.2449 0.0999
vn 0.9545 0.2931 0.0554
vn 0.7303 0.6770 0.0913
vn 0.7084 0.7035 0.0568
vn 0.3194 0.9454 0.0651
vn 0.3002 0.9529 0.0425
vn -0.1690 0.9853 0.0262
vn -0.1766 0.9841 0.0172
vn 0.9567 0.2785 0.0851
vn 0.7214 0.6647 0.1943
vn 0.7560 0.6261 0.1908
vn 0.8864 0.4423 0.1367
vn 0.3557 0.8968 0.2630
vn 0.3873 0.8831 0.2647
vn 0.5939 0.7703 0.2324
vn -0.4973 0.8325 0.2442
vn -0.4978 0.8323 0.2440
vn -0.0784 0.9558 0.2833
vn -0.0781 0.9558 0.2834
vn 0.1754 0.9435 0.2812
vn -0.4858 0.8569 0.1725
vn -0.4957 0.8516 0.1702
vn -0.0483 0.9761 0.2118
vn -0.0774 0.9750 0.2085
vn 0.3995 0.8930 0.2075
vn 0.3561 0.9114 0.2064
vn 0.7646 0.6242 0.1603
vn 0.7215 0.6726 0.1642
vn 0.9144 0.3889 0.1122
vn 0.9224 0.3700 0.1109
vn -0.4844 0.7697 0.4159
vn 0.5293 0.7576 0.3819
vn 0.7570 0.5996 0.2597
vn 0.8863 0.4358 0.1566
vn 0.7559 0.6175 0.2174
vn 0.5508 0.7777 0.3029
vn -0.2907 0.7988 0.5267
vn -0.2317 0.8135 0.5334
vn -0.1145 0.8355 0.5374
vn -0.5350 0.7236 0.4360
vn -0.5704 0.7266 0.3830
vn -0.5713 0.6863 0.4501
vn -0.6493 0.6207 0.4395
vn -0.1736 0.8721 0.4575
vn -0.1157 0.8352 0.5377
vn 0.0567 0.8434 0.5343
vn -0.0300 0.8794 0.4752
vn -0.4859 0.7690 0.4154
vn -0.4865 0.7290 0.4816
vn -0.4934 0.7249 0.4808
vn -0.5229 0.7475 0.4096
vn -0.5231 0.7396 0.4235
vn 0.5932 0.7502 0.2922
vn 0.4309 0.8397 0.3306
vn 0.4314 0.8083 0.4007
vn 0.0974 0.8768 0.4708
vn -0.0090 0.8916 0.4528
vn 0.1844 0.8432 0.5050
vn -0.4972 0.8085 0.3150
vn -0.4844 0.8147 0.3187
vn -0.0779 0.9294 0.3608
vn -0.0300 0.9305 0.3650
vn 0.1748 0.9175 0.3574
vn 0.3868 0.8592 0.3348
vn -0.6776 0.6366 0.3683
vn -0.6444 0.6872 0.3354
vn -0.6430 0.7180 0.2664
vn -0.5947 0.7876 0.1614
vn -0.5531 0.8235 0.1263
vn -0.5385 0.8411 0.0510
vn -0.5868 0.8029 0.1051
vn -0.5805 0.8077 0.1030
vn -0.6826 0.6637 0.3058
vn -0.6802 0.6666 0.3050
vn -0.6711 0.7327 0.1129
vn -0.7009 0.6847 0.2000
vn -0.7625 0.5822 0.2823
vn -0.7477 0.6080 0.2670
vn -0.7670 0.5501 0.3303
vn -0.7056 0.6493 0.2838
vn -0.7216 0.6263 0.2951
vn -0.5942 0.7984 0.0980
vn -0.6556 0.7439 0.1297
vn -0.8219 0.5257 0.2195
vn -0.7838 0.5373 0.3114
vn -0.7487 0.5924 0.2975
vn -0.8078 0.5481 0.2168
vn -0.8206 0.5347 0.2018
vn -0.8162 0.5397 0.2062
vn -0.7845 0.5829 0.2114
vn -0.7960 0.5718 0.1988
vn -0.7593 0.6181 0.2035
vn -0.7721 0.6069 0.1887
vn -0.5338 0.7683 0.3534
vn -0.8072 0.5616 0.1819
vn -0.7293 0.6703 0.1372
vn -0.9262 0.3769 -0.0073
vn -0.7953 0.5579 0.2373
vn -0.7885 0.5851 0.1893
vn -0.7977 0.5754 0.1806
vn -0.5641 0.8168 0.1211
vn -0.6797 0.6627 0.3144
vn -0.6796 0.6627 0.3146
vn -0.7509 0.4753 0.4585
vn -0.7440 0.0131 0.6680
vn -0.7727 0.2896 0.5648
vn -0.7509 0.4749 0.4589
vn -0.8713 0.2600 0.4161
vn -0.7274 0.6624 0.1793
vn -0.7146 0.6794 0.1667
vn -0.8178 0.4910 0.3003
vn -0.5947 0.7937 0.1281
vn -0.5964 0.7927 0.1262
vn -0.6099 0.7801 0.1394
vn -0.6266 0.7706 0.1163
vn -0.6326 0.7652 0.1197
vn -0.6371 0.7625 0.1129
vn -0.6410 0.7592 0.1125
vn -0.8169 0.4935 0.2985
vn -0.7924 0.5089 0.3364
vn -0.7631 0.5255 0.3763
vn -0.7630 0.5256 0.3763
vn -0.7527 0.5315 0.3886
vn -0.6797 0.6626 0.3144
vn -0.8671 0.1673 0.4693
vn -0.8426 0.1824 0.5067
vn -0.8437 0.1738 0.5079
vn -0.8059 0.1953 0.5589
vn -0.8064 0.1737 0.5654
vn -0.7738 0.1915 0.6038
vn -0.7902 0.1044 0.6039
vn -0.1700 -0.7242 0.6683
vn -0.3057 -0.6605 0.6858
vn -0.5252 -0.4143 0.7433
vn -0.7142 -0.1236 0.6889
vn -0.6811 -0.1700 0.7122
vn -0.4684 -0.4988 0.7292
vn -0.4412 -0.5855 0.6801
vn -0.4648 -0.5350 0.7055
vn 0.0039 -0.5599 0.8285
vn -0.2051 -0.7690 0.6054
vn -0.2687 -0.6967 0.6651
vn -0.3439 -0.6478 0.6797
vn -0.4602 -0.4927 0.7386
vn -0.4966 -0.4701 0.7296
vn -0.7128 -0.1938 0.6741
vn -0.6914 -0.2120 0.6907
vn 0.9943 -0.0142 -0.1061
vn 0.9943 -0.0171 -0.1048
vn 0.9924 0.0027 -0.1230
vn 0.9930 -0.0040 -0.1182
vn 0.9918 0.0050 -0.1276
vn 0.9926 -0.0010 -0.1218
vn 0.9923 0.0075 -0.1240
vn -0.7299 0.3193 -0.6044
vn -0.1211 -0.7677 0.6293
vn 0.1629 -0.9066 0.3892
vn 0.2307 -0.9562 0.1803
vn -0.4834 -0.2081 0.8503
vn 0.2236 -0.9350 0.2754
vn 0.2548 -0.9508 0.1765
vn 0.1881 -0.8974 0.3991
vn 0.1235 -0.8802 0.4582
vn 0.0585 -0.8647 0.4988
vn -0.1433 -0.7678 0.6244
vn -0.2925 -0.6225 0.7259
vn -0.3099 -0.5997 0.7378
vn -0.2687 -0.6509 0.7100
vn -0.2576 -0.6632 0.7028
vn -0.1363 -0.7725 0.6203
vn -0.5016 -0.4230 0.7546
vn -0.7050 -0.0063 0.7092
vn -0.6748 -0.1324 0.7260
vn -0.5759 -0.3115 0.7559
vn -0.4583 -0.5076 0.7296
vn -0.6041 -0.1759 0.7773
vn -0.5970 -0.2014 0.7766
vn -0.5048 -0.3754 0.7773
vn -0.5458 -0.2922 0.7853
vn -0.3684 -0.5565 0.7447
vn -0.4190 -0.4824 0.7692
vn -0.1960 -0.7228 0.6626
vn -0.2072 -0.7299 0.6514
vn -0.3211 -0.5832 0.7462
vn -0.5000 -0.1395 0.8547
vn -0.3839 -0.4174 0.8236
vn -0.2725 -0.5793 0.7682
vn -0.2610 -0.5990 0.7570
vn -0.0181 -0.8575 0.5141
vn -0.0575 -0.8127 0.5798
vn 0.2090 -0.9509 0.2283
vn 0.2139 -0.9370 0.2764
vn -0.5556 -0.1913 0.8091
vn -0.6057 -0.0096 0.7956
vn -0.4220 -0.4338 0.7961
vn -0.4615 -0.3523 0.8142
vn -0.2898 -0.6115 0.7363
vn -0.3373 -0.5399 0.7712
vn -0.0675 -0.8170 0.5726
vn -0.1161 -0.7649 0.6335
vn 0.2229 -0.9351 0.2756
vn 0.1549 -0.9059 0.3942
vn -0.0284 -0.4881 0.8723
vn 0.0018 -0.6422 0.7665
vn 0.0206 -0.8595 0.5107
vn 0.2046 -0.9003 0.3841
vn 0.2699 -0.9187 0.2883
vn 0.2278 -0.9226 0.3114
vn 0.2334 -0.8989 0.3708
vn 0.2139 -0.9014 0.3766
vn 0.1432 -0.8657 0.4796
vn 0.2545 -0.9319 0.2583
vn 0.2263 -0.9390 0.2590
vn 0.2333 -0.9364 0.2622
vn 0.3110 -0.9498 0.0338
vn 0.2893 -0.9562 0.0457
vn 0.3412 -0.9095 -0.2375
vn 0.1918 -0.9614 0.1974
vn 0.1198 -0.9807 0.1545
vn 0.0703 -0.9838 0.1652
vn 0.0561 -0.9890 0.1365
vn 0.0407 -0.9878 0.1506
vn 0.0117 -0.9935 0.1133
vn 0.0264 -0.5042 0.8632
vn -0.0790 0.0003 0.9969
vn -0.0307 0.0701 0.9971
vn -0.0532 -0.0000 0.9986
vn -0.0529 -0.0231 0.9983
vn -0.2991 0.0692 0.9517
vn -0.2412 -0.0114 0.9704
vn -0.1684 0.0132 0.9856
vn -0.1857 0.0487 0.9814
vn -0.1264 -0.0050 0.9920
vn -0.1701 -0.6008 0.7811
vn -0.3043 -0.2510 0.9189
vn -0.3136 -0.2430 0.9179
vn -0.2488 -0.2213 0.9429
vn -0.3181 -0.1633 0.9339
vn -0.1923 -0.2372 0.9523
vn -0.2024 -0.2252 0.9531
vn -0.1519 -0.2136 0.9650
vn -0.1147 -0.2483 0.9619
vn -0.1043 -0.2244 0.9689
vn -0.0389 -0.2169 0.9754
vn -0.0320 -0.1900 0.9813
vn 0.3334 -0.9419 0.0420
vn 0.2481 -0.9405 0.2323
vn 0.2220 -0.9493 0.2227
vn 0.2394 -0.9483 0.2084
vn 0.1928 -0.9618 0.1946
vn 0.2068 -0.9614 0.1814
vn 0.1676 -0.9707 0.1724
vn 0.1627 -0.9707 0.1771
vn 0.1198 -0.9807 0.1546
vn -0.0140 -0.3522 0.9358
vn -0.0111 -0.5532 0.8330
vn -0.0191 -0.5537 0.8325
vn -0.0227 -0.5500 0.8349
vn -0.0340 -0.5513 0.8336
vn -0.0407 -0.5454 0.8372
vn -0.0514 -0.5472 0.8354
vn -0.0618 -0.5394 0.8398
vn -0.0729 -0.5419 0.8373
vn -0.0876 -0.5323 0.8420
vn -0.0997 -0.5358 0.8384
vn -0.1198 -0.5244 0.8430
vn -0.1370 -0.5303 0.8366
vn -0.1582 -0.5166 0.8414
vn -0.2521 -0.5034 0.8264
vn -0.1690 -0.5562 0.8137
vn -0.2223 -0.5802 0.7836
vn -0.2038 -0.5777 0.7904
vn -0.0055 -0.7618 0.6478
vn 0.0365 -0.8169 0.5756
vn 0.0237 -0.8178 0.5750
vn 0.0203 -0.8154 0.5786
vn 0.0379 -0.8134 0.5805
vn 0.0313 -0.8095 0.5862
vn 0.0491 -0.8065 0.5892
vn 0.0389 -0.8015 0.5967
vn 0.0553 -0.7977 0.6005
vn 0.0407 -0.7918 0.6094
vn 0.0547 -0.7877 0.6136
vn 0.0348 -0.7809 0.6236
vn 0.0467 -0.7768 0.6280
vn 0.0209 -0.7697 0.6381
vn 0.0296 -0.7662 0.6420
vn -0.0031 -0.7586 0.6515
vn 0.0041 -0.7552 0.6554
vn -0.0380 -0.7506 0.6596
vn -0.0957 -0.8033 0.5879
vn -0.0221 -0.7883 0.6149
vn 0.0022 -0.9333 0.3592
vn 0.0022 -0.9333 0.3591
vn 0.0493 -0.9310 0.3617
vn 0.0480 -0.9294 0.3660
vn 0.0809 -0.9256 0.3696
vn 0.0780 -0.9230 0.3767
vn 0.1095 -0.9176 0.3820
vn 0.1045 -0.9140 0.3919
vn 0.1328 -0.9076 0.3984
vn 0.1250 -0.9031 0.4109
vn 0.1490 -0.8961 0.4180
vn 0.1377 -0.8907 0.4332
vn 0.1573 -0.8839 0.4404
vn 0.1419 -0.8778 0.4575
vn 0.1560 -0.8720 0.4639
vn 0.1354 -0.8651 0.4829
vn 0.1423 -0.8619 0.4867
vn 0.1158 -0.8544 0.5065
vn 0.1228 -0.8506 0.5112
vn 0.0639 -0.8425 0.5349
vn -0.1527 -0.2431 0.9579
vn -0.0269 -0.0000 0.9996
vn -0.0507 -0.1086 0.9928
vn -0.0793 0.0053 0.9968
vn 0.0320 -0.0000 0.9995
vn 0.0507 -0.1080 0.9929
vn 0.1512 -0.2793 0.9482
vn 0.1303 -0.0063 0.9914
vn 0.0843 0.0038 0.9964
vn 0.2983 0.0662 0.9522
vn -0.2172 -0.9024 0.3721
vn 0.0055 -0.7618 0.6478
vn 0.0535 0.0351 0.9980
vn 0.0529 -0.0231 0.9983
vn 0.0119 -0.5044 0.8634
vn 0.0140 -0.3522 0.9358
vn 0.0410 -0.1899 0.9809
vn 0.0318 -0.2160 0.9759
vn 0.0284 -0.4881 0.8723
vn -0.0095 -0.9935 0.1133
vn -0.0415 -0.9884 0.1459
vn -0.0759 -0.9912 0.1082
vn -0.0504 -0.9838 0.1721
vn -0.1206 -0.9813 0.1502
vn -0.1177 -0.9809 0.1549
vn -0.1623 -0.9708 0.1764
vn -0.1627 -0.9706 0.1773
vn -0.1820 -0.9675 0.1758
vn -0.3279 -0.9406 0.0882
vn -0.3141 -0.9489 0.0321
vn -0.2893 -0.9562 0.0457
vn -0.3418 -0.9080 -0.2425
vn -0.1923 -0.9615 0.1962
vn -0.2108 -0.9229 0.3222
vn -0.2616 -0.9052 0.3348
vn -0.1774 -0.9056 0.3853
vn -0.2888 -0.8888 0.3558
vn -0.1474 -0.8901 0.4313
vn -0.0140 -0.7888 0.6145
vn 0.0486 -0.7963 0.6030
vn 0.3138 -0.2431 0.9179
vn 0.3109 -0.2452 0.9183
vn 0.3019 -0.2557 0.9184
vn 0.0840 -0.0002 0.9965
vn 0.1304 -0.0054 0.9914
vn 0.1734 0.0409 0.9840
vn 0.1865 0.0071 0.9824
vn 0.2403 -0.0110 0.9706
vn 0.3127 -0.2427 0.9183
vn 0.2572 -0.2001 0.9454
vn 0.1994 -0.2334 0.9517
vn 0.1967 -0.2239 0.9546
vn 0.1240 -0.2070 0.9704
vn 0.1321 -0.2879 0.9485
vn 0.1043 -0.2244 0.9689
vn -0.1978 -0.9637 0.1794
vn -0.2017 -0.9594 0.1972
vn -0.2291 -0.9515 0.2053
vn -0.2320 -0.9460 0.2264
vn -0.2495 -0.9400 0.2328
vn -0.2459 -0.9295 0.2749
vn -0.2638 -0.9174 0.2980
vn -0.0018 -0.6422 0.7665
vn -0.0183 -0.5513 0.8341
vn 0.0221 -0.5538 0.8323
vn 0.0197 -0.5496 0.8352
vn 0.0392 -0.5518 0.8330
vn 0.0357 -0.5445 0.8380
vn 0.0587 -0.5485 0.8341
vn 0.0548 -0.5377 0.8414
vn 0.0824 -0.5440 0.8350
vn 0.0784 -0.5296 0.8446
vn 0.1116 -0.5392 0.8348
vn 0.1083 -0.5203 0.8471
vn 0.1471 -0.5338 0.8327
vn 0.1454 -0.5174 0.8433
vn 0.2037 -0.5106 0.8354
vn 0.2364 -0.5860 0.7751
vn 0.2133 -0.5765 0.7888
vn -0.0206 -0.8595 0.5107
vn -0.0365 -0.8169 0.5756
vn -0.0208 -0.8180 0.5749
vn -0.0231 -0.8151 0.5789
vn -0.0329 -0.8140 0.5800
vn -0.0362 -0.8087 0.5871
vn -0.0420 -0.8077 0.5881
vn -0.0457 -0.7999 0.5983
vn -0.0460 -0.7999 0.5984
vn -0.0496 -0.7892 0.6121
vn -0.0432 -0.7911 0.6102
vn -0.0459 -0.7771 0.6277
vn -0.0327 -0.7817 0.6228
vn -0.0342 -0.7642 0.6440
vn -0.0132 -0.7728 0.6345
vn -0.0123 -0.7513 0.6599
vn 0.0319 -0.7716 0.6353
vn 0.1450 -0.6065 0.7817
vn -0.0022 -0.9333 0.3592
vn -0.0022 -0.9333 0.3591
vn -0.0485 -0.9310 0.3617
vn -0.0488 -0.9293 0.3661
vn -0.0795 -0.9258 0.3695
vn -0.0794 -0.9228 0.3770
vn -0.1075 -0.9180 0.3817
vn -0.1065 -0.9136 0.3924
vn -0.1301 -0.9082 0.3978
vn -0.1276 -0.9024 0.4117
vn -0.1457 -0.8971 0.4170
vn -0.1408 -0.8897 0.4343
vn -0.1533 -0.8853 0.4389
vn -0.1456 -0.8763 0.4592
vn -0.1514 -0.8740 0.4618
vn -0.1398 -0.8631 0.4853
vn -0.1369 -0.8644 0.4838
vn -0.1207 -0.8518 0.5098
vn -0.1102 -0.8573 0.5028
vn -0.0279 -0.8006 0.5986
vn 0.6030 -0.1812 0.7769
vn 0.4442 -0.4988 0.7443
vn 0.5176 -0.4172 0.7470
vn 0.5759 -0.3115 0.7559
vn 0.6748 -0.1324 0.7260
vn 0.1363 -0.7725 0.6203
vn 0.2576 -0.6632 0.7028
vn 0.2687 -0.6509 0.7100
vn 0.2925 -0.6224 0.7259
vn 0.3099 -0.5997 0.7378
vn -0.0393 -0.7860 0.6170
vn 0.0304 -0.8322 0.5537
vn -0.1669 -0.8883 0.4279
vn -0.1252 -0.8824 0.4536
vn -0.1600 -0.9217 0.3533
vn -0.2713 -0.9304 0.2467
vn -0.1875 -0.9347 0.3021
vn -0.2428 -0.9541 0.1754
vn -0.2318 -0.9558 0.1809
vn -0.1865 -0.9077 0.3759
vn -0.1560 -0.9049 0.3960
vn 0.1863 -0.7165 0.6722
vn 0.2048 -0.7285 0.6537
vn 0.3900 -0.5622 0.7292
vn 0.5314 -0.0908 0.8423
vn 0.4769 -0.2058 0.8545
vn 0.3839 -0.4174 0.8237
vn 0.2725 -0.5793 0.7682
vn 0.2610 -0.5990 0.7570
vn 0.6129 -0.0616 0.7878
vn 0.5362 -0.2089 0.8178
vn 0.4668 -0.3551 0.8100
vn 0.4165 -0.4315 0.8002
vn 0.3427 -0.5429 0.7667
vn 0.2841 -0.6091 0.7405
vn 0.7049 -0.0064 0.7093
vn 0.5980 -0.1992 0.7763
vn 0.5507 -0.2953 0.7808
vn 0.4998 -0.3727 0.7819
vn 0.4239 -0.4857 0.7645
vn 0.3631 -0.5538 0.7493
vn 0.1316 -0.7732 0.6203
vn 0.1266 -0.7706 0.6246
vn 0.0561 -0.8121 0.5808
vn 0.0684 -0.8174 0.5720
vn 0.0065 -0.8535 0.5211
vn 0.7187 0.3594 -0.5952
vn -0.9943 -0.0142 -0.1060
vn -0.9943 -0.0173 -0.1048
vn -0.9925 0.0021 -0.1225
vn -0.9929 -0.0030 -0.1191
vn -0.9916 0.0051 -0.1290
vn -0.9926 -0.0010 -0.1218
vn -0.9924 0.0059 -0.1226
vn 0.4790 -0.5067 0.7168
vn 0.4509 -0.5594 0.6956
vn 0.2687 -0.6967 0.6651
vn 0.2051 -0.7690 0.6054
vn 0.1692 -0.7387 0.6524
vn 0.5252 -0.4143 0.7433
vn 0.4648 -0.5350 0.7055
vn 0.4774 -0.5055 0.7187
vn 0.3559 -0.6163 0.7025
vn 0.3058 -0.6604 0.6858
vn 0.7205 -0.1301 0.6811
vn 0.7038 -0.1869 0.6854
vn 0.6878 -0.1750 0.7044
vn 0.7004 -0.1268 0.7024
vn -0.7070 -0.0000 0.7073
vn -0.7412 -0.0000 0.6713
vn -0.7453 -0.0054 0.6667
vn -0.4309 -0.0805 0.8988
vn -0.5010 -0.0053 0.8654
vn -0.5567 0.0218 0.8304
vn -0.5368 -0.0273 0.8432
vn -0.6337 0.0322 0.7729
vn -0.6187 -0.0048 0.7856
vn -0.6706 0.0012 0.7418
vn -0.6694 -0.0001 0.7429
vn -0.7070 0.0002 0.7073
vn -0.4877 0.0864 0.8687
vn -0.4084 -0.0054 0.9128
vn -0.3654 0.0241 0.9305
vn -0.3718 0.0422 0.9274
vn -0.3226 -0.0011 0.9465
vn -0.2749 0.0069 0.9615
vn -0.3091 0.1193 0.9435
vn -0.2578 0.0164 0.9660
vn -0.1838 -0.0386 0.9822
vn 0.2811 0.0841 0.9560
vn -0.1965 0.0087 0.9805
vn -0.1412 -0.0009 0.9900
vn -0.1268 0.0105 0.9919
vn -0.1204 0.0001 0.9927
vn -0.0762 0.0001 0.9971
vn -0.0779 0.0057 0.9969
vn -0.0230 -0.0039 0.9997
vn -0.0243 -0.0000 0.9997
vn 0.0132 -0.0000 0.9999
vn 0.0170 -0.0067 0.9998
vn 0.0672 0.0186 0.9976
vn 0.0703 -0.0000 0.9975
vn 0.1143 -0.0000 0.9934
vn 0.1188 -0.0051 0.9929
vn 0.1748 0.0293 0.9842
vn 0.1781 -0.0262 0.9837
vn 0.2511 0.0143 0.9678
vn 0.2922 0.0037 0.9563
vn 0.3205 -0.0008 0.9472
vn 0.3708 0.0323 0.9282
vn 0.3713 0.0513 0.9271
vn 0.4078 -0.0063 0.9131
vn 0.4637 0.0328 0.8854
vn 0.4578 -0.0459 0.8879
vn 0.5034 -0.0040 0.8641
vn 0.5489 0.0182 0.8357
vn 0.5428 -0.0538 0.8381
vn 0.6333 0.0536 0.7721
vn 0.6298 -0.0087 0.7767
vn 0.6703 0.0022 0.7421
vn 0.6716 -0.0000 0.7409
vn 0.7070 0.0003 0.7072
vn 0.7070 -0.0000 0.7072
vn 0.7412 -0.0000 0.6713
vn 0.7453 -0.0054 0.6667
vn 0.7857 0.0197 0.6183
vn 0.7849 0.0290 0.6190
vn 0.8060 -0.0054 0.5918
vn 0.8250 0.0051 0.5652
vn 0.8442 -0.0447 0.5342
vn -0.7816 0.0171 0.6236
vn -0.7868 0.0259 0.6166
vn -0.8060 -0.0054 0.5918
vn -0.8250 0.0051 0.5652
vn -0.8442 -0.0447 0.5342
vn 0.6122 0.7677 0.1893
vn 0.7735 0.2850 0.5661
vn 0.7639 0.1117 0.6356
vn 0.7440 0.0131 0.6680
vn 0.7517 0.4860 0.4459
vn 0.7671 0.3832 0.5145
vn 0.6796 0.6627 0.3146
vn 0.7155 0.6782 0.1677
vn 0.6410 0.7592 0.1125
vn 0.7265 0.6635 0.1786
vn 0.8573 0.3120 0.4094
vn 0.7862 0.1849 0.5897
vn 0.8050 0.1745 0.5671
vn 0.8074 0.1945 0.5570
vn 0.8425 0.1746 0.5097
vn 0.8439 0.1816 0.5048
vn 0.8758 0.1616 0.4549
vn 0.8179 0.4909 0.3000
vn 0.8168 0.4936 0.2987
vn 0.7924 0.5089 0.3364
vn 0.7631 0.5255 0.3763
vn 0.7630 0.5256 0.3763
vn 0.7353 0.5409 0.4085
vn 0.7490 0.5788 0.3224
vn 0.6371 0.7625 0.1129
vn 0.6313 0.7659 0.1216
vn 0.6279 0.7698 0.1145
vn 0.6084 0.7809 0.1414
vn 0.5978 0.7919 0.1245
vn 0.5809 0.8011 0.1438
vn 0.5920 0.7965 0.1230
vn 0.7311 0.6686 0.1362
vn 0.9262 0.3769 -0.0073
vn 0.8099 0.5448 0.2174
vn 0.7498 0.6227 0.2238
vn 0.7977 0.5754 0.1806
vn 0.8072 0.5616 0.1819
vn 0.7487 0.5924 0.2975
vn 0.7838 0.5373 0.3114
vn 0.8219 0.5257 0.2195
vn 0.8078 0.5481 0.2168
vn 0.8206 0.5347 0.2018
vn 0.7900 0.5678 0.2314
vn 0.8043 0.5633 0.1894
vn 0.7686 0.5976 0.2282
vn 0.7802 0.5994 0.1790
vn 0.6236 0.7064 0.3348
vn 0.7438 0.6514 0.1500
vn 0.9912 0.0746 0.1090
vn 0.9927 0.0746 0.0950
vn 0.9899 0.0746 0.1203
vn 0.9896 0.0804 0.1193
vn 0.9653 0.2337 0.1164
vn 0.9303 0.3607 0.0663
vn 0.9920 0.1047 0.0706
vn 0.9761 0.2061 0.0695
vn 0.9696 0.2337 0.0724
vn 0.9203 0.3867 0.0597
vn 0.9180 0.3868 0.0879
vn 0.9155 0.3868 0.1104
vn 0.9679 0.2337 0.0926
vn 0.9945 0.0746 0.0735
vn 0.9970 0.0304 0.0710
vn 0.8808 0.4427 0.1679
vn 0.7234 0.4635 0.5117
vn 0.6388 0.4435 0.6286
vn 0.5722 0.5190 0.6350
vn 0.9813 -0.0610 0.1825
vn 0.9845 -0.0718 0.1600
vn 0.9785 -0.0583 0.1979
vn 0.9529 -0.1379 0.2700
vn 0.9468 -0.1208 0.2982
vn 0.9250 -0.1835 0.3327
vn 0.7898 -0.1918 0.5826
vn 0.8275 -0.1688 0.5355
vn 0.6714 -0.1863 0.7173
vn 0.6196 -0.1556 0.7693
vn 0.5417 -0.2377 0.8062
vn 0.5895 -0.1057 0.8008
vn 0.4597 -0.2395 0.8552
vn 0.4945 -0.1342 0.8587
vn 0.3739 -0.2287 0.8988
vn 0.3908 -0.1723 0.9042
vn 0.0597 -0.0208 0.9980
vn 0.0718 -0.1550 0.9853
vn 0.0920 -0.1828 0.9788
vn 0.0507 -0.0685 0.9964
vn 0.0843 -0.1021 0.9912
vn 0.0662 0.0194 0.9976
vn 0.0708 0.0135 0.9974
vn 0.0771 0.1068 0.9913
vn 0.0647 0.1290 0.9895
vn 0.0822 0.1928 0.9778
vn 0.0510 0.2795 0.9588
vn 0.0895 0.2393 0.9668
vn 0.0746 0.3234 0.9433
vn 0.0852 0.3605 0.9289
vn 0.0801 0.3751 0.9235
vn 0.0799 0.4408 0.8941
vn 0.0752 0.4484 0.8907
vn 0.1643 0.4243 0.8905
vn 0.3030 0.5300 0.7920
vn 0.2590 0.4304 0.8647
vn 0.3902 0.5130 0.7646
vn 0.3498 0.4389 0.8277
vn 0.7284 0.4274 0.5354
vn 0.8057 0.4258 0.4117
vn 0.8563 0.4131 0.3100
vn 0.8723 0.4301 0.2328
vn 0.8840 0.4129 0.2192
vn 0.8576 0.4392 0.2677
vn 0.4358 0.2376 0.8681
vn 0.4583 0.1980 0.8665
vn 0.5406 0.1840 0.8209
vn 0.5407 0.1841 0.8208
vn 0.6185 0.1683 0.7675
vn 0.6186 0.1684 0.7675
vn 0.4410 0.4631 0.7688
vn 0.4732 0.4395 0.7635
vn 0.5267 0.4408 0.7268
vn 0.5553 0.4234 0.7158
vn 0.5720 0.4241 0.7021
vn 0.6322 0.3946 0.6668
vn 0.6324 0.3946 0.6666
vn 0.2952 0.4107 0.8627
vn 0.4428 0.3763 0.8139
vn 0.3794 0.3571 0.8536
vn 0.4647 0.3365 0.8190
vn 0.4648 0.3366 0.8190
vn 0.5467 0.3128 0.7767
vn 0.5468 0.3129 0.7766
vn 0.6240 0.2861 0.7271
vn 0.6242 0.2862 0.7270
vn 0.9403 0.0137 0.3400
vn 0.9411 0.0512 0.3343
vn 0.9411 0.0511 0.3342
vn 0.9428 0.0871 0.3219
vn 0.9428 0.0868 0.3219
vn 0.9453 0.1201 0.3034
vn 0.9453 0.1197 0.3034
vn 0.9485 0.1492 0.2794
vn 0.9486 0.1488 0.2795
vn 0.9524 0.1734 0.2507
vn 0.9524 0.1731 0.2509
vn 0.9567 0.1922 0.2184
vn 0.9567 0.1920 0.2186
vn 0.9614 0.2051 0.1833
vn 0.9614 0.2049 0.1834
vn 0.9688 0.2157 0.1223
vn 0.9681 0.2336 0.0908
vn 0.8658 -0.1112 0.4880
vn 0.8155 -0.1356 0.5627
vn 0.8132 -0.0535 0.5795
vn 0.7547 -0.0628 0.6531
vn 0.7544 0.0355 0.6555
vn 0.6885 0.0405 0.7241
vn 0.6908 0.1511 0.7071
vn 0.6957 0.2569 0.6708
vn 0.6958 0.2568 0.6708
vn 0.7031 0.3543 0.6166
vn 0.7032 0.3541 0.6166
vn 0.7116 0.4262 0.5585
vn 0.6659 0.4669 0.5818
vn 0.9812 -0.0679 0.1805
vn 0.9813 -0.0685 0.1800
vn 0.9767 -0.0533 0.2077
vn 0.9461 -0.1286 0.2972
vn 0.9434 -0.0963 0.3173
vn 0.9104 -0.1359 0.3907
vn 0.9078 -0.0863 0.4105
vn 0.8657 -0.1113 0.4880
vn 0.8638 -0.0439 0.5018
vn 0.8132 -0.0536 0.5795
vn 0.8129 0.0303 0.5816
vn 0.7564 0.1326 0.6405
vn 0.7564 0.1325 0.6405
vn 0.7607 0.2254 0.6087
vn 0.7608 0.2253 0.6086
vn 0.7672 0.3109 0.5611
vn 0.7673 0.3106 0.5610
vn 0.7755 0.3862 0.4994
vn 0.7756 0.3860 0.4994
vn 0.7845 0.4402 0.4367
vn 0.7746 0.4570 0.4372
vn 0.9415 -0.0615 0.3315
vn 0.9404 -0.0242 0.3391
vn 0.9063 -0.0342 0.4213
vn 0.9061 0.0193 0.4227
vn 0.8636 0.0248 0.5035
vn 0.8650 0.0928 0.4931
vn 0.8651 0.0927 0.4930
vn 0.8680 0.1577 0.4708
vn 0.8681 0.1575 0.4707
vn 0.8726 0.2175 0.4374
vn 0.8726 0.2172 0.4374
vn 0.8784 0.2702 0.3942
vn 0.8785 0.2699 0.3942
vn 0.8854 0.3142 0.3425
vn 0.8855 0.3140 0.3426
vn 0.8933 0.3484 0.2841
vn 0.8933 0.3482 0.2842
vn 0.9017 0.3717 0.2208
vn 0.9018 0.3716 0.2209
vn 0.9404 -0.0243 0.3391
vn 0.9403 0.0137 0.3401
vn 0.9061 0.0193 0.4226
vn 0.9072 0.0721 0.4145
vn 0.9072 0.0719 0.4145
vn 0.9095 0.1225 0.3971
vn 0.9096 0.1223 0.3971
vn 0.9131 0.1689 0.3712
vn 0.9131 0.1686 0.3712
vn 0.9176 0.2099 0.3376
vn 0.9177 0.2095 0.3376
vn 0.9230 0.2441 0.2974
vn 0.9231 0.2438 0.2975
vn 0.9291 0.2706 0.2519
vn 0.9292 0.2704 0.2521
vn 0.9357 0.2886 0.2027
vn 0.9358 0.2885 0.2028
vn 0.9413 0.2958 0.1624
vn 0.9124 0.3867 0.1344
vn 0.9124 0.3868 0.1343
vn 0.9157 0.3797 0.1314
vn 0.9434 -0.0966 0.3173
vn 0.9415 -0.0613 0.3314
vn 0.9077 -0.0865 0.4106
vn 0.9063 -0.0341 0.4213
vn 0.8638 -0.0439 0.5019
vn 0.8636 0.0248 0.5036
vn 0.8147 0.1131 0.5688
vn 0.8147 0.1130 0.5688
vn 0.8183 0.1922 0.5416
vn 0.8184 0.1920 0.5416
vn 0.8239 0.2650 0.5010
vn 0.8239 0.2648 0.5010
vn 0.8310 0.3292 0.4484
vn 0.8311 0.3290 0.4484
vn 0.8395 0.3830 0.3855
vn 0.8395 0.3827 0.3856
vn 0.8479 0.4180 0.3262
vn 0.8063 0.4842 0.3397
vn 0.1693 -0.2886 0.9423
vn 0.1954 -0.1767 0.9647
vn 0.1945 -0.1499 0.9694
vn 0.1932 -0.0660 0.9789
vn 0.1929 0.0187 0.9810
vn 0.1936 0.1033 0.9756
vn 0.1954 0.1867 0.9628
vn 0.1981 0.2689 0.9426
vn 0.1982 0.2690 0.9425
vn 0.2018 0.3488 0.9152
vn 0.2019 0.3489 0.9151
vn 0.2065 0.4257 0.8810
vn 0.3704 -0.0607 0.9269
vn 0.3702 0.0172 0.9288
vn 0.3702 0.0173 0.9288
vn 0.3708 0.0951 0.9238
vn 0.7586 -0.1491 0.6343
vn 0.7576 -0.1587 0.6331
vn 0.6920 -0.1578 0.7045
vn 0.6889 -0.0716 0.7213
vn 0.6164 -0.0798 0.7834
vn 0.6164 -0.0797 0.7834
vn 0.5383 -0.0872 0.8382
vn 0.4557 -0.0938 0.8852
vn 0.3725 0.1718 0.9120
vn 0.3709 0.0951 0.9238
vn 0.5081 0.0858 0.8570
vn 0.4562 0.0163 0.8897
vn 0.4026 -0.0975 0.9102
vn 0.3716 -0.1379 0.9181
vn 0.2819 -0.2229 0.9332
vn 0.2855 -0.2095 0.9352
vn 0.2835 -0.1445 0.9480
vn 0.2835 -0.1446 0.9480
vn 0.2823 -0.0637 0.9572
vn 0.2820 0.0181 0.9592
vn 0.2827 0.0997 0.9540
vn 0.2844 0.1801 0.9416
vn 0.2870 0.2594 0.9221
vn 0.2871 0.2594 0.9221
vn 0.2906 0.3365 0.8957
vn 0.9877 0.0746 0.1372
vn 0.9820 0.0784 0.1716
vn 0.9840 0.0808 0.1585
vn 0.9849 0.0808 0.1529
vn 0.9821 0.0752 0.1726
vn 0.9829 0.0766 0.1674
vn 0.9813 0.0695 0.1795
vn 0.9811 0.0690 0.1806
vn 0.9796 0.0591 0.1921
vn 0.9796 0.0592 0.1921
vn 0.9783 0.0475 0.2019
vn 0.9783 0.0476 0.2018
vn 0.9769 0.0300 0.2116
vn 0.9775 0.0341 0.2084
vn 0.9761 0.0146 0.2167
vn 0.9766 0.0203 0.2141
vn 0.9763 0.0050 0.2165
vn 0.9763 0.0054 0.2164
vn 0.9763 -0.0162 0.2159
vn 0.9766 -0.0095 0.2150
vn 0.9767 -0.0314 0.2121
vn 0.9768 -0.0243 0.2130
vn 0.9776 -0.0393 0.2070
vn 0.9775 -0.0382 0.2073
vn 0.9788 -0.0534 0.1978
vn 0.9787 -0.0508 0.1991
vn 0.9800 -0.0622 0.1892
vn 0.9582 -0.1342 0.2525
vn 0.9605 -0.1577 0.2294
vn 0.9091 -0.1186 0.3993
vn 0.9108 -0.1339 0.3905
vn 0.8778 -0.1673 0.4489
vn 0.8681 -0.1457 0.4745
vn 0.8197 -0.2122 0.5321
vn 0.8155 -0.1355 0.5626
vn 0.7574 -0.1591 0.6333
vn 0.7547 -0.0628 0.6530
vn 0.6888 -0.0716 0.7214
vn 0.6160 0.0451 0.7865
vn 0.5378 0.0493 0.8416
vn 0.5379 0.0493 0.8416
vn 0.4552 0.0530 0.8888
vn 0.4582 0.1980 0.8665
vn 0.3725 0.2101 0.9040
vn 0.3784 0.3211 0.8682
vn 0.2907 0.3366 0.8957
vn 0.2951 0.4106 0.8627
vn 0.2066 0.4257 0.8810
vn 0.2178 0.6116 0.7606
vn 0.0570 0.3561 0.9327
vn -0.0000 -0.1666 0.9860
vn -0.0032 -0.1838 0.9830
vn 0.0052 -0.0742 0.9972
vn -0.0031 -0.1025 0.9947
vn 0.0030 0.0299 0.9995
vn -0.0015 0.0136 0.9999
vn 0.0014 0.1369 0.9906
vn -0.0005 0.1294 0.9916
vn 0.0005 0.2429 0.9701
vn -0.0000 0.2405 0.9706
vn -0.0000 0.3245 0.9459
vn -0.0030 0.3455 0.9384
vn 0.0002 0.3766 0.9264
vn -0.0004 0.4484 0.8938
vn -0.0000 0.4500 0.8930
vn -0.9842 0.0793 0.1581
vn -0.7756 0.3860 0.4994
vn -0.9461 -0.1286 0.2972
vn -0.9124 0.3868 0.1343
vn -0.8740 0.4577 0.1635
vn -0.9609 -0.1557 0.2290
vn -0.9110 -0.1352 0.3896
vn -0.0825 0.1928 0.9778
vn -0.0664 0.2422 0.9680
vn -0.0828 0.2778 0.9571
vn -0.0709 0.3444 0.9362
vn -0.0812 0.3608 0.9291
vn -0.0785 0.4467 0.8912
vn -0.0738 0.4413 0.8943
vn -0.0237 0.1859 0.9823
vn -0.0891 0.4320 0.8974
vn -0.0704 -0.0740 0.9948
vn -0.0207 0.3511 0.9361
vn -0.0728 -0.1660 0.9834
vn -0.1033 -0.2535 0.9618
vn -0.1950 -0.1642 0.9670
vn -0.2191 -0.2696 0.9377
vn -0.2838 -0.1523 0.9467
vn -0.3721 -0.3406 0.8634
vn -0.3356 -0.1229 0.9339
vn -0.4595 -0.2530 0.8514
vn -0.4360 -0.1602 0.8855
vn -0.5421 -0.2027 0.8155
vn -0.5320 -0.1754 0.8284
vn -0.6199 -0.1744 0.7651
vn -0.6196 -0.1740 0.7654
vn -0.7705 -0.1541 0.6185
vn -0.8346 -0.2149 0.5072
vn -0.9582 -0.1342 0.2525
vn -0.9849 -0.0685 0.1587
vn -0.5780 0.4770 0.6621
vn -0.6039 0.4748 0.6403
vn -0.6595 0.4382 0.6108
vn -0.5725 0.4239 0.7018
vn -0.5554 0.4248 0.7149
vn -0.5532 0.4263 0.7157
vn -0.4738 0.4515 0.7561
vn -0.4828 0.4423 0.7558
vn -0.3704 -0.0607 0.9269
vn -0.2823 -0.0637 0.9572
vn -0.1932 -0.0660 0.9789
vn -0.0741 -0.0682 0.9949
vn -0.1929 0.0187 0.9810
vn -0.2820 0.0181 0.9592
vn -0.2820 0.0181 0.9593
vn -0.3702 0.0172 0.9288
vn -0.3702 0.0173 0.9288
vn -0.4562 0.0163 0.8897
vn -0.2827 0.0997 0.9540
vn -0.3709 0.0951 0.9238
vn -0.3708 0.0951 0.9238
vn -0.4569 0.0896 0.8850
vn -0.4832 0.0518 0.8740
vn -0.5379 0.0493 0.8416
vn -0.5378 0.0493 0.8416
vn -0.6160 0.0451 0.7865
vn -0.0786 -0.1548 0.9848
vn -0.1945 -0.1499 0.9694
vn -0.2835 -0.1445 0.9480
vn -0.2835 -0.1446 0.9480
vn -0.4324 -0.1324 0.8919
vn -0.3698 -0.0995 0.9238
vn -0.4557 -0.0938 0.8852
vn -0.5383 -0.0872 0.8382
vn -0.6164 -0.0797 0.7834
vn -0.6164 -0.0798 0.7834
vn -0.9411 0.0512 0.3343
vn -0.9403 0.0137 0.3400
vn -0.9403 0.0137 0.3401
vn -0.9404 -0.0243 0.3391
vn -0.9404 -0.0242 0.3391
vn -0.9415 -0.0615 0.3315
vn -0.9415 -0.0613 0.3314
vn -0.9564 -0.1358 0.2587
vn -0.9476 -0.1321 0.2910
vn -0.9466 -0.1237 0.2978
vn -0.9266 -0.1615 0.3396
vn -0.9801 -0.0626 0.1885
vn -0.9770 -0.0540 0.2064
vn -0.9812 -0.0683 0.1808
vn -0.9814 -0.0688 0.1792
vn -0.9793 -0.0595 0.1932
vn -0.9800 -0.0622 0.1891
vn -0.9787 -0.0519 0.1984
vn -0.9786 -0.0510 0.1993
vn -0.9775 -0.0378 0.2075
vn -0.8395 0.3827 0.3856
vn -0.9124 0.3867 0.1344
vn -0.9018 0.3716 0.2209
vn -0.8767 0.4219 0.2312
vn -0.8561 0.4478 0.2581
vn -0.7032 0.3541 0.6166
vn -0.6958 0.2568 0.6708
vn -0.7031 0.3543 0.6166
vn -0.7673 0.3106 0.5610
vn -0.7755 0.3862 0.4994
vn -0.8311 0.3290 0.4484
vn -0.8395 0.3830 0.3855
vn -0.8855 0.3140 0.3426
vn -0.8933 0.3484 0.2841
vn -0.9292 0.2704 0.2521
vn -0.9357 0.2886 0.2027
vn -0.9614 0.2049 0.1834
vn -0.9688 0.2157 0.1223
vn -0.9821 0.0746 0.1729
vn -0.6920 -0.1598 0.7040
vn -0.6889 -0.0716 0.7213
vn -0.6888 -0.0716 0.7214
vn -0.6885 0.0405 0.7241
vn -0.6908 0.1511 0.7071
vn -0.7564 0.1325 0.6405
vn -0.7607 0.2254 0.6087
vn -0.8184 0.1920 0.5416
vn -0.8239 0.2650 0.5010
vn -0.8726 0.2172 0.4374
vn -0.8784 0.2702 0.3942
vn -0.9177 0.2095 0.3376
vn -0.9230 0.2441 0.2974
vn -0.9524 0.1731 0.2509
vn -0.9524 0.1734 0.2507
vn -0.9485 0.1488 0.2795
vn -0.9176 0.2099 0.3376
vn -0.9131 0.1686 0.3712
vn -0.8726 0.2175 0.4374
vn -0.8681 0.1575 0.4707
vn -0.8183 0.1922 0.5416
vn -0.8147 0.1130 0.5688
vn -0.7564 0.1326 0.6405
vn -0.7544 0.0355 0.6555
vn -0.7547 -0.0628 0.6531
vn -0.7547 -0.0628 0.6530
vn -0.7574 -0.1431 0.6370
vn -0.7027 -0.1757 0.6894
vn -0.9453 0.1201 0.3034
vn -0.9428 0.0868 0.3218
vn -0.9095 0.1225 0.3971
vn -0.9072 0.0719 0.4145
vn -0.8650 0.0928 0.4931
vn -0.8636 0.0249 0.5035
vn -0.8636 0.0248 0.5036
vn -0.8638 -0.0439 0.5019
vn -0.8639 -0.0439 0.5018
vn -0.8657 -0.1113 0.4880
vn -0.8658 -0.1112 0.4880
vn -0.8691 -0.1732 0.4633
vn -0.8922 -0.0817 0.4443
vn -0.9428 0.0871 0.3219
vn -0.9411 0.0511 0.3342
vn -0.9072 0.0721 0.4145
vn -0.9061 0.0193 0.4226
vn -0.9061 0.0193 0.4227
vn -0.9063 -0.0342 0.4213
vn -0.9063 -0.0341 0.4213
vn -0.9077 -0.0865 0.4106
vn -0.9078 -0.0863 0.4105
vn -0.9485 0.1491 0.2794
vn -0.9453 0.1197 0.3034
vn -0.9131 0.1689 0.3712
vn -0.9096 0.1223 0.3971
vn -0.8681 0.1577 0.4708
vn -0.8651 0.0927 0.4930
vn -0.8147 0.1131 0.5688
vn -0.8129 0.0303 0.5816
vn -0.8132 -0.0536 0.5795
vn -0.8132 -0.0535 0.5795
vn -0.8155 -0.1356 0.5627
vn -0.8155 -0.1355 0.5626
vn -0.8139 -0.1186 0.5688
vn -0.6872 -0.4960 0.5309
vn -0.1791 0.5121 0.8401
vn -0.2098 0.4670 0.8590
vn -0.2066 0.4256 0.8810
vn -0.2065 0.4257 0.8810
vn -0.2019 0.3488 0.9152
vn -0.2019 0.3489 0.9152
vn -0.1982 0.2689 0.9426
vn -0.1981 0.2690 0.9426
vn -0.1954 0.1867 0.9628
vn -0.2839 0.4876 0.8256
vn -0.2996 0.4678 0.8315
vn -0.2952 0.4106 0.8627
vn -0.2951 0.4107 0.8627
vn -0.2907 0.3365 0.8957
vn -0.2906 0.3366 0.8957
vn -0.2871 0.2594 0.9221
vn -0.4647 0.3365 0.8190
vn -0.4648 0.3366 0.8190
vn -0.5467 0.3128 0.7767
vn -0.5468 0.3129 0.7766
vn -0.6240 0.2861 0.7271
vn -0.6242 0.2862 0.7270
vn -0.6322 0.3946 0.6668
vn -0.6324 0.3946 0.6666
vn -0.6415 0.4719 0.6048
vn -0.7117 0.4279 0.5571
vn -0.7179 0.4307 0.5469
vn -0.7299 0.4262 0.5344
vn -0.7352 0.4624 0.4957
vn -0.7860 0.4548 0.4188
vn -0.7807 0.4417 0.4421
vn -0.8062 0.4252 0.4114
vn -0.8045 0.4851 0.3428
vn -0.8478 0.4173 0.3273
vn -0.8564 0.4130 0.3099
vn -0.8933 0.3482 0.2842
vn -0.9017 0.3717 0.2208
vn -0.9358 0.2885 0.2028
vn -0.9413 0.2958 0.1624
vn -0.9681 0.2336 0.0908
vn -0.3856 0.4637 0.7977
vn -0.3879 0.4612 0.7980
vn -0.3828 0.3917 0.8367
vn -0.4118 0.3497 0.8415
vn -0.3784 0.3211 0.8682
vn -0.3750 0.2475 0.8934
vn -0.2870 0.2595 0.9221
vn -0.2844 0.1801 0.9416
vn -0.1936 0.1033 0.9756
vn -0.0562 0.1072 0.9926
vn -0.0839 0.1363 0.9871
vn -0.9567 0.1922 0.2184
vn -0.9829 0.0767 0.1675
vn -0.9812 0.0688 0.1804
vn -0.9814 0.0707 0.1786
vn -0.9796 0.0592 0.1921
vn -0.9796 0.0591 0.1921
vn -0.9783 0.0476 0.2018
vn -0.9783 0.0475 0.2019
vn -0.9773 0.0344 0.2091
vn -0.9772 0.0295 0.2103
vn -0.9766 0.0203 0.2142
vn -0.9765 0.0143 0.2150
vn -0.9763 0.0054 0.2165
vn -0.9763 0.0050 0.2164
vn -0.9763 -0.0096 0.2161
vn -0.9767 -0.0158 0.2142
vn -0.9767 -0.0243 0.2131
vn -0.9775 -0.0382 0.2072
vn -0.9434 -0.0966 0.3173
vn -0.9434 -0.0963 0.3173
vn -0.9104 -0.1359 0.3907
vn -0.9109 -0.1337 0.3905
vn -0.8985 -0.1471 0.4136
vn -0.9868 0.0845 0.1379
vn -0.9848 0.0817 0.1531
vn -0.9614 0.2051 0.1833
vn -0.9567 0.1920 0.2186
vn -0.9291 0.2706 0.2519
vn -0.9231 0.2438 0.2975
vn -0.8854 0.3142 0.3425
vn -0.8785 0.2699 0.3942
vn -0.8310 0.3292 0.4484
vn -0.8239 0.2648 0.5010
vn -0.7672 0.3109 0.5611
vn -0.7608 0.2253 0.6086
vn -0.6957 0.2569 0.6708
vn -0.6186 0.1684 0.7675
vn -0.6185 0.1683 0.7675
vn -0.5407 0.1841 0.8208
vn -0.5406 0.1840 0.8209
vn -0.4583 0.1980 0.8665
vn -0.4582 0.1980 0.8665
vn -0.4053 0.2057 0.8907
vn -0.3725 0.1718 0.9120
vn -0.0666 0.0194 0.9976
vn -0.0747 0.0297 0.9968
vn -0.9180 0.3868 0.0879
vn -0.9155 0.3868 0.1104
vn -0.9653 0.2337 0.1164
vn -0.9927 0.0746 0.0950
vn -0.9947 0.0744 0.0708
vn -0.9947 0.0746 0.0708
vn -0.9818 0.1766 0.0699
vn -0.9696 0.2337 0.0724
vn -0.9630 0.2608 0.0686
vn -0.9312 0.3584 0.0663
vn -0.9020 0.4269 0.0643
vn -0.9196 0.3868 0.0683
vn -0.9679 0.2337 0.0926
vn -0.9900 0.0746 0.1194
vn 0.7605 -0.0410 -0.6480
vn 0.8231 -0.0100 -0.5678
vn 0.8396 -0.0074 -0.5431
vn 0.6424 -0.4327 -0.6325
vn 0.7522 -0.4298 -0.4995
vn 0.7493 -0.3604 -0.5555
vn 0.7481 -0.3579 -0.5588
vn 0.7727 -0.3131 -0.5522
vn 0.7724 -0.2914 -0.5644
vn 0.7810 -0.2451 -0.5744
vn 0.7672 -0.2272 -0.5998
vn 0.7798 -0.1884 -0.5969
vn 0.7787 -0.1099 -0.6177
vn 0.7794 -0.0104 -0.6265
vn 0.0003 -0.0001 -1.0000
vn 0.0074 0.4455 0.8952
vn -0.0623 0.7912 0.6084
vn -0.1168 0.9916 0.0558
vn 0.3403 0.9264 0.1614
vn 0.9406 0.2372 0.2428
vn 0.9117 0.2271 0.3425
vn 0.9105 0.2408 0.3361
vn 0.8478 0.2189 0.4829
vn 0.8472 0.2380 0.4749
vn 0.7952 0.2207 0.5647
vn 0.7993 0.2277 0.5561
vn 0.7389 0.2082 0.6408
vn 0.7394 0.2323 0.6319
vn -0.1161 0.9915 0.0594
vn -0.1203 0.9898 0.0757
vn -0.1146 0.9900 0.0824
vn -0.1242 0.9867 0.1047
vn -0.1179 0.9864 0.1144
vn -0.1233 0.9847 0.1230
vn -0.1243 0.9837 0.1298
vn -0.1279 0.9825 0.1352
vn -0.1226 0.9814 0.1475
vn -0.1293 0.9795 0.1547
vn -0.1257 0.9778 0.1675
vn -0.1266 0.9776 0.1681
vn -0.1300 0.9762 0.1734
vn -0.1288 0.9765 0.1725
vn -0.1276 0.9746 0.1838
vn -0.1268 0.9748 0.1834
vn -0.1271 0.9731 0.1920
vn -0.1243 0.9737 0.1910
vn -0.1267 0.9729 0.1932
vn -0.1232 0.9736 0.1921
vn -0.1241 0.9727 0.1959
vn -0.1199 0.9734 0.1953
vn -0.1198 0.9734 0.1951
vn -0.0908 0.8923 0.4422
vn -0.0514 0.8286 0.5575
vn -0.0176 0.8336 0.5521
vn -0.0142 0.8315 0.5553
vn 0.0173 0.8378 0.5456
vn 0.0195 0.8377 0.5458
vn 0.0527 0.8440 0.5338
vn 0.0553 0.8428 0.5354
vn 0.1104 0.8555 0.5058
vn 0.1120 0.8549 0.5065
vn 0.1435 0.8637 0.4831
vn 0.1441 0.8637 0.4829
vn 0.1772 0.8721 0.4561
vn 0.1778 0.8719 0.4562
vn 0.2303 0.8875 0.3991
vn 0.2301 0.8876 0.3990
vn 0.2596 0.8978 0.3558
vn 0.2595 0.8978 0.3559
vn 0.2885 0.9066 0.3081
vn 0.2879 0.9067 0.3082
vn 0.3248 0.9194 0.2218
vn 0.3242 0.9196 0.2220
vn 0.3403 0.9263 0.1617
vn 0.7210 0.6535 0.2304
vn -0.0258 0.6094 0.7924
vn 0.0080 0.5509 0.8345
vn 0.0900 0.5634 0.8213
vn 0.0988 0.5538 0.8267
vn 0.1562 0.5655 0.8098
vn 0.1628 0.5641 0.8095
vn 0.2204 0.5749 0.7880
vn 0.2310 0.5651 0.7920
vn 0.3247 0.5870 0.7416
vn 0.3361 0.5776 0.7440
vn 0.3865 0.5917 0.7074
vn 0.3926 0.5911 0.7046
vn 0.4425 0.6038 0.6631
vn 0.4536 0.5951 0.6634
vn 0.5336 0.6190 0.5762
vn 0.5436 0.6114 0.5751
vn 0.5870 0.6262 0.5130
vn 0.5915 0.6251 0.5093
vn 0.6315 0.6374 0.4415
vn 0.6390 0.6314 0.4393
vn 0.6913 0.6495 0.3165
vn 0.6966 0.6451 0.3141
vn 0.7208 0.6547 0.2279
vn 0.9401 0.2342 0.2478
vn 0.6425 0.2033 0.7388
vn 0.6246 0.2280 0.7469
vn 0.5805 0.2124 0.7861
vn 0.5600 0.2066 0.8023
vn 0.5679 0.2137 0.7949
vn 0.4893 0.1926 0.8506
vn 0.4922 0.2195 0.8423
vn 0.3573 0.1879 0.9149
vn 0.3614 0.2135 0.9076
vn 0.2704 0.1957 0.9426
vn 0.2788 0.2027 0.9387
vn 0.1872 0.1847 0.9648
vn 0.1922 0.2067 0.9593
vn 0.0457 0.1837 0.9819
vn 0.0510 0.2022 0.9780
vn 0.9769 -0.0000 0.2135
vn -0.0118 0.1951 0.9807
vn -0.0254 0.2587 0.9656
vn 0.0428 0.7065 0.7064
vn 0.0739 0.7900 0.6086
vn 0.0368 0.6084 0.7928
vn 0.0157 0.2588 0.9658
vn 0.0645 0.4376 0.8969
vn 0.0118 0.1951 0.9807
vn -0.0480 0.7925 0.6080
vn -0.0560 0.7060 0.7060
vn -0.0368 0.6084 0.7928
vn -0.0268 0.4421 0.8966
vn -0.1022 0.9755 0.1951
vn 0.1022 0.9755 0.1951
vn 0.2353 0.8673 0.4386
vn 0.0431 0.9827 0.1800
vn 0.0584 0.9643 0.2584
vn -0.0424 0.9651 0.2586
vn -0.0592 0.9776 0.2021
vn -0.2353 0.8673 0.4386
vn 0.0908 0.8923 0.4422
vn 0.0258 0.6094 0.7924
vn -0.9413 0.2346 0.2427
vn -0.7216 0.6537 0.2280
vn -0.9394 0.2368 0.2479
vn -0.9139 0.2278 0.3359
vn -0.9083 0.2400 0.3427
vn -0.8520 0.2203 0.4750
vn -0.8430 0.2363 0.4832
vn -0.7952 0.2208 0.5647
vn -0.7992 0.2277 0.5562
vn -0.7456 0.2103 0.6323
vn -0.7325 0.2303 0.6407
vn -0.6425 0.2033 0.7388
vn -0.6246 0.2280 0.7469
vn -0.5805 0.2124 0.7861
vn -0.5692 0.2092 0.7951
vn -0.5586 0.2113 0.8021
vn -0.4987 0.1952 0.8445
vn -0.4825 0.2173 0.8485
vn -0.3669 0.1902 0.9106
vn -0.3514 0.2116 0.9120
vn -0.2799 0.1976 0.9395
vn -0.2693 0.2009 0.9419
vn -0.1960 0.1865 0.9627
vn -0.1832 0.2054 0.9614
vn -0.0533 0.1850 0.9813
vn -0.0433 0.2013 0.9786
vn -0.0074 0.4455 0.8952
vn -0.0080 0.5509 0.8345
vn -0.0958 0.5641 0.8201
vn -0.0933 0.5526 0.8282
vn -0.1619 0.5665 0.8080
vn -0.1572 0.5630 0.8114
vn -0.2262 0.5759 0.7856
vn -0.2256 0.5637 0.7946
vn -0.3302 0.5881 0.7383
vn -0.3310 0.5760 0.7474
vn -0.3915 0.5930 0.7036
vn -0.3878 0.5897 0.7084
vn -0.4471 0.6049 0.6590
vn -0.4494 0.5937 0.6675
vn -0.5373 0.6199 0.5719
vn -0.5404 0.6101 0.5794
vn -0.5899 0.6271 0.5087
vn -0.5887 0.6242 0.5137
vn -0.6337 0.6380 0.4375
vn -0.6371 0.6306 0.4433
vn -0.6925 0.6498 0.3133
vn -0.6956 0.6446 0.3173
vn -0.7202 0.6545 0.2303
vn -0.3402 0.9263 0.1617
vn 0.0623 0.7912 0.6084
vn 0.0514 0.8286 0.5575
vn 0.0154 0.8339 0.5518
vn 0.0163 0.8310 0.5560
vn -0.0191 0.8382 0.5451
vn -0.0177 0.8374 0.5464
vn -0.0541 0.8442 0.5333
vn -0.0541 0.8424 0.5361
vn -0.1111 0.8557 0.5054
vn -0.1114 0.8547 0.5070
vn -0.1439 0.8638 0.4828
vn -0.1437 0.8636 0.4833
vn -0.1774 0.8722 0.4559
vn -0.1776 0.8719 0.4564
vn -0.2302 0.8875 0.3991
vn -0.2302 0.8876 0.3990
vn -0.2595 0.8978 0.3559
vn -0.2596 0.8978 0.3557
vn -0.2884 0.9065 0.3084
vn -0.2880 0.9068 0.3079
vn -0.3247 0.9194 0.2221
vn -0.3243 0.9196 0.2217
vn -0.3404 0.9263 0.1614
vn 0.1175 0.9913 0.0591
vn 0.1152 0.9918 0.0561
vn 0.1214 0.9894 0.0801
vn 0.1128 0.9905 0.0782
vn 0.1264 0.9859 0.1100
vn 0.1148 0.9873 0.1094
vn 0.1266 0.9836 0.1283
vn 0.1207 0.9848 0.1246
vn 0.1315 0.9813 0.1406
vn 0.1182 0.9827 0.1426
vn 0.1335 0.9782 0.1593
vn 0.1207 0.9791 0.1635
vn 0.1312 0.9763 0.1718
vn 0.1252 0.9775 0.1698
vn 0.1330 0.9754 0.1757
vn 0.1228 0.9757 0.1813
vn 0.1303 0.9740 0.1853
vn 0.1233 0.9739 0.1907
vn 0.1271 0.9731 0.1920
vn 0.1238 0.9735 0.1923
vn 0.1249 0.9733 0.1926
vn 0.1222 0.9730 0.1957
vn 0.1198 0.9734 0.1953
vn 0.1199 0.9734 0.1951
vn -0.9769 -0.0000 0.2135
vn 0.7675 0.5485 0.3318
vn 0.7058 0.5996 0.3773
vn 0.6889 0.6041 0.4006
vn 0.6911 0.5898 0.4176
vn 0.7141 0.6523 0.2541
vn 0.7262 0.6048 0.3268
vn 0.6993 0.6458 0.3066
vn 0.7136 0.6039 0.3550
vn 0.7350 0.5742 0.3607
vn 0.6969 0.7047 0.1332
vn 0.7256 0.6683 0.1640
vn 0.7511 0.6451 0.1401
vn 0.7885 0.5984 0.1421
vn 0.8173 0.5488 0.1757
vn 0.8364 0.5322 0.1315
vn 0.7231 0.6633 0.1925
vn 0.7267 0.6503 0.2216
vn 0.8147 0.5397 0.2120
vn 0.8100 0.5532 0.1946
vn 0.7774 0.5579 0.2907
vn 0.7816 0.5641 0.2663
vn 0.7799 0.5559 0.2877
vn 0.7972 0.5446 0.2607
vn 0.7989 0.5436 0.2574
vn 0.8131 0.5163 0.2687
vn 0.8209 0.5023 0.2715
vn -0.9444 0.3146 0.0959
vn -0.9644 0.2449 0.0999
vn -0.9653 0.2206 0.1396
vn -0.9960 -0.0222 0.0865
vn -0.7711 0.6112 0.1786
vn -0.7175 0.6710 0.1867
vn -0.4277 0.8820 0.1977
vn -0.3548 0.9136 0.1989
vn -0.0019 0.9839 0.1787
vn 0.0759 0.9819 0.1733
vn 0.4244 0.8968 0.1252
vn 0.4923 0.8628 0.1148
vn -0.9543 0.2120 0.2107
vn -0.9557 0.2065 0.2097
vn -0.7712 0.5831 0.2553
vn -0.7611 0.5958 0.2566
vn -0.4543 0.8534 0.2556
vn -0.4204 0.8710 0.2543
vn -0.0585 0.9756 0.2115
vn 0.0013 0.9791 0.2033
vn 0.3477 0.9285 0.1306
vn 0.4228 0.8991 0.1133
vn -0.0594 0.9765 0.2072
vn -0.0933 0.9728 0.2121
vn -0.4518 0.8510 0.2679
vn -0.9483 0.1998 0.2468
vn -0.9470 0.2044 0.2477
vn -0.7748 0.5662 0.2811
vn 0.2979 0.9493 0.1006
vn 0.3022 0.9457 0.1201
vn 0.3433 0.9327 0.1107
vn -0.1788 0.9622 0.2053
vn -0.0974 0.9764 0.1930
vn 0.0160 0.9857 0.1677
vn 0.2572 0.9602 0.1093
vn -0.4107 0.8789 0.2425
vn -0.4767 0.8419 0.2528
vn -0.4732 0.8389 0.2689
vn -0.7658 0.5778 0.2822
vn -0.9504 0.1960 0.2417
vn -0.9492 0.2005 0.2425
vn -0.8641 0.4290 0.2632
vn -0.7772 0.5682 0.2703
vn -0.7559 0.5968 0.2690
vn -0.5791 0.7726 0.2602
vn -0.7021 -0.5136 -0.4932
vn -0.7034 -0.4903 -0.5146
vn -0.7195 -0.4433 -0.5347
vn -0.7110 -0.5021 -0.4923
vn -0.7072 -0.5099 -0.4897
vn -0.7069 -0.5237 -0.4754
vn -0.7072 -0.5214 -0.4774
vn -0.7066 -0.5414 -0.4556
vn -0.6995 -0.5590 -0.4451
vn -0.7004 -0.5579 -0.4452
vn -0.7027 -0.5526 -0.4482
vn 0.9163 0.4006 -0.0000
vn 0.9478 0.3186 0.0159
vn 0.8949 0.4462 -0.0000
vn 0.9323 0.3615 0.0105
vn 0.9362 0.3514 -0.0006
vn 0.9784 0.2066 0.0003
vn 0.9787 0.2053 -0.0000
vn 0.9945 0.1050 -0.0001
vn 0.9959 0.0904 -0.0025
vn 0.9995 0.0304 0.0009
vn 0.9999 0.0170 -0.0000
vn -0.0000 -1.0000 0.0011
vn -0.6338 -0.5336 -0.5600
vn -0.6823 -0.5719 -0.4554
vn -0.6340 -0.5976 -0.4907
vn -0.6106 -0.6225 -0.4896
vn -0.4650 -0.6297 -0.6223
vn -0.4585 -0.7284 -0.5090
vn -0.3470 -0.7974 -0.4937
vn -0.2903 -0.7899 -0.5402
vn -0.2513 -0.8141 -0.5236
vn -0.0348 -0.8679 -0.4956
vn -0.2900 -0.5877 -0.7553
vn -0.2152 -0.5788 -0.7866
vn -0.0783 -0.6057 -0.7919
vn -0.6343 -0.4934 -0.5951
vn -0.6502 -0.5424 -0.5319
vn -0.6139 -0.4959 -0.6142
vn -0.5707 -0.4847 -0.6629
vn -0.5561 -0.4884 -0.6724
vn -0.4993 -0.5348 -0.6817
vn -0.4698 -0.5464 -0.6934
vn -0.4711 -0.5452 -0.6934
vn -0.3908 -0.5562 -0.7334
vn -0.3254 -0.5713 -0.7535
vn -0.1462 -0.8222 -0.5501
vn -0.1114 -0.8652 -0.4889
vn -0.0980 -0.8295 -0.5499
vn -0.0978 -0.7855 -0.6111
vn -0.1478 -0.6697 -0.7278
vn -0.0980 -0.7222 -0.6847
vn -0.2897 -0.7554 -0.5877
vn -0.4705 -0.6964 -0.5418
vn -0.5554 -0.6563 -0.5106
vn -0.5723 -0.7228 -0.3874
vn -0.6344 -0.5701 -0.5221
vn -0.6242 -0.5457 -0.5591
vn -0.4705 -0.6163 -0.6314
vn -0.2897 -0.6686 -0.6849
vn -0.2897 -0.6685 -0.6849
vn -0.0978 -0.6951 -0.7122
vn -0.0978 -0.5960 -0.7970
vn -0.0059 -0.5961 -0.8029
vn 0.2729 0.9616 0.0270
vn 0.4293 0.9030 0.0167
vn 0.5709 0.8181 0.0696
vn 0.8805 0.4720 0.0446
vn 0.8786 0.4756 0.0443
vn 0.8653 0.4993 0.0436
vn 0.8340 0.5499 0.0463
vn 0.8422 0.5374 0.0431
vn 0.8470 0.5250 0.0839
vn 0.6508 0.7557 0.0734
vn 0.8404 0.5323 0.1025
vn 0.8447 0.5250 0.1041
vn 0.7951 0.5988 0.0963
vn 0.7686 0.6334 0.0898
vn 0.7583 0.6456 0.0904
vn 0.6773 0.7308 0.0851
vn 0.7062 0.7050 0.0658
vn 0.4243 0.9047 0.0396
vn 0.4273 0.9028 0.0478
vn 0.5135 0.8560 0.0601
vn 0.5082 0.8604 0.0377
vn 0.5256 0.8491 0.0530
vn 0.3624 0.9314 0.0336
vn 0.3186 0.9476 0.0218
vn 0.3464 0.9376 0.0290
vn 0.0579 0.9983 0.0055
vn 0.0399 0.9992 0.0011
vn 0.1147 0.9933 0.0119
vn 0.1998 0.9797 0.0162
vn 0.1666 0.9860 0.0075
vn 0.2079 0.9780 0.0174
vn 0.0580 0.9983 0.0043
vn 0.0580 0.9983 0.0049
vn 0.0345 0.9994 0.0018
vn 0.3051 0.9522 0.0162
vn 0.2570 0.9663 0.0126
vn 0.1999 0.9797 0.0146
vn 0.1746 0.9846 0.0101
vn 0.1022 0.9947 0.0047
vn 0.5070 0.8614 0.0299
vn 0.4646 0.8852 0.0250
vn 0.3636 0.9314 0.0169
vn 0.4157 0.9088 0.0352
vn 0.3475 0.9374 0.0204
vn 0.5729 0.8183 0.0468
vn 0.5164 0.8560 0.0241
vn 0.6183 0.7852 0.0339
vn 0.6537 0.7557 0.0394
vn 0.6582 0.7518 0.0387
vn 0.8053 0.5913 0.0432
vn 0.7772 0.6277 0.0443
vn 0.7725 0.6334 0.0453
vn 0.7292 0.6832 0.0379
vn 0.6948 0.7183 0.0374
vn 0.4058 0.9131 0.0402
vn 0.5145 0.8560 0.0510
vn 0.6517 0.7557 0.0646
vn 0.7700 0.6334 0.0763
vn 0.8488 0.5250 0.0625
vn 0.1999 0.9797 0.0147
vn 0.3630 0.9314 0.0268
vn 0.5156 0.8560 0.0380
vn 0.6532 0.7557 0.0481
vn 0.7717 0.6334 0.0569
vn 0.8496 0.5250 0.0497
vn 0.0137 -0.9999 -0.0000
vn -0.4306 -0.9025 -0.0118
vn -0.1741 -0.9844 0.0257
vn -0.2686 -0.9631 -0.0168
vn -0.1460 -0.9893 -0.0000
vn 0.1468 -0.9891 -0.0133
vn 0.0730 -0.9973 0.0016
vn 0.3323 -0.9432 -0.0015
vn 0.3257 -0.9455 -0.0000
vn 0.5365 -0.8439 -0.0000
vn 0.5599 -0.8286 -0.0068
vn 0.7379 -0.6748 0.0093
vn -0.0000 -0.9948 -0.1017
vn -0.0000 -0.9917 -0.1289
vn -0.5521 -0.8338 0.0032
vn -0.7483 -0.6634 -0.0029
vn -0.0137 -0.9999 -0.0000
vn -0.1468 -0.9891 -0.0133
vn -0.0730 -0.9973 0.0016
vn -0.3323 -0.9432 -0.0015
vn -0.3257 -0.9455 -0.0000
vn -0.5347 -0.8451 -0.0000
vn -0.6231 -0.7818 -0.0256
vn 0.1305 -0.9895 -0.0615
vn 0.2315 -0.9728 -0.0000
vn 0.3256 -0.9445 -0.0429
vn 0.7027 -0.5526 -0.4482
vn 0.7004 -0.5579 -0.4452
vn 0.6995 -0.5590 -0.4451
vn 0.7195 -0.4433 -0.5347
vn 0.7003 -0.4986 -0.5108
vn 0.7085 -0.5004 -0.4977
vn 0.7053 -0.5139 -0.4884
vn 0.7060 -0.5125 -0.4889
vn 0.7072 -0.5238 -0.4749
vn 0.7066 -0.5414 -0.4556
vn 0.0979 -0.6739 -0.7323
vn 0.0348 -0.8679 -0.4956
vn 0.1462 -0.8222 -0.5501
vn 0.1114 -0.8652 -0.4889
vn 0.2513 -0.8141 -0.5236
vn 0.3168 -0.7720 -0.5510
vn 0.2897 -0.8263 -0.4830
vn 0.4585 -0.7284 -0.5090
vn 0.4650 -0.6297 -0.6223
vn 0.5723 -0.7228 -0.3874
vn 0.6335 -0.5405 -0.5537
vn 0.6338 -0.6051 -0.4818
vn 0.6739 -0.5516 -0.4914
vn 0.5892 -0.4772 -0.6520
vn 0.5561 -0.5115 -0.6551
vn 0.5465 -0.5145 -0.6608
vn 0.4698 -0.5464 -0.6934
vn 0.4711 -0.5452 -0.6934
vn 0.3908 -0.5562 -0.7334
vn 0.3254 -0.5713 -0.7535
vn 0.2900 -0.5877 -0.7553
vn 0.2152 -0.5788 -0.7866
vn 0.0783 -0.6057 -0.7919
vn 0.0978 -0.5960 -0.7970
vn 0.0059 -0.5961 -0.8029
vn 0.0978 -0.7855 -0.6111
vn 0.0980 -0.8295 -0.5499
vn 0.2897 -0.7554 -0.5877
vn 0.4705 -0.6964 -0.5418
vn 0.5554 -0.6563 -0.5106
vn 0.6106 -0.6225 -0.4896
vn 0.0980 -0.7222 -0.6847
vn 0.1264 -0.6929 -0.7099
vn 0.2897 -0.6685 -0.6849
vn 0.2897 -0.6686 -0.6849
vn 0.4705 -0.6163 -0.6314
vn 0.6344 -0.5064 -0.5841
vn 0.6468 -0.4868 -0.5871
vn 0.0474 -0.8674 -0.4953
vn -0.0376 -0.8843 -0.4653
vn 0.0265 -0.8976 -0.4400
vn -0.0455 -0.8645 -0.5006
vn -0.0234 -0.9008 -0.4336
vn 0.0075 -0.9014 -0.4329
vn 0.0183 -0.9029 -0.4294
vn -0.0000 -0.9011 -0.4336
vn 0.0259 -0.9052 -0.4241
vn -0.0021 -0.9024 -0.4309
vn -0.0259 -0.9052 -0.4241
vn 0.0021 -0.9024 -0.4309
vn -0.0072 -0.9029 -0.4297
vn 0.0207 -0.8969 -0.4417
vn -0.0183 -0.9029 -0.4294
vn 0.0376 -0.8843 -0.4653
vn -0.0265 -0.8976 -0.4400
vn -0.0196 -0.8948 -0.4460
vn 0.0225 -0.8550 -0.5181
vn -0.0222 -0.8843 -0.4664
vn -0.0000 -0.6267 -0.7793
vn -0.2324 -0.5797 -0.7809
vn -0.0000 -0.8235 -0.5672
vn -0.0000 -0.6771 -0.7359
vn -0.0000 -0.7257 -0.6880
vn -0.0868 -0.7565 -0.6482
vn 0.0525 -0.7882 -0.6132
vn -0.0020 -0.8203 -0.5720
vn -0.0000 -0.8335 -0.5525
vn -0.0000 -0.8684 -0.4959
vn -0.1013 -0.7555 -0.6473
vn 0.1662 -0.7783 -0.6055
vn -0.0000 -0.8192 -0.5735
vn 0.0007 -0.8208 -0.5712
vn -0.0002 -0.8335 -0.5525
vn -0.0000 -0.8355 -0.5496
vn -0.0002 -0.8704 -0.4924
vn 0.0286 -0.8884 -0.4582
vn -0.0000 -0.5961 -0.8029
vn 0.1495 -0.6197 -0.7705
vn 0.0759 -0.0000 0.9971
vn 0.9455 0.0150 0.3252
vn 0.9646 -0.0075 0.2636
vn 0.9724 -0.0000 0.2331
vn 0.6559 -0.0000 0.7548
vn 0.6815 0.0124 0.7317
vn 0.7371 -0.0122 0.6757
vn 0.7864 0.0152 0.6176
vn 0.7833 0.0129 0.6215
vn 0.8240 -0.0056 0.5665
vn 0.8402 -0.0000 0.5423
vn 0.8628 -0.0000 0.5055
vn 0.8867 0.0121 0.4622
vn 0.9089 -0.0118 0.4169
vn 0.9419 0.0097 0.3357
vn 0.6248 -0.0000 0.7808
vn 0.6125 -0.0003 0.7905
vn 0.5996 -0.0028 0.8003
vn 0.5368 0.0097 0.8437
vn 0.0725 0.0029 0.9974
vn 0.2161 -0.0026 0.9764
vn 0.2251 0.0045 0.9743
vn 0.3096 -0.0012 0.9509
vn 0.3154 -0.0001 0.9490
vn 0.3755 0.0001 0.9268
vn 0.4012 0.0132 0.9159
vn 0.4816 -0.0112 0.8763
vn 0.5531 0.0208 0.8329
vn 0.4042 0.8737 0.2708
vn 0.9249 0.2353 0.2986
vn 0.6802 0.6646 0.3092
vn 0.1746 0.9588 0.2240
vn -0.2092 0.9706 0.1191
vn 0.9217 0.2482 0.2980
vn 0.8993 0.2341 0.3693
vn 0.8985 0.2397 0.3678
vn 0.8637 0.2204 0.4533
vn 0.8580 0.2416 0.4532
vn 0.8141 0.2207 0.5371
vn 0.8272 0.0661 0.5580
vn 0.7702 0.2270 0.5960
vn 0.7384 0.2151 0.6391
vn 0.7388 0.2183 0.6375
vn 0.6897 0.2007 0.6958
vn 0.6847 0.2214 0.6944
vn 0.6124 0.2018 0.7644
vn 0.6269 0.0178 0.7789
vn 0.5576 0.2074 0.8038
vn 0.5193 0.2003 0.8308
vn 0.5196 0.2039 0.8297
vn 0.4527 0.1927 0.8706
vn 0.4517 0.2019 0.8690
vn 0.3588 0.1945 0.9129
vn 0.3518 0.0268 0.9357
vn 0.3011 0.1950 0.9334
vn 0.6782 0.6669 0.3086
vn 0.6582 0.6549 0.3713
vn 0.6576 0.6558 0.3708
vn 0.6287 0.6387 0.4436
vn 0.6258 0.6423 0.4426
vn 0.5706 0.6165 0.5425
vn 0.5681 0.6200 0.5412
vn 0.5326 0.6074 0.5894
vn 0.5325 0.6078 0.5891
vn 0.4975 0.5946 0.6317
vn 0.4958 0.5973 0.6304
vn 0.4287 0.5791 0.6934
vn 0.4281 0.5803 0.6928
vn 0.3841 0.5726 0.7243
vn 0.3841 0.5728 0.7242
vn 0.3420 0.5655 0.7505
vn 0.3424 0.5642 0.7513
vn 0.2730 0.5585 0.7833
vn 0.2735 0.5552 0.7855
vn 0.2780 0.9308 0.2374
vn 0.2621 0.9216 0.2862
vn 0.2644 0.9204 0.2880
vn 0.2478 0.9103 0.3315
vn 0.2584 0.9055 0.3367
vn 0.2279 0.8913 0.3919
vn 0.2387 0.8853 0.3992
vn 0.2208 0.8789 0.4228
vn 0.2214 0.8779 0.4246
vn 0.2067 0.8724 0.4429
vn 0.2165 0.8654 0.4519
vn 0.1906 0.8585 0.4762
vn 0.1983 0.8513 0.4858
vn 0.1841 0.8487 0.4957
vn 0.1848 0.8468 0.4987
vn 0.1742 0.8450 0.5055
vn 0.1788 0.8385 0.5148
vn 0.1634 0.8372 0.5219
vn 0.1658 0.8314 0.5303
vn -0.1934 0.9729 0.1267
vn -0.1957 0.9715 0.1336
vn -0.1901 0.9719 0.1388
vn -0.1913 0.9712 0.1421
vn -0.1657 0.9734 0.1581
vn -0.1647 0.9739 0.1563
vn -0.1390 0.9743 0.1775
vn -0.1347 0.9759 0.1719
vn -0.1333 0.9751 0.1770
vn -0.1250 0.9781 0.1665
vn -0.1029 0.9762 0.1910
vn -0.0824 0.9817 0.1718
vn -0.0653 0.9783 0.1967
vn -0.0469 0.9818 0.1839
vn -0.0451 0.9806 0.1907
vn -0.0226 0.9841 0.1761
vn -0.0132 0.9803 0.1971
vn 0.0282 0.9836 0.1781
vn 0.0326 0.9805 0.1938
vn 0.0714 0.1752 0.9819
vn 0.2120 0.1945 0.9577
vn 0.2111 0.1752 0.9616
vn 0.1839 0.5382 0.8225
vn 0.1799 0.5546 0.8125
vn 0.1167 0.8416 0.5273
vn 0.1221 0.8308 0.5430
vn 0.0423 0.9807 0.1909
vn 0.0364 0.9844 0.1724
vn 0.0128 0.9843 0.1758
vn 0.0714 0.1753 0.9819
vn 0.0675 0.3655 0.9283
vn 0.0594 0.5382 0.8407
vn 0.0604 0.5544 0.8300
vn 0.0392 0.8416 0.5387
vn 0.0385 0.8308 0.5552
vn 0.0265 0.9310 0.3641
vn -0.0000 -0.0000 1.0000
vn -0.8524 0.4204 0.3110
vn -0.5703 0.7659 0.2969
vn -0.1746 0.9588 0.2240
vn 0.2566 0.9606 0.1066
vn 0.0120 0.9887 0.1496
vn -0.4088 0.8775 0.2507
vn -0.7490 0.5917 0.2983
vn -0.8646 0.2209 0.4512
vn -0.8977 0.2393 0.3699
vn -0.9001 0.2345 0.3672
vn -0.9212 0.2478 0.2999
vn -0.9400 0.1889 0.2840
vn -0.6910 0.2012 0.6943
vn -0.7375 0.2179 0.6392
vn -0.7397 0.2156 0.6374
vn -0.7702 0.2270 0.5960
vn -0.8272 0.0661 0.5580
vn -0.8141 0.2207 0.5371
vn -0.8571 0.2411 0.4553
vn 0.1926 0.9734 0.1242
vn 0.1966 0.9710 0.1363
vn 0.1891 0.9725 0.1362
vn 0.1923 0.9706 0.1449
vn 0.1642 0.9741 0.1555
vn 0.1662 0.9732 0.1591
vn 0.1370 0.9750 0.1750
vn 0.1366 0.9752 0.1744
vn 0.1314 0.9758 0.1745
vn 0.1269 0.9774 0.1688
vn 0.1006 0.9768 0.1889
vn 0.0844 0.9812 0.1736
vn 0.0631 0.9787 0.1952
vn 0.0488 0.9815 0.1853
vn 0.0431 0.9810 0.1894
vn 0.0243 0.9839 0.1772
vn 0.0112 0.9805 0.1963
vn -0.2754 0.9294 0.2456
vn -0.2617 0.9214 0.2873
vn -0.2648 0.9206 0.2869
vn -0.2473 0.9100 0.3326
vn -0.2590 0.9057 0.3356
vn -0.2272 0.8910 0.3931
vn -0.2396 0.8855 0.3980
vn -0.2201 0.8786 0.4238
vn -0.2222 0.8782 0.4236
vn -0.2059 0.8721 0.4440
vn -0.2175 0.8657 0.4509
vn -0.1897 0.8582 0.4770
vn -0.1993 0.8515 0.4851
vn -0.1830 0.8485 0.4965
vn -0.1859 0.8470 0.4980
vn -0.1733 0.8449 0.5061
vn -0.1798 0.8385 0.5143
vn -0.6781 0.6668 0.3090
vn -0.6583 0.6550 0.3709
vn -0.6574 0.6557 0.3712
vn -0.6289 0.6388 0.4432
vn -0.6256 0.6422 0.4430
vn -0.5708 0.6167 0.5421
vn -0.5678 0.6199 0.5415
vn -0.5327 0.6075 0.5892
vn -0.5324 0.6077 0.5893
vn -0.4977 0.5947 0.6314
vn -0.4956 0.5972 0.6307
vn -0.4288 0.5791 0.6933
vn -0.4280 0.5802 0.6929
vn -0.3842 0.5726 0.7243
vn -0.3840 0.5728 0.7242
vn -0.3419 0.5655 0.7506
vn -0.3426 0.5642 0.7512
vn -0.3589 0.1945 0.9129
vn -0.4510 0.2018 0.8694
vn -0.4534 0.1928 0.8702
vn -0.5185 0.2037 0.8305
vn -0.5204 0.2005 0.8301
vn -0.5576 0.2074 0.8038
vn -0.6269 0.0178 0.7789
vn -0.6124 0.2018 0.7644
vn -0.6833 0.2210 0.6959
vn -0.3011 0.1950 0.9334
vn -0.3518 0.0268 0.9357
vn -0.2739 0.5552 0.7854
vn -0.2726 0.5585 0.7834
vn -0.1667 0.8314 0.5301
vn -0.1626 0.8371 0.5223
vn -0.0340 0.9805 0.1934
vn -0.0269 0.9835 0.1787
vn -0.9724 -0.0000 0.2331
vn -0.9646 -0.0075 0.2636
vn -0.9455 0.0150 0.3252
vn -0.9419 0.0097 0.3357
vn -0.8886 -0.0231 0.4582
vn -0.9055 0.0229 0.4238
vn -0.8628 -0.0000 0.5055
vn -0.8401 -0.0000 0.5425
vn -0.8240 -0.0056 0.5665
vn -0.7833 0.0129 0.6215
vn -0.5996 -0.0028 0.8003
vn -0.5368 0.0097 0.8437
vn -0.7863 0.0152 0.6176
vn -0.7371 -0.0122 0.6757
vn -0.6815 0.0124 0.7317
vn -0.6559 -0.0000 0.7548
vn -0.6248 -0.0000 0.7808
vn -0.6125 -0.0003 0.7905
vn -0.0725 -0.0000 0.9974
vn -0.0756 0.0028 0.9971
vn -0.2161 -0.0026 0.9764
vn -0.2251 0.0045 0.9743
vn -0.3096 -0.0012 0.9509
vn -0.3154 -0.0001 0.9490
vn -0.3755 0.0001 0.9268
vn -0.4012 0.0132 0.9159
vn -0.4816 -0.0112 0.8763
vn -0.5531 0.0208 0.8329
vn -0.0000 0.9844 0.1758
vn -0.0000 0.9313 0.3642
vn -0.0000 0.5554 0.8316
vn -0.0000 0.8315 0.5556
vn -0.0000 0.9314 0.3639
vn -0.0000 0.1758 0.9844
vn -0.0000 0.3664 0.9304
vn -0.0000 0.3663 0.9305
vn -0.0128 0.9843 0.1758
vn -0.0423 0.9807 0.1909
vn -0.0364 0.9844 0.1724
vn -0.1184 0.8415 0.5271
vn -0.1203 0.8308 0.5435
vn -0.1822 0.5382 0.8229
vn -0.1817 0.5546 0.8120
vn -0.2120 0.1945 0.9577
vn -0.2111 0.1752 0.9616
vn -0.0714 0.1752 0.9819
vn -0.0714 0.1753 0.9819
vn -0.0265 0.9310 0.3641
vn -0.0375 0.8415 0.5389
vn -0.0404 0.8308 0.5551
vn -0.0611 0.5382 0.8406
vn -0.0585 0.5545 0.8301
vn -0.0675 0.3655 0.9283
vn -0.3027 0.9452 0.1224
vn -0.3428 0.9331 0.1085
vn 0.0928 0.9724 0.2139
vn 0.0598 0.9768 0.2055
vn 0.4729 0.8387 0.2702
vn 0.4520 0.8512 0.2666
vn 0.7747 0.5661 0.2819
vn 0.7660 0.5779 0.2815
vn 0.9482 0.1997 0.2470
vn 0.9471 0.2045 0.2475
vn -0.2103 0.9698 0.1238
vn -0.2966 0.9503 0.0949
vn 0.1778 0.9615 0.2095
vn 0.0981 0.9769 0.1899
vn 0.4107 0.8789 0.2425
vn 0.4767 0.8419 0.2528
vn 0.6911 0.6729 0.2638
vn 0.7772 0.5682 0.2703
vn 0.9382 0.2444 0.2450
vn 0.9493 0.2006 0.2422
vn 0.9653 0.2206 0.1396
vn 0.9564 0.2775 0.0913
vn -0.4246 0.8964 0.1273
vn -0.4839 0.8676 0.1145
vn 0.0017 0.9836 0.1805
vn -0.0466 0.9835 0.1746
vn 0.4275 0.8818 0.1992
vn 0.4000 0.8948 0.1982
vn 0.7710 0.6109 0.1798
vn 0.7632 0.6205 0.1805
vn 0.9945 -0.0744 0.0744
vn 0.9768 0.1930 0.0930
vn -0.3481 0.9280 0.1328
vn -0.4225 0.8995 0.1112
vn 0.0581 0.9753 0.2132
vn -0.0011 0.9794 0.2017
vn 0.4541 0.8532 0.2566
vn 0.4205 0.8712 0.2533
vn 0.7712 0.5830 0.2557
vn 0.7611 0.5959 0.2562
vn 0.9543 0.2120 0.2106
vn 0.9557 0.2065 0.2099
vn -0.7231 0.6633 0.1925
vn -0.6948 0.7067 0.1337
vn -0.7186 0.5861 0.3743
vn -0.7082 0.6212 0.3356
vn -0.7227 0.6218 0.3018
vn -0.7229 0.6089 0.3266
vn -0.7058 0.5996 0.3773
vn -0.6889 0.6041 0.4006
vn -0.6911 0.5899 0.4177
vn -0.7815 0.5641 0.2663
vn -0.7773 0.5579 0.2907
vn -0.7675 0.5485 0.3318
vn -0.7842 0.5840 0.2100
vn -0.7828 0.5522 0.2869
vn -0.8101 0.5368 0.2357
vn -0.8057 0.5390 0.2456
vn -0.8217 0.5119 0.2508
vn -0.7256 0.6683 0.1637
vn -0.7492 0.6474 0.1400
vn -0.7866 0.6009 0.1420
vn -0.7141 0.6523 0.2541
vn -0.7267 0.6503 0.2216
vn -0.8055 0.5529 0.2134
vn -0.8182 0.5481 0.1735
vn -0.8303 0.5343 0.1583
vn -0.9039 0.4278 -0.0000
vn -0.8938 0.4485 0.0038
vn -0.9982 0.0594 -0.0000
vn -0.9972 0.0746 0.0034
vn -0.9869 0.1614 -0.0016
vn -0.9842 0.1770 -0.0000
vn -0.9652 0.2614 -0.0000
vn -0.9749 0.2226 0.0083
vn -0.9332 0.3592 -0.0131
vn -0.9561 0.2929 0.0082
vn -0.9175 0.3977 -0.0026
vn -0.9203 0.3912 -0.0000
vn -0.4243 0.9047 0.0396
vn -0.8788 0.4753 0.0428
vn -0.8802 0.4727 0.0427
vn -0.8656 0.4990 0.0420
vn -0.8339 0.5499 0.0470
vn -0.6948 0.7183 0.0374
vn -0.7292 0.6832 0.0379
vn -0.7725 0.6334 0.0453
vn -0.7772 0.6277 0.0443
vn -0.8053 0.5913 0.0432
vn -0.4646 0.8852 0.0250
vn -0.5070 0.8614 0.0299
vn -0.5160 0.8560 0.0321
vn -0.5745 0.8180 0.0296
vn -0.6538 0.7557 0.0374
vn -0.6181 0.7848 0.0454
vn -0.6582 0.7518 0.0387
vn -0.4209 0.9069 0.0215
vn -0.3632 0.9314 0.0238
vn -0.3475 0.9374 0.0204
vn -0.1022 0.9947 0.0047
vn -0.1746 0.9846 0.0101
vn -0.1999 0.9797 0.0146
vn -0.2570 0.9663 0.0126
vn -0.3051 0.9522 0.0162
vn -0.0580 0.9983 0.0043
vn -0.0581 0.9983 0.0037
vn -0.0389 0.9992 0.0037
vn -0.2729 0.9616 0.0270
vn -0.2079 0.9780 0.0174
vn -0.1998 0.9797 0.0154
vn -0.1622 0.9867 0.0143
vn -0.1147 0.9933 0.0119
vn -0.3096 0.9504 0.0297
vn -0.3625 0.9314 0.0331
vn -0.3464 0.9376 0.0290
vn -0.5152 0.8559 0.0438
vn -0.4614 0.8857 0.0526
vn -0.4273 0.9028 0.0478
vn -0.7016 0.7073 0.0865
vn -0.6606 0.7467 0.0777
vn -0.6508 0.7557 0.0734
vn -0.5709 0.8181 0.0696
vn -0.5256 0.8491 0.0530
vn -0.7564 0.6479 0.0905
vn -0.7686 0.6334 0.0898
vn -0.7932 0.6013 0.0958
vn -0.8403 0.5404 0.0431
vn -0.8497 0.5250 0.0480
vn -0.8488 0.5250 0.0625
vn -0.8387 0.5349 0.1023
vn -0.8447 0.5250 0.1046
vn -0.8470 0.5250 0.0839
vn -0.7700 0.6334 0.0763
vn -0.6517 0.7557 0.0646
vn -0.5145 0.8560 0.0510
vn -0.4238 0.9048 0.0420
vn -0.3929 0.9188 0.0377
vn -0.0345 0.9994 0.0018
vn -0.0580 0.9983 0.0049
vn -0.1999 0.9797 0.0147
vn -0.3630 0.9314 0.0268
vn -0.5156 0.8560 0.0380
vn -0.6532 0.7557 0.0481
vn -0.7717 0.6334 0.0569
vn -0.0000 0.5097 0.8604
vn -0.9417 -0.3364 -0.0000
vn -0.9328 -0.3603 0.0023
vn -0.8362 -0.5484 -0.0059
vn -0.8392 -0.5437 -0.0068
vn -0.7578 -0.6525 0.0006
vn -0.5356 -0.8445 -0.0018
vn -0.5252 -0.8510 -0.0000
vn -0.2077 -0.9782 -0.0000
vn -0.1632 -0.9866 -0.0033
vn 0.0281 -0.9996 0.0020
vn 0.0733 -0.9973 -0.0000
vn 0.2623 -0.9650 -0.0000
vn 0.2665 -0.9638 -0.0003
vn 0.4819 -0.8762 0.0003
vn 0.4856 -0.8742 -0.0000
vn 0.6468 -0.7626 -0.0000
vn 0.7594 -0.6505 0.0083
vn 0.9808 -0.1951 -0.0000
vn 0.9727 -0.2320 0.0055
vn 0.9074 -0.4202 -0.0000
vn 0.8080 -0.5892 -0.0000
vn -0.0000 -0.9803 -0.1977
vn -0.9808 -0.1951 -0.0000
vn -0.9727 -0.2320 0.0055
vn -0.9074 -0.4202 -0.0000
vn -0.8080 -0.5892 -0.0000
vn -0.7594 -0.6505 0.0083
vn -0.6468 -0.7626 -0.0000
vn -0.4819 -0.8762 -0.0000
vn -0.4856 -0.8742 0.0003
vn -0.2623 -0.9650 -0.0003
vn -0.2665 -0.9638 -0.0000
vn -0.0281 -0.9996 -0.0000
vn -0.0733 -0.9973 0.0033
vn 0.2072 -0.9783 -0.0045
vn 0.1632 -0.9866 -0.0000
vn 0.5356 -0.8445 -0.0000
vn 0.5247 -0.8513 -0.0019
vn 0.9417 -0.3364 -0.0000
vn 0.9328 -0.3603 0.0023
vn 0.8362 -0.5484 -0.0059
vn 0.8392 -0.5437 -0.0068
vn 0.7578 -0.6525 0.0006
vn -0.0696 -0.3515 -0.9336
vn -0.1995 -0.0000 -0.9799
vn -0.4401 -0.0000 -0.8979
vn -0.5489 -0.1264 -0.8263
vn -0.6560 -0.0000 -0.7547
vn -0.8276 -0.0000 -0.5613
vn -0.8909 -0.0820 -0.4468
vn -0.9440 -0.0000 -0.3298
vn -0.9972 -0.0000 -0.0749
vn -0.9958 -0.0735 0.0546
vn -0.9830 -0.0000 0.1838
vn -0.9023 -0.0000 0.4312
vn -0.8363 -0.0871 0.5413
vn -0.7612 -0.0000 0.6485
vn -0.9626 -0.1915 -0.1915
vn -0.4681 -0.8264 -0.3128
vn -0.1653 -0.9800 -0.1104
vn -0.1104 -0.9800 -0.1653
vn 0.1653 -0.9800 -0.1104
vn 0.1104 -0.9800 -0.1653
vn 0.9364 -0.3345 -0.1058
vn 0.9025 -0.2947 -0.3141
vn 0.7795 -0.3782 -0.4994
vn 0.7597 -0.4063 -0.5076
vn 0.6836 -0.2739 -0.6765
vn 0.4737 -0.3838 -0.7927
vn 0.5251 -0.3268 -0.7858
vn 0.3816 -0.2704 -0.8839
vn 0.2792 -0.2693 -0.9217
vn 0.1857 -0.3072 -0.9334
vn 0.1156 -0.2406 -0.9637
vn -0.1896 -0.2364 -0.9530
vn -0.1303 -0.2164 -0.9676
vn -0.0203 -0.2182 -0.9757
vn -0.0694 -0.9438 -0.3231
vn 0.4681 -0.8264 -0.3128
vn 0.3128 -0.8264 -0.4681
vn 0.1098 -0.8264 -0.5522
vn 0.6954 -0.5481 -0.4647
vn 0.4647 -0.5481 -0.6954
vn 0.1632 -0.5481 -0.8203
vn -0.1632 -0.5481 -0.8203
vn 0.8657 -0.4700 -0.1722
vn 0.8249 -0.5410 -0.1641
vn 0.8174 -0.5491 -0.1741
vn 0.5334 -0.8409 -0.0917
vn 0.5859 -0.8104 -0.0004
vn 0.1621 -0.9797 -0.1179
vn -0.2661 -0.9625 -0.0529
vn -0.4834 -0.8701 -0.0961
vn -0.5233 -0.8312 -0.1879
vn -0.6415 -0.7564 -0.1276
vn -0.7978 -0.5817 -0.1587
vn -0.3128 -0.8264 -0.4681
vn -0.6954 -0.5481 -0.4647
vn -0.8106 -0.5511 -0.1982
vn -0.8930 -0.4135 -0.1776
vn -0.5453 -0.1915 -0.8161
vn -0.2639 -0.1937 -0.9449
vn -0.2140 -0.2222 -0.9512
vn -0.8161 -0.1915 -0.5453
vn -0.4647 -0.5481 -0.6954
vn -0.1098 -0.8264 -0.5522
vn 0.0388 -0.9800 -0.1949
vn -0.0388 -0.9800 -0.1949
vn -0.0000 -0.9771 -0.2126
vn 0.7978 -0.5817 -0.1587
vn 0.4834 -0.8701 -0.0962
vn -0.7061 -0.2526 -0.6615
vn 0.2494 -0.3748 -0.8929
vn 0.1906 -0.2145 -0.9580
vn -0.0902 -0.2171 -0.9720
vn -0.1857 -0.3073 -0.9333
vn -0.2781 -0.2694 -0.9220
vn -0.7565 -0.4832 -0.4407
vn 0.6415 -0.7564 -0.1276
vn 0.5233 -0.8312 -0.1879
vn 0.8930 -0.4135 -0.1776
vn 0.8106 -0.5511 -0.1982
vn 0.2661 -0.9625 -0.0529
vn 0.0694 -0.9438 -0.3231
vn -0.4201 -0.4122 -0.8085
vn -0.5357 -0.2648 -0.8018
vn -0.1621 -0.9797 -0.1179
vn -0.5356 -0.8443 -0.0165
vn -0.5562 -0.8252 -0.0980
vn -0.8232 -0.5398 -0.1759
vn -0.8203 -0.5481 -0.1632
vn -0.9256 -0.3307 -0.1841
vn -0.8307 -0.5478 -0.0990
vn 0.1408 -0.2650 -0.9539
vn 0.2604 -0.1937 -0.9459
vn 0.5453 -0.1915 -0.8161
vn 0.8161 -0.1915 -0.5453
vn 0.9626 -0.1915 -0.1915
vn -0.8993 -0.3282 -0.2889
vn -0.7866 -0.3241 -0.5256
vn 0.7615 -0.0000 0.6482
vn 0.8363 -0.0871 0.5413
vn 0.9958 -0.0735 0.0546
vn 0.9830 -0.0000 0.1838
vn 0.9024 -0.0000 0.4308
vn 0.8909 -0.0820 -0.4468
vn 0.9440 -0.0000 -0.3299
vn 0.9972 -0.0000 -0.0749
vn 0.5489 -0.1263 -0.8263
vn 0.6562 -0.0000 -0.7546
vn 0.8276 -0.0000 -0.5613
vn 0.0696 -0.3520 -0.9334
vn 0.1994 -0.0000 -0.9799
vn 0.4403 -0.0000 -0.8978
vn -0.3042 0.9526 -0.0000
vn -0.2318 0.9727 -0.0115
vn -0.2310 0.9729 -0.0086
vn -0.2282 0.9736 -0.0031
vn -0.2256 0.9742 -0.0000
vn -0.2792 0.9602 -0.0069
vn -0.2958 0.9550 -0.0215
vn -0.2603 0.9655 -0.0005
vn -0.2428 0.9701 0.0008
vn -0.2322 0.9726 -0.0080
vn -0.3407 0.9402 0.0008
vn -0.3171 0.9484 -0.0046
vn -0.3253 0.9456 -0.0000
vn -0.3825 0.9238 -0.0140
vn -0.3774 0.9260 -0.0085
vn -0.3628 0.9319 -0.0013
vn -0.3829 0.9237 0.0071
vn -0.3809 0.9246 -0.0032
vn -0.3817 0.9242 -0.0122
vn -0.3450 0.9386 -0.0002
vn -0.3456 0.9384 -0.0000
vn -0.3613 0.9325 -0.0025
vn -0.3836 0.9234 0.0101
vn -0.3856 0.9226 0.0121
vn -0.2778 0.9606 -0.0000
vn -0.2462 0.9692 -0.0075
vn -0.2438 0.9698 -0.0106
vn -0.1561 0.9877 0.0070
vn -0.1227 0.9899 -0.0714
vn 0.3658 0.9307 -0.0000
vn 0.3836 0.9234 0.0101
vn 0.3809 0.9246 -0.0032
vn 0.3829 0.9237 0.0071
vn 0.3856 0.9226 0.0121
vn 0.3171 0.9484 -0.0045
vn 0.3408 0.9402 0.0008
vn 0.3628 0.9319 -0.0013
vn 0.3774 0.9260 -0.0085
vn 0.3825 0.9239 -0.0140
vn 0.3817 0.9242 -0.0122
vn 0.3253 0.9456 -0.0000
vn 0.3420 0.9397 -0.0012
vn 0.3027 0.9530 -0.0139
vn 0.3453 0.9385 -0.0000
vn 0.2974 0.9548 -0.0000
vn 0.2350 0.9720 -0.0099
vn 0.2443 0.9697 -0.0072
vn 0.2534 0.9673 -0.0051
vn 0.2441 0.9697 -0.0048
vn 0.2341 0.9722 -0.0101
vn 0.2314 0.9728 -0.0113
vn 0.2613 0.9652 -0.0036
vn 0.2755 0.9613 -0.0014
vn 0.2877 0.9577 -0.0005
vn 0.1229 0.9898 -0.0715
vn 0.1535 0.9882 -0.0000
vn 0.2444 0.9697 -0.0000
vn 0.2238 0.9739 -0.0377
vn 0.2521 0.9677 -0.0000
s 0
usemtl black_spec.017
f 1//1 2//1 3//1
f 4//2 5//2 6//2
f 7//3 8//3 9//3
f 10//4 11//4 1//4
f 12//5 13//5 2//5
f 2//6 13//6 14//6
f 2//7 14//7 3//7
f 3//8 14//8 15//8
f 12//9 16//9 17//9
f 17//10 16//10 18//10
f 17//11 18//11 19//11
f 11//12 20//12 1//12
f 1//13 20//13 21//13
f 1//14 21//14 2//14
f 2//15 21//15 22//15
f 2//16 22//16 12//16
f 12//17 22//17 23//17
f 12//18 23//18 16//18
f 24//19 25//19 26//19
f 24//20 26//20 9//20
f 9//21 26//21 27//21
f 9//22 27//22 7//22
f 28//23 29//23 30//23
f 30//24 29//24 31//24
f 30//25 31//25 5//25
f 32//26 33//26 34//26
f 34//27 33//27 35//27
f 36//28 37//28 32//28
f 38//29 39//29 34//29
f 32//30 34//30 36//30
f 36//31 34//31 39//31
f 36//32 39//32 40//32
f 41//33 34//33 42//33
f 42//34 34//34 35//34
f 42//35 35//35 43//35
f 8//36 10//36 9//36
f 9//37 10//37 1//37
f 9//38 1//38 44//38
f 44//1 1//1 3//1
f 44//39 3//39 45//39
f 45//40 3//40 15//40
f 45//41 15//41 38//41
f 38//42 15//42 46//42
f 47//43 41//43 48//43
f 48//44 41//44 42//44
f 48//44 42//44 6//44
f 6//45 42//45 43//45
f 6//46 43//46 4//46
f 5//47 31//47 6//47
f 6//48 31//48 49//48
f 6//49 49//49 48//49
f 48//50 49//50 50//50
f 48//51 50//51 47//51
f 47//52 50//52 51//52
f 47//53 51//53 52//53
f 38//54 34//54 45//54
f 45//33 34//33 41//33
f 45//39 41//39 44//39
f 44//43 41//43 47//43
f 44//38 47//38 9//38
f 9//55 47//55 52//55
f 9//55 52//55 24//55
f 46//56 15//56 53//56
f 53//56 15//56 54//56
f 53//56 54//56 55//56
f 55//56 54//56 56//56
f 40//57 57//57 36//57
f 36//58 57//58 58//58
f 36//59 58//59 37//59
f 57//60 55//60 56//60
f 56//60 59//60 60//60
f 58//60 57//60 61//60
f 61//60 57//60 56//60
f 61//60 56//60 62//60
f 62//60 56//60 60//60
f 63//61 64//61 65//61
f 65//61 64//61 66//61
f 65//61 66//61 67//61
f 68//61 69//61 70//61
f 70//61 69//61 71//61
f 70//61 71//61 72//61
f 72//61 71//61 73//61
f 72//61 73//61 63//61
f 63//61 73//61 74//61
f 63//61 74//61 64//61
f 75//62 76//62 77//62
f 78//63 79//63 80//63
f 81//64 82//64 83//64
f 84//65 85//65 86//65
f 87//66 88//66 89//66
f 90//67 91//67 92//67
f 93//68 94//68 95//68
f 96//69 97//69 98//69
f 98//70 99//70 96//70
f 96//71 99//71 93//71
f 96//72 93//72 100//72
f 100//73 93//73 95//73
f 100//74 95//74 101//74
f 102//75 103//75 104//75
f 105//76 106//76 107//76
f 108//77 107//77 109//77
f 109//78 107//78 106//78
f 109//79 106//79 110//79
f 111//80 112//80 113//80
f 113//81 112//81 114//81
f 115//82 116//82 117//82
f 117//83 116//83 118//83
f 119//84 120//84 115//84
f 115//85 117//85 119//85
f 119//86 117//86 121//86
f 119//87 121//87 122//87
f 122//88 121//88 123//88
f 123//89 121//89 124//89
f 123//90 124//90 125//90
f 77//91 76//91 124//91
f 125//92 124//92 126//92
f 126//93 124//93 76//93
f 126//94 76//94 127//94
f 127//95 76//95 128//95
f 128//96 76//96 75//96
f 128//97 75//97 129//97
f 130//98 131//98 132//98
f 132//99 131//99 133//99
f 134//100 135//100 136//100
f 137//101 138//101 139//101
f 140//102 91//102 141//102
f 141//103 91//103 90//103
f 141//104 90//104 142//104
f 142//105 90//105 143//105
f 142//106 143//106 144//106
f 144//107 143//107 145//107
f 146//108 137//108 147//108
f 147//109 137//109 139//109
f 147//110 139//110 148//110
f 148//111 139//111 149//111
f 148//112 149//112 150//112
f 150//113 149//113 151//113
f 150//114 151//114 152//114
f 152//115 151//115 153//115
f 152//116 153//116 154//116
f 138//117 145//117 139//117
f 139//118 145//118 143//118
f 139//119 143//119 149//119
f 149//120 143//120 90//120
f 149//121 90//121 151//121
f 151//122 90//122 92//122
f 151//123 92//123 153//123
f 155//124 156//124 157//124
f 157//125 156//125 158//125
f 157//126 158//126 159//126
f 159//127 158//127 160//127
f 159//128 160//128 161//128
f 161//129 160//129 162//129
f 161//130 162//130 163//130
f 163//131 162//131 164//131
f 163//132 164//132 165//132
f 165//133 164//133 166//133
f 165//134 166//134 167//134
f 167//135 166//135 168//135
f 167//136 168//136 169//136
f 169//137 168//137 170//137
f 169//138 170//138 171//138
f 171//139 170//139 172//139
f 82//140 78//140 83//140
f 83//141 78//141 80//141
f 83//142 80//142 173//142
f 173//143 80//143 174//143
f 173//144 174//144 175//144
f 175//145 174//145 176//145
f 175//146 176//146 177//146
f 177//147 176//147 178//147
f 177//148 178//148 179//148
f 179//149 178//149 180//149
f 179//150 180//150 181//150
f 181//151 180//151 182//151
f 181//152 182//152 183//152
f 79//153 146//153 80//153
f 80//154 146//154 147//154
f 80//155 147//155 174//155
f 174//156 147//156 148//156
f 174//157 148//157 176//157
f 176//158 148//158 150//158
f 176//159 150//159 178//159
f 178//160 150//160 152//160
f 178//161 152//161 180//161
f 180//162 152//162 154//162
f 180//163 154//163 182//163
f 184//164 185//164 186//164
f 186//165 185//165 187//165
f 186//166 187//166 188//166
f 188//167 187//167 189//167
f 188//168 189//168 190//168
f 190//169 189//169 191//169
f 190//170 191//170 192//170
f 192//171 191//171 193//171
f 192//172 193//172 194//172
f 194//173 193//173 195//173
f 194//174 195//174 196//174
f 196//175 195//175 197//175
f 198//176 134//176 199//176
f 199//177 134//177 136//177
f 199//178 136//178 200//178
f 200//179 136//179 201//179
f 200//180 201//180 202//180
f 202//181 201//181 203//181
f 202//182 203//182 204//182
f 204//183 203//183 205//183
f 204//184 205//184 206//184
f 206//185 205//185 207//185
f 206//186 207//186 208//186
f 208//187 207//187 209//187
f 208//188 209//188 210//188
f 210//189 209//189 211//189
f 210//190 211//190 87//190
f 87//191 211//191 212//191
f 87//192 212//192 88//192
f 135//193 81//193 136//193
f 136//194 81//194 83//194
f 136//195 83//195 201//195
f 201//196 83//196 173//196
f 201//197 173//197 203//197
f 203//198 173//198 175//198
f 203//199 175//199 205//199
f 205//200 175//200 177//200
f 205//201 177//201 207//201
f 207//202 177//202 179//202
f 207//203 179//203 209//203
f 209//204 179//204 181//204
f 209//205 181//205 211//205
f 211//206 181//206 183//206
f 211//207 183//207 212//207
f 85//208 213//208 86//208
f 86//209 213//209 214//209
f 86//210 214//210 215//210
f 215//211 214//211 216//211
f 215//212 216//212 217//212
f 217//213 216//213 218//213
f 217//214 218//214 219//214
f 219//215 218//215 220//215
f 221//216 222//216 223//216
f 223//217 222//217 224//217
f 223//218 224//218 225//218
f 225//219 224//219 226//219
f 225//220 226//220 227//220
f 227//221 226//221 228//221
f 227//222 228//222 229//222
f 229//223 228//223 230//223
f 229//224 230//224 231//224
f 231//225 230//225 232//225
f 231//226 232//226 233//226
f 233//227 232//227 234//227
f 233//228 234//228 235//228
f 235//229 234//229 236//229
f 235//230 236//230 237//230
f 237//231 236//231 238//231
f 237//232 238//232 239//232
f 239//233 238//233 240//233
f 239//234 240//234 241//234
f 242//235 241//235 89//235
f 89//236 241//236 240//236
f 89//237 240//237 87//237
f 87//238 240//238 238//238
f 87//239 238//239 210//239
f 210//240 238//240 236//240
f 210//241 236//241 208//241
f 208//242 236//242 234//242
f 208//243 234//243 206//243
f 206//244 234//244 232//244
f 206//245 232//245 204//245
f 204//246 232//246 230//246
f 204//247 230//247 202//247
f 202//248 230//248 228//248
f 202//249 228//249 200//249
f 200//250 228//250 226//250
f 200//251 226//251 199//251
f 199//252 226//252 224//252
f 199//253 224//253 198//253
f 198//254 224//254 222//254
f 213//255 129//255 214//255
f 214//256 129//256 75//256
f 214//257 75//257 216//257
f 216//258 75//258 77//258
f 216//259 77//259 218//259
f 218//260 77//260 124//260
f 218//261 124//261 220//261
f 220//262 124//262 121//262
f 220//263 121//263 243//263
f 243//264 121//264 117//264
f 243//265 117//265 113//265
f 113//266 117//266 118//266
f 113//267 118//267 111//267
f 185//268 84//268 187//268
f 187//269 84//269 86//269
f 187//270 86//270 189//270
f 189//271 86//271 215//271
f 189//272 215//272 191//272
f 191//273 215//273 217//273
f 191//274 217//274 193//274
f 193//275 217//275 219//275
f 193//276 219//276 195//276
f 195//277 219//277 220//277
f 195//278 220//278 197//278
f 197//279 220//279 243//279
f 197//280 243//280 105//280
f 105//281 243//281 113//281
f 105//282 113//282 106//282
f 106//283 113//283 114//283
f 106//284 114//284 110//284
f 156//285 184//285 158//285
f 158//286 184//286 186//286
f 158//287 186//287 160//287
f 160//288 186//288 188//288
f 160//289 188//289 162//289
f 162//290 188//290 190//290
f 162//291 190//291 164//291
f 164//292 190//292 192//292
f 164//293 192//293 166//293
f 166//294 192//294 194//294
f 166//295 194//295 168//295
f 168//296 194//296 196//296
f 168//297 196//297 170//297
f 170//298 196//298 197//298
f 170//299 197//299 172//299
f 172//300 197//300 105//300
f 172//301 105//301 102//301
f 102//302 105//302 107//302
f 102//303 107//303 103//303
f 132//304 155//304 130//304
f 130//305 155//305 157//305
f 130//306 157//306 244//306
f 244//307 157//307 159//307
f 244//308 159//308 245//308
f 245//309 159//309 161//309
f 245//310 161//310 246//310
f 246//311 161//311 163//311
f 246//312 163//312 247//312
f 247//313 163//313 165//313
f 247//314 165//314 248//314
f 248//315 165//315 167//315
f 248//316 167//316 249//316
f 249//317 167//317 169//317
f 249//318 169//318 250//318
f 250//319 169//319 171//319
f 250//320 171//320 251//320
f 251//321 171//321 172//321
f 251//322 172//322 100//322
f 100//323 172//323 102//323
f 100//324 102//324 96//324
f 96//325 102//325 104//325
f 96//326 104//326 97//326
f 252//327 253//327 254//327
f 254//328 253//328 133//328
f 254//329 133//329 242//329
f 242//330 133//330 131//330
f 242//331 131//331 241//331
f 241//332 131//332 130//332
f 241//333 130//333 239//333
f 239//334 130//334 244//334
f 239//335 244//335 237//335
f 237//336 244//336 245//336
f 237//337 245//337 235//337
f 235//338 245//338 246//338
f 235//339 246//339 233//339
f 233//340 246//340 247//340
f 233//341 247//341 231//341
f 231//342 247//342 248//342
f 231//343 248//343 229//343
f 229//344 248//344 249//344
f 229//345 249//345 227//345
f 227//346 249//346 250//346
f 227//347 250//347 225//347
f 225//348 250//348 251//348
f 225//349 251//349 223//349
f 223//350 251//350 100//350
f 223//351 100//351 221//351
f 221//352 100//352 101//352
f 255//353 256//353 254//353
f 254//353 256//353 252//353
f 255//354 254//354 257//354
f 257//355 254//355 242//355
f 257//356 242//356 258//356
f 258//357 242//357 89//357
f 258//358 89//358 259//358
f 259//359 89//359 88//359
f 259//360 88//360 260//360
f 88//361 212//361 260//361
f 260//362 212//362 183//362
f 260//363 183//363 261//363
f 261//364 183//364 182//364
f 261//365 182//365 262//365
f 262//366 182//366 154//366
f 262//367 154//367 263//367
f 263//368 154//368 153//368
f 263//369 153//369 264//369
f 264//370 153//370 92//370
f 264//371 92//371 265//371
f 265//372 92//372 91//372
f 265//373 91//373 266//373
f 266//373 91//373 140//373
f 267//374 268//374 269//374
f 270//375 256//375 271//375
f 271//376 256//376 272//376
f 272//377 273//377 271//377
f 271//378 273//378 274//378
f 271//379 274//379 275//379
f 274//380 276//380 275//380
f 275//381 276//381 277//381
f 275//382 277//382 278//382
f 277//383 279//383 278//383
f 278//384 279//384 280//384
f 278//385 280//385 281//385
f 282//386 283//386 284//386
f 284//387 283//387 281//387
f 284//388 281//388 285//388
f 285//389 281//389 280//389
f 282//390 286//390 283//390
f 283//391 286//391 287//391
f 283//392 287//392 288//392
f 287//393 289//393 288//393
f 288//394 289//394 290//394
f 288//395 290//395 269//395
f 269//396 290//396 291//396
f 269//374 291//374 267//374
f 270//397 292//397 256//397
f 256//397 292//397 252//397
f 122//398 293//398 119//398
f 119//399 293//399 294//399
f 119//400 294//400 120//400
f 122//401 123//401 293//401
f 293//402 123//402 125//402
f 293//403 125//403 295//403
f 125//404 126//404 295//404
f 295//405 126//405 127//405
f 295//406 127//406 296//406
f 296//407 127//407 128//407
f 296//408 128//408 129//408
f 129//409 213//409 296//409
f 296//410 213//410 85//410
f 296//411 85//411 297//411
f 85//412 84//412 297//412
f 297//413 84//413 185//413
f 297//414 185//414 298//414
f 185//415 184//415 298//415
f 298//416 184//416 156//416
f 298//417 156//417 299//417
f 133//418 300//418 132//418
f 132//419 300//419 299//419
f 132//420 299//420 155//420
f 155//421 299//421 156//421
f 133//422 253//422 300//422
f 300//423 253//423 252//423
f 300//423 252//423 292//423
f 301//424 302//424 303//424
f 304//425 305//425 306//425
f 306//426 305//426 307//426
f 306//427 307//427 308//427
f 308//428 307//428 301//428
f 308//429 301//429 309//429
f 309//430 301//430 303//430
f 309//431 303//431 310//431
f 310//60 311//60 309//60
f 309//60 311//60 120//60
f 309//60 120//60 294//60
f 312//432 313//432 314//432
f 314//433 313//433 315//433
f 316//434 304//434 312//434
f 312//435 304//435 317//435
f 312//436 317//436 313//436
f 318//437 302//437 319//437
f 319//438 302//438 301//438
f 319//439 301//439 320//439
f 320//440 301//440 307//440
f 320//441 307//441 316//441
f 316//442 307//442 305//442
f 316//443 305//443 304//443
f 321//444 322//444 323//444
f 324//445 325//445 326//445
f 327//446 328//446 329//446
f 330//447 318//447 319//447
f 331//448 332//448 333//448
f 334//449 315//449 335//449
f 335//450 315//450 336//450
f 335//451 336//451 337//451
f 328//452 330//452 329//452
f 329//453 330//453 319//453
f 329//454 319//454 338//454
f 338//454 319//454 320//454
f 338//455 320//455 339//455
f 339//455 320//455 316//455
f 339//456 316//456 340//456
f 340//456 316//456 312//456
f 340//457 312//457 334//457
f 334//457 312//457 314//457
f 334//458 314//458 315//458
f 323//459 341//459 342//459
f 341//460 323//460 343//460
f 343//461 323//461 322//461
f 343//462 322//462 19//462
f 321//463 323//463 344//463
f 344//464 323//464 345//464
f 344//465 345//465 346//465
f 346//466 345//466 347//466
f 346//467 347//467 348//467
f 348//468 347//468 349//468
f 349//468 347//468 350//468
f 349//469 350//469 351//469
f 351//470 350//470 352//470
f 351//471 352//471 353//471
f 353//472 352//472 354//472
f 354//473 352//473 331//473
f 354//474 331//474 355//474
f 355//475 331//475 333//475
f 355//476 333//476 356//476
f 337//477 357//477 335//477
f 335//478 357//478 358//478
f 335//479 358//479 334//479
f 334//479 358//479 359//479
f 334//480 359//480 340//480
f 340//480 359//480 360//480
f 340//481 360//481 339//481
f 339//481 360//481 361//481
f 339//482 361//482 338//482
f 338//482 361//482 362//482
f 338//483 362//483 329//483
f 329//483 362//483 326//483
f 329//484 326//484 327//484
f 327//485 326//485 325//485
f 357//486 332//486 358//486
f 358//487 332//487 331//487
f 358//488 331//488 359//488
f 359//488 331//488 352//488
f 359//489 352//489 360//489
f 360//489 352//489 350//489
f 360//490 350//490 361//490
f 361//490 350//490 347//490
f 361//491 347//491 362//491
f 362//491 347//491 345//491
f 362//492 345//492 326//492
f 326//492 345//492 323//492
f 326//493 323//493 324//493
f 324//494 323//494 342//494
f 114//495 112//495 363//495
f 363//496 112//496 111//496
f 363//497 111//497 311//497
f 311//498 111//498 118//498
f 118//499 116//499 311//499
f 311//500 116//500 115//500
f 311//501 115//501 120//501
f 114//502 363//502 110//502
f 110//503 363//503 364//503
f 110//504 364//504 109//504
f 364//505 365//505 109//505
f 109//506 365//506 366//506
f 109//507 366//507 108//507
f 108//508 366//508 367//508
f 108//509 367//509 368//509
f 368//510 369//510 108//510
f 108//511 369//511 370//511
f 108//512 370//512 371//512
f 371//513 370//513 372//513
f 371//514 372//514 373//514
f 374//515 375//515 376//515
f 98//516 376//516 99//516
f 107//517 108//517 371//517
f 98//518 97//518 373//518
f 373//519 97//519 104//519
f 373//520 104//520 371//520
f 371//521 104//521 103//521
f 371//522 103//522 107//522
f 375//523 94//523 376//523
f 376//524 94//524 93//524
f 376//525 93//525 99//525
f 98//526 373//526 376//526
f 376//527 373//527 377//527
f 376//528 377//528 374//528
f 378//529 379//529 380//529
f 101//530 95//530 381//530
f 382//531 383//531 384//531
f 385//532 386//532 387//532
f 388//533 389//533 390//533
f 391//534 392//534 393//534
f 394//535 395//535 396//535
f 397//536 398//536 399//536
f 140//537 141//537 400//537
f 400//538 141//538 401//538
f 400//539 401//539 402//539
f 402//540 401//540 403//540
f 404//541 405//541 382//541
f 382//542 405//542 406//542
f 382//543 406//543 383//543
f 383//544 406//544 407//544
f 383//545 407//545 408//545
f 409//546 410//546 411//546
f 411//547 410//547 412//547
f 413//548 414//548 415//548
f 415//549 414//549 416//549
f 389//550 388//550 417//550
f 417//551 388//551 418//551
f 417//552 418//552 419//552
f 419//553 418//553 420//553
f 419//554 420//554 393//554
f 393//555 420//555 421//555
f 393//556 421//556 391//556
f 386//557 385//557 422//557
f 423//558 379//558 424//558
f 424//559 379//559 378//559
f 424//560 378//560 425//560
f 426//561 404//561 427//561
f 427//562 404//562 382//562
f 427//563 382//563 428//563
f 428//564 382//564 384//564
f 428//565 384//565 429//565
f 423//566 430//566 379//566
f 379//567 430//567 431//567
f 379//568 431//568 380//568
f 380//569 431//569 432//569
f 380//570 432//570 433//570
f 433//571 432//571 434//571
f 433//572 434//572 435//572
f 435//573 434//573 436//573
f 435//574 436//574 437//574
f 437//575 436//575 438//575
f 437//576 438//576 439//576
f 439//577 438//577 440//577
f 439//578 440//578 441//578
f 441//579 440//579 442//579
f 441//580 442//580 429//580
f 429//581 442//581 443//581
f 429//582 443//582 428//582
f 428//583 443//583 444//583
f 428//584 444//584 427//584
f 427//585 444//585 412//585
f 427//586 412//586 426//586
f 426//587 412//587 410//587
f 431//588 387//588 432//588
f 432//589 387//589 386//589
f 432//590 386//590 434//590
f 434//591 386//591 422//591
f 434//592 422//592 436//592
f 436//593 422//593 445//593
f 436//594 445//594 438//594
f 438//595 445//595 446//595
f 438//596 446//596 440//596
f 440//597 446//597 447//597
f 440//598 447//598 442//598
f 442//599 447//599 448//599
f 442//600 448//600 443//600
f 443//601 448//601 449//601
f 443//602 449//602 444//602
f 444//603 449//603 415//603
f 444//604 415//604 412//604
f 412//605 415//605 416//605
f 412//606 416//606 411//606
f 385//607 450//607 422//607
f 422//608 450//608 390//608
f 422//609 390//609 445//609
f 445//610 390//610 389//610
f 445//611 389//611 446//611
f 446//612 389//612 417//612
f 446//613 417//613 447//613
f 447//614 417//614 419//614
f 447//615 419//615 448//615
f 448//616 419//616 393//616
f 448//617 393//617 449//617
f 449//618 393//618 392//618
f 449//619 392//619 415//619
f 415//620 392//620 391//620
f 415//621 391//621 413//621
f 221//622 451//622 222//622
f 222//623 451//623 452//623
f 222//624 452//624 198//624
f 198//625 452//625 453//625
f 198//626 453//626 134//626
f 134//627 453//627 454//627
f 134//628 454//628 135//628
f 135//629 454//629 455//629
f 141//630 142//630 401//630
f 401//631 142//631 144//631
f 401//632 144//632 456//632
f 457//633 146//633 458//633
f 458//634 146//634 79//634
f 144//635 145//635 456//635
f 456//636 145//636 138//636
f 456//637 138//637 457//637
f 457//638 138//638 137//638
f 457//639 137//639 146//639
f 79//640 78//640 458//640
f 458//641 78//641 82//641
f 458//642 82//642 455//642
f 455//643 82//643 81//643
f 455//644 81//644 135//644
f 95//645 94//645 381//645
f 381//646 94//646 459//646
f 381//647 459//647 460//647
f 460//648 459//648 461//648
f 460//649 461//649 462//649
f 462//650 461//650 463//650
f 462//651 463//651 464//651
f 464//652 463//652 465//652
f 464//653 465//653 466//653
f 466//654 465//654 467//654
f 466//655 467//655 468//655
f 468//656 467//656 469//656
f 468//657 469//657 470//657
f 470//658 469//658 471//658
f 470//659 471//659 472//659
f 472//660 471//660 473//660
f 472//661 473//661 474//661
f 474//662 473//662 475//662
f 474//663 475//663 399//663
f 399//664 475//664 396//664
f 399//665 396//665 397//665
f 397//666 396//666 395//666
f 398//667 403//667 399//667
f 399//668 403//668 401//668
f 399//669 401//669 474//669
f 474//670 401//670 456//670
f 474//671 456//671 472//671
f 472//672 456//672 457//672
f 472//673 457//673 470//673
f 470//674 457//674 458//674
f 470//675 458//675 468//675
f 468//676 458//676 455//676
f 468//677 455//677 466//677
f 466//678 455//678 454//678
f 466//679 454//679 464//679
f 464//680 454//680 453//680
f 464//681 453//681 462//681
f 462//682 453//682 452//682
f 462//683 452//683 460//683
f 460//684 452//684 451//684
f 460//685 451//685 381//685
f 381//686 451//686 221//686
f 381//687 221//687 101//687
f 408//688 394//688 383//688
f 383//689 394//689 396//689
f 383//690 396//690 384//690
f 384//691 396//691 475//691
f 384//692 475//692 429//692
f 429//693 475//693 473//693
f 429//694 473//694 441//694
f 441//695 473//695 471//695
f 441//696 471//696 439//696
f 439//697 471//697 469//697
f 439//698 469//698 437//698
f 437//699 469//699 467//699
f 437//700 467//700 435//700
f 435//701 467//701 465//701
f 435//702 465//702 433//702
f 433//703 465//703 463//703
f 433//704 463//704 380//704
f 380//705 463//705 461//705
f 380//706 461//706 378//706
f 378//707 461//707 459//707
f 378//708 459//708 425//708
f 425//709 459//709 94//709
f 425//710 94//710 375//710
f 476//711 477//711 408//711
f 266//712 140//712 478//712
f 478//713 140//713 400//713
f 478//714 400//714 479//714
f 479//715 400//715 402//715
f 479//716 402//716 480//716
f 480//717 402//717 403//717
f 480//718 403//718 481//718
f 481//719 403//719 398//719
f 481//720 398//720 482//720
f 482//721 398//721 397//721
f 482//722 397//722 483//722
f 483//723 397//723 395//723
f 483//724 395//724 477//724
f 477//725 395//725 394//725
f 477//726 394//726 408//726
f 409//727 484//727 410//727
f 410//728 484//728 485//728
f 410//729 485//729 426//729
f 426//730 485//730 486//730
f 426//731 486//731 404//731
f 404//732 486//732 487//732
f 404//733 487//733 405//733
f 405//734 487//734 488//734
f 405//735 488//735 406//735
f 406//736 488//736 476//736
f 406//737 476//737 407//737
f 407//738 476//738 408//738
f 489//739 490//739 491//739
f 492//740 493//740 494//740
f 495//741 496//741 497//741
f 480//742 481//742 498//742
f 476//743 488//743 499//743
f 487//744 486//744 500//744
f 501//745 502//745 503//745
f 504//746 505//746 506//746
f 507//747 508//747 509//747
f 509//748 508//748 510//748
f 509//749 510//749 511//749
f 511//750 510//750 512//750
f 511//751 512//751 513//751
f 513//752 512//752 504//752
f 513//753 504//753 514//753
f 514//754 504//754 506//754
f 515//755 516//755 517//755
f 517//756 516//756 518//756
f 517//757 518//757 519//757
f 501//758 503//758 520//758
f 520//759 503//759 521//759
f 520//760 521//760 522//760
f 522//761 521//761 523//761
f 522//762 523//762 524//762
f 524//763 523//763 525//763
f 524//764 525//764 526//764
f 526//765 525//765 527//765
f 526//766 527//766 528//766
f 528//767 527//767 529//767
f 529//768 527//768 530//768
f 529//769 530//769 531//769
f 531//770 530//770 485//770
f 531//771 485//771 484//771
f 476//772 499//772 477//772
f 482//773 483//773 532//773
f 532//774 483//774 533//774
f 532//775 533//775 534//775
f 479//776 497//776 478//776
f 478//777 497//777 496//777
f 478//778 496//778 266//778
f 481//779 482//779 498//779
f 498//780 482//780 532//780
f 498//781 532//781 535//781
f 535//782 532//782 534//782
f 535//783 534//783 536//783
f 479//784 480//784 497//784
f 497//785 480//785 498//785
f 497//786 498//786 537//786
f 537//787 498//787 535//787
f 537//788 535//788 538//788
f 538//789 535//789 536//789
f 538//790 536//790 539//790
f 539//791 536//791 540//791
f 539//792 540//792 541//792
f 541//793 540//793 542//793
f 541//794 542//794 543//794
f 544//795 545//795 546//795
f 546//796 545//796 495//796
f 547//797 494//797 548//797
f 548//798 494//798 493//798
f 548//799 493//799 549//799
f 495//800 497//800 546//800
f 546//801 497//801 537//801
f 546//802 537//802 550//802
f 550//803 537//803 538//803
f 550//804 538//804 551//804
f 551//805 538//805 539//805
f 551//806 539//806 552//806
f 552//807 539//807 541//807
f 552//808 541//808 553//808
f 553//809 541//809 543//809
f 553//810 543//810 491//810
f 554//811 547//811 555//811
f 555//812 547//812 548//812
f 555//813 548//813 556//813
f 556//814 548//814 549//814
f 556//815 549//815 557//815
f 491//816 490//816 553//816
f 553//817 490//817 558//817
f 553//818 558//818 552//818
f 552//819 558//819 559//819
f 552//820 559//820 551//820
f 551//821 559//821 560//821
f 551//822 560//822 550//822
f 550//823 560//823 561//823
f 550//824 561//824 546//824
f 546//825 561//825 562//825
f 546//826 562//826 544//826
f 563//827 564//827 489//827
f 489//828 564//828 565//828
f 489//829 565//829 490//829
f 490//830 565//830 566//830
f 490//831 566//831 558//831
f 558//832 566//832 567//832
f 558//833 567//833 559//833
f 559//834 567//834 568//834
f 559//835 568//835 560//835
f 560//836 568//836 569//836
f 560//837 569//837 561//837
f 561//838 569//838 570//838
f 561//839 570//839 562//839
f 507//840 509//840 557//840
f 557//841 509//841 511//841
f 557//842 511//842 556//842
f 556//843 511//843 513//843
f 556//844 513//844 555//844
f 555//845 513//845 514//845
f 555//846 514//846 554//846
f 506//847 571//847 514//847
f 514//848 571//848 572//848
f 514//849 572//849 554//849
f 554//850 572//850 573//850
f 554//851 573//851 574//851
f 574//852 563//852 554//852
f 554//853 563//853 489//853
f 554//854 489//854 547//854
f 547//855 489//855 491//855
f 547//856 491//856 494//856
f 494//857 491//857 543//857
f 494//858 543//858 492//858
f 492//859 543//859 542//859
f 519//860 575//860 517//860
f 517//861 575//861 576//861
f 517//862 576//862 515//862
f 515//863 576//863 577//863
f 515//864 577//864 578//864
f 578//865 577//865 579//865
f 578//866 579//866 580//866
f 580//867 579//867 581//867
f 580//868 581//868 582//868
f 582//869 581//869 583//869
f 582//870 583//870 584//870
f 584//871 583//871 585//871
f 584//872 585//872 586//872
f 586//873 585//873 587//873
f 586//874 587//874 500//874
f 500//875 587//875 499//875
f 500//876 499//876 487//876
f 487//877 499//877 488//877
f 501//878 516//878 502//878
f 502//879 516//879 515//879
f 502//880 515//880 503//880
f 503//881 515//881 578//881
f 503//882 578//882 521//882
f 521//883 578//883 580//883
f 521//884 580//884 523//884
f 523//885 580//885 582//885
f 523//886 582//886 525//886
f 525//887 582//887 584//887
f 525//888 584//888 527//888
f 527//889 584//889 586//889
f 527//890 586//890 530//890
f 530//891 586//891 500//891
f 530//892 500//892 485//892
f 485//893 500//893 486//893
f 518//894 588//894 519//894
f 519//895 588//895 507//895
f 519//896 507//896 575//896
f 575//897 507//897 557//897
f 575//898 557//898 576//898
f 576//899 557//899 549//899
f 576//900 549//900 577//900
f 577//901 549//901 493//901
f 577//902 493//902 579//902
f 579//903 493//903 492//903
f 579//904 492//904 581//904
f 581//905 492//905 542//905
f 581//906 542//906 583//906
f 583//907 542//907 540//907
f 583//908 540//908 585//908
f 585//909 540//909 536//909
f 585//910 536//910 587//910
f 587//911 536//911 534//911
f 587//912 534//912 499//912
f 499//913 534//913 533//913
f 499//914 533//914 477//914
f 477//915 533//915 483//915
f 544//916 562//916 589//916
f 260//917 261//917 590//917
f 591//918 267//918 291//918
f 272//919 256//919 255//919
f 272//920 592//920 273//920
f 273//921 592//921 593//921
f 273//922 593//922 274//922
f 594//923 595//923 286//923
f 286//924 595//924 287//924
f 596//925 597//925 598//925
f 287//926 595//926 289//926
f 289//927 595//927 599//927
f 289//928 599//928 290//928
f 290//929 599//929 596//929
f 290//930 596//930 291//930
f 291//931 596//931 598//931
f 291//932 598//932 591//932
f 600//933 601//933 602//933
f 602//934 601//934 603//934
f 602//935 603//935 604//935
f 605//936 606//936 600//936
f 600//937 606//937 607//937
f 600//938 607//938 601//938
f 608//939 609//939 605//939
f 605//940 609//940 610//940
f 605//941 610//941 606//941
f 611//942 612//942 608//942
f 608//943 612//943 613//943
f 608//944 613//944 609//944
f 614//945 265//945 266//945
f 272//946 255//946 592//946
f 592//947 255//947 257//947
f 592//948 257//948 258//948
f 566//949 565//949 615//949
f 565//950 564//950 615//950
f 615//951 564//951 616//951
f 615//952 616//952 617//952
f 545//953 544//953 618//953
f 618//954 544//954 589//954
f 618//955 589//955 619//955
f 619//956 589//956 620//956
f 619//957 620//957 621//957
f 621//958 620//958 622//958
f 621//959 622//959 623//959
f 623//960 622//960 624//960
f 623//961 624//961 625//961
f 625//962 624//962 626//962
f 625//963 626//963 627//963
f 627//964 626//964 628//964
f 627//965 628//965 629//965
f 629//966 628//966 630//966
f 629//967 630//967 631//967
f 266//968 496//968 614//968
f 614//969 496//969 495//969
f 614//970 495//970 632//970
f 259//971 633//971 634//971
f 634//972 633//972 635//972
f 634//973 635//973 636//973
f 636//974 635//974 637//974
f 636//975 637//975 638//975
f 638//976 637//976 639//976
f 638//977 639//977 276//977
f 276//978 639//978 277//978
f 276//979 274//979 638//979
f 638//980 274//980 593//980
f 638//981 593//981 636//981
f 636//982 593//982 592//982
f 636//983 592//983 634//983
f 634//984 592//984 258//984
f 634//985 258//985 259//985
f 280//986 279//986 640//986
f 640//987 279//987 641//987
f 640//988 641//988 642//988
f 642//989 641//989 643//989
f 642//990 643//990 644//990
f 644//991 643//991 645//991
f 644//992 645//992 646//992
f 646//993 645//993 647//993
f 646//994 647//994 648//994
f 648//995 647//995 590//995
f 648//996 590//996 649//996
f 649//997 590//997 261//997
f 649//998 261//998 262//998
f 279//999 277//999 641//999
f 641//1000 277//1000 639//1000
f 641//1001 639//1001 643//1001
f 643//1002 639//1002 637//1002
f 643//1003 637//1003 645//1003
f 645//1004 637//1004 635//1004
f 645//1005 635//1005 647//1005
f 647//1006 635//1006 633//1006
f 647//1007 633//1007 590//1007
f 590//1008 633//1008 259//1008
f 590//1009 259//1009 260//1009
f 570//1010 569//1010 650//1010
f 650//1011 569//1011 651//1011
f 650//1012 651//1012 652//1012
f 652//1013 651//1013 653//1013
f 652//1014 653//1014 654//1014
f 654//1015 653//1015 655//1015
f 654//1016 655//1016 656//1016
f 656//1017 655//1017 657//1017
f 656//1018 657//1018 658//1018
f 658//1019 657//1019 659//1019
f 658//1020 659//1020 660//1020
f 660//1021 659//1021 661//1021
f 660//1022 661//1022 662//1022
f 284//1023 285//1023 663//1023
f 663//1024 285//1024 664//1024
f 663//1025 664//1025 665//1025
f 665//1026 664//1026 666//1026
f 665//1027 666//1027 667//1027
f 667//1028 666//1028 668//1028
f 667//1029 668//1029 669//1029
f 669//1030 668//1030 670//1030
f 669//1031 670//1031 671//1031
f 671//1032 670//1032 672//1032
f 671//1033 672//1033 673//1033
f 673//1034 672//1034 674//1034
f 673//1035 674//1035 675//1035
f 675//1036 674//1036 676//1036
f 675//1037 676//1037 677//1037
f 677//1038 676//1038 263//1038
f 677//1039 263//1039 264//1039
f 285//1040 280//1040 664//1040
f 664//1041 280//1041 640//1041
f 664//1042 640//1042 666//1042
f 666//1043 640//1043 642//1043
f 666//1044 642//1044 668//1044
f 668//1045 642//1045 644//1045
f 668//1046 644//1046 670//1046
f 670//1047 644//1047 646//1047
f 670//1048 646//1048 672//1048
f 672//1049 646//1049 648//1049
f 672//1050 648//1050 674//1050
f 674//1051 648//1051 649//1051
f 674//1052 649//1052 676//1052
f 676//1053 649//1053 262//1053
f 676//1054 262//1054 263//1054
f 602//1055 678//1055 600//1055
f 600//1056 678//1056 679//1056
f 600//1057 679//1057 605//1057
f 605//1058 679//1058 680//1058
f 605//1059 680//1059 608//1059
f 608//1060 680//1060 681//1060
f 608//1061 681//1061 611//1061
f 611//1062 681//1062 505//1062
f 568//1063 567//1063 682//1063
f 682//1064 567//1064 683//1064
f 682//1065 683//1065 684//1065
f 684//1066 683//1066 685//1066
f 684//1067 685//1067 686//1067
f 686//1068 685//1068 687//1068
f 686//1069 687//1069 688//1069
f 688//1070 687//1070 689//1070
f 688//1071 689//1071 690//1071
f 286//1072 282//1072 594//1072
f 594//1073 282//1073 691//1073
f 594//1074 691//1074 692//1074
f 692//1075 691//1075 693//1075
f 692//1076 693//1076 694//1076
f 694//1077 693//1077 695//1077
f 694//1078 695//1078 696//1078
f 696//1079 695//1079 697//1079
f 696//1080 697//1080 698//1080
f 698//1081 697//1081 699//1081
f 698//1082 699//1082 700//1082
f 700//1083 699//1083 701//1083
f 700//1084 701//1084 702//1084
f 702//1085 701//1085 703//1085
f 702//1086 703//1086 704//1086
f 704//1087 703//1087 705//1087
f 704//1088 705//1088 706//1088
f 706//1089 705//1089 707//1089
f 706//1090 707//1090 708//1090
f 265//1091 708//1091 264//1091
f 264//1092 708//1092 707//1092
f 264//1093 707//1093 677//1093
f 677//1094 707//1094 705//1094
f 677//1095 705//1095 675//1095
f 675//1096 705//1096 703//1096
f 675//1097 703//1097 673//1097
f 673//1098 703//1098 701//1098
f 673//1099 701//1099 671//1099
f 671//1100 701//1100 699//1100
f 671//1101 699//1101 669//1101
f 669//1102 699//1102 697//1102
f 669//1103 697//1103 667//1103
f 667//1104 697//1104 695//1104
f 667//1105 695//1105 665//1105
f 665//1106 695//1106 693//1106
f 665//1107 693//1107 663//1107
f 663//1108 693//1108 691//1108
f 663//1109 691//1109 284//1109
f 284//1110 691//1110 282//1110
f 709//1111 571//1111 681//1111
f 681//1112 571//1112 506//1112
f 681//1113 506//1113 505//1113
f 564//1114 563//1114 616//1114
f 616//1115 563//1115 574//1115
f 616//1116 574//1116 617//1116
f 617//1117 574//1117 573//1117
f 617//1118 573//1118 709//1118
f 709//1119 573//1119 572//1119
f 709//1120 572//1120 571//1120
f 567//1121 566//1121 683//1121
f 683//1122 566//1122 615//1122
f 683//1123 615//1123 685//1123
f 685//1124 615//1124 617//1124
f 685//1125 617//1125 687//1125
f 687//1126 617//1126 709//1126
f 687//1127 709//1127 689//1127
f 689//1128 709//1128 681//1128
f 689//1129 681//1129 690//1129
f 690//1130 681//1130 680//1130
f 569//1131 568//1131 651//1131
f 651//1132 568//1132 682//1132
f 651//1133 682//1133 653//1133
f 653//1134 682//1134 684//1134
f 653//1135 684//1135 655//1135
f 655//1136 684//1136 686//1136
f 655//1137 686//1137 657//1137
f 657//1138 686//1138 688//1138
f 657//1139 688//1139 659//1139
f 659//1140 688//1140 690//1140
f 659//1141 690//1141 661//1141
f 661//1142 690//1142 680//1142
f 661//1143 680//1143 662//1143
f 662//1144 680//1144 679//1144
f 662//1145 679//1145 710//1145
f 710//1146 679//1146 678//1146
f 562//1147 570//1147 589//1147
f 589//1148 570//1148 650//1148
f 589//1149 650//1149 620//1149
f 620//1150 650//1150 652//1150
f 620//1151 652//1151 622//1151
f 622//1152 652//1152 654//1152
f 622//1153 654//1153 624//1153
f 624//1154 654//1154 656//1154
f 624//1155 656//1155 626//1155
f 626//1156 656//1156 658//1156
f 626//1157 658//1157 628//1157
f 628//1158 658//1158 660//1158
f 628//1159 660//1159 630//1159
f 630//1160 660//1160 662//1160
f 630//1161 662//1161 631//1161
f 631//1162 662//1162 710//1162
f 495//1163 545//1163 632//1163
f 632//1164 545//1164 618//1164
f 632//1165 618//1165 711//1165
f 711//1166 618//1166 619//1166
f 711//1167 619//1167 712//1167
f 712//1168 619//1168 621//1168
f 712//1169 621//1169 713//1169
f 713//1170 621//1170 623//1170
f 713//1171 623//1171 714//1171
f 714//1172 623//1172 625//1172
f 714//1173 625//1173 715//1173
f 715//1174 625//1174 627//1174
f 715//1175 627//1175 716//1175
f 716//1176 627//1176 629//1176
f 716//1177 629//1177 717//1177
f 717//1178 629//1178 631//1178
f 717//1179 631//1179 718//1179
f 718//1180 631//1180 710//1180
f 265//1181 614//1181 708//1181
f 708//1182 614//1182 632//1182
f 708//1183 632//1183 706//1183
f 706//1184 632//1184 711//1184
f 706//1185 711//1185 704//1185
f 704//1186 711//1186 712//1186
f 704//1187 712//1187 702//1187
f 702//1188 712//1188 713//1188
f 702//1189 713//1189 700//1189
f 700//1190 713//1190 714//1190
f 700//1191 714//1191 698//1191
f 698//1192 714//1192 715//1192
f 698//1193 715//1193 696//1193
f 696//1194 715//1194 716//1194
f 696//1195 716//1195 694//1195
f 694//1196 716//1196 717//1196
f 694//1197 717//1197 692//1197
f 692//1198 717//1198 718//1198
f 692//1199 718//1199 594//1199
f 594//1200 718//1200 710//1200
f 594//1201 710//1201 595//1201
f 595//1202 710//1202 678//1202
f 595//1203 678//1203 599//1203
f 599//1204 678//1204 602//1204
f 599//1205 602//1205 596//1205
f 596//1206 602//1206 604//1206
f 596//1207 604//1207 597//1207
f 610//1208 609//1208 719//1208
f 719//1209 609//1209 613//1209
f 719//1210 613//1210 612//1210
f 720//1211 607//1211 719//1211
f 719//1212 607//1212 606//1212
f 719//1213 606//1213 610//1213
f 597//1214 604//1214 721//1214
f 721//1215 604//1215 603//1215
f 721//1216 603//1216 720//1216
f 720//1217 603//1217 601//1217
f 720//1218 601//1218 607//1218
f 722//1219 267//1219 591//1219
f 722//1220 591//1220 721//1220
f 721//1221 591//1221 598//1221
f 721//1222 598//1222 597//1222
f 722//1223 723//1223 267//1223
f 267//1223 723//1223 268//1223
f 724//1224 725//1224 726//1224
f 727//1225 724//1225 728//1225
f 728//1226 724//1226 729//1226
f 724//1227 726//1227 729//1227
f 729//1228 726//1228 730//1228
f 729//1229 730//1229 731//1229
f 731//1230 730//1230 732//1230
f 731//1231 732//1231 733//1231
f 734//1232 733//1232 732//1232
f 735//1233 736//1233 737//1233
f 737//1234 736//1234 738//1234
f 737//1235 738//1235 739//1235
f 737//1236 734//1236 735//1236
f 735//1237 734//1237 732//1237
f 735//1238 732//1238 740//1238
f 740//1239 732//1239 730//1239
f 740//1240 730//1240 741//1240
f 741//1241 730//1241 726//1241
f 741//1242 726//1242 742//1242
f 742//1243 726//1243 725//1243
f 742//1244 725//1244 743//1244
f 297//1245 298//1245 332//1245
f 275//1246 278//1246 744//1246
f 332//1245 298//1245 333//1245
f 333//1245 298//1245 299//1245
f 333//1245 299//1245 356//1245
f 332//1245 357//1245 297//1245
f 297//1247 357//1247 337//1247
f 297//1248 337//1248 296//1248
f 744//1249 745//1249 275//1249
f 275//1250 745//1250 746//1250
f 275//1245 746//1245 271//1245
f 281//1246 747//1246 278//1246
f 278//1251 747//1251 748//1251
f 278//1252 748//1252 744//1252
f 309//1245 294//1245 308//1245
f 308//1245 294//1245 306//1245
f 269//1253 268//1253 731//1253
f 299//1245 300//1245 356//1245
f 356//1245 300//1245 292//1245
f 356//1245 292//1245 746//1245
f 746//1245 292//1245 270//1245
f 746//1245 270//1245 271//1245
f 749//1254 727//1254 728//1254
f 337//1255 336//1255 296//1255
f 296//1256 336//1256 315//1256
f 296//1245 315//1245 295//1245
f 295//1254 315//1254 313//1254
f 295//1257 313//1257 293//1257
f 293//1257 313//1257 317//1257
f 293//1258 317//1258 294//1258
f 294//1255 317//1255 304//1255
f 294//1245 304//1245 306//1245
f 731//1253 268//1253 729//1253
f 729//1259 268//1259 723//1259
f 729//1260 723//1260 728//1260
f 728//1254 723//1254 750//1254
f 728//1254 750//1254 749//1254
f 731//1261 733//1261 269//1261
f 269//1261 733//1261 734//1261
f 269//1262 734//1262 288//1262
f 288//1263 734//1263 737//1263
f 288//1264 737//1264 283//1264
f 283//1265 737//1265 739//1265
f 283//1245 739//1245 281//1245
f 281//1258 739//1258 751//1258
f 281//1266 751//1266 747//1266
f 752//1267 753//1267 754//1267
f 755//1268 756//1268 757//1268
f 758//1269 759//1269 760//1269
f 761//1270 758//1270 762//1270
f 758//1271 760//1271 762//1271
f 762//1272 760//1272 763//1272
f 762//1273 763//1273 764//1273
f 764//1274 763//1274 765//1274
f 764//1275 765//1275 766//1275
f 766//1276 765//1276 767//1276
f 766//1277 767//1277 768//1277
f 768//1278 767//1278 769//1278
f 768//1279 769//1279 770//1279
f 770//1280 769//1280 771//1280
f 770//1281 771//1281 772//1281
f 757//1282 761//1282 755//1282
f 755//1283 761//1283 762//1283
f 755//1284 762//1284 773//1284
f 773//1285 762//1285 764//1285
f 773//1286 764//1286 774//1286
f 774//1287 764//1287 766//1287
f 774//1288 766//1288 775//1288
f 775//1289 766//1289 768//1289
f 775//1290 768//1290 776//1290
f 776//1291 768//1291 770//1291
f 776//1292 770//1292 777//1292
f 777//1293 770//1293 772//1293
f 777//1294 772//1294 778//1294
f 756//1295 755//1295 779//1295
f 779//1296 755//1296 773//1296
f 779//1297 773//1297 780//1297
f 780//1298 773//1298 774//1298
f 780//1299 774//1299 781//1299
f 781//1300 774//1300 775//1300
f 781//1301 775//1301 782//1301
f 782//1302 775//1302 776//1302
f 782//1303 776//1303 783//1303
f 783//1304 776//1304 777//1304
f 783//1305 777//1305 784//1305
f 784//1306 777//1306 778//1306
f 784//1307 778//1307 785//1307
f 785//1308 786//1308 784//1308
f 784//1309 786//1309 787//1309
f 784//1310 787//1310 783//1310
f 783//1311 787//1311 788//1311
f 783//1312 788//1312 782//1312
f 782//1313 788//1313 789//1313
f 782//1314 789//1314 781//1314
f 781//1315 789//1315 790//1315
f 781//1316 790//1316 780//1316
f 780//1317 790//1317 791//1317
f 780//1318 791//1318 779//1318
f 779//1319 791//1319 792//1319
f 779//1320 792//1320 756//1320
f 756//1321 792//1321 793//1321
f 756//1322 793//1322 757//1322
f 794//1323 795//1323 785//1323
f 785//1324 795//1324 796//1324
f 785//1325 796//1325 786//1325
f 797//1326 798//1326 799//1326
f 799//1327 798//1327 800//1327
f 799//1328 800//1328 801//1328
f 801//1329 800//1329 802//1329
f 801//1330 802//1330 803//1330
f 803//1331 802//1331 804//1331
f 803//1332 804//1332 805//1332
f 805//1333 804//1333 806//1333
f 805//1334 806//1334 807//1334
f 807//1335 806//1335 808//1335
f 807//1336 808//1336 809//1336
f 809//1337 808//1337 810//1337
f 809//1338 810//1338 811//1338
f 797//1339 812//1339 798//1339
f 798//1340 812//1340 813//1340
f 798//1341 813//1341 800//1341
f 800//1342 813//1342 814//1342
f 800//1343 814//1343 802//1343
f 802//1344 814//1344 815//1344
f 802//1345 815//1345 804//1345
f 804//1346 815//1346 816//1346
f 804//1347 816//1347 806//1347
f 806//1348 816//1348 817//1348
f 806//1349 817//1349 808//1349
f 808//1350 817//1350 818//1350
f 808//1351 818//1351 810//1351
f 812//1352 752//1352 813//1352
f 813//1353 752//1353 754//1353
f 813//1354 754//1354 814//1354
f 814//1355 754//1355 819//1355
f 814//1356 819//1356 815//1356
f 815//1357 819//1357 820//1357
f 815//1358 820//1358 816//1358
f 816//1359 820//1359 821//1359
f 816//1360 821//1360 817//1360
f 817//1361 821//1361 822//1361
f 817//1362 822//1362 818//1362
f 771//1363 811//1363 772//1363
f 772//1364 811//1364 810//1364
f 772//1365 810//1365 778//1365
f 778//1366 810//1366 818//1366
f 778//1367 818//1367 785//1367
f 785//1368 818//1368 822//1368
f 785//1369 822//1369 794//1369
f 794//1370 822//1370 821//1370
f 794//1371 821//1371 823//1371
f 823//1372 821//1372 820//1372
f 823//1373 820//1373 824//1373
f 824//1374 820//1374 819//1374
f 824//1375 819//1375 825//1375
f 825//1376 819//1376 754//1376
f 825//1377 754//1377 826//1377
f 826//1378 754//1378 753//1378
f 826//1379 753//1379 827//1379
f 828//1380 829//1380 830//1380
f 831//1381 832//1381 833//1381
f 833//1382 832//1382 834//1382
f 833//1383 834//1383 835//1383
f 835//1384 834//1384 836//1384
f 835//1385 836//1385 837//1385
f 838//1386 832//1386 839//1386
f 839//1387 832//1387 831//1387
f 839//1388 831//1388 840//1388
f 838//1389 841//1389 832//1389
f 832//1390 841//1390 842//1390
f 832//1391 842//1391 834//1391
f 834//1392 842//1392 828//1392
f 834//1393 828//1393 836//1393
f 836//1394 828//1394 830//1394
f 836//1395 830//1395 837//1395
f 843//1396 829//1396 844//1396
f 844//1397 829//1397 828//1397
f 844//1398 828//1398 845//1398
f 845//1399 828//1399 842//1399
f 845//1400 842//1400 846//1400
f 846//1401 842//1401 841//1401
f 846//1402 841//1402 847//1402
f 847//1403 841//1403 838//1403
f 848//1404 849//1404 850//1404
f 850//1405 849//1405 851//1405
f 850//1406 851//1406 852//1406
f 852//1407 851//1407 853//1407
f 852//1408 853//1408 854//1408
f 854//1409 853//1409 855//1409
f 854//1410 855//1410 856//1410
f 856//1411 855//1411 857//1411
f 793//1412 848//1412 757//1412
f 757//1413 848//1413 850//1413
f 757//1414 850//1414 761//1414
f 761//1415 850//1415 852//1415
f 761//1416 852//1416 758//1416
f 758//1417 852//1417 854//1417
f 758//1418 854//1418 759//1418
f 759//1419 854//1419 856//1419
f 858//397 363//397 311//397
f 363//397 858//397 364//397
f 341//397 22//397 342//397
f 342//397 22//397 21//397
f 342//397 21//397 324//397
f 21//397 20//397 324//397
f 324//397 20//397 11//397
f 324//397 11//397 325//397
f 325//397 11//397 10//397
f 325//397 10//397 327//397
f 327//397 10//397 8//397
f 327//1420 8//1420 328//1420
f 19//1421 18//1421 343//1421
f 343//397 18//397 16//397
f 343//397 16//397 341//397
f 341//397 16//397 23//397
f 341//397 23//397 22//397
f 8//397 7//397 328//397
f 328//397 7//397 27//397
f 328//397 27//397 330//397
f 27//397 26//397 330//397
f 330//397 26//397 25//397
f 330//397 25//397 318//397
f 318//397 25//397 302//397
f 25//397 859//397 302//397
f 302//397 859//397 860//397
f 302//1422 860//1422 303//1422
f 303//397 860//397 861//397
f 303//397 861//397 310//397
f 310//397 861//397 862//397
f 310//397 862//397 311//397
f 311//397 862//397 863//397
f 311//397 863//397 858//397
f 858//397 864//397 364//397
f 364//397 864//397 865//397
f 364//397 865//397 365//397
f 365//397 865//397 866//397
f 365//397 866//397 366//397
f 366//397 866//397 867//397
f 366//397 867//397 367//397
f 367//397 867//397 868//397
f 367//397 868//397 368//397
f 368//397 868//397 869//397
f 368//397 869//397 369//397
f 369//397 869//397 370//397
f 370//397 869//397 870//397
f 370//397 870//397 372//397
f 871//1423 872//1423 873//1423
f 873//1424 872//1424 874//1424
f 859//1425 25//1425 875//1425
f 875//1426 25//1426 24//1426
f 875//1427 24//1427 876//1427
f 876//1428 24//1428 52//1428
f 876//1429 52//1429 877//1429
f 877//1430 52//1430 51//1430
f 877//1431 51//1431 878//1431
f 878//1432 51//1432 879//1432
f 879//1433 51//1433 50//1433
f 879//1434 50//1434 880//1434
f 880//1435 50//1435 49//1435
f 880//1436 49//1436 881//1436
f 881//1437 49//1437 31//1437
f 881//1438 31//1438 874//1438
f 874//1439 31//1439 29//1439
f 874//1440 29//1440 873//1440
f 882//1223 883//1223 884//1223
f 321//1441 885//1441 886//1441
f 886//1442 884//1442 321//1442
f 321//1442 884//1442 887//1442
f 321//1443 887//1443 322//1443
f 322//1444 887//1444 19//1444
f 356//1445 746//1445 355//1445
f 355//1445 746//1445 888//1445
f 355//1446 888//1446 354//1446
f 354//1446 888//1446 889//1446
f 354//1447 889//1447 353//1447
f 353//1447 889//1447 890//1447
f 353//1448 890//1448 351//1448
f 351//1448 890//1448 891//1448
f 351//1449 891//1449 349//1449
f 349//1449 891//1449 892//1449
f 349//1450 892//1450 348//1450
f 348//1450 892//1450 893//1450
f 348//1451 893//1451 346//1451
f 346//1451 893//1451 894//1451
f 346//1452 894//1452 344//1452
f 344//1452 894//1452 895//1452
f 344//1453 895//1453 321//1453
f 321//1453 895//1453 896//1453
f 321//1454 896//1454 885//1454
f 15//60 14//60 54//60
f 54//60 14//60 13//60
f 54//60 13//60 12//60
f 897//1455 898//1455 899//1455
f 900//1456 901//1456 902//1456
f 903//1457 886//1457 885//1457
f 744//1458 748//1458 904//1458
f 751//1459 739//1459 738//1459
f 746//1460 745//1460 888//1460
f 888//1461 745//1461 905//1461
f 888//1462 905//1462 889//1462
f 889//1463 905//1463 890//1463
f 890//1464 905//1464 906//1464
f 890//1465 906//1465 891//1465
f 891//1466 906//1466 907//1466
f 891//1467 907//1467 892//1467
f 892//1468 907//1468 893//1468
f 893//1468 907//1468 908//1468
f 893//1469 908//1469 894//1469
f 894//1470 908//1470 909//1470
f 894//1471 909//1471 895//1471
f 910//1472 911//1472 912//1472
f 912//1473 911//1473 913//1473
f 895//1474 909//1474 896//1474
f 896//1475 909//1475 912//1475
f 896//1476 912//1476 885//1476
f 885//1477 912//1477 913//1477
f 885//1478 913//1478 903//1478
f 914//1479 915//1479 912//1479
f 912//1480 915//1480 916//1480
f 912//1481 916//1481 910//1481
f 900//1482 902//1482 917//1482
f 743//1483 897//1483 742//1483
f 742//1484 897//1484 899//1484
f 742//1485 899//1485 741//1485
f 741//1485 899//1485 918//1485
f 741//1486 918//1486 740//1486
f 740//1486 918//1486 919//1486
f 740//1487 919//1487 735//1487
f 735//1488 919//1488 736//1488
f 736//1489 919//1489 920//1489
f 736//1490 920//1490 738//1490
f 738//1490 920//1490 921//1490
f 738//1491 921//1491 751//1491
f 751//1492 921//1492 922//1492
f 751//1493 922//1493 747//1493
f 898//1494 917//1494 899//1494
f 899//1495 917//1495 902//1495
f 899//1496 902//1496 918//1496
f 918//1496 902//1496 923//1496
f 918//1497 923//1497 919//1497
f 919//1497 923//1497 924//1497
f 919//1498 924//1498 920//1498
f 920//1498 924//1498 925//1498
f 920//1499 925//1499 921//1499
f 921//1499 925//1499 926//1499
f 921//1500 926//1500 922//1500
f 922//1500 926//1500 904//1500
f 922//1501 904//1501 747//1501
f 747//1502 904//1502 748//1502
f 901//1503 914//1503 902//1503
f 902//1504 914//1504 912//1504
f 902//1505 912//1505 923//1505
f 923//1505 912//1505 909//1505
f 923//1506 909//1506 924//1506
f 924//1506 909//1506 908//1506
f 924//1507 908//1507 925//1507
f 925//1507 908//1507 907//1507
f 925//1508 907//1508 926//1508
f 926//1508 907//1508 906//1508
f 926//1509 906//1509 904//1509
f 904//1509 906//1509 905//1509
f 904//1510 905//1510 744//1510
f 744//1511 905//1511 745//1511
f 927//1512 928//1512 929//1512
f 930//1513 931//1513 932//1513
f 932//1514 931//1514 933//1514
f 932//1515 933//1515 934//1515
f 934//1516 933//1516 935//1516
f 934//1517 935//1517 936//1517
f 937//1518 931//1518 938//1518
f 938//1519 931//1519 930//1519
f 938//1520 930//1520 939//1520
f 937//1521 940//1521 931//1521
f 931//1522 940//1522 941//1522
f 931//1523 941//1523 933//1523
f 933//1524 941//1524 927//1524
f 933//1525 927//1525 935//1525
f 935//1526 927//1526 929//1526
f 935//1527 929//1527 936//1527
f 942//1528 928//1528 943//1528
f 943//1529 928//1529 927//1529
f 943//1530 927//1530 944//1530
f 944//1531 927//1531 941//1531
f 944//1532 941//1532 945//1532
f 945//1533 941//1533 940//1533
f 945//1534 940//1534 946//1534
f 946//1535 940//1535 937//1535
f 947//1536 948//1536 949//1536
f 949//1537 948//1537 950//1537
f 949//1538 950//1538 951//1538
f 951//1539 950//1539 952//1539
f 951//1540 952//1540 953//1540
f 953//1541 952//1541 954//1541
f 953//1542 954//1542 955//1542
f 955//1543 954//1543 956//1543
f 957//1544 947//1544 958//1544
f 958//1545 947//1545 949//1545
f 958//1546 949//1546 959//1546
f 959//1547 949//1547 951//1547
f 959//1548 951//1548 960//1548
f 960//1549 951//1549 953//1549
f 960//1550 953//1550 961//1550
f 961//1551 953//1551 955//1551
f 962//1552 963//1552 964//1552
f 960//1553 961//1553 965//1553
f 959//1554 960//1554 966//1554
f 960//1555 965//1555 966//1555
f 966//1556 965//1556 967//1556
f 966//1557 967//1557 968//1557
f 968//1558 967//1558 969//1558
f 968//1559 969//1559 970//1559
f 970//1560 969//1560 971//1560
f 970//1561 971//1561 972//1561
f 972//1562 971//1562 973//1562
f 972//1563 973//1563 974//1563
f 974//1564 973//1564 975//1564
f 974//1565 975//1565 976//1565
f 976//1566 975//1566 977//1566
f 976//1567 977//1567 978//1567
f 978//1568 977//1568 979//1568
f 978//1569 979//1569 980//1569
f 980//1570 979//1570 981//1570
f 980//1571 981//1571 982//1571
f 981//1572 983//1572 982//1572
f 982//1573 983//1573 984//1573
f 982//1574 984//1574 985//1574
f 985//1575 984//1575 986//1575
f 985//1576 986//1576 987//1576
f 987//1577 986//1577 988//1577
f 987//1578 988//1578 989//1578
f 989//1579 988//1579 990//1579
f 989//1580 990//1580 991//1580
f 991//1581 990//1581 992//1581
f 992//1582 993//1582 991//1582
f 991//1583 993//1583 994//1583
f 991//1584 994//1584 989//1584
f 989//1585 994//1585 995//1585
f 989//1586 995//1586 987//1586
f 987//1587 995//1587 996//1587
f 987//1588 996//1588 985//1588
f 985//1589 996//1589 997//1589
f 985//1590 997//1590 982//1590
f 982//1591 997//1591 998//1591
f 982//1592 998//1592 980//1592
f 980//1593 998//1593 999//1593
f 980//1594 999//1594 978//1594
f 978//1595 999//1595 1000//1595
f 978//1596 1000//1596 976//1596
f 976//1597 1000//1597 1001//1597
f 976//1598 1001//1598 974//1598
f 974//1599 1001//1599 1002//1599
f 974//1600 1002//1600 972//1600
f 972//1601 1002//1601 1003//1601
f 972//1602 1003//1602 970//1602
f 970//1603 1003//1603 1004//1603
f 970//1604 1004//1604 968//1604
f 968//1605 1004//1605 1005//1605
f 968//1606 1005//1606 966//1606
f 966//1607 1005//1607 1006//1607
f 966//1608 1006//1608 959//1608
f 959//1609 1006//1609 958//1609
f 993//1610 962//1610 994//1610
f 994//1611 962//1611 964//1611
f 994//1612 964//1612 995//1612
f 995//1613 964//1613 1007//1613
f 995//1614 1007//1614 996//1614
f 996//1615 1007//1615 1008//1615
f 996//1616 1008//1616 997//1616
f 997//1617 1008//1617 1009//1617
f 997//1618 1009//1618 998//1618
f 998//1619 1009//1619 1010//1619
f 998//1620 1010//1620 999//1620
f 999//1621 1010//1621 1011//1621
f 999//1622 1011//1622 1000//1622
f 1000//1623 1011//1623 1012//1623
f 1000//1624 1012//1624 1001//1624
f 1001//1625 1012//1625 1013//1625
f 1001//1626 1013//1626 1002//1626
f 1002//1627 1013//1627 1014//1627
f 1002//1628 1014//1628 1003//1628
f 1003//1629 1014//1629 1015//1629
f 1003//1630 1015//1630 1004//1630
f 1004//1631 1015//1631 1016//1631
f 1004//1632 1016//1632 1005//1632
f 1005//1633 1016//1633 1017//1633
f 1005//1634 1017//1634 1006//1634
f 1006//1635 1017//1635 1018//1635
f 1006//1636 1018//1636 958//1636
f 958//1637 1018//1637 957//1637
f 957//1638 1018//1638 1019//1638
f 1019//1639 1018//1639 1017//1639
f 1019//1640 1017//1640 1020//1640
f 1020//1641 1017//1641 1016//1641
f 1020//1642 1016//1642 1021//1642
f 1021//1643 1016//1643 1015//1643
f 1021//1644 1015//1644 1022//1644
f 1022//1645 1015//1645 1014//1645
f 1022//1646 1014//1646 1023//1646
f 1023//1647 1014//1647 1013//1647
f 1023//1648 1013//1648 1024//1648
f 1024//1649 1013//1649 1012//1649
f 1024//1650 1012//1650 1025//1650
f 1025//1651 1012//1651 1011//1651
f 1025//1652 1011//1652 1026//1652
f 1026//1653 1011//1653 1010//1653
f 1026//1654 1010//1654 1027//1654
f 1027//1655 1010//1655 1009//1655
f 1027//1656 1009//1656 1028//1656
f 1028//1657 1009//1657 1008//1657
f 1028//1658 1008//1658 1029//1658
f 1029//1659 1008//1659 1007//1659
f 1029//1660 1007//1660 1030//1660
f 1030//1661 1007//1661 964//1661
f 1030//1662 964//1662 1031//1662
f 1031//1663 964//1663 963//1663
f 1031//1664 963//1664 1032//1664
f 1033//1665 1034//1665 1035//1665
f 1036//1666 1037//1666 1038//1666
f 1038//1667 1037//1667 1039//1667
f 1038//1668 1039//1668 1040//1668
f 1040//1669 1039//1669 1041//1669
f 1040//1670 1041//1670 1042//1670
f 1042//1671 1041//1671 1043//1671
f 1042//1672 1043//1672 1044//1672
f 1044//1673 1043//1673 1045//1673
f 1045//1674 1046//1674 1044//1674
f 1044//1675 1046//1675 1047//1675
f 1044//1676 1047//1676 1048//1676
f 1048//1677 1047//1677 1049//1677
f 1048//1678 1049//1678 1050//1678
f 1049//1679 1051//1679 1050//1679
f 1050//1680 1051//1680 1052//1680
f 1050//1681 1052//1681 1035//1681
f 1035//1682 1052//1682 1053//1682
f 1035//1683 1053//1683 1033//1683
f 1054//1684 1055//1684 1056//1684
f 1056//1685 1055//1685 1057//1685
f 1057//1686 1058//1686 1059//1686
f 1059//1687 1058//1687 1060//1687
f 1061//1688 1062//1688 1063//1688
f 1063//1689 1062//1689 1064//1689
f 1065//1690 1066//1690 1067//1690
f 1068//1691 1069//1691 1070//1691
f 1070//1692 1069//1692 1071//1692
f 1072//1693 1073//1693 1074//1693
f 1074//1694 1073//1694 1075//1694
f 1074//1695 1075//1695 1076//1695
f 1076//1696 1075//1696 1077//1696
f 1076//1697 1077//1697 1078//1697
f 1078//1698 1077//1698 1079//1698
f 1078//1699 1079//1699 1080//1699
f 1080//1700 1079//1700 1081//1700
f 1080//1701 1081//1701 1071//1701
f 1071//1702 1081//1702 1082//1702
f 1071//1703 1082//1703 1070//1703
f 1072//1704 1074//1704 1083//1704
f 1083//1705 1074//1705 1084//1705
f 1083//1706 1084//1706 1085//1706
f 1085//1707 1084//1707 1059//1707
f 1085//1708 1059//1708 1086//1708
f 1086//1709 1059//1709 1060//1709
f 1086//1710 1060//1710 1087//1710
f 1069//1711 1088//1711 1071//1711
f 1071//1712 1088//1712 1089//1712
f 1071//1713 1089//1713 1080//1713
f 1080//1714 1089//1714 1090//1714
f 1080//1715 1090//1715 1078//1715
f 1078//1716 1090//1716 1091//1716
f 1078//1717 1091//1717 1076//1717
f 1076//1718 1091//1718 1092//1718
f 1076//1719 1092//1719 1074//1719
f 1074//1720 1092//1720 1093//1720
f 1074//1721 1093//1721 1084//1721
f 1084//1722 1093//1722 1094//1722
f 1084//1723 1094//1723 1059//1723
f 1059//1724 1094//1724 1056//1724
f 1059//1725 1056//1725 1057//1725
f 1088//1726 1066//1726 1089//1726
f 1089//1727 1066//1727 1065//1727
f 1089//1728 1065//1728 1090//1728
f 1090//1729 1065//1729 1095//1729
f 1090//1730 1095//1730 1091//1730
f 1091//1731 1095//1731 1096//1731
f 1091//1732 1096//1732 1092//1732
f 1092//1733 1096//1733 1097//1733
f 1092//1734 1097//1734 1093//1734
f 1093//1735 1097//1735 1098//1735
f 1093//1736 1098//1736 1094//1736
f 1094//1737 1098//1737 1099//1737
f 1094//1738 1099//1738 1056//1738
f 1056//1739 1099//1739 1063//1739
f 1056//1740 1063//1740 1054//1740
f 1054//1741 1063//1741 1064//1741
f 1100//1742 1061//1742 1101//1742
f 1101//1743 1061//1743 1063//1743
f 1101//1744 1063//1744 1102//1744
f 1102//1745 1063//1745 1099//1745
f 1102//1746 1099//1746 1103//1746
f 1103//1747 1099//1747 1098//1747
f 1103//1748 1098//1748 1104//1748
f 1104//1749 1098//1749 1097//1749
f 1104//1750 1097//1750 1105//1750
f 1105//1751 1097//1751 1096//1751
f 1105//1752 1096//1752 1106//1752
f 1106//1753 1096//1753 1095//1753
f 1106//1754 1095//1754 1107//1754
f 1107//1755 1095//1755 1065//1755
f 1107//1756 1065//1756 1108//1756
f 1108//1757 1065//1757 1067//1757
f 1108//1758 1067//1758 1109//1758
f 1110//1759 1111//1759 1112//1759
f 1113//1760 1114//1760 1115//1760
f 1116//1761 1088//1761 1069//1761
f 1067//1762 1066//1762 1117//1762
f 1117//1763 1066//1763 1088//1763
f 1110//1764 1112//1764 1118//1764
f 1119//1765 1120//1765 1121//1765
f 1122//1766 1123//1766 1124//1766
f 1125//1767 1126//1767 1127//1767
f 1128//1768 1129//1768 1123//1768
f 1130//1769 1131//1769 1132//1769
f 1132//1770 1131//1770 1133//1770
f 1132//1771 1133//1771 1122//1771
f 1122//1772 1133//1772 1128//1772
f 1122//1773 1128//1773 1123//1773
f 1114//1774 1134//1774 1115//1774
f 1115//1775 1134//1775 1135//1775
f 1115//1776 1135//1776 1136//1776
f 1136//1777 1135//1777 1137//1777
f 1136//1778 1137//1778 1138//1778
f 1138//1779 1137//1779 1139//1779
f 1138//1780 1139//1780 1140//1780
f 1140//1781 1139//1781 1141//1781
f 1140//1782 1141//1782 1130//1782
f 1130//1783 1141//1783 1142//1783
f 1130//1784 1142//1784 1131//1784
f 1109//1785 1067//1785 1143//1785
f 1143//1786 1067//1786 1117//1786
f 1143//1787 1117//1787 1144//1787
f 1144//1788 1117//1788 1145//1788
f 1121//1789 1118//1789 1119//1789
f 1119//1790 1118//1790 1112//1790
f 1119//1791 1112//1791 1146//1791
f 1146//1792 1112//1792 1147//1792
f 1146//1793 1147//1793 1148//1793
f 1148//1794 1147//1794 1149//1794
f 1148//1795 1149//1795 1150//1795
f 1150//1796 1149//1796 1151//1796
f 1150//1797 1151//1797 1152//1797
f 1152//1798 1151//1798 1153//1798
f 1152//1799 1153//1799 1145//1799
f 1145//1800 1153//1800 1154//1800
f 1145//1801 1154//1801 1144//1801
f 1088//1802 1116//1802 1117//1802
f 1117//1803 1116//1803 1155//1803
f 1117//1804 1155//1804 1145//1804
f 1145//1805 1155//1805 1156//1805
f 1145//1806 1156//1806 1152//1806
f 1152//1807 1156//1807 1157//1807
f 1152//1808 1157//1808 1150//1808
f 1150//1809 1157//1809 1158//1809
f 1150//1810 1158//1810 1148//1810
f 1148//1811 1158//1811 1159//1811
f 1148//1812 1159//1812 1146//1812
f 1146//1813 1159//1813 1126//1813
f 1146//1814 1126//1814 1119//1814
f 1119//1815 1126//1815 1125//1815
f 1119//1816 1125//1816 1120//1816
f 1068//1817 1113//1817 1069//1817
f 1069//1818 1113//1818 1115//1818
f 1069//1819 1115//1819 1116//1819
f 1116//1820 1115//1820 1136//1820
f 1116//1821 1136//1821 1155//1821
f 1155//1822 1136//1822 1138//1822
f 1155//1823 1138//1823 1156//1823
f 1156//1824 1138//1824 1140//1824
f 1156//1825 1140//1825 1157//1825
f 1157//1826 1140//1826 1130//1826
f 1157//1827 1130//1827 1158//1827
f 1158//1828 1130//1828 1132//1828
f 1158//1829 1132//1829 1159//1829
f 1159//1830 1132//1830 1122//1830
f 1159//1831 1122//1831 1126//1831
f 1126//1832 1122//1832 1124//1832
f 1126//1833 1124//1833 1127//1833
f 1160//1834 1161//1834 1162//1834
f 1163//1835 1164//1835 1165//1835
f 1166//1836 1167//1836 1168//1836
f 1048//1837 1169//1837 1044//1837
f 1044//1838 1169//1838 1170//1838
f 1170//1839 1169//1839 1171//1839
f 1171//1840 1169//1840 1172//1840
f 1171//1841 1172//1841 1173//1841
f 1173//1842 1172//1842 1174//1842
f 1174//1843 1172//1843 1168//1843
f 1174//1844 1168//1844 1175//1844
f 1167//1845 1176//1845 1168//1845
f 1168//1846 1176//1846 1177//1846
f 1168//1847 1177//1847 1175//1847
f 1175//1848 1177//1848 1178//1848
f 1163//1849 1165//1849 1179//1849
f 1180//1850 1035//1850 1034//1850
f 1034//1851 1181//1851 1180//1851
f 1180//1852 1181//1852 1182//1852
f 1180//1853 1182//1853 1183//1853
f 1183//1854 1182//1854 1184//1854
f 1183//1855 1184//1855 1162//1855
f 1162//1856 1184//1856 1185//1856
f 1162//1857 1185//1857 1160//1857
f 1050//1858 1035//1858 1186//1858
f 1186//1859 1035//1859 1180//1859
f 1186//1860 1180//1860 1187//1860
f 1187//1861 1180//1861 1183//1861
f 1187//1862 1183//1862 1165//1862
f 1165//1863 1183//1863 1162//1863
f 1165//1864 1162//1864 1179//1864
f 1179//1865 1162//1865 1161//1865
f 1048//1866 1050//1866 1169//1866
f 1169//1867 1050//1867 1186//1867
f 1169//1868 1186//1868 1172//1868
f 1172//1869 1186//1869 1187//1869
f 1172//1870 1187//1870 1168//1870
f 1168//1871 1187//1871 1165//1871
f 1168//1872 1165//1872 1166//1872
f 1166//1873 1165//1873 1164//1873
f 1188//1874 1189//1874 1190//1874
f 1191//1875 1192//1875 1188//1875
f 1193//1876 1194//1876 1195//1876
f 1195//1877 1194//1877 1196//1877
f 1195//1878 1196//1878 1197//1878
f 1198//1879 1199//1879 1200//1879
f 1200//1880 1199//1880 1201//1880
f 1200//1881 1201//1881 1202//1881
f 1178//1882 1198//1882 1175//1882
f 1175//1883 1198//1883 1200//1883
f 1175//1884 1200//1884 1174//1884
f 1174//1885 1200//1885 1203//1885
f 1174//1886 1203//1886 1173//1886
f 1173//1887 1203//1887 1171//1887
f 1171//1888 1203//1888 1204//1888
f 1171//1889 1204//1889 1170//1889
f 1205//1890 1040//1890 1042//1890
f 1206//1891 1036//1891 1038//1891
f 1188//1892 1190//1892 1191//1892
f 1191//1893 1190//1893 1207//1893
f 1191//1894 1207//1894 1208//1894
f 1208//1895 1207//1895 1206//1895
f 1208//1896 1206//1896 1209//1896
f 1209//1897 1206//1897 1038//1897
f 1209//1898 1038//1898 1040//1898
f 1040//1899 1205//1899 1209//1899
f 1209//1900 1205//1900 1210//1900
f 1209//1901 1210//1901 1208//1901
f 1208//1902 1210//1902 1195//1902
f 1208//1903 1195//1903 1191//1903
f 1191//1904 1195//1904 1197//1904
f 1191//1905 1197//1905 1192//1905
f 1044//1906 1170//1906 1042//1906
f 1042//1907 1170//1907 1204//1907
f 1042//1908 1204//1908 1205//1908
f 1205//1909 1204//1909 1203//1909
f 1205//1910 1203//1910 1210//1910
f 1210//1911 1203//1911 1200//1911
f 1210//1912 1200//1912 1195//1912
f 1195//1913 1200//1913 1202//1913
f 1195//1914 1202//1914 1193//1914
f 1211//1915 1212//1915 1213//1915
f 1211//1916 1213//1916 1214//1916
f 1214//1917 1213//1917 1215//1917
f 1214//1918 1215//1918 1216//1918
f 1217//1919 1218//1919 1219//1919
f 1219//1920 1218//1920 1220//1920
f 1219//1921 1220//1921 1221//1921
f 1221//1922 1222//1922 1219//1922
f 1219//1922 1222//1922 1223//1922
f 1219//1923 1223//1923 1224//1923
f 1225//1924 1226//1924 1219//1924
f 1219//1925 1226//1925 1227//1925
f 1219//1926 1227//1926 1228//1926
f 1228//1927 1229//1927 1219//1927
f 1219//1928 1229//1928 1230//1928
f 1219//1929 1230//1929 1231//1929
f 1231//1930 1232//1930 1219//1930
f 1219//1929 1232//1929 1233//1929
f 1219//1931 1233//1931 1217//1931
f 1224//1932 1215//1932 1219//1932
f 1219//1933 1215//1933 1213//1933
f 1219//1934 1213//1934 1225//1934
f 1225//1935 1213//1935 1212//1935
f 1225//1936 1212//1936 372//1936
f 1234//1937 863//1937 1235//1937
f 1235//1938 863//1938 862//1938
f 372//1939 870//1939 1225//1939
f 1225//1940 870//1940 869//1940
f 1225//1941 869//1941 1236//1941
f 869//1942 868//1942 1236//1942
f 1236//1943 868//1943 867//1943
f 1236//1944 867//1944 866//1944
f 866//1945 865//1945 1236//1945
f 1236//1946 865//1946 864//1946
f 1236//1947 864//1947 1234//1947
f 1234//1948 864//1948 858//1948
f 1234//1949 858//1949 863//1949
f 1237//1950 1238//1950 1239//1950
f 1239//1951 1238//1951 1240//1951
f 1239//1952 1240//1952 1241//1952
f 1242//1953 1243//1953 1244//1953
f 1245//1954 1246//1954 1241//1954
f 1247//1955 1248//1955 1249//1955
f 1249//1956 1250//1956 1247//1956
f 1247//1957 1250//1957 1251//1957
f 1247//1956 1251//1956 1252//1956
f 1252//1958 1253//1958 1247//1958
f 1247//1959 1253//1959 1254//1959
f 1247//1960 1254//1960 1255//1960
f 1245//1961 1241//1961 1255//1961
f 1255//1962 1241//1962 1240//1962
f 1255//1963 1240//1963 1247//1963
f 1247//1964 1240//1964 1238//1964
f 1247//1965 1238//1965 1256//1965
f 1256//1966 1257//1966 1247//1966
f 1247//1967 1257//1967 1258//1967
f 1247//1967 1258//1967 1259//1967
f 1259//1967 1260//1967 1247//1967
f 1247//1968 1260//1968 1261//1968
f 1247//1955 1261//1955 1248//1955
f 1244//1969 1262//1969 1242//1969
f 1242//1970 1262//1970 1263//1970
f 1242//1971 1263//1971 1245//1971
f 1245//1972 1263//1972 1264//1972
f 1245//1973 1264//1973 1246//1973
f 1265//1974 1266//1974 416//1974
f 1267//1975 1268//1975 518//1975
f 518//1976 1268//1976 588//1976
f 1269//1977 423//1977 1270//1977
f 1270//1978 423//1978 424//1978
f 1270//1979 424//1979 1271//1979
f 1271//1980 424//1980 425//1980
f 484//1981 1272//1981 531//1981
f 531//1981 1272//1981 1273//1981
f 416//1974 1266//1974 411//1974
f 411//61 1266//61 1274//61
f 411//61 1274//61 409//61
f 409//61 1274//61 484//61
f 484//61 1274//61 1275//61
f 484//61 1275//61 1272//61
f 518//1982 516//1982 1267//1982
f 1267//1983 516//1983 501//1983
f 1267//1984 501//1984 1276//1984
f 1276//61 501//61 520//61
f 1276//1985 520//1985 1277//1985
f 1277//1986 520//1986 522//1986
f 1277//1987 522//1987 1278//1987
f 1278//1988 522//1988 524//1988
f 1278//1989 524//1989 1279//1989
f 1279//1990 524//1990 526//1990
f 1279//1991 526//1991 1280//1991
f 1280//1981 526//1981 528//1981
f 1280//1981 528//1981 1273//1981
f 1273//1992 528//1992 529//1992
f 1273//1993 529//1993 531//1993
f 416//1981 414//1981 1265//1981
f 1265//1981 414//1981 413//1981
f 1265//1981 413//1981 1281//1981
f 1281//61 413//61 391//61
f 1281//1994 391//1994 1282//1994
f 1282//1995 391//1995 421//1995
f 1282//1995 421//1995 1283//1995
f 1268//1996 1284//1996 588//1996
f 588//1997 1284//1997 1285//1997
f 588//1998 1285//1998 507//1998
f 507//1999 1285//1999 1286//1999
f 1216//2000 375//2000 1214//2000
f 1214//2001 375//2001 374//2001
f 1214//2002 374//2002 1211//2002
f 374//2003 377//2003 1211//2003
f 1211//2004 377//2004 373//2004
f 1211//2005 373//2005 1212//2005
f 1212//61 373//61 372//61
f 421//2006 420//2006 1283//2006
f 1283//2007 420//2007 418//2007
f 1283//2008 418//2008 1287//2008
f 1287//2009 418//2009 388//2009
f 1287//2010 388//2010 1288//2010
f 1288//2011 388//2011 390//2011
f 1288//2012 390//2012 1289//2012
f 1289//2013 390//2013 450//2013
f 1289//2014 450//2014 1290//2014
f 1290//2012 450//2012 385//2012
f 1290//2012 385//2012 1291//2012
f 1291//2015 385//2015 387//2015
f 1291//2016 387//2016 1292//2016
f 1292//2017 387//2017 431//2017
f 1292//2018 431//2018 1269//2018
f 1269//2019 431//2019 430//2019
f 1269//2020 430//2020 423//2020
f 1286//2021 1293//2021 507//2021
f 507//2022 1293//2022 1294//2022
f 507//2023 1294//2023 508//2023
f 508//2024 1294//2024 510//2024
f 1216//2025 1295//2025 375//2025
f 375//2026 1295//2026 1296//2026
f 375//2027 1296//2027 425//2027
f 425//2028 1296//2028 1297//2028
f 425//2029 1297//2029 1271//2029
f 1294//2030 1298//2030 510//2030
f 510//2031 1298//2031 1299//2031
f 510//2032 1299//2032 512//2032
f 512//2033 1299//2033 1300//2033
f 512//2034 1300//2034 504//2034
f 504//2035 1300//2035 1301//2035
f 504//2036 1301//2036 505//2036
f 505//2037 1301//2037 1237//2037
f 505//61 1237//61 611//61
f 611//2038 1237//2038 1239//2038
f 611//2039 1239//2039 612//2039
f 750//61 723//61 1244//61
f 1244//61 723//61 722//61
f 1244//61 722//61 1262//61
f 1262//61 722//61 721//61
f 1262//61 721//61 1263//61
f 1263//61 721//61 720//61
f 1263//61 720//61 1264//61
f 1264//61 720//61 719//61
f 1264//61 719//61 1246//61
f 1246//61 719//61 612//61
f 1246//61 612//61 1241//61
f 1241//2040 612//2040 1239//2040
f 750//397 1302//397 749//397
f 727//2040 749//2040 724//2040
f 724//2041 749//2041 1303//2041
f 724//2041 1303//2041 725//2041
f 725//61 1303//61 1304//61
f 725//61 1304//61 743//61
f 1305//1974 913//1974 911//1974
f 1305//1991 911//1991 1306//1991
f 1304//61 1307//61 743//61
f 743//61 1307//61 1308//61
f 743//61 1308//61 897//61
f 897//61 1308//61 1309//61
f 897//61 1309//61 898//61
f 898//61 1309//61 1310//61
f 898//61 1310//61 917//61
f 917//61 1310//61 1311//61
f 917//61 1311//61 900//61
f 900//61 1311//61 1312//61
f 900//61 1312//61 901//61
f 901//61 1312//61 1313//61
f 901//61 1313//61 914//61
f 914//61 1313//61 1314//61
f 914//61 1314//61 915//61
f 915//61 1314//61 1315//61
f 915//61 1315//61 916//61
f 916//61 1315//61 1306//61
f 916//61 1306//61 910//61
f 910//61 1306//61 911//61
f 1316//2042 1317//2042 1318//2042
f 1318//2043 1317//2043 1319//2043
f 1307//2044 1304//2044 1320//2044
f 1320//2045 1304//2045 1321//2045
f 1322//2046 1323//2046 1321//2046
f 1321//2047 1323//2047 1324//2047
f 1321//2048 1324//2048 1320//2048
f 1319//2049 1325//2049 1318//2049
f 1318//2050 1325//2050 1326//2050
f 1318//2051 1326//2051 1327//2051
f 1327//2052 1326//2052 1328//2052
f 1327//2053 1328//2053 1329//2053
f 1329//2054 1328//2054 1330//2054
f 1329//2055 1330//2055 1322//2055
f 1322//2056 1330//2056 1331//2056
f 1322//2057 1331//2057 1323//2057
f 946//2058 1332//2058 1333//2058
f 1334//2059 1335//2059 1336//2059
f 1334//2060 1336//2060 1337//2060
f 1337//2061 1336//2061 1338//2061
f 1337//2062 1338//2062 1339//2062
f 1339//2063 1338//2063 1333//2063
f 1339//2064 1333//2064 1340//2064
f 1340//2065 1333//2065 1332//2065
f 1340//2066 1332//2066 1341//2066
f 946//2067 1333//2067 945//2067
f 945//2068 1333//2068 1338//2068
f 945//2069 1338//2069 944//2069
f 944//2070 1338//2070 1336//2070
f 944//2071 1336//2071 943//2071
f 943//2072 1336//2072 1335//2072
f 943//2073 1335//2073 942//2073
f 1342//2074 1154//2074 1343//2074
f 1343//2075 1154//2075 1153//2075
f 1343//2076 1153//2076 1344//2076
f 760//2077 759//2077 1151//2077
f 1151//2078 759//2078 856//2078
f 856//2079 857//2079 1151//2079
f 1151//2080 857//2080 1345//2080
f 1151//2081 1345//2081 837//2081
f 837//2082 830//2082 1151//2082
f 1151//2083 830//2083 829//2083
f 1151//2084 829//2084 843//2084
f 1344//2085 1153//2085 1346//2085
f 1346//2086 1153//2086 1151//2086
f 1346//2087 1151//2087 1347//2087
f 1348//2088 1349//2088 1347//2088
f 1347//2089 1349//2089 1350//2089
f 1350//2090 1351//2090 1347//2090
f 1347//2091 1351//2091 1352//2091
f 1347//2092 1352//2092 1346//2092
f 843//2093 1353//2093 1151//2093
f 1151//2094 1353//2094 1354//2094
f 1151//2095 1354//2095 1347//2095
f 1347//2096 1354//2096 1355//2096
f 1347//2097 1355//2097 1348//2097
f 1356//2098 1357//2098 1358//2098
f 1358//2099 1357//2099 1359//2099
f 1357//2100 797//2100 1359//2100
f 1359//2101 797//2101 799//2101
f 1359//2102 799//2102 1360//2102
f 1360//2103 799//2103 801//2103
f 1360//2104 801//2104 803//2104
f 803//2105 805//2105 1360//2105
f 1360//2106 805//2106 807//2106
f 1360//2107 807//2107 1111//2107
f 1111//2108 807//2108 809//2108
f 1111//2109 809//2109 1112//2109
f 1112//2110 809//2110 811//2110
f 811//2111 771//2111 1112//2111
f 1112//2112 771//2112 769//2112
f 1112//2113 769//2113 767//2113
f 1151//2114 1149//2114 760//2114
f 760//2115 1149//2115 1147//2115
f 760//2116 1147//2116 763//2116
f 763//2117 1147//2117 1112//2117
f 763//2118 1112//2118 765//2118
f 765//2119 1112//2119 767//2119
f 1342//2120 1361//2120 1154//2120
f 1154//2121 1361//2121 1362//2121
f 1154//2122 1362//2122 1144//2122
f 1144//2123 1362//2123 1363//2123
f 1144//2124 1363//2124 1143//2124
f 1143//2125 1363//2125 1364//2125
f 1143//2126 1364//2126 1109//2126
f 1109//2127 1364//2127 1108//2127
f 1108//2128 1364//2128 1365//2128
f 1108//2129 1365//2129 1107//2129
f 1107//2130 1365//2130 1366//2130
f 1107//2131 1366//2131 1106//2131
f 1366//2132 1367//2132 1106//2132
f 1106//2133 1367//2133 1368//2133
f 1106//2134 1368//2134 1369//2134
f 1369//2135 1370//2135 1106//2135
f 1106//2136 1370//2136 1371//2136
f 1106//2137 1371//2137 1105//2137
f 1372//2138 1373//2138 1104//2138
f 1105//2139 1371//2139 1104//2139
f 1104//2140 1371//2140 1374//2140
f 1104//2141 1374//2141 1372//2141
f 1373//2142 1375//2142 1104//2142
f 1104//2143 1375//2143 1376//2143
f 1104//2144 1376//2144 1377//2144
f 939//2145 1378//2145 1104//2145
f 1104//2146 1378//2146 948//2146
f 1104//2147 948//2147 947//2147
f 1377//2148 1341//2148 1104//2148
f 1104//2149 1341//2149 1332//2149
f 1104//2150 1332//2150 946//2150
f 946//2151 937//2151 1104//2151
f 1104//2152 937//2152 938//2152
f 1104//2153 938//2153 939//2153
f 1101//2154 1102//2154 1020//2154
f 1020//2155 1102//2155 1019//2155
f 947//2156 957//2156 1104//2156
f 1104//2157 957//2157 1019//2157
f 1104//2158 1019//2158 1103//2158
f 1103//2159 1019//2159 1102//2159
f 1020//2160 1021//2160 1101//2160
f 1101//2161 1021//2161 1022//2161
f 1101//2162 1022//2162 1023//2162
f 1023//2163 1024//2163 1101//2163
f 1101//2164 1024//2164 1025//2164
f 1101//2165 1025//2165 1100//2165
f 1100//2166 1025//2166 1026//2166
f 1100//2167 1026//2167 1379//2167
f 1379//2168 1026//2168 1027//2168
f 1379//2169 1027//2169 1028//2169
f 1031//2170 1380//2170 1030//2170
f 1030//2171 1380//2171 1379//2171
f 1030//2172 1379//2172 1029//2172
f 1029//2173 1379//2173 1028//2173
f 1031//2174 1032//2174 1380//2174
f 1380//2175 1032//2175 1381//2175
f 1380//2176 1381//2176 1382//2176
f 1382//2177 1381//2177 1383//2177
f 847//2178 1384//2178 1385//2178
f 1354//2179 1353//2179 1386//2179
f 1354//2180 1386//2180 1387//2180
f 1387//2181 1386//2181 1388//2181
f 1387//2182 1388//2182 1389//2182
f 1389//2183 1388//2183 1385//2183
f 1389//2184 1385//2184 1390//2184
f 1390//2185 1385//2185 1384//2185
f 1390//2186 1384//2186 1391//2186
f 847//2187 1385//2187 846//2187
f 846//2188 1385//2188 1388//2188
f 846//2189 1388//2189 845//2189
f 845//2190 1388//2190 1386//2190
f 845//2191 1386//2191 844//2191
f 844//2192 1386//2192 1353//2192
f 844//2193 1353//2193 843//2193
f 1392//2194 1393//2194 1394//2194
f 1395//2195 1396//2195 1397//2195
f 1398//2196 1399//2196 1400//2196
f 1400//2197 1399//2197 1394//2197
f 1392//2198 1394//2198 1397//2198
f 1397//2199 1394//2199 1399//2199
f 1397//2200 1399//2200 1395//2200
f 1395//2201 1399//2201 1398//2201
f 1395//2202 1398//2202 1356//2202
f 1401//2203 1402//2203 827//2203
f 827//2204 753//2204 1401//2204
f 1401//2205 753//2205 752//2205
f 1401//2206 752//2206 1357//2206
f 1357//2207 752//2207 812//2207
f 1357//2208 812//2208 797//2208
f 1400//2209 1402//2209 1398//2209
f 1398//2210 1402//2210 1401//2210
f 1398//2211 1401//2211 1356//2211
f 1356//2212 1401//2212 1357//2212
f 795//2213 794//2213 1403//2213
f 1403//2214 794//2214 823//2214
f 1403//2215 823//2215 824//2215
f 824//2216 825//2216 1403//2216
f 1403//2217 825//2217 826//2217
f 1403//2218 826//2218 827//2218
f 1403//2219 1404//2219 795//2219
f 795//2220 1404//2220 1405//2220
f 795//2221 1405//2221 796//2221
f 796//2222 1405//2222 786//2222
f 790//2223 789//2223 1406//2223
f 1406//2224 789//2224 788//2224
f 1406//2225 788//2225 1405//2225
f 1405//2226 788//2226 787//2226
f 1405//2227 787//2227 786//2227
f 792//2228 791//2228 1407//2228
f 1407//2229 791//2229 790//2229
f 1407//2230 790//2230 1408//2230
f 1408//2231 790//2231 1406//2231
f 1408//2232 1406//2232 1409//2232
f 1409//2233 1406//2233 1405//2233
f 1409//2234 1405//2234 1410//2234
f 1410//2235 1405//2235 1404//2235
f 1410//2236 1411//2236 1409//2236
f 1409//2237 1411//2237 1412//2237
f 1409//2238 1412//2238 1408//2238
f 1408//2239 1412//2239 1413//2239
f 1408//2240 1413//2240 1407//2240
f 1407//2241 1413//2241 1414//2241
f 1407//2242 1414//2242 792//2242
f 792//2243 1414//2243 1415//2243
f 792//2244 1415//2244 793//2244
f 1345//2245 857//2245 1416//2245
f 1416//2246 857//2246 855//2246
f 1416//2247 855//2247 1417//2247
f 1417//2248 855//2248 853//2248
f 1417//2249 853//2249 1418//2249
f 1418//2250 853//2250 851//2250
f 1418//2251 851//2251 1419//2251
f 1419//2252 851//2252 849//2252
f 837//2253 1345//2253 835//2253
f 835//2254 1345//2254 1416//2254
f 835//2255 1416//2255 833//2255
f 833//2256 1416//2256 1417//2256
f 833//2257 1417//2257 831//2257
f 831//2258 1417//2258 1418//2258
f 831//2259 1418//2259 840//2259
f 840//2260 1418//2260 1419//2260
f 839//2261 840//2261 1420//2261
f 839//2262 1420//2262 838//2262
f 838//2263 1420//2263 1421//2263
f 838//2264 1421//2264 847//2264
f 848//2265 793//2265 1422//2265
f 1422//2266 793//2266 1415//2266
f 1422//2267 1415//2267 1423//2267
f 1423//2268 1415//2268 1414//2268
f 1423//2269 1414//2269 1424//2269
f 1424//2270 1414//2270 1413//2270
f 1424//2271 1413//2271 1425//2271
f 1425//2272 1413//2272 1412//2272
f 1425//2273 1412//2273 1426//2273
f 1426//2274 1412//2274 1411//2274
f 849//2275 848//2275 1427//2275
f 1427//2276 848//2276 1422//2276
f 1427//2277 1422//2277 1428//2277
f 1428//2278 1422//2278 1423//2278
f 1428//2279 1423//2279 1429//2279
f 1429//2280 1423//2280 1424//2280
f 1429//2281 1424//2281 1430//2281
f 1430//2282 1424//2282 1425//2282
f 1430//2283 1425//2283 1431//2283
f 1431//2284 1425//2284 1426//2284
f 1432//2285 872//2285 1433//2285
f 1433//2286 872//2286 871//2286
f 1433//1245 871//1245 1434//1245
f 874//2287 872//2287 1435//2287
f 877//2288 878//2288 1436//2288
f 1437//2289 861//2289 860//2289
f 877//2290 1436//2290 876//2290
f 876//2291 1436//2291 1437//2291
f 876//2292 1437//2292 875//2292
f 875//2293 1437//2293 860//2293
f 875//2294 860//2294 859//2294
f 1438//2295 1439//2295 878//2295
f 878//2296 1439//2296 1440//2296
f 878//2297 1440//2297 1436//2297
f 878//2298 879//2298 1438//2298
f 1438//2299 879//2299 880//2299
f 1438//2300 880//2300 1435//2300
f 1435//2301 880//2301 881//2301
f 1435//2302 881//2302 874//2302
f 1235//60 862//60 861//60
f 861//60 1437//60 1235//60
f 1235//60 1437//60 1436//60
f 1235//60 1436//60 1440//60
f 1434//61 871//61 1441//61
f 1441//61 871//61 873//61
f 1441//61 873//61 1442//61
f 1442//61 873//61 29//61
f 1442//61 29//61 28//61
f 1443//2303 883//2303 1444//2303
f 1444//2303 883//2303 882//2303
f 882//2304 884//2304 1444//2304
f 1444//2304 884//2304 886//2304
f 886//2305 903//2305 1444//2305
f 1444//2306 903//2306 1445//2306
f 1444//2307 1445//2307 1446//2307
f 1446//2308 1445//2308 1447//2308
f 1446//2309 1447//2309 1448//2309
f 1447//2310 1449//2310 1448//2310
f 1448//2311 1449//2311 1450//2311
f 1448//2312 1450//2312 1451//2312
f 1450//2313 1452//2313 1451//2313
f 1451//2314 1452//2314 1453//2314
f 1451//2315 1453//2315 1454//2315
f 883//2316 1443//2316 1455//2316
f 887//2316 884//2316 883//2316
f 19//2317 887//2317 56//2317
f 887//2316 883//2316 56//2316
f 56//2316 883//2316 1455//2316
f 56//2316 1455//2316 59//2316
f 19//2316 56//2316 17//2316
f 17//2316 56//2316 54//2316
f 17//2316 54//2316 12//2316
f 1317//61 1456//61 1319//61
f 1319//61 1456//61 1457//61
f 1319//61 1457//61 1325//61
f 1325//61 1457//61 1458//61
f 1310//2318 1309//2318 1459//2318
f 1308//2319 1307//2319 1320//2319
f 1325//2320 1458//2320 1460//2320
f 1331//2321 1330//2321 1461//2321
f 1461//2322 1330//2322 1328//2322
f 1461//2322 1328//2322 1462//2322
f 1462//2323 1328//2323 1326//2323
f 1462//2323 1326//2323 1463//2323
f 1331//2324 1461//2324 1323//2324
f 1323//2325 1461//2325 1464//2325
f 1323//2326 1464//2326 1324//2326
f 1324//2327 1464//2327 1459//2327
f 1324//2328 1459//2328 1320//2328
f 1320//2329 1459//2329 1309//2329
f 1320//2330 1309//2330 1308//2330
f 1465//2331 1311//2331 1310//2331
f 1314//2332 1313//2332 1465//2332
f 1465//2333 1313//2333 1312//2333
f 1465//2334 1312//2334 1311//2334
f 1306//2335 1315//2335 1466//2335
f 1466//2336 1315//2336 1314//2336
f 903//2337 913//2337 1445//2337
f 1445//2338 913//2338 1305//2338
f 1445//2339 1305//2339 1306//2339
f 1306//2340 1466//2340 1445//2340
f 1445//2341 1466//2341 1467//2341
f 1445//2341 1467//2341 1447//2341
f 1447//2342 1467//2342 1449//2342
f 1449//2343 1467//2343 1468//2343
f 1449//2344 1468//2344 1450//2344
f 1450//2345 1468//2345 1469//2345
f 1450//2345 1469//2345 1452//2345
f 1452//2346 1469//2346 1470//2346
f 1452//2347 1470//2347 1453//2347
f 1471//2348 1472//2348 1473//2348
f 1325//2349 1460//2349 1326//2349
f 1326//2350 1460//2350 1474//2350
f 1326//2351 1474//2351 1463//2351
f 1463//2352 1474//2352 1475//2352
f 1463//2353 1475//2353 1476//2353
f 1314//2354 1465//2354 1466//2354
f 1466//2355 1465//2355 1477//2355
f 1466//2355 1477//2355 1467//2355
f 1467//2356 1477//2356 1478//2356
f 1467//2356 1478//2356 1468//2356
f 1468//2357 1478//2357 1471//2357
f 1468//2357 1471//2357 1469//2357
f 1469//2358 1471//2358 1473//2358
f 1469//2359 1473//2359 1470//2359
f 1310//2360 1459//2360 1465//2360
f 1465//2361 1459//2361 1464//2361
f 1465//2361 1464//2361 1477//2361
f 1477//2362 1464//2362 1461//2362
f 1477//2363 1461//2363 1478//2363
f 1478//2364 1461//2364 1462//2364
f 1478//2364 1462//2364 1471//2364
f 1471//2365 1462//2365 1463//2365
f 1471//2365 1463//2365 1472//2365
f 1472//2366 1463//2366 1476//2366
f 1472//2367 1476//2367 1473//2367
f 942//2368 1479//2368 928//2368
f 928//2369 1479//2369 1480//2369
f 928//2370 1480//2370 929//2370
f 929//2371 1480//2371 936//2371
f 1481//2372 956//2372 1482//2372
f 1482//2373 956//2373 954//2373
f 1482//2374 954//2374 1483//2374
f 1483//2375 954//2375 952//2375
f 1483//2376 952//2376 1484//2376
f 1484//2377 952//2377 950//2377
f 1484//2378 950//2378 1378//2378
f 1378//2379 950//2379 948//2379
f 936//2380 1481//2380 934//2380
f 934//2381 1481//2381 1482//2381
f 934//2382 1482//2382 932//2382
f 932//2383 1482//2383 1483//2383
f 932//2384 1483//2384 930//2384
f 930//2385 1483//2385 1484//2385
f 930//2386 1484//2386 939//2386
f 939//2387 1484//2387 1378//2387
f 955//2388 956//2388 1485//2388
f 1486//2389 1487//2389 1488//2389
f 1488//2390 1487//2390 1489//2390
f 1488//2391 1489//2391 961//2391
f 1490//2392 1491//2392 1486//2392
f 1486//2393 1491//2393 1492//2393
f 1486//2394 1492//2394 1487//2394
f 1493//2395 1494//2395 1495//2395
f 1495//2396 1494//2396 1496//2396
f 1495//2397 1496//2397 1490//2397
f 1490//2398 1496//2398 1497//2398
f 1490//2399 1497//2399 1491//2399
f 1498//2400 1493//2400 1499//2400
f 1499//2401 1493//2401 1495//2401
f 1499//2402 1495//2402 1500//2402
f 1500//2403 1495//2403 1490//2403
f 1500//2404 1490//2404 1501//2404
f 1501//2405 1490//2405 1486//2405
f 1501//2406 1486//2406 1485//2406
f 1485//2407 1486//2407 1488//2407
f 1485//2408 1488//2408 955//2408
f 955//2409 1488//2409 961//2409
f 1502//2410 1503//2410 1504//2410
f 969//2411 967//2411 1505//2411
f 1505//2412 967//2412 965//2412
f 961//2413 1489//2413 965//2413
f 965//2414 1489//2414 1487//2414
f 965//2415 1487//2415 1505//2415
f 981//2416 979//2416 1506//2416
f 1506//2417 979//2417 977//2417
f 1506//2418 977//2418 975//2418
f 986//2419 984//2419 1507//2419
f 988//2420 986//2420 990//2420
f 990//2421 986//2421 1507//2421
f 990//2422 1507//2422 992//2422
f 1508//2423 1506//2423 1509//2423
f 1509//2424 1506//2424 975//2424
f 1509//2425 975//2425 973//2425
f 1508//2426 1502//2426 1506//2426
f 1506//2427 1502//2427 1504//2427
f 1506//2428 1504//2428 981//2428
f 981//2429 1504//2429 1507//2429
f 981//2430 1507//2430 983//2430
f 983//2431 1507//2431 984//2431
f 1487//2432 1492//2432 1505//2432
f 1505//2433 1492//2433 1508//2433
f 1505//2434 1508//2434 969//2434
f 969//2435 1508//2435 1509//2435
f 969//2436 1509//2436 971//2436
f 971//2437 1509//2437 973//2437
f 1494//2438 1503//2438 1496//2438
f 1496//2439 1503//2439 1502//2439
f 1496//2440 1502//2440 1497//2440
f 1497//2441 1502//2441 1508//2441
f 1497//2442 1508//2442 1491//2442
f 1491//2443 1508//2443 1492//2443
f 992//2444 1510//2444 993//2444
f 993//2445 1510//2445 1511//2445
f 993//2446 1511//2446 962//2446
f 962//2447 1511//2447 963//2447
f 963//2448 1511//2448 1381//2448
f 963//2449 1381//2449 1032//2449
f 1383//2450 1381//2450 1512//2450
f 1512//2451 1381//2451 1511//2451
f 1512//2452 1511//2452 1513//2452
f 1513//2453 1511//2453 1510//2453
f 1514//2454 1515//2454 1516//2454
f 1516//2455 1515//2455 1517//2455
f 1517//2456 1515//2456 1518//2456
f 1518//2457 1515//2457 1519//2457
f 1518//2458 1519//2458 1520//2458
f 1513//2459 1519//2459 1512//2459
f 1512//2460 1519//2460 1515//2460
f 1512//2461 1515//2461 1383//2461
f 1383//2462 1515//2462 1514//2462
f 1521//2463 1522//2463 1523//2463
f 1520//2464 1524//2464 1518//2464
f 1518//2465 1524//2465 1517//2465
f 1522//2466 1521//2466 1525//2466
f 1521//2467 1526//2467 1525//2467
f 1525//2468 1526//2468 1527//2468
f 1525//2469 1527//2469 1528//2469
f 1528//2470 1527//2470 1529//2470
f 1528//2471 1529//2471 1524//2471
f 1524//2472 1529//2472 1516//2472
f 1524//2473 1516//2473 1517//2473
f 1526//2474 1521//2474 1530//2474
f 1516//2475 1529//2475 1531//2475
f 1531//2476 1529//2476 1532//2476
f 1532//2477 1529//2477 1530//2477
f 1530//2478 1529//2478 1527//2478
f 1530//2479 1527//2479 1526//2479
f 1061//2480 1100//2480 1379//2480
f 1064//2481 1062//2481 1533//2481
f 1533//2482 1062//2482 1061//2482
f 1534//2483 1055//2483 1054//2483
f 1060//2484 1535//2484 1087//2484
f 1058//2485 1057//2485 1534//2485
f 1534//2486 1057//2486 1055//2486
f 1536//2487 1532//2487 1537//2487
f 1514//2488 1516//2488 1538//2488
f 1538//2489 1516//2489 1531//2489
f 1538//2490 1531//2490 1532//2490
f 1061//2491 1379//2491 1533//2491
f 1533//2492 1379//2492 1380//2492
f 1533//2493 1380//2493 1539//2493
f 1539//2494 1380//2494 1382//2494
f 1539//2495 1382//2495 1538//2495
f 1538//2496 1382//2496 1383//2496
f 1538//2497 1383//2497 1514//2497
f 1532//2498 1536//2498 1538//2498
f 1538//2499 1536//2499 1540//2499
f 1538//2499 1540//2499 1539//2499
f 1539//2500 1540//2500 1534//2500
f 1539//2501 1534//2501 1533//2501
f 1533//2502 1534//2502 1054//2502
f 1533//2503 1054//2503 1064//2503
f 1537//2504 1541//2504 1536//2504
f 1536//2505 1541//2505 1542//2505
f 1536//2506 1542//2506 1540//2506
f 1540//2507 1542//2507 1535//2507
f 1540//2508 1535//2508 1534//2508
f 1534//2509 1535//2509 1060//2509
f 1534//2510 1060//2510 1058//2510
f 1543//2511 1544//2511 1545//2511
f 1546//2512 1547//2512 1544//2512
f 1548//2513 1549//2513 1550//2513
f 1550//2514 1549//2514 1551//2514
f 1550//2515 1551//2515 1552//2515
f 1544//2516 1547//2516 1550//2516
f 1550//2517 1547//2517 1553//2517
f 1550//2518 1553//2518 1548//2518
f 1543//2519 1554//2519 1544//2519
f 1544//2520 1554//2520 1555//2520
f 1544//2521 1555//2521 1546//2521
f 1545//2522 1544//2522 1556//2522
f 1556//2523 1544//2523 1550//2523
f 1556//2524 1550//2524 1557//2524
f 1557//2525 1550//2525 1552//2525
f 1557//2526 1552//2526 1558//2526
f 1554//2527 1559//2527 1555//2527
f 1555//2528 1559//2528 1546//2528
f 1546//2529 1560//2529 1547//2529
f 1547//2530 1560//2530 1561//2530
f 1547//2531 1561//2531 1553//2531
f 1561//2532 1562//2532 1553//2532
f 1553//2533 1562//2533 1563//2533
f 1553//2534 1563//2534 1548//2534
f 1564//2535 1565//2535 1566//2535
f 1565//2536 1564//2536 1567//2536
f 1568//2537 1036//2537 1206//2537
f 1190//2538 1189//2538 1569//2538
f 1570//2539 1571//2539 1572//2539
f 1568//2540 1206//2540 1573//2540
f 1574//2541 1567//2541 1575//2541
f 1575//2542 1567//2542 1564//2542
f 1575//2543 1564//2543 1554//2543
f 1554//2544 1564//2544 1559//2544
f 1562//2545 1561//2545 1564//2545
f 1562//2546 1564//2546 1563//2546
f 1561//2547 1560//2547 1564//2547
f 1564//2548 1560//2548 1546//2548
f 1564//2549 1546//2549 1559//2549
f 1549//2550 1548//2550 1576//2550
f 1577//2551 1551//2551 1578//2551
f 1578//2552 1551//2552 1549//2552
f 1578//2553 1549//2553 1579//2553
f 1579//2554 1549//2554 1576//2554
f 1580//2555 1577//2555 1581//2555
f 1581//2556 1577//2556 1578//2556
f 1581//2557 1578//2557 1582//2557
f 1582//2558 1578//2558 1579//2558
f 1582//2559 1579//2559 1566//2559
f 1566//2560 1579//2560 1576//2560
f 1566//2561 1576//2561 1564//2561
f 1564//2562 1576//2562 1548//2562
f 1564//2563 1548//2563 1563//2563
f 1569//2564 1583//2564 1190//2564
f 1190//2565 1583//2565 1584//2565
f 1190//2566 1584//2566 1207//2566
f 1207//2567 1584//2567 1585//2567
f 1207//2568 1585//2568 1206//2568
f 1206//2569 1585//2569 1570//2569
f 1206//2570 1570//2570 1573//2570
f 1573//2571 1570//2571 1572//2571
f 1569//2572 1580//2572 1583//2572
f 1583//2573 1580//2573 1581//2573
f 1583//2574 1581//2574 1584//2574
f 1584//2575 1581//2575 1582//2575
f 1584//2576 1582//2576 1585//2576
f 1585//2577 1582//2577 1566//2577
f 1585//2578 1566//2578 1570//2578
f 1570//2579 1566//2579 1565//2579
f 1570//2580 1565//2580 1571//2580
f 1571//2581 1565//2581 1567//2581
f 1586//2582 1587//2582 1588//2582
f 1589//2583 1590//2583 1591//2583
f 1592//2584 1593//2584 1594//2584
f 1567//2585 1574//2585 1595//2585
f 1596//2586 1571//2586 1597//2586
f 1597//2587 1571//2587 1567//2587
f 1597//2588 1567//2588 1598//2588
f 1598//2589 1567//2589 1595//2589
f 1598//2590 1595//2590 1599//2590
f 1600//2591 1573//2591 1596//2591
f 1596//2592 1573//2592 1572//2592
f 1596//2593 1572//2593 1571//2593
f 1568//2594 1601//2594 1036//2594
f 1036//2595 1601//2595 1602//2595
f 1036//2596 1602//2596 1037//2596
f 1037//2597 1602//2597 1039//2597
f 1041//2598 1603//2598 1043//2598
f 1043//2599 1603//2599 1604//2599
f 1043//2600 1604//2600 1045//2600
f 1045//2601 1604//2601 1605//2601
f 1045//2602 1605//2602 1046//2602
f 1589//2603 1591//2603 1606//2603
f 1607//2604 1608//2604 1609//2604
f 1609//2605 1610//2605 1607//2605
f 1607//2606 1610//2606 1611//2606
f 1607//2607 1611//2607 1612//2607
f 1613//2608 1614//2608 1615//2608
f 1615//2609 1614//2609 1616//2609
f 1615//2610 1616//2610 1607//2610
f 1607//2611 1616//2611 1617//2611
f 1607//2612 1617//2612 1608//2612
f 1618//2613 1619//2613 1620//2613
f 1621//2614 1622//2614 1623//2614
f 1623//2615 1622//2615 1624//2615
f 1623//2616 1624//2616 1625//2616
f 1625//2617 1624//2617 1613//2617
f 1625//2618 1613//2618 1626//2618
f 1626//2619 1613//2619 1615//2619
f 1626//2620 1615//2620 1627//2620
f 1627//2621 1615//2621 1607//2621
f 1627//2622 1607//2622 1587//2622
f 1587//2623 1607//2623 1612//2623
f 1587//2624 1612//2624 1588//2624
f 1568//2625 1573//2625 1601//2625
f 1601//2626 1573//2626 1600//2626
f 1601//2627 1600//2627 1602//2627
f 1602//2628 1600//2628 1628//2628
f 1602//2629 1628//2629 1039//2629
f 1039//2630 1628//2630 1629//2630
f 1039//2631 1629//2631 1041//2631
f 1041//2632 1629//2632 1630//2632
f 1041//2633 1630//2633 1603//2633
f 1588//2634 1606//2634 1586//2634
f 1586//2635 1606//2635 1591//2635
f 1586//2636 1591//2636 1587//2636
f 1587//2637 1591//2637 1631//2637
f 1587//2638 1631//2638 1627//2638
f 1627//2639 1631//2639 1632//2639
f 1627//2640 1632//2640 1626//2640
f 1626//2641 1632//2641 1633//2641
f 1626//2642 1633//2642 1625//2642
f 1625//2643 1633//2643 1634//2643
f 1625//2644 1634//2644 1623//2644
f 1623//2645 1634//2645 1635//2645
f 1623//2646 1635//2646 1621//2646
f 1621//2647 1635//2647 1636//2647
f 1621//2648 1636//2648 1637//2648
f 1637//2649 1636//2649 1618//2649
f 1637//2650 1618//2650 1638//2650
f 1638//2651 1618//2651 1620//2651
f 1590//2652 1592//2652 1591//2652
f 1591//2653 1592//2653 1594//2653
f 1591//2654 1594//2654 1631//2654
f 1631//2655 1594//2655 1639//2655
f 1631//2656 1639//2656 1632//2656
f 1632//2657 1639//2657 1640//2657
f 1632//2658 1640//2658 1633//2658
f 1633//2659 1640//2659 1641//2659
f 1633//2660 1641//2660 1634//2660
f 1634//2661 1641//2661 1642//2661
f 1634//2662 1642//2662 1635//2662
f 1635//2663 1642//2663 1643//2663
f 1635//2664 1643//2664 1636//2664
f 1636//2665 1643//2665 1644//2665
f 1636//2666 1644//2666 1618//2666
f 1618//2667 1644//2667 1645//2667
f 1618//2668 1645//2668 1619//2668
f 1619//2669 1645//2669 1646//2669
f 1619//2670 1646//2670 1647//2670
f 1647//2671 1646//2671 1648//2671
f 1593//2672 1605//2672 1594//2672
f 1594//2673 1605//2673 1604//2673
f 1594//2674 1604//2674 1639//2674
f 1639//2675 1604//2675 1603//2675
f 1639//2676 1603//2676 1640//2676
f 1640//2677 1603//2677 1630//2677
f 1640//2678 1630//2678 1641//2678
f 1641//2679 1630//2679 1629//2679
f 1641//2680 1629//2680 1642//2680
f 1642//2681 1629//2681 1628//2681
f 1642//2682 1628//2682 1643//2682
f 1643//2683 1628//2683 1600//2683
f 1643//2684 1600//2684 1644//2684
f 1644//2685 1600//2685 1596//2685
f 1644//2686 1596//2686 1645//2686
f 1645//2687 1596//2687 1597//2687
f 1645//2688 1597//2688 1646//2688
f 1646//2689 1597//2689 1598//2689
f 1646//2690 1598//2690 1648//2690
f 1648//2691 1598//2691 1599//2691
f 1617//2692 1616//2692 1649//2692
f 1650//2693 1610//2693 1609//2693
f 1650//2694 1609//2694 1649//2694
f 1649//2695 1609//2695 1608//2695
f 1649//2612 1608//2612 1617//2612
f 1610//2696 1650//2696 1651//2696
f 1651//2697 1650//2697 1652//2697
f 1653//2698 1654//2698 1652//2698
f 1652//2699 1654//2699 1655//2699
f 1652//2700 1655//2700 1651//2700
f 1656//2701 1657//2701 1658//2701
f 1659//2702 1660//2702 1661//2702
f 1592//2703 1590//2703 1662//2703
f 1610//2696 1651//2696 1611//2696
f 1611//2704 1651//2704 1663//2704
f 1611//2705 1663//2705 1612//2705
f 1589//2706 1606//2706 1664//2706
f 1664//2707 1606//2707 1588//2707
f 1612//2708 1663//2708 1588//2708
f 1588//2709 1663//2709 1665//2709
f 1588//2710 1665//2710 1664//2710
f 1047//2711 1046//2711 1605//2711
f 1605//2712 1666//2712 1047//2712
f 1047//2713 1666//2713 1667//2713
f 1047//2714 1667//2714 1049//2714
f 1049//2715 1667//2715 1668//2715
f 1049//2716 1668//2716 1051//2716
f 1051//2717 1668//2717 1052//2717
f 1052//2718 1668//2718 1669//2718
f 1052//2719 1669//2719 1053//2719
f 1670//2720 1671//2720 1672//2720
f 1672//2721 1671//2721 1034//2721
f 1672//2722 1034//2722 1673//2722
f 1673//2723 1034//2723 1033//2723
f 1673//2724 1033//2724 1053//2724
f 1670//2725 1674//2725 1675//2725
f 1675//2726 1674//2726 1676//2726
f 1675//2727 1676//2727 1661//2727
f 1661//2728 1676//2728 1677//2728
f 1661//2729 1677//2729 1659//2729
f 1678//2730 1679//2730 1680//2730
f 1680//2731 1679//2731 1681//2731
f 1682//2732 1683//2732 1684//2732
f 1684//2733 1683//2733 1685//2733
f 1684//2734 1685//2734 1686//2734
f 1651//2735 1655//2735 1663//2735
f 1663//2736 1655//2736 1654//2736
f 1663//2737 1654//2737 1658//2737
f 1658//2738 1654//2738 1653//2738
f 1658//2739 1653//2739 1656//2739
f 1682//2740 1684//2740 1657//2740
f 1657//2741 1684//2741 1687//2741
f 1657//2742 1687//2742 1658//2742
f 1658//2743 1687//2743 1688//2743
f 1658//2744 1688//2744 1663//2744
f 1663//2745 1688//2745 1689//2745
f 1663//2746 1689//2746 1665//2746
f 1053//2747 1669//2747 1673//2747
f 1673//2748 1669//2748 1690//2748
f 1673//2749 1690//2749 1672//2749
f 1672//2750 1690//2750 1691//2750
f 1672//2751 1691//2751 1670//2751
f 1670//2752 1691//2752 1692//2752
f 1670//2753 1692//2753 1674//2753
f 1590//2754 1589//2754 1662//2754
f 1662//2755 1589//2755 1664//2755
f 1662//2756 1664//2756 1693//2756
f 1693//2757 1664//2757 1665//2757
f 1693//2758 1665//2758 1694//2758
f 1694//2759 1665//2759 1689//2759
f 1694//2760 1689//2760 1695//2760
f 1695//2761 1689//2761 1688//2761
f 1695//2762 1688//2762 1696//2762
f 1696//2763 1688//2763 1687//2763
f 1696//2764 1687//2764 1697//2764
f 1697//2765 1687//2765 1684//2765
f 1697//2766 1684//2766 1698//2766
f 1698//2767 1684//2767 1686//2767
f 1698//2768 1686//2768 1699//2768
f 1699//2769 1686//2769 1700//2769
f 1699//2770 1700//2770 1701//2770
f 1593//2771 1592//2771 1702//2771
f 1702//2772 1592//2772 1662//2772
f 1702//2773 1662//2773 1703//2773
f 1703//2774 1662//2774 1693//2774
f 1703//2775 1693//2775 1704//2775
f 1704//2776 1693//2776 1694//2776
f 1704//2777 1694//2777 1705//2777
f 1705//2778 1694//2778 1695//2778
f 1705//2779 1695//2779 1706//2779
f 1706//2780 1695//2780 1696//2780
f 1706//2781 1696//2781 1707//2781
f 1707//2782 1696//2782 1697//2782
f 1707//2783 1697//2783 1708//2783
f 1708//2784 1697//2784 1698//2784
f 1708//2785 1698//2785 1678//2785
f 1678//2786 1698//2786 1699//2786
f 1678//2787 1699//2787 1679//2787
f 1679//2788 1699//2788 1701//2788
f 1605//2789 1593//2789 1666//2789
f 1666//2790 1593//2790 1702//2790
f 1666//2791 1702//2791 1667//2791
f 1667//2792 1702//2792 1703//2792
f 1667//2793 1703//2793 1668//2793
f 1668//2794 1703//2794 1704//2794
f 1668//2795 1704//2795 1669//2795
f 1669//2796 1704//2796 1705//2796
f 1669//2797 1705//2797 1690//2797
f 1690//2798 1705//2798 1706//2798
f 1690//2799 1706//2799 1691//2799
f 1691//2800 1706//2800 1707//2800
f 1691//2801 1707//2801 1692//2801
f 1692//2802 1707//2802 1708//2802
f 1692//2803 1708//2803 1674//2803
f 1674//2804 1708//2804 1678//2804
f 1674//2805 1678//2805 1676//2805
f 1676//2806 1678//2806 1680//2806
f 1676//2807 1680//2807 1677//2807
f 1677//2808 1680//2808 1681//2808
f 1709//2809 1710//2809 1711//2809
f 1712//2810 1713//2810 1714//2810
f 1714//2811 1713//2811 1715//2811
f 1714//2812 1715//2812 1716//2812
f 1716//2813 1715//2813 1717//2813
f 1718//2814 1719//2814 1720//2814
f 1720//2815 1719//2815 1721//2815
f 1721//2816 1722//2816 1720//2816
f 1720//2817 1722//2817 1723//2817
f 1720//2818 1723//2818 1724//2818
f 1725//2819 1718//2819 1726//2819
f 1726//2820 1718//2820 1720//2820
f 1726//2821 1720//2821 1660//2821
f 1660//2822 1720//2822 1661//2822
f 1727//2823 1728//2823 1675//2823
f 1675//2824 1728//2824 1670//2824
f 1670//2825 1728//2825 1671//2825
f 1671//2826 1728//2826 1181//2826
f 1671//2827 1181//2827 1034//2827
f 1675//2828 1661//2828 1727//2828
f 1727//2829 1661//2829 1720//2829
f 1727//2830 1720//2830 1712//2830
f 1712//2831 1720//2831 1724//2831
f 1712//2832 1724//2832 1713//2832
f 1729//2833 1185//2833 1730//2833
f 1730//2834 1185//2834 1184//2834
f 1730//2835 1184//2835 1731//2835
f 1731//2836 1184//2836 1182//2836
f 1731//2837 1182//2837 1732//2837
f 1710//2838 1729//2838 1711//2838
f 1711//2839 1729//2839 1730//2839
f 1711//2840 1730//2840 1733//2840
f 1733//2841 1730//2841 1731//2841
f 1733//2842 1731//2842 1734//2842
f 1734//2843 1731//2843 1732//2843
f 1717//2844 1709//2844 1716//2844
f 1716//2845 1709//2845 1711//2845
f 1716//2846 1711//2846 1714//2846
f 1714//2847 1711//2847 1733//2847
f 1714//2848 1733//2848 1712//2848
f 1712//2849 1733//2849 1734//2849
f 1712//2850 1734//2850 1727//2850
f 1727//2851 1734//2851 1732//2851
f 1727//2852 1732//2852 1728//2852
f 1728//2853 1732//2853 1182//2853
f 1728//2854 1182//2854 1181//2854
f 1713//2855 1724//2855 1735//2855
f 1718//2856 1725//2856 1736//2856
f 1718//2857 1736//2857 1719//2857
f 1721//2858 1719//2858 1737//2858
f 1721//2859 1737//2859 1722//2859
f 1722//2860 1737//2860 1735//2860
f 1722//2861 1735//2861 1723//2861
f 1723//2862 1735//2862 1724//2862
f 1738//2863 1739//2863 1740//2863
f 1740//2864 1739//2864 1741//2864
f 1719//2865 1736//2865 1739//2865
f 1739//2866 1736//2866 1725//2866
f 1739//2867 1725//2867 1741//2867
f 1715//2868 1713//2868 1738//2868
f 1738//2869 1713//2869 1735//2869
f 1738//2870 1735//2870 1739//2870
f 1739//2871 1735//2871 1737//2871
f 1739//2872 1737//2872 1719//2872
f 1740//2873 1742//2873 1738//2873
f 1738//2874 1742//2874 1743//2874
f 1738//2875 1743//2875 1715//2875
f 1715//2876 1743//2876 1717//2876
f 1577//2877 1087//2877 1551//2877
f 1551//2878 1087//2878 1535//2878
f 1551//2879 1535//2879 1552//2879
f 1075//2880 1073//2880 1189//2880
f 1189//2881 1073//2881 1072//2881
f 1189//2882 1072//2882 1569//2882
f 1569//2883 1072//2883 1083//2883
f 1569//2884 1083//2884 1580//2884
f 1580//2885 1083//2885 1085//2885
f 1580//2886 1085//2886 1577//2886
f 1577//2887 1085//2887 1086//2887
f 1577//2888 1086//2888 1087//2888
f 1189//2889 1188//2889 1075//2889
f 1075//2890 1188//2890 1192//2890
f 1075//2891 1192//2891 1077//2891
f 1192//2892 1197//2892 1077//2892
f 1077//2893 1197//2893 1196//2893
f 1077//2894 1196//2894 1079//2894
f 1196//2895 1194//2895 1079//2895
f 1079//2896 1194//2896 1193//2896
f 1079//2897 1193//2897 1081//2897
f 1164//2898 1137//2898 1135//2898
f 1193//2899 1202//2899 1081//2899
f 1081//2900 1202//2900 1201//2900
f 1081//2901 1201//2901 1082//2901
f 1082//2902 1201//2902 1199//2902
f 1082//2903 1199//2903 1070//2903
f 1070//2904 1199//2904 1198//2904
f 1070//2905 1198//2905 1068//2905
f 1068//2906 1198//2906 1178//2906
f 1068//2907 1178//2907 1113//2907
f 1113//2908 1178//2908 1177//2908
f 1113//2909 1177//2909 1114//2909
f 1114//2910 1177//2910 1176//2910
f 1114//2911 1176//2911 1134//2911
f 1134//2912 1176//2912 1167//2912
f 1134//2913 1167//2913 1135//2913
f 1135//2914 1167//2914 1166//2914
f 1135//2915 1166//2915 1164//2915
f 1164//2916 1163//2916 1137//2916
f 1137//2917 1163//2917 1179//2917
f 1137//2918 1179//2918 1139//2918
f 1179//2919 1161//2919 1139//2919
f 1139//2920 1161//2920 1160//2920
f 1139//2921 1160//2921 1141//2921
f 1141//2922 1160//2922 1185//2922
f 1141//2923 1185//2923 1142//2923
f 1142//2924 1185//2924 1131//2924
f 1131//2925 1185//2925 1729//2925
f 1131//2926 1729//2926 1133//2926
f 1133//2927 1729//2927 1710//2927
f 1133//2928 1710//2928 1128//2928
f 1128//2929 1710//2929 1709//2929
f 1128//2930 1709//2930 1129//2930
f 1129//2931 1709//2931 1717//2931
f 1129//2932 1717//2932 1744//2932
f 1744//2933 1717//2933 1743//2933
f 1744//2934 1743//2934 1745//2934
f 1743//2935 1742//2935 1745//2935
f 1745//2936 1742//2936 1746//2936
f 1745//2937 1746//2937 1747//2937
f 1747//2938 1746//2938 1748//2938
f 1552//2939 1535//2939 1558//2939
f 1558//2940 1535//2940 1542//2940
f 1558//2941 1542//2941 1749//2941
f 1749//2942 1542//2942 1541//2942
f 1749//2943 1541//2943 1537//2943
f 1118//2944 1121//2944 1750//2944
f 1127//2945 1124//2945 1751//2945
f 1124//2946 1123//2946 1744//2946
f 1744//2947 1123//2947 1129//2947
f 1120//2948 1125//2948 1751//2948
f 1751//2949 1125//2949 1127//2949
f 1118//2950 1750//2950 1110//2950
f 1752//2951 1753//2951 1396//2951
f 1356//2952 1752//2952 1395//2952
f 1395//2953 1752//2953 1396//2953
f 1747//2954 1748//2954 1754//2954
f 1124//2955 1744//2955 1751//2955
f 1751//2956 1744//2956 1745//2956
f 1751//2957 1745//2957 1755//2957
f 1755//2958 1745//2958 1747//2958
f 1755//2959 1747//2959 1756//2959
f 1756//2960 1747//2960 1754//2960
f 1756//2961 1754//2961 1753//2961
f 1753//2962 1752//2962 1756//2962
f 1756//2963 1752//2963 1757//2963
f 1756//2963 1757//2963 1755//2963
f 1755//2964 1757//2964 1750//2964
f 1755//2965 1750//2965 1751//2965
f 1751//2966 1750//2966 1121//2966
f 1751//2967 1121//2967 1120//2967
f 1356//2968 1358//2968 1752//2968
f 1752//2969 1358//2969 1359//2969
f 1752//2970 1359//2970 1757//2970
f 1757//2971 1359//2971 1360//2971
f 1757//2972 1360//2972 1750//2972
f 1750//2973 1360//2973 1111//2973
f 1750//2974 1111//2974 1110//2974
f 1396//2975 1753//2975 1758//2975
f 1758//2976 1753//2976 1754//2976
f 1758//2977 1754//2977 1759//2977
f 1759//2978 1754//2978 1760//2978
f 1759//2979 1760//2979 1761//2979
f 1761//2980 1760//2980 1762//2980
f 1397//2981 1763//2981 1392//2981
f 1392//2982 1763//2982 1393//2982
f 1764//2983 1765//2983 1762//2983
f 1762//2984 1765//2984 1766//2984
f 1762//2985 1766//2985 1761//2985
f 1761//2986 1766//2986 1767//2986
f 1761//2987 1767//2987 1759//2987
f 1759//2988 1767//2988 1763//2988
f 1759//2989 1763//2989 1758//2989
f 1758//2990 1763//2990 1397//2990
f 1758//2991 1397//2991 1396//2991
f 1225//2992 1236//2992 1768//2992
f 1768//2993 1236//2993 1234//2993
f 1769//2994 1226//2994 1225//2994
f 1225//2995 1768//2995 1769//2995
f 1769//2996 1768//2996 1770//2996
f 1769//2996 1770//2996 1771//2996
f 1772//2997 1773//2997 1774//2997
f 1775//2998 1776//2998 1777//2998
f 1777//2999 1776//2999 1772//2999
f 1777//3000 1772//3000 1778//3000
f 1778//3001 1772//3001 1774//3001
f 1778//3002 1774//3002 1779//3002
f 1780//3003 1771//3003 1779//3003
f 1779//3003 1771//3003 1770//3003
f 1779//3002 1770//3002 1778//3002
f 1778//3004 1770//3004 1768//3004
f 1778//3004 1768//3004 1777//3004
f 1777//2993 1768//2993 1234//2993
f 1777//3005 1234//3005 1775//3005
f 1775//3006 1234//3006 1235//3006
f 1781//3007 1782//3007 1783//3007
f 1784//3008 1785//3008 1786//3008
f 1787//3009 1788//3009 1789//3009
f 1788//3010 1787//3010 1790//3010
f 1216//3011 1215//3011 1295//3011
f 1295//3012 1215//3012 1224//3012
f 1295//3013 1224//3013 1296//3013
f 1271//3014 1791//3014 1270//3014
f 1270//3015 1791//3015 1792//3015
f 1270//3016 1792//3016 1269//3016
f 1289//3017 1290//3017 1793//3017
f 1793//3018 1290//3018 1291//3018
f 1794//3019 1287//3019 1288//3019
f 1794//3020 1795//3020 1287//3020
f 1287//3021 1795//3021 1796//3021
f 1287//3022 1796//3022 1283//3022
f 1283//3023 1796//3023 1797//3023
f 1283//3024 1797//3024 1282//3024
f 1282//3025 1797//3025 1798//3025
f 1282//3026 1798//3026 1281//3026
f 1266//3027 1799//3027 1274//3027
f 1274//3028 1799//3028 1800//3028
f 1274//3029 1800//3029 1801//3029
f 1801//3030 1800//3030 1802//3030
f 1801//3031 1802//3031 1803//3031
f 1803//3032 1802//3032 1804//3032
f 1803//3033 1804//3033 1805//3033
f 1805//3034 1804//3034 1806//3034
f 1805//3035 1806//3035 1807//3035
f 1806//3036 1808//3036 1807//3036
f 1807//3037 1808//3037 1809//3037
f 1807//3038 1809//3038 1810//3038
f 1810//3039 1809//3039 1811//3039
f 1811//3040 1809//3040 1812//3040
f 1811//3041 1812//3041 1813//3041
f 1813//3042 1812//3042 1814//3042
f 1813//3043 1814//3043 1815//3043
f 1816//3044 1817//3044 1818//3044
f 1818//3045 1817//3045 1819//3045
f 1818//3046 1819//3046 1820//3046
f 1820//3047 1819//3047 1821//3047
f 1820//3048 1821//3048 1822//3048
f 1785//3049 1784//3049 1823//3049
f 1824//3050 1825//3050 1826//3050
f 1827//3051 1828//3051 1829//3051
f 1783//3052 1782//3052 1828//3052
f 1828//3053 1782//3053 1830//3053
f 1828//3054 1830//3054 1829//3054
f 1831//3055 1832//3055 1833//3055
f 1834//3056 1835//3056 1836//3056
f 1836//3057 1835//3057 1837//3057
f 1836//3058 1837//3058 1838//3058
f 1838//3059 1837//3059 1839//3059
f 1838//3060 1839//3060 1840//3060
f 1822//3061 1821//3061 1841//3061
f 1841//3062 1821//3062 1842//3062
f 1841//3063 1842//3063 1790//3063
f 1790//3064 1842//3064 1843//3064
f 1790//3065 1843//3065 1788//3065
f 1788//3066 1843//3066 1844//3066
f 1788//3067 1844//3067 1789//3067
f 1817//3068 1845//3068 1819//3068
f 1819//3069 1845//3069 1834//3069
f 1819//3070 1834//3070 1821//3070
f 1821//3071 1834//3071 1836//3071
f 1821//3072 1836//3072 1842//3072
f 1842//3073 1836//3073 1838//3073
f 1842//3074 1838//3074 1843//3074
f 1843//3075 1838//3075 1840//3075
f 1843//3076 1840//3076 1844//3076
f 1846//3077 1847//3077 1848//3077
f 1848//3078 1847//3078 1849//3078
f 1848//3079 1849//3079 1850//3079
f 1850//3080 1849//3080 1851//3080
f 1850//3081 1851//3081 1852//3081
f 1852//3082 1851//3082 1853//3082
f 1852//3083 1853//3083 1854//3083
f 1854//3084 1853//3084 1855//3084
f 1854//3085 1855//3085 1856//3085
f 1856//3086 1855//3086 1857//3086
f 1856//3087 1857//3087 1858//3087
f 1858//3088 1857//3088 1859//3088
f 1858//3089 1859//3089 1860//3089
f 1860//3090 1859//3090 1861//3090
f 1860//3091 1861//3091 1862//3091
f 1862//3092 1861//3092 1769//3092
f 1862//3093 1769//3093 1771//3093
f 1863//3094 1864//3094 1865//3094
f 1864//3095 1863//3095 1866//3095
f 1866//3096 1863//3096 1867//3096
f 1866//3097 1867//3097 1868//3097
f 1868//3098 1867//3098 1869//3098
f 1868//3099 1869//3099 1839//3099
f 1839//3100 1869//3100 1870//3100
f 1839//3100 1870//3100 1840//3100
f 1840//3101 1870//3101 1871//3101
f 1840//3102 1871//3102 1844//3102
f 1844//3103 1871//3103 1823//3103
f 1844//3104 1823//3104 1789//3104
f 1789//3105 1823//3105 1784//3105
f 1789//3106 1784//3106 1787//3106
f 1223//3107 1872//3107 1224//3107
f 1224//3108 1872//3108 1297//3108
f 1224//3109 1297//3109 1296//3109
f 1791//3110 1873//3110 1792//3110
f 1792//3111 1873//3111 1874//3111
f 1792//3112 1874//3112 1865//3112
f 1865//3113 1874//3113 1875//3113
f 1865//3114 1875//3114 1863//3114
f 1863//3115 1875//3115 1876//3115
f 1863//3116 1876//3116 1867//3116
f 1867//3117 1876//3117 1877//3117
f 1867//3098 1877//3098 1869//3098
f 1869//3118 1877//3118 1878//3118
f 1869//3119 1878//3119 1870//3119
f 1870//3120 1878//3120 1879//3120
f 1870//3121 1879//3121 1871//3121
f 1871//3122 1879//3122 1880//3122
f 1871//3123 1880//3123 1823//3123
f 1823//3124 1880//3124 1824//3124
f 1823//3125 1824//3125 1785//3125
f 1785//3126 1824//3126 1826//3126
f 1785//3127 1826//3127 1786//3127
f 1881//3128 1882//3128 1883//3128
f 1883//3129 1882//3129 1884//3129
f 1883//3130 1884//3130 1885//3130
f 1885//3131 1884//3131 1886//3131
f 1885//3132 1886//3132 1887//3132
f 1887//3133 1886//3133 1888//3133
f 1887//3134 1888//3134 1889//3134
f 1889//3135 1888//3135 1890//3135
f 1889//3136 1890//3136 1891//3136
f 1891//3137 1890//3137 1892//3137
f 1891//3138 1892//3138 1893//3138
f 1893//3139 1892//3139 1894//3139
f 1893//3140 1894//3140 1895//3140
f 1895//3141 1894//3141 1896//3141
f 1895//3142 1896//3142 1827//3142
f 1827//3143 1896//3143 1897//3143
f 1827//3144 1897//3144 1828//3144
f 1828//3145 1897//3145 1898//3145
f 1828//3146 1898//3146 1783//3146
f 1882//3147 1846//3147 1884//3147
f 1884//3148 1846//3148 1848//3148
f 1884//3149 1848//3149 1886//3149
f 1886//3150 1848//3150 1850//3150
f 1886//3151 1850//3151 1888//3151
f 1888//3152 1850//3152 1852//3152
f 1888//3153 1852//3153 1890//3153
f 1890//3154 1852//3154 1854//3154
f 1890//3155 1854//3155 1892//3155
f 1892//3156 1854//3156 1856//3156
f 1892//3157 1856//3157 1894//3157
f 1894//3158 1856//3158 1858//3158
f 1894//3159 1858//3159 1896//3159
f 1896//3160 1858//3160 1860//3160
f 1896//3161 1860//3161 1897//3161
f 1897//3162 1860//3162 1862//3162
f 1897//3163 1862//3163 1898//3163
f 1898//3164 1862//3164 1771//3164
f 1898//3165 1771//3165 1783//3165
f 1783//3166 1771//3166 1780//3166
f 1783//3167 1780//3167 1781//3167
f 1873//3168 1881//3168 1874//3168
f 1874//3169 1881//3169 1883//3169
f 1874//3170 1883//3170 1875//3170
f 1875//3171 1883//3171 1885//3171
f 1875//3172 1885//3172 1876//3172
f 1876//3173 1885//3173 1887//3173
f 1876//3117 1887//3117 1877//3117
f 1877//3174 1887//3174 1889//3174
f 1877//3175 1889//3175 1878//3175
f 1878//3176 1889//3176 1891//3176
f 1878//3177 1891//3177 1879//3177
f 1879//3178 1891//3178 1893//3178
f 1879//3179 1893//3179 1880//3179
f 1880//3180 1893//3180 1895//3180
f 1880//3181 1895//3181 1824//3181
f 1824//3182 1895//3182 1827//3182
f 1824//3183 1827//3183 1825//3183
f 1825//3184 1827//3184 1829//3184
f 1825//3185 1829//3185 1826//3185
f 1266//3186 1265//3186 1799//3186
f 1799//3187 1265//3187 1899//3187
f 1799//3188 1899//3188 1800//3188
f 1800//3188 1899//3188 1900//3188
f 1800//3189 1900//3189 1802//3189
f 1802//3189 1900//3189 1901//3189
f 1802//3190 1901//3190 1804//3190
f 1804//3190 1901//3190 1902//3190
f 1804//3191 1902//3191 1806//3191
f 1806//3191 1902//3191 1903//3191
f 1806//3192 1903//3192 1808//3192
f 1808//3192 1903//3192 1904//3192
f 1808//3193 1904//3193 1809//3193
f 1809//3194 1904//3194 1905//3194
f 1809//3195 1905//3195 1812//3195
f 1812//3196 1905//3196 1906//3196
f 1812//3197 1906//3197 1814//3197
f 1907//3198 1908//3198 1909//3198
f 1908//3199 1907//3199 1910//3199
f 1910//3200 1907//3200 1911//3200
f 1910//3201 1911//3201 1912//3201
f 1289//3202 1793//3202 1288//3202
f 1288//3203 1793//3203 1913//3203
f 1288//3204 1913//3204 1794//3204
f 1794//3205 1913//3205 1914//3205
f 1794//3206 1914//3206 1795//3206
f 1795//3207 1914//3207 1915//3207
f 1795//3208 1915//3208 1796//3208
f 1796//3208 1915//3208 1916//3208
f 1796//3209 1916//3209 1797//3209
f 1832//3210 1912//3210 1833//3210
f 1833//3211 1912//3211 1911//3211
f 1833//3212 1911//3212 1916//3212
f 1916//3213 1911//3213 1907//3213
f 1916//3209 1907//3209 1797//3209
f 1797//3214 1907//3214 1909//3214
f 1797//3215 1909//3215 1798//3215
f 1265//3216 1281//3216 1899//3216
f 1899//3217 1281//3217 1798//3217
f 1899//3218 1798//3218 1900//3218
f 1900//3219 1798//3219 1909//3219
f 1900//3220 1909//3220 1901//3220
f 1901//3220 1909//3220 1908//3220
f 1901//3221 1908//3221 1902//3221
f 1902//3221 1908//3221 1910//3221
f 1902//3222 1910//3222 1903//3222
f 1903//3222 1910//3222 1912//3222
f 1903//3223 1912//3223 1904//3223
f 1904//3223 1912//3223 1832//3223
f 1904//3224 1832//3224 1905//3224
f 1905//3225 1832//3225 1831//3225
f 1905//3226 1831//3226 1906//3226
f 1226//3227 1769//3227 1227//3227
f 1227//3228 1769//3228 1861//3228
f 1227//3229 1861//3229 1228//3229
f 1228//3230 1861//3230 1859//3230
f 1228//3231 1859//3231 1229//3231
f 1229//3232 1859//3232 1857//3232
f 1229//3233 1857//3233 1230//3233
f 1230//3234 1857//3234 1855//3234
f 1230//3235 1855//3235 1231//3235
f 1231//3236 1855//3236 1853//3236
f 1231//3237 1853//3237 1232//3237
f 1232//3238 1853//3238 1851//3238
f 1232//3239 1851//3239 1233//3239
f 1233//3240 1851//3240 1849//3240
f 1233//3241 1849//3241 1217//3241
f 1217//3242 1849//3242 1847//3242
f 1217//3243 1847//3243 1218//3243
f 1218//3244 1847//3244 1846//3244
f 1218//3245 1846//3245 1220//3245
f 1220//3246 1846//3246 1882//3246
f 1220//3247 1882//3247 1221//3247
f 1221//3248 1882//3248 1881//3248
f 1221//3249 1881//3249 1222//3249
f 1222//3250 1881//3250 1873//3250
f 1222//3251 1873//3251 1223//3251
f 1223//3252 1873//3252 1791//3252
f 1223//3253 1791//3253 1872//3253
f 1872//3254 1791//3254 1271//3254
f 1872//3255 1271//3255 1297//3255
f 1269//3256 1792//3256 1292//3256
f 1292//3257 1792//3257 1865//3257
f 1292//3258 1865//3258 1291//3258
f 1291//3259 1865//3259 1864//3259
f 1291//3260 1864//3260 1793//3260
f 1793//3261 1864//3261 1866//3261
f 1793//3262 1866//3262 1913//3262
f 1913//3263 1866//3263 1868//3263
f 1913//3264 1868//3264 1914//3264
f 1914//3099 1868//3099 1839//3099
f 1914//3265 1839//3265 1915//3265
f 1915//3265 1839//3265 1837//3265
f 1915//3266 1837//3266 1916//3266
f 1916//3267 1837//3267 1835//3267
f 1916//3268 1835//3268 1833//3268
f 1833//3269 1835//3269 1834//3269
f 1833//3270 1834//3270 1831//3270
f 1831//3271 1834//3271 1845//3271
f 1831//3272 1845//3272 1906//3272
f 1906//3273 1845//3273 1817//3273
f 1906//3274 1817//3274 1814//3274
f 1814//3275 1817//3275 1816//3275
f 1814//3276 1816//3276 1815//3276
f 1275//3277 1274//3277 1917//3277
f 1917//3278 1274//3278 1801//3278
f 1917//3279 1801//3279 1918//3279
f 1918//3280 1801//3280 1803//3280
f 1918//3281 1803//3281 1919//3281
f 1919//3282 1803//3282 1805//3282
f 1919//3283 1805//3283 1920//3283
f 1920//3284 1805//3284 1807//3284
f 1920//3285 1807//3285 1921//3285
f 1807//3286 1810//3286 1921//3286
f 1921//3287 1810//3287 1811//3287
f 1921//3288 1811//3288 1922//3288
f 1922//3289 1811//3289 1813//3289
f 1922//3290 1813//3290 1923//3290
f 1923//3291 1813//3291 1815//3291
f 1254//3292 1253//3292 1924//3292
f 1925//3293 1926//3293 1927//3293
f 1928//3294 1929//3294 1930//3294
f 1931//3295 1932//3295 1933//3295
f 1933//3296 1932//3296 1934//3296
f 1299//3297 1935//3297 1300//3297
f 1293//3298 1286//3298 1928//3298
f 1936//3299 1920//3299 1937//3299
f 1937//3300 1920//3300 1921//3300
f 1937//3301 1921//3301 1938//3301
f 1938//3302 1921//3302 1922//3302
f 1938//3303 1922//3303 1939//3303
f 1939//3304 1922//3304 1923//3304
f 1939//3305 1923//3305 1940//3305
f 1940//3306 1923//3306 1941//3306
f 1940//3307 1941//3307 1942//3307
f 1943//3308 1917//3308 1918//3308
f 1272//3309 1275//3309 1944//3309
f 1944//3310 1275//3310 1917//3310
f 1272//3311 1944//3311 1273//3311
f 1273//3312 1944//3312 1945//3312
f 1273//3313 1945//3313 1280//3313
f 1945//3314 1946//3314 1280//3314
f 1280//3315 1946//3315 1947//3315
f 1280//3316 1947//3316 1279//3316
f 1279//3317 1947//3317 1948//3317
f 1279//3318 1948//3318 1278//3318
f 1278//3319 1948//3319 1949//3319
f 1278//3320 1949//3320 1277//3320
f 1277//3321 1949//3321 1950//3321
f 1277//3322 1950//3322 1276//3322
f 1951//3323 1952//3323 1267//3323
f 1953//3324 1284//3324 1268//3324
f 1935//3325 1299//3325 1930//3325
f 1256//3326 1238//3326 1237//3326
f 1954//3327 1955//3327 1956//3327
f 1956//3328 1955//3328 1957//3328
f 1956//3329 1957//3329 1958//3329
f 1956//3330 1959//3330 1954//3330
f 1954//3331 1959//3331 1960//3331
f 1954//3332 1960//3332 1961//3332
f 1961//3333 1960//3333 1962//3333
f 1961//3334 1962//3334 1963//3334
f 1964//3335 1965//3335 1966//3335
f 1966//3336 1965//3336 1967//3336
f 1966//3336 1967//3336 1968//3336
f 1968//3337 1967//3337 1943//3337
f 1968//3337 1943//3337 1969//3337
f 1969//3338 1943//3338 1918//3338
f 1969//3339 1970//3339 1968//3339
f 1968//3340 1970//3340 1971//3340
f 1968//3341 1971//3341 1966//3341
f 1966//3342 1971//3342 1972//3342
f 1966//3343 1972//3343 1964//3343
f 1964//3344 1972//3344 1973//3344
f 1970//3345 1974//3345 1971//3345
f 1971//3346 1974//3346 1975//3346
f 1971//3347 1975//3347 1972//3347
f 1972//3348 1975//3348 1976//3348
f 1972//3349 1976//3349 1973//3349
f 1973//3350 1976//3350 1977//3350
f 1973//3351 1977//3351 1978//3351
f 1978//3352 1977//3352 1979//3352
f 1978//3352 1979//3352 1980//3352
f 1917//3353 1943//3353 1944//3353
f 1944//3354 1943//3354 1967//3354
f 1944//3354 1967//3354 1945//3354
f 1945//3355 1967//3355 1965//3355
f 1945//3356 1965//3356 1946//3356
f 1946//3357 1965//3357 1964//3357
f 1946//3358 1964//3358 1947//3358
f 1947//3359 1964//3359 1973//3359
f 1947//3359 1973//3359 1948//3359
f 1948//3360 1973//3360 1978//3360
f 1948//3360 1978//3360 1949//3360
f 1949//3361 1978//3361 1980//3361
f 1949//3362 1980//3362 1950//3362
f 1981//3363 1982//3363 1983//3363
f 1983//3364 1982//3364 1984//3364
f 1983//3365 1984//3365 1985//3365
f 1985//3366 1984//3366 1986//3366
f 1985//3367 1986//3367 1987//3367
f 1987//3368 1986//3368 1988//3368
f 1987//3369 1988//3369 1989//3369
f 1299//3370 1298//3370 1930//3370
f 1930//3371 1298//3371 1294//3371
f 1930//3372 1294//3372 1928//3372
f 1928//3373 1294//3373 1293//3373
f 1237//3374 1301//3374 1256//3374
f 1256//3375 1301//3375 1300//3375
f 1256//3376 1300//3376 1257//3376
f 1257//3377 1300//3377 1935//3377
f 1257//3378 1935//3378 1258//3378
f 1258//3379 1935//3379 1930//3379
f 1258//3380 1930//3380 1259//3380
f 1259//3381 1930//3381 1929//3381
f 1259//3382 1929//3382 1260//3382
f 1927//3383 1990//3383 1991//3383
f 1931//3384 1992//3384 1932//3384
f 1932//3385 1992//3385 1993//3385
f 1932//3386 1993//3386 1934//3386
f 1934//3387 1993//3387 1994//3387
f 1995//3388 1996//3388 1925//3388
f 1997//3389 1995//3389 1998//3389
f 1998//3390 1995//3390 1925//3390
f 1998//3391 1925//3391 1999//3391
f 1999//3392 1925//3392 1927//3392
f 1999//3393 1927//3393 2000//3393
f 2000//3394 1927//3394 1991//3394
f 2000//3395 1991//3395 2001//3395
f 2001//3396 1991//3396 2002//3396
f 2001//3397 2002//3397 2003//3397
f 2003//3398 2002//3398 2004//3398
f 2003//3399 2004//3399 2005//3399
f 2005//3400 2004//3400 2006//3400
f 2005//3401 2006//3401 1255//3401
f 1276//3402 1950//3402 2007//3402
f 2007//3403 1950//3403 1980//3403
f 2007//3404 1980//3404 2008//3404
f 2008//3405 1980//3405 1979//3405
f 2008//3405 1979//3405 2009//3405
f 2009//3406 1979//3406 2010//3406
f 2009//3407 2010//3407 2011//3407
f 2011//3408 2010//3408 2012//3408
f 2011//3409 2012//3409 2013//3409
f 2013//3410 2012//3410 2014//3410
f 2013//3411 2014//3411 2015//3411
f 2015//3412 2014//3412 2016//3412
f 2015//3413 2016//3413 2017//3413
f 2017//3414 2016//3414 2018//3414
f 2017//3415 2018//3415 2019//3415
f 2019//3416 2020//3416 2017//3416
f 2017//3417 2020//3417 2021//3417
f 2017//3418 2021//3418 2015//3418
f 2015//3419 2021//3419 2022//3419
f 2015//3420 2022//3420 2013//3420
f 2013//3421 2022//3421 2023//3421
f 2013//3422 2023//3422 2011//3422
f 2011//3423 2023//3423 2024//3423
f 2011//3424 2024//3424 2009//3424
f 2009//3425 2024//3425 2025//3425
f 2009//3425 2025//3425 2008//3425
f 2008//3426 2025//3426 1951//3426
f 2008//3427 1951//3427 2007//3427
f 2007//3428 1951//3428 1267//3428
f 2007//3429 1267//3429 1276//3429
f 2026//3430 2027//3430 2028//3430
f 2028//3431 2027//3431 2029//3431
f 2028//3432 2029//3432 2030//3432
f 2030//3433 2029//3433 2031//3433
f 2030//3434 2031//3434 2032//3434
f 2032//3435 2031//3435 2033//3435
f 2032//3436 2033//3436 2034//3436
f 2034//3437 2033//3437 2035//3437
f 2034//3438 2035//3438 2036//3438
f 2036//3439 2035//3439 2037//3439
f 2036//3440 2037//3440 1953//3440
f 1953//3441 2037//3441 1285//3441
f 1953//3442 1285//3442 1284//3442
f 2027//3443 1981//3443 2029//3443
f 2029//3444 1981//3444 1983//3444
f 2029//3445 1983//3445 2031//3445
f 2031//3446 1983//3446 1985//3446
f 2031//3447 1985//3447 2033//3447
f 2033//3448 1985//3448 1987//3448
f 2033//3449 1987//3449 2035//3449
f 2035//3450 1987//3450 1989//3450
f 2035//3451 1989//3451 2037//3451
f 2020//3452 2026//3452 2021//3452
f 2021//3453 2026//3453 2028//3453
f 2021//3454 2028//3454 2022//3454
f 2022//3455 2028//3455 2030//3455
f 2022//3456 2030//3456 2023//3456
f 2023//3457 2030//3457 2032//3457
f 2023//3458 2032//3458 2024//3458
f 2024//3459 2032//3459 2034//3459
f 2024//3459 2034//3459 2025//3459
f 2025//3460 2034//3460 2036//3460
f 2025//3461 2036//3461 1951//3461
f 1951//3462 2036//3462 1953//3462
f 1951//3463 1953//3463 1952//3463
f 1952//3464 1953//3464 1268//3464
f 1952//3465 1268//3465 1267//3465
f 1942//3466 2038//3466 1940//3466
f 1940//3467 2038//3467 2039//3467
f 1940//3468 2039//3468 1939//3468
f 1939//3469 2039//3469 2040//3469
f 1939//3470 2040//3470 1938//3470
f 1938//3471 2040//3471 2041//3471
f 1938//3472 2041//3472 1937//3472
f 1937//3473 2041//3473 2042//3473
f 1937//3474 2042//3474 1936//3474
f 2038//3475 2043//3475 2039//3475
f 2039//3476 2043//3476 2044//3476
f 2039//3477 2044//3477 2040//3477
f 2040//3478 2044//3478 2045//3478
f 2040//3479 2045//3479 2041//3479
f 2041//3480 2045//3480 2046//3480
f 2041//3481 2046//3481 2042//3481
f 2047//3482 1962//3482 2048//3482
f 2048//3483 1962//3483 1960//3483
f 2048//3484 1960//3484 2049//3484
f 2049//3485 1960//3485 1959//3485
f 2049//3486 1959//3486 1997//3486
f 1997//3487 1959//3487 1995//3487
f 1995//3488 1959//3488 1956//3488
f 1995//3489 1956//3489 1996//3489
f 1996//3490 1956//3490 1958//3490
f 1996//3491 1958//3491 1925//3491
f 1925//3492 1958//3492 2050//3492
f 1925//3493 2050//3493 1926//3493
f 1926//3494 2050//3494 2051//3494
f 1926//3495 2051//3495 1927//3495
f 1927//3496 2051//3496 2052//3496
f 1927//3497 2052//3497 1990//3497
f 1990//3498 2052//3498 1994//3498
f 1990//3499 1994//3499 1991//3499
f 1991//3500 1994//3500 1993//3500
f 1991//3501 1993//3501 2002//3501
f 2002//3502 1993//3502 1992//3502
f 2002//3503 1992//3503 2004//3503
f 2004//3504 1992//3504 1931//3504
f 2004//3505 1931//3505 2006//3505
f 2043//3506 1963//3506 2044//3506
f 2044//3507 1963//3507 1962//3507
f 2044//3508 1962//3508 2045//3508
f 2045//3509 1962//3509 2047//3509
f 2045//3510 2047//3510 2046//3510
f 2046//3511 2047//3511 2053//3511
f 2046//3512 2053//3512 2042//3512
f 2042//3513 2053//3513 2054//3513
f 2042//3474 2054//3474 1936//3474
f 1936//3514 2054//3514 2055//3514
f 1936//3515 2055//3515 1920//3515
f 1920//3516 2055//3516 1919//3516
f 2018//3517 1924//3517 2019//3517
f 2019//3518 1924//3518 1253//3518
f 2019//3519 1253//3519 2020//3519
f 2020//3520 1253//3520 1252//3520
f 2020//3521 1252//3521 2026//3521
f 2026//3522 1252//3522 1251//3522
f 2026//3523 1251//3523 2027//3523
f 2027//3524 1251//3524 1250//3524
f 2027//3525 1250//3525 1981//3525
f 1981//3526 1250//3526 1249//3526
f 1981//3527 1249//3527 1982//3527
f 1982//3528 1249//3528 1248//3528
f 1982//3529 1248//3529 1984//3529
f 1984//3530 1248//3530 1261//3530
f 1984//3531 1261//3531 1986//3531
f 1986//3532 1261//3532 1260//3532
f 1986//3533 1260//3533 1988//3533
f 1988//3534 1260//3534 1929//3534
f 1988//3535 1929//3535 1989//3535
f 1989//3536 1929//3536 1928//3536
f 1989//3537 1928//3537 2037//3537
f 2037//3538 1928//3538 1286//3538
f 2037//3539 1286//3539 1285//3539
f 1255//3540 1254//3540 2005//3540
f 2005//3541 1254//3541 1924//3541
f 2005//3542 1924//3542 2003//3542
f 2003//3543 1924//3543 2018//3543
f 2003//3544 2018//3544 2001//3544
f 2001//3545 2018//3545 2016//3545
f 2001//3546 2016//3546 2000//3546
f 2000//3547 2016//3547 2014//3547
f 2000//3548 2014//3548 1999//3548
f 1999//3549 2014//3549 2012//3549
f 1999//3550 2012//3550 1998//3550
f 1998//3551 2012//3551 2010//3551
f 1998//3552 2010//3552 1997//3552
f 1997//3406 2010//3406 1979//3406
f 1997//3553 1979//3553 2049//3553
f 2049//3554 1979//3554 1977//3554
f 2049//3555 1977//3555 2048//3555
f 2048//3556 1977//3556 1976//3556
f 2048//3557 1976//3557 2047//3557
f 2047//3558 1976//3558 1975//3558
f 2047//3559 1975//3559 2053//3559
f 2053//3560 1975//3560 1974//3560
f 2053//3513 1974//3513 2054//3513
f 2054//3345 1974//3345 1970//3345
f 2054//3514 1970//3514 2055//3514
f 2055//3339 1970//3339 1969//3339
f 2055//3561 1969//3561 1919//3561
f 1919//3562 1969//3562 1918//3562
f 2056//3563 2057//3563 2058//3563
f 1931//3564 1933//3564 2057//3564
f 2057//3564 2056//3564 1931//3564
f 1931//3565 2056//3565 2059//3565
f 1931//3565 2059//3565 2006//3565
f 2060//3566 1242//3566 1245//3566
f 1243//3567 1242//3567 2061//3567
f 2061//3568 1242//3568 2060//3568
f 2061//3569 2060//3569 2062//3569
f 2062//3570 2060//3570 2063//3570
f 2062//3571 2063//3571 2064//3571
f 2064//3572 2063//3572 2065//3572
f 2066//3573 2065//3573 2058//3573
f 2058//3574 2065//3574 2063//3574
f 2058//3563 2063//3563 2056//3563
f 2056//3575 2063//3575 2060//3575
f 2056//3575 2060//3575 2059//3575
f 2059//3566 2060//3566 1245//3566
f 2059//3576 1245//3576 2006//3576
f 2006//3576 1245//3576 1255//3576
f 750//1223 1244//1223 1243//1223
f 1302//1223 750//1223 2067//1223
f 2067//1223 750//1223 1243//1223
f 2067//1223 1243//1223 2068//1223
f 2068//1223 1243//1223 2069//1223
f 1304//3577 1303//3577 2067//3577
f 2067//3578 1303//3578 749//3578
f 2067//3579 749//3579 1302//3579
f 2070//3580 1316//3580 2071//3580
f 2071//3581 1316//3581 1318//3581
f 2071//3582 1318//3582 2072//3582
f 2072//3583 1318//3583 1327//3583
f 2072//3584 1327//3584 2073//3584
f 2073//3585 1327//3585 1329//3585
f 2073//3586 1329//3586 2069//3586
f 2069//3587 1329//3587 1322//3587
f 2069//3588 1322//3588 2068//3588
f 2068//3589 1322//3589 2067//3589
f 2067//3589 1322//3589 1321//3589
f 2067//3590 1321//3590 1304//3590
f 1456//1245 1317//1245 2074//1245
f 2074//1245 1317//1245 1316//1245
f 2074//1245 1316//1245 2075//1245
f 2075//3591 1316//3591 2070//3591
f 2076//3592 2077//3592 2078//3592
f 2079//3593 2080//3593 2081//3593
f 1340//3594 1341//3594 1377//3594
f 1339//3595 1340//3595 2082//3595
f 1334//3596 2083//3596 2084//3596
f 2084//3597 2083//3597 2085//3597
f 2084//3598 2085//3598 2086//3598
f 2086//3599 2085//3599 2087//3599
f 2086//3600 2087//3600 2088//3600
f 2088//3601 2087//3601 2089//3601
f 2088//3602 2089//3602 2090//3602
f 2090//3603 2089//3603 2091//3603
f 2090//3604 2091//3604 2092//3604
f 1340//3605 1377//3605 2082//3605
f 2082//3606 1377//3606 1376//3606
f 2082//3607 1376//3607 2093//3607
f 2093//3608 1376//3608 1375//3608
f 2093//3609 1375//3609 2094//3609
f 2094//3610 1375//3610 1373//3610
f 2094//3611 1373//3611 2095//3611
f 2095//3612 1373//3612 1372//3612
f 2095//3613 1372//3613 2096//3613
f 2096//3614 1372//3614 1374//3614
f 2096//3615 1374//3615 2097//3615
f 2097//3616 1374//3616 1371//3616
f 2097//3617 1371//3617 2098//3617
f 2098//3618 1371//3618 1370//3618
f 2098//3619 1370//3619 2099//3619
f 2099//3620 1370//3620 1369//3620
f 2099//3621 1369//3621 2100//3621
f 2100//3622 1369//3622 1368//3622
f 2100//3623 1368//3623 2101//3623
f 2101//3624 1368//3624 1367//3624
f 2101//3625 1367//3625 2102//3625
f 2102//3626 1367//3626 1366//3626
f 2102//3627 1366//3627 2103//3627
f 2103//3628 2079//3628 2102//3628
f 2102//3629 2079//3629 2081//3629
f 2102//3630 2081//3630 2101//3630
f 2101//3631 2081//3631 2104//3631
f 2101//3632 2104//3632 2100//3632
f 2100//3633 2104//3633 2105//3633
f 2100//3634 2105//3634 2099//3634
f 2099//3635 2105//3635 2106//3635
f 2099//3636 2106//3636 2098//3636
f 2098//3637 2106//3637 2107//3637
f 2098//3638 2107//3638 2097//3638
f 2097//3639 2107//3639 2108//3639
f 2097//3640 2108//3640 2096//3640
f 2096//3641 2108//3641 2109//3641
f 2096//3642 2109//3642 2095//3642
f 2095//3643 2109//3643 2110//3643
f 2095//3644 2110//3644 2094//3644
f 2094//3645 2110//3645 2111//3645
f 2094//3646 2111//3646 2093//3646
f 2093//3647 2111//3647 2112//3647
f 2093//3648 2112//3648 2082//3648
f 2082//3649 2112//3649 2113//3649
f 2082//3650 2113//3650 1339//3650
f 1339//3651 2113//3651 1337//3651
f 2080//3652 2076//3652 2081//3652
f 2081//3653 2076//3653 2078//3653
f 2081//3654 2078//3654 2104//3654
f 2104//3655 2078//3655 2114//3655
f 2104//3656 2114//3656 2105//3656
f 2105//3657 2114//3657 2115//3657
f 2105//3658 2115//3658 2106//3658
f 2106//3659 2115//3659 2116//3659
f 2106//3660 2116//3660 2107//3660
f 2107//3661 2116//3661 2117//3661
f 2107//3662 2117//3662 2108//3662
f 2108//3663 2117//3663 2118//3663
f 2108//3664 2118//3664 2109//3664
f 2109//3665 2118//3665 2091//3665
f 2109//3666 2091//3666 2110//3666
f 2110//3667 2091//3667 2089//3667
f 2110//3668 2089//3668 2111//3668
f 2111//3669 2089//3669 2087//3669
f 2111//3670 2087//3670 2112//3670
f 2112//3671 2087//3671 2085//3671
f 2112//3672 2085//3672 2113//3672
f 2113//3673 2085//3673 2083//3673
f 2113//3674 2083//3674 1337//3674
f 1337//3675 2083//3675 1334//3675
f 2092//3676 2091//3676 2119//3676
f 2119//3677 2091//3677 2118//3677
f 2119//3678 2118//3678 2120//3678
f 2120//3679 2118//3679 2117//3679
f 2120//3680 2117//3680 2121//3680
f 2121//3681 2117//3681 2116//3681
f 2121//3682 2116//3682 2122//3682
f 2122//3683 2116//3683 2115//3683
f 2122//3684 2115//3684 2123//3684
f 2123//3685 2115//3685 2114//3685
f 2123//3686 2114//3686 2124//3686
f 2124//3687 2114//3687 2078//3687
f 2124//3688 2078//3688 2125//3688
f 2125//3689 2078//3689 2077//3689
f 2125//3690 2077//3690 2126//3690
f 1334//3691 2127//3691 1335//3691
f 1335//3691 2127//3691 2128//3691
f 1335//3691 2128//3691 942//3691
f 942//3691 2128//3691 1479//3691
f 2129//3692 2126//3692 2077//3692
f 2129//3693 2077//3693 2130//3693
f 2130//3694 2131//3694 2132//3694
f 2132//3695 2133//3695 2130//3695
f 2130//3696 2133//3696 2134//3696
f 2130//3697 2134//3697 2129//3697
f 2129//3698 2134//3698 2135//3698
f 2129//3699 2135//3699 2136//3699
f 2079//3700 2131//3700 2080//3700
f 2080//3701 2131//3701 2130//3701
f 2080//3702 2130//3702 2076//3702
f 2076//3703 2130//3703 2077//3703
f 2103//3704 1366//3704 1365//3704
f 1362//3705 2137//3705 1363//3705
f 1363//3706 2137//3706 2132//3706
f 1363//3707 2132//3707 1364//3707
f 1364//3708 2132//3708 2131//3708
f 1364//3709 2131//3709 1365//3709
f 1365//3710 2131//3710 2079//3710
f 1365//3711 2079//3711 2103//3711
f 2132//3712 2137//3712 2138//3712
f 2134//3713 2133//3713 2139//3713
f 1390//3714 1391//3714 2140//3714
f 1389//3715 1390//3715 2141//3715
f 1390//3716 2140//3716 2141//3716
f 2141//3717 2140//3717 2142//3717
f 2141//3718 2142//3718 2143//3718
f 2143//3719 2142//3719 2144//3719
f 2143//3720 2144//3720 2145//3720
f 2145//3721 2144//3721 2146//3721
f 2144//3722 2147//3722 2146//3722
f 2146//3723 2147//3723 2148//3723
f 2146//3724 2148//3724 2149//3724
f 2149//3725 2148//3725 2150//3725
f 2149//3726 2150//3726 2151//3726
f 2150//3727 2152//3727 2151//3727
f 2151//3728 2152//3728 2153//3728
f 2151//3729 2153//3729 2154//3729
f 2154//3730 2153//3730 2155//3730
f 2154//3731 2155//3731 2156//3731
f 2156//3732 2155//3732 2157//3732
f 2156//3733 2157//3733 2158//3733
f 2158//3734 2157//3734 2159//3734
f 2158//3735 2159//3735 2160//3735
f 2160//3736 2159//3736 2161//3736
f 2160//3737 2161//3737 2162//3737
f 2162//3738 2161//3738 2136//3738
f 2162//3739 2136//3739 2135//3739
f 2135//3740 2134//3740 2162//3740
f 2162//3741 2134//3741 2139//3741
f 2162//3742 2139//3742 2160//3742
f 2160//3743 2139//3743 2163//3743
f 2160//3744 2163//3744 2158//3744
f 2158//3745 2163//3745 2164//3745
f 2158//3746 2164//3746 2156//3746
f 2156//3747 2164//3747 2165//3747
f 2156//3748 2165//3748 2154//3748
f 2154//3749 2165//3749 2166//3749
f 2154//3750 2166//3750 2151//3750
f 2151//3751 2166//3751 2167//3751
f 2151//3752 2167//3752 2149//3752
f 2149//3753 2167//3753 2168//3753
f 2149//3754 2168//3754 2146//3754
f 2146//3755 2168//3755 2169//3755
f 2146//3756 2169//3756 2145//3756
f 2145//3757 2169//3757 2170//3757
f 2145//3758 2170//3758 2143//3758
f 2143//3759 2170//3759 2171//3759
f 2143//3760 2171//3760 2141//3760
f 2141//3761 2171//3761 2172//3761
f 2141//3762 2172//3762 1389//3762
f 1389//3763 2172//3763 1387//3763
f 2133//3764 2132//3764 2139//3764
f 2139//3765 2132//3765 2138//3765
f 2139//3766 2138//3766 2163//3766
f 2163//3767 2138//3767 2173//3767
f 2163//3768 2173//3768 2164//3768
f 2164//3769 2173//3769 2174//3769
f 2164//3770 2174//3770 2165//3770
f 2165//3771 2174//3771 2175//3771
f 2165//3772 2175//3772 2166//3772
f 2166//3773 2175//3773 2176//3773
f 2166//3774 2176//3774 2167//3774
f 2167//3775 2176//3775 2177//3775
f 2167//3776 2177//3776 2168//3776
f 2168//3777 2177//3777 2178//3777
f 2168//3778 2178//3778 2169//3778
f 2169//3779 2178//3779 2179//3779
f 2169//3780 2179//3780 2170//3780
f 2170//3781 2179//3781 2180//3781
f 2170//3782 2180//3782 2171//3782
f 2171//3783 2180//3783 2181//3783
f 2171//3784 2181//3784 2172//3784
f 2172//3785 2181//3785 2182//3785
f 2172//3786 2182//3786 1387//3786
f 1387//3787 2182//3787 1354//3787
f 1354//3788 2182//3788 1355//3788
f 1355//3789 2182//3789 2181//3789
f 1355//3790 2181//3790 1348//3790
f 1348//3791 2181//3791 2180//3791
f 1348//3792 2180//3792 1349//3792
f 1349//3793 2180//3793 2179//3793
f 1349//3794 2179//3794 1350//3794
f 1350//3795 2179//3795 2178//3795
f 1350//3796 2178//3796 1351//3796
f 1351//3797 2178//3797 2177//3797
f 1351//3798 2177//3798 1352//3798
f 1352//3799 2177//3799 2176//3799
f 1352//3800 2176//3800 1346//3800
f 1346//3801 2176//3801 2175//3801
f 1346//3802 2175//3802 1344//3802
f 1344//3803 2175//3803 2174//3803
f 1344//3804 2174//3804 1343//3804
f 1343//3805 2174//3805 2173//3805
f 1343//3806 2173//3806 1342//3806
f 1342//3807 2173//3807 2138//3807
f 1342//3808 2138//3808 1361//3808
f 1361//3809 2138//3809 2137//3809
f 1361//3810 2137//3810 1362//3810
f 847//3811 1421//3811 1384//3811
f 1384//3811 1421//3811 2183//3811
f 1384//3811 2183//3811 1391//3811
f 1391//3811 2183//3811 2184//3811
f 2185//3812 1394//3812 1393//3812
f 1400//3813 1404//3813 1402//3813
f 1402//3814 1404//3814 1403//3814
f 1402//3815 1403//3815 827//3815
f 1411//3816 1410//3816 2186//3816
f 2186//3817 1410//3817 1404//3817
f 2186//3818 1404//3818 2185//3818
f 2185//3819 1404//3819 1400//3819
f 2185//3820 1400//3820 1394//3820
f 1431//3821 1426//3821 2187//3821
f 2187//3822 1426//3822 2188//3822
f 2187//3823 2188//3823 2189//3823
f 2189//3824 2188//3824 2190//3824
f 2190//3825 2188//3825 2191//3825
f 2190//3826 2191//3826 2192//3826
f 1426//3827 1411//3827 2188//3827
f 2188//3828 1411//3828 2186//3828
f 2188//3829 2186//3829 2191//3829
f 2191//3830 2186//3830 2193//3830
f 1393//3831 1763//3831 2185//3831
f 2185//3832 1763//3832 1767//3832
f 2185//3833 1767//3833 2186//3833
f 2186//3834 1767//3834 1766//3834
f 2186//3835 1766//3835 2193//3835
f 2193//3836 1766//3836 1765//3836
f 2193//3837 1765//3837 1764//3837
f 1419//3838 849//3838 1427//3838
f 1419//3839 1427//3839 840//3839
f 1420//3840 840//3840 2194//3840
f 2194//3841 840//3841 1427//3841
f 2194//3842 1427//3842 2195//3842
f 2195//3843 1427//3843 1428//3843
f 2195//3844 1428//3844 2196//3844
f 2196//3845 1428//3845 1429//3845
f 2196//3846 1429//3846 2197//3846
f 2197//3847 1429//3847 1430//3847
f 2197//3848 1430//3848 2198//3848
f 2198//3849 1430//3849 1431//3849
f 1421//3850 1420//3850 2199//3850
f 2199//3851 1420//3851 2194//3851
f 2199//3852 2194//3852 2200//3852
f 2200//3853 2194//3853 2195//3853
f 2200//3854 2195//3854 2201//3854
f 2201//3855 2195//3855 2196//3855
f 2201//3856 2196//3856 2202//3856
f 2202//3857 2196//3857 2197//3857
f 2202//3858 2197//3858 2203//3858
f 2203//3859 2197//3859 2198//3859
f 2202//3860 2204//3860 2201//3860
f 2201//3861 2204//3861 2205//3861
f 2201//3862 2205//3862 2200//3862
f 2183//3863 1421//3863 2206//3863
f 2206//3864 1421//3864 2199//3864
f 2206//3865 2199//3865 2207//3865
f 2208//3866 2204//3866 2209//3866
f 2209//3867 2204//3867 2202//3867
f 2209//3868 2202//3868 2203//3868
f 2210//3869 2205//3869 2211//3869
f 2211//3870 2205//3870 2204//3870
f 2211//3871 2204//3871 2212//3871
f 2212//3872 2204//3872 2208//3872
f 2210//3873 2213//3873 2205//3873
f 2205//3874 2213//3874 2207//3874
f 2205//3875 2207//3875 2200//3875
f 2200//3876 2207//3876 2199//3876
f 2184//3877 2183//3877 2214//3877
f 2214//3878 2183//3878 2206//3878
f 2214//3879 2206//3879 2215//3879
f 2215//3880 2206//3880 2207//3880
f 2215//3881 2207//3881 2216//3881
f 2216//3882 2207//3882 2213//3882
f 2217//3883 2218//3883 1433//3883
f 2219//3884 1434//3884 2220//3884
f 2220//3885 1434//3885 1441//3885
f 1433//3886 1434//3886 2217//3886
f 2217//3887 1434//3887 2219//3887
f 2217//3888 2219//3888 2221//3888
f 2221//3889 2219//3889 2222//3889
f 2221//3890 2222//3890 2223//3890
f 2224//3891 2225//3891 2222//3891
f 2222//3892 2225//3892 2226//3892
f 2222//3893 2226//3893 2223//3893
f 1433//397 2218//397 1432//397
f 1432//397 2218//397 2227//397
f 872//3894 1432//3894 2227//3894
f 872//3895 2227//3895 1435//3895
f 2228//3896 1773//3896 2227//3896
f 2227//3897 1773//3897 1772//3897
f 2227//3898 1772//3898 1435//3898
f 1435//3899 1772//3899 1776//3899
f 1435//3900 1776//3900 1438//3900
f 1438//3901 1776//3901 1775//3901
f 1438//3902 1775//3902 1439//3902
f 1439//3903 1775//3903 1235//3903
f 1439//3904 1235//3904 1440//3904
f 2229//3905 30//3905 5//3905
f 58//397 61//397 37//397
f 37//397 61//397 2230//397
f 37//397 2230//397 32//397
f 32//397 2230//397 2231//397
f 32//397 2231//397 33//397
f 33//397 2231//397 2232//397
f 33//397 2232//397 35//397
f 35//397 2232//397 43//397
f 43//397 2232//397 2233//397
f 43//397 2233//397 4//397
f 2233//397 2234//397 4//397
f 4//397 2234//397 2235//397
f 4//397 2235//397 5//397
f 5//397 2235//397 2236//397
f 5//397 2236//397 2229//397
f 2219//3906 2220//3906 2237//3906
f 2224//3907 2222//3907 2238//3907
f 2238//3908 2222//3908 2239//3908
f 2238//3909 2239//3909 2240//3909
f 2241//3910 2242//3910 2243//3910
f 2243//3911 2242//3911 2244//3911
f 2244//3912 2242//3912 2245//3912
f 2245//3913 2242//3913 2246//3913
f 2245//3914 2246//3914 2247//3914
f 2248//3915 2249//3915 2250//3915
f 2251//3916 2233//3916 2252//3916
f 2252//3917 2233//3917 2232//3917
f 2252//3918 2232//3918 2231//3918
f 2220//3919 1441//3919 2237//3919
f 2237//3920 1441//3920 1442//3920
f 2237//3921 1442//3921 28//3921
f 30//3922 2229//3922 28//3922
f 28//3923 2229//3923 2236//3923
f 28//3924 2236//3924 2237//3924
f 2237//3925 2236//3925 2235//3925
f 2237//3926 2235//3926 2251//3926
f 2251//3927 2235//3927 2234//3927
f 2251//3928 2234//3928 2233//3928
f 2250//3929 2247//3929 2248//3929
f 2248//3930 2247//3930 2246//3930
f 2248//3931 2246//3931 2253//3931
f 2253//3932 2246//3932 2254//3932
f 2255//3933 2256//3933 2257//3933
f 2256//3934 2254//3934 2257//3934
f 2257//3932 2254//3932 2246//3932
f 2257//3935 2246//3935 2258//3935
f 2258//3935 2246//3935 2242//3935
f 2258//3936 2242//3936 2239//3936
f 2239//3936 2242//3936 2241//3936
f 2239//3937 2241//3937 2240//3937
f 2240//3938 2241//3938 2243//3938
f 2222//3939 2219//3939 2239//3939
f 2239//3940 2219//3940 2237//3940
f 2239//3941 2237//3941 2258//3941
f 2258//3941 2237//3941 2251//3941
f 2258//3942 2251//3942 2257//3942
f 2257//3943 2251//3943 2252//3943
f 2257//3944 2252//3944 2255//3944
f 2255//3945 2252//3945 2231//3945
f 2255//3946 2231//3946 2230//3946
f 2259//3947 2260//3947 2261//3947
f 2262//3948 2263//3948 2264//3948
f 2203//3949 2198//3949 2265//3949
f 2227//3950 2218//3950 2228//3950
f 2228//3951 2218//3951 2217//3951
f 2217//3952 2221//3952 2228//3952
f 2228//3953 2221//3953 2223//3953
f 2228//3954 2223//3954 2266//3954
f 2267//3955 2268//3955 2269//3955
f 2265//3956 2198//3956 2270//3956
f 2192//3957 2268//3957 2190//3957
f 2190//3958 2268//3958 2267//3958
f 2190//3959 2267//3959 2189//3959
f 2189//3960 2267//3960 2270//3960
f 2189//3961 2270//3961 2187//3961
f 2187//3962 2270//3962 2198//3962
f 2187//3963 2198//3963 1431//3963
f 2263//3964 2271//3964 2264//3964
f 2264//3965 2271//3965 2208//3965
f 2264//3966 2208//3966 2265//3966
f 2265//3967 2208//3967 2209//3967
f 2265//3968 2209//3968 2203//3968
f 2261//3969 2260//3969 2272//3969
f 2272//3970 2260//3970 2273//3970
f 2272//3971 2273//3971 2262//3971
f 2274//3972 69//3972 68//3972
f 68//3973 2275//3973 2274//3973
f 2274//3974 2275//3974 2276//3974
f 2274//3975 2276//3975 2261//3975
f 2261//3976 2276//3976 2277//3976
f 2261//3977 2277//3977 2259//3977
f 69//3978 2278//3978 71//3978
f 71//3979 2278//3979 2279//3979
f 71//3980 2279//3980 73//3980
f 2249//3981 2280//3981 2281//3981
f 2281//3982 2280//3982 2282//3982
f 2281//3983 2282//3983 2278//3983
f 2278//3984 2282//3984 2283//3984
f 2278//3985 2283//3985 2279//3985
f 2244//3986 2245//3986 2284//3986
f 2284//3987 2245//3987 2247//3987
f 2284//3988 2247//3988 2281//3988
f 2281//3989 2247//3989 2250//3989
f 2281//3990 2250//3990 2249//3990
f 2244//3991 2284//3991 2243//3991
f 2243//3992 2284//3992 2285//3992
f 2243//3993 2285//3993 2240//3993
f 2240//3994 2285//3994 2286//3994
f 2240//3995 2286//3995 2238//3995
f 2223//3996 2226//3996 2266//3996
f 2266//3997 2226//3997 2225//3997
f 2266//3998 2225//3998 2286//3998
f 2286//3999 2225//3999 2224//3999
f 2286//4000 2224//4000 2238//4000
f 2262//4001 2264//4001 2272//4001
f 2272//4002 2264//4002 2265//4002
f 2272//4002 2265//4002 2287//4002
f 2287//4003 2265//4003 2270//4003
f 2287//4003 2270//4003 2288//4003
f 2288//4004 2270//4004 2267//4004
f 2288//4004 2267//4004 2289//4004
f 2289//3955 2267//3955 2269//3955
f 2289//4005 2269//4005 2290//4005
f 69//3978 2274//3978 2278//3978
f 2278//4006 2274//4006 2261//4006
f 2278//4006 2261//4006 2281//4006
f 2281//4007 2261//4007 2272//4007
f 2281//4007 2272//4007 2284//4007
f 2284//4008 2272//4008 2287//4008
f 2284//4008 2287//4008 2285//4008
f 2285//4009 2287//4009 2288//4009
f 2285//4009 2288//4009 2286//4009
f 2286//4010 2288//4010 2289//4010
f 2286//4010 2289//4010 2266//4010
f 2266//4005 2289//4005 2290//4005
f 2266//4011 2290//4011 2228//4011
f 2291//397 1454//397 2292//397
f 2292//397 1454//397 1453//397
f 2292//397 1453//397 2293//397
f 2293//397 1453//397 1470//397
f 2293//397 1470//397 2294//397
f 2294//397 1470//397 1473//397
f 2294//397 1473//397 2295//397
f 2295//397 1473//397 1476//397
f 1460//397 2296//397 1474//397
f 1474//397 2296//397 2297//397
f 1474//397 2297//397 1475//397
f 1475//397 2297//397 2298//397
f 1475//397 2298//397 1476//397
f 1476//397 2298//397 2299//397
f 1476//397 2299//397 2295//397
f 1444//1223 1446//1223 1443//1223
f 1443//1223 1446//1223 1448//1223
f 1443//1223 1448//1223 1451//1223
f 2300//1223 1455//1223 2301//1223
f 2301//1223 1455//1223 1443//1223
f 2301//1223 1443//1223 2291//1223
f 2291//1223 1443//1223 1451//1223
f 2291//1223 1451//1223 1454//1223
f 2302//4012 2303//4012 2304//4012
f 2305//4013 2306//4013 2307//4013
f 2307//4014 2306//4014 2304//4014
f 2307//4015 2304//4015 2308//4015
f 2308//4016 2304//4016 2303//4016
f 2302//4017 2304//4017 2309//4017
f 2309//4018 2304//4018 2310//4018
f 2309//4019 2310//4019 2311//4019
f 2311//4020 2310//4020 2312//4020
f 2311//4021 2312//4021 2313//4021
f 2313//4022 2312//4022 2314//4022
f 2313//4023 2314//4023 2315//4023
f 2308//4024 2316//4024 2317//4024
f 2318//4025 2305//4025 2317//4025
f 2317//4025 2305//4025 2307//4025
f 2317//4024 2307//4024 2308//4024
f 2319//4026 2320//4026 2321//4026
f 2321//4027 2320//4027 2322//4027
f 2323//4028 2324//4028 2325//4028
f 2325//4029 2324//4029 2326//4029
f 2325//4030 2326//4030 2327//4030
f 2327//4031 2326//4031 2328//4031
f 2327//4032 2328//4032 2319//4032
f 2319//4033 2328//4033 2329//4033
f 2319//4034 2329//4034 2320//4034
f 2316//4035 2323//4035 2317//4035
f 2317//4036 2323//4036 2325//4036
f 2317//4037 2325//4037 2318//4037
f 2318//2303 2325//2303 2330//2303
f 60//56 59//56 2322//56
f 2322//56 59//56 1455//56
f 1455//56 2300//56 2315//56
f 1455//56 2315//56 2322//56
f 2322//56 2315//56 2305//56
f 2322//56 2305//56 2318//56
f 2312//56 2310//56 2304//56
f 2325//56 2327//56 2330//56
f 2330//56 2327//56 2319//56
f 2330//56 2319//56 2318//56
f 2318//56 2319//56 2321//56
f 2318//56 2321//56 2322//56
f 2315//56 2314//56 2305//56
f 2305//56 2314//56 2312//56
f 2305//56 2312//56 2306//56
f 2306//56 2312//56 2304//56
f 2331//397 2332//397 2075//397
f 2075//397 2332//397 2074//397
f 2333//4038 2334//4038 2335//4038
f 2335//4039 2334//4039 2336//4039
f 2335//4040 2336//4040 2337//4040
f 1457//4041 1456//4041 2338//4041
f 2338//4042 1456//4042 2335//4042
f 2074//4043 2332//4043 1456//4043
f 1456//4044 2332//4044 2339//4044
f 1456//4045 2339//4045 2335//4045
f 2335//4046 2339//4046 2340//4046
f 2335//4047 2340//4047 2333//4047
f 2341//4048 2342//4048 2343//4048
f 2344//4049 2345//4049 2346//4049
f 2344//4050 2346//4050 2347//4050
f 2347//4051 2346//4051 2348//4051
f 2347//4052 2348//4052 2349//4052
f 2349//4053 2348//4053 2350//4053
f 2350//4054 2348//4054 2351//4054
f 2350//4055 2351//4055 2352//4055
f 2352//4056 2351//4056 2353//4056
f 2352//4057 2353//4057 2354//4057
f 2338//4058 2335//4058 2355//4058
f 2355//4059 2335//4059 2337//4059
f 2355//4060 2337//4060 2356//4060
f 1460//4061 1458//4061 2296//4061
f 2296//4062 1458//4062 2357//4062
f 2296//4063 2357//4063 2297//4063
f 2297//4064 2357//4064 2298//4064
f 2298//4065 2357//4065 2358//4065
f 2298//4066 2358//4066 2299//4066
f 2299//4067 2358//4067 2295//4067
f 2295//4068 2358//4068 2343//4068
f 2295//4069 2343//4069 2294//4069
f 2294//4070 2343//4070 2293//4070
f 2293//4071 2343//4071 2342//4071
f 2293//4072 2342//4072 2292//4072
f 2359//4073 2360//4073 2361//4073
f 2346//4074 2359//4074 2348//4074
f 2348//4073 2359//4073 2361//4073
f 2348//4075 2361//4075 2351//4075
f 2351//4075 2361//4075 2362//4075
f 2351//4076 2362//4076 2353//4076
f 2353//4076 2362//4076 2355//4076
f 2353//4077 2355//4077 2354//4077
f 2354//4078 2355//4078 2356//4078
f 2360//4079 2341//4079 2361//4079
f 2361//4080 2341//4080 2343//4080
f 2361//4081 2343//4081 2362//4081
f 2362//4082 2343//4082 2358//4082
f 2362//4083 2358//4083 2355//4083
f 2355//4083 2358//4083 2357//4083
f 2355//4058 2357//4058 2338//4058
f 2338//4084 2357//4084 1458//4084
f 2338//4085 1458//4085 1457//4085
f 2280//4086 2249//4086 2248//4086
f 2326//4087 2283//4087 2328//4087
f 2328//4088 2283//4088 2282//4088
f 2328//4089 2282//4089 2329//4089
f 2324//4090 73//4090 2326//4090
f 2326//4091 73//4091 2279//4091
f 2326//4092 2279//4092 2283//4092
f 2308//4093 74//4093 2316//4093
f 2316//4093 74//4093 73//4093
f 2316//4094 73//4094 2323//4094
f 2323//4095 73//4095 2324//4095
f 2308//4096 2303//4096 74//4096
f 74//4097 2303//4097 2302//4097
f 74//4098 2302//4098 2363//4098
f 2363//4099 2302//4099 2309//4099
f 2363//4100 2309//4100 2364//4100
f 2364//4101 2309//4101 2311//4101
f 2364//4102 2311//4102 2365//4102
f 2365//4103 2311//4103 2366//4103
f 2366//4104 2311//4104 2313//4104
f 2366//4105 2313//4105 2345//4105
f 2291//4106 2292//4106 2301//4106
f 2301//4107 2292//4107 2342//4107
f 2313//4108 2315//4108 2300//4108
f 2342//4109 2341//4109 2301//4109
f 2301//4110 2341//4110 2360//4110
f 2301//4111 2360//4111 2300//4111
f 2300//4112 2360//4112 2359//4112
f 2300//4113 2359//4113 2313//4113
f 2313//4114 2359//4114 2346//4114
f 2313//4115 2346//4115 2345//4115
f 60//4116 2253//4116 62//4116
f 62//4117 2253//4117 2254//4117
f 60//4118 2322//4118 2253//4118
f 2253//4119 2322//4119 2320//4119
f 2253//4120 2320//4120 2248//4120
f 2248//4121 2320//4121 2329//4121
f 2248//4122 2329//4122 2280//4122
f 2280//4123 2329//4123 2282//4123
f 2230//4124 61//4124 2255//4124
f 2255//4125 61//4125 62//4125
f 2255//4109 62//4109 2256//4109
f 2256//4110 62//4110 2254//4110
f 2125//4126 2126//4126 2367//4126
f 2086//4127 2368//4127 2084//4127
f 2084//4128 2368//4128 2127//4128
f 2084//4129 2127//4129 1334//4129
f 2119//4130 2369//4130 2370//4130
f 2119//4131 2370//4131 2092//4131
f 2370//4132 2371//4132 2092//4132
f 2092//4133 2371//4133 2372//4133
f 2092//4134 2372//4134 2090//4134
f 2090//4135 2372//4135 2373//4135
f 2090//4136 2373//4136 2088//4136
f 2088//4137 2373//4137 2374//4137
f 2088//4138 2374//4138 2086//4138
f 2086//4139 2374//4139 2375//4139
f 2086//4140 2375//4140 2368//4140
f 2119//4141 2120//4141 2369//4141
f 2369//4142 2120//4142 2121//4142
f 2369//4143 2121//4143 2376//4143
f 2376//4144 2121//4144 2122//4144
f 2367//4145 2377//4145 2125//4145
f 2125//4146 2377//4146 2378//4146
f 2125//4147 2378//4147 2124//4147
f 2124//4148 2378//4148 2379//4148
f 2124//4149 2379//4149 2123//4149
f 2123//4150 2379//4150 2380//4150
f 2123//4151 2380//4151 2122//4151
f 2122//4152 2380//4152 2381//4152
f 2122//4153 2381//4153 2376//4153
f 2382//4154 2383//4154 2384//4154
f 2385//4155 2127//4155 2368//4155
f 2383//4156 2385//4156 2386//4156
f 2387//4157 2388//4157 2382//4157
f 2388//4158 2387//4158 2389//4158
f 2385//4159 2368//4159 2386//4159
f 2386//4160 2368//4160 2375//4160
f 2386//4161 2375//4161 2390//4161
f 2390//4162 2375//4162 2374//4162
f 2390//4163 2374//4163 2391//4163
f 2391//4164 2374//4164 2373//4164
f 2391//4165 2373//4165 2392//4165
f 2373//4166 2372//4166 2392//4166
f 2392//4167 2372//4167 2371//4167
f 2392//4168 2371//4168 2393//4168
f 2393//4169 2371//4169 2370//4169
f 2393//4170 2370//4170 2394//4170
f 2394//4171 2370//4171 2369//4171
f 2394//4172 2369//4172 2395//4172
f 2369//4173 2376//4173 2395//4173
f 2395//4174 2376//4174 2381//4174
f 2395//4175 2381//4175 2396//4175
f 2396//4176 2381//4176 2380//4176
f 2396//4177 2380//4177 2397//4177
f 2397//4178 2380//4178 2379//4178
f 2397//4179 2379//4179 2398//4179
f 2398//4180 2379//4180 2378//4180
f 2383//4181 2386//4181 2384//4181
f 2384//4182 2386//4182 2390//4182
f 2384//4183 2390//4183 2399//4183
f 2399//4184 2390//4184 2391//4184
f 2399//4185 2391//4185 2400//4185
f 2400//4186 2391//4186 2392//4186
f 2400//4187 2392//4187 2401//4187
f 2401//4188 2392//4188 2393//4188
f 2401//4189 2393//4189 2402//4189
f 2402//4190 2393//4190 2394//4190
f 2402//4191 2394//4191 2403//4191
f 2403//4192 2394//4192 2395//4192
f 2403//4193 2395//4193 2404//4193
f 2404//4194 2395//4194 2396//4194
f 2404//4195 2396//4195 2405//4195
f 2405//4196 2396//4196 2397//4196
f 2405//4197 2397//4197 2406//4197
f 2406//4198 2397//4198 2398//4198
f 2406//4199 2398//4199 2407//4199
f 2382//4200 2384//4200 2387//4200
f 2387//4201 2384//4201 2399//4201
f 2387//4202 2399//4202 2408//4202
f 2408//4203 2399//4203 2400//4203
f 2408//4204 2400//4204 2409//4204
f 2409//4205 2400//4205 2401//4205
f 2409//4206 2401//4206 2410//4206
f 2410//4207 2401//4207 2402//4207
f 2410//4208 2402//4208 2411//4208
f 2411//4209 2402//4209 2403//4209
f 2411//4210 2403//4210 2412//4210
f 2412//4211 2403//4211 2404//4211
f 2412//4212 2404//4212 2413//4212
f 2413//4213 2404//4213 2405//4213
f 2413//4214 2405//4214 2414//4214
f 2414//4215 2405//4215 2406//4215
f 2414//4216 2406//4216 2415//4216
f 2415//4217 2406//4217 2407//4217
f 2415//4218 2407//4218 2416//4218
f 2389//4219 2387//4219 2417//4219
f 2417//4220 2387//4220 2408//4220
f 2417//4221 2408//4221 2418//4221
f 2418//4222 2408//4222 2409//4222
f 2418//4223 2409//4223 2419//4223
f 2419//4224 2409//4224 2410//4224
f 2419//4225 2410//4225 2420//4225
f 2420//4226 2410//4226 2411//4226
f 2420//4227 2411//4227 2421//4227
f 2421//4228 2411//4228 2412//4228
f 2421//4229 2412//4229 2422//4229
f 2422//4230 2412//4230 2413//4230
f 2422//4231 2413//4231 2423//4231
f 2423//4232 2413//4232 2414//4232
f 2423//4233 2414//4233 2424//4233
f 2424//4234 2414//4234 2415//4234
f 2424//4235 2415//4235 2425//4235
f 2425//4236 2415//4236 2416//4236
f 2425//4237 2416//4237 67//4237
f 2426//4238 2377//4238 2367//4238
f 2398//4239 2378//4239 2377//4239
f 2377//4240 2426//4240 2398//4240
f 2398//4241 2426//4241 2427//4241
f 2398//4242 2427//4242 2407//4242
f 2407//4243 2427//4243 2428//4243
f 2407//4244 2428//4244 2416//4244
f 65//4245 67//4245 2416//4245
f 2416//4246 2428//4246 65//4246
f 65//4247 2428//4247 2429//4247
f 65//4247 2429//4247 63//4247
f 2367//4248 2430//4248 2426//4248
f 2426//4249 2430//4249 2431//4249
f 2426//4250 2431//4250 2427//4250
f 2427//4251 2431//4251 2432//4251
f 2427//4252 2432//4252 2428//4252
f 2428//4253 2432//4253 2433//4253
f 2428//4254 2433//4254 2429//4254
f 2136//4255 2434//4255 2129//4255
f 2129//4255 2434//4255 2367//4255
f 2129//4255 2367//4255 2126//4255
f 2214//4256 2215//4256 2435//4256
f 2216//4257 2213//4257 2436//4257
f 2210//4258 2211//4258 2437//4258
f 2212//4259 2208//4259 2271//4259
f 2212//4260 2271//4260 2211//4260
f 2210//4261 2437//4261 2213//4261
f 2216//4262 2436//4262 2215//4262
f 2438//4263 2439//4263 2440//4263
f 2440//4264 2439//4264 2441//4264
f 2440//4265 2441//4265 2435//4265
f 2435//4266 2441//4266 2184//4266
f 2435//4267 2184//4267 2214//4267
f 2442//4268 2443//4268 2444//4268
f 2444//4269 2443//4269 2445//4269
f 2444//4270 2445//4270 2446//4270
f 2446//4271 2445//4271 2447//4271
f 2446//4272 2447//4272 2438//4272
f 2438//4273 2447//4273 2448//4273
f 2438//4274 2448//4274 2439//4274
f 2211//4275 2271//4275 2437//4275
f 2437//4276 2271//4276 2263//4276
f 2437//4277 2263//4277 2449//4277
f 2449//4278 2263//4278 2262//4278
f 2449//4279 2262//4279 2450//4279
f 2450//4280 2262//4280 2273//4280
f 2450//4281 2273//4281 2451//4281
f 2451//4282 2273//4282 2260//4282
f 2451//4283 2260//4283 2452//4283
f 2452//4284 2260//4284 2259//4284
f 2452//4285 2259//4285 2453//4285
f 2453//4286 2259//4286 2277//4286
f 2453//4287 2277//4287 2454//4287
f 2454//4288 2277//4288 2276//4288
f 2454//4289 2276//4289 2455//4289
f 2455//4290 2276//4290 2275//4290
f 2455//4291 2275//4291 2456//4291
f 2213//4292 2437//4292 2436//4292
f 2436//4293 2437//4293 2449//4293
f 2436//4294 2449//4294 2457//4294
f 2457//4295 2449//4295 2450//4295
f 2457//4296 2450//4296 2458//4296
f 2458//4297 2450//4297 2451//4297
f 2458//4298 2451//4298 2459//4298
f 2459//4299 2451//4299 2452//4299
f 2459//4300 2452//4300 2460//4300
f 2460//4301 2452//4301 2453//4301
f 2460//4302 2453//4302 2461//4302
f 2461//4303 2453//4303 2454//4303
f 2461//4304 2454//4304 2462//4304
f 2462//4305 2454//4305 2455//4305
f 2462//4306 2455//4306 2463//4306
f 2463//4307 2455//4307 2456//4307
f 2463//4308 2456//4308 2464//4308
f 2215//4309 2436//4309 2435//4309
f 2435//4310 2436//4310 2457//4310
f 2435//4311 2457//4311 2440//4311
f 2440//4312 2457//4312 2458//4312
f 2440//4313 2458//4313 2438//4313
f 2438//4314 2458//4314 2459//4314
f 2438//4315 2459//4315 2446//4315
f 2446//4316 2459//4316 2460//4316
f 2446//4317 2460//4317 2444//4317
f 2444//4318 2460//4318 2461//4318
f 2444//4319 2461//4319 2442//4319
f 2442//4320 2461//4320 2462//4320
f 2442//4321 2462//4321 2465//4321
f 2465//4322 2462//4322 2463//4322
f 2465//4323 2463//4323 2466//4323
f 2466//4324 2463//4324 2464//4324
f 2466//4325 2464//4325 2467//4325
f 2468//4326 2469//4326 2467//4326
f 2467//4327 2469//4327 2470//4327
f 2467//4328 2470//4328 2466//4328
f 2466//4329 2470//4329 2471//4329
f 2466//4330 2471//4330 2465//4330
f 2465//4331 2471//4331 2472//4331
f 2465//4332 2472//4332 2442//4332
f 2442//4333 2472//4333 2473//4333
f 2442//4334 2473//4334 2443//4334
f 2474//4335 2468//4335 2475//4335
f 2475//4336 2468//4336 2467//4336
f 2475//4337 2467//4337 2476//4337
f 2476//4338 2467//4338 2464//4338
f 2476//4339 2464//4339 2477//4339
f 2477//4340 2464//4340 2456//4340
f 2477//4341 2456//4341 68//4341
f 68//4342 2456//4342 2275//4342
f 1391//4343 2184//4343 2140//4343
f 2140//4344 2184//4344 2441//4344
f 2140//4345 2441//4345 2142//4345
f 2142//4346 2441//4346 2439//4346
f 2142//4347 2439//4347 2144//4347
f 2144//4348 2439//4348 2448//4348
f 2144//4349 2448//4349 2447//4349
f 2144//4350 2447//4350 2147//4350
f 2147//4351 2447//4351 2445//4351
f 2147//4352 2445//4352 2148//4352
f 2153//4353 2472//4353 2471//4353
f 2153//4354 2471//4354 2155//4354
f 2445//4355 2443//4355 2148//4355
f 2148//4356 2443//4356 2473//4356
f 2148//4357 2473//4357 2150//4357
f 2150//4358 2473//4358 2472//4358
f 2150//4359 2472//4359 2152//4359
f 2152//4360 2472//4360 2153//4360
f 2434//4361 2136//4361 2478//4361
f 2478//4362 2136//4362 2161//4362
f 2478//4363 2161//4363 2474//4363
f 2474//4364 2161//4364 2159//4364
f 2474//4365 2159//4365 2468//4365
f 2468//4366 2159//4366 2157//4366
f 2468//4367 2157//4367 2469//4367
f 2469//4368 2157//4368 2155//4368
f 2469//4369 2155//4369 2470//4369
f 2470//4370 2155//4370 2471//4370
f 72//4371 63//4371 2479//4371
f 2479//4371 63//4371 2429//4371
f 2479//4372 2429//4372 2480//4372
f 2431//4373 2481//4373 2432//4373
f 2432//4374 2481//4374 2480//4374
f 2432//4374 2480//4374 2433//4374
f 2433//4375 2480//4375 2429//4375
f 2367//4376 2434//4376 2430//4376
f 2430//4376 2434//4376 2482//4376
f 2430//4377 2482//4377 2431//4377
f 2431//4378 2482//4378 2483//4378
f 2431//4373 2483//4373 2481//4373
f 2484//4379 70//4379 72//4379
f 2477//4380 68//4380 70//4380
f 70//4381 2484//4381 2477//4381
f 2477//4382 2484//4382 2485//4382
f 2477//4383 2485//4383 2476//4383
f 2476//4384 2485//4384 2486//4384
f 2476//4385 2486//4385 2475//4385
f 2478//4386 2474//4386 2475//4386
f 2475//4387 2486//4387 2478//4387
f 2478//4388 2486//4388 2482//4388
f 2478//4389 2482//4389 2434//4389
f 72//4379 2479//4379 2484//4379
f 2484//4390 2479//4390 2480//4390
f 2484//4391 2480//4391 2485//4391
f 2485//4392 2480//4392 2481//4392
f 2485//4393 2481//4393 2486//4393
f 2486//4394 2481//4394 2483//4394
f 2486//4395 2483//4395 2482//4395
f 2487//4396 2488//4396 2489//4396
f 2489//4397 2488//4397 2490//4397
f 2489//4398 2490//4398 2491//4398
f 2491//4399 2490//4399 2492//4399
f 2491//4400 2492//4400 2493//4400
f 2493//4401 2492//4401 2494//4401
f 2493//4402 2494//4402 2495//4402
f 2495//4403 2494//4403 2496//4403
f 2495//4404 2496//4404 2128//4404
f 2128//4405 2496//4405 1479//4405
f 2389//4406 2487//4406 2388//4406
f 2388//4407 2487//4407 2489//4407
f 2388//4408 2489//4408 2382//4408
f 2382//4409 2489//4409 2491//4409
f 2382//4410 2491//4410 2383//4410
f 2383//4411 2491//4411 2493//4411
f 2383//4412 2493//4412 2385//4412
f 2385//4413 2493//4413 2495//4413
f 2385//4414 2495//4414 2127//4414
f 2127//4415 2495//4415 2128//4415
f 936//4416 1480//4416 2497//4416
f 1485//4417 956//4417 1481//4417
f 2498//4418 1498//4418 2499//4418
f 2499//4419 1498//4419 1499//4419
f 2499//4420 1499//4420 2500//4420
f 2500//4421 1499//4421 1500//4421
f 2500//4422 1500//4422 2501//4422
f 2501//4423 1500//4423 1501//4423
f 2501//4424 1501//4424 2497//4424
f 2497//4425 1501//4425 1485//4425
f 2497//4426 1485//4426 936//4426
f 936//4427 1485//4427 1481//4427
f 2488//4428 2498//4428 2490//4428
f 2490//4429 2498//4429 2499//4429
f 2490//4430 2499//4430 2492//4430
f 2492//4431 2499//4431 2500//4431
f 2492//4432 2500//4432 2494//4432
f 2494//4433 2500//4433 2501//4433
f 2494//4434 2501//4434 2496//4434
f 2496//4435 2501//4435 2497//4435
f 2496//4436 2497//4436 1479//4436
f 1479//4437 2497//4437 1480//4437
f 1494//4438 1493//4438 2502//4438
f 1493//4439 1498//4439 2503//4439
f 1519//4440 1504//4440 2504//4440
f 2504//4441 1504//4441 1503//4441
f 2504//4442 1503//4442 2505//4442
f 1519//4443 1513//4443 1504//4443
f 1504//4444 1513//4444 1510//4444
f 1504//4445 1510//4445 1507//4445
f 1507//4446 1510//4446 992//4446
f 1528//4447 1524//4447 2504//4447
f 2504//4448 1524//4448 1520//4448
f 2504//4449 1520//4449 1519//4449
f 1528//4450 2504//4450 1525//4450
f 1525//4451 2504//4451 2505//4451
f 1525//4452 2505//4452 1522//4452
f 1522//4453 2505//4453 2506//4453
f 1522//4454 2506//4454 1523//4454
f 1493//4455 2503//4455 2502//4455
f 2502//4456 2503//4456 2507//4456
f 2502//4457 2507//4457 2508//4457
f 1503//4458 1494//4458 2505//4458
f 2505//4459 1494//4459 2502//4459
f 2505//4460 2502//4460 2506//4460
f 2506//4461 2502//4461 2508//4461
f 2506//4462 2508//4462 2509//4462
f 1725//61 1841//61 1790//61
f 1725//61 1790//61 1741//61
f 1741//61 1790//61 1787//61
f 1741//61 1787//61 1740//61
f 1740//61 1787//61 1784//61
f 1740//61 1784//61 1742//61
f 1554//61 1543//61 1957//61
f 1957//61 1543//61 1545//61
f 1957//61 1545//61 1958//61
f 1957//61 1955//61 1554//61
f 1554//61 1955//61 1954//61
f 1554//61 1954//61 1961//61
f 2052//61 1532//61 1994//61
f 1994//61 1532//61 1530//61
f 1742//61 1784//61 1746//61
f 1746//61 1784//61 1786//61
f 1746//61 1786//61 1748//61
f 1748//61 1786//61 1826//61
f 1748//61 1826//61 1754//61
f 1754//61 1826//61 1829//61
f 1754//61 1829//61 1760//61
f 1815//61 1816//61 1653//61
f 1961//61 1963//61 1554//61
f 1554//61 1963//61 2043//61
f 1554//61 2043//61 1575//61
f 2193//61 1764//61 1829//61
f 1829//61 1764//61 1762//61
f 1829//61 1762//61 1760//61
f 1545//61 1556//61 1958//61
f 1958//61 1556//61 1557//61
f 1958//61 1557//61 2050//61
f 2050//61 1557//61 1558//61
f 2050//61 1558//61 2051//61
f 2051//61 1558//61 1749//61
f 2051//61 1749//61 2052//61
f 2052//61 1749//61 1537//61
f 2052//61 1537//61 1532//61
f 1530//61 1521//61 1994//61
f 1994//61 1521//61 1523//61
f 1994//61 1523//61 1934//61
f 1934//61 1523//61 2506//61
f 1934//61 2506//61 1933//61
f 1829//61 1830//61 2193//61
f 2193//61 1830//61 1782//61
f 2193//61 1782//61 2191//61
f 2191//61 1782//61 1781//61
f 2191//61 1781//61 2192//61
f 2192//61 1781//61 1780//61
f 2192//61 1780//61 2268//61
f 2268//61 1780//61 1779//61
f 2268//61 1779//61 2269//61
f 2269//61 1779//61 1774//61
f 2269//61 1774//61 2290//61
f 2290//61 1774//61 1773//61
f 2290//61 1773//61 2228//61
f 1653//61 1816//61 1656//61
f 1656//61 1816//61 1818//61
f 1656//61 1818//61 1657//61
f 1657//61 1818//61 1820//61
f 1657//61 1820//61 1682//61
f 1653//61 1652//61 1815//61
f 1815//61 1652//61 1650//61
f 1815//61 1650//61 1923//61
f 1923//61 1650//61 1649//61
f 1923//61 1649//61 1941//61
f 1941//61 1649//61 1616//61
f 1941//61 1616//61 1942//61
f 2510//61 2066//61 2511//61
f 2511//61 2066//61 2058//61
f 2511//61 2058//61 2512//61
f 2512//61 2058//61 2057//61
f 2512//61 2057//61 2513//61
f 2513//61 2057//61 1933//61
f 2513//61 1933//61 2509//61
f 2509//61 1933//61 2506//61
f 1682//61 1820//61 1683//61
f 1683//61 1820//61 1822//61
f 1683//61 1822//61 1685//61
f 1942//61 1616//61 2038//61
f 2038//61 1616//61 1614//61
f 2038//61 1614//61 2043//61
f 2043//61 1614//61 1613//61
f 2043//61 1613//61 1624//61
f 1679//61 1701//61 1841//61
f 1841//61 1701//61 1700//61
f 1841//61 1700//61 1822//61
f 1822//61 1700//61 1686//61
f 1822//61 1686//61 1685//61
f 1624//61 1622//61 2043//61
f 2043//61 1622//61 1621//61
f 2043//61 1621//61 1637//61
f 1637//61 1638//61 2043//61
f 2043//61 1638//61 1620//61
f 2043//61 1620//61 1619//61
f 1725//61 1726//61 1841//61
f 1841//61 1726//61 1660//61
f 1841//61 1660//61 1659//61
f 1659//61 1677//61 1841//61
f 1841//61 1677//61 1681//61
f 1841//61 1681//61 1679//61
f 1619//61 1647//61 2043//61
f 2043//61 1647//61 1648//61
f 2043//61 1648//61 1599//61
f 1599//61 1595//61 2043//61
f 2043//61 1595//61 1574//61
f 2043//61 1574//61 1575//61
f 2066//4463 2510//4463 2065//4463
f 2065//4464 2510//4464 2331//4464
f 2069//4465 1243//4465 2073//4465
f 2073//4466 1243//4466 2061//4466
f 2073//4467 2061//4467 2072//4467
f 2061//4468 2062//4468 2072//4468
f 2072//4469 2062//4469 2064//4469
f 2072//4470 2064//4470 2071//4470
f 2071//4471 2064//4471 2065//4471
f 2071//4472 2065//4472 2070//4472
f 2070//4473 2065//4473 2331//4473
f 2070//4474 2331//4474 2075//4474
f 2417//4475 2418//4475 2514//4475
f 2332//4476 2331//4476 2339//4476
f 2339//4477 2331//4477 2510//4477
f 2339//4478 2510//4478 2340//4478
f 2340//4479 2510//4479 2333//4479
f 2356//4480 2337//4480 2515//4480
f 2515//4481 2337//4481 2336//4481
f 2515//4482 2336//4482 2516//4482
f 2516//4483 2336//4483 2334//4483
f 2516//4484 2334//4484 2333//4484
f 2347//4485 2349//4485 2517//4485
f 2517//4486 2349//4486 2350//4486
f 2517//4487 2350//4487 2518//4487
f 2518//4488 2350//4488 2352//4488
f 2518//4489 2352//4489 2515//4489
f 2515//4490 2352//4490 2354//4490
f 2515//4491 2354//4491 2356//4491
f 2347//4492 2517//4492 2344//4492
f 2344//4493 2517//4493 2519//4493
f 2344//4494 2519//4494 2345//4494
f 2363//4495 2364//4495 2520//4495
f 2520//4496 2364//4496 2365//4496
f 2520//4497 2365//4497 2519//4497
f 2519//4498 2365//4498 2366//4498
f 2519//4499 2366//4499 2345//4499
f 64//4500 2521//4500 66//4500
f 66//4501 2521//4501 2425//4501
f 66//4502 2425//4502 67//4502
f 2421//4503 2422//4503 2522//4503
f 2522//4504 2422//4504 2423//4504
f 2522//4505 2423//4505 2521//4505
f 2521//4506 2423//4506 2424//4506
f 2521//4507 2424//4507 2425//4507
f 2421//4508 2522//4508 2420//4508
f 2420//4509 2522//4509 2523//4509
f 2420//4510 2523//4510 2419//4510
f 2524//4511 2487//4511 2514//4511
f 2514//4512 2487//4512 2389//4512
f 2514//4513 2389//4513 2417//4513
f 2503//4514 1498//4514 2525//4514
f 2525//4515 1498//4515 2498//4515
f 2525//4516 2498//4516 2524//4516
f 2524//4517 2498//4517 2488//4517
f 2524//4518 2488//4518 2487//4518
f 2503//4519 2525//4519 2507//4519
f 2507//4520 2525//4520 2526//4520
f 2507//4521 2526//4521 2508//4521
f 2333//4522 2510//4522 2516//4522
f 2516//4523 2510//4523 2511//4523
f 2516//4524 2511//4524 2512//4524
f 2509//4525 2508//4525 2513//4525
f 2513//4526 2508//4526 2526//4526
f 2513//4527 2526//4527 2527//4527
f 2527//4528 2526//4528 2525//4528
f 2527//4528 2525//4528 2528//4528
f 2528//4529 2525//4529 2524//4529
f 2528//4529 2524//4529 2529//4529
f 2529//4530 2524//4530 2514//4530
f 2529//4530 2514//4530 2523//4530
f 2523//4531 2514//4531 2418//4531
f 2523//4532 2418//4532 2419//4532
f 74//4533 2363//4533 64//4533
f 64//4534 2363//4534 2520//4534
f 64//4500 2520//4500 2521//4500
f 2521//4535 2520//4535 2519//4535
f 2521//4535 2519//4535 2522//4535
f 2522//4536 2519//4536 2517//4536
f 2522//4536 2517//4536 2523//4536
f 2523//4537 2517//4537 2518//4537
f 2523//4537 2518//4537 2529//4537
f 2529//4538 2518//4538 2515//4538
f 2529//4538 2515//4538 2528//4538
f 2528//4539 2515//4539 2516//4539
f 2528//4539 2516//4539 2527//4539
f 2527//4524 2516//4524 2512//4524
f 2527//4527 2512//4527 2513//4527
f 46//60 53//60 38//60
f 38//60 53//60 39//60
f 39//1245 53//1245 40//1245
f 40//1245 53//1245 55//1245
f 40//1245 55//1245 57//1245
f 2530//60 2531//60 2532//60
f 2532//60 2531//60 2533//60
f 2532//60 2533//60 2534//60
f 2534//60 2533//60 2535//60
f 2536//1223 2537//1223 2538//1223
f 2536//1223 2538//1223 2539//1223
f 2539//1223 2538//1223 2540//1223
f 2539//1223 2540//1223 2541//1223
f 2542//397 2543//397 2541//397
f 2544//397 2539//397 2541//397
f 2544//397 2541//397 2545//397
f 2546//397 2542//397 2547//397
f 2547//397 2542//397 2541//397
f 2547//397 2541//397 2548//397
f 2543//397 2549//397 2541//397
f 2541//397 2549//397 2550//397
f 2541//397 2550//397 2545//397
f 2551//4540 2537//4540 2536//4540
f 2536//4540 2552//4540 2551//4540
f 2551//4540 2552//4540 2553//4540
f 2551//4540 2553//4540 2554//4540
f 2554//4540 2555//4540 2551//4540
f 2551//4540 2555//4540 2556//4540
f 2551//4540 2556//4540 2557//4540
f 2558//4540 2559//4540 2560//4540
f 2561//4540 2562//4540 2558//4540
f 2558//4540 2562//4540 2563//4540
f 2558//4540 2563//4540 2559//4540
f 2537//4540 2551//4540 2535//4540
f 2535//4540 2551//4540 2558//4540
f 2535//4540 2558//4540 2534//4540
f 2534//4540 2558//4540 2560//4540
f 2534//4540 2560//4540 2564//4540
f 2565//4541 2566//4541 2567//4541
f 2565//4542 2567//4542 2568//4542
f 2568//4543 2567//4543 2569//4543
f 2568//4544 2569//4544 2570//4544
f 2570//4545 2569//4545 2558//4545
f 2558//4546 2569//4546 2571//4546
f 2558//4547 2571//4547 2561//4547
f 2561//4548 2571//4548 2562//4548
f 2562//4549 2571//4549 2572//4549
f 2562//4550 2572//4550 2563//4550
f 2563//4551 2572//4551 2573//4551
f 2563//4552 2573//4552 2559//4552
f 2559//4553 2573//4553 2574//4553
f 2559//4554 2574//4554 2560//4554
f 2574//4555 2575//4555 2560//4555
f 2560//4556 2575//4556 2576//4556
f 2560//4557 2576//4557 2564//4557
f 2532//4558 2534//4558 2577//4558
f 2577//4559 2534//4559 2564//4559
f 2577//4560 2564//4560 2578//4560
f 2578//4561 2564//4561 2576//4561
f 2570//4562 2558//4562 2579//4562
f 2579//4562 2558//4562 2551//4562
f 2539//4563 2580//4563 2536//4563
f 2536//4564 2580//4564 2552//4564
f 2580//4565 2581//4565 2552//4565
f 2552//4566 2581//4566 2582//4566
f 2552//4567 2582//4567 2553//4567
f 2553//4568 2582//4568 2583//4568
f 2553//4569 2583//4569 2554//4569
f 2554//4570 2583//4570 2584//4570
f 2554//4571 2584//4571 2555//4571
f 2555//4572 2584//4572 2585//4572
f 2555//4573 2585//4573 2556//4573
f 2556//4574 2585//4574 2586//4574
f 2556//4575 2586//4575 2557//4575
f 2586//4576 2587//4576 2557//4576
f 2557//4577 2587//4577 2588//4577
f 2557//4578 2588//4578 2551//4578
f 2589//4579 2590//4579 2591//4579
f 2591//4580 2590//4580 2592//4580
f 2591//4581 2592//4581 2588//4581
f 2588//4582 2592//4582 2579//4582
f 2588//4583 2579//4583 2551//4583
f 2543//4584 2542//4584 2593//4584
f 2593//4585 2542//4585 2594//4585
f 2594//4586 2542//4586 2595//4586
f 2595//4587 2542//4587 2546//4587
f 2595//4588 2546//4588 2596//4588
f 2596//4589 2546//4589 2597//4589
f 2597//4590 2546//4590 2547//4590
f 2597//4591 2547//4591 2598//4591
f 2598//4592 2547//4592 2599//4592
f 2599//4593 2547//4593 2548//4593
f 2599//4594 2548//4594 2600//4594
f 2600//4595 2548//4595 2601//4595
f 2601//4596 2548//4596 2541//4596
f 2601//4597 2541//4597 2540//4597
f 2602//397 2603//397 2604//397
f 2532//397 2605//397 2530//397
f 2530//397 2605//397 2606//397
f 2530//397 2606//397 2607//397
f 2604//397 2608//397 2602//397
f 2602//397 2608//397 2530//397
f 2602//397 2530//397 2609//397
f 2609//397 2530//397 2607//397
f 2609//397 2607//397 2610//397
f 2611//4598 2580//4598 2539//4598
f 2612//4599 2613//4599 2614//4599
f 2613//4600 2612//4600 2586//4600
f 2615//4601 2586//4601 2612//4601
f 2586//4602 2616//4602 2617//4602
f 2618//4603 2616//4603 2586//4603
f 2619//4604 2589//4604 2591//4604
f 2620//4605 2621//4605 2619//4605
f 2621//4606 2620//4606 2622//4606
f 2622//4607 2620//4607 2623//4607
f 2622//4608 2623//4608 2624//4608
f 2624//4609 2623//4609 2625//4609
f 2625//4610 2623//4610 2626//4610
f 2625//4611 2626//4611 2627//4611
f 2627//4612 2626//4612 2628//4612
f 2628//4613 2626//4613 2629//4613
f 2628//4614 2629//4614 2630//4614
f 2631//4615 2632//4615 2629//4615
f 2629//4616 2632//4616 2633//4616
f 2629//4617 2633//4617 2630//4617
f 2585//4618 2613//4618 2586//4618
f 2634//4619 2617//4619 2635//4619
f 2635//4619 2617//4619 2616//4619
f 2635//4620 2616//4620 2636//4620
f 2636//4620 2616//4620 2618//4620
f 2636//4621 2618//4621 2637//4621
f 2620//4622 2634//4622 2623//4622
f 2623//4622 2634//4622 2635//4622
f 2623//4623 2635//4623 2626//4623
f 2626//4623 2635//4623 2636//4623
f 2626//4624 2636//4624 2629//4624
f 2629//4624 2636//4624 2637//4624
f 2629//4625 2637//4625 2631//4625
f 2619//4626 2591//4626 2620//4626
f 2620//4627 2591//4627 2588//4627
f 2620//4628 2588//4628 2634//4628
f 2634//4629 2588//4629 2587//4629
f 2634//4630 2587//4630 2617//4630
f 2617//4631 2587//4631 2586//4631
f 2585//4632 2584//4632 2613//4632
f 2613//4633 2584//4633 2583//4633
f 2613//4634 2583//4634 2614//4634
f 2614//4635 2583//4635 2582//4635
f 2614//4636 2582//4636 2581//4636
f 2615//4637 2612//4637 2638//4637
f 2638//4599 2612//4599 2614//4599
f 2638//4638 2614//4638 2611//4638
f 2611//4639 2614//4639 2581//4639
f 2611//4640 2581//4640 2580//4640
f 2545//4641 2550//4641 2631//4641
f 2631//4642 2550//4642 2549//4642
f 2631//4643 2549//4643 2632//4643
f 2544//4644 2545//4644 2639//4644
f 2639//4641 2545//4641 2631//4641
f 2639//4645 2631//4645 2640//4645
f 2640//4625 2631//4625 2637//4625
f 2640//4646 2637//4646 2641//4646
f 2641//4621 2637//4621 2618//4621
f 2641//4647 2618//4647 2586//4647
f 2539//4598 2544//4598 2611//4598
f 2611//4644 2544//4644 2639//4644
f 2611//4638 2639//4638 2638//4638
f 2638//4645 2639//4645 2640//4645
f 2638//4637 2640//4637 2615//4637
f 2615//4646 2640//4646 2641//4646
f 2615//4648 2641//4648 2586//4648
f 2590//4649 2642//4649 2592//4649
f 2592//4649 2642//4649 2643//4649
f 2592//4649 2643//4649 2579//4649
f 2579//4649 2643//4649 2644//4649
f 2579//4649 2644//4649 2570//4649
f 2644//4649 2645//4649 2570//4649
f 2570//4649 2645//4649 2646//4649
f 2570//4649 2646//4649 2568//4649
f 2568//4649 2646//4649 2565//4649
f 2578//4650 2576//4650 2647//4650
f 2648//4637 2649//4637 2650//4637
f 2575//4651 2574//4651 2651//4651
f 2649//4601 2648//4601 2572//4601
f 2572//4602 2652//4602 2651//4602
f 2653//4603 2652//4603 2572//4603
f 2654//4652 2655//4652 2656//4652
f 2657//4653 2610//4653 2607//4653
f 2658//4654 2659//4654 2660//4654
f 2660//4655 2659//4655 2661//4655
f 2661//4656 2659//4656 2662//4656
f 2661//4657 2662//4657 2663//4657
f 2654//4658 2656//4658 2664//4658
f 2576//4659 2575//4659 2647//4659
f 2647//4660 2575//4660 2651//4660
f 2647//4619 2651//4619 2665//4619
f 2665//4619 2651//4619 2652//4619
f 2665//4620 2652//4620 2666//4620
f 2666//4620 2652//4620 2653//4620
f 2666//4621 2653//4621 2667//4621
f 2668//4638 2650//4638 2669//4638
f 2669//4599 2650//4599 2649//4599
f 2669//4599 2649//4599 2670//4599
f 2670//4600 2649//4600 2572//4600
f 2577//4661 2578//4661 2671//4661
f 2671//4662 2578//4662 2647//4662
f 2671//4622 2647//4622 2672//4622
f 2672//4622 2647//4622 2665//4622
f 2672//4623 2665//4623 2658//4623
f 2658//4623 2665//4623 2666//4623
f 2658//4624 2666//4624 2659//4624
f 2659//4624 2666//4624 2667//4624
f 2659//4625 2667//4625 2662//4625
f 2574//4663 2573//4663 2651//4663
f 2651//4664 2573//4664 2572//4664
f 2655//4665 2663//4665 2656//4665
f 2656//4666 2663//4666 2662//4666
f 2656//4645 2662//4645 2673//4645
f 2673//4625 2662//4625 2667//4625
f 2673//4646 2667//4646 2674//4646
f 2674//4621 2667//4621 2653//4621
f 2674//4647 2653//4647 2572//4647
f 2572//4667 2571//4667 2670//4667
f 2670//4668 2571//4668 2569//4668
f 2670//4669 2569//4669 2669//4669
f 2669//4670 2569//4670 2567//4670
f 2669//4671 2567//4671 2668//4671
f 2668//4672 2567//4672 2566//4672
f 2668//4673 2566//4673 2675//4673
f 2660//4674 2657//4674 2658//4674
f 2658//4675 2657//4675 2607//4675
f 2658//4676 2607//4676 2672//4676
f 2672//4676 2607//4676 2606//4676
f 2672//4677 2606//4677 2671//4677
f 2671//4677 2606//4677 2605//4677
f 2671//4678 2605//4678 2577//4678
f 2577//4678 2605//4678 2532//4678
f 2675//4679 2664//4679 2668//4679
f 2668//4680 2664//4680 2656//4680
f 2668//4638 2656//4638 2650//4638
f 2650//4645 2656//4645 2673//4645
f 2650//4637 2673//4637 2648//4637
f 2648//4646 2673//4646 2674//4646
f 2648//4648 2674//4648 2572//4648
f 2531//4681 2530//4681 2676//4681
f 2676//4682 2530//4682 2608//4682
f 2604//4683 2677//4683 2608//4683
f 2608//4684 2677//4684 2678//4684
f 2608//4685 2678//4685 2676//4685
f 2603//4686 2679//4686 2604//4686
f 2604//4687 2679//4687 2680//4687
f 2604//4688 2680//4688 2677//4688
f 2602//4689 2681//4689 2603//4689
f 2603//4690 2681//4690 2682//4690
f 2603//4691 2682//4691 2679//4691
f 2609//4692 2683//4692 2602//4692
f 2602//4693 2683//4693 2684//4693
f 2602//4694 2684//4694 2681//4694
f 2685//1245 2538//1245 2537//1245
f 2535//1245 2533//1245 2686//1245
f 2535//1245 2686//1245 2537//1245
f 2537//1245 2686//1245 2687//1245
f 2537//1245 2687//1245 2645//1245
f 2645//1245 2644//1245 2537//1245
f 2537//1245 2644//1245 2688//1245
f 2537//1245 2688//1245 2685//1245
f 2610//4695 2657//4695 2686//4695
f 2654//4696 2664//4696 2689//4696
f 2664//4697 2675//4697 2689//4697
f 2689//4698 2675//4698 2566//4698
f 2689//4699 2566//4699 2565//4699
f 2661//4700 2689//4700 2660//4700
f 2660//4701 2689//4701 2657//4701
f 2661//4702 2663//4702 2689//4702
f 2689//4703 2663//4703 2655//4703
f 2689//4704 2655//4704 2654//4704
f 2684//4705 2683//4705 2690//4705
f 2690//4706 2683//4706 2609//4706
f 2690//4707 2609//4707 2610//4707
f 2679//4708 2682//4708 2690//4708
f 2690//4709 2682//4709 2681//4709
f 2690//4710 2681//4710 2684//4710
f 2678//4711 2677//4711 2690//4711
f 2690//4712 2677//4712 2680//4712
f 2690//4713 2680//4713 2679//4713
f 2686//4714 2533//4714 2610//4714
f 2610//4715 2533//4715 2531//4715
f 2610//4716 2531//4716 2690//4716
f 2690//4717 2531//4717 2676//4717
f 2690//4718 2676//4718 2678//4718
f 2657//4719 2689//4719 2686//4719
f 2686//4720 2689//4720 2565//4720
f 2686//4721 2565//4721 2687//4721
f 2687//4722 2565//4722 2646//4722
f 2687//4723 2646//4723 2645//4723
f 2691//4724 2540//4724 2538//4724
f 2540//4725 2691//4725 2601//4725
f 2598//4726 2599//4726 2691//4726
f 2691//4727 2599//4727 2600//4727
f 2691//4728 2600//4728 2601//4728
f 2543//4729 2593//4729 2691//4729
f 2691//4730 2593//4730 2594//4730
f 2691//4731 2594//4731 2595//4731
f 2595//4732 2596//4732 2691//4732
f 2691//4733 2596//4733 2597//4733
f 2691//4734 2597//4734 2598//4734
f 2543//4735 2691//4735 2549//4735
f 2549//4736 2691//4736 2538//4736
f 2549//4737 2538//4737 2632//4737
f 2632//4738 2538//4738 2685//4738
f 2632//4739 2685//4739 2633//4739
f 2622//4740 2624//4740 2685//4740
f 2685//4741 2624//4741 2625//4741
f 2685//4742 2625//4742 2627//4742
f 2589//4743 2619//4743 2685//4743
f 2685//4744 2619//4744 2621//4744
f 2685//4745 2621//4745 2622//4745
f 2627//4746 2628//4746 2685//4746
f 2685//4747 2628//4747 2630//4747
f 2685//4748 2630//4748 2633//4748
f 2644//4749 2643//4749 2688//4749
f 2688//4750 2643//4750 2642//4750
f 2688//4751 2642//4751 2685//4751
f 2685//4752 2642//4752 2590//4752
f 2685//4753 2590//4753 2589//4753
