# Blender 4.4.3
# www.blender.org
mtllib lf_metacarpal_E4.mtl
o LMC_Flesh_Mesh
v 15.243936 28.831841 -10.191793
v 15.156405 29.008812 -10.119734
v 16.280628 28.221632 -10.600023
v 14.572218 29.101501 9.876279
v 14.620538 29.384031 9.815268
v 14.141288 29.719610 9.496659
v 17.197090 24.405901 10.999996
v 13.583559 19.245241 10.999997
v 13.950048 18.988621 10.990897
v 16.668858 27.949791 10.720156
v 15.903749 26.855471 10.720366
v 17.965250 27.042042 10.964516
v 16.503990 25.735022 10.919276
v 19.054890 26.279072 10.990896
v 17.187429 24.424520 10.999976
v 16.247087 28.245111 10.588576
v 15.209638 28.079502 10.346436
v 15.826769 26.995670 10.686376
v 20.184967 25.487782 -10.847223
v 17.197086 24.405901 -11.000004
v 19.745146 25.795752 -10.924093
v 16.707245 25.567961 -10.948053
v 17.999966 27.017742 -10.967854
v 16.213238 26.718660 -10.791324
v 15.734746 27.792601 -10.542193
v 19.710560 25.819971 10.928986
v 16.310158 17.336061 10.484297
v 21.417498 24.624752 10.483326
v 23.022028 23.501251 9.644254
v 18.477428 15.818522 9.236208
v 23.582258 23.108982 9.236207
v 24.463928 22.491621 8.443257
v 20.298578 14.543343 7.334885
v 25.403408 21.833792 7.334884
v 21.644808 13.600692 4.914804
v 26.651518 20.959852 5.147664
v 25.689077 21.633760 6.925406
v 22.420908 13.057261 2.147123
v 27.315128 20.495192 3.176743
v 26.749638 20.891151 4.914803
v 27.658367 20.254852 -1.044306
v 27.676817 20.241932 -0.772413
v 22.571987 12.951482 -0.772412
v 27.654987 20.257212 1.086607
v 27.525738 20.347721 2.147122
v 27.325117 20.488192 -3.136029
v 22.087358 13.290812 -3.637319
v 27.192198 20.581272 -3.637320
v 26.667757 20.948481 -5.110066
v 21.001308 14.051282 -6.244978
v 26.106138 21.341732 -6.244979
v 25.710947 21.618441 -6.892337
v 19.390638 15.179081 -8.410962
v 24.490608 22.472940 -8.415956
v 23.052528 23.479902 -9.623747
v 17.369257 16.594471 -9.982082
v 22.474087 23.884922 -9.982083
v 21.450668 24.601532 -10.470384
v 15.080136 18.197332 -10.847222
v 13.583557 19.245241 -11.000003
v 10.031837 32.998631 0.799796
v 10.010437 33.015568 -0.000004
v 9.750009 33.221687 -0.000004
v 11.529908 31.812971 6.367960
v 11.650318 31.717661 6.682515
v 11.774837 31.619112 6.800165
v 12.373158 31.145571 7.738901
v 12.373158 31.145571 7.695062
v 10.171467 32.888119 2.181473
v 9.750010 33.221687 6.513394
v 10.438607 32.676689 3.520433
v 10.162358 32.895329 6.501852
v 10.557517 32.582569 3.961426
v 10.413358 32.696671 6.552429
v 10.986797 32.242821 5.207931
v 10.418888 32.692287 6.554833
v 10.614758 32.537281 6.682515
v 12.376858 31.064371 7.774352
v 12.376858 31.064371 7.788690
v 12.325508 30.991032 7.788690
v 11.661468 31.822231 7.929286
v 11.201198 32.144520 7.367399
v 11.679008 31.856670 7.934668
v 10.746418 32.503731 6.796950
v 11.682387 31.868631 7.938759
v 10.751498 32.520428 6.802362
v 11.685058 31.892040 7.949996
v 10.751298 32.565258 6.828245
v 11.682178 31.913462 7.964640
v 11.678698 31.922951 7.972936
v 10.730018 32.596519 6.863600
v 11.660898 31.944712 7.999996
v 10.489307 32.704018 6.588494
v 10.634108 32.590549 6.682515
v 10.629658 32.561420 6.682515
v 10.464828 32.660118 6.576116
v 10.623148 32.549271 6.682515
v 10.208718 32.961540 6.599996
v 10.490838 32.763988 6.668505
v 10.201028 32.950569 6.549995
v 10.498828 32.742039 6.622310
v 10.185918 32.928978 6.520190
v 10.180037 32.920578 6.513394
v 12.065798 31.599602 8.547877
v 12.087898 31.579891 8.517825
v 12.096027 31.549360 8.489872
v 12.088737 31.513432 8.468993
v 12.067327 31.478512 8.458903
v 12.392498 31.198132 8.937553
v 12.374688 31.213121 8.902319
v 12.284227 31.286892 8.756447
v 12.140018 31.401731 8.562480
v 12.399198 31.183451 9.077327
v 12.425088 31.167440 9.047609
v 12.425168 31.167751 9.042550
v 12.419948 31.173792 9.009217
v 10.234807 32.943268 -0.000004
v 10.107217 33.002419 -0.000004
v 10.184077 32.948608 1.416435
v 19.822178 25.910822 -10.899544
v 18.080925 27.130062 -10.943204
v 16.365448 28.331251 -10.576194
v 21.523867 24.719282 -10.446854
v 25.774578 21.742912 -6.876845
v 24.556978 22.595482 -8.397039
v 23.122128 23.600172 -9.602116
v 26.729227 21.074451 -5.098581
v 27.717607 20.382381 -1.041959
v 27.385117 20.615202 -3.128981
v 27.714247 20.384741 1.084165
v 27.375147 20.622181 3.169603
v 26.713028 21.085791 5.136094
v 25.752758 21.758192 6.909841
v 24.530348 22.614120 8.424279
v 23.091698 23.621481 9.622579
v 21.490778 24.742462 10.459766
v 19.787668 25.934992 10.904426
v 18.046289 27.154312 10.939866
v 16.331987 28.354681 10.564775
v 14.709087 29.491041 9.793206
v 13.238508 30.520761 8.654126
v 13.146638 30.416071 8.673621
v 12.115448 31.483400 7.129724
v 13.367898 30.606432 8.581243
v 11.115757 32.183388 5.410645
v 10.571397 32.677399 3.442235
v 11.271407 32.187248 5.338857
v 10.310677 32.890141 1.398174
v 10.693007 32.622429 3.397856
v 11.383986 32.138599 5.270025
v 12.257838 31.496552 7.035125
v 12.357697 31.456812 6.944424
v 13.493658 30.631210 8.467384
v 13.577588 30.602631 8.358217
v 14.932508 29.623722 9.581884
v 14.997888 29.608122 9.458349
v 16.520388 28.511881 10.336796
v 16.565289 28.510611 10.203536
v 18.197697 27.337412 10.703806
v 18.220978 27.351292 10.565806
v 19.901497 26.144392 10.669126
v 19.902817 26.173651 10.531566
v 21.567858 24.977602 10.234056
v 21.547688 25.021902 10.102116
v 23.134237 23.880812 9.414936
v 23.093868 23.939260 9.293554
v 24.541847 22.895191 8.242497
v 24.483328 22.966341 8.136230
v 25.737867 22.057722 6.760737
v 25.663937 22.139671 6.673573
v 26.677427 21.399841 5.025265
v 26.591387 21.490271 4.960476
v 27.325247 20.946232 3.101208
v 27.230848 21.042511 3.061225
v 27.657038 20.713911 1.060770
v 27.558367 20.813181 1.047094
v 27.660328 20.711611 -1.019475
v 27.561607 20.810911 -1.006331
v 27.335007 20.939402 -3.061463
v 27.240488 21.035761 -3.021992
v 26.693277 21.388741 -4.988562
v 26.607027 21.479311 -4.924246
v 25.759218 22.042772 -6.728453
v 25.685017 22.124922 -6.641706
v 24.567898 22.876951 -8.215845
v 24.509047 22.948332 -8.109921
v 23.164007 23.859961 -9.394917
v 23.123257 23.918682 -9.273793
v 21.600237 24.954931 -10.221423
v 21.579657 24.999521 -10.089643
v 19.935268 26.120750 -10.664344
v 19.936148 26.150322 -10.526854
v 18.231588 27.313681 -10.707064
v 18.254427 27.327871 -10.569023
v 16.553127 28.488951 -10.347974
v 16.597618 28.487982 -10.214563
v 16.468498 28.435362 -10.487123
v 15.356195 29.214211 -10.011913
v 15.419256 29.247652 -9.935698
v 15.288276 29.160650 -10.070394
v 18.169527 27.244291 -10.851044
v 19.896118 26.035322 -10.807743
v 21.583477 24.853821 -10.358864
v 23.168278 23.744131 -9.521247
v 24.591047 22.747902 -8.326319
v 25.798388 21.902512 -6.818928
v 26.744999 21.239681 -5.055641
v 27.395357 20.784292 -3.102629
v 27.725058 20.553442 -1.033183
v 27.721718 20.555782 1.075034
v 27.385477 20.791222 3.142909
v 26.728937 21.250931 5.092838
v 25.776747 21.917662 6.851646
v 24.564638 22.766392 8.353331
v 23.138098 23.765261 9.541536
v 21.550667 24.876801 10.371675
v 19.861898 26.059280 10.812586
v 18.135187 27.268341 10.847736
v 16.435318 28.458601 10.475796
v 14.826097 29.585392 9.710727
v 15.514266 29.246552 -9.751737
v 4.572884 25.554590 4.795829
v 7.444700 23.543709 -9.372176
v 9.655041 21.996019 -11.000003
v 5.072043 25.205069 10.999998
v 5.021139 25.240709 10.935408
v 3.874926 26.043299 1.878548
v 3.809089 26.089399 -1.271743
v 4.572885 25.554590 10.499998
v 4.577115 25.551630 10.503648
v 4.820908 25.380919 10.721678
v 4.417335 25.663500 -4.334331
v 5.657718 24.794970 -7.098005
v 9.353467 33.560390 -8.000005
v 9.353468 33.560390 -5.400004
v 10.206306 32.963219 -8.000005
v 9.411288 33.519897 -5.400004
v 11.591096 31.993570 -8.000005
v 9.411283 33.519909 -0.000004
v 14.444686 29.995481 -9.244925
v 13.361786 30.753731 -8.783814
v 12.375155 31.444582 -8.363513
v 11.627136 31.968351 -8.016753
v 10.206317 32.963211 -0.000004
v 11.606846 31.982552 -8.007065
v 11.606066 31.983091 -8.009027
v -9.072093 50.583118 5.299996
v -9.065322 50.717258 5.458003
v -9.073477 50.555698 5.206053
v -9.072954 50.566029 4.969826
v -9.077881 50.468418 5.026515
v -9.080993 50.406738 4.940984
v -9.070932 50.606068 5.499996
v -9.070932 50.606068 7.000009
v -9.065322 50.717258 7.483879
v -9.068902 50.646309 7.296030
v -9.115322 50.718140 7.999996
v -9.115322 50.718140 7.660388
v -9.177776 49.636330 7.999996
v -9.120386 50.589817 7.396992
v -9.123233 50.522457 7.000009
v -9.125219 50.477249 5.234469
v -9.135177 50.270390 4.916293
v -9.123233 50.522457 5.499996
v -9.245949 49.075871 4.699996
v -9.270438 48.953300 4.699996
v -9.270437 48.953300 7.999996
v -9.269484 48.957478 4.699996
v -9.286500 48.523609 4.585473
v -9.126915 48.523609 4.581645
v -9.316356 48.446789 4.563059
v -9.126915 48.343678 4.488985
v -9.385333 48.288158 4.485227
v -9.599394 47.821407 4.099996
v -9.598397 47.824299 4.103812
v -9.494182 47.997108 4.099996
v -9.512307 48.029099 4.284123
v -9.327361 48.115891 4.099996
v -9.501214 48.052002 4.304149
v -9.346944 48.160637 4.315550
v -9.421614 48.212337 4.434051
v -9.390837 48.276409 4.477837
v -9.126915 48.206680 4.315550
v -9.126915 48.157818 4.099996
v -9.072953 48.523609 4.581645
v -9.072953 48.333889 4.480874
v -9.072953 48.203968 4.309799
v -9.072953 48.157818 4.099996
v -9.100528 50.385307 4.937102
v -9.118147 50.352810 4.931217
v -9.109969 50.523407 5.217986
v -9.124016 50.336380 4.928241
v -9.107944 50.571419 5.499996
v -9.298535 48.758167 4.642469
v -9.306763 48.668270 4.626191
v -9.325272 48.673100 4.649996
v -9.294931 48.812618 4.659441
v -9.303278 48.814659 4.699996
v -9.267983 48.952728 4.677699
v -9.338236 48.676479 4.699996
v -9.303331 48.523609 4.587617
v -9.334381 48.523609 4.599996
v -9.389522 48.449108 4.613717
v -9.315121 48.591568 4.612303
v -9.449675 48.206730 4.451638
v -9.470630 48.194340 4.474778
v -9.358238 48.452358 4.580534
v -9.482115 48.176559 4.500862
v -9.403671 48.437687 4.655671
v -9.267197 48.956970 4.678467
v -9.072956 64.577347 -8.347743
v -9.072945 64.610641 -8.419137
v -9.072956 64.039207 -8.327468
v -9.072954 57.922207 -0.892267
v -9.072953 48.523609 4.599996
v -9.072956 63.819958 -7.522199
v -9.072956 62.669807 -7.142086
v -9.072956 62.839718 -8.000005
v -9.072956 61.592228 -6.586838
v -9.073706 50.518700 -8.000004
v -9.072956 60.614468 -5.870266
v -9.072954 59.760487 -5.009920
v -9.072954 48.157818 -6.000004
v -9.076743 48.548710 -6.049189
v -9.072956 63.941059 -7.569448
v -9.072956 64.263741 -7.846346
v -9.072965 50.518139 -6.050004
v -9.073034 57.979729 -0.942516
v -9.072954 58.132168 -1.791390
v -9.072954 58.503948 -2.945198
v -9.072954 59.051189 -4.026872
v -9.072953 50.718140 6.849996
v -9.072953 50.872208 7.424996
v -9.072953 51.293140 7.845925
v -9.072954 50.678898 5.222605
v -9.072953 57.922180 7.992069
v -9.072953 50.718140 5.499996
v -9.072953 57.730877 7.999996
v -9.072953 51.868137 7.999996
v 2.926557 54.262218 7.999995
v 4.019736 54.607319 7.999995
v 3.812648 54.608059 7.999995
v 2.927047 54.777447 7.999995
v 2.927047 54.642220 7.999995
v 2.926754 54.338848 7.999995
v -3.931155 54.609238 7.999995
v -4.165643 54.607319 7.999995
v -3.072463 54.262218 7.999995
v -3.072661 54.338848 7.999995
v -3.072953 54.642220 7.999995
v -3.072953 54.777447 7.999995
v 8.927048 34.450100 -0.000004
v 8.927048 38.168140 -0.000005
v 8.877049 34.900101 -0.000004
v 8.877049 38.168140 -0.000005
v 8.927048 34.450100 -5.400004
v 8.927047 50.718140 5.499994
v 8.927046 50.584160 4.999994
v 8.927046 57.922119 -0.892203
v 8.927048 34.379539 -5.400004
v 8.927047 34.379539 -8.000005
v 8.927044 62.839718 -8.000007
v 8.927044 61.893627 -6.764058
v 8.927032 64.610626 -8.419132
v 8.927044 64.577347 -8.347746
v 8.927044 64.039207 -8.327469
v 8.927044 64.409996 -8.042015
v 8.927044 60.884529 -6.092339
v 8.927046 59.992588 -5.271408
v 8.927046 59.239647 -4.321370
v 8.927048 38.168140 4.499995
v 8.927046 49.718140 4.499994
v 8.927046 50.218140 4.633969
v 8.927044 64.093590 -7.674415
v 8.927044 63.819958 -7.522201
v 8.927044 62.995167 -7.270115
v 8.927047 51.293140 7.845923
v 8.927047 50.872208 7.424994
v 8.927047 51.868137 7.999994
v 8.927047 50.718140 6.849994
v 8.927047 57.730877 7.999994
v 8.927047 57.922180 7.992068
v 8.927126 57.979740 -0.942522
v 8.927046 58.220699 -2.129642
v 8.927046 58.644157 -3.265494
v -9.065322 50.718140 5.499996
v 8.877048 50.718140 5.499994
v 8.877048 50.584160 4.999994
v 8.877048 50.218140 4.633969
v 8.877048 49.718140 4.499995
v 8.877049 38.168140 4.499995
v 3.180156 25.309010 -0.000003
v -10.253800 6.123331 -0.000001
v -10.258481 5.996962 -1.281698
v -10.306940 4.690118 -4.251877
v -10.309219 4.628710 -4.338895
v -6.447331 1.506573 -10.253730
v -7.336586 2.008886 -9.561985
v -7.545817 2.110516 -9.383399
v -5.591896 0.911655 -10.818700
v -5.304728 1.003252 -10.904490
v -4.716378 1.471502 -11.000000
v -4.955451 1.211990 -10.979400
v -8.500488 2.498075 -8.486152
v -9.394828 2.776426 -7.488533
v -10.366541 3.082756 -6.075489
v -10.164531 3.018089 -6.408052
v -9.694006 2.869462 -7.098761
v 3.458937 25.576859 1.337147
v 3.183657 25.313980 0.021046
v -10.267171 5.762754 -2.159265
v 4.093493 25.730980 3.448309
v 4.447852 25.629189 4.447941
v 3.814963 25.718288 2.600878
v 3.574214 25.640579 1.779066
v 8.059916 58.261597 7.005196
v 8.259415 58.393238 -1.019660
v 8.057481 58.258949 6.999994
v 8.121521 58.317970 -1.035136
v 8.057480 58.258949 -1.035632
v 8.177850 58.355648 7.221731
v 8.381301 58.420078 7.503359
v 8.424025 58.422157 -0.996743
v 8.797142 58.258358 -0.912296
v 8.669653 58.359367 -0.945562
v 8.586147 58.396179 7.721488
v 8.652579 58.368420 -0.949716
v 8.574507 58.399937 -0.967781
v 8.534078 58.410587 -0.976351
v 8.737237 58.314320 7.851698
v 8.788134 58.268028 7.890341
v 8.873930 58.146427 -0.891422
v 8.834363 58.212158 7.923335
v 8.911644 58.045319 -0.884486
v 8.902501 58.076908 7.969576
v 8.916125 58.026520 -0.885929
v 8.927017 57.927517 -0.891775
v -9.036574 58.109409 -0.887385
v -9.062031 58.026508 -0.885945
v -9.072926 57.927547 -0.891988
v -9.048407 58.076908 7.969577
v -8.980270 58.212158 7.923336
v -8.945257 58.255920 -0.911683
v -8.735480 58.395008 -0.964432
v -8.810913 58.361919 -0.946699
v -8.732054 58.396179 7.721489
v -8.906809 58.294380 -0.922187
v -8.883142 58.314320 7.851699
v -8.934040 58.268028 7.890342
v -8.654778 58.415428 -0.981394
v -8.527207 58.420078 7.503360
v -8.490640 58.415348 -1.008824
v -8.323756 58.355648 7.221732
v -8.328335 58.358250 -1.028338
v -8.205821 58.261597 7.005197
v -8.267426 58.317970 -1.035135
v -8.203389 58.258949 6.999995
v -8.203390 58.258949 -1.035631
v 4.815935 55.814270 5.999994
v 4.815923 55.814270 6.999994
v 6.056111 56.533878 6.999994
v 5.452044 56.156338 -4.500006
v 4.130720 55.503048 -4.500006
v 5.452045 56.156338 -1.107093
v 3.902231 55.411457 5.407324
v 6.198032 56.630718 -1.035347
v 4.324723 55.585148 5.660204
v 4.331450 55.588078 5.664581
v -4.276628 55.503048 -4.500005
v -3.314352 55.156559 5.099995
v -1.506652 54.761971 -4.500005
v -1.506651 54.761971 5.099995
v 1.360743 54.761971 -4.500005
v 1.360744 54.761971 5.099995
v 3.168444 55.156559 5.099995
v -5.597954 56.156338 -4.500005
v -5.597954 56.156338 -1.107092
v -4.961842 55.814270 5.999995
v -4.806599 55.738750 5.889796
v -6.758723 56.933117 -0.994040
v -4.478313 55.588787 5.666031
v -6.105168 56.469639 -1.061357
v -4.467206 55.583950 5.658789
v -4.281556 55.505070 5.541822
v -4.058518 55.415318 5.412731
v -7.505636 57.559177 -0.971644
v -7.536337 57.587429 6.999995
v -6.217552 56.544327 6.999995
v -4.961842 55.814270 6.999995
v 6.974287 57.222050 -0.971880
v 7.384054 57.581539 6.999994
v 0.664545 64.390755 -6.500006
v 1.204431 64.930641 -6.500006
v -0.072956 65.668137 -6.500006
v 1.402044 65.668137 -6.500006
v 1.204431 66.405632 -6.500006
v -1.350343 64.930641 -6.500006
v -0.810456 64.390755 -6.500006
v -0.072956 64.193138 -6.500006
v -0.810456 66.945526 -6.500006
v -1.350343 66.405632 -6.500006
v -1.547955 65.668137 -6.500006
v 0.664544 66.945526 -6.500006
v -0.072956 67.143135 -6.500006
v -1.350343 64.930641 -8.400005
v -0.810456 64.390755 -8.400005
v -0.072956 64.193138 -8.400005
v 0.664544 64.390755 -8.400005
v 1.204431 64.930641 -8.400005
v 1.402044 65.668137 -8.400005
v 1.204430 66.405632 -8.400005
v 0.664544 66.945526 -8.400005
v -0.072956 67.143135 -8.400005
v -0.810456 66.945526 -8.400005
v -1.350344 66.405632 -8.400005
v -1.547955 65.668137 -8.400005
v -1.547955 64.668137 -8.400005
v -1.792465 65.323296 -8.400005
v -1.611075 65.017792 -8.400005
v -1.547955 64.317451 -8.400005
v -0.702118 63.769680 -8.400005
v 0.303447 63.703876 -8.400005
v 1.213455 64.136749 -8.400005
v 1.796877 64.958397 -8.400005
v 1.905599 65.960228 -8.400005
v 1.512020 66.887909 -8.400005
v 0.716059 67.505920 -8.400005
v -0.280211 67.657372 -8.400005
v -1.223866 67.303810 -8.400005
v -1.875336 66.534981 -8.400005
v -2.069228 65.546097 -8.400005
v -2.069228 65.546097 -8.500006
v -1.792465 65.323296 -8.500006
v -1.611075 65.017792 -8.500006
v -1.547955 64.668137 -8.500006
v -1.547955 64.317451 -8.500006
v -1.875336 66.534981 -8.500006
v -1.223866 67.303810 -8.500006
v -0.280211 67.657372 -8.500006
v 0.716059 67.505920 -8.500006
v 1.512020 66.887909 -8.500006
v 1.905599 65.960228 -8.500006
v 1.796877 64.958397 -8.500006
v 1.213455 64.136749 -8.500006
v 0.303447 63.703876 -8.500006
v -0.702118 63.769680 -8.500006
v 2.249918 70.653542 -8.500007
v 2.249918 70.653542 -9.409933
v 0.724168 71.110062 -9.409932
v 0.723614 71.110146 -8.500007
v -0.870082 71.110062 -9.409933
v -0.869526 71.110146 -8.500007
v -2.397356 70.652824 -9.409931
v -2.395830 70.653542 -8.500006
v -2.682744 70.244057 -9.318988
v -2.682744 70.244057 -8.500006
v -2.637750 70.411766 -8.500006
v -2.637750 70.411766 -9.367391
v -2.538106 70.553986 -8.500006
v -2.538106 70.553986 -9.398975
v -5.226846 66.757820 -8.560324
v -5.296751 66.347816 -8.500006
v -4.853756 67.880371 -8.500006
v -4.853756 67.880371 -8.873226
v -3.952641 69.231567 -8.500006
v -3.952641 69.231567 -9.180336
v -7.032319 65.915932 -8.560328
v -7.025042 65.906715 -8.556249
v -6.960789 65.857872 -8.534184
v -6.958096 65.856270 -8.533497
v -6.668311 65.708252 -8.500006
v -6.756446 65.753677 -8.503086
v -6.954882 65.854401 -8.532689
v 5.150837 66.347816 -8.500007
v 6.522398 65.708252 -8.500007
v 5.080930 66.757835 -8.560327
v 6.730831 65.812988 -8.516895
v 6.816734 65.858978 -8.534669
v 6.876529 65.903847 -8.554964
v 6.886417 65.915939 -8.560335
v 4.707844 67.880371 -8.500007
v 3.806728 69.231567 -9.180337
v 3.806728 69.231567 -8.500007
v 2.536831 70.244057 -9.318989
v 2.536831 70.244057 -8.500007
v 4.707844 67.880371 -8.873227
v 2.392933 70.553246 -8.500007
v 2.392933 70.553246 -9.398845
v 2.492718 70.409866 -8.500007
v 2.492718 70.409866 -9.366900
v 2.903611 72.051407 -9.971596
v 1.451462 72.544350 -9.971596
v -3.049524 72.051407 -9.971595
v -2.539146 70.956902 -9.532050
v -1.597375 72.544350 -9.971596
v -1.093734 72.636925 -9.971596
v 0.947821 72.636925 -9.971596
v -0.072957 72.711288 -9.971596
v 0.117840 59.534328 -11.494635
v -0.339507 59.550198 -11.495384
v -0.747240 59.749027 -11.500005
v 5.139516 64.906471 -11.500006
v -3.555771 69.620361 -11.500005
v 5.177868 65.245247 -11.500006
v -2.682744 70.244057 -11.500005
v 5.130090 66.491722 -11.500006
v 1.369470 59.888008 -11.500005
v 0.601328 59.749027 -11.500005
v 0.537270 59.702778 -11.499755
v 2.460503 70.468918 -11.495715
v 2.536831 70.244057 -11.500006
v 2.286606 70.634628 -11.491125
v 2.249918 70.653542 -11.495505
v 3.327745 69.691231 -11.500006
v -2.677377 70.285805 -11.499814
v 5.080925 64.526497 -11.500006
v 4.762146 63.029598 -11.500005
v 4.652155 62.669628 -11.500005
v -4.632693 62.228710 -11.500005
v -4.892802 62.976002 -11.500005
v -4.988461 63.334579 -11.500005
v -5.285429 64.906471 -11.500005
v -1.421132 71.000351 -11.491005
v -0.129581 71.167847 -11.491006
v 1.165146 71.026970 -11.491006
v 4.178346 68.778831 -11.500006
v 4.790572 67.692017 -11.500006
v 4.407828 62.052170 -11.500005
v 4.163743 61.609848 -11.500005
v 4.048073 61.443718 -11.500005
v -5.313961 65.137215 -11.500005
v -5.291858 66.384415 -11.500005
v -4.977125 67.591446 -11.500005
v -4.387407 68.690636 -11.500005
v -2.580964 70.505219 -11.494555
v -2.395830 70.653542 -11.495504
v -2.871973 60.409237 -11.500005
v -3.721098 60.958408 -11.500004
v -4.454419 61.855068 -11.500004
v -3.823201 61.042358 -11.500004
v -4.263538 61.540737 -11.500004
v 3.575185 60.958408 -11.500005
v 2.726060 60.409237 -11.500005
v -1.515385 59.888008 -11.500005
v -4.180564 60.365238 -11.404654
v -3.232863 59.731197 -11.400004
v -4.191466 60.351158 -11.400004
v -1.701363 59.142757 -11.400005
v -0.072957 58.942638 -11.400005
v 1.555448 59.142757 -11.400005
v 3.590563 60.938557 -11.499905
v 3.086949 59.731190 -11.400005
v 4.045555 60.351158 -11.400005
v -5.597956 62.800327 -8.500005
v -6.012192 63.803909 -8.500005
v -6.209872 64.625046 -8.500006
v -6.404726 65.275490 -8.500005
v -2.072955 59.773228 -8.500006
v -1.449831 59.597370 -8.500006
v 5.791956 63.580898 -8.500007
v 6.063962 64.625046 -8.500007
v 6.271276 65.302490 -8.500007
v 3.788465 60.785019 -8.500006
v 3.987656 60.949558 -8.500006
v 4.747397 61.728817 -8.500006
v 5.358130 62.625988 -8.500006
v 2.076266 59.825588 -8.500006
v 3.074540 60.297390 -8.500006
v -1.172956 59.541149 -8.500006
v -0.072963 59.443188 -8.500006
v 1.027045 59.541149 -8.500006
v -4.918488 61.760349 -8.500005
v -3.934126 60.785370 -8.500005
v -2.758495 60.052277 -8.500006
v -6.247786 63.181538 -11.222493
v -6.849153 64.677971 -11.050014
v -6.098378 64.787682 -11.385315
v -4.485525 60.597500 -11.397524
v -4.932419 61.051548 -11.383424
v -5.682290 62.748699 -11.385314
v -5.177697 61.465050 -11.385314
v -5.994423 62.659779 -11.272433
v -5.576976 61.924267 -11.332374
v -4.145322 71.460258 -9.945148
v -7.520903 68.110802 -9.359503
v -8.099773 67.040245 -9.095401
v -7.301799 66.333405 -8.739491
v -8.320364 66.430176 -8.928088
v -8.458880 65.793861 -8.739491
v -5.444847 70.514816 -9.833173
v -6.579802 69.388649 -9.636264
v -7.156587 65.952942 -8.591721
v -7.241691 66.036980 -8.632420
v -7.280020 66.150978 -8.675970
v -7.462239 65.658142 -8.473336
v -7.469342 65.626495 -8.458101
v -7.404057 65.548538 -8.430835
v -7.488987 65.514725 -8.403655
v -7.497534 65.443359 -8.368861
v -7.400505 65.545738 -8.430079
v -7.503444 65.235107 -8.272593
v -7.483196 65.047775 -8.202868
v -7.141826 65.324455 -8.404867
v -7.408346 65.838821 -8.556621
v -7.317235 66.066559 -8.647315
v -7.349191 65.991135 -8.619366
v -6.884109 65.423599 -8.470146
v -6.842365 64.994545 -8.433102
v -7.573469 64.393410 -7.944633
v -7.073128 64.478386 -8.298129
v -6.922518 64.503960 -8.364797
v -6.496248 64.576385 -8.478798
v -7.496786 64.711395 -8.080448
v -7.524552 64.573647 -8.023545
v -7.440727 64.752510 -8.130353
v -7.428183 65.034012 -8.224201
v -7.475439 64.933495 -8.164708
v -7.484226 64.798531 -8.114811
v 7.161150 66.087761 -8.654754
v 7.134046 66.149605 -8.675534
v 7.086149 66.022461 -8.626206
v 7.338884 65.057259 -8.205806
v 7.240131 65.534698 -8.427247
v 7.337291 65.047768 -8.202862
v 6.994125 65.325920 -8.405601
v 6.891948 65.916527 -8.561378
v 7.312618 65.667267 -8.477839
v 7.301590 65.712105 -8.499036
v 7.015026 65.954712 -8.592903
v 7.268076 65.826469 -8.551157
v 7.267349 65.828590 -8.552089
v 7.206842 65.979477 -8.614842
v 7.260654 65.550476 -8.431363
v 7.322670 65.623100 -8.456619
v 7.357946 65.238007 -8.273735
v 7.359226 65.294472 -8.298592
v 7.333793 65.567947 -8.429786
v 6.618839 64.530762 -8.419173
v 6.737833 64.668747 -8.390841
v 6.697475 65.174828 -8.451257
v 7.166053 64.437820 -8.158408
v 7.427565 64.393402 -7.944625
v 7.342185 64.522369 -8.042109
v 7.365199 64.634842 -8.049200
v 7.281287 64.874481 -8.173344
v 7.338637 64.795792 -8.113762
v 3.999409 71.460258 -9.945149
v 8.312966 65.793861 -8.739494
v 8.173401 66.433937 -8.929170
v 7.155885 66.333405 -8.739492
v 7.953861 67.040245 -9.095402
v 7.374990 68.110802 -9.359504
v 6.433889 69.388649 -9.636264
v 5.298935 70.514816 -9.833173
v 7.688770 68.134499 -10.092095
v 7.729936 68.212891 -9.866690
v 8.295419 67.012581 -9.815324
v 8.337008 67.090187 -9.589723
v 8.316452 67.112091 -9.468090
v 7.670879 68.230980 -9.632524
v 8.271757 67.119720 -9.358381
v 7.525455 68.184509 -9.444530
v 8.114980 67.094261 -9.175569
v 4.087759 71.595612 -10.040956
v 2.980427 72.216141 -10.087115
v 4.166968 71.707771 -10.240436
v 3.030537 72.323601 -10.274595
v 4.189913 71.725510 -10.480865
v 3.041436 72.346970 -10.494935
v 4.151213 71.644676 -10.705846
v 3.010977 72.281662 -10.704736
v 5.513096 70.653862 -10.588495
v 5.438646 70.547501 -10.715136
v 4.087142 71.530762 -10.831595
v 8.199772 66.933937 -9.947858
v 7.597744 68.047318 -10.222526
v 6.619001 69.376282 -10.510355
v 6.567037 69.485878 -9.726385
v 6.694000 69.557411 -9.919806
v 6.742990 69.553001 -10.156936
v 6.702510 69.473656 -10.382135
v 5.552744 70.734016 -10.363436
v 5.515897 70.726387 -10.124195
v 5.411195 70.632767 -9.926918
v 2.947510 72.145546 -10.859096
v -3.093424 72.145546 -10.859095
v -3.149025 72.264786 -10.732644
v -1.619858 72.645760 -10.859096
v -1.652362 72.792381 -10.704736
v -1.013726 72.752991 -10.859096
v -0.072957 72.965347 -10.704736
v -0.072957 72.815170 -10.859096
v 1.473945 72.645760 -10.859096
v 1.490803 72.721802 -10.087115
v -0.072957 72.893059 -10.087115
v -3.115963 72.193886 -10.064255
v 1.516466 72.837555 -10.274595
v 1.522047 72.862732 -10.494935
v 1.506449 72.792381 -10.704736
v -0.072957 73.037415 -10.494935
v -0.072957 73.011627 -10.274595
v -1.667960 72.862732 -10.494935
v -1.662379 72.837555 -10.274595
v -1.636716 72.721802 -10.087115
v -3.156891 72.281662 -10.704735
v -3.186790 72.345772 -10.506035
v -3.174823 72.320107 -10.264094
v -8.462363 67.112091 -9.468088
v -8.415747 67.119751 -9.354823
v -7.815020 68.230728 -9.628895
v -4.297437 71.645248 -10.704925
v -8.441762 67.013016 -9.814379
v -7.835096 68.134972 -10.091165
v -8.345684 66.933937 -9.947857
v -7.743657 68.047318 -10.222525
v -7.183622 68.859840 -10.404405
v -6.848808 69.474174 -10.381214
v -6.764913 69.376282 -10.510354
v -5.659358 70.654419 -10.587575
v -5.584560 70.547501 -10.715135
v -4.233054 71.530762 -10.831594
v -4.231366 71.592155 -10.037334
v -5.554138 70.629807 -9.923351
v -6.709398 69.483490 -9.722919
v -7.667336 68.182785 -9.441208
v -8.256562 67.093079 -9.172381
v -4.311993 71.706635 -10.236654
v -5.660582 70.725502 -10.120444
v -6.838388 69.556816 -9.916104
v -4.335910 71.725861 -10.478305
v -5.698669 70.734421 -10.360874
v -6.888850 69.553452 -10.154385
v -7.875745 68.213417 -9.864159
v -8.482783 67.090775 -9.587207
v 5.549091 68.007668 -11.385316
v 5.941562 66.620171 -11.385316
v 1.297825 71.601234 -11.385316
v -0.135648 71.757217 -11.385316
v -1.565607 71.571754 -11.385316
v -2.911871 71.055290 -11.385315
v 2.654438 71.112587 -11.385316
v 3.858121 70.318665 -11.385316
v 5.996791 65.179291 -11.385316
v 6.753098 65.118385 -11.050015
v 6.703241 64.677979 -11.050015
v 5.952457 64.787682 -11.385316
v 5.983867 68.863785 -11.050015
v 6.249614 68.299179 -11.050015
v 6.690989 66.738800 -11.050015
v 4.841384 69.263977 -11.385316
v 4.347944 70.898125 -11.050015
v 5.024393 70.241348 -11.050015
v 5.453724 69.712029 -11.050015
v -0.143461 72.515930 -11.050015
v 1.468629 72.340530 -11.050015
v 2.994279 71.790985 -11.050015
v -5.171775 70.239708 -11.050014
v -4.600604 70.806000 -11.050014
v -4.098953 70.236740 -11.385315
v -3.265609 71.726540 -11.050014
v -2.996879 71.860710 -11.050014
v -1.751597 72.307381 -11.050015
v -5.681727 69.597382 -11.050014
v -5.060291 69.162025 -11.385315
v -6.129703 68.863914 -11.050014
v -5.741982 67.891411 -11.385315
v -6.448359 68.168442 -11.050014
v -6.105802 66.496132 -11.385315
v -6.857511 66.599297 -11.050014
v -6.131351 65.054420 -11.385315
v -6.886245 64.977951 -11.050014
v 5.419305 61.905628 -11.333705
v 4.792417 61.058319 -11.383144
v 4.853136 61.162449 -11.385315
v 5.187821 61.781620 -11.385315
v 5.431779 62.410137 -11.385315
v 6.035139 63.038109 -11.236775
v 5.888557 64.374390 -11.385316
v 6.636757 64.493645 -11.073465
v -0.848439 57.455910 -11.100424
v -2.371990 57.746227 -11.100424
v -3.814265 58.316628 -11.100424
v -5.124271 59.146908 -11.100424
v 4.978360 59.146908 -11.100425
v 3.668354 58.316628 -11.100425
v 2.226080 57.746227 -11.100425
v 0.702528 57.455910 -11.100425
v 5.927045 57.922180 -11.000005
v 4.371007 56.935940 -11.000005
v 2.657860 56.258430 -11.000005
v 0.848171 55.913570 -11.000005
v -0.994082 55.913570 -11.000004
v -2.803771 56.258430 -11.000004
v -4.516917 56.935940 -11.000004
v -6.072955 57.922180 -11.000004
v 4.342628 59.472378 -7.944519
v 4.247882 60.204067 -8.357634
v 2.932288 59.383690 -8.357634
v -4.393806 60.204067 -8.357633
v -5.495358 61.295120 -8.357633
v -5.572955 60.411160 -7.944449
v -6.164361 61.109638 -7.944488
v -6.328303 62.602787 -8.357633
v -6.805949 62.125378 -7.944539
v -7.279642 63.229450 -7.944591
v -6.851382 64.062302 -8.357633
v -3.078213 59.383698 -8.357633
v -1.613752 58.874638 -8.357634
v -0.072963 58.702099 -8.357634
v 1.467825 58.874638 -8.357634
v 6.705465 64.062286 -8.357635
v 6.182387 62.602768 -8.357635
v 7.150553 63.279797 -7.944611
v 5.262866 60.244728 -7.944542
v 6.050049 61.152298 -7.944566
v 5.349436 61.295109 -8.357634
v 6.684554 62.172470 -7.944588
v -4.792164 59.700310 -7.944449
v -3.355281 58.804310 -7.944449
v -1.755804 58.248310 -7.944449
v -0.072964 58.059868 -7.944449
v 1.027045 58.139797 -7.944449
v 2.197526 58.406567 -7.944473
v 3.312284 58.854530 -7.944497
v -7.302149 62.963177 -10.736624
v -7.872956 65.668129 -10.400004
v -6.596192 59.986568 -10.954023
v -6.600900 60.005558 -10.953183
v -5.754709 61.106289 -11.188423
v -6.943354 61.413887 -10.870963
v -6.629521 61.825977 -10.978293
v -7.142607 62.263077 -10.802834
v -7.271926 62.829060 -10.750004
v -8.711911 66.355980 -9.566291
v -8.525310 66.582985 -9.817771
v -8.824501 65.638092 -9.450704
v -8.861259 65.670822 -9.363246
v -8.880153 65.709038 -9.247944
v -8.731079 66.400711 -9.429051
v -8.561036 65.801552 -8.769896
v -8.543166 66.460297 -9.039233
v -8.686990 65.800041 -8.843560
v -8.640829 66.456497 -9.147169
v -8.787178 65.784851 -8.948123
v -8.707276 66.436081 -9.282763
v -8.855556 65.755722 -9.081141
v -8.880382 65.715736 -9.226066
v -8.517222 65.646278 -8.692279
v -9.052792 64.812889 -8.704736
v -9.029643 64.850731 -8.861646
v -9.035523 64.908371 -8.621476
v -8.871118 65.201378 -8.583103
v -8.912848 65.065620 -8.471247
v -8.728033 65.145432 -8.377924
v -8.629325 65.382271 -8.565667
v -8.726836 65.373436 -8.608455
v -8.683236 65.256462 -8.478691
v -8.697783 65.221558 -8.450041
v -9.052444 64.737396 -8.355720
v -8.989026 64.858620 -8.295086
v -8.986871 64.995186 -8.541189
v -8.888342 64.957626 -8.245564
v -8.820849 65.349136 -8.672708
v -8.901261 65.307961 -8.757378
v -8.891917 65.511086 -8.957192
v -8.828238 65.547981 -8.852631
v -8.742287 65.571609 -8.766700
v -8.644418 65.581642 -8.704429
v -8.544700 65.579971 -8.666068
v -8.765414 65.023361 -8.212684
v -8.958020 65.251488 -8.857076
v -8.984398 65.184532 -8.962760
v -8.979346 65.113800 -9.064265
v -8.913138 65.274742 -9.260341
v -8.928643 65.411301 -9.183097
v -8.894259 65.346100 -9.306065
v -7.517104 66.092140 -8.682690
v -7.982603 65.632309 -8.523924
v -8.767614 65.010826 -8.188881
v -8.769666 64.999161 -8.165045
v -8.426500 65.253929 -8.334526
v -8.280916 65.226372 -8.228816
v -7.806011 65.601410 -8.451253
v -7.353087 66.029572 -8.634448
v -7.635780 65.526375 -8.394488
v -7.821498 65.003960 -8.049266
v -7.677119 64.890656 -8.042202
v -7.546570 64.764412 -8.062870
v -7.823628 64.248871 -7.679827
v -7.802033 64.174332 -7.683127
v -8.234314 64.058052 -7.217261
v -8.203310 63.900318 -7.195091
v -8.167284 64.655922 -7.670596
v -8.360214 64.444366 -7.380740
v -8.034612 64.532005 -7.649435
v -8.353227 64.428192 -7.370442
v -7.918094 64.393219 -7.653135
v -8.348671 64.417427 -7.363779
v -8.257023 64.149315 -7.241599
v -8.311482 64.760071 -7.716328
v -8.454675 64.631798 -7.529203
v -8.424521 64.577492 -7.480077
v -8.548928 64.777885 -7.695362
v -8.515806 64.730751 -7.635405
v -8.492871 64.695282 -7.594549
v -8.661169 64.909485 -7.914850
v -8.628804 64.875801 -7.848680
v -8.600923 64.890572 -7.866564
v -8.457655 64.838448 -7.782912
v -8.117690 65.169922 -8.139362
v -7.970063 65.097542 -8.082702
v -8.703449 64.948799 -8.006392
v 8.036167 64.650520 -7.659477
v 7.903475 64.526840 -7.637075
v 8.142994 64.458611 -7.438653
v 7.592330 65.443771 -8.341891
v 7.361919 65.874352 -8.575434
v 7.522773 65.934441 -8.635925
v 7.761110 65.515808 -8.406347
v 7.913974 65.562500 -8.493480
v 7.857673 65.613197 -8.515777
v 8.026653 65.134300 -8.109154
v 8.498240 64.892960 -7.881032
v 8.189064 65.187981 -8.201746
v 8.556621 64.948570 -8.005398
v 8.623757 64.999176 -8.165076
v 8.346502 64.694588 -7.593801
v 8.482664 64.876259 -7.849399
v 8.469544 64.883377 -7.858138
v 8.326410 64.832001 -7.773798
v 8.180330 64.754219 -7.706313
v 8.331946 64.671211 -7.568722
v 8.274840 64.570381 -7.474064
v 8.153319 64.287262 -7.294460
v 8.057396 63.900318 -7.195090
v 8.111084 64.149208 -7.241565
v 7.901917 63.989277 -7.388023
v 7.929570 64.176125 -7.422732
v 7.655474 64.174805 -7.683875
v 7.692296 64.243576 -7.664808
v 7.879496 65.063759 -8.049052
v 7.731135 64.971405 -8.011574
v 7.586667 64.858589 -7.999953
v 7.455731 64.732056 -8.015833
v 8.384583 65.614052 -8.679955
v 8.621704 65.010841 -8.188897
v 8.619503 65.023361 -8.212686
v 8.612596 65.053986 -8.263605
v 8.577194 65.158318 -8.391248
v 8.521871 65.292915 -8.506277
v 8.456312 65.444992 -8.601582
v 8.670157 65.587868 -8.864307
v 8.583238 65.608948 -8.778688
v 8.649730 65.420860 -8.707633
v 8.865338 64.920380 -8.947064
v 8.854223 64.961159 -8.992312
v 8.817003 65.210800 -9.109763
v 8.808380 65.125252 -9.147848
v 8.771399 65.259338 -9.249795
v 8.900020 64.784569 -8.768564
v 8.819618 65.275620 -9.004307
v 8.734470 65.715736 -9.226068
v 8.715347 65.670822 -9.363250
v 8.678589 65.638100 -9.450706
v 8.905750 64.759392 -8.729193
v 8.903595 64.834541 -8.725139
v 8.885826 64.928291 -8.640017
v 8.906531 64.737396 -8.355721
v 8.836731 65.013191 -8.557965
v 8.843115 64.858620 -8.295088
v 8.762364 65.081688 -8.486514
v 8.742433 64.957626 -8.245564
v 8.790817 65.336006 -8.895342
v 8.735045 65.553947 -8.969134
v 8.731880 65.385811 -8.793381
v 8.711022 65.244072 -8.611793
v 8.709644 65.755722 -9.081144
v 8.641269 65.784851 -8.948126
v 8.541078 65.800041 -8.843562
v 8.517248 65.801491 -8.825835
v 8.529140 66.193497 -9.668229
v 8.564850 66.360100 -9.567475
v 8.584018 66.404831 -9.430238
v 8.560225 66.440170 -9.283937
v 8.493794 66.460526 -9.148325
v 8.396155 66.464241 -9.040367
v -5.015409 70.944038 -10.804495
v 4.869496 70.944038 -10.804496
v 7.253070 66.654327 -10.693775
v 7.727043 65.668137 -10.400006
v 8.199772 65.466545 -10.026035
v 8.199772 64.486862 -9.958250
v -7.398983 66.654327 -10.693774
v -8.345684 65.466545 -10.026033
v -8.345684 64.486862 -9.958248
v 6.918896 62.196178 -10.832046
v 6.055402 61.470058 -11.094734
v 5.171139 60.755989 -11.253625
v 6.160506 58.833080 -10.990905
v 6.282269 59.314297 -10.978905
v 6.630137 60.718769 -10.916454
v 7.299215 63.608128 -10.667806
v 7.287170 63.553108 -10.673965
v 6.996613 62.262730 -10.802865
v 6.966687 62.133488 -10.814105
v 6.702590 61.017979 -10.898025
v -6.073216 50.518139 -11.000003
v -5.550931 2.448498 -11.000000
v 6.995957 31.657639 -11.000003
v 7.632729 31.102940 -11.000003
v 8.485589 30.505758 -11.000003
v 5.927047 34.379539 -11.000003
v -8.997404 8.736928 -11.000000
v -9.072951 9.190547 -11.000000
v -7.740768 44.454388 -11.000003
v -7.075855 46.006290 -11.000003
v -9.072954 40.118137 -11.000002
v 6.384335 32.522339 -11.000003
v 6.021096 33.517239 -11.000003
v -6.562752 47.464428 -11.000003
v -6.456072 47.840919 -11.000003
v -6.203251 49.016350 -11.000003
v -6.083325 50.170048 -11.000003
v -6.726996 3.955940 -11.000000
v -7.594650 5.207125 -11.000000
v -8.102322 6.109083 -11.000000
v -9.020683 40.828789 -11.000002
v -8.831707 41.700211 -11.000002
v -8.445618 42.818977 -11.000003
v -8.565023 7.178740 -11.000000
v -8.900553 8.287376 -11.000000
v 6.526059 59.144989 -5.907760
v 5.579337 57.702850 -5.060209
v 6.420785 57.702850 -3.922428
v -3.488595 57.702850 -6.774032
v -2.812208 56.503887 -5.432599
v -1.755610 56.503887 -5.846821
v -4.060694 59.144989 -7.908639
v -4.751184 56.787590 -4.500005
v -3.773498 56.503887 -4.829350
v -4.687248 57.702850 -6.021828
v -4.084338 56.467110 -4.500005
v 5.490707 56.261578 -1.249903
v 6.296339 56.775188 -1.160899
v 5.628469 56.503887 -2.123763
v 7.404421 57.702850 -1.281765
v 7.176864 57.469002 -1.101899
v 8.057487 58.354179 -1.184363
v 8.057480 59.950298 -4.711946
v 7.508444 59.144989 -4.579408
v 8.057474 59.271938 -3.739618
v 5.922429 60.786297 -7.824526
v 2.025040 57.702850 -7.290579
v 3.342551 57.702850 -6.774101
v 3.914625 59.144989 -7.908719
v 5.314063 59.144989 -7.030553
v 7.271298 60.786297 -6.574934
v 7.792298 62.576679 -7.041359
v 8.057488 61.725117 -6.272847
v 8.057491 62.776138 -6.821453
v 7.036284 57.702850 -2.648168
v 5.452045 56.239227 -1.253019
v 5.452045 56.306438 -1.683176
v 5.452044 56.615738 -2.920349
v 5.452044 56.763130 -3.342927
v 5.452044 57.288128 -4.500006
v 5.427045 57.271709 -4.500006
v 4.282837 56.625069 -4.500006
v -1.172955 55.691158 -4.500005
v -0.280257 55.632847 -4.500005
v -1.572954 55.743427 -4.500005
v -2.856677 56.024448 -4.500005
v -5.597954 56.501888 -2.540540
v -5.597954 56.908630 -3.707495
v -6.566773 57.702850 -3.922297
v -5.597954 57.185600 -4.303600
v -7.182246 57.702850 -2.648025
v -6.606749 56.892918 -1.142436
v -5.774422 56.503887 -2.123648
v -6.081229 56.533020 -1.204264
v -5.597954 56.239269 -1.253278
v -8.203372 58.636448 -2.334907
v -8.203389 58.354168 -1.184362
v -7.550355 57.702850 -1.281615
v -7.420085 57.556339 -1.103775
v -8.203377 59.098900 -3.426576
v -5.597954 56.492687 -2.507104
v -7.654446 59.144989 -4.579257
v -8.203382 59.729549 -4.430508
v -8.203389 60.512257 -5.320999
v -7.417339 60.786297 -6.574786
v -7.938350 62.576679 -7.041201
v -8.203401 62.450298 -6.673935
v -8.203406 63.555988 -7.101740
v -6.068495 60.786297 -7.824405
v -5.460113 59.144989 -7.030444
v 0.634532 57.702850 -7.553382
v -0.780593 57.702850 -7.553368
v -2.171097 57.702850 -7.290537
v -0.640462 56.503887 -6.057605
v 0.494432 56.503887 -6.057616
v 1.609584 56.503887 -5.846855
v 2.666192 56.503887 -5.432653
v 8.057467 58.419697 -1.535051
v 8.057471 58.757339 -2.671537
v 8.057483 60.775070 -5.563625
v 3.627491 56.503887 -4.829425
v 4.541217 57.702850 -6.021920
v -5.597955 57.288128 -4.500005
v -5.725347 57.702850 -5.060095
v -6.672087 59.144989 -5.907628
v -8.203396 61.426979 -6.075245
v 3.072800 56.136387 -4.500005
v 2.337739 55.924488 -4.500005
v 1.027046 55.691158 -4.500005
v -8.887529 50.518139 -9.038355
v -7.111305 50.518139 -10.814572
v -8.194276 50.518139 -10.121323
v -8.996106 63.144440 -8.674685
v -8.813233 63.507019 -9.221023
v -8.571957 63.962299 -9.659823
v -8.721330 65.474800 -9.615979
v -8.995624 63.933479 -8.867992
v -8.721330 63.821777 -9.439035
v -9.060693 64.678329 -8.304005
v -9.053114 64.719780 -8.324513
v -8.958481 64.869507 -8.221205
v -8.990345 64.842911 -8.267135
v -8.856730 64.955101 -8.184130
v -8.890190 64.943680 -8.220172
v -8.352993 64.272858 -7.246487
v -8.514817 64.640846 -7.523135
v -8.690056 64.632835 -7.529945
v -8.856730 64.576118 -7.578148
v -8.982535 64.480965 -7.659033
v -9.043932 64.390366 -7.736044
v -8.514817 64.299911 -7.207318
v -8.217691 63.903988 -7.180189
v -8.352993 63.927170 -7.085738
v -8.407896 63.932648 -7.063430
v -8.514817 63.938519 -7.039482
v -8.612894 63.938950 -7.037738
v -8.690056 64.293938 -7.215971
v -8.690056 63.936008 -7.049699
v -8.753660 63.931259 -7.069029
v -8.856730 64.251640 -7.277223
v -8.841126 63.920700 -7.111989
v -8.937097 63.901760 -7.189117
v -8.982535 64.180641 -7.380004
v -9.008714 63.878498 -7.283830
v -9.043932 64.113045 -7.477865
v -9.049155 61.251278 -6.176839
v -9.049155 62.734440 -7.003947
v -8.936901 62.808002 -6.828314
v -8.753516 62.855679 -6.714483
v -8.534842 62.868149 -6.684705
v -8.323620 62.842979 -6.744797
v -8.323619 60.199177 -4.854296
v -8.323618 58.635750 -2.004830
v -8.232902 58.384277 -1.183704
v -8.419700 58.493248 -1.172367
v -8.534841 58.698410 -1.986968
v -8.754500 58.476089 -1.128809
v -8.740748 58.481697 -1.131459
v -8.753514 58.667358 -1.995820
v -8.641812 58.508808 -1.147684
v -8.535207 58.514359 -1.161127
v -8.841440 58.428387 -1.108828
v -8.936899 58.548679 -2.029654
v -8.856870 58.417400 -1.104576
v -8.937945 58.342640 -1.076953
v -9.049153 58.365559 -2.081860
v -9.019753 58.217720 -1.031831
v -9.049153 59.010818 -3.652673
v -9.049153 59.989048 -5.040809
v -8.936901 61.362049 -6.021946
v -8.753516 61.433830 -5.921558
v -8.534842 61.452610 -5.895296
v -8.323620 61.414707 -5.948292
v -8.936900 60.131458 -4.914404
v -8.753515 60.223759 -4.832480
v -8.534842 60.247898 -4.811047
v -8.936899 59.177769 -3.561079
v -8.753514 59.285969 -3.501714
v -8.534841 59.314270 -3.486185
v -8.323618 59.257137 -3.517523
v 8.925146 58.025810 -0.960224
v 8.926626 63.824848 -7.502247
v 8.867023 63.876667 -7.291271
v 8.903242 62.734440 -7.003948
v 8.710819 63.918240 -7.122022
v 8.607795 63.931248 -7.069040
v 8.607607 62.855679 -6.714487
v 8.368906 63.938519 -7.039474
v 8.269708 63.933277 -7.060865
v 8.177715 62.842979 -6.744795
v 8.207081 63.927170 -7.085732
v 8.790989 62.808002 -6.828316
v 8.791198 63.901749 -7.189126
v 8.732788 63.914410 -7.137614
v 8.903242 61.251289 -6.176839
v 8.903244 59.989048 -5.040811
v 8.903244 59.010830 -3.652678
v 8.903244 58.365559 -2.081864
v 8.855055 58.253899 -1.044824
v 8.608520 58.476120 -1.128826
v 8.635725 58.463570 -1.123211
v 8.790991 58.548679 -2.029659
v 8.691595 58.431057 -1.109879
v 8.791929 58.342770 -1.076998
v 8.389223 58.514347 -1.161130
v 8.468956 58.512447 -1.151409
v 8.607609 58.667358 -1.995825
v 8.177716 60.199177 -4.854296
v 8.177717 59.257149 -3.517525
v 8.177717 58.635757 -2.004833
v 8.177715 61.414719 -5.948290
v 8.388939 58.698410 -1.986973
v 8.388939 59.314270 -3.486188
v 8.388938 60.247898 -4.811050
v 8.388937 61.452618 -5.895297
v 8.388937 62.868149 -6.684706
v 8.512457 63.937569 -7.043320
v 8.607607 61.433830 -5.921561
v 8.607608 60.223759 -4.832483
v 8.607609 59.285969 -3.501719
v 8.242665 58.482349 -1.174881
v 8.790991 59.177769 -3.561083
v 8.790990 60.131458 -4.914407
v 8.790989 61.362049 -6.021948
v 8.368906 64.647575 -7.531096
v 8.207081 64.220116 -7.212058
v 8.862673 64.802551 -8.250224
v 8.898021 64.396149 -7.742877
v 8.710819 64.200447 -7.243805
v 8.836624 64.134666 -7.349971
v 8.898021 64.072029 -7.451053
v 8.544145 64.239647 -7.180538
v 8.368906 64.245178 -7.171601
v 8.544145 64.639526 -7.537868
v 8.695093 64.964661 -8.180019
v 8.836624 64.487091 -7.666273
v 8.710819 64.582611 -7.585817
v 8.907205 64.719788 -8.324536
v 8.844436 64.842911 -8.267155
v 8.744280 64.943687 -8.220190
v 8.575419 65.474800 -9.615981
v 8.453602 63.906567 -9.617570
v 8.849713 63.933479 -8.867993
v 8.575419 63.821777 -9.439037
v 8.714149 63.420219 -9.109985
v 8.890579 63.038170 -8.466338
v 8.820720 34.379539 -8.791625
v 8.381496 34.379539 -9.725019
v 8.048368 34.379539 -10.121323
v 6.965398 34.379539 -10.814572
v 7.652062 34.379539 -10.454453
v 6.718667 34.379539 -10.893673
v 6.143593 56.640640 -1.096537
v 6.153841 56.618389 -1.057448
v 6.840334 57.146008 -1.015777
v 7.304899 57.545979 -1.011167
v 7.255414 57.526028 -1.054454
v 8.103420 58.330540 -1.059936
v 5.452045 56.164089 -1.113830
v 6.137945 56.656677 -1.139051
v 5.452045 56.205967 -1.163055
v 5.452045 56.183117 -1.132982
v 5.452045 56.225258 -1.200344
v 6.881395 57.196209 -1.040837
v 8.068341 58.351128 -1.136184
v -5.597954 56.167698 -1.117153
v -5.597954 56.185650 -1.135864
v -6.083272 56.519798 -1.150350
v -8.249180 58.330639 -1.060215
v -6.986146 57.146137 -1.016065
v -7.613993 57.736057 -1.104074
v -7.298455 57.446899 -1.097385
v -8.213923 58.351238 -1.137378
v -6.081084 56.531948 -1.197705
v -5.597954 56.226498 -1.203485
v -6.535365 56.836117 -1.124330
v -6.971271 57.171078 -1.102881
v -6.101090 56.477448 -1.071177
v -6.549687 56.803047 -1.040180
v -8.253345 58.327808 -1.053930
v -8.307958 58.377438 -1.057310
v -8.280052 58.410587 -1.137211
v -8.709472 58.473518 -1.071587
v -8.572262 58.503002 -1.110572
v -8.978307 58.263180 -0.976330
v -8.887762 58.389698 -1.078889
v -8.419044 58.482868 -1.132363
v -8.423390 58.438297 -1.053254
v -8.662770 58.436600 -1.002952
v -8.549543 58.457638 -1.035175
v -8.833164 58.395279 -1.005462
v 8.702072 58.380497 -0.993553
v 8.468493 58.499088 -1.101073
v 8.318217 58.494488 -1.127761
v 8.190024 58.447037 -1.137086
v 8.597650 58.458019 -1.057504
v 8.845289 58.232002 -0.949979
v 8.881412 58.186928 -0.976169
v 8.758425 58.372818 -1.065442
v 8.208647 58.407860 -1.057203
v 8.314654 58.448559 -1.049426
v 8.438326 58.455368 -1.027319
v 8.545138 58.424637 -0.991294
v 0.836372 64.168137 9.024994
v 0.838711 65.147438 9.020925
v 0.977046 64.168137 8.499995
v 0.892706 65.256088 8.912305
v 0.976747 65.643135 8.524994
v 0.197441 64.653931 9.514583
v 0.452046 64.168137 9.409322
v -0.037905 64.618439 9.549409
v -0.072954 64.168137 9.549994
v 0.321552 64.695572 9.473064
v 0.457566 64.762108 9.406111
v 0.652510 64.909187 9.259074
v -0.603594 64.762100 9.406042
v -0.408012 64.673592 9.495100
v -0.597954 64.168137 9.409322
v -0.323036 64.648888 9.519778
v -0.073802 64.617889 9.549994
v -0.752099 64.867470 9.300783
v -0.982281 64.168137 9.024994
v -0.984249 65.146782 9.021571
v -1.021625 65.218391 8.950021
v -1.122955 64.168137 8.499995
v -1.122656 65.643135 8.524994
v -0.982281 65.668137 7.974994
v -0.982281 64.168137 7.974994
v -0.597954 65.668137 7.590667
v -0.597954 64.168137 7.590667
v -0.072954 65.668137 7.449994
v -0.072954 64.168137 7.449994
v 0.452046 65.668137 7.590667
v 0.452046 64.168137 7.590667
v 0.836372 65.668137 7.974994
v 0.836372 64.168137 7.974994
v 0.941268 65.668137 8.228235
v 0.977046 65.668137 8.499995
v 0.976747 65.668137 8.524994
v -1.122656 65.668137 8.524994
v -1.122955 65.668137 8.499995
v -1.113972 65.668137 8.362944
v -1.087177 65.668137 8.228235
v 8.519473 53.608257 7.999867
v 8.613286 53.419697 7.999993
v 8.593349 54.033779 7.999939
v 5.190734 55.058380 7.987782
v 5.356219 55.094738 7.981796
v 5.481814 55.307800 7.969797
v 5.644688 55.136940 7.977371
v 5.962741 55.554588 7.975283
v 6.157994 55.141438 7.986788
v 6.558526 55.666958 7.999886
v 6.344643 55.120777 7.991345
v 7.024158 55.628330 7.999943
v 6.624471 55.066868 7.995594
v 7.600585 55.415199 7.999831
v 7.287701 54.817959 7.998440
v 8.085714 55.036457 8.000159
v 7.532983 54.675049 7.999079
v 8.389439 54.613670 8.000099
v 8.077394 54.220028 7.999700
v 8.242723 54.028099 7.999733
v -7.050110 55.650898 7.999995
v -6.704433 55.666958 7.999887
v -8.214826 56.852818 7.999996
v -9.065322 52.219448 7.999996
v -8.773722 53.490547 7.999991
v -8.724715 54.104820 7.999996
v -8.499151 54.684910 7.999996
v -8.115023 55.151760 7.999996
v -7.588707 55.497440 7.999996
v -9.065322 51.868137 7.999996
v 8.877048 52.200500 7.999994
v 8.061965 56.846397 7.999994
v 8.877048 51.868137 7.999994
v -2.072953 57.535137 9.049996
v -2.072953 57.605877 8.999996
v -2.072953 55.668140 9.049996
v -2.072953 54.642220 8.999996
v 1.927047 54.642220 8.999995
v 1.927047 57.605877 8.999995
v 1.927047 55.668140 9.049995
v 1.927047 57.535137 9.049995
v 1.927046 64.668137 8.999995
v 1.927052 64.678345 6.301746
v 1.927046 57.605877 5.999995
v 1.927046 64.668137 6.227199
v 1.927047 64.628326 5.999994
v -9.065322 50.718140 6.849996
v 1.867008 57.605877 9.341274
v 0.927046 57.605877 9.999995
v 0.977193 57.058849 9.999995
v 1.338190 57.147560 9.928673
v 1.268186 57.605877 9.940006
v 1.675870 57.247128 9.693536
v 1.634101 57.605877 9.707154
v 1.865603 57.347698 9.386106
v 1.923625 57.462288 9.130560
v -2.067947 57.451698 9.147411
v -2.015419 57.351379 9.375586
v -2.012917 57.605877 9.341271
v -1.938978 57.605877 9.499996
v -1.962800 57.311787 9.494013
v -1.780016 57.605877 9.707148
v -1.123075 57.059120 9.999996
v -1.072953 57.605877 9.999996
v -1.312463 57.104889 9.980914
v -1.414112 57.605877 9.940002
v -1.451756 57.139347 9.941282
v -1.572953 57.605877 9.866020
v -1.695874 57.205608 9.807796
v -1.794995 57.237549 9.721456
v -2.072963 57.599277 8.994222
v -2.072953 57.605877 5.999995
v -3.029239 55.899818 5.999995
v -2.986419 55.926758 7.101745
v -2.477308 56.400097 5.999995
v -2.717366 56.135380 7.287649
v -2.325357 56.633297 5.999995
v -2.579445 56.275677 7.430999
v -2.351628 56.587528 7.776348
v -2.146737 57.067650 5.999995
v -2.220899 56.850967 8.084340
v -2.103558 57.257328 8.573945
v -4.470822 55.645859 5.999995
v -4.483289 55.648430 6.999995
v -3.978421 55.608109 5.999995
v -3.978421 55.608109 6.999995
v -3.725961 55.636208 5.999995
v -3.406287 55.720257 6.999995
v -3.127261 55.843590 7.044279
v 0.129371 64.383720 9.999995
v 0.595661 64.553101 9.999995
v 0.927046 64.668137 9.999995
v 0.914959 64.823135 9.999921
v -1.060845 64.823151 9.999977
v -1.072954 64.668137 9.999995
v -0.819278 64.603355 9.999995
v -0.367043 64.401512 9.999995
v -1.122954 55.668140 9.999996
v 0.977047 55.668140 9.999996
v 8.877048 50.718140 6.849994
v -0.685455 64.607262 3.149994
v 0.539545 66.729019 3.149994
v 0.987926 66.280632 3.149994
v -1.133835 65.055641 3.149994
v -1.297955 65.668137 3.149994
v 0.539545 64.607262 3.149994
v -0.072955 64.443138 3.149994
v 0.987926 65.055641 3.149994
v 1.152045 65.668137 3.149994
v -0.072955 66.893135 3.149994
v -0.685455 66.729019 3.149994
v -1.133836 66.280632 3.149994
v -1.263740 64.980637 4.999994
v -1.330109 65.111191 4.999994
v -1.447955 65.668137 3.299994
v -1.349789 65.157921 5.020736
v -1.380592 65.243042 5.020736
v -1.263741 64.980637 3.299994
v -0.760455 64.477348 3.299994
v -0.760455 64.477348 4.999994
v -0.072955 64.293137 3.299994
v -0.072955 64.293137 4.999994
v 0.614545 64.477348 3.299994
v 0.614545 64.477348 4.999994
v 1.117831 64.980637 3.299994
v 1.117831 64.980637 4.999994
v 1.234834 65.243500 5.020736
v 1.203881 65.157921 5.020736
v 1.184202 65.111191 4.999995
v 1.302045 65.668137 3.299994
v 1.117830 66.355637 3.299994
v 1.294485 65.812141 5.020736
v 1.302046 65.668137 5.020736
v 0.614545 66.858917 3.299994
v 0.735043 66.780678 5.020736
v 1.117698 66.355865 5.020736
v -0.072955 67.043137 3.299994
v 0.212681 67.013138 5.020736
v 0.614545 66.858917 5.020736
v -0.760455 66.858917 3.299994
v -0.359069 67.013039 5.020736
v -0.072955 67.043137 5.020736
v -1.263741 66.355637 3.299994
v -0.881347 66.780396 5.020736
v -0.760455 66.858917 5.020736
v -1.447954 65.668137 5.020736
v -1.440444 65.811646 5.020736
v -1.263851 66.355438 5.020736
v -1.829677 64.848930 5.357107
v -1.891123 64.838570 5.436468
v -1.995366 65.043190 5.471702
v -2.133685 65.023399 6.161614
v -2.138129 65.117180 6.262158
v -2.170605 65.888275 6.349889
v 1.836287 64.823196 5.597610
v 1.768094 64.834702 5.470843
v 1.849679 65.043869 5.471702
v 1.254774 64.993111 5.051600
v 1.578220 64.866646 5.251409
v 1.358668 64.903198 5.107365
v 1.545071 65.142769 5.151248
v 1.302881 64.928558 5.079025
v 1.917083 64.809418 5.900397
v 1.985451 64.993248 6.110826
v 1.983216 64.967140 5.999994
v 1.988528 64.998787 5.900594
v 2.082556 65.895119 5.900594
v 1.991451 65.247231 6.355966
v 1.990853 65.077492 6.225330
v 2.024618 65.889015 6.349889
v 1.933093 65.668137 6.552254
v 1.987047 65.326302 6.401649
v 1.845697 65.943901 6.642851
v 1.753438 66.723076 6.349889
v 1.667408 66.521599 6.642849
v 1.319397 67.016701 6.642847
v 1.166466 67.374725 6.349889
v 1.066100 67.236526 6.642845
v -0.511837 67.731140 6.349889
v -0.250540 67.598358 6.642841
v 0.365194 67.731300 6.349889
v 0.353349 67.559052 6.642843
v 0.916153 67.335152 6.642845
v -1.277867 67.186531 6.642836
v -0.750408 67.484276 6.642839
v -0.476298 67.564079 6.642840
v -1.912188 66.280136 6.642832
v -1.687381 66.740959 6.642834
v -1.899721 66.722427 6.349889
v -1.312983 67.374275 6.349889
v -1.991632 65.943840 6.642831
v -2.018591 65.871567 6.620929
v -2.136215 65.273781 6.371997
v -2.079003 65.668129 6.552252
v -2.068022 64.808517 5.999994
v -2.129125 64.967140 5.999994
v -2.134198 64.998047 5.900594
v -2.001087 64.820015 5.642825
v -2.022969 64.816307 5.705228
v -2.029748 64.815147 5.727806
v -1.584383 64.889946 5.150511
v -1.465839 64.916855 5.087997
v -1.504603 64.903191 5.107378
v -1.408645 64.978035 5.056381
v -1.690793 65.142197 5.151248
v -1.073117 67.044250 5.151248
v -1.546359 66.518486 5.151248
v -1.764843 65.845695 5.151248
v -0.426942 67.332077 5.151248
v 0.280440 67.332207 5.151248
v 0.926717 67.044601 5.151248
v 1.400148 66.519020 5.151248
v 1.618872 65.846291 5.151248
v -2.083358 65.879120 5.471702
v -1.823741 66.678581 5.471702
v -1.261406 67.303322 5.471702
v -0.493583 67.645325 5.471702
v 0.346970 67.645485 5.471702
v 1.114916 67.303741 5.471702
v 1.677473 66.679199 5.471702
v 1.937373 65.879829 5.471702
v -2.228545 65.894356 5.900594
v -1.950179 66.751541 5.900594
v -1.347234 67.421410 5.900594
v -0.523959 67.788116 5.900594
v 0.377296 67.788292 5.900594
v 1.200701 67.421844 5.900594
v 1.803885 66.752220 5.900594
v 1.922112 64.808517 5.999994
v -2.131361 64.993248 6.110825
v 1.704845 66.182732 6.741569
v 0.717352 66.706245 7.175731
v 0.760244 66.711052 7.157924
v 0.831399 66.783531 7.093798
v 0.879499 66.713867 7.108023
v 0.992303 66.702225 7.060297
v 0.604686 66.683701 7.222169
v 0.250334 67.067215 7.093798
v 0.241116 66.491562 7.369267
v 0.110778 66.463272 7.390676
v -0.004576 66.152130 7.468293
v -0.396287 67.067200 7.093798
v -0.977344 66.783501 7.093798
v -0.559134 66.608971 7.300056
v -0.256713 66.463272 7.390676
v -0.253092 66.348091 7.422899
v -0.097542 66.016579 7.487010
v -1.337958 66.645302 6.974721
v -1.629442 66.454826 6.848497
v -1.079815 66.710121 7.085011
v -0.930426 66.712929 7.147793
v -0.903546 66.710861 7.158992
v -1.856322 66.174652 6.738233
v -1.786187 66.272621 6.777129
v -1.676729 66.405579 6.828264
v 1.366339 66.550850 6.899139
v 1.530844 66.405602 6.828293
v -0.072954 65.817902 7.499474
v -1.393192 66.503777 7.017946
v -1.618311 66.435692 6.866377
v -1.547862 66.285782 7.034144
v -0.461194 65.982262 7.552306
v -0.459454 65.819427 7.573185
v -1.117111 65.987160 8.126137
v -1.163053 65.975471 8.455584
v -1.098658 65.937401 8.200578
v -1.129824 65.897881 8.529392
v -1.089403 65.888329 8.252068
v -1.122955 65.839676 8.549257
v -1.049232 65.831657 8.162836
v -1.240863 66.051926 8.289461
v -1.198538 66.018776 8.379768
v -1.195252 66.015518 8.386791
v -1.394178 66.088768 7.956149
v -1.343177 66.087898 8.067854
v -1.235481 66.111008 7.817883
v -1.297083 66.077881 8.168747
v -1.187155 66.078156 7.926644
v -1.146366 66.035088 8.033411
v -1.395415 66.088661 7.953416
v -1.292745 66.133720 7.704007
v -1.473935 66.068367 7.776924
v -1.351735 66.143051 7.598404
v -1.415342 66.138832 7.494760
v -1.121187 66.465309 7.233209
v -1.002432 66.400391 7.345673
v -0.740611 66.590477 7.269934
v -0.617258 66.446495 7.367138
v -0.532765 66.290550 7.448182
v -0.483161 66.133125 7.510659
v -1.547672 66.156860 7.171002
v -1.378518 66.334877 7.181725
v -1.511588 66.102272 7.354800
v -1.558673 66.007042 7.584458
v -0.815417 65.824280 7.806950
v -0.769178 65.916046 7.744405
v -0.773578 66.006927 7.700057
v -0.793751 66.107841 7.634295
v -0.837231 66.213478 7.550044
v -0.908755 66.315941 7.450216
v -0.929576 65.827080 7.942178
v -0.926047 65.892540 7.918779
v -0.927246 65.957985 7.871979
v -0.939607 66.031990 7.803236
v -0.969260 66.110672 7.716074
v -1.020139 66.187958 7.613862
v -1.088238 66.252411 7.507870
v -1.175711 66.302689 7.394922
v -1.271125 66.330460 7.288299
v 1.359811 66.051506 7.705806
v 1.412757 66.007042 7.584424
v 1.283878 66.185585 7.343584
v 1.389633 66.065285 7.379707
v 1.396112 66.135490 7.213149
v 1.344059 66.060600 7.741681
v 1.212860 66.194046 7.436794
v 1.320501 66.071548 7.794845
v 1.146634 66.187370 7.532742
v 1.278697 66.084282 7.888378
v 1.085666 66.167770 7.631136
v 1.222462 66.089630 8.012871
v 1.033046 66.138100 7.727155
v 1.190132 66.086937 8.083503
v 1.143840 66.075432 8.184795
v 0.978739 66.089165 7.844136
v 1.134660 66.071976 8.204624
v 0.940267 66.033279 7.949211
v 1.082739 66.043816 8.315494
v 0.916469 65.974617 8.039225
v 1.048654 66.014832 8.388227
v 0.905326 65.918411 8.107700
v 1.002463 65.949501 8.487576
v 0.902832 65.882980 8.139606
v 0.992315 65.925705 8.510072
v 0.902789 65.849648 8.158491
v 0.977457 65.854012 8.546931
v 0.903327 65.831657 8.162847
v 0.977046 65.839676 8.549265
v 0.312507 65.874435 7.569507
v 0.313548 65.819427 7.573186
v 0.669512 65.824280 7.806954
v 0.328131 66.080582 7.527615
v 0.369590 66.242859 7.469212
v 0.722740 66.688370 7.182309
v 0.564162 66.558968 7.293352
v 0.447124 66.406967 7.389646
v 1.504025 66.364967 6.870886
v 0.668094 65.852402 7.803014
v 0.666014 65.905159 7.786223
v 0.666743 65.962662 7.757594
v 0.679171 66.057007 7.695198
v 0.713156 66.159050 7.611490
v 0.773703 66.259201 7.511714
v 0.863664 66.349350 7.398317
v 0.953365 66.405708 7.303519
v 1.059193 66.444710 7.204754
v 1.175757 66.460831 7.106779
v 1.302130 66.449692 7.009862
v 1.401476 66.155891 7.172859
v -1.122955 65.768135 8.549995
v -1.064032 65.768135 8.203202
v -0.072954 65.768135 7.499994
v -0.329512 65.768135 7.531820
v -0.781358 65.768135 7.774969
v 0.918123 65.768135 8.203202
v 0.977046 65.768135 8.549995
v 0.635449 65.768135 7.774969
v 0.183603 65.768135 7.531820
v -1.122955 65.668137 8.549995
v -1.117496 65.668137 8.443071
v 0.977046 65.668137 8.549995
v 0.918123 65.668137 8.203202
v 0.803347 65.668137 7.971552
v 0.635449 65.668137 7.774969
v 0.183603 65.668137 7.531820
v -1.105952 65.668137 8.361801
v -1.064032 65.668137 8.203202
v -0.781358 65.668137 7.774969
v -0.329512 65.668137 7.531820
v 0.977046 65.839676 8.999995
v 0.977046 65.838501 9.034400
v 0.977046 65.793777 9.211322
v 0.977011 65.668137 9.390820
v 0.992170 65.728645 9.451415
v 1.013380 65.759857 9.482662
v 1.013380 65.912201 9.264451
v 1.367449 65.982498 9.295992
v 1.367449 66.044861 9.048563
v 1.302397 66.076302 9.050722
v 1.367449 65.814301 9.537185
v 1.302397 66.011269 9.308895
v 1.222925 66.021851 9.313640
v 1.279513 65.840858 9.563778
v 1.302397 65.836571 9.559490
v 1.222925 66.087875 9.051517
v 1.139333 66.072052 9.050430
v 1.139333 66.007370 9.307148
v 1.106371 65.822861 9.545744
v 1.139333 65.833565 9.556472
v 1.191767 65.843025 9.565948
v 1.222925 65.844765 9.567693
v 1.065807 65.803146 9.526010
v 1.065807 65.968102 9.289526
v 1.065807 66.029099 9.047483
v 1.013380 65.967987 9.043287
v 1.046280 66.012367 8.999995
v 1.137403 66.073051 8.999995
v 1.245716 66.088982 8.999995
v 1.350449 66.057091 8.999995
v 1.412760 66.007042 8.999995
v 1.405681 65.918892 9.350174
v 1.396273 65.798309 9.521173
v 0.985067 65.712532 9.435271
v 0.985067 65.851089 9.237036
v 0.985067 65.901161 9.038701
v 0.989822 65.918571 8.999995
v -1.211716 65.803146 9.526010
v -1.211716 65.855461 9.468816
v -1.285240 65.888527 9.496382
v -1.513356 65.999435 9.255038
v -1.557042 65.985939 9.174104
v -1.542079 65.798241 9.521095
v -1.499074 66.055542 8.999995
v -1.558668 66.007042 8.999995
v -1.513356 65.814301 9.537185
v -1.513356 65.867592 9.478930
v -1.448305 65.836571 9.559490
v -1.448305 65.891800 9.499114
v -1.426837 65.840645 9.563560
v -1.368833 65.900711 9.506536
v -1.368833 65.844765 9.567693
v -1.350416 65.844070 9.566998
v -1.285240 65.833565 9.556471
v -1.448305 66.028908 9.266214
v -1.368833 66.039749 9.270324
v -1.285240 66.024925 9.264701
v -1.211716 65.984680 9.249439
v -1.448306 66.078049 8.999995
v -1.394089 66.088776 8.999995
v -1.285003 66.073685 8.999995
v -1.192983 66.013199 8.999995
v -1.159290 65.759857 9.482662
v -1.130976 65.712532 9.435271
v -1.159290 65.808411 9.429592
v -1.130976 65.756958 9.386708
v -1.159290 65.927391 9.227721
v -1.130976 65.864761 9.203977
v -1.122955 65.806030 9.181706
v -1.122955 65.708702 9.346484
v -1.122955 65.668137 9.390820
v -1.135884 65.919029 8.999995
v -1.122955 65.839676 8.999995
v -1.117862 65.564857 9.498655
v -1.333372 65.151161 9.936819
v -1.324496 65.136688 9.941722
v -1.320557 65.138817 9.942727
v -1.306524 65.108521 9.950790
v -1.252138 65.172882 9.947433
v -1.384989 65.322647 9.882279
v -1.484813 65.492981 9.772385
v -1.481134 65.480888 9.779902
v -1.421804 65.504295 9.800276
v -1.416055 65.308556 9.872854
v -1.536821 65.744812 9.576383
v -1.493394 65.522720 9.753281
v -1.497895 65.658966 9.675281
v -1.434288 65.679451 9.695043
v -1.347461 65.522141 9.804561
v -0.920842 64.993149 9.874736
v -0.899112 65.007980 9.810215
v -1.033519 65.225510 9.765292
v -1.114063 65.480270 9.638698
v -1.145955 65.504700 9.695630
v -1.064122 65.228706 9.827813
v -1.198796 65.522362 9.748162
v -1.113938 65.221329 9.885500
v -1.269163 65.528809 9.786841
v -1.179607 65.202026 9.927973
v -1.074370 64.874977 9.998183
v -1.097268 64.856667 9.999131
v -1.013123 64.923302 9.978104
v -0.959552 64.964500 9.934271
v -0.996415 64.878265 9.985168
v -0.927164 64.937500 9.927603
v -0.882767 64.975471 9.837021
v -0.870877 64.985641 9.749995
v -1.033724 65.244568 9.695344
v 0.775512 65.049767 9.746061
v 0.724935 64.985672 9.749995
v 0.736858 64.975471 9.837021
v 1.274937 65.464790 9.818350
v 1.325726 65.450432 9.798046
v 1.363546 65.584251 9.710429
v 0.972814 65.462906 9.677478
v 0.930843 65.360100 9.641614
v 1.097570 65.495155 9.796780
v 1.025489 65.486565 9.747357
v 1.367665 65.633232 9.678917
v 1.292917 65.660431 9.706161
v 1.286919 65.661880 9.707307
v 1.199671 65.673096 9.709856
v 1.269122 65.466797 9.819601
v 1.183804 65.488182 9.822380
v 0.884781 65.201859 9.797528
v 0.933703 65.196770 9.873701
v 1.000173 65.176941 9.927574
v 1.079348 65.143860 9.955482
v 1.157032 65.103210 9.952454
v 1.177823 65.135696 9.942102
v 1.323786 65.444672 9.801425
v 0.781256 64.937500 9.927603
v 0.850507 64.878265 9.985168
v 1.146467 65.087395 9.957177
v -0.777489 64.889587 9.749995
v -0.552942 64.734268 9.749995
v -0.321415 64.647949 9.749995
v -0.072954 64.618141 9.749995
v 0.194692 64.652817 9.749995
v 0.407033 64.734268 9.749995
v 0.646130 64.903008 9.749995
v 1.843066 65.538292 6.740072
v 1.709639 65.738327 6.955655
v 1.813292 65.459831 6.869778
v 1.707103 65.579941 7.317295
v 1.816499 65.323799 7.138573
v 1.804541 65.398766 6.983198
v 1.554852 65.869225 7.257870
v 1.574218 65.802521 7.460909
v 1.573271 65.965042 7.053869
v 1.794052 65.385269 8.999995
v 1.738017 65.363762 9.341244
v 1.520635 65.280251 9.707102
v 1.634152 64.668137 9.707102
v 1.853607 64.668137 9.376138
v 1.867018 64.668137 9.341244
v 1.268294 64.668137 9.939967
v -1.305327 64.761070 5.000006
v -1.438977 64.668137 5.069396
v 1.159423 64.761055 5.000008
v 1.293070 64.668137 5.069394
v 1.927424 64.668106 5.999994
v -1.844438 65.707268 7.018661
v -1.851661 65.582581 7.321877
v -1.721085 65.801125 7.459640
v -1.863959 65.760521 6.917219
v -1.719568 65.966011 7.052018
v -1.953960 65.435616 6.913709
v -1.961603 65.326118 7.128061
v -1.931104 65.381882 9.137419
v -1.434029 65.190941 9.888932
v -1.770696 65.320259 9.574249
v -1.572954 64.668137 9.866019
v -2.072954 64.668137 8.999995
v -2.063466 64.668137 9.137419
v -1.939961 65.385269 8.999995
v -1.938979 64.668137 9.499995
v -1.891632 64.668137 9.574249
v -2.087911 64.805130 5.999994
v -2.073337 64.668121 5.999994
v -2.018724 65.130722 6.962115
v -2.052879 65.054802 6.627493
v -2.038612 65.037178 6.869675
v -2.023192 65.111511 6.947747
v -2.072698 64.720856 6.319456
v -2.069024 64.793449 6.537376
v -2.068688 64.857361 6.480888
v -2.053752 64.944618 6.763532
v -2.072954 64.668152 6.227217
v -2.072854 64.688118 6.294801
v -2.072710 64.699425 6.330632
v 0.482544 64.587349 9.985168
v -0.072954 64.452950 9.985168
v -0.628453 64.587349 9.985168
v -0.560089 64.720360 9.837021
v -0.072954 64.602501 9.837021
v 0.414181 64.720360 9.837021
v 0.440887 64.668396 9.927603
v -0.072954 64.544075 9.927603
v -0.586796 64.668396 9.927603
v 1.907683 64.945770 6.763208
v 1.898253 65.007431 6.808403
v 1.899894 64.996567 6.823266
v 1.898917 65.113625 6.666496
v 1.924922 64.798561 6.427781
v -1.979207 64.668129 5.577257
v -1.714778 64.668137 5.233143
v -1.691568 64.799332 5.218507
v -1.893430 64.815689 5.436978
v -1.242405 64.478325 4.999994
v -1.204822 64.323067 4.999994
v -1.219864 64.333855 5.003747
v -1.072963 63.935879 4.999995
v -1.175948 64.072365 5.005312
v -0.861411 63.830109 4.999986
v 1.062376 64.337090 4.999994
v 0.926881 63.935818 4.999995
v 0.715502 63.830109 4.999986
v -0.072955 63.668137 4.999994
v 1.194588 64.386101 5.036448
v 1.875606 64.668129 5.683398
v 1.545658 64.799332 5.218507
v 1.747521 64.815697 5.436978
v 1.652158 64.668129 5.311364
v 1.753491 64.668129 5.436978
v -2.072955 64.628326 5.999994
v -1.508845 64.275940 5.099994
v -1.508844 57.605877 5.099995
v -1.794214 57.605877 5.307331
v -2.010741 57.605877 5.652786
v -0.861411 63.830109 5.099994
v -0.072955 63.668137 5.099994
v 0.715502 63.830109 5.099994
v 1.362936 64.275940 5.099994
v 1.864834 57.605877 5.652786
v 1.648307 57.605877 5.307331
v 1.362936 57.605877 5.099995
v 4.346318 55.650318 6.999994
v 4.324915 55.645859 5.999994
v 3.850780 55.607338 6.999994
v 2.840512 55.926758 7.101745
v 2.981355 55.843590 7.044279
v 2.883332 55.899818 5.999995
v 3.260380 55.720257 6.999995
v 3.580055 55.636208 5.999995
v 3.850780 55.607338 5.999994
v 2.571460 56.135380 7.287649
v 2.182421 56.627979 5.999995
v 2.433538 56.275677 7.430999
v 2.205721 56.587528 7.776348
v 2.331399 56.400097 5.999995
v 1.927056 57.599277 8.994221
v 1.957651 57.257328 8.573944
v 2.074992 56.850967 8.084339
v 2.000829 57.067650 5.999995
v 2.281765 56.362587 5.652786
v 2.850866 55.846748 5.652786
v 3.569261 55.574947 5.652786
v 1.940911 57.050907 5.652786
v 1.457529 56.915848 5.099995
v 3.531694 55.361698 5.307331
v 2.588946 55.418598 5.099995
v 2.737869 55.662037 5.307331
v 1.881341 56.059998 5.099995
v 2.109015 56.232048 5.307331
v 1.732371 56.992638 5.307331
v -2.734853 55.418598 5.099995
v -2.027249 56.059998 5.099995
v -1.603438 56.915848 5.099995
v -3.677601 55.361698 5.307331
v -2.883776 55.662037 5.307331
v -2.086818 57.050907 5.652786
v -3.715168 55.574947 5.652786
v -2.996773 55.846748 5.652786
v -2.427675 56.362587 5.652786
v -2.254923 56.232048 5.307331
v -1.878281 56.992638 5.307331
v 1.854732 55.668140 9.413545
v 1.648799 55.668140 9.721746
v 1.340596 55.668140 9.927680
v 1.926332 54.045109 8.961681
v 1.926904 54.341030 8.982794
v 1.823956 54.027958 9.357206
v 1.636074 53.998898 9.609531
v 1.377180 53.963909 9.783643
v 1.073283 53.930237 9.862977
v 0.977047 53.921249 9.866541
v -2.000639 55.668140 9.413546
v -1.794705 55.668140 9.721747
v -1.486503 55.668140 9.927681
v -1.122954 53.921249 9.866541
v -2.047636 54.040897 9.144189
v -2.072810 54.341030 8.982794
v -2.072239 54.045109 8.961681
v -1.436123 53.953457 9.817739
v -1.715038 53.989288 9.667430
v -2.000718 54.033028 9.290167
v -1.926423 54.020969 9.433504
v 2.038006 56.473507 8.542168
v 2.060443 56.369110 8.500998
v 2.061022 54.642220 8.499995
v 2.136052 56.078358 8.388171
v 1.950001 57.083069 8.786969
v 1.927052 57.597397 8.996531
v 2.427047 54.642220 8.133970
v 2.717777 54.962440 8.022136
v 2.612146 55.087200 8.050870
v 2.410356 55.400127 8.143823
v 2.306916 55.610580 8.215496
v 2.722604 54.210529 8.020978
v 2.431729 54.339928 8.131117
v 2.414107 54.139637 8.141005
v 2.162740 54.088249 8.353719
v 2.066520 54.340717 8.490097
v 2.072116 54.071117 8.479121
v 1.993785 54.056908 8.637239
v -2.863684 54.962440 8.022137
v -2.572953 54.642220 8.133971
v -2.758053 55.087200 8.050871
v -2.556264 55.400127 8.143824
v -2.452823 55.610580 8.215497
v -2.206928 54.642220 8.499996
v -2.281960 56.078358 8.388172
v -2.072959 57.597397 8.996532
v -2.095907 57.083069 8.786970
v -2.183912 56.473507 8.542169
v -2.206350 56.369110 8.500998
v -2.092044 54.048527 8.798462
v -2.212427 54.340717 8.490097
v -2.213794 54.070347 8.486109
v -2.436302 54.113628 8.227960
v -2.577636 54.339928 8.131118
v -2.581266 54.144238 8.128700
v -2.736548 54.179127 8.058002
v 8.877048 51.293140 7.845923
v 8.877048 50.872208 7.424994
v -9.065322 51.293140 7.845925
v -9.065322 50.872208 7.424996
v 1.960927 57.141830 8.716971
v 2.225554 56.266438 8.211493
v 2.088408 56.606407 8.400223
v 2.450653 55.877110 8.018762
v 2.577369 55.708927 7.948851
v 2.801841 55.470287 7.875452
v 2.907161 55.379620 7.861005
v 3.093714 55.248859 7.866020
v 1.963484 57.200069 8.645762
v 2.100906 56.733940 8.245533
v 2.249369 56.440487 8.002350
v 2.494779 56.108887 7.745378
v 2.634122 55.967937 7.647245
v 2.883796 55.771587 7.534835
v 3.002516 55.698399 7.507240
v 3.215722 55.593948 7.499995
v 4.726536 54.895168 7.984766
v 4.451136 55.161430 7.866019
v 3.831713 55.107700 7.866020
v 3.845671 55.473457 7.499995
v 4.374405 55.519329 7.499994
v 4.875469 55.694248 7.499994
v 4.946099 55.551880 7.707101
v 5.038144 55.366360 7.866019
v 7.425956 57.536098 7.346111
v 7.582611 57.366230 7.707101
v 6.420447 55.990910 7.938185
v 6.219310 56.290668 7.707101
v 6.090552 56.482559 7.346111
v 7.827328 57.100849 7.938185
v -2.106834 57.141830 8.716972
v -2.234316 56.606407 8.400224
v -2.109390 57.200069 8.645763
v -2.246813 56.733940 8.245534
v -2.395276 56.440487 8.002351
v -2.640686 56.108887 7.745378
v -2.780029 55.967937 7.647246
v -3.029702 55.771587 7.534835
v -3.148423 55.698399 7.507240
v -3.361629 55.593948 7.499995
v -2.371461 56.266438 8.211493
v -2.596560 55.877110 8.018763
v -2.723276 55.708927 7.948851
v -2.947747 55.470287 7.875452
v -3.053067 55.379620 7.861006
v -3.239620 55.248859 7.866020
v -3.972089 55.474289 7.499995
v -5.184064 55.366367 7.866020
v -5.335392 55.061890 7.987425
v -4.906333 54.910328 7.983924
v -5.092017 55.551888 7.707102
v -4.585873 55.159069 7.866020
v -3.954788 55.108669 7.866020
v -4.510776 55.517307 7.499995
v -5.021386 55.694248 7.499995
v -6.324677 55.617260 7.986919
v -6.582811 56.001968 7.938186
v -5.825352 55.429398 7.966685
v -7.979989 57.107067 7.938186
v -7.578274 57.542030 7.346112
v -7.735062 57.372257 7.707102
v -6.252079 56.493069 7.346112
v -6.381162 56.301388 7.707102
v -8.706640 53.629257 7.999903
v -8.468894 53.997978 7.999781
v -8.287144 54.215870 7.999756
v -7.747629 54.676689 7.999248
v -7.505969 54.821098 7.998673
v -6.844626 55.077877 7.996298
v -6.569246 55.134319 7.992930
v -6.339314 55.160927 7.987587
v -5.861198 55.158489 7.977106
v -0.072954 64.168137 8.499995
v -0.091517 53.874428 9.859247
v -9.149505 49.153957 -7.000004
v -9.126916 48.157818 -6.266908
v -9.599395 47.821407 -8.000004
v -9.582088 47.864750 -7.991011
v -9.547587 47.974003 -8.000004
v -9.563642 47.901279 -7.967586
v -9.437154 48.323387 -8.000004
v -9.530622 47.952808 -7.903463
v -9.446960 48.041969 -7.663345
v -9.354123 48.616360 -8.000004
v -9.165316 49.491928 -8.000004
v -9.080136 50.308350 -8.000004
v -9.323168 48.117699 -7.184899
v -9.298744 48.127380 -7.078676
v -9.171745 48.155807 -6.486347
v -9.862893 47.116428 -8.000004
v -9.658219 47.034908 -9.128427
v -10.279414 45.586609 -9.128427
v -9.226064 48.260307 -9.128427
v -9.141296 48.559410 -9.128427
v -8.947790 49.457001 -9.128427
v -8.860059 50.298199 -9.128427
v -11.235194 43.922718 -8.000003
v -10.863014 44.813400 -8.000004
v -10.480624 45.676350 -8.000004
v -11.030345 43.841660 -9.128426
v -11.506584 42.456318 -9.128426
v -11.718584 42.516251 -8.000003
v -11.772184 41.223640 -9.128426
v -11.990265 41.254929 -8.000003
v -11.852645 40.118137 -9.128426
v -12.072954 40.118137 -8.000003
v -7.236677 50.223278 -10.768932
v -8.212357 50.268311 -10.111302
v -7.343231 49.199379 -10.768932
v -8.307599 49.354218 -10.111302
v -7.571416 48.139347 -10.768932
v -8.514941 48.391819 -10.111302
v -7.668994 47.795002 -10.768932
v -8.604819 48.074657 -10.111302
v -8.148474 46.433540 -10.768932
v -9.055857 46.794968 -10.111302
v -8.795230 44.924679 -10.768932
v -9.687251 45.322510 -10.111302
v -9.519217 43.243759 -10.768932
v -10.427424 43.603107 -10.111301
v -9.942752 42.014271 -10.768931
v -10.882634 42.279949 -10.111301
v -10.163554 40.992798 -10.768931
v -11.130364 41.131531 -10.111301
v -10.227534 40.118137 -10.768931
v -10.572954 40.118137 -10.598082
v -11.204254 40.118137 -10.111301
v -11.671035 40.118137 -9.500003
v -8.705956 2.279627 -9.517559
v -9.136273 2.438628 -9.087508
v -10.168621 3.468659 -8.666198
v -9.463804 2.543869 -8.738899
v -10.077910 2.737586 -8.022056
v -10.323971 4.996587 -9.681257
v -9.712481 3.878123 -9.657874
v -9.433193 3.439857 -9.648263
v -8.803555 2.428657 -9.534703
v -11.121092 5.455812 -8.852692
v -11.497851 5.739014 -8.442861
v -11.497672 6.715838 -9.010353
v -11.494811 4.849114 -7.759081
v -11.031951 4.073174 -7.859192
v -11.491390 4.379904 -7.317352
v -11.475911 3.326293 -6.034825
v -11.481880 3.631495 -6.457457
v -11.315881 3.190021 -6.211171
v -11.110341 3.072971 -6.505655
v -10.895781 3.002283 -6.862390
v -11.489761 8.846766 -9.743795
v -11.400432 8.278043 -9.736335
v -11.494822 7.757543 -9.446337
v -11.284892 7.714942 -9.728370
v -10.881681 6.328997 -9.706174
v 11.625686 31.969332 -8.020935
v 11.624946 31.969810 -8.023024
v 12.343696 31.453711 -8.449429
v 12.323915 31.451591 -8.490962
v 13.283456 30.749660 -8.963982
v 13.229016 30.717510 -9.040180
v 14.205215 29.870392 -9.589690
v 13.802346 30.225521 -9.366186
v 14.301936 29.956831 -9.507525
v 13.755886 30.266010 -9.340192
v 13.286806 30.668732 -9.073644
v 11.626416 31.968842 -8.018843
v 12.360846 31.451361 -8.406756
v 13.328636 30.761982 -8.876746
v 14.385886 30.000681 -9.386669
v 14.245736 29.456522 -9.843178
v 16.416605 25.671942 -10.941533
v 14.576675 28.534660 -10.338614
v 14.700756 28.572962 -10.270103
v 14.651166 28.424810 -10.375804
v 12.289686 31.408220 -8.683098
v 12.546756 31.247110 -8.692057
v 13.051236 30.584242 -9.342133
v 13.582256 30.216202 -9.428803
v 14.307226 28.925772 -10.195073
v 14.186716 29.097281 -10.126353
v 14.054246 29.401211 -9.947247
v 13.979326 29.387022 -10.001574
v 13.757026 29.689392 -9.858693
v 15.223415 27.559940 -10.625434
v 15.502255 27.675352 -10.540874
v 15.016275 28.705822 -10.182004
v 15.560527 27.036112 -10.742583
v 15.978137 26.607092 -10.800473
v 9.194274 33.699059 -8.000005
v 9.040036 33.917789 -5.400004
v 8.950560 34.163971 -8.000005
v 9.041370 33.915237 -8.000005
v -10.060763 46.635620 3.999996
v -9.599394 47.821407 3.999996
v -10.863013 44.813400 3.999997
v -11.292113 43.777229 3.999997
v -11.708653 42.551159 3.999997
v -11.896613 41.789940 3.999997
v -12.059804 40.568169 3.999997
v -12.072953 40.118137 3.999997
v 9.702327 32.243439 -10.121323
v 9.081163 31.356329 -10.814572
v 10.099956 32.811317 -9.038356
v 9.247110 33.408501 -9.038355
v 8.228312 31.953499 -10.814572
v 8.849475 32.840611 -10.121323
v 6.794102 33.687901 -10.893673
v 9.116362 33.626709 -8.791624
v 8.947196 33.865868 -8.791625
v 8.846731 34.141041 -8.791625
v 8.417836 34.046360 -9.725019
v 7.705554 33.889111 -10.454453
v 7.576033 32.196320 -10.893673
v 7.085456 32.889877 -10.893673
v 8.260001 32.831470 -10.454453
v 7.912144 33.323257 -10.454453
v 8.794509 33.327827 -9.725019
v 8.558187 33.661938 -9.725019
v -12.072951 6.022942 -6.433677
v -12.072951 5.653378 -6.080667
v -12.072949 5.226483 -4.606201
v -12.072949 5.066165 -5.390315
v -12.072949 4.870178 -5.113135
v -12.072951 35.300720 9.997245
v -12.072951 35.380730 9.998410
v -12.072950 6.326969 -2.339204
v -12.072951 9.190547 -8.000001
v -12.072951 8.325446 -7.769423
v -12.072951 35.853977 10.053318
v -12.072951 36.316868 10.190278
v -12.072951 36.393330 10.221478
v -12.072951 36.833931 10.455008
v -12.072951 37.236240 10.764528
v -12.072951 37.282310 10.807328
v -12.072951 37.634430 11.202038
v -12.072952 40.118137 11.709288
v -12.072951 37.920650 11.655168
v -12.072951 37.948318 11.709288
v -12.072951 7.499184 -7.426970
v -12.072951 6.725765 -6.977870
v -12.072950 6.696907 -0.000000
v -12.072949 6.696908 6.784700
v -12.072949 6.761401 6.966493
v -12.072951 29.032097 9.997246
v -12.072949 8.271106 9.263915
v -12.072949 9.066705 9.997247
v -12.072949 7.144571 7.781971
v -12.072949 7.600410 8.480545
v -11.544641 9.190547 -9.700225
v -11.640562 9.190547 -9.551569
v -11.671032 9.190547 -9.500001
v -11.876391 9.190547 -9.068047
v -11.904602 9.190547 -8.990848
v -11.194272 9.190547 -10.121320
v -11.317991 9.190547 -9.989919
v -11.453012 9.190547 -9.826285
v -11.454371 9.190547 -9.824507
v -10.018601 9.190547 -10.847059
v -10.572951 9.190547 -10.598080
v -11.016392 9.190547 -10.285399
v -10.634581 5.798113 -0.000000
v -10.766641 3.104464 -5.708993
v -10.757101 3.102201 -5.715754
v -10.698390 4.452847 -4.095136
v -11.597710 3.601876 -5.323346
v -11.177509 4.396678 -4.058031
v -11.650800 3.663803 -5.306198
v -11.632159 4.534762 -4.149249
v -11.955899 4.834775 -4.347437
v -11.551940 3.552885 -5.338473
v -11.220911 3.289251 -5.462371
v -11.077890 3.213865 -5.526420
v -12.072920 4.857748 -5.116415
v -12.033549 4.478205 -5.167978
v -11.958839 4.210742 -5.204717
v -11.949780 5.868906 -2.193118
v -11.610631 5.523680 -2.083019
v -11.139020 5.376327 -2.036026
v -10.651140 5.463148 -2.063715
v -11.947571 6.212097 -0.000000
v -11.602871 5.848860 -0.000000
v -11.125280 5.698276 -0.000000
v -10.756290 2.836993 -6.254220
v -10.844371 2.846328 -6.307194
v -10.635490 2.776870 -6.652746
v -7.681762 1.670257 -10.095909
v -7.334116 1.488789 -10.246489
v -7.761857 1.719772 -9.892729
v -6.604661 1.151894 -10.512468
v -6.736395 1.236961 -10.418368
v -6.771505 1.222811 -10.456638
v -6.587304 1.144773 -10.518128
v -5.980269 0.939827 -10.702950
v -6.584590 1.341520 -10.299290
v -5.603519 0.909177 -10.814899
v -5.815735 0.909038 -10.750669
v -9.054280 2.292793 -8.956737
v -8.696030 2.273086 -9.524470
v -8.546928 2.176634 -9.624476
v -8.091608 1.899849 -9.892529
v -10.965421 2.898605 -6.387649
v -10.789261 2.855179 -6.765219
v -10.294161 2.865879 -6.457604
v -10.537621 2.904236 -6.140238
v -9.981805 2.591672 -7.908216
v -9.839259 2.516880 -7.775649
v -8.924634 2.220556 -8.804864
v -7.970801 1.823013 -9.712705
v -8.041460 1.870818 -9.919134
v -7.846750 1.760616 -10.017738
v -7.616741 1.738691 -9.731785
v -7.823961 1.840954 -9.554194
v -8.770717 2.234946 -8.659282
v -9.675075 2.526215 -7.647414
v -10.460561 2.780653 -6.544059
v -10.666660 2.848667 -6.204417
v -7.465437 1.841555 -9.614112
v -7.672827 1.943195 -9.437086
v -8.620291 2.333372 -8.546248
v -9.517812 2.618055 -7.545817
v -6.387753 1.758171 -10.797001
v -8.263829 2.825621 -10.315279
v -7.543407 3.355482 -10.823640
v -9.146328 4.233403 -10.375749
v -9.727006 5.295518 -10.387159
v -10.255821 6.558562 -10.399290
v -10.637671 7.870328 -10.410080
v -10.243491 7.964961 -10.663179
v -8.414300 4.692773 -10.839650
v -8.959626 5.679786 -10.842660
v -9.456210 6.851857 -10.845860
v -9.815241 8.067777 -10.848710
v -10.349742 8.478687 -10.665430
v -10.431972 8.997234 -10.667530
v -11.923431 9.009641 -8.917634
v -11.924762 8.026740 -8.651451
v -11.925511 7.087266 -8.259583
v -12.072920 4.859083 -5.119050
v -12.049310 4.535298 -5.288456
v -11.921350 4.310654 -5.952283
v -12.004479 4.301961 -5.409520
v -11.760350 3.694077 -5.751866
v -11.787801 3.742167 -5.721561
v -11.923851 4.983341 -6.731347
v -11.924750 5.405529 -7.130816
v -11.925551 6.206893 -7.748216
v -12.042760 4.496557 -5.207877
v -11.985270 4.237778 -5.271648
v -12.048030 4.515635 -5.248144
v -12.000600 4.268425 -5.340458
v -11.766211 3.667969 -5.581712
v -11.700610 3.619555 -5.444296
v -11.735741 3.615407 -5.605922
v -11.663570 3.566509 -5.462761
v -11.431540 3.226418 -5.894671
v -11.406301 3.202484 -5.846370
v -11.342180 3.170782 -5.751475
v -11.262991 3.162001 -5.663308
v -11.219110 3.166412 -5.623327
v -10.936360 3.012037 -5.791430
v -11.103150 2.995919 -5.918169
v -11.237571 3.058959 -6.066832
v 9.108336 33.954170 -5.400004
v 8.877049 34.900101 4.613394
v 8.877048 40.010639 4.613393
v 8.877048 52.200500 8.113326
v 8.877048 51.718128 8.113326
v 8.877048 51.161438 7.964159
v 8.877048 50.753910 7.556627
v 8.877048 50.604748 6.999929
v 8.877048 50.604748 5.499994
v 8.877048 50.485958 5.056693
v 8.877048 50.161438 4.732174
v 8.877048 49.718140 4.613393
v 9.256177 33.712379 6.513394
v 9.148273 33.881058 6.492973
v 8.877152 34.879539 4.613452
v 8.879017 34.810261 4.623095
v 8.883446 34.738251 4.655277
v 8.884468 34.725849 4.663978
v 8.887728 34.691128 4.699742
v 8.889788 34.671909 4.736053
v 8.890635 34.664478 4.776772
v 8.890636 34.664478 5.499996
v 8.994380 34.216518 6.180951
v 8.896125 34.621098 5.749832
v 8.903131 34.574139 5.868931
v 9.026067 34.132790 6.387773
v 8.908754 34.540958 5.936768
v 8.950288 34.357040 6.202306
v -9.065322 51.372707 8.058466
v -9.065322 51.718128 8.113406
v -9.065322 52.219448 8.113406
v -9.065321 50.787277 7.610850
v -9.065322 51.017410 7.865253
v 8.870260 52.400497 8.113326
v 8.737590 53.096790 8.113327
v 8.705732 53.191158 8.113327
v 8.519473 53.608257 8.113328
v 8.481822 53.675488 8.113328
v 8.388807 53.825977 8.113328
v 8.221177 54.055069 8.113329
v 7.711985 54.549210 8.113331
v 7.477977 54.709900 8.113332
v 7.402047 54.755268 8.113333
v 6.833926 55.007637 8.113335
v 6.559922 55.081799 8.113338
v 6.157979 55.141438 8.113339
v 4.726536 54.895168 8.113344
v 4.882102 54.959217 8.113343
v 5.570517 55.128868 8.113341
v 5.853623 55.149578 8.113340
v 5.927047 55.150490 8.113340
v -3.760549 33.943260 13.999998
v 5.927050 33.943260 13.999997
v -3.760549 35.003918 14.193748
v 5.927050 35.003918 14.193747
v -3.760549 35.927570 14.749998
v 5.927049 35.927570 14.749997
v 6.309203 35.964718 14.749997
v 6.487088 35.058357 14.193747
v 6.677049 36.074768 14.749997
v 7.026158 35.219627 14.193747
v 6.691357 34.017548 13.999997
v 7.427050 34.237648 13.999997
v -10.206351 35.943150 13.631448
v -10.267952 35.953751 13.604988
v -10.102602 35.013660 13.041158
v -10.181142 35.028919 13.008178
v -10.166991 33.937969 12.792328
v -10.267952 33.959190 12.748968
v -9.857908 35.914600 13.770308
v -9.658720 34.972588 13.216067
v -9.594494 33.880871 13.020477
v -8.746596 35.914410 14.140537
v -8.584835 34.970238 13.570168
v -8.529469 33.874779 13.370538
v -7.386455 35.914520 14.462917
v -7.268761 34.971508 13.884018
v -7.223341 33.878078 13.682608
v -5.177146 35.339790 14.312327
v -5.221904 35.924248 14.723577
v -5.404211 35.923321 14.712308
v -5.125195 34.315300 13.981008
v -5.157199 35.007858 14.159147
v -5.341821 34.988480 14.139308
v -5.306261 33.908970 13.940457
v -5.113987 33.985710 13.955498
v -5.111853 33.913177 13.954758
v -5.916546 35.920429 14.670547
v -5.839443 34.982887 14.094518
v -5.799914 33.898781 13.894788
v -4.488034 33.934620 13.987127
v -4.556417 35.926910 14.742598
v -4.517128 35.000298 14.181958
v -4.915084 16.448402 13.966899
v -4.931238 16.465422 13.966228
v -5.693456 15.762870 13.905799
v -5.604423 15.674200 13.906798
v -4.882713 16.414381 13.966589
v -4.898906 16.431381 13.967019
v -5.649049 15.718450 13.908269
v -7.147200 14.237410 13.687900
v -7.143769 14.421780 13.697820
v -7.053235 14.138289 13.677720
v -8.626751 12.888479 13.318239
v -8.479336 12.730400 13.289809
v -7.239305 14.338429 13.679510
v -8.766980 13.054440 13.300360
v -10.267950 11.847620 12.748970
v -10.082450 11.616879 12.781179
v -9.088656 12.148230 13.068580
v -9.878078 11.406610 12.729190
v -11.570771 36.495068 12.514858
v -11.343512 36.328407 12.814028
v -11.247632 36.433701 13.115228
v -10.618272 36.032719 13.424647
v -10.988791 36.630409 13.604728
v -10.861382 37.795189 14.113048
v -11.166092 37.948318 13.858418
v -11.412111 37.620098 13.558778
v -11.836951 37.948318 12.875607
v -11.764832 37.352051 12.891758
v -10.584632 36.758888 14.011477
v -11.071852 36.188450 13.090318
v -10.937661 36.134300 13.203348
v -11.912851 37.083347 12.141508
v -11.642752 36.563629 12.401208
v -10.080091 36.850361 14.313158
v -10.165921 37.948318 14.503108
v -11.696611 35.312347 11.452078
v -11.698372 35.300720 11.448858
v -11.648042 35.189850 11.536378
v -11.631831 35.828487 11.684008
v -11.636091 35.783150 11.656057
v -11.548282 35.906178 11.921348
v -11.639472 35.749557 11.636368
v -11.663662 35.545048 11.534158
v -11.693003 35.336498 11.459018
v -11.622691 36.393429 12.182528
v -11.620952 36.369961 12.155368
v -11.614661 36.186119 11.964078
v -11.614701 36.163387 11.942868
v -11.620892 35.975510 11.785838
v -11.625401 35.907188 11.736338
v -11.641671 36.556747 12.391548
v -11.570771 35.041821 11.658828
v -11.465821 35.798981 12.035007
v -11.343512 34.708488 11.957998
v -11.229622 35.559071 12.309128
v -11.071852 34.428570 12.234298
v -10.956212 35.359421 12.557648
v -10.937661 34.320278 12.347318
v -10.823822 35.282658 12.657988
v -10.618272 34.117107 12.568618
v -10.514132 35.139458 12.852188
v -10.489070 11.078520 12.518049
v -10.688399 11.241380 12.492450
v -10.859320 11.415910 12.407410
v -11.226709 11.042680 12.085620
v -11.032670 10.850719 12.219379
v -11.670640 10.421390 11.497910
v -11.465480 10.198910 11.714580
v -11.970210 9.731517 10.775610
v -11.786719 9.470418 11.081750
v -11.943990 8.752449 10.374790
v -10.790219 10.676490 12.276460
v -11.168779 10.007250 11.831940
v -11.450250 9.260379 11.277269
v -11.590360 8.519247 10.654950
v -10.274670 10.938240 12.482490
v -10.521780 10.536090 12.251590
v -10.821640 9.872972 11.833719
v -11.026589 9.142477 11.323959
v -11.103290 8.427248 10.765470
v 5.927049 37.911888 15.499996
v -3.760549 37.911888 15.499997
v 5.927049 37.508228 15.472715
v -3.760549 36.835110 15.300097
v 5.927049 36.654808 15.223917
v -4.478438 37.918449 15.499997
v -5.187475 37.938217 15.499997
v -4.498352 36.839809 15.299307
v -5.187511 37.935310 15.499997
v -5.197073 37.532921 15.472478
v -5.210808 36.839909 15.291677
v -5.215063 36.570988 15.170288
v -5.221617 35.977398 14.770557
v -5.258669 36.851891 15.294158
v -7.047736 36.850281 15.116488
v -7.484802 36.850620 15.042698
v -7.514346 37.950951 15.249838
v -7.071920 37.948498 15.323458
v -5.253832 37.936008 15.497307
v -7.656516 37.951729 15.223348
v -9.055126 37.953880 14.883788
v -8.992903 36.852119 14.683578
v 8.927049 37.911888 12.499996
v 8.927019 37.905178 12.511616
v 8.927020 37.901817 12.509676
v 8.915882 37.782459 12.723886
v 8.916816 37.717758 12.686496
v 8.898084 37.703438 12.859866
v 8.900524 37.599308 12.799546
v 8.813529 37.499241 13.205656
v 8.823364 37.293568 13.085436
v 8.674529 37.296440 13.535645
v 8.697439 36.990891 13.354465
v 8.618017 37.231041 13.638036
v 8.646568 36.893578 13.436816
v 8.415645 37.036037 13.928205
v 8.465991 36.604469 13.665986
v 8.168834 36.845428 14.184356
v 8.249191 36.323811 13.860886
v 8.090824 36.791908 14.250346
v 8.181466 36.245411 13.909466
v 7.801986 36.612808 14.448586
v 7.934153 35.984581 14.049266
v 7.484231 36.440750 14.600225
v 7.668528 35.736568 14.145656
v 7.360730 36.379078 14.643606
v 7.567172 35.648380 14.169866
v 7.024184 36.222420 14.723056
v 7.296514 35.426220 14.203526
v 8.927030 37.898468 12.507736
v 8.919603 37.653030 12.649256
v 8.907739 37.495003 12.739906
v 8.851369 37.086590 12.970436
v 8.758703 36.680988 13.190426
v 8.721027 36.550198 13.258686
v 8.586112 36.160191 13.452136
v 8.421573 35.778980 13.622906
v 8.369567 35.671940 13.666896
v 8.177007 35.313740 13.799056
v 7.965169 34.969620 13.900146
v 7.882836 34.846291 13.929067
v 7.658472 34.532948 13.982037
v 7.955048 37.053001 14.537036
v 8.134151 37.911888 14.531916
v 8.262023 37.872959 14.383176
v 8.277830 37.911888 14.363816
v 7.427049 37.911888 15.098065
v 6.779574 37.911888 15.376316
v 6.702992 37.454140 15.361526
v 7.580377 37.911888 15.003296
v 7.402074 37.297211 15.038986
v 8.525126 37.911888 13.999996
v 8.667405 37.519131 13.655926
v 8.758684 37.911888 13.490876
v 7.049289 36.494247 14.893926
v 6.517407 36.613647 15.139327
v -8.809714 49.907207 13.818157
v -8.800139 50.053638 13.819867
v -8.985487 50.027489 13.395697
v -9.059753 50.009148 13.149687
v -9.154331 49.943329 12.440257
v -9.154560 49.941040 12.418897
v -7.994229 50.081287 14.781917
v -8.209160 50.080448 14.596706
v -7.853363 49.835060 14.894347
v -8.501184 50.073269 14.277397
v -8.671592 50.064247 14.039077
v -6.484892 50.031059 15.401446
v -6.831391 50.049038 15.340977
v -6.506316 49.741238 15.398987
v -7.112087 50.061138 15.260157
v -7.755777 50.079067 14.950637
v -6.566049 49.154827 15.391956
v -7.904205 49.299717 14.884797
v -8.852933 49.411308 13.809457
v -9.194138 49.463940 12.413147
v -6.732280 48.284599 15.371237
v -8.031214 48.596828 14.858387
v -8.946699 48.838020 13.785327
v -9.270437 48.953300 12.396216
v -3.760547 18.011831 13.999999
v 7.427050 34.147018 13.999997
v 7.403908 33.996658 13.999997
v 7.336626 33.860229 13.999997
v 8.177049 34.147018 13.799037
v 8.119195 33.771141 13.799037
v 8.487708 34.147018 13.560657
v 8.642822 33.606041 13.249997
v 8.726087 34.147018 13.249996
v 8.812868 34.147018 13.074016
v 8.834484 33.545609 12.499997
v 8.927049 34.147018 12.499996
v 7.950988 33.430050 13.799037
v 8.400733 33.115128 13.249997
v 8.565353 32.999870 12.499997
v 9.043380 33.750721 9.456015
v 9.020933 33.853710 9.419977
v 8.969146 33.947960 9.517929
v 8.961610 32.740818 10.289637
v 9.315603 32.467548 10.158876
v 9.286886 32.657948 10.026927
v 8.901828 33.830399 10.219057
v 8.784931 33.406559 10.878507
v 8.910354 33.619480 10.021427
v 8.770921 33.078239 10.548227
v 9.000728 33.412960 9.840324
v 9.058661 33.682621 9.482140
v 9.165397 33.228100 9.690890
v 9.159657 33.252357 9.678426
v 8.927049 34.147018 9.724803
v 8.937629 34.046417 9.620261
v -11.293150 5.721454 6.784700
v -11.270350 5.766996 7.095024
v -11.483001 5.784845 6.784700
v -11.128880 5.698473 6.784700
v -11.633739 5.870786 6.839754
v -11.125279 5.698277 6.784700
v -10.913429 5.710237 6.816844
v -10.634580 5.798113 6.784700
v -10.883599 5.744338 7.022930
v -10.456969 5.909148 6.784700
v -10.526250 5.869598 6.913843
v -10.253799 6.123332 6.784700
v -11.947570 6.212098 6.784700
v -11.602870 5.848861 6.784700
v -11.579340 5.834607 6.784700
v -11.958810 6.232963 6.784700
v -11.970170 6.278030 6.924486
v -11.682950 5.945260 7.035535
v -10.822920 5.754673 7.007584
v -4.855338 16.391432 13.965689
v -7.164243 11.897610 12.977940
v -7.695330 11.076870 12.585760
v -8.536818 9.801841 11.833139
v -7.123669 11.960780 13.005079
v -6.860802 12.389140 13.177600
v -6.190743 13.627700 13.568489
v -5.520639 14.975420 13.831169
v -4.859640 16.436522 13.967938
v -4.812689 16.462191 13.969668
v -4.811347 16.469822 13.970049
v -4.815573 16.468771 13.969958
v -4.807898 16.469751 13.970078
v -4.803877 16.467321 13.970009
v -4.805683 16.468912 13.970069
v -4.823940 16.464752 13.969688
v -4.832162 16.459372 13.969338
v -4.843565 16.450571 13.968799
v -4.803027 16.442881 13.968819
v -4.802172 16.447672 13.969069
v -4.801436 16.459631 13.969659
v -4.802450 16.464731 13.969898
v -4.959095 16.086721 13.946468
v -4.828030 16.368511 13.964768
v -4.824744 16.376722 13.965229
v -9.366253 8.563167 10.940380
v -9.563576 8.265878 10.695530
v -10.155459 7.371791 9.844758
v -11.122479 7.554723 9.959862
v -10.632470 6.653056 8.952143
v -11.155729 6.801037 9.075651
v -10.687630 6.571103 8.830226
v -11.196650 6.280653 8.270178
v -11.015320 6.100127 7.987588
v -11.256160 5.841160 7.312315
v -6.460944 11.714479 12.494869
v -6.296490 11.774950 12.083349
v -6.062375 12.157459 12.430690
v -6.756370 11.780840 12.824070
v -6.249942 12.147530 12.775579
v -6.530508 12.228940 13.038050
v -5.570674 13.372470 13.214509
v -5.753483 13.430099 13.387959
v -5.159235 14.795351 13.723059
v -5.275906 14.850711 13.777779
v -4.984285 15.388290 13.842719
v -4.863502 16.038082 13.938549
v -4.815999 16.014231 13.930279
v -4.761028 16.340641 13.961339
v -4.783346 16.349892 13.963069
v -4.760707 16.350672 13.962129
v -4.782039 16.359322 13.963689
v -4.769368 16.436081 13.968228
v -4.780586 16.438341 13.968558
v -4.771696 16.442961 13.968658
v -4.781853 16.444521 13.968899
v -4.780778 16.461401 13.969728
v -4.787664 16.460802 13.969759
v -4.787776 16.470512 13.970189
v -4.792667 16.468582 13.970119
v -4.793488 16.476011 13.970439
v -4.796951 16.473112 13.970308
v -4.799177 16.480261 13.970589
v -4.801346 16.476482 13.970428
v -4.805149 16.483681 13.970678
v -4.806066 16.479042 13.970509
v -4.813329 16.487032 13.970709
v -4.812668 16.481291 13.970529
v -4.822334 16.489332 13.970649
v -4.820081 16.482481 13.970469
v -4.838397 16.490772 13.970359
v -4.833580 16.482092 13.970229
v -4.852890 16.489891 13.969949
v -4.845983 16.479712 13.969898
v -4.871772 16.486521 13.969249
v -4.862375 16.474531 13.969329
v -4.896925 16.479162 13.968099
v -4.884508 16.464941 13.968399
v -5.964882 13.517110 13.508638
v -5.397169 14.911131 13.814058
v -4.911246 16.062271 13.943949
v -4.805685 16.359182 13.964209
v -4.803389 16.368002 13.964728
v -4.791806 16.440601 13.968759
v -4.792013 16.446102 13.969039
v -4.794550 16.460222 13.969728
v -4.797559 16.466652 13.970018
v -4.800414 16.470221 13.970169
v -4.803514 16.472691 13.970259
v -4.806982 16.474392 13.970308
v -4.812008 16.475552 13.970308
v -4.817828 16.475622 13.970248
v -4.828761 16.473421 13.970009
v -4.839074 16.469542 13.969699
v -4.852972 16.462542 13.969179
v -4.872078 16.450731 13.968349
v -10.267952 29.032101 12.748969
v -11.836952 40.118137 12.875607
v -11.166093 40.118137 13.858418
v -10.165922 40.118137 14.503108
v -11.914342 37.067669 12.101138
v -11.927132 36.896458 11.757998
v -11.938652 36.671711 11.451468
v -11.939921 36.641529 11.417808
v -11.949271 36.372490 11.171838
v -11.963542 35.357388 10.800878
v -11.961792 35.691971 10.846007
v -11.957472 36.016499 10.957948
v -11.956491 36.069660 10.983317
v -11.963582 35.300720 10.799918
v -11.218172 29.032097 12.094389
v -11.851051 29.032097 11.129569
v -11.675290 6.014182 7.247293
v -11.968030 6.343997 7.123350
v -11.642759 6.429131 8.186273
v -11.620009 6.928957 8.980419
v -11.601279 7.662124 9.855526
v -11.958899 6.740799 8.010147
v -11.952459 7.218689 8.764724
v -11.947120 7.922784 9.602301
v 5.927048 48.969639 15.499996
v 4.869005 48.626518 15.499996
v 2.409011 48.098858 15.499996
v -0.100882 47.924427 15.499996
v -2.610213 48.106758 15.499996
v -5.068533 48.642147 15.499997
v -5.187476 48.677509 15.499997
v -6.416891 50.023300 15.409097
v -6.185447 49.932640 15.432998
v -5.234995 48.849697 15.498096
v -5.555931 49.282600 15.481936
v -6.042543 49.813004 15.446147
v -7.289987 46.742939 15.288816
v -6.793762 48.073990 15.363127
v -9.539727 42.457027 14.730597
v -9.819532 41.799690 14.633198
v -10.071842 40.963158 14.539508
v -10.164803 40.207790 14.503548
v -7.642619 45.991787 15.225998
v -7.990670 45.322147 15.155437
v -8.715028 44.021080 14.980027
v -8.599784 51.532330 13.497597
v -8.810480 51.354488 13.180087
v -8.840831 50.851688 13.400727
v -9.114805 50.731888 12.082277
v -9.128814 50.398968 12.256186
v -9.016310 51.082527 12.698227
v -8.927308 51.220848 12.942817
v -8.422810 51.646938 13.703547
v -8.071953 51.198910 14.342057
v -7.903180 51.884129 14.134606
v -6.958681 51.378990 14.913067
v -7.005016 52.098278 14.537447
v -7.658170 51.962120 14.278717
v -5.529881 52.116470 14.616055
v -5.619981 52.125900 14.629676
v -5.698670 51.359970 15.012376
v -6.005900 52.150650 14.660676
v -6.719583 52.130878 14.603456
v -5.913838 50.388378 15.337807
v -7.122682 50.432148 15.175386
v -8.172395 50.361568 14.556737
v -8.889235 50.188297 13.584257
v 8.929649 34.600250 9.155844
v 8.927049 34.752781 9.091908
v 8.927049 34.744129 9.101884
v 8.927070 34.739349 9.097736
v 8.927049 34.653828 9.204034
v 8.927048 40.054089 12.499996
v 8.927048 48.969639 12.499995
v 8.698687 48.969639 13.648045
v 7.427048 48.969639 15.098064
v 7.075098 48.969639 15.271635
v 8.525125 48.969639 13.999995
v 8.048369 48.969639 14.621315
v 8.689172 49.379387 13.652325
v 6.161893 55.191288 9.499995
v 4.706188 54.940838 9.499995
v 4.706655 54.938957 9.651246
v 7.560666 54.716690 9.499995
v 6.162276 55.189079 9.658153
v 8.563414 53.632118 9.499995
v 7.560879 54.714558 9.645052
v 8.927047 52.200500 9.499995
v 8.563476 53.630428 9.615123
v 4.730857 54.841179 10.596715
v 6.182040 55.074337 10.644145
v 4.786926 54.611950 11.472305
v 6.227500 54.808250 11.546935
v 4.879261 54.225990 12.357465
v 6.301404 54.368488 12.441565
v 4.946324 53.938877 12.838165
v 6.354369 54.047390 12.917195
v 5.085316 53.324867 13.615595
v 6.462375 53.375477 13.667305
v 5.105557 53.233257 13.711405
v 6.477912 53.276768 13.757865
v 5.270978 52.462597 14.374905
v 6.603224 52.460060 14.371095
v 5.449703 51.583687 14.900044
v 6.735489 51.553780 14.833714
v 5.643884 50.569798 15.282915
v 6.875879 50.534588 15.146795
v 5.828592 49.543358 15.472576
v 7.006525 49.525478 15.274055
v 7.571954 54.603687 10.548415
v 7.597323 54.347530 11.371765
v 7.638280 53.927139 12.181105
v 7.667424 53.622330 12.607635
v 7.726325 52.989849 13.273314
v 7.734742 52.897488 13.352984
v 7.802120 52.138309 13.887335
v 7.872295 51.305050 14.282044
v 7.945774 50.377628 14.539935
v 8.013269 49.467777 14.633445
v 8.566623 53.542278 10.332525
v 8.573819 53.338287 10.988055
v 8.585403 53.002468 11.635395
v 8.593610 52.758198 11.978295
v 8.610128 52.249439 12.516875
v 8.612479 52.174938 12.581685
v 8.631231 51.560780 13.019045
v 8.650625 50.883320 13.346684
v 8.670783 50.125740 13.566025
v 8.927047 52.199448 9.575621
v 8.927047 52.145180 10.048355
v 8.927047 52.018177 10.486145
v 8.927047 51.805058 10.928725
v 8.927047 51.647079 11.169085
v 8.927047 51.310688 11.557795
v 8.927047 51.260647 11.605705
v 8.927047 50.841370 11.937445
v 8.927047 50.366318 12.200025
v 8.927047 49.821960 12.391455
v 8.927047 49.274361 12.486285
v -8.989074 48.669590 13.775777
v -8.082444 48.409828 14.847917
v -9.627302 47.741600 12.329367
v -9.308261 48.794407 12.389606
v -8.502872 47.202408 14.754987
v -10.060813 46.635498 12.235627
v -9.876018 46.278568 13.546267
v -9.343202 47.561470 13.690987
v -10.116882 46.503887 12.222597
v -10.675552 45.239040 12.083497
v -10.467182 44.993160 13.363196
v -11.400303 43.490208 11.886968
v -11.201532 43.266670 13.108478
v -11.679823 42.650257 11.810698
v -11.472322 42.461281 13.009297
v -11.896563 41.790188 11.753407
v -11.733032 41.346500 12.913298
v -11.958352 41.459850 11.737617
v -12.071532 40.265350 11.709628
v -11.835692 40.252068 12.876058
v -9.114819 45.855499 14.596247
v -9.768613 44.559177 14.395277
v -10.542752 42.900841 14.115337
v -10.815352 42.160889 14.006078
v -11.068613 41.171577 13.900098
v -11.164923 40.231819 13.858928
v -6.782785 52.511120 14.350856
v -8.818213 51.604038 13.004847
v -9.115322 50.876587 11.925406
v -9.115322 50.718140 12.025747
v -5.447626 52.511089 14.350816
v -7.985737 52.187397 13.870487
v -5.301439 53.187969 13.772476
v -6.672013 53.228619 13.817165
v -5.155926 53.832268 13.015036
v -6.559368 53.930119 13.092016
v -5.047203 54.295498 12.253586
v -6.473504 54.448059 12.339596
v -4.958306 54.663258 11.363726
v -6.402123 54.868847 11.437236
v -4.904288 54.882019 10.445636
v -6.358203 55.123798 10.487916
v -4.885842 54.955940 9.499996
v -6.343105 55.210789 9.499996
v -7.926171 52.854488 13.405766
v -7.864866 53.513630 12.764356
v -7.817620 54.005287 12.089966
v -7.777992 54.408260 11.272556
v -7.753445 54.654060 10.405766
v -7.744978 54.738220 9.499996
v -8.801634 52.143837 12.624317
v -8.784464 52.674660 12.104327
v -8.771154 53.068798 11.561987
v -8.759940 53.390568 10.908697
v -8.752969 53.586258 10.219027
v -8.750560 53.653160 9.499997
v -9.115322 51.245277 11.636237
v -9.115322 51.598278 11.257517
v -9.115322 51.853458 10.876787
v -9.115322 52.056919 10.431857
v -9.115322 52.178349 9.972816
v -9.115322 52.219448 9.499997
v 9.266914 32.332741 10.284297
v 8.903549 32.623230 10.411967
v 8.711276 32.969688 10.687127
v 8.734836 33.291508 11.045737
v 9.084981 31.998529 10.558467
v 8.715536 32.342621 10.672717
v 8.525337 32.709141 10.984877
v 8.565353 32.999870 11.411287
v 9.017412 34.087368 9.149065
v 9.419908 32.539478 10.037637
v 9.628503 32.719120 9.704665
v 9.712402 32.818317 9.500118
v 9.254583 33.368000 9.409149
v 9.266302 33.385269 9.365223
v 9.032117 34.135677 8.923322
v 9.328306 33.517658 8.990755
v 9.336280 33.583420 8.772450
v 9.160848 33.847580 8.844617
v 9.759691 32.891788 9.337554
v 9.770620 32.912491 9.289885
v 9.815874 33.072941 8.886812
v 9.807582 33.154018 8.655142
v 9.153026 33.976608 7.999996
v 8.927049 34.900101 7.999996
v 8.927049 34.863159 8.549276
v 9.786838 33.234779 8.329564
v 9.779893 33.261799 7.999996
v 9.154985 33.944241 8.425289
v 10.793248 28.889919 10.999997
v 5.009642 25.507799 10.999998
v 4.940346 25.734249 10.999998
v 8.186418 30.715250 10.999997
v 4.859672 25.964159 10.999997
v 4.861810 25.958210 10.999997
v -2.531819 17.151459 12.499999
v -2.625351 17.216951 13.074018
v -2.696438 17.266731 13.249999
v -2.891705 17.403461 13.560658
v -3.146183 17.581652 13.799039
v -3.290334 17.682581 13.885818
v 9.046783 31.943970 10.598077
v 8.653205 31.381889 10.887506
v 8.264474 31.698439 11.016457
v 7.776841 31.002029 11.133966
v 7.607188 31.120819 11.292887
v 8.021594 31.989719 11.368757
v 7.477010 31.211979 11.499997
v 7.429620 31.245159 11.617317
v 7.989646 32.177670 11.850007
v 7.367265 31.288818 11.999997
v 4.040521 26.537739 11.999998
v 4.121316 26.481159 11.566937
v 4.675197 26.093328 11.025688
v 4.546196 26.183659 11.076118
v 4.347765 26.322599 11.219308
v 3.576691 25.641739 10.499998
v 3.935184 25.733370 10.499998
v 3.966591 25.778229 10.775268
v 4.189877 26.097120 11.164557
v 4.761204 25.441820 10.700628
v 4.559810 25.928539 10.985668
v 4.923944 25.674240 10.984347
v 4.826388 25.534910 10.870708
v 4.086464 25.731628 10.499998
v 4.373673 25.662710 10.499998
v 4.396626 25.695490 10.701168
v 4.461987 25.788839 10.871717
v 4.056026 25.905949 11.008628
v 3.887124 26.146700 11.485728
v 3.688586 25.863159 11.254437
v 3.555927 25.673698 10.908298
v 3.509344 25.607170 10.499998
v 3.711274 26.067520 11.885818
v 3.432152 25.668900 11.560658
v 3.245648 25.402540 11.074018
v 3.180157 25.309010 10.499998
v -7.334177 10.919710 12.402719
v -7.039280 10.878570 12.086530
v -8.180955 9.671844 11.651670
v -9.012404 8.456245 10.764339
v -9.209973 8.166074 10.521950
v -9.800689 7.297326 9.683868
v -10.272550 6.604278 8.812834
v -10.326620 6.525425 8.694513
v -10.643970 6.070682 7.879915
v -7.884964 9.660211 11.353800
v -8.713059 8.469863 10.485340
v -8.909251 8.187488 10.249499
v -9.492983 7.347001 9.438635
v -9.953522 6.684091 8.605019
v -10.005710 6.609119 8.492422
v -10.307429 6.177809 7.719848
v -6.866266 10.961229 11.696830
v -7.701078 9.768993 10.992109
v -8.518401 8.601736 10.150149
v -8.711066 8.326581 9.923151
v -9.280737 7.513007 9.147630
v -9.723681 6.880417 8.360144
v -9.773294 6.809562 8.254434
v -10.056290 6.405399 7.531454
v -5.419498 13.260911 12.903978
v -4.289021 14.860070 13.026278
v -4.594420 15.041981 13.525309
v -4.168516 14.814020 12.427329
v -5.276692 13.231380 12.287139
v 4.706188 54.940838 8.199947
v 3.821059 54.588799 8.199950
v 2.899183 54.306728 8.199955
v 2.631518 54.240059 8.246695
v 2.392642 54.186150 8.383497
v 2.215926 54.149620 8.591311
v 2.120074 54.130989 8.841935
v 2.106011 54.128330 8.949291
v 3.197891 54.389099 9.499995
v 2.016651 54.111809 9.336585
v 1.933731 54.097118 9.499996
v -2.079670 54.097130 9.499996
v -3.379290 54.399448 9.499996
v -1.809580 54.045399 9.810498
v -3.436849 54.203278 11.052906
v -1.064574 53.939518 10.065766
v -1.459260 53.985237 10.003156
v -1.781481 53.842747 11.052906
v -0.486978 53.905487 10.060186
v 1.598338 53.837429 11.052906
v 1.678497 54.048237 9.798351
v 1.343014 53.989689 9.992553
v 3.254833 54.192749 11.052905
v 3.421778 53.617069 12.499995
v 3.687350 52.701267 13.742635
v 4.033448 51.507809 14.696146
v 4.436488 50.117977 15.295546
v -4.631324 50.132259 15.295546
v -4.223911 51.520809 14.696146
v -3.874057 52.713181 13.742636
v -3.605606 53.628120 12.499996
v 1.682181 53.243919 12.499996
v 1.815557 52.299778 13.742636
v 1.989377 51.069359 14.696146
v 2.191792 49.636497 15.295546
v 0.918651 53.939518 10.065756
v -0.091761 53.719978 11.052906
v -0.092704 53.120579 12.499996
v -0.094203 52.167068 13.742636
v -0.096160 50.924427 14.696146
v -0.098437 49.477337 15.295546
v -1.867192 53.249508 12.499996
v -2.003537 52.305798 13.742636
v -2.181230 51.075920 14.696146
v -2.388155 49.643719 15.295546
v -2.226605 54.123577 9.131628
v -2.251944 54.128330 8.949311
v -2.653835 54.211517 8.303658
v -2.901606 54.270157 8.213135
v -2.311728 54.139778 8.691704
v -2.450749 54.167660 8.468894
v -4.885842 54.955940 8.199991
v -3.984521 54.594978 8.199986
v -3.045122 54.306740 8.199984
v 5.927047 55.200500 8.199943
v 6.161893 55.191288 8.199942
v 7.427047 54.798569 8.199936
v 7.560666 54.716690 8.199935
v 8.525124 53.700500 8.199931
v 8.927047 52.200500 8.199929
v 8.927049 34.779541 5.499996
v 8.927048 34.779541 4.726790
v 8.927049 34.900101 5.499996
v 8.927048 34.879539 4.699996
v 8.927047 40.010639 4.699995
v 8.927047 51.118137 8.039160
v 8.927047 50.678898 7.599929
v 8.927047 50.518139 6.999929
v 8.927047 51.718128 8.199929
v 8.927046 49.718140 4.699994
v 8.927046 50.118137 4.807174
v 8.927046 50.410957 5.099994
v 8.927047 50.518139 5.499994
v -7.615321 54.817520 8.200002
v -7.744978 54.738220 8.200004
v -8.713398 53.719448 8.200008
v -9.115322 52.219448 8.200010
v -6.343105 55.210789 8.199996
v -6.115321 55.219448 8.199995
v -9.115322 50.962917 7.932553
v -9.115322 51.345840 8.140795
v -9.115322 51.718128 8.200010
v 8.930198 34.779541 5.579294
v 8.927062 34.892677 5.504880
v 8.930326 34.780979 5.581272
v 8.930393 34.782410 5.583254
v 8.930400 34.783848 5.585238
v 8.930347 34.785278 5.587224
v 8.970914 34.483528 6.196845
v 8.937127 34.699577 5.803055
v 8.932796 34.748589 5.667418
v 8.931476 34.767120 5.618222
v 8.930820 34.777328 5.597106
v 9.779893 33.261799 6.599996
v 9.296932 33.741348 6.599996
v 9.148113 33.986111 6.558990
v 9.035005 34.251900 6.421501
v 11.653618 30.118650 10.598077
v 12.030408 30.656752 10.085116
v 11.465178 29.849522 10.761817
v 12.283448 31.018131 9.499996
v 9.776388 33.256790 6.565566
v 9.757099 33.229248 6.520190
v 9.766296 33.242378 6.535346
v 9.773879 33.253208 6.555418
v 9.273057 33.724380 6.529284
v 9.290727 33.736938 6.561727
v 8.946973 34.433140 6.132524
v 8.924196 34.644447 5.781309
v 8.958206 34.430378 6.155440
v 9.020308 34.206440 6.362806
v 9.130042 33.955128 6.490000
v 8.930951 34.773808 5.594889
v 8.930908 34.770267 5.592676
v 8.912193 34.628868 5.775504
v 8.925977 34.707260 5.652199
v 8.929532 34.717278 5.655833
v 8.929508 34.742638 5.607474
v 8.930671 34.748711 5.610117
v 8.930299 34.763218 5.588278
v 8.930690 34.766750 5.590471
v 8.931390 34.754818 5.612799
v 8.931871 34.727589 5.659613
v 8.932557 34.661930 5.788029
v 8.931659 34.760967 5.615505
v 8.932962 34.738068 5.663492
v 8.936929 34.680557 5.795381
v 8.970458 34.456589 6.174808
v 9.034665 34.229950 6.389796
v 9.145900 33.973198 6.521550
v 8.917727 34.719189 5.499996
v 8.903435 34.879539 4.635458
v 8.903435 34.747269 4.670900
v 8.920959 34.879539 4.665635
v 8.915343 34.756058 4.686132
v 8.892559 34.678600 4.728333
v 8.910240 34.699287 4.757291
v 8.921019 40.010639 4.665793
v 8.903652 40.010639 4.635716
v 8.920945 52.200500 8.165530
v 8.518676 53.696758 8.162066
v 4.715820 54.919220 8.135348
v 5.926995 55.175030 8.133268
v 7.414201 54.776318 8.133015
v 6.697377 55.075409 8.135339
v 8.502874 53.687649 8.133010
v 8.031635 54.305080 8.135333
v 8.903383 52.200500 8.135330
v 8.801965 52.970829 8.135330
v 4.708670 54.935268 8.165549
v 5.307887 55.111717 8.135346
v 5.926805 55.193218 8.162510
v 7.423326 54.792118 8.162075
v 8.913651 52.200500 8.149929
v -9.109219 52.219448 8.165611
v -9.109808 51.718128 8.167262
v -9.091656 52.219448 8.135411
v -9.091926 51.718128 8.135731
v -9.090507 51.718128 8.134076
v -7.611595 54.811077 8.162137
v -6.115084 55.212147 8.162507
v -8.835461 53.361088 8.113406
v -8.932595 53.094360 8.113406
v -8.990240 52.989780 8.135411
v -9.059981 52.396847 8.113406
v -7.602475 54.795280 8.133082
v -7.590322 54.774227 8.113400
v -7.717817 54.696247 8.113400
v -7.768696 54.662579 8.113400
v -8.304234 54.197117 8.113403
v -8.219908 54.324039 8.135406
v -8.484180 53.977577 8.113404
v -5.880191 55.160069 8.113392
v -6.115322 55.169437 8.113393
v -6.115272 55.193970 8.133313
v -6.339309 55.160927 8.113394
v -6.589145 55.131149 8.113396
v -6.866807 55.072117 8.113398
v -6.885654 55.094360 8.135400
v -7.526224 54.810169 8.113400
v -5.091548 54.986107 8.113389
v -5.781056 55.150448 8.113392
v -5.491581 55.129688 8.135393
v -4.888343 54.950367 8.165592
v -4.895540 54.934349 8.135392
v -4.906333 54.910328 8.113388
v -8.706964 53.715729 8.162189
v -8.691147 53.706608 8.133087
v -8.670096 53.694450 8.113405
v -3.986554 54.589230 8.165588
v -3.992404 54.572670 8.135388
v -4.001175 54.547840 8.113385
v -3.057778 54.258369 8.113380
v -3.052795 54.277420 8.128263
v -3.047119 54.299110 8.161051
v -2.896601 54.239357 8.144108
v -2.812065 54.196907 8.148463
v -2.627799 54.178680 8.244433
v -2.548536 54.137157 8.275834
v -2.408018 54.133549 8.424618
v -2.341341 54.094608 8.481821
v -2.257742 54.105007 8.666291
v -2.211806 54.069977 8.745633
v -2.192152 54.092068 8.945073
v -2.176421 54.063507 8.943731
v -2.896962 54.261330 8.175843
v -2.638259 54.201027 8.271880
v -2.426542 54.156120 8.445245
v -2.281717 54.127689 8.678164
v -2.218770 54.115620 8.947049
v -2.152790 54.059250 9.112829
v -2.168670 54.088390 9.117517
v -2.194519 54.111298 9.124108
v -2.015877 54.035557 9.454248
v -2.029741 54.064499 9.465848
v -2.051979 54.086147 9.481815
v -1.067475 53.916420 9.991689
v -1.266885 53.935001 9.975062
v -1.418058 53.967270 9.957363
v -1.603426 53.974140 9.852579
v -1.772642 54.016880 9.756406
v -1.788764 54.037098 9.781906
v -1.448125 53.979668 9.967257
v -1.065465 53.935188 10.025606
v -0.091517 53.874428 9.984296
v -0.488194 53.881718 9.985592
v -0.487353 53.901100 10.020136
v 0.919490 53.935600 10.026896
v 0.921551 53.916409 9.991679
v 1.125190 53.938049 9.977319
v 1.086964 53.931587 9.980673
v 1.347961 53.978168 9.930358
v 1.450952 53.973278 9.856225
v 1.626452 54.025398 9.771229
v 1.883824 54.064518 9.465865
v 1.869937 54.035549 9.454247
v 1.331018 53.983929 9.957093
v 1.657296 54.039818 9.770194
v 1.906055 54.086147 9.481825
v 1.947175 54.048717 9.302857
v 1.962360 54.077980 9.311373
v 1.986587 54.100178 9.323161
v 2.030487 54.063499 8.943712
v 2.047210 54.093300 8.945133
v 2.073517 54.116020 8.947078
v 2.062405 54.096027 8.828951
v 2.075120 54.071690 8.716482
v 2.165989 54.115078 8.557493
v 2.216507 54.098770 8.453611
v 2.357088 54.152550 8.331687
v 2.440555 54.145370 8.250347
v 2.615863 54.208160 8.181693
v 2.717918 54.209377 8.135043
v 2.905171 54.283840 8.135356
v 2.911836 54.258358 8.113353
v 2.088164 54.118740 8.835022
v 2.188001 54.137718 8.573278
v 2.372142 54.175037 8.355773
v 2.621327 54.230328 8.211704
v 2.900727 54.300827 8.165556
v 3.837638 54.541630 8.113348
v 3.828906 54.566467 8.135351
v 3.823083 54.583038 8.165552
v 8.903652 51.718128 8.135652
v 8.913651 51.718128 8.149929
v 8.921019 51.718128 8.165729
v 8.921019 51.135239 8.009541
v 8.903652 51.150269 7.983492
v 8.921019 50.708530 7.582827
v 8.903652 50.734577 7.567789
v 8.921019 50.552338 6.999929
v 8.903652 50.582420 6.999929
v 8.921019 50.552338 5.499994
v 8.903652 50.582420 5.499994
v 8.903651 49.718140 4.635715
v 8.903651 50.150280 4.751507
v 8.921018 49.718140 4.665792
v 8.921018 50.135239 4.777554
v 8.903651 50.466618 5.067855
v 8.921018 50.440578 5.082893
v -9.090507 51.366299 8.078116
v -9.109808 51.356003 8.109665
v -9.109808 50.983521 7.907104
v -9.089549 50.771309 7.622141
v -9.090507 51.004398 7.881315
v -9.108113 50.746708 7.638720
v -9.112989 50.621918 7.385636
v -9.094367 50.649609 7.375658
v -9.097070 50.585678 7.000009
v -9.115726 50.556377 7.000009
v -9.108108 50.571159 7.000009
v 12.873938 30.909910 8.253482
v 13.713597 30.263102 9.077327
v 11.726118 31.825922 6.682515
v -0.828008 22.637680 -9.700004
v -4.572951 17.289351 -9.700003
v -0.828008 22.637680 -9.600004
v -4.572951 17.289351 -9.600003
v -3.572952 22.668139 -9.700003
v -1.072952 22.668139 -9.700004
v -3.572952 22.668139 -9.600003
v -1.072952 22.668139 -9.600004
v -3.955636 22.592020 -9.700003
v -3.955636 22.592020 -9.600003
v -4.280059 22.375250 -9.700003
v -4.280059 22.375250 -9.600003
v -4.496832 22.050819 -9.700003
v -4.496832 22.050819 -9.600003
v -4.572952 21.668139 -9.700003
v -4.572952 21.668139 -9.600003
v -1.072952 24.668139 -9.600004
v -3.572952 24.668139 -9.600004
v -4.572952 25.668139 -9.600004
v -4.280060 34.325249 -9.600004
v -3.955637 34.542019 -9.600004
v -3.572953 34.618137 -9.600004
v -0.072952 25.668139 -9.600004
v -0.149073 25.285450 -9.600004
v -0.365846 24.961029 -9.600004
v -3.955636 24.744259 -9.600004
v -4.280059 24.961029 -9.600004
v -4.496832 25.285450 -9.600004
v -1.072953 34.618137 -9.600005
v -0.690270 34.542019 -9.600005
v -0.365847 34.325249 -9.600005
v -4.572953 33.618137 -9.600004
v -0.072953 33.618137 -9.600005
v -0.690270 24.744259 -9.600004
v -4.496833 34.000820 -9.600004
v -0.149073 34.000820 -9.600005
v -0.072953 33.618137 -9.700005
v -4.572953 33.618137 -9.700004
v -0.072952 25.668139 -9.700004
v -4.572952 25.668139 -9.700004
v -4.280059 24.961029 -9.700004
v -3.955636 24.744259 -9.700004
v -3.572952 24.668139 -9.700004
v -0.365847 34.325249 -9.700005
v -0.690270 34.542019 -9.700005
v -0.149074 34.000820 -9.700005
v -1.072953 34.618137 -9.700005
v -3.572953 34.618137 -9.700004
v -4.496832 25.285450 -9.700004
v -1.072952 24.668139 -9.700004
v -3.955637 34.542019 -9.700004
v -4.280060 34.325249 -9.700004
v -4.496833 34.000820 -9.700004
v -0.690270 24.744259 -9.700004
v -0.365846 24.961029 -9.700004
v -0.149073 25.285450 -9.700004
v -6.372955 41.360958 -9.600005
v -6.080134 41.068138 -9.600005
v -6.772954 40.668140 -9.600005
v -5.972953 40.668140 -9.600005
v -6.080133 40.268139 -9.600005
v -7.465775 41.068138 -9.600005
v -7.172955 41.360958 -9.600005
v -6.772954 41.468140 -9.600005
v -7.172954 39.975319 -9.600005
v -7.465774 40.268139 -9.600005
v -7.572953 40.668140 -9.600005
v -6.372954 39.975319 -9.600005
v -6.772954 39.868137 -9.600005
v -6.772954 40.668140 -10.130692
v -6.080134 41.068138 -9.650004
v -6.372955 41.360958 -9.650004
v -5.972953 40.668140 -9.650004
v -7.172955 41.360958 -9.650004
v -7.465775 41.068138 -9.650004
v -6.772954 41.468140 -9.650004
v -7.465774 40.268139 -9.650004
v -7.172954 39.975319 -9.650004
v -7.572953 40.668140 -9.650004
v -6.372954 39.975319 -9.650004
v -6.080133 40.268139 -9.650004
v -6.772954 39.868137 -9.650004
v 7.401644 38.368137 -6.000004
v 7.427047 38.168140 -6.000004
v 6.177047 38.368137 -6.000004
v 7.319867 37.768139 -6.000004
v 7.027047 37.475319 -6.000004
v 5.927047 37.780838 -6.000004
v 5.927047 38.347160 -6.000004
v 5.934226 37.768139 -6.000004
v 6.227048 37.475319 -6.000004
v 6.627045 37.368137 -6.000004
v 6.707318 37.741310 -10.219733
v 6.927047 37.426517 -10.000004
v 7.027047 37.475319 -9.900004
v 7.319867 37.768139 -9.607184
v 7.399786 37.961079 -9.527265
v 7.427047 38.168140 -9.500005
v 6.540755 38.299431 -10.386293
v 7.319867 38.568138 -9.607184
v 6.707318 38.594971 -10.219733
v 7.027047 38.860958 -9.900004
v 6.927047 38.909760 -10.000004
v 6.520642 38.231091 -10.406404
v 6.514178 38.168140 -10.412873
v 6.520642 38.105190 -10.406404
v 6.540755 38.036850 -10.386293
v 7.399786 38.375191 -9.527265
v 6.627045 37.368137 -10.000004
v 6.627045 38.968140 -10.000004
v 6.557690 38.965118 -10.000004
v 6.227048 38.860958 -10.000004
v 6.187644 38.836658 -10.000004
v 5.934226 38.568138 -10.000004
v 5.922944 38.547928 -10.000004
v 5.827045 38.168140 -10.000004
v 5.922944 37.788349 -10.000004
v 5.934226 37.768139 -10.000004
v 6.187644 37.499611 -10.000004
v 6.227048 37.475319 -10.000004
v 6.557690 37.371147 -10.000004
v 5.927047 37.780838 -9.600006
v 7.401644 38.368137 -6.050004
v 7.319867 38.568138 -6.050004
v 7.027047 38.860958 -6.050004
v 6.627045 38.968140 -6.050004
v 5.934226 38.568138 -6.050004
v 5.927047 38.555439 -6.050004
v 5.927047 38.555439 -9.600006
v 5.827045 38.168140 -9.600006
v 6.227048 38.860958 -6.050004
v 5.927047 38.347160 -6.050004
v 6.177047 38.368137 -6.050004
v -9.072950 15.345569 -5.400002
v -9.072951 15.345569 -6.000001
v -10.572950 15.345569 -5.400001
v -10.572951 15.345569 -6.000001
v -9.238066 43.861298 -6.000003
v -9.072954 43.861298 -6.000003
v -9.238065 43.861298 -5.400003
v -9.072953 43.861298 -5.400003
v -9.786529 43.506618 -5.400003
v -9.786210 43.506580 -6.000003
v -9.654289 43.693459 -5.400003
v -9.654290 43.693459 -6.000003
v -9.462461 43.817760 -5.400003
v -9.462461 43.817760 -6.000003
v -10.009354 42.927917 -5.400003
v -10.572952 34.268139 -5.400002
v -10.572953 34.268139 -6.000002
v -10.572953 36.749660 -6.000003
v -10.572952 36.749660 -5.400003
v -10.572954 38.990368 -6.000003
v -10.572953 38.990368 -5.400003
v -10.484215 41.180298 -6.000003
v -10.484214 41.180298 -5.400003
v -10.421974 41.513939 -6.000003
v -10.009355 42.927917 -6.000003
vn -0.2039 0.2810 -0.9378
vn -0.4027 0.2585 0.8781
vn 0.0167 -0.0117 0.9998
vn -0.1250 0.0876 0.9883
vn -0.1265 0.1073 0.9861
vn -0.0272 -0.0042 0.9996
vn -0.0370 0.0422 0.9984
vn -0.2695 0.2471 0.9308
vn -0.2591 0.2656 0.9286
vn -0.2398 0.0883 0.9668
vn -0.2304 0.1694 0.9582
vn -0.1888 0.1322 0.9731
vn 0.0923 -0.1151 -0.9891
vn 0.0044 0.0465 -0.9989
vn 0.0095 -0.0222 -0.9997
vn -0.1123 0.0866 -0.9899
vn -0.1191 0.1306 -0.9843
vn -0.2069 0.1327 -0.9693
vn -0.2560 0.1981 -0.9462
vn 0.0025 0.0024 1.0000
vn 0.0632 -0.0442 0.9970
vn 0.1368 -0.1065 0.9849
vn 0.1713 -0.1199 0.9779
vn 0.3225 -0.2259 0.9192
vn 0.3445 -0.2518 0.9044
vn 0.4197 -0.2939 0.8588
vn 0.4859 -0.3402 0.8051
vn 0.5261 -0.3817 0.7599
vn 0.5693 -0.3986 0.7191
vn 0.6756 -0.4774 0.5618
vn 0.6792 -0.4845 0.5514
vn 0.6236 -0.4367 0.6484
vn 0.7691 -0.5509 0.3239
vn 0.7613 -0.5331 0.3691
vn 0.7284 -0.5101 0.4574
vn 0.8164 -0.5716 -0.0826
vn 0.8191 -0.5735 0.0143
vn 0.8116 -0.5807 0.0630
vn 0.8102 -0.5673 0.1472
vn 0.7947 -0.5565 0.2423
vn 0.8022 -0.5658 -0.1909
vn 0.7985 -0.5670 -0.2022
vn 0.7793 -0.5457 -0.3080
vn 0.7512 -0.5260 -0.3987
vn 0.7239 -0.5202 -0.4532
vn 0.7011 -0.4909 -0.5171
vn 0.6568 -0.4599 -0.5976
vn 0.6015 -0.4318 -0.6721
vn 0.5857 -0.4100 -0.6991
vn 0.4642 -0.3252 -0.8239
vn 0.4350 -0.3151 -0.8435
vn 0.3707 -0.2596 -0.8918
vn 0.2982 -0.2088 -0.9314
vn 0.2360 -0.1785 -0.9552
vn 0.1941 -0.1359 -0.9715
vn 0.0683 -0.0478 -0.9965
vn 0.6206 0.7841 -0.0000
vn 0.6206 0.7842 0.0001
vn 0.6206 0.7841 0.0001
vn 0.6206 0.7841 0.0002
vn 0.6206 0.7841 -0.0001
vn 0.9990 0.0456 -0.0000
vn 0.9990 0.0455 -0.0000
vn 0.8192 -0.5735 -0.0000
vn 0.6800 -0.2380 -0.6935
vn 0.6750 -0.2488 -0.6947
vn 0.7729 -0.0015 -0.6345
vn 0.7663 -0.0250 -0.6420
vn 0.8087 0.1770 -0.5610
vn 0.8139 0.2932 -0.5015
vn 0.8077 0.4029 -0.4304
vn 0.7706 0.5553 -0.3129
vn 0.7030 0.6869 -0.1842
vn 0.6756 0.7242 -0.1380
vn 0.4251 0.0408 -0.9042
vn 0.5002 -0.0764 -0.8625
vn 0.4291 0.0153 -0.9031
vn 0.5204 -0.0498 -0.8524
vn 0.4277 -0.2290 -0.8744
vn 0.5955 0.7608 -0.2582
vn 0.5955 0.7607 -0.2583
vn 0.5330 0.5335 -0.6568
vn 0.5210 0.4907 -0.6984
vn 0.4464 0.3523 -0.8226
vn 0.3942 0.2569 -0.8824
vn 0.3346 0.1878 -0.9234
vn 0.6732 0.7063 -0.2190
vn 0.6733 0.7062 -0.2192
vn 0.7265 0.3460 -0.5937
vn 0.7041 0.6348 -0.3181
vn 0.7168 0.0080 -0.6973
vn 0.6572 0.7536 -0.0111
vn 0.7101 0.6978 -0.0940
vn 0.8038 0.5303 -0.2696
vn 0.8161 0.4931 -0.3013
vn 0.8361 0.3818 -0.3941
vn 0.8318 0.1602 -0.5315
vn 0.8298 0.1448 -0.5389
vn 0.7895 -0.0130 -0.6137
vn 0.6955 -0.2297 -0.6808
vn 0.6873 -0.2431 -0.6845
vn 0.8797 0.3836 -0.2810
vn 0.8729 0.1565 -0.4622
vn 0.8609 0.1135 -0.4960
vn 0.7109 -0.2299 -0.6646
vn 0.7034 -0.2377 -0.6698
vn 0.5725 0.8178 0.0582
vn 0.8384 0.5261 -0.1424
vn 0.8700 0.4383 -0.2257
vn 0.7791 0.6269 -0.0084
vn 0.7206 0.6890 0.0780
vn 0.6598 0.7339 0.1614
vn 0.5795 -0.4051 -0.7072
vn 0.5792 -0.4056 -0.7071
vn 0.3951 -0.2764 -0.8761
vn -0.3942 -0.8275 -0.3999
vn 0.4206 0.9072 0.0116
vn 0.1169 0.1317 -0.9844
vn -0.0388 0.2408 -0.9698
vn -0.0388 0.2409 -0.9698
vn 0.3985 0.2320 -0.8873
vn 0.2151 0.0639 -0.9745
vn 0.6770 -0.2604 -0.6883
vn 0.5575 -0.1767 -0.8111
vn 0.5575 -0.1767 -0.8112
vn 0.4657 -0.1116 -0.8779
vn 0.5552 0.1800 -0.8120
vn 0.3942 -0.0618 -0.9169
vn 0.2917 0.0098 -0.9565
vn 0.8738 -0.0408 -0.4845
vn 0.7474 -0.3088 -0.5883
vn 0.9045 -0.4186 -0.0813
vn 0.8921 -0.4109 -0.1880
vn 0.8921 -0.4110 -0.1880
vn 0.8680 -0.3932 -0.3032
vn 0.9283 -0.1440 -0.3427
vn 0.8402 -0.3742 -0.3925
vn 0.7909 -0.3395 -0.5091
vn 0.9669 -0.2550 0.0134
vn 0.9069 -0.4213 0.0019
vn 0.8984 -0.4147 0.1449
vn 0.9806 -0.0972 0.1705
vn 0.8831 -0.4040 0.2385
vn 0.8500 -0.3813 0.3634
vn 0.9016 -0.2399 0.3601
vn 0.8179 -0.3581 0.4503
vn 0.7732 -0.3278 0.5429
vn 0.7147 -0.2859 0.6383
vn 0.7696 -0.0293 0.6378
vn 0.6610 -0.2487 0.7079
vn 0.5790 -0.1911 0.7926
vn 0.6759 0.0961 0.7307
vn 0.5139 -0.1454 0.8454
vn 0.4179 -0.0790 0.9050
vn 0.2690 0.0252 0.9628
vn 0.1630 0.1003 0.9815
vn 0.2801 0.3743 0.8840
vn 0.0847 0.1550 0.9843
vn -0.0225 0.2298 0.9730
vn 0.1070 0.4326 0.8952
vn -0.0989 0.2838 0.9538
vn -0.1923 0.3483 0.9174
vn -0.1923 0.3483 0.9175
vn -0.2849 0.4140 0.8646
vn -0.1368 0.6405 0.7557
vn -0.3519 0.4605 0.8149
vn -0.4307 0.5158 0.7405
vn -0.4699 0.4745 0.7443
vn -0.2498 0.7768 0.5781
vn 0.0140 0.8611 0.5082
vn -0.0704 0.8947 0.4411
vn 0.1282 0.9423 0.3092
vn -0.3692 0.8017 0.4700
vn 0.1016 0.9782 0.1814
vn 0.1849 0.9659 0.1813
vn 0.0774 0.9871 0.1404
vn 0.2544 0.9638 0.0804
vn 0.0078 0.9968 0.0789
vn 0.2184 0.9755 0.0252
vn 0.1346 0.9907 0.0174
vn 0.4237 0.9049 0.0401
vn 0.4237 0.9049 0.0402
vn 0.4327 0.8986 0.0725
vn 0.4327 0.8986 0.0726
vn 0.4466 0.8889 0.1022
vn 0.4649 0.8760 0.1281
vn 0.4870 0.8606 0.1492
vn 0.4871 0.8605 0.1491
vn 0.5121 0.8430 0.1645
vn 0.5391 0.8241 0.1738
vn 0.5390 0.8242 0.1738
vn 0.5670 0.8046 0.1766
vn 0.5948 0.7851 0.1727
vn 0.6215 0.7664 0.1623
vn 0.6461 0.7492 0.1459
vn 0.6461 0.7492 0.1458
vn 0.6676 0.7341 0.1239
vn 0.6676 0.7341 0.1240
vn 0.6853 0.7218 0.0974
vn 0.6852 0.7218 0.0974
vn 0.6984 0.7126 0.0671
vn 0.7064 0.7069 0.0344
vn 0.7065 0.7069 0.0344
vn 0.7092 0.7050 0.0003
vn 0.7065 0.7069 -0.0337
vn 0.7066 0.7069 -0.0337
vn 0.6986 0.7125 -0.0665
vn 0.6855 0.7216 -0.0968
vn 0.6856 0.7215 -0.0968
vn 0.6680 0.7338 -0.1235
vn 0.6680 0.7339 -0.1234
vn 0.6465 0.7489 -0.1455
vn 0.6466 0.7488 -0.1455
vn 0.6220 0.7660 -0.1621
vn 0.6220 0.7660 -0.1620
vn 0.5954 0.7847 -0.1726
vn 0.5675 0.8042 -0.1766
vn 0.5396 0.8238 -0.1740
vn 0.2898 0.7649 -0.5753
vn -0.1657 0.3303 -0.9292
vn -0.1195 0.3992 -0.9091
vn 0.1414 0.6428 -0.7529
vn 0.0807 0.6006 -0.7954
vn 0.1890 0.5237 -0.8307
vn 0.3224 0.4302 -0.8432
vn 0.4553 0.3372 -0.8240
vn 0.5827 0.2480 -0.7739
vn 0.6998 0.1660 -0.6948
vn 0.8022 0.0942 -0.5896
vn 0.8022 0.0943 -0.5896
vn 0.8860 0.0356 -0.4623
vn 0.9482 -0.0079 -0.3176
vn 0.9863 -0.0346 -0.1610
vn 0.9863 -0.0347 -0.1610
vn 0.9990 -0.0436 0.0016
vn 0.9858 -0.0343 0.1642
vn 0.9472 -0.0072 0.3206
vn 0.9472 -0.0073 0.3206
vn 0.8845 0.0366 0.4650
vn 0.8846 0.0366 0.4650
vn 0.8003 0.0956 0.5919
vn 0.6976 0.1675 0.6966
vn 0.6976 0.1675 0.6967
vn 0.5802 0.2497 0.7752
vn 0.4527 0.3390 0.8247
vn 0.3197 0.4321 0.8432
vn 0.3197 0.4321 0.8433
vn 0.1863 0.5255 0.8302
vn 0.1863 0.5255 0.8301
vn 0.0575 0.6157 0.7859
vn -0.0619 0.6993 0.7121
vn -0.1490 0.7616 0.6306
vn -0.2884 0.6622 0.6916
vn 0.4838 0.8403 -0.2448
vn 0.5071 0.8464 -0.1629
vn 0.3416 0.7885 -0.5115
vn 0.4059 0.7425 -0.5328
vn 0.4915 0.6826 -0.5408
vn 0.5768 0.6229 -0.5285
vn 0.5767 0.6229 -0.5286
vn 0.6585 0.5657 -0.4964
vn 0.7336 0.5131 -0.4457
vn 0.7992 0.4671 -0.3782
vn 0.8530 0.4295 -0.2965
vn 0.8530 0.4294 -0.2965
vn 0.8929 0.4015 -0.2037
vn 0.9174 0.3844 -0.1033
vn 0.9255 0.3787 0.0010
vn 0.9255 0.3786 0.0010
vn 0.9171 0.3846 0.1053
vn 0.9170 0.3847 0.1053
vn 0.8922 0.4020 0.2056
vn 0.8923 0.4020 0.2057
vn 0.8521 0.4301 0.2983
vn 0.8521 0.4301 0.2982
vn 0.7980 0.4680 0.3797
vn 0.7980 0.4679 0.3797
vn 0.7322 0.5141 0.4469
vn 0.7321 0.5141 0.4469
vn 0.6569 0.5668 0.4973
vn 0.6569 0.5668 0.4972
vn 0.5751 0.6241 0.5290
vn 0.4898 0.6838 0.5409
vn 0.4042 0.7437 0.5324
vn 0.4042 0.7437 0.5325
vn 0.3216 0.8016 0.5041
vn 0.3216 0.8015 0.5041
vn 0.2450 0.8552 0.4568
vn 0.2450 0.8552 0.4567
vn 0.1773 0.9026 0.3923
vn 0.1211 0.9420 0.3132
vn 0.1211 0.9420 0.3131
vn 0.0841 0.9685 0.2344
vn 0.0684 0.9683 0.2404
vn -0.5736 -0.8192 -0.0000
vn -0.5736 -0.8192 0.0001
vn -0.5734 -0.8193 -0.0000
vn -0.5736 -0.8191 -0.0000
vn 0.5736 0.8191 -0.0000
vn 0.5736 0.8192 -0.0000
vn 0.5735 0.8192 -0.0000
vn 0.5734 0.8193 -0.0001
vn 0.5732 0.8194 -0.0002
vn 0.5726 0.8198 -0.0021
vn -0.9987 0.0504 -0.0000
vn -0.9983 0.0576 -0.0000
vn -0.9984 0.0552 -0.0077
vn -0.9983 0.0584 -0.0027
vn -0.9988 0.0496 -0.0010
vn -0.9951 0.0961 -0.0211
vn -0.9750 0.2221 -0.0000
vn -0.9909 0.1344 -0.0001
vn -0.9807 0.1950 -0.0129
vn -0.9974 0.0710 0.0085
vn -0.9964 0.0845 -0.0000
vn -0.0230 0.2882 -0.9573
vn -0.0980 0.4556 -0.8848
vn -0.0881 0.4694 -0.8786
vn -0.8467 0.5070 -0.1615
vn -0.8454 0.5060 -0.1711
vn -0.5689 0.7990 -0.1948
vn -0.6692 0.6457 -0.3677
vn -0.5512 0.8056 -0.2173
vn -0.4410 0.6869 -0.5776
vn -0.4929 0.6398 -0.5897
vn -0.1096 0.5654 -0.8175
vn -0.1713 0.7731 -0.6107
vn -0.1636 0.7817 -0.6019
vn -0.2000 0.9556 -0.2166
vn -0.1999 0.9556 -0.2165
vn -0.0000 0.4691 -0.8832
vn -0.0505 0.4572 -0.8879
vn 0.0535 0.7952 -0.6039
vn -0.0266 0.7844 -0.6196
vn 0.0262 0.9763 -0.2147
vn -0.0000 0.9753 -0.2211
vn -0.8246 0.4963 -0.2717
vn -0.9795 0.1815 -0.0873
vn -0.9182 0.3585 -0.1685
vn -0.6210 0.6463 -0.4435
vn -0.8017 0.5253 -0.2852
vn -0.6851 0.6616 -0.3048
vn -0.6786 0.7249 -0.1186
vn -0.8009 0.5955 -0.0637
vn -0.6849 0.7021 -0.1948
vn -0.9543 0.2680 -0.1323
vn -0.9532 0.2993 -0.0438
vn -0.9536 0.2978 -0.0438
vn -0.7579 0.1828 -0.6263
vn -0.9553 0.2107 -0.2072
vn -0.9669 0.2290 -0.1124
vn -0.7997 0.2263 -0.5562
vn -0.8299 0.2153 -0.5146
vn -0.9529 0.2213 -0.2072
vn -0.9364 0.2369 -0.2588
vn -0.1197 0.3206 -0.9396
vn -0.3485 0.3385 -0.8740
vn -0.5951 0.3034 -0.7442
vn -0.5648 0.2873 -0.7736
vn -0.7546 0.1956 -0.6264
vn -0.4808 0.6836 -0.5491
vn -0.3271 0.7067 -0.6274
vn -0.4969 0.6816 -0.5372
vn -0.7284 0.5939 -0.3416
vn -0.7627 0.4795 -0.4340
vn -0.6424 0.5297 -0.5538
vn -0.6871 0.3964 -0.6089
vn -0.3212 0.3481 -0.8807
vn -0.2704 0.5163 -0.8126
vn -0.2221 0.5166 -0.8269
vn -0.4388 0.6164 -0.6539
vn -0.4960 0.6396 -0.5873
vn -0.9005 0.4209 -0.1096
vn -0.9175 0.3668 -0.1539
vn -0.8984 0.3930 -0.1960
vn -0.9264 0.2969 -0.2316
vn -0.9167 0.3048 -0.2583
vn -0.9750 0.1938 -0.1082
vn -0.9737 0.2004 -0.1082
vn -0.9689 0.2205 -0.1121
vn -1.0000 -0.0000 -0.0002
vn -1.0000 -0.0000 -0.0000
vn -1.0000 0.0001 0.0001
vn -1.0000 -0.0097 0.0003
vn -1.0000 0.0019 0.0004
vn -1.0000 -0.0006 0.0009
vn -1.0000 -0.0000 -0.0001
vn -1.0000 -0.0001 0.0004
vn -1.0000 0.0001 -0.0000
vn -0.0000 -0.0000 1.0000
vn 1.0000 -0.0000 -0.0000
vn 1.0000 -0.0000 -0.0002
vn 1.0000 -0.0017 -0.0004
vn -0.0000 -0.9998 0.0212
vn 0.5488 -0.8277 0.1171
vn -0.9923 -0.1134 0.0507
vn -0.0000 -0.9659 0.2588
vn -0.0000 -0.7071 0.7071
vn -0.0000 -0.2588 0.9659
vn -0.0000 -1.0000 -0.0000
vn 0.8180 -0.5728 0.0535
vn 0.7649 -0.5356 0.3579
vn 0.4604 -0.3233 0.8267
vn 0.5028 -0.3521 0.7894
vn 0.3621 -0.3131 0.8780
vn 0.4231 -0.2963 0.8563
vn 0.3762 -0.2726 0.8855
vn 0.3758 -0.2760 0.8846
vn 0.3685 -0.3009 0.8796
vn 0.5458 -0.3821 0.7457
vn 0.5889 -0.4171 0.6922
vn 0.6099 -0.4288 0.6664
vn 0.7374 -0.5164 0.4354
vn 0.6961 -0.4958 0.5193
vn 0.7167 -0.5055 0.4805
vn 0.6769 -0.4740 0.5631
vn 0.6504 -0.4554 0.6079
vn 0.7605 -0.6488 -0.0254
vn 0.7554 -0.6547 -0.0272
vn 0.7893 -0.6138 0.0136
vn 0.8180 -0.5727 0.0531
vn 0.7961 -0.5575 0.2356
vn 0.8036 -0.5770 0.1460
vn 0.7889 -0.5528 0.2684
vn 0.4001 -0.8866 -0.2321
vn -0.3631 -0.9292 -0.0688
vn 0.7286 -0.6452 -0.2298
vn 0.8088 -0.5585 -0.1841
vn 0.8096 -0.5727 -0.1286
vn -0.7294 0.6841 -0.0068
vn -0.4793 0.8776 0.0026
vn -0.6777 0.7353 -0.0000
vn -0.6206 0.7841 -0.0026
vn -0.3036 0.9528 0.0013
vn -0.1729 0.9849 -0.0006
vn 0.6206 0.7841 0.0026
vn 0.4682 0.8836 0.0008
vn 0.3744 0.9273 -0.0001
vn 0.1156 0.9933 0.0003
vn 0.2541 0.9672 0.0035
vn 0.1044 0.9945 0.0008
vn 0.4779 0.8784 -0.0023
vn 0.6729 0.7397 -0.0001
vn 0.8246 0.5657 0.0002
vn 0.7708 0.6370 -0.0013
vn 0.9369 0.3496 0.0016
vn 0.8932 0.4497 -0.0007
vn 0.9727 0.2319 0.0002
vn 0.9876 0.1568 0.0006
vn 0.9940 0.1093 0.0001
vn 1.0000 0.0054 -0.0000
vn -0.9559 0.2936 0.0023
vn -0.9940 0.1094 0.0001
vn -1.0000 0.0052 -0.0000
vn -0.9877 0.1566 -0.0007
vn -0.8930 0.4500 0.0005
vn -0.8487 0.5289 -0.0007
vn -0.4017 0.9158 -0.0000
vn -0.5755 0.8178 0.0020
vn -0.4768 0.8790 -0.0007
vn -0.7072 0.7071 0.0003
vn -0.6729 0.7397 -0.0002
vn -0.7704 0.6376 0.0001
vn -0.2453 0.9694 -0.0000
vn -0.1146 0.9934 0.0012
vn 0.0004 1.0000 -0.0006
vn 0.3029 0.9530 0.0008
vn 0.3319 0.9433 0.0001
vn 0.6234 0.7819 -0.0001
vn 0.5517 0.8340 0.0016
vn 0.7357 0.6774 -0.0009
vn 0.6777 0.7353 -0.0000
vn -0.5019 0.8649 -0.0000
vn -0.4432 0.8964 -0.0000
vn -0.4394 0.8983 -0.0018
vn -0.5343 0.8448 -0.0305
vn -0.3965 0.9175 0.0323
vn -0.4138 0.9100 0.0262
vn 0.2584 0.9660 0.0090
vn 0.2133 0.9770 -0.0000
vn -0.0000 1.0000 -0.0000
vn -0.2584 0.9660 -0.0000
vn -0.2132 0.9769 0.0139
vn -0.3286 0.9445 0.0012
vn 0.4432 0.8964 -0.0000
vn 0.4524 0.8914 0.0264
vn 0.4339 0.9004 0.0332
vn 0.5759 0.8168 -0.0323
vn 0.4105 0.9116 0.0201
vn 0.5244 0.8513 -0.0156
vn 0.3970 0.9177 0.0113
vn 0.4433 0.8964 -0.0000
vn 0.3733 0.9277 -0.0000
vn 0.3288 0.9444 0.0011
vn 0.7081 0.7061 -0.0000
vn 0.7095 0.7047 0.0002
vn 0.6424 0.7664 -0.0002
vn 0.6204 0.7843 -0.0039
vn 0.5071 0.8618 0.0076
vn 0.5026 0.8645 -0.0000
vn -0.4339 0.9008 0.0193
vn -0.5028 0.8644 0.0015
vn -0.6059 0.7955 -0.0011
vn -0.6194 0.7851 -0.0036
vn -0.6914 0.7225 0.0030
vn -0.7092 0.7050 -0.0000
vn -0.9659 -0.2588 -0.0000
vn -0.7071 -0.7071 -0.0000
vn -0.2588 -0.9659 -0.0000
vn 0.2588 -0.9659 -0.0000
vn 0.7071 -0.7071 -0.0000
vn 0.9659 -0.2588 -0.0000
vn 0.9659 0.2588 -0.0000
vn 0.7071 0.7071 -0.0000
vn 0.2588 0.9659 -0.0000
vn -0.2588 0.9659 -0.0000
vn -0.7071 0.7071 -0.0000
vn -0.9659 0.2588 -0.0000
vn -0.6271 -0.7790 -0.0000
vn -0.8599 -0.5105 -0.0000
vn -0.9841 -0.1776 -0.0000
vn -0.9841 -0.1777 -0.0000
vn -0.9813 0.1924 -0.0000
vn -0.7629 0.6465 -0.0000
vn -0.3509 0.9364 -0.0000
vn 0.1503 0.9886 -0.0000
vn 0.6133 0.7899 -0.0000
vn 0.9206 0.3906 -0.0000
vn 0.9942 -0.1079 -0.0000
vn 0.8154 -0.5790 -0.0000
vn 0.4296 -0.9030 -0.0000
vn -0.0653 -0.9979 -0.0000
vn -0.5436 -0.8394 -0.0000
vn 0.2867 0.9580 -0.0000
vn 0.2866 0.9580 0.0001
vn -0.0000 1.0000 -0.0001
vn -0.2868 0.9580 0.0001
vn -0.2866 0.9580 -0.0003
vn -0.9658 0.2591 -0.0000
vn -0.8190 0.5738 -0.0000
vn -0.5747 0.8184 -0.0000
vn -0.5733 0.8193 0.0003
vn -0.7596 0.2196 0.6122
vn -0.9490 0.3154 -0.0000
vn -0.8320 0.5548 -0.0000
vn -0.6234 0.7819 -0.0000
vn -0.1421 0.3045 0.9418
vn -0.1246 0.2677 0.9554
vn -0.1071 0.2345 0.9662
vn -0.0166 0.0356 0.9992
vn -0.0657 0.1562 0.9855
vn -0.0668 0.1579 0.9852
vn -0.1068 0.2334 0.9665
vn 0.0734 0.1574 0.9848
vn 0.0307 0.0993 0.9946
vn 0.0918 0.2051 0.9744
vn 0.1241 0.2669 0.9557
vn 0.1414 0.3031 0.9424
vn 0.8320 0.5548 -0.0000
vn 0.6234 0.7819 -0.0000
vn 0.7596 0.2196 0.6122
vn 0.9490 0.3154 -0.0000
vn 0.5742 0.8187 -0.0000
vn 0.8208 0.5712 -0.0000
vn 0.9664 0.2571 -0.0000
vn 0.1105 0.3256 0.9390
vn 0.0959 0.3204 0.9424
vn -0.1105 0.3256 0.9390
vn -0.0545 0.2963 0.9535
vn 0.0619 0.3366 0.9396
vn 0.0249 0.3419 0.9394
vn -0.0000 0.3310 0.9436
vn -0.0249 0.3419 0.9394
vn -0.0990 0.3307 0.9385
vn 0.0009 -0.0214 -0.9998
vn -0.0000 -0.0000 -1.0000
vn -0.0030 -0.0013 -1.0000
vn -0.0121 0.0150 -0.9998
vn 0.1902 0.1439 -0.9711
vn -0.0000 0.0046 -1.0000
vn -0.0009 0.0071 -1.0000
vn 0.0015 0.0142 -0.9999
vn -0.0005 0.0107 -0.9999
vn -0.0105 -0.0043 -0.9999
vn 0.0067 0.0019 -1.0000
vn 0.0002 0.0239 -0.9997
vn -0.0013 -0.0048 -1.0000
vn 0.0001 0.0126 -0.9999
vn 0.0014 -0.0075 -1.0000
vn -0.0687 -0.1062 -0.9920
vn -0.1378 -0.2131 -0.9673
vn -0.0686 -0.1098 -0.9916
vn -0.0466 -0.1214 -0.9915
vn -0.0230 -0.1273 -0.9916
vn -0.0168 -0.1369 -0.9904
vn -0.0812 -0.1892 -0.9786
vn -0.0038 -0.1567 -0.9876
vn 0.0202 -0.1642 -0.9862
vn 0.0340 -0.1149 -0.9928
vn 0.0023 -0.0036 -1.0000
vn 0.0278 -0.1261 -0.9916
vn 0.0466 -0.1214 -0.9915
vn 0.0676 -0.1103 -0.9916
vn 0.0726 -0.1123 -0.9910
vn -0.4004 -0.0555 -0.9147
vn -0.1673 -0.1899 -0.9675
vn -0.0801 -0.0974 -0.9920
vn -0.0924 -0.0909 -0.9916
vn -0.0963 -0.0851 -0.9917
vn -0.1134 -0.0809 -0.9902
vn -0.1357 -0.0277 -0.9904
vn -0.1411 -0.0267 -0.9896
vn -0.1336 -0.0356 -0.9904
vn -0.1292 -0.0508 -0.9903
vn -0.1399 -0.0487 -0.9890
vn -0.1249 -0.0596 -0.9904
vn -0.3217 -0.0658 -0.9445
vn -0.3227 -0.0659 -0.9442
vn -0.3129 -0.1006 -0.9444
vn -0.2342 -0.0921 -0.9678
vn -0.3869 -0.2336 -0.8920
vn -0.1171 -0.0740 -0.9904
vn -0.1195 -0.0726 -0.9902
vn -0.1445 0.3100 0.9397
vn -0.1459 0.3076 0.9403
vn -0.1445 0.3098 0.9398
vn -0.1446 0.3103 0.9396
vn 0.1122 0.4105 0.9049
vn 0.1221 0.4172 0.9006
vn 0.1197 0.4235 0.8979
vn 0.1330 0.4128 0.9011
vn 0.2734 0.3613 0.8915
vn 0.2306 0.3720 0.8992
vn 0.1278 0.4059 0.9049
vn 0.0230 0.2869 0.9577
vn -0.0256 0.3495 0.9366
vn -0.0357 0.3721 0.9275
vn -0.0394 0.3780 0.9250
vn -0.0808 0.4370 0.8958
vn -0.0858 0.4611 0.8832
vn -0.0504 0.3935 0.9179
vn -0.0515 0.3413 0.9385
vn -0.0416 0.3626 0.9310
vn -0.0595 0.3998 0.9146
vn 0.0558 0.1749 0.9830
vn -0.0220 0.2417 0.9701
vn 0.0815 0.2064 0.9751
vn -0.0292 0.3531 0.9351
vn -0.0294 0.3537 0.9349
vn 0.0216 0.0881 0.9959
vn 0.1090 0.0664 0.9918
vn 0.5818 -0.0478 0.8120
vn 0.3950 0.0631 0.9165
vn 0.0702 0.1263 0.9895
vn 0.2591 -0.0046 0.9658
vn 0.0703 0.0211 0.9973
vn 0.5535 0.2202 0.8032
vn 0.3935 0.1736 0.9028
vn 0.4105 0.3137 0.8562
vn 0.5022 0.2533 0.8268
vn 0.5544 0.2566 0.7917
vn 0.5415 0.2397 0.8058
vn 0.2859 -0.1170 0.9511
vn 0.0194 0.5143 0.8574
vn 0.3405 0.1137 0.9333
vn 0.3390 0.2839 0.8969
vn 0.3093 0.3441 0.8865
vn 0.6194 0.1677 0.7669
vn 0.0598 0.3414 0.9380
vn -0.3576 0.3310 0.8732
vn -0.2333 0.3682 0.9000
vn 0.0852 0.4429 0.8925
vn 0.0886 0.4487 0.8893
vn 0.0697 0.4305 0.8999
vn 0.0642 0.4224 0.9041
vn 0.0505 0.3974 0.9162
vn 0.0575 0.4029 0.9134
vn 0.0407 0.3606 0.9318
vn -0.1108 0.4097 0.9055
vn -0.2526 0.3636 0.8966
vn -0.1658 0.4005 0.9012
vn -0.1376 0.4137 0.8999
vn -0.1198 0.4203 0.8994
vn -0.1186 0.4150 0.9021
vn -0.0260 0.2093 0.9775
vn -0.0712 0.1855 0.9801
vn 0.0164 0.3336 0.9426
vn -0.0259 0.2837 0.9586
vn 0.0394 0.3678 0.9291
vn 0.0293 0.3583 0.9332
vn 0.0411 0.3773 0.9252
vn 0.1125 0.4811 0.8694
vn -0.1552 -0.0685 0.9855
vn -0.1656 0.1039 0.9807
vn -0.1042 0.0319 0.9941
vn -0.1278 -0.0484 0.9906
vn -0.1317 0.0815 0.9879
vn -0.6023 0.1877 0.7759
vn -0.6149 0.1743 0.7691
vn -0.6243 0.1757 0.7612
vn -0.5179 0.2435 0.8201
vn -0.4658 0.2928 0.8350
vn -0.4020 0.1616 0.9013
vn -0.5151 -0.0982 0.8515
vn -0.4868 0.0652 0.8711
vn -0.2850 0.2911 0.9133
vn -0.2871 0.2875 0.9137
vn -0.3260 0.2602 0.9088
vn 0.1445 0.3100 0.9397
vn 0.1445 0.3099 0.9397
vn 0.1445 0.3098 0.9398
vn 0.1441 0.3096 0.9399
vn 0.1446 0.3101 0.9396
vn 0.8688 0.3966 -0.2966
vn 0.8718 0.4862 0.0598
vn 0.8419 0.5112 0.1728
vn 0.8086 0.5097 0.2940
vn 0.6274 0.4888 0.6062
vn 0.6274 0.4888 0.6061
vn 0.2500 0.4454 0.8597
vn 0.2388 0.4804 0.8439
vn 0.2231 0.4619 0.8584
vn 0.3857 0.7303 0.5638
vn 0.3903 0.7499 0.5342
vn 0.4710 0.8753 0.1095
vn 0.4716 0.8741 0.1160
vn 0.4457 0.8153 -0.3697
vn 0.4611 0.8260 -0.3241
vn 0.4509 0.5351 -0.7144
vn 0.7204 0.2279 -0.6551
vn 0.6534 0.3341 -0.6793
vn 0.3064 0.3809 0.8724
vn 0.2925 0.4032 0.8671
vn 0.5840 0.5578 0.5897
vn 0.7803 0.6072 0.1499
vn 0.7803 0.6071 0.1499
vn 0.7939 0.5145 -0.3239
vn 0.7939 0.5145 -0.3240
vn 0.5602 0.4421 -0.7005
vn 0.5602 0.4420 -0.7006
vn 0.6901 0.6347 -0.3476
vn 0.6901 0.6347 -0.3477
vn 0.6872 0.7150 0.1286
vn 0.6872 0.7150 0.1287
vn 0.5234 0.6281 0.5758
vn 0.5233 0.6281 0.5758
vn 0.2729 0.4259 0.8627
vn 0.3537 0.6246 -0.6963
vn 0.3376 0.6056 -0.7206
vn 0.5684 0.7383 -0.3630
vn 0.5684 0.7383 -0.3631
vn 0.5779 0.8080 0.1148
vn 0.4522 0.6887 0.5668
vn 0.2729 0.4259 0.8626
vn -0.2234 0.6582 -0.7189
vn -0.2274 0.6817 -0.6954
vn -0.1249 0.7061 -0.6970
vn -0.0473 0.7160 -0.6965
vn 0.2310 0.6806 -0.6952
vn 0.1732 0.5101 0.8425
vn 0.0390 0.5360 0.8433
vn -0.1639 0.4830 0.8602
vn 0.1731 0.5101 0.8425
vn 0.2721 0.8016 0.5323
vn 0.2721 0.8017 0.5322
vn 0.3193 0.9406 0.1155
vn 0.3193 0.9406 0.1156
vn 0.3042 0.8961 -0.3231
vn 0.3042 0.8961 -0.3232
vn 0.2311 0.6807 -0.6952
vn 0.0783 0.7146 -0.6952
vn 0.0783 0.7145 -0.6952
vn 0.1030 0.9407 -0.3232
vn 0.1030 0.9408 -0.3231
vn 0.1081 0.9874 0.1156
vn 0.0922 0.8416 0.5322
vn 0.0683 0.6234 0.7789
vn 0.0970 0.5278 0.8438
vn -0.0890 0.8128 -0.5757
vn -0.1030 0.9407 -0.3231
vn -0.1081 0.9874 0.1156
vn -0.0922 0.8416 0.5322
vn -0.0683 0.6234 0.7790
vn -0.0390 0.5360 0.8433
vn -0.2679 0.7892 -0.5526
vn -0.3030 0.8927 -0.3336
vn -0.3028 0.8966 -0.3232
vn -0.3208 0.9401 0.1156
vn -0.2626 0.7790 0.5694
vn -0.2773 0.8001 0.5319
vn -0.1694 0.5111 0.8427
vn -0.0970 0.5278 0.8438
vn -0.8071 0.5099 0.2977
vn -0.4056 0.7270 -0.5541
vn -0.7210 0.2284 -0.6542
vn -0.6701 0.3110 -0.6740
vn -0.7263 0.4165 -0.5468
vn -0.6274 0.3678 -0.6864
vn -0.5607 0.4427 -0.6998
vn -0.4513 0.5357 -0.7137
vn -0.4513 0.5358 -0.7136
vn -0.3430 0.6036 -0.7198
vn -0.3429 0.6035 -0.7199
vn -0.2249 0.4554 0.8614
vn -0.2470 0.4417 0.8625
vn -0.2693 0.4227 0.8653
vn -0.2883 0.4007 0.8697
vn -0.3018 0.3790 0.8748
vn -0.3789 0.7280 0.5714
vn -0.4485 0.6846 0.5746
vn -0.5187 0.6248 0.5835
vn -0.5786 0.5555 0.5972
vn -0.6214 0.4873 0.6135
vn -0.4694 0.8753 0.1161
vn -0.5771 0.8076 0.1213
vn -0.5771 0.8076 0.1214
vn -0.6860 0.7150 0.1352
vn -0.7788 0.6074 0.1564
vn -0.8401 0.5119 0.1792
vn -0.8714 0.4866 0.0624
vn -0.4536 0.8259 -0.3347
vn -0.4534 0.8127 -0.3661
vn -0.5690 0.7395 -0.3596
vn -0.6907 0.6359 -0.3442
vn -0.7945 0.5157 -0.3205
vn -0.8694 0.3978 -0.2932
vn 0.1340 0.0379 -0.9903
vn 0.0192 0.1767 -0.9841
vn -0.0229 0.1762 -0.9841
vn -0.0637 0.1659 -0.9841
vn 0.0644 0.1789 -0.9818
vn 0.0540 0.1687 -0.9842
vn 0.0795 0.1138 -0.9903
vn 0.0837 0.0474 -0.9954
vn 0.0930 0.1410 -0.9856
vn 0.1049 0.1373 -0.9850
vn 0.1642 0.0911 -0.9822
vn 0.1391 0.0053 -0.9903
vn 0.4018 -0.0455 -0.9146
vn 0.3660 0.1723 -0.9145
vn 0.3912 0.1107 -0.9136
vn 0.4063 0.0156 -0.9136
vn 0.1375 -0.0156 -0.9904
vn 0.1374 -0.0156 -0.9904
vn 0.1213 0.0683 -0.9903
vn 0.3371 0.1899 -0.9221
vn 0.2613 0.2691 -0.9270
vn 0.3143 0.2549 -0.9145
vn 0.3435 0.2147 -0.9143
vn -0.0523 0.4032 -0.9136
vn 0.0440 0.4042 -0.9136
vn 0.1378 0.3825 -0.9136
vn 0.2239 0.3394 -0.9136
vn 0.2974 0.2773 -0.9136
vn 0.1018 0.0949 -0.9903
vn -0.2850 0.2874 -0.9144
vn -0.2308 0.3347 -0.9136
vn -0.1806 0.3617 -0.9146
vn -0.1411 0.3678 -0.9192
vn -0.1370 0.3820 -0.9140
vn -0.2897 0.2300 -0.9291
vn -0.3030 0.2711 -0.9136
vn -0.3455 0.2110 -0.9144
vn -0.3401 0.1825 -0.9225
vn -0.3679 0.1686 -0.9144
vn -0.3934 0.1026 -0.9136
vn -0.4065 0.0072 -0.9136
vn -0.1372 -0.0170 -0.9904
vn -0.0625 0.1885 -0.9801
vn -0.1092 0.1300 -0.9855
vn -0.0954 0.1384 -0.9858
vn -0.0822 0.0600 -0.9948
vn -0.4012 -0.0496 -0.9146
vn -0.1392 0.0025 -0.9903
vn -0.1347 0.0351 -0.9903
vn -0.1227 0.0658 -0.9903
vn -0.1038 0.0928 -0.9903
vn -0.0836 0.1106 -0.9903
vn -0.0036 0.0050 -1.0000
vn 0.0029 -0.0028 -1.0000
vn 0.4343 -0.2713 -0.8589
vn 0.0938 -0.0754 -0.9927
vn 0.1053 -0.0869 -0.9906
vn 0.2956 -0.1598 -0.9419
vn 0.2695 -0.1046 -0.9573
vn 0.3385 -0.1040 -0.9352
vn 0.3081 -0.0717 -0.9486
vn 0.3921 -0.0590 -0.9180
vn 0.3922 -0.0606 -0.9179
vn 0.4040 -0.0294 -0.9143
vn 0.1070 -0.0971 -0.9895
vn 0.1135 -0.0790 -0.9904
vn 0.1220 -0.0659 -0.9903
vn 0.1222 -0.0674 -0.9902
vn 0.1284 -0.0498 -0.9905
vn 0.1366 -0.0211 -0.9904
vn 0.1367 -0.0211 -0.9904
vn 0.1352 -0.0288 -0.9904
vn 0.1395 -0.0324 -0.9897
vn 0.1322 -0.0404 -0.9904
vn 0.1287 -0.0509 -0.9904
vn -0.0229 -0.1860 -0.9823
vn -0.0367 -0.1927 -0.9806
vn -0.0683 -0.1778 -0.9817
vn -0.0707 -0.1788 -0.9813
vn -0.1061 -0.1641 -0.9807
vn -0.1037 -0.1637 -0.9810
vn 0.1052 -0.1626 -0.9811
vn 0.1044 -0.1648 -0.9808
vn 0.0690 -0.1795 -0.9813
vn 0.0700 -0.1770 -0.9817
vn 0.0244 -0.1985 -0.9798
vn 0.0343 -0.1802 -0.9830
vn -0.0000 -0.1975 -0.9803
vn 0.0348 -0.0549 -0.9979
vn 0.0239 -0.0604 -0.9979
vn 0.0122 -0.0638 -0.9979
vn -0.0000 -0.0650 -0.9979
vn -0.0122 -0.0638 -0.9979
vn -0.0239 -0.0604 -0.9979
vn -0.0348 -0.0549 -0.9979
vn -0.2774 0.4449 0.8515
vn 0.3644 0.3679 0.8555
vn 0.4183 0.3542 0.8364
vn 0.4456 0.2838 0.8490
vn 0.4491 0.2837 0.8472
vn 0.5553 0.1402 0.8197
vn 0.5147 0.1537 0.8435
vn 0.3924 0.0781 0.9165
vn 0.2491 0.0558 0.9669
vn 0.1902 0.0785 0.9786
vn 0.1801 0.0433 0.9827
vn 0.0377 0.2045 0.9781
vn 0.1004 0.1611 0.9818
vn 0.1336 0.1348 0.9818
vn 0.1587 0.1037 0.9819
vn 0.1631 0.1039 0.9811
vn 0.1746 0.0626 0.9826
vn 0.5274 0.1890 0.8283
vn 0.4563 0.1958 0.8680
vn 0.0656 0.1888 0.9798
vn 0.0712 0.1750 0.9820
vn 0.0176 0.1977 0.9801
vn 0.0376 0.1849 0.9820
vn 0.0513 0.1818 0.9820
vn 0.0211 0.1886 0.9818
vn -0.0211 0.1886 0.9818
vn -0.0176 0.1977 0.9801
vn -0.0594 0.1708 0.9835
vn -0.0559 0.2064 0.9769
vn -0.1414 0.1379 0.9803
vn -0.1202 0.1456 0.9820
vn -0.1005 0.1611 0.9818
vn -0.1165 0.1706 0.9784
vn -0.0782 0.1654 0.9831
vn -0.1256 0.1063 0.9864
vn -0.1776 0.0463 0.9830
vn -0.1883 0.0675 0.9798
vn -0.6100 0.1518 0.7777
vn -0.4175 0.3622 0.8334
vn -0.4455 0.2771 0.8513
vn -0.4500 0.2867 0.8458
vn -0.5055 0.2127 0.8362
vn -0.4871 0.1746 0.8557
vn -0.5010 0.1636 0.8498
vn -0.4242 0.0404 0.9047
vn -0.3559 0.4241 0.8328
vn -0.3633 0.3668 0.8565
vn -0.1344 0.1357 0.9816
vn -0.1592 0.1014 0.9820
vn -0.1660 0.1130 0.9796
vn -0.1676 0.0762 0.9829
vn 0.3649 0.4008 0.8404
vn 0.2875 0.4611 0.8394
vn 0.2876 0.4611 0.8394
vn 0.1784 0.5133 0.8394
vn 0.1784 0.5133 0.8395
vn 0.0605 0.5401 0.8394
vn -0.0393 0.5406 0.8403
vn -0.0577 0.5154 0.8550
vn -0.1234 0.5416 0.8315
vn -0.1702 0.4896 0.8552
vn -0.2038 0.5073 0.8373
vn -0.2761 0.4604 0.8437
vn -0.4077 -0.0588 -0.9112
vn -0.5429 -0.0101 -0.8397
vn -0.1009 -0.0034 -0.9949
vn -0.0861 0.0227 -0.9960
vn -0.1523 -0.0932 -0.9839
vn -0.2597 -0.0068 -0.9657
vn -0.2688 -0.0459 -0.9621
vn -0.3236 -0.0000 -0.9462
vn -0.3098 0.0179 -0.9506
vn -0.1290 -0.1441 -0.9811
vn -0.1620 -0.1290 -0.9783
vn -0.2378 -0.1193 -0.9640
vn -0.2346 -0.1188 -0.9648
vn -0.3102 -0.0990 -0.9455
vn -0.3085 -0.0988 -0.9461
vn -0.3374 -0.0740 -0.9384
vn -0.4039 -0.0508 -0.9134
vn -0.4179 -0.0035 -0.9085
vn -0.8177 0.0357 -0.5745
vn -0.7572 0.1521 -0.6352
vn -0.9087 0.0764 -0.4105
vn -0.9667 0.1491 -0.2079
vn -0.9692 0.1598 -0.1874
vn -0.2473 0.3244 0.9130
vn -0.3773 0.3592 0.8536
vn -0.4772 0.3436 0.8088
vn -0.7037 0.3384 0.6248
vn -0.7035 0.3385 0.6249
vn -0.8729 0.3034 0.3821
vn -0.8728 0.3035 0.3822
vn -0.9657 0.2399 0.0991
vn -0.9657 0.2399 0.0992
vn -0.9788 0.1928 -0.0694
vn -0.8588 0.1706 -0.4831
vn -0.9280 0.2962 -0.2262
vn -0.9259 0.2734 -0.2608
vn -0.9338 0.3514 0.0670
vn -0.9275 0.3619 0.0942
vn -0.8444 0.4027 0.3532
vn -0.8591 0.3939 0.3269
vn -0.6805 0.4191 0.6010
vn -0.6497 0.4267 0.6292
vn -0.3793 0.3519 0.8557
vn -0.3130 0.3548 0.8810
vn -0.2375 0.3799 0.8940
vn -0.9703 -0.1599 -0.1817
vn -0.9883 0.1481 0.0351
vn -0.5497 0.6254 0.5538
vn -0.3592 0.6299 0.6886
vn -0.5246 0.5372 0.6605
vn -0.5025 0.6641 0.5537
vn -0.4870 0.6948 0.5292
vn -0.9890 0.1448 0.0302
vn -0.9058 0.3803 0.1870
vn -0.9202 0.3457 0.1838
vn -0.7396 0.5913 0.3216
vn -0.5612 0.5604 0.6091
vn -0.7318 0.5177 0.4433
vn -0.6521 0.5914 0.4744
vn -0.8692 0.3201 0.3768
vn -0.8561 0.3139 0.4106
vn -0.6974 0.3687 0.6147
vn -0.7052 0.3735 0.6027
vn -0.4701 0.3816 0.7959
vn -0.5177 0.4184 0.7463
vn -0.2718 0.3678 0.8893
vn -0.3124 0.4584 0.8320
vn -0.5124 0.7420 0.4323
vn -0.5286 0.7419 0.4124
vn -0.7954 0.5085 0.3297
vn -0.7996 0.4739 0.3690
vn -0.9172 0.3635 0.1628
vn -0.8777 0.3898 0.2789
vn -0.9790 0.2017 -0.0283
vn -0.9667 0.2399 0.0893
vn -0.9878 0.0968 -0.1224
vn -0.9882 0.0983 -0.1177
vn -0.8850 -0.1658 -0.4350
vn -0.9581 0.0507 -0.2819
vn -0.9525 0.0607 -0.2985
vn -0.9555 0.0458 -0.2914
vn -0.9184 0.0238 -0.3949
vn -0.3783 0.5428 0.7499
vn -0.3046 0.4955 0.8135
vn -0.5696 0.5192 0.6372
vn -0.5052 0.4811 0.7165
vn -0.7437 0.4654 0.4799
vn -0.6929 0.4381 0.5726
vn -0.8796 0.3808 0.2851
vn -0.8468 0.3649 0.3870
vn -0.9602 0.2708 0.0681
vn -0.9351 0.2607 0.2402
vn -0.9676 0.1820 -0.1750
vn -0.9749 0.1910 0.1143
vn -0.9876 0.1501 -0.0455
vn -0.9873 0.1486 -0.0559
vn -0.9734 0.1155 -0.1978
vn -0.1718 0.3684 0.9137
vn -0.2096 0.5019 0.8392
vn -0.2676 0.3879 0.8820
vn -0.2582 0.4458 0.8571
vn -0.2545 0.5223 0.8139
vn -0.4311 0.8244 0.3667
vn -0.4165 0.8200 0.3927
vn -0.2885 0.6250 0.7254
vn -0.3206 0.6773 0.6622
vn -0.3454 0.7115 0.6119
vn -0.3446 0.7141 0.6093
vn -0.3559 0.7883 0.5019
vn -0.0148 0.3272 0.9448
vn -0.2788 0.7632 0.5829
vn -0.2238 0.5738 0.7878
vn -0.1057 0.4184 0.9021
vn 0.0284 0.3676 0.9295
vn -0.0387 0.3615 0.9316
vn -0.1064 0.4172 0.9026
vn -0.1233 0.3304 0.9358
vn 0.0901 0.4277 0.8994
vn 0.0899 0.4234 0.9015
vn 0.0969 0.4141 0.9051
vn -0.0368 0.5484 0.8354
vn -0.0113 0.4213 0.9068
vn 0.0230 0.3732 0.9275
vn 0.3226 0.3896 0.8626
vn 0.2921 0.4256 0.8565
vn 0.4073 0.3569 0.8407
vn 0.5321 0.2294 0.8150
vn 0.5404 0.2401 0.8064
vn 0.4740 0.3585 0.8043
vn 0.4533 0.2829 0.8453
vn 0.4444 0.3107 0.8402
vn 0.6851 0.1280 0.7171
vn 0.6715 0.1625 0.7230
vn 0.7004 0.1722 0.6927
vn 0.6836 0.2316 0.6922
vn 0.4240 0.5737 0.7008
vn 0.4008 0.6088 0.6846
vn 0.5187 0.4156 0.7471
vn 0.4691 0.5996 0.6484
vn 0.5037 0.4949 0.7081
vn 0.2766 0.6808 0.6783
vn 0.2553 0.7227 0.6423
vn 0.3067 0.6599 0.6859
vn 0.1117 0.8104 0.5752
vn 0.1284 0.7835 0.6080
vn 0.1596 0.7531 0.6383
vn -0.1324 0.8557 0.5003
vn -0.0740 0.8225 0.5639
vn -0.0208 0.8324 0.5538
vn 0.1136 0.7578 0.6425
vn -0.2039 0.6189 0.7585
vn -0.2995 0.7379 0.6048
vn -0.0387 0.5455 0.8372
vn -0.1438 0.6971 0.7024
vn 0.1182 0.4673 0.8761
vn 0.0102 0.6292 0.7772
vn 0.1347 0.5160 0.8459
vn -0.3398 0.8462 0.4104
vn -0.2861 0.8254 0.4866
vn -0.0941 0.7554 0.6485
vn -0.1727 0.8247 0.5386
vn 0.0384 0.6634 0.7473
vn -0.0578 0.7999 0.5974
vn 0.1836 0.5761 0.7965
vn 0.0893 0.7363 0.6707
vn 0.3261 0.4668 0.8220
vn 0.2384 0.6477 0.7236
vn 0.4591 0.3404 0.8206
vn 0.3816 0.5370 0.7523
vn 0.5635 0.2287 0.7938
vn 0.5163 0.4135 0.7500
vn 0.5995 0.2519 0.7597
vn 0.6459 0.2923 0.7052
vn 0.6279 0.3426 0.6989
vn -0.4180 0.5758 0.7027
vn -0.0889 0.4029 0.9109
vn -0.1133 0.4094 0.9053
vn -0.1062 0.4176 0.9024
vn -0.1033 0.4224 0.9005
vn 0.0266 0.4086 0.9123
vn 0.0207 0.4196 0.9075
vn 0.0804 0.3190 0.9443
vn 0.1031 0.3572 0.9283
vn 0.1528 0.4674 0.8707
vn -0.0056 0.3437 0.9391
vn 0.0351 0.3958 0.9177
vn 0.2461 0.6060 0.7564
vn -0.1224 0.3994 0.9086
vn 0.0743 0.5627 0.8233
vn -0.0004 0.4261 0.9047
vn 0.2333 0.6150 0.7532
vn 0.1473 0.4776 0.8662
vn 0.0973 0.7775 0.6214
vn 0.2719 0.8244 0.4963
vn 0.3342 0.8489 0.4095
vn 0.0410 0.8040 0.5932
vn 0.0679 0.7967 0.6006
vn -0.1334 0.7805 0.6107
vn -0.1495 0.7650 0.6264
vn -0.2595 0.6734 0.6922
vn -0.2457 0.7338 0.6334
vn -0.3387 0.6229 0.7052
vn -0.3115 0.6007 0.7362
vn -0.6833 0.2738 0.6769
vn -0.6701 0.2303 0.7056
vn -0.6718 0.2302 0.7040
vn -0.6805 0.1666 0.7136
vn -0.6728 0.1600 0.7223
vn -0.6010 0.4396 0.6674
vn -0.6039 0.4916 0.6274
vn -0.5642 0.4647 0.6824
vn -0.5445 0.3305 0.7709
vn -0.5755 0.3571 0.7357
vn 0.2488 0.7023 0.6670
vn 0.1903 0.6865 0.7018
vn 0.1807 0.6796 0.7110
vn 0.0297 0.6270 0.7785
vn 0.0225 0.6209 0.7836
vn -0.1954 0.5017 0.8427
vn -0.1544 0.5744 0.8039
vn -0.3489 0.3617 0.8645
vn -0.3047 0.4752 0.8254
vn -0.4302 0.3323 0.8393
vn -0.4272 0.3368 0.8391
vn -0.5204 0.2822 0.8059
vn -0.5463 0.2326 0.8046
vn -0.5336 0.2163 0.8176
vn -0.5718 0.2141 0.7920
vn -0.4794 0.3979 0.7823
vn -0.3511 0.5180 0.7800
vn -0.3467 0.5241 0.7779
vn -0.2071 0.6271 0.7509
vn -0.2037 0.6309 0.7486
vn -0.0586 0.7148 0.6969
vn -0.0582 0.7150 0.6967
vn 0.0877 0.7777 0.6225
vn 0.1587 0.8240 0.5439
vn 0.1224 0.8516 0.5097
vn 0.2467 0.5545 0.7948
vn 0.1857 0.3748 0.9083
vn 0.1894 0.4063 0.8939
vn 0.4758 0.8055 0.3532
vn 0.4618 0.8017 0.3795
vn 0.4407 0.7944 0.4180
vn 0.3858 0.7639 0.5174
vn 0.3189 0.6881 0.6518
vn 0.3000 0.6431 0.7046
vn 0.2751 0.5928 0.7569
vn 0.2579 0.4943 0.8302
vn 0.6780 0.4572 0.5756
vn 0.9803 0.0571 -0.1893
vn 0.9645 0.0200 -0.2632
vn 0.9539 0.0365 -0.2980
vn 0.9880 0.1097 -0.1085
vn 0.9893 0.1122 -0.0935
vn 0.9848 0.1361 -0.1081
vn 0.9558 0.0919 -0.2794
vn 0.9822 0.0881 -0.1658
vn 0.9195 0.0169 -0.3928
vn 0.9981 0.0315 -0.0534
vn 0.9874 0.1537 0.0368
vn 0.9888 0.1467 0.0265
vn 0.9162 0.3604 0.1753
vn 0.9057 0.3746 0.1983
vn 0.7859 0.5412 0.2991
vn 0.7384 0.5728 0.3560
vn 0.9919 0.0350 -0.1220
vn 0.9821 0.0786 -0.1713
vn 0.9824 0.1867 -0.0005
vn 0.9545 0.2824 0.0958
vn 0.9194 0.3391 0.1993
vn 0.8338 0.3914 0.3895
vn 0.7360 0.4131 0.5363
vn 0.7163 0.5078 0.4786
vn 0.5121 0.5398 0.6681
vn 0.4847 0.6748 0.5565
vn 0.8455 0.3365 0.4145
vn 0.8750 0.2925 0.3857
vn 0.6968 0.3649 0.6175
vn 0.6985 0.3634 0.6165
vn 0.5680 0.3742 0.7331
vn 0.3560 0.3356 0.8721
vn 0.4107 0.4299 0.8041
vn 0.4077 0.4453 0.7972
vn 0.4583 0.5264 0.7161
vn 0.4394 0.6054 0.6636
vn 0.9663 0.2373 0.1001
vn 0.9359 0.2535 0.2444
vn 0.9555 0.2779 0.0985
vn 0.8766 0.3397 0.3408
vn 0.8583 0.4241 0.2890
vn 0.7211 0.5036 0.4759
vn 0.7921 0.5096 0.3359
vn 0.5470 0.6129 0.5702
vn 0.5238 0.7389 0.4238
vn 0.4830 0.7388 0.4699
vn 0.5132 0.7645 0.3901
vn 0.9073 0.0827 -0.4123
vn 0.7820 0.0886 -0.6169
vn 0.9224 0.2797 -0.2663
vn 0.9325 0.2842 -0.2229
vn 0.9296 0.3567 0.0929
vn 0.9321 0.3561 0.0656
vn 0.8583 0.3996 0.3219
vn 0.8460 0.3980 0.3547
vn 0.6589 0.4207 0.6236
vn 0.6768 0.4303 0.5973
vn 0.5737 0.3453 0.7428
vn 0.7035 0.3386 0.6249
vn 0.7036 0.3387 0.6247
vn 0.8728 0.3037 0.3821
vn 0.8728 0.3037 0.3820
vn 0.9656 0.2402 0.0992
vn 0.9657 0.2402 0.0990
vn 0.9699 0.1565 -0.1865
vn 0.8993 0.0684 -0.4319
vn 0.8201 0.1570 -0.5503
vn 0.3560 0.3360 0.8720
vn 0.3807 0.3470 0.8571
vn 0.3745 0.3688 0.8507
vn 0.3271 0.3356 0.8834
vn -0.3751 0.3783 -0.8463
vn -0.2853 0.4920 -0.8225
vn 0.5743 0.7507 -0.3266
vn 0.4840 0.1706 -0.8583
vn 0.5915 0.1232 -0.7969
vn 0.6077 0.0561 -0.7922
vn 0.6307 0.0413 -0.7750
vn 0.6050 -0.0550 -0.7943
vn 0.5091 0.2396 -0.8267
vn 0.4701 0.2938 -0.8323
vn 0.4737 0.3350 -0.8145
vn 0.4236 0.3436 -0.8381
vn 0.3957 0.3794 -0.8363
vn 0.3669 0.3779 -0.8501
vn 0.3527 0.4320 -0.8300
vn 0.2390 0.4035 -0.8832
vn 0.3177 0.4817 -0.8167
vn 0.1745 0.4846 -0.8572
vn 0.1764 0.5198 -0.8359
vn 0.0579 0.5287 -0.8468
vn 0.0574 0.5273 -0.8477
vn -0.0359 0.5435 -0.8386
vn -0.0774 0.4374 -0.8959
vn -0.0661 0.5097 -0.8578
vn -0.1819 0.5360 -0.8244
vn -0.1810 0.5045 -0.8442
vn -0.2410 0.4827 -0.8420
vn -0.2785 0.4038 -0.8714
vn -0.3503 0.4286 -0.8328
vn -0.5743 0.7507 -0.3266
vn -0.3956 0.3794 -0.8364
vn -0.4506 0.3076 -0.8381
vn -0.4736 0.3760 -0.7965
vn -0.4696 0.2046 -0.8588
vn -0.4984 0.3044 -0.8117
vn -0.5086 0.2331 -0.8288
vn -0.5411 0.1896 -0.8193
vn -0.5423 0.1414 -0.8282
vn -0.6106 0.0421 -0.7908
vn -0.6390 0.0792 -0.7651
vn -0.6050 -0.0550 -0.7943
vn -0.5915 0.1232 -0.7969
vn -0.5327 0.1500 -0.8329
vn -0.5485 0.0146 -0.8360
vn -0.5454 0.0097 -0.8381
vn -0.5834 -0.0721 -0.8090
vn 0.6154 0.1741 -0.7687
vn 0.5458 0.1822 -0.8179
vn 0.5374 0.0206 -0.8431
vn 0.5492 0.0150 -0.8356
vn 0.5793 -0.0656 -0.8125
vn 0.3511 -0.0800 -0.9329
vn 0.6133 -0.1220 -0.7804
vn 0.3007 -0.0822 -0.9502
vn 0.2726 -0.1253 -0.9539
vn 0.2356 -0.1181 -0.9646
vn 0.2342 -0.1199 -0.9648
vn 0.1460 -0.1308 -0.9806
vn 0.0889 -0.0128 -0.9960
vn 0.0648 -0.1023 -0.9926
vn 0.2059 -0.0277 -0.9782
vn 0.2013 -0.0314 -0.9790
vn 0.2680 -0.0235 -0.9631
vn 0.5241 0.0019 -0.8517
vn 0.5078 -0.0147 -0.8614
vn 0.4357 -0.0795 -0.8966
vn 0.4105 -0.0013 -0.9119
vn 0.3826 -0.0421 -0.9230
vn 0.3515 -0.0000 -0.9362
vn 0.3149 -0.0314 -0.9486
vn 0.2925 0.0027 -0.9563
vn 0.2845 -0.0098 -0.9586
vn -0.6044 0.6595 0.4470
vn 0.2283 0.7803 0.5823
vn 0.3528 0.6610 0.6622
vn 0.3906 0.7815 0.4864
vn 0.3860 0.8031 0.4539
vn -0.5432 0.8272 0.1437
vn -0.7077 0.7062 0.0228
vn -0.7289 0.5614 0.3917
vn -0.4849 0.4206 0.7668
vn -0.2664 0.6836 0.6795
vn -0.3579 0.6609 0.6596
vn -0.2613 0.4358 0.8613
vn -0.5465 0.5201 0.6564
vn -0.6648 0.3635 0.6526
vn -0.6691 0.1664 0.7243
vn -0.6932 0.1884 0.6956
vn -0.6660 0.2803 0.6913
vn -0.7064 0.2196 0.6729
vn -0.7068 0.2216 0.6718
vn -0.6793 0.3637 0.6374
vn -0.7347 0.3139 0.6014
vn -0.7155 0.2203 0.6630
vn -0.6135 0.7605 0.2126
vn -0.6220 0.7648 0.1676
vn -0.5939 0.7813 0.1918
vn -0.5040 0.8533 0.1333
vn -0.5703 0.8103 0.1348
vn -0.4328 0.8746 0.2186
vn -0.5770 0.7814 0.2375
vn -0.5759 0.7719 0.2692
vn -0.5775 0.7673 0.2789
vn -0.5368 0.7683 0.3486
vn -0.5545 0.7241 0.4101
vn -0.4922 0.7494 0.4429
vn -0.4336 0.7672 0.4726
vn 0.0565 0.8655 0.4978
vn 0.1139 0.8716 0.4767
vn 0.1821 0.8666 0.4646
vn 0.1903 0.8694 0.4560
vn 0.5741 0.7732 0.2695
vn 0.5450 0.7604 0.3533
vn 0.5933 0.7813 0.1935
vn 0.5704 0.8046 0.1649
vn 0.5246 0.8383 0.1485
vn 0.7086 0.6853 0.1681
vn 0.7093 0.7024 0.0591
vn 0.6280 0.7602 0.1663
vn 0.6275 0.7601 0.1690
vn 0.6935 0.6958 0.1868
vn 0.6931 0.6638 0.2812
vn 0.4420 0.8793 0.1777
vn 0.5377 0.8129 0.2236
vn 0.5760 0.7814 0.2401
vn 0.5689 0.7751 0.2748
vn 0.6689 0.6695 0.3231
vn 0.6675 0.6603 0.3443
vn 0.7228 0.5852 0.3676
vn 0.6995 0.5368 0.4718
vn 0.6914 0.3638 0.6242
vn 0.6678 0.1686 0.7250
vn 0.7001 0.1971 0.6863
vn 0.7059 0.2196 0.6734
vn 0.5978 0.2096 0.7738
vn 0.7460 0.2403 0.6211
vn 0.6433 0.3628 0.6742
vn 0.6624 0.4185 0.6214
vn 0.6646 0.2852 0.6906
vn 0.5516 0.5200 0.6522
vn 0.4902 0.5385 0.6854
vn -0.2771 0.6896 0.6691
vn -0.1579 0.6927 0.7038
vn -0.1283 0.7229 0.6789
vn -0.0502 0.6907 0.7214
vn -0.0000 0.7385 0.6742
vn 0.0745 0.6656 0.7425
vn 0.1290 0.7197 0.6822
vn 0.1162 0.7803 0.6146
vn -0.0000 0.7803 0.6254
vn -0.1162 0.7803 0.6146
vn -0.2283 0.7803 0.5823
vn -0.7098 0.6924 0.1294
vn -0.6856 0.6978 0.2073
vn -0.7032 0.6852 0.1895
vn -0.6772 0.6629 0.3194
vn -0.6731 0.6642 0.3251
vn -0.6706 0.6600 0.3386
vn -0.6753 0.5426 0.4995
vn -0.6787 0.5193 0.5194
vn -0.6626 0.5381 0.5211
vn -0.7148 0.4183 0.5604
vn -0.3324 0.7803 0.5298
vn -0.3996 0.6595 0.6367
vn -0.4176 0.6187 0.6655
vn -0.4643 0.5532 0.6917
vn 0.3122 0.8657 0.3913
vn 0.2819 0.8477 0.4493
vn 0.3325 0.7803 0.5298
vn 0.3996 0.6595 0.6367
vn 0.4243 0.6024 0.6761
vn 0.2071 0.3322 0.9202
vn 0.5482 0.7414 0.3871
vn 0.5545 0.7241 0.4101
vn 0.6044 0.6595 0.4470
vn 0.6756 0.5423 0.4996
vn 0.6681 0.5198 0.5325
vn 0.7102 0.4479 0.5432
vn 0.6926 0.3643 0.6226
vn -0.6317 0.3929 0.6683
vn -0.6132 0.4309 0.6620
vn -0.5810 0.5187 0.6272
vn -0.5109 0.6595 0.5515
vn -0.4353 0.7679 0.4699
vn -0.3895 0.7815 0.4873
vn -0.3472 0.8598 0.3745
vn -0.2866 0.8421 0.4568
vn -0.2478 0.8596 0.4468
vn -0.1846 0.8627 0.4709
vn -0.1556 0.8741 0.4602
vn -0.0917 0.8696 0.4851
vn -0.0393 0.8803 0.4728
vn -0.0000 0.8728 0.4881
vn 0.0889 0.8780 0.4704
vn 0.2797 0.6424 0.7135
vn 0.2409 0.6929 0.6796
vn 0.4512 0.7632 0.4625
vn 0.4411 0.7608 0.4761
vn 0.5109 0.6595 0.5515
vn 0.5810 0.5187 0.6272
vn 0.6141 0.4283 0.6629
vn 0.5056 0.4281 0.7491
vn -0.9843 0.0001 -0.1765
vn -0.3232 0.0001 -0.9463
vn -0.3785 -0.0001 -0.9256
vn -0.2387 -0.0013 -0.9711
vn -0.1909 -0.0041 -0.9816
vn -0.1758 -0.0049 -0.9844
vn -0.0875 -0.0000 -0.9962
vn -0.6315 -0.0369 -0.7745
vn -0.4067 -0.0005 -0.9135
vn -0.5391 -0.0030 -0.8422
vn -0.5951 0.0029 -0.8036
vn -0.9933 -0.0052 -0.1155
vn -0.9485 0.0010 -0.3168
vn -0.8422 -0.0028 -0.5391
vn -0.8728 -0.0078 -0.4880
vn -0.7955 -0.0015 -0.6059
vn -0.8652 -0.0408 -0.4997
vn -0.9902 -0.0367 -0.1345
vn -0.9915 -0.0304 -0.1267
vn -0.7370 -0.0467 -0.6742
vn -0.7471 -0.0546 -0.6624
vn -0.8076 -0.0628 -0.5863
vn -0.7313 -0.2310 -0.6418
vn -0.7177 0.2164 -0.6619
vn -0.7693 -0.0046 -0.6389
vn -0.6374 0.0410 -0.7695
vn -0.8486 -0.1075 -0.5181
vn -0.8661 -0.0532 -0.4970
vn -0.9311 -0.0791 -0.3562
vn -0.9621 0.1071 -0.2510
vn -0.9044 -0.1010 -0.4146
vn -0.9033 -0.0305 -0.4279
vn -0.9902 -0.0358 -0.1347
vn -0.9942 -0.0171 -0.1065
vn -0.9897 0.1299 0.0604
vn -0.9868 0.1481 -0.0653
vn -0.8835 0.3273 0.3352
vn -0.8566 0.2188 0.4674
vn -0.6447 0.7644 0.0042
vn -0.7158 0.4713 0.5152
vn -0.4740 0.8647 0.1663
vn -0.5171 0.7856 0.3398
vn -0.9902 0.1295 0.0519
vn -0.9077 0.3735 0.1914
vn -0.9056 0.3865 0.1746
vn -0.7428 0.5980 0.3011
vn -0.7396 0.6112 0.2818
vn -0.5171 0.7656 0.3828
vn -0.5130 0.7780 0.3626
vn 0.3736 0.3246 0.8689
vn 0.1757 0.7124 0.6795
vn -0.9937 0.0949 0.0594
vn -0.4042 0.7755 0.4850
vn -0.6716 0.6282 0.3929
vn -0.7013 0.6001 0.3848
vn -0.8964 0.3816 0.2254
vn -0.8853 0.4037 0.2308
vn -0.9853 0.1391 0.0996
vn -0.9851 0.1121 0.1306
vn -0.4804 0.7581 0.4411
vn -0.5275 0.7011 0.4798
vn -0.4072 0.7559 0.5127
vn -0.2925 0.7868 0.5436
vn 0.1773 0.7557 0.6305
vn 0.0948 0.7774 0.6218
vn -0.0599 0.7789 0.6243
vn -0.0498 0.7716 0.6341
vn -0.1387 0.8003 0.5834
vn 0.6017 0.4923 0.6289
vn 0.3150 0.5923 0.7416
vn 0.2816 0.5987 0.7498
vn 0.2814 0.5989 0.7498
vn 0.2137 0.6485 0.7306
vn 0.7277 0.2337 0.6449
vn 0.5827 0.2490 0.7736
vn 0.4751 0.3710 0.7979
vn 0.3797 0.3901 0.8388
vn 0.2792 0.4197 0.8637
vn 0.2207 0.4108 0.8846
vn 0.0180 0.4211 0.9068
vn -0.0592 0.4376 0.8972
vn -0.1548 0.4162 0.8960
vn -0.2936 0.4027 0.8670
vn -0.4041 0.4035 0.8209
vn -0.4441 0.3834 0.8098
vn -0.6308 0.3226 0.7057
vn -0.7013 0.3213 0.6364
vn -0.8015 0.2433 0.5463
vn -0.8868 0.2082 0.4126
vn -0.9674 0.0585 0.2464
vn 0.1260 0.6742 0.7278
vn -0.0595 0.6784 0.7323
vn -0.0593 0.6784 0.7323
vn -0.4054 0.6213 0.6706
vn -0.4043 0.6220 0.6706
vn -0.7020 0.4843 0.5222
vn -0.7009 0.4855 0.5225
vn -0.8872 0.3140 0.3380
vn -0.8866 0.3152 0.3386
vn -0.9878 0.1060 0.1139
vn -0.9813 0.0700 0.1795
vn -0.9834 0.1071 0.1462
vn -0.8604 0.1496 0.4872
vn -0.8052 0.1857 0.5632
vn -0.1455 0.3002 0.9427
vn -0.1573 0.3011 0.9405
vn -0.2979 0.2988 0.9066
vn -0.5571 0.2599 0.7887
vn -0.4509 0.2568 0.8549
vn -0.6364 0.2415 0.7326
vn 0.7296 0.1788 0.6601
vn 0.5836 0.2013 0.7867
vn 0.6692 0.2394 0.7035
vn 0.3850 0.2863 0.8774
vn 0.2937 0.2891 0.9111
vn 0.2241 0.3028 0.9263
vn 0.0183 0.3143 0.9492
vn 0.8011 0.3808 0.4618
vn 0.7291 0.6302 0.2669
vn 0.7058 0.6881 0.1688
vn 0.5291 0.8260 0.1945
vn 0.5026 0.8406 0.2019
vn 0.2940 0.9359 0.1941
vn -0.3361 0.9198 0.2025
vn -0.2267 0.9516 0.2077
vn -0.1457 0.9688 0.2003
vn -0.0234 0.9758 0.2175
vn 0.1957 0.9572 0.2134
vn -0.4375 0.8782 0.1933
vn -0.5571 0.8141 0.1641
vn -0.5419 0.8243 0.1638
vn -0.6385 0.7523 0.1620
vn -0.8610 0.4974 0.1066
vn -0.8146 0.5707 0.1032
vn -0.9843 0.1573 0.0796
vn -0.9715 0.2332 0.0418
vn -0.9853 0.1634 0.0506
vn -0.9844 0.1676 0.0540
vn -0.9900 0.1142 0.0824
vn -0.9859 0.1186 0.1177
vn -0.9669 0.0924 0.2379
vn -0.9879 0.0487 0.1474
vn -0.9880 0.0707 0.1372
vn -0.9924 0.0599 0.1074
vn -0.8601 0.2485 0.4456
vn -0.8600 0.2485 0.4456
vn -0.5559 0.4049 0.7260
vn -0.1452 0.4819 0.8641
vn 0.2931 0.4657 0.8350
vn 0.7325 0.3316 0.5945
vn 0.5324 0.3055 0.7895
vn -0.9929 0.0798 0.0886
vn -0.8600 0.3413 0.3792
vn -0.8601 0.3413 0.3792
vn -0.5559 0.5561 0.6179
vn -0.1451 0.6619 0.7354
vn -0.1452 0.6619 0.7354
vn 0.2930 0.6396 0.7107
vn 0.2931 0.6396 0.7107
vn 0.5825 0.5438 0.6042
vn 0.6520 0.3829 0.6544
vn -0.9916 0.1057 0.0745
vn -0.8601 0.4170 0.2939
vn -0.8600 0.4171 0.2939
vn -0.5559 0.6795 0.4788
vn -0.1451 0.8088 0.5699
vn 0.2931 0.7815 0.5507
vn 0.2930 0.7815 0.5508
vn -0.9930 0.1093 0.0449
vn -0.8600 0.4720 0.1939
vn -0.8601 0.4719 0.1939
vn -0.5559 0.7689 0.3159
vn -0.1452 0.9152 0.3760
vn -0.1451 0.9152 0.3760
vn 0.2931 0.8844 0.3633
vn 0.6810 0.6774 0.2783
vn 0.5391 0.6885 0.4852
vn 0.8200 0.4847 0.3045
vn 0.5188 0.6421 0.5644
vn 0.9989 0.0465 0.0094
vn 0.9639 0.0933 0.2494
vn 0.4669 0.2768 0.8399
vn -0.2164 0.2886 0.9327
vn -0.3776 0.2871 0.8804
vn -0.5998 0.2548 0.7585
vn 0.6712 0.2321 0.7040
vn 0.9998 0.0060 0.0195
vn 0.9918 0.0349 0.1229
vn 0.9844 0.0735 0.1601
vn 0.9930 0.0576 0.1032
vn 0.9843 0.0977 0.1468
vn 0.9916 0.0865 0.0961
vn 0.9900 0.0954 0.1037
vn 0.9859 0.1309 0.1038
vn 0.9929 0.0975 0.0687
vn 0.9834 0.1578 0.0890
vn 0.9924 0.1138 0.0467
vn 0.9880 0.1446 0.0539
vn 0.9880 0.1421 0.0612
vn 0.9488 0.3114 0.0534
vn 0.3880 0.9090 0.1519
vn 0.4673 0.8692 0.1617
vn 0.6205 0.7666 0.1651
vn 0.0014 0.9835 0.1806
vn -0.6938 0.5887 0.4148
vn -0.5684 0.7412 0.3571
vn -0.7606 0.6005 0.2467
vn -0.5206 0.8184 0.2431
vn -0.6152 0.2486 0.7481
vn -0.6352 0.3574 0.6847
vn -0.7400 0.3276 0.5874
vn -0.5262 0.5087 0.6814
vn -0.7631 0.4323 0.4803
vn -0.5528 0.5986 0.5797
vn -0.7141 0.5741 0.4005
vn -0.2930 0.8844 0.3633
vn -0.2931 0.8844 0.3633
vn -0.2931 0.7815 0.5507
vn -0.2930 0.7815 0.5508
vn -0.2930 0.6396 0.7107
vn -0.2931 0.6396 0.7107
vn -0.2931 0.4657 0.8350
vn -0.2930 0.4657 0.8350
vn -0.2938 0.2958 0.9089
vn 0.0275 0.3150 0.9487
vn 0.2669 0.3017 0.9153
vn 0.1455 0.2994 0.9430
vn 0.1452 0.4819 0.8641
vn 0.1452 0.6619 0.7354
vn 0.1451 0.6619 0.7354
vn 0.1451 0.8088 0.5699
vn 0.1452 0.8088 0.5699
vn 0.1452 0.9152 0.3760
vn 0.1458 0.9656 0.2152
vn -0.2943 0.9328 0.2080
vn -0.2266 0.9544 0.1941
vn -0.6240 0.7582 0.1890
vn -0.5678 0.8092 0.1512
vn 0.2143 0.9539 0.2102
vn 0.5576 0.8108 0.1782
vn 0.5559 0.7689 0.3159
vn 0.5559 0.6795 0.4788
vn 0.5559 0.5561 0.6179
vn 0.5559 0.4049 0.7260
vn 0.5567 0.2498 0.7923
vn 0.5891 0.2461 0.7696
vn 0.7855 0.6050 0.1300
vn 0.8605 0.5007 0.0939
vn 0.8600 0.4719 0.1939
vn 0.8600 0.4171 0.2939
vn 0.8601 0.4171 0.2939
vn 0.8600 0.3413 0.3792
vn 0.8601 0.3413 0.3792
vn 0.8601 0.2485 0.4456
vn 0.8600 0.2485 0.4456
vn 0.8608 0.1593 0.4834
vn 0.8109 0.1668 0.5610
vn -0.2008 0.7286 0.6549
vn -0.5446 0.4401 0.7140
vn 0.9998 0.0103 0.0184
vn 0.9672 0.2269 0.1144
vn 0.9606 0.1489 0.2348
vn 0.5847 0.3214 0.7449
vn 0.6663 0.3039 0.6809
vn 0.7024 0.3066 0.6424
vn 0.8084 0.2195 0.5462
vn 0.8875 0.1991 0.4156
vn 0.9908 -0.0564 0.1233
vn 0.9757 0.1659 0.1428
vn 0.4629 0.3512 0.8139
vn 0.4052 0.3836 0.8298
vn 0.2645 0.3757 0.8882
vn 0.0593 0.4077 0.9112
vn 0.0272 0.3956 0.9180
vn -0.2139 0.3865 0.8971
vn -0.2801 0.3990 0.8731
vn -0.3740 0.3672 0.8516
vn -0.4983 0.3433 0.7961
vn -0.5991 0.2700 0.7538
vn 0.0598 0.8004 0.5964
vn 0.0353 0.8056 0.5914
vn -0.1488 0.7649 0.6267
vn 0.4642 0.7693 0.4390
vn 0.8870 0.3886 0.2495
vn 0.7227 0.5941 0.3532
vn 0.7005 0.6086 0.3728
vn 0.4952 0.7367 0.4605
vn 0.4058 0.7574 0.5115
vn 0.3719 0.7698 0.5188
vn 0.2663 0.7920 0.5493
vn -0.3461 0.6040 0.7179
vn -0.2799 0.6092 0.7420
vn -0.0942 0.6633 0.7424
vn 0.0590 0.6651 0.7444
vn 0.0593 0.6651 0.7444
vn 0.4026 0.6100 0.6826
vn 0.4043 0.6099 0.6815
vn 0.6990 0.4769 0.5329
vn 0.7011 0.4763 0.5307
vn 0.8856 0.3102 0.3457
vn 0.8867 0.3093 0.3435
vn 0.9908 0.0903 0.1003
vn 0.9765 0.1891 0.1035
vn 0.8781 0.0447 0.4764
vn 0.9900 0.1282 0.0596
vn 0.9002 0.4315 0.0590
vn 0.7301 0.5173 0.4465
vn 0.6732 0.4380 0.5959
vn 0.5078 0.8420 0.1822
vn 0.4664 0.8098 0.3560
vn 0.9896 0.1331 0.0538
vn 0.9057 0.3771 0.1935
vn 0.9078 0.3825 0.1720
vn 0.7398 0.6008 0.3030
vn 0.7429 0.6080 0.2800
vn 0.5131 0.7674 0.3844
vn 0.5173 0.7762 0.3604
vn 0.8415 0.0149 -0.5400
vn 0.7632 -0.0446 -0.6446
vn 0.9972 -0.0119 -0.0741
vn 0.9901 -0.0448 -0.1329
vn 0.9850 -0.0386 -0.1680
vn 0.9762 -0.0326 -0.2145
vn 0.8696 -0.0525 -0.4909
vn 0.8653 -0.0524 -0.4984
vn 0.9057 -0.0684 -0.4185
vn 0.9044 -0.0675 -0.4212
vn 0.9450 -0.0434 -0.3243
vn 0.9623 -0.0368 -0.2696
vn 0.6953 0.0382 -0.7177
vn 0.7374 -0.0016 -0.6755
vn 0.7368 -0.0565 -0.6738
vn 0.8104 -0.0624 -0.5826
vn 0.7368 -0.2577 -0.6251
vn 0.9036 -0.0375 -0.4267
vn 0.9430 -0.0994 -0.3175
vn 0.9902 -0.0169 -0.1384
vn 0.9958 -0.0241 -0.0881
vn 0.9970 -0.0000 -0.0780
vn 0.9911 -0.0009 -0.1331
vn 0.9645 0.0006 -0.2640
vn 0.8890 -0.0018 -0.4580
vn 0.9048 -0.0007 -0.4258
vn 0.7655 0.0005 -0.6435
vn 0.4058 -0.0001 -0.9140
vn 0.4582 -0.0008 -0.8889
vn 0.4644 -0.0009 -0.8856
vn 0.5299 0.0002 -0.8481
vn 0.6435 -0.0002 -0.7655
vn 0.6835 0.0005 -0.7300
vn 0.8012 -0.0008 -0.5983
vn 0.2488 -0.0006 -0.9686
vn 0.3028 -0.0000 -0.9530
vn 0.3517 -0.0000 -0.9361
vn 0.1331 -0.0000 -0.9911
vn 0.0500 -0.0028 -0.9987
vn 0.3053 0.0032 -0.9523
vn 0.1117 -0.0035 -0.9937
vn 0.1825 -0.0015 -0.9832
vn -0.5405 0.6623 0.5188
vn -0.6079 0.7018 0.3714
vn -0.5145 0.5527 0.6556
vn -0.4366 0.5902 0.6790
vn -0.4755 0.6596 0.5821
vn -0.4876 0.5831 0.6498
vn -0.5442 0.6585 0.5198
vn -0.5387 0.6191 0.5714
vn -0.6588 0.7044 0.2642
vn -0.4782 0.6994 0.5311
vn -0.5143 0.7617 0.3942
vn -0.5013 0.8363 0.2219
vn -0.5429 0.8208 0.1777
vn -0.5136 0.7599 0.3984
vn -0.5918 0.8033 0.0669
vn -0.5928 0.7220 0.3568
vn -0.4967 0.5475 0.6735
vn -0.6096 0.6487 0.4556
vn -0.6277 0.6595 0.4136
vn -0.4585 0.6305 0.6263
vn -0.4887 0.6969 0.5249
vn -0.5278 0.7691 0.3603
vn -0.5756 0.7369 0.3545
vn -0.5603 0.6883 0.4607
vn -0.5947 0.6913 0.4105
vn -0.6468 0.7410 0.1804
vn -0.6694 0.6874 0.2817
vn -0.6855 0.7005 0.1988
vn 0.4300 0.6516 0.6249
vn 0.6838 0.7296 0.0123
vn 0.6671 0.7312 0.1424
vn 0.6334 0.6827 -0.3643
vn 0.5658 0.6113 0.5533
vn 0.6962 0.6897 0.1991
vn 0.6251 0.6342 0.4549
vn 0.5705 0.8124 0.1204
vn 0.5312 0.8378 0.1260
vn 0.5232 0.8255 0.2117
vn 0.4978 0.7424 0.4485
vn 0.5215 0.8204 0.2346
vn 0.5668 0.7913 0.2293
vn 0.5666 0.7884 0.2395
vn 0.6100 0.7893 0.0709
vn 0.4353 0.6078 0.6642
vn 0.4704 0.5852 0.6605
vn 0.5341 0.6801 0.5022
vn 0.5130 0.6102 0.6038
vn 0.5626 0.6530 0.5070
vn 0.5005 0.5584 0.6616
vn 0.4821 0.5436 0.6871
vn 0.5497 0.5628 0.6173
vn 0.5082 0.5457 0.6663
vn 0.4304 0.5988 0.6755
vn 0.4880 0.7192 0.4946
vn 0.5342 0.6895 0.4891
vn 0.5438 0.7455 0.3855
vn 0.5843 0.7165 0.3810
vn 0.5880 0.7451 0.3148
vn 0.6151 0.7235 0.3134
vn 0.5429 0.6330 0.5518
vn 0.5480 0.6405 0.5380
vn 1.0000 0.0001 -0.0000
vn -1.0000 0.0002 -0.0000
vn 0.4815 0.5749 0.6616
vn 0.5971 0.6640 0.4500
vn -0.1481 0.9666 0.2090
vn -0.9753 0.2210 0.0070
vn -0.9497 0.2935 0.1095
vn -0.8481 0.4666 0.2511
vn -0.8070 0.5758 0.1311
vn -0.6475 0.7026 0.2952
vn -0.6844 0.7281 -0.0380
vn -0.5079 0.8178 0.2707
vn 0.2013 0.9137 0.3529
vn -0.0256 0.9792 0.2010
vn -0.1667 0.8774 0.4499
vn 0.1605 0.9560 0.2456
vn 0.4564 0.8630 0.2166
vn 0.5048 0.8629 0.0236
vn 0.6473 0.7205 0.2486
vn 0.7019 0.6836 0.2001
vn 0.3190 0.5539 0.7691
vn 0.3171 0.6728 0.6684
vn 0.4507 0.5650 0.6911
vn -0.0306 0.7076 0.7060
vn 0.1131 0.7295 0.6746
vn 0.1036 0.6259 0.7729
vn 0.2054 0.7075 0.6763
vn -0.3136 0.9049 0.2876
vn -0.3894 0.8541 0.3448
vn -0.3847 0.8697 0.3093
vn -0.4889 0.8186 0.3014
vn -0.5757 0.7278 0.3727
vn -0.5908 0.7192 0.3656
vn -0.5981 0.7030 0.3847
vn -0.7310 0.5274 0.4330
vn 0.5117 0.6048 0.6102
vn 0.5618 0.6761 0.4767
vn 0.4247 0.7742 0.4694
vn 0.4217 0.7799 0.4626
vn 0.2003 0.8488 0.4893
vn 0.1802 0.8659 0.4667
vn -0.0115 0.8553 0.5180
vn -0.0450 0.8666 0.4971
vn -0.1718 0.8141 0.5548
vn -0.2245 0.8112 0.5399
vn -0.2264 0.8078 0.5442
vn -0.3760 0.7374 0.5611
vn -0.9889 0.1023 0.1078
vn -1.0000 0.0047 0.0073
vn 0.2271 0.8425 0.4885
vn -0.5662 0.8048 0.1784
vn -0.0919 0.9294 0.3575
vn -0.2216 0.9694 0.1052
vn -0.3485 0.8761 0.3331
vn -0.6145 0.7784 -0.1282
vn 0.4200 0.8510 0.3152
vn 0.3538 0.8923 0.2804
vn 0.2078 0.9401 0.2703
vn 0.2052 0.9455 0.2527
vn -0.0082 0.9666 0.2563
vn 0.6793 0.5555 0.4795
vn 0.9340 0.3524 0.0582
vn 0.8157 0.4269 0.3904
vn 0.9728 0.2294 0.0334
vn 0.2870 0.7900 0.5417
vn 0.4052 0.7037 0.5836
vn 0.5871 0.7126 0.3841
vn 0.6444 0.6817 0.3466
vn 0.7372 0.6377 0.2231
vn 0.8187 0.5353 0.2078
vn 0.9604 0.2482 -0.1267
vn 0.9559 0.2707 0.1135
vn 0.9889 0.0883 0.1192
vn 0.6876 0.6233 0.3725
vn 0.6639 0.7475 -0.0189
vn 0.5013 0.8091 0.3066
vn 0.4251 0.8435 0.3284
vn 0.2351 0.7871 0.5702
vn -0.4629 0.6072 0.6458
vn -0.3856 0.5547 0.7373
vn -0.3067 0.6699 0.6761
vn -0.2140 0.6199 0.7549
vn -0.1622 0.7052 0.6902
vn -0.0611 0.6903 0.7210
vn -0.0173 0.7348 0.6781
vn 0.0395 0.7133 0.6998
vn 0.2125 0.7943 0.5691
vn 0.0801 0.8630 0.4988
vn 0.0872 0.8409 0.5341
vn -0.1314 0.8755 0.4651
vn -0.1148 0.8592 0.4986
vn -0.3471 0.8158 0.4626
vn -0.3354 0.8125 0.4768
vn -0.5306 0.7056 0.4697
vn -0.5525 0.7051 0.4446
vn 1.0000 0.0048 0.0070
vn 0.9889 0.1024 0.1075
vn -0.9659 0.0012 -0.2588
vn -0.9205 0.0740 -0.3836
vn -0.9779 0.0033 -0.2089
vn -0.1638 0.1261 -0.9784
vn -0.2588 0.0189 -0.9658
vn -0.3271 0.0332 -0.9444
vn -0.4414 -0.0007 -0.8973
vn -0.7071 0.0027 -0.7071
vn -0.6392 0.0829 -0.7646
vn -0.7875 -0.0007 -0.6164
vn 0.4140 -0.0011 -0.9103
vn 0.2925 0.0521 -0.9549
vn 0.2581 0.0737 -0.9633
vn 0.1204 0.0002 -0.9927
vn -0.0163 -0.0000 -0.9999
vn 0.5787 0.0010 -0.8155
vn 0.7064 0.0461 -0.7064
vn 0.7686 -0.0007 -0.6397
vn 0.8864 0.0002 -0.4629
vn 0.9658 0.0177 -0.2588
vn 0.9737 0.0037 -0.2278
vn 0.7071 -0.0000 0.7071
vn 0.2588 -0.0000 0.9659
vn -0.2588 -0.0000 0.9659
vn -0.7071 -0.0000 0.7071
vn -0.9239 -0.0000 0.3827
vn -0.9657 0.0238 0.2587
vn -0.9914 -0.0000 0.1305
vn -0.9999 -0.0000 -0.0119
vn 0.9999 -0.0000 -0.0120
vn 0.9979 -0.0000 0.0654
vn 0.9658 0.0179 0.2588
vn 0.9802 0.0356 0.1950
vn 0.9239 -0.0000 0.3827
vn -0.0012 -0.0000 1.0000
vn 0.0273 0.0402 0.9988
vn 0.0078 0.0517 0.9986
vn -0.0229 0.0225 0.9995
vn -0.0185 0.0191 0.9996
vn -0.0427 0.0076 0.9991
vn -0.0250 -0.0058 0.9997
vn -0.0014 -0.0151 0.9999
vn -0.0147 0.0027 0.9999
vn -0.0021 -0.0062 1.0000
vn -0.0043 -0.0001 1.0000
vn -0.0018 -0.0014 1.0000
vn -0.0023 0.0005 1.0000
vn -0.0013 -0.0011 1.0000
vn -0.0012 -0.0001 1.0000
vn -0.0006 -0.0005 1.0000
vn -0.0006 -0.0003 1.0000
vn -0.0006 -0.0001 1.0000
vn 0.0003 0.0003 1.0000
vn 0.0001 -0.0000 1.0000
vn 0.0005 0.0001 1.0000
vn -0.0001 0.0001 1.0000
vn 0.0001 -0.0002 1.0000
vn 0.0002 -0.0002 1.0000
vn -0.0005 0.0002 1.0000
vn 0.0002 -0.0000 1.0000
vn -0.0002 -0.0000 1.0000
vn 0.0006 -0.0001 1.0000
vn 1.0000 -0.0000 -0.0001
vn 0.9776 0.1216 0.1720
vn 0.1897 0.0174 0.9817
vn 0.1732 0.0021 0.9849
vn 0.5573 0.0647 0.8278
vn 0.5366 0.0305 0.8433
vn 0.8370 0.0769 0.5417
vn 0.8403 0.0883 0.5349
vn 0.9710 0.0358 0.2365
vn 0.9760 0.1392 0.1674
vn -0.8577 0.3679 0.3592
vn -0.9776 0.1216 0.1720
vn -0.9805 0.0357 0.1934
vn -0.9045 0.0657 0.4213
vn -0.9037 0.0646 0.4232
vn -0.7923 0.0518 0.6080
vn -0.0981 0.0090 0.9951
vn -0.1730 0.0452 0.9839
vn -0.2680 0.0243 0.9631
vn -0.4219 0.0365 0.9059
vn -0.4759 0.0182 0.8793
vn -0.6072 0.0713 0.7913
vn -0.6455 0.0558 0.7617
vn -0.7946 0.0558 0.6045
vn -1.0000 0.0015 -0.0000
vn -0.6716 0.7409 0.0080
vn -0.6302 0.7753 0.0419
vn -0.8370 0.5454 -0.0439
vn -0.7326 0.6795 0.0397
vn -0.8091 0.5876 0.0032
vn -0.9248 0.3803 -0.0039
vn -0.9016 0.4324 0.0129
vn -0.9905 0.1358 -0.0211
vn -0.9674 0.2521 0.0226
vn -0.9960 0.0889 0.0002
vn 0.3244 0.9459 -0.0000
vn 0.3274 0.9449 0.0016
vn 0.0764 0.9971 -0.0016
vn 0.0796 0.9968 -0.0000
vn -0.1106 0.9939 -0.0000
vn -0.1923 0.9811 -0.0210
vn -0.3537 0.9347 0.0345
vn -0.4057 0.9139 0.0111
vn -0.5081 0.8613 -0.0013
vn -0.0002 0.0005 1.0000
vn -0.0000 0.0001 1.0000
vn -0.8881 -0.4515 -0.0864
vn -0.9288 -0.3664 -0.0557
vn -0.9393 -0.3399 -0.0472
vn 0.9330 -0.3375 -0.1248
vn 0.8914 -0.4532 -0.0000
vn 0.9658 -0.2588 -0.0178
vn 0.9354 -0.3501 -0.0499
vn 0.9658 0.2588 -0.0174
vn 0.9986 0.0524 -0.0000
vn 0.9877 -0.1563 -0.0000
vn 0.7070 0.7070 -0.0174
vn 0.7430 0.6693 -0.0000
vn 0.9510 0.3092 -0.0000
vn 0.2587 0.9656 -0.0261
vn 0.3583 0.9336 -0.0000
vn 0.5446 0.8387 -0.0000
vn -0.2587 0.9656 -0.0261
vn -0.1046 0.9945 -0.0000
vn 0.1044 0.9945 -0.0000
vn -0.7070 0.7070 -0.0174
vn -0.5447 0.8386 -0.0000
vn -0.3585 0.9335 -0.0000
vn -0.9877 -0.1565 -0.0000
vn -0.9986 0.0523 -0.0000
vn -0.9658 0.2588 -0.0174
vn -0.9511 0.3089 -0.0000
vn -0.7433 0.6690 -0.0000
vn -0.7430 -0.2733 -0.6109
vn -0.9991 -0.0415 -0.0055
vn 0.8223 -0.3188 -0.4713
vn 0.2677 -0.0968 -0.9586
vn 0.5042 -0.2404 -0.8295
vn 0.3962 -0.1421 -0.9071
vn 0.9431 -0.2062 -0.2610
vn 0.9912 -0.1317 0.0110
vn 0.9933 -0.1042 0.0505
vn 1.0000 0.0024 -0.0078
vn 0.9966 -0.0808 0.0125
vn 0.9211 -0.0258 0.3885
vn 0.8573 0.1062 0.5037
vn 0.8427 0.2740 0.4634
vn 0.8603 0.2655 0.4352
vn 0.6904 0.4853 0.5365
vn 0.6826 0.6148 0.3951
vn 0.5668 0.6531 0.5022
vn -0.0002 0.9108 0.4129
vn 0.0560 0.8597 0.5077
vn 0.3557 0.7993 0.4844
vn 0.3382 0.8500 0.4038
vn 0.4749 0.7220 0.5032
vn -0.4663 0.8261 0.3163
vn -0.2416 0.8300 0.5027
vn -0.1297 0.8545 0.5030
vn -0.7626 0.3720 0.5292
vn -0.6609 0.6074 0.4407
vn -0.6600 0.5941 0.4598
vn -0.3436 0.7714 0.5356
vn -0.9307 0.2199 0.2923
vn -0.8430 0.2737 0.4631
vn -0.8549 0.1704 0.4900
vn -0.9944 -0.0523 0.0919
vn -0.9253 -0.0382 0.3773
vn -0.8661 0.0913 0.4914
vn -0.9312 -0.3587 -0.0640
vn -0.9202 -0.2033 -0.3345
vn -0.9229 -0.2530 -0.2901
vn -0.9105 -0.3900 -0.1376
vn -0.6333 -0.0865 -0.7691
vn -0.4272 -0.0664 -0.9017
vn -0.3836 -0.1310 -0.9142
vn -0.3538 -0.0691 -0.9328
vn -0.2026 0.3119 -0.9283
vn -0.2814 0.2533 -0.9256
vn -0.3601 0.1169 -0.9256
vn -0.3714 0.0194 -0.9283
vn -0.4006 -0.0422 -0.9153
vn -0.3708 -0.0588 -0.9268
vn -0.3495 -0.1265 -0.9284
vn -0.1492 0.3886 -0.9093
vn -0.1540 0.3458 -0.9256
vn -0.0391 0.3712 -0.9277
vn -0.0001 0.4116 -0.9114
vn 0.0390 0.3712 -0.9277
vn 0.1345 0.3505 -0.9268
vn 0.1638 0.3680 -0.9153
vn 0.2025 0.3119 -0.9283
vn 0.2813 0.2534 -0.9256
vn 0.3601 0.1171 -0.9256
vn 0.3740 -0.1124 -0.9206
vn 0.3626 -0.0855 -0.9280
vn 0.3765 -0.0395 -0.9256
vn 0.4111 -0.0651 -0.9093
vn 0.3714 0.0195 -0.9283
vn -0.4436 -0.1846 -0.8770
vn -0.6535 -0.2736 -0.7057
vn -0.7112 -0.0749 -0.6990
vn -0.7111 -0.0749 -0.6990
vn -0.6801 0.2209 -0.6990
vn -0.5315 0.4784 -0.6991
vn -0.5315 0.4784 -0.6990
vn -0.2910 0.6532 -0.6990
vn -0.0001 0.7151 -0.6990
vn 0.2907 0.6533 -0.6990
vn 0.5313 0.4786 -0.6990
vn 0.6800 0.2211 -0.6990
vn 0.7112 -0.0746 -0.6990
vn 0.6864 -0.1737 -0.7061
vn 0.7074 -0.2732 -0.6519
vn -0.8182 -0.3365 -0.4662
vn -0.9204 -0.2228 -0.3214
vn -0.9436 -0.0993 -0.3159
vn -0.9024 0.2930 -0.3159
vn -0.9024 0.2931 -0.3159
vn -0.7052 0.6347 -0.3159
vn -0.7052 0.6348 -0.3159
vn -0.3860 0.8667 -0.3159
vn -0.3861 0.8667 -0.3159
vn -0.0002 0.9488 -0.3159
vn 0.3857 0.8668 -0.3159
vn 0.3858 0.8668 -0.3158
vn 0.7050 0.6350 -0.3159
vn 0.9023 0.2934 -0.3159
vn 0.9436 -0.0990 -0.3159
vn 0.8859 -0.3339 -0.3219
vn 0.9338 -0.3522 -0.0622
vn 0.9320 -0.3590 -0.0502
vn -0.9916 -0.1292 0.0104
vn -0.9954 -0.0957 0.0112
vn -0.9944 -0.1047 0.0121
vn -0.9895 -0.0698 0.1267
vn -0.9435 0.3064 0.1258
vn -0.7374 0.6637 0.1258
vn -0.7373 0.6637 0.1258
vn -0.4036 0.9062 0.1259
vn -0.4037 0.9062 0.1258
vn -0.0002 0.9921 0.1258
vn -0.0002 0.9920 0.1259
vn 0.4034 0.9063 0.1258
vn 0.4033 0.9064 0.1258
vn 0.7371 0.6640 0.1258
vn 0.9434 0.3067 0.1258
vn 0.9906 -0.0500 0.1271
vn 0.9825 -0.0491 0.1797
vn 0.8012 0.2473 0.5449
vn 0.2987 0.4510 0.8411
vn 0.3438 0.4099 0.8448
vn 0.3887 0.4343 0.8126
vn 0.2325 0.5252 0.8186
vn 0.2464 0.5046 0.8275
vn 0.1368 0.4258 0.8944
vn 0.0546 0.4303 0.9010
vn 0.1165 0.1995 0.9729
vn -0.2274 0.4658 0.8552
vn -0.0637 0.4283 0.9014
vn -0.1594 0.2613 0.9520
vn 0.1864 0.2701 0.9446
vn -0.5906 0.4685 0.6570
vn -0.4834 0.4443 0.7543
vn -0.3610 0.4034 0.8408
vn -0.3176 0.4338 0.8432
vn -0.1673 0.5590 0.8121
vn -0.7511 0.1774 0.6360
vn -0.7020 0.2358 0.6719
vn -0.6788 0.3311 0.6554
vn -0.6976 0.3296 0.6362
vn -0.6526 0.3507 0.6717
vn -0.4433 0.5038 0.7414
vn -0.4301 0.5116 0.7438
vn -0.3297 0.5841 0.7417
vn -0.2843 0.5822 0.7617
vn -0.1873 0.6435 0.7422
vn -0.1002 0.6598 0.7447
vn 0.2489 0.6257 0.7393
vn 0.2834 0.5805 0.7634
vn 0.3650 0.5550 0.7475
vn 0.4187 0.5225 0.7428
vn 0.4447 0.5125 0.7346
vn 0.5013 0.4553 0.7358
vn 0.6095 0.4284 0.6671
vn 0.6230 0.3692 0.6897
vn 0.6855 0.2724 0.6752
vn 0.0436 0.6702 0.7409
vn -0.0000 0.6472 0.7623
vn -0.0000 0.4412 0.8974
vn -0.0000 0.2420 0.9703
vn -0.0729 0.1853 0.9800
vn 0.0924 0.0737 0.9930
vn -0.5868 0.4656 0.6625
vn 0.1686 0.0825 0.9822
vn 0.1863 0.1269 0.9743
vn 0.8450 0.5171 0.1362
vn 0.8544 0.5001 0.1411
vn 0.9421 0.3105 0.1266
vn 0.9772 0.1620 0.1369
vn 0.9086 0.3836 0.1654
vn 0.5275 0.8472 0.0638
vn 0.5954 0.7982 0.0912
vn 0.6642 0.7381 0.1188
vn -0.0948 0.9942 0.0510
vn 0.0077 0.9954 0.0954
vn 0.3143 0.9384 0.1438
vn 0.2253 0.9688 0.1034
vn 0.5247 0.8400 0.1385
vn 0.6369 0.7483 0.1857
vn -0.1239 0.9920 0.0219
vn 0.0202 0.9824 0.1857
vn -0.3261 0.9446 0.0364
vn -0.2501 0.9422 0.2230
vn -0.3289 0.9300 0.1639
vn -0.3373 0.5286 0.7790
vn -0.3917 0.5549 0.7339
vn -0.1912 0.5127 0.8370
vn -0.1904 0.4321 0.8815
vn -0.0348 0.3920 0.9193
vn -0.0132 0.4555 0.8902
vn 0.0451 0.2100 0.9767
vn 0.1791 0.4111 0.8938
vn 0.1436 0.2827 0.9484
vn -0.3869 0.6709 0.6326
vn -0.6378 0.4216 0.6446
vn -0.6259 0.3063 0.7172
vn -0.5939 0.3372 0.7304
vn -0.5823 0.4367 0.6857
vn -0.4428 0.5179 0.7319
vn -0.5225 0.4290 0.7369
vn -0.4396 0.6053 0.6636
vn -0.6465 0.5014 0.5750
vn -0.5877 0.6718 0.4509
vn -0.9232 0.2790 0.2642
vn -0.2663 0.9085 0.3221
vn 0.5298 0.2789 0.8009
vn 0.5078 0.1149 0.8538
vn 0.4156 0.4151 0.8093
vn 0.4273 0.2979 0.8536
vn 0.2657 0.5631 0.7825
vn 0.3029 0.4325 0.8493
vn 0.0913 0.6436 0.7599
vn 0.1502 0.5188 0.8416
vn -0.0857 0.6639 0.7429
vn -0.0104 0.5533 0.8329
vn -0.2476 0.6332 0.7333
vn -0.1577 0.5453 0.8233
vn -0.2820 0.5588 0.7799
vn 0.8704 -0.1305 0.4747
vn 0.8921 0.1087 0.4386
vn 0.7545 0.5375 0.3766
vn 0.8255 0.3382 0.4518
vn 0.5798 0.7365 0.3485
vn 0.7005 0.5450 0.4608
vn 0.3782 0.8656 0.3282
vn 0.5269 0.7123 0.4637
vn 0.1643 0.9350 0.3144
vn 0.3240 0.8252 0.4627
vn -0.0476 0.9501 0.3082
vn 0.1198 0.8806 0.4585
vn -0.2418 0.9210 0.3053
vn -0.0781 0.8869 0.4552
vn -0.4178 0.8544 0.3089
vn -0.2547 0.8555 0.4508
vn -0.5638 0.7636 0.3149
vn -0.7454 0.6559 0.1192
vn -0.4925 0.8629 0.1133
vn -0.7025 0.6374 0.3166
vn -0.4122 0.7932 0.4482
vn -0.4688 0.7265 0.5024
vn -0.4268 0.7056 0.5657
vn -0.2226 0.7239 0.6530
vn -0.2790 0.7783 0.5625
vn -0.0552 0.7520 0.6569
vn -0.1075 0.8173 0.5661
vn 0.1288 0.7367 0.6639
vn 0.0863 0.8149 0.5731
vn 0.3232 0.6677 0.6706
vn 0.2857 0.7577 0.5867
vn 0.5014 0.5405 0.6756
vn 0.4727 0.6409 0.6049
vn 0.6418 0.3612 0.6765
vn 0.6284 0.4601 0.6272
vn 0.7346 0.0884 0.6727
vn 0.7528 0.1852 0.6317
vn 0.7491 0.6569 0.0861
vn 0.7300 0.6746 0.1095
vn 0.6652 0.6784 0.3118
vn 0.6880 0.7156 0.1207
vn 0.3953 0.8918 0.2203
vn 0.5904 0.8013 0.0966
vn 0.2573 0.9354 0.2427
vn 0.4601 0.8838 0.0853
vn 0.0883 0.9650 0.2470
vn 0.2912 0.9524 0.0905
vn -0.1111 0.9650 0.2374
vn 0.1161 0.9891 0.0908
vn 0.0331 0.9913 0.1277
vn -0.3617 0.9079 0.2119
vn -0.1392 0.9844 0.1074
vn -0.5011 0.8266 0.2561
vn -0.3118 0.9455 0.0941
vn -0.6980 0.6702 0.2522
vn -0.5160 0.8511 0.0974
vn -0.8357 0.4834 0.2607
vn -0.7105 0.6925 0.1250
vn -0.9396 0.2631 0.2188
vn -0.8517 0.5028 0.1478
vn -0.9676 0.1255 0.2192
vn -0.9414 0.2865 0.1778
vn -0.9819 0.0163 0.1885
vn -0.9808 0.0584 0.1861
vn -0.5488 0.0455 0.8347
vn -0.1872 0.0620 0.9804
vn -0.2045 0.2098 0.9561
vn -0.1487 0.1220 0.9813
vn -0.0889 0.3573 0.9297
vn -0.0833 0.3342 0.9388
vn 0.3103 0.4091 0.8581
vn 0.2783 0.4046 0.8711
vn 0.2778 0.4065 0.8704
vn 0.1092 0.4657 0.8782
vn 0.1072 0.4719 0.8751
vn 0.0764 0.4055 0.9109
vn 0.6109 0.3441 0.7130
vn -0.5428 0.0896 0.8350
vn -0.5224 0.2398 0.8183
vn -0.5243 0.2076 0.8258
vn -0.4101 0.4107 0.8143
vn -0.4155 0.4002 0.8169
vn -0.2448 0.5570 0.7936
vn -0.2760 0.5218 0.8072
vn -0.0406 0.6418 0.7658
vn -0.1131 0.5924 0.7977
vn 0.1530 0.6495 0.7448
vn 0.0532 0.6120 0.7891
vn 0.3216 0.6003 0.7323
vn 0.1689 0.5787 0.7979
vn 0.3865 0.5846 0.7133
vn 0.3082 0.5612 0.7682
vn 0.4506 0.5527 0.7011
vn 0.3769 0.5257 0.7626
vn 0.5072 0.5181 0.6887
vn 0.5066 0.5177 0.6894
vn 0.5782 0.4070 0.7071
vn 0.6267 0.3591 0.6915
vn 0.6203 0.5303 0.5779
vn 0.7132 0.5825 0.3900
vn 0.7534 0.4949 0.4329
vn 0.6872 0.5509 0.4735
vn 0.4650 0.7133 0.5244
vn 0.6012 0.6531 0.4604
vn 0.3333 0.7829 0.5254
vn 0.4915 0.7440 0.4527
vn 0.1862 0.8292 0.5270
vn 0.3587 0.8182 0.4494
vn 0.0278 0.8475 0.5301
vn 0.1986 0.8679 0.4553
vn -0.1673 0.8321 0.5288
vn -0.0183 0.8855 0.4642
vn -0.3742 0.7582 0.5340
vn -0.2504 0.8401 0.4812
vn -0.5618 0.6284 0.5380
vn -0.4860 0.7127 0.5059
vn -0.7099 0.4512 0.5408
vn -0.6738 0.5201 0.5249
vn -0.7887 0.2820 0.5462
vn -0.7811 0.3088 0.5427
vn -0.8257 0.1413 0.5461
vn -0.8293 0.1079 0.5483
vn -0.8358 0.0347 0.5480
vn 0.9859 0.0017 0.1675
vn 0.1873 0.0103 0.9822
vn 0.1106 -0.4389 0.8917
vn 0.4473 0.5938 0.6688
vn 0.4634 -0.2094 0.8610
vn 0.7615 0.0969 0.6409
vn 0.7356 0.4723 0.4856
vn 0.8758 0.0965 0.4730
vn 0.9762 -0.1077 0.1884
vn -0.9859 0.0017 0.1675
vn -0.9762 -0.1076 0.1884
vn -0.8276 0.1507 0.5408
vn -0.8196 0.1890 0.5409
vn -0.5418 -0.1430 0.8282
vn -0.4255 0.4403 0.7906
vn -0.1772 -0.3055 0.9356
vn -0.1231 0.0104 0.9923
vn 0.9999 -0.0000 0.0120
vn 0.9979 -0.0127 0.0629
vn 0.9782 -0.1243 0.1662
vn -0.9999 -0.0000 0.0119
vn -0.9829 -0.0418 0.1791
vn -0.9859 -0.0000 0.1675
vn -0.8960 -0.0000 0.4440
vn -0.6429 -0.5340 0.5491
vn -0.8346 -0.0000 0.5508
vn -0.4738 -0.0000 0.8806
vn 0.9723 -0.1885 0.1381
vn 0.9668 -0.0000 0.2556
vn 0.8346 -0.0000 0.5508
vn 0.8345 -0.0000 0.5509
vn 0.4739 -0.0000 0.8806
vn 0.4738 -0.0000 0.8806
vn 0.1231 -0.0000 0.9924
vn -0.0000 0.3033 0.9529
vn -0.1231 -0.0000 0.9924
vn -0.4739 -0.0000 0.8806
vn -0.0000 -1.0000 0.0001
vn -0.0000 -1.0000 -0.0011
vn -0.0000 -0.9999 0.0110
vn -1.0000 0.0003 -0.0000
vn -0.8988 0.3595 0.2510
vn 0.4304 0.8753 0.2206
vn 0.4299 0.7405 0.5165
vn 0.1421 0.8169 0.5589
vn 0.2524 0.7938 0.5534
vn 0.4305 0.7405 0.5161
vn 0.4308 0.8751 0.2204
vn 0.1422 0.9599 0.2418
vn 0.1422 0.9598 0.2419
vn -0.1836 0.9532 0.2401
vn -0.1838 0.9532 0.2402
vn -0.4123 0.7474 0.5210
vn -0.2438 0.7956 0.5546
vn -0.1837 0.8125 0.5532
vn -0.0776 0.8179 0.5701
vn 0.0958 0.8166 0.5692
vn -0.5606 0.6792 0.4737
vn -0.4995 0.7173 0.4857
vn -0.4994 0.8401 0.2117
vn -0.4993 0.8402 0.2117
vn -0.7547 0.5379 0.3756
vn -0.7541 0.5387 0.3758
vn -0.7548 0.6360 0.1604
vn -0.7546 0.6363 0.1603
vn -0.7591 0.6454 0.0847
vn -0.4991 0.8610 -0.0983
vn -0.5539 0.8317 0.0377
vn -0.1863 0.9821 0.0265
vn -0.1454 0.9884 -0.0430
vn 0.1444 0.9859 0.0849
vn 0.2902 0.9531 -0.0860
vn 0.4359 0.8970 0.0733
vn 0.6261 0.7794 -0.0230
vn 0.7310 0.6617 0.1668
vn 0.7745 0.6096 0.1691
vn 0.4846 0.7175 0.5004
vn 0.6139 0.6288 0.4772
vn -0.9534 0.2472 0.1728
vn -0.9192 0.3281 0.2179
vn -0.9189 0.3824 0.0965
vn -0.9188 0.3827 0.0965
vn -0.9206 0.3859 0.0607
vn -0.8504 0.5119 -0.1214
vn -0.9916 0.1059 0.0739
vn -0.9917 0.1057 0.0738
vn -0.9917 0.1247 0.0315
vn -0.9917 0.1248 0.0315
vn -0.9919 0.1267 0.0044
vn -0.9859 0.1597 -0.0494
vn 0.5049 0.6369 0.5826
vn -0.7735 0.5429 0.3270
vn -0.6281 0.7718 0.0995
vn -0.6202 0.5788 0.5294
vn -0.4357 0.6642 0.6074
vn -0.4356 0.6641 0.6076
vn -0.2588 0.7126 0.6520
vn -0.1444 0.7512 0.6441
vn -0.1001 0.7343 0.6714
vn 0.0532 0.7368 0.6740
vn 0.1864 0.7447 0.6409
vn 0.2223 0.7194 0.6580
vn -0.8005 0.5164 0.3041
vn -0.4314 0.7774 0.4578
vn -0.4310 0.7776 0.4578
vn -0.1425 0.8529 0.5022
vn -0.1423 0.8530 0.5021
vn 0.1840 0.8471 0.4986
vn 0.1838 0.8471 0.4986
vn 0.5003 0.7462 0.4393
vn 0.4998 0.7463 0.4396
vn -0.5382 0.8290 0.1522
vn -0.4308 0.8861 0.1708
vn -0.3999 0.9013 0.1663
vn -0.1421 0.9734 0.1797
vn -0.1905 0.9627 0.1923
vn 0.1827 0.9702 0.1590
vn 0.1348 0.9745 0.1796
vn 0.4991 0.8521 0.1574
vn 0.5442 0.8279 0.1355
vn 0.9209 0.2875 0.2631
vn 0.9209 0.2876 0.2631
vn 0.9192 0.3392 0.1999
vn 0.9190 0.3395 0.2003
vn 0.9917 0.1107 0.0654
vn 0.9917 0.1105 0.0652
vn 0.9919 0.0935 0.0856
vn 0.9919 0.0935 0.0855
vn 0.7595 0.4802 0.4388
vn 0.7594 0.4800 0.4392
vn 0.7555 0.5645 0.3325
vn 0.7551 0.5648 0.3329
vn 0.7555 0.6421 0.1301
vn 0.9136 0.4062 0.0179
vn 0.8493 0.5149 0.1165
vn 0.9913 0.1312 0.0111
vn 0.9865 0.1607 0.0297
vn 0.9913 0.1154 0.0637
vn -0.3095 0.1289 0.9421
vn -0.3021 0.1120 0.9467
vn -0.1586 0.1846 0.9699
vn -0.1882 0.2466 0.9507
vn -0.2072 0.2396 0.9485
vn -0.4303 0.3784 0.8195
vn -0.4148 0.3056 0.8570
vn -0.7733 0.2956 0.5610
vn -0.2318 0.4775 0.8475
vn -0.3928 0.4411 0.8069
vn -0.4282 0.4428 0.7877
vn -0.1687 0.4987 0.8502
vn 0.2202 0.5805 0.7839
vn 0.7509 0.5419 0.3775
vn 0.8611 0.4035 0.3093
vn 0.6970 0.4672 0.5440
vn 0.6418 0.4606 0.6131
vn 0.4574 0.4726 0.7533
vn 0.3865 0.4529 0.8034
vn 0.0775 0.4131 0.9074
vn 0.1539 0.2545 0.9548
vn -0.0811 0.1202 0.9894
vn -0.0666 0.1345 0.9887
vn 0.0115 0.0375 0.9992
vn 0.2407 0.0962 0.9658
vn 0.1215 0.2456 0.9617
vn 0.3900 0.3835 0.8371
vn 0.4109 0.4024 0.8181
vn 0.6080 0.4848 0.6287
vn 0.6233 0.4990 0.6021
vn 0.7683 0.5368 0.3486
vn 0.8136 0.4439 0.3756
vn -0.6203 0.5337 0.5748
vn -0.4992 0.5474 0.6717
vn -0.4345 0.5739 0.6942
vn -0.4059 0.5759 0.7096
vn -0.2581 0.6178 0.7428
vn 0.1537 0.6203 0.7692
vn -0.0989 0.5847 0.8052
vn 0.0527 0.5933 0.8033
vn 0.6977 0.4640 0.5458
vn 0.5036 0.5502 0.6661
vn 0.4388 0.5565 0.7055
vn 0.1270 0.6024 0.7880
vn 0.1676 0.4121 0.8956
vn -0.1359 0.3431 0.9294
vn 0.0218 0.4150 0.9096
vn -0.4014 0.3080 0.8626
vn -0.3603 0.1825 0.9148
vn 0.0712 0.1803 0.9810
vn 0.4464 0.2979 0.8438
vn 0.4400 0.3206 0.8388
vn 0.6014 0.5877 0.5412
vn 0.7380 0.2792 0.6143
vn 0.5489 0.8183 0.1705
vn 0.9135 0.2008 0.3538
vn 0.8156 0.5505 0.1781
vn 0.8280 0.5416 0.1451
vn 0.9513 0.2981 0.0783
vn 0.8974 0.3881 0.2101
vn 0.9940 0.1035 0.0356
vn 0.8719 0.3571 0.3352
vn 0.9211 0.2768 0.2739
vn 0.7595 0.4398 0.4794
vn -0.7673 0.6163 0.1773
vn 0.4358 0.4036 0.8045
vn -0.9034 0.4112 -0.1216
vn -0.9236 0.2893 0.2515
vn -0.9867 0.1619 0.0172
vn -0.5209 0.5327 0.6670
vn -0.7593 0.4351 0.4839
vn -0.7901 0.4080 0.4574
vn -0.9013 0.3169 0.2953
vn -0.9544 0.2308 0.1896
vn 0.6148 0.4866 0.6207
vn 0.4335 0.5558 0.7094
vn 0.4556 0.5550 0.6960
vn 0.2549 0.6106 0.7498
vn 0.2890 0.6062 0.7410
vn 0.0967 0.6251 0.7745
vn 0.1031 0.6261 0.7729
vn -0.0785 0.6421 0.7626
vn -0.2465 0.6196 0.7452
vn 0.9571 0.0955 0.2734
vn 0.4467 0.4572 0.7691
vn 0.4098 0.4251 0.8071
vn 0.2729 0.4596 0.8452
vn 0.3330 0.4475 0.8300
vn 0.0884 0.4908 0.8667
vn 0.1540 0.5040 0.8499
vn -0.5294 0.4737 0.7038
vn -0.1873 0.5840 0.7899
vn -0.4152 0.5602 0.7168
vn -0.5640 0.5117 0.6482
vn -0.8063 0.4490 0.3850
vn -0.7262 0.4739 0.4981
vn -0.7824 0.4400 0.4408
vn -0.4651 0.4734 0.7480
vn -0.5396 0.4560 0.7077
vn -0.1441 0.4136 0.8990
vn -0.2288 0.4106 0.8826
vn 0.1943 0.3018 0.9333
vn 0.1088 0.3114 0.9440
vn -0.1294 0.3753 0.9178
vn 0.2884 0.2614 0.9211
vn 0.3983 0.2175 0.8911
vn 0.4307 0.3438 0.8344
vn -0.8241 0.5567 0.1044
vn -0.6572 0.5240 0.5418
vn -0.7048 0.5157 0.4871
vn -0.3669 0.3912 0.8440
vn -0.5023 0.3996 0.7668
vn -0.0437 0.2102 0.9767
vn -0.2285 0.2476 0.9415
vn 0.0633 0.1050 0.9924
vn 0.1405 0.1961 0.9705
vn -0.9884 0.1132 -0.1014
vn 0.9861 0.1231 -0.1114
vn 0.9755 0.2198 -0.0000
vn 0.9867 0.1382 0.0858
vn 0.9662 0.2579 0.0066
vn 0.8872 0.4613 -0.0018
vn 0.8478 0.5301 -0.0147
vn 0.7551 0.6550 0.0274
vn 0.7170 0.6971 0.0062
vn 0.5820 0.8131 -0.0071
vn 0.4484 0.8879 -0.1024
vn 0.5643 0.8158 0.1266
vn 0.2946 0.9538 -0.0595
vn 0.3493 0.9370 0.0013
vn 0.1230 0.9924 0.0032
vn 0.1191 0.9929 -0.0017
vn -0.0153 0.9999 -0.0012
vn -0.1527 0.9879 -0.0252
vn -0.1285 0.9917 0.0031
vn -0.3179 0.9481 0.0008
vn -0.3581 0.9335 -0.0199
vn -0.4359 0.8999 0.0088
vn -0.5765 0.8169 -0.0186
vn -0.6012 0.7991 0.0022
vn -0.7238 0.6900 -0.0007
vn -0.7843 0.6201 0.0191
vn -0.7798 0.6258 0.0163
vn -0.8966 0.4425 -0.0185
vn -0.9012 0.4332 -0.0147
vn -0.9851 0.1699 0.0273
vn -0.9797 0.2005 -0.0000
vn 0.8636 0.1122 0.4915
vn 0.8857 0.1028 0.4528
vn 0.9086 0.2308 0.3482
vn 0.9421 0.3047 0.1400
vn 0.9603 0.2731 0.0578
vn 0.9342 0.2791 0.2223
vn 0.7752 0.6184 0.1292
vn 0.8919 0.4120 0.1867
vn 0.6808 0.2660 0.6824
vn 0.7213 0.3875 0.5740
vn 0.8105 0.2613 0.5243
vn 0.8110 0.2610 0.5236
vn 0.8723 0.4076 0.2702
vn 0.8046 0.5889 0.0766
vn 0.7946 0.5952 0.1198
vn 0.8116 0.5264 0.2534
vn 0.7901 0.5244 0.3176
vn 0.7941 0.4932 0.3551
vn 0.7707 0.3706 0.5183
vn -0.9996 0.0286 -0.0000
vn -0.9871 0.1599 0.0042
vn -0.9794 0.2019 -0.0020
vn -0.9195 0.3931 0.0010
vn -0.8567 0.5157 0.0100
vn -0.8171 0.5764 -0.0009
vn -0.6471 0.7624 0.0006
vn -0.5543 0.8323 0.0087
vn -0.4760 0.8794 0.0004
vn -0.1455 0.9893 0.0066
vn -0.2392 0.9710 0.0009
vn -0.3517 0.9361 -0.0000
vn 0.4222 0.9065 0.0004
vn 0.2996 0.9541 0.0040
vn 0.2913 0.9566 0.0046
vn 0.0914 0.9958 -0.0015
vn -0.0776 0.9970 0.0025
vn 0.4998 0.8661 -0.0001
vn 0.6262 0.7796 0.0012
vn 0.6431 0.7658 -0.0000
vn 0.9689 0.1797 0.1704
vn 0.6091 0.3067 0.7314
vn 0.5834 0.2558 0.7709
vn 0.4912 0.0911 0.8663
vn 0.8236 0.1527 0.5462
vn 0.8310 0.1647 0.5313
vn 0.9198 0.1706 0.3535
vn 0.5478 0.1183 0.8282
vn 0.4531 -0.0059 0.8915
vn 0.5335 0.1124 0.8383
vn 0.3334 0.0583 0.9410
vn 0.1713 0.0093 0.9852
vn 0.1732 0.0140 0.9848
vn 0.7416 0.3771 0.5548
vn 0.7573 0.3739 0.5354
vn 0.7976 0.4714 0.3763
vn 0.8466 0.5041 0.1708
vn 0.8432 0.5171 0.1472
vn -0.4675 0.0123 -0.8839
vn -0.6499 0.0625 -0.7574
vn -0.5393 -0.0382 -0.8413
vn -0.4821 -0.0020 -0.8761
vn -0.4562 0.0324 -0.8893
vn 0.7837 -0.0555 -0.6186
vn 0.4585 0.0156 -0.8886
vn 0.4689 0.0150 -0.8831
vn 0.4884 -0.0067 -0.8726
vn 0.4946 -0.0100 -0.8691
vn -0.8882 0.4320 0.1565
vn -0.8581 0.3679 0.3582
vn -0.8966 0.4117 0.1632
vn -0.7898 0.5696 0.2275
vn -0.8218 0.5423 0.1746
vn -0.8042 0.2482 0.5401
vn -0.8221 0.2386 0.5169
vn -0.7659 0.3289 0.5525
vn -0.7589 0.3355 0.5582
vn -0.7330 0.3888 0.5582
vn -0.9066 0.1342 0.4000
vn -0.8481 0.1636 0.5039
vn -0.8272 0.2236 0.5155
vn -0.9176 0.2509 0.3083
vn -0.9360 0.3259 0.1331
vn -0.9409 0.3206 0.1094
vn -0.8191 0.4890 0.2999
vn -0.8222 0.3682 0.4340
vn -0.3635 0.1805 0.9139
vn -0.5928 0.1973 0.7808
vn -0.8651 0.0472 0.4994
vn -0.9053 0.0117 0.4247
vn -0.6286 0.1953 0.7528
vn -0.2588 0.0203 0.9657
vn -0.1950 -0.1876 0.9627
vn -0.2585 -0.0295 0.9656
vn -0.3818 0.0534 0.9227
vn -0.9810 0.1819 0.0677
vn -0.8505 0.5216 0.0677
vn -0.8500 0.5220 0.0712
vn -0.9316 0.1728 0.3198
vn -0.9117 0.1940 0.3622
vn -0.8169 0.4482 0.3632
vn -0.6796 0.3712 0.6328
vn -0.8331 0.1545 0.5312
vn -0.6700 0.1243 0.7318
vn -0.6472 0.1391 0.7495
vn -0.4057 0.0679 0.9115
vn -0.4107 0.0565 0.9100
vn -0.5863 0.8101 -0.0000
vn -0.6312 0.7756 -0.0048
vn -0.4053 0.9142 0.0013
vn 0.1370 0.9906 0.0030
vn 0.1923 0.9813 0.0096
vn 0.0171 0.9999 -0.0000
vn -0.1941 0.9810 -0.0000
vn -0.0974 0.9952 0.0060
vn -0.2449 0.9696 -0.0025
vn 0.9114 0.4109 0.0216
vn 0.7798 0.6261 -0.0005
vn 0.7040 0.7102 0.0001
vn 0.5493 0.8356 0.0026
vn 0.5996 0.8002 0.0127
vn 0.4219 0.9066 -0.0016
vn 0.8550 0.5184 -0.0123
vn 0.9870 0.1608 0.0055
vn 0.9931 0.1172 -0.0000
vn -0.9727 0.2189 0.0771
vn -0.9772 0.1997 0.0721
vn -0.9780 0.2084 -0.0052
vn -0.9772 0.2110 0.0216
vn -0.9998 0.0156 0.0117
vn -0.9984 0.0408 0.0402
vn -0.9979 0.0529 0.0364
vn -0.9940 0.0881 0.0650
vn -1.0000 0.0047 0.0001
vn -1.0000 0.0023 0.0033
vn -0.9999 0.0080 0.0142
vn -0.9451 -0.0002 0.3268
vn -0.9514 -0.0027 0.3080
vn -0.9676 -0.0959 0.2335
vn -0.9778 -0.1123 0.1771
vn -0.9796 -0.1410 0.1435
vn -0.9843 -0.1487 0.0952
vn -0.9844 -0.1518 0.0895
vn -0.9860 -0.1594 0.0495
vn 0.7057 0.6861 0.1767
vn -0.1083 0.1370 0.9846
vn -0.0954 0.1131 0.9890
vn -0.0565 0.2335 0.9707
vn -0.0375 0.1033 0.9939
vn 0.0083 0.2327 0.9725
vn 0.0290 0.1200 0.9923
vn 0.0932 0.2087 0.9735
vn 0.0861 0.1089 0.9903
vn 0.1166 0.1283 0.9849
vn 0.5646 0.8162 -0.1225
vn 0.6108 0.7725 0.1737
vn 0.3439 0.9224 0.1756
vn 0.2321 0.9592 -0.1612
vn 0.1173 0.9775 0.1756
vn -0.1265 0.9763 0.1756
vn -0.2322 0.9595 -0.1593
vn -0.3526 0.9191 0.1759
vn -0.5677 0.8044 0.1751
vn -0.6202 0.7844 -0.0066
vn -0.7123 0.6791 0.1772
vn -0.3357 0.4246 0.8408
vn -0.1282 0.5297 0.8384
vn -0.1281 0.5296 0.8385
vn 0.1282 0.5297 0.8384
vn 0.1282 0.5297 0.8385
vn 0.3357 0.4246 0.8408
vn -0.5241 0.6629 0.5347
vn -0.5240 0.6628 0.5348
vn -0.1992 0.8235 0.5312
vn 0.1992 0.8234 0.5313
vn 0.1992 0.8235 0.5311
vn 0.5240 0.6628 0.5348
vn 0.5241 0.6629 0.5347
vn 0.9886 0.1505 0.0009
vn 0.9859 -0.1534 0.0663
vn 0.9978 0.0503 0.0423
vn 0.9856 0.1675 -0.0228
vn 0.9945 -0.0666 0.0803
vn 0.9752 0.2190 0.0306
vn 0.9760 0.2125 0.0476
vn 0.9736 0.1609 0.1618
vn 0.9776 0.1661 0.1289
vn 0.9600 0.0797 0.2686
vn 0.9316 0.0604 0.3585
vn 0.9109 -0.0372 0.4109
vn 0.9998 0.0208 -0.0029
vn 0.9822 -0.1526 0.1096
vn 0.9747 -0.0783 0.2095
vn 0.9622 -0.1683 0.2143
vn 0.9644 -0.0900 0.2487
vn 0.7849 0.6196 -0.0000
vn 0.8523 0.5227 0.0200
vn 0.8625 0.5059 0.0140
vn 0.9974 0.0718 0.0003
vn 0.9899 0.1412 0.0090
vn 0.9831 0.1823 0.0152
vn 0.9699 0.2437 0.0036
vn 0.9191 0.3939 -0.0019
vn 0.9849 -0.0000 0.1732
vn 0.9849 -0.0000 0.1733
vn 0.9334 -0.0000 0.3587
vn 0.8334 -0.0011 0.5526
vn 0.8436 -0.0000 0.5370
vn 0.5370 -0.0000 0.8436
vn 0.5369 -0.0000 0.8437
vn 0.1732 -0.0000 0.9849
vn -0.9754 0.0369 -0.2172
vn -0.9717 -0.1894 -0.1412
vn -0.9567 -0.0330 -0.2890
vn -0.9438 0.0067 -0.3305
vn -0.5105 -0.0056 -0.8599
vn -0.7909 0.0721 -0.6077
vn -0.7269 -0.2016 -0.6565
vn -0.8831 0.0728 -0.4634
vn -0.8828 0.0787 -0.4632
vn -0.7931 0.0665 -0.6055
vn -0.7286 -0.1866 -0.6591
vn -0.6495 0.2228 -0.7270
vn -0.5188 -0.0276 -0.8545
vn -0.4767 0.0089 -0.8790
vn -0.2883 -0.0698 -0.9550
vn -0.3117 -0.1061 -0.9442
vn -0.4084 -0.0908 -0.9083
vn -0.4052 -0.0869 -0.9101
vn -0.3825 -0.0698 -0.9213
vn -0.0764 -0.0188 -0.9969
vn 0.0001 -0.0001 -1.0000
vn 0.0001 -0.0000 -1.0000
vn -0.0002 -0.0000 -1.0000
vn -0.0001 -0.0000 -1.0000
vn 0.2991 -0.1010 -0.9489
vn 0.2878 -0.0659 -0.9554
vn 0.4345 -0.0467 -0.8995
vn 0.9862 0.0373 -0.1614
vn 0.7352 -0.0245 -0.6775
vn 0.7467 0.2724 -0.6069
vn 0.8732 -0.0932 -0.4784
vn 0.5465 -0.0172 -0.8373
vn 0.3979 0.2403 -0.8854
vn 0.5539 -0.1321 -0.8220
vn 0.7261 0.1088 -0.6790
vn 0.7779 0.0315 -0.6276
vn 0.8740 0.0354 -0.4846
vn 0.8959 -0.0185 -0.4440
vn 0.9621 0.1045 -0.2520
vn 0.9768 -0.2081 -0.0512
vn 0.9828 -0.1834 0.0234
vn 0.9843 -0.1762 0.0017
vn 1.0000 -0.0095 0.0017
vn -0.1732 -0.0000 0.9849
vn -0.2588 0.0043 0.9659
vn -0.9976 -0.0000 0.0689
vn -0.9849 -0.0020 0.1733
vn -0.9458 0.0026 0.3247
vn -0.9065 -0.0000 0.4223
vn -0.8432 -0.0000 0.5377
vn -0.7933 -0.0011 0.6088
vn -0.6753 0.0032 0.7376
vn -0.6087 -0.0000 0.7934
vn -0.4222 -0.0000 0.9065
vn -0.9186 0.3952 -0.0019
vn -0.9832 0.1823 0.0056
vn -0.9664 0.2552 0.0322
vn -0.9773 0.2109 0.0219
vn -0.9823 0.1865 0.0165
vn -0.9886 0.1501 0.0101
vn -0.9954 0.0957 0.0033
vn -0.9993 0.0384 0.0004
vn -0.9999 0.0126 0.0001
vn -1.0000 0.0050 -0.0000
vn -0.8525 0.5228 -0.0000
vn -0.7984 0.6002 0.0486
vn -0.8623 0.5063 0.0141
vn -0.9853 -0.1698 0.0201
vn -0.9657 -0.2457 -0.0846
vn -0.9944 -0.1058 0.0017
vn -1.0000 -0.0096 0.0017
vn -0.9761 -0.0094 -0.2173
vn -0.5878 -0.0000 -0.8090
vn -0.5104 0.0239 -0.8596
vn -0.2868 -0.0236 -0.9577
vn -0.4180 -0.2817 -0.8637
vn -0.5465 -0.0027 -0.8374
vn -0.8473 0.0040 -0.5311
vn -0.7929 -0.0030 -0.6093
vn -0.9843 0.0025 -0.1764
vn -0.9763 -0.0000 -0.2165
vn -0.5388 -0.7824 0.3122
vn -0.4472 -0.8944 -0.0000
vn -0.2012 -0.9795 -0.0000
vn 0.2012 -0.9795 -0.0000
vn 0.4473 -0.8944 -0.0000
vn 0.5389 -0.7826 0.3118
vn 0.9843 -0.0000 -0.1764
vn 0.9868 -0.0094 -0.1616
vn 0.9870 -0.0008 -0.1605
vn 0.8960 0.0006 -0.4440
vn 0.8473 -0.0029 -0.5311
vn 0.7783 -0.0001 -0.6279
vn 0.5878 0.0001 -0.8090
vn 0.5900 -0.0000 -0.8074
vn 0.2946 -0.0982 -0.9506
vn 0.3466 -0.0114 -0.9380
vn 0.5585 0.0348 -0.8288
vn -0.3296 0.9441 -0.0000
vn -0.3244 0.9459 0.0027
vn -0.0864 0.9963 -0.0026
vn 0.5081 0.8613 -0.0013
vn 0.4057 0.9139 0.0111
vn 0.3537 0.9347 0.0345
vn 0.1878 0.9819 -0.0225
vn 0.1060 0.9944 -0.0000
vn -0.0810 0.9967 -0.0000
vn 0.7322 0.6800 0.0389
vn 0.8089 0.5879 0.0028
vn 0.6147 0.7887 0.0046
vn 0.6713 0.7407 0.0271
vn 0.8362 0.5467 -0.0435
vn 1.0000 0.0014 -0.0000
vn 0.9960 0.0889 0.0002
vn 0.9674 0.2521 0.0226
vn 0.8950 0.4460 -0.0016
vn 0.9242 0.3817 0.0068
vn 0.9905 0.1358 -0.0211
vn 0.6614 0.7297 -0.1734
vn 0.3485 0.9211 -0.1734
vn 0.1044 0.9788 -0.1760
vn -0.0126 0.9965 -0.0827
vn -0.0797 0.9813 -0.1753
vn -0.3000 0.9391 -0.1676
vn -0.3199 0.9326 -0.1669
vn 0.9239 0.3816 -0.0273
vn 0.8239 0.5387 -0.1760
vn 0.8826 0.4370 -0.1734
vn 0.9755 0.1337 -0.1748
vn 0.5859 0.0803 -0.8064
vn 0.1427 0.5671 -0.8112
vn 0.2161 0.4779 -0.8514
vn 0.2104 0.5561 -0.8040
vn 0.3993 0.4405 -0.8040
vn 0.5328 0.2639 -0.8040
vn -0.0057 0.8287 -0.5597
vn 0.0283 0.8492 -0.5273
vn 0.3013 0.7964 -0.5244
vn 0.5718 0.6309 -0.5244
vn 0.5719 0.6309 -0.5244
vn 0.7631 0.3779 -0.5244
vn 0.8417 0.1154 -0.5275
vn -0.1922 0.5081 -0.8396
vn 0.3187 0.9291 -0.1878
vn -0.9755 0.1337 -0.1748
vn -0.3485 0.9211 -0.1734
vn -0.6614 0.7297 -0.1734
vn -0.8248 0.5374 -0.1760
vn -0.8931 0.4423 -0.0816
vn -0.9105 0.3744 -0.1752
vn 0.0764 0.9964 -0.0372
vn -0.1089 0.9784 -0.1760
vn 0.0079 0.8274 -0.5615
vn 0.0056 0.8331 -0.5530
vn 0.0104 0.9839 -0.1784
vn 0.3005 0.9390 -0.1672
vn 0.3134 0.9349 -0.1668
vn -0.2434 0.5383 -0.8068
vn -0.3993 0.4405 -0.8040
vn -0.5328 0.2639 -0.8040
vn -0.5859 0.0803 -0.8064
vn -0.1456 0.5639 -0.8129
vn -0.0263 0.8494 -0.5272
vn -0.3013 0.7964 -0.5244
vn -0.5719 0.6309 -0.5244
vn -0.7631 0.3779 -0.5244
vn -0.8417 0.1154 -0.5275
vn 0.1862 0.6947 -0.6948
vn 0.1862 0.6948 -0.6947
vn 0.5086 0.5086 -0.6948
vn 0.6947 0.1862 -0.6948
vn 0.6948 0.1862 -0.6947
vn 0.6947 -0.1862 -0.6947
vn 0.6947 -0.1862 -0.6948
vn 0.5086 -0.5086 -0.6948
vn 0.1861 -0.6947 -0.6948
vn 0.1862 -0.6947 -0.6948
vn -0.1861 -0.6947 -0.6948
vn -0.1862 -0.6947 -0.6948
vn -0.5086 -0.5086 -0.6948
vn -0.6947 -0.1862 -0.6948
vn -0.6948 -0.1862 -0.6947
vn -0.6947 0.1862 -0.6947
vn -0.5086 0.5086 -0.6948
vn -0.1862 0.6948 -0.6947
vn 0.9991 -0.0000 0.0424
vn 0.9808 -0.0069 0.1951
vn 0.1938 -0.0000 0.9810
vn 0.9754 -0.0027 0.2203
vn 0.8505 0.0031 0.5259
vn 0.8315 -0.0043 0.5556
vn 0.5705 0.0049 0.8213
vn 0.5556 0.0003 0.8315
vn 0.1951 -0.0003 0.9808
vn 0.9807 -0.0095 0.1951
vn 0.9681 -0.0197 0.2497
vn 0.9672 -0.0149 0.2535
vn 0.9716 -0.0263 0.2352
vn 0.8310 -0.0347 0.5552
vn 0.8038 -0.0460 0.5932
vn 0.5546 -0.0600 0.8300
vn 0.5625 -0.0576 0.8248
vn 0.2597 -0.0758 0.9627
vn 0.1947 -0.0664 0.9786
vn 0.0440 -0.0761 0.9961
vn -0.1002 -0.0000 0.9950
vn -0.8315 -0.0001 0.5556
vn -0.8063 -0.0104 0.5915
vn -0.9137 0.0011 0.4064
vn -0.9808 -0.0042 0.1951
vn -0.9754 -0.0093 0.2204
vn -0.9987 -0.0000 0.0513
vn -0.1951 -0.0127 0.9807
vn -0.2742 -0.0024 0.9617
vn -0.5556 0.0054 0.8315
vn -0.4834 -0.0179 0.8752
vn -0.6568 -0.0000 0.7541
vn -0.1945 -0.0747 0.9780
vn -0.9895 -0.0070 0.1444
vn -0.9903 -0.0084 0.1388
vn -0.9910 -0.0114 0.1333
vn -0.1604 -0.0679 0.9847
vn -0.5542 -0.0695 0.8295
vn -0.4789 -0.0511 0.8764
vn -0.9808 -0.0040 0.1951
vn -0.9521 -0.0230 0.3048
vn -0.8307 -0.0418 0.5551
vn -0.8881 -0.0094 0.4595
vn -0.7446 -0.0569 0.6651
vn 0.9186 0.0425 0.3928
vn 0.9659 0.0002 0.2588
vn 0.8307 -0.0000 0.5568
vn 0.9538 0.0172 0.3000
vn 0.9941 0.0001 0.1086
vn 1.0000 -0.0000 0.0018
vn 0.2220 0.1356 0.9656
vn 0.3133 0.0468 0.9485
vn 0.4149 -0.0027 0.9098
vn 0.7071 0.0064 0.7071
vn 0.6469 0.0591 0.7602
vn 0.7307 0.0150 0.6825
vn 0.1024 -0.0003 0.9947
vn 0.2480 -0.2411 0.9383
vn 0.3597 0.0144 0.9330
vn 0.6482 -0.0194 0.7612
vn 0.6960 -0.1174 0.7084
vn 0.8109 -0.0070 0.5851
vn 0.9619 -0.0213 0.2726
vn 0.9695 -0.1467 0.1962
vn 0.8960 0.0005 0.4440
vn 0.9658 -0.0152 0.2588
vn 0.9621 0.0086 0.2726
vn 0.7071 -0.0103 0.7071
vn 0.7010 0.0041 0.7132
vn 0.2588 -0.0051 0.9659
vn 0.2560 -0.0002 0.9667
vn -0.1052 -0.0000 0.9944
vn -0.2575 0.1018 0.9609
vn -0.3133 0.0468 0.9485
vn -0.4149 -0.0027 0.9098
vn -0.5722 0.0019 0.8201
vn -0.7068 0.0282 0.7068
vn -0.7307 0.0150 0.6825
vn -1.0000 -0.0000 0.0017
vn -0.9941 0.0001 0.1085
vn -0.9538 0.0172 0.3000
vn -0.9659 0.0062 0.2588
vn -0.8781 -0.0000 0.4785
vn -0.8307 -0.0000 0.5568
vn -0.9927 -0.0105 0.1202
vn -0.9565 -0.1080 0.2711
vn -0.9317 -0.0006 0.3631
vn -0.7579 -0.0058 0.6523
vn -0.6948 -0.1313 0.7071
vn -0.5649 0.0003 0.8251
vn -0.2561 -0.0007 0.9667
vn -0.2180 -0.2172 0.9515
vn -0.4150 -0.0035 0.9098
vn -0.2588 -0.0002 0.9659
vn -0.2560 -0.0052 0.9667
vn -0.7071 0.0043 0.7071
vn -0.7010 -0.0106 0.7131
vn -0.9659 0.0091 0.2588
vn -0.9620 -0.0160 0.2726
vn 0.9774 0.0597 0.2027
vn 0.9897 -0.0140 0.1427
vn 0.8671 -0.0101 0.4981
vn 0.8941 0.1214 0.4311
vn 0.9371 0.0169 0.3486
vn 0.8739 0.0393 0.4845
vn 0.8364 0.1070 0.5376
vn 0.7376 0.0956 0.6684
vn 0.7178 0.1192 0.6859
vn 0.6219 0.1490 0.7688
vn 0.6084 0.1615 0.7770
vn 0.4637 0.1687 0.8698
vn 0.4490 0.1785 0.8755
vn 0.3124 0.2155 0.9252
vn 0.2963 0.2241 0.9284
vn 0.1332 0.2271 0.9647
vn 1.0000 -0.0001 0.0017
vn 0.9980 0.0487 0.0413
vn 0.9973 0.0349 0.0643
vn 0.9780 0.1429 0.1520
vn 0.9743 0.1286 0.1848
vn 0.9362 0.2303 0.2655
vn 0.9287 0.2262 0.2940
vn 0.8723 0.3224 0.3676
vn 0.8561 0.3177 0.4076
vn 0.7887 0.4003 0.4666
vn 0.7649 0.4105 0.4965
vn 0.6887 0.4809 0.5426
vn 0.6471 0.4871 0.5865
vn 0.5586 0.5500 0.6209
vn 0.5027 0.5705 0.6495
vn 0.4149 0.6175 0.6683
vn 0.3319 0.6287 0.7033
vn 0.9954 0.0952 -0.0050
vn 0.9735 0.2107 0.0889
vn 0.9681 0.2491 0.0252
vn 0.9222 0.3680 0.1189
vn 0.9231 0.3785 0.0680
vn 0.8492 0.5023 0.1628
vn 0.8543 0.5092 0.1038
vn 0.7599 0.6238 0.1829
vn 0.7771 0.6114 0.1493
vn 0.6621 0.7169 0.2184
vn 0.6792 0.7098 0.1864
vn 0.5490 0.8028 0.2328
vn 0.5617 0.7964 0.2241
vn 0.4327 0.8657 0.2517
vn 0.4245 0.8681 0.2572
vn -0.1064 0.3111 0.9444
vn 0.0491 0.2569 0.9652
vn 0.1336 0.6985 0.7031
vn 0.1816 0.9494 0.2561
vn 0.0009 0.2590 0.9659
vn -0.0218 0.2509 0.9678
vn -0.0613 0.7072 0.7043
vn -0.0614 0.7072 0.7044
vn -0.0835 0.9628 0.2569
vn -0.3185 0.9124 0.2570
vn -0.3185 0.9124 0.2569
vn -0.2622 0.7512 0.6058
vn -0.2906 0.6530 0.6994
vn -0.2016 0.5776 0.7911
vn -0.1081 0.3096 0.9447
vn -0.1167 0.3146 0.9420
vn -0.6185 0.5728 0.5379
vn -0.0704 0.1576 0.9850
vn -0.1831 0.2816 0.9419
vn -0.1753 0.3210 0.9307
vn -0.1642 0.2533 0.9533
vn -0.2585 0.4750 0.8412
vn -0.3059 0.5273 0.7927
vn -0.4230 0.7289 0.5383
vn -0.3762 0.6987 0.6086
vn -0.5200 0.8359 0.1757
vn -0.4848 0.8356 0.2583
vn -0.7090 0.7048 -0.0261
vn -0.6989 0.6933 0.1756
vn -0.7256 0.6808 0.0995
vn -0.6696 0.6646 0.3316
vn -0.3026 0.2864 0.9091
vn -0.3600 0.3321 0.8719
vn -0.4022 0.3615 0.8411
vn -0.4476 0.4252 0.7867
vn -0.5762 0.5530 0.6018
vn -0.4943 0.0478 0.8680
vn -0.1768 0.1731 0.9689
vn -0.0796 0.0413 0.9960
vn -0.1258 0.1231 0.9844
vn -0.1102 0.1404 0.9839
vn -0.1092 0.1384 0.9843
vn -0.3346 0.4242 0.8415
vn -0.5221 0.6618 0.5380
vn -0.6098 0.7729 0.1753
vn -0.9897 -0.0140 0.1427
vn -0.9685 0.0943 0.2304
vn -0.9420 0.0012 0.3356
vn -0.9954 0.0952 -0.0050
vn -0.9784 0.1929 0.0743
vn -0.9658 0.2575 0.0317
vn -0.9331 0.3453 0.1007
vn -0.9148 0.3958 0.0809
vn -0.8677 0.4763 0.1423
vn -0.8397 0.5302 0.1177
vn -0.7827 0.6000 0.1658
vn -0.7561 0.6338 0.1633
vn -0.6846 0.6991 0.2062
vn -0.6590 0.7266 0.1945
vn -0.5625 0.7946 0.2285
vn -0.5488 0.8045 0.2272
vn -0.4244 0.8693 0.2532
vn -0.4322 0.8644 0.2570
vn -0.9976 0.0524 0.0446
vn -0.9973 0.0348 0.0642
vn -0.9757 0.1513 0.1588
vn -0.9754 0.1248 0.1817
vn -0.9303 0.2426 0.2752
vn -0.9330 0.2171 0.2869
vn -0.8594 0.3406 0.3813
vn -0.8659 0.3039 0.3974
vn -0.7673 0.4228 0.4823
vn -0.7841 0.3902 0.4826
vn -0.6530 0.5095 0.5604
vn -0.6780 0.4619 0.5717
vn -0.5065 0.5817 0.6364
vn -0.5520 0.5400 0.6354
vn -0.3417 0.6505 0.6783
vn -0.3996 0.5968 0.6959
vn -0.9253 0.0506 0.3759
vn -0.8788 0.0950 0.4676
vn -0.8739 0.0393 0.4845
vn -0.7941 0.1703 0.5835
vn -0.7735 0.0493 0.6319
vn -0.6540 0.1882 0.7327
vn -0.6828 0.0886 0.7252
vn -0.5201 0.2368 0.8206
vn -0.5489 0.1078 0.8289
vn -0.3382 0.2482 0.9078
vn -0.4233 0.1527 0.8930
vn -0.1744 0.2849 0.9426
vn -0.2583 0.1785 0.9494
vn -0.1367 0.6976 0.7033
vn -0.1859 0.9486 0.2563
vn 0.1193 0.3160 0.9412
vn 0.2003 0.5781 0.7910
vn 0.1073 0.3096 0.9448
vn 0.0315 0.3947 0.9183
vn 0.0726 0.2289 0.9707
vn -0.0021 0.2590 0.9659
vn -0.0503 0.2565 0.9652
vn -0.1859 0.9486 0.2562
vn 0.0769 0.9634 0.2569
vn 0.3165 0.9132 0.2569
vn 0.3164 0.9132 0.2569
vn 0.0565 0.7077 0.7042
vn 0.2325 0.6708 0.7042
vn 0.3582 0.7079 0.6088
vn 0.0548 0.1616 0.9853
vn 0.1148 0.2003 0.9730
vn 0.0423 0.0414 0.9982
vn 0.1344 0.1151 0.9842
vn 0.1386 0.1209 0.9829
vn 0.2218 0.2135 0.9514
vn 0.6075 0.5839 0.5385
vn 0.4478 0.4250 0.7867
vn 0.4024 0.3613 0.8411
vn 0.3601 0.3318 0.8719
vn 0.3028 0.2863 0.9090
vn 0.6984 0.6938 0.1756
vn 0.7501 0.6611 0.0146
vn 0.7260 0.6804 0.0999
vn 0.6697 0.6644 0.3318
vn 0.5896 0.5277 0.6115
vn 0.4856 0.8352 0.2583
vn 0.5204 0.8356 0.1757
vn 0.4107 0.7363 0.5378
vn 0.3991 0.6864 0.6080
vn 0.2714 0.4668 0.8417
vn 0.2854 0.5379 0.7932
vn 0.1756 0.2793 0.9440
vn 0.1761 0.2878 0.9414
vn 0.6108 0.7722 0.1753
vn 0.5229 0.6611 0.5380
vn 0.3352 0.4237 0.8415
vn 0.1113 0.1408 0.9838
vn 0.1089 0.1387 0.9843
vn 0.0016 -0.0001 1.0000
vn 0.0008 -0.0002 1.0000
vn 0.0007 -0.0003 1.0000
vn 0.0005 -0.0003 1.0000
vn 0.0004 -0.0003 1.0000
vn 0.0014 -0.0005 1.0000
vn 0.0007 -0.0010 1.0000
vn 0.0033 -0.0016 1.0000
vn 0.0005 -0.0019 1.0000
vn 0.0054 -0.0045 1.0000
vn 0.0006 -0.0062 1.0000
vn 0.0142 -0.0095 0.9999
vn 0.0335 -0.0045 0.9994
vn 0.0231 0.0007 0.9997
vn 0.0406 0.0002 0.9992
vn 0.0221 0.0355 0.9991
vn -0.0123 0.0401 0.9991
vn -0.0035 -0.0762 0.9971
vn -0.0000 -0.0782 0.9969
vn 0.0036 -0.0762 0.9971
vn -0.9970 0.0019 0.0775
vn -0.9801 0.0154 0.1981
vn -0.9135 0.3102 0.2633
vn -0.9197 0.3102 0.2405
vn -0.9343 0.2953 0.1998
vn -0.9250 0.2955 0.2388
vn -0.9318 0.2914 0.2165
vn -0.9434 0.2674 0.1960
vn -0.9736 0.2099 0.0897
vn -0.9741 0.2092 0.0861
vn -0.9933 0.1036 0.0507
vn -0.9983 0.0578 -0.0025
vn -0.9995 0.0306 0.0004
vn -0.9655 0.1206 0.2307
vn -0.9694 0.1247 0.2115
vn -0.9788 0.1302 0.1578
vn -0.9778 0.0034 0.2095
vn -0.9797 0.0144 0.2000
vn -0.9020 0.3869 -0.1916
vn -0.9358 0.2958 -0.1916
vn -0.9443 0.2676 -0.1916
vn -0.9595 0.2069 -0.1914
vn -0.9762 0.1019 -0.1913
vn -0.9762 0.1018 -0.1913
vn -0.9256 0.3264 -0.1915
vn -0.9229 0.3449 -0.1712
vn -0.9306 0.3159 -0.1850
vn -0.9024 0.3771 -0.2083
vn -0.8973 0.3976 -0.1916
vn -0.9015 0.3880 -0.1915
vn -0.9282 0.3191 -0.1914
vn -0.9282 0.3190 -0.1913
vn -0.9595 0.2067 -0.1912
vn -0.9790 0.0712 -0.1912
vn -0.9790 0.0712 -0.1911
vn -0.1753 -0.0774 -0.9815
vn -0.5391 0.0052 -0.8422
vn -0.9810 0.0300 -0.1916
vn -0.9830 -0.0506 -0.1762
vn -0.8366 0.1148 -0.5356
vn -0.5523 0.1069 -0.8268
vn -0.5561 0.0579 -0.8291
vn -0.5465 0.1176 -0.8291
vn -0.5464 0.1177 -0.8292
vn -0.5374 0.1523 -0.8295
vn -0.5272 0.1857 -0.8292
vn -0.5270 0.1858 -0.8293
vn -0.5135 0.2201 -0.8294
vn -0.5133 0.2201 -0.8295
vn -0.5130 0.2209 -0.8295
vn -0.5132 0.2209 -0.8294
vn -0.5284 0.1820 -0.8292
vn -0.5287 0.1819 -0.8291
vn -0.5466 0.1182 -0.8290
vn -0.5469 0.1180 -0.8289
vn -0.1962 0.0057 -0.9805
vn -0.1955 0.0203 -0.9805
vn -0.1921 0.0413 -0.9805
vn -0.1888 0.0535 -0.9806
vn -0.1853 0.0652 -0.9805
vn -0.1852 0.0652 -0.9805
vn -0.1804 0.0773 -0.9805
vn -0.1804 0.0773 -0.9806
vn -0.1802 0.0777 -0.9806
vn -0.1803 0.0777 -0.9805
vn -0.1857 0.0641 -0.9805
vn -0.1858 0.0640 -0.9805
vn -0.1921 0.0417 -0.9805
vn -0.1923 0.0416 -0.9805
vn -0.1962 0.0144 -0.9805
vn -0.4431 0.0324 -0.8959
vn -0.5504 0.0956 -0.8294
vn -0.6100 0.0445 -0.7911
vn -0.7935 0.0579 -0.6059
vn -0.8339 0.0383 -0.5507
vn -0.8307 0.0865 -0.5500
vn -0.8306 0.0866 -0.5501
vn -0.8164 0.1759 -0.5501
vn -0.8163 0.1760 -0.5502
vn -0.8031 0.2276 -0.5506
vn -0.7875 0.2776 -0.5502
vn -0.7874 0.2777 -0.5504
vn -0.7673 0.3290 -0.5505
vn -0.7672 0.3290 -0.5506
vn -0.7667 0.3301 -0.5506
vn -0.7668 0.3300 -0.5505
vn -0.7896 0.2716 -0.5503
vn -0.7898 0.2715 -0.5501
vn -0.8164 0.1761 -0.5499
vn -0.8166 0.1759 -0.5497
vn -0.8275 0.1094 -0.5506
vn -0.8965 0.0652 -0.4382
vn -0.7003 -0.4892 -0.5198
vn -0.7027 -0.4954 -0.5107
vn -0.7169 -0.5089 -0.4766
vn -0.7467 -0.4191 -0.5165
vn -0.7144 -0.4667 -0.5213
vn -0.7025 -0.4948 -0.5115
vn -0.7038 -0.5170 -0.4872
vn -0.7967 -0.3035 -0.5227
vn -0.7972 -0.3696 -0.4774
vn -0.7762 -0.4002 -0.4872
vn -0.7958 -0.4182 -0.4380
vn -0.7991 -0.4927 -0.3445
vn -0.7920 -0.4962 -0.3556
vn -0.7864 -0.4703 -0.4006
vn -0.7846 -0.4729 -0.4009
vn -0.7862 -0.4906 -0.3757
vn -0.8409 -0.1389 -0.5231
vn -0.8024 -0.1727 -0.5712
vn -0.7968 -0.2314 -0.5582
vn -0.7892 -0.2387 -0.5659
vn -0.7909 -0.3029 -0.5317
vn -0.7650 -0.3305 -0.5528
vn -0.7601 -0.4108 -0.5035
vn -0.7593 -0.4119 -0.5038
vn -0.7522 -0.4977 -0.4319
vn -0.7663 -0.4756 -0.4319
vn 0.5692 0.8221 -0.0117
vn 0.5767 0.8168 -0.0172
vn 0.4562 0.8508 -0.2607
vn 0.4781 0.8357 -0.2703
vn 0.3025 0.7814 -0.5458
vn 0.1111 0.6166 -0.7794
vn 0.1244 0.6333 -0.7639
vn 0.2005 0.7160 -0.6687
vn 0.3404 0.7615 -0.5516
vn 0.3249 0.7657 -0.5552
vn 0.5726 0.8199 -0.0018
vn 0.5724 0.8200 -0.0017
vn 0.5559 0.8295 -0.0540
vn 0.5571 0.8287 -0.0544
vn 0.5376 0.8349 -0.1176
vn 0.5358 0.8362 -0.1168
vn 0.5149 0.8375 -0.1829
vn 0.5060 0.8438 -0.1790
vn 0.4829 0.8409 -0.2444
vn 0.3138 0.8016 -0.5088
vn 0.3356 0.7865 -0.5184
vn 0.4345 0.8329 -0.3427
vn 0.4356 0.8322 -0.3432
vn 0.5190 0.8392 -0.1624
vn 0.5115 0.8444 -0.1591
vn 0.5731 0.8195 -0.0073
vn 0.5709 0.8210 -0.0077
vn 0.5729 0.8197 -0.0035
vn -0.1329 0.4088 -0.9029
vn 0.0791 0.6389 -0.7652
vn 0.1135 0.6635 -0.7395
vn 0.2749 0.7759 -0.5678
vn -0.0139 0.5212 -0.8533
vn -0.0076 0.0415 -0.9991
vn 0.3038 0.4839 -0.8207
vn 0.4702 0.7739 -0.4242
vn 0.4098 0.8561 -0.3148
vn 0.2428 0.8456 -0.4754
vn 0.4489 0.8512 -0.2721
vn 0.5037 0.8190 -0.2746
vn 0.4867 0.8218 -0.2963
vn 0.3292 0.7769 -0.5367
vn 0.3384 0.7710 -0.5395
vn 0.4003 0.7131 -0.5756
vn 0.4657 0.5911 -0.6586
vn 0.3987 0.5883 -0.7035
vn 0.3671 0.6412 -0.6738
vn 0.4973 0.6416 -0.5840
vn 0.3482 0.6593 -0.6664
vn 0.1335 0.3553 -0.9252
vn 0.2763 0.4952 -0.8237
vn 0.1021 0.3698 -0.9235
vn 0.1560 0.3101 -0.9378
vn 0.1906 0.3112 -0.9310
vn 0.0311 0.1633 -0.9861
vn -0.3151 0.2200 -0.9232
vn 0.1723 0.6753 -0.7171
vn 0.1774 0.6677 -0.7230
vn 0.1943 0.6041 -0.7728
vn 0.2369 0.6071 -0.7585
vn 0.2685 0.5537 -0.7882
vn 0.0307 0.1478 -0.9885
vn -0.0265 0.1370 -0.9902
vn -0.0574 0.2012 -0.9779
vn -0.1022 0.1917 -0.9761
vn -0.1357 0.2584 -0.9565
vn -0.1781 0.2477 -0.9523
vn -0.2162 0.3188 -0.9228
vn 0.0441 0.4772 -0.8777
vn 0.2523 0.5233 -0.8140
vn 0.2784 0.5303 -0.8008
vn 0.3861 0.5404 -0.7476
vn 0.6568 0.7540 -0.0000
vn 0.7518 0.6593 -0.0109
vn 0.9941 0.1084 -0.0000
vn 0.9713 0.2377 -0.0109
vn 0.9394 0.3429 0.0001
vn 0.8164 0.5775 -0.0001
vn -0.9319 0.3626 -0.0000
vn -0.9367 0.3501 -0.0014
vn -0.9190 0.3942 0.0006
vn -0.9152 0.4029 -0.0002
vn -0.9143 0.4051 -0.0000
vn -0.9239 0.3826 -0.0000
vn -0.9227 0.3856 0.0003
vn -0.9468 0.3217 -0.0006
vn -0.9457 0.3250 -0.0002
vn -0.9708 0.2397 0.0001
vn -0.9776 0.2106 -0.0018
vn -0.9912 0.1324 0.0018
vn -0.9974 0.0725 -0.0016
vn -0.9996 0.0292 -0.0000
vn 0.4161 0.5943 -0.6882
vn 0.1050 0.1411 -0.9844
vn 0.1497 0.2341 -0.9606
vn 0.0566 0.0809 -0.9951
vn 0.3229 0.4925 -0.8082
vn 0.2993 0.4421 -0.8456
vn 0.2518 0.3627 -0.8972
vn 0.3090 0.4418 -0.8422
vn 0.3451 0.5478 -0.7621
vn 0.3347 0.5192 -0.7864
vn 0.5646 0.8064 -0.1758
vn 0.5503 0.8228 -0.1423
vn 0.5466 0.7694 -0.3304
vn 0.4713 0.6981 -0.5391
vn 0.4698 0.6891 -0.5518
vn 0.4362 0.6261 -0.6463
vn 0.1008 0.1440 -0.9844
vn 0.3092 0.4416 -0.8422
vn 0.4831 0.6899 -0.5391
vn 0.5647 0.8064 -0.1758
vn 0.1331 0.0145 -0.9910
vn 0.3161 0.7876 -0.5290
vn 0.6467 0.7424 -0.1748
vn 0.7768 0.6155 -0.1327
vn 0.8093 0.5724 -0.1320
vn 0.9311 0.3400 -0.1320
vn 0.9311 0.3399 -0.1320
vn 0.9854 0.1075 -0.1323
vn 0.9854 0.1075 -0.1324
vn 0.9005 0.0982 -0.4237
vn 0.7628 0.0832 -0.6412
vn 0.7184 -0.0301 -0.6950
vn 0.3051 0.0333 -0.9517
vn 0.4350 -0.0047 -0.9004
vn 0.4639 0.0506 -0.8845
vn 0.6419 0.0700 -0.7636
vn 0.1096 0.0775 -0.9909
vn 0.3501 0.2477 -0.9034
vn 0.5798 0.4101 -0.7040
vn 0.1261 0.0461 -0.9909
vn 0.4029 0.1471 -0.9034
vn 0.6671 0.2436 -0.7040
vn 0.6672 0.2436 -0.7040
vn 0.8513 0.3108 -0.4227
vn 0.7399 0.5233 -0.4227
vn 0.8037 0.4274 -0.4140
vn 0.3833 0.6085 -0.6949
vn 0.4620 0.3222 -0.8263
vn 0.2434 0.3605 -0.9004
vn 0.1577 0.1037 -0.9820
vn 0.0879 0.1009 -0.9910
vn -0.8403 0.0001 -0.5422
vn -0.8609 -0.0000 -0.5087
vn -0.8984 -0.0000 -0.4391
vn -0.9031 -0.0001 -0.4294
vn -0.9815 0.0004 -0.1916
vn -0.9392 0.0059 -0.3432
vn -0.9859 -0.0000 -0.1675
vn -0.7281 -0.0000 -0.6855
vn -0.7713 0.0003 -0.6364
vn -0.7948 0.0008 -0.6069
vn -0.7935 0.0008 -0.6086
vn -0.8091 0.0005 -0.5877
vn -0.1962 -0.0000 -0.9806
vn -0.1597 0.0014 -0.9872
vn -0.4433 -0.0007 -0.8963
vn -0.4097 -0.0000 -0.9122
vn -0.6106 -0.0000 -0.7919
vn -0.5763 0.0011 -0.8173
vn -0.6780 -0.0000 -0.7350
vn 0.6477 -0.7584 0.0724
vn 0.2573 -0.7469 0.6131
vn 0.4753 -0.6843 0.5530
vn 0.6004 -0.6071 0.5206
vn 0.5877 -0.6682 0.4562
vn -0.5399 -0.6204 0.5690
vn -0.3414 -0.7483 0.5688
vn -0.7422 -0.5296 0.4107
vn -0.5029 -0.6468 0.5733
vn -0.3603 -0.7271 0.5845
vn 0.1387 -0.7797 0.6106
vn -0.0923 -0.7406 0.6656
vn 0.1035 -0.7654 0.6351
vn -0.9703 -0.1980 0.1392
vn -0.9879 -0.0416 0.1491
vn -0.9818 -0.1216 0.1458
vn -0.9327 -0.2900 0.2143
vn -0.7777 -0.5070 0.3717
vn -0.9681 -0.2254 0.1094
vn -0.9698 -0.2187 0.1077
vn -0.7267 -0.6185 0.2990
vn -0.7405 -0.6032 0.2964
vn -0.3088 -0.8567 0.4132
vn -0.3396 -0.8439 0.4153
vn 0.1819 -0.8863 0.4259
vn 0.1381 -0.8881 0.4385
vn 0.6301 -0.7010 0.3340
vn 0.5848 -0.7263 0.3612
vn -0.9674 -0.2502 0.0396
vn -0.9680 -0.2476 0.0397
vn -0.7211 -0.6843 0.1078
vn -0.7262 -0.6788 0.1087
vn -0.2974 -0.9432 0.1483
vn -0.3085 -0.9392 0.1506
vn 0.1971 -0.9686 0.1518
vn 0.1816 -0.9709 0.1561
vn 0.7211 -0.6848 0.1054
vn 0.6330 -0.7495 0.1938
vn -0.1633 -0.9816 0.0986
vn -0.4484 -0.8929 0.0408
vn -0.1955 -0.8479 0.4928
vn -0.0473 -0.7425 0.6682
vn 0.3554 -0.3221 0.8775
vn 0.2605 -0.4396 0.8596
vn -0.0864 -0.7403 0.6667
vn -0.6255 -0.6856 -0.3724
vn -0.6834 -0.6038 -0.4103
vn -0.6720 -0.6216 -0.4025
vn -0.6299 -0.6888 -0.3588
vn -0.6537 -0.7137 -0.2517
vn -0.3610 -0.9305 -0.0614
vn 0.5836 -0.6538 0.4816
vn 0.5326 -0.6888 0.4918
vn -0.6989 -0.6705 -0.2490
vn -0.6609 -0.6834 -0.3101
vn -0.6634 -0.6802 -0.3118
vn -0.6271 -0.6920 -0.3575
vn -0.6154 -0.7137 -0.3344
vn -0.6215 -0.6870 -0.3765
vn -0.4133 -0.9081 -0.0673
vn -0.4068 -0.9102 -0.0775
vn -0.4061 -0.9106 -0.0771
vn -0.3960 -0.9139 -0.0898
vn -0.3997 -0.9120 -0.0926
vn -0.4288 -0.9012 -0.0626
vn -0.4474 -0.8907 -0.0800
vn -0.5105 -0.8595 -0.0243
vn -0.4718 -0.8807 -0.0425
vn -0.4777 -0.8777 0.0376
vn -0.4691 -0.8826 0.0302
vn -0.2091 -0.8391 0.5021
vn -0.3050 -0.9117 0.2752
vn -0.2331 -0.9189 0.3182
vn -0.2066 -0.9326 0.2959
vn -0.2057 -0.9327 0.2961
vn -0.1573 -0.9544 0.2538
vn -0.1535 -0.9543 0.2566
vn -0.0945 -0.9759 0.1964
vn -0.0968 -0.9760 0.1950
vn -0.0778 -0.9822 0.1711
vn -0.0833 -0.9822 0.1683
vn -0.0736 -0.9855 0.1527
vn 0.0392 -0.9862 0.1607
vn -0.0072 -0.7468 0.6650
vn 0.0451 -0.7785 0.6261
vn 0.0435 -0.7792 0.6252
vn 0.0987 -0.8087 0.5799
vn 0.0978 -0.8088 0.5799
vn 0.1542 -0.8343 0.5294
vn 0.1507 -0.8361 0.5275
vn 0.2273 -0.8638 0.4497
vn 0.2190 -0.8680 0.4456
vn 0.2639 -0.8825 0.3893
vn 0.2541 -0.8871 0.3854
vn 0.2888 -0.8987 0.3301
vn 0.2331 -0.9166 0.3250
vn 0.5593 -0.6456 0.5199
vn 0.6001 -0.5726 0.5585
vn 0.5408 -0.6240 0.5641
vn 0.4963 -0.6091 0.6186
vn 0.5079 -0.5963 0.6217
vn 0.4276 -0.5677 0.7034
vn 0.4367 -0.5579 0.7057
vn 0.3830 -0.5328 0.7546
vn 0.3854 -0.5317 0.7541
vn 0.3331 -0.5046 0.7965
vn 0.3374 -0.5006 0.7972
vn 0.2652 -0.4552 0.8500
vn 0.1388 -0.5424 0.8286
vn -0.2811 -0.2400 -0.9292
vn -0.6918 -0.5117 -0.5095
vn -0.5341 -0.4095 -0.7396
vn -0.5661 -0.4199 -0.7094
vn -0.5884 -0.4230 -0.6891
vn -0.6032 -0.4214 -0.6771
vn -0.6356 -0.4154 -0.6507
vn -0.4575 -0.3091 -0.8337
vn -0.3781 -0.2883 -0.8797
vn -0.4055 -0.2654 -0.8747
vn -0.3136 -0.2611 -0.9129
vn -0.3657 -0.2840 -0.8863
vn -0.3968 -0.2698 -0.8774
vn -0.0446 -0.0381 -0.9983
vn -0.1562 -0.0916 -0.9835
vn -0.2532 -0.1067 -0.9615
vn -0.2889 -0.1046 -0.9516
vn -0.6723 -0.3818 -0.6342
vn -0.6036 -0.4600 -0.6513
vn -0.6303 -0.4231 -0.6510
vn -0.5703 -0.4335 -0.6977
vn -0.6104 -0.4039 -0.6813
vn -0.6364 -0.3622 -0.6811
vn -0.6347 -0.3544 -0.6868
vn -0.6659 -0.2916 -0.6867
vn -0.6629 -0.2842 -0.6927
vn -0.6895 -0.2117 -0.6927
vn -0.6859 -0.2054 -0.6981
vn -0.5072 -0.1546 -0.8478
vn -0.3840 -0.3118 -0.8691
vn -0.4011 -0.2888 -0.8693
vn -0.3916 -0.2656 -0.8810
vn -0.4112 -0.2343 -0.8809
vn -0.4095 -0.2290 -0.8831
vn -0.4298 -0.1884 -0.8830
vn -0.4272 -0.1834 -0.8854
vn -0.4351 -0.1624 -0.8856
vn -0.3722 -0.1121 -0.9213
vn -0.1450 -0.1132 -0.9829
vn -0.1409 -0.1183 -0.9829
vn -0.1352 -0.1055 -0.9852
vn -0.1380 -0.1017 -0.9852
vn -0.1345 -0.0933 -0.9865
vn -0.1419 -0.0814 -0.9865
vn -0.1413 -0.0795 -0.9868
vn -0.1483 -0.0655 -0.9868
vn -0.1473 -0.0637 -0.9870
vn -0.1533 -0.0476 -0.9870
vn -0.1522 -0.0461 -0.9873
vn -0.6990 -0.1533 -0.6985
vn -0.6623 -0.0010 -0.7492
vn -0.5180 -0.1108 -0.8482
vn -0.2309 -0.0497 -0.9717
vn -0.2004 0.1698 -0.9649
vn -0.3794 -0.0825 -0.9215
vn -0.2323 -0.0387 -0.9719
vn -0.2326 -0.0408 -0.9717
vn -0.6455 -0.1054 -0.7564
vn -0.6463 -0.1114 -0.7549
vn -0.8385 -0.0653 -0.5410
vn -0.8079 -0.0546 -0.5868
vn -0.8572 -0.0928 -0.5065
vn -0.7694 -0.0701 -0.6349
vn -0.1384 -0.4987 -0.8556
vn -0.5167 -0.4429 -0.7327
vn -0.4095 0.0289 -0.9118
vn -0.6305 -0.1893 -0.7528
vn -0.6616 -0.2190 -0.7172
vn -0.7223 -0.1260 -0.6800
vn -0.7920 -0.0610 -0.6074
vn -0.8901 -0.1692 -0.4232
vn -0.9853 0.0348 -0.1674
vn -0.9385 -0.0411 -0.3429
vn -0.8880 -0.1346 -0.4396
vn -0.8896 -0.1743 -0.4222
vn -0.8902 -0.1748 -0.4208
vn -0.9875 -0.0599 -0.1456
vn -0.9876 -0.0601 -0.1451
vn -0.8887 -0.1170 -0.4434
vn -0.8896 -0.1183 -0.4411
vn -0.9874 -0.0401 -0.1530
vn -0.9875 -0.0406 -0.1522
vn -1.0000 -0.0019 -0.0014
vn -0.9979 -0.0520 -0.0396
vn -0.9822 -0.1098 -0.1522
vn -0.8482 -0.3505 -0.3970
vn -0.8982 -0.3292 -0.2912
vn -0.9473 -0.2833 -0.1496
vn -0.9836 -0.0753 -0.1641
vn -0.9872 -0.1213 -0.1032
vn -0.9874 -0.1212 -0.1015
vn -0.9875 -0.1090 -0.1141
vn -0.9876 -0.1092 -0.1132
vn -0.9875 -0.0964 -0.1245
vn -0.9876 -0.0965 -0.1240
vn -0.9876 -0.0789 -0.1358
vn -0.9876 -0.0789 -0.1359
vn -0.8874 -0.3796 -0.2616
vn -0.8871 -0.3508 -0.3001
vn -0.8889 -0.3504 -0.2951
vn -0.8892 -0.3154 -0.3314
vn -0.8899 -0.3162 -0.3289
vn -0.8896 -0.2793 -0.3614
vn -0.8902 -0.2795 -0.3598
vn -0.8902 -0.2288 -0.3940
vn -0.8901 -0.2288 -0.3941
vn -0.9778 -0.1243 0.1685
vn -0.9640 -0.2416 0.1114
vn -1.0000 -0.0030 0.0013
vn -0.9977 -0.0618 -0.0283
vn -0.9914 -0.1032 0.0808
vn -0.9792 -0.2003 0.0333
vn -0.9646 -0.2408 0.1076
vn -0.9255 -0.3767 0.0384
vn -0.8529 -0.4611 0.2447
vn -0.8088 -0.5564 0.1901
vn -0.7747 -0.6050 0.1839
vn -0.4958 -0.7910 0.3586
vn -0.5807 -0.6805 0.4469
vn -0.6451 -0.6104 0.4596
vn -0.6214 -0.6527 0.4333
vn -0.7689 -0.4739 0.4292
vn -0.8529 -0.5050 0.1328
vn -0.9240 -0.2920 0.2469
vn -0.8292 -0.5447 -0.1256
vn -0.9975 -0.0712 -0.0030
vn -0.9853 -0.1640 -0.0487
vn -0.9837 -0.1772 -0.0308
vn -0.9453 -0.3112 -0.0980
vn -0.9362 -0.3491 -0.0407
vn -0.8898 -0.4455 -0.0990
vn -0.8803 -0.4635 -0.1014
vn -0.8298 -0.5376 -0.1499
vn -0.7578 -0.6482 0.0748
vn -0.6881 -0.6863 0.2357
vn -0.7207 -0.6808 0.1308
vn -0.5382 -0.7363 0.4101
vn -0.4459 -0.7111 0.5437
vn -0.4250 -0.7219 0.5461
vn -0.1466 -0.7871 0.5991
vn 0.1553 -0.8797 0.4494
vn -0.2288 -0.9499 0.2131
vn -0.4223 -0.8575 0.2939
vn -0.6648 -0.7467 -0.0226
vn -0.7554 -0.6225 -0.2045
vn 0.1058 -0.7630 0.6376
vn -0.1118 -0.8184 0.5636
vn -0.7338 -0.6513 -0.1933
vn -0.7061 -0.6710 -0.2262
vn -0.6731 -0.7068 -0.2177
vn -0.4377 -0.8959 0.0765
vn -0.4577 -0.8883 0.0371
vn -0.5367 -0.8334 0.1318
vn -0.5460 -0.8329 0.0907
vn -0.0783 -0.9301 0.3590
vn -0.1292 -0.9481 0.2906
vn -0.2362 -0.8752 0.4222
vn -0.2581 -0.8877 0.3812
vn 0.4076 -0.6303 0.6608
vn 0.2913 -0.8847 0.3641
vn 0.1863 -0.8221 0.5381
vn -0.8579 0.5138 -0.0000
vn -0.9202 0.3211 0.2239
vn -0.9127 0.4086 -0.0000
vn -0.8426 0.5386 0.0011
vn -0.8581 0.5134 0.0007
vn -0.0590 0.9983 0.0029
vn -0.2047 0.9788 -0.0000
vn -0.2204 0.9754 0.0004
vn -0.3682 0.9297 -0.0000
vn -0.5800 0.8146 -0.0001
vn -0.5250 0.8511 0.0011
vn -0.7288 0.6847 -0.0003
vn 0.7048 0.7094 -0.0000
vn 0.6608 0.7505 -0.0064
vn 0.8422 0.5392 0.0041
vn 0.9392 0.3433 -0.0000
vn 0.9939 0.1104 -0.0000
vn 0.9999 0.0050 0.0103
vn 0.9996 0.0280 0.0082
vn 0.9979 0.0638 0.0054
vn 0.9964 0.0850 0.0041
vn 0.9953 0.0969 0.0034
vn 0.9938 0.1113 0.0026
vn 0.9546 0.2977 -0.0064
vn 0.9357 0.3527 -0.0010
vn 0.8153 0.5790 0.0008
vn 0.8202 0.5721 -0.0000
vn 0.9742 0.2256 -0.0000
vn 0.9653 0.2599 0.0239
vn 0.9532 0.2962 0.0607
vn 0.9027 0.4261 0.0590
vn 0.8710 0.4830 0.0897
vn 0.8909 0.4519 0.0465
vn 0.9504 0.3031 0.0695
vn 0.9551 0.2917 0.0526
vn 0.9528 0.3025 -0.0235
vn 0.9994 0.0339 -0.0000
vn 0.9480 0.1806 -0.2620
vn 0.8847 0.1914 -0.4250
vn 0.9398 0.3173 -0.1268
vn 0.9104 0.4065 0.0772
vn 0.8953 0.4454 -0.0000
vn 0.8725 0.4886 -0.0000
vn 0.8503 0.5255 -0.0292
vn 0.8312 0.5479 -0.0941
vn 0.8070 0.5905 0.0129
vn 0.7576 0.6526 -0.0113
vn 0.6876 0.7086 0.1586
vn 0.6334 0.7576 -0.1579
vn 0.5659 0.8242 0.0211
vn 0.5129 0.8583 -0.0149
vn 0.5033 0.8636 -0.0296
vn 0.4042 0.9098 0.0942
vn 0.3478 0.9249 -0.1534
vn 0.2612 0.9651 0.0209
vn 0.1466 0.9882 -0.0449
vn 0.1861 0.9752 0.1195
vn 0.1100 0.9939 -0.0000
vn -0.3317 0.9434 -0.0000
vn -0.3729 0.9057 -0.2017
vn -0.1983 0.9453 0.2591
vn -0.2370 0.9619 0.1365
vn -0.1450 0.9892 -0.0204
vn -0.0729 0.9971 0.0195
vn -0.0072 0.9966 -0.0815
vn -0.0124 0.9955 -0.0937
vn 0.0392 0.9992 -0.0000
vn -0.0000 -0.1797 0.9837
vn -0.0000 -0.5159 0.8566
vn 0.0501 -0.5153 0.8556
vn 0.1484 -0.4960 0.8556
vn 0.0175 -0.1797 0.9836
vn 0.0517 -0.1729 0.9836
vn -0.4110 -0.5210 0.7481
vn -0.4145 -0.5206 0.7464
vn -0.4105 -0.1821 0.8935
vn -0.4200 -0.1814 0.8892
vn -0.3512 -0.5289 0.7726
vn -0.3530 -0.5293 0.7715
vn -0.3751 -0.1848 0.9084
vn -0.3797 -0.1869 0.9060
vn -0.2678 -0.5314 0.8037
vn -0.2666 -0.5300 0.8050
vn -0.3081 -0.1856 0.9331
vn -0.3078 -0.1853 0.9332
vn -0.1954 -0.5307 0.8247
vn -0.1960 -0.5314 0.8241
vn -0.2278 -0.1855 0.9559
vn -0.2279 -0.1857 0.9558
vn -0.0475 -0.5772 0.8152
vn -0.0772 -0.2517 0.9647
vn -0.0531 -0.4210 0.9055
vn -0.0465 -0.0787 0.9958
vn -0.0731 -0.0123 0.9972
vn 0.1896 -0.5039 0.8427
vn -0.0662 -0.5246 0.8487
vn -0.0704 -0.5264 0.8473
vn -0.1168 -0.5269 0.8419
vn -0.1194 -0.5302 0.8394
vn 0.1711 -0.1730 0.9699
vn -0.0861 -0.1832 0.9793
vn -0.0868 -0.1836 0.9792
vn -0.1418 -0.1844 0.9726
vn -0.1423 -0.1850 0.9724
vn -0.0514 -0.0117 0.9986
vn -0.0224 -0.5182 0.8549
vn -0.1378 -0.5770 0.8050
vn -0.0373 -0.4206 0.9065
vn -0.0372 -0.1807 0.9828
vn -0.1602 -0.2528 0.9542
vn -0.0567 -0.0790 0.9953
vn -0.0075 -0.5159 0.8566
vn -0.0108 -0.5180 0.8553
vn -0.0145 -0.1797 0.9836
vn -0.0153 -0.1802 0.9835
vn -0.0615 -0.0191 0.9979
vn -0.0287 -0.0526 0.9982
vn -0.0446 -0.0353 0.9984
vn -0.0676 -0.0121 0.9976
vn -0.1010 -0.0457 0.9938
vn -0.0947 -0.0517 0.9942
vn -0.0238 -0.0572 0.9981
vn -0.0569 -0.0904 0.9943
vn -0.0244 -0.1250 0.9919
vn -0.0822 -0.1786 0.9805
vn -0.0479 -0.2199 0.9743
vn -0.1453 -0.0505 0.9881
vn -0.1766 -0.0796 0.9811
vn -0.1926 -0.0572 0.9796
vn -0.2592 -0.1157 0.9589
vn -0.2760 -0.0883 0.9571
vn -0.0971 -0.2632 0.9599
vn -0.1571 -0.2262 0.9613
vn -0.0971 -0.3268 0.9401
vn -0.8232 -0.4007 0.4022
vn -0.6239 -0.5531 0.5522
vn -0.6773 -0.1499 0.7203
vn -0.8215 0.1038 0.5607
vn -0.8647 -0.0912 0.4939
vn -0.9739 -0.1125 0.1971
vn -0.5157 -0.5239 0.6779
vn -0.4785 -0.5384 0.6937
vn -0.4095 -0.5344 0.7394
vn -0.7159 -0.5560 0.4223
vn -0.6615 -0.5282 0.5323
vn -0.6029 -0.4256 0.6748
vn -0.9734 -0.0714 0.2176
vn -0.9004 -0.3216 0.2928
vn -0.8726 -0.3482 0.3426
vn -0.3519 -0.5244 0.7753
vn -0.3621 -0.5306 0.7664
vn -0.4792 -0.1859 0.8578
vn -0.8335 -0.3694 0.4109
vn -0.7833 -0.3100 0.5388
vn -0.6484 -0.2438 0.7212
vn -0.4443 -0.2041 0.8723
vn -0.5161 0.3044 0.8006
vn -0.8699 -0.0053 0.4933
vn -0.9183 -0.1416 0.3696
vn -0.9249 -0.1185 0.3612
vn -0.9515 -0.0399 0.3051
vn -0.8925 -0.0364 0.4496
vn -0.8726 -0.0099 0.4883
vn -0.9692 -0.2137 0.1226
vn -0.9423 -0.2563 0.2153
vn -0.9228 -0.2619 0.2825
vn -0.9001 -0.2616 0.3485
vn -0.9024 -0.2121 0.3750
vn -0.9088 -0.1770 0.3779
vn -0.8433 -0.4779 0.2459
vn -0.9443 -0.0438 0.3262
vn -0.8946 -0.1084 0.4335
vn -0.8566 -0.1294 0.4994
vn -0.8544 -0.1313 0.5027
vn -0.8049 -0.1311 0.5788
vn -0.7763 -0.1489 0.6125
vn -0.7215 -0.1455 0.6769
vn -0.7058 -0.1526 0.6918
vn -0.6538 -0.1613 0.7392
vn -0.6318 -0.1694 0.7564
vn -0.5772 -0.1631 0.8001
vn -0.5133 -0.1804 0.8390
vn -0.4643 -0.1728 0.8687
vn -0.9832 -0.1760 0.0482
vn -0.8836 -0.3509 0.3101
vn -0.8759 -0.3563 0.3254
vn -0.8383 -0.3894 0.3815
vn -0.8248 -0.3905 0.4090
vn -0.7587 -0.4322 0.4874
vn -0.7428 -0.4322 0.5114
vn -0.6902 -0.4568 0.5612
vn -0.6732 -0.4605 0.5786
vn -0.6145 -0.4820 0.6245
vn -0.5975 -0.4809 0.6417
vn -0.4979 -0.5083 0.7026
vn -0.4822 -0.5065 0.7148
vn -0.1295 -0.3548 0.9259
vn -0.5598 -0.1513 0.8147
vn -0.5932 -0.0393 0.8041
vn -0.6771 -0.1889 0.7112
vn -0.7403 -0.0286 0.6716
vn -0.8104 -0.2176 0.5439
vn -0.8717 -0.0399 0.4884
vn -0.9095 -0.2490 0.3328
vn -0.9591 -0.0618 0.2762
vn -0.3868 -0.1849 0.9034
vn -0.4359 0.0115 0.8999
vn -0.3023 -0.2244 0.9264
vn -0.3593 -0.3009 0.8834
vn -0.3858 -0.2455 0.8893
vn -0.4433 -0.3460 0.8269
vn -0.4983 -0.2662 0.8251
vn -0.5480 -0.3977 0.7359
vn -0.6144 -0.3080 0.7264
vn -0.6431 -0.4611 0.6114
vn -0.7141 -0.3660 0.5967
vn -0.1051 -0.3923 0.9138
vn -0.1359 -0.4335 0.8908
vn -0.1404 -0.4267 0.8934
vn -0.1696 -0.4769 0.8624
vn -0.1836 -0.4633 0.8670
vn -0.2096 -0.5309 0.8211
vn -0.2335 -0.5115 0.8269
vn -0.2497 -0.5946 0.7643
vn -0.2827 -0.5713 0.7705
vn -0.0000 -0.0674 0.9977
vn -0.0048 -0.1825 0.9832
vn 0.0023 -0.2799 0.9600
vn -0.0029 -0.5184 0.8552
vn -0.0000 -0.5460 0.8378
vn -0.0051 -0.1828 0.9831
vn 0.2724 -0.0038 0.9622
vn 0.1728 -0.0713 0.9824
vn -0.0104 -0.2522 0.9676
vn -0.0098 -0.4113 0.9115
vn 0.0425 -0.5221 0.8518
vn -0.0075 -0.5585 0.8295
vn -0.0188 -0.6621 0.7492
vn -0.0075 -0.5203 0.8540
vn -0.0042 -0.5183 0.8552
vn -0.0022 -0.1829 0.9831
vn -0.0017 -0.1825 0.9832
vn -0.0555 -0.4101 0.9104
vn -0.0130 -0.2522 0.9676
vn -0.0429 -0.6615 0.7487
vn -0.0991 -0.5551 0.8259
vn -0.4648 -0.4167 0.7812
vn -0.0840 -0.5196 0.8503
vn -0.0677 -0.4972 0.8650
vn -0.1164 -0.5318 0.8389
vn -0.1383 -0.5600 0.8168
vn -0.1637 -0.1868 0.9687
vn -0.1623 -0.1862 0.9690
vn -0.0969 -0.1864 0.9777
vn -0.0948 -0.1829 0.9785
vn -0.6484 -0.1374 0.7488
vn -0.0412 -0.0672 0.9969
vn -0.2321 -0.1866 0.9546
vn -0.1810 -0.1866 0.9656
vn -0.2275 -0.1921 0.9546
vn -0.1968 -0.5311 0.8241
vn -0.1956 -0.5294 0.8255
vn -0.2681 -0.5303 0.8043
vn -0.2717 -0.5347 0.8001
vn -0.3166 -0.1857 0.9302
vn -0.3177 -0.1869 0.9296
vn 1.0000 -0.0009 0.0020
vn 0.9990 -0.0219 0.0398
vn 0.9989 -0.0118 0.0454
vn 0.9936 -0.0455 0.1036
vn 0.9939 -0.0371 0.1043
vn 0.9783 -0.0862 0.1883
vn 0.9789 -0.0662 0.1934
vn 0.9402 -0.1372 0.3117
vn 0.9430 -0.1146 0.3125
vn 0.9043 -0.1655 0.3934
vn 0.9110 -0.1516 0.3836
vn 0.8620 -0.2038 0.4642
vn 0.8697 -0.1783 0.4604
vn 0.7839 -0.2531 0.5670
vn 0.7964 -0.2254 0.5613
vn 0.7246 -0.2792 0.6301
vn 0.7435 -0.2608 0.6158
vn 0.6620 -0.3146 0.6803
vn 0.6816 -0.2850 0.6740
vn 0.5535 -0.3607 0.7507
vn 0.5787 -0.3300 0.7458
vn 0.4718 -0.3877 0.7919
vn 0.5044 -0.3649 0.7826
vn 0.3894 -0.4211 0.8192
vn 0.4218 -0.3899 0.8186
vn 0.2625 -0.4627 0.8467
vn 0.2990 -0.4316 0.8511
vn 1.0000 0.0006 0.0037
vn 0.9991 -0.0193 0.0378
vn 0.9980 0.0064 0.0635
vn 0.9928 -0.0247 0.1172
vn 0.9922 -0.0028 0.1249
vn 0.9767 -0.0516 0.2084
vn 0.9715 -0.0003 0.2371
vn 0.9319 -0.0715 0.3557
vn 0.9292 -0.0119 0.3695
vn 0.8837 -0.0703 0.4628
vn 0.8993 -0.0313 0.4363
vn 0.8377 -0.0972 0.5375
vn 0.8455 -0.0280 0.5332
vn 0.7431 -0.1163 0.6590
vn 0.7630 -0.0404 0.6451
vn 0.6626 -0.1137 0.7403
vn 0.7144 -0.0606 0.6971
vn 0.5948 -0.1397 0.7916
vn 0.6352 -0.0573 0.7702
vn 0.4635 -0.1575 0.8720
vn 0.5210 -0.0708 0.8506
vn 0.3565 -0.1569 0.9210
vn 0.4482 -0.0906 0.8893
vn 0.2655 -0.1799 0.9472
vn 0.3471 -0.0908 0.9334
vn 0.1140 -0.1953 0.9741
vn 0.2105 -0.1058 0.9719
vn 0.7276 -0.2994 0.6172
vn 0.7601 0.0145 0.6496
vn 0.3930 -0.0953 0.9146
vn 0.6416 -0.1423 0.7537
vn 0.6350 -0.1279 0.7618
vn 0.7304 -0.1483 0.6667
vn 0.8257 -0.0562 0.5612
vn 0.8193 -0.1800 0.5443
vn 0.9083 -0.0360 0.4167
vn 0.9581 -0.1118 0.2638
vn 0.9379 -0.1042 0.3310
vn 0.9744 -0.0250 0.2235
vn 0.9781 0.0966 0.1842
vn 0.9664 0.1973 0.1648
vn 0.9480 0.2744 0.1612
vn 0.7883 -0.1850 0.5868
vn 0.7733 -0.1873 0.6057
vn 0.8358 -0.1358 0.5320
vn 0.8591 -0.1771 0.4802
vn 0.9053 -0.1791 0.3852
vn 0.2869 -0.5287 0.7989
vn 0.4156 -0.5113 0.7523
vn 0.4992 -0.3616 0.7874
vn 0.4662 -0.3675 0.8047
vn 0.5452 -0.3402 0.7662
vn 0.5496 -0.3441 0.7613
vn 0.6697 -0.3630 0.6478
vn 0.5230 -0.1026 0.8462
vn 0.3974 -0.1038 0.9118
vn 0.3401 -0.3098 0.8879
vn 0.2620 -0.5130 0.8174
vn 0.1632 -0.5456 0.8220
vn 0.1433 -0.0559 0.9881
vn 0.1370 -0.0668 0.9883
vn 0.1172 -0.2779 0.9534
vn 0.1172 -0.2780 0.9534
vn 0.0836 -0.5323 0.8424
vn 0.0530 -0.5452 0.8366
vn -0.9162 0.0553 0.3969
vn -0.9102 -0.2893 0.2964
vn -0.7047 -0.6917 0.1581
vn -0.4843 -0.8694 0.0984
vn -0.6525 -0.0275 0.7573
vn -0.7143 -0.2369 0.6586
vn -0.7095 -0.3589 0.6065
vn -0.8068 -0.1077 0.5809
vn -0.8626 0.0505 0.5034
vn -0.1717 0.0043 0.9851
vn -0.2794 -0.1155 0.9532
vn -0.3537 -0.2829 0.8916
vn -0.4339 -0.0342 0.9003
vn -0.5768 0.0425 0.8158
vn -0.3520 0.0246 0.9357
vn -0.3498 0.0165 0.9367
vn -0.7455 0.0590 0.6639
vn -0.7447 0.0532 0.6653
vn -0.9676 0.0801 0.2395
vn -0.9676 0.0774 0.2403
vn -0.3573 0.0460 0.9329
vn -0.3516 0.0284 0.9357
vn -0.7439 0.1096 0.6593
vn -0.7418 0.0934 0.6641
vn -0.9605 0.1472 0.2361
vn -0.9612 0.1357 0.2400
vn 0.2586 -0.0398 0.9652
vn 0.6061 -0.0933 0.7899
vn 0.6744 -0.2127 0.7071
vn 0.7875 -0.1212 0.6043
vn 0.8885 -0.1367 0.4381
vn 0.9425 -0.2123 0.2580
vn 0.9698 -0.1493 0.1929
vn 0.2347 -0.1157 0.9652
vn 0.6379 -0.3146 0.7030
vn 0.8670 -0.4275 0.2560
vn 0.8670 -0.4276 0.2560
vn 0.9334 0.2814 0.2227
vn 0.6155 0.5095 0.6013
vn 0.9891 -0.0776 0.1255
vn 0.9830 -0.1493 0.1068
vn 0.9313 0.1007 0.3500
vn 0.8971 0.2083 0.3897
vn 0.9356 0.2881 0.2039
vn 0.6349 0.4035 0.6589
vn 0.8209 0.4095 0.3980
vn 0.8204 0.4027 0.4058
vn 0.9970 0.0312 0.0709
vn 0.9984 -0.0116 0.0555
vn 0.9751 0.1155 0.1892
vn 0.9488 0.2023 0.2428
vn 0.9037 0.2589 0.3411
vn 0.8202 0.3854 0.4228
vn -0.3126 -0.9362 0.1604
vn -0.1369 -0.9786 0.1537
vn -0.4155 -0.8789 0.2342
vn 0.0208 -0.9740 0.2254
vn 0.1446 -0.7107 -0.6885
vn -0.0266 -0.9856 0.1669
vn 0.5299 -0.8477 0.0247
vn 0.7142 -0.6775 0.1757
vn -0.7191 -0.6824 -0.1314
vn -0.5175 -0.8542 0.0500
vn -0.4551 -0.8810 0.1293
vn -0.9710 -0.2389 -0.0019
vn -0.8775 -0.4727 0.0811
vn -0.7732 -0.6126 0.1640
vn -0.7399 -0.6692 0.0686
vn -0.4138 -0.8806 0.2310
vn 0.3169 -0.9171 0.2418
vn 0.3718 -0.9275 0.0396
vn 0.1988 -0.9711 0.1319
vn -0.0537 -0.9799 0.1919
vn -0.0191 -0.0620 0.9979
vn -0.0020 -0.3534 0.9355
vn -0.0126 -0.4244 0.9054
vn -0.0625 -0.4764 0.8770
vn 0.0471 -0.4567 0.8884
vn 0.0165 -0.4769 0.8788
vn -0.0229 -0.3822 0.9238
vn -0.0128 -0.3668 0.9302
vn 0.0089 -0.2740 0.9617
vn -0.0437 -0.2791 0.9593
vn 0.0085 -0.1954 0.9807
vn -0.0382 -0.1121 0.9930
vn -0.0096 -0.0508 0.9987
vn -0.0097 -0.0481 0.9988
vn -0.0090 -0.0485 0.9988
vn -0.0099 -0.0482 0.9988
vn -0.0129 -0.0488 0.9987
vn -0.0130 -0.0488 0.9987
vn -0.0098 -0.0483 0.9988
vn -0.0097 -0.0486 0.9988
vn -0.0097 -0.0504 0.9987
vn -0.0082 -0.0509 0.9987
vn -0.0090 -0.0508 0.9987
vn -0.0120 -0.0490 0.9987
vn -0.0123 -0.0486 0.9987
vn -0.0101 -0.0501 0.9987
vn -0.0098 -0.0485 0.9988
vn -0.0104 -0.0484 0.9988
vn 0.0071 -0.1068 0.9943
vn -0.0284 -0.0516 0.9983
vn -0.0187 -0.0624 0.9979
vn -0.0104 -0.0525 0.9986
vn -0.0096 -0.0511 0.9987
vn -0.0011 -0.4974 0.8675
vn -0.0162 -0.5278 0.8492
vn -0.0177 -0.5768 0.8167
vn -0.0093 -0.5705 0.8213
vn -0.0358 -0.6211 0.7829
vn -0.0284 -0.6133 0.7893
vn -0.0374 -0.6758 0.7362
vn -0.0407 -0.6773 0.7346
vn -0.0666 -0.7595 0.6471
vn -0.0614 -0.7585 0.6488
vn -0.0905 -0.8071 0.5835
vn -0.1234 -0.8307 0.5429
vn -0.0667 -0.8597 0.5064
vn -0.2251 -0.8802 0.4178
vn 0.1361 -0.9403 0.3120
vn 0.7424 -0.6386 0.2028
vn 0.5114 -0.6288 0.5857
vn 0.1766 -0.4952 0.8506
vn 0.7161 -0.5903 0.3724
vn 0.7406 -0.5493 0.3870
vn 0.4942 -0.5229 0.6945
vn 0.5527 -0.4176 0.7212
vn 0.2641 -0.3368 0.9038
vn 0.2993 -0.2728 0.9143
vn 0.0737 -0.1589 0.9845
vn 0.0899 -0.1617 0.9827
vn 0.1150 -0.1133 0.9869
vn 0.0403 -0.0887 0.9952
vn 0.0444 -0.0791 0.9959
vn 0.0440 -0.0719 0.9964
vn 0.0460 -0.0665 0.9967
vn 0.0169 -0.0618 0.9979
vn 0.0178 -0.0563 0.9983
vn 0.0158 -0.0518 0.9985
vn 0.0162 -0.0501 0.9986
vn 0.0077 -0.0496 0.9987
vn 0.0072 -0.0451 0.9990
vn 0.0031 -0.0450 0.9990
vn 0.0016 -0.0420 0.9991
vn 0.0003 -0.0422 0.9991
vn -0.0019 -0.0395 0.9992
vn -0.0040 -0.0398 0.9992
vn -0.0062 -0.0378 0.9993
vn -0.0049 -0.0370 0.9993
vn -0.0108 -0.0357 0.9993
vn -0.0082 -0.0334 0.9994
vn -0.0157 -0.0343 0.9993
vn -0.0115 -0.0300 0.9995
vn -0.0209 -0.0332 0.9992
vn -0.0171 -0.0244 0.9996
vn -0.0264 -0.0296 0.9992
vn -0.0231 -0.0207 0.9995
vn -0.0324 -0.0268 0.9991
vn -0.0295 -0.0165 0.9994
vn -0.0387 -0.0237 0.9990
vn -0.0371 -0.0113 0.9992
vn -0.0466 -0.0192 0.9987
vn -0.0465 -0.0047 0.9989
vn 0.4721 -0.5622 0.6790
vn 0.4964 -0.5230 0.6929
vn 0.3011 -0.4411 0.8455
vn 0.3489 -0.3552 0.8672
vn 0.1503 -0.2696 0.9512
vn 0.1900 -0.1962 0.9620
vn 0.0456 -0.1310 0.9903
vn 0.0644 -0.0947 0.9934
vn 0.0197 -0.0750 0.9970
vn 0.0223 -0.0690 0.9974
vn 0.0223 -0.0646 0.9977
vn 0.0234 -0.0619 0.9978
vn 0.0064 -0.0565 0.9984
vn 0.0065 -0.0540 0.9985
vn 0.0057 -0.0508 0.9987
vn 0.0055 -0.0504 0.9987
vn 0.0002 -0.0489 0.9988
vn 0.0005 -0.0469 0.9989
vn -0.0022 -0.0463 0.9989
vn -0.0026 -0.0447 0.9990
vn -0.0050 -0.0445 0.9990
vn -0.0049 -0.0430 0.9991
vn -0.0061 -0.0429 0.9991
vn -0.0076 -0.0415 0.9991
vn -0.0102 -0.0408 0.9991
vn -0.0089 -0.0392 0.9992
vn -0.0131 -0.0397 0.9991
vn -0.0116 -0.0372 0.9992
vn -0.0166 -0.0390 0.9991
vn -0.0146 -0.0341 0.9993
vn -0.0200 -0.0371 0.9991
vn -0.0183 -0.0321 0.9993
vn -0.0235 -0.0355 0.9991
vn -0.0222 -0.0300 0.9993
vn -0.0273 -0.0339 0.9991
vn -0.0268 -0.0270 0.9993
vn -0.0320 -0.0315 0.9990
vn -0.0324 -0.0237 0.9992
vn 0.1541 -0.4490 0.8801
vn 0.1811 -0.4066 0.8955
vn 0.0818 -0.3399 0.9369
vn 0.1259 -0.2610 0.9571
vn 0.0288 -0.2050 0.9783
vn 0.0647 -0.1388 0.9882
vn -0.0003 -0.1031 0.9947
vn 0.0150 -0.0734 0.9972
vn -0.0017 -0.0640 0.9979
vn 0.0004 -0.0586 0.9983
vn 0.0004 -0.0568 0.9984
vn 0.0011 -0.0555 0.9985
vn -0.0049 -0.0526 0.9986
vn -0.0045 -0.0513 0.9987
vn -0.0048 -0.0502 0.9987
vn -0.0049 -0.0496 0.9988
vn -0.0065 -0.0490 0.9988
vn -0.0061 -0.0485 0.9988
vn -0.0078 -0.0480 0.9988
vn -0.0074 -0.0471 0.9989
vn -0.0073 -0.0471 0.9989
vn -0.0076 -0.0466 0.9989
vn -0.0080 -0.0465 0.9989
vn -0.0095 -0.0461 0.9989
vn -0.0081 -0.0460 0.9989
vn -0.0107 -0.0458 0.9989
vn -0.0091 -0.0454 0.9989
vn -0.0116 -0.0455 0.9989
vn -0.0105 -0.0449 0.9989
vn -0.0126 -0.0453 0.9989
vn -0.0118 -0.0440 0.9990
vn -0.0135 -0.0449 0.9989
vn -0.0131 -0.0436 0.9990
vn -0.0145 -0.0446 0.9989
vn -0.0141 -0.0429 0.9990
vn -0.0160 -0.0443 0.9989
vn -0.0160 -0.0428 0.9990
vn -0.0176 -0.0442 0.9989
vn -0.0178 -0.0423 0.9989
vn -0.3123 -0.0022 0.9500
vn -0.3739 -0.0000 0.9275
vn -0.3703 -0.0006 0.9289
vn -0.3946 -0.0000 0.9188
vn -0.3454 0.0008 0.9385
vn -0.2405 -0.0005 0.9707
vn -0.2324 -0.0000 0.9726
vn -0.1882 -0.0000 0.9821
vn -0.1474 0.0002 0.9891
vn -0.1417 -0.0002 0.9899
vn -0.0921 0.0001 0.9957
vn -0.0733 -0.0003 0.9973
vn -0.0789 -0.0002 0.9969
vn -0.0518 0.0001 0.9987
vn -0.0282 -0.0005 0.9996
vn -0.0177 -0.0000 0.9998
vn -0.9801 -0.0000 0.1983
vn -0.8259 -0.0000 0.5638
vn -0.5418 -0.0000 0.8405
vn -0.9068 -0.3806 0.1812
vn -0.9064 -0.3854 0.1728
vn -0.9071 -0.3676 0.2049
vn -0.9054 -0.3655 0.2161
vn -0.9069 -0.3458 0.2407
vn -0.9068 -0.3229 0.2709
vn -0.9081 -0.3164 0.2742
vn -0.9088 -0.2929 0.2970
vn -0.9092 -0.2832 0.3053
vn -0.9090 -0.2636 0.3229
vn -0.9119 -0.2451 0.3292
vn -0.9056 -0.1577 0.3938
vn -0.9095 -0.1761 0.3766
vn -0.9119 -0.1996 0.3586
vn -0.9242 0.0286 0.3807
vn -0.9250 -0.0068 0.3800
vn -0.9202 -0.0476 0.3885
vn -0.9208 -0.0817 0.3815
vn -0.9162 -0.1197 0.3824
vn -0.9164 -0.1297 0.3786
vn -0.9159 -0.1590 0.3685
vn -0.9151 -0.1972 0.3518
vn -0.9908 -0.0016 0.1350
vn -0.9257 -0.0058 0.3783
vn -0.9239 0.0337 0.3812
vn -0.9908 -0.0020 0.1350
vn -0.9908 -0.0130 0.1347
vn -0.9906 -0.0157 0.1357
vn -0.9907 -0.0324 0.1323
vn -0.9903 -0.0395 0.1335
vn -0.9903 -0.0445 0.1316
vn -0.9902 -0.0526 0.1290
vn -0.9902 -0.0559 0.1276
vn -0.9896 -0.0675 0.1273
vn -0.9896 -0.0766 0.1214
vn -0.9888 -0.0911 0.1184
vn -0.9888 -0.0908 0.1187
vn -0.9887 -0.1018 0.1096
vn -0.9887 -0.1005 0.1109
vn -0.9877 -0.1167 0.1041
vn -0.9878 -0.1217 0.0975
vn -0.9866 -0.1379 0.0871
vn -0.9866 -0.1366 0.0895
vn -0.9866 -0.1455 0.0743
vn -0.9189 -0.1207 0.3755
vn -0.8361 -0.0053 0.5485
vn -0.8041 -0.0148 0.5943
vn -0.8494 -0.0069 0.5277
vn -0.5673 -0.0000 0.8235
vn -0.4673 -0.0273 0.8837
vn -0.5733 -0.0088 0.8193
vn -0.6453 -0.0023 0.7639
vn -0.7125 0.0011 0.7017
vn -0.9189 0.0042 0.3944
vn -0.9908 -0.0107 0.1350
vn -0.9813 -0.0000 0.1923
vn -0.5001 -0.0000 0.8659
vn -0.5673 0.0031 0.8235
vn -0.6588 -0.0001 0.7523
vn -0.7980 0.0001 0.6027
vn -0.8362 0.0027 0.5485
vn -0.9232 -0.0013 0.3842
vn -0.9813 0.0025 0.1923
vn -0.9914 -0.0000 0.1309
vn -0.4143 -0.8527 0.3181
vn -0.7736 -0.5938 0.2213
vn -0.9739 -0.2120 0.0808
vn -0.4034 -0.8657 0.2964
vn -0.4020 -0.8225 0.4024
vn -0.3559 -0.8501 0.3880
vn -0.3562 -0.7765 0.5198
vn -0.3242 -0.7964 0.5105
vn -0.3240 -0.7139 0.6207
vn -0.2978 -0.7286 0.6168
vn -0.2980 -0.6440 0.7046
vn -0.2828 -0.6523 0.7032
vn -0.7690 -0.6042 0.2087
vn -0.7677 -0.5758 0.2811
vn -0.7484 -0.6025 0.2773
vn -0.7486 -0.5512 0.3684
vn -0.7350 -0.5700 0.3673
vn -0.7348 -0.5121 0.4447
vn -0.7236 -0.5260 0.4468
vn -0.7238 -0.4657 0.5092
vn -0.7173 -0.4734 0.5113
vn -0.9734 -0.2159 0.0766
vn -0.9732 -0.2062 0.1023
vn -0.9709 -0.2167 0.1018
vn -0.9709 -0.1985 0.1340
vn -0.9693 -0.2059 0.1344
vn -0.9692 -0.1853 0.1620
vn -0.9679 -0.1909 0.1634
vn -0.9679 -0.1693 0.1857
vn -0.9671 -0.1723 0.1869
vn -0.1119 -0.0002 0.9937
vn -0.1038 -0.0027 0.9946
vn -0.0821 -0.0117 0.9966
vn -0.0854 -0.0261 0.9960
vn -0.0884 -0.0029 0.9961
vn -0.0977 -0.0225 0.9950
vn -0.0997 -0.0097 0.9950
vn -0.1294 -0.0071 0.9916
vn -0.0849 -0.0000 0.9964
vn -0.0792 -0.0153 0.9967
vn -0.0810 -0.0083 0.9967
vn -0.1832 0.0003 0.9831
vn -0.1641 -0.0002 0.9864
vn -0.0952 0.0016 0.9955
vn -0.0410 0.0142 0.9991
vn -0.0404 0.0002 0.9992
vn -0.3242 -0.0000 0.9460
vn -0.3233 -0.0026 0.9463
vn -0.3337 -0.0049 0.9427
vn -0.3316 -0.0041 0.9434
vn -0.3252 -0.0006 0.9456
vn -0.1753 -0.0000 0.9845
vn -0.1987 -0.0000 0.9801
vn -0.2359 -0.0017 0.9718
vn -0.2312 -0.0025 0.9729
vn -0.2915 0.0012 0.9566
vn -0.8654 0.2442 0.4375
vn -0.9900 0.0958 0.1037
vn -0.9700 0.0024 0.2431
vn -0.9529 0.1216 0.2780
vn -0.9189 0.2037 0.3377
vn -0.7954 0.2003 0.5720
vn -0.7937 0.1982 0.5752
vn -0.6875 0.3602 0.6305
vn -0.4698 0.3847 0.7946
vn -0.4042 0.2911 0.8671
vn -0.5556 0.3633 0.7479
vn 0.1786 0.4250 0.8874
vn 0.0998 0.4365 0.8941
vn -0.0668 0.3837 0.9210
vn -0.0842 0.4022 0.9117
vn -0.2497 0.4355 0.8648
vn -0.0744 0.2890 0.9544
vn -0.0170 0.2141 0.9767
vn 0.0544 0.1730 0.9834
vn -0.1392 0.3850 0.9123
vn -0.1148 0.3193 0.9407
vn -0.2624 0.2078 0.9423
vn -0.7267 0.1889 0.6604
vn -0.6414 0.1896 0.7434
vn -0.4956 0.3303 0.8033
vn -0.5119 0.4536 0.7295
vn -0.4211 0.1906 0.8868
vn -0.9149 0.0850 0.3946
vn -0.7775 0.3723 0.5068
vn -0.7411 0.5325 0.4089
vn -0.7665 0.3562 0.5345
vn -0.4335 0.8965 -0.0916
vn -0.7759 0.6292 0.0451
vn -0.9320 0.2497 0.2627
vn -0.1133 0.3380 0.9343
vn -0.0713 0.2778 0.9580
vn -0.4980 0.3106 0.8096
vn -0.4736 0.2716 0.8378
vn -0.8017 0.2369 0.5488
vn -0.7937 0.2153 0.5689
vn -0.9728 0.1249 0.1950
vn -0.9728 0.1242 0.1956
vn 0.9336 0.2154 0.2863
vn 0.9762 0.1473 0.1589
vn 1.0000 0.0026 0.0022
vn 1.0000 0.0023 0.0022
vn 0.9993 0.0280 0.0228
vn 0.9993 0.0258 0.0252
vn 0.9973 0.0548 0.0482
vn 0.0774 -0.0000 0.9970
vn 0.2573 -0.1096 0.9601
vn 0.2977 -0.0520 0.9532
vn 0.6491 -0.0027 0.7607
vn 0.5806 -0.0117 0.8141
vn 0.6088 -0.0000 0.7933
vn 0.4307 -0.0000 0.9025
vn 0.3603 -0.0218 0.9326
vn 0.8781 -0.0032 0.4785
vn 0.8305 -0.0111 0.5569
vn 0.7173 0.0025 0.6967
vn 0.7933 -0.0060 0.6088
vn 0.8967 0.0179 0.4422
vn 0.9808 -0.0000 0.1951
vn 0.9969 -0.0406 -0.0679
vn 0.9995 -0.0305 -0.0004
vn 0.9950 -0.0184 0.0981
vn 0.9732 -0.0047 0.2297
vn 0.9204 0.0017 0.3909
vn 0.3948 -0.0000 0.9188
vn 0.4423 -0.0033 0.8969
vn 0.1436 0.0055 0.9896
vn 0.1951 -0.0000 0.9808
vn 0.9859 -0.0000 0.1675
vn 0.9848 0.0029 0.1736
vn 0.9089 -0.0010 0.4170
vn 0.8969 -0.0000 0.4423
vn 0.8270 -0.0000 0.5622
vn 0.7934 0.0023 0.6088
vn 0.7602 0.0006 0.6497
vn 0.6088 -0.0017 0.7934
vn 0.6482 0.0025 0.7615
vn 0.5258 -0.0000 0.8506
vn 0.8967 0.0162 0.4422
vn -0.1695 0.9854 0.0127
vn 0.3213 0.9469 0.0125
vn 0.7342 0.6788 0.0089
vn 0.9692 0.2462 0.0031
vn -0.1694 0.9854 0.0142
vn -0.1689 0.9800 0.1057
vn -0.1613 0.9799 0.1173
vn -0.1615 0.9521 0.2596
vn -0.1439 0.9472 0.2864
vn -0.1440 0.9015 0.4081
vn -0.1153 0.8876 0.4459
vn -0.1155 0.8456 0.5212
vn -0.0949 0.8201 0.5642
vn -0.0948 0.7729 0.6274
vn -0.0524 0.7401 0.6705
vn -0.0525 0.7162 0.6959
vn -0.0463 0.6713 0.7397
vn -0.0463 0.6460 0.7619
vn 0.0034 0.6008 0.7994
vn 0.0034 0.5134 0.8581
vn 0.0564 0.4604 0.8859
vn 0.0564 0.3622 0.9304
vn 0.1132 0.3060 0.9453
vn 0.1132 0.2002 0.9732
vn 0.1666 0.1446 0.9754
vn 0.1668 0.0756 0.9831
vn 0.1950 0.0198 0.9806
vn 0.4417 0.0506 0.8957
vn 0.3214 0.9469 0.0134
vn 0.3204 0.9416 0.1032
vn 0.3256 0.9389 0.1113
vn 0.3259 0.9112 0.2521
vn 0.3378 0.9016 0.2701
vn 0.3379 0.8554 0.3926
vn 0.3571 0.8362 0.4163
vn 0.3578 0.7919 0.4948
vn 0.3716 0.7672 0.5228
vn 0.3712 0.7176 0.5893
vn 0.3991 0.6821 0.6128
vn 0.3998 0.6531 0.6432
vn 0.4038 0.6183 0.6742
vn 0.4033 0.5882 0.7010
vn 0.4354 0.5437 0.7175
vn 0.4356 0.4589 0.7744
vn 0.4692 0.4100 0.7821
vn 0.4693 0.3177 0.8239
vn 0.5048 0.2682 0.8205
vn 0.5050 0.1720 0.8458
vn 0.5377 0.1256 0.8337
vn 0.5371 0.1432 0.8312
vn 0.6086 0.0236 0.7931
vn 0.7343 0.6788 0.0096
vn 0.7332 0.6760 0.0740
vn 0.7354 0.6730 0.0795
vn 0.7357 0.6528 0.1804
vn 0.7408 0.6437 0.1922
vn 0.7409 0.6106 0.2797
vn 0.7491 0.5935 0.2945
vn 0.7498 0.5615 0.3500
vn 0.7556 0.5419 0.3680
vn 0.7553 0.5072 0.4151
vn 0.7669 0.4781 0.4281
vn 0.7675 0.4574 0.4491
vn 0.7693 0.4330 0.4698
vn 0.7689 0.4123 0.4888
vn 0.7821 0.3771 0.4960
vn 0.7824 0.3192 0.5348
vn 0.7962 0.2818 0.5355
vn 0.7963 0.2198 0.5635
vn 0.8107 0.1826 0.5563
vn 0.8109 0.1190 0.5729
vn 0.8241 0.0851 0.5600
vn 0.8246 0.0444 0.5640
vn 0.7781 0.1951 0.5971
vn 0.9692 0.2462 0.0034
vn 0.9691 0.2455 0.0259
vn 0.9693 0.2444 0.0281
vn 0.9694 0.2372 0.0632
vn 0.9699 0.2337 0.0678
vn 0.9700 0.2223 0.0980
vn 0.9709 0.2157 0.1039
vn 0.9711 0.2047 0.1226
vn 0.9718 0.1972 0.1296
vn 0.9718 0.1856 0.1455
vn 0.9731 0.1743 0.1509
vn 0.9732 0.1677 0.1574
vn 0.9734 0.1584 0.1654
vn 0.9734 0.1518 0.1715
vn 0.9749 0.1382 0.1747
vn 0.9750 0.1187 0.1877
vn 0.9765 0.1042 0.1884
vn 0.9767 0.0833 0.1979
vn 0.9783 0.0688 0.1956
vn 0.9784 0.0474 0.2012
vn 0.9798 0.0341 0.1968
vn 0.9800 0.0207 0.1981
vn 0.9807 0.0088 0.1951
vn -0.7358 0.1476 0.6609
vn -0.3573 0.0457 0.9329
vn -0.9330 0.2691 0.2391
vn -0.9451 0.2243 0.2378
vn -0.9469 0.2155 0.2386
vn -0.3551 0.0678 0.9324
vn -0.3587 0.0532 0.9319
vn -0.3733 0.0876 0.9236
vn -0.9142 0.3395 0.2214
vn -0.9067 0.3500 0.2355
vn -0.9317 0.2800 0.2314
vn -0.9040 0.3627 0.2262
vn -0.8998 0.3725 0.2271
vn -0.8979 0.3817 0.2195
vn -0.9103 0.3530 0.2161
vn -0.9100 0.3556 0.2132
vn -0.9340 0.2922 0.2055
vn -0.9347 0.2887 0.2073
vn -0.9530 0.2268 0.2007
vn -0.9553 0.2051 0.2131
vn -0.9645 0.1708 0.2013
vn -0.9767 0.0880 0.1957
vn -0.9764 0.0848 0.1984
vn -0.9801 0.0090 0.1983
vn -0.9801 0.0086 0.1983
vn -0.7333 0.1640 0.6598
vn -0.7286 0.1823 0.6603
vn -0.7331 0.2054 0.6483
vn -0.7252 0.2279 0.6497
vn -0.7302 0.2572 0.6330
vn -0.7343 0.2477 0.6321
vn -0.7378 0.2767 0.6157
vn -0.7574 0.2321 0.6103
vn -0.7635 0.2564 0.5927
vn -0.7876 0.1927 0.5853
vn -0.7879 0.2045 0.5809
vn -0.8070 0.1393 0.5739
vn -0.8085 0.1459 0.5702
vn -0.8233 0.0580 0.5646
vn -0.8239 0.0598 0.5635
vn -0.8259 0.0059 0.5638
vn -0.8259 0.0060 0.5638
vn -0.3701 0.0965 0.9240
vn -0.3979 0.0730 0.9145
vn -0.3996 0.1118 0.9099
vn -0.4174 0.0701 0.9060
vn -0.4337 0.1211 0.8929
vn -0.4588 0.0646 0.8862
vn -0.4817 0.1155 0.8687
vn -0.5032 0.0581 0.8622
vn -0.5075 0.0890 0.8571
vn -0.5214 0.0422 0.8523
vn -0.5292 0.0648 0.8460
vn -0.5372 0.0181 0.8433
vn -0.5411 0.0266 0.8405
vn -0.5417 0.0018 0.8405
vn -0.5418 0.0026 0.8405
vn -0.2488 0.5069 0.8253
vn -0.9160 0.3935 -0.0776
vn -1.0000 0.0050 0.0079
vn -0.0755 0.7147 0.6953
vn 0.1019 0.5530 0.8269
vn 0.1807 0.5224 0.8333
vn -0.4043 0.5484 0.7320
vn -0.9485 0.2357 0.2118
vn -0.9189 0.2073 0.3357
vn -0.8651 0.2701 0.4228
vn -0.7727 0.5070 0.3819
vn -0.6875 0.3614 0.6299
vn -0.5546 0.4555 0.6964
vn -0.0000 0.5534 0.8329
vn -0.0000 0.6496 0.7603
vn 0.0438 0.5919 0.8048
vn 0.0437 0.7568 0.6522
vn 0.0878 0.7091 0.6996
vn 0.0878 0.8454 0.5268
vn 0.1213 0.8111 0.5722
vn 0.1211 0.9131 0.3894
vn 0.1487 0.8917 0.4276
vn 0.1488 0.9599 0.2375
vn 0.1657 0.9505 0.2629
vn 0.1658 0.9829 0.0801
vn 0.1716 0.9811 0.0890
vn -0.4308 0.5981 0.6758
vn -0.4319 0.5803 0.6905
vn -0.4037 0.5469 0.7334
vn -0.4032 0.6882 0.6032
vn -0.3743 0.6643 0.6469
vn -0.3744 0.7832 0.4964
vn -0.3523 0.7678 0.5351
vn -0.3520 0.8586 0.3726
vn -0.3335 0.8519 0.4038
vn -0.3336 0.9142 0.2301
vn -0.3221 0.9131 0.2498
vn -0.3222 0.9434 0.0781
vn -0.3183 0.9442 0.0847
vn -0.7700 0.4871 0.4122
vn -0.7801 0.4030 0.4786
vn -0.7685 0.3842 0.5116
vn -0.7679 0.4820 0.4219
vn -0.7559 0.4704 0.4553
vn -0.7559 0.5531 0.3502
vn -0.7467 0.5467 0.3789
vn -0.7463 0.6106 0.2648
vn -0.7385 0.6098 0.2877
vn -0.7386 0.6538 0.1645
vn -0.7337 0.6556 0.1786
vn -0.7338 0.6771 0.0560
vn -0.7321 0.6785 0.0607
vn -0.9737 0.1659 0.1562
vn -0.9745 0.1485 0.1682
vn -0.9734 0.1415 0.1804
vn -0.9730 0.1767 0.1482
vn -0.9718 0.1723 0.1606
vn -0.9716 0.2020 0.1229
vn -0.9707 0.1995 0.1337
vn -0.9705 0.2225 0.0929
vn -0.9697 0.2221 0.1016
vn -0.9696 0.2378 0.0577
vn -0.9691 0.2384 0.0631
vn -0.9691 0.2460 0.0196
vn -0.9689 0.2465 0.0214
vn -0.9991 0.0416 -0.0010
vn -0.9957 0.0779 0.0496
vn -0.9940 0.0816 0.0723
vn -0.9981 0.0623 -0.0013
vn -0.9909 0.1344 0.0016
vn -0.9890 0.1478 -0.0000
vn 0.5849 0.4291 0.6883
vn 0.5849 0.4280 0.6890
vn 0.8648 0.0873 0.4944
vn 0.8708 0.1286 0.4744
vn 0.9422 -0.2778 0.1874
vn 0.9682 -0.1968 0.1546
vn 0.5471 0.3324 0.7682
vn 0.5446 0.3453 0.7643
vn 0.8310 -0.0413 0.5548
vn 0.8362 0.0291 0.5477
vn 0.8903 -0.4108 0.1965
vn 0.9351 -0.2920 0.2006
vn 0.9776 0.1656 0.1301
vn 0.4381 0.5557 0.7066
vn 0.4871 0.6039 0.6309
vn 0.5403 0.5097 0.6695
vn 0.5122 0.4852 0.7086
vn 0.6222 0.5733 0.5332
vn 0.6318 0.6062 0.4831
vn 0.8007 0.3939 0.4514
vn 0.8209 0.4219 0.3848
vn 0.7950 0.3644 0.4850
vn 0.9313 0.1550 0.3297
vn 0.9850 0.1440 0.0950
vn 0.9677 0.1017 0.2308
vn 0.8412 0.5084 0.1839
vn 0.7834 0.3504 0.5134
vn 0.8613 0.4172 0.2901
vn 0.8662 0.3838 0.3198
vn 0.8822 0.4685 0.0467
vn 0.9177 0.3720 0.1394
vn 0.6419 0.6112 0.4630
vn 0.6527 0.6288 0.4226
vn 0.6529 0.6293 0.4216
vn 0.6700 0.6608 0.3383
vn 0.6718 0.6563 0.3433
vn 0.6826 0.6971 0.2195
vn 0.6860 0.6894 0.2327
vn 0.9712 0.2377 0.0160
vn 0.7488 0.6617 0.0385
vn 0.7510 0.6586 0.0467
vn 0.9709 0.2390 0.0137
vn 0.9710 0.2344 0.0477
vn 0.9739 0.1119 0.1973
vn 0.6854 0.7157 0.1339
vn 0.7381 0.6221 0.2611
vn 0.8416 0.5288 0.1101
vn 0.9180 0.3892 0.0769
vn 0.8034 -0.5626 0.1951
vn 0.7924 -0.5524 0.2588
vn 0.7347 -0.5144 0.4423
vn 0.6499 -0.4550 0.6088
vn 0.5807 -0.4034 0.7071
vn 0.4987 -0.3492 0.7933
vn 0.3623 -0.2537 0.8969
vn 0.2131 -0.1468 0.9659
vn 0.1598 -0.1119 0.9808
vn 0.8969 -0.4423 -0.0000
vn 0.8770 -0.4799 0.0238
vn 0.9198 -0.3924 0.0055
vn 0.9882 -0.1521 -0.0172
vn 0.9719 -0.2342 0.0218
vn 0.9968 -0.0794 -0.0000
vn 0.4952 0.2560 0.8302
vn 0.2861 -0.0387 0.9574
vn 0.2860 -0.0387 0.9574
vn 0.4105 0.1735 0.8952
vn 0.5582 -0.2578 0.7886
vn 0.6086 -0.3524 0.7109
vn 0.6957 -0.3848 0.6066
vn 0.7683 -0.4635 0.4414
vn 0.7959 -0.5442 0.2654
vn 0.8186 -0.5403 0.1950
vn 0.4322 0.1700 0.8856
vn 0.7397 -0.1706 0.6510
vn 0.8507 -0.4680 0.2393
vn 0.8507 -0.4680 0.2392
vn 0.7987 -0.5593 0.2221
vn 0.0928 -0.0650 0.9936
vn 0.2087 -0.1532 0.9659
vn 0.2479 -0.1777 0.9524
vn 0.5012 -0.3456 0.7933
vn 0.4147 -0.2949 0.8608
vn 0.6519 -0.4522 0.6088
vn 0.6425 -0.4470 0.6224
vn 0.7345 -0.5147 0.4423
vn 0.8046 -0.5608 0.1951
vn 0.2456 -0.9608 0.1286
vn 0.3140 -0.4259 0.8485
vn -0.7266 -0.5916 0.3492
vn 0.1826 0.0656 0.9810
vn -0.0247 -0.2196 0.9753
vn -0.0458 -0.0161 0.9988
vn -0.5836 -0.2272 0.7796
vn -0.5841 -0.1204 0.8027
vn -0.6890 -0.4912 0.5329
vn -0.7835 -0.4175 0.4602
vn -0.8056 -0.4480 0.3877
vn -0.2294 -0.9562 0.1820
vn -0.4680 -0.8622 0.1939
vn -0.4073 -0.1246 0.9047
vn -0.1448 -0.2121 0.9665
vn -0.3161 -0.4569 0.8315
vn -0.4743 -0.6829 0.5556
vn -0.5694 -0.8185 0.0758
vn -0.5957 -0.8022 0.0399
vn 0.1387 -0.3243 0.9357
vn 0.2985 -0.3047 0.9045
vn 0.0637 -0.6572 0.7510
vn -0.0792 -0.8613 0.5018
vn -0.0793 -0.8613 0.5018
vn -0.1731 -0.9807 0.0907
vn -0.0114 -0.9867 0.1621
vn 0.5658 -0.5462 0.6177
vn 0.4356 -0.7321 0.5237
vn 0.4356 -0.7322 0.5237
vn 0.3359 -0.8745 0.3499
vn 0.2726 -0.9580 0.0889
vn 0.4547 -0.8858 0.0925
vn 0.7726 -0.5949 0.2219
vn 0.7258 -0.6617 0.1881
vn 0.6900 -0.7128 0.1257
vn 0.6707 -0.7404 0.0441
vn 0.1994 -0.9799 -0.0000
vn 0.5301 -0.8479 -0.0000
vn 0.6494 -0.7604 -0.0046
vn 0.7255 -0.6882 -0.0000
vn -0.0546 -0.9983 -0.0183
vn -0.3007 -0.9537 -0.0000
vn -0.1385 -0.9903 -0.0123
vn -0.3167 -0.9485 -0.0034
vn -0.4589 -0.8885 -0.0003
vn -0.5181 -0.8553 -0.0000
vn -0.7254 -0.6884 -0.0000
vn -0.9681 -0.2504 -0.0000
vn -0.8802 -0.4742 -0.0176
vn -0.9710 -0.2389 -0.0000
vn 0.1836 -0.4852 0.8549
vn 0.1665 -0.5213 0.8370
vn 0.5110 -0.6294 0.5855
vn 0.7533 -0.6235 0.2094
vn 0.1937 -0.5222 0.8305
vn 0.1558 -0.5763 0.8022
vn 0.1820 -0.5948 0.7830
vn 0.1491 -0.6419 0.7521
vn 0.1692 -0.6540 0.7373
vn 0.1477 -0.6853 0.7131
vn 0.1510 -0.6923 0.7057
vn 0.1265 -0.7265 0.6754
vn 0.1452 -0.7363 0.6609
vn 0.1000 -0.8004 0.5910
vn 0.1150 -0.8067 0.5796
vn 0.0896 -0.8449 0.5274
vn 0.0897 -0.8472 0.5236
vn 0.0643 -0.8815 0.4677
vn 0.0654 -0.8819 0.4668
vn 0.0251 -0.9389 0.3433
vn 0.0110 -0.9355 0.3532
vn 0.2313 -0.9289 0.2891
vn 0.5203 -0.6375 0.5682
vn 0.4977 -0.6696 0.5513
vn 0.5101 -0.6748 0.5333
vn 0.4875 -0.7072 0.5120
vn 0.4972 -0.7099 0.4988
vn 0.4826 -0.7313 0.4821
vn 0.4839 -0.7341 0.4764
vn 0.4671 -0.7575 0.4560
vn 0.4763 -0.7590 0.4439
vn 0.4458 -0.8023 0.3969
vn 0.4534 -0.8026 0.3878
vn 0.4365 -0.8279 0.3522
vn 0.4364 -0.8290 0.3497
vn 0.4191 -0.8524 0.3126
vn 0.4197 -0.8524 0.3120
vn 0.3962 -0.8863 0.2398
vn 0.4130 -0.8824 0.2253
vn 0.7544 -0.6244 0.2025
vn 0.7462 -0.6361 0.1964
vn 0.7483 -0.6358 0.1892
vn 0.7402 -0.6474 0.1816
vn 0.7420 -0.6468 0.1764
vn 0.7368 -0.6543 0.1705
vn 0.7368 -0.6548 0.1684
vn 0.7309 -0.6632 0.1612
vn 0.7327 -0.6623 0.1566
vn 0.7220 -0.6776 0.1400
vn 0.7235 -0.6767 0.1366
vn 0.7175 -0.6855 0.1239
vn 0.7174 -0.6858 0.1230
vn 0.7113 -0.6943 0.1098
vn 0.7114 -0.6942 0.1096
vn 0.7017 -0.7079 0.0802
vn 0.6999 -0.7094 0.0828
vn 0.6259 -0.5856 0.5151
vn 0.6795 -0.5199 0.5176
vn 0.6530 -0.4894 0.5780
vn 0.4564 -0.4135 0.7878
vn -0.0654 0.0278 0.9975
vn -0.0505 0.0167 0.9986
vn -0.0385 0.0079 0.9992
vn -0.0282 0.0006 0.9996
vn -0.0187 -0.0063 0.9998
vn 0.1511 -0.1243 0.9807
vn 0.0084 0.0599 0.9982
vn 0.0215 0.0435 0.9988
vn 0.0322 0.0300 0.9990
vn 0.0412 0.0187 0.9990
vn 0.0498 0.0079 0.9987
vn 0.0598 -0.0045 0.9982
vn 0.0738 -0.0215 0.9970
vn 0.0836 -0.0338 0.9959
vn 0.1060 -0.0601 0.9925
vn 0.1246 -0.0812 0.9889
vn 0.7989 -0.5657 0.2042
vn 0.7921 -0.5755 0.2036
vn 0.7919 -0.5732 0.2108
vn 0.8020 -0.5583 0.2124
vn 0.8095 -0.5798 0.0929
vn 0.1600 -0.1202 0.9798
vn 0.2448 -0.1986 0.9490
vn 0.3480 -0.2738 0.8966
vn 0.3623 -0.2859 0.8871
vn 0.4833 -0.3708 0.7931
vn 0.4363 -0.3272 0.8382
vn 0.6392 -0.4700 0.6087
vn 0.6547 -0.4870 0.5782
vn 0.7285 -0.5232 0.4423
vn 0.7994 -0.5682 0.1951
vn -0.3696 0.9292 -0.0000
vn -0.2921 0.9545 -0.0596
vn -0.2582 0.9599 -0.1093
vn -0.2687 0.9589 -0.0913
vn -0.2791 0.9578 -0.0690
vn -0.2894 0.9564 -0.0396
vn -0.2953 0.9553 -0.0150
vn -0.3343 0.9139 0.2301
vn -0.2271 0.9738 -0.0109
vn -0.2250 0.9740 -0.0267
vn 0.2264 0.9734 -0.0347
vn 0.1936 0.9724 0.1300
vn 0.0884 0.9831 0.1606
vn 0.0596 0.9883 0.1402
vn -0.0789 0.9839 0.1603
vn -0.2231 0.9660 0.1303
vn -0.3396 0.8598 0.3812
vn -0.3202 0.9112 0.2591
vn -0.3649 0.9219 0.1300
vn -0.3498 0.9309 0.1052
vn -0.3435 0.9391 0.0128
vn -0.2383 0.6763 0.6970
vn -0.2695 0.7317 0.6261
vn -0.2908 0.7395 0.6071
vn -0.2853 0.8048 0.5205
vn -0.3181 0.8564 0.4066
vn -0.2124 0.6110 0.7626
vn -0.2309 0.5656 0.7917
vn -0.1500 0.4844 0.8619
vn -0.1518 0.3540 0.9228
vn -0.1143 0.3317 0.9364
vn -0.0403 0.1242 0.9914
vn -0.1148 0.0278 0.9930
vn -0.0541 0.1720 0.9836
vn 0.0664 0.1703 0.9832
vn 0.0036 0.0120 0.9999
vn 0.1155 0.1017 0.9881
vn 0.0984 0.1099 0.9891
vn 0.0748 0.1353 0.9880
vn 0.0908 0.2981 0.9502
vn 0.1595 0.3514 0.9225
vn 0.1434 0.4340 0.8894
vn 0.1865 0.5210 0.8329
vn 0.2335 0.5646 0.7917
vn 0.2177 0.6064 0.7648
vn 0.2509 0.7130 0.6547
vn 0.2986 0.7366 0.6069
vn 0.2809 0.8016 0.5278
vn 0.3338 0.8620 0.3815
vn 0.3384 0.8572 0.3881
vn 0.3252 0.9154 0.2373
vn 0.3715 0.9193 0.1299
vn 0.3454 0.9351 0.0798
vn -0.1308 0.9901 0.0503
vn -0.2074 0.9668 0.1492
vn -0.1938 0.9037 0.3819
vn -0.1665 0.7764 0.6078
vn -0.1279 0.5962 0.7926
vn -0.0804 0.3750 0.9235
vn -0.0274 0.1279 0.9914
vn -0.0882 0.9828 0.1624
vn -0.0686 0.9864 0.1492
vn -0.0641 0.9220 0.3819
vn -0.0550 0.7922 0.6078
vn -0.0423 0.6083 0.7926
vn -0.0266 0.3826 0.9235
vn -0.0091 0.1305 0.9914
vn -0.0245 0.9809 0.1930
vn 0.0716 0.9852 0.1556
vn 0.0670 0.9218 0.3819
vn 0.0575 0.7920 0.6078
vn 0.0442 0.6081 0.7926
vn 0.0278 0.3825 0.9235
vn 0.0095 0.1305 0.9914
vn 0.0817 0.9839 0.1586
vn 0.2103 0.9656 0.1527
vn 0.1967 0.9031 0.3819
vn 0.1967 0.9030 0.3819
vn 0.1690 0.7759 0.6078
vn 0.1298 0.5958 0.7926
vn 0.0816 0.3747 0.9235
vn 0.0278 0.1279 0.9914
vn 0.2265 0.9738 -0.0205
vn 0.2307 0.9730 -0.0067
vn 0.2340 0.9722 -0.0108
vn 0.2292 0.9733 -0.0099
vn 0.2237 0.9745 -0.0176
vn 0.2243 0.9744 -0.0171
vn 0.3718 0.9283 -0.0000
vn 0.3464 0.9379 -0.0202
vn 0.2933 0.9560 0.0072
vn 0.2475 0.9689 -0.0055
vn -0.2080 0.9781 -0.0000
vn -0.1694 0.9848 0.0376
vn 0.2965 0.9550 -0.0000
vn 0.3212 0.9466 0.0266
vn 0.5225 0.8527 -0.0000
vn 0.7343 0.6789 -0.0000
vn 0.7252 0.6883 0.0148
vn 0.9691 0.2462 -0.0156
vn 1.0000 -0.0001 -0.0000
vn -0.9305 0.3649 -0.0327
vn -0.9731 0.2305 -0.0000
vn -0.9728 0.2316 -0.0000
vn -0.9730 0.2310 -0.0000
vn -0.9570 0.2900 0.0001
vn -0.9694 0.2453 -0.0067
vn -0.9313 0.3642 0.0093
vn -0.9633 0.2677 -0.0199
vn -0.9555 0.2946 -0.0128
vn -0.9472 0.3206 -0.0070
vn -0.9320 0.3625 -0.0000
vn -0.9200 0.3919 -0.0000
vn -0.9152 0.4029 0.0002
vn -0.9708 0.2397 -0.0000
vn -0.9697 0.2443 0.0005
vn -0.9488 0.3159 -0.0015
vn -0.9239 0.3826 0.0013
vn -0.9239 0.3827 0.0013
vn -0.9147 0.4040 -0.0001
vn -1.0000 0.0096 -0.0011
vn -0.9912 0.1324 0.0037
vn -0.9955 0.0944 -0.0039
vn -0.9830 0.1839 -0.0000
vn -0.5218 0.8531 -0.0000
vn -0.7248 0.6890 -0.0000
vn -0.7334 0.6797 0.0137
vn -0.9658 0.2588 -0.0144
vn -0.9691 0.2466 -0.0000
vn -0.2952 0.9550 0.0288
vn -0.3194 0.9476 -0.0000
vn -0.0380 0.9993 -0.0000
vn 0.1722 0.9844 0.0367
vn 0.2096 0.9778 -0.0000
vn 0.9992 0.0016 -0.0397
vn 1.0000 -0.0000 -0.0027
vn 0.9983 -0.0101 -0.0571
vn 0.9993 0.0043 -0.0367
vn 0.9997 0.0187 -0.0167
vn 0.9994 0.0331 0.0031
vn 0.9901 0.1399 -0.0082
vn 0.9968 0.0805 -0.0028
vn 0.9978 0.0662 -0.0018
vn 0.9981 0.0609 -0.0015
vn 0.9983 0.0577 -0.0014
vn 0.9995 0.0305 -0.0001
vn 1.0000 0.0017 -0.0000
vn 0.7518 0.6593 -0.0000
vn 0.7038 0.7088 -0.0468
vn 0.8544 0.5196 0.0005
vn 0.9713 0.2377 -0.0017
vn 0.9316 0.3542 -0.0817
vn 0.9707 0.2381 -0.0314
vn 0.3597 0.4994 0.7881
vn 0.3963 0.5677 0.7216
vn 0.4975 0.4877 0.7174
vn 0.0785 0.1122 0.9906
vn 0.1276 0.1538 0.9798
vn 0.2169 0.3225 0.9214
vn 0.2558 0.3654 0.8950
vn 0.2932 0.4187 0.8595
vn 0.3386 0.4797 0.8095
vn 0.5727 0.8179 0.0550
vn 0.5787 0.7994 0.1614
vn 0.5675 0.8178 0.0958
vn 0.5562 0.7904 0.2567
vn 0.5557 0.7868 0.2685
vn 0.5322 0.7644 0.3640
vn 0.5185 0.7345 0.4378
vn 0.5199 0.7376 0.4309
vn 0.5053 0.7217 0.4732
vn 0.4580 0.6541 0.6020
vn 0.4999 0.6809 0.5352
vn 0.4489 0.6382 0.6255
vn -0.2756 -0.9613 -0.0002
vn -0.5124 -0.8588 -0.0000
vn -0.4770 -0.8789 -0.0010
vn -0.2333 -0.9724 0.0025
vn 0.3071 -0.9517 -0.0000
vn 0.0451 -0.9990 0.0001
vn -0.0115 -0.9999 0.0021
vn 0.2476 -0.9689 -0.0019
vn 0.6713 -0.7412 -0.0001
vn 0.8175 -0.5759 -0.0000
vn 0.4566 -0.8896 0.0107
vn 0.7004 -0.7137 -0.0039
vn 0.4838 -0.8752 -0.0000
vn 0.8192 -0.5736 -0.0000
vn 0.8191 -0.5736 -0.0000
vn 0.5647 0.8065 -0.1749
vn 0.5587 0.7879 -0.2588
vn 0.2012 0.2873 -0.9365
vn 0.3167 0.4523 -0.8337
vn 0.3166 0.4523 -0.8338
vn 0.3940 0.5627 -0.7267
vn 0.4328 0.6115 -0.6623
vn 0.4781 0.6846 -0.5502
vn 0.5275 0.7516 -0.3960
vn 0.5893 0.5917 -0.5501
vn 0.6907 0.6971 -0.1924
vn 0.6941 0.6990 -0.1722
vn 0.3866 0.3890 -0.8362
vn 0.4853 0.4930 -0.7221
vn 0.4343 0.4345 -0.7890
vn 0.5897 0.5965 -0.5445
vn 0.6414 0.6600 -0.3911
vn 0.3138 -0.8045 -0.5043
vn 0.6444 -0.6645 -0.3784
vn 0.3285 -0.5335 -0.7794
vn 0.9464 -0.0348 -0.3210
vn 0.4075 -0.2644 -0.8741
vn 0.8304 0.1833 -0.5262
vn 0.3286 0.0430 -0.9435
vn 0.5569 0.2608 -0.7886
vn 0.9988 0.0490 -0.0087
vn 0.9992 0.0300 -0.0254
vn 0.9991 0.0106 -0.0412
vn 0.8103 -0.5365 -0.2357
vn 0.8099 -0.5318 -0.2476
vn 0.9484 -0.2902 -0.1281
vn 0.9477 -0.2824 -0.1486
vn 0.9848 -0.1534 -0.0809
vn 0.9839 -0.1405 -0.1101
vn 0.9955 -0.0706 -0.0638
vn 0.9939 -0.0482 -0.0992
vn 0.9983 -0.0111 -0.0568
vn 0.9975 -0.0190 -0.0686
vn 0.9983 -0.0315 -0.0482
vn 0.9936 -0.0834 -0.0757
vn 0.9940 -0.0894 -0.0623
vn 0.9776 -0.1841 -0.1024
vn 0.9776 -0.1853 -0.0999
vn 0.9126 -0.3693 -0.1755
vn 0.9049 -0.3287 -0.2704
vn 0.6840 -0.6046 -0.4082
vn 0.8150 -0.3719 -0.4444
vn 0.9149 -0.2504 -0.3166
vn 0.9990 0.0438 -0.0111
vn 0.9990 0.0433 -0.0101
vn 0.9993 0.0353 -0.0124
vn 0.9993 0.0358 -0.0134
vn 0.9996 0.0218 -0.0167
vn 0.9994 0.0246 -0.0231
vn 0.9996 0.0015 -0.0294
vn 0.9970 0.0197 -0.0747
vn 0.9971 0.0372 -0.0661
vn 0.9802 0.1151 -0.1610
vn 0.9793 0.1615 -0.1223
vn 0.9341 0.2889 -0.2099
vn 0.9331 0.3194 -0.1654
vn 0.8499 0.4806 -0.2161
vn 0.8507 0.4884 -0.1942
vn 0.9992 0.0121 -0.0391
vn 0.9995 0.0066 -0.0302
vn 0.9988 -0.0251 -0.0429
vn 0.9989 -0.0260 -0.0397
vn 0.9949 -0.0821 -0.0580
vn 0.9947 -0.0796 -0.0646
vn 0.9767 -0.1890 -0.1019
vn 0.9712 -0.1574 -0.1788
vn 0.9356 -0.2655 -0.2326
vn 0.9064 -0.1257 -0.4033
vn 0.9138 -0.1089 -0.3912
vn 0.8430 0.0933 -0.5297
vn 0.8573 0.1212 -0.5003
vn 0.7379 0.3547 -0.5741
vn 0.7482 0.3700 -0.5507
vn 0.7440 -0.6055 -0.2825
vn 0.6124 -0.7765 -0.1483
vn 0.8890 -0.4402 -0.1265
vn 0.9875 -0.1525 -0.0392
vn 0.9920 -0.0561 -0.1133
vn 0.9898 -0.1156 -0.0833
vn 0.9807 -0.1833 -0.0675
vn 0.9558 -0.2846 -0.0741
vn 0.6394 -0.0891 -0.7637
vn 0.8184 -0.1918 -0.5418
vn 0.6571 -0.1951 -0.7281
vn 0.8570 -0.1334 -0.4977
vn 0.8162 -0.1305 -0.5628
vn 0.9820 -0.0735 -0.1740
vn 0.9683 -0.0647 -0.2414
vn 0.6699 -0.3888 -0.6325
vn 0.5752 -0.7090 -0.4080
vn 0.8434 -0.5172 -0.1454
vn 0.8366 -0.5356 -0.1152
vn 0.9591 -0.2508 -0.1313
vn 0.8816 -0.3978 -0.2542
vn 0.8119 -0.4448 -0.3781
vn 0.8558 -0.4048 -0.3221
vn 0.7163 -0.4668 -0.5187
vn 0.9883 -0.1526 -0.0000
vn 0.9784 -0.2066 -0.0043
vn 0.8961 -0.4438 0.0029
vn 0.8713 -0.4907 -0.0000
vn 0.6420 0.0011 -0.7667
vn 0.9847 -0.0000 -0.1745
vn 0.9848 -0.0000 -0.1736
vn 0.8648 -0.0000 -0.5022
vn 0.8660 -0.0000 -0.5000
vn 0.6415 -0.0000 -0.7671
vn 0.6428 -0.0000 -0.7661
vn 0.9519 0.2555 -0.1689
vn -0.2442 0.5931 -0.7672
vn -0.0078 0.6302 -0.7764
vn -0.0515 0.7034 -0.7089
vn 0.2564 0.5771 -0.7754
vn 0.0247 0.6302 -0.7760
vn 0.1267 0.9761 -0.1768
vn 0.1242 0.8371 -0.5327
vn 0.5353 0.3309 -0.7771
vn 0.7140 0.5224 -0.4662
vn 0.6067 0.7949 0.0068
vn 0.4109 0.5984 -0.6879
vn 0.3227 0.5401 -0.7772
vn 0.6410 0.0218 -0.7672
vn 0.9480 0.1248 -0.2926
vn 0.4766 0.0908 -0.8744
vn 0.6900 0.2329 -0.6853
vn 0.9075 0.3780 -0.1834
vn 0.6873 0.3070 -0.6583
vn 0.5490 0.3074 -0.7773
vn -0.2050 0.9637 -0.1709
vn -0.2642 0.8127 -0.5193
vn -0.2676 0.8232 -0.5008
vn -0.1034 0.4986 0.8606
vn -0.2040 0.9612 -0.1857
vn 0.0385 0.9809 -0.1909
vn 0.1386 0.5181 -0.8440
vn 0.0779 0.2897 0.9539
vn 0.1106 0.8444 -0.5242
vn -0.0882 0.8455 -0.5266
vn -0.0939 0.9047 -0.4156
vn -0.1029 0.4176 -0.9028
vn 0.2105 0.2105 0.9547
vn 0.5162 0.6738 -0.5287
vn 0.3255 0.7842 -0.5282
vn 0.3483 0.8381 -0.4199
vn 0.1554 0.5742 -0.8038
vn 0.2911 0.9379 -0.1886
vn 0.5127 0.8366 -0.1929
vn 0.4626 0.4626 -0.7563
vn 0.7124 0.6761 -0.1881
vn 0.9489 0.2543 -0.1867
vn 0.8589 0.1131 -0.4995
vn 0.3058 0.0844 0.9483
vn 0.7841 0.3255 -0.5284
vn 0.6739 0.5163 -0.5284
vn 0.7939 0.6061 -0.0480
vn 0.2931 0.3021 -0.9071
vn -0.9846 -0.0000 -0.1747
vn -0.9861 0.0006 -0.1660
vn -0.8644 -0.0006 -0.5027
vn -0.8698 0.0002 -0.4933
vn -0.6412 -0.0000 -0.7674
vn -0.6344 0.0006 -0.7730
vn -0.7588 -0.0000 -0.6513
vn -0.5120 0.8371 -0.1927
vn -0.0373 0.9808 -0.1913
vn -0.7214 0.2627 -0.6408
vn -0.4938 0.0902 -0.8649
vn -0.3284 0.5369 -0.7771
vn -0.3133 0.3604 -0.8786
vn -0.6358 0.5211 -0.5694
vn 0.0251 0.6302 -0.7760
vn -0.0240 0.6303 -0.7760
vn -0.1353 0.6365 -0.7593
vn -0.2300 0.5789 -0.7823
vn 0.0984 0.4129 -0.9054
vn 0.0889 0.8452 -0.5270
vn 0.0955 0.9141 -0.3940
vn 0.0845 0.8706 -0.4847
vn 0.2059 0.9608 -0.1854
vn 0.2060 0.9634 -0.1713
vn 0.1025 0.4905 0.8654
vn 0.2696 0.8227 -0.5005
vn 0.2741 0.8364 -0.4746
vn 0.2429 0.5938 -0.7671
vn -0.3254 0.7841 -0.5285
vn -0.3013 0.7268 -0.6172
vn -0.3077 0.5488 -0.7772
vn -0.1128 0.9467 -0.3018
vn -0.1281 0.9891 -0.0723
vn -0.1106 0.8440 -0.5248
vn -0.0778 0.2894 0.9540
vn -0.1410 0.5267 -0.8383
vn -0.2901 0.9383 -0.1882
vn -0.6741 0.5165 -0.5281
vn -0.7949 0.6067 -0.0059
vn -0.5266 0.3457 -0.7767
vn -0.3980 0.6012 -0.6929
vn -0.5920 0.7746 -0.2227
vn -0.5163 0.6739 -0.5285
vn -0.2106 0.2107 0.9546
vn -0.4685 0.4685 -0.7490
vn -0.7119 0.6767 -0.1878
vn -0.8589 0.1131 -0.4995
vn -0.9284 0.1222 -0.3510
vn -0.6411 0.0193 -0.7672
vn -0.9520 0.2551 -0.1689
vn -0.9489 0.2547 -0.1864
vn -0.3060 0.0844 0.9483
vn -0.7842 0.3255 -0.5282
vn -0.9229 0.3851 0.0066
vn -0.5644 0.2800 -0.7766
vn 0.3661 0.9141 -0.1743
vn 0.3660 0.9141 -0.1747
vn 0.3215 0.8027 -0.5023
vn 0.3214 0.8026 -0.5025
vn 0.2385 0.5955 -0.7671
vn 0.1770 0.5769 -0.7974
vn 0.1870 0.6137 -0.7671
vn 0.2436 0.7889 -0.5641
vn 0.2529 0.8269 -0.5023
vn 0.2883 0.9368 -0.1983
vn 0.2888 0.9414 -0.1744
vn 0.2184 0.5648 -0.7958
vn 0.2143 0.3325 -0.9184
vn 0.3829 0.7007 -0.6020
vn 0.4665 0.2489 -0.8488
vn 0.5490 0.6682 -0.5021
vn 0.7088 0.2388 -0.6637
vn 0.6755 0.6528 -0.3429
vn 0.8831 0.2231 -0.4128
vn 0.7464 0.6493 -0.1455
vn 0.8647 0.4828 -0.1387
vn 0.2591 0.9452 -0.1986
vn 0.2533 0.7861 -0.5639
vn 0.2572 0.9471 -0.1920
vn 0.2901 0.9387 -0.1861
vn 0.2838 0.9433 -0.1723
vn 0.3236 0.9343 -0.1498
vn 0.3127 0.9397 -0.1383
vn 0.3467 0.9326 -0.1001
vn 0.3352 0.9374 -0.0940
vn 0.3572 0.9331 -0.0414
vn 0.3550 0.9339 -0.0412
vn 0.2500 0.7974 -0.5492
vn 0.3733 0.7648 -0.5251
vn 0.3641 0.7853 -0.5007
vn 0.5047 0.7536 -0.4212
vn 0.4902 0.7720 -0.4048
vn 0.5996 0.7492 -0.2814
vn 0.5858 0.7627 -0.2741
vn 0.6508 0.7500 -0.1187
vn 0.6530 0.7480 -0.1189
vn 0.8654 0.4891 -0.1087
vn 0.8687 0.4835 -0.1079
vn 0.6511 0.7555 -0.0726
vn 0.6580 0.7496 -0.0718
vn 0.3521 0.9356 -0.0254
vn 0.3562 0.9341 -0.0252
vn 0.8123 0.5056 -0.2908
vn 0.8190 0.4934 -0.2928
vn 0.6109 0.7684 -0.1909
vn 0.6223 0.7582 -0.1947
vn 0.3304 0.9416 -0.0654
vn 0.3424 0.9370 -0.0693
vn 0.0551 -0.2695 -0.9614
vn 0.2348 0.9045 -0.3561
vn 0.4917 -0.0124 -0.8707
vn 0.3616 0.9022 -0.2352
vn 0.6766 0.5293 -0.5119
vn 0.3048 0.9463 -0.1076
vn 0.5247 0.7839 -0.3321
vn 0.2711 0.9591 -0.0810
vn 0.2285 0.9668 -0.1141
vn 0.2108 0.9738 -0.0857
vn 0.1318 0.9850 -0.1117
vn 0.1312 0.9853 -0.1092
vn 0.5060 0.8024 -0.3163
vn 0.3695 0.8277 -0.4224
vn 0.2862 0.9166 -0.2791
vn 0.1761 0.8386 -0.5156
vn 0.1718 0.8575 -0.4849
vn 0.0144 0.8720 -0.4894
vn 0.0470 0.8706 -0.4897
vn 0.0469 0.8729 -0.4857
vn 0.0575 0.9923 -0.1095
vn 0.0574 0.9925 -0.1082
vn -0.0236 0.9938 -0.1090
vn -0.0239 0.9946 -0.1011
vn -0.0143 0.7200 -0.6939
vn -0.0328 0.8767 -0.4799
vn -0.0401 -0.2651 -0.9634
vn -0.1586 0.9834 0.0877
vn -0.2334 0.8937 -0.3832
vn -0.4935 0.4908 -0.7181
vn -0.3624 0.9128 -0.1885
vn -0.6268 0.5296 -0.5715
vn -0.1342 0.9856 -0.1025
vn -0.1349 0.9842 -0.1145
vn -0.2183 0.9723 -0.0839
vn -0.2313 0.9661 -0.1150
vn -0.2757 0.9580 -0.0788
vn -0.3033 0.9466 -0.1095
vn -0.1261 0.8680 -0.4803
vn -0.2021 0.5489 -0.8111
vn -0.2364 0.9080 -0.3458
vn -0.3813 0.8242 -0.4187
vn -0.3912 0.8049 -0.4462
vn -0.4192 0.8808 -0.2202
vn -0.5203 0.7843 -0.3379
vn -0.7834 0.5099 -0.3553
vn -0.7810 0.5156 -0.3523
vn -0.5928 0.7706 -0.2342
vn -0.5886 0.7749 -0.2303
vn -0.3270 0.9414 -0.0830
vn -0.3223 0.9434 -0.0788
vn -0.8545 0.4880 -0.1782
vn -0.8517 0.4934 -0.1767
vn -0.6441 0.7558 -0.1176
vn -0.6398 0.7598 -0.1159
vn -0.3515 0.9353 -0.0417
vn -0.3451 0.9377 -0.0397
vn -0.8655 0.4905 -0.1017
vn -0.9353 0.3089 -0.1726
vn -0.7111 0.6663 -0.2245
vn -0.8747 0.1734 -0.4527
vn -0.6109 0.6810 -0.4039
vn -0.6814 0.1633 -0.7135
vn -0.4629 0.7050 -0.5373
vn -0.4115 0.1694 -0.8955
vn -0.2902 0.7324 -0.6160
vn -0.2368 0.5988 -0.7651
vn -0.3528 0.9354 -0.0231
vn -0.6494 0.7576 -0.0665
vn -0.3538 0.9350 -0.0236
vn -0.3458 0.9362 -0.0627
vn -0.3540 0.9328 -0.0674
vn -0.3269 0.9383 -0.1131
vn -0.3368 0.9332 -0.1250
vn -0.3009 0.9411 -0.1544
vn -0.3067 0.9363 -0.1712
vn -0.2678 0.9456 -0.1849
vn -0.2679 0.9475 -0.1744
vn -0.6509 0.7562 -0.0673
vn -0.6255 0.7584 -0.1835
vn -0.6346 0.7492 -0.1897
vn -0.5491 0.7664 -0.3334
vn -0.5607 0.7503 -0.3502
vn -0.4350 0.7775 -0.4541
vn -0.4412 0.7582 -0.4801
vn -0.2887 0.7944 -0.5344
vn -0.2933 0.8141 -0.5012
vn -0.2371 0.5962 -0.7670
vn -0.3195 0.8034 -0.5025
vn -0.3195 0.8033 -0.5025
vn -0.3639 0.9150 -0.1743
vn -0.3639 0.9150 -0.1745
vn -0.2881 0.9415 -0.1748
vn -0.2881 0.9415 -0.1746
vn -0.2530 0.8269 -0.5021
vn -0.2529 0.8267 -0.5026
vn -0.1877 0.6135 -0.7671
vn 0.6428 -0.0000 -0.7660
vn 0.6412 -0.0002 -0.7674
vn 0.8191 0.0001 -0.5736
vn 0.8180 -0.0000 -0.5753
vn 0.9063 -0.0000 -0.4227
vn 0.9059 -0.0000 -0.4235
vn 0.9848 0.0001 -0.1736
vn 0.9846 -0.0000 -0.1746
vn 0.9838 0.0465 -0.1734
vn 0.9838 0.0464 -0.1734
vn 0.6297 0.2011 -0.7504
vn 0.8583 0.1328 -0.4956
vn 0.8102 0.1469 -0.5674
vn 0.9005 0.1126 -0.4200
vn 0.9838 0.1270 -0.1269
vn 0.9838 0.1269 -0.1269
vn 0.8583 0.3629 -0.3629
vn 0.8583 0.3628 -0.3628
vn 0.6298 0.5493 -0.5493
vn 0.6297 0.5493 -0.5493
vn 0.9838 0.1733 -0.0464
vn 0.9838 0.1734 -0.0465
vn 0.8583 0.4956 -0.1328
vn 0.8584 0.4955 -0.1328
vn 0.6297 0.7504 -0.2011
vn 0.9848 0.1736 -0.0000
vn 0.8660 0.5000 -0.0000
vn 0.8661 0.4999 -0.0000
vn 0.6428 0.7660 -0.0000
vn 0.6429 0.7660 -0.0000
vn 0.6296 0.2011 -0.7504
vn 0.6296 0.5494 -0.5494
vn 0.6295 0.5494 -0.5494
vn 0.8584 0.3628 -0.3628
vn 0.6298 0.7503 -0.2010
vn 0.6297 0.7503 -0.2011
vn 0.8583 0.4957 -0.1328
vn 0.9838 0.1733 -0.0465
vn -0.6297 0.1220 -0.7672
vn -0.9858 0.0264 -0.1660
vn -0.8672 0.0782 -0.4918
vn -0.9857 0.0806 -0.1483
vn -0.6254 0.5787 -0.5235
vn -0.6280 0.3718 -0.6837
vn -0.6281 0.3717 -0.6836
vn -0.6298 0.5764 -0.5207
vn -0.8452 0.3958 -0.3591
vn -0.9802 0.1471 -0.1323
vn -0.9858 0.1226 -0.1144
vn -0.8616 0.3779 -0.3389
vn -0.8607 0.2432 -0.4473
vn -0.8607 0.2432 -0.4472
vn -0.8616 0.0786 -0.5015
vn -0.7551 0.1031 -0.6475
vn -0.9772 0.1978 -0.0776
vn -0.6826 0.6879 -0.2468
vn -0.6257 0.6831 -0.3767
vn -0.4293 0.8131 -0.3931
vn -0.8445 0.4865 -0.2237
vn -0.9789 0.1902 -0.0749
vn -0.8442 0.4871 -0.2239
vn -0.8407 0.5348 -0.0850
vn -0.3620 0.9194 -0.1538
vn -0.6118 0.7843 -0.1024
vn -0.9759 0.2160 -0.0297
vn -0.9763 0.2145 -0.0295
vn -0.8866 0.4569 -0.0714
vn -0.7929 0.6027 -0.0894
vn -0.9764 0.2161 -0.0000
vn -0.9545 0.2981 -0.0020
vn -0.6150 0.7885 -0.0000
vn -0.6834 0.7300 -0.0020
vn -0.7961 0.6052 -0.0000
vn -0.8889 0.4582 -0.0000
vn -0.3775 0.9232 -0.0715
vn -0.2916 0.9529 0.0838
vn -0.3010 0.9536 -0.0066
vn -0.2448 0.9696 0.0012
vn -0.2457 0.9693 -0.0003
vn -0.2246 0.9744 0.0005
vn -0.2229 0.9748 0.0028
vn -0.2051 0.9787 -0.0018
vn -0.1977 0.9803 0.0032
vn -0.1884 0.9821 -0.0020
vn -0.1881 0.9822 -0.0000
vn -0.1787 0.9839 -0.0001
vn -0.1791 0.9838 0.0003
vn -0.1739 0.9848 -0.0003
vn -0.1738 0.9848 0.0002
vn -0.1663 0.9861 -0.0003
vn -0.1656 0.9862 0.0013
vn -0.1568 0.9876 -0.0030
vn -0.1722 0.9847 -0.0270
vn -0.1307 0.9914 0.0049
vn -0.1169 0.9931 -0.0094
vn -0.1098 0.9940 0.0014
vn -0.0914 0.9958 -0.0008
vn -0.0931 0.9957 -0.0027
vn -0.0415 0.9989 0.0203
vn -0.0438 0.9990 -0.0000
vn 0.0184 0.9998 -0.0000
vn 0.0458 0.9952 0.0863
vn 0.1089 0.9939 0.0184
vn 0.0930 0.9957 -0.0028
vn 0.0599 0.9981 0.0119
vn 0.1109 0.9922 -0.0568
vn 0.1240 0.9923 0.0065
vn 0.1650 0.9861 -0.0187
vn 0.1587 0.9873 -0.0098
vn 0.1609 0.9870 -0.0003
vn 0.1694 0.9855 0.0005
vn 0.1726 0.9850 -0.0024
vn 0.1717 0.9851 0.0008
vn 0.1740 0.9847 -0.0007
vn 0.1737 0.9848 0.0011
vn 0.1767 0.9843 -0.0008
vn 0.1734 0.9848 0.0069
vn 0.1870 0.9824 -0.0043
vn 0.1865 0.9823 0.0152
vn 0.3786 0.9255 -0.0000
vn 0.3713 0.9271 -0.0522
vn 0.3004 0.9517 0.0634
vn 0.2933 0.9560 -0.0056
vn 0.2398 0.9708 0.0019
vn 0.2412 0.9704 0.0106
vn 0.2220 0.9750 -0.0062
vn 0.2223 0.9750 -0.0025
vn 0.2057 0.9786 0.0013
vn 0.2014 0.9795 -0.0093
vn 0.0035 0.9973 -0.0737
vn 0.3787 0.9255 -0.0000
vn 0.3316 0.9404 -0.0762
vn 0.2297 0.9638 0.1352
vn 0.1814 0.9822 -0.0487
vn 0.0966 0.9953 0.0020
vn 0.0398 0.9992 -0.0061
vn -0.3617 0.9319 0.0249
vn -0.3691 0.9291 -0.0242
vn -0.2007 0.9796 0.0101
vn -0.2079 0.9781 -0.0085
vn -0.1148 0.9934 0.0071
vn -0.1184 0.9930 -0.0000
vn -0.6493 0.7601 -0.0258
vn -0.5519 0.8339 0.0012
vn -0.5129 0.8583 -0.0131
vn -0.5214 0.8526 -0.0351
vn -0.4891 0.8722 -0.0033
vn -0.9995 0.0301 -0.0000
vn -0.9577 0.1749 -0.2285
vn -0.8416 0.1931 -0.5045
vn -0.9328 0.3397 -0.1200
vn -0.9002 0.4354 0.0069
vn -0.8953 0.4441 0.0331
vn -0.8398 0.5414 -0.0406
vn -0.8358 0.5488 -0.0139
vn -0.7679 0.6405 0.0117
vn -0.7733 0.6339 -0.0117
vn -0.6558 0.7545 0.0259
vn -0.0000 0.1782 -0.9840
vn 0.0004 0.1782 -0.9840
vn -0.0002 0.1782 -0.9840
vn -0.0000 0.1781 -0.9840
vn 0.0001 0.1782 -0.9840
vn -0.0000 1.0000 -0.0003
vn 0.5872 -0.3114 -0.7472
vn 0.4468 -0.4237 -0.7880
vn 0.5256 -0.2203 -0.8217
vn 0.6177 -0.4325 -0.6569
vn 0.3488 -0.6761 -0.6491
vn 0.5471 -0.4193 -0.7245
vn 0.5603 -0.3923 -0.7295
vn 0.5726 0.8178 0.0583
vn 0.5726 0.8177 0.0593
vn 0.5726 0.8177 0.0585
vn 0.5726 0.8177 0.0584
vn 0.5726 0.8178 0.0584
vn 0.5726 0.8177 0.0587
vn 0.5726 0.8177 0.0586
vn 0.5726 0.8178 0.0585
vn 0.4604 0.6750 0.5765
vn 0.5178 0.7394 0.4303
vn 0.5175 0.7393 0.4309
vn 0.4582 0.6540 0.6020
vn 0.3006 0.4371 0.8477
vn 0.4128 0.5804 0.7020
vn 0.3472 0.5082 0.7881
vn 0.2680 0.3568 0.8949
vn 0.1143 0.1632 0.9800
vn -0.0799 -0.0406 0.9960
vn 0.0330 0.0786 0.9964
vn 0.1908 0.2698 0.9438
vn 0.2476 0.3545 0.9017
vn -0.8192 0.5736 -0.0000
vn 0.1951 -0.9808 -0.0000
vn 0.5556 -0.8315 -0.0000
vn 0.8315 -0.5556 -0.0000
vn 0.9808 -0.1951 -0.0000
vn -0.1234 -0.9924 -0.0000
vn -0.9808 -0.1951 -0.0000
vn -0.8315 -0.5556 -0.0000
vn -0.5556 -0.8315 -0.0000
vn -0.1951 -0.9808 -0.0000
vn -0.1951 0.9808 -0.0000
vn -0.5556 0.8315 -0.0000
vn -0.8315 0.5556 -0.0000
vn -0.9808 0.1951 -0.0000
vn 0.9808 0.1951 -0.0000
vn 0.8315 0.5556 -0.0000
vn 0.5556 0.8315 -0.0000
vn 0.1951 0.9808 -0.0000
vn -0.3735 -0.3735 0.8491
vn -0.5102 -0.1367 0.8491
vn 0.3735 -0.3735 0.8491
vn 0.1367 -0.5102 0.8491
vn -0.1367 -0.5102 0.8491
vn 0.3735 0.3735 0.8491
vn 0.5102 0.1367 0.8491
vn 0.5102 -0.1367 0.8491
vn -0.3735 0.3735 0.8491
vn -0.1367 0.5102 0.8491
vn 0.1367 0.5102 0.8491
vn -0.5102 0.1367 0.8491
vn -0.7071 -0.0001 0.7071
vn -0.7071 0.0001 0.7071
vn -0.1014 0.5209 0.8476
vn -0.1014 -0.5209 0.8476
vn 0.0219 -0.5038 0.8636
vn 0.0268 -0.5022 0.8643
vn 0.1571 -0.4987 0.8524
vn 0.2704 -0.4385 0.8571
vn 0.3799 -0.3623 0.8511
vn 0.3822 -0.3607 0.8507
vn 0.4499 -0.2511 0.8571
vn 0.5100 -0.1288 0.8505
vn 0.5100 -0.1396 0.8488
vn 0.5107 0.1290 0.8500
vn 0.5052 0.1394 0.8517
vn 0.4497 0.2511 0.8572
vn 0.3811 0.3625 0.8505
vn 0.3821 0.3606 0.8508
vn 0.2703 0.4386 0.8571
vn 0.0935 0.5283 0.8439
vn 0.1452 0.4610 0.8755
vn 0.0219 0.5038 0.8636
vn 0.8705 0.4921 -0.0000
vn -0.4235 0.9057 -0.0185
vn -0.9911 0.1325 -0.0152
vn -0.9239 0.3827 -0.0000
vn -0.9920 -0.1260 -0.0000
vn -0.9914 -0.1305 0.0003
vn -0.9256 -0.3785 -0.0003
vn -0.9239 -0.3827 -0.0000
vn -0.2588 -0.9659 -0.0054
vn -0.4386 -0.8987 -0.0000
vn 0.8706 -0.4921 -0.0000
vn 0.9682 -0.2500 -0.0052
vn 0.8732 -0.4874 0.0002
vn 0.8705 -0.4921 -0.0000
vn 0.7273 -0.6864 -0.0000
vn 0.7071 -0.7071 -0.0027
vn 0.5249 -0.8512 -0.0000
vn 0.3005 -0.9538 -0.0000
vn 0.2588 -0.9659 -0.0038
vn 0.0432 -0.9991 -0.0000
vn -0.1910 -0.9816 -0.0000
vn 0.7071 0.7071 -0.0027
vn 0.7273 0.6863 -0.0000
vn 0.8732 0.4874 0.0002
vn 0.9682 0.2500 -0.0052
vn 0.9696 0.2448 -0.0000
vn 0.9696 -0.2448 -0.0000
vn -0.1910 0.9816 -0.0000
vn 0.0434 0.9991 -0.0000
vn 0.2588 0.9659 -0.0038
vn 0.3005 0.9538 -0.0000
vn 0.5248 0.8512 -0.0000
vn 0.0836 -0.9965 -0.0000
vn 0.8162 -0.5777 0.0005
vn 0.8170 -0.5767 -0.0000
vn 0.5438 -0.8392 -0.0000
vn 0.1905 -0.9817 -0.0000
vn 0.9332 -0.3593 0.0005
vn 0.9992 -0.0405 -0.0000
vn 0.9830 -0.1834 -0.0000
vn 0.9640 -0.2619 -0.0457
vn 0.9600 -0.2801 -0.0000
vn 0.9330 -0.3598 -0.0000
s 0
usemtl black_spec.038
f 1//1 2//1 3//1
f 4//2 5//2 6//2
f 7//3 8//3 9//3
f 10//4 11//4 12//4
f 12//5 11//5 13//5
f 12//6 13//6 14//6
f 14//7 13//7 15//7
f 5//8 4//8 16//8
f 16//9 4//9 17//9
f 16//10 17//10 10//10
f 10//11 17//11 18//11
f 10//12 18//12 11//12
f 19//13 20//13 21//13
f 21//14 20//14 22//14
f 21//15 22//15 23//15
f 23//16 22//16 24//16
f 23//17 24//17 3//17
f 3//18 24//18 25//18
f 3//19 25//19 1//19
f 15//20 7//20 14//20
f 14//3 7//3 9//3
f 14//21 9//21 26//21
f 26//22 9//22 27//22
f 26//23 27//23 28//23
f 28//24 27//24 29//24
f 29//25 27//25 30//25
f 29//26 30//26 31//26
f 31//27 30//27 32//27
f 32//28 30//28 33//28
f 32//29 33//29 34//29
f 35//30 36//30 33//30
f 33//31 36//31 37//31
f 33//32 37//32 34//32
f 38//33 39//33 35//33
f 35//34 39//34 40//34
f 35//35 40//35 36//35
f 41//36 42//36 43//36
f 43//37 42//37 44//37
f 43//38 44//38 38//38
f 38//39 44//39 45//39
f 38//40 45//40 39//40
f 41//41 43//41 46//41
f 46//42 43//42 47//42
f 46//43 47//43 48//43
f 48//44 47//44 49//44
f 49//45 47//45 50//45
f 49//46 50//46 51//46
f 51//47 50//47 52//47
f 52//48 50//48 53//48
f 52//49 53//49 54//49
f 54//50 53//50 55//50
f 55//51 53//51 56//51
f 55//52 56//52 57//52
f 57//53 56//53 58//53
f 58//54 56//54 59//54
f 58//55 59//55 19//55
f 19//56 59//56 60//56
f 19//56 60//56 20//56
f 61//57 62//57 63//57
f 64//58 65//58 66//58
f 66//59 65//59 67//59
f 66//57 67//57 68//57
f 61//57 63//57 69//57
f 69//57 63//57 70//57
f 69//57 70//57 71//57
f 71//57 70//57 72//57
f 71//57 72//57 73//57
f 73//57 72//57 74//57
f 73//57 74//57 75//57
f 75//60 74//60 76//60
f 75//57 76//57 64//57
f 64//61 76//61 77//61
f 64//57 77//57 65//57
f 78//62 68//62 79//62
f 79//63 68//63 67//63
f 80//64 78//64 79//64
f 81//65 82//65 83//65
f 83//66 82//66 84//66
f 83//67 84//67 85//67
f 85//68 84//68 86//68
f 85//69 86//69 87//69
f 87//70 86//70 88//70
f 87//71 88//71 89//71
f 89//72 88//72 90//72
f 90//73 88//73 91//73
f 90//74 91//74 92//74
f 76//75 74//75 93//75
f 93//76 94//76 95//76
f 76//77 93//77 96//77
f 96//78 93//78 95//78
f 96//79 95//79 97//79
f 98//80 99//80 100//80
f 100//81 99//81 101//81
f 100//82 101//82 102//82
f 102//83 101//83 93//83
f 102//84 93//84 103//84
f 103//85 93//85 74//85
f 103//86 74//86 72//86
f 99//87 91//87 101//87
f 101//88 91//88 88//88
f 101//89 88//89 93//89
f 93//89 88//89 86//89
f 93//90 86//90 94//90
f 94//91 86//91 84//91
f 104//92 105//92 92//92
f 92//93 105//93 90//93
f 90//94 105//94 89//94
f 89//95 105//95 106//95
f 89//96 106//96 87//96
f 87//97 106//97 85//97
f 85//98 106//98 107//98
f 85//99 107//99 83//99
f 83//100 107//100 108//100
f 83//101 108//101 81//101
f 109//102 110//102 106//102
f 106//103 110//103 111//103
f 106//104 111//104 107//104
f 107//105 111//105 112//105
f 107//106 112//106 108//106
f 113//107 114//107 115//107
f 109//108 106//108 116//108
f 116//109 106//109 105//109
f 116//110 105//110 115//110
f 115//111 105//111 104//111
f 115//112 104//112 113//112
f 108//113 112//113 81//113
f 81//114 112//114 82//114
f 97//115 77//115 96//115
f 96//116 77//116 76//116
f 117//117 118//117 119//117
f 120//118 23//118 121//118
f 121//119 23//119 3//119
f 121//120 3//120 122//120
f 123//121 19//121 120//121
f 120//122 19//122 21//122
f 120//118 21//118 23//118
f 124//123 54//123 125//123
f 125//124 54//124 55//124
f 125//125 55//125 126//125
f 126//126 55//126 57//126
f 126//127 57//127 123//127
f 123//128 57//128 58//128
f 123//129 58//129 19//129
f 127//130 51//130 124//130
f 124//131 51//131 52//131
f 124//123 52//123 54//123
f 42//132 41//132 128//132
f 128//133 41//133 46//133
f 128//134 46//134 129//134
f 129//135 46//135 48//135
f 129//136 48//136 127//136
f 127//137 48//137 49//137
f 127//138 49//138 51//138
f 42//139 128//139 44//139
f 44//140 128//140 130//140
f 44//141 130//141 45//141
f 45//142 130//142 131//142
f 45//143 131//143 39//143
f 39//144 131//144 40//144
f 40//145 131//145 132//145
f 40//146 132//146 36//146
f 36//147 132//147 133//147
f 36//147 133//147 37//147
f 37//148 133//148 34//148
f 34//149 133//149 134//149
f 34//150 134//150 32//150
f 32//151 134//151 31//151
f 31//152 134//152 135//152
f 31//153 135//153 29//153
f 29//154 135//154 136//154
f 29//154 136//154 28//154
f 28//155 136//155 137//155
f 28//155 137//155 26//155
f 26//156 137//156 14//156
f 14//157 137//157 138//157
f 14//158 138//158 12//158
f 12//159 138//159 10//159
f 10//160 138//160 139//160
f 10//161 139//161 16//161
f 16//162 139//162 140//162
f 16//163 140//163 5//163
f 5//164 140//164 6//164
f 6//165 140//165 141//165
f 6//166 141//166 142//166
f 142//167 141//167 78//167
f 142//168 78//168 80//168
f 143//169 66//169 68//169
f 143//170 68//170 144//170
f 66//171 143//171 64//171
f 64//172 143//172 145//172
f 64//173 145//173 75//173
f 146//174 71//174 73//174
f 146//175 73//175 147//175
f 71//176 146//176 69//176
f 69//177 146//177 119//177
f 69//178 119//178 61//178
f 61//179 119//179 118//179
f 61//180 118//180 62//180
f 117//117 119//117 148//117
f 148//181 119//181 146//181
f 148//182 146//182 149//182
f 149//183 146//183 147//183
f 149//184 147//184 150//184
f 150//185 147//185 151//185
f 150//185 151//185 152//185
f 152//186 151//186 153//186
f 152//186 153//186 154//186
f 154//187 153//187 155//187
f 154//188 155//188 156//188
f 156//189 155//189 157//189
f 156//189 157//189 158//189
f 158//190 157//190 159//190
f 158//191 159//191 160//191
f 160//192 159//192 161//192
f 160//192 161//192 162//192
f 162//193 161//193 163//193
f 162//193 163//193 164//193
f 164//194 163//194 165//194
f 164//194 165//194 166//194
f 166//195 165//195 167//195
f 166//196 167//196 168//196
f 168//197 167//197 169//197
f 168//198 169//198 170//198
f 170//199 169//199 171//199
f 170//200 171//200 172//200
f 172//201 171//201 173//201
f 172//201 173//201 174//201
f 174//202 173//202 175//202
f 174//203 175//203 176//203
f 176//204 175//204 177//204
f 176//204 177//204 178//204
f 178//205 177//205 179//205
f 178//206 179//206 180//206
f 180//207 179//207 181//207
f 180//207 181//207 182//207
f 182//208 181//208 183//208
f 182//209 183//209 184//209
f 184//210 183//210 185//210
f 184//211 185//211 186//211
f 186//212 185//212 187//212
f 186//213 187//213 188//213
f 188//214 187//214 189//214
f 188//215 189//215 190//215
f 190//216 189//216 191//216
f 190//216 191//216 192//216
f 192//217 191//217 193//217
f 192//217 193//217 194//217
f 194//218 193//218 195//218
f 194//218 195//218 196//218
f 197//219 198//219 199//219
f 3//220 2//220 122//220
f 122//221 2//221 200//221
f 122//222 200//222 198//222
f 198//223 197//223 122//223
f 122//224 197//224 201//224
f 122//224 201//224 121//224
f 121//225 201//225 202//225
f 121//225 202//225 120//225
f 120//226 202//226 203//226
f 120//226 203//226 123//226
f 123//227 203//227 204//227
f 123//227 204//227 126//227
f 126//228 204//228 205//228
f 126//228 205//228 125//228
f 125//229 205//229 206//229
f 125//230 206//230 124//230
f 124//231 206//231 207//231
f 124//231 207//231 127//231
f 127//232 207//232 208//232
f 127//232 208//232 129//232
f 129//233 208//233 209//233
f 129//234 209//234 128//234
f 128//235 209//235 210//235
f 128//235 210//235 130//235
f 130//236 210//236 211//236
f 130//236 211//236 131//236
f 131//237 211//237 212//237
f 131//238 212//238 132//238
f 132//239 212//239 213//239
f 132//240 213//240 133//240
f 133//241 213//241 214//241
f 133//241 214//241 134//241
f 134//242 214//242 215//242
f 134//243 215//243 135//243
f 135//244 215//244 216//244
f 135//244 216//244 136//244
f 136//245 216//245 217//245
f 136//245 217//245 137//245
f 137//246 217//246 218//246
f 137//247 218//247 138//247
f 138//248 218//248 219//248
f 138//249 219//249 139//249
f 139//250 219//250 220//250
f 139//250 220//250 140//250
f 140//251 220//251 144//251
f 140//251 144//251 141//251
f 141//252 144//252 68//252
f 141//253 68//253 78//253
f 221//254 196//254 199//254
f 199//255 196//255 195//255
f 199//256 195//256 197//256
f 197//257 195//257 193//257
f 197//257 193//257 201//257
f 201//258 193//258 191//258
f 201//258 191//258 202//258
f 202//259 191//259 189//259
f 202//260 189//260 203//260
f 203//261 189//261 187//261
f 203//261 187//261 204//261
f 204//262 187//262 185//262
f 204//262 185//262 205//262
f 205//263 185//263 183//263
f 205//263 183//263 206//263
f 206//264 183//264 181//264
f 206//265 181//265 207//265
f 207//266 181//266 179//266
f 207//266 179//266 208//266
f 208//267 179//267 177//267
f 208//267 177//267 209//267
f 209//268 177//268 175//268
f 209//269 175//269 210//269
f 210//270 175//270 173//270
f 210//271 173//271 211//271
f 211//272 173//272 171//272
f 211//273 171//273 212//273
f 212//274 171//274 169//274
f 212//275 169//275 213//275
f 213//276 169//276 167//276
f 213//277 167//277 214//277
f 214//278 167//278 165//278
f 214//279 165//279 215//279
f 215//280 165//280 163//280
f 215//281 163//281 216//281
f 216//282 163//282 161//282
f 216//282 161//282 217//282
f 217//283 161//283 159//283
f 217//283 159//283 218//283
f 218//284 159//284 157//284
f 218//285 157//285 219//285
f 219//286 157//286 155//286
f 219//287 155//287 220//287
f 220//288 155//288 153//288
f 220//289 153//289 144//289
f 144//290 153//290 151//290
f 144//290 151//290 143//290
f 143//291 151//291 147//291
f 143//292 147//292 145//292
f 145//293 147//293 73//293
f 145//294 73//294 75//294
f 43//295 38//295 222//295
f 223//295 224//295 60//295
f 225//296 226//296 8//296
f 8//295 226//295 38//295
f 8//295 38//295 9//295
f 222//295 227//295 60//295
f 60//295 227//295 228//295
f 35//295 33//295 30//295
f 229//297 222//297 230//297
f 230//295 222//295 38//295
f 230//298 38//298 231//298
f 231//298 38//298 226//298
f 35//295 30//295 38//295
f 38//295 30//295 27//295
f 38//295 27//295 9//295
f 60//295 59//295 222//295
f 222//295 59//295 56//295
f 222//295 56//295 53//295
f 228//295 232//295 60//295
f 60//295 232//295 233//295
f 60//295 233//295 223//295
f 53//295 50//295 222//295
f 222//295 50//295 47//295
f 222//295 47//295 43//295
f 234//299 235//299 236//299
f 236//299 235//299 237//299
f 236//299 237//299 238//299
f 238//300 237//300 239//300
f 196//300 221//300 117//300
f 117//300 221//300 240//300
f 117//300 240//300 241//300
f 148//300 178//300 180//300
f 148//300 192//300 117//300
f 117//300 192//300 194//300
f 117//300 194//300 196//300
f 172//300 174//300 150//300
f 180//300 182//300 148//300
f 148//300 182//300 184//300
f 148//300 184//300 186//300
f 162//300 164//300 166//300
f 148//300 149//300 178//300
f 178//300 149//300 150//300
f 178//300 150//300 176//300
f 176//300 150//300 174//300
f 241//299 242//299 117//299
f 117//300 242//300 243//300
f 117//301 243//301 244//301
f 244//302 243//302 245//302
f 244//299 245//299 239//299
f 239//303 245//303 238//303
f 238//304 245//304 246//304
f 186//300 188//300 148//300
f 148//300 188//300 190//300
f 148//300 190//300 192//300
f 172//300 150//300 170//300
f 170//300 150//300 152//300
f 170//300 152//300 154//300
f 154//300 156//300 170//300
f 170//300 156//300 158//300
f 170//300 158//300 168//300
f 168//300 158//300 166//300
f 166//300 158//300 160//300
f 166//300 160//300 162//300
f 247//305 248//305 249//305
f 249//305 248//305 250//305
f 249//305 250//305 251//305
f 251//305 250//305 252//305
f 247//305 253//305 248//305
f 248//305 253//305 254//305
f 248//305 254//305 255//305
f 255//305 254//305 256//305
f 257//306 258//306 259//306
f 259//307 258//307 260//307
f 259//308 260//308 261//308
f 262//309 263//309 264//309
f 264//310 263//310 265//310
f 266//311 267//311 268//311
f 268//312 267//312 259//312
f 268//313 259//313 265//313
f 265//314 259//314 261//314
f 265//315 261//315 264//315
f 269//316 270//316 271//316
f 271//317 270//317 272//317
f 271//318 272//318 273//318
f 274//319 275//319 276//319
f 276//320 275//320 277//320
f 276//321 277//321 278//321
f 278//322 277//322 279//322
f 278//323 279//323 280//323
f 280//324 279//324 281//324
f 280//325 281//325 282//325
f 273//326 272//326 282//326
f 282//327 272//327 283//327
f 282//328 283//328 280//328
f 280//329 283//329 284//329
f 280//330 284//330 278//330
f 270//331 285//331 286//331
f 270//332 286//332 272//332
f 272//333 286//333 287//333
f 272//334 287//334 283//334
f 283//335 287//335 288//335
f 283//336 288//336 284//336
f 289//337 290//337 291//337
f 292//338 263//338 262//338
f 292//339 262//339 290//339
f 252//340 289//340 251//340
f 251//341 289//341 291//341
f 251//342 291//342 249//342
f 293//343 253//343 291//343
f 291//344 253//344 247//344
f 291//345 247//345 249//345
f 290//346 262//346 291//346
f 291//347 262//347 264//347
f 291//348 264//348 293//348
f 294//349 295//349 296//349
f 297//350 298//350 299//350
f 299//351 298//351 266//351
f 299//352 294//352 297//352
f 297//353 294//353 296//353
f 297//354 296//354 298//354
f 298//355 296//355 300//355
f 301//356 269//356 271//356
f 301//357 271//357 302//357
f 302//358 303//358 304//358
f 304//359 303//359 296//359
f 304//360 296//360 295//360
f 281//361 279//361 305//361
f 305//362 279//362 277//362
f 305//363 277//363 275//363
f 275//364 306//364 305//364
f 305//365 306//365 303//365
f 305//366 303//366 307//366
f 307//367 303//367 302//367
f 302//368 271//368 307//368
f 307//369 271//369 273//369
f 307//370 273//370 305//370
f 305//371 273//371 282//371
f 305//372 282//372 281//372
f 275//373 308//373 306//373
f 306//374 308//374 309//374
f 306//375 309//375 303//375
f 303//376 309//376 300//376
f 303//377 300//377 296//377
f 265//378 310//378 268//378
f 268//379 310//379 299//379
f 268//380 299//380 266//380
f 311//381 312//381 313//381
f 314//382 285//382 315//382
f 316//382 313//382 317//382
f 317//382 313//382 318//382
f 317//382 318//382 319//382
f 319//383 318//383 320//383
f 319//383 320//383 321//383
f 321//383 320//383 322//383
f 287//382 286//382 288//382
f 288//382 286//382 285//382
f 288//382 285//382 323//382
f 323//384 285//384 324//384
f 316//382 325//382 313//382
f 313//382 325//382 326//382
f 313//382 326//382 311//382
f 324//385 285//385 327//385
f 327//382 285//382 314//382
f 327//386 314//386 328//386
f 328//387 329//387 327//387
f 327//382 329//382 330//382
f 327//388 330//388 320//388
f 320//389 330//389 331//389
f 320//389 331//389 322//389
f 332//382 333//382 334//382
f 315//382 250//382 314//382
f 314//382 250//382 335//382
f 314//382 335//382 336//382
f 336//382 335//382 337//382
f 336//382 337//382 338//382
f 338//382 337//382 332//382
f 338//382 332//382 339//382
f 339//382 332//382 334//382
f 340//390 341//390 342//390
f 343//390 344//390 342//390
f 342//390 344//390 345//390
f 342//390 345//390 340//390
f 346//390 347//390 348//390
f 348//390 349//390 346//390
f 346//390 349//390 350//390
f 346//390 350//390 351//390
f 352//390 353//390 354//390
f 354//390 353//390 355//390
f 63//390 62//390 118//390
f 117//390 244//390 118//390
f 118//390 244//390 239//390
f 118//390 239//390 63//390
f 353//391 352//391 356//391
f 357//391 358//391 359//391
f 360//391 361//391 356//391
f 356//391 361//391 362//391
f 356//391 362//391 353//391
f 353//391 362//391 363//391
f 364//392 365//392 366//392
f 366//391 365//391 367//391
f 363//391 368//391 353//391
f 353//391 368//391 369//391
f 353//391 369//391 370//391
f 371//391 353//391 372//391
f 372//391 353//391 359//391
f 372//391 359//391 373//391
f 373//391 359//391 358//391
f 367//391 374//391 366//391
f 366//391 374//391 375//391
f 366//391 375//391 362//391
f 362//391 375//391 376//391
f 362//391 376//391 363//391
f 377//391 378//391 379//391
f 379//391 378//391 380//391
f 379//391 380//391 381//391
f 381//391 380//391 357//391
f 381//391 357//391 382//391
f 382//391 357//391 359//391
f 383//393 359//393 384//393
f 384//391 359//391 353//391
f 384//391 353//391 385//391
f 385//391 353//391 370//391
f 386//394 337//394 248//394
f 248//395 337//395 335//395
f 248//396 335//396 250//396
f 357//397 387//397 358//397
f 358//397 387//397 388//397
f 358//398 388//398 373//398
f 373//398 388//398 389//398
f 373//399 389//399 372//399
f 372//399 389//399 390//399
f 391//390 371//390 390//390
f 390//390 371//390 372//390
f 355//400 353//400 391//400
f 391//400 353//400 371//400
f 392//401 393//401 394//401
f 395//402 396//402 232//402
f 397//403 223//403 398//403
f 398//404 223//404 399//404
f 397//405 400//405 401//405
f 224//406 223//406 402//406
f 402//407 223//407 397//407
f 402//408 397//408 403//408
f 403//409 397//409 401//409
f 399//410 223//410 404//410
f 404//411 223//411 233//411
f 404//412 233//412 405//412
f 396//413 406//413 232//413
f 232//414 406//414 407//414
f 232//415 407//415 233//415
f 233//416 407//416 408//416
f 233//417 408//417 405//417
f 227//418 409//418 228//418
f 228//419 409//419 410//419
f 410//420 392//420 228//420
f 228//421 392//421 394//421
f 228//422 394//422 232//422
f 232//423 394//423 411//423
f 232//424 411//424 395//424
f 412//425 227//425 413//425
f 413//426 227//426 222//426
f 412//427 414//427 227//427
f 227//428 414//428 415//428
f 227//429 415//429 409//429
f 416//430 417//430 418//430
f 418//431 417//431 419//431
f 418//432 419//432 420//432
f 416//433 421//433 417//433
f 417//434 421//434 422//434
f 417//435 422//435 423//435
f 424//436 425//436 426//436
f 425//437 427//437 426//437
f 426//438 427//438 428//438
f 426//439 428//439 422//439
f 422//440 428//440 429//440
f 422//441 429//441 423//441
f 426//442 430//442 424//442
f 424//443 430//443 431//443
f 424//444 431//444 432//444
f 432//445 431//445 433//445
f 432//446 433//446 434//446
f 434//447 433//447 435//447
f 434//448 435//448 436//448
f 436//449 435//449 382//449
f 436//450 382//450 437//450
f 437//451 382//451 359//451
f 438//452 439//452 336//452
f 336//453 439//453 440//453
f 336//454 440//454 314//454
f 336//455 441//455 438//455
f 438//456 441//456 442//456
f 438//457 442//457 443//457
f 444//458 445//458 446//458
f 446//459 445//459 447//459
f 446//460 447//460 448//460
f 448//461 447//461 443//461
f 448//462 443//462 449//462
f 449//463 443//463 442//463
f 444//464 446//464 450//464
f 450//465 446//465 451//465
f 450//466 451//466 452//466
f 452//467 451//467 453//467
f 452//468 453//468 454//468
f 454//469 453//469 455//469
f 454//470 455//470 456//470
f 456//471 455//471 457//471
f 456//472 457//472 458//472
f 459//473 460//473 461//473
f 462//474 463//474 464//474
f 464//475 463//475 465//475
f 464//476 465//476 466//476
f 466//477 465//477 467//477
f 466//478 467//478 468//478
f 469//479 470//479 471//479
f 471//480 470//480 472//480
f 471//481 472//481 473//481
f 473//481 472//481 474//481
f 473//482 474//482 463//482
f 463//483 474//483 475//483
f 463//484 475//484 465//484
f 469//485 476//485 477//485
f 478//486 479//486 480//486
f 480//487 479//487 481//487
f 480//488 481//488 482//488
f 482//489 481//489 483//489
f 482//490 483//490 477//490
f 477//491 483//491 484//491
f 477//492 484//492 469//492
f 469//493 484//493 485//493
f 469//494 485//494 470//494
f 458//495 457//495 486//495
f 486//496 457//496 487//496
f 486//497 487//497 480//497
f 480//498 487//498 488//498
f 480//499 488//499 478//499
f 478//500 488//500 489//500
f 468//501 459//501 466//501
f 466//502 459//502 461//502
f 466//503 461//503 490//503
f 490//504 461//504 491//504
f 490//505 491//505 420//505
f 420//506 491//506 418//506
f 492//390 493//390 494//390
f 494//390 493//390 495//390
f 494//390 495//390 496//390
f 497//390 498//390 494//390
f 494//390 498//390 499//390
f 494//390 499//390 492//390
f 500//390 501//390 494//390
f 494//390 501//390 502//390
f 494//390 502//390 497//390
f 496//390 503//390 494//390
f 494//390 503//390 504//390
f 494//390 504//390 500//390
f 502//507 505//507 497//507
f 497//508 505//508 506//508
f 497//508 506//508 498//508
f 498//509 506//509 507//509
f 498//509 507//509 499//509
f 499//510 507//510 508//510
f 499//510 508//510 492//510
f 492//511 508//511 509//511
f 492//511 509//511 493//511
f 493//512 509//512 510//512
f 493//512 510//512 495//512
f 495//513 510//513 511//513
f 495//513 511//513 496//513
f 496//514 511//514 512//514
f 496//514 512//514 503//514
f 503//515 512//515 513//515
f 503//515 513//515 504//515
f 504//516 513//516 514//516
f 504//516 514//516 500//516
f 500//517 514//517 515//517
f 500//517 515//517 501//517
f 501//518 515//518 516//518
f 501//518 516//518 502//518
f 502//507 516//507 505//507
f 506//390 505//390 517//390
f 516//390 518//390 505//390
f 505//390 518//390 519//390
f 505//390 519//390 517//390
f 517//390 520//390 506//390
f 506//390 520//390 521//390
f 506//390 521//390 507//390
f 507//390 521//390 522//390
f 507//390 522//390 508//390
f 508//390 522//390 523//390
f 508//390 523//390 509//390
f 509//390 523//390 524//390
f 509//390 524//390 510//390
f 510//390 524//390 525//390
f 510//390 525//390 511//390
f 511//390 525//390 526//390
f 511//390 526//390 512//390
f 512//390 526//390 527//390
f 512//390 527//390 513//390
f 513//390 527//390 528//390
f 513//390 528//390 514//390
f 514//390 528//390 529//390
f 514//390 529//390 515//390
f 515//390 529//390 530//390
f 515//390 530//390 516//390
f 516//390 530//390 531//390
f 516//390 531//390 518//390
f 531//519 532//519 518//519
f 518//519 532//519 533//519
f 518//520 533//520 519//520
f 519//520 533//520 534//520
f 519//521 534//521 517//521
f 517//522 534//522 535//522
f 536//382 520//382 535//382
f 535//382 520//382 517//382
f 532//523 531//523 530//523
f 532//523 530//523 537//523
f 537//524 530//524 529//524
f 537//524 529//524 538//524
f 538//525 529//525 528//525
f 538//525 528//525 539//525
f 539//526 528//526 527//526
f 539//526 527//526 540//526
f 540//527 527//527 526//527
f 540//527 526//527 541//527
f 541//528 526//528 525//528
f 541//528 525//528 542//528
f 542//529 525//529 524//529
f 542//529 524//529 543//529
f 543//530 524//530 523//530
f 543//530 523//530 544//530
f 544//531 523//531 522//531
f 544//531 522//531 545//531
f 545//532 522//532 521//532
f 545//532 521//532 546//532
f 546//533 521//533 520//533
f 546//533 520//533 536//533
f 547//534 548//534 549//534
f 547//535 549//535 550//535
f 550//536 549//536 551//536
f 550//536 551//536 552//536
f 552//537 551//537 553//537
f 552//538 553//538 554//538
f 555//539 556//539 557//539
f 555//539 557//539 558//539
f 558//540 557//540 559//540
f 558//540 559//540 560//540
f 560//541 559//541 553//541
f 553//542 559//542 554//542
f 561//543 562//543 563//543
f 561//544 563//544 564//544
f 564//545 563//545 565//545
f 564//545 565//545 566//545
f 566//546 565//546 556//546
f 566//546 556//546 555//546
f 567//547 568//547 561//547
f 561//548 568//548 569//548
f 561//549 569//549 570//549
f 571//550 562//550 572//550
f 572//551 562//551 561//551
f 572//552 561//552 573//552
f 573//553 561//553 570//553
f 574//554 575//554 576//554
f 576//555 575//555 577//555
f 577//556 578//556 576//556
f 576//557 578//557 579//557
f 576//558 579//558 580//558
f 581//559 582//559 583//559
f 583//560 582//560 584//560
f 583//560 584//560 585//560
f 574//561 576//561 581//561
f 581//562 576//562 586//562
f 581//559 586//559 582//559
f 548//563 547//563 587//563
f 548//563 587//563 588//563
f 588//564 587//564 589//564
f 588//564 589//564 590//564
f 590//565 589//565 585//565
f 590//565 585//565 584//565
f 548//566 591//566 592//566
f 548//567 592//567 549//567
f 593//568 594//568 595//568
f 595//569 594//569 596//569
f 592//570 597//570 549//570
f 549//571 597//571 598//571
f 549//572 598//572 551//572
f 551//573 598//573 596//573
f 551//574 596//574 553//574
f 553//574 596//574 594//574
f 599//575 600//575 601//575
f 602//576 603//576 604//576
f 604//576 603//576 605//576
f 604//576 605//576 606//576
f 607//576 608//576 603//576
f 603//577 608//577 609//577
f 610//578 611//578 612//578
f 612//579 611//579 613//579
f 614//576 605//576 611//576
f 611//580 605//580 615//580
f 602//576 616//576 603//576
f 603//576 616//576 617//576
f 603//576 617//576 618//576
f 619//576 620//576 601//576
f 601//576 620//576 621//576
f 601//576 621//576 622//576
f 623//581 624//581 611//581
f 611//582 624//582 625//582
f 611//583 625//583 613//583
f 614//576 626//576 605//576
f 605//576 626//576 627//576
f 605//576 627//576 606//576
f 618//576 628//576 603//576
f 603//576 628//576 629//576
f 603//576 629//576 630//576
f 622//576 631//576 601//576
f 601//576 631//576 632//576
f 601//576 632//576 633//576
f 609//584 599//584 603//584
f 603//585 599//585 601//585
f 603//576 601//576 634//576
f 634//576 601//576 633//576
f 615//586 635//586 611//586
f 611//587 635//587 636//587
f 611//588 636//588 623//588
f 637//576 638//576 639//576
f 639//576 638//576 640//576
f 639//576 640//576 641//576
f 630//576 642//576 603//576
f 603//576 642//576 643//576
f 603//576 643//576 607//576
f 619//576 601//576 639//576
f 639//576 601//576 644//576
f 639//576 644//576 637//576
f 609//589 608//589 607//589
f 645//590 638//590 637//590
f 646//591 647//591 645//591
f 645//592 637//592 646//592
f 646//593 637//593 644//593
f 646//593 644//593 648//593
f 648//594 644//594 601//594
f 648//595 601//595 649//595
f 601//596 600//596 649//596
f 649//597 600//597 599//597
f 649//598 599//598 650//598
f 650//599 599//599 609//599
f 643//600 642//600 651//600
f 609//601 607//601 650//601
f 650//602 607//602 643//602
f 650//602 643//602 652//602
f 652//603 643//603 651//603
f 652//604 651//604 653//604
f 654//390 536//390 655//390
f 655//390 536//390 535//390
f 655//390 535//390 534//390
f 547//390 550//390 538//390
f 534//390 533//390 655//390
f 655//390 533//390 532//390
f 655//390 532//390 656//390
f 656//390 532//390 657//390
f 546//390 658//390 659//390
f 543//390 660//390 542//390
f 542//390 660//390 661//390
f 542//390 661//390 662//390
f 663//390 664//390 544//390
f 544//390 664//390 665//390
f 544//390 665//390 543//390
f 543//390 665//390 666//390
f 543//390 666//390 660//390
f 585//390 540//390 583//390
f 583//390 540//390 541//390
f 583//390 541//390 581//390
f 581//390 541//390 542//390
f 581//390 542//390 574//390
f 574//390 542//390 662//390
f 574//390 662//390 575//390
f 545//390 667//390 544//390
f 544//390 667//390 668//390
f 544//390 668//390 663//390
f 659//390 669//390 546//390
f 546//390 669//390 670//390
f 546//390 670//390 545//390
f 545//390 670//390 671//390
f 545//390 671//390 667//390
f 587//390 547//390 589//390
f 589//390 547//390 538//390
f 589//390 538//390 585//390
f 585//390 538//390 539//390
f 585//390 539//390 540//390
f 550//390 552//390 538//390
f 538//390 552//390 554//390
f 538//390 554//390 559//390
f 654//390 672//390 536//390
f 536//390 672//390 673//390
f 536//390 673//390 546//390
f 546//390 673//390 674//390
f 546//390 674//390 658//390
f 571//390 657//390 562//390
f 562//390 657//390 532//390
f 562//390 532//390 563//390
f 563//390 532//390 537//390
f 563//390 537//390 565//390
f 565//390 537//390 538//390
f 565//390 538//390 556//390
f 556//390 538//390 559//390
f 556//390 559//390 557//390
f 675//605 676//605 677//605
f 645//606 647//606 678//606
f 638//607 645//607 640//607
f 640//608 645//608 678//608
f 640//609 678//609 641//609
f 641//610 678//610 679//610
f 680//611 677//611 622//611
f 622//612 621//612 680//612
f 680//613 621//613 620//613
f 680//614 620//614 681//614
f 681//615 620//615 619//615
f 681//616 619//616 639//616
f 675//617 677//617 682//617
f 682//618 677//618 680//618
f 682//619 680//619 683//619
f 683//620 680//620 681//620
f 683//621 681//621 679//621
f 679//622 681//622 639//622
f 679//623 639//623 641//623
f 558//624 560//624 684//624
f 685//624 686//624 687//624
f 687//624 686//624 688//624
f 687//624 688//624 689//624
f 560//624 553//624 684//624
f 684//624 553//624 594//624
f 684//624 594//624 593//624
f 684//624 690//624 687//624
f 687//624 690//624 691//624
f 687//624 691//624 685//624
f 555//624 558//624 566//624
f 566//624 558//624 684//624
f 566//624 684//624 564//624
f 564//624 684//624 687//624
f 564//624 687//624 561//624
f 692//625 567//625 693//625
f 693//626 567//626 561//626
f 693//627 561//627 694//627
f 694//624 561//624 687//624
f 695//628 696//628 697//628
f 697//629 696//629 698//629
f 698//630 699//630 700//630
f 699//631 701//631 700//631
f 700//632 701//632 702//632
f 700//633 702//633 703//633
f 698//634 700//634 697//634
f 697//635 700//635 569//635
f 697//636 569//636 695//636
f 569//637 568//637 695//637
f 695//638 568//638 567//638
f 695//639 567//639 704//639
f 704//640 567//640 692//640
f 704//641 692//641 693//641
f 694//642 705//642 693//642
f 693//643 705//643 706//643
f 693//644 706//644 704//644
f 571//645 572//645 703//645
f 703//646 572//646 573//646
f 703//647 573//647 700//647
f 700//648 573//648 570//648
f 700//649 570//649 569//649
f 707//650 708//650 571//650
f 571//651 708//651 657//651
f 709//652 710//652 708//652
f 708//653 710//653 711//653
f 708//654 711//654 657//654
f 657//655 711//655 712//655
f 657//656 712//656 656//656
f 713//657 714//657 715//657
f 703//658 702//658 716//658
f 716//659 702//659 717//659
f 716//660 717//660 715//660
f 715//661 717//661 718//661
f 715//662 718//662 713//662
f 571//663 703//663 707//663
f 707//664 703//664 716//664
f 707//665 716//665 708//665
f 708//666 716//666 715//666
f 708//667 715//667 709//667
f 709//668 715//668 714//668
f 719//669 720//669 721//669
f 722//670 723//670 724//670
f 724//671 723//671 725//671
f 726//672 727//672 728//672
f 726//673 728//673 729//673
f 728//674 730//674 729//674
f 729//675 730//675 731//675
f 729//676 731//676 721//676
f 721//677 731//677 732//677
f 721//678 732//678 719//678
f 733//679 734//679 727//679
f 722//680 735//680 723//680
f 723//681 735//681 736//681
f 723//682 736//682 733//682
f 733//683 736//683 737//683
f 733//684 737//684 734//684
f 575//685 725//685 577//685
f 577//686 725//686 723//686
f 577//687 723//687 578//687
f 578//688 723//688 733//688
f 578//689 733//689 579//689
f 579//690 733//690 727//690
f 579//691 727//691 580//691
f 580//692 727//692 726//692
f 738//693 739//693 661//693
f 661//694 739//694 740//694
f 661//695 740//695 662//695
f 662//696 740//696 725//696
f 662//697 725//697 575//697
f 741//698 742//698 743//698
f 743//699 742//699 744//699
f 743//700 744//700 745//700
f 745//701 744//701 746//701
f 745//702 746//702 724//702
f 738//703 741//703 739//703
f 739//704 741//704 743//704
f 739//705 743//705 740//705
f 740//706 743//706 745//706
f 740//707 745//707 725//707
f 725//708 745//708 724//708
f 591//709 548//709 747//709
f 747//709 548//709 588//709
f 747//710 588//710 590//710
f 748//709 749//709 750//709
f 750//709 749//709 751//709
f 750//709 751//709 752//709
f 752//709 753//709 750//709
f 750//709 753//709 754//709
f 750//709 754//709 747//709
f 590//709 584//709 747//709
f 747//709 584//709 582//709
f 747//709 582//709 750//709
f 750//709 582//709 586//709
f 750//711 586//711 720//711
f 576//709 580//709 586//709
f 586//712 580//712 726//712
f 726//709 729//709 586//709
f 586//713 729//713 721//713
f 586//713 721//713 720//713
f 755//714 756//714 757//714
f 757//714 756//714 758//714
f 758//715 756//715 759//715
f 759//716 756//716 760//716
f 759//717 760//717 761//717
f 761//718 760//718 762//718
f 761//719 762//719 763//719
f 764//720 747//720 754//720
f 765//721 591//721 747//721
f 747//722 764//722 765//722
f 765//723 764//723 766//723
f 765//724 766//724 767//724
f 767//725 766//725 768//725
f 767//726 768//726 769//726
f 769//727 768//727 770//727
f 769//728 770//728 771//728
f 772//729 773//729 774//729
f 757//730 775//730 755//730
f 755//730 775//730 776//730
f 755//731 776//731 777//731
f 751//732 763//732 752//732
f 752//732 763//732 762//732
f 752//733 762//733 778//733
f 778//734 762//734 760//734
f 778//734 760//734 779//734
f 779//735 760//735 756//735
f 779//736 756//736 780//736
f 780//737 756//737 755//737
f 780//738 755//738 781//738
f 781//731 755//731 777//731
f 781//739 777//739 773//739
f 773//740 772//740 781//740
f 781//741 772//741 782//741
f 781//742 782//742 780//742
f 780//743 782//743 783//743
f 780//744 783//744 779//744
f 779//745 783//745 784//745
f 779//746 784//746 778//746
f 778//747 784//747 753//747
f 778//733 753//733 752//733
f 785//748 771//748 774//748
f 774//749 771//749 770//749
f 774//729 770//729 772//729
f 772//750 770//750 768//750
f 772//751 768//751 782//751
f 782//752 768//752 766//752
f 782//752 766//752 783//752
f 783//753 766//753 764//753
f 783//753 764//753 784//753
f 784//720 764//720 754//720
f 784//754 754//754 753//754
f 786//755 787//755 788//755
f 788//756 787//756 789//756
f 788//757 789//757 790//757
f 791//758 792//758 790//758
f 771//759 785//759 793//759
f 794//760 592//760 591//760
f 795//761 598//761 597//761
f 796//762 593//762 595//762
f 591//763 765//763 794//763
f 794//764 765//764 767//764
f 794//765 767//765 797//765
f 797//766 767//766 769//766
f 797//767 769//767 798//767
f 798//768 769//768 771//768
f 798//769 771//769 799//769
f 799//770 771//770 793//770
f 799//771 793//771 792//771
f 792//772 791//772 799//772
f 799//773 791//773 800//773
f 799//774 800//774 798//774
f 798//775 800//775 801//775
f 798//775 801//775 797//775
f 797//776 801//776 795//776
f 797//776 795//776 794//776
f 794//777 795//777 597//777
f 794//778 597//778 592//778
f 790//779 789//779 791//779
f 791//780 789//780 802//780
f 791//780 802//780 800//780
f 800//781 802//781 803//781
f 800//781 803//781 801//781
f 801//782 803//782 804//782
f 801//782 804//782 795//782
f 795//783 804//783 596//783
f 795//784 596//784 598//784
f 787//785 805//785 789//785
f 789//786 805//786 806//786
f 789//787 806//787 802//787
f 802//788 806//788 807//788
f 802//788 807//788 803//788
f 803//789 807//789 796//789
f 803//790 796//790 804//790
f 804//791 796//791 595//791
f 804//792 595//792 596//792
f 808//793 809//793 810//793
f 805//794 787//794 811//794
f 812//795 813//795 814//795
f 814//795 813//795 815//795
f 815//796 813//796 816//796
f 816//797 813//797 817//797
f 816//798 817//798 818//798
f 818//799 817//799 819//799
f 818//799 819//799 820//799
f 820//800 819//800 811//800
f 820//801 811//801 821//801
f 821//802 811//802 787//802
f 821//803 787//803 786//803
f 684//804 593//804 796//804
f 796//804 822//804 684//804
f 684//805 822//805 823//805
f 684//805 823//805 690//805
f 690//806 823//806 824//806
f 690//806 824//806 691//806
f 691//807 824//807 825//807
f 691//807 825//807 685//807
f 685//808 825//808 826//808
f 685//808 826//808 686//808
f 796//809 807//809 822//809
f 822//809 807//809 827//809
f 822//810 827//810 823//810
f 823//810 827//810 828//810
f 823//811 828//811 824//811
f 824//811 828//811 829//811
f 824//812 829//812 825//812
f 825//812 829//812 810//812
f 825//813 810//813 826//813
f 826//813 810//813 809//813
f 807//814 806//814 827//814
f 827//814 806//814 830//814
f 827//815 830//815 828//815
f 828//816 830//816 831//816
f 828//817 831//817 829//817
f 829//817 831//817 832//817
f 829//818 832//818 810//818
f 810//818 832//818 833//818
f 810//819 833//819 808//819
f 808//820 833//820 834//820
f 806//821 805//821 830//821
f 830//822 805//822 811//822
f 830//823 811//823 831//823
f 831//823 811//823 819//823
f 831//824 819//824 832//824
f 832//824 819//824 817//824
f 832//825 817//825 833//825
f 833//825 817//825 813//825
f 833//826 813//826 834//826
f 834//826 813//826 812//826
f 627//827 835//827 836//827
f 837//828 624//828 838//828
f 838//829 624//829 623//829
f 838//829 623//829 839//829
f 839//830 623//830 840//830
f 841//831 613//831 837//831
f 837//832 613//832 625//832
f 837//828 625//828 624//828
f 614//833 611//833 842//833
f 842//834 611//834 610//834
f 842//835 610//835 841//835
f 841//836 610//836 612//836
f 841//837 612//837 613//837
f 627//827 836//827 606//827
f 606//838 836//838 843//838
f 606//838 843//838 604//838
f 844//839 845//839 846//839
f 847//840 848//840 835//840
f 835//841 848//841 849//841
f 835//841 849//841 836//841
f 836//842 849//842 844//842
f 836//842 844//842 843//842
f 843//839 844//839 846//839
f 843//843 846//843 604//843
f 604//844 846//844 602//844
f 627//845 626//845 835//845
f 835//845 626//845 850//845
f 835//846 850//846 847//846
f 851//847 852//847 850//847
f 850//848 852//848 853//848
f 850//849 853//849 847//849
f 839//850 854//850 838//850
f 838//851 854//851 855//851
f 838//851 855//851 837//851
f 837//852 855//852 856//852
f 837//852 856//852 841//852
f 841//853 856//853 851//853
f 841//853 851//853 842//853
f 842//854 851//854 850//854
f 842//855 850//855 614//855
f 614//855 850//855 626//855
f 857//856 858//856 859//856
f 859//857 858//857 860//857
f 859//857 860//857 840//857
f 840//858 860//858 861//858
f 840//859 861//859 839//859
f 839//860 861//860 862//860
f 839//850 862//850 854//850
f 857//861 859//861 863//861
f 863//862 859//862 864//862
f 863//863 864//863 865//863
f 865//864 864//864 866//864
f 865//865 866//865 867//865
f 867//866 866//866 868//866
f 867//866 868//866 869//866
f 869//867 868//867 870//867
f 869//867 870//867 871//867
f 631//868 622//868 677//868
f 623//869 636//869 840//869
f 840//870 636//870 635//870
f 840//871 635//871 859//871
f 859//872 635//872 615//872
f 676//873 871//873 677//873
f 677//873 871//873 870//873
f 677//868 870//868 631//868
f 631//874 870//874 868//874
f 631//874 868//874 632//874
f 632//875 868//875 866//875
f 632//875 866//875 633//875
f 633//876 866//876 864//876
f 633//876 864//876 634//876
f 634//877 864//877 859//877
f 634//877 859//877 603//877
f 603//878 859//878 615//878
f 603//879 615//879 605//879
f 651//880 642//880 630//880
f 872//881 873//881 874//881
f 874//882 873//882 653//882
f 874//883 653//883 651//883
f 874//884 875//884 872//884
f 872//885 875//885 876//885
f 872//886 876//886 877//886
f 877//887 876//887 878//887
f 877//888 878//888 879//888
f 879//889 878//889 846//889
f 879//890 846//890 845//890
f 651//891 630//891 874//891
f 874//892 630//892 629//892
f 874//893 629//893 875//893
f 875//894 629//894 628//894
f 875//895 628//895 876//895
f 602//896 846//896 616//896
f 616//897 846//897 878//897
f 616//898 878//898 617//898
f 617//899 878//899 876//899
f 617//900 876//900 618//900
f 618//901 876//901 628//901
f 649//902 880//902 648//902
f 648//903 880//903 881//903
f 648//904 881//904 646//904
f 646//905 881//905 882//905
f 646//906 882//906 647//906
f 647//907 882//907 883//907
f 653//908 884//908 652//908
f 652//909 884//909 885//909
f 652//910 885//910 650//910
f 650//911 885//911 886//911
f 650//912 886//912 649//912
f 649//913 886//913 887//913
f 649//914 887//914 880//914
f 884//915 888//915 885//915
f 885//915 888//915 889//915
f 885//916 889//916 886//916
f 886//916 889//916 890//916
f 886//917 890//917 887//917
f 887//917 890//917 891//917
f 887//918 891//918 880//918
f 880//918 891//918 892//918
f 880//919 892//919 881//919
f 881//919 892//919 893//919
f 881//920 893//920 882//920
f 882//920 893//920 894//920
f 882//921 894//921 883//921
f 883//921 894//921 895//921
f 896//922 897//922 898//922
f 899//923 900//923 901//923
f 901//924 900//924 902//924
f 902//925 900//925 903//925
f 902//926 903//926 904//926
f 709//927 905//927 710//927
f 710//928 905//928 906//928
f 710//929 906//929 711//929
f 711//930 906//930 712//930
f 654//931 655//931 906//931
f 906//932 655//932 656//932
f 906//933 656//933 712//933
f 907//934 673//934 899//934
f 899//935 673//935 672//935
f 899//935 672//935 900//935
f 900//936 672//936 654//936
f 900//937 654//937 903//937
f 903//938 654//938 906//938
f 903//939 906//939 904//939
f 904//940 906//940 905//940
f 908//941 658//941 907//941
f 907//942 658//942 674//942
f 907//934 674//934 673//934
f 670//943 669//943 908//943
f 908//944 669//944 659//944
f 908//945 659//945 658//945
f 908//946 909//946 670//946
f 670//947 909//947 910//947
f 670//948 910//948 671//948
f 671//949 910//949 898//949
f 671//950 898//950 667//950
f 665//951 664//951 897//951
f 897//952 664//952 663//952
f 897//953 663//953 898//953
f 898//954 663//954 668//954
f 898//955 668//955 667//955
f 738//956 661//956 911//956
f 911//957 661//957 660//957
f 911//958 660//958 912//958
f 913//959 742//959 741//959
f 914//960 915//960 916//960
f 916//961 915//961 917//961
f 916//962 917//962 912//962
f 912//963 917//963 913//963
f 912//964 913//964 911//964
f 911//965 913//965 741//965
f 911//966 741//966 738//966
f 896//967 914//967 897//967
f 897//968 914//968 916//968
f 897//969 916//969 665//969
f 665//970 916//970 912//970
f 665//971 912//971 666//971
f 666//972 912//972 660//972
f 901//973 918//973 899//973
f 899//974 918//974 919//974
f 899//975 919//975 907//975
f 907//976 919//976 920//976
f 907//977 920//977 908//977
f 908//978 920//978 921//978
f 908//978 921//978 909//978
f 909//979 921//979 922//979
f 909//980 922//980 910//980
f 910//981 922//981 923//981
f 910//982 923//982 898//982
f 898//983 923//983 924//983
f 898//984 924//984 896//984
f 925//985 676//985 675//985
f 676//986 925//986 926//986
f 895//987 927//987 883//987
f 883//988 927//988 928//988
f 883//989 928//989 929//989
f 929//990 928//990 930//990
f 929//991 930//991 931//991
f 931//992 930//992 932//992
f 931//993 932//993 933//993
f 647//994 883//994 678//994
f 678//995 883//995 679//995
f 679//996 883//996 683//996
f 683//997 883//997 929//997
f 683//998 929//998 682//998
f 682//999 929//999 931//999
f 682//1000 931//1000 675//1000
f 675//1001 931//1001 933//1001
f 675//1002 933//1002 925//1002
f 934//1003 935//1003 936//1003
f 812//1004 814//1004 935//1004
f 936//1005 937//1005 934//1005
f 934//1006 937//1006 938//1006
f 934//1007 938//1007 939//1007
f 689//1008 688//1008 940//1008
f 940//1009 688//1009 941//1009
f 940//1010 941//1010 942//1010
f 942//1011 941//1011 943//1011
f 942//1012 943//1012 944//1012
f 944//1013 943//1013 945//1013
f 944//1014 945//1014 946//1014
f 946//1015 945//1015 939//1015
f 946//1016 939//1016 947//1016
f 947//1017 939//1017 938//1017
f 935//1018 934//1018 812//1018
f 812//1019 934//1019 939//1019
f 812//1020 939//1020 834//1020
f 834//1021 939//1021 945//1021
f 834//1022 945//1022 808//1022
f 808//1023 945//1023 943//1023
f 808//1024 943//1024 809//1024
f 809//1025 943//1025 941//1025
f 809//1026 941//1026 826//1026
f 826//1027 941//1027 688//1027
f 826//1028 688//1028 686//1028
f 948//1029 689//1029 940//1029
f 312//1030 949//1030 950//1030
f 949//1031 312//1031 951//1031
f 952//1032 953//1032 954//1032
f 955//1033 956//1033 957//1033
f 957//1034 956//1034 952//1034
f 957//1035 952//1035 958//1035
f 958//1036 952//1036 954//1036
f 312//1037 959//1037 951//1037
f 951//1038 959//1038 960//1038
f 951//1039 960//1039 961//1039
f 961//1040 960//1040 962//1040
f 956//1041 963//1041 952//1041
f 952//1042 963//1042 964//1042
f 952//1043 964//1043 953//1043
f 946//1044 965//1044 944//1044
f 944//1045 965//1045 966//1045
f 944//1046 966//1046 942//1046
f 942//1047 966//1047 967//1047
f 942//1048 967//1048 940//1048
f 940//1049 967//1049 968//1049
f 940//1050 968//1050 948//1050
f 948//1051 968//1051 969//1051
f 970//1052 954//1052 962//1052
f 962//1053 954//1053 953//1053
f 962//1054 953//1054 961//1054
f 961//1055 953//1055 964//1055
f 961//1056 964//1056 951//1056
f 951//1057 964//1057 971//1057
f 951//1058 971//1058 949//1058
f 949//1059 971//1059 972//1059
f 949//1060 972//1060 950//1060
f 950//1061 972//1061 973//1061
f 950//1062 973//1062 974//1062
f 974//1063 973//1063 975//1063
f 974//1064 975//1064 976//1064
f 976//1065 975//1065 937//1065
f 976//1066 937//1066 936//1066
f 955//1067 969//1067 956//1067
f 956//1068 969//1068 968//1068
f 956//1069 968//1069 963//1069
f 963//1070 968//1070 967//1070
f 963//1071 967//1071 964//1071
f 964//1072 967//1072 966//1072
f 964//1073 966//1073 971//1073
f 971//1074 966//1074 965//1074
f 971//1075 965//1075 972//1075
f 972//1076 965//1076 946//1076
f 972//1077 946//1077 973//1077
f 973//1078 946//1078 947//1078
f 973//1079 947//1079 975//1079
f 975//1080 947//1080 938//1080
f 975//1081 938//1081 937//1081
f 977//1082 687//1082 689//1082
f 977//1083 689//1083 978//1083
f 689//1084 948//1084 978//1084
f 978//1085 948//1085 969//1085
f 978//1086 969//1086 955//1086
f 979//1087 980//1087 981//1087
f 979//1088 981//1088 970//1088
f 955//1089 957//1089 978//1089
f 978//1090 957//1090 958//1090
f 978//1091 958//1091 981//1091
f 981//1092 958//1092 954//1092
f 981//1093 954//1093 970//1093
f 705//1094 694//1094 687//1094
f 982//1095 981//1095 980//1095
f 983//1096 984//1096 978//1096
f 978//1097 984//1097 977//1097
f 983//1098 706//1098 984//1098
f 984//1099 706//1099 705//1099
f 984//1100 705//1100 977//1100
f 977//1101 705//1101 687//1101
f 985//1102 699//1102 698//1102
f 698//1103 696//1103 985//1103
f 985//1104 696//1104 695//1104
f 985//1105 695//1105 983//1105
f 983//1106 695//1106 704//1106
f 983//1107 704//1107 706//1107
f 699//1108 986//1108 701//1108
f 701//1109 986//1109 987//1109
f 701//1110 987//1110 702//1110
f 714//1111 713//1111 988//1111
f 988//1112 713//1112 718//1112
f 988//1113 718//1113 987//1113
f 987//1114 718//1114 717//1114
f 987//1115 717//1115 702//1115
f 989//1116 709//1116 714//1116
f 709//1117 989//1117 990//1117
f 990//1118 989//1118 991//1118
f 990//1119 991//1119 992//1119
f 993//1120 994//1120 995//1120
f 995//1121 994//1121 996//1121
f 995//1122 996//1122 997//1122
f 997//1123 996//1123 998//1123
f 997//1124 998//1124 999//1124
f 1000//1125 1001//1125 993//1125
f 993//1126 1001//1126 1002//1126
f 993//1127 1002//1127 994//1127
f 1003//1128 1004//1128 1000//1128
f 1000//1129 1004//1129 1005//1129
f 1000//1130 1005//1130 1001//1130
f 1006//1131 1007//1131 1008//1131
f 1008//1132 1007//1132 1003//1132
f 1008//1133 1003//1133 1009//1133
f 1009//1134 1003//1134 1000//1134
f 978//1135 981//1135 983//1135
f 983//1136 981//1136 982//1136
f 983//1137 982//1137 985//1137
f 985//1138 982//1138 1010//1138
f 985//1139 1010//1139 699//1139
f 699//1140 1010//1140 1011//1140
f 699//1141 1011//1141 986//1141
f 980//1142 1012//1142 982//1142
f 982//1143 1012//1143 1006//1143
f 982//1144 1006//1144 1010//1144
f 1010//1145 1006//1145 1008//1145
f 1010//1146 1008//1146 1011//1146
f 1011//1147 1008//1147 1009//1147
f 1011//1148 1009//1148 986//1148
f 986//1149 1009//1149 1000//1149
f 986//1150 1000//1150 987//1150
f 987//1151 1000//1151 993//1151
f 987//1152 993//1152 988//1152
f 988//1153 993//1153 995//1153
f 988//1154 995//1154 714//1154
f 714//1155 995//1155 997//1155
f 714//1156 997//1156 989//1156
f 989//1157 997//1157 999//1157
f 989//1158 999//1158 991//1158
f 1013//1159 1014//1159 1015//1159
f 1016//1160 736//1160 735//1160
f 727//1161 734//1161 1016//1161
f 1016//1162 734//1162 737//1162
f 1016//1163 737//1163 736//1163
f 731//1164 730//1164 1017//1164
f 1017//1165 730//1165 728//1165
f 750//1166 720//1166 1018//1166
f 1018//1167 720//1167 719//1167
f 1018//1168 719//1168 1017//1168
f 1017//1169 719//1169 732//1169
f 1017//1170 732//1170 731//1170
f 1019//1171 1020//1171 1021//1171
f 727//1172 1016//1172 728//1172
f 728//1173 1016//1173 1019//1173
f 728//1174 1019//1174 1017//1174
f 1017//1175 1019//1175 1021//1175
f 1017//1176 1021//1176 1018//1176
f 1022//1177 1023//1177 1024//1177
f 1024//1178 1023//1178 1025//1178
f 1024//1179 1025//1179 1026//1179
f 1027//1180 1028//1180 1029//1180
f 1029//1181 1030//1181 1027//1181
f 1027//1182 1030//1182 1031//1182
f 1027//1183 1031//1183 1032//1183
f 1032//1184 1031//1184 1013//1184
f 1032//1185 1013//1185 1033//1185
f 1033//1186 1013//1186 1015//1186
f 1033//1187 1015//1187 1034//1187
f 1035//1188 1036//1188 1037//1188
f 1037//1189 1036//1189 1038//1189
f 1037//1190 1038//1190 1039//1190
f 1039//1191 1038//1191 1040//1191
f 1039//1192 1040//1192 742//1192
f 1036//1193 1034//1193 1038//1193
f 1038//1194 1034//1194 1015//1194
f 1038//1195 1015//1195 1040//1195
f 1040//1196 1015//1196 1014//1196
f 1040//1197 1014//1197 742//1197
f 1026//1198 1020//1198 1024//1198
f 1024//1199 1020//1199 1019//1199
f 1024//1200 1019//1200 1022//1200
f 1022//1201 1019//1201 1016//1201
f 1022//1202 1016//1202 1041//1202
f 1041//1203 1016//1203 735//1203
f 1041//1204 735//1204 1042//1204
f 1042//1205 735//1205 722//1205
f 1042//1206 722//1206 1043//1206
f 1043//1207 722//1207 724//1207
f 1043//1208 724//1208 1044//1208
f 1044//1209 724//1209 746//1209
f 1044//1210 746//1210 744//1210
f 744//1211 742//1211 1044//1211
f 1044//1212 742//1212 1014//1212
f 1044//1213 1014//1213 1043//1213
f 1043//1214 1014//1214 1013//1214
f 1043//1215 1013//1215 1042//1215
f 1042//1216 1013//1216 1031//1216
f 1042//1217 1031//1217 1041//1217
f 1041//1218 1031//1218 1030//1218
f 1041//1219 1030//1219 1022//1219
f 1022//1220 1030//1220 1029//1220
f 1022//1221 1029//1221 1023//1221
f 1023//1222 1029//1222 1028//1222
f 1021//1223 1045//1223 1018//1223
f 1018//1224 1045//1224 748//1224
f 1018//1225 748//1225 750//1225
f 1026//1226 1046//1226 1020//1226
f 1020//1227 1046//1227 1047//1227
f 1020//1228 1047//1228 1048//1228
f 1048//1229 1049//1229 1020//1229
f 1020//1230 1049//1230 1050//1230
f 1020//1231 1050//1231 1021//1231
f 1021//1232 1050//1232 1051//1232
f 1021//1233 1051//1233 1045//1233
f 1052//1234 1053//1234 1054//1234
f 1055//1235 1056//1235 1057//1235
f 1057//1236 1056//1236 1058//1236
f 1057//1237 1058//1237 1059//1237
f 1060//1238 1055//1238 1061//1238
f 1061//1239 1055//1239 1057//1239
f 1061//1240 1057//1240 1062//1240
f 1062//1241 1057//1241 1059//1241
f 1062//1242 1059//1242 1063//1242
f 1063//1243 1059//1243 1064//1243
f 1065//1244 1066//1244 364//1244
f 364//1245 1066//1245 1067//1245
f 364//1246 1067//1246 1068//1246
f 1068//1247 1067//1247 1069//1247
f 1068//1248 1069//1248 1070//1248
f 1070//1249 1069//1249 1071//1249
f 1070//1250 1071//1250 1072//1250
f 1065//1251 1060//1251 1066//1251
f 1066//1252 1060//1252 1061//1252
f 1066//1253 1061//1253 1067//1253
f 1067//1254 1061//1254 1073//1254
f 1067//1255 1073//1255 1069//1255
f 1074//1256 1052//1256 1075//1256
f 1075//1257 1052//1257 1054//1257
f 1075//1258 1054//1258 1076//1258
f 1076//1259 1054//1259 1050//1259
f 1076//1260 1050//1260 1049//1260
f 1074//1261 1077//1261 1052//1261
f 1052//1262 1077//1262 1078//1262
f 1052//1263 1078//1263 1053//1263
f 1053//1264 1078//1264 1079//1264
f 1053//1265 1079//1265 1080//1265
f 1080//1266 748//1266 1053//1266
f 1053//1267 748//1267 1045//1267
f 1053//1268 1045//1268 1054//1268
f 1054//1269 1045//1269 1051//1269
f 1054//1270 1051//1270 1050//1270
f 1062//1271 1077//1271 1061//1271
f 1061//1272 1077//1272 1074//1272
f 1061//1273 1074//1273 1073//1273
f 1073//1274 1074//1274 1075//1274
f 1073//1275 1075//1275 1069//1275
f 1069//1276 1075//1276 1076//1276
f 1069//1277 1076//1277 1071//1277
f 1071//1278 1076//1278 1049//1278
f 1071//1279 1049//1279 1072//1279
f 1072//1280 1049//1280 1048//1280
f 1072//1281 1048//1281 1047//1281
f 1063//1282 1064//1282 1081//1282
f 775//1283 757//1283 1082//1283
f 1082//1284 757//1284 758//1284
f 1082//1285 758//1285 1083//1285
f 1083//1286 758//1286 759//1286
f 1083//1287 759//1287 1084//1287
f 1084//1288 759//1288 761//1288
f 1084//1289 761//1289 1085//1289
f 1085//1290 761//1290 763//1290
f 1085//1291 763//1291 1086//1291
f 1080//1292 1079//1292 1086//1292
f 1086//1293 1079//1293 1078//1293
f 1086//1294 1078//1294 1085//1294
f 1085//1295 1078//1295 1077//1295
f 1085//1296 1077//1296 1084//1296
f 1084//1297 1077//1297 1062//1297
f 1084//1298 1062//1298 1083//1298
f 1083//1299 1062//1299 1063//1299
f 1083//1299 1063//1299 1082//1299
f 1082//1300 1063//1300 1081//1300
f 1082//1301 1081//1301 775//1301
f 748//1302 1080//1302 749//1302
f 749//1303 1080//1303 1086//1303
f 749//1304 1086//1304 751//1304
f 751//1305 1086//1305 763//1305
f 857//1306 1087//1306 858//1306
f 821//1307 786//1307 860//1307
f 773//1308 1088//1308 774//1308
f 777//1309 776//1309 1089//1309
f 1089//1310 776//1310 775//1310
f 1089//1311 775//1311 1090//1311
f 1090//1312 775//1312 1091//1312
f 1090//1313 1091//1313 1092//1313
f 848//1314 847//1314 777//1314
f 777//1315 847//1315 853//1315
f 777//1316 853//1316 773//1316
f 773//1317 853//1317 852//1317
f 773//1318 852//1318 1088//1318
f 1088//1319 852//1319 851//1319
f 1088//1320 851//1320 774//1320
f 774//1321 851//1321 785//1321
f 851//1322 856//1322 785//1322
f 785//1323 856//1323 855//1323
f 785//1324 855//1324 793//1324
f 793//1325 855//1325 792//1325
f 792//1326 855//1326 854//1326
f 792//1327 854//1327 790//1327
f 790//1328 854//1328 788//1328
f 788//1329 854//1329 862//1329
f 788//1330 862//1330 786//1330
f 786//1331 862//1331 861//1331
f 786//1332 861//1332 860//1332
f 860//1333 858//1333 821//1333
f 821//1334 858//1334 1087//1334
f 821//1335 1087//1335 820//1335
f 820//1336 1087//1336 857//1336
f 820//1337 857//1337 818//1337
f 818//1338 857//1338 863//1338
f 818//1339 863//1339 816//1339
f 863//1340 865//1340 816//1340
f 816//1341 865//1341 867//1341
f 816//1342 867//1342 815//1342
f 815//1343 867//1343 869//1343
f 814//1344 1093//1344 1094//1344
f 1094//1345 1093//1345 926//1345
f 1094//1346 926//1346 1095//1346
f 814//1347 815//1347 1093//1347
f 1093//1348 815//1348 869//1348
f 1093//1349 869//1349 926//1349
f 926//1350 869//1350 871//1350
f 926//1351 871//1351 676//1351
f 848//1352 777//1352 849//1352
f 849//1353 777//1353 1089//1353
f 849//1354 1089//1354 844//1354
f 844//1355 1089//1355 1090//1355
f 844//1356 1090//1356 845//1356
f 877//1357 1096//1357 1097//1357
f 879//1358 845//1358 1090//1358
f 877//1359 1097//1359 872//1359
f 872//1360 1097//1360 1098//1360
f 872//1361 1098//1361 873//1361
f 873//1362 1098//1362 884//1362
f 873//1363 884//1363 653//1363
f 888//1364 884//1364 1099//1364
f 1099//1365 884//1365 1098//1365
f 1099//1366 1098//1366 1100//1366
f 1100//1367 1098//1367 1097//1367
f 1100//1368 1097//1368 1101//1368
f 1090//1369 1102//1369 879//1369
f 879//1370 1102//1370 1103//1370
f 879//1371 1103//1371 877//1371
f 877//1372 1103//1372 1104//1372
f 877//1373 1104//1373 1096//1373
f 1096//1374 1104//1374 1105//1374
f 1096//1375 1105//1375 1097//1375
f 1097//1376 1105//1376 1106//1376
f 1097//1377 1106//1377 1101//1377
f 1107//576 895//576 894//576
f 224//576 402//576 1108//576
f 1109//576 1110//576 60//576
f 60//576 1110//576 1111//576
f 60//576 1111//576 20//576
f 888//576 1112//576 889//576
f 889//576 1112//576 890//576
f 224//576 1113//576 1114//576
f 1115//576 1116//576 1117//576
f 1109//576 60//576 1118//576
f 1118//576 60//576 224//576
f 1118//576 224//576 1119//576
f 1119//576 224//576 1114//576
f 1119//576 1114//576 1117//576
f 1120//576 1121//576 893//576
f 893//576 1121//576 1122//576
f 893//576 1122//576 894//576
f 894//576 1122//576 1123//576
f 894//576 1123//576 1107//576
f 1108//576 1124//576 224//576
f 224//576 1124//576 1125//576
f 224//576 1125//576 1126//576
f 1127//576 1128//576 1117//576
f 1117//576 1128//576 1129//576
f 1117//576 1129//576 1115//576
f 890//576 1112//576 891//576
f 891//576 1112//576 1119//576
f 891//576 1119//576 892//576
f 892//576 1119//576 1117//576
f 892//576 1117//576 893//576
f 893//576 1117//576 1116//576
f 893//576 1116//576 1120//576
f 1126//576 1130//576 224//576
f 224//576 1130//576 1131//576
f 224//576 1131//576 1113//576
f 1132//1378 1133//1378 1134//1378
f 1135//1379 1136//1379 1137//1379
f 919//1380 1138//1380 1135//1380
f 1139//1381 1140//1381 1141//1381
f 1140//1382 1139//1382 1142//1382
f 1143//1383 1144//1383 1145//1383
f 1146//1384 1147//1384 1148//1384
f 1149//1385 1150//1385 1151//1385
f 914//1386 1152//1386 915//1386
f 1153//1387 1154//1387 924//1387
f 924//1388 1154//1388 1155//1388
f 924//1389 1155//1389 896//1389
f 1152//1390 914//1390 1156//1390
f 1157//1391 1158//1391 917//1391
f 1039//1392 742//1392 913//1392
f 1039//1393 913//1393 1037//1393
f 917//1394 1158//1394 913//1394
f 913//1395 1158//1395 1035//1395
f 913//1396 1035//1396 1037//1396
f 1157//1397 1159//1397 1158//1397
f 1158//1398 1159//1398 1160//1398
f 1158//1399 1160//1399 1035//1399
f 1147//1400 1146//1400 1144//1400
f 1144//1401 1146//1401 1161//1401
f 1144//1402 1161//1402 1145//1402
f 1162//1403 1143//1403 1163//1403
f 1163//1404 1143//1404 1145//1404
f 1163//1405 1145//1405 1164//1405
f 1164//1406 1145//1406 1161//1406
f 1164//1407 1161//1407 1165//1407
f 1165//1408 1161//1408 1134//1408
f 1165//1409 1134//1409 1166//1409
f 1166//1410 1134//1410 1133//1410
f 1166//1411 1133//1411 1167//1411
f 1167//1412 1133//1412 1168//1412
f 1137//1413 1169//1413 1170//1413
f 1169//1414 1137//1414 1171//1414
f 1171//1415 1137//1415 1136//1415
f 1171//1416 1136//1416 1172//1416
f 1173//1417 1174//1417 1175//1417
f 1175//1418 1174//1418 1176//1418
f 1177//1419 1178//1419 1179//1419
f 1179//1420 1178//1420 1180//1420
f 1179//1421 1180//1421 1181//1421
f 1182//1422 1183//1422 1184//1422
f 1184//1423 1183//1423 1185//1423
f 1185//1424 1178//1424 1184//1424
f 1184//1425 1178//1425 1177//1425
f 1184//1426 1177//1426 1182//1426
f 1182//1427 1177//1427 1186//1427
f 1181//1428 1187//1428 1179//1428
f 1179//1429 1187//1429 1173//1429
f 1179//1430 1173//1430 1177//1430
f 1177//1431 1173//1431 1175//1431
f 1177//1432 1175//1432 1186//1432
f 1186//1433 1175//1433 1188//1433
f 1186//1434 1188//1434 1189//1434
f 1189//1435 1188//1435 1190//1435
f 1191//1436 1192//1436 1193//1436
f 709//1437 990//1437 905//1437
f 905//1438 990//1438 992//1438
f 905//1439 992//1439 1192//1439
f 1192//1440 992//1440 1194//1440
f 1192//1441 1194//1441 1193//1441
f 1191//1442 902//1442 1192//1442
f 1192//1443 902//1443 904//1443
f 1192//1444 904//1444 905//1444
f 1195//1445 1196//1445 901//1445
f 901//1446 1196//1446 918//1446
f 924//1447 923//1447 1153//1447
f 1153//1448 923//1448 922//1448
f 1153//1449 922//1449 1197//1449
f 1197//1450 922//1450 921//1450
f 1197//1451 921//1451 1198//1451
f 1198//1452 921//1452 920//1452
f 1198//1453 920//1453 1199//1453
f 1199//1454 1200//1454 1198//1454
f 1198//1455 1200//1455 1201//1455
f 1198//1455 1201//1455 1197//1455
f 1197//1456 1201//1456 1202//1456
f 1197//1456 1202//1456 1153//1456
f 1153//1457 1202//1457 1203//1457
f 1153//1457 1203//1457 1154//1457
f 1148//1458 1204//1458 1146//1458
f 1146//1459 1204//1459 1205//1459
f 1146//1460 1205//1460 1161//1460
f 1161//1461 1205//1461 1151//1461
f 1161//1462 1151//1462 1134//1462
f 1134//1463 1151//1463 1150//1463
f 1134//1378 1150//1378 1132//1378
f 1132//1464 1150//1464 1149//1464
f 1132//1465 1149//1465 1157//1465
f 1157//1466 1149//1466 1206//1466
f 1157//1467 1206//1467 1159//1467
f 1203//1468 1207//1468 1154//1468
f 1154//1468 1207//1468 1208//1468
f 1154//1469 1208//1469 1155//1469
f 1155//1469 1208//1469 1156//1469
f 1155//1470 1156//1470 896//1470
f 896//1471 1156//1471 914//1471
f 1142//1472 1172//1472 1140//1472
f 1140//1473 1172//1473 1136//1473
f 1140//1474 1136//1474 1141//1474
f 1141//1474 1136//1474 1135//1474
f 1141//1475 1135//1475 1196//1475
f 1196//1475 1135//1475 1138//1475
f 1196//1476 1138//1476 918//1476
f 918//1477 1138//1477 919//1477
f 1176//1478 1209//1478 1175//1478
f 1175//1479 1209//1479 1210//1479
f 1175//1480 1210//1480 1188//1480
f 1188//1480 1210//1480 1211//1480
f 1188//1481 1211//1481 1190//1481
f 1190//1482 1211//1482 1191//1482
f 1190//1483 1191//1483 1212//1483
f 1212//1484 1191//1484 1193//1484
f 917//1485 915//1485 1157//1485
f 1157//1486 915//1486 1152//1486
f 1157//1487 1152//1487 1132//1487
f 1132//1487 1152//1487 1156//1487
f 1132//1488 1156//1488 1133//1488
f 1133//1488 1156//1488 1208//1488
f 1133//1489 1208//1489 1168//1489
f 1168//1490 1208//1490 1207//1490
f 1168//1491 1207//1491 1213//1491
f 1213//1492 1207//1492 1203//1492
f 1213//1493 1203//1493 1214//1493
f 1214//1494 1203//1494 1202//1494
f 1214//1495 1202//1495 1215//1495
f 1215//1496 1202//1496 1201//1496
f 1215//1497 1201//1497 1170//1497
f 1170//1498 1201//1498 1200//1498
f 1170//1499 1200//1499 1137//1499
f 1137//1454 1200//1454 1199//1454
f 1137//1379 1199//1379 1135//1379
f 1135//1500 1199//1500 920//1500
f 1135//1501 920//1501 919//1501
f 1209//1502 1139//1502 1210//1502
f 1210//1503 1139//1503 1141//1503
f 1210//1504 1141//1504 1211//1504
f 1211//1504 1141//1504 1196//1504
f 1211//1505 1196//1505 1191//1505
f 1191//1505 1196//1505 1195//1505
f 1191//1506 1195//1506 902//1506
f 902//1507 1195//1507 901//1507
f 1216//1508 320//1508 318//1508
f 932//1509 930//1509 1217//1509
f 932//1510 1217//1510 933//1510
f 930//1511 928//1511 1217//1511
f 1217//1512 928//1512 927//1512
f 1217//1513 927//1513 1107//1513
f 1107//1514 927//1514 895//1514
f 1095//1515 926//1515 925//1515
f 933//1516 1217//1516 925//1516
f 925//1517 1217//1517 1218//1517
f 925//1518 1218//1518 1095//1518
f 318//1519 1219//1519 1216//1519
f 1216//1520 1219//1520 1220//1520
f 1216//1521 1220//1521 1218//1521
f 1218//1522 1220//1522 1221//1522
f 1218//1523 1221//1523 1095//1523
f 936//1524 1222//1524 976//1524
f 313//1525 1223//1525 318//1525
f 318//1526 1223//1526 1219//1526
f 1094//1527 1095//1527 1222//1527
f 1222//1528 1095//1528 1221//1528
f 1222//1529 1221//1529 1224//1529
f 1224//1530 1221//1530 1220//1530
f 1222//1531 936//1531 1094//1531
f 1094//1532 936//1532 935//1532
f 1094//1533 935//1533 814//1533
f 976//1534 1222//1534 974//1534
f 974//1535 1222//1535 1224//1535
f 974//1536 1224//1536 950//1536
f 1220//1537 1219//1537 1224//1537
f 1224//1538 1219//1538 1223//1538
f 1224//1539 1223//1539 950//1539
f 950//1540 1223//1540 313//1540
f 950//1541 313//1541 312//1541
f 959//1542 312//1542 311//1542
f 311//1543 1225//1543 1226//1543
f 1226//1544 1225//1544 1227//1544
f 1226//1545 1227//1545 1228//1545
f 1228//1546 1227//1546 1229//1546
f 1228//1547 1229//1547 1230//1547
f 1230//1548 1229//1548 980//1548
f 1230//1549 980//1549 979//1549
f 311//1550 1226//1550 959//1550
f 959//1551 1226//1551 1228//1551
f 959//1552 1228//1552 960//1552
f 960//1553 1228//1553 1230//1553
f 960//1554 1230//1554 962//1554
f 962//1555 1230//1555 979//1555
f 962//1556 979//1556 970//1556
f 991//1557 999//1557 1231//1557
f 1002//1558 1001//1558 1232//1558
f 1225//1559 311//1559 326//1559
f 1233//1560 1229//1560 1234//1560
f 1234//1561 1229//1561 1227//1561
f 1234//1562 1227//1562 1235//1562
f 1235//1563 1227//1563 1225//1563
f 1235//1564 1225//1564 1236//1564
f 1236//1565 1225//1565 326//1565
f 1236//1566 326//1566 325//1566
f 980//1567 1229//1567 1012//1567
f 1012//1568 1229//1568 1233//1568
f 1012//1569 1233//1569 1006//1569
f 1006//1570 1233//1570 1007//1570
f 1001//1571 1005//1571 1232//1571
f 1232//1572 1005//1572 1004//1572
f 1232//1573 1004//1573 1233//1573
f 1233//1574 1004//1574 1003//1574
f 1233//1575 1003//1575 1007//1575
f 999//1576 998//1576 1231//1576
f 1231//1577 998//1577 996//1577
f 1231//1578 996//1578 1237//1578
f 1237//1579 996//1579 994//1579
f 1237//1580 994//1580 1002//1580
f 1238//1581 992//1581 991//1581
f 1238//1582 991//1582 1239//1582
f 1239//1583 991//1583 1231//1583
f 1239//1584 1231//1584 1240//1584
f 1240//1585 1231//1585 1237//1585
f 1240//1586 1237//1586 1241//1586
f 1241//1587 1237//1587 1242//1587
f 1242//1588 1237//1588 1243//1588
f 1242//1589 1243//1589 1244//1589
f 1244//1590 1243//1590 1245//1590
f 1245//1591 1243//1591 1246//1591
f 1245//1592 1246//1592 1247//1592
f 1247//1593 1246//1593 1248//1593
f 1248//1594 1246//1594 1249//1594
f 1248//1595 1249//1595 1250//1595
f 1250//1596 1249//1596 1251//1596
f 1250//1597 1251//1597 316//1597
f 1002//1598 1232//1598 1237//1598
f 1237//1599 1232//1599 1233//1599
f 1237//1600 1233//1600 1243//1600
f 1243//1601 1233//1601 1234//1601
f 1243//1602 1234//1602 1246//1602
f 1246//1603 1234//1603 1235//1603
f 1246//1604 1235//1604 1249//1604
f 1249//1605 1235//1605 1236//1605
f 1249//1606 1236//1606 1251//1606
f 1251//1607 1236//1607 325//1607
f 1251//1608 325//1608 316//1608
f 1252//1609 319//1609 321//1609
f 1253//1610 1254//1610 1250//1610
f 1250//1611 1254//1611 1248//1611
f 1255//1612 1256//1612 1242//1612
f 1242//1613 1244//1613 1255//1613
f 1255//1614 1244//1614 1245//1614
f 1255//1615 1245//1615 1254//1615
f 1254//1616 1245//1616 1247//1616
f 1254//1617 1247//1617 1248//1617
f 992//1618 1238//1618 1194//1618
f 1194//1619 1238//1619 1239//1619
f 1194//1620 1239//1620 1257//1620
f 1257//1621 1239//1621 1240//1621
f 1257//1622 1240//1622 1256//1622
f 1256//1623 1240//1623 1241//1623
f 1256//1624 1241//1624 1242//1624
f 1258//1625 1190//1625 1212//1625
f 1259//1626 1182//1626 1186//1626
f 1183//1627 1182//1627 1260//1627
f 1260//1628 1182//1628 1259//1628
f 1260//1629 1259//1629 1261//1629
f 1261//1630 1259//1630 1262//1630
f 1263//1631 1264//1631 1265//1631
f 1265//1632 1264//1632 1266//1632
f 1265//1633 1266//1633 1262//1633
f 1262//1634 1266//1634 1267//1634
f 1262//1635 1267//1635 1261//1635
f 1263//1636 1265//1636 1268//1636
f 1268//1637 1265//1637 1269//1637
f 1268//1638 1269//1638 1270//1638
f 1270//1639 1269//1639 1271//1639
f 1271//1640 1269//1640 1272//1640
f 1271//1641 1272//1641 1273//1641
f 1274//1642 331//1642 330//1642
f 328//1643 1273//1643 329//1643
f 329//1644 1273//1644 1272//1644
f 329//1645 1272//1645 330//1645
f 1275//1646 322//1646 331//1646
f 322//1647 1275//1647 321//1647
f 1250//1648 316//1648 1253//1648
f 1253//1649 316//1649 317//1649
f 1253//1650 317//1650 319//1650
f 319//1651 1252//1651 1253//1651
f 1253//1652 1252//1652 1276//1652
f 1253//1653 1276//1653 1254//1653
f 1254//1654 1276//1654 1277//1654
f 1254//1654 1277//1654 1255//1654
f 1255//1655 1277//1655 1278//1655
f 1255//1655 1278//1655 1256//1655
f 1256//1656 1278//1656 1279//1656
f 1256//1656 1279//1656 1257//1656
f 1257//1657 1279//1657 1193//1657
f 1257//1658 1193//1658 1194//1658
f 321//1659 1275//1659 1252//1659
f 1252//1660 1275//1660 1280//1660
f 1252//1661 1280//1661 1276//1661
f 1276//1662 1280//1662 1281//1662
f 1276//1662 1281//1662 1277//1662
f 1277//1663 1281//1663 1282//1663
f 1277//1664 1282//1664 1278//1664
f 1278//1665 1282//1665 1258//1665
f 1278//1666 1258//1666 1279//1666
f 1279//1667 1258//1667 1212//1667
f 1279//1668 1212//1668 1193//1668
f 331//1669 1274//1669 1275//1669
f 1275//1670 1274//1670 1283//1670
f 1275//1671 1283//1671 1280//1671
f 1280//1672 1283//1672 1284//1672
f 1280//1672 1284//1672 1281//1672
f 1281//1673 1284//1673 1285//1673
f 1281//1673 1285//1673 1282//1673
f 1282//1674 1285//1674 1286//1674
f 1282//1675 1286//1675 1258//1675
f 330//1676 1272//1676 1274//1676
f 1274//1677 1272//1677 1269//1677
f 1274//1678 1269//1678 1283//1678
f 1283//1679 1269//1679 1265//1679
f 1283//1679 1265//1679 1284//1679
f 1284//1680 1265//1680 1262//1680
f 1284//1681 1262//1681 1285//1681
f 1285//1682 1262//1682 1259//1682
f 1285//1682 1259//1682 1286//1682
f 1286//1683 1259//1683 1186//1683
f 1286//1684 1186//1684 1258//1684
f 1258//1685 1186//1685 1189//1685
f 1258//1686 1189//1686 1190//1686
f 1287//1687 383//1687 384//1687
f 1288//1688 1289//1688 1290//1688
f 1291//1689 1292//1689 1293//1689
f 1294//1690 1295//1690 1296//1690
f 1296//1691 1295//1691 1297//1691
f 1296//1692 1297//1692 1035//1692
f 1298//1693 1299//1693 1300//1693
f 375//1694 1288//1694 376//1694
f 376//1695 1288//1695 1290//1695
f 376//1696 1290//1696 363//1696
f 363//1697 1290//1697 1301//1697
f 363//1698 1301//1698 368//1698
f 368//1699 1301//1699 1302//1699
f 368//1700 1302//1700 369//1700
f 369//1701 1302//1701 370//1701
f 370//1702 1302//1702 1303//1702
f 370//1703 1303//1703 385//1703
f 385//1704 1303//1704 1304//1704
f 385//1705 1304//1705 384//1705
f 384//1706 1304//1706 1305//1706
f 384//1707 1305//1707 1287//1707
f 1306//1708 1307//1708 1308//1708
f 1308//1709 1307//1709 1309//1709
f 1308//1710 1309//1710 1310//1710
f 1311//1711 1312//1711 1313//1711
f 1314//1712 1151//1712 1315//1712
f 1315//1713 1151//1713 1205//1713
f 1315//1714 1205//1714 1316//1714
f 1316//1715 1205//1715 1204//1715
f 1035//1716 1160//1716 1296//1716
f 1296//1717 1160//1717 1159//1717
f 1296//1718 1159//1718 1317//1718
f 1317//1719 1159//1719 1206//1719
f 1317//1720 1206//1720 1314//1720
f 1314//1721 1206//1721 1149//1721
f 1314//1722 1149//1722 1151//1722
f 1316//1723 1318//1723 1315//1723
f 1315//1724 1318//1724 1319//1724
f 1315//1725 1319//1725 1314//1725
f 1314//1726 1319//1726 1320//1726
f 1314//1727 1320//1727 1317//1727
f 1317//1728 1320//1728 1321//1728
f 1317//1729 1321//1729 1296//1729
f 1296//1730 1321//1730 1322//1730
f 1296//1731 1322//1731 1294//1731
f 1294//1732 1322//1732 1323//1732
f 1292//1733 1323//1733 1293//1733
f 1293//1734 1323//1734 1322//1734
f 1293//1735 1322//1735 1324//1735
f 1324//1735 1322//1735 1321//1735
f 1324//1736 1321//1736 1325//1736
f 1325//1737 1321//1737 1320//1737
f 1325//1738 1320//1738 1326//1738
f 1326//1739 1320//1739 1319//1739
f 1326//1740 1319//1740 1313//1740
f 1313//1740 1319//1740 1318//1740
f 1313//1741 1318//1741 1311//1741
f 1311//1742 1318//1742 1316//1742
f 1311//1743 1316//1743 1327//1743
f 1327//1744 1316//1744 1204//1744
f 1327//1745 1204//1745 1148//1745
f 1312//1746 1306//1746 1313//1746
f 1313//1747 1306//1747 1308//1747
f 1313//1748 1308//1748 1326//1748
f 1326//1748 1308//1748 1328//1748
f 1326//1749 1328//1749 1325//1749
f 1325//1749 1328//1749 1329//1749
f 1325//1750 1329//1750 1324//1750
f 1324//1750 1329//1750 1330//1750
f 1324//1751 1330//1751 1293//1751
f 1293//1751 1330//1751 1298//1751
f 1293//1752 1298//1752 1291//1752
f 1291//1753 1298//1753 1300//1753
f 1310//1754 1305//1754 1308//1754
f 1308//1755 1305//1755 1304//1755
f 1308//1756 1304//1756 1328//1756
f 1328//1756 1304//1756 1303//1756
f 1328//1757 1303//1757 1329//1757
f 1329//1758 1303//1758 1302//1758
f 1329//1759 1302//1759 1330//1759
f 1330//1760 1302//1760 1301//1760
f 1330//1761 1301//1761 1298//1761
f 1298//1762 1301//1762 1290//1762
f 1298//1763 1290//1763 1299//1763
f 1299//1764 1290//1764 1289//1764
f 1032//1765 1033//1765 1331//1765
f 1036//1766 1332//1766 1034//1766
f 1288//1767 375//1767 374//1767
f 365//1768 1333//1768 1334//1768
f 1288//1769 374//1769 1289//1769
f 1291//1770 1300//1770 1335//1770
f 1335//1771 1300//1771 1299//1771
f 1335//1772 1299//1772 1336//1772
f 1336//1773 1299//1773 1289//1773
f 1336//1774 1289//1774 1337//1774
f 1337//1775 1289//1775 374//1775
f 1337//1776 374//1776 367//1776
f 1291//1777 1335//1777 1292//1777
f 1292//1778 1335//1778 1338//1778
f 1292//1779 1338//1779 1323//1779
f 1323//1780 1338//1780 1339//1780
f 1323//1781 1339//1781 1294//1781
f 1294//1782 1339//1782 1295//1782
f 1295//1783 1339//1783 1332//1783
f 1295//1784 1332//1784 1297//1784
f 1297//1785 1332//1785 1036//1785
f 1297//1786 1036//1786 1035//1786
f 1340//1787 1028//1787 1331//1787
f 1331//1788 1028//1788 1027//1788
f 1331//1789 1027//1789 1032//1789
f 1341//1790 1026//1790 1025//1790
f 1334//1791 1333//1791 1342//1791
f 1342//1792 1333//1792 1341//1792
f 1342//1793 1341//1793 1343//1793
f 1343//1794 1341//1794 1025//1794
f 1343//1795 1025//1795 1340//1795
f 1340//1796 1025//1796 1023//1796
f 1340//1797 1023//1797 1028//1797
f 1034//1798 1332//1798 1033//1798
f 1033//1799 1332//1799 1339//1799
f 1033//1800 1339//1800 1331//1800
f 1331//1801 1339//1801 1338//1801
f 1331//1802 1338//1802 1340//1802
f 1340//1803 1338//1803 1335//1803
f 1340//1804 1335//1804 1343//1804
f 1343//1805 1335//1805 1336//1805
f 1343//1806 1336//1806 1342//1806
f 1342//1807 1336//1807 1337//1807
f 1342//1808 1337//1808 1334//1808
f 1334//1809 1337//1809 367//1809
f 1334//1810 367//1810 365//1810
f 1333//1811 365//1811 1344//1811
f 1344//1812 365//1812 364//1812
f 1344//1813 1345//1813 1333//1813
f 1333//1814 1345//1814 1346//1814
f 1333//1815 1346//1815 1341//1815
f 1341//1816 1346//1816 1046//1816
f 1341//1817 1046//1817 1026//1817
f 364//1818 1068//1818 1344//1818
f 1344//1819 1068//1819 1070//1819
f 1344//1820 1070//1820 1345//1820
f 1345//1821 1070//1821 1072//1821
f 1345//1822 1072//1822 1346//1822
f 1346//1823 1072//1823 1047//1823
f 1346//1824 1047//1824 1046//1824
f 1064//1825 1347//1825 1081//1825
f 1348//1826 1092//1826 1091//1826
f 364//1827 366//1827 1065//1827
f 1065//1828 366//1828 1349//1828
f 1065//1829 1349//1829 1060//1829
f 1060//1830 1349//1830 1055//1830
f 1347//1831 1064//1831 1350//1831
f 1064//1832 1059//1832 1350//1832
f 1350//1833 1059//1833 1058//1833
f 1350//1834 1058//1834 1349//1834
f 1349//1835 1058//1835 1056//1835
f 1349//1836 1056//1836 1055//1836
f 775//1837 1081//1837 1091//1837
f 1091//1838 1081//1838 1347//1838
f 1091//1839 1347//1839 1348//1839
f 1348//1840 1347//1840 1350//1840
f 1348//1841 1350//1841 1351//1841
f 1351//1842 1350//1842 1349//1842
f 1351//1843 1349//1843 1352//1843
f 1352//1844 1349//1844 366//1844
f 1352//1845 366//1845 362//1845
f 362//1846 361//1846 1352//1846
f 1352//1847 361//1847 1353//1847
f 1352//1848 1353//1848 1351//1848
f 1351//1849 1353//1849 1348//1849
f 1348//1850 1353//1850 1354//1850
f 1348//1851 1354//1851 1355//1851
f 1104//1852 1103//1852 1356//1852
f 1356//1853 1103//1853 1102//1853
f 1356//1854 1102//1854 1357//1854
f 1357//1855 1102//1855 1090//1855
f 1357//1856 1090//1856 1355//1856
f 1355//1857 1090//1857 1092//1857
f 1355//1858 1092//1858 1348//1858
f 1101//1859 1106//1859 1356//1859
f 1356//1860 1106//1860 1105//1860
f 1356//1861 1105//1861 1104//1861
f 1112//1862 888//1862 1358//1862
f 1358//1863 888//1863 1099//1863
f 1358//1864 1099//1864 1356//1864
f 1356//1865 1099//1865 1100//1865
f 1356//1866 1100//1866 1101//1866
f 1359//1867 1360//1867 1361//1867
f 1361//1868 1362//1868 1363//1868
f 420//1869 419//1869 1364//1869
f 1365//1870 464//1870 1360//1870
f 1360//1871 464//1871 466//1871
f 1360//1872 466//1872 1361//1872
f 1361//1873 466//1873 490//1873
f 1361//1874 490//1874 1362//1874
f 1362//1875 490//1875 420//1875
f 1366//1876 1367//1876 1368//1876
f 1367//1877 1366//1877 1369//1877
f 1162//1878 1369//1878 1143//1878
f 1143//1879 1369//1879 1144//1879
f 1369//1880 1366//1880 1144//1880
f 1144//1881 1366//1881 1370//1881
f 1144//1882 1370//1882 1147//1882
f 420//1883 1364//1883 1362//1883
f 1362//1884 1364//1884 1371//1884
f 1362//1885 1371//1885 1363//1885
f 1365//1886 1360//1886 1368//1886
f 1368//1887 1360//1887 1359//1887
f 1368//1888 1359//1888 1366//1888
f 1366//1889 1359//1889 1361//1889
f 1366//1890 1361//1890 1370//1890
f 1370//1891 1361//1891 1363//1891
f 1370//1892 1363//1892 1147//1892
f 1147//1893 1363//1893 1371//1893
f 1147//1894 1371//1894 1148//1894
f 1372//1895 1373//1895 1374//1895
f 1375//1896 1376//1896 1377//1896
f 1377//1897 1376//1897 1378//1897
f 1377//1898 1378//1898 1185//1898
f 1185//1899 1183//1899 1377//1899
f 1377//1900 1183//1900 1379//1900
f 1377//1901 1379//1901 1375//1901
f 1178//1902 1380//1902 1180//1902
f 1180//1903 1380//1903 1381//1903
f 1180//1904 1381//1904 1181//1904
f 1373//1905 1381//1905 1374//1905
f 1374//1906 1381//1906 1380//1906
f 1374//1907 1380//1907 1382//1907
f 1382//1908 1380//1908 1178//1908
f 1382//1909 1178//1909 1383//1909
f 477//1910 1384//1910 482//1910
f 482//1911 1384//1911 1385//1911
f 482//1912 1385//1912 480//1912
f 480//1913 1385//1913 1376//1913
f 480//1914 1376//1914 486//1914
f 486//1915 1376//1915 1375//1915
f 486//1916 1375//1916 458//1916
f 458//1917 1375//1917 1386//1917
f 458//1918 1386//1918 456//1918
f 477//1919 1372//1919 1384//1919
f 1384//1920 1372//1920 1374//1920
f 1384//1921 1374//1921 1385//1921
f 1385//1922 1374//1922 1382//1922
f 1385//1923 1382//1923 1376//1923
f 1376//1924 1382//1924 1383//1924
f 1376//1925 1383//1925 1378//1925
f 1378//1926 1383//1926 1178//1926
f 1378//1927 1178//1927 1185//1927
f 1174//391 476//391 1176//391
f 1176//391 476//391 1209//391
f 1174//391 1173//391 476//391
f 476//391 1173//391 1187//391
f 476//391 1187//391 477//391
f 477//391 1187//391 1181//391
f 1381//391 1373//391 1181//391
f 1181//391 1373//391 1372//391
f 1181//1928 1372//1928 477//1928
f 462//390 1166//390 1167//390
f 462//390 1167//390 463//390
f 473//390 1215//390 471//390
f 471//390 1215//390 1170//390
f 1167//390 1168//390 463//390
f 463//390 1168//390 1213//390
f 463//390 1213//390 473//390
f 473//390 1213//390 1214//390
f 473//390 1214//390 1215//390
f 1170//390 1169//390 471//390
f 471//390 1169//390 1171//390
f 471//390 1171//390 469//390
f 1171//390 1172//390 469//390
f 469//390 1172//390 1142//390
f 469//390 1142//390 476//390
f 476//390 1142//390 1139//390
f 476//390 1139//390 1209//390
f 1166//382 462//382 1165//382
f 1165//382 462//382 1164//382
f 462//1929 464//1929 1365//1929
f 1367//382 1369//382 1162//382
f 1164//382 462//382 1163//382
f 1163//382 462//382 1365//382
f 1163//382 1365//382 1162//382
f 1162//389 1365//389 1368//389
f 1162//382 1368//382 1367//382
f 1386//1930 1387//1930 456//1930
f 1375//1931 1379//1931 1388//1931
f 1264//1932 1389//1932 1390//1932
f 439//1933 1273//1933 328//1933
f 439//1934 438//1934 1273//1934
f 1273//1935 438//1935 1391//1935
f 1273//1936 1391//1936 1271//1936
f 1271//1937 1391//1937 1392//1937
f 1271//1938 1392//1938 1270//1938
f 1270//1939 1392//1939 1268//1939
f 1261//1940 1267//1940 1390//1940
f 1390//1941 1267//1941 1266//1941
f 1390//1942 1266//1942 1264//1942
f 1390//1943 1393//1943 1261//1943
f 1261//1944 1393//1944 1388//1944
f 1261//1945 1388//1945 1260//1945
f 1260//1946 1388//1946 1379//1946
f 1260//1947 1379//1947 1183//1947
f 1394//1948 452//1948 1387//1948
f 1387//1949 452//1949 454//1949
f 1387//1950 454//1950 456//1950
f 444//1951 450//1951 1395//1951
f 1395//1952 450//1952 452//1952
f 1395//1953 452//1953 1396//1953
f 1396//1954 452//1954 1394//1954
f 1264//1955 1263//1955 1389//1955
f 1389//1956 1263//1956 1268//1956
f 1389//1957 1268//1957 1397//1957
f 1397//1958 1268//1958 1392//1958
f 1397//1959 1392//1959 447//1959
f 447//1960 1392//1960 1391//1960
f 447//1961 1391//1961 443//1961
f 443//1962 1391//1962 438//1962
f 1386//1963 1375//1963 1387//1963
f 1387//1964 1375//1964 1388//1964
f 1387//1965 1388//1965 1394//1965
f 1394//1966 1388//1966 1393//1966
f 1394//1967 1393//1967 1396//1967
f 1396//1968 1393//1968 1390//1968
f 1396//1969 1390//1969 1395//1969
f 1395//1970 1390//1970 1389//1970
f 1395//1971 1389//1971 444//1971
f 444//1972 1389//1972 1397//1972
f 444//1973 1397//1973 445//1973
f 445//1974 1397//1974 447//1974
f 439//1975 328//1975 440//1975
f 440//1976 328//1976 314//1976
f 428//1977 427//1977 1398//1977
f 1327//1978 1148//1978 1371//1978
f 1399//1979 1311//1979 1400//1979
f 1400//1980 1311//1980 1327//1980
f 1400//1981 1327//1981 1401//1981
f 1401//1982 1327//1982 1371//1982
f 1309//1983 1307//1983 1402//1983
f 1402//1984 1307//1984 1306//1984
f 1402//1985 1306//1985 1399//1985
f 1399//1986 1306//1986 1312//1986
f 1399//1987 1312//1987 1311//1987
f 424//1988 432//1988 1403//1988
f 1403//1989 432//1989 434//1989
f 1403//1990 434//1990 1404//1990
f 1404//1991 434//1991 436//1991
f 427//1992 425//1992 1398//1992
f 1398//1993 425//1993 424//1993
f 1398//1994 424//1994 1405//1994
f 1405//1995 424//1995 1403//1995
f 1405//1996 1403//1996 1305//1996
f 1305//1997 1403//1997 1404//1997
f 1305//1998 1404//1998 1287//1998
f 1287//1999 1404//1999 436//1999
f 1287//2000 436//2000 383//2000
f 1305//2001 1310//2001 1405//2001
f 1405//2002 1310//2002 1309//2002
f 1405//2003 1309//2003 1398//2003
f 1398//2004 1309//2004 1402//2004
f 1398//2005 1402//2005 428//2005
f 1364//2006 419//2006 1406//2006
f 1406//2007 419//2007 417//2007
f 1406//2008 417//2008 1407//2008
f 1407//2009 417//2009 423//2009
f 1407//2010 423//2010 1408//2010
f 1408//2011 423//2011 429//2011
f 1408//2012 429//2012 1409//2012
f 429//2013 428//2013 1409//2013
f 1409//2014 428//2014 1402//2014
f 1409//2015 1402//2015 1408//2015
f 1408//2016 1402//2016 1399//2016
f 1408//2017 1399//2017 1407//2017
f 1407//2018 1399//2018 1400//2018
f 1407//2019 1400//2019 1406//2019
f 1406//2020 1400//2020 1401//2020
f 1406//2021 1401//2021 1364//2021
f 1364//2022 1401//2022 1371//2022
f 359//2023 383//2023 437//2023
f 437//2024 383//2024 436//2024
f 1410//2025 1411//2025 1412//2025
f 1412//2026 1411//2026 1413//2026
f 1412//2027 1413//2027 1414//2027
f 1415//2028 1416//2028 1417//2028
f 1417//2029 1416//2029 1418//2029
f 1415//2030 1419//2030 1416//2030
f 1416//2031 1419//2031 1420//2031
f 1416//2032 1420//2032 1410//2032
f 1410//2033 1420//2033 1421//2033
f 1410//2034 1421//2034 1411//2034
f 1422//2035 1423//2035 1424//2035
f 1424//2036 1423//2036 1425//2036
f 1424//2037 1425//2037 1418//2037
f 1418//2038 1425//2038 1426//2038
f 1418//2039 1426//2039 1417//2039
f 1422//2040 1424//2040 1427//2040
f 1427//2041 1424//2041 1428//2041
f 1427//2042 1428//2042 1429//2042
f 1429//2043 1428//2043 1430//2043
f 1430//2044 1428//2044 1431//2044
f 1430//2045 1431//2045 1432//2045
f 1433//2046 1434//2046 1435//2046
f 1435//2046 1434//2046 1436//2046
f 1435//2047 1436//2047 1437//2047
f 1437//2047 1436//2047 1438//2047
f 1437//2048 1438//2048 1439//2048
f 1439//2048 1438//2048 1440//2048
f 1439//2049 1440//2049 1441//2049
f 1441//2049 1440//2049 1442//2049
f 1441//2050 1442//2050 1443//2050
f 1443//2051 1442//2051 1412//2051
f 1443//2052 1412//2052 1444//2052
f 1444//2053 1412//2053 1414//2053
f 1444//2053 1414//2053 1445//2053
f 1446//2054 1432//2054 1447//2054
f 1447//2054 1432//2054 1431//2054
f 1447//2055 1431//2055 1448//2055
f 1448//2056 1431//2056 1434//2056
f 1448//2057 1434//2057 1449//2057
f 1449//2058 1434//2058 1433//2058
f 1450//2059 1451//2059 1452//2059
f 1453//2060 1454//2060 1455//2060
f 1455//2061 1454//2061 1456//2061
f 1455//2062 1456//2062 1457//2062
f 1457//2063 1456//2063 1458//2063
f 1457//2064 1458//2064 1459//2064
f 1459//2065 1458//2065 1460//2065
f 1459//2066 1460//2066 1461//2066
f 1461//2067 1460//2067 1462//2067
f 1461//2068 1462//2068 1463//2068
f 1463//2069 1462//2069 1464//2069
f 1463//2070 1464//2070 1465//2070
f 1465//2071 1464//2071 1466//2071
f 1465//2072 1466//2072 1467//2072
f 1467//2073 1466//2073 1468//2073
f 1467//2074 1468//2074 1452//2074
f 1452//2075 1468//2075 1469//2075
f 1452//2076 1469//2076 1450//2076
f 1470//2077 1471//2077 1472//2077
f 1473//2078 1474//2078 1475//2078
f 1475//390 1476//390 338//390
f 338//390 1476//390 1477//390
f 338//390 1477//390 1472//390
f 1472//390 1477//390 1478//390
f 1472//390 1478//390 1470//390
f 1475//390 338//390 1473//390
f 1473//390 338//390 339//390
f 1473//390 339//390 1479//390
f 1452//2079 1451//2079 1480//2079
f 1459//2080 1461//2080 1481//2080
f 1481//2081 1461//2081 1463//2081
f 1481//2082 1463//2082 381//2082
f 381//2083 1463//2083 1465//2083
f 381//2084 1465//2084 1467//2084
f 1482//390 379//390 1480//390
f 1480//390 379//390 381//390
f 1480//2085 381//2085 1452//2085
f 1452//2086 381//2086 1467//2086
f 1483//382 1484//382 1485//382
f 1485//382 1484//382 1486//382
f 1487//391 1488//391 1489//391
f 1489//391 1488//391 1490//391
f 1491//391 1488//391 1492//391
f 1492//391 1488//391 1493//391
f 1492//2087 1493//2087 1494//2087
f 1494//391 1493//391 1495//391
f 1496//400 332//400 386//400
f 386//400 332//400 337//400
f 1490//2088 1488//2088 1497//2088
f 1498//2089 1499//2089 1500//2089
f 1498//2090 1500//2090 1501//2090
f 1501//2091 1500//2091 1502//2091
f 1501//2092 1502//2092 1503//2092
f 1503//2093 1502//2093 1504//2093
f 1503//2094 1504//2094 1497//2094
f 1497//2095 1504//2095 1505//2095
f 1497//2096 1505//2096 1490//2096
f 1483//2097 1506//2097 1507//2097
f 1484//2098 1483//2098 1508//2098
f 1508//2099 1483//2099 1507//2099
f 1508//2100 1507//2100 1509//2100
f 1509//2101 1507//2101 1510//2101
f 1509//2102 1510//2102 1511//2102
f 1512//2103 1513//2103 1514//2103
f 1514//2104 1513//2104 1515//2104
f 1514//2105 1515//2105 1516//2105
f 1516//2106 1515//2106 1517//2106
f 1516//2107 1517//2107 1518//2107
f 1518//2108 1517//2108 1511//2108
f 1518//2109 1511//2109 1519//2109
f 1519//2110 1511//2110 1510//2110
f 1520//2111 1484//2111 1521//2111
f 1522//2112 1523//2112 1524//2112
f 1524//2113 1523//2113 1525//2113
f 1524//2114 1525//2114 1526//2114
f 1525//2115 1527//2115 1526//2115
f 1526//2116 1527//2116 1528//2116
f 1526//2117 1528//2117 1529//2117
f 1529//2118 1528//2118 1530//2118
f 1529//2119 1530//2119 1521//2119
f 1521//2120 1530//2120 1531//2120
f 1521//2121 1531//2121 1520//2121
f 478//2122 489//2122 1532//2122
f 1532//2123 489//2123 1533//2123
f 1532//2124 1533//2124 1534//2124
f 1534//2125 1533//2125 1535//2125
f 1534//2126 1535//2126 1536//2126
f 1536//2127 1535//2127 1537//2127
f 1536//2128 1537//2128 1522//2128
f 1522//2129 1537//2129 1538//2129
f 1522//2130 1538//2130 1523//2130
f 1539//390 1498//390 1540//390
f 1540//390 1498//390 1541//390
f 1540//2131 1541//2131 1542//2131
f 1543//2132 1544//2132 1545//2132
f 1545//390 1544//390 1513//390
f 1545//390 1513//390 1546//390
f 1547//390 1548//390 1512//390
f 1512//390 1548//390 1499//390
f 1512//390 1499//390 1513//390
f 1513//390 1499//390 1498//390
f 1513//390 1498//390 1546//390
f 1546//390 1498//390 1539//390
f 387//400 357//400 1549//400
f 1549//400 357//400 380//400
f 1550//576 1551//576 1552//576
f 1550//576 1553//576 1554//576
f 1555//576 1556//576 1557//576
f 1557//576 1556//576 1550//576
f 1557//576 1550//576 1558//576
f 1558//576 1550//576 1552//576
f 1559//576 1551//576 1560//576
f 1560//576 1551//576 1550//576
f 1560//576 1550//576 1561//576
f 1561//576 1550//576 1554//576
f 1562//2133 1563//2133 1564//2133
f 1564//2134 1563//2134 1565//2134
f 1564//2135 1565//2135 1566//2135
f 1564//507 1567//507 1562//507
f 1562//508 1567//508 1568//508
f 1562//508 1568//508 1569//508
f 1569//509 1568//509 1570//509
f 1569//509 1570//509 1571//509
f 1571//510 1570//510 1572//510
f 1571//510 1572//510 1573//510
f 1573//511 1572//511 1574//511
f 1573//511 1574//511 1575//511
f 1576//2136 1577//2136 1578//2136
f 1575//2137 1574//2137 1578//2137
f 1578//2138 1574//2138 1579//2138
f 1578//2139 1579//2139 1576//2139
f 1580//2140 1581//2140 1579//2140
f 1579//2141 1581//2141 1582//2141
f 1579//2142 1582//2142 1576//2142
f 1583//2143 1584//2143 1580//2143
f 1580//2144 1584//2144 1585//2144
f 1580//2145 1585//2145 1581//2145
f 1586//2146 1587//2146 1583//2146
f 1583//2147 1587//2147 1588//2147
f 1583//2148 1588//2148 1584//2148
f 1589//2149 1590//2149 1586//2149
f 1586//2150 1590//2150 1591//2150
f 1586//2151 1591//2151 1587//2151
f 1592//2152 1593//2152 1589//2152
f 1589//2153 1593//2153 1594//2153
f 1589//2154 1594//2154 1590//2154
f 1566//2155 1595//2155 1564//2155
f 1564//2156 1595//2156 1596//2156
f 1564//2157 1596//2157 1592//2157
f 1592//2158 1596//2158 1597//2158
f 1592//2159 1597//2159 1593//2159
f 1598//2160 1599//2160 1600//2160
f 1601//2161 1602//2161 1603//2161
f 1604//2162 1605//2162 1606//2162
f 1607//2163 1577//2163 1576//2163
f 1608//2164 1609//2164 1610//2164
f 1610//2165 1609//2165 1611//2165
f 1604//2166 1606//2166 1612//2166
f 1613//2167 1614//2167 1615//2167
f 1616//2168 1617//2168 1615//2168
f 1615//2169 1617//2169 1618//2169
f 1615//2170 1618//2170 1613//2170
f 1619//2171 1620//2171 1621//2171
f 1620//2172 1619//2172 1622//2172
f 1622//2173 1619//2173 1623//2173
f 1622//2174 1623//2174 1624//2174
f 1624//2175 1623//2175 1625//2175
f 1625//2176 1623//2176 1626//2176
f 1625//2177 1626//2177 1627//2177
f 1628//2178 1629//2178 1630//2178
f 1630//2179 1629//2179 1631//2179
f 1630//2180 1631//2180 1626//2180
f 1626//2181 1631//2181 1632//2181
f 1626//2182 1632//2182 1627//2182
f 1633//2183 1634//2183 1628//2183
f 1628//2184 1634//2184 1635//2184
f 1628//2185 1635//2185 1629//2185
f 1636//2186 1637//2186 1638//2186
f 1638//2187 1637//2187 1633//2187
f 1638//2188 1633//2188 1639//2188
f 1639//2189 1633//2189 1628//2189
f 1636//2190 1638//2190 1640//2190
f 1640//2191 1638//2191 1603//2191
f 1640//2192 1603//2192 1641//2192
f 1602//2193 1642//2193 1603//2193
f 1603//2194 1642//2194 1643//2194
f 1603//2195 1643//2195 1641//2195
f 1644//2196 1645//2196 1646//2196
f 1647//2197 1648//2197 1646//2197
f 1646//2198 1648//2198 1649//2198
f 1646//2199 1649//2199 1644//2199
f 1598//2200 1600//2200 1650//2200
f 1651//2201 1652//2201 1653//2201
f 1653//2202 1652//2202 1654//2202
f 1653//2203 1654//2203 1565//2203
f 1594//2204 1593//2204 1655//2204
f 1655//2205 1593//2205 1597//2205
f 1655//2205 1597//2205 1656//2205
f 1656//2206 1597//2206 1596//2206
f 1656//2206 1596//2206 1657//2206
f 1657//2207 1596//2207 1595//2207
f 1657//2208 1595//2208 1654//2208
f 1654//2209 1595//2209 1566//2209
f 1654//2210 1566//2210 1565//2210
f 1594//2211 1655//2211 1590//2211
f 1590//2212 1655//2212 1658//2212
f 1590//2213 1658//2213 1591//2213
f 1591//2214 1658//2214 1659//2214
f 1591//2215 1659//2215 1587//2215
f 1587//2216 1659//2216 1588//2216
f 1588//2217 1659//2217 1660//2217
f 1588//2218 1660//2218 1584//2218
f 1584//2219 1660//2219 1661//2219
f 1584//2219 1661//2219 1585//2219
f 1585//2220 1661//2220 1662//2220
f 1585//2220 1662//2220 1581//2220
f 1611//2221 1607//2221 1610//2221
f 1610//2222 1607//2222 1576//2222
f 1610//2223 1576//2223 1662//2223
f 1662//2224 1576//2224 1582//2224
f 1662//2225 1582//2225 1581//2225
f 1652//2226 1650//2226 1654//2226
f 1654//2227 1650//2227 1600//2227
f 1654//2228 1600//2228 1657//2228
f 1657//2229 1600//2229 1663//2229
f 1657//2230 1663//2230 1656//2230
f 1656//2230 1663//2230 1664//2230
f 1656//2231 1664//2231 1655//2231
f 1655//2232 1664//2232 1665//2232
f 1655//2233 1665//2233 1658//2233
f 1658//2233 1665//2233 1666//2233
f 1658//2234 1666//2234 1659//2234
f 1659//2234 1666//2234 1667//2234
f 1659//2235 1667//2235 1660//2235
f 1660//2235 1667//2235 1668//2235
f 1660//2236 1668//2236 1661//2236
f 1661//2236 1668//2236 1669//2236
f 1661//2237 1669//2237 1662//2237
f 1662//2237 1669//2237 1670//2237
f 1662//2238 1670//2238 1610//2238
f 1610//2238 1670//2238 1606//2238
f 1610//2239 1606//2239 1608//2239
f 1608//2240 1606//2240 1605//2240
f 1599//2241 1647//2241 1600//2241
f 1600//2242 1647//2242 1646//2242
f 1600//2243 1646//2243 1663//2243
f 1663//2243 1646//2243 1671//2243
f 1663//2244 1671//2244 1664//2244
f 1664//2245 1671//2245 1672//2245
f 1664//2246 1672//2246 1665//2246
f 1665//2247 1672//2247 1673//2247
f 1665//2248 1673//2248 1666//2248
f 1666//2249 1673//2249 1674//2249
f 1666//2250 1674//2250 1667//2250
f 1667//2250 1674//2250 1675//2250
f 1667//2251 1675//2251 1668//2251
f 1668//2252 1675//2252 1676//2252
f 1668//2253 1676//2253 1669//2253
f 1669//2253 1676//2253 1677//2253
f 1669//2254 1677//2254 1670//2254
f 1670//2254 1677//2254 1616//2254
f 1670//2255 1616//2255 1606//2255
f 1606//2255 1616//2255 1615//2255
f 1606//2256 1615//2256 1612//2256
f 1612//2257 1615//2257 1614//2257
f 1612//2258 1614//2258 1678//2258
f 1645//2259 1679//2259 1646//2259
f 1646//2260 1679//2260 1601//2260
f 1646//2261 1601//2261 1671//2261
f 1671//2262 1601//2262 1603//2262
f 1671//2263 1603//2263 1672//2263
f 1672//2263 1603//2263 1638//2263
f 1672//2264 1638//2264 1673//2264
f 1673//2265 1638//2265 1639//2265
f 1673//2266 1639//2266 1674//2266
f 1674//2267 1639//2267 1628//2267
f 1674//2268 1628//2268 1675//2268
f 1675//2269 1628//2269 1630//2269
f 1675//2270 1630//2270 1676//2270
f 1676//2271 1630//2271 1626//2271
f 1676//2272 1626//2272 1677//2272
f 1677//2272 1626//2272 1623//2272
f 1677//2273 1623//2273 1616//2273
f 1616//2273 1623//2273 1619//2273
f 1616//2274 1619//2274 1617//2274
f 1617//2275 1619//2275 1621//2275
f 1680//2276 1622//2276 1624//2276
f 1681//2277 1682//2277 1683//2277
f 1683//2278 1682//2278 1684//2278
f 1683//2279 1684//2279 1685//2279
f 1681//2280 1683//2280 1686//2280
f 1686//2281 1683//2281 1687//2281
f 1686//2282 1687//2282 1688//2282
f 1688//2283 1687//2283 1689//2283
f 1688//2284 1689//2284 1690//2284
f 1691//2285 1692//2285 1693//2285
f 1691//2286 1693//2286 1694//2286
f 1694//2287 1693//2287 1695//2287
f 1694//2288 1695//2288 1696//2288
f 1697//2289 1633//2289 1698//2289
f 1698//2290 1633//2290 1637//2290
f 1699//2291 1700//2291 1692//2291
f 1692//2292 1700//2292 1701//2292
f 1692//2293 1701//2293 1693//2293
f 1640//2294 1702//2294 1636//2294
f 1636//2295 1702//2295 1703//2295
f 1636//2296 1703//2296 1637//2296
f 1637//2297 1703//2297 1704//2297
f 1637//2298 1704//2298 1698//2298
f 1697//2299 1699//2299 1633//2299
f 1633//2300 1699//2300 1692//2300
f 1633//2301 1692//2301 1634//2301
f 1634//2302 1692//2302 1691//2302
f 1634//2303 1691//2303 1635//2303
f 1635//2304 1691//2304 1629//2304
f 1631//2305 1687//2305 1632//2305
f 1632//2306 1687//2306 1683//2306
f 1632//2307 1683//2307 1627//2307
f 1627//2308 1683//2308 1685//2308
f 1627//2309 1685//2309 1625//2309
f 1625//2310 1685//2310 1705//2310
f 1625//2311 1705//2311 1624//2311
f 1624//2312 1705//2312 1706//2312
f 1624//2313 1706//2313 1680//2313
f 1631//2314 1629//2314 1687//2314
f 1687//2315 1629//2315 1691//2315
f 1687//2316 1691//2316 1689//2316
f 1689//2316 1691//2316 1694//2316
f 1689//2317 1694//2317 1690//2317
f 1690//2318 1694//2318 1696//2318
f 1690//2319 1696//2319 1707//2319
f 1708//2320 1709//2320 1710//2320
f 1696//2321 1711//2321 1707//2321
f 1707//2322 1711//2322 1712//2322
f 1713//2323 1714//2323 1715//2323
f 1715//2324 1714//2324 1716//2324
f 1715//2325 1716//2325 1717//2325
f 1717//2326 1716//2326 1718//2326
f 1717//2327 1718//2327 1719//2327
f 1720//2328 1721//2328 1713//2328
f 1713//2329 1721//2329 1722//2329
f 1713//2330 1722//2330 1714//2330
f 1723//2331 1724//2331 1725//2331
f 1725//2332 1724//2332 1726//2332
f 1725//2333 1726//2333 1727//2333
f 1727//2334 1726//2334 1720//2334
f 1727//2335 1720//2335 1728//2335
f 1728//2336 1720//2336 1713//2336
f 1723//2337 1725//2337 1729//2337
f 1729//2338 1725//2338 1730//2338
f 1729//2339 1730//2339 1731//2339
f 1731//2340 1730//2340 1732//2340
f 1731//2341 1732//2341 1733//2341
f 1699//2342 1734//2342 1700//2342
f 1700//2343 1734//2343 1735//2343
f 1701//2344 1736//2344 1693//2344
f 1693//2345 1736//2345 1737//2345
f 1693//2346 1737//2346 1695//2346
f 1695//2347 1737//2347 1738//2347
f 1695//2348 1738//2348 1696//2348
f 1696//2349 1738//2349 1739//2349
f 1696//2350 1739//2350 1711//2350
f 1740//2351 1710//2351 1704//2351
f 1704//2352 1710//2352 1709//2352
f 1704//2353 1709//2353 1698//2353
f 1698//2354 1709//2354 1708//2354
f 1698//2355 1708//2355 1697//2355
f 1699//2356 1697//2356 1734//2356
f 1734//2357 1697//2357 1708//2357
f 1734//2358 1708//2358 1741//2358
f 1741//2359 1708//2359 1710//2359
f 1741//2360 1710//2360 1742//2360
f 1742//2361 1710//2361 1740//2361
f 1742//2362 1740//2362 1743//2362
f 1744//2363 1712//2363 1745//2363
f 1745//2364 1712//2364 1711//2364
f 1745//2365 1711//2365 1746//2365
f 1746//2366 1711//2366 1739//2366
f 1746//2367 1739//2367 1747//2367
f 1747//2368 1739//2368 1738//2368
f 1747//2369 1738//2369 1748//2369
f 1748//2370 1738//2370 1737//2370
f 1748//2371 1737//2371 1749//2371
f 1749//2372 1737//2372 1736//2372
f 1749//2373 1736//2373 1735//2373
f 1735//2374 1736//2374 1701//2374
f 1735//2375 1701//2375 1700//2375
f 1719//2376 1750//2376 1717//2376
f 1717//2377 1750//2377 1751//2377
f 1717//2378 1751//2378 1715//2378
f 1715//2379 1751//2379 1752//2379
f 1715//2380 1752//2380 1713//2380
f 1713//2381 1752//2381 1753//2381
f 1713//2382 1753//2382 1728//2382
f 1728//2383 1753//2383 1754//2383
f 1728//2384 1754//2384 1727//2384
f 1727//2385 1754//2385 1755//2385
f 1727//2386 1755//2386 1725//2386
f 1725//2387 1755//2387 1756//2387
f 1725//2388 1756//2388 1730//2388
f 1730//2389 1756//2389 1757//2389
f 1730//2390 1757//2390 1732//2390
f 1732//2391 1757//2391 1758//2391
f 1732//2392 1758//2392 1733//2392
f 1743//2393 1731//2393 1742//2393
f 1742//2394 1731//2394 1733//2394
f 1742//2395 1733//2395 1741//2395
f 1741//2396 1733//2396 1758//2396
f 1741//2397 1758//2397 1734//2397
f 1734//2398 1758//2398 1757//2398
f 1734//2399 1757//2399 1735//2399
f 1735//2400 1757//2400 1756//2400
f 1735//2401 1756//2401 1749//2401
f 1749//2402 1756//2402 1755//2402
f 1749//2403 1755//2403 1748//2403
f 1748//2404 1755//2404 1754//2404
f 1748//2405 1754//2405 1747//2405
f 1747//2406 1754//2406 1753//2406
f 1747//2407 1753//2407 1746//2407
f 1746//2408 1753//2408 1752//2408
f 1746//2409 1752//2409 1745//2409
f 1745//2410 1752//2410 1751//2410
f 1745//2411 1751//2411 1744//2411
f 1744//2412 1751//2412 1750//2412
f 1759//2413 1760//2413 1761//2413
f 1761//2414 1760//2414 1762//2414
f 1761//2415 1762//2415 1763//2415
f 1759//2416 1761//2416 1764//2416
f 1764//2417 1761//2417 1765//2417
f 1764//2418 1765//2418 1766//2418
f 1766//2419 1765//2419 1767//2419
f 1766//2420 1767//2420 1768//2420
f 1768//2421 1767//2421 1769//2421
f 1768//2422 1769//2422 1770//2422
f 1770//2423 1769//2423 1771//2423
f 1770//2424 1771//2424 1772//2424
f 1772//2425 1771//2425 1773//2425
f 1773//2426 1771//2426 1774//2426
f 1773//2427 1774//2427 1775//2427
f 1775//2428 1774//2428 1776//2428
f 1775//2429 1776//2429 1777//2429
f 1777//2430 1776//2430 1778//2430
f 1777//2431 1778//2431 1779//2431
f 1779//2432 1778//2432 1780//2432
f 1779//2433 1780//2433 1781//2433
f 1781//2434 1780//2434 1782//2434
f 1781//2435 1782//2435 1783//2435
f 1783//2436 1782//2436 1784//2436
f 1783//2437 1784//2437 1785//2437
f 1785//2438 1784//2438 1786//2438
f 1785//2439 1786//2439 1787//2439
f 1788//2440 1789//2440 1790//2440
f 1789//2441 1788//2441 1707//2441
f 1707//2442 1788//2442 1791//2442
f 1707//2443 1791//2443 1690//2443
f 1690//2444 1791//2444 1792//2444
f 1690//2445 1792//2445 1688//2445
f 1682//2446 1681//2446 1793//2446
f 1793//2447 1681//2447 1686//2447
f 1793//2448 1686//2448 1794//2448
f 1794//2449 1686//2449 1688//2449
f 1794//2450 1688//2450 1795//2450
f 1795//2451 1688//2451 1792//2451
f 1796//2452 1706//2452 1705//2452
f 1790//2453 1797//2453 1788//2453
f 1788//2454 1797//2454 1798//2454
f 1788//2455 1798//2455 1791//2455
f 1791//2456 1798//2456 1799//2456
f 1791//2457 1799//2457 1792//2457
f 1792//2458 1799//2458 1800//2458
f 1792//2459 1800//2459 1795//2459
f 1795//2460 1800//2460 1801//2460
f 1795//2461 1801//2461 1794//2461
f 1794//2462 1801//2462 1802//2462
f 1794//2463 1802//2463 1793//2463
f 1793//2464 1802//2464 1803//2464
f 1793//2465 1803//2465 1682//2465
f 1682//2466 1803//2466 1804//2466
f 1682//2467 1804//2467 1684//2467
f 1684//2468 1804//2468 1805//2468
f 1684//2469 1805//2469 1685//2469
f 1685//2470 1805//2470 1806//2470
f 1685//2471 1806//2471 1705//2471
f 1705//2472 1806//2472 1807//2472
f 1705//2473 1807//2473 1796//2473
f 1796//2474 1807//2474 1808//2474
f 1763//2475 1808//2475 1761//2475
f 1761//2476 1808//2476 1807//2476
f 1761//2477 1807//2477 1765//2477
f 1765//2478 1807//2478 1806//2478
f 1765//2479 1806//2479 1767//2479
f 1767//2480 1806//2480 1805//2480
f 1767//2481 1805//2481 1769//2481
f 1769//2482 1805//2482 1804//2482
f 1769//2483 1804//2483 1771//2483
f 1771//2484 1804//2484 1803//2484
f 1771//2485 1803//2485 1774//2485
f 1774//2486 1803//2486 1802//2486
f 1774//2487 1802//2487 1776//2487
f 1776//2488 1802//2488 1801//2488
f 1776//2489 1801//2489 1778//2489
f 1778//2490 1801//2490 1800//2490
f 1778//2491 1800//2491 1780//2491
f 1780//2492 1800//2492 1799//2492
f 1780//2493 1799//2493 1782//2493
f 1782//2494 1799//2494 1798//2494
f 1782//2495 1798//2495 1784//2495
f 1784//2496 1798//2496 1797//2496
f 1784//2497 1797//2497 1786//2497
f 1786//2498 1797//2498 1790//2498
f 1718//2499 1809//2499 1810//2499
f 1811//2500 1707//2500 1712//2500
f 1811//2501 1712//2501 1812//2501
f 1812//2502 1712//2502 1744//2502
f 1812//2503 1744//2503 1813//2503
f 1813//2504 1744//2504 1750//2504
f 1813//2505 1750//2505 1810//2505
f 1810//2506 1750//2506 1719//2506
f 1810//2507 1719//2507 1718//2507
f 1814//2508 1815//2508 1787//2508
f 1787//2509 1786//2509 1814//2509
f 1814//2510 1786//2510 1790//2510
f 1814//2511 1790//2511 1816//2511
f 1816//2512 1790//2512 1789//2512
f 1816//2513 1789//2513 1817//2513
f 1817//2514 1789//2514 1707//2514
f 1817//2515 1707//2515 1811//2515
f 1818//2516 1432//2516 1446//2516
f 1818//2516 1446//2516 1809//2516
f 1809//2517 1446//2517 1819//2517
f 1809//2518 1819//2518 1810//2518
f 1414//2519 1820//2519 1445//2519
f 1445//2519 1820//2519 1815//2519
f 1445//2520 1815//2520 1821//2520
f 1821//2521 1815//2521 1814//2521
f 1821//2522 1814//2522 1822//2522
f 1822//2523 1814//2523 1823//2523
f 1823//2524 1814//2524 1816//2524
f 1823//2525 1816//2525 1824//2525
f 1819//2526 1825//2526 1810//2526
f 1810//2527 1825//2527 1826//2527
f 1810//2528 1826//2528 1813//2528
f 1813//2529 1826//2529 1827//2529
f 1813//2530 1827//2530 1812//2530
f 1812//2531 1827//2531 1828//2531
f 1812//2532 1828//2532 1811//2532
f 1811//2533 1828//2533 1824//2533
f 1811//2534 1824//2534 1817//2534
f 1817//2535 1824//2535 1816//2535
f 1444//400 1445//400 1821//400
f 1827//2536 1826//2536 1449//2536
f 1449//400 1826//400 1448//400
f 1449//400 1433//400 1827//400
f 1827//400 1433//400 1435//400
f 1827//400 1435//400 1828//400
f 1828//400 1435//400 1437//400
f 1828//2536 1437//2536 1824//2536
f 1824//2537 1437//2537 1439//2537
f 1824//400 1439//400 1823//400
f 1823//2538 1439//2538 1441//2538
f 1823//400 1441//400 1822//400
f 1822//400 1441//400 1821//400
f 1821//400 1441//400 1443//400
f 1821//400 1443//400 1444//400
f 1446//400 1447//400 1819//400
f 1819//400 1447//400 1448//400
f 1819//400 1448//400 1825//400
f 1825//400 1448//400 1826//400
f 1829//382 1787//382 1815//382
f 1830//382 1829//382 1831//382
f 1831//382 1829//382 1815//382
f 1831//2539 1815//2539 1832//2539
f 1832//382 1815//382 1820//382
f 1833//2540 1834//2540 1835//2540
f 1836//2541 1837//2541 1838//2541
f 1839//2542 1836//2542 1840//2542
f 1841//2543 1842//2543 1840//2543
f 1840//2544 1842//2544 1843//2544
f 1840//2545 1843//2545 1839//2545
f 1836//2546 1838//2546 1840//2546
f 1840//2547 1838//2547 1844//2547
f 1840//2548 1844//2548 1841//2548
f 1841//2549 1844//2549 1845//2549
f 1841//2550 1845//2550 1846//2550
f 1847//2551 1848//2551 1846//2551
f 1846//2552 1848//2552 1849//2552
f 1846//2553 1849//2553 1841//2553
f 1841//2554 1849//2554 1850//2554
f 1841//2555 1850//2555 1842//2555
f 1851//2556 1847//2556 1852//2556
f 1852//2557 1847//2557 1846//2557
f 1852//2558 1846//2558 1853//2558
f 1853//2559 1846//2559 1845//2559
f 1834//2560 1851//2560 1835//2560
f 1835//2561 1851//2561 1852//2561
f 1835//2562 1852//2562 1854//2562
f 1854//2563 1852//2563 1853//2563
f 1854//2564 1853//2564 1855//2564
f 1855//2565 1853//2565 1845//2565
f 1855//2566 1845//2566 1856//2566
f 1856//2567 1845//2567 1844//2567
f 1856//2568 1844//2568 1857//2568
f 1857//2569 1844//2569 1838//2569
f 1857//2570 1838//2570 1858//2570
f 1858//2571 1838//2571 1837//2571
f 1858//2572 1837//2572 1859//2572
f 1859//2573 1837//2573 1836//2573
f 1859//2574 1836//2574 1860//2574
f 1860//2575 1836//2575 1839//2575
f 1860//2576 1839//2576 1861//2576
f 1862//2577 1833//2577 1863//2577
f 1863//2578 1833//2578 1835//2578
f 1863//2579 1835//2579 1864//2579
f 1864//2580 1835//2580 1854//2580
f 1864//2581 1854//2581 1865//2581
f 1865//2582 1854//2582 1855//2582
f 1832//2583 1862//2583 1831//2583
f 1831//2584 1862//2584 1863//2584
f 1831//2585 1863//2585 1830//2585
f 1830//2586 1863//2586 1864//2586
f 1830//2587 1864//2587 1829//2587
f 1829//2588 1864//2588 1865//2588
f 1866//2589 1867//2589 1868//2589
f 1869//2590 1870//2590 1871//2590
f 1872//2591 1873//2591 1870//2591
f 1871//2592 1874//2592 1875//2592
f 1875//2593 1874//2593 1876//2593
f 1875//2594 1876//2594 1877//2594
f 1877//2595 1876//2595 1878//2595
f 1877//2596 1878//2596 1879//2596
f 1878//2597 1880//2597 1879//2597
f 1879//2598 1880//2598 1881//2598
f 1879//2599 1881//2599 1868//2599
f 1868//2600 1881//2600 1882//2600
f 1868//2589 1882//2589 1866//2589
f 1871//2601 1875//2601 1869//2601
f 1869//2602 1875//2602 1877//2602
f 1869//2603 1877//2603 1883//2603
f 1883//2604 1877//2604 1879//2604
f 1883//2605 1879//2605 1884//2605
f 1884//2606 1879//2606 1868//2606
f 1884//2607 1868//2607 1885//2607
f 1885//2608 1868//2608 1867//2608
f 1885//2609 1867//2609 1886//2609
f 1870//2610 1869//2610 1872//2610
f 1872//2611 1869//2611 1883//2611
f 1872//2612 1883//2612 1887//2612
f 1887//2613 1883//2613 1884//2613
f 1887//2614 1884//2614 1888//2614
f 1888//2615 1884//2615 1885//2615
f 1888//2616 1885//2616 1889//2616
f 1889//2617 1885//2617 1886//2617
f 1889//2618 1886//2618 1890//2618
f 1891//2619 1892//2619 1893//2619
f 1893//2620 1892//2620 1894//2620
f 1893//2621 1894//2621 1895//2621
f 1895//2622 1894//2622 1896//2622
f 1897//2623 1896//2623 1898//2623
f 1898//2624 1896//2624 1894//2624
f 1898//2625 1894//2625 1899//2625
f 1899//2626 1894//2626 1892//2626
f 1866//2627 1891//2627 1867//2627
f 1867//2628 1891//2628 1893//2628
f 1867//2629 1893//2629 1886//2629
f 1886//2630 1893//2630 1895//2630
f 1886//2631 1895//2631 1890//2631
f 1890//2632 1895//2632 1896//2632
f 1890//2633 1896//2633 1900//2633
f 1900//2634 1896//2634 1897//2634
f 1900//2635 1897//2635 1901//2635
f 1718//391 1901//391 1809//391
f 1809//391 1901//391 1897//391
f 1809//391 1897//391 1818//391
f 1818//391 1897//391 1898//391
f 1818//391 1898//391 1899//391
f 1902//2636 1899//2636 1892//2636
f 1903//2637 1904//2637 1905//2637
f 1905//2638 1904//2638 1906//2638
f 1906//2639 1907//2639 1905//2639
f 1905//2640 1907//2640 1908//2640
f 1905//2641 1908//2641 1903//2641
f 1909//2642 1910//2642 1911//2642
f 1911//2643 1910//2643 1912//2643
f 1913//2644 1914//2644 1915//2644
f 1915//2645 1914//2645 1909//2645
f 1915//2646 1909//2646 1916//2646
f 1916//2647 1909//2647 1911//2647
f 1916//2648 1911//2648 1917//2648
f 1882//2649 1881//2649 1917//2649
f 1918//2650 1919//2650 1920//2650
f 1921//2651 1922//2651 1923//2651
f 1923//2652 1922//2652 1924//2652
f 1923//2653 1924//2653 1925//2653
f 1925//2654 1924//2654 1926//2654
f 1925//2655 1926//2655 1927//2655
f 1927//2656 1926//2656 1907//2656
f 1927//2657 1907//2657 1928//2657
f 1928//2658 1907//2658 1906//2658
f 1928//2659 1906//2659 1929//2659
f 1929//2660 1543//2660 1928//2660
f 1928//2661 1543//2661 1930//2661
f 1928//2662 1930//2662 1927//2662
f 1927//2663 1930//2663 1931//2663
f 1927//2664 1931//2664 1925//2664
f 1925//2665 1931//2665 1918//2665
f 1925//2666 1918//2666 1923//2666
f 1923//2667 1918//2667 1920//2667
f 1923//2668 1920//2668 1921//2668
f 1871//2669 1913//2669 1874//2669
f 1874//2670 1913//2670 1915//2670
f 1874//2671 1915//2671 1876//2671
f 1876//2672 1915//2672 1916//2672
f 1876//2673 1916//2673 1878//2673
f 1878//2674 1916//2674 1917//2674
f 1878//2675 1917//2675 1880//2675
f 1880//2676 1917//2676 1881//2676
f 1922//2677 1866//2677 1924//2677
f 1924//2678 1866//2678 1882//2678
f 1924//2679 1882//2679 1926//2679
f 1926//2680 1882//2680 1917//2680
f 1926//2681 1917//2681 1907//2681
f 1907//2682 1917//2682 1911//2682
f 1907//2683 1911//2683 1908//2683
f 1908//2684 1911//2684 1912//2684
f 1908//2685 1912//2685 1903//2685
f 1543//2686 1932//2686 1930//2686
f 1930//2687 1932//2687 1933//2687
f 1930//2688 1933//2688 1931//2688
f 1931//2689 1933//2689 1934//2689
f 1931//2690 1934//2690 1918//2690
f 1918//2691 1934//2691 1935//2691
f 1918//2692 1935//2692 1919//2692
f 1919//2693 1935//2693 1936//2693
f 1919//2694 1936//2694 1920//2694
f 1920//2695 1936//2695 1902//2695
f 1920//2696 1902//2696 1921//2696
f 1921//2697 1902//2697 1892//2697
f 1921//2698 1892//2698 1922//2698
f 1922//2699 1892//2699 1891//2699
f 1922//2700 1891//2700 1866//2700
f 1937//2701 1938//2701 1939//2701
f 1940//2702 1941//2702 1942//2702
f 1937//2703 1943//2703 1944//2703
f 1944//2704 1943//2704 1862//2704
f 1944//2705 1862//2705 1832//2705
f 1945//2706 1851//2706 1946//2706
f 1946//2707 1851//2707 1834//2707
f 1946//2708 1834//2708 1943//2708
f 1943//2709 1834//2709 1833//2709
f 1943//2710 1833//2710 1862//2710
f 1861//2711 1839//2711 1947//2711
f 1947//2712 1839//2712 1843//2712
f 1947//2713 1843//2713 1948//2713
f 1948//2714 1843//2714 1842//2714
f 1948//2715 1842//2715 1949//2715
f 1949//2716 1842//2716 1850//2716
f 1949//2717 1850//2717 1950//2717
f 1950//2718 1850//2718 1849//2718
f 1950//2719 1849//2719 1848//2719
f 1861//2720 1947//2720 1942//2720
f 1942//2721 1947//2721 1948//2721
f 1942//2722 1948//2722 1940//2722
f 1940//2723 1948//2723 1949//2723
f 1940//2724 1949//2724 1951//2724
f 1951//2725 1949//2725 1950//2725
f 1951//2726 1950//2726 1952//2726
f 1952//2727 1950//2727 1848//2727
f 1952//2728 1848//2728 1945//2728
f 1945//2729 1848//2729 1847//2729
f 1945//2730 1847//2730 1851//2730
f 1937//2731 1953//2731 1943//2731
f 1943//2732 1953//2732 1954//2732
f 1943//2733 1954//2733 1946//2733
f 1946//2734 1954//2734 1955//2734
f 1946//2735 1955//2735 1945//2735
f 1945//2736 1955//2736 1956//2736
f 1945//2737 1956//2737 1952//2737
f 1952//2738 1956//2738 1957//2738
f 1952//2739 1957//2739 1951//2739
f 1951//2740 1957//2740 1958//2740
f 1951//2741 1958//2741 1940//2741
f 1940//2742 1958//2742 1959//2742
f 1940//2743 1959//2743 1941//2743
f 1937//2744 1939//2744 1953//2744
f 1953//2745 1939//2745 1960//2745
f 1953//2746 1960//2746 1954//2746
f 1954//2747 1960//2747 1961//2747
f 1954//2748 1961//2748 1955//2748
f 1955//2749 1961//2749 1542//2749
f 1955//2750 1542//2750 1956//2750
f 1956//2751 1542//2751 1962//2751
f 1956//2752 1962//2752 1957//2752
f 1820//2753 1414//2753 1413//2753
f 1432//2754 1818//2754 1430//2754
f 1430//2755 1818//2755 1899//2755
f 1899//2756 1902//2756 1430//2756
f 1430//2757 1902//2757 1936//2757
f 1430//2758 1936//2758 1429//2758
f 1429//2759 1936//2759 1935//2759
f 1429//2760 1935//2760 1427//2760
f 1427//2761 1935//2761 1963//2761
f 1427//2762 1963//2762 1422//2762
f 1422//2763 1963//2763 1423//2763
f 1423//2764 1963//2764 1964//2764
f 1423//2765 1964//2765 1425//2765
f 1425//2766 1964//2766 1965//2766
f 1425//2767 1965//2767 1426//2767
f 1426//2768 1965//2768 1966//2768
f 1426//2769 1966//2769 1417//2769
f 1417//2770 1966//2770 1415//2770
f 1415//2771 1966//2771 1967//2771
f 1415//2772 1967//2772 1419//2772
f 1419//2773 1967//2773 1968//2773
f 1419//2774 1968//2774 1420//2774
f 1420//2775 1968//2775 1969//2775
f 1420//2776 1969//2776 1421//2776
f 1969//2777 1938//2777 1421//2777
f 1421//2778 1938//2778 1937//2778
f 1421//2779 1937//2779 1411//2779
f 1411//2780 1937//2780 1944//2780
f 1411//2781 1944//2781 1413//2781
f 1413//2782 1944//2782 1832//2782
f 1413//2783 1832//2783 1820//2783
f 1620//2784 1622//2784 1970//2784
f 1970//2785 1622//2785 1971//2785
f 1970//2786 1971//2786 1972//2786
f 1973//2787 1974//2787 1971//2787
f 1971//2788 1974//2788 1975//2788
f 1971//2789 1975//2789 1972//2789
f 1976//2790 1977//2790 1971//2790
f 1971//2791 1977//2791 1973//2791
f 1680//2792 1706//2792 1796//2792
f 1680//2793 1796//2793 1978//2793
f 1622//2794 1680//2794 1971//2794
f 1971//2795 1680//2795 1978//2795
f 1971//2796 1978//2796 1976//2796
f 1760//2797 1977//2797 1762//2797
f 1762//2798 1977//2798 1976//2798
f 1762//2799 1976//2799 1763//2799
f 1763//2800 1976//2800 1978//2800
f 1763//2801 1978//2801 1808//2801
f 1808//2802 1978//2802 1796//2802
f 1787//2803 1829//2803 1785//2803
f 1785//2804 1829//2804 1865//2804
f 1785//2805 1865//2805 1783//2805
f 1783//2806 1865//2806 1781//2806
f 1781//2807 1865//2807 1855//2807
f 1781//2808 1855//2808 1779//2808
f 1779//2809 1855//2809 1777//2809
f 1777//2810 1855//2810 1856//2810
f 1777//2811 1856//2811 1775//2811
f 1857//2812 1772//2812 1856//2812
f 1856//2813 1772//2813 1773//2813
f 1856//2814 1773//2814 1775//2814
f 1764//2815 1766//2815 1858//2815
f 1858//2816 1766//2816 1768//2816
f 1858//2817 1768//2817 1857//2817
f 1857//2818 1768//2818 1770//2818
f 1857//2819 1770//2819 1772//2819
f 1764//2820 1858//2820 1759//2820
f 1759//2821 1858//2821 1859//2821
f 1759//2822 1859//2822 1760//2822
f 1491//2823 1979//2823 1980//2823
f 1942//2824 1941//2824 1981//2824
f 1981//2825 1941//2825 1959//2825
f 1959//2826 1982//2826 1981//2826
f 1981//2827 1982//2827 1983//2827
f 1981//2828 1983//2828 1980//2828
f 1980//2829 1983//2829 1984//2829
f 1980//2823 1984//2823 1491//2823
f 1959//2830 1958//2830 1982//2830
f 1982//2831 1958//2831 1957//2831
f 1982//2832 1957//2832 1985//2832
f 1957//2833 1962//2833 1985//2833
f 1985//2834 1962//2834 1542//2834
f 1985//2835 1542//2835 1541//2835
f 1942//2836 1981//2836 1861//2836
f 1861//2837 1981//2837 1980//2837
f 1861//2838 1980//2838 1860//2838
f 1860//2839 1980//2839 1979//2839
f 1860//2840 1979//2840 1859//2840
f 1986//2841 1987//2841 1652//2841
f 1565//2842 1563//2842 1653//2842
f 1653//2843 1563//2843 1986//2843
f 1653//2844 1986//2844 1651//2844
f 1651//2845 1986//2845 1652//2845
f 1988//2846 1578//2846 1577//2846
f 1609//2847 1989//2847 1611//2847
f 1611//2848 1989//2848 1988//2848
f 1611//2849 1988//2849 1607//2849
f 1607//2850 1988//2850 1577//2850
f 1990//576 1678//576 1614//576
f 1991//2851 1992//2851 1993//2851
f 1994//2852 1991//2852 1995//2852
f 1995//2853 1991//2853 1993//2853
f 1995//2854 1993//2854 1740//2854
f 1740//2855 1993//2855 1743//2855
f 1640//2856 1994//2856 1702//2856
f 1702//2857 1994//2857 1995//2857
f 1702//2858 1995//2858 1703//2858
f 1703//2859 1995//2859 1740//2859
f 1703//2860 1740//2860 1704//2860
f 1641//2861 1643//2861 1996//2861
f 1640//2862 1641//2862 1994//2862
f 1994//2863 1641//2863 1996//2863
f 1994//2864 1996//2864 1991//2864
f 1991//2865 1996//2865 1997//2865
f 1991//2866 1997//2866 1992//2866
f 1871//2867 1870//2867 1998//2867
f 1871//2868 1998//2868 1913//2868
f 1903//2869 1912//2869 1999//2869
f 1999//2870 1912//2870 1910//2870
f 1910//2871 1909//2871 1999//2871
f 1999//2872 1909//2872 1914//2872
f 1999//2873 1914//2873 2000//2873
f 2001//2874 1544//2874 1543//2874
f 1543//2875 1929//2875 2001//2875
f 2001//2876 1929//2876 1906//2876
f 2001//2877 1906//2877 1904//2877
f 2002//2878 2003//2878 2004//2878
f 2004//2878 2003//2878 1998//2878
f 2004//2879 1998//2879 1873//2879
f 1873//2880 1998//2880 1870//2880
f 2003//2881 2005//2881 1998//2881
f 1998//2882 2005//2882 2000//2882
f 1998//2883 2000//2883 1913//2883
f 1913//2884 2000//2884 1914//2884
f 2005//2885 2006//2885 2000//2885
f 2000//2886 2006//2886 2001//2886
f 2000//2887 2001//2887 1999//2887
f 1999//2888 2001//2888 1904//2888
f 1999//2889 1904//2889 1903//2889
f 1743//2890 1873//2890 1731//2890
f 1731//2891 1873//2891 1872//2891
f 1731//2892 1872//2892 1887//2892
f 1888//2893 1889//2893 1726//2893
f 1726//2894 1724//2894 1888//2894
f 1888//2895 1724//2895 1723//2895
f 1888//2896 1723//2896 1887//2896
f 1887//2897 1723//2897 1729//2897
f 1887//2898 1729//2898 1731//2898
f 1716//2899 1714//2899 1890//2899
f 1714//2900 1722//2900 1890//2900
f 1890//2901 1722//2901 1721//2901
f 1890//2902 1721//2902 1889//2902
f 1889//2903 1721//2903 1720//2903
f 1889//2904 1720//2904 1726//2904
f 1890//2905 1900//2905 1716//2905
f 1716//2906 1900//2906 1901//2906
f 1716//2907 1901//2907 1718//2907
f 1645//576 1644//576 2007//576
f 2007//576 1644//576 2008//576
f 2009//2908 1997//2908 1996//2908
f 2010//2909 2011//2909 1996//2909
f 1996//2910 2011//2910 2012//2910
f 1996//2911 2012//2911 2009//2911
f 2013//2912 2014//2912 2015//2912
f 2015//2913 2014//2913 2016//2913
f 2015//2914 2016//2914 2010//2914
f 2010//2915 2016//2915 2011//2915
f 2017//2916 2018//2916 2013//2916
f 2013//2917 2018//2917 2019//2917
f 2013//2918 2019//2918 2014//2918
f 1996//2919 1643//2919 2010//2919
f 2010//2920 1643//2920 1642//2920
f 2010//2921 1642//2921 2015//2921
f 2015//2922 1642//2922 1602//2922
f 2015//2923 1602//2923 2013//2923
f 2013//2924 1602//2924 1601//2924
f 2013//2925 1601//2925 2017//2925
f 2017//2926 1601//2926 1679//2926
f 1963//2927 1935//2927 1934//2927
f 1542//2928 1961//2928 2020//2928
f 1542//2929 2020//2929 1540//2929
f 1540//2930 2020//2930 2021//2930
f 1540//2931 2021//2931 1539//2931
f 1539//2932 2021//2932 1546//2932
f 1546//2933 2021//2933 2022//2933
f 1546//2934 2022//2934 1545//2934
f 1545//2935 2022//2935 1932//2935
f 1545//2936 1932//2936 1543//2936
f 1963//2937 1934//2937 1964//2937
f 1964//2938 1934//2938 2023//2938
f 1964//2939 2023//2939 1965//2939
f 1965//2940 2023//2940 2024//2940
f 1965//2941 2024//2941 1966//2941
f 1966//2942 2024//2942 1967//2942
f 1967//2943 2024//2943 2025//2943
f 1967//2944 2025//2944 1968//2944
f 1968//2945 2025//2945 1969//2945
f 1969//2946 2025//2946 1939//2946
f 1969//2947 1939//2947 1938//2947
f 1961//2948 1960//2948 2020//2948
f 2020//2948 1960//2948 2026//2948
f 2020//2949 2026//2949 2021//2949
f 2021//2950 2026//2950 2027//2950
f 2021//2951 2027//2951 2022//2951
f 2022//2952 2027//2952 2028//2952
f 2022//2953 2028//2953 1932//2953
f 1932//2953 2028//2953 1933//2953
f 1960//2954 1939//2954 2026//2954
f 2026//2955 1939//2955 2025//2955
f 2026//2956 2025//2956 2027//2956
f 2027//2956 2025//2956 2024//2956
f 2027//2957 2024//2957 2028//2957
f 2028//2958 2024//2958 2023//2958
f 2028//2959 2023//2959 1933//2959
f 1933//2960 2023//2960 1934//2960
f 2029//2961 2030//2961 2031//2961
f 1494//2962 1613//2962 1618//2962
f 2032//2963 2030//2963 2033//2963
f 2033//2964 2030//2964 2029//2964
f 2033//2965 2029//2965 1492//2965
f 1974//2966 2031//2966 1975//2966
f 1975//2967 2031//2967 2030//2967
f 1975//2968 2030//2968 1972//2968
f 1972//2969 2030//2969 2032//2969
f 1972//2970 2032//2970 1970//2970
f 1970//2971 2032//2971 1621//2971
f 1970//2972 1621//2972 1620//2972
f 1492//2973 1494//2973 2033//2973
f 2033//2974 1494//2974 1618//2974
f 2033//2975 1618//2975 2032//2975
f 2032//2976 1618//2976 1617//2976
f 2032//2977 1617//2977 1621//2977
f 1760//2978 1859//2978 1977//2978
f 1977//2979 1859//2979 1979//2979
f 1977//2980 1979//2980 1973//2980
f 1492//2981 2029//2981 1491//2981
f 1491//2982 2029//2982 2031//2982
f 1491//2983 2031//2983 1979//2983
f 1979//2984 2031//2984 1974//2984
f 1979//2985 1974//2985 1973//2985
f 1491//2986 1984//2986 1488//2986
f 1488//2987 1984//2987 1497//2987
f 1984//2988 1983//2988 1497//2988
f 1497//2989 1983//2989 1982//2989
f 1497//2990 1982//2990 1503//2990
f 1503//2991 1982//2991 1985//2991
f 1503//2992 1985//2992 1501//2992
f 1501//2993 1985//2993 1541//2993
f 1501//2993 1541//2993 1498//2993
f 2034//2994 2008//2994 1644//2994
f 1644//2995 1649//2995 2034//2995
f 2034//2996 1649//2996 1648//2996
f 2034//2997 1648//2997 1647//2997
f 1987//2998 2035//2998 2036//2998
f 2036//2999 2035//2999 2034//2999
f 2036//3000 2034//3000 2037//3000
f 2037//3001 2034//3001 1647//3001
f 1647//3002 1599//3002 2037//3002
f 2037//3003 1599//3003 1598//3003
f 2037//3004 1598//3004 2036//3004
f 2036//3005 1598//3005 1650//3005
f 2036//3006 1650//3006 1987//3006
f 1987//3007 1650//3007 1652//3007
f 2038//3008 2039//3008 2040//3008
f 2040//3009 2039//3009 2041//3009
f 1986//3010 2038//3010 1987//3010
f 1987//3011 2038//3011 2040//3011
f 1987//3012 2040//3012 2042//3012
f 2042//3013 2040//3013 2041//3013
f 2041//576 1569//576 2043//576
f 2043//576 1569//576 1571//576
f 2044//576 1573//576 1988//576
f 1988//3014 1573//3014 1575//3014
f 1988//3015 1575//3015 1578//3015
f 2041//576 2039//576 1569//576
f 1569//576 2039//576 2038//576
f 1569//576 2038//576 1562//576
f 1562//3016 2038//3016 1986//3016
f 1562//3017 1986//3017 1563//3017
f 2044//576 2045//576 1573//576
f 1573//576 2045//576 2046//576
f 1573//576 2046//576 1571//576
f 1571//576 2046//576 2047//576
f 1571//576 2047//576 2043//576
f 2045//3018 2044//3018 2048//3018
f 2048//3019 2044//3019 1988//3019
f 2048//3020 1988//3020 1989//3020
f 1678//3021 1990//3021 2049//3021
f 2050//3022 1608//3022 2051//3022
f 2051//3023 1608//3023 1605//3023
f 2051//3024 1605//3024 1604//3024
f 1609//3025 1608//3025 1989//3025
f 1989//3026 1608//3026 2050//3026
f 1989//3027 2050//3027 2052//3027
f 2052//3028 2050//3028 2051//3028
f 2052//3029 2051//3029 2053//3029
f 2053//3030 2051//3030 1604//3030
f 2053//3031 1604//3031 2049//3031
f 2049//3032 1604//3032 1612//3032
f 2049//3033 1612//3033 1678//3033
f 1614//3034 1613//3034 1990//3034
f 1990//3035 1613//3035 1494//3035
f 1990//3036 1494//3036 1495//3036
f 1513//3037 1544//3037 1515//3037
f 1515//3038 1544//3038 2001//3038
f 2002//3039 1484//3039 2003//3039
f 2003//3040 1484//3040 1508//3040
f 2003//3041 1508//3041 2005//3041
f 2005//3042 1508//3042 1509//3042
f 2005//3043 1509//3043 2006//3043
f 2006//3044 1509//3044 1511//3044
f 2006//3045 1511//3045 2001//3045
f 2001//3046 1511//3046 1517//3046
f 2001//3047 1517//3047 1515//3047
f 1992//3048 1997//3048 2004//3048
f 2004//3049 1997//3049 2002//3049
f 1997//3050 2009//3050 2002//3050
f 2002//3051 2009//3051 2012//3051
f 2002//3052 2012//3052 2011//3052
f 2011//3053 2016//3053 2002//3053
f 2002//3054 2016//3054 2014//3054
f 2014//3055 2019//3055 2002//3055
f 2002//3056 2019//3056 2018//3056
f 2002//3057 2018//3057 2017//3057
f 1873//3058 1743//3058 2004//3058
f 2004//3059 1743//3059 1993//3059
f 2004//3060 1993//3060 1992//3060
f 2017//3061 1679//3061 1645//3061
f 1645//3062 2007//3062 2017//3062
f 2017//3063 2007//3063 2008//3063
f 2017//3064 2008//3064 2054//3064
f 2054//3065 2008//3065 2034//3065
f 2055//3066 2056//3066 2057//3066
f 2035//3067 1987//3067 2055//3067
f 2055//3068 1987//3068 2042//3068
f 2055//3069 2042//3069 2041//3069
f 2055//3070 2057//3070 2035//3070
f 2035//3071 2057//3071 2058//3071
f 2035//3072 2058//3072 2034//3072
f 2034//3073 2058//3073 1521//3073
f 2034//3074 1521//3074 2054//3074
f 2059//3075 2055//3075 2041//3075
f 2041//3076 2043//3076 2059//3076
f 2059//3077 2043//3077 2047//3077
f 2059//3077 2047//3077 2060//3077
f 2060//3078 2047//3078 2046//3078
f 2060//3078 2046//3078 2061//3078
f 2061//3079 2046//3079 2045//3079
f 2061//3080 2045//3080 2062//3080
f 1495//3081 1493//3081 2063//3081
f 1990//3082 1495//3082 2049//3082
f 2049//3083 1495//3083 2063//3083
f 2049//3084 2063//3084 2053//3084
f 2053//3085 2063//3085 2064//3085
f 2053//3086 2064//3086 2052//3086
f 2052//3087 2064//3087 2065//3087
f 2052//3088 2065//3088 2062//3088
f 2045//3089 2048//3089 2062//3089
f 2062//3090 2048//3090 1989//3090
f 2062//3091 1989//3091 2052//3091
f 2054//382 1521//382 2017//382
f 2017//382 1521//382 1484//382
f 2017//382 1484//382 2002//382
f 460//3092 459//3092 2066//3092
f 2066//3093 459//3093 2067//3093
f 2066//3094 2067//3094 2068//3094
f 2069//3095 2070//3095 2071//3095
f 2071//3096 2070//3096 2072//3096
f 2071//3097 2072//3097 2073//3097
f 2073//3098 2072//3098 2068//3098
f 2073//3099 2068//3099 2074//3099
f 2074//3100 2068//3100 2067//3100
f 2075//3101 2076//3101 2077//3101
f 2077//3102 2076//3102 2078//3102
f 2069//3103 2071//3103 2075//3103
f 2075//3104 2071//3104 2079//3104
f 2075//3105 2079//3105 2076//3105
f 1488//3106 2080//3106 1493//3106
f 1493//3107 2080//3107 2081//3107
f 1493//3108 2081//3108 2082//3108
f 2078//3109 2076//3109 2082//3109
f 2082//3110 2076//3110 2083//3110
f 2082//3111 2083//3111 1493//3111
f 2084//3112 2071//3112 2085//3112
f 2085//3113 2071//3113 2073//3113
f 2085//3113 2073//3113 2086//3113
f 2086//3114 2073//3114 2074//3114
f 2086//3115 2074//3115 467//3115
f 467//3116 2074//3116 2067//3116
f 467//3117 2067//3117 468//3117
f 468//3118 2067//3118 459//3118
f 2083//3119 2076//3119 2084//3119
f 2084//3120 2076//3120 2079//3120
f 2084//3112 2079//3112 2071//3112
f 2084//3121 2087//3121 2083//3121
f 2083//3122 2087//3122 2063//3122
f 2083//3122 2063//3122 1493//3122
f 2088//3123 2065//3123 2064//3123
f 465//3124 475//3124 2089//3124
f 2089//3125 475//3125 2090//3125
f 2089//3126 2090//3126 2091//3126
f 2091//3127 2090//3127 2092//3127
f 2091//3127 2092//3127 2093//3127
f 2093//3128 2092//3128 2088//3128
f 2093//3128 2088//3128 2094//3128
f 2094//3123 2088//3123 2064//3123
f 467//3129 465//3129 2086//3129
f 2086//3130 465//3130 2089//3130
f 2086//3131 2089//3131 2085//3131
f 2085//3131 2089//3131 2091//3131
f 2085//3132 2091//3132 2084//3132
f 2084//3133 2091//3133 2093//3133
f 2084//3134 2093//3134 2087//3134
f 2087//3134 2093//3134 2094//3134
f 2087//3135 2094//3135 2063//3135
f 2063//3135 2094//3135 2064//3135
f 472//576 470//576 2095//576
f 2065//576 2088//576 474//576
f 2088//576 2092//576 474//576
f 474//576 2092//576 2090//576
f 474//576 2090//576 475//576
f 472//576 2095//576 474//576
f 2095//576 2096//576 474//576
f 474//576 2096//576 2097//576
f 474//576 2097//576 2056//576
f 2055//576 2059//576 2056//576
f 2056//576 2059//576 2060//576
f 2056//576 2060//576 474//576
f 474//576 2060//576 2061//576
f 474//576 2061//576 2065//576
f 2065//576 2061//576 2062//576
f 470//3136 2098//3136 2099//3136
f 479//3137 478//3137 1532//3137
f 1521//3138 2058//3138 2100//3138
f 2101//3139 1522//3139 2102//3139
f 2102//3140 1522//3140 1524//3140
f 2102//3140 1524//3140 2103//3140
f 2103//3141 1524//3141 1526//3141
f 2103//3142 1526//3142 2100//3142
f 2100//3143 1526//3143 1529//3143
f 2100//3138 1529//3138 1521//3138
f 1532//3144 1534//3144 2101//3144
f 2101//3145 1534//3145 1536//3145
f 2101//3139 1536//3139 1522//3139
f 485//3146 484//3146 2101//3146
f 2101//3147 484//3147 483//3147
f 2101//3148 483//3148 1532//3148
f 1532//3149 483//3149 481//3149
f 1532//3150 481//3150 479//3150
f 470//3151 2099//3151 2095//3151
f 2095//3152 2099//3152 2104//3152
f 2095//3152 2104//3152 2096//3152
f 2096//3153 2104//3153 2105//3153
f 2096//3153 2105//3153 2097//3153
f 2097//3154 2105//3154 2057//3154
f 2097//3154 2057//3154 2056//3154
f 470//3155 485//3155 2098//3155
f 2098//3156 485//3156 2101//3156
f 2098//3157 2101//3157 2099//3157
f 2099//3157 2101//3157 2102//3157
f 2099//3158 2102//3158 2104//3158
f 2104//3158 2102//3158 2103//3158
f 2104//3159 2103//3159 2105//3159
f 2105//3159 2103//3159 2100//3159
f 2105//3160 2100//3160 2057//3160
f 2057//3160 2100//3160 2058//3160
f 1559//3161 1586//3161 1583//3161
f 1559//3162 1583//3162 1551//3162
f 1551//3163 1583//3163 1580//3163
f 1551//3163 1580//3163 1552//3163
f 1552//3164 1580//3164 1579//3164
f 1552//3165 1579//3165 1558//3165
f 1558//3166 1579//3166 1574//3166
f 1558//3167 1574//3167 1557//3167
f 1557//3168 1574//3168 1572//3168
f 1557//3168 1572//3168 1555//3168
f 1555//3169 1572//3169 1570//3169
f 1555//3170 1570//3170 1556//3170
f 1556//3171 1570//3171 1568//3171
f 1556//3172 1568//3172 1550//3172
f 1550//3173 1568//3173 1567//3173
f 1550//3173 1567//3173 1553//3173
f 1553//3174 1567//3174 1564//3174
f 1553//3175 1564//3175 1554//3175
f 1554//3176 1564//3176 1592//3176
f 1554//3176 1592//3176 1561//3176
f 1561//3177 1592//3177 1589//3177
f 1561//3177 1589//3177 1560//3177
f 1560//3178 1589//3178 1586//3178
f 1560//3178 1586//3178 1559//3178
f 1489//3179 1490//3179 1505//3179
f 1489//3180 1505//3180 2106//3180
f 1500//3181 1499//3181 1548//3181
f 1505//3182 1504//3182 2106//3182
f 2106//3183 1504//3183 1502//3183
f 2106//3184 1502//3184 2107//3184
f 2107//3185 1502//3185 1500//3185
f 2107//3186 1500//3186 2108//3186
f 2108//3187 1500//3187 1548//3187
f 1487//3188 1489//3188 2106//3188
f 2109//3189 2110//3189 2111//3189
f 2111//3190 2110//3190 1487//3190
f 1487//3191 2106//3191 2111//3191
f 2111//3192 2106//3192 2107//3192
f 2111//3193 2107//3193 2112//3193
f 2112//3194 2107//3194 2108//3194
f 2112//3195 2108//3195 2113//3195
f 2113//3196 2108//3196 2114//3196
f 2114//3197 2108//3197 1548//3197
f 2114//3198 1548//3198 2115//3198
f 1547//3199 1512//3199 1514//3199
f 2116//3200 2117//3200 1519//3200
f 1519//3201 1510//3201 2116//3201
f 2116//3202 1510//3202 1507//3202
f 2116//3203 1507//3203 1485//3203
f 1485//3204 1507//3204 1506//3204
f 1485//3205 1506//3205 1483//3205
f 1547//3206 1514//3206 2118//3206
f 2118//3207 1514//3207 1516//3207
f 2118//3208 1516//3208 2117//3208
f 2117//3209 1516//3209 1518//3209
f 2117//3210 1518//3210 1519//3210
f 2119//3211 1547//3211 2118//3211
f 1485//3212 1486//3212 2120//3212
f 2120//3213 1486//3213 2121//3213
f 2120//3214 2121//3214 2122//3214
f 2119//3215 2118//3215 2123//3215
f 2123//3216 2118//3216 2117//3216
f 2123//3217 2117//3217 2124//3217
f 1485//3218 2120//3218 2116//3218
f 2116//3219 2120//3219 2125//3219
f 2116//3220 2125//3220 2117//3220
f 2117//3221 2125//3221 2126//3221
f 2117//3222 2126//3222 2124//3222
f 2127//3223 1487//3223 2128//3223
f 2128//3224 1487//3224 2129//3224
f 2128//3225 2129//3225 2130//3225
f 2127//3226 2131//3226 1487//3226
f 1487//3227 2131//3227 2132//3227
f 1487//3228 2132//3228 1488//3228
f 344//2047 343//2047 2133//2047
f 2133//3229 343//3229 2134//3229
f 2134//3230 2135//3230 2133//3230
f 2133//3231 2135//3231 2136//3231
f 2133//3232 2136//3232 2129//3232
f 2129//3233 2136//3233 2137//3233
f 2129//3234 2137//3234 2130//3234
f 340//3235 345//3235 2138//3235
f 2138//3236 345//3236 2139//3236
f 2138//3237 2139//3237 2140//3237
f 2140//3238 2139//3238 2141//3238
f 2141//3239 2139//3239 2142//3239
f 2141//3240 2142//3240 2143//3240
f 2110//3241 2109//3241 2142//3241
f 2142//3242 2109//3242 2144//3242
f 2142//3243 2144//3243 2143//3243
f 1487//3244 2110//3244 2129//3244
f 2129//3245 2110//3245 2142//3245
f 2129//3246 2142//3246 2133//3246
f 2133//3247 2142//3247 2139//3247
f 2133//3248 2139//3248 344//3248
f 344//3249 2139//3249 345//3249
f 351//3250 350//3250 2145//3250
f 2145//3251 350//3251 2146//3251
f 2145//3252 2146//3252 2147//3252
f 2147//3253 2146//3253 2148//3253
f 2148//3254 2146//3254 2149//3254
f 2149//3255 2146//3255 2150//3255
f 2149//3256 2150//3256 2151//3256
f 1486//3257 1484//3257 2152//3257
f 2152//3258 2153//3258 1486//3258
f 1486//3259 2153//3259 2154//3259
f 1486//3260 2154//3260 2150//3260
f 2150//3261 2154//3261 2155//3261
f 2150//3262 2155//3262 2151//3262
f 2122//3263 2121//3263 2156//3263
f 2156//3264 2121//3264 2157//3264
f 2156//3265 2157//3265 2158//3265
f 2158//3266 2157//3266 2159//3266
f 2159//3267 2157//3267 2160//3267
f 2159//3268 2160//3268 2161//3268
f 349//3269 348//3269 2160//3269
f 2160//3270 348//3270 2162//3270
f 2160//3271 2162//3271 2161//3271
f 350//3272 349//3272 2146//3272
f 2146//3273 349//3273 2160//3273
f 2146//3274 2160//3274 2150//3274
f 2150//3275 2160//3275 2157//3275
f 2150//3276 2157//3276 1486//3276
f 1486//3277 2157//3277 2121//3277
f 379//399 1482//399 2163//399
f 379//399 2163//399 377//399
f 377//398 2163//398 2164//398
f 377//398 2164//398 378//398
f 378//397 2164//397 1549//397
f 378//397 1549//397 380//397
f 1479//399 339//399 334//399
f 1479//399 334//399 2165//399
f 2165//398 334//398 333//398
f 2165//398 333//398 2166//398
f 2166//397 333//397 332//397
f 2166//397 332//397 1496//397
f 2127//3278 2167//3278 2131//3278
f 2131//3279 2167//3279 2132//3279
f 2128//3280 2168//3280 2127//3280
f 2127//3281 2168//3281 2169//3281
f 2127//3282 2169//3282 2167//3282
f 2128//3283 2130//3283 2168//3283
f 2168//3284 2130//3284 2137//3284
f 2168//3285 2137//3285 2170//3285
f 2170//3286 2137//3286 2136//3286
f 2170//3287 2136//3287 2171//3287
f 2171//3288 2136//3288 2135//3288
f 2171//3289 2135//3289 2172//3289
f 2172//3290 2135//3290 2134//3290
f 2172//3291 2134//3291 2173//3291
f 2173//3292 2134//3292 343//3292
f 2173//3293 343//3293 2174//3293
f 1488//3294 2132//3294 2080//3294
f 2080//3295 2132//3295 2167//3295
f 2080//3296 2167//3296 2175//3296
f 2175//3297 2167//3297 2169//3297
f 2175//3298 2169//3298 2176//3298
f 2176//3299 2169//3299 2168//3299
f 2176//3300 2168//3300 2177//3300
f 2177//3301 2168//3301 2170//3301
f 2177//3302 2170//3302 2178//3302
f 2178//3303 2170//3303 2171//3303
f 2178//3304 2171//3304 2179//3304
f 2179//3305 2171//3305 2172//3305
f 2179//3306 2172//3306 2180//3306
f 2180//3307 2172//3307 2173//3307
f 2180//3308 2173//3308 2181//3308
f 2181//3309 2173//3309 2174//3309
f 2181//3310 2174//3310 2182//3310
f 2080//3311 2175//3311 2081//3311
f 2081//3312 2175//3312 2176//3312
f 2081//3313 2176//3313 2082//3313
f 2082//3314 2176//3314 2177//3314
f 2082//3315 2177//3315 2078//3315
f 2078//3316 2177//3316 2178//3316
f 2078//3317 2178//3317 2077//3317
f 2077//3318 2178//3318 2179//3318
f 2077//3319 2179//3319 2075//3319
f 2075//3320 2179//3320 2180//3320
f 2075//3321 2180//3321 2069//3321
f 2069//3322 2180//3322 2181//3322
f 2069//3323 2181//3323 2070//3323
f 2070//3324 2181//3324 2182//3324
f 2070//3325 2182//3325 2072//3325
f 341//3326 2183//3326 2184//3326
f 343//3327 342//3327 2174//3327
f 2174//3327 342//3327 2185//3327
f 2174//3328 2185//3328 2182//3328
f 2182//3328 2185//3328 2186//3328
f 2182//3329 2186//3329 2072//3329
f 2072//3329 2186//3329 2068//3329
f 342//3330 341//3330 2185//3330
f 2185//3331 341//3331 2184//3331
f 2185//3332 2184//3332 2186//3332
f 2186//3333 2184//3333 2187//3333
f 2186//3334 2187//3334 2068//3334
f 2068//3334 2187//3334 2066//3334
f 460//3335 2066//3335 2188//3335
f 2188//3336 2066//3336 2187//3336
f 2188//3337 2187//3337 2189//3337
f 2189//3338 2187//3338 2184//3338
f 2189//3339 2184//3339 2190//3339
f 2190//3340 2184//3340 2183//3340
f 2190//3341 2183//3341 1453//3341
f 422//3342 2191//3342 2192//3342
f 1457//3343 1459//3343 2193//3343
f 1453//3344 1455//3344 2190//3344
f 2190//3345 1455//3345 1457//3345
f 1457//3346 2193//3346 2190//3346
f 2190//3347 2193//3347 2194//3347
f 2190//3348 2194//3348 2189//3348
f 2189//3349 2194//3349 2195//3349
f 2189//3350 2195//3350 2188//3350
f 2188//3351 2195//3351 461//3351
f 2188//3352 461//3352 460//3352
f 418//3353 491//3353 416//3353
f 416//3354 491//3354 2191//3354
f 416//3355 2191//3355 421//3355
f 421//3356 2191//3356 422//3356
f 433//3357 431//3357 2196//3357
f 2196//3358 431//3358 430//3358
f 2196//3359 430//3359 2192//3359
f 2192//3360 430//3360 426//3360
f 2192//3361 426//3361 422//3361
f 435//3362 433//3362 382//3362
f 382//3363 433//3363 2196//3363
f 382//3364 2196//3364 381//3364
f 381//3365 2196//3365 1481//3365
f 1459//3366 1481//3366 2193//3366
f 2193//3367 1481//3367 2196//3367
f 2193//3368 2196//3368 2194//3368
f 2194//3368 2196//3368 2192//3368
f 2194//3369 2192//3369 2195//3369
f 2195//3369 2192//3369 2191//3369
f 2195//3370 2191//3370 461//3370
f 461//3370 2191//3370 491//3370
f 2152//3371 2197//3371 2153//3371
f 2153//3372 2197//3372 2198//3372
f 2153//3373 2198//3373 2154//3373
f 1520//3374 1531//3374 2199//3374
f 2199//3375 1531//3375 1530//3375
f 2199//3376 1530//3376 2200//3376
f 2200//3377 1530//3377 1528//3377
f 2200//3378 1528//3378 2201//3378
f 2201//3379 1528//3379 1527//3379
f 2201//3380 1527//3380 2202//3380
f 2202//3381 1527//3381 1525//3381
f 2202//3382 1525//3382 2203//3382
f 2203//3383 1525//3383 1523//3383
f 2203//3384 1523//3384 2204//3384
f 2204//3385 1523//3385 1538//3385
f 2204//3386 1538//3386 2205//3386
f 2205//3387 1538//3387 1537//3387
f 2205//3388 1537//3388 2206//3388
f 1484//3257 1520//3257 2152//3257
f 2152//3389 1520//3389 2199//3389
f 2152//3390 2199//3390 2197//3390
f 2197//3391 2199//3391 2200//3391
f 2197//3392 2200//3392 2198//3392
f 2198//3393 2200//3393 2201//3393
f 2198//3394 2201//3394 2207//3394
f 2207//3395 2201//3395 2202//3395
f 2207//3396 2202//3396 2208//3396
f 2208//3397 2202//3397 2203//3397
f 2208//3398 2203//3398 2209//3398
f 2209//3399 2203//3399 2204//3399
f 2209//3400 2204//3400 2210//3400
f 2210//3401 2204//3401 2205//3401
f 2210//3402 2205//3402 2211//3402
f 2211//3403 2205//3403 2206//3403
f 2211//3404 2206//3404 2212//3404
f 2154//3405 2198//3405 2155//3405
f 2155//3406 2198//3406 2207//3406
f 2155//3407 2207//3407 2151//3407
f 2151//3408 2207//3408 2208//3408
f 2151//3409 2208//3409 2149//3409
f 2149//3410 2208//3410 2209//3410
f 2149//3411 2209//3411 2148//3411
f 2148//3412 2209//3412 2210//3412
f 2148//3413 2210//3413 2147//3413
f 2147//3414 2210//3414 2211//3414
f 2147//3415 2211//3415 2145//3415
f 2145//3416 2211//3416 2212//3416
f 2145//3417 2212//3417 351//3417
f 2212//3418 2206//3418 2213//3418
f 2206//3419 1537//3419 1535//3419
f 2214//3420 2215//3420 2216//3420
f 2217//3421 2214//3421 2218//3421
f 2218//3422 2214//3422 2216//3422
f 2218//3423 2216//3423 2219//3423
f 2219//3424 2216//3424 347//3424
f 347//3425 346//3425 2219//3425
f 2219//3426 346//3426 351//3426
f 2219//3426 351//3426 2212//3426
f 2206//3427 1535//3427 2213//3427
f 2213//3428 1535//3428 1533//3428
f 2213//3428 1533//3428 2220//3428
f 2220//3429 1533//3429 489//3429
f 2220//3430 489//3430 2221//3430
f 2212//3418 2213//3418 2219//3418
f 2219//3431 2213//3431 2220//3431
f 2219//3431 2220//3431 2218//3431
f 2218//3432 2220//3432 2221//3432
f 2218//3433 2221//3433 2217//3433
f 1471//3434 2222//3434 2223//3434
f 2223//3435 2222//3435 2224//3435
f 338//3436 1472//3436 336//3436
f 336//3437 1472//3437 2225//3437
f 336//3438 2225//3438 441//3438
f 441//3439 2225//3439 442//3439
f 2226//3440 446//3440 2227//3440
f 2227//3441 446//3441 448//3441
f 2227//3442 448//3442 2225//3442
f 2225//3443 448//3443 449//3443
f 2225//3444 449//3444 442//3444
f 487//3445 457//3445 2226//3445
f 2226//3446 457//3446 455//3446
f 455//3447 453//3447 2226//3447
f 2226//3448 453//3448 451//3448
f 2226//3449 451//3449 446//3449
f 2221//3450 489//3450 488//3450
f 488//3451 2228//3451 2221//3451
f 2221//3452 2228//3452 2229//3452
f 2221//3453 2229//3453 2217//3453
f 2217//3454 2229//3454 2223//3454
f 2217//3455 2223//3455 2214//3455
f 2214//3456 2223//3456 2224//3456
f 2214//3457 2224//3457 2215//3457
f 488//3458 487//3458 2228//3458
f 2228//3458 487//3458 2226//3458
f 2228//3459 2226//3459 2229//3459
f 2229//3459 2226//3459 2227//3459
f 2229//3460 2227//3460 2223//3460
f 2223//3460 2227//3460 2225//3460
f 2223//3461 2225//3461 1471//3461
f 1471//3462 2225//3462 1472//3462
f 1474//3463 2230//3463 1475//3463
f 1475//3464 2230//3464 2231//3464
f 1475//3465 2231//3465 1476//3465
f 1476//3466 2231//3466 2232//3466
f 1476//3467 2232//3467 1477//3467
f 1477//3468 2232//3468 2233//3468
f 1477//3469 2233//3469 1478//3469
f 1478//3470 2233//3470 2234//3470
f 1478//3471 2234//3471 1470//3471
f 1470//3472 2234//3472 2235//3472
f 1470//3473 2235//3473 1471//3473
f 1471//3474 2235//3474 2236//3474
f 1471//3475 2236//3475 2222//3475
f 2222//3476 2236//3476 2237//3476
f 2222//3477 2237//3477 2224//3477
f 2224//3478 2237//3478 2238//3478
f 2224//3479 2238//3479 2215//3479
f 1436//481 1434//481 2239//481
f 2239//481 1434//481 1431//481
f 2239//481 1431//481 1428//481
f 1442//481 1440//481 2239//481
f 2239//481 1440//481 1438//481
f 2239//481 1438//481 1436//481
f 1416//481 1410//481 2239//481
f 2239//481 1410//481 1412//481
f 2239//481 1412//481 1442//481
f 1428//481 1424//481 2239//481
f 2239//481 1424//481 1418//481
f 2239//481 1418//481 1416//481
f 2115//3480 1548//3480 2240//3480
f 2240//3481 1548//3481 1547//3481
f 2240//3482 1547//3482 2119//3482
f 324//3483 327//3483 2241//3483
f 2242//3484 323//3484 324//3484
f 2243//3485 2244//3485 2245//3485
f 2245//3486 2244//3486 2246//3486
f 2245//3487 2246//3487 2247//3487
f 2246//3488 2248//3488 2247//3488
f 2247//3489 2248//3489 2249//3489
f 2247//3490 2249//3490 2250//3490
f 2250//3491 2249//3491 2251//3491
f 2251//3492 2249//3492 2241//3492
f 2251//3493 2241//3493 2252//3493
f 2252//3494 2241//3494 327//3494
f 2252//3495 327//3495 320//3495
f 2249//3496 2253//3496 2241//3496
f 2241//3497 2253//3497 2254//3497
f 2241//3498 2254//3498 324//3498
f 324//3499 2254//3499 2255//3499
f 324//3500 2255//3500 2242//3500
f 2256//3501 2257//3501 2258//3501
f 2245//3502 2247//3502 2259//3502
f 2259//3503 2247//3503 2250//3503
f 2259//3503 2250//3503 2260//3503
f 2260//3504 2250//3504 2251//3504
f 2260//3504 2251//3504 2261//3504
f 2261//3505 2251//3505 2252//3505
f 2261//3506 2252//3506 2262//3506
f 2257//3507 2256//3507 2259//3507
f 2259//3508 2256//3508 2243//3508
f 2259//3509 2243//3509 2245//3509
f 2263//3510 2264//3510 2258//3510
f 2258//3511 2264//3511 2265//3511
f 2258//3501 2265//3501 2256//3501
f 2258//3512 2266//3512 2263//3512
f 2263//3513 2266//3513 2267//3513
f 2263//3514 2267//3514 2268//3514
f 2268//3515 2267//3515 2269//3515
f 2268//3515 2269//3515 2270//3515
f 2270//3516 2269//3516 2271//3516
f 2270//3517 2271//3517 2272//3517
f 2273//3518 1217//3518 1107//3518
f 2274//3519 1218//3519 1217//3519
f 2252//3520 320//3520 2262//3520
f 2262//3521 320//3521 1216//3521
f 2262//3522 1216//3522 1218//3522
f 1217//3523 2273//3523 2274//3523
f 2274//3524 2273//3524 2275//3524
f 2274//3524 2275//3524 2276//3524
f 2276//3525 2275//3525 2277//3525
f 2276//3526 2277//3526 2278//3526
f 2278//3527 2277//3527 2279//3527
f 2278//3527 2279//3527 2280//3527
f 2280//3528 2279//3528 2281//3528
f 2280//3529 2281//3529 2282//3529
f 2282//3530 2281//3530 2283//3530
f 2282//3531 2283//3531 2284//3531
f 2284//3532 2283//3532 2285//3532
f 2284//3533 2285//3533 2286//3533
f 2286//3534 2285//3534 2287//3534
f 2286//3535 2287//3535 2288//3535
f 2288//3536 2287//3536 2289//3536
f 2288//3537 2289//3537 2290//3537
f 1107//3538 1123//3538 2273//3538
f 2273//3539 1123//3539 1122//3539
f 2273//3539 1122//3539 2275//3539
f 2275//3540 1122//3540 1121//3540
f 2275//3540 1121//3540 2277//3540
f 2277//3541 1121//3541 1120//3541
f 2277//3541 1120//3541 2279//3541
f 2279//3542 1120//3542 1116//3542
f 2279//3543 1116//3543 2281//3543
f 2281//3544 1116//3544 1115//3544
f 2281//3545 1115//3545 2283//3545
f 2283//3546 1115//3546 1129//3546
f 2283//3547 1129//3547 2285//3547
f 2285//3548 1129//3548 1128//3548
f 2285//3549 1128//3549 2287//3549
f 2287//3550 1128//3550 1127//3550
f 2287//3551 1127//3551 2289//3551
f 2289//3552 1127//3552 1117//3552
f 1117//3552 2291//3552 2289//3552
f 2289//3553 2291//3553 2292//3553
f 2289//3554 2292//3554 2290//3554
f 2290//3555 2292//3555 2293//3555
f 2290//3556 2293//3556 2294//3556
f 1218//3557 2274//3557 2262//3557
f 2262//3558 2274//3558 2276//3558
f 2262//3559 2276//3559 2261//3559
f 2261//3560 2276//3560 2278//3560
f 2261//3561 2278//3561 2260//3561
f 2260//3562 2278//3562 2280//3562
f 2260//3562 2280//3562 2259//3562
f 2259//3563 2280//3563 2282//3563
f 2259//3564 2282//3564 2257//3564
f 2257//3565 2282//3565 2284//3565
f 2257//3566 2284//3566 2258//3566
f 2258//3567 2284//3567 2286//3567
f 2258//3568 2286//3568 2266//3568
f 2266//3569 2286//3569 2288//3569
f 2266//3570 2288//3570 2267//3570
f 2267//3571 2288//3571 2290//3571
f 2267//3572 2290//3572 2269//3572
f 2269//3573 2290//3573 2294//3573
f 2269//3574 2294//3574 2271//3574
f 2295//3575 2296//3575 2297//3575
f 2297//3576 2296//3576 2298//3576
f 2297//3577 2298//3577 2299//3577
f 2297//3578 2300//3578 2301//3578
f 2301//3579 2302//3579 2297//3579
f 2297//3580 2302//3580 2303//3580
f 2297//3581 2303//3581 2295//3581
f 2304//3582 2305//3582 2306//3582
f 2305//3583 2304//3583 2307//3583
f 2307//3584 2304//3584 2308//3584
f 2307//3585 2308//3585 2309//3585
f 2310//3586 2311//3586 2312//3586
f 2312//3587 2311//3587 2313//3587
f 2309//3588 2308//3588 2311//3588
f 2311//3589 2308//3589 2314//3589
f 2311//3590 2314//3590 2313//3590
f 2315//3591 2316//3591 2317//3591
f 2317//3592 2316//3592 2318//3592
f 2317//3593 2318//3593 2306//3593
f 2306//3594 2318//3594 2319//3594
f 2306//3595 2319//3595 2304//3595
f 2304//3596 2319//3596 2300//3596
f 2304//3597 2300//3597 2308//3597
f 2308//3598 2300//3598 2297//3598
f 2308//3599 2297//3599 2314//3599
f 2314//3600 2297//3600 2299//3600
f 246//3601 2320//3601 2321//3601
f 2321//3602 2320//3602 2322//3602
f 2321//3603 2322//3603 2323//3603
f 2323//3604 2322//3604 2324//3604
f 2323//3605 2324//3605 2325//3605
f 2326//3606 2327//3606 2328//3606
f 2328//3607 2327//3607 2329//3607
f 2328//3608 2329//3608 2324//3608
f 2324//3609 2329//3609 2330//3609
f 2324//3610 2330//3610 2325//3610
f 245//3611 243//3611 2331//3611
f 2331//3612 243//3612 242//3612
f 2331//3613 242//3613 2332//3613
f 2332//3614 242//3614 241//3614
f 2332//3615 241//3615 2333//3615
f 2333//3616 241//3616 240//3616
f 2333//3617 240//3617 2334//3617
f 2334//3618 240//3618 221//3618
f 2334//3619 221//3619 199//3619
f 199//3620 2328//3620 2334//3620
f 2334//3621 2328//3621 2324//3621
f 2334//3622 2324//3622 2333//3622
f 2333//3623 2324//3623 2322//3623
f 2333//3624 2322//3624 2332//3624
f 2332//3625 2322//3625 2320//3625
f 2332//3626 2320//3626 2331//3626
f 2331//3627 2320//3627 246//3627
f 2331//3628 246//3628 245//3628
f 2//3629 2326//3629 200//3629
f 200//3630 2326//3630 2328//3630
f 200//3631 2328//3631 198//3631
f 198//3632 2328//3632 199//3632
f 2326//3633 2335//3633 2327//3633
f 2336//3634 22//3634 20//3634
f 2337//3635 2338//3635 2339//3635
f 2340//3636 2341//3636 2342//3636
f 2340//3637 238//3637 246//3637
f 246//3638 2321//3638 2340//3638
f 2340//3639 2321//3639 2323//3639
f 2340//3640 2323//3640 2341//3640
f 2341//3641 2323//3641 2325//3641
f 2341//3642 2325//3642 2342//3642
f 2342//3643 2325//3643 2330//3643
f 2342//3644 2330//3644 2343//3644
f 2344//3645 2345//3645 2346//3645
f 2346//3646 2345//3646 2347//3646
f 2346//3647 2347//3647 2343//3647
f 2343//3648 2347//3648 2348//3648
f 2343//3649 2348//3649 2342//3649
f 2349//3650 2339//3650 2350//3650
f 2350//3651 2339//3651 2338//3651
f 2350//3652 2338//3652 2351//3652
f 2349//3653 2350//3653 2352//3653
f 2352//3654 2350//3654 2353//3654
f 2352//3655 2353//3655 2336//3655
f 2326//3656 2//3656 1//3656
f 2330//3657 2329//3657 2343//3657
f 2343//3658 2329//3658 2327//3658
f 2343//3659 2327//3659 2346//3659
f 2346//3660 2327//3660 2335//3660
f 2346//3661 2335//3661 2344//3661
f 22//3662 2336//3662 24//3662
f 24//3663 2336//3663 2353//3663
f 24//3664 2353//3664 25//3664
f 25//3665 2353//3665 2350//3665
f 25//3666 2350//3666 1//3666
f 1//3667 2350//3667 2351//3667
f 1//3668 2351//3668 2326//3668
f 2326//3669 2351//3669 2338//3669
f 2326//3670 2338//3670 2335//3670
f 2335//3671 2338//3671 2337//3671
f 2335//3672 2337//3672 2344//3672
f 235//3673 234//3673 2354//3673
f 235//3674 2354//3674 2355//3674
f 361//3675 360//3675 2356//3675
f 2356//3676 360//3676 2355//3676
f 2356//3677 2355//3677 2357//3677
f 2357//3678 2355//3678 2354//3678
f 2358//3679 2359//3679 2243//3679
f 2243//3680 2256//3680 2358//3680
f 2358//3681 2256//3681 2265//3681
f 2358//3682 2265//3682 2360//3682
f 2360//3683 2265//3683 2264//3683
f 2360//3684 2264//3684 2361//3684
f 2361//3685 2264//3685 2263//3685
f 2361//3686 2263//3686 2362//3686
f 2362//3687 2263//3687 2268//3687
f 2362//3688 2268//3688 2363//3688
f 2363//3689 2268//3689 2270//3689
f 2363//3690 2270//3690 2364//3690
f 2364//3691 2270//3691 2272//3691
f 2364//3692 2272//3692 2365//3692
f 2347//3693 2345//3693 2366//3693
f 2367//3694 2352//3694 1111//3694
f 1111//3695 2352//3695 2336//3695
f 1111//3696 2336//3696 20//3696
f 2337//3697 2339//3697 2367//3697
f 2367//3698 2339//3698 2349//3698
f 2367//3699 2349//3699 2352//3699
f 2366//3700 2345//3700 2367//3700
f 2367//3701 2345//3701 2344//3701
f 2367//3702 2344//3702 2337//3702
f 2368//3703 236//3703 238//3703
f 238//3704 2340//3704 2368//3704
f 2368//3705 2340//3705 2342//3705
f 2368//3706 2342//3706 2366//3706
f 2366//3707 2342//3707 2348//3707
f 2366//3708 2348//3708 2347//3708
f 2367//3709 1111//3709 1110//3709
f 2369//3703 234//3703 236//3703
f 1110//3709 2370//3709 2367//3709
f 2367//3710 2370//3710 2371//3710
f 2367//3710 2371//3710 2366//3710
f 2366//3711 2371//3711 2369//3711
f 2366//3711 2369//3711 2368//3711
f 2368//3712 2369//3712 236//3712
f 2372//3713 1119//3713 1112//3713
f 2373//3714 2369//3714 2371//3714
f 2354//3715 234//3715 2369//3715
f 2369//3716 2373//3716 2354//3716
f 2354//3717 2373//3717 2374//3717
f 2354//3717 2374//3717 2357//3717
f 2357//3718 2374//3718 2375//3718
f 2357//3719 2375//3719 2356//3719
f 361//3720 2356//3720 1353//3720
f 1353//3721 2356//3721 2375//3721
f 1353//3722 2375//3722 1354//3722
f 1354//3723 2376//3723 1355//3723
f 1355//3724 2376//3724 2377//3724
f 1112//3713 1358//3713 2372//3713
f 2372//3725 1358//3725 1356//3725
f 2372//3726 1356//3726 2377//3726
f 2377//3727 1356//3727 1357//3727
f 2377//3728 1357//3728 1355//3728
f 1109//3729 1118//3729 2378//3729
f 2378//3729 1118//3729 2379//3729
f 2378//3730 2379//3730 2380//3730
f 2380//3730 2379//3730 2381//3730
f 2380//3731 2381//3731 2382//3731
f 2382//3731 2381//3731 2383//3731
f 1118//3732 1119//3732 2379//3732
f 2379//3732 1119//3732 2372//3732
f 2379//3733 2372//3733 2381//3733
f 2381//3733 2372//3733 2377//3733
f 2381//3734 2377//3734 2383//3734
f 2383//3735 2377//3735 2376//3735
f 1354//3722 2375//3722 2376//3722
f 2376//3736 2375//3736 2374//3736
f 2376//3736 2374//3736 2383//3736
f 2383//3737 2374//3737 2373//3737
f 2383//3737 2373//3737 2382//3737
f 2382//3738 2373//3738 2371//3738
f 2382//3739 2371//3739 2380//3739
f 2380//3740 2371//3740 2370//3740
f 2380//3741 2370//3741 2378//3741
f 2378//3742 2370//3742 1110//3742
f 2378//3743 1110//3743 1109//3743
f 2384//382 2385//382 2386//382
f 2386//382 2385//382 2387//382
f 2386//382 2387//382 2388//382
f 2389//382 2390//382 2272//382
f 2391//382 2272//382 2386//382
f 2386//382 2272//382 2392//382
f 2386//382 2392//382 2393//382
f 2390//382 2394//382 2272//382
f 2272//382 2394//382 2395//382
f 2272//382 2395//382 2365//382
f 2395//382 2396//382 2365//382
f 2365//382 2396//382 2397//382
f 2365//382 2397//382 2398//382
f 2398//382 2399//382 2365//382
f 2365//382 2399//382 2400//382
f 2365//382 2400//382 2401//382
f 2401//382 2400//382 2402//382
f 2401//382 2402//382 2403//382
f 2393//382 2404//382 2386//382
f 2386//382 2404//382 2405//382
f 2386//382 2405//382 2384//382
f 2391//382 2406//382 2272//382
f 2272//382 2406//382 2407//382
f 2272//382 2407//382 2408//382
f 2389//382 2272//382 2409//382
f 2409//382 2272//382 2410//382
f 2409//382 2410//382 2411//382
f 2408//382 2412//382 2272//382
f 2272//382 2412//382 2413//382
f 2272//382 2413//382 2410//382
f 2414//3744 2415//3744 2294//3744
f 2294//3745 2415//3745 2416//3745
f 2294//3746 2416//3746 2271//3746
f 2271//3747 2416//3747 2417//3747
f 2271//3748 2417//3748 2272//3748
f 2272//3749 2417//3749 2418//3749
f 2272//3750 2418//3750 2392//3750
f 2419//3751 2420//3751 2293//3751
f 2293//3752 2420//3752 2421//3752
f 2293//3753 2421//3753 2294//3753
f 2294//3754 2421//3754 2422//3754
f 2294//3755 2422//3755 2414//3755
f 1117//3756 1114//3756 2291//3756
f 2291//3757 1114//3757 2423//3757
f 2291//3758 2423//3758 2292//3758
f 2292//3759 2423//3759 2424//3759
f 2292//3760 2424//3760 2293//3760
f 2293//3761 2424//3761 2425//3761
f 2293//3762 2425//3762 2419//3762
f 394//3763 393//3763 2426//3763
f 2427//3764 2428//3764 2429//3764
f 2428//3765 406//3765 2429//3765
f 2429//3766 406//3766 396//3766
f 2429//3767 396//3767 395//3767
f 2430//3768 2431//3768 2432//3768
f 2432//3769 2431//3769 2433//3769
f 2432//3770 2433//3770 2434//3770
f 2430//3771 2435//3771 2431//3771
f 2431//3772 2435//3772 2436//3772
f 2431//3773 2436//3773 2429//3773
f 2429//3774 2436//3774 2437//3774
f 2429//3775 2437//3775 2427//3775
f 2386//3776 2388//3776 2434//3776
f 2434//3777 2388//3777 2438//3777
f 2438//3778 2439//3778 2434//3778
f 2434//3779 2439//3779 2440//3779
f 2434//3780 2440//3780 2432//3780
f 2391//3781 2386//3781 2441//3781
f 2441//3782 2386//3782 2434//3782
f 2441//3783 2434//3783 2442//3783
f 2442//3784 2434//3784 2433//3784
f 2442//3785 2433//3785 2443//3785
f 2443//3786 2433//3786 2431//3786
f 2443//3787 2431//3787 2444//3787
f 2444//3788 2431//3788 2429//3788
f 2444//3789 2429//3789 411//3789
f 411//3790 2429//3790 395//3790
f 2406//3791 2391//3791 2445//3791
f 2445//3792 2391//3792 2441//3792
f 2445//3793 2441//3793 2446//3793
f 2446//3794 2441//3794 2442//3794
f 2446//3795 2442//3795 2447//3795
f 2447//3796 2442//3796 2443//3796
f 2447//3797 2443//3797 2426//3797
f 2426//3798 2443//3798 2444//3798
f 2426//3799 2444//3799 394//3799
f 394//3800 2444//3800 411//3800
f 2448//3801 2449//3801 2450//3801
f 2451//3802 2452//3802 2453//3802
f 2454//3803 2455//3803 2456//3803
f 2457//3804 2458//3804 2459//3804
f 400//3805 397//3805 2460//3805
f 2460//3806 397//3806 2461//3806
f 2457//3807 2459//3807 2454//3807
f 2462//3808 2296//3808 2295//3808
f 2295//3809 2463//3809 2462//3809
f 2462//3810 2463//3810 2464//3810
f 2462//3811 2464//3811 2465//3811
f 2466//3812 2313//3812 2314//3812
f 2449//3813 2466//3813 2467//3813
f 407//3814 406//3814 2468//3814
f 2468//3815 406//3815 2469//3815
f 2466//3816 2314//3816 2467//3816
f 2467//3817 2314//3817 2299//3817
f 2467//3818 2299//3818 2470//3818
f 2470//3819 2299//3819 2462//3819
f 2462//3820 2299//3820 2298//3820
f 2462//3821 2298//3821 2296//3821
f 2449//3822 2467//3822 2450//3822
f 2450//3823 2467//3823 2470//3823
f 2450//3824 2470//3824 2471//3824
f 2471//3825 2470//3825 2462//3825
f 2471//3826 2462//3826 2472//3826
f 2472//3827 2462//3827 2465//3827
f 2472//3828 2465//3828 2473//3828
f 2473//3829 2465//3829 2474//3829
f 2473//3830 2474//3830 2453//3830
f 2453//3831 2474//3831 2475//3831
f 2453//3832 2475//3832 2451//3832
f 2456//3833 2455//3833 2452//3833
f 2452//3834 2455//3834 2476//3834
f 2452//3835 2476//3835 2453//3835
f 2453//3836 2476//3836 2477//3836
f 2453//3837 2477//3837 2473//3837
f 2473//3838 2477//3838 2478//3838
f 2473//3839 2478//3839 2472//3839
f 2472//3840 2478//3840 2479//3840
f 2472//3841 2479//3841 2471//3841
f 2471//3842 2479//3842 2480//3842
f 2471//3843 2480//3843 2450//3843
f 2450//3844 2480//3844 2481//3844
f 2450//3845 2481//3845 2448//3845
f 2454//3846 2459//3846 2455//3846
f 2455//3847 2459//3847 2482//3847
f 2455//3848 2482//3848 2476//3848
f 2476//3849 2482//3849 2483//3849
f 2476//3850 2483//3850 2477//3850
f 2477//3851 2483//3851 2484//3851
f 2477//3852 2484//3852 2478//3852
f 2478//3853 2484//3853 2485//3853
f 2478//3854 2485//3854 2479//3854
f 2479//3855 2485//3855 2468//3855
f 2479//3856 2468//3856 2480//3856
f 2480//3857 2468//3857 2469//3857
f 2480//3858 2469//3858 2481//3858
f 407//3859 2468//3859 408//3859
f 408//3860 2468//3860 2485//3860
f 408//3861 2485//3861 405//3861
f 405//3862 2485//3862 2484//3862
f 405//3863 2484//3863 404//3863
f 404//3864 2484//3864 2483//3864
f 404//3865 2483//3865 399//3865
f 399//3866 2483//3866 2482//3866
f 399//3867 2482//3867 398//3867
f 398//3868 2482//3868 2459//3868
f 398//3869 2459//3869 397//3869
f 397//3870 2459//3870 2458//3870
f 397//3871 2458//3871 2461//3871
f 2460//3872 2461//3872 2486//3872
f 2463//3873 2295//3873 2303//3873
f 2452//3874 2451//3874 2487//3874
f 2487//3875 2451//3875 2475//3875
f 2475//3876 2474//3876 2487//3876
f 2487//3877 2474//3877 2465//3877
f 2487//3878 2465//3878 2464//3878
f 2452//3879 2488//3879 2456//3879
f 2456//3880 2488//3880 2486//3880
f 2456//3881 2486//3881 2454//3881
f 2461//3882 2458//3882 2486//3882
f 2486//3883 2458//3883 2457//3883
f 2486//3884 2457//3884 2454//3884
f 1108//3885 402//3885 403//3885
f 403//3886 401//3886 1108//3886
f 1108//3887 401//3887 400//3887
f 1108//3888 400//3888 2460//3888
f 2464//3889 2463//3889 2487//3889
f 2487//3890 2463//3890 2303//3890
f 2487//3891 2303//3891 2489//3891
f 2489//3892 2303//3892 2302//3892
f 2302//3893 2301//3893 2489//3893
f 2489//3894 2301//3894 2300//3894
f 2489//3895 2300//3895 2490//3895
f 2490//3896 2300//3896 2319//3896
f 2490//3897 2319//3897 2491//3897
f 2319//3898 2318//3898 2491//3898
f 2491//3899 2318//3899 2492//3899
f 2491//3900 2492//3900 2493//3900
f 2452//3901 2487//3901 2488//3901
f 2488//3902 2487//3902 2489//3902
f 2488//3903 2489//3903 2494//3903
f 2494//3904 2489//3904 2490//3904
f 2494//3905 2490//3905 2495//3905
f 2495//3906 2490//3906 2491//3906
f 2495//3907 2491//3907 2496//3907
f 2496//3908 2491//3908 2493//3908
f 2496//3909 2493//3909 2497//3909
f 2460//3910 2486//3910 1108//3910
f 1108//3911 2486//3911 2488//3911
f 1108//3912 2488//3912 1124//3912
f 1124//3913 2488//3913 2494//3913
f 1124//3914 2494//3914 1125//3914
f 1125//3915 2494//3915 2495//3915
f 1125//3916 2495//3916 1126//3916
f 1126//3917 2495//3917 2496//3917
f 1126//3918 2496//3918 1130//3918
f 1130//3919 2496//3919 2497//3919
f 1130//3920 2497//3920 1131//3920
f 2318//3921 2316//3921 2492//3921
f 2492//3922 2316//3922 2498//3922
f 2492//3923 2498//3923 2493//3923
f 1113//3924 1131//3924 2498//3924
f 2498//3925 1131//3925 2497//3925
f 2498//3926 2497//3926 2493//3926
f 1114//3927 1113//3927 2499//3927
f 2499//3928 1113//3928 2498//3928
f 2499//3929 2498//3929 2315//3929
f 2315//3930 2498//3930 2316//3930
f 2414//3931 2315//3931 2415//3931
f 2315//3932 2414//3932 2422//3932
f 2416//3933 2415//3933 2315//3933
f 2421//3934 2420//3934 2315//3934
f 1114//3935 2499//3935 2423//3935
f 2315//3936 2425//3936 2424//3936
f 2423//3937 2499//3937 2424//3937
f 2424//3938 2499//3938 2315//3938
f 2419//3939 2425//3939 2315//3939
f 2420//3940 2419//3940 2315//3940
f 2422//3941 2421//3941 2315//3941
f 2417//3942 2416//3942 2315//3942
f 2392//3943 2418//3943 2500//3943
f 2500//3944 2418//3944 2417//3944
f 2500//3945 2417//3945 2315//3945
f 2317//3946 2306//3946 2501//3946
f 2501//3947 2306//3947 2502//3947
f 2501//3948 2502//3948 2393//3948
f 2393//3949 2502//3949 2404//3949
f 2315//3950 2317//3950 2500//3950
f 2500//3951 2317//3951 2501//3951
f 2500//3952 2501//3952 2392//3952
f 2392//3953 2501//3953 2393//3953
f 2503//3954 2388//3954 2387//3954
f 2503//3955 2387//3955 2504//3955
f 2505//3956 2506//3956 2504//3956
f 2310//3957 2507//3957 2505//3957
f 2505//3958 2507//3958 2508//3958
f 2505//3959 2508//3959 2506//3959
f 2504//3960 2387//3960 2505//3960
f 2505//3961 2387//3961 2385//3961
f 2505//3962 2385//3962 2509//3962
f 2509//3963 2385//3963 2384//3963
f 2509//3964 2384//3964 2510//3964
f 2510//3965 2384//3965 2405//3965
f 2510//3966 2405//3966 2511//3966
f 2511//3967 2405//3967 2404//3967
f 2511//3968 2404//3968 2502//3968
f 2310//3969 2505//3969 2311//3969
f 2311//3970 2505//3970 2509//3970
f 2311//3971 2509//3971 2309//3971
f 2309//3972 2509//3972 2510//3972
f 2309//3973 2510//3973 2307//3973
f 2307//3974 2510//3974 2511//3974
f 2307//3975 2511//3975 2305//3975
f 2305//3976 2511//3976 2502//3976
f 2305//3977 2502//3977 2306//3977
f 2438//3978 2512//3978 2439//3978
f 2439//3979 2512//3979 2513//3979
f 2388//3980 2503//3980 2438//3980
f 2438//3981 2503//3981 2514//3981
f 2438//3982 2514//3982 2512//3982
f 2512//3983 2514//3983 2515//3983
f 2512//3984 2515//3984 2513//3984
f 2513//3985 2515//3985 2516//3985
f 2513//3986 2516//3986 2517//3986
f 2517//3987 2516//3987 2518//3987
f 2517//3988 2518//3988 2519//3988
f 2436//3989 2435//3989 2519//3989
f 2519//3990 2435//3990 2430//3990
f 2519//3991 2430//3991 2517//3991
f 2517//3992 2430//3992 2432//3992
f 2517//3993 2432//3993 2513//3993
f 2513//3994 2432//3994 2440//3994
f 2513//3995 2440//3995 2439//3995
f 2507//3996 2310//3996 2520//3996
f 2503//3997 2504//3997 2514//3997
f 2514//3998 2504//3998 2506//3998
f 2514//3999 2506//3999 2515//3999
f 2515//4000 2506//4000 2508//4000
f 2515//4001 2508//4001 2516//4001
f 2516//4002 2508//4002 2507//4002
f 2516//4003 2507//4003 2518//4003
f 2518//4004 2507//4004 2520//4004
f 2520//4005 2521//4005 2518//4005
f 2518//4006 2521//4006 2522//4006
f 2518//4007 2522//4007 2519//4007
f 2519//4008 2522//4008 2523//4008
f 2519//4009 2523//4009 2436//4009
f 2436//4010 2523//4010 2524//4010
f 2436//4011 2524//4011 2437//4011
f 2481//4012 2469//4012 2525//4012
f 2449//4013 2448//4013 2526//4013
f 2523//4014 2522//4014 2526//4014
f 2521//4015 2520//4015 2527//4015
f 2520//4016 2310//4016 2312//4016
f 2427//4017 2437//4017 2525//4017
f 2525//4018 2437//4018 2524//4018
f 2520//4019 2312//4019 2527//4019
f 2527//4020 2312//4020 2313//4020
f 2527//4021 2313//4021 2466//4021
f 2466//4022 2449//4022 2527//4022
f 2527//4023 2449//4023 2526//4023
f 2527//4024 2526//4024 2521//4024
f 2521//4025 2526//4025 2522//4025
f 2448//4026 2481//4026 2526//4026
f 2526//4027 2481//4027 2525//4027
f 2526//4028 2525//4028 2523//4028
f 2523//4029 2525//4029 2524//4029
f 2469//4030 406//4030 2525//4030
f 2525//4031 406//4031 2428//4031
f 2525//4032 2428//4032 2427//4032
f 2359//4033 274//4033 276//4033
f 2244//4034 2243//4034 2246//4034
f 2246//4035 2243//4035 2359//4035
f 2246//4036 2359//4036 2248//4036
f 2248//4037 2359//4037 276//4037
f 2255//4038 278//4038 2242//4038
f 2242//4039 278//4039 284//4039
f 2255//4040 2254//4040 278//4040
f 278//4041 2254//4041 2253//4041
f 278//4042 2253//4042 276//4042
f 276//4043 2253//4043 2249//4043
f 276//4044 2249//4044 2248//4044
f 360//576 356//576 2528//576
f 237//576 235//576 2528//576
f 2528//576 235//576 2355//576
f 2528//576 2355//576 360//576
f 354//391 355//391 2529//391
f 2529//391 355//391 391//391
f 2529//391 391//391 2530//391
f 2530//391 391//391 390//391
f 1480//391 2531//391 1482//391
f 1482//391 2531//391 2532//391
f 1482//391 2532//391 2163//391
f 2163//391 2532//391 2533//391
f 2163//391 2533//391 2164//391
f 2164//391 2533//391 2534//391
f 2164//391 2534//391 1549//391
f 1549//391 2534//391 2535//391
f 1549//391 2535//391 387//391
f 387//391 2535//391 2536//391
f 387//391 2536//391 388//391
f 388//391 2536//391 2537//391
f 388//391 2537//391 389//391
f 389//391 2537//391 2538//391
f 389//391 2538//391 390//391
f 390//391 2538//391 2539//391
f 390//391 2539//391 2530//391
f 70//4045 63//4045 2540//4045
f 2540//4046 63//4046 239//4046
f 2540//4047 239//4047 2541//4047
f 2528//4048 356//4048 352//4048
f 354//4049 2529//4049 352//4049
f 352//4050 2529//4050 2542//4050
f 352//4051 2542//4051 2543//4051
f 2543//4052 2544//4052 352//4052
f 352//4053 2544//4053 2545//4053
f 352//4054 2545//4054 2546//4054
f 2546//4055 2547//4055 352//4055
f 352//4056 2547//4056 2541//4056
f 352//4057 2541//4057 2528//4057
f 2528//4058 2541//4058 239//4058
f 2528//4059 239//4059 237//4059
f 2548//4060 2549//4060 2550//4060
f 2550//4061 2549//4061 2551//4061
f 2550//4062 2551//4062 2552//4062
f 2547//4063 2548//4063 2541//4063
f 2541//4064 2548//4064 2550//4064
f 2541//4065 2550//4065 2553//4065
f 2552//4066 2554//4066 2550//4066
f 2550//4067 2554//4067 2555//4067
f 2550//4068 2555//4068 2553//4068
f 2165//382 2556//382 1479//382
f 1479//382 2556//382 2557//382
f 1479//382 2557//382 1473//382
f 1473//382 2557//382 2558//382
f 386//382 248//382 1496//382
f 1496//382 248//382 255//382
f 1496//382 255//382 2166//382
f 2166//382 255//382 2559//382
f 2166//382 2559//382 2165//382
f 2165//382 2559//382 2560//382
f 2165//382 2560//382 2556//382
f 2561//4069 2531//4069 1480//4069
f 2561//4070 1480//4070 2562//4070
f 2562//4071 1480//4071 1451//4071
f 2562//4072 1451//4072 2563//4072
f 2563//4073 1451//4073 2564//4073
f 2564//4074 1451//4074 1450//4074
f 2564//4075 1450//4075 2565//4075
f 2565//4076 1450//4076 2566//4076
f 2566//4077 1450//4077 1469//4077
f 2566//4078 1469//4078 2567//4078
f 2567//4079 1469//4079 1468//4079
f 2567//4080 1468//4080 2568//4080
f 2568//4081 1468//4081 1466//4081
f 2568//4082 1466//4082 2569//4082
f 2569//4083 1466//4083 2570//4083
f 2570//4084 1466//4084 1464//4084
f 2570//4085 1464//4085 2571//4085
f 2571//4086 1464//4086 1462//4086
f 2571//4087 1462//4087 2572//4087
f 2572//4088 1462//4088 2573//4088
f 2573//4089 1462//4089 1460//4089
f 2573//4090 1460//4090 1458//4090
f 2183//4091 2574//4091 1453//4091
f 1453//4092 2574//4092 2575//4092
f 1453//4093 2575//4093 1454//4093
f 1454//4094 2575//4094 2576//4094
f 1454//4095 2576//4095 1456//4095
f 1456//4096 2576//4096 2577//4096
f 1456//4097 2577//4097 1458//4097
f 1458//4098 2577//4098 2578//4098
f 1458//4099 2578//4099 2573//4099
f 2579//4100 2580//4100 2581//4100
f 2581//4100 2580//4100 2582//4100
f 2581//4101 2582//4101 2583//4101
f 2583//4101 2582//4101 2584//4101
f 2584//4102 2582//4102 2585//4102
f 2585//4102 2582//4102 2586//4102
f 2585//4103 2586//4103 2587//4103
f 2587//4103 2586//4103 2588//4103
f 2582//4104 2580//4104 2586//4104
f 2586//4104 2580//4104 2589//4104
f 2586//4105 2589//4105 2588//4105
f 2588//4105 2589//4105 2590//4105
f 2591//4106 2592//4106 2593//4106
f 2593//4107 2592//4107 2594//4107
f 2593//4108 2594//4108 2595//4108
f 2595//4109 2594//4109 2596//4109
f 2597//4110 2591//4110 2598//4110
f 2598//4111 2591//4111 2593//4111
f 2598//4112 2593//4112 2599//4112
f 2599//4113 2593//4113 2595//4113
f 2600//4114 2597//4114 2601//4114
f 2601//4115 2597//4115 2598//4115
f 2601//4116 2598//4116 2602//4116
f 2602//4117 2598//4117 2599//4117
f 2603//4118 2600//4118 2604//4118
f 2604//4119 2600//4119 2601//4119
f 2604//4120 2601//4120 2605//4120
f 2605//4121 2601//4121 2602//4121
f 2606//4122 2607//4122 2608//4122
f 2609//4123 2610//4123 2611//4123
f 2611//4124 2610//4124 2606//4124
f 2609//4125 2612//4125 2613//4125
f 2613//4126 2612//4126 2614//4126
f 2606//4127 2608//4127 2611//4127
f 2611//4128 2608//4128 2615//4128
f 2611//4129 2615//4129 2616//4129
f 2616//4130 2615//4130 2603//4130
f 2616//4131 2603//4131 2604//4131
f 2609//4132 2611//4132 2612//4132
f 2612//4133 2611//4133 2616//4133
f 2612//4134 2616//4134 2617//4134
f 2617//4135 2616//4135 2604//4135
f 2617//4136 2604//4136 2605//4136
f 2613//4137 2614//4137 2618//4137
f 2619//4138 2607//4138 2620//4138
f 2607//4139 2606//4139 2620//4139
f 2620//4140 2606//4140 2610//4140
f 2620//4141 2610//4141 2618//4141
f 2618//4142 2610//4142 2609//4142
f 2618//4143 2609//4143 2613//4143
f 2583//4144 2619//4144 2581//4144
f 2581//4145 2619//4145 2620//4145
f 2581//4146 2620//4146 2579//4146
f 2579//4147 2620//4147 2618//4147
f 2621//4148 2622//4148 2623//4148
f 2624//4149 2625//4149 2626//4149
f 2626//4150 2621//4150 2627//4150
f 2627//4151 2621//4151 2623//4151
f 2627//4152 2623//4152 2628//4152
f 2628//4153 2623//4153 2629//4153
f 2626//4154 2627//4154 2624//4154
f 2624//4155 2627//4155 2628//4155
f 2624//4156 2628//4156 2630//4156
f 2630//4157 2628//4157 2631//4157
f 2630//4158 2631//4158 2632//4158
f 2629//4159 2633//4159 2628//4159
f 2628//4160 2633//4160 2634//4160
f 2628//4161 2634//4161 2631//4161
f 2631//4162 2634//4162 2635//4162
f 2631//4163 2635//4163 2636//4163
f 2632//4164 2631//4164 2637//4164
f 2637//4165 2631//4165 2636//4165
f 2637//4166 2636//4166 2638//4166
f 2639//4167 2640//4167 2641//4167
f 2642//4168 2643//4168 2641//4168
f 2644//4169 2645//4169 2646//4169
f 2646//4170 2645//4170 2647//4170
f 2646//4171 2647//4171 2648//4171
f 2648//4172 2647//4172 2403//4172
f 2643//4173 2642//4173 2649//4173
f 2649//4174 2642//4174 2592//4174
f 2649//4175 2592//4175 2591//4175
f 2640//4176 2650//4176 2641//4176
f 2641//4177 2650//4177 2651//4177
f 2641//4178 2651//4178 2642//4178
f 2403//4179 2652//4179 2648//4179
f 2648//4180 2652//4180 2653//4180
f 2648//4181 2653//4181 2639//4181
f 2591//4182 2597//4182 2649//4182
f 2649//4183 2597//4183 2654//4183
f 2649//4184 2654//4184 2655//4184
f 2639//4185 2641//4185 2648//4185
f 2648//4186 2641//4186 2643//4186
f 2648//4186 2643//4186 2646//4186
f 2646//4187 2643//4187 2649//4187
f 2646//4187 2649//4187 2644//4187
f 2644//4188 2649//4188 2655//4188
f 2644//4189 2655//4189 2645//4189
f 2656//4190 2657//4190 2658//4190
f 2659//4191 2660//4191 2661//4191
f 2661//4192 2660//4192 2662//4192
f 2662//4193 2663//4193 2658//4193
f 2658//4194 2663//4194 2664//4194
f 2658//4195 2664//4195 2656//4195
f 2665//4196 2666//4196 2661//4196
f 2661//4197 2666//4197 2667//4197
f 2661//4198 2667//4198 2668//4198
f 2668//4199 2669//4199 2661//4199
f 2661//4200 2669//4200 2670//4200
f 2661//4201 2670//4201 2659//4201
f 2639//4202 2653//4202 2671//4202
f 2662//4203 2658//4203 2661//4203
f 2661//4204 2658//4204 2672//4204
f 2661//4205 2672//4205 2673//4205
f 2673//4206 2672//4206 2674//4206
f 2673//4207 2674//4207 2675//4207
f 2675//4208 2674//4208 2676//4208
f 2675//4209 2676//4209 2677//4209
f 2677//4210 2676//4210 2678//4210
f 2677//4211 2678//4211 2679//4211
f 2679//4212 2678//4212 2680//4212
f 2679//4213 2680//4213 2681//4213
f 2681//4214 2680//4214 2596//4214
f 2681//4215 2596//4215 2594//4215
f 2665//4216 2661//4216 2671//4216
f 2671//4217 2661//4217 2673//4217
f 2671//4218 2673//4218 2639//4218
f 2639//4219 2673//4219 2675//4219
f 2639//4220 2675//4220 2640//4220
f 2640//4221 2675//4221 2677//4221
f 2640//4222 2677//4222 2650//4222
f 2650//4223 2677//4223 2679//4223
f 2650//4224 2679//4224 2651//4224
f 2651//4225 2679//4225 2681//4225
f 2651//4226 2681//4226 2642//4226
f 2642//4227 2681//4227 2594//4227
f 2642//4228 2594//4228 2592//4228
f 2638//4229 2636//4229 2682//4229
f 2683//4230 2684//4230 2685//4230
f 2683//4231 2685//4231 2686//4231
f 2686//4232 2685//4232 2687//4232
f 2686//4233 2687//4233 2688//4233
f 2688//4234 2687//4234 2689//4234
f 2688//4235 2689//4235 2690//4235
f 2690//4236 2689//4236 2411//4236
f 2690//4237 2411//4237 2691//4237
f 2635//4238 2684//4238 2636//4238
f 2636//4239 2684//4239 2683//4239
f 2636//4240 2683//4240 2682//4240
f 2682//4241 2683//4241 2686//4241
f 2682//4242 2686//4242 2692//4242
f 2692//4243 2686//4243 2688//4243
f 2692//4244 2688//4244 2693//4244
f 2693//4245 2688//4245 2690//4245
f 2693//4246 2690//4246 2694//4246
f 2694//4247 2690//4247 2691//4247
f 2694//4248 2691//4248 2695//4248
f 2638//4249 2682//4249 2696//4249
f 2696//4250 2682//4250 2692//4250
f 2696//4251 2692//4251 2697//4251
f 2697//4252 2692//4252 2693//4252
f 2697//4253 2693//4253 2698//4253
f 2698//4254 2693//4254 2694//4254
f 2698//4255 2694//4255 2699//4255
f 2699//4256 2694//4256 2695//4256
f 2699//4257 2695//4257 2700//4257
f 2701//4258 2702//4258 2703//4258
f 2703//4259 2702//4259 2704//4259
f 2703//4260 2704//4260 2705//4260
f 2705//4261 2704//4261 2583//4261
f 2705//4262 2583//4262 2584//4262
f 2706//4263 2707//4263 2708//4263
f 2708//4264 2707//4264 2709//4264
f 2708//4265 2709//4265 2710//4265
f 2710//4266 2711//4266 2708//4266
f 2708//4267 2711//4267 2712//4267
f 2708//4268 2712//4268 2619//4268
f 2619//4269 2712//4269 2713//4269
f 2619//4270 2713//4270 2607//4270
f 2619//4271 2583//4271 2708//4271
f 2708//4272 2583//4272 2704//4272
f 2708//4273 2704//4273 2706//4273
f 2706//4274 2704//4274 2702//4274
f 2712//4275 2711//4275 2714//4275
f 2714//4276 2711//4276 2710//4276
f 2608//4277 2607//4277 2713//4277
f 2608//4278 2713//4278 2712//4278
f 2712//4279 2714//4279 2608//4279
f 2608//4280 2714//4280 2715//4280
f 2608//4281 2715//4281 2615//4281
f 2603//4282 2615//4282 2716//4282
f 2716//4283 2615//4283 2715//4283
f 2716//4284 2715//4284 2717//4284
f 2717//4285 2715//4285 2718//4285
f 2718//4286 2715//4286 2714//4286
f 2718//4287 2714//4287 2719//4287
f 2719//4288 2714//4288 2710//4288
f 2719//4289 2710//4289 2709//4289
f 2720//4290 2721//4290 2722//4290
f 2717//4291 2720//4291 2716//4291
f 2716//4292 2720//4292 2722//4292
f 2716//4293 2722//4293 2603//4293
f 2603//4294 2722//4294 2600//4294
f 2597//4295 2600//4295 2654//4295
f 2654//4296 2600//4296 2722//4296
f 2654//4297 2722//4297 2655//4297
f 2655//4298 2722//4298 2721//4298
f 2723//4299 2724//4299 2725//4299
f 2725//4300 2724//4300 2726//4300
f 2725//4301 2726//4301 2727//4301
f 2727//4302 2726//4302 2728//4302
f 2727//4303 2728//4303 2729//4303
f 2729//4304 2728//4304 2730//4304
f 2729//4305 2730//4305 2731//4305
f 2731//4306 2730//4306 2732//4306
f 2731//4307 2732//4307 2733//4307
f 2733//4308 2732//4308 2734//4308
f 2733//4309 2734//4309 2735//4309
f 2735//4310 2734//4310 2736//4310
f 2735//4311 2736//4311 2737//4311
f 2737//4312 2736//4312 2738//4312
f 2737//4313 2738//4313 2739//4313
f 2739//4314 2738//4314 2740//4314
f 2739//4315 2740//4315 2741//4315
f 2741//4316 2740//4316 2742//4316
f 2741//4317 2742//4317 2743//4317
f 2743//4318 2742//4318 2744//4318
f 2743//4319 2744//4319 2745//4319
f 2745//4320 2744//4320 2746//4320
f 2745//4321 2746//4321 2747//4321
f 2747//4322 2746//4322 2748//4322
f 2747//4323 2748//4323 2749//4323
f 2749//4324 2748//4324 2587//4324
f 2749//4325 2587//4325 2588//4325
f 2723//4326 2725//4326 2750//4326
f 2750//4327 2725//4327 2727//4327
f 2750//4328 2727//4328 2751//4328
f 2751//4329 2727//4329 2729//4329
f 2751//4330 2729//4330 2752//4330
f 2752//4331 2729//4331 2731//4331
f 2752//4332 2731//4332 2753//4332
f 2753//4333 2731//4333 2733//4333
f 2753//4334 2733//4334 2754//4334
f 2754//4335 2733//4335 2735//4335
f 2754//4336 2735//4336 2755//4336
f 2755//4337 2735//4337 2737//4337
f 2755//4338 2737//4338 2756//4338
f 2756//4339 2737//4339 2739//4339
f 2756//4340 2739//4340 2757//4340
f 2757//4341 2739//4341 2741//4341
f 2757//4342 2741//4342 2758//4342
f 2758//4343 2741//4343 2743//4343
f 2758//4344 2743//4344 2759//4344
f 2759//4345 2743//4345 2745//4345
f 2759//4346 2745//4346 2760//4346
f 2760//4347 2745//4347 2747//4347
f 2760//4348 2747//4348 2761//4348
f 2761//4349 2747//4349 2749//4349
f 2761//4350 2749//4350 2762//4350
f 2762//4351 2749//4351 2588//4351
f 2762//4352 2588//4352 2590//4352
f 2740//4353 2738//4353 2763//4353
f 2764//4354 2765//4354 2766//4354
f 2767//4355 2768//4355 2769//4355
f 2770//4356 2771//4356 2764//4356
f 2764//4357 2771//4357 2763//4357
f 2764//4358 2763//4358 2765//4358
f 2766//4359 2765//4359 2772//4359
f 2772//4360 2765//4360 2773//4360
f 2772//4361 2773//4361 2774//4361
f 2773//4362 2732//4362 2774//4362
f 2774//4363 2732//4363 2730//4363
f 2774//4364 2730//4364 2728//4364
f 2728//4365 2726//4365 2774//4365
f 2774//4366 2726//4366 2724//4366
f 2774//4367 2724//4367 2723//4367
f 2763//4368 2738//4368 2765//4368
f 2765//4369 2738//4369 2736//4369
f 2765//4370 2736//4370 2773//4370
f 2773//4371 2736//4371 2734//4371
f 2773//4372 2734//4372 2732//4372
f 2587//4373 2748//4373 2775//4373
f 2775//4374 2748//4374 2746//4374
f 2775//4375 2746//4375 2771//4375
f 2771//4376 2746//4376 2744//4376
f 2771//4377 2744//4377 2763//4377
f 2763//4378 2744//4378 2742//4378
f 2763//4379 2742//4379 2740//4379
f 2770//4380 2767//4380 2771//4380
f 2771//4381 2767//4381 2769//4381
f 2771//4382 2769//4382 2775//4382
f 2775//4382 2769//4382 2776//4382
f 2775//4383 2776//4383 2587//4383
f 2587//4384 2776//4384 2585//4384
f 2768//4385 2701//4385 2769//4385
f 2769//4386 2701//4386 2703//4386
f 2769//4387 2703//4387 2776//4387
f 2776//4388 2703//4388 2705//4388
f 2776//4389 2705//4389 2585//4389
f 2585//4390 2705//4390 2584//4390
f 2777//4391 2778//4391 2779//4391
f 2779//4392 2780//4392 2777//4392
f 2777//4393 2780//4393 2781//4393
f 2777//4394 2781//4394 2782//4394
f 2783//4395 2784//4395 2785//4395
f 2785//4396 2784//4396 2786//4396
f 2785//4397 2786//4397 2777//4397
f 2777//4398 2786//4398 2787//4398
f 2777//4399 2787//4399 2778//4399
f 2788//4400 2789//4400 2790//4400
f 2790//4401 2789//4401 2791//4401
f 2790//4402 2791//4402 2785//4402
f 2785//4403 2791//4403 2792//4403
f 2785//4404 2792//4404 2783//4404
f 2793//4405 2790//4405 2794//4405
f 2794//4406 2790//4406 2785//4406
f 2794//4407 2785//4407 2795//4407
f 2795//4408 2785//4408 2777//4408
f 2795//4409 2777//4409 2796//4409
f 2796//4410 2777//4410 2782//4410
f 2797//4411 2793//4411 2798//4411
f 2798//4412 2793//4412 2794//4412
f 2798//4413 2794//4413 2799//4413
f 2799//4414 2794//4414 2795//4414
f 2799//4415 2795//4415 2800//4415
f 2800//4416 2795//4416 2796//4416
f 2580//390 2579//390 2801//390
f 2802//390 2590//390 2589//390
f 2802//390 2589//390 2803//390
f 2580//390 2801//390 2589//390
f 2589//390 2801//390 2804//390
f 2589//390 2804//390 2803//390
f 2802//4417 2803//4417 2805//4417
f 2805//4417 2803//4417 2806//4417
f 2805//4418 2806//4418 2807//4418
f 2807//4419 2806//4419 2808//4419
f 2807//4420 2808//4420 2809//4420
f 2809//4421 2808//4421 2810//4421
f 2810//4422 2808//4422 2811//4422
f 2810//4423 2811//4423 2812//4423
f 2803//4424 2804//4424 2806//4424
f 2806//4424 2804//4424 2813//4424
f 2806//4425 2813//4425 2808//4425
f 2808//4425 2813//4425 2814//4425
f 2808//4426 2814//4426 2811//4426
f 2811//4427 2814//4427 2815//4427
f 2816//4428 2817//4428 2818//4428
f 2819//4429 2820//4429 2821//4429
f 2822//4430 2823//4430 2824//4430
f 2824//4431 2823//4431 2825//4431
f 2824//4432 2825//4432 2826//4432
f 2826//4433 2825//4433 2819//4433
f 2816//4434 2818//4434 2827//4434
f 2819//4435 2821//4435 2826//4435
f 2826//4436 2821//4436 2828//4436
f 2826//4437 2828//4437 2829//4437
f 2830//4438 2822//4438 2831//4438
f 2831//4439 2822//4439 2824//4439
f 2831//4440 2824//4440 2818//4440
f 2818//4441 2824//4441 2826//4441
f 2818//4442 2826//4442 2827//4442
f 2827//4443 2826//4443 2829//4443
f 2832//4444 2833//4444 2834//4444
f 2833//4445 2832//4445 2835//4445
f 2836//4446 2834//4446 2833//4446
f 2837//4447 2838//4447 2833//4447
f 2838//4448 2837//4448 2839//4448
f 2840//4449 2833//4449 2838//4449
f 2839//4450 2841//4450 2842//4450
f 2842//4451 2841//4451 2843//4451
f 2844//4452 2845//4452 2836//4452
f 2836//4453 2845//4453 2846//4453
f 2836//4454 2846//4454 2834//4454
f 2407//4455 2847//4455 2848//4455
f 2848//4456 2847//4456 2844//4456
f 2848//4457 2844//4457 2849//4457
f 2849//4458 2844//4458 2836//4458
f 2849//4459 2836//4459 2833//4459
f 2839//4460 2842//4460 2838//4460
f 2838//4461 2842//4461 2850//4461
f 2838//4462 2850//4462 2840//4462
f 2835//4463 2837//4463 2833//4463
f 2851//4464 2625//4464 2624//4464
f 2632//4465 2637//4465 2852//4465
f 2852//4466 2637//4466 2853//4466
f 2853//4467 2637//4467 2854//4467
f 2854//4468 2637//4468 2638//4468
f 2854//4469 2638//4469 2696//4469
f 2852//4470 2855//4470 2632//4470
f 2632//4471 2855//4471 2856//4471
f 2632//4472 2856//4472 2630//4472
f 2856//4473 2857//4473 2630//4473
f 2630//4474 2857//4474 2858//4474
f 2630//4475 2858//4475 2624//4475
f 2625//4476 2851//4476 2859//4476
f 2860//4477 2861//4477 2862//4477
f 2861//4478 2860//4478 2863//4478
f 2863//4479 2860//4479 2864//4479
f 2863//4480 2864//4481 2865//4480
f 2862//4482 2866//4482 2860//4482
f 2860//4483 2866//4483 2867//4483
f 2860//4484 2867//4484 2851//4484
f 2851//4485 2867//4485 2868//4485
f 2851//4486 2868//4486 2859//4486
f 2869//4487 2870//4487 2851//4487
f 2851//4488 2870//4488 2871//4488
f 2851//4489 2871//4489 2860//4489
f 2860//4490 2871//4490 2872//4490
f 2860//4491 2872//4491 2864//4491
f 2858//4492 2873//4492 2624//4492
f 2624//4493 2873//4493 2874//4493
f 2624//4494 2874//4494 2851//4494
f 2851//4495 2874//4495 2875//4495
f 2851//4496 2875//4496 2869//4496
f 2696//4497 2697//4497 2854//4497
f 2854//4498 2697//4498 2698//4498
f 2854//4499 2698//4499 2876//4499
f 2876//4500 2698//4500 2699//4500
f 2876//4501 2699//4501 2877//4501
f 2877//4502 2699//4502 2700//4502
f 2877//4503 2700//4503 2878//4503
f 2878//4504 2700//4504 2879//4504
f 2878//4505 2879//4505 2880//4505
f 2880//4506 2879//4506 2881//4506
f 2880//4507 2881//4507 2882//4507
f 2882//4508 2881//4508 2883//4508
f 2882//4509 2883//4509 2884//4509
f 2884//4510 2883//4510 2885//4510
f 2884//4511 2885//4511 2833//4511
f 2886//4512 2887//4512 2888//4512
f 2889//4513 2886//4513 2890//4513
f 2855//4514 2889//4514 2891//4514
f 2886//4515 2888//4515 2890//4515
f 2890//4516 2888//4516 2892//4516
f 2890//4517 2892//4517 2893//4517
f 2893//4518 2892//4518 2894//4518
f 2893//4519 2894//4519 2895//4519
f 2895//4520 2894//4520 2896//4520
f 2895//4521 2896//4521 2897//4521
f 2896//4522 2898//4522 2897//4522
f 2897//4523 2898//4523 2899//4523
f 2897//4524 2899//4524 2900//4524
f 2900//4525 2899//4525 2901//4525
f 2900//4526 2901//4526 2902//4526
f 2902//4527 2901//4527 2903//4527
f 2902//4528 2903//4528 2904//4528
f 2904//4529 2903//4529 2905//4529
f 2904//4530 2905//4530 2906//4530
f 2906//4531 2905//4531 2907//4531
f 2906//4532 2907//4532 2908//4532
f 2908//4533 2907//4533 2909//4533
f 2908//4534 2909//4534 2910//4534
f 2910//4535 2909//4535 2911//4535
f 2910//4536 2911//4536 2912//4536
f 2912//4537 2911//4537 2913//4537
f 2912//4538 2913//4538 2914//4538
f 2914//4539 2913//4539 2915//4539
f 2914//4540 2915//4540 2916//4540
f 2916//4541 2915//4541 2917//4541
f 2916//4542 2917//4542 2918//4542
f 2918//4543 2917//4543 2919//4543
f 2918//4544 2919//4544 2920//4544
f 2920//4545 2919//4545 2921//4545
f 2920//4546 2921//4546 2922//4546
f 2922//4547 2921//4547 2923//4547
f 2922//4548 2923//4548 2924//4548
f 2924//4549 2923//4549 2925//4549
f 2924//4550 2925//4550 2926//4550
f 2926//4551 2925//4551 2927//4551
f 2926//4552 2927//4552 2928//4552
f 2928//4553 2927//4553 2622//4553
f 2928//4554 2622//4554 2621//4554
f 2889//4555 2890//4555 2891//4555
f 2891//4556 2890//4556 2893//4556
f 2891//4557 2893//4557 2929//4557
f 2929//4558 2893//4558 2895//4558
f 2929//4559 2895//4559 2930//4559
f 2930//4560 2895//4560 2897//4560
f 2930//4561 2897//4561 2931//4561
f 2931//4562 2897//4562 2900//4562
f 2931//4563 2900//4563 2932//4563
f 2932//4564 2900//4564 2902//4564
f 2932//4565 2902//4565 2933//4565
f 2933//4566 2902//4566 2904//4566
f 2933//4567 2904//4567 2934//4567
f 2934//4568 2904//4568 2906//4568
f 2934//4569 2906//4569 2935//4569
f 2935//4570 2906//4570 2908//4570
f 2935//4571 2908//4571 2936//4571
f 2936//4572 2908//4572 2910//4572
f 2936//4573 2910//4573 2937//4573
f 2937//4574 2910//4574 2912//4574
f 2937//4575 2912//4575 2938//4575
f 2938//4576 2912//4576 2914//4576
f 2938//4577 2914//4577 2939//4577
f 2939//4578 2914//4578 2916//4578
f 2939//4578 2916//4578 2940//4578
f 2940//4579 2916//4579 2918//4579
f 2940//4580 2918//4580 2941//4580
f 2941//4581 2918//4581 2920//4581
f 2941//4582 2920//4582 2942//4582
f 2942//4583 2920//4583 2922//4583
f 2942//4584 2922//4584 2943//4584
f 2943//4585 2922//4585 2924//4585
f 2943//4586 2924//4586 2944//4586
f 2944//4587 2924//4587 2926//4587
f 2944//4588 2926//4588 2945//4588
f 2945//4589 2926//4589 2928//4589
f 2945//4590 2928//4590 2946//4590
f 2946//4591 2928//4591 2621//4591
f 2946//4592 2621//4592 2626//4592
f 2855//4593 2891//4593 2856//4593
f 2856//4594 2891//4594 2929//4594
f 2856//4595 2929//4595 2857//4595
f 2857//4596 2929//4596 2930//4596
f 2857//4597 2930//4597 2858//4597
f 2858//4598 2930//4598 2931//4598
f 2858//4599 2931//4599 2873//4599
f 2873//4600 2931//4600 2932//4600
f 2873//4601 2932//4601 2874//4601
f 2874//4602 2932//4602 2933//4602
f 2874//4603 2933//4603 2875//4603
f 2875//4604 2933//4604 2934//4604
f 2875//4605 2934//4605 2869//4605
f 2869//4606 2934//4606 2935//4606
f 2869//4607 2935//4607 2870//4607
f 2870//4608 2935//4608 2936//4608
f 2870//4609 2936//4609 2871//4609
f 2871//4610 2936//4610 2937//4610
f 2871//4611 2937//4611 2872//4611
f 2872//4612 2937//4612 2938//4612
f 2872//4613 2938//4613 2864//4613
f 2864//4614 2938//4614 2939//4614
f 2864//4615 2939//4615 2865//4615
f 2865//4616 2939//4616 2940//4616
f 2865//4617 2940//4617 2863//4617
f 2863//4618 2940//4618 2941//4618
f 2863//4619 2941//4619 2861//4619
f 2861//4620 2941//4620 2942//4620
f 2861//4621 2942//4621 2862//4621
f 2862//4622 2942//4622 2943//4622
f 2862//4623 2943//4623 2866//4623
f 2866//4624 2943//4624 2944//4624
f 2866//4625 2944//4625 2867//4625
f 2867//4626 2944//4626 2945//4626
f 2867//4627 2945//4627 2868//4627
f 2868//4628 2945//4628 2946//4628
f 2868//4629 2946//4629 2859//4629
f 2859//4630 2946//4630 2626//4630
f 2859//4631 2626//4631 2625//4631
f 2602//4632 2599//4632 2635//4632
f 2635//4633 2599//4633 2947//4633
f 2947//4634 2599//4634 2595//4634
f 2947//4635 2595//4635 2596//4635
f 2635//4636 2634//4636 2602//4636
f 2602//4637 2634//4637 2633//4637
f 2602//4638 2633//4638 2605//4638
f 2605//4639 2633//4639 2629//4639
f 2605//4640 2629//4640 2617//4640
f 2617//4641 2629//4641 2623//4641
f 2617//4642 2623//4642 2612//4642
f 2612//4643 2623//4643 2614//4643
f 2614//4644 2623//4644 2622//4644
f 2614//4645 2622//4645 2618//4645
f 2618//4646 2622//4646 2801//4646
f 2618//4647 2801//4647 2579//4647
f 2401//4648 2403//4648 2647//4648
f 2401//4648 2647//4648 2948//4648
f 2948//4649 2647//4649 2645//4649
f 2948//4649 2645//4649 2949//4649
f 2949//4650 2645//4650 2655//4650
f 2949//4650 2655//4650 2950//4650
f 2652//4651 2951//4651 2653//4651
f 2653//4652 2951//4652 2671//4652
f 2671//4653 2951//4653 2665//4653
f 2665//4654 2951//4654 2952//4654
f 2665//4655 2952//4655 2666//4655
f 2666//4656 2952//4656 2953//4656
f 2666//4657 2953//4657 2667//4657
f 2667//4658 2953//4658 2954//4658
f 2667//4659 2954//4659 2668//4659
f 2668//4660 2954//4660 2955//4660
f 2668//4661 2955//4661 2669//4661
f 2660//4662 2659//4662 2955//4662
f 2955//4663 2659//4663 2670//4663
f 2955//4664 2670//4664 2669//4664
f 2656//4665 2664//4665 2956//4665
f 2956//4666 2664//4666 2663//4666
f 2956//4667 2663//4667 2957//4667
f 2957//4668 2663//4668 2662//4668
f 2957//4669 2662//4669 2958//4669
f 2958//4670 2662//4670 2660//4670
f 2958//4671 2660//4671 2959//4671
f 2959//4672 2660//4672 2955//4672
f 2389//4673 2960//4673 2956//4673
f 2956//4674 2960//4674 2657//4674
f 2956//4675 2657//4675 2656//4675
f 2389//4676 2956//4676 2390//4676
f 2390//4677 2956//4677 2957//4677
f 2390//4678 2957//4678 2394//4678
f 2394//4679 2957//4679 2958//4679
f 2394//4680 2958//4680 2395//4680
f 2395//4681 2958//4681 2959//4681
f 2395//4682 2959//4682 2396//4682
f 2396//4683 2959//4683 2955//4683
f 2396//4684 2955//4684 2397//4684
f 2397//4685 2955//4685 2954//4685
f 2397//4686 2954//4686 2398//4686
f 2398//4687 2954//4687 2953//4687
f 2398//4688 2953//4688 2399//4688
f 2399//4689 2953//4689 2952//4689
f 2399//4690 2952//4690 2400//4690
f 2400//4691 2952//4691 2951//4691
f 2400//4692 2951//4692 2402//4692
f 2402//4693 2951//4693 2652//4693
f 2402//4694 2652//4694 2403//4694
f 2658//4695 2657//4695 2960//4695
f 2961//4696 2674//4696 2962//4696
f 2962//4697 2674//4697 2672//4697
f 2962//4698 2672//4698 2658//4698
f 2947//4699 2596//4699 2961//4699
f 2961//4700 2596//4700 2680//4700
f 2680//4701 2678//4701 2961//4701
f 2961//4702 2678//4702 2676//4702
f 2961//4703 2676//4703 2674//4703
f 2658//4704 2960//4704 2962//4704
f 2962//4705 2960//4705 2389//4705
f 2962//4706 2389//4706 2409//4706
f 2635//4707 2947//4707 2684//4707
f 2684//4708 2947//4708 2961//4708
f 2684//4709 2961//4709 2685//4709
f 2685//4710 2961//4710 2687//4710
f 2687//4711 2961//4711 2962//4711
f 2687//4712 2962//4712 2689//4712
f 2689//4713 2962//4713 2409//4713
f 2689//4714 2409//4714 2411//4714
f 2849//4715 2833//4715 2885//4715
f 2848//4716 2849//4716 2963//4716
f 2407//4717 2848//4717 2964//4717
f 2849//4718 2885//4718 2963//4718
f 2963//4719 2885//4719 2883//4719
f 2963//4720 2883//4720 2965//4720
f 2965//4721 2883//4721 2881//4721
f 2965//4722 2881//4722 2966//4722
f 2966//4723 2881//4723 2879//4723
f 2966//4724 2879//4724 2967//4724
f 2967//4725 2879//4725 2700//4725
f 2967//4726 2700//4726 2695//4726
f 2848//4727 2963//4727 2964//4727
f 2964//4728 2963//4728 2965//4728
f 2964//4729 2965//4729 2968//4729
f 2968//4730 2965//4730 2966//4730
f 2968//4731 2966//4731 2969//4731
f 2969//4732 2966//4732 2967//4732
f 2969//4733 2967//4733 2970//4733
f 2970//4734 2967//4734 2695//4734
f 2970//4735 2695//4735 2691//4735
f 2407//4736 2964//4736 2408//4736
f 2408//4737 2964//4737 2968//4737
f 2408//4738 2968//4738 2412//4738
f 2412//4739 2968//4739 2969//4739
f 2412//4740 2969//4740 2413//4740
f 2413//4741 2969//4741 2970//4741
f 2413//4742 2970//4742 2410//4742
f 2410//4743 2970//4743 2691//4743
f 2410//4744 2691//4744 2411//4744
f 2971//390 2972//390 2701//390
f 2701//390 2972//390 2973//390
f 2701//390 2973//390 2702//390
f 2973//390 2974//390 2702//390
f 2702//390 2974//390 2975//390
f 2702//390 2975//390 2706//390
f 2706//390 2975//390 2976//390
f 2706//390 2976//390 2707//390
f 2707//390 2976//390 2977//390
f 2978//4745 2788//4745 2790//4745
f 2978//4746 2790//4746 2979//4746
f 2977//4747 2980//4747 2793//4747
f 2793//4748 2980//4748 2981//4748
f 2793//4749 2981//4749 2790//4749
f 2790//4750 2981//4750 2982//4750
f 2790//4751 2982//4751 2979//4751
f 2983//4752 2707//4752 2984//4752
f 2984//4753 2707//4753 2977//4753
f 2984//4754 2977//4754 2797//4754
f 2797//4755 2977//4755 2793//4755
f 2720//4756 2717//4756 2983//4756
f 2717//4757 2718//4757 2983//4757
f 2983//4758 2718//4758 2719//4758
f 2983//4759 2719//4759 2707//4759
f 2707//4760 2719//4760 2709//4760
f 2950//4761 2655//4761 2721//4761
f 2721//4762 2985//4762 2986//4762
f 2986//4763 2987//4763 2721//4763
f 2721//4764 2987//4764 2988//4764
f 2721//4765 2988//4765 2950//4765
f 2983//4766 2989//4766 2720//4766
f 2720//4767 2989//4767 2990//4767
f 2720//4768 2990//4768 2721//4768
f 2721//4769 2990//4769 2991//4769
f 2721//4770 2991//4770 2985//4770
f 2992//4771 2993//4771 2994//4771
f 2995//4772 2996//4772 2997//4772
f 2997//4773 2996//4773 2994//4773
f 2997//4774 2994//4774 2998//4774
f 2998//4775 2994//4775 2993//4775
f 2992//4776 2994//4776 2999//4776
f 2999//4777 2994//4777 3000//4777
f 2999//4778 3000//4778 3001//4778
f 3002//4779 3003//4779 3000//4779
f 3000//4780 3003//4780 3004//4780
f 3000//4781 3004//4781 3001//4781
f 3005//4782 3006//4782 3007//4782
f 3007//4783 3006//4783 3008//4783
f 3007//4784 3008//4784 3002//4784
f 3002//4785 3008//4785 3009//4785
f 3002//4786 3009//4786 3003//4786
f 2788//4787 2978//4787 3010//4787
f 3010//4788 2978//4788 2979//4788
f 3010//4789 2979//4789 2982//4789
f 2788//4790 3010//4790 2789//4790
f 2789//4791 3010//4791 3011//4791
f 2789//4792 3011//4792 2791//4792
f 2786//4793 2784//4793 3012//4793
f 3012//4794 2784//4794 2783//4794
f 3012//4795 2783//4795 3011//4795
f 3011//4796 2783//4796 2792//4796
f 3011//4797 2792//4797 2791//4797
f 3013//4798 2779//4798 2778//4798
f 3013//4799 2778//4799 3012//4799
f 3012//4800 2778//4800 2787//4800
f 3012//4801 2787//4801 2786//4801
f 2782//4802 2781//4802 3013//4802
f 3013//4803 2781//4803 2780//4803
f 3013//4804 2780//4804 2779//4804
f 3010//4805 3007//4805 3011//4805
f 3011//4806 3007//4806 3002//4806
f 3011//4807 3002//4807 3012//4807
f 3012//4808 3002//4808 3000//4808
f 3012//4809 3000//4809 3013//4809
f 3013//4810 3000//4810 2994//4810
f 3013//4811 2994//4811 2782//4811
f 2782//4812 2994//4812 2996//4812
f 2818//4813 2817//4813 3014//4813
f 2818//4814 3014//4814 2831//4814
f 3015//4815 3016//4815 3017//4815
f 3017//4816 3016//4816 3018//4816
f 3017//4817 3018//4817 3014//4817
f 3014//4818 3018//4818 2830//4818
f 3014//4819 2830//4819 2831//4819
f 2590//4820 2802//4820 2762//4820
f 2762//4821 2802//4821 2805//4821
f 2762//4822 2805//4822 2761//4822
f 2757//4823 2758//4823 2807//4823
f 2807//4824 2758//4824 2759//4824
f 2807//4825 2759//4825 2805//4825
f 2805//4826 2759//4826 2760//4826
f 2805//4827 2760//4827 2761//4827
f 2754//4828 2755//4828 2810//4828
f 2810//4829 2755//4829 2756//4829
f 2757//4830 2807//4830 2756//4830
f 2756//4831 2807//4831 2809//4831
f 2756//4832 2809//4832 2810//4832
f 2812//4833 2723//4833 2810//4833
f 2810//4834 2723//4834 2750//4834
f 2810//4835 2750//4835 2751//4835
f 2751//4836 2752//4836 2810//4836
f 2810//4837 2752//4837 2753//4837
f 2810//4838 2753//4838 2754//4838
f 3019//4833 3020//4833 3021//4833
f 2767//4839 3022//4839 2768//4839
f 2768//4840 3022//4840 3023//4840
f 2768//4841 3023//4841 2701//4841
f 2701//4842 3023//4842 2971//4842
f 2723//4843 3019//4843 2774//4843
f 2774//4844 3019//4844 3021//4844
f 2774//4845 3021//4845 2772//4845
f 2772//4846 3021//4846 3024//4846
f 2772//4847 3024//4847 2766//4847
f 2766//4848 3024//4848 3025//4848
f 2766//4849 3025//4849 2764//4849
f 2764//4850 3025//4850 3022//4850
f 2764//4851 3022//4851 2770//4851
f 2770//4852 3022//4852 2767//4852
f 3024//4853 3021//4853 3026//4853
f 3027//4854 3028//4854 3029//4854
f 3030//4855 3027//4855 3031//4855
f 3032//4856 3030//4856 3033//4856
f 3034//4857 3032//4857 3035//4857
f 3027//4858 3029//4858 3031//4858
f 3031//4859 3029//4859 3036//4859
f 3031//4860 3036//4860 3037//4860
f 3037//4861 3036//4861 3038//4861
f 3037//4862 3038//4862 3039//4862
f 3039//4863 3038//4863 3040//4863
f 3039//4864 3040//4864 3041//4864
f 3041//4865 3040//4865 3042//4865
f 3041//4866 3042//4866 3043//4866
f 3043//4867 3042//4867 3044//4867
f 3043//4868 3044//4868 3045//4868
f 3045//4869 3044//4869 3046//4869
f 3045//4870 3046//4870 3047//4870
f 3047//4871 3046//4871 3048//4871
f 3047//4872 3048//4872 3049//4872
f 3049//4873 3048//4873 3050//4873
f 3049//4874 3050//4874 3051//4874
f 3051//4875 3050//4875 3052//4875
f 3051//4876 3052//4876 3053//4876
f 3053//4877 3052//4877 3054//4877
f 3053//4878 3054//4878 3055//4878
f 3054//4879 2971//4879 3055//4879
f 3055//4880 2971//4880 3023//4880
f 3055//4881 3023//4881 3022//4881
f 3030//4882 3031//4882 3033//4882
f 3033//4883 3031//4883 3037//4883
f 3033//4884 3037//4884 3056//4884
f 3056//4885 3037//4885 3039//4885
f 3056//4886 3039//4886 3057//4886
f 3057//4887 3039//4887 3041//4887
f 3057//4888 3041//4888 3058//4888
f 3058//4889 3041//4889 3043//4889
f 3058//4890 3043//4890 3059//4890
f 3059//4891 3043//4891 3045//4891
f 3059//4892 3045//4892 3060//4892
f 3060//4893 3045//4893 3047//4893
f 3060//4894 3047//4894 3061//4894
f 3061//4895 3047//4895 3049//4895
f 3061//4896 3049//4896 3062//4896
f 3062//4897 3049//4897 3051//4897
f 3062//4898 3051//4898 3063//4898
f 3063//4899 3051//4899 3053//4899
f 3063//4900 3053//4900 3064//4900
f 3064//4901 3053//4901 3055//4901
f 3064//4902 3055//4902 3065//4902
f 3065//4903 3055//4903 3022//4903
f 3065//4904 3022//4904 3025//4904
f 3032//4905 3033//4905 3035//4905
f 3035//4906 3033//4906 3056//4906
f 3035//4907 3056//4907 3066//4907
f 3066//4908 3056//4908 3057//4908
f 3066//4909 3057//4909 3067//4909
f 3067//4910 3057//4910 3058//4910
f 3067//4911 3058//4911 3068//4911
f 3068//4912 3058//4912 3059//4912
f 3068//4913 3059//4913 3069//4913
f 3069//4914 3059//4914 3060//4914
f 3069//4915 3060//4915 3070//4915
f 3070//4916 3060//4916 3061//4916
f 3070//4917 3061//4917 3071//4917
f 3071//4918 3061//4918 3062//4918
f 3071//4919 3062//4919 3072//4919
f 3072//4920 3062//4920 3063//4920
f 3072//4921 3063//4921 3073//4921
f 3073//4922 3063//4922 3064//4922
f 3073//4923 3064//4923 3074//4923
f 3074//4924 3064//4924 3065//4924
f 3074//4925 3065//4925 3026//4925
f 3026//4926 3065//4926 3025//4926
f 3026//4927 3025//4927 3024//4927
f 3034//4928 3035//4928 3075//4928
f 3075//4929 3035//4929 3066//4929
f 3075//4930 3066//4930 3076//4930
f 3076//4931 3066//4931 3067//4931
f 3076//4932 3067//4932 3077//4932
f 3077//4933 3067//4933 3068//4933
f 3077//4934 3068//4934 3078//4934
f 3078//4935 3068//4935 3069//4935
f 3078//4936 3069//4936 3079//4936
f 3079//4937 3069//4937 3070//4937
f 3079//4938 3070//4938 3080//4938
f 3080//4939 3070//4939 3071//4939
f 3080//4940 3071//4940 3081//4940
f 3081//4941 3071//4941 3072//4941
f 3081//4942 3072//4942 3082//4942
f 3082//4943 3072//4943 3073//4943
f 3082//4944 3073//4944 3083//4944
f 3083//4945 3073//4945 3074//4945
f 3083//4946 3074//4946 3084//4946
f 3084//4947 3074//4947 3026//4947
f 3084//4948 3026//4948 3085//4948
f 3085//4949 3026//4949 3021//4949
f 3085//4950 3021//4950 3020//4950
f 2798//4951 2799//4951 3086//4951
f 2797//4952 2798//4952 3087//4952
f 3088//4953 3086//4953 3089//4953
f 3089//4954 3086//4954 2799//4954
f 3089//4955 2799//4955 2800//4955
f 2797//4956 3087//4956 2984//4956
f 2984//4957 3087//4957 3090//4957
f 2984//4958 3090//4958 2983//4958
f 3091//4959 3092//4959 3088//4959
f 3088//4960 3092//4960 3093//4960
f 3088//4961 3093//4961 3086//4961
f 3091//4962 3094//4962 3092//4962
f 3092//4963 3094//4963 3095//4963
f 3092//4964 3095//4964 3096//4964
f 3096//4965 3095//4965 3097//4965
f 3096//4966 3097//4966 3098//4966
f 3098//4967 3097//4967 3099//4967
f 3098//4968 3099//4968 3100//4968
f 3100//4969 3099//4969 3101//4969
f 3100//4970 3101//4970 3102//4970
f 3101//4971 3103//4971 3102//4971
f 3102//4972 3103//4972 3104//4972
f 3102//4973 3104//4973 3105//4973
f 3105//4974 3104//4974 2401//4974
f 3105//4975 2401//4975 2948//4975
f 2798//4976 3086//4976 3087//4976
f 3087//4977 3086//4977 3093//4977
f 3087//4978 3093//4978 3090//4978
f 3090//4979 3093//4979 3092//4979
f 3090//4980 3092//4980 3106//4980
f 3106//4981 3092//4981 3096//4981
f 3106//4982 3096//4982 3107//4982
f 3107//4983 3096//4983 3098//4983
f 3107//4984 3098//4984 3108//4984
f 3108//4985 3098//4985 3100//4985
f 3108//4986 3100//4986 3109//4986
f 3109//4987 3100//4987 3102//4987
f 3109//4988 3102//4988 3110//4988
f 3110//4989 3102//4989 3105//4989
f 3110//4990 3105//4990 3111//4990
f 3111//4991 3105//4991 2948//4991
f 3111//4992 2948//4992 2949//4992
f 2983//4993 3090//4993 2989//4993
f 2989//4994 3090//4994 3106//4994
f 2989//4995 3106//4995 2990//4995
f 2990//4996 3106//4996 3107//4996
f 2990//4997 3107//4997 2991//4997
f 2991//4998 3107//4998 3108//4998
f 2991//4999 3108//4999 2985//4999
f 2985//5000 3108//5000 3109//5000
f 2985//5001 3109//5001 2986//5001
f 2986//5002 3109//5002 3110//5002
f 2986//5003 3110//5003 2987//5003
f 2987//5004 3110//5004 3111//5004
f 2987//5005 3111//5005 2988//5005
f 2988//5006 3111//5006 2949//5006
f 2988//5007 2949//5007 2950//5007
f 3003//5008 3009//5008 3112//5008
f 2995//5009 2997//5009 3113//5009
f 3114//5010 3115//5010 2995//5010
f 3009//5011 3008//5011 3116//5011
f 3116//5012 3008//5012 3006//5012
f 3116//5013 3006//5013 3005//5013
f 3003//5014 3112//5014 3004//5014
f 2997//5015 2998//5015 3113//5015
f 3113//5016 2998//5016 2993//5016
f 3113//5017 2993//5017 2992//5017
f 2992//5018 2999//5018 3117//5018
f 3117//5019 2999//5019 3001//5019
f 3117//5020 3001//5020 3004//5020
f 3009//5021 3116//5021 3112//5021
f 3112//5022 3116//5022 3118//5022
f 3112//5023 3118//5023 3119//5023
f 3119//5024 3118//5024 3120//5024
f 3119//5025 3120//5025 3121//5025
f 3121//5026 3120//5026 3122//5026
f 3121//5027 3122//5027 3123//5027
f 3123//5028 3122//5028 3124//5028
f 3123//5029 3124//5029 3125//5029
f 3125//5030 3124//5030 3126//5030
f 3125//5031 3126//5031 3127//5031
f 3127//5032 3126//5032 3128//5032
f 3127//5033 3128//5033 3129//5033
f 3004//5034 3112//5034 3117//5034
f 3117//5035 3112//5035 3119//5035
f 3117//5036 3119//5036 3130//5036
f 3130//5037 3119//5037 3121//5037
f 3130//5038 3121//5038 3131//5038
f 3131//5039 3121//5039 3123//5039
f 3131//5040 3123//5040 3132//5040
f 3132//5041 3123//5041 3125//5041
f 3132//5042 3125//5042 3133//5042
f 3133//5043 3125//5043 3127//5043
f 3133//5044 3127//5044 3134//5044
f 3134//5045 3127//5045 3129//5045
f 3134//5046 3129//5046 3135//5046
f 2992//5047 3117//5047 3113//5047
f 3113//5048 3117//5048 3130//5048
f 3113//5049 3130//5049 3136//5049
f 3136//5050 3130//5050 3131//5050
f 3136//5051 3131//5051 3137//5051
f 3137//5052 3131//5052 3132//5052
f 3137//5053 3132//5053 3138//5053
f 3138//5054 3132//5054 3133//5054
f 3138//5055 3133//5055 3139//5055
f 3139//5056 3133//5056 3134//5056
f 3139//5057 3134//5057 3140//5057
f 3140//5058 3134//5058 3135//5058
f 3140//5059 3135//5059 3141//5059
f 2995//5060 3113//5060 3114//5060
f 3114//5061 3113//5061 3136//5061
f 3114//5062 3136//5062 3142//5062
f 3142//5063 3136//5063 3137//5063
f 3142//5064 3137//5064 3143//5064
f 3143//5065 3137//5065 3138//5065
f 3143//5066 3138//5066 3144//5066
f 3144//5067 3138//5067 3139//5067
f 3144//5068 3139//5068 3145//5068
f 3145//5069 3139//5069 3140//5069
f 3145//5070 3140//5070 3146//5070
f 3146//5071 3140//5071 3141//5071
f 3146//5072 3141//5072 3147//5072
f 3115//306 257//306 259//306
f 2995//5073 3115//5073 2996//5073
f 2996//5074 3115//5074 2796//5074
f 2996//5075 2796//5075 2782//5075
f 3115//5076 259//5076 2796//5076
f 2796//5077 259//5077 267//5077
f 2796//5078 267//5078 2800//5078
f 3148//5079 2820//5079 3149//5079
f 3149//5080 2820//5080 2819//5080
f 3149//5081 2819//5081 3150//5081
f 3150//5082 2819//5082 2825//5082
f 3150//5083 2825//5083 3151//5083
f 3151//5084 2825//5084 2823//5084
f 3152//5085 3148//5085 3153//5085
f 3153//5086 3148//5086 3149//5086
f 3153//5087 3149//5087 3154//5087
f 3154//5088 3149//5088 3150//5088
f 3154//5089 3150//5089 3155//5089
f 3155//5090 3150//5090 3151//5090
f 2817//5091 3156//5091 3014//5091
f 2820//5092 3157//5092 2821//5092
f 2821//5093 3157//5093 3158//5093
f 2821//5094 3158//5094 2828//5094
f 2828//5095 3158//5095 2829//5095
f 3158//5096 3159//5096 2829//5096
f 2829//5097 3159//5097 3160//5097
f 2829//5098 3160//5098 2827//5098
f 2827//5099 3160//5099 3161//5099
f 2827//5100 3161//5100 2816//5100
f 3014//5101 3156//5101 3017//5101
f 3017//5102 3156//5102 3162//5102
f 3017//5103 3162//5103 3015//5103
f 3163//5104 3164//5104 3165//5104
f 2816//5105 3161//5105 2817//5105
f 2817//5106 3161//5106 3163//5106
f 2817//5107 3163//5107 3156//5107
f 3156//5108 3163//5108 3165//5108
f 3156//5109 3165//5109 3162//5109
f 3159//5110 3166//5110 3160//5110
f 3160//5111 3166//5111 3167//5111
f 3160//5112 3167//5112 3161//5112
f 3161//5113 3167//5113 3168//5113
f 3161//5114 3168//5114 3163//5114
f 3163//5115 3168//5115 3169//5115
f 3163//5116 3169//5116 3164//5116
f 3170//5117 3171//5117 3172//5117
f 3173//5118 3174//5118 3175//5118
f 3175//5119 3174//5119 3170//5119
f 3170//5120 3172//5120 3175//5120
f 3175//5121 3172//5121 3015//5121
f 3175//5122 3015//5122 3162//5122
f 3169//5123 3173//5123 3164//5123
f 3164//5124 3173//5124 3175//5124
f 3164//5125 3175//5125 3165//5125
f 3165//5126 3175//5126 3162//5126
f 8//390 7//390 225//390
f 225//390 7//390 3176//390
f 225//390 3176//390 3177//390
f 3177//390 3176//390 3178//390
f 3179//390 3180//390 3176//390
f 3176//2078 3180//2078 3181//2078
f 3176//390 3181//390 3178//390
f 3182//5127 2815//5127 3183//5127
f 3183//5128 2815//5128 2814//5128
f 3183//5129 2814//5129 3184//5129
f 3184//5130 2814//5130 3185//5130
f 3185//5131 2814//5131 2813//5131
f 3185//5132 2813//5132 3186//5132
f 3186//5133 2813//5133 3187//5133
f 3187//5134 2813//5134 2804//5134
f 3187//5135 2804//5135 2801//5135
f 2811//5136 2815//5136 3155//5136
f 3155//5137 3151//5137 2811//5137
f 2811//5138 3151//5138 2823//5138
f 2811//5139 2823//5139 2812//5139
f 2812//5140 2823//5140 2822//5140
f 2812//5141 2822//5141 2830//5141
f 3188//5142 3152//5142 3153//5142
f 3189//5143 3190//5143 3179//5143
f 3179//5144 3190//5144 3191//5144
f 3188//5145 3153//5145 3189//5145
f 3191//5146 3190//5146 3192//5146
f 3192//5147 3190//5147 3193//5147
f 3192//5148 3193//5148 3194//5148
f 3194//5149 3193//5149 3195//5149
f 3195//5150 3193//5150 3196//5150
f 3195//5151 3196//5151 3197//5151
f 3189//5152 3153//5152 3190//5152
f 3190//5153 3153//5153 3154//5153
f 3190//5153 3154//5153 3193//5153
f 3193//5154 3154//5154 3155//5154
f 3193//5155 3155//5155 3196//5155
f 3197//5156 3198//5156 3199//5156
f 3180//5157 3179//5157 3200//5157
f 3200//5158 3179//5158 3191//5158
f 3200//5159 3191//5159 3201//5159
f 3201//5160 3191//5160 3192//5160
f 3201//5161 3192//5161 3202//5161
f 3202//5162 3192//5162 3194//5162
f 3202//5163 3194//5163 3199//5163
f 3199//5164 3194//5164 3195//5164
f 3199//5165 3195//5165 3197//5165
f 3203//5166 3204//5166 3205//5166
f 3201//5167 3202//5167 3206//5167
f 231//5168 3207//5168 230//5168
f 3180//5169 3200//5169 3181//5169
f 3181//5170 3200//5170 3208//5170
f 3181//5171 3208//5171 3178//5171
f 3209//5172 3210//5172 3177//5172
f 3177//5173 3210//5173 225//5173
f 3207//5174 231//5174 3210//5174
f 3210//5175 231//5175 226//5175
f 3210//5176 226//5176 225//5176
f 3211//5177 3212//5177 3213//5177
f 3213//5178 3212//5178 229//5178
f 3177//5179 3178//5179 3209//5179
f 3209//5180 3178//5180 3208//5180
f 3209//5181 3208//5181 3210//5181
f 3210//5181 3208//5181 3214//5181
f 3210//5182 3214//5182 3207//5182
f 3207//5182 3214//5182 3213//5182
f 3207//5183 3213//5183 230//5183
f 230//5184 3213//5184 229//5184
f 3200//5185 3201//5185 3208//5185
f 3208//5186 3201//5186 3206//5186
f 3208//5187 3206//5187 3214//5187
f 3214//5187 3206//5187 3215//5187
f 3214//5188 3215//5188 3213//5188
f 3213//5189 3215//5189 3205//5189
f 3213//5190 3205//5190 3211//5190
f 3211//5191 3205//5191 3204//5191
f 3202//5192 3199//5192 3206//5192
f 3206//5192 3199//5192 3216//5192
f 3206//5193 3216//5193 3215//5193
f 3215//5194 3216//5194 3217//5194
f 3215//5195 3217//5195 3205//5195
f 3205//5195 3217//5195 3218//5195
f 3205//5196 3218//5196 3203//5196
f 3203//5197 3218//5197 3219//5197
f 3199//5198 3198//5198 3216//5198
f 3216//5198 3198//5198 3220//5198
f 3216//5199 3220//5199 3217//5199
f 3217//5199 3220//5199 3221//5199
f 3217//5200 3221//5200 3218//5200
f 3218//5200 3221//5200 3222//5200
f 3218//5201 3222//5201 3219//5201
f 3219//5201 3222//5201 3223//5201
f 2426//5202 2839//5202 2837//5202
f 2839//5203 2426//5203 2841//5203
f 2841//5204 2426//5204 393//5204
f 2841//5205 393//5205 2843//5205
f 2835//5206 2446//5206 2837//5206
f 2837//5207 2446//5207 2447//5207
f 2837//5202 2447//5202 2426//5202
f 2835//5208 2832//5208 2446//5208
f 2446//5209 2832//5209 2834//5209
f 2446//5210 2834//5210 2846//5210
f 2846//5211 2845//5211 2446//5211
f 2446//5212 2845//5212 2844//5212
f 2446//5212 2844//5212 2445//5212
f 2445//5213 2844//5213 2406//5213
f 2406//5214 2844//5214 2847//5214
f 2406//5215 2847//5215 2407//5215
f 2855//5216 2852//5216 2889//5216
f 2889//5217 2852//5217 3224//5217
f 2889//5218 3224//5218 2886//5218
f 2887//5219 2886//5219 3225//5219
f 2852//5220 2853//5220 3224//5220
f 3224//5221 2853//5221 2854//5221
f 3224//5222 2854//5222 3226//5222
f 3226//5223 2854//5223 2876//5223
f 3226//5224 2876//5224 3227//5224
f 3227//5225 2876//5225 2877//5225
f 3227//5226 2877//5226 3228//5226
f 3228//5227 2877//5227 2878//5227
f 3228//5228 2878//5228 3229//5228
f 3229//5229 2878//5229 2880//5229
f 3229//5230 2880//5230 3230//5230
f 3230//5231 2880//5231 2882//5231
f 3230//5232 2882//5232 3231//5232
f 3231//5233 2882//5233 2884//5233
f 3231//5234 2884//5234 3232//5234
f 2884//5235 2833//5235 3232//5235
f 3232//5236 2833//5236 2840//5236
f 3232//5237 2840//5237 2850//5237
f 2886//5238 3224//5238 3225//5238
f 3225//5239 3224//5239 3226//5239
f 3225//5240 3226//5240 3233//5240
f 3233//5241 3226//5241 3227//5241
f 3233//5242 3227//5242 3234//5242
f 3234//5243 3227//5243 3228//5243
f 3234//5244 3228//5244 3235//5244
f 3235//5245 3228//5245 3229//5245
f 3235//5246 3229//5246 3236//5246
f 3236//5247 3229//5247 3230//5247
f 3236//5248 3230//5248 3237//5248
f 3237//5249 3230//5249 3231//5249
f 3237//5250 3231//5250 3238//5250
f 3238//5251 3231//5251 3232//5251
f 3238//5252 3232//5252 3239//5252
f 3239//5253 3232//5253 2850//5253
f 3239//5254 2850//5254 2842//5254
f 2887//5255 3225//5255 3240//5255
f 3240//5256 3225//5256 3233//5256
f 3240//5257 3233//5257 3241//5257
f 3241//5258 3233//5258 3234//5258
f 3241//5259 3234//5259 3242//5259
f 3242//5260 3234//5260 3235//5260
f 3242//5261 3235//5261 3243//5261
f 3243//5262 3235//5262 3236//5262
f 3243//5263 3236//5263 3244//5263
f 3244//5264 3236//5264 3237//5264
f 3244//5265 3237//5265 3245//5265
f 3245//5266 3237//5266 3238//5266
f 3245//5267 3238//5267 3246//5267
f 3246//5268 3238//5268 3239//5268
f 3246//5269 3239//5269 3247//5269
f 3247//5270 3239//5270 2842//5270
f 3247//5271 2842//5271 2843//5271
f 2888//5272 3248//5272 2892//5272
f 3248//5273 3249//5273 2892//5273
f 2892//5274 3249//5274 3250//5274
f 2892//5275 3250//5275 2894//5275
f 2622//5276 2927//5276 2801//5276
f 2801//5277 2927//5277 2925//5277
f 2801//5278 2925//5278 2923//5278
f 2923//5279 2921//5279 2801//5279
f 2801//5280 2921//5280 2919//5280
f 2801//5281 2919//5281 3187//5281
f 3187//5282 2919//5282 2917//5282
f 2917//5283 2915//5283 3187//5283
f 3187//5284 2915//5284 2913//5284
f 3187//5285 2913//5285 2911//5285
f 2911//5286 2909//5286 3187//5286
f 3187//5287 2909//5287 2907//5287
f 3187//5288 2907//5288 2905//5288
f 2905//5289 2903//5289 3187//5289
f 3187//5290 2903//5290 2901//5290
f 3187//5291 2901//5291 2899//5291
f 3182//5292 3249//5292 3251//5292
f 3251//5293 3249//5293 3248//5293
f 3251//5294 3248//5294 3252//5294
f 3252//5295 3248//5295 2888//5295
f 3252//5296 2888//5296 2887//5296
f 2899//5297 2898//5297 3187//5297
f 3187//5298 2898//5298 2896//5298
f 3187//5299 2896//5299 3186//5299
f 3186//5300 2896//5300 2894//5300
f 3186//5301 2894//5301 3185//5301
f 3185//5302 2894//5302 3250//5302
f 3185//5303 3250//5303 3184//5303
f 3184//5304 3250//5304 3249//5304
f 3184//5305 3249//5305 3183//5305
f 3183//5306 3249//5306 3182//5306
f 2242//481 284//481 323//481
f 323//481 284//481 288//481
f 3253//5307 3254//5307 3028//5307
f 3028//5308 3254//5308 3255//5308
f 3255//5309 3256//5309 3028//5309
f 3028//5310 3256//5310 3257//5310
f 3028//5311 3257//5311 3258//5311
f 3258//5312 3259//5312 3028//5312
f 3028//5313 3259//5313 3260//5313
f 3028//5314 3260//5314 3261//5314
f 3261//5315 3260//5315 3262//5315
f 3261//5316 3262//5316 3263//5316
f 3264//5317 3265//5317 3266//5317
f 3266//5318 3265//5318 3267//5318
f 3268//5319 3269//5319 3270//5319
f 3268//5320 3270//5320 3271//5320
f 3272//5321 3273//5321 3274//5321
f 3275//5322 3261//5322 3263//5322
f 3276//5323 3038//5323 3275//5323
f 3275//5324 3038//5324 3036//5324
f 3275//5325 3036//5325 3261//5325
f 3261//5326 3036//5326 3029//5326
f 3261//5327 3029//5327 3028//5327
f 3046//5328 3044//5328 3277//5328
f 3277//5329 3044//5329 3042//5329
f 3277//5330 3042//5330 3276//5330
f 3276//5331 3042//5331 3040//5331
f 3276//5332 3040//5332 3038//5332
f 3046//5333 3277//5333 3048//5333
f 3048//5334 3277//5334 3278//5334
f 3048//5335 3278//5335 3050//5335
f 3050//5336 3278//5336 3279//5336
f 3050//5337 3279//5337 3052//5337
f 2972//5338 2971//5338 3279//5338
f 3279//5339 2971//5339 3054//5339
f 3279//5340 3054//5340 3052//5340
f 3280//5341 3010//5341 2982//5341
f 2977//5342 2976//5342 2980//5342
f 2980//5343 2976//5343 3280//5343
f 2980//5344 3280//5344 2981//5344
f 2981//5345 3280//5345 2982//5345
f 3010//5346 3280//5346 3007//5346
f 3007//5347 3280//5347 3281//5347
f 3007//5348 3281//5348 3005//5348
f 3005//5349 3281//5349 3116//5349
f 3116//5350 3281//5350 3282//5350
f 3116//5351 3282//5351 3118//5351
f 3118//5352 3282//5352 3120//5352
f 3120//5353 3282//5353 3283//5353
f 3120//5354 3283//5354 3122//5354
f 3122//5355 3283//5355 3267//5355
f 3122//5356 3267//5356 3124//5356
f 3124//5357 3267//5357 3126//5357
f 3126//5358 3267//5358 3265//5358
f 3126//5359 3265//5359 3128//5359
f 3263//5360 3273//5360 3275//5360
f 3275//5361 3273//5361 3272//5361
f 3275//5362 3272//5362 3276//5362
f 3276//5362 3272//5362 3284//5362
f 3276//5363 3284//5363 3277//5363
f 3277//5363 3284//5363 3285//5363
f 3277//5364 3285//5364 3278//5364
f 3278//5364 3285//5364 3286//5364
f 3278//5365 3286//5365 3279//5365
f 3279//5365 3286//5365 3287//5365
f 3279//5366 3287//5366 2972//5366
f 2972//5366 3287//5366 2973//5366
f 3274//5367 3288//5367 3272//5367
f 3272//5368 3288//5368 3289//5368
f 3272//5369 3289//5369 3284//5369
f 3284//5369 3289//5369 3290//5369
f 3284//5370 3290//5370 3285//5370
f 3285//5370 3290//5370 3291//5370
f 3285//5371 3291//5371 3286//5371
f 3286//5371 3291//5371 3292//5371
f 3286//5372 3292//5372 3287//5372
f 3287//5372 3292//5372 3293//5372
f 3287//5373 3293//5373 2973//5373
f 2973//5373 3293//5373 2974//5373
f 3288//5374 3271//5374 3289//5374
f 3289//5375 3271//5375 3270//5375
f 3289//5376 3270//5376 3290//5376
f 3290//5376 3270//5376 3294//5376
f 3290//5377 3294//5377 3291//5377
f 3291//5377 3294//5377 3295//5377
f 3291//5378 3295//5378 3292//5378
f 3292//5378 3295//5378 3296//5378
f 3292//5379 3296//5379 3293//5379
f 3293//5379 3296//5379 3297//5379
f 3293//5380 3297//5380 2974//5380
f 2974//5380 3297//5380 2975//5380
f 3269//5381 3266//5381 3270//5381
f 3270//5382 3266//5382 3267//5382
f 3270//5383 3267//5383 3294//5383
f 3294//5384 3267//5384 3283//5384
f 3294//5385 3283//5385 3295//5385
f 3295//5385 3283//5385 3282//5385
f 3295//5386 3282//5386 3296//5386
f 3296//5386 3282//5386 3281//5386
f 3296//5387 3281//5387 3297//5387
f 3297//5387 3281//5387 3280//5387
f 3297//5388 3280//5388 2975//5388
f 2975//5388 3280//5388 2976//5388
f 3264//5389 3298//5389 3265//5389
f 3265//5390 3298//5390 3299//5390
f 3300//5391 3301//5391 3265//5391
f 3299//5392 3302//5392 3265//5392
f 3265//5393 3302//5393 3303//5393
f 3265//5394 3303//5394 3300//5394
f 3304//5395 3128//5395 3305//5395
f 3305//5396 3128//5396 3265//5396
f 3305//5397 3265//5397 3306//5397
f 3306//5398 3265//5398 3301//5398
f 3253//5399 3028//5399 3307//5399
f 3307//5400 3028//5400 3027//5400
f 3307//4099 3027//4099 3308//4099
f 3308//5401 3027//5401 3309//5401
f 3309//5402 3027//5402 3030//5402
f 3309//5403 3030//5403 3310//5403
f 3310//5404 3030//5404 3032//5404
f 3310//5405 3032//5405 3311//5405
f 3311//5406 3032//5406 3034//5406
f 3311//513 3034//513 3312//513
f 3313//391 3314//391 3315//391
f 3315//391 3314//391 3316//391
f 3315//391 3316//391 3317//391
f 2723//391 2812//391 2830//391
f 3318//391 3020//391 3319//391
f 3319//391 3020//391 3019//391
f 3319//391 3019//391 3320//391
f 2830//391 3018//391 2723//391
f 2723//391 3018//391 3016//391
f 2723//391 3016//391 3019//391
f 3019//391 3016//391 3015//391
f 3019//391 3015//391 3320//391
f 3320//391 3015//391 3172//391
f 3320//391 3172//391 3171//391
f 3083//391 3084//391 3318//391
f 3318//391 3084//391 3085//391
f 3318//391 3085//391 3020//391
f 3321//391 3312//391 3081//391
f 3081//391 3312//391 3034//391
f 3081//5407 3034//5407 3080//5407
f 3080//391 3034//391 3075//391
f 3080//391 3075//391 3079//391
f 3321//391 3081//391 3318//391
f 3318//391 3081//391 3082//391
f 3318//391 3082//391 3083//391
f 3322//391 3323//391 3324//391
f 3324//391 3325//391 3322//391
f 3322//391 3325//391 3320//391
f 3322//391 3320//391 3317//391
f 3317//391 3320//391 3171//391
f 3317//391 3171//391 3315//391
f 3076//391 3077//391 3075//391
f 3075//391 3077//391 3078//391
f 3075//391 3078//391 3079//391
f 274//3679 2359//3679 2358//3679
f 274//5408 2358//5408 275//5408
f 267//5409 266//5409 298//5409
f 2800//5410 267//5410 3089//5410
f 3089//5411 267//5411 298//5411
f 3089//5412 298//5412 3088//5412
f 3088//5413 298//5413 300//5413
f 3088//5414 300//5414 3091//5414
f 3091//5415 300//5415 309//5415
f 3091//5416 309//5416 308//5416
f 308//5417 275//5417 3091//5417
f 3091//5418 275//5418 2358//5418
f 3091//5419 2358//5419 3094//5419
f 3094//5420 2358//5420 2360//5420
f 2363//5421 3101//5421 2362//5421
f 2362//5422 3101//5422 3099//5422
f 2362//3686 3099//3686 2361//3686
f 2361//5423 3099//5423 3097//5423
f 2361//5424 3097//5424 2360//5424
f 2360//5425 3097//5425 3095//5425
f 2360//5426 3095//5426 3094//5426
f 2365//3692 2401//3692 2364//3692
f 2364//5427 2401//5427 3104//5427
f 2364//5428 3104//5428 2363//5428
f 2363//5429 3104//5429 3103//5429
f 2363//5430 3103//5430 3101//5430
f 3326//5431 3327//5431 3135//5431
f 3135//5432 3327//5432 3328//5432
f 3135//5433 3328//5433 3141//5433
f 3141//5434 3328//5434 3329//5434
f 3141//5435 3329//5435 3147//5435
f 3326//5436 3135//5436 3330//5436
f 3330//5437 3135//5437 3129//5437
f 3330//5438 3129//5438 3331//5438
f 3331//5439 3129//5439 3128//5439
f 3331//5440 3128//5440 3304//5440
f 258//382 257//382 3332//382
f 3332//382 257//382 3115//382
f 3332//382 3115//382 3333//382
f 3334//382 3144//382 3145//382
f 3115//382 3114//382 3333//382
f 3333//382 3114//382 3142//382
f 3333//382 3142//382 3334//382
f 3334//382 3142//382 3143//382
f 3334//382 3143//382 3144//382
f 3145//382 3146//382 3334//382
f 3334//382 3146//382 3147//382
f 3334//382 3147//382 3329//382
f 3335//5441 3313//5441 3336//5441
f 3336//5442 3313//5442 3315//5442
f 3337//5443 3335//5443 3336//5443
f 3337//5444 3336//5444 3338//5444
f 3338//5445 3336//5445 3339//5445
f 3339//5446 3336//5446 3340//5446
f 3171//5447 3341//5447 3342//5447
f 3342//5448 3343//5448 3171//5448
f 3171//5449 3343//5449 3344//5449
f 3171//5450 3344//5450 3345//5450
f 3345//5451 3340//5451 3171//5451
f 3171//5452 3340//5452 3336//5452
f 3171//5453 3336//5453 3315//5453
f 3170//5454 3174//5454 3346//5454
f 3346//5455 3347//5455 3170//5455
f 3170//5456 3347//5456 3348//5456
f 3170//5457 3348//5457 3171//5457
f 3171//5458 3348//5458 3349//5458
f 3171//5459 3349//5459 3341//5459
f 3174//300 92//300 91//300
f 91//300 99//300 3174//300
f 3174//299 99//299 98//299
f 3174//300 98//300 3346//300
f 3350//5460 3351//5460 3148//5460
f 3148//5461 3351//5461 3157//5461
f 3148//5462 3157//5462 2820//5462
f 3179//5463 3176//5463 3189//5463
f 3189//5464 3176//5464 3352//5464
f 3189//5465 3352//5465 3188//5465
f 3188//5466 3352//5466 3350//5466
f 3188//5467 3350//5467 3152//5467
f 3152//5468 3350//5468 3148//5468
f 3174//5469 3173//5469 92//5469
f 92//5470 3173//5470 3169//5470
f 92//5471 3169//5471 104//5471
f 104//5472 3169//5472 3168//5472
f 104//5473 3168//5473 113//5473
f 3168//5474 3167//5474 113//5474
f 113//5475 3167//5475 3166//5475
f 113//5476 3166//5476 3353//5476
f 3353//5477 3166//5477 3159//5477
f 3353//5478 3159//5478 3351//5478
f 3351//5479 3159//5479 3158//5479
f 3351//5480 3158//5480 3157//5480
f 3211//5481 412//5481 413//5481
f 222//5482 229//5482 413//5482
f 413//5483 229//5483 3212//5483
f 413//5484 3212//5484 3211//5484
f 3203//5485 415//5485 414//5485
f 412//5486 3211//5486 414//5486
f 414//5487 3211//5487 3204//5487
f 414//5488 3204//5488 3203//5488
f 3219//5489 3223//5489 410//5489
f 410//5490 3223//5490 392//5490
f 3219//5491 410//5491 3203//5491
f 3203//5492 410//5492 409//5492
f 3203//5493 409//5493 415//5493
f 3196//5494 3155//5494 2815//5494
f 3241//5494 3242//5494 392//5494
f 3251//5494 3252//5494 3223//5494
f 3223//5494 3252//5494 2887//5494
f 3223//5494 2887//5494 392//5494
f 392//5494 2887//5494 3240//5494
f 392//5494 3240//5494 3241//5494
f 3251//5494 3223//5494 3182//5494
f 3182//5494 3223//5494 3222//5494
f 3182//5494 3222//5494 3221//5494
f 3221//5494 3220//5494 3182//5494
f 3182//5494 3220//5494 3198//5494
f 3182//5494 3198//5494 2815//5494
f 2815//5494 3198//5494 3197//5494
f 2815//5494 3197//5494 3196//5494
f 3242//5494 3243//5494 392//5494
f 392//5494 3243//5494 3244//5494
f 392//5494 3244//5494 3245//5494
f 2843//5495 393//5495 3247//5495
f 3247//5494 393//5494 392//5494
f 3247//5494 392//5494 3246//5494
f 3246//5494 392//5494 3245//5494
f 3346//5496 98//5496 3354//5496
f 3354//5497 98//5497 100//5497
f 72//5498 70//5498 103//5498
f 103//5499 70//5499 3355//5499
f 103//5500 3355//5500 102//5500
f 102//5501 3355//5501 3356//5501
f 102//5502 3356//5502 100//5502
f 100//5503 3356//5503 3357//5503
f 100//5504 3357//5504 3354//5504
f 3358//5505 3359//5505 3354//5505
f 3354//5506 3359//5506 3347//5506
f 3354//5507 3347//5507 3346//5507
f 3355//5508 70//5508 2540//5508
f 3355//5509 2540//5509 3356//5509
f 3356//5510 2540//5510 3358//5510
f 3356//5511 3358//5511 3357//5511
f 3357//5512 3358//5512 3354//5512
f 3360//5513 2554//5513 3361//5513
f 3361//5514 2554//5514 2552//5514
f 2553//5515 2555//5515 3362//5515
f 3362//5516 3363//5516 2553//5516
f 2553//5517 3363//5517 3364//5517
f 2553//5518 3364//5518 2541//5518
f 2541//5519 3364//5519 3358//5519
f 2541//5520 3358//5520 2540//5520
f 3339//5521 3340//5521 3345//5521
f 3338//5522 3339//5522 3365//5522
f 3337//5523 3338//5523 3366//5523
f 2552//5524 3367//5524 3361//5524
f 3361//5525 3367//5525 3368//5525
f 3361//5526 3368//5526 3369//5526
f 3369//5527 3368//5527 3370//5527
f 3369//5528 3370//5528 3371//5528
f 3371//5529 3370//5529 3372//5529
f 3371//5530 3372//5530 3373//5530
f 3373//5531 3372//5531 3335//5531
f 3373//5532 3335//5532 3337//5532
f 3337//5533 3366//5533 3373//5533
f 3373//5534 3366//5534 3374//5534
f 3373//5535 3374//5535 3371//5535
f 3371//5536 3374//5536 3375//5536
f 3371//5537 3375//5537 3369//5537
f 3369//5538 3375//5538 3376//5538
f 3369//5539 3376//5539 3361//5539
f 3361//5540 3376//5540 3362//5540
f 3361//5541 3362//5541 3360//5541
f 3360//5542 3362//5542 2555//5542
f 3360//5543 2555//5543 2554//5543
f 3339//5544 3345//5544 3365//5544
f 3365//5545 3345//5545 3344//5545
f 3365//5546 3344//5546 3377//5546
f 3377//5547 3344//5547 3343//5547
f 3377//5548 3343//5548 3378//5548
f 3378//5549 3343//5549 3342//5549
f 3378//5550 3342//5550 3379//5550
f 3379//5551 3342//5551 3341//5551
f 3379//5552 3341//5552 3380//5552
f 3380//5553 3341//5553 3349//5553
f 3380//5554 3349//5554 3381//5554
f 3381//5555 3349//5555 3348//5555
f 3381//5556 3348//5556 3382//5556
f 3382//5557 3348//5557 3347//5557
f 3382//5558 3347//5558 3359//5558
f 3338//5559 3365//5559 3366//5559
f 3366//5560 3365//5560 3377//5560
f 3366//5561 3377//5561 3374//5561
f 3374//5562 3377//5562 3378//5562
f 3374//5563 3378//5563 3375//5563
f 3375//5564 3378//5564 3379//5564
f 3375//5565 3379//5565 3376//5565
f 3376//5566 3379//5566 3380//5566
f 3376//5567 3380//5567 3362//5567
f 3362//5568 3380//5568 3381//5568
f 3362//5569 3381//5569 3363//5569
f 3363//5570 3381//5570 3382//5570
f 3363//5571 3382//5571 3364//5571
f 3364//5572 3382//5572 3359//5572
f 3364//5573 3359//5573 3358//5573
f 2552//5574 2551//5574 3367//5574
f 3367//5575 2551//5575 2549//5575
f 3367//5576 2549//5576 3383//5576
f 3313//5577 3335//5577 3383//5577
f 3383//5578 3335//5578 3372//5578
f 3372//5579 3370//5579 3383//5579
f 3383//5580 3370//5580 3368//5580
f 3383//5581 3368//5581 3367//5581
f 2543//5582 2542//5582 3384//5582
f 2543//5583 3384//5583 2544//5583
f 2544//5584 3384//5584 3385//5584
f 3385//5585 3384//5585 3386//5585
f 3385//5586 3386//5586 3387//5586
f 3387//5587 3386//5587 3316//5587
f 3387//5588 3316//5588 3314//5588
f 2545//5589 2544//5589 3385//5589
f 2546//5590 3388//5590 2547//5590
f 2547//5591 3388//5591 3389//5591
f 2547//5592 3389//5592 2548//5592
f 3314//5593 3389//5593 3387//5593
f 3387//5594 3389//5594 3388//5594
f 3387//5595 3388//5595 3385//5595
f 3385//5596 3388//5596 2546//5596
f 3385//5597 2546//5597 2545//5597
f 3314//5598 3313//5598 3383//5598
f 3314//5599 3383//5599 3389//5599
f 3389//5600 3383//5600 2549//5600
f 3389//5601 2549//5601 2548//5601
f 3384//5602 2542//5602 2529//5602
f 3317//5603 3316//5603 3386//5603
f 3317//5604 3386//5604 3390//5604
f 3390//5605 3386//5605 3384//5605
f 3390//5606 3384//5606 3391//5606
f 3391//5607 3384//5607 2529//5607
f 3391//5608 2529//5608 2530//5608
f 3312//5609 3392//5609 3393//5609
f 2575//5610 2574//5610 3394//5610
f 2578//5611 2577//5611 3395//5611
f 3395//5612 2577//5612 2576//5612
f 3396//5613 2570//5613 2571//5613
f 2578//5614 3395//5614 2573//5614
f 2573//5615 3395//5615 3397//5615
f 2573//5616 3397//5616 2572//5616
f 2565//5617 2566//5617 3398//5617
f 3398//5618 2566//5618 2567//5618
f 3399//5619 2568//5619 3396//5619
f 3396//5620 2568//5620 2569//5620
f 3396//5621 2569//5621 2570//5621
f 3400//5622 2531//5622 2561//5622
f 3400//5623 2561//5623 3401//5623
f 2561//5624 2562//5624 3401//5624
f 3401//5625 2562//5625 2563//5625
f 3401//5626 2563//5626 3398//5626
f 3398//5627 2563//5627 2564//5627
f 3398//5628 2564//5628 2565//5628
f 3402//5629 3253//5629 3307//5629
f 2575//5630 3394//5630 3403//5630
f 3403//5631 3394//5631 3402//5631
f 3403//5632 3402//5632 3404//5632
f 3402//5633 3307//5633 3404//5633
f 3404//5634 3307//5634 3308//5634
f 3404//5635 3308//5635 3405//5635
f 3405//5636 3397//5636 3404//5636
f 3404//5637 3397//5637 3395//5637
f 3404//5638 3395//5638 3403//5638
f 3403//5639 3395//5639 2576//5639
f 3403//5640 2576//5640 2575//5640
f 3393//5641 3399//5641 3405//5641
f 3405//5642 3399//5642 3396//5642
f 3405//5643 3396//5643 3397//5643
f 3397//5644 3396//5644 2571//5644
f 3397//5645 2571//5645 2572//5645
f 3308//5646 3309//5646 3405//5646
f 3405//5647 3309//5647 3310//5647
f 3405//5648 3310//5648 3393//5648
f 3393//5649 3310//5649 3311//5649
f 3393//5650 3311//5650 3312//5650
f 3406//481 3400//481 3392//481
f 3392//5651 3400//5651 3401//5651
f 3392//5652 3401//5652 3393//5652
f 3393//5653 3401//5653 3398//5653
f 3393//5654 3398//5654 3399//5654
f 3399//5655 3398//5655 2567//5655
f 3399//5656 2567//5656 2568//5656
f 3334//5657 3329//5657 3407//5657
f 3334//5658 3407//5658 3408//5658
f 3408//5659 3407//5659 3409//5659
f 3408//5660 3409//5660 3410//5660
f 2558//5661 2557//5661 3409//5661
f 3409//5662 2557//5662 3411//5662
f 3409//5663 3411//5663 3410//5663
f 3327//5664 3326//5664 3412//5664
f 3330//5665 3331//5665 3413//5665
f 3414//5666 3415//5666 3416//5666
f 3416//5667 3415//5667 3417//5667
f 3418//5668 3419//5668 3420//5668
f 3421//5669 3422//5669 3423//5669
f 3423//5670 3422//5670 3424//5670
f 3425//5671 3426//5671 3427//5671
f 3427//5672 3426//5672 3428//5672
f 3429//5673 3430//5673 3431//5673
f 3431//5674 3430//5674 3432//5674
f 3433//5675 3434//5675 3435//5675
f 3413//5676 3435//5676 3427//5676
f 3427//5677 3435//5677 3434//5677
f 3427//5678 3434//5678 3425//5678
f 3331//5679 3304//5679 3413//5679
f 3413//5680 3304//5680 3436//5680
f 3413//5681 3436//5681 3435//5681
f 3435//5682 3436//5682 3437//5682
f 3435//5683 3437//5683 3433//5683
f 3433//5684 3437//5684 3438//5684
f 3412//5685 3431//5685 3418//5685
f 3418//5686 3431//5686 3432//5686
f 3418//5687 3432//5687 3419//5687
f 3428//5688 3429//5688 3427//5688
f 3427//5689 3429//5689 3431//5689
f 3427//5690 3431//5690 3413//5690
f 3413//5691 3431//5691 3412//5691
f 3413//5692 3412//5692 3330//5692
f 3330//5693 3412//5693 3326//5693
f 3439//5694 3423//5694 3440//5694
f 3440//5695 3423//5695 3424//5695
f 3440//5696 3424//5696 3441//5696
f 3420//5697 3421//5697 3418//5697
f 3418//5698 3421//5698 3423//5698
f 3418//5699 3423//5699 3412//5699
f 3412//5700 3423//5700 3439//5700
f 3412//5701 3439//5701 3327//5701
f 3327//5702 3439//5702 3328//5702
f 3407//5703 3416//5703 3409//5703
f 3409//5704 3416//5704 3417//5704
f 3409//5705 3417//5705 2558//5705
f 3329//5706 3328//5706 3407//5706
f 3407//5707 3328//5707 3439//5707
f 3407//5708 3439//5708 3416//5708
f 3416//5709 3439//5709 3440//5709
f 3416//5710 3440//5710 3414//5710
f 3414//5711 3440//5711 3441//5711
f 3304//5712 3305//5712 3442//5712
f 3304//5713 3442//5713 3436//5713
f 3436//5714 3442//5714 3443//5714
f 3436//5715 3443//5715 3437//5715
f 3437//5716 3443//5716 3444//5716
f 3437//5716 3444//5716 3438//5716
f 3445//5717 3444//5717 3446//5717
f 3446//5718 3444//5718 3443//5718
f 3446//5719 3443//5719 3447//5719
f 3447//5720 3443//5720 3442//5720
f 3447//5721 3442//5721 3306//5721
f 3306//5722 3442//5722 3305//5722
f 3445//5723 3446//5723 3448//5723
f 3445//5724 3448//5724 3449//5724
f 3449//5725 3448//5725 3450//5725
f 3449//5726 3450//5726 3451//5726
f 3451//5727 3450//5727 3452//5727
f 3451//5728 3452//5728 3453//5728
f 3453//5729 3452//5729 3454//5729
f 3453//5730 3454//5730 3455//5730
f 3455//5731 3454//5731 3456//5731
f 3455//5732 3456//5732 3457//5732
f 3447//5733 3306//5733 3301//5733
f 3446//5734 3447//5734 3458//5734
f 3447//5735 3301//5735 3458//5735
f 3458//5736 3301//5736 3300//5736
f 3458//5737 3300//5737 3459//5737
f 3459//5738 3300//5738 3303//5738
f 3459//5739 3303//5739 3460//5739
f 3460//5740 3303//5740 3302//5740
f 3460//5741 3302//5741 3461//5741
f 3461//5742 3302//5742 3299//5742
f 3461//5743 3299//5743 3462//5743
f 3446//5744 3458//5744 3448//5744
f 3448//5745 3458//5745 3459//5745
f 3448//5746 3459//5746 3450//5746
f 3450//5747 3459//5747 3460//5747
f 3450//5748 3460//5748 3452//5748
f 3452//5749 3460//5749 3461//5749
f 3452//5750 3461//5750 3454//5750
f 3454//5751 3461//5751 3462//5751
f 3454//5752 3462//5752 3456//5752
f 3463//5753 3457//5753 3464//5753
f 3464//5754 3457//5754 3456//5754
f 3464//5755 3456//5755 3465//5755
f 3465//5756 3456//5756 3462//5756
f 3465//5757 3462//5757 3298//5757
f 3298//5758 3462//5758 3299//5758
f 3466//5759 3463//5759 3467//5759
f 3467//5760 3463//5760 3464//5760
f 3467//5761 3464//5761 3468//5761
f 3468//5762 3464//5762 3465//5762
f 3468//5763 3465//5763 3264//5763
f 3264//5764 3465//5764 3298//5764
f 3469//5765 3470//5765 3471//5765
f 3471//5766 3470//5766 3472//5766
f 3471//5767 3472//5767 3473//5767
f 3473//5768 3472//5768 3466//5768
f 3473//5769 3466//5769 3467//5769
f 3468//5770 3264//5770 3266//5770
f 3467//5771 3468//5771 3474//5771
f 3468//5772 3266//5772 3474//5772
f 3474//5773 3266//5773 3269//5773
f 3474//5774 3269//5774 3475//5774
f 3475//5775 3269//5775 3268//5775
f 3475//5776 3268//5776 3476//5776
f 3467//5777 3474//5777 3473//5777
f 3473//5778 3474//5778 3475//5778
f 3473//5779 3475//5779 3471//5779
f 3471//5780 3475//5780 3476//5780
f 3471//5781 3476//5781 3469//5781
f 3477//5782 3478//5782 3479//5782
f 3478//5783 3469//5783 3479//5783
f 3479//5784 3469//5784 3476//5784
f 3479//5785 3476//5785 3271//5785
f 3271//5786 3476//5786 3268//5786
f 3271//5787 3288//5787 3479//5787
f 3479//5788 3288//5788 3480//5788
f 3479//5789 3480//5789 3477//5789
f 3477//5790 3480//5790 3481//5790
f 3481//5791 3482//5791 3483//5791
f 3483//5792 3482//5792 3484//5792
f 3483//5793 3484//5793 3485//5793
f 3484//5794 3486//5794 3485//5794
f 3485//5795 3486//5795 3487//5795
f 3485//5796 3487//5796 3488//5796
f 3480//5797 3288//5797 3274//5797
f 3480//5798 3274//5798 3489//5798
f 3489//5799 3274//5799 3273//5799
f 3489//5800 3273//5800 3490//5800
f 3490//5801 3273//5801 3263//5801
f 3490//5802 3263//5802 3491//5802
f 3481//5803 3480//5803 3482//5803
f 3482//5804 3480//5804 3489//5804
f 3482//5805 3489//5805 3484//5805
f 3484//5806 3489//5806 3490//5806
f 3484//5807 3490//5807 3486//5807
f 3486//5808 3490//5808 3491//5808
f 3486//5809 3491//5809 3487//5809
f 3492//5810 3488//5810 3493//5810
f 3493//5811 3488//5811 3487//5811
f 3493//5812 3487//5812 3494//5812
f 3494//5813 3487//5813 3491//5813
f 3494//5814 3491//5814 3262//5814
f 3262//5815 3491//5815 3263//5815
f 3495//5816 3492//5816 3496//5816
f 3496//5817 3492//5817 3493//5817
f 3496//5818 3493//5818 3497//5818
f 3497//5819 3493//5819 3494//5819
f 3497//5820 3494//5820 3260//5820
f 3260//5821 3494//5821 3262//5821
f 3495//5822 3496//5822 3498//5822
f 3495//5823 3498//5823 3499//5823
f 3499//5824 3498//5824 3500//5824
f 3499//5825 3500//5825 3501//5825
f 3501//5826 3500//5826 3502//5826
f 3501//5827 3502//5827 3503//5827
f 3503//5828 3502//5828 3504//5828
f 3503//5829 3504//5829 3505//5829
f 3505//5830 3504//5830 3506//5830
f 3505//5831 3506//5831 3507//5831
f 3497//5832 3260//5832 3259//5832
f 3496//5833 3497//5833 3508//5833
f 3497//5834 3259//5834 3508//5834
f 3508//5835 3259//5835 3258//5835
f 3508//5836 3258//5836 3509//5836
f 3509//5837 3258//5837 3257//5837
f 3509//5838 3257//5838 3510//5838
f 3510//5839 3257//5839 3256//5839
f 3510//5840 3256//5840 3511//5840
f 3511//5841 3256//5841 3255//5841
f 3511//5842 3255//5842 3512//5842
f 3496//5843 3508//5843 3498//5843
f 3498//5844 3508//5844 3509//5844
f 3498//5845 3509//5845 3500//5845
f 3500//5846 3509//5846 3510//5846
f 3500//5847 3510//5847 3502//5847
f 3502//5848 3510//5848 3511//5848
f 3502//5849 3511//5849 3504//5849
f 3504//5850 3511//5850 3512//5850
f 3504//5851 3512//5851 3506//5851
f 2574//5852 3513//5852 3514//5852
f 2574//5852 3514//5852 3394//5852
f 3394//5853 3514//5853 3515//5853
f 3394//5854 3515//5854 3402//5854
f 3402//5855 3515//5855 3254//5855
f 3402//5856 3254//5856 3253//5856
f 3255//5857 3254//5857 3512//5857
f 3512//5858 3254//5858 3515//5858
f 3512//5859 3515//5859 3506//5859
f 3506//5860 3515//5860 3514//5860
f 3506//5861 3514//5861 3507//5861
f 3507//5861 3514//5861 3513//5861
f 2532//5862 2531//5862 3516//5862
f 3516//5863 2531//5863 3400//5863
f 3516//5864 3400//5864 3517//5864
f 3517//5865 3400//5865 3406//5865
f 3517//5866 3406//5866 3518//5866
f 3518//5867 3406//5867 3392//5867
f 3518//5868 3392//5868 3321//5868
f 3321//5869 3392//5869 3312//5869
f 3321//5870 3318//5870 3518//5870
f 3518//5871 3318//5871 3519//5871
f 2533//5872 2532//5872 3520//5872
f 3520//5872 2532//5872 3516//5872
f 3520//5873 3516//5873 3519//5873
f 3519//5874 3516//5874 3517//5874
f 3519//5875 3517//5875 3518//5875
f 3318//5876 3319//5876 3519//5876
f 3519//5877 3319//5877 3521//5877
f 3519//5878 3521//5878 3520//5878
f 3520//5879 3521//5879 3522//5879
f 3520//5880 3522//5880 2533//5880
f 2533//5881 3522//5881 2534//5881
f 3319//5882 3320//5882 3521//5882
f 3521//5883 3320//5883 3523//5883
f 3521//5884 3523//5884 3522//5884
f 3522//5885 3523//5885 3524//5885
f 3522//5886 3524//5886 2534//5886
f 2534//5886 3524//5886 2535//5886
f 3320//5887 3325//5887 3525//5887
f 3320//5887 3525//5887 3523//5887
f 3523//5888 3525//5888 3526//5888
f 3523//5889 3526//5889 3524//5889
f 3524//5890 3526//5890 2536//5890
f 3524//5891 2536//5891 2535//5891
f 2539//5892 2538//5892 3527//5892
f 3527//5872 2538//5872 3528//5872
f 3527//5873 3528//5873 3529//5873
f 3529//5873 3528//5873 3530//5873
f 3529//5870 3530//5870 3322//5870
f 3322//5870 3530//5870 3323//5870
f 2538//5893 2537//5893 3528//5893
f 3528//5894 2537//5894 3531//5894
f 3528//5895 3531//5895 3530//5895
f 3530//5878 3531//5878 3532//5878
f 3530//5877 3532//5877 3323//5877
f 3323//5876 3532//5876 3324//5876
f 2537//5896 2536//5896 3531//5896
f 3531//5897 2536//5897 3526//5897
f 3531//5898 3526//5898 3532//5898
f 3532//5885 3526//5885 3525//5885
f 3532//5899 3525//5899 3324//5899
f 3324//5883 3525//5883 3325//5883
f 3533//5900 3411//5900 2557//5900
f 3334//5901 3408//5901 3534//5901
f 3534//5902 3408//5902 3410//5902
f 3334//5901 3534//5901 3333//5901
f 3333//5903 3534//5903 3535//5903
f 3333//5903 3535//5903 3332//5903
f 2560//5904 2559//5904 3536//5904
f 2557//5900 2556//5900 3533//5900
f 3533//5905 2556//5905 2560//5905
f 3533//5906 2560//5906 3537//5906
f 3537//5907 2560//5907 3536//5907
f 3537//5908 3536//5908 3538//5908
f 258//5909 3332//5909 3538//5909
f 3538//5910 3332//5910 3535//5910
f 3538//5911 3535//5911 3537//5911
f 3537//5912 3535//5912 3534//5912
f 3537//5913 3534//5913 3533//5913
f 3533//5914 3534//5914 3410//5914
f 3533//5915 3410//5915 3411//5915
f 3539//5916 260//5916 258//5916
f 255//5917 256//5917 3540//5917
f 2559//5918 255//5918 3536//5918
f 3536//5919 255//5919 3540//5919
f 3536//5920 3540//5920 3538//5920
f 258//5921 3538//5921 3539//5921
f 3539//5922 3538//5922 3540//5922
f 3539//5923 3540//5923 3541//5923
f 3541//5924 3540//5924 256//5924
f 3541//5925 256//5925 254//5925
f 261//5926 260//5926 3542//5926
f 3542//5927 260//5927 3539//5927
f 3542//5928 3539//5928 3543//5928
f 3543//5929 3539//5929 3541//5929
f 261//5930 3542//5930 264//5930
f 264//5931 3542//5931 293//5931
f 254//5932 253//5932 3541//5932
f 3541//5933 253//5933 293//5933
f 3541//5934 293//5934 3543//5934
f 3543//5935 293//5935 3542//5935
f 3322//5604 3317//5604 3390//5604
f 3322//5604 3390//5604 3529//5604
f 3529//5606 3390//5606 3391//5606
f 3529//5606 3391//5606 3527//5606
f 3527//5608 3391//5608 2530//5608
f 3527//5608 2530//5608 2539//5608
f 2574//5307 2183//5307 3513//5307
f 3513//5936 2183//5936 341//5936
f 3513//5937 341//5937 3507//5937
f 3507//5938 341//5938 340//5938
f 3507//5939 340//5939 3505//5939
f 3505//5940 340//5940 2138//5940
f 3505//5941 2138//5941 3503//5941
f 3503//5942 2138//5942 2140//5942
f 3503//5943 2140//5943 3501//5943
f 2140//5944 2141//5944 3501//5944
f 3501//5945 2141//5945 2143//5945
f 3501//5946 2143//5946 3499//5946
f 3499//5947 2143//5947 2144//5947
f 3499//5948 2144//5948 3495//5948
f 3495//5949 2144//5949 2109//5949
f 3495//5950 2109//5950 3492//5950
f 3492//5951 2109//5951 2111//5951
f 3492//5952 2111//5952 3488//5952
f 3488//5953 2111//5953 2112//5953
f 3488//5954 2112//5954 3485//5954
f 3485//5955 2112//5955 2113//5955
f 3485//5956 2113//5956 3483//5956
f 3483//5957 2113//5957 2114//5957
f 3483//5958 2114//5958 3481//5958
f 3481//5959 2114//5959 2115//5959
f 3481//5960 2115//5960 3477//5960
f 3477//5961 2115//5961 2240//5961
f 3477//5962 2240//5962 3478//5962
f 3478//5963 2240//5963 2119//5963
f 3472//5964 3470//5964 2119//5964
f 2119//5965 3470//5965 3469//5965
f 2119//5966 3469//5966 3478//5966
f 2119//5967 2123//5967 3472//5967
f 3472//5968 2123//5968 2124//5968
f 3472//5969 2124//5969 3466//5969
f 2124//5970 2126//5970 3466//5970
f 3466//5971 2126//5971 2125//5971
f 3466//5972 2125//5972 3463//5972
f 3463//5973 2125//5973 2120//5973
f 3463//5974 2120//5974 3457//5974
f 3457//5975 2120//5975 2122//5975
f 3457//5976 2122//5976 3455//5976
f 3455//5977 2122//5977 2156//5977
f 3455//5978 2156//5978 3453//5978
f 3453//5979 2156//5979 2158//5979
f 3453//5980 2158//5980 3451//5980
f 2216//5981 3438//5981 347//5981
f 347//5982 3438//5982 3444//5982
f 347//5983 3444//5983 348//5983
f 348//5984 3444//5984 3445//5984
f 348//5985 3445//5985 2162//5985
f 2162//5986 3445//5986 3449//5986
f 2162//5987 3449//5987 2161//5987
f 2161//5988 3449//5988 3451//5988
f 2161//5989 3451//5989 2159//5989
f 2159//5990 3451//5990 2158//5990
f 2238//5991 2237//5991 3426//5991
f 3438//5992 2216//5992 3433//5992
f 3433//5993 2216//5993 2215//5993
f 3433//5994 2215//5994 3434//5994
f 3434//5995 2215//5995 2238//5995
f 3434//5996 2238//5996 3425//5996
f 3425//5997 2238//5997 3426//5997
f 2234//5998 3432//5998 2235//5998
f 2235//5999 3432//5999 3430//5999
f 2235//6000 3430//6000 2236//6000
f 2236//6001 3430//6001 3429//6001
f 2236//6002 3429//6002 2237//6002
f 2237//6003 3429//6003 3428//6003
f 2237//5438 3428//5438 3426//5438
f 2232//6004 3421//6004 2233//6004
f 2233//6005 3421//6005 3420//6005
f 2233//6006 3420//6006 2234//6006
f 2234//6007 3420//6007 3419//6007
f 2234//6008 3419//6008 3432//6008
f 2558//6009 3417//6009 1473//6009
f 1473//6010 3417//6010 3415//6010
f 1473//6011 3415//6011 1474//6011
f 1474//6012 3415//6012 3414//6012
f 1474//6013 3414//6013 2230//6013
f 2230//6014 3414//6014 3441//6014
f 2230//6015 3441//6015 2231//6015
f 2231//6016 3441//6016 3424//6016
f 2231//6017 3424//6017 2232//6017
f 2232//6018 3424//6018 3422//6018
f 2232//6019 3422//6019 3421//6019
f 302//6020 304//6020 315//6020
f 315//6020 304//6020 295//6020
f 310//6020 265//6020 315//6020
f 315//6020 265//6020 263//6020
f 263//6021 292//6021 290//6021
f 250//6022 315//6022 252//6022
f 252//6020 315//6020 263//6020
f 252//6023 263//6023 289//6023
f 289//6024 263//6024 290//6024
f 295//6020 294//6020 315//6020
f 315//6020 294//6020 299//6020
f 315//6020 299//6020 310//6020
f 285//481 270//481 315//481
f 315//6025 270//6025 269//6025
f 301//481 302//481 269//481
f 269//481 302//481 315//481
f 80//6026 3544//6026 142//6026
f 142//6027 3544//6027 3545//6027
f 142//6028 3545//6028 6//6028
f 65//6029 3546//6029 67//6029
f 67//6030 3546//6030 3544//6030
f 67//6031 3544//6031 79//6031
f 79//6032 3544//6032 80//6032
f 95//576 94//576 3546//576
f 65//576 77//576 3546//576
f 3546//576 77//576 97//576
f 3546//576 97//576 95//576
f 114//6033 113//6033 3545//6033
f 114//6034 3545//6034 115//6034
f 111//6035 110//6035 3544//6035
f 3544//6036 110//6036 109//6036
f 3544//6037 109//6037 3545//6037
f 3545//6038 109//6038 116//6038
f 3545//6039 116//6039 115//6039
f 94//6040 84//6040 3546//6040
f 3546//6037 84//6037 82//6037
f 3546//6035 82//6035 3544//6035
f 3544//6036 82//6036 112//6036
f 3544//6036 112//6036 111//6036
f 3351//6041 4//6041 6//6041
f 3545//6042 113//6042 6//6042
f 6//6043 113//6043 3353//6043
f 6//6044 3353//6044 3351//6044
f 18//6045 17//6045 3352//6045
f 4//6046 3351//6046 17//6046
f 17//6047 3351//6047 3350//6047
f 17//6048 3350//6048 3352//6048
f 3176//6049 7//6049 3352//6049
f 3352//6050 7//6050 15//6050
f 15//6051 13//6051 3352//6051
f 3352//6052 13//6052 11//6052
f 3352//6053 11//6053 18//6053
f 3547//6054 3548//6054 3549//6054
f 3549//6054 3548//6054 3550//6054
f 3551//400 3552//400 3553//400
f 3553//400 3552//400 3554//400
f 3551//6055 3553//6055 3555//6055
f 3555//6055 3553//6055 3556//6055
f 3555//6056 3556//6056 3557//6056
f 3557//6056 3556//6056 3558//6056
f 3557//6057 3558//6057 3559//6057
f 3559//6057 3558//6057 3560//6057
f 3559//6058 3560//6058 3561//6058
f 3561//6058 3560//6058 3562//6058
f 3562//576 3560//576 3558//576
f 3549//576 3550//576 3554//576
f 3554//576 3550//576 3562//576
f 3554//576 3562//576 3553//576
f 3553//576 3562//576 3558//576
f 3553//576 3558//576 3556//576
f 3561//391 3562//391 3548//391
f 3548//391 3562//391 3550//391
f 3551//390 3561//390 3552//390
f 3552//390 3561//390 3548//390
f 3552//390 3548//390 3547//390
f 3551//390 3555//390 3561//390
f 3561//390 3555//390 3557//390
f 3561//390 3557//390 3559//390
f 3547//6059 3549//6059 3552//6059
f 3552//6059 3549//6059 3554//6059
f 3563//576 3564//576 3565//576
f 3566//576 3567//576 3568//576
f 3569//576 3570//576 3571//576
f 3564//576 3572//576 3565//576
f 3565//576 3572//576 3573//576
f 3565//576 3573//576 3574//576
f 3575//576 3576//576 3577//576
f 3578//576 3579//576 3565//576
f 3565//576 3579//576 3569//576
f 3565//576 3569//576 3563//576
f 3563//576 3569//576 3571//576
f 3563//576 3571//576 3580//576
f 3581//576 3566//576 3578//576
f 3578//576 3566//576 3568//576
f 3578//576 3568//576 3579//576
f 3579//576 3568//576 3575//576
f 3579//576 3575//576 3582//576
f 3582//576 3575//576 3577//576
f 3583//390 3584//390 3585//390
f 3585//390 3584//390 3586//390
f 3587//390 3588//390 3589//390
f 3590//390 3591//390 3592//390
f 3592//390 3591//390 3593//390
f 3594//390 3584//390 3593//390
f 3593//390 3584//390 3583//390
f 3593//390 3583//390 3592//390
f 3595//390 3587//390 3586//390
f 3586//390 3587//390 3589//390
f 3586//390 3589//390 3585//390
f 3585//390 3589//390 3596//390
f 3594//390 3597//390 3584//390
f 3584//390 3597//390 3598//390
f 3584//390 3598//390 3599//390
f 3596//390 3600//390 3585//390
f 3585//390 3600//390 3601//390
f 3585//390 3601//390 3602//390
f 3583//382 3585//382 3579//382
f 3579//382 3585//382 3569//382
f 3583//6060 3579//6060 3592//6060
f 3592//6060 3579//6060 3582//6060
f 3592//6061 3582//6061 3590//6061
f 3590//6061 3582//6061 3577//6061
f 3590//6062 3577//6062 3591//6062
f 3591//6062 3577//6062 3576//6062
f 3591//6063 3576//6063 3593//6063
f 3593//6063 3576//6063 3575//6063
f 3596//6064 3563//6064 3600//6064
f 3600//6064 3563//6064 3580//6064
f 3600//6065 3580//6065 3601//6065
f 3601//6065 3580//6065 3571//6065
f 3601//6066 3571//6066 3602//6066
f 3602//6066 3571//6066 3570//6066
f 3602//6067 3570//6067 3585//6067
f 3585//6067 3570//6067 3569//6067
f 3586//391 3584//391 3565//391
f 3565//391 3584//391 3578//391
f 3586//6068 3565//6068 3595//6068
f 3595//6068 3565//6068 3574//6068
f 3595//6069 3574//6069 3587//6069
f 3587//6069 3574//6069 3573//6069
f 3587//6070 3573//6070 3588//6070
f 3588//6070 3573//6070 3572//6070
f 3588//6071 3572//6071 3589//6071
f 3589//6071 3572//6071 3564//6071
f 3594//6055 3568//6055 3597//6055
f 3597//6055 3568//6055 3567//6055
f 3597//6056 3567//6056 3598//6056
f 3598//6056 3567//6056 3566//6056
f 3598//6057 3566//6057 3599//6057
f 3599//6057 3566//6057 3581//6057
f 3599//6058 3581//6058 3584//6058
f 3584//6058 3581//6058 3578//6058
f 3594//400 3593//400 3568//400
f 3568//400 3593//400 3575//400
f 3563//481 3596//481 3564//481
f 3564//481 3596//481 3589//481
f 3603//576 3604//576 3605//576
f 3605//576 3604//576 3606//576
f 3605//576 3606//576 3607//576
f 3608//576 3609//576 3605//576
f 3605//576 3609//576 3610//576
f 3605//576 3610//576 3603//576
f 3611//576 3612//576 3605//576
f 3605//576 3612//576 3613//576
f 3605//576 3613//576 3608//576
f 3607//576 3614//576 3605//576
f 3605//576 3614//576 3615//576
f 3605//576 3615//576 3611//576
f 3616//6072 3617//6072 3618//6072
f 3619//6073 3617//6073 3616//6073
f 3616//6074 3620//6074 3621//6074
f 3622//6075 3620//6075 3616//6075
f 3618//6076 3622//6076 3616//6076
f 3616//6077 3623//6077 3624//6077
f 3625//6078 3623//6078 3616//6078
f 3621//6079 3625//6079 3616//6079
f 3616//6080 3626//6080 3627//6080
f 3628//6081 3626//6081 3616//6081
f 3624//6082 3628//6082 3616//6082
f 3627//6083 3619//6083 3616//6083
f 3619//507 3606//507 3617//507
f 3617//507 3606//507 3604//507
f 3617//508 3604//508 3618//508
f 3618//508 3604//508 3603//508
f 3618//509 3603//509 3622//509
f 3622//509 3603//509 3610//509
f 3622//510 3610//510 3620//510
f 3620//510 3610//510 3609//510
f 3620//511 3609//511 3621//511
f 3621//511 3609//511 3608//511
f 3621//512 3608//512 3625//512
f 3625//512 3608//512 3613//512
f 3625//513 3613//513 3623//513
f 3623//513 3613//513 3612//513
f 3623//514 3612//514 3624//514
f 3624//514 3612//514 3611//514
f 3624//515 3611//515 3628//515
f 3628//515 3611//515 3615//515
f 3628//516 3615//516 3626//516
f 3626//516 3615//516 3614//516
f 3626//517 3614//517 3627//517
f 3627//517 3614//517 3607//517
f 3627//518 3607//518 3619//518
f 3619//518 3607//518 3606//518
f 3629//576 3630//576 3631//576
f 3631//576 3630//576 3632//576
f 3631//576 3632//576 3633//576
f 3634//576 3635//576 3636//576
f 3636//576 3635//576 3631//576
f 3636//576 3631//576 3637//576
f 3637//576 3631//576 3633//576
f 3637//576 3633//576 3638//576
f 3639//2049 3640//2049 3641//2049
f 3641//2049 3642//2049 3639//2049
f 3639//2049 3642//2049 3643//2049
f 3639//2049 3643//2049 3644//2049
f 3645//2049 3646//2049 3647//2049
f 3647//2049 3646//2049 3648//2049
f 3647//2049 3648//2049 3649//2049
f 3645//2049 3650//2049 3646//2049
f 3646//6084 3650//6084 3651//6084
f 3646//6085 3651//6085 3652//6085
f 3652//2049 3653//2049 3646//2049
f 3646//2049 3653//2049 3639//2049
f 3646//2049 3639//2049 3654//2049
f 3654//2049 3639//2049 3644//2049
f 3655//6086 3640//6086 3639//6086
f 3649//6087 3656//6087 3647//6087
f 3647//6088 3656//6088 3657//6088
f 3647//6089 3657//6089 3645//6089
f 3657//6090 3658//6090 3645//6090
f 3645//6091 3658//6091 3659//6091
f 3645//6092 3659//6092 3650//6092
f 3650//6093 3659//6093 3660//6093
f 3660//6094 3661//6094 3650//6094
f 3650//6095 3661//6095 3662//6095
f 3650//6096 3662//6096 3651//6096
f 3651//6097 3662//6097 3663//6097
f 3651//6098 3663//6098 3652//6098
f 3652//6099 3663//6099 3664//6099
f 3652//6100 3664//6100 3653//6100
f 3664//6101 3665//6101 3653//6101
f 3653//6102 3665//6102 3666//6102
f 3653//6103 3666//6103 3639//6103
f 3639//6104 3666//6104 3667//6104
f 3639//6105 3667//6105 3655//6105
f 3668//6106 3634//6106 3636//6106
f 3640//6107 3638//6107 3641//6107
f 3641//516 3638//516 3633//516
f 3641//517 3633//517 3632//517
f 3644//6108 3643//6108 3632//6108
f 3632//6109 3643//6109 3642//6109
f 3632//517 3642//517 3641//517
f 3630//6110 3629//6110 3669//6110
f 3632//518 3630//518 3644//518
f 3644//6110 3630//6110 3669//6110
f 3644//6111 3669//6111 3654//6111
f 3654//6112 3669//6112 3670//6112
f 3654//6113 3670//6113 3646//6113
f 3646//508 3670//508 3671//508
f 3672//6114 3649//6114 3671//6114
f 3671//6115 3649//6115 3648//6115
f 3671//508 3648//508 3646//508
f 3673//6116 3674//6116 3675//6116
f 3676//6117 3661//6117 3675//6117
f 3675//6118 3661//6118 3660//6118
f 3675//6119 3660//6119 3673//6119
f 3673//6120 3660//6120 3659//6120
f 3673//6121 3659//6121 3677//6121
f 3659//6122 3658//6122 3677//6122
f 3677//6123 3658//6123 3657//6123
f 3677//6124 3657//6124 3672//6124
f 3672//6125 3657//6125 3656//6125
f 3672//6126 3656//6126 3649//6126
f 3637//6127 3665//6127 3636//6127
f 3636//6128 3665//6128 3664//6128
f 3636//6106 3664//6106 3668//6106
f 3668//6129 3664//6129 3663//6129
f 3668//6130 3663//6130 3676//6130
f 3676//6131 3663//6131 3662//6131
f 3676//6132 3662//6132 3661//6132
f 3640//6133 3655//6133 3638//6133
f 3638//6134 3655//6134 3667//6134
f 3638//6135 3667//6135 3637//6135
f 3637//6136 3667//6136 3666//6136
f 3637//6137 3666//6137 3665//6137
f 3668//576 3676//576 3675//576
f 3635//391 3634//391 3678//391
f 3678//391 3634//391 3668//391
f 3678//391 3668//391 3674//391
f 3674//391 3668//391 3675//391
f 3631//400 3679//400 3629//400
f 3629//400 3679//400 3669//400
f 3635//6138 3678//6138 3631//6138
f 3631//6138 3678//6138 3679//6138
f 3670//576 3669//576 3679//576
f 3678//576 3674//576 3679//576
f 3679//576 3674//576 3673//576
f 3679//576 3673//576 3677//576
f 3677//576 3672//576 3679//576
f 3679//576 3672//576 3671//576
f 3679//576 3671//576 3670//576
f 3680//481 3681//481 3682//481
f 3682//481 3681//481 3683//481
f 3684//400 3685//400 3686//400
f 3686//400 3685//400 3687//400
f 3688//6139 3689//6139 3690//6139
f 3690//6140 3689//6140 3691//6140
f 3690//6141 3691//6141 3692//6141
f 3692//6141 3691//6141 3693//6141
f 3692//6142 3693//6142 3686//6142
f 3686//6142 3693//6142 3684//6142
f 3689//6143 3688//6143 3694//6143
f 3695//391 3696//391 3697//391
f 3695//391 3697//391 3698//391
f 3698//391 3697//391 3699//391
f 3698//391 3699//391 3700//391
f 3700//6144 3699//6144 3701//6144
f 3700//6144 3701//6144 3702//6144
f 3702//6145 3701//6145 3703//6145
f 3702//6146 3703//6146 3694//6146
f 3694//6147 3703//6147 3704//6147
f 3694//6148 3704//6148 3689//6148
f 3686//576 3687//576 3680//576
f 3680//576 3682//576 3695//576
f 3692//576 3686//576 3690//576
f 3690//576 3686//576 3680//576
f 3690//576 3680//576 3688//576
f 3688//576 3680//576 3695//576
f 3702//576 3694//576 3700//576
f 3700//576 3694//576 3688//576
f 3700//576 3688//576 3698//576
f 3698//576 3688//576 3695//576
f 3701//390 3699//390 3685//390
f 3683//390 3681//390 3696//390
f 3696//390 3681//390 3685//390
f 3696//390 3685//390 3697//390
f 3697//390 3685//390 3699//390
f 3684//390 3693//390 3691//390
f 3691//390 3689//390 3684//390
f 3684//390 3689//390 3704//390
f 3684//390 3704//390 3685//390
f 3685//390 3704//390 3703//390
f 3685//390 3703//390 3701//390
f 3680//382 3687//382 3681//382
f 3681//382 3687//382 3685//382
f 3683//391 3696//391 3682//391
f 3682//391 3696//391 3695//391
