# Blender 4.4.3
# www.blender.org
mtllib forearm_G1M5.mtl
o forearm_lite
v -0.026234 0.149601 0.035214
v -0.026190 0.150097 0.034253
v -0.026165 0.150096 0.038668
v -0.005057 0.143736 -0.034600
v -0.005057 0.143736 -0.036800
v -0.006576 0.141544 -0.034600
v -0.006576 0.141544 -0.036800
v -0.007977 0.140526 -0.034600
v -0.007977 0.140526 -0.036800
v -0.010514 0.138683 -0.034600
v -0.010514 0.138683 -0.036800
v -0.011741 0.138444 -0.034600
v -0.011741 0.138444 -0.036800
v -0.015292 0.137754 -0.034600
v -0.015292 0.137754 -0.036800
v -0.016041 0.137940 -0.034600
v -0.016041 0.137940 -0.036800
v -0.020016 0.138930 -0.034600
v -0.020016 0.138930 -0.036800
v -0.020245 0.139116 -0.034600
v -0.020245 0.139116 -0.036800
v -0.023662 0.141880 -0.036800
v -0.026172 0.150096 -0.033473
v -0.026242 0.149435 -0.030251
v -0.026222 0.148201 -0.031652
v -0.026211 0.149546 -0.033853
v -0.026174 0.147694 -0.032109
v -0.026250 0.149009 -0.034224
v -0.026124 0.147437 -0.032294
v -0.026071 0.146999 -0.035373
v -0.025861 0.146069 -0.033279
v -0.025904 0.146231 -0.035737
v -0.025760 0.145725 -0.033475
v -0.025732 0.145735 -0.035922
v -0.025721 0.145590 -0.033552
v -0.025658 0.145522 -0.036001
v -0.025339 0.144646 -0.033965
v -0.025283 0.144438 -0.036406
v -0.025082 0.144008 -0.034243
v -0.024819 0.143510 -0.036638
v -0.024750 0.143388 -0.034421
v -0.023800 0.141991 -0.036800
v -0.023800 0.141991 -0.034600
v -0.023662 0.141880 -0.034600
v -0.026136 0.150599 0.038326
v -0.026164 0.150385 0.033696
v -0.024921 0.154304 0.035089
v -0.025244 0.153539 0.035809
v -0.025719 0.152414 0.036866
v -0.026153 0.150475 0.033426
v -0.026122 0.150691 0.032000
v -0.024921 0.154304 -0.029889
v -0.026122 0.150691 -0.026800
v -0.026127 0.150658 -0.027358
v -0.026133 0.150618 -0.027624
v -0.025254 0.153542 -0.030613
v -0.026190 0.150157 -0.029045
v -0.025633 0.152674 -0.031438
v -0.026136 0.150599 -0.033126
v -0.026195 0.150098 -0.029143
v -0.026221 0.149720 -0.029775
v -0.026043 0.146852 0.037965
v -0.026189 0.147827 0.037194
v -0.026196 0.149546 0.039042
v -0.026240 0.149071 0.035887
v -0.026247 0.149245 0.035704
v -0.025732 0.145733 0.041123
v -0.025673 0.145514 0.041218
v -0.025621 0.145291 0.038908
v -0.025591 0.145207 0.041352
v -0.025094 0.144033 0.039435
v -0.025283 0.144438 0.041606
v -0.024249 0.142596 0.039764
v -0.024422 0.142852 0.041945
v -0.023800 0.141992 0.039800
v -0.023800 0.141992 0.042000
v -0.023686 0.141851 0.039800
v -0.026245 0.148681 0.039630
v -0.026071 0.146999 0.040573
v -0.025740 0.145730 0.038642
v -0.025700 0.145583 0.038732
v -0.023686 0.141851 0.042000
v -0.020284 0.139068 0.042000
v -0.020284 0.139068 0.039800
v -0.016075 0.137801 0.042000
v -0.016075 0.137801 0.039800
v -0.011703 0.138244 0.042000
v -0.011703 0.138244 0.039800
v -0.007833 0.140328 0.042000
v -0.007833 0.140328 0.039800
v -0.005057 0.143736 0.042000
v -0.005057 0.143736 0.039800
v -0.002074 0.147292 -0.036800
v -0.002074 0.147292 -0.034600
v -0.001455 0.148030 -0.036748
v -0.000430 0.149251 -0.033915
v -0.002074 0.147292 0.039800
v -0.002074 0.147292 0.042000
v 0.000111 0.149896 0.038889
v 0.000140 0.149930 0.041315
v 0.001711 0.151803 0.036400
v 0.002017 0.152167 0.039364
v 0.003271 0.153661 0.036444
v 0.002297 0.152501 0.033000
v 0.003711 0.154186 0.033000
v 0.002297 0.152501 -0.027800
v 0.003711 0.154186 -0.027800
v 0.001856 0.151976 -0.030357
v 0.003166 0.153537 -0.031204
v 0.001711 0.151803 -0.031200
v 0.003036 0.153382 -0.032019
v 0.000911 0.150850 -0.032444
v 0.001895 0.152022 -0.033994
v 0.000111 0.149896 -0.033689
v 0.001169 0.151157 -0.035253
v 0.000083 0.149862 -0.035872
v -0.044684 0.135292 -0.028632
v -0.044684 0.135292 0.033832
v -0.041033 0.138932 -0.027411
v -0.040903 0.139062 0.032580
v -0.035867 0.144082 -0.026800
v -0.035867 0.144082 0.032000
v -0.025318 0.154599 -0.026800
v -0.025318 0.154599 0.032000
v -0.053503 0.114047 -0.029221
v -0.053503 0.000000 -0.029221
v -0.053503 0.114047 0.029221
v -0.053503 0.000000 0.029221
v 0.055000 0.000000 -0.032113
v 0.055000 0.103386 -0.032113
v 0.055000 0.103523 -0.031734
v 0.055000 0.103644 -0.031162
v 0.055000 0.103689 -0.030483
v 0.055000 0.000000 0.032113
v 0.055000 0.103689 0.030483
v 0.055000 0.103679 0.030818
v 0.055000 0.103600 0.031421
v 0.055000 0.103543 0.031663
v 0.055000 0.103386 0.032113
v 0.032063 0.130396 0.037913
v 0.036625 0.126568 0.041125
v 0.042915 0.121290 0.036778
v 0.021817 0.138993 -0.028380
v 0.027338 0.134361 0.035289
v 0.027329 0.134368 -0.030085
v 0.049284 0.115946 0.030483
v 0.049284 0.115946 -0.030483
v 0.044089 0.120306 -0.035788
v 0.048462 0.116636 0.031440
v 0.032181 0.130297 -0.032796
v 0.033673 0.129045 -0.033951
v 0.039817 0.123889 -0.039106
v 0.015976 0.143894 -0.027800
v 0.015976 0.143894 0.033000
v 0.016181 0.143722 0.033001
v 0.021965 0.138869 0.033610
v -0.028436 0.000000 -0.059976
v -0.028436 0.102226 -0.059976
v 0.025654 0.000000 -0.059976
v 0.023730 0.102226 -0.059976
v 0.024503 0.102178 -0.059976
v 0.025109 0.102055 -0.059976
v 0.025591 0.101875 -0.059976
v 0.025654 0.101845 -0.059976
v 0.025654 0.000000 0.059976
v 0.025654 0.105099 0.059976
v 0.025593 0.105127 0.059976
v -0.028436 0.105385 0.059976
v -0.028436 0.000000 0.059976
v 0.024134 0.105385 0.059976
v 0.025159 0.105271 0.059976
v 0.024793 0.105342 0.059976
v 0.027888 0.128515 -0.040315
v -0.033724 0.115186 -0.053643
v -0.036038 0.116953 -0.051877
v 0.034930 0.122498 -0.046331
v 0.029586 0.117527 -0.051302
v 0.034501 0.122939 -0.045890
v 0.023730 0.113539 -0.055290
v 0.034032 0.123359 -0.045470
v -0.031324 0.113539 -0.055290
v -0.039256 0.120215 -0.048614
v -0.041680 0.124196 -0.044633
v -0.043094 0.128515 -0.040315
v -0.038617 0.131665 0.043251
v -0.042142 0.129748 0.044439
v -0.042132 0.129729 0.044453
v 0.026278 0.129286 0.044807
v 0.021553 0.131552 0.043308
v -0.041865 0.129286 0.044807
v 0.018694 0.132923 0.042797
v -0.036305 0.132923 0.042798
v 0.010396 0.136902 0.042000
v 0.010191 0.137000 0.042000
v -0.028807 0.137000 0.042000
v 0.016180 0.134129 0.042349
v -0.033842 0.134262 0.042316
v -0.041541 0.128439 0.045519
v -0.039153 0.123892 0.049334
v -0.036038 0.120159 0.052466
v 0.030840 0.125459 0.048019
v 0.027330 0.118128 0.054171
v 0.031990 0.124361 0.048941
v 0.032744 0.123418 0.049731
v -0.033458 0.117826 0.054424
v -0.030772 0.115670 0.056233
v 0.024134 0.115670 0.056233
v 0.054328 0.108278 -0.030483
v 0.054328 0.108278 0.030483
v 0.052368 0.112481 -0.030483
v 0.052368 0.112481 0.030483
v -0.028807 0.137000 -0.036800
v 0.010191 0.137000 -0.036800
v 0.026396 0.129230 -0.039655
v -0.043196 0.128817 -0.040022
v -0.043281 0.129129 -0.039742
v -0.043130 0.129211 -0.039671
v 0.021544 0.131556 -0.038106
v -0.033973 0.134191 -0.037133
v 0.016032 0.134199 -0.037131
v -0.037203 0.132434 -0.037783
v 0.019714 0.132434 -0.037782
v -0.038845 0.131541 -0.038113
v 0.043415 0.105557 0.051605
v 0.042716 0.105969 0.052264
v 0.036456 0.000000 0.056808
v 0.041308 0.106801 0.053385
v 0.038838 0.105272 0.055208
v 0.036456 0.103930 0.056808
v 0.043457 0.000000 0.051650
v 0.049737 0.000000 0.045634
v 0.049737 0.101824 0.045634
v 0.049737 0.101824 -0.045634
v 0.049737 0.000000 -0.045634
v 0.044572 0.104873 -0.050691
v 0.043457 0.000000 -0.051650
v 0.043444 0.104209 -0.051635
v 0.036456 0.000000 -0.056808
v 0.036456 0.100569 -0.056808
v 0.042044 0.103385 -0.052807
v -0.039277 0.111399 0.054896
v -0.042305 0.113732 0.052598
v -0.042305 0.000000 0.052598
v -0.036124 0.109242 0.057020
v -0.033382 0.000000 0.058668
v -0.033382 0.105385 0.058668
v -0.035889 0.109086 0.057169
v -0.034643 0.107236 0.057932
v -0.034916 0.108320 0.057768
v -0.033576 0.106448 0.058556
v -0.033855 0.107036 0.058396
v -0.034260 0.107624 0.058159
v -0.033433 0.105934 0.058638
v -0.042305 0.000000 -0.052598
v -0.042305 0.109881 -0.052598
v -0.039589 0.108115 -0.054671
v -0.034376 0.104604 -0.058091
v -0.033884 0.103926 -0.058379
v -0.035091 0.104347 -0.057661
v -0.033682 0.103542 -0.058496
v -0.033472 0.102952 -0.058616
v -0.033395 0.102502 -0.058660
v -0.033382 0.102226 -0.058668
v -0.036771 0.106468 -0.056605
v -0.035668 0.105771 -0.057306
v -0.034745 0.104998 -0.057871
v -0.033382 0.000000 -0.058668
v -0.028480 0.106848 0.059909
v 0.024134 0.110858 0.059011
v -0.028602 0.108219 0.059723
v -0.028839 0.109787 0.059359
v -0.030572 0.115254 0.056571
v -0.029743 0.113211 0.057932
v -0.029185 0.111356 0.058821
v -0.029074 0.110852 0.058994
v -0.029283 0.108568 -0.058666
v -0.029597 0.109618 -0.058166
v 0.023730 0.110225 -0.057833
v -0.029821 0.110206 -0.057801
v -0.030384 0.111680 -0.056884
v 0.023730 0.106367 -0.059431
v -0.028447 0.102962 -0.059959
v -0.028514 0.104163 -0.059859
v -0.028692 0.105737 -0.059586
v -0.028797 0.106365 -0.059423
v -0.028864 0.106761 -0.059320
v -0.031509 0.139710 -0.036039
v -0.033799 0.142008 -0.033871
v -0.035330 0.143543 -0.030627
v -0.025210 0.154634 -0.027520
v -0.025316 0.154601 -0.026820
v -0.025100 0.154668 -0.028240
v -0.025100 0.154668 -0.028247
v -0.025015 0.154596 -0.028776
v -0.024929 0.154522 -0.029312
v -0.024904 0.154501 -0.029464
v -0.024899 0.154417 -0.029679
v -0.024896 0.154376 -0.029786
v -0.041125 0.133137 -0.036760
v -0.044699 0.135277 -0.028666
v -0.040194 0.138907 -0.030802
v -0.044890 0.135076 -0.029119
v -0.045404 0.134337 -0.030668
v -0.043187 0.134145 -0.034684
v -0.046212 0.132563 -0.034104
v -0.044833 0.134467 -0.032084
v -0.045921 0.133376 -0.032581
v -0.045761 0.133824 -0.031742
v -0.046304 0.130367 -0.037677
v -0.046298 0.130506 -0.037450
v -0.045422 0.130112 -0.038401
v -0.045276 0.130216 -0.038326
v -0.045408 0.130106 -0.038410
v -0.046260 0.131416 -0.035970
v -0.036435 0.136382 -0.035978
v -0.038597 0.138021 -0.033778
v -0.024896 0.154376 0.034986
v -0.024899 0.154417 0.034879
v -0.035330 0.143543 0.035827
v -0.024904 0.154501 0.034664
v -0.024929 0.154522 0.034512
v -0.025015 0.154596 0.033976
v -0.025100 0.154668 0.033447
v -0.025100 0.154668 0.033440
v -0.025316 0.154601 0.032020
v -0.025210 0.154634 0.032720
v -0.033799 0.142008 0.039071
v -0.031509 0.139710 0.041239
v -0.044842 0.135128 0.034203
v -0.045290 0.134522 0.035489
v -0.044615 0.134676 0.037196
v -0.042169 0.129760 0.044430
v -0.040905 0.133291 0.041903
v -0.043565 0.130307 0.043853
v -0.042525 0.129915 0.044301
v -0.046281 0.131422 0.041182
v -0.046346 0.130882 0.042096
v -0.042971 0.134328 0.039817
v -0.045430 0.130776 0.042772
v -0.044680 0.130587 0.043207
v -0.045639 0.134050 0.036491
v -0.045932 0.133379 0.037784
v -0.046091 0.133013 0.038490
v -0.040071 0.139025 0.035983
v -0.044699 0.135277 0.033866
v -0.036310 0.136468 0.041169
v -0.038475 0.138123 0.038968
v -0.047016 0.000000 -0.047852
v -0.050559 0.000000 -0.042181
v -0.047133 0.113144 -0.047704
v -0.047001 0.113055 -0.047838
v -0.052643 0.119349 -0.035848
v -0.052475 0.120276 -0.037007
v -0.052758 0.000000 -0.035866
v -0.050769 0.117125 -0.041733
v -0.050513 0.116844 -0.042154
v -0.053492 0.114691 -0.030026
v -0.050558 0.122008 0.042181
v -0.050561 0.122011 0.042177
v -0.052758 0.000000 0.035866
v -0.051230 0.123211 0.040676
v -0.052668 0.119668 0.036247
v -0.051046 0.122859 0.041110
v -0.052714 0.119358 0.035860
v -0.050559 0.000000 0.042181
v -0.047016 0.000000 0.047852
v -0.047010 0.117505 0.047849
v -0.046978 0.117464 0.047900
v -0.044707 0.135269 0.033851
v -0.044707 0.135269 -0.028651
v -0.044930 0.135044 0.034039
v -0.045007 0.134965 -0.028905
v -0.046365 0.133471 0.035361
v -0.046632 0.133153 -0.030431
v -0.047511 0.132035 0.036585
v -0.047953 0.131430 -0.031905
v -0.050304 0.127526 -0.035044
v -0.050739 0.126624 -0.035383
v -0.052429 0.121811 0.035432
v -0.051230 0.125502 0.038385
v -0.051021 0.125995 0.038699
v -0.049736 0.128600 -0.034387
v -0.050873 0.126330 0.038844
v -0.050540 0.127046 0.039035
v -0.050287 0.127559 0.039098
v -0.049719 0.128631 0.039088
v -0.049447 0.129060 -0.033983
v -0.049467 0.129072 0.039033
v -0.049367 0.129246 0.039012
v -0.050067 0.127987 -0.034823
v -0.052420 0.122034 -0.035590
v -0.052475 0.121833 -0.035450
v -0.051151 0.125689 -0.035680
v -0.051640 0.124454 -0.035933
v -0.051879 0.123782 -0.035980
v -0.052173 0.122879 -0.035904
v -0.052346 0.122298 -0.035726
v -0.053492 0.114852 -0.029865
v -0.052476 0.121826 -0.035444
v -0.052668 0.121073 0.034842
v -0.045801 0.127889 0.044841
v -0.049118 0.126601 0.043026
v -0.049194 0.126503 0.042978
v -0.046151 0.128432 0.044320
v -0.050788 0.124128 0.041517
v -0.050463 0.124703 0.041953
v -0.049050 0.125614 0.043533
v -0.049705 0.125847 0.042659
v -0.046418 0.128927 0.043870
v -0.046951 0.128761 0.043689
v -0.047781 0.128029 0.043528
v -0.042581 0.129708 0.044458
v -0.043774 0.129550 0.044425
v -0.045907 0.129085 0.044044
v -0.042173 0.129746 0.044441
v -0.049411 0.126224 0.042842
v -0.045362 0.127002 0.045636
v -0.048545 0.124734 0.044456
v -0.044995 0.120025 0.049375
v -0.042271 0.122262 0.049874
v -0.038423 0.118392 0.053326
v -0.040581 0.116178 0.053371
v -0.035652 0.116030 0.055350
v -0.037651 0.113822 0.055512
v -0.032773 0.113848 0.057220
v -0.033690 0.112747 0.057355
v -0.034608 0.111645 0.057490
v -0.033484 0.112464 0.057649
v -0.032511 0.110937 0.058456
v -0.031860 0.109591 0.058975
v -0.031459 0.108473 0.059288
v -0.031185 0.107368 0.059498
v -0.031045 0.106407 0.059605
v -0.030994 0.105385 0.059644
v -0.030994 0.000000 0.059644
v -0.045382 0.128724 -0.039591
v -0.047438 0.128220 -0.039320
v -0.046964 0.129143 -0.038768
v -0.046747 0.128461 -0.039493
v -0.046619 0.128097 -0.039856
v -0.046472 0.127743 -0.040237
v -0.046546 0.127706 -0.040214
v -0.048402 0.127342 -0.039364
v -0.048440 0.127307 -0.039366
v -0.049413 0.126237 -0.039334
v -0.043905 0.117317 -0.049352
v -0.045773 0.115315 -0.048811
v -0.049437 0.119438 -0.043435
v -0.051396 0.123023 -0.038708
v -0.051129 0.123574 -0.038933
v -0.047328 0.121519 -0.044548
v -0.050563 0.124554 -0.039178
v -0.049540 0.126052 -0.039317
v -0.052204 0.121162 -0.037743
v -0.051816 0.122158 -0.038353
v -0.052364 0.120672 -0.037363
v -0.044653 0.123159 -0.044961
v -0.041675 0.118994 -0.049284
v -0.037872 0.115598 -0.052803
v -0.038446 0.115031 -0.052950
v -0.041104 0.111952 -0.053175
v -0.040602 0.112599 -0.053198
v -0.039596 0.113896 -0.053245
v -0.035977 0.113271 -0.054839
v -0.038000 0.110831 -0.055194
v -0.035277 0.109164 -0.057000
v -0.033400 0.111599 -0.056547
v -0.030984 0.102226 -0.059608
v -0.031817 0.102226 -0.059388
v -0.031830 0.102662 -0.059379
v -0.030164 0.102817 -0.059816
v -0.030152 0.102226 -0.059828
v -0.030436 0.105050 -0.059561
v -0.030238 0.103781 -0.059747
v -0.031908 0.103373 -0.059329
v -0.032119 0.104309 -0.059193
v -0.032323 0.104923 -0.059060
v -0.032821 0.106015 -0.058731
v -0.033195 0.106658 -0.058479
v -0.030628 0.105880 -0.059378
v -0.031096 0.107358 -0.058926
v -0.031447 0.108227 -0.058579
v -0.032333 0.109970 -0.057681
v -0.034139 0.107951 -0.057825
v -0.030994 0.000000 -0.059644
v 0.049778 0.101831 0.045589
v 0.052600 0.000000 0.041613
v 0.050394 0.101938 0.044882
v 0.052252 0.102305 0.042230
v 0.054336 0.102913 0.036999
v 0.054069 0.102794 0.038144
v 0.054391 0.000000 0.037012
v 0.053654 0.102660 0.039325
v 0.052560 0.102383 0.041593
v 0.054767 0.103105 0.035157
v 0.052606 0.112081 0.031351
v 0.054390 0.108046 0.031095
v 0.051047 0.113524 0.034920
v 0.053137 0.110773 0.033629
v 0.050911 0.113851 0.034467
v 0.052996 0.111199 0.032961
v 0.050610 0.114390 0.033608
v 0.049784 0.115474 0.031566
v 0.053979 0.108268 0.034234
v 0.053370 0.109838 0.034916
v 0.051412 0.112646 0.036136
v 0.054491 0.107525 0.032216
v 0.054527 0.107268 0.032676
v 0.054587 0.106697 0.033552
v 0.049770 0.101851 0.045598
v 0.049762 0.101872 0.045607
v 0.050267 0.102275 0.045027
v 0.050134 0.102612 0.045165
v 0.051773 0.103736 0.042880
v 0.052927 0.105177 0.040494
v 0.053274 0.105728 0.039507
v 0.051743 0.107612 0.041440
v 0.051388 0.106132 0.042643
v 0.051154 0.105152 0.043438
v 0.053871 0.107047 0.036955
v 0.051834 0.110689 0.038429
v 0.051838 0.110127 0.038996
v 0.051847 0.109158 0.039974
v 0.051852 0.108534 0.040603
v 0.028778 0.104797 0.059731
v 0.031283 0.000000 0.059168
v 0.031274 0.104534 0.059132
v 0.036403 0.103936 0.056842
v 0.035872 0.104003 0.057169
v 0.032977 0.104347 0.058587
v 0.031831 0.104475 0.058999
v 0.041313 0.106838 0.053380
v 0.050655 0.113870 0.035426
v 0.051782 0.110215 0.039129
v 0.044591 0.110732 0.049668
v 0.045269 0.115103 0.046011
v 0.041680 0.111092 0.052562
v 0.041643 0.110173 0.052796
v 0.041063 0.118219 0.049454
v 0.041289 0.117153 0.050112
v 0.041625 0.114211 0.051511
v 0.041653 0.112658 0.052034
v 0.040835 0.119296 0.048789
v 0.044695 0.118722 0.041593
v 0.040067 0.121662 0.046930
v 0.038114 0.125077 0.043156
v 0.039079 0.123704 0.044841
v 0.039459 0.122918 0.045645
v 0.036422 0.103977 0.056830
v 0.036412 0.103957 0.056836
v 0.036074 0.104452 0.057039
v 0.035974 0.104228 0.057106
v 0.034136 0.106898 0.057849
v 0.033583 0.105628 0.058278
v 0.033786 0.107303 0.057932
v 0.032631 0.106154 0.058621
v 0.028964 0.112253 0.057900
v 0.027366 0.108798 0.059449
v 0.030790 0.110503 0.058139
v 0.030063 0.107496 0.059237
v 0.031212 0.110098 0.058195
v 0.033350 0.107809 0.058034
v 0.028742 0.112452 0.057848
v 0.027222 0.108917 0.059435
v 0.027596 0.113388 0.057529
v 0.026249 0.109648 0.059328
v 0.027251 0.113669 0.057434
v 0.026083 0.114498 0.057034
v 0.025470 0.110146 0.059223
v 0.036385 0.119113 0.052226
v 0.035766 0.119936 0.051833
v 0.030602 0.115519 0.055711
v 0.034642 0.121428 0.051120
v 0.036502 0.108927 0.056243
v 0.033710 0.112400 0.056414
v 0.037671 0.117011 0.052908
v 0.040240 0.111043 0.053676
v 0.040115 0.111377 0.053653
v 0.039090 0.114118 0.053470
v 0.038247 0.115836 0.053136
v 0.041301 0.106838 0.053390
v 0.040516 0.110136 0.053667
v 0.054766 0.103104 -0.035162
v 0.054391 0.000000 -0.037012
v 0.054336 0.102913 -0.036999
v 0.052600 0.000000 -0.041613
v 0.053519 0.102621 -0.039667
v 0.054067 0.102793 -0.038151
v 0.049778 0.101831 -0.045589
v 0.050153 0.101895 -0.045167
v 0.052063 0.102264 -0.042546
v 0.052548 0.102383 -0.041586
v 0.049770 0.101851 -0.045598
v 0.050073 0.102106 -0.045257
v 0.051619 0.103571 -0.043137
v 0.049762 0.101872 -0.045607
v 0.049990 0.102317 -0.045344
v 0.051059 0.104867 -0.043649
v 0.051386 0.106132 -0.042640
v 0.052814 0.105014 -0.040778
v 0.053272 0.105724 -0.039513
v 0.051698 0.107338 -0.041680
v 0.051852 0.108529 -0.040608
v 0.051839 0.110127 -0.038996
v 0.053870 0.107045 -0.036960
v 0.051834 0.110685 -0.038433
v 0.051412 0.112646 -0.036136
v 0.053190 0.109745 -0.034876
v 0.054076 0.108300 -0.034248
v 0.054384 0.106665 -0.033538
v 0.050996 0.113679 -0.034724
v 0.053177 0.110639 -0.033829
v 0.051055 0.113533 -0.034924
v 0.054537 0.107187 -0.032813
v 0.054449 0.107767 -0.031730
v 0.052835 0.111607 -0.032260
v 0.050267 0.114898 -0.032714
v 0.031283 0.000000 -0.059168
v 0.031273 0.101228 -0.059128
v 0.031905 0.101155 -0.058974
v 0.036405 0.100576 -0.056841
v 0.033416 0.100969 -0.058409
v 0.028817 0.101511 -0.059725
v 0.040473 0.123292 -0.040007
v 0.046111 0.109715 -0.048288
v 0.044636 0.105581 -0.050561
v 0.044577 0.104912 -0.050686
v 0.046650 0.114067 -0.044721
v 0.045958 0.117694 -0.040440
v 0.041073 0.122640 -0.040934
v 0.042287 0.120897 -0.043024
v 0.042491 0.120475 -0.043412
v 0.044371 0.115116 -0.047409
v 0.044171 0.115879 -0.046929
v 0.043683 0.117739 -0.045756
v 0.043294 0.118808 -0.044941
v 0.044852 0.110524 -0.049371
v 0.044840 0.111478 -0.049075
v 0.044781 0.112251 -0.048773
v 0.044880 0.108359 -0.050043
v 0.027380 0.111116 -0.056946
v 0.027638 0.110924 -0.057051
v 0.026856 0.108182 -0.058653
v 0.028072 0.107122 -0.058887
v 0.029205 0.109519 -0.057560
v 0.029422 0.109304 -0.057620
v 0.026968 0.104446 -0.059709
v 0.026853 0.104544 -0.059702
v 0.027603 0.105704 -0.059311
v 0.028238 0.106961 -0.058914
v 0.026001 0.105184 -0.059642
v 0.025833 0.112271 -0.056320
v 0.025431 0.109217 -0.058315
v 0.024979 0.105792 -0.059555
v 0.036415 0.100596 -0.056834
v 0.036425 0.100617 -0.056828
v 0.034020 0.102144 -0.058092
v 0.030276 0.104319 -0.059164
v 0.032802 0.102881 -0.058549
v 0.030695 0.107949 -0.057838
v 0.031574 0.107014 -0.057988
v 0.033608 0.104580 -0.057894
v 0.033764 0.104374 -0.057858
v 0.034575 0.103311 -0.057671
v 0.039653 0.107521 -0.053940
v 0.033230 0.114812 -0.053165
v 0.036655 0.111409 -0.054062
v 0.044566 0.104912 -0.050696
v 0.043825 0.108341 -0.050970
v 0.043315 0.109892 -0.050917
v 0.042805 0.111442 -0.050863
v 0.042496 0.112210 -0.050781
v 0.038425 0.119051 -0.048758
v 0.038726 0.118711 -0.048955
v 0.039513 0.117653 -0.049421
v 0.041130 0.115053 -0.050257
v 0.041279 0.114744 -0.050314
v 0.036897 0.120777 -0.047760
v 0.015536 0.143370 -0.031244
v 0.014282 0.141875 -0.034164
v 0.012405 0.139638 -0.036115
v 0.018036 0.136332 -0.036065
v 0.031123 0.130781 -0.034850
v 0.029588 0.129331 -0.039104
v 0.028128 0.130228 -0.038401
v 0.030119 0.129454 -0.038595
v 0.029741 0.130757 -0.036762
v 0.032573 0.129604 -0.035821
v 0.032110 0.129636 -0.036405
v 0.031182 0.129701 -0.037575
v 0.026422 0.134591 -0.032645
v 0.025068 0.134160 -0.034971
v 0.023391 0.133117 -0.036848
v 0.021113 0.138881 -0.031411
v 0.019800 0.137957 -0.034080
v 0.036281 0.124350 -0.043781
v 0.038282 0.124533 -0.041580
v 0.038863 0.123932 -0.042328
v 0.037277 0.123244 -0.044961
v 0.036801 0.123810 -0.044360
v 0.038335 0.123269 -0.044031
v 0.039394 0.123293 -0.043101
v 0.044571 0.104912 -0.050691
v 0.044370 0.108354 -0.050527
v 0.043887 0.111488 -0.050043
v 0.043719 0.112271 -0.049869
v 0.042905 0.115199 -0.049012
v 0.041836 0.117940 -0.047865
v 0.041285 0.119080 -0.047268
v 0.039933 0.121366 -0.045793
v 0.012405 0.139638 0.041315
v 0.014282 0.141875 0.039364
v 0.015536 0.143370 0.036444
v 0.012602 0.139524 0.041299
v 0.014474 0.141740 0.039344
v 0.015731 0.143213 0.036432
v 0.018179 0.136247 0.041275
v 0.019940 0.137857 0.039290
v 0.023400 0.133112 0.042050
v 0.025077 0.134154 0.040173
v 0.028013 0.130299 0.043551
v 0.028550 0.130479 0.043002
v 0.029627 0.130840 0.041904
v 0.030549 0.130863 0.040620
v 0.021254 0.138767 0.036630
v 0.026431 0.134584 0.037848
v 0.031009 0.130874 0.039980
v 0.033131 0.126707 0.046252
v 0.035142 0.127092 0.043856
v 0.034355 0.125318 0.047518
v 0.037329 0.124224 0.046905
v 0.036470 0.125566 0.045520
v 0.036239 0.124174 0.047746
v 0.035149 0.124125 0.048588
v 0.040988 0.111075 0.053155
v 0.041307 0.106838 0.053385
v 0.041097 0.110159 0.053254
v 0.040440 0.114208 0.052599
v 0.039640 0.117208 0.051724
v 0.038839 0.119440 0.050816
v 0.037664 0.121974 0.049450
v -0.046513 0.130298 0.042534
v -0.052475 0.121054 -0.036228
v -0.052495 0.121369 -0.036492
v -0.052385 0.121751 -0.036754
v -0.052127 0.122552 -0.037158
v -0.051684 0.123741 -0.037507
v -0.051322 0.124596 -0.037626
v -0.050578 0.126128 -0.037623
v -0.049953 0.127208 -0.037543
v -0.049301 0.128206 -0.037416
v -0.048919 0.128926 -0.037007
v -0.048385 0.129876 -0.036202
v -0.044703 0.135273 -0.028659
v -0.044950 0.135022 -0.029012
v -0.046240 0.133531 -0.031093
v -0.047217 0.132131 -0.033041
v -0.052750 0.120380 0.035554
v -0.051443 0.124400 0.039575
v -0.049004 0.129283 0.040263
v -0.048047 0.129132 0.042320
v -0.048530 0.129295 0.041717
v -0.049155 0.128578 0.041518
v -0.048611 0.129322 0.041617
v -0.050026 0.127231 0.041195
v -0.050410 0.126562 0.040951
v -0.050912 0.125592 0.040470
v -0.051133 0.125123 0.040168
v -0.048074 0.129659 0.042016
v -0.048162 0.130386 0.040682
v -0.048246 0.130306 0.040566
v -0.048066 0.130412 0.040757
v -0.044703 0.135273 0.033859
v -0.044887 0.135087 0.034121
v -0.046034 0.133792 0.035930
v -0.046899 0.132621 0.037560
v -0.043130 0.133734 0.033832
v -0.043130 0.133734 -0.028632
v -0.039586 0.137268 -0.027437
v -0.034314 0.142524 -0.026800
v -0.034314 0.142524 0.032000
v -0.039085 0.137767 0.032520
v -0.051303 0.114047 -0.029221
v -0.051303 0.114047 0.029221
v 0.052800 0.103523 -0.031734
v 0.052800 0.103386 -0.032113
v 0.052800 0.103639 -0.031199
v 0.052800 0.103386 0.032113
v 0.052800 0.103551 0.031634
v 0.052800 0.103600 0.031421
v 0.052800 0.103681 0.030780
v 0.052800 0.103689 0.030483
v 0.052800 0.103689 -0.030483
v 0.032259 0.127360 -0.033951
v 0.047870 0.114260 0.030483
v 0.031028 0.128393 -0.032985
v 0.047179 0.114841 0.031290
v 0.026115 0.132515 -0.030171
v 0.041577 0.119541 0.036717
v 0.035211 0.124883 0.041125
v 0.038403 0.122204 -0.039106
v 0.042587 0.118693 -0.035863
v 0.047870 0.114260 -0.030483
v 0.030649 0.128711 0.037913
v 0.025787 0.132790 0.035231
v 0.020512 0.137217 -0.028402
v 0.020264 0.137425 0.033552
v 0.014562 0.142209 -0.027800
v 0.014562 0.142209 0.033000
v -0.028436 0.102226 -0.057776
v 0.023730 0.102226 -0.057776
v 0.025654 0.101845 -0.057776
v 0.025109 0.102055 -0.057776
v 0.024542 0.102172 -0.057776
v -0.028436 0.105385 0.057776
v 0.024134 0.105385 0.057776
v 0.024829 0.105337 0.057776
v 0.025159 0.105271 0.057776
v 0.025654 0.105099 0.057776
v 0.029509 0.115910 -0.049808
v 0.034930 0.120942 -0.044776
v 0.034501 0.121383 -0.044335
v 0.027888 0.126959 -0.038759
v -0.043094 0.126959 -0.038759
v -0.041808 0.122924 -0.042794
v 0.023730 0.111984 -0.053734
v 0.034032 0.121803 -0.043915
v -0.031324 0.111984 -0.053734
v -0.033724 0.113631 -0.052087
v -0.039354 0.118786 -0.046932
v -0.036038 0.115397 -0.050321
v 0.021417 0.130631 0.041308
v 0.026278 0.127872 0.043122
v -0.041865 0.127872 0.043122
v 0.018692 0.132177 0.040748
v -0.042132 0.128396 0.042703
v -0.042142 0.128419 0.042686
v -0.028807 0.137000 0.039800
v 0.010191 0.137000 0.039800
v -0.033578 0.133930 0.040136
v 0.015893 0.133765 0.040173
v -0.036304 0.132176 0.040749
v -0.038492 0.130767 0.041241
v 0.030840 0.124045 0.046334
v 0.024134 0.114256 0.054548
v -0.030772 0.114256 0.054548
v -0.033458 0.116412 0.052738
v -0.036038 0.118745 0.050781
v 0.027255 0.116651 0.052538
v 0.032041 0.122891 0.047302
v 0.032744 0.122004 0.048046
v -0.039243 0.122614 0.047534
v -0.041662 0.127329 0.043578
v 0.050530 0.111272 -0.030483
v 0.050530 0.111272 0.030483
v 0.052220 0.107647 -0.030483
v 0.052220 0.107647 0.030483
v 0.010191 0.137000 -0.034600
v -0.002074 0.147292 -0.034600
v -0.028807 0.137000 -0.034600
v -0.023800 0.141992 -0.034600
v -0.034502 0.133335 -0.035114
v 0.016649 0.133336 -0.035116
v 0.016141 0.133624 -0.035007
v -0.034079 0.133608 -0.035011
v -0.039792 0.129931 -0.036549
v 0.022646 0.129933 -0.036553
v 0.021744 0.130445 -0.036203
v -0.039041 0.130415 -0.036219
v -0.043281 0.127686 -0.038081
v -0.043196 0.127317 -0.038413
v 0.026657 0.127657 -0.038106
v 0.048116 0.101824 0.044147
v 0.037468 0.105209 0.053481
v 0.039961 0.106801 0.051645
v 0.041428 0.105906 0.050475
v 0.035268 0.103930 0.054957
v 0.042005 0.105553 0.049929
v 0.035268 0.100569 -0.054957
v 0.040568 0.103324 -0.051170
v 0.042027 0.104210 -0.049951
v 0.043119 0.104873 -0.049039
v 0.048116 0.101824 -0.044147
v -0.040926 0.113732 0.050884
v -0.037997 0.111399 0.053107
v -0.034947 0.109242 0.055162
v -0.032782 0.107090 0.056475
v -0.032482 0.106448 0.056648
v -0.033514 0.107236 0.056044
v -0.032354 0.105986 0.056721
v -0.032293 0.105385 0.056756
v -0.034719 0.109086 0.055305
v -0.033838 0.108377 0.055849
v -0.033144 0.107624 0.056263
v -0.033255 0.104604 -0.056197
v -0.033518 0.104900 -0.056041
v -0.033948 0.104347 -0.055782
v -0.032293 0.102226 -0.056756
v -0.034449 0.105729 -0.055474
v -0.035573 0.106468 -0.054760
v -0.038298 0.108115 -0.052890
v -0.040926 0.109881 -0.050884
v -0.032369 0.102900 -0.056712
v -0.032584 0.103542 -0.056590
v -0.032751 0.103876 -0.056493
v -0.032306 0.102502 -0.056748
v -0.030572 0.113897 0.054839
v -0.029796 0.112265 0.055939
v -0.028602 0.107829 0.057558
v -0.028866 0.109306 0.057208
v 0.024134 0.110105 0.056944
v -0.029072 0.110101 0.056931
v -0.029185 0.110535 0.056780
v -0.028489 0.106767 0.057707
v -0.028839 0.106021 -0.057244
v -0.028692 0.105254 -0.057440
v 0.023730 0.107506 -0.056726
v -0.028503 0.103776 -0.057689
v -0.028447 0.102861 -0.057762
v -0.030334 0.110283 -0.055180
v -0.029514 0.108377 -0.056330
v -0.029283 0.107696 -0.056646
v -0.029232 0.107502 -0.056715
v -0.033895 0.142103 -0.029785
v -0.032701 0.140906 -0.032315
v -0.030914 0.139114 -0.034006
v -0.035996 0.135307 -0.034105
v -0.040814 0.131639 -0.035161
v -0.043356 0.133501 -0.029041
v -0.044088 0.132559 -0.030621
v -0.043704 0.132640 -0.031534
v -0.045356 0.129717 -0.034946
v -0.045639 0.128652 -0.036470
v -0.044951 0.128453 -0.037035
v -0.044384 0.132177 -0.031261
v -0.044624 0.131716 -0.031983
v -0.042419 0.132406 -0.033548
v -0.038927 0.137256 -0.030074
v -0.043147 0.133718 -0.028661
v -0.045035 0.130927 -0.033216
v -0.044940 0.128448 -0.037042
v -0.037680 0.136575 -0.032390
v -0.031561 0.139762 0.038755
v -0.033576 0.141784 0.035900
v -0.040846 0.132378 0.039706
v -0.043147 0.133718 0.033861
v -0.038094 0.137549 0.036027
v -0.043303 0.133557 0.034143
v -0.043739 0.133019 0.035053
v -0.044825 0.131389 0.037708
v -0.044229 0.132413 0.036077
v -0.042793 0.133121 0.037227
v -0.044866 0.129116 0.041435
v -0.045557 0.129167 0.040965
v -0.044940 0.131042 0.038217
v -0.042454 0.128535 0.042589
v -0.043112 0.128752 0.042346
v -0.044815 0.129112 0.041470
v -0.042164 0.128427 0.042680
v -0.036114 0.136169 0.038765
v -0.051296 0.114566 -0.029822
v -0.050504 0.119349 -0.035362
v -0.050350 0.120276 -0.036436
v -0.048947 0.117409 -0.040420
v -0.048494 0.116860 -0.041184
v -0.045537 0.113271 -0.046172
v -0.045260 0.113067 -0.046455
v -0.050497 0.119784 0.035866
v -0.049196 0.123211 0.039836
v -0.049026 0.122859 0.040238
v -0.050557 0.119356 0.035371
v -0.048743 0.122315 0.040872
v -0.048538 0.122027 0.041209
v -0.045280 0.117512 0.046475
v -0.045382 0.117600 0.046371
v -0.045702 0.130781 0.036524
v -0.047471 0.128132 0.039012
v -0.047563 0.127971 0.039035
v -0.043151 0.133713 -0.028651
v -0.043151 0.133713 0.033851
v -0.043359 0.133504 0.034039
v -0.043430 0.133431 -0.028905
v -0.044689 0.132047 0.035361
v -0.044936 0.131752 -0.030431
v -0.046114 0.130220 -0.031844
v -0.049124 0.124836 -0.035680
v -0.048741 0.125702 -0.035383
v -0.050316 0.121244 0.035435
v -0.049616 0.123582 -0.035946
v -0.050350 0.121262 -0.035450
v -0.050299 0.121448 -0.035590
v -0.050252 0.121618 -0.035689
v -0.050071 0.122231 -0.035904
v -0.049798 0.123068 -0.035980
v -0.048339 0.126538 -0.035044
v -0.048166 0.126875 -0.034876
v -0.047813 0.127532 -0.034387
v -0.047722 0.127696 0.039074
v -0.047543 0.127958 -0.033984
v -0.048323 0.126568 0.039098
v -0.048504 0.126203 0.039054
v -0.048866 0.125429 0.038844
v -0.048966 0.125202 0.038742
v -0.049196 0.124662 0.038385
v -0.050497 0.120692 0.034958
v -0.051296 0.114648 -0.029740
v -0.050351 0.121256 -0.035444
v -0.047639 0.125882 0.041555
v -0.047582 0.125961 0.041586
v -0.045266 0.127384 0.042599
v -0.046424 0.127335 0.041924
v -0.048790 0.124062 0.040579
v -0.047470 0.125008 0.042128
v -0.048606 0.124399 0.040813
v -0.047927 0.125482 0.041397
v -0.045117 0.128041 0.042276
v -0.045520 0.127935 0.042128
v -0.045940 0.127825 0.041974
v -0.043222 0.128349 0.042650
v -0.042490 0.128405 0.042688
v -0.042166 0.128418 0.042687
v -0.047808 0.125647 0.041462
v -0.044935 0.126783 0.043148
v -0.044674 0.126219 0.043646
v -0.047176 0.124448 0.042690
v -0.041694 0.121348 0.047946
v -0.043831 0.119602 0.047541
v -0.039488 0.115606 0.051329
v -0.038773 0.116537 0.051550
v -0.037865 0.117270 0.051295
v -0.035977 0.114181 0.053600
v -0.033072 0.112005 0.055495
v -0.032843 0.111721 0.055680
v -0.031962 0.110460 0.056375
v -0.031271 0.109159 0.056900
v -0.030914 0.108249 0.057166
v -0.030617 0.107165 0.057383
v -0.030490 0.106391 0.057474
v -0.030431 0.105385 0.057517
v -0.046234 0.127544 -0.037426
v -0.044920 0.127370 -0.037963
v -0.045984 0.127165 -0.037887
v -0.046524 0.126977 -0.037752
v -0.047285 0.126134 -0.037905
v -0.048023 0.125182 -0.037994
v -0.046631 0.125983 -0.038509
v -0.045866 0.126755 -0.038283
v -0.047257 0.126166 -0.037900
v -0.045689 0.126243 -0.038576
v -0.049323 0.122936 -0.037850
v -0.049844 0.121775 -0.037455
v -0.047426 0.119794 -0.042135
v -0.050180 0.120856 -0.036922
v -0.050264 0.120585 -0.036713
v -0.044894 0.121749 -0.042977
v -0.048971 0.123615 -0.037972
v -0.049132 0.123304 -0.037916
v -0.041864 0.117438 -0.047514
v -0.044025 0.115510 -0.047248
v -0.037892 0.113804 -0.051034
v -0.038813 0.113013 -0.051388
v -0.039514 0.111974 -0.051221
v -0.036303 0.111225 -0.053244
v -0.033704 0.109558 -0.054974
v -0.030431 0.102226 -0.057517
v -0.030444 0.102688 -0.057508
v -0.030506 0.103354 -0.057463
v -0.030718 0.104433 -0.057309
v -0.030883 0.104997 -0.057188
v -0.031383 0.106238 -0.056817
v -0.031643 0.106749 -0.056620
v -0.032573 0.108206 -0.055897
v 0.052568 0.103087 0.034976
v 0.052201 0.102912 0.036459
v 0.051602 0.102660 0.038532
v 0.051873 0.102756 0.037781
v 0.048152 0.101831 0.044107
v 0.048488 0.101896 0.043728
v 0.050271 0.102284 0.041259
v 0.050619 0.102383 0.040546
v 0.049388 0.112143 0.034487
v 0.049243 0.112494 0.033986
v 0.051179 0.109827 0.033285
v 0.049014 0.112907 0.033307
v 0.051071 0.110154 0.032749
v 0.048253 0.113903 0.031349
v 0.050712 0.110968 0.031186
v 0.052268 0.107470 0.030991
v 0.052361 0.106985 0.032107
v 0.052388 0.106785 0.032485
v 0.052268 0.106214 0.033342
v 0.049706 0.111373 0.035583
v 0.051239 0.108871 0.034496
v 0.052003 0.107624 0.033954
v 0.048146 0.101848 0.044114
v 0.048419 0.102079 0.043806
v 0.049873 0.103465 0.041794
v 0.048139 0.101866 0.044122
v 0.048347 0.102262 0.043882
v 0.049364 0.104635 0.042255
v 0.049618 0.105624 0.041437
v 0.050975 0.104831 0.039540
v 0.051203 0.105185 0.038910
v 0.050072 0.109541 0.037760
v 0.051798 0.106439 0.036507
v 0.050065 0.109152 0.038156
v 0.050035 0.107516 0.039818
v 0.049954 0.106932 0.040356
v 0.050043 0.109688 0.037585
v 0.030651 0.104534 0.057009
v 0.031457 0.104438 0.056804
v 0.032172 0.104347 0.056540
v 0.035221 0.103936 0.054987
v 0.034888 0.103983 0.055194
v 0.028592 0.104779 0.057532
v 0.043166 0.117253 0.040992
v 0.049139 0.112375 0.034819
v 0.037530 0.122220 0.044351
v 0.036679 0.123414 0.042973
v 0.043684 0.114032 0.044916
v 0.039467 0.117203 0.048354
v 0.039299 0.117932 0.047937
v 0.038522 0.120237 0.046262
v 0.037892 0.121496 0.045049
v 0.043088 0.110143 0.048167
v 0.040081 0.113404 0.050158
v 0.039693 0.116225 0.048915
v 0.039965 0.106835 0.051642
v 0.040183 0.109867 0.051179
v 0.040193 0.110414 0.051057
v 0.040129 0.112128 0.050541
v 0.027130 0.108290 0.057321
v 0.029677 0.107057 0.057110
v 0.035229 0.103954 0.054982
v 0.035237 0.103972 0.054977
v 0.034953 0.104125 0.055153
v 0.035016 0.104267 0.055112
v 0.032694 0.105452 0.056274
v 0.033171 0.106547 0.055904
v 0.032097 0.105783 0.056494
v 0.032675 0.107113 0.056030
v 0.031968 0.107861 0.056101
v 0.030647 0.109257 0.056235
v 0.028509 0.111269 0.055986
v 0.026099 0.109046 0.057217
v 0.025446 0.109446 0.057136
v 0.028260 0.111470 0.055921
v 0.026964 0.112514 0.055583
v 0.026007 0.113173 0.055274
v 0.036019 0.117798 0.050471
v 0.036118 0.117621 0.050529
v 0.031100 0.113446 0.054207
v 0.039956 0.106834 0.051649
v 0.039331 0.109839 0.051838
v 0.034607 0.109517 0.054530
v 0.039186 0.110381 0.051835
v 0.036959 0.116118 0.051028
v 0.038207 0.113336 0.051607
v 0.038535 0.112347 0.051683
v 0.034462 0.120062 0.049397
v 0.048152 0.101831 -0.044107
v 0.050100 0.102243 -0.041538
v 0.052201 0.102912 -0.036459
v 0.051871 0.102756 -0.037787
v 0.051482 0.102621 -0.038836
v 0.050610 0.102383 -0.040540
v 0.052567 0.103087 -0.034982
v 0.048146 0.101848 -0.044114
v 0.048139 0.101866 -0.044122
v 0.049733 0.103317 -0.042022
v 0.049275 0.104382 -0.042444
v 0.050874 0.104685 -0.039794
v 0.049617 0.105625 -0.041436
v 0.049911 0.106689 -0.040572
v 0.051201 0.105182 -0.038916
v 0.050035 0.107511 -0.039823
v 0.051798 0.106437 -0.036512
v 0.052444 0.106242 -0.033354
v 0.051919 0.107597 -0.033942
v 0.051395 0.108951 -0.034531
v 0.050065 0.109152 -0.038156
v 0.050073 0.109538 -0.037763
v 0.049706 0.111373 -0.035583
v 0.052401 0.106683 -0.032664
v 0.051227 0.109660 -0.033541
v 0.052330 0.107171 -0.031717
v 0.050953 0.110463 -0.032200
v 0.049397 0.112154 -0.034493
v 0.049346 0.112283 -0.034313
v 0.048761 0.113291 -0.032614
v 0.028626 0.101491 -0.057526
v 0.030650 0.101227 -0.057006
v 0.035223 0.100576 -0.054986
v 0.032562 0.100969 -0.056381
v 0.031523 0.101114 -0.056781
v 0.043191 0.105939 -0.048870
v 0.044365 0.109270 -0.047015
v 0.043319 0.107892 -0.048556
v 0.043248 0.110002 -0.047962
v 0.042514 0.114868 -0.045887
v 0.042745 0.114046 -0.046372
v 0.044854 0.113145 -0.043834
v 0.043178 0.111290 -0.047569
v 0.043218 0.110869 -0.047719
v 0.042038 0.116568 -0.044884
v 0.044245 0.116372 -0.040015
v 0.041759 0.117310 -0.044356
v 0.039013 0.121650 -0.039889
v 0.039571 0.121050 -0.040698
v 0.040766 0.119352 -0.042617
v 0.040903 0.119070 -0.042857
v 0.043123 0.104908 -0.049035
v 0.025185 0.106761 -0.056975
v 0.027342 0.105187 -0.057258
v 0.028904 0.108279 -0.055744
v 0.027290 0.109704 -0.055253
v 0.026253 0.106067 -0.057130
v 0.027057 0.109873 -0.055164
v 0.025753 0.110816 -0.054665
v 0.035231 0.100593 -0.054980
v 0.033083 0.101983 -0.056108
v 0.032240 0.102495 -0.056433
v 0.035240 0.100611 -0.054975
v 0.033562 0.102989 -0.055745
v 0.032886 0.103859 -0.055916
v 0.032828 0.103927 -0.055920
v 0.029858 0.103861 -0.057047
v 0.030052 0.107080 -0.055921
v 0.030954 0.106139 -0.056060
v 0.036727 0.119262 -0.046165
v 0.032743 0.113492 -0.051469
v 0.037946 0.117770 -0.047020
v 0.038380 0.117238 -0.047325
v 0.035782 0.110463 -0.052272
v 0.040334 0.113999 -0.048491
v 0.038887 0.116502 -0.047653
v 0.042099 0.109432 -0.049143
v 0.041681 0.110841 -0.049070
v 0.041528 0.111260 -0.049019
v 0.040398 0.113852 -0.048519
v 0.038443 0.107004 -0.052171
v 0.042559 0.107879 -0.049224
v 0.043114 0.104908 -0.049043
v 0.011864 0.138994 -0.034082
v 0.013282 0.140683 -0.032608
v 0.014229 0.141813 -0.030402
v 0.023135 0.131608 -0.035251
v 0.027961 0.128388 -0.037163
v 0.029172 0.127575 -0.037845
v 0.029177 0.128766 -0.035938
v 0.030377 0.127855 -0.036689
v 0.030223 0.128768 -0.034513
v 0.031428 0.127782 -0.035364
v 0.024400 0.132380 -0.033837
v 0.025424 0.132692 -0.032091
v 0.017652 0.135228 -0.034198
v 0.018983 0.136447 -0.032698
v 0.019976 0.137138 -0.030686
v 0.036522 0.122700 -0.041845
v 0.037051 0.122160 -0.042449
v 0.037535 0.121592 -0.043076
v 0.039002 0.119697 -0.044691
v 0.043119 0.104908 -0.049039
v 0.042952 0.107888 -0.048904
v 0.042498 0.110877 -0.048450
v 0.042409 0.111302 -0.048359
v 0.041653 0.114105 -0.047562
v 0.040642 0.116719 -0.046478
v 0.040270 0.117501 -0.046075
v 0.013977 0.141511 0.036400
v 0.012377 0.139605 0.038889
v 0.019452 0.137163 0.036568
v 0.017884 0.135850 0.038944
v 0.028010 0.128815 0.041787
v 0.023258 0.132135 0.039933
v 0.029529 0.129107 0.039976
v 0.024798 0.132896 0.037791
v 0.034090 0.125279 0.043188
v 0.032571 0.124987 0.044999
v 0.033830 0.123603 0.046241
v 0.034529 0.122425 0.047074
v 0.035431 0.123784 0.044745
v 0.036118 0.122497 0.045847
v 0.035416 0.122634 0.046590
v 0.036723 0.120465 0.048146
v 0.037825 0.118031 0.049427
v 0.039961 0.106835 0.051645
v 0.039770 0.109856 0.051525
v 0.039204 0.113401 0.050961
v 0.039707 0.110402 0.051469
v 0.038447 0.116267 0.050133
v -0.045663 0.128798 0.041243
v -0.050413 0.120777 -0.035951
v -0.048761 0.125114 -0.036910
v -0.049429 0.123653 -0.037001
v -0.050347 0.121027 -0.036161
v -0.050284 0.121249 -0.036317
v -0.050041 0.122024 -0.036698
v -0.049675 0.123042 -0.036947
v -0.047703 0.126968 -0.036546
v -0.048244 0.126071 -0.036751
v -0.047459 0.127434 -0.036288
v -0.046957 0.128341 -0.035536
v -0.043149 0.133715 -0.028656
v -0.043394 0.133467 -0.028973
v -0.044687 0.131992 -0.030850
v -0.045656 0.130656 -0.032552
v -0.049332 0.123964 0.039138
v -0.050551 0.120245 0.035419
v -0.046635 0.128059 0.041107
v -0.046991 0.128180 0.040662
v -0.046940 0.128163 0.040725
v -0.047336 0.127682 0.040640
v -0.047240 0.128155 0.039804
v -0.048158 0.126360 0.040426
v -0.048403 0.125920 0.040296
v -0.048891 0.124962 0.039874
v -0.049025 0.124673 0.039700
v -0.046652 0.128393 0.040915
v -0.046760 0.128803 0.039996
v -0.046647 0.128870 0.040117
v -0.046707 0.128853 0.040070
v -0.043149 0.133715 0.033856
v -0.044479 0.132250 0.035722
v -0.043331 0.133531 0.034091
v -0.045323 0.131144 0.037130
v -0.024898 0.154477 0.034695
vn 0.9950 -0.0993 -0.0058
vn -0.8221 0.5694 -0.0000
vn -0.5877 0.8091 -0.0000
vn -0.1909 0.9816 -0.0000
vn 0.2416 0.9704 -0.0000
vn 0.6290 0.7774 -0.0000
vn 0.6291 0.7773 -0.0000
vn 0.6289 0.7774 -0.0000
vn 0.9998 -0.0068 0.0202
vn 0.9982 -0.0527 -0.0276
vn 0.9975 0.0578 0.0399
vn 0.9979 -0.0327 -0.0563
vn 0.9872 0.1489 0.0570
vn 0.9963 0.0860 0.0052
vn 0.9805 0.1962 -0.0108
vn 0.9770 0.2134 -0.0028
vn 0.9597 0.2809 0.0020
vn 0.9463 0.3230 0.0122
vn 0.9612 0.2755 0.0122
vn 0.9466 0.3220 0.0151
vn 0.9291 0.3695 0.0134
vn 0.9443 0.3291 -0.0064
vn 0.9255 0.3786 -0.0110
vn 0.8949 0.4462 0.0052
vn 0.8817 0.4719 -0.0016
vn 0.8305 0.5570 0.0047
vn 0.8268 0.5625 -0.0000
vn 0.6284 0.7779 -0.0000
vn 0.9981 -0.0610 -0.0058
vn 0.9422 -0.3261 0.0765
vn 0.9697 -0.2323 -0.0756
vn 0.9469 -0.3055 0.1004
vn 0.9769 -0.2134 0.0133
vn 0.9571 -0.2848 -0.0532
vn 0.9547 -0.2965 -0.0245
vn 0.9489 -0.3155 -0.0000
vn 0.9514 -0.3077 0.0100
vn 0.9538 -0.2994 0.0231
vn 0.9355 -0.3473 -0.0646
vn 0.9678 -0.2484 0.0416
vn 0.9444 -0.3108 -0.1069
vn 0.9739 -0.2266 -0.0115
vn 0.9969 -0.0784 0.0048
vn 0.9972 -0.0752 0.0052
vn 0.9968 -0.0796 0.0052
vn 0.9968 -0.0794 0.0053
vn 0.9932 0.0874 -0.0774
vn 0.9996 0.0230 -0.0175
vn 0.9982 -0.0604 -0.0049
vn 0.9995 0.0093 -0.0306
vn 0.9984 -0.0545 -0.0123
vn 0.9663 0.2574 -0.0029
vn 0.9664 0.2569 -0.0029
vn 0.9221 0.3870 0.0022
vn 0.9271 0.3747 0.0110
vn 0.8638 0.5035 -0.0186
vn 0.8774 0.4796 0.0130
vn 0.8028 0.5962 -0.0066
vn 0.8108 0.5854 -0.0000
vn 0.7771 0.6294 -0.0000
vn 0.9944 0.0145 0.1050
vn 0.9944 0.1060 0.0046
vn 0.9660 0.2585 -0.0043
vn 0.9664 0.2571 -0.0033
vn 0.9660 0.2587 -0.0033
vn 0.9658 0.2592 -0.0033
vn 0.6331 0.7741 -0.0000
vn 0.2882 0.9576 -0.0000
vn -0.1007 0.9949 -0.0000
vn -0.4742 0.8804 -0.0000
vn -0.7754 0.6315 -0.0000
vn -0.7660 0.6428 -0.0000
vn -0.7661 0.6428 -0.0000
vn -0.7661 0.6427 -0.0000
vn -0.7660 0.6428 -0.0001
vn -0.7661 0.6428 0.0001
vn -0.7660 0.6428 0.0001
vn -0.7060 0.7082 -0.0000
vn -1.0000 -0.0000 -0.0000
vn 1.0000 -0.0000 -0.0000
vn 0.6428 0.7660 -0.0000
vn 0.6428 0.7661 -0.0000
vn 0.6430 0.7659 -0.0000
vn -0.0000 -0.0000 -1.0000
vn -0.0000 -0.0000 1.0000
vn -0.0000 0.7071 -0.7071
vn 0.0001 0.7070 -0.7072
vn -0.0001 0.7072 -0.7070
vn -0.0473 0.5876 0.8078
vn -0.0000 0.5519 0.8339
vn 0.0090 0.3654 0.9308
vn -0.0112 0.6204 0.7842
vn -0.0000 0.4601 0.8879
vn -0.4710 0.8812 0.0420
vn -0.0000 0.0043 1.0000
vn -0.0000 0.3489 0.9372
vn 0.0054 0.1356 0.9907
vn -0.0150 0.3629 0.9317
vn 0.0003 0.1143 0.9934
vn -0.0000 0.6427 0.7661
vn -0.0000 0.6428 0.7660
vn -0.0001 0.6428 0.7660
vn -0.0000 0.6428 0.7661
vn 0.9894 0.1449 -0.0000
vn 0.9063 0.4226 -0.0000
vn 0.7470 0.6648 -0.0000
vn -0.0000 0.6780 -0.7351
vn -0.0139 0.6669 -0.7450
vn 0.0021 0.5574 -0.8302
vn -0.0000 0.1179 -0.9930
vn -0.0000 0.1176 -0.9931
vn -0.0000 0.3469 -0.9379
vn -0.0000 0.3460 -0.9382
vn -0.0000 0.3470 -0.9379
vn -0.0000 0.3459 -0.9383
vn -0.0000 0.5558 -0.8313
vn -0.0068 0.6785 -0.7346
vn -0.1064 0.6718 -0.7330
vn 0.6838 -0.0091 0.7296
vn 0.6213 -0.0031 0.7836
vn 0.5943 -0.0012 0.8042
vn 0.5578 -0.0000 0.8299
vn 0.5932 0.0006 0.8051
vn 0.6918 0.0006 0.7221
vn 0.6866 -0.0000 0.7270
vn 0.6996 -0.0000 -0.7145
vn 0.6918 -0.0007 -0.7221
vn 0.6417 0.0002 -0.7669
vn 0.5932 -0.0000 -0.8051
vn 0.5826 -0.0011 -0.8128
vn 0.6418 0.0002 -0.7669
vn -0.6045 -0.0000 0.7966
vn -0.5596 -0.0019 0.8287
vn -0.5624 -0.0000 0.8268
vn -0.5358 -0.0039 0.8444
vn -0.5274 -0.0046 0.8496
vn -0.5266 -0.0038 0.8501
vn -0.5085 -0.0060 0.8610
vn -0.5080 -0.0031 0.8614
vn -0.5114 0.0014 0.8594
vn -0.5107 -0.0063 0.8597
vn -0.5053 -0.0013 0.8629
vn -0.5074 -0.0039 0.8617
vn -0.6068 -0.0000 -0.7949
vn -0.5127 -0.0071 -0.8585
vn -0.5133 -0.0092 -0.8582
vn -0.5124 -0.0070 -0.8587
vn -0.5102 -0.0036 -0.8600
vn -0.5079 -0.0007 -0.8614
vn -0.5406 -0.0092 -0.8412
vn -0.5204 0.0022 -0.8539
vn -0.5138 -0.0027 -0.8579
vn -0.5073 -0.0000 -0.8618
vn -0.5624 -0.0012 -0.8268
vn -0.5359 -0.0039 -0.8443
vn -0.5665 -0.0016 -0.8241
vn -0.0000 0.0456 0.9990
vn 0.0036 0.1736 0.9848
vn 0.0066 0.1351 0.9908
vn 0.0018 0.2265 0.9740
vn -0.0000 0.6298 0.7767
vn 0.0009 0.5549 0.8319
vn 0.0086 0.4341 0.9008
vn 0.0016 0.5000 0.8660
vn -0.0004 0.3243 0.9460
vn -0.0004 0.3246 0.9459
vn 0.0008 0.4297 -0.9030
vn -0.0007 0.5278 -0.8494
vn -0.0007 0.6087 -0.7934
vn 0.0068 0.5298 -0.8481
vn -0.0000 0.6509 -0.7592
vn -0.0000 0.1305 -0.9914
vn 0.0086 0.0230 -0.9997
vn 0.0046 0.0839 -0.9965
vn 0.0009 0.1707 -0.9853
vn -0.0002 0.2516 -0.9678
vn -0.0002 0.3827 -0.9239
vn 0.0107 0.2531 -0.9674
vn 0.0041 0.3414 -0.9399
vn -0.0636 0.0638 -0.9959
vn -0.1559 0.1199 -0.9805
vn -0.1752 0.1551 -0.9722
vn -0.4266 0.4196 -0.8012
vn -0.3797 0.3277 -0.8651
vn -0.3364 0.2249 -0.9145
vn -0.3929 0.3928 -0.8315
vn -0.2527 0.2603 -0.9319
vn -0.2527 0.2604 -0.9318
vn -0.6484 0.6538 -0.3901
vn -0.5989 0.5877 -0.5440
vn -0.5614 0.4972 -0.6615
vn -0.5911 0.5847 -0.5555
vn -0.5088 0.5137 -0.6908
vn -0.5087 0.5136 -0.6910
vn -0.7256 0.6838 -0.0777
vn -0.6926 0.6944 -0.1951
vn -0.7060 0.7081 -0.0061
vn -0.7255 0.6838 -0.0779
vn -0.7258 0.6836 -0.0767
vn -0.6979 0.6859 -0.2062
vn -0.6980 0.6859 -0.2060
vn -0.6800 0.6768 -0.2819
vn -0.6803 0.6770 -0.2808
vn -0.6747 0.6733 -0.3024
vn -0.6484 0.6539 -0.3899
vn -0.1223 0.5343 -0.8364
vn -0.0434 0.6092 -0.7918
vn -0.7052 0.7090 -0.0047
vn -0.6659 0.7264 -0.1701
vn -0.6446 0.7617 -0.0650
vn -0.6552 0.7429 -0.1372
vn -0.4837 0.7772 -0.4025
vn -0.6142 0.7388 -0.2772
vn -0.1772 0.8405 -0.5120
vn -0.2638 0.7804 -0.5669
vn -0.1270 0.6923 -0.7103
vn -0.0843 0.7347 -0.6732
vn -0.1241 0.6899 -0.7132
vn -0.1690 0.6412 -0.7485
vn -0.2993 0.7448 -0.5964
vn -0.2830 0.7220 -0.6314
vn -0.4800 0.7528 -0.4504
vn -0.4801 0.7528 -0.4503
vn -0.0480 0.4230 -0.9049
vn -0.1533 0.4353 -0.8871
vn -0.2949 0.6045 -0.7400
vn -0.3869 0.6182 -0.6842
vn -0.5067 0.7133 -0.4842
vn -0.5550 0.7066 -0.4389
vn -0.6496 0.7349 -0.1945
vn -0.6031 0.7790 -0.1717
vn -0.0557 0.2181 -0.9743
vn -0.1971 0.2746 -0.9411
vn -0.3212 0.4605 -0.8275
vn -0.4168 0.4836 -0.7697
vn -0.5383 0.6348 -0.5543
vn -0.5865 0.6344 -0.5036
vn -0.6730 0.7135 -0.1950
vn -0.6848 0.7076 -0.1746
vn -0.7206 0.6396 0.2677
vn -0.6775 0.6753 0.2915
vn -0.6800 0.6768 0.2819
vn -0.6979 0.6859 0.2062
vn -0.6979 0.6859 0.2061
vn -0.7259 0.6836 0.0762
vn -0.7060 0.7082 0.0061
vn -0.6926 0.6944 0.1951
vn -0.7256 0.6838 0.0777
vn -0.7255 0.6838 0.0779
vn -0.5967 0.5816 0.5529
vn -0.6440 0.6505 0.4026
vn -0.6441 0.6506 0.4024
vn -0.3594 0.2897 0.8871
vn -0.3929 0.3928 0.8315
vn -0.4216 0.4094 0.8091
vn -0.4995 0.5065 0.7028
vn -0.5843 0.5915 0.5556
vn -0.5574 0.4884 0.6714
vn -0.5573 0.4882 0.6716
vn -0.1377 0.1381 0.9808
vn -0.0965 -0.0061 0.9953
vn -0.1536 0.1261 0.9801
vn -0.2253 0.2231 0.9484
vn -0.3051 0.3100 0.9005
vn -0.3050 0.3099 0.9005
vn -0.5941 0.7874 0.1641
vn -0.0295 0.5651 0.8245
vn -0.1083 0.6097 0.7852
vn -0.4976 0.7617 0.4151
vn -0.3490 0.7301 0.5874
vn -0.2788 0.7208 0.6346
vn -0.2383 0.6712 0.7019
vn -0.2382 0.6712 0.7020
vn -0.5941 0.7875 0.1641
vn -0.6227 0.7432 0.2449
vn -0.5293 0.7319 0.4291
vn -0.4796 0.8185 0.3162
vn -0.4976 0.7617 0.4150
vn -0.6667 0.7255 0.1709
vn -0.6438 0.7632 0.0558
vn -0.1273 0.3418 0.9311
vn -0.1196 0.1561 0.9805
vn -0.3696 0.5309 0.7626
vn -0.3663 0.4188 0.8309
vn -0.5602 0.6610 0.4992
vn -0.5641 0.6111 0.5553
vn -0.6765 0.7158 0.1732
vn -0.6811 0.7057 0.1951
vn -0.3468 0.6564 0.6700
vn -0.3346 0.5652 0.7540
vn -0.5331 0.7281 0.4309
vn -0.5298 0.6909 0.4919
vn -0.6596 0.7342 0.1610
vn -0.6450 0.7617 0.0615
vn -0.0355 0.5900 0.8066
vn -0.0516 0.5934 0.8033
vn -0.1818 0.4633 0.8674
vn -0.0491 0.4170 0.9076
vn -0.7097 -0.0000 -0.7045
vn -0.8481 -0.0002 -0.5298
vn -0.7123 0.0002 -0.7019
vn -0.7118 0.0002 -0.7023
vn -0.9897 0.0010 -0.1434
vn -0.9408 -0.0010 -0.3389
vn -0.9444 -0.0004 -0.3288
vn -0.8539 0.0005 -0.5204
vn -0.8540 0.0005 -0.5204
vn -0.9938 -0.0000 -0.1114
vn -0.9998 -0.0055 -0.0176
vn -0.8449 -0.0124 0.5348
vn -0.8449 -0.0124 0.5349
vn -0.9354 -0.0566 0.3491
vn -0.4485 -0.6713 0.5901
vn -0.9311 -0.0875 0.3541
vn -0.9444 -0.0000 0.3288
vn -0.8481 -0.0000 0.5298
vn -0.8476 0.0001 0.5306
vn -0.7097 -0.0000 0.7045
vn -0.7090 -0.0001 0.7052
vn -0.8467 0.0001 0.5320
vn -0.9466 0.0004 0.3225
vn -0.9931 0.0004 0.1176
vn -0.9938 -0.0000 0.1114
vn -0.7065 0.7077 -0.0000
vn -0.7108 0.7034 -0.0000
vn -0.7117 0.7024 -0.0000
vn -0.7386 0.6742 0.0001
vn -0.7444 0.6677 -0.0002
vn -0.7815 0.6239 0.0001
vn -0.7934 0.6087 -0.0003
vn -0.9019 0.4319 0.0078
vn -0.9203 0.3912 -0.0022
vn -0.9146 0.4045 -0.0017
vn -0.9067 0.4217 -0.0010
vn -0.8970 0.4420 -0.0005
vn -0.8836 0.4683 -0.0000
vn -0.8461 0.5331 -0.0000
vn -0.8680 0.4966 -0.0003
vn -0.8459 0.5333 -0.0003
vn -0.8682 0.4962 -0.0020
vn -0.8323 0.5543 0.0005
vn -0.9496 0.3134 -0.0061
vn -0.8834 0.4685 0.0115
vn -0.8912 0.4535 0.0099
vn -0.9648 0.2630 0.0007
vn -0.9155 0.4022 0.0055
vn -0.9302 0.3670 0.0033
vn -0.9421 0.3354 0.0020
vn -0.9508 0.3097 0.0012
vn -0.9585 0.2851 0.0008
vn -0.9626 0.2709 0.0007
vn -0.9999 0.0132 -0.0000
vn -0.9889 0.1488 0.0007
vn -0.9895 0.1447 0.0007
vn -0.9464 0.3226 -0.0190
vn -0.9932 0.1168 0.0014
vn -0.1857 0.5430 0.8189
vn -0.2440 -0.2643 0.9330
vn -0.9053 0.0488 0.4219
vn -0.7693 -0.0478 0.6371
vn -0.7161 -0.0898 0.6922
vn -0.7758 0.1336 0.6166
vn -0.4125 0.4802 0.7741
vn -0.4780 0.3669 0.7981
vn -0.4568 0.1172 0.8818
vn -0.0210 -0.0494 0.9986
vn -0.2516 0.4541 0.8547
vn -0.4126 0.4801 0.7741
vn -0.0028 0.6037 0.7972
vn -0.0196 0.5773 0.8163
vn 0.0165 -0.1531 0.9881
vn -0.2191 0.5992 0.7701
vn -0.5578 0.3598 0.7480
vn -0.5590 0.3721 0.7410
vn -0.7352 0.2695 0.6220
vn -0.7349 0.2699 0.6222
vn -0.1960 0.5853 0.7868
vn -0.2046 0.5950 0.7773
vn -0.5507 0.3888 0.7386
vn -0.5739 0.4128 0.7073
vn -0.7542 0.1775 0.6322
vn -0.7542 0.1774 0.6322
vn -0.7442 0.2113 0.6337
vn -0.7437 0.2104 0.6346
vn -0.1658 0.5814 0.7966
vn -0.1941 0.5806 0.7907
vn -0.4708 0.3974 0.7877
vn -0.5445 0.3738 0.7508
vn -0.7818 0.0590 0.6208
vn -0.8138 0.1278 0.5669
vn -0.8438 0.1611 0.5119
vn -0.1309 0.5709 0.8105
vn -0.1558 0.5665 0.8092
vn -0.3739 0.3819 0.8452
vn -0.4406 0.3522 0.8257
vn -0.5829 0.1589 0.7968
vn -0.6683 0.0923 0.7381
vn -0.1139 0.5617 0.8195
vn -0.1204 0.5608 0.8191
vn -0.3289 0.3618 0.8723
vn -0.3473 0.3564 0.8674
vn -0.4990 0.1164 0.8588
vn -0.5148 0.1298 0.8474
vn -0.5410 0.1180 0.8327
vn -0.1042 0.5599 0.8220
vn -0.1105 0.5588 0.8219
vn -0.3015 0.3592 0.8832
vn -0.3153 0.3502 0.8820
vn -0.3094 0.3651 0.8780
vn -0.4740 0.1288 0.8711
vn -0.4691 0.1251 0.8742
vn -0.4485 0.4667 0.7623
vn -0.1362 0.5835 0.8006
vn 0.1392 0.2274 0.9638
vn -0.0756 0.4274 0.9009
vn -0.2286 0.4740 0.8503
vn -0.0864 0.3223 0.9427
vn -0.1951 0.3753 0.9061
vn -0.0790 -0.0851 0.9932
vn -0.4167 0.1695 0.8931
vn -0.4457 0.1790 0.8771
vn -0.4018 0.1311 0.9063
vn -0.4212 0.1423 0.8957
vn -0.3918 0.0985 0.9148
vn -0.4036 0.1091 0.9084
vn -0.3842 0.0691 0.9207
vn -0.3911 0.0777 0.9171
vn -0.3800 0.0415 0.9241
vn -0.3827 0.0467 0.9227
vn -0.3776 0.0141 0.9259
vn -0.3782 0.0159 0.9256
vn -0.1390 0.2937 0.9457
vn -0.1105 0.2304 0.9668
vn -0.1693 0.2864 0.9430
vn -0.1071 0.1603 0.9812
vn -0.1509 0.2020 0.9677
vn -0.1168 0.0930 0.9888
vn -0.1374 0.1212 0.9831
vn -0.1230 0.0311 0.9919
vn -0.1289 0.0414 0.9908
vn -0.1290 -0.0000 0.9916
vn -0.3783 -0.0000 0.9257
vn -0.1768 0.6377 -0.7497
vn -0.3855 0.6114 -0.6911
vn -0.1831 0.6878 -0.7024
vn -0.1762 0.6378 -0.7498
vn -0.2196 0.6314 -0.7437
vn -0.3039 0.7201 -0.6238
vn -0.1760 0.6319 -0.7548
vn -0.4871 0.5384 -0.6876
vn -0.4208 0.4992 -0.7574
vn -0.4336 0.5630 -0.7035
vn -0.4436 0.3794 -0.8119
vn -0.4204 0.4989 -0.7578
vn -0.3820 0.5818 -0.7180
vn -0.1799 0.6622 -0.7274
vn -0.1734 0.6533 -0.7370
vn -0.1734 0.6531 -0.7371
vn -0.1733 0.6875 -0.7052
vn -0.6059 0.3759 -0.7012
vn -0.1694 0.6686 -0.7241
vn -0.7943 0.1435 -0.5903
vn -0.7448 0.2787 -0.6063
vn -0.6684 0.3985 -0.6280
vn -0.6682 0.3987 -0.6281
vn -0.8887 0.0694 -0.4532
vn -0.9458 -0.0263 -0.3238
vn -0.4843 0.5273 -0.6981
vn -0.4196 0.4918 -0.7629
vn -0.4526 0.5636 -0.6910
vn -0.4844 0.5273 -0.6981
vn -0.9327 0.0240 -0.3599
vn -0.8691 0.1551 -0.4696
vn -0.8301 0.0713 -0.5530
vn -0.8087 0.0459 -0.5864
vn -0.7802 0.1840 -0.5978
vn -0.6893 0.0639 -0.7217
vn -0.1571 0.6779 -0.7182
vn -0.1459 0.6537 -0.7426
vn -0.1331 0.6663 -0.7337
vn -0.1151 0.6434 -0.7569
vn -0.1065 0.6554 -0.7477
vn -0.2945 0.5085 -0.8091
vn -0.3350 0.4781 -0.8119
vn -0.3845 0.5415 -0.7476
vn -0.6493 0.2796 -0.7073
vn -0.7026 0.3957 -0.5914
vn -0.8410 0.2022 -0.5019
vn -0.6445 0.1659 -0.7464
vn -0.6662 0.0414 -0.7446
vn -0.4910 0.3523 -0.7968
vn -0.5314 0.2798 -0.7996
vn -0.4707 0.3356 -0.8159
vn -0.3081 0.5191 -0.7972
vn -0.0903 0.6426 -0.7609
vn -0.0991 0.6083 -0.7875
vn -0.2772 0.4948 -0.8236
vn -0.2773 0.4947 -0.8236
vn -0.3148 0.3872 -0.8666
vn -0.4377 0.3090 -0.8443
vn -0.4376 0.3092 -0.8443
vn -0.5064 0.1323 -0.8521
vn -0.5629 0.0978 -0.8207
vn -0.4979 0.1509 -0.8540
vn -0.4947 0.1239 -0.8602
vn -0.3197 0.4055 -0.8564
vn -0.3193 0.3905 -0.8635
vn -0.1111 0.6215 -0.7755
vn -0.1111 0.6171 -0.7790
vn -0.2558 0.0108 -0.9667
vn -0.4179 0.0049 -0.9085
vn -0.2558 0.0136 -0.9666
vn -0.0927 0.1309 -0.9871
vn -0.0816 0.0788 -0.9935
vn -0.0882 0.0645 -0.9940
vn -0.0847 0.0215 -0.9962
vn -0.0860 0.0178 -0.9961
vn -0.4179 0.0048 -0.9085
vn -0.4189 0.0169 -0.9079
vn -0.4187 0.0180 -0.9080
vn -0.4222 0.0346 -0.9059
vn -0.4220 0.0365 -0.9059
vn -0.4272 0.0499 -0.9028
vn -0.4277 0.0535 -0.9023
vn -0.4345 0.0669 -0.8982
vn -0.4350 0.0721 -0.8976
vn -0.4429 0.0831 -0.8927
vn -0.4456 0.0897 -0.8907
vn -0.2550 0.0126 -0.9669
vn -0.2572 0.0399 -0.9655
vn -0.2541 0.0498 -0.9659
vn -0.2608 0.0809 -0.9620
vn -0.2548 0.1018 -0.9616
vn -0.2622 0.1207 -0.9574
vn -0.2630 0.1491 -0.9532
vn -0.2699 0.1627 -0.9490
vn -0.2653 0.2043 -0.9423
vn -0.2702 0.2109 -0.9394
vn -0.2818 0.2549 -0.9250
vn -0.1641 0.4749 -0.8646
vn -0.0999 0.4029 -0.9098
vn -0.0906 0.3370 -0.9371
vn -0.0803 0.3229 -0.9430
vn -0.0996 0.2621 -0.9599
vn -0.0866 0.2367 -0.9677
vn -0.0765 0.1976 -0.9773
vn -0.1061 0.2334 -0.9666
vn -0.0781 0.1615 -0.9838
vn -0.0882 0.5014 -0.8607
vn -0.0829 0.4230 -0.9023
vn -0.2859 0.3203 -0.9031
vn -0.2852 0.2588 -0.9229
vn -0.4582 0.1117 -0.8818
vn -0.4557 0.1015 -0.8843
vn -0.1037 0.6167 -0.7804
vn -0.1086 0.5187 -0.8480
vn -0.3088 0.3984 -0.8637
vn -0.2975 0.3301 -0.8959
vn -0.4797 0.1390 -0.8663
vn -0.4745 0.1257 -0.8712
vn -0.4179 -0.0000 -0.9085
vn -0.3783 -0.0007 -0.9257
vn -0.0860 -0.0000 -0.9963
vn -0.1290 -0.0007 -0.9916
vn -0.2558 0.0004 -0.9667
vn 0.7367 -0.0000 0.6762
vn 0.8146 -0.0001 0.5800
vn 0.7548 -0.0047 0.6559
vn 0.8189 -0.0007 0.5739
vn 0.9738 0.0005 0.2275
vn 0.9436 -0.0007 0.3312
vn 0.9319 -0.0015 0.3627
vn 0.9006 0.0004 0.4347
vn 0.9005 0.0004 0.4348
vn 0.9737 0.0005 0.2276
vn 0.9924 -0.0014 0.1234
vn 0.9971 -0.0000 0.0763
vn 0.9050 0.4220 -0.0535
vn 0.9884 0.1448 -0.0455
vn 0.8201 0.5517 0.1520
vn 0.8198 0.5454 0.1745
vn 0.8062 0.5856 0.0849
vn 0.8066 0.5785 0.1212
vn 0.7695 0.6380 0.0275
vn 0.7689 0.6341 0.0816
vn 0.7459 0.6638 -0.0553
vn 0.9402 0.3332 0.0715
vn 0.8239 0.5190 0.2277
vn 0.8389 0.5286 0.1298
vn 0.9144 0.4006 0.0587
vn 0.9146 0.4044 -0.0002
vn 0.9288 0.3608 0.0841
vn 0.9283 0.3696 0.0396
vn 0.9337 0.3390 0.1151
vn 0.9338 0.3404 0.1103
vn 0.9423 0.3064 0.1351
vn 0.9904 0.1381 0.0043
vn 0.9899 0.1398 -0.0242
vn 0.9920 0.1254 0.0163
vn 0.9915 0.1298 -0.0060
vn 0.9926 0.1183 0.0280
vn 0.9924 0.1227 0.0119
vn 0.9935 0.1075 0.0375
vn 0.7380 -0.0016 0.6748
vn 0.7509 0.0095 0.6604
vn 0.7465 0.0218 0.6651
vn 0.7949 0.0665 0.6031
vn 0.7365 0.0018 0.6764
vn 0.7531 0.0161 0.6577
vn 0.7542 0.0006 0.6567
vn 0.8138 0.0567 0.5783
vn 0.8153 0.0100 0.5789
vn 0.8915 0.0975 0.4423
vn 0.8815 0.0680 0.4672
vn 0.8623 0.2476 0.4417
vn 0.8367 0.2104 0.5056
vn 0.8361 0.1856 0.5162
vn 0.8568 0.1854 0.4811
vn 0.7839 0.1018 0.6125
vn 0.8966 0.0551 0.4394
vn 0.9336 0.1118 0.3404
vn 0.9257 0.0789 0.3699
vn 0.9594 0.1486 0.2396
vn 0.9536 0.1104 0.2800
vn 0.8726 0.3505 0.3401
vn 0.8726 0.3506 0.3400
vn 0.8754 0.3143 0.3672
vn 0.8901 0.3272 0.3172
vn 0.8660 0.2761 0.4169
vn 0.9651 0.1112 0.2371
vn 0.9792 0.1808 0.0916
vn 0.9787 0.0339 0.2026
vn 0.8417 0.4772 0.2527
vn 0.8798 0.3730 0.2946
vn 0.9416 0.2917 0.1682
vn 0.0783 -0.0000 0.9969
vn 0.1421 -0.0019 0.9898
vn 0.2333 0.0004 0.9724
vn 0.4150 -0.0000 0.9098
vn 0.5371 -0.0076 0.8435
vn 0.5237 -0.0067 0.8519
vn 0.4398 -0.0021 0.8981
vn 0.3376 -0.0002 0.9413
vn 0.2335 0.0004 0.9724
vn 0.6214 -0.0024 0.7835
vn 0.7790 0.5956 0.1960
vn 0.7123 0.6793 0.1766
vn 0.6000 0.7730 0.2061
vn 0.6463 0.7506 0.1371
vn 0.6585 0.7522 0.0234
vn 0.9403 0.2457 0.2356
vn 0.9404 0.2454 0.2353
vn 0.5510 0.6716 0.4953
vn 0.6333 0.6422 0.4318
vn 0.7790 0.5955 0.1961
vn 0.6947 0.0776 0.7151
vn 0.7434 0.1454 0.6528
vn 0.7748 0.2762 0.5687
vn 0.7771 0.3286 0.5367
vn 0.7549 0.2950 0.5857
vn 0.7811 0.3666 0.5054
vn 0.7064 0.1480 0.6922
vn 0.6988 0.0415 0.7141
vn 0.7129 0.0978 0.6944
vn 0.7132 0.0976 0.6941
vn 0.7158 0.0953 0.6917
vn 0.6468 0.0691 0.7595
vn 0.7411 0.4593 0.4897
vn 0.7535 0.3505 0.5562
vn 0.7543 0.3485 0.5564
vn 0.6992 0.2394 0.6737
vn 0.6992 0.2395 0.6736
vn 0.7411 0.4594 0.4897
vn 0.7501 0.5561 0.3580
vn 0.7617 0.5346 0.3659
vn 0.6652 0.7444 0.0588
vn 0.7211 0.6785 0.1400
vn 0.6967 0.7073 0.1198
vn 0.7224 0.6334 0.2774
vn 0.7899 0.4387 0.4285
vn 0.7897 0.4118 0.4549
vn 0.7682 0.5406 0.3430
vn 0.7725 0.5535 0.3113
vn 0.6979 0.7063 0.1188
vn 0.6977 0.7083 0.1075
vn 0.5378 0.0001 0.8431
vn 0.5243 0.0086 0.8515
vn 0.5310 0.0148 0.8473
vn 0.4514 0.0629 0.8901
vn 0.4790 0.0865 0.8736
vn 0.3803 0.1431 0.9137
vn 0.4018 0.1387 0.9052
vn 0.5379 0.0001 0.8430
vn 0.5275 0.0067 0.8495
vn 0.5244 0.0006 0.8515
vn 0.4589 0.0406 0.8875
vn 0.4407 0.0081 0.8976
vn 0.3633 0.0526 0.9302
vn 0.3420 0.0484 0.9384
vn 0.1914 0.3263 0.9257
vn 0.2128 0.2893 0.9333
vn 0.1669 0.3023 0.9385
vn 0.3347 0.2194 0.9164
vn 0.2902 0.2053 0.9347
vn 0.3898 0.1526 0.9082
vn 0.2420 0.1020 0.9649
vn 0.2705 0.0765 0.9597
vn 0.2391 0.0634 0.9689
vn 0.1333 0.1165 0.9842
vn 0.0876 0.1008 0.9910
vn 0.1093 0.3640 0.9250
vn 0.0176 0.1332 0.9909
vn 0.1900 0.3330 0.9236
vn 0.0602 0.3872 0.9200
vn 0.1794 0.3731 0.9103
vn 0.0808 0.4081 0.9094
vn -0.0061 0.4273 0.9041
vn 0.1532 0.4267 0.8913
vn -0.0886 0.4575 0.8848
vn 0.1282 0.4959 0.8589
vn 0.0530 0.1188 0.9915
vn -0.0025 0.1424 0.9898
vn 0.0451 0.1355 0.9898
vn -0.0336 0.1547 0.9874
vn 0.0291 0.1508 0.9881
vn -0.0685 0.1640 0.9841
vn 0.0115 0.1736 0.9847
vn 0.1732 0.5277 0.8316
vn 0.0568 0.6070 0.7927
vn 0.5521 0.0147 0.8336
vn 0.5459 0.0307 0.8373
vn 0.5200 0.1326 0.8438
vn 0.5099 0.0833 0.8562
vn 0.4317 0.1941 0.8809
vn 0.2634 0.3951 0.8801
vn 0.3850 0.2660 0.8838
vn 0.3881 0.3012 0.8710
vn 0.4316 0.1943 0.8809
vn 0.2166 0.4663 0.8577
vn 0.1146 0.5579 0.8219
vn 0.1661 0.4940 0.8534
vn 0.1660 0.4940 0.8534
vn 0.1731 0.5278 0.8315
vn 0.0782 0.5778 0.8124
vn 0.0991 0.5951 0.7975
vn 0.0416 0.6100 0.7913
vn 0.2547 0.4471 0.8575
vn 0.2485 0.4419 0.8620
vn 0.2512 0.4344 0.8650
vn 0.4596 0.2293 0.8580
vn 0.4596 0.2292 0.8581
vn 0.3932 0.2729 0.8780
vn 0.3628 0.3461 0.8652
vn 0.3630 0.3460 0.8652
vn 0.5956 -0.0040 0.8033
vn 0.5433 0.1115 0.8321
vn 0.5276 0.0542 0.8478
vn 0.5028 0.1455 0.8520
vn 0.9971 -0.0000 -0.0765
vn 0.9924 -0.0014 -0.1234
vn 0.9737 0.0005 -0.2279
vn 0.9319 -0.0015 -0.3627
vn 0.9405 -0.0008 -0.3399
vn 0.8146 -0.0000 -0.5800
vn 0.7372 -0.0060 -0.6756
vn 0.7487 -0.0051 -0.6629
vn 0.8081 -0.0011 -0.5890
vn 0.8924 0.0006 -0.4512
vn 0.7365 0.0018 -0.6764
vn 0.7445 0.0086 -0.6675
vn 0.7483 0.0004 -0.6633
vn 0.7934 0.0413 -0.6074
vn 0.8075 0.0076 -0.5898
vn 0.7380 -0.0016 -0.6748
vn 0.7485 0.0078 -0.6631
vn 0.7429 0.0138 -0.6693
vn 0.7977 0.0642 -0.5996
vn 0.7749 0.0877 -0.6259
vn 0.8521 0.1733 -0.4939
vn 0.8297 0.1780 -0.5290
vn 0.8839 0.0929 -0.4583
vn 0.8756 0.0590 -0.4794
vn 0.8888 0.0504 -0.4556
vn 0.9185 0.0920 -0.3846
vn 0.9331 0.0914 -0.3477
vn 0.8318 0.1981 -0.5185
vn 0.8732 0.2590 -0.4129
vn 0.8540 0.2557 -0.4531
vn 0.8902 0.3271 -0.3171
vn 0.8687 0.3266 -0.3724
vn 0.8726 0.3503 -0.3403
vn 0.8875 0.4180 -0.1939
vn 0.8695 0.4198 -0.2603
vn 0.8695 0.4198 -0.2604
vn 0.9829 0.1268 -0.1334
vn 0.9593 0.1485 -0.2400
vn 0.9535 0.1102 -0.2804
vn 0.9650 0.1111 -0.2374
vn 0.9781 0.1637 -0.1286
vn 0.9852 0.1464 -0.0891
vn 0.8239 0.5448 -0.1562
vn 0.8096 0.4516 -0.3749
vn 0.8672 0.4876 -0.1011
vn 0.9927 0.1133 -0.0409
vn 0.9643 0.0704 -0.2552
vn 0.8972 0.2456 -0.3670
vn 0.9091 0.2975 0.2916
vn 0.8632 0.3896 -0.3212
vn 0.9913 0.1286 -0.0273
vn 0.9916 0.1286 0.0118
vn 0.9207 0.3702 -0.1235
vn 0.9321 0.3616 -0.0199
vn 0.7866 0.5873 -0.1908
vn 0.8185 0.5723 -0.0500
vn 0.9894 0.1449 -0.0096
vn 0.9897 0.1377 0.0400
vn 0.9031 0.4211 -0.0843
vn 0.9184 0.3928 0.0480
vn 0.7407 0.6592 -0.1297
vn 0.7836 0.6188 0.0545
vn 0.2361 0.0004 -0.9717
vn 0.5383 -0.0000 -0.8427
vn 0.4150 -0.0001 -0.9098
vn 0.4641 -0.0031 -0.8858
vn 0.3506 -0.0004 -0.9365
vn 0.1421 -0.0020 -0.9898
vn 0.0793 -0.0000 -0.9969
vn 0.6542 0.7559 -0.0256
vn 0.7818 0.2523 -0.5702
vn 0.7327 0.1361 -0.6668
vn 0.7121 0.0485 -0.7004
vn 0.7178 0.0663 -0.6931
vn 0.7087 0.0310 -0.7048
vn 0.6966 -0.0096 -0.7174
vn 0.7818 0.2522 -0.5702
vn 0.7749 0.3405 -0.5326
vn 0.7830 0.3572 -0.5092
vn 0.7525 0.6172 -0.2298
vn 0.7680 0.5498 -0.3284
vn 0.7666 0.5458 -0.3384
vn 0.7958 0.4332 -0.4231
vn 0.6720 0.7388 -0.0510
vn 0.6879 0.7150 -0.1249
vn 0.7162 0.6810 -0.1530
vn 0.7526 0.6170 -0.2300
vn 0.6823 0.7278 -0.0696
vn 0.7349 0.6659 -0.1285
vn 0.6981 0.7065 -0.1161
vn 0.7360 0.6149 -0.2833
vn 0.7523 0.4809 -0.4503
vn 0.7778 0.5360 -0.3282
vn 0.7789 0.5340 -0.3287
vn 0.7128 0.2162 -0.6672
vn 0.7846 0.3320 -0.5237
vn 0.8283 0.2576 -0.4976
vn 0.7764 0.3580 -0.5187
vn 0.7339 0.1071 -0.6708
vn 0.8030 0.0405 -0.5947
vn 0.0216 0.4997 -0.8659
vn 0.1644 0.4170 -0.8939
vn 0.0401 0.0823 -0.9958
vn 0.0194 0.0933 -0.9955
vn 0.1405 0.2330 -0.9623
vn 0.1131 0.2505 -0.9615
vn 0.0898 0.2583 -0.9619
vn 0.2218 0.3832 -0.8967
vn 0.1381 0.4700 -0.8718
vn 0.1838 0.4081 -0.8943
vn 0.0727 0.2936 -0.9531
vn 0.1186 0.2479 -0.9615
vn 0.0082 0.1039 -0.9946
vn 0.0324 0.0871 -0.9957
vn 0.0631 0.5400 -0.8393
vn 0.1420 0.4786 -0.8665
vn 0.0222 0.3380 -0.9409
vn 0.0912 0.2884 -0.9532
vn -0.0140 0.1175 -0.9930
vn 0.0204 0.1005 -0.9947
vn -0.0213 0.6086 -0.7932
vn 0.0809 0.5376 -0.8393
vn -0.0349 0.3824 -0.9233
vn 0.0594 0.3331 -0.9410
vn -0.0387 0.1304 -0.9907
vn 0.0071 0.1147 -0.9934
vn 0.5373 -0.0012 -0.8434
vn 0.4825 0.0356 -0.8751
vn 0.2428 0.0670 -0.9677
vn 0.2778 0.0784 -0.9574
vn 0.2465 0.1093 -0.9630
vn 0.3703 0.0364 -0.9282
vn 0.3571 0.0678 -0.9316
vn 0.4647 -0.0000 -0.8854
vn 0.4689 0.0492 -0.8819
vn 0.5388 0.0025 -0.8424
vn 0.1803 0.3190 -0.9305
vn 0.3292 0.2398 -0.9133
vn 0.3358 0.1956 -0.9214
vn 0.4087 0.1527 -0.8998
vn 0.4220 0.1421 -0.8954
vn 0.3940 0.1403 -0.9084
vn 0.5000 0.0734 -0.8629
vn 0.2427 0.3722 -0.8959
vn 0.3613 0.1099 -0.9259
vn 0.2133 0.3133 -0.9254
vn 0.1667 0.2195 -0.9613
vn 0.1656 0.1096 -0.9801
vn 0.0854 0.0592 -0.9946
vn 0.5927 0.1246 -0.7957
vn 0.2056 0.5279 -0.8240
vn 0.1293 0.6018 -0.7881
vn 0.0879 0.6410 -0.7625
vn 0.1539 0.6225 -0.7673
vn 0.0444 0.6730 -0.7383
vn 0.2578 0.4936 -0.8306
vn 0.2670 0.4877 -0.8312
vn 0.2996 0.4194 -0.8569
vn 0.4138 0.2921 -0.8622
vn 0.4104 0.3097 -0.8577
vn 0.5717 0.0305 -0.8199
vn 0.5416 0.1113 -0.8333
vn 0.5431 0.0852 -0.8353
vn 0.4651 0.2027 -0.8617
vn 0.4652 0.2025 -0.8617
vn 0.6439 -0.0058 -0.7651
vn 0.6140 0.0698 -0.7862
vn 0.2852 0.1265 -0.9501
vn 0.5873 0.1146 -0.8013
vn 0.5402 0.2060 -0.8159
vn 0.4372 0.3108 -0.8440
vn 0.4431 0.2700 -0.8549
vn 0.1702 0.6022 -0.7800
vn 0.2406 0.5352 -0.8098
vn 0.2955 0.4542 -0.8405
vn 0.2852 0.5021 -0.8164
vn 0.4202 0.3555 -0.8349
vn 0.4202 0.3556 -0.8349
vn 0.1704 0.6021 -0.7801
vn 0.0860 0.6394 -0.7640
vn 0.0564 0.6751 -0.7356
vn 0.6304 0.7513 -0.1951
vn 0.6157 0.7500 -0.2415
vn 0.6158 0.7501 -0.2413
vn 0.5405 0.6318 -0.5555
vn 0.4660 0.5800 -0.6681
vn 0.3654 0.4186 -0.8314
vn 0.2088 0.2739 -0.9388
vn 0.2087 0.2739 -0.9388
vn 0.1320 0.1439 -0.9808
vn 0.0343 0.0409 -0.9986
vn 0.0394 0.4169 -0.9081
vn 0.5861 0.8024 -0.1129
vn 0.0857 0.7662 -0.6369
vn 0.0983 0.7080 -0.6993
vn 0.2749 0.8289 -0.4872
vn 0.2645 0.8109 -0.5219
vn 0.5843 0.8050 -0.1030
vn 0.4595 0.8291 -0.3185
vn 0.4438 0.8327 -0.3312
vn 0.4444 0.8421 -0.3056
vn 0.3020 0.8053 -0.5102
vn 0.5895 0.7956 -0.1397
vn 0.5916 0.7977 -0.1169
vn 0.4509 0.7932 -0.4093
vn 0.4627 0.8167 -0.3447
vn 0.2746 0.7152 -0.6427
vn 0.2983 0.7828 -0.5461
vn 0.0778 0.5680 -0.8193
vn 0.1092 0.6987 -0.7070
vn 0.6024 0.7801 -0.1688
vn 0.6013 0.7858 -0.1447
vn 0.4772 0.7309 -0.4879
vn 0.4818 0.7677 -0.4226
vn 0.2991 0.5909 -0.7493
vn 0.3136 0.6830 -0.6597
vn 0.1407 0.4492 -0.8823
vn 0.1116 0.5401 -0.8342
vn 0.6190 0.7608 -0.1951
vn 0.6146 0.7700 -0.1713
vn 0.5113 0.6559 -0.5553
vn 0.5083 0.7052 -0.4943
vn 0.3305 0.4475 -0.8310
vn 0.3358 0.5605 -0.7570
vn 0.1059 0.1657 -0.9805
vn 0.1170 0.3539 -0.9279
vn 0.0952 0.7583 -0.6449
vn 0.1329 0.7675 -0.6271
vn 0.2756 0.8283 -0.4878
vn 0.2754 0.8283 -0.4880
vn 0.3745 0.8318 -0.4097
vn 0.5863 0.8033 -0.1046
vn 0.5716 0.8077 -0.1447
vn 0.4425 0.8436 -0.3042
vn 0.4426 0.8436 -0.3041
vn 0.5795 0.7942 -0.1828
vn 0.1291 0.7610 -0.6357
vn 0.1249 0.7698 -0.6259
vn 0.3815 0.8044 -0.4554
vn 0.3812 0.8154 -0.4357
vn 0.3618 0.8253 -0.4336
vn 0.5947 0.7707 -0.2286
vn 0.5600 0.8174 -0.1350
vn 0.5815 0.7923 -0.1847
vn 0.3602 0.8438 -0.3977
vn 0.3744 0.8219 -0.4293
vn 0.1205 0.7779 -0.6167
vn 0.1263 0.7685 -0.6272
vn 0.6674 0.0008 -0.7447
vn 0.6647 0.0840 -0.7424
vn 0.6579 0.0005 -0.7531
vn 0.6865 0.0747 -0.7233
vn 0.5835 0.2188 -0.7820
vn 0.6134 0.2120 -0.7608
vn 0.6280 0.0737 -0.7748
vn 0.6849 0.0746 -0.7248
vn 0.6551 0.0826 -0.7510
vn 0.5833 0.2190 -0.7821
vn 0.5658 0.3096 -0.7642
vn 0.5619 0.2923 -0.7738
vn 0.5361 0.3950 -0.7460
vn 0.5155 0.3698 -0.7730
vn 0.6695 0.2280 -0.7069
vn 0.6929 0.2132 -0.6888
vn 0.6964 0.2208 -0.6828
vn 0.6827 0.2949 -0.6685
vn 0.6860 0.3096 -0.6585
vn 0.6697 0.3741 -0.6415
vn 0.6896 0.3893 -0.6106
vn 0.6427 0.5219 -0.5609
vn 0.6621 0.4940 -0.5635
vn 0.6690 0.5138 -0.5371
vn 0.6414 0.5758 -0.5070
vn 0.6389 0.5998 -0.4818
vn 0.3099 0.6666 -0.6780
vn 0.3481 0.6448 -0.6805
vn 0.3350 0.6764 -0.6560
vn 0.3941 0.5687 -0.7220
vn 0.3930 0.5992 -0.6975
vn 0.4434 0.4876 -0.7521
vn 0.4620 0.5188 -0.7193
vn 0.5084 0.3859 -0.7698
vn 0.1560 0.7303 -0.6650
vn 0.2888 0.6984 -0.6549
vn 0.4022 0.7806 -0.4784
vn 0.4023 0.7806 -0.4784
vn 0.5915 0.6812 -0.4314
vn 0.6272 0.6489 -0.4308
vn 0.6158 0.6730 -0.4096
vn 0.5945 0.7053 -0.3860
vn 0.6204 0.7408 -0.2576
vn 0.1254 0.1494 0.9808
vn 0.3571 0.4256 0.8315
vn 0.5345 0.6369 0.5556
vn 0.6304 0.7513 0.1951
vn 0.0856 0.1825 0.9795
vn 0.3271 0.4502 0.8308
vn 0.5151 0.6528 0.5554
vn 0.6221 0.7582 0.1951
vn 0.3752 0.4144 0.8291
vn 0.2884 0.4848 0.8257
vn 0.3799 0.5242 0.7622
vn 0.2636 0.6214 0.7378
vn 0.3518 0.6489 0.6746
vn 0.1544 0.1319 0.9792
vn 0.0472 0.2208 0.9742
vn 0.1818 0.3025 0.9357
vn 0.0402 0.4212 0.9061
vn 0.1248 0.4290 0.8946
vn 0.1106 0.5412 0.8336
vn 0.0353 0.6017 0.7980
vn 0.1565 0.6523 0.7416
vn 0.2979 0.7812 0.5487
vn 0.2559 0.7299 0.6339
vn 0.3303 0.7517 0.5708
vn 0.4626 0.8161 0.3464
vn 0.5429 0.6315 0.5536
vn 0.4864 0.6770 0.5523
vn 0.5331 0.6844 0.4975
vn 0.4565 0.7482 0.4815
vn 0.5034 0.7486 0.4315
vn 0.4461 0.7970 0.4071
vn 0.4809 0.7998 0.3593
vn 0.6304 0.7516 0.1943
vn 0.6109 0.7676 0.1942
vn 0.6224 0.7634 0.1724
vn 0.5957 0.7857 0.1668
vn 0.6083 0.7799 0.1477
vn 0.5842 0.7999 0.1374
vn 0.5975 0.7926 0.1216
vn 0.0972 0.7052 0.7023
vn 0.1396 0.7145 0.6856
vn 0.2779 0.7980 0.5347
vn 0.3858 0.8037 0.4531
vn 0.4458 0.8302 0.3346
vn 0.4458 0.8302 0.3347
vn 0.5795 0.7988 0.1614
vn 0.5893 0.7995 0.1158
vn 0.1385 0.6993 0.7013
vn 0.5738 0.7643 0.2942
vn 0.6368 0.7122 0.2955
vn 0.3667 0.7713 0.5202
vn 0.3983 0.7587 0.5156
vn 0.3864 0.7448 0.5440
vn 0.1236 0.7066 0.6967
vn 0.1368 0.7169 0.6836
vn 0.1163 0.7234 0.6806
vn 0.4067 0.7849 0.4675
vn 0.3472 0.8126 0.4682
vn 0.6252 0.7559 0.1944
vn 0.5383 0.8173 0.2053
vn 0.5449 0.2572 0.7981
vn 0.5592 0.1631 0.8128
vn 0.6137 0.0006 0.7895
vn 0.6104 0.0698 0.7890
vn 0.6087 0.0004 0.7934
vn 0.6058 0.0789 0.7917
vn 0.6396 0.0707 0.7655
vn 0.6306 0.1678 0.7578
vn 0.6547 0.2518 0.7127
vn 0.6279 0.2408 0.7401
vn 0.6401 0.1575 0.7520
vn 0.5692 0.1551 0.8074
vn 0.5771 0.0688 0.8138
vn 0.6546 0.2518 0.7128
vn 0.6218 0.3930 0.6774
vn 0.6564 0.3674 0.6589
vn 0.6118 0.5053 0.6085
vn 0.6344 0.4755 0.6094
vn 0.5449 0.2571 0.7981
vn 0.5154 0.2360 0.8238
vn 0.4808 0.3887 0.7860
vn 0.4652 0.3601 0.8087
vn 0.4492 0.3775 0.8098
vn 0.4208 0.4673 0.7775
vn 0.3845 0.4893 0.7828
vn 0.6339 0.6813 0.3660
vn 0.5909 0.2135 0.7780
vn 0.5576 0.7100 0.4301
vn 0.6351 0.4988 0.5898
vn 0.5862 0.6094 0.5338
vn 0.6268 0.5744 0.5265
vn 0.5560 0.7033 0.4430
vn 0.4103 0.7095 0.5729
vn 0.3368 0.6002 0.7255
vn 0.3400 0.5635 0.7530
vn 0.3068 0.5886 0.7480
vn 0.2871 0.6263 0.7248
vn 0.1553 0.6604 0.7347
vn -0.4188 0.6188 0.6646
vn -0.0029 0.6038 0.7971
vn -0.0236 0.6069 0.7944
vn -0.0232 0.6076 0.7939
vn -0.1026 0.6182 0.7793
vn -0.1031 0.6177 0.7796
vn -0.2668 0.6269 0.7320
vn -0.2673 0.6265 0.7321
vn -0.2671 0.6265 0.7322
vn -0.4185 0.6186 0.6650
vn -0.4188 0.6186 0.6648
vn -0.4183 0.6188 0.6649
vn -0.9935 0.0804 -0.0804
vn -0.9932 0.0826 -0.0824
vn -0.9935 0.0804 -0.0805
vn -0.9935 0.0805 -0.0804
vn -0.9999 0.0074 -0.0074
vn -0.9753 0.1563 -0.1563
vn -0.9988 -0.0343 0.0343
vn -0.9738 0.0822 -0.2120
vn -0.9647 0.1150 -0.2370
vn -0.9614 0.1208 -0.2471
vn -0.9476 0.1672 -0.2722
vn -0.9359 0.1796 -0.3032
vn -0.8950 0.2983 -0.3316
vn -0.9050 0.2326 -0.3563
vn -0.8846 0.2749 -0.3767
vn -0.8707 0.3169 -0.3762
vn -0.8289 0.3748 -0.4153
vn -0.9968 0.0038 0.0795
vn -0.9698 0.2275 -0.0875
vn -0.9713 0.2232 -0.0821
vn -0.9617 0.2553 -0.0995
vn -0.9610 0.2571 -0.1021
vn -0.9476 0.2990 -0.1126
vn -0.9410 0.3129 -0.1285
vn -0.9314 0.3407 -0.1280
vn -0.9183 0.3697 -0.1415
vn -0.9110 0.3885 -0.1385
vn -0.8872 0.4310 -0.1645
vn -0.7759 0.4938 -0.3926
vn -0.7809 0.3800 -0.4957
vn -0.7452 0.4653 -0.4777
vn -0.8831 0.4407 -0.1611
vn -0.6459 0.5724 -0.5051
vn -0.7448 0.4662 -0.4774
vn -0.8471 0.5028 -0.1723
vn -0.8573 0.4817 -0.1817
vn -0.8115 0.5545 -0.1845
vn -0.5897 0.6688 -0.4528
vn -0.6734 0.5089 -0.5362
vn -0.5546 0.6352 -0.5375
vn -0.5632 0.6176 -0.5489
vn -0.5674 0.6128 -0.5501
vn -0.8162 0.5436 -0.1955
vn -0.8287 0.5223 -0.2010
vn -0.5114 0.7089 -0.4857
vn -0.5173 0.7034 -0.4874
vn -0.7891 0.5895 -0.1729
vn -0.8057 0.5639 -0.1813
vn -0.4925 0.7472 -0.4463
vn -0.7043 0.7099 -0.0060
vn -0.7089 0.7052 -0.0122
vn -0.6974 0.7164 -0.0222
vn -0.7210 0.6913 -0.0481
vn -0.6489 0.7476 -0.1415
vn -0.6757 0.7159 -0.1756
vn -0.7051 0.7091 -0.0062
vn -0.7068 0.7074 -0.0094
vn -0.7093 0.7049 -0.0058
vn -0.7332 0.6792 -0.0320
vn -0.7273 0.6852 -0.0391
vn -0.7602 0.6445 -0.0819
vn -0.7536 0.6516 -0.0861
vn -0.6122 0.7401 -0.2783
vn -0.6202 0.7286 -0.2906
vn -0.4926 0.7470 -0.4464
vn -0.4926 0.7470 -0.4465
vn -0.7826 0.6085 -0.1316
vn -0.7783 0.6103 -0.1478
vn -0.7751 0.6151 -0.1445
vn -0.9931 0.1175 0.0005
vn -0.9678 0.2267 0.1096
vn -0.9655 0.0607 0.2531
vn -0.9655 0.2531 0.0607
vn -0.9931 0.0003 0.1173
vn -0.9678 0.1096 0.2267
vn -0.8330 0.5045 0.2272
vn -0.6603 0.3981 0.6368
vn -0.6605 0.3984 0.6364
vn -0.8018 0.5571 0.2165
vn -0.8093 0.5483 0.2107
vn -0.8382 0.5051 0.2058
vn -0.8629 0.4594 0.2105
vn -0.8448 0.5024 0.1839
vn -0.7338 0.3326 0.5923
vn -0.6595 0.4771 0.5810
vn -0.5860 0.5299 0.6130
vn -0.7807 0.3594 0.5112
vn -0.7810 0.3590 0.5111
vn -0.7811 0.3587 0.5111
vn -0.7082 0.4809 0.5169
vn -0.9109 0.3812 0.1581
vn -0.9065 0.3924 0.1559
vn -0.9267 0.3501 0.1363
vn -0.9275 0.3483 0.1359
vn -0.9392 0.3219 0.1193
vn -0.9437 0.3095 0.1169
vn -0.8914 0.4174 0.1764
vn -0.8802 0.4426 0.1716
vn -0.8286 0.3044 0.4698
vn -0.8641 0.2241 0.4508
vn -0.8506 0.2953 0.4351
vn -0.9064 0.1793 0.3824
vn -0.8969 0.2141 0.3870
vn -0.9341 0.1281 0.3331
vn -0.9317 0.1419 0.3342
vn -0.6886 0.3359 0.6426
vn -0.8139 0.5375 0.2205
vn -0.8139 0.5374 0.2207
vn -0.5915 0.5854 0.5545
vn -0.8140 0.5373 0.2207
vn -0.4657 0.6869 0.5580
vn -0.5650 0.6603 0.4947
vn -0.7139 0.6029 0.3561
vn -0.4623 0.7624 0.4529
vn -0.4385 0.4324 0.7879
vn -0.5379 0.5990 0.5932
vn -0.7027 0.7115 0.0060
vn -0.7067 0.7075 0.0090
vn -0.6623 0.7411 0.1103
vn -0.7385 0.6717 0.0593
vn -0.7002 0.7137 0.0166
vn -0.7053 0.7089 0.0062
vn -0.7080 0.7062 0.0094
vn -0.7087 0.7055 0.0042
vn -0.7279 0.6853 0.0248
vn -0.7243 0.6887 0.0336
vn -0.7511 0.6567 0.0672
vn -0.7492 0.6581 0.0753
vn -0.6921 0.6418 0.3304
vn -0.6329 0.7365 0.2390
vn -0.6329 0.7476 0.2014
vn -0.7121 0.6760 0.1898
vn -0.6581 0.7432 0.1209
vn -0.5214 0.7502 0.4066
vn -0.5213 0.7504 0.4063
vn -0.5217 0.7794 0.3469
vn -0.7718 0.6218 0.1327
vn -0.7806 0.6130 0.1222
vn -0.7699 0.6249 0.1293
vn 0.7060 -0.7082 -0.0000
vn -0.6428 -0.7660 -0.0000
vn -0.6429 -0.7660 -0.0000
vn -0.6428 -0.7661 -0.0000
vn -0.0000 -0.7071 0.7071
vn -0.0001 -0.7071 0.7071
vn -0.0000 -0.5494 -0.8356
vn -0.0112 -0.3579 -0.9337
vn 0.0134 -0.6204 -0.7842
vn 0.0117 -0.6009 -0.7993
vn -0.0000 -0.1088 -0.9941
vn 0.0004 -0.1141 -0.9935
vn -0.0004 -0.3293 -0.9442
vn -0.0000 -0.3405 -0.9403
vn -0.0000 -0.3299 -0.9440
vn 0.0058 -0.5306 -0.8476
vn -0.0000 -0.6428 -0.7660
vn -0.0000 -0.6428 -0.7661
vn 0.0001 -0.6428 -0.7660
vn -0.0000 -0.6427 -0.7662
vn -0.7470 -0.6648 -0.0000
vn -0.9063 -0.4226 -0.0000
vn -0.9894 -0.1449 -0.0000
vn -0.0000 -0.3522 0.9359
vn -0.0000 -0.1197 0.9928
vn -0.0000 -0.1203 0.9927
vn -0.0000 -0.3535 0.9354
vn 0.0001 -0.5635 0.8261
vn -0.0001 -0.3538 0.9353
vn 0.0001 -0.5637 0.8260
vn 0.0055 -0.6682 0.7440
vn -0.0009 -0.5648 0.8252
vn 0.0002 -0.6946 0.7194
vn -0.0000 -0.6829 0.7305
vn -0.6084 0.0384 -0.7927
vn 0.5085 0.0057 -0.8611
vn 0.5075 0.0040 -0.8617
vn 0.5053 0.0012 -0.8630
vn 0.5275 0.0045 -0.8495
vn 0.5115 -0.0017 -0.8593
vn 0.5080 0.0027 -0.8613
vn 0.5137 0.0031 0.8579
vn 0.5187 -0.0025 0.8550
vn 0.5401 0.0082 0.8415
vn 0.5124 0.0068 0.8587
vn 0.5133 0.0088 0.8582
vn 0.5127 0.0067 0.8586
vn 0.5079 0.0007 0.8614
vn 0.5096 0.0028 0.8604
vn -0.0000 -0.6300 -0.7766
vn -0.0007 -0.5593 -0.8290
vn -0.0014 -0.2311 -0.9729
vn 0.0003 -0.3289 -0.9444
vn 0.0003 -0.5000 -0.8660
vn -0.0163 -0.3327 -0.9429
vn -0.0070 -0.4389 -0.8985
vn -0.0000 -0.1737 -0.9848
vn -0.0113 -0.0506 -0.9987
vn -0.0055 -0.1394 -0.9902
vn -0.0025 -0.2478 0.9688
vn -0.0063 -0.1669 0.9859
vn -0.0042 -0.1951 0.9808
vn -0.0007 -0.0792 0.9969
vn -0.0000 -0.0232 0.9997
vn -0.0000 -0.6476 0.7620
vn -0.0066 -0.5185 0.8551
vn -0.0153 -0.4256 0.9048
vn -0.0007 -0.5556 0.8315
vn 0.0002 -0.3363 0.9417
vn 0.0002 -0.3364 0.9417
vn 0.6997 -0.6873 0.1950
vn 0.7051 -0.7036 0.0881
vn 0.7056 -0.7077 0.0359
vn 0.6023 -0.5949 0.5323
vn 0.6550 -0.6603 0.3675
vn 0.6908 -0.6962 0.1951
vn 0.6911 -0.6328 0.3492
vn 0.6911 -0.6328 0.3493
vn 0.3944 -0.3651 0.8433
vn 0.4553 -0.4610 0.7617
vn 0.5850 -0.5909 0.5555
vn 0.5294 -0.4260 0.7336
vn 0.5687 -0.5205 0.6369
vn 0.1378 -0.1382 0.9808
vn 0.1053 -0.0553 0.9929
vn 0.1881 -0.1775 0.9660
vn 0.2783 -0.2874 0.9165
vn 0.3882 -0.3974 0.8315
vn 0.3350 -0.2601 0.9056
vn 0.3945 -0.3651 0.8433
vn 0.0523 -0.4231 0.9046
vn 0.0477 -0.6126 0.7890
vn 0.6030 -0.7763 0.1839
vn 0.2024 -0.8199 0.5356
vn 0.6030 -0.7762 0.1839
vn 0.6140 -0.7417 0.2698
vn 0.5308 -0.7338 0.4241
vn 0.6665 -0.7259 0.1697
vn 0.6526 -0.7555 0.0575
vn 0.4947 -0.7975 0.3452
vn 0.4837 -0.7569 0.4394
vn 0.3225 -0.6895 0.6485
vn 0.3509 -0.7694 0.5338
vn 0.0946 -0.5931 0.7995
vn 0.1333 -0.6969 0.7047
vn 0.1302 -0.6890 0.7130
vn 0.6544 -0.7531 0.0685
vn 0.6598 -0.7339 0.1613
vn 0.5249 -0.6976 0.4877
vn 0.5363 -0.7281 0.4269
vn 0.3262 -0.5784 0.7477
vn 0.3546 -0.6572 0.6652
vn 0.0987 -0.3928 0.9143
vn 0.1356 -0.5280 0.8384
vn 0.6805 -0.7063 0.1951
vn 0.6782 -0.7144 0.1726
vn 0.5603 -0.6148 0.5552
vn 0.5650 -0.6581 0.4977
vn 0.3584 -0.4263 0.8306
vn 0.3793 -0.5261 0.7611
vn 0.1071 -0.1685 0.9799
vn 0.1430 -0.3351 0.9313
vn 0.0337 -0.0338 -0.9989
vn 0.1983 -0.1676 -0.9657
vn 0.1805 -0.1179 -0.9765
vn 0.2757 -0.2707 -0.9223
vn 0.5178 -0.4815 -0.7071
vn 0.4651 -0.3621 -0.8078
vn 0.4995 -0.5005 -0.7071
vn 0.3908 -0.3968 -0.8306
vn 0.3903 -0.3963 -0.8311
vn 0.7031 -0.7052 -0.0918
vn 0.7016 -0.6849 -0.1966
vn 0.6933 -0.6528 -0.3054
vn 0.6932 -0.6527 -0.3055
vn 0.6873 -0.5965 -0.4145
vn 0.6857 -0.6803 -0.2588
vn 0.5760 -0.5809 -0.5751
vn 0.5759 -0.5808 -0.5753
vn 0.1648 -0.5436 -0.8230
vn 0.7059 -0.7083 -0.0004
vn 0.6485 -0.7261 -0.2284
vn 0.6266 -0.7738 -0.0929
vn 0.6344 -0.7592 -0.1453
vn 0.5885 -0.7639 -0.2646
vn 0.2778 -0.8215 -0.4979
vn 0.5437 -0.7451 -0.3863
vn 0.4335 -0.7110 -0.5537
vn 0.4240 -0.7729 -0.4721
vn 0.0843 -0.6203 -0.7798
vn 0.2270 -0.6619 -0.7144
vn 0.3437 -0.7343 -0.5854
vn 0.0876 -0.6172 -0.7819
vn 0.0036 -0.6022 -0.7983
vn 0.0234 -0.6062 -0.7950
vn 0.6735 -0.7012 -0.2340
vn 0.6567 -0.7084 -0.2587
vn 0.5090 -0.5625 -0.6515
vn 0.4386 -0.5578 -0.7046
vn 0.2347 -0.3001 -0.9246
vn 0.1012 -0.2622 -0.9597
vn 0.5605 -0.8021 -0.2062
vn 0.6324 -0.7363 -0.2406
vn 0.4785 -0.6637 -0.5749
vn 0.4066 -0.6633 -0.6282
vn 0.1816 -0.4444 -0.8772
vn 0.0871 -0.4465 -0.8905
vn 0.9607 0.1268 0.2470
vn 0.9352 0.0510 -0.3504
vn 0.4737 0.6375 -0.6077
vn 0.9335 0.0783 -0.3499
vn 0.9008 0.1814 -0.3946
vn 0.8687 -0.4849 0.1011
vn 0.7078 -0.7064 -0.0000
vn 0.7070 -0.7072 -0.0000
vn 0.7102 -0.7040 -0.0000
vn 0.7117 -0.7025 -0.0000
vn 0.7386 -0.6741 -0.0001
vn 0.7444 -0.6677 0.0002
vn 0.7806 -0.6251 -0.0001
vn 0.7925 -0.6098 0.0002
vn 0.8335 -0.5525 -0.0005
vn 0.9154 -0.4024 -0.0050
vn 0.9310 -0.3651 -0.0028
vn 0.9647 -0.2634 -0.0005
vn 0.9630 -0.2694 -0.0006
vn 0.9590 -0.2836 -0.0006
vn 0.9509 -0.3096 -0.0010
vn 0.9426 -0.3338 -0.0017
vn 0.9019 -0.4319 -0.0071
vn 0.8921 -0.4518 -0.0089
vn 0.8840 -0.4674 -0.0104
vn 0.8667 -0.4989 -0.0000
vn 0.8451 -0.5346 0.0003
vn 0.8452 -0.5345 0.0003
vn 0.8822 -0.4708 -0.0000
vn 0.8962 -0.4437 0.0004
vn 0.9058 -0.4237 0.0009
vn 0.9140 -0.4056 0.0015
vn 0.9196 -0.3929 0.0020
vn 0.9489 -0.3156 0.0056
vn 0.9927 -0.1204 -0.0000
vn 0.9997 -0.0199 -0.0105
vn 0.9452 -0.3258 0.0188
vn 0.9899 -0.1420 -0.0005
vn 0.9885 -0.1511 -0.0005
vn 0.3274 0.1329 -0.9355
vn 0.4987 -0.2135 -0.8401
vn 0.9014 -0.0556 -0.4294
vn 0.7482 0.0404 -0.6623
vn 0.7414 0.0599 -0.6684
vn 0.7831 -0.1681 -0.5988
vn 0.4107 -0.4754 -0.7780
vn 0.4659 -0.4408 -0.7672
vn 0.3981 -0.3052 -0.8651
vn 0.2437 -0.4716 -0.8474
vn 0.0569 -0.0680 -0.9961
vn 0.0423 -0.0280 -0.9987
vn 0.0215 -0.5836 -0.8118
vn 0.0013 -0.6036 -0.7973
vn 0.7261 -0.2730 -0.6310
vn 0.7261 -0.2730 -0.6311
vn 0.5602 -0.3755 -0.7383
vn 0.5601 -0.3690 -0.7417
vn 0.2050 -0.5961 -0.7763
vn 0.2034 -0.5463 -0.8125
vn 0.5637 -0.3848 -0.7309
vn 0.8278 -0.1171 -0.5487
vn 0.5666 -0.4168 -0.7108
vn 0.5391 -0.3474 -0.7672
vn 0.4904 -0.4238 -0.7615
vn 0.6698 -0.0881 -0.7373
vn 0.7455 -0.2074 -0.6334
vn 0.7879 -0.0687 -0.6119
vn 0.8087 -0.1001 -0.5796
vn 0.8366 -0.1711 -0.5204
vn 0.1517 -0.5586 -0.8155
vn 0.1726 -0.5904 -0.7885
vn 0.1923 -0.5710 -0.7981
vn 0.2014 -0.5947 -0.7783
vn 0.2008 -0.5843 -0.7863
vn 0.5712 -0.2529 -0.7809
vn 0.6330 -0.0444 -0.7729
vn 0.5268 -0.2084 -0.8240
vn 0.4423 -0.3500 -0.8257
vn 0.1817 -0.5165 -0.8368
vn 0.1817 -0.5166 -0.8368
vn 0.1761 -0.5112 -0.8412
vn 0.1732 -0.5190 -0.8370
vn 0.1804 -0.5152 -0.8379
vn 0.4862 -0.1693 -0.8573
vn 0.4765 -0.1936 -0.8576
vn 0.4987 -0.1815 -0.8476
vn 0.4474 -0.1983 -0.8721
vn 0.4468 -0.1684 -0.8786
vn 0.1604 -0.5175 -0.8405
vn 0.1612 -0.5088 -0.8457
vn 0.2008 -0.5471 -0.8126
vn 0.4526 -0.2022 -0.8685
vn 0.1261 -0.4696 -0.8738
vn 0.1612 -0.4979 -0.8521
vn 0.1477 -0.3963 -0.9062
vn 0.1428 -0.3912 -0.9092
vn 0.1452 -0.3028 -0.9419
vn 0.1389 -0.2936 -0.9458
vn 0.1147 -0.2365 -0.9648
vn 0.1668 -0.2856 -0.9437
vn 0.1269 -0.2075 -0.9700
vn 0.1373 -0.1580 -0.9779
vn 0.1268 -0.1244 -0.9841
vn 0.1327 -0.0949 -0.9866
vn 0.1238 -0.0450 -0.9913
vn 0.1289 -0.0346 -0.9911
vn 0.4322 -0.1819 -0.8832
vn 0.4337 -0.1831 -0.8823
vn 0.4241 -0.1564 -0.8920
vn 0.4125 -0.1440 -0.8995
vn 0.4080 -0.1223 -0.9047
vn 0.3990 -0.1089 -0.9105
vn 0.3959 -0.0937 -0.9135
vn 0.3877 -0.0775 -0.9185
vn 0.3877 -0.0664 -0.9194
vn 0.3816 -0.0467 -0.9231
vn 0.3819 -0.0407 -0.9233
vn 0.3777 -0.0172 -0.9258
vn 0.3783 -0.0151 -0.9256
vn 0.3117 -0.7110 0.6303
vn 0.2048 -0.6155 0.7611
vn 0.1768 -0.6376 0.7498
vn 0.2206 -0.6314 0.7434
vn 0.1855 -0.7073 0.6822
vn 0.3841 -0.6003 0.7015
vn 0.5332 -0.4780 0.6980
vn 0.1707 -0.6373 0.7515
vn 0.3654 -0.4757 0.8001
vn 0.4322 -0.5597 0.7071
vn 0.1794 -0.6570 0.7323
vn 0.1793 -0.6569 0.7324
vn 0.2288 -0.6415 0.7322
vn 0.1384 -0.4542 0.8801
vn 0.1832 -0.4386 0.8798
vn 0.4424 -0.6257 0.6424
vn 0.4860 -0.5627 0.6687
vn 0.8337 -0.1990 0.5151
vn 0.9071 -0.0925 0.4107
vn 0.9364 -0.0209 0.3504
vn 0.9476 0.0210 0.3186
vn 0.5379 -0.4975 0.6805
vn 0.6430 -0.3796 0.6652
vn 0.5861 -0.4768 0.6551
vn 0.7715 -0.2996 0.5613
vn 0.7714 -0.2997 0.5614
vn 0.2325 -0.6593 0.7151
vn 0.2106 -0.6648 0.7167
vn 0.2307 -0.6503 0.7238
vn 0.1728 -0.6434 0.7458
vn 0.1997 -0.6402 0.7418
vn 0.4893 -0.4452 0.7499
vn 0.5588 -0.4141 0.7186
vn 0.8435 -0.1722 0.5088
vn 0.8165 -0.1138 0.5660
vn 0.7916 -0.0924 0.6040
vn 0.7611 -0.2207 0.6100
vn 0.6732 -0.1026 0.7323
vn 0.2022 -0.5865 0.7843
vn 0.1426 -0.6039 0.7842
vn 0.1845 -0.5724 0.7990
vn 0.4491 -0.3930 0.8024
vn 0.5352 -0.2302 0.8127
vn 0.6294 -0.0668 0.7742
vn 0.5836 -0.2704 0.7657
vn 0.5035 -0.2044 0.8395
vn 0.4845 -0.2142 0.8482
vn 0.4902 -0.1939 0.8498
vn 0.1838 -0.5718 0.7995
vn 0.1779 -0.5748 0.7987
vn 0.1793 -0.5682 0.8031
vn 0.1616 -0.5701 0.8055
vn 0.1702 -0.5693 0.8043
vn 0.4453 -0.2091 0.8706
vn 0.4681 -0.2023 0.8602
vn 0.1289 -0.0208 0.9914
vn 0.3783 -0.0079 0.9256
vn 0.1274 -0.0159 0.9917
vn 0.1318 -0.0705 0.9888
vn 0.1234 -0.0552 0.9908
vn 0.1414 -0.1469 0.9790
vn 0.1116 -0.1185 0.9867
vn 0.1502 -0.2174 0.9645
vn 0.1149 -0.1762 0.9776
vn 0.1714 -0.2908 0.9413
vn 0.1000 -0.2480 0.9636
vn 0.1327 -0.3020 0.9440
vn 0.1783 -0.3642 0.9141
vn 0.1080 -0.3097 0.9447
vn 0.2137 -0.4354 0.8745
vn 0.0804 -0.4015 0.9123
vn 0.2447 -0.5413 0.8044
vn 0.0806 -0.5151 0.8534
vn 0.3782 -0.0070 0.9257
vn 0.3797 -0.0268 0.9247
vn 0.3785 -0.0238 0.9253
vn 0.3847 -0.0557 0.9214
vn 0.3800 -0.0497 0.9237
vn 0.3923 -0.0816 0.9162
vn 0.3860 -0.0728 0.9196
vn 0.4037 -0.1092 0.9083
vn 0.3906 -0.1008 0.9150
vn 0.4156 -0.1353 0.8994
vn 0.4015 -0.1231 0.9076
vn 0.4341 -0.1629 0.8860
vn 0.4089 -0.1562 0.8991
vn 0.4621 -0.2026 0.8634
vn 0.4292 -0.1986 0.8811
vn -0.9894 -0.1449 -0.0040
vn -0.8185 -0.5540 -0.1520
vn -0.8162 -0.5733 -0.0724
vn -0.8048 -0.5645 -0.1837
vn -0.8003 -0.5995 0.0058
vn -0.7618 -0.6297 -0.1525
vn -0.7626 -0.6429 0.0717
vn -0.7437 -0.6619 -0.0936
vn -0.9890 -0.1413 0.0432
vn -0.9903 -0.1381 -0.0173
vn -0.9907 -0.1335 0.0246
vn -0.9920 -0.1229 -0.0285
vn -0.9918 -0.1275 0.0050
vn -0.9925 -0.1158 -0.0398
vn -0.9749 -0.0961 -0.2006
vn -0.9080 -0.2788 -0.3129
vn -0.9317 -0.3615 -0.0341
vn -0.9279 -0.3534 -0.1191
vn -0.9251 -0.3794 0.0153
vn -0.9113 -0.3999 -0.0979
vn -0.9108 -0.4085 0.0594
vn -0.9046 -0.4218 -0.0617
vn -0.8664 -0.4905 -0.0934
vn -0.8222 -0.4660 -0.3269
vn -0.8678 -0.4101 -0.2805
vn -0.9316 -0.2772 0.2352
vn -0.7393 0.0045 -0.6733
vn -0.7478 -0.0025 -0.6640
vn -0.7482 -0.0006 -0.6635
vn -0.7953 -0.0436 -0.6046
vn -0.8102 -0.0076 -0.5861
vn -0.7363 -0.0028 -0.6766
vn -0.7459 -0.0111 -0.6659
vn -0.7430 -0.0141 -0.6691
vn -0.7997 -0.0664 -0.5968
vn -0.7762 -0.0915 -0.6238
vn -0.8558 -0.1810 -0.4845
vn -0.8343 -0.1843 -0.5197
vn -0.8890 -0.0969 -0.4475
vn -0.8803 -0.0651 -0.4699
vn -0.8945 -0.0524 -0.4441
vn -0.9196 -0.0882 -0.3827
vn -0.9324 -0.0953 -0.3487
vn -0.8709 -0.3422 -0.3526
vn -0.8664 -0.3212 -0.3824
vn -0.8895 -0.3176 -0.3284
vn -0.8556 -0.2525 -0.4518
vn -0.8707 -0.2615 -0.4165
vn -0.8346 -0.2075 -0.5102
vn -0.8713 -0.4378 -0.2216
vn -0.9826 -0.1251 -0.1370
vn -0.8853 -0.3907 -0.2524
vn -0.8711 -0.4384 -0.2212
vn -0.9561 -0.1458 -0.2541
vn -0.9512 -0.1046 -0.2904
vn -0.9622 -0.1064 -0.2508
vn -0.9775 -0.1635 -0.1335
vn -0.9850 -0.1440 -0.0948
vn -0.7017 -0.7030 -0.1154
vn -0.5576 -0.6791 -0.4775
vn -0.6958 -0.7081 -0.1203
vn -0.7200 -0.6790 -0.1434
vn -0.6662 -0.7432 -0.0615
vn -0.7323 -0.5706 -0.3717
vn -0.8092 -0.4214 -0.4094
vn -0.7627 -0.5283 -0.3730
vn -0.7233 -0.6313 -0.2799
vn -0.7232 -0.6314 -0.2798
vn -0.7512 -0.3517 -0.5585
vn -0.7520 -0.3496 -0.5588
vn -0.7428 -0.4535 -0.4926
vn -0.7162 -0.0547 -0.6958
vn -0.7058 -0.1427 -0.6939
vn -0.6982 -0.2299 -0.6780
vn -0.6982 -0.2298 -0.6780
vn -0.6920 -0.0711 -0.7184
vn -0.7396 -0.1351 -0.6593
vn -0.6220 0.0031 -0.7830
vn -0.6690 -0.1360 -0.7307
vn -0.7147 -0.0974 -0.6926
vn -0.7145 -0.0975 -0.6928
vn -0.7005 -0.0434 -0.7123
vn -0.7907 -0.4292 -0.4365
vn -0.7803 -0.3609 -0.5108
vn -0.7718 -0.3340 -0.5411
vn -0.7755 -0.2720 -0.5698
vn -0.7755 -0.2721 -0.5697
vn -0.6960 -0.6936 -0.1859
vn -0.7901 -0.5852 -0.1822
vn -0.7901 -0.5852 -0.1821
vn -0.6568 -0.7538 -0.0207
vn -0.6479 -0.7505 -0.1302
vn -0.5766 -0.7846 -0.2279
vn -0.6947 -0.7107 -0.1106
vn -0.7693 -0.5652 -0.2978
vn -0.7667 -0.5422 -0.3438
vn -0.7635 -0.5519 -0.3353
vn -0.7907 -0.4291 -0.4366
vn -0.1227 -0.0843 -0.9889
vn -0.5367 0.0014 -0.8438
vn -0.5293 -0.0037 -0.8484
vn -0.5329 -0.0108 -0.8461
vn -0.4676 -0.0509 -0.8825
vn -0.4804 -0.0854 -0.8729
vn -0.4060 -0.1286 -0.9048
vn -0.3954 -0.1452 -0.9070
vn -0.5388 -0.0033 -0.8424
vn -0.5290 -0.0094 -0.8486
vn -0.5287 -0.0012 -0.8488
vn -0.4489 -0.0496 -0.8922
vn -0.4465 -0.0047 -0.8948
vn -0.3521 -0.0590 -0.9341
vn -0.3659 -0.0398 -0.9298
vn -0.2563 -0.0993 -0.9615
vn -0.2803 -0.0697 -0.9574
vn -0.2525 -0.0587 -0.9658
vn -0.0968 -0.1366 -0.9859
vn -0.3011 -0.1954 -0.9333
vn -0.3372 -0.1953 -0.9210
vn -0.3270 -0.2215 -0.9187
vn -0.2125 -0.2790 -0.9365
vn -0.1968 -0.3237 -0.9255
vn -0.0423 -0.1219 -0.9916
vn -0.0063 -0.1451 -0.9894
vn -0.0277 -0.1398 -0.9898
vn 0.0258 -0.1577 -0.9871
vn -0.0107 -0.1524 -0.9883
vn 0.0565 -0.1734 -0.9832
vn -0.0676 -0.3819 -0.9217
vn -0.1624 -0.3487 -0.9230
vn -0.0902 -0.4059 -0.9095
vn -0.1297 -0.3959 -0.9091
vn -0.0169 -0.4447 -0.8955
vn -0.0874 -0.4346 -0.8964
vn 0.0468 -0.4995 -0.8651
vn -0.2681 -0.4348 -0.8597
vn -0.5946 0.0033 -0.8040
vn -0.5637 -0.0654 -0.8234
vn -0.4863 -0.1119 -0.8666
vn -0.4837 -0.1345 -0.8648
vn -0.2681 -0.4349 -0.8597
vn -0.3287 -0.3314 -0.8844
vn -0.3252 -0.3623 -0.8735
vn -0.4638 -0.2199 -0.8582
vn -0.4637 -0.2200 -0.8582
vn -0.1766 -0.5185 -0.8367
vn -0.1001 -0.5513 -0.8283
vn -0.0597 -0.6050 -0.7940
vn -0.1734 -0.4912 -0.8536
vn -0.1735 -0.4912 -0.8536
vn -0.1362 -0.5811 -0.8024
vn -0.1406 -0.5805 -0.8020
vn -0.0439 -0.6079 -0.7928
vn -0.5514 -0.0141 -0.8341
vn -0.5468 -0.0256 -0.8369
vn -0.5126 -0.1338 -0.8481
vn -0.5262 -0.1339 -0.8398
vn -0.4411 -0.1921 -0.8766
vn -0.3671 -0.2616 -0.8926
vn -0.3084 -0.3482 -0.8852
vn -0.4517 -0.3488 -0.8212
vn -0.2702 -0.3958 -0.8777
vn -0.7363 -0.0028 0.6766
vn -0.7812 -0.0432 0.6228
vn -0.7674 -0.0778 0.6364
vn -0.7393 0.0045 0.6733
vn -0.7929 -0.0437 0.6078
vn -0.7967 0.0001 0.6043
vn -0.8813 -0.0923 0.4635
vn -0.8743 -0.0562 0.4821
vn -0.8510 -0.1688 0.4972
vn -0.8279 -0.1766 0.5323
vn -0.8297 -0.1953 0.5229
vn -0.8592 -0.2363 0.4538
vn -0.8627 -0.2637 0.4316
vn -0.9621 -0.1063 0.2512
vn -0.9511 -0.1045 0.2906
vn -0.9560 -0.1459 0.2544
vn -0.9198 -0.0750 0.3852
vn -0.9274 -0.1069 0.3584
vn -0.8866 -0.0477 0.4600
vn -0.9924 -0.0848 0.0893
vn -0.9722 -0.1363 0.1906
vn -0.9413 -0.2887 0.1749
vn -0.8896 -0.3173 0.3286
vn -0.8663 -0.3210 0.3827
vn -0.8710 -0.3421 0.3527
vn -0.8809 -0.3719 0.2927
vn -0.8415 -0.4748 0.2579
vn -0.9423 -0.3058 0.1366
vn -0.9935 -0.1070 0.0386
vn -0.9406 -0.3305 0.0779
vn -0.9926 -0.1208 0.0152
vn -0.9927 -0.1178 0.0256
vn -0.9911 -0.1327 -0.0058
vn -0.9914 -0.1306 0.0091
vn -0.9889 -0.1449 -0.0322
vn -0.9353 -0.3355 0.1126
vn -0.9353 -0.3380 0.1042
vn -0.9238 -0.3808 0.0389
vn -0.9239 -0.3773 0.0631
vn -0.9060 -0.4225 -0.0242
vn -0.8396 -0.5252 0.1388
vn -0.8244 -0.5168 0.2310
vn -0.8238 -0.5446 0.1573
vn -0.8239 -0.5445 0.1573
vn -0.7935 -0.6027 0.0842
vn -0.7935 -0.6021 0.0882
vn -0.7470 -0.6648 -0.0098
vn -0.6735 -0.7372 0.0539
vn -0.8095 -0.0408 0.5857
vn -0.7094 -0.2131 0.6718
vn -0.7513 -0.4786 0.4543
vn -0.7779 -0.3492 0.5224
vn -0.7927 -0.3239 0.5164
vn -0.7558 -0.2818 0.5910
vn -0.7094 -0.2130 0.6719
vn -0.7513 -0.4787 0.4543
vn -0.7761 -0.5372 0.3302
vn -0.7802 -0.5299 0.3324
vn -0.6542 -0.7559 0.0257
vn -0.6815 -0.7285 0.0700
vn -0.7337 -0.6664 0.1329
vn -0.6956 -0.7086 0.1185
vn -0.7387 -0.6076 0.2919
vn -0.7387 -0.6076 0.2918
vn -0.6984 -0.6949 0.1716
vn -0.6974 -0.7071 0.1169
vn -0.7521 -0.6176 0.2299
vn -0.7958 -0.4243 0.4321
vn -0.7683 -0.5440 0.3373
vn -0.7691 -0.5469 0.3308
vn -0.7521 -0.6177 0.2299
vn -0.6975 0.0064 0.7166
vn -0.7098 -0.0337 0.7036
vn -0.7179 -0.0641 0.6932
vn -0.7351 -0.1138 0.6684
vn -0.7350 -0.1132 0.6685
vn -0.7811 -0.2492 0.5726
vn -0.7853 -0.3306 0.5234
vn -0.7475 -0.2817 0.6015
vn -0.7815 -0.3520 0.5151
vn -0.1408 -0.5500 0.8232
vn -0.0808 -0.4052 0.9107
vn -0.0053 -0.1505 0.9886
vn -0.2170 -0.3982 0.8913
vn 0.0067 -0.4602 0.8878
vn -0.1491 -0.4289 0.8910
vn -0.0234 -0.4923 0.8701
vn 0.1044 -0.5032 0.8578
vn -0.0552 -0.1433 0.9881
vn 0.0337 -0.1682 0.9852
vn -0.0347 -0.1671 0.9853
vn 0.0750 -0.1817 0.9805
vn -0.0127 -0.1951 0.9807
vn -0.5377 0.0007 0.8431
vn -0.4827 -0.0362 0.8750
vn -0.4645 -0.0001 0.8856
vn -0.3858 -0.0501 0.9212
vn -0.3642 -0.0453 0.9302
vn -0.5391 -0.0004 0.8422
vn -0.4702 -0.0465 0.8814
vn -0.5003 -0.0734 0.8627
vn -0.4029 -0.1350 0.9052
vn -0.4276 -0.1364 0.8936
vn -0.3106 -0.2050 0.9282
vn -0.3449 -0.1879 0.9196
vn -0.2141 -0.3403 0.9156
vn -0.2395 -0.3077 0.9209
vn -0.1847 -0.3145 0.9311
vn -0.3408 -0.2309 0.9113
vn -0.2607 -0.1063 0.9595
vn -0.2872 -0.0713 0.9552
vn -0.2563 -0.0619 0.9646
vn -0.1469 -0.1222 0.9816
vn -0.0957 -0.1050 0.9899
vn -0.0594 -0.6731 0.7371
vn -0.0874 -0.6408 0.7628
vn -0.1797 -0.5955 0.7830
vn -0.1797 -0.5956 0.7829
vn -0.2862 -0.5034 0.8153
vn -0.2990 -0.4538 0.8394
vn -0.2446 -0.5300 0.8120
vn -0.4601 -0.1817 0.8691
vn -0.4467 -0.2660 0.8543
vn -0.4252 -0.3468 0.8361
vn -0.4251 -0.3469 0.8360
vn -0.5906 -0.1240 0.7974
vn -0.5411 -0.2029 0.8161
vn -0.5690 -0.0796 0.8185
vn -0.6139 -0.0667 0.7865
vn -0.6423 0.0034 0.7665
vn -0.4129 -0.2961 0.8613
vn -0.4696 -0.1955 0.8610
vn -0.5419 -0.0854 0.8361
vn -0.5397 -0.1107 0.8346
vn -0.5708 -0.0305 0.8205
vn -0.4617 -0.3311 0.8230
vn -0.4138 -0.2931 0.8619
vn -0.4132 -0.2955 0.8614
vn -0.1318 -0.5992 0.7897
vn -0.2103 -0.5227 0.8262
vn -0.2654 -0.4870 0.8321
vn -0.3013 -0.4154 0.8583
vn -0.3013 -0.4155 0.8582
vn -0.1316 -0.5994 0.7896
vn -0.0971 -0.6484 0.7550
vn -0.0467 -0.6711 0.7399
vn -0.1580 -0.2052 0.9659
vn -0.1254 -0.1494 0.9808
vn -0.4682 -0.5301 0.7070
vn -0.3462 -0.4347 0.8314
vn -0.4434 -0.5509 0.7070
vn -0.5400 -0.6323 0.5555
vn -0.6125 -0.7469 0.2589
vn -0.6221 -0.7582 0.1951
vn -0.6209 -0.7399 0.2588
vn -0.1251 -0.5350 0.8356
vn -0.1213 -0.6966 0.7072
vn -0.0670 -0.7419 0.6672
vn -0.1200 -0.7369 0.6652
vn -0.2609 -0.8184 0.5120
vn -0.2975 -0.8094 0.5064
vn -0.4367 -0.8402 0.3215
vn -0.4571 -0.8313 0.3164
vn -0.5825 -0.8055 0.1089
vn -0.5887 -0.8013 0.1067
vn -0.0368 -0.6067 0.7941
vn -0.0818 -0.5967 0.7982
vn -0.2464 -0.7406 0.6252
vn -0.3283 -0.7601 0.5608
vn -0.4349 -0.8071 0.3993
vn -0.4792 -0.8037 0.3527
vn -0.5848 -0.7996 0.1367
vn -0.5971 -0.7932 0.1196
vn -0.0431 -0.4176 0.9076
vn -0.0868 -0.3973 0.9136
vn -0.2663 -0.6185 0.7393
vn -0.3500 -0.6541 0.6706
vn -0.4587 -0.7462 0.4825
vn -0.5022 -0.7510 0.4288
vn -0.5970 -0.7846 0.1673
vn -0.6082 -0.7801 0.1469
vn -0.0522 -0.2097 0.9764
vn -0.1790 -0.3037 0.9358
vn -0.2935 -0.4765 0.8287
vn -0.3782 -0.5250 0.7625
vn -0.4906 -0.6720 0.5547
vn -0.5324 -0.6847 0.4977
vn -0.6131 -0.7655 0.1950
vn -0.6228 -0.7631 0.1726
vn -0.5862 -0.8033 0.1047
vn -0.5347 -0.8160 0.2197
vn -0.0952 -0.7584 0.6449
vn -0.2031 -0.7856 0.5844
vn -0.2796 -0.8248 0.4915
vn -0.4467 -0.8401 0.3077
vn -0.1980 -0.7826 0.5902
vn -0.1806 -0.7941 0.5803
vn -0.5613 -0.7807 0.2745
vn -0.5140 -0.8196 0.2533
vn -0.1939 -0.7935 0.5769
vn -0.1738 -0.8053 0.5668
vn -0.5505 -0.8016 0.2332
vn -0.4949 -0.8429 0.2112
vn -0.5863 -0.7382 0.3337
vn -0.6527 0.0009 0.7576
vn -0.6506 -0.0707 0.7561
vn -0.6296 -0.0704 0.7737
vn -0.6708 0.0006 0.7416
vn -0.6674 -0.0751 0.7409
vn -0.6854 -0.0713 0.7246
vn -0.6855 -0.0713 0.7246
vn -0.6713 -0.2098 0.7109
vn -0.6972 -0.2160 0.6835
vn -0.6132 -0.2213 0.7583
vn -0.5945 -0.2081 0.7767
vn -0.5841 -0.2140 0.7829
vn -0.5709 -0.2859 0.7696
vn -0.5636 -0.2984 0.7702
vn -0.6972 -0.2159 0.6836
vn -0.6812 -0.3018 0.6670
vn -0.6882 -0.2880 0.6659
vn -0.6646 -0.3832 0.6415
vn -0.6954 -0.3637 0.6198
vn -0.6446 -0.5143 0.5657
vn -0.6635 -0.4908 0.5647
vn -0.5431 -0.3812 0.7481
vn -0.5186 -0.3602 0.7755
vn -0.5136 -0.3734 0.7725
vn -0.4759 -0.4877 0.7319
vn -0.4373 -0.5024 0.7459
vn -0.4099 -0.5645 0.7164
vn -0.3895 -0.5850 0.7114
vn -0.6717 -0.5070 0.5401
vn -0.6331 -0.5925 0.4981
vn -0.6519 -0.5688 0.5015
vn -0.5976 -0.6681 0.4434
vn -0.6322 -0.6402 0.4365
vn -0.6226 -0.6604 0.4197
vn -0.5467 -0.7662 0.3376
vn -0.3466 -0.6633 0.6632
vn -0.3528 -0.6361 0.6862
vn -0.3194 -0.6539 0.6858
vn -0.2637 -0.7357 0.6239
vn -0.2196 -0.7504 0.6234
vn -0.6209 -0.7399 -0.2588
vn -0.4545 -0.5417 -0.7071
vn -0.1664 -0.1983 -0.9659
vn -0.6061 -0.7521 -0.2588
vn -0.6012 -0.7658 -0.2283
vn -0.4266 -0.5645 -0.7067
vn -0.4297 -0.6397 -0.6373
vn -0.1403 -0.2199 -0.9654
vn -0.0743 -0.4529 -0.8885
vn -0.0745 -0.4529 -0.8884
vn -0.1587 -0.3847 -0.9093
vn -0.3852 -0.8042 -0.4526
vn -0.3648 -0.7631 -0.5335
vn -0.5725 -0.8048 -0.1565
vn -0.5690 -0.8009 -0.1867
vn -0.5852 -0.7790 -0.2251
vn -0.5847 -0.7879 -0.1933
vn -0.3916 -0.6711 -0.6295
vn -0.4040 -0.7308 -0.5502
vn -0.2022 -0.5145 -0.8333
vn -0.1066 -0.5967 -0.7953
vn -0.1454 -0.7096 -0.6895
vn -0.5692 -0.8076 -0.1541
vn -0.5691 -0.8077 -0.1541
vn -0.3720 -0.8155 -0.4434
vn -0.3721 -0.8155 -0.4434
vn -0.1293 -0.7233 -0.6783
vn -0.1881 -0.6392 -0.7457
vn -0.1956 -0.7168 -0.6693
vn -0.6072 -0.7466 -0.2717
vn -0.5898 -0.6832 -0.4305
vn -0.4375 -0.7080 -0.5544
vn -0.4563 -0.8465 -0.2743
vn -0.2388 -0.6513 -0.7202
vn -0.5855 -0.7936 -0.1656
vn -0.5799 -0.7766 -0.2462
vn -0.3801 -0.8086 -0.4491
vn -0.3739 -0.7841 -0.4954
vn -0.1281 -0.7242 -0.6775
vn -0.1267 -0.7118 -0.6909
vn -0.3264 -0.5519 -0.7674
vn -0.6026 -0.0009 -0.7981
vn -0.5990 -0.0693 -0.7977
vn -0.6150 -0.0010 -0.7885
vn -0.6120 -0.0777 -0.7871
vn -0.5771 -0.0687 -0.8138
vn -0.5690 -0.1570 -0.8072
vn -0.5172 -0.2349 -0.8230
vn -0.5529 -0.2284 -0.8013
vn -0.5640 -0.1484 -0.8123
vn -0.6327 -0.1508 -0.7595
vn -0.6398 -0.0708 -0.7653
vn -0.6283 -0.3646 -0.6872
vn -0.6554 -0.2397 -0.7162
vn -0.6483 -0.2316 -0.7253
vn -0.6241 -0.2462 -0.7415
vn -0.6373 -0.1575 -0.7544
vn -0.5173 -0.2349 -0.8230
vn -0.4846 -0.3812 -0.7873
vn -0.4551 -0.3561 -0.8161
vn -0.4139 -0.4866 -0.7693
vn -0.4017 -0.4587 -0.7926
vn -0.3920 -0.4794 -0.7852
vn -0.3474 -0.5862 -0.7319
vn -0.5539 -0.7045 -0.4438
vn -0.6196 -0.5874 -0.5206
vn -0.6037 -0.5680 -0.5595
vn -0.6362 -0.4889 -0.5969
vn -0.6364 -0.4693 -0.6122
vn -0.6164 -0.4936 -0.6135
vn -0.6535 -0.3786 -0.6554
vn -0.5818 -0.6962 -0.4205
vn -0.5818 -0.6961 -0.4206
vn -0.5880 -0.6744 -0.4466
vn -0.2359 -0.6560 -0.7169
vn -0.2630 -0.6726 -0.6917
vn -0.2202 -0.6807 -0.6987
vn 0.0012 -0.6051 -0.7961
vn 0.0227 -0.6084 -0.7933
vn 0.0225 -0.6077 -0.7938
vn 0.0873 -0.6167 -0.7823
vn 0.0870 -0.6158 -0.7831
vn 0.2475 -0.6266 -0.7390
vn 0.4096 -0.6196 -0.6696
vn 0.4093 -0.6198 -0.6695
vn 0.4097 -0.6197 -0.6695
vn 0.4090 -0.6196 -0.6699
vn 0.4095 -0.6196 -0.6696
vn 0.2474 -0.6262 -0.7394
vn 0.9899 -0.1411 0.0115
vn 0.9907 -0.0065 0.1362
vn 0.9956 -0.0817 -0.0453
vn 0.9942 -0.0763 0.0763
vn 0.9942 -0.0763 0.0764
vn 1.0000 -0.0058 0.0058
vn 0.7739 -0.3853 0.5025
vn 0.9739 -0.0817 0.2119
vn 0.9769 -0.2015 0.0713
vn 0.9738 -0.0819 0.2119
vn 0.9644 -0.1160 0.2378
vn 0.9656 -0.1082 0.2365
vn 0.9427 -0.1814 0.2801
vn 0.9437 -0.1497 0.2951
vn 0.8981 -0.2909 0.3298
vn 0.8971 -0.2311 0.3765
vn 0.8488 -0.3733 0.3744
vn 0.8625 -0.3120 0.3986
vn 0.8380 -0.3608 0.4093
vn 0.7899 -0.4723 0.3911
vn 0.9750 -0.2098 0.0739
vn 0.9724 -0.2190 0.0809
vn 0.9713 -0.2234 0.0821
vn 0.9626 -0.2520 0.0993
vn 0.9632 -0.2494 0.1004
vn 0.9432 -0.3114 0.1159
vn 0.9464 -0.2964 0.1288
vn 0.9239 -0.3606 0.1277
vn 0.9300 -0.3388 0.1424
vn 0.8984 -0.4191 0.1313
vn 0.9025 -0.3923 0.1777
vn 0.5674 -0.6128 0.5501
vn 0.8709 -0.4512 0.1949
vn 0.8608 -0.4883 0.1437
vn 0.6932 -0.4655 0.5503
vn 0.6920 -0.5764 0.4346
vn 0.8427 -0.4936 0.2152
vn 0.8294 -0.5363 0.1567
vn 0.6669 -0.5237 0.5301
vn 0.6090 -0.6381 0.4711
vn 0.8260 -0.5248 0.2059
vn 0.8210 -0.5371 0.1935
vn 0.5700 -0.6056 0.5554
vn 0.5694 -0.6091 0.5521
vn 0.7977 -0.5717 0.1920
vn 0.7963 -0.5809 0.1688
vn 0.5165 -0.6978 0.4963
vn 0.5180 -0.7010 0.4901
vn 0.7077 -0.7065 -0.0012
vn 0.7096 -0.7046 0.0033
vn 0.6982 -0.7155 0.0230
vn 0.7344 -0.6758 0.0631
vn 0.6530 -0.7451 0.1356
vn 0.6505 -0.7458 0.1438
vn 0.6981 -0.6857 0.2060
vn 0.6390 -0.7384 0.2156
vn 0.6127 -0.7425 0.2707
vn 0.7723 -0.6198 0.1391
vn 0.7746 -0.6166 0.1408
vn 0.7800 -0.6128 0.1266
vn 0.7525 -0.6532 0.0840
vn 0.7555 -0.6508 0.0755
vn 0.7267 -0.6859 0.0383
vn 0.7311 -0.6817 0.0286
vn 0.7098 -0.7044 0.0050
vn 0.7115 -0.7027 -0.0020
vn 0.7092 -0.7050 -0.0043
vn 0.6594 -0.6681 0.3448
vn 0.5250 -0.7679 0.3670
vn 0.4882 -0.7552 0.4374
vn 0.9637 -0.0661 -0.2586
vn 0.9637 -0.2586 -0.0661
vn 0.9698 -0.2263 -0.0915
vn 0.9684 -0.2257 -0.1059
vn 0.9928 -0.1200 -0.0005
vn 0.9707 -0.0991 -0.2189
vn 0.9928 -0.0005 -0.1200
vn 0.5912 -0.5219 -0.6149
vn 0.6482 -0.4216 -0.6341
vn 0.6485 -0.4218 -0.6337
vn 0.8301 -0.5097 -0.2263
vn 0.8299 -0.5101 -0.2261
vn 0.6501 -0.4777 -0.5909
vn 0.6794 -0.4256 -0.5977
vn 0.7635 -0.3914 -0.5137
vn 0.7801 -0.3605 -0.5113
vn 0.7807 -0.3595 -0.5112
vn 0.8160 -0.3091 -0.4884
vn 0.7881 -0.3735 -0.4893
vn 0.8391 -0.2722 -0.4709
vn 0.8703 -0.2587 -0.4191
vn 0.8929 -0.2114 -0.3975
vn 0.9050 -0.1949 -0.3782
vn 0.9275 -0.1406 -0.3464
vn 0.9328 -0.1399 -0.3323
vn 0.8088 -0.5517 -0.2037
vn 0.8450 -0.4909 -0.2121
vn 0.8661 -0.4661 -0.1809
vn 0.8813 -0.4376 -0.1783
vn 0.8913 -0.4209 -0.1686
vn 0.9064 -0.3899 -0.1627
vn 0.9106 -0.3843 -0.1522
vn 0.9266 -0.3505 -0.1365
vn 0.9270 -0.3497 -0.1358
vn 0.9419 -0.3153 -0.1158
vn 0.9399 -0.3176 -0.1250
vn 0.6888 -0.3354 -0.6427
vn 0.8139 -0.5374 -0.2208
vn 0.6889 -0.3354 -0.6426
vn 0.5915 -0.5852 -0.5547
vn 0.8139 -0.5374 -0.2207
vn 0.8144 -0.5370 -0.2201
vn 0.4649 -0.6870 -0.5585
vn 0.5652 -0.6603 -0.4945
vn 0.7142 -0.6027 -0.3559
vn 0.4621 -0.7625 -0.4528
vn 0.4631 -0.6130 -0.6401
vn 0.7063 -0.7079 0.0012
vn 0.7128 -0.7014 -0.0044
vn 0.6598 -0.7414 -0.1226
vn 0.7189 -0.6940 -0.0394
vn 0.6994 -0.7145 -0.0183
vn 0.5177 -0.7565 -0.3996
vn 0.6597 -0.7414 -0.1228
vn 0.7022 -0.6898 -0.1765
vn 0.6229 -0.7516 -0.2171
vn 0.6806 -0.6673 -0.3024
vn 0.6158 -0.7342 -0.2859
vn 0.5026 -0.7806 -0.3716
vn 0.7689 -0.6268 -0.1262
vn 0.7095 -0.7047 0.0043
vn 0.7104 -0.7038 0.0009
vn 0.7083 -0.7059 -0.0045
vn 0.7279 -0.6852 -0.0259
vn 0.7236 -0.6895 -0.0322
vn 0.7508 -0.6572 -0.0663
vn 0.7460 -0.6622 -0.0706
vn 0.7768 -0.6190 -0.1158
vn 0.7673 -0.6291 -0.1245
vn -0.0000 -1.0000 -0.0000
vn -0.6792 0.7340 -0.0000
vn -0.6787 0.7344 -0.0000
vn -0.2973 0.9548 -0.0000
vn -0.2977 0.9547 -0.0000
vn -0.2964 0.9551 -0.0000
vn 0.6504 0.7596 -0.0000
vn 0.6502 0.7598 -0.0000
vn -0.2599 0.9656 -0.0000
vn -0.2817 0.9595 -0.0000
vn -0.2966 0.9550 -0.0000
vn 0.8657 -0.4582 0.2016
vn 0.6509 0.7592 -0.0000
vn 0.6511 0.7590 -0.0000
vn 0.9611 0.2763 -0.0000
vn 0.8940 0.4249 0.1418
vn 0.9433 -0.3318 -0.0000
vn 0.9434 -0.3315 -0.0000
vn 0.9977 0.0671 -0.0000
vn 0.9999 -0.0170 -0.0000
vn 0.8264 0.5630 -0.0005
vn 0.9855 0.0866 -0.1458
s 0
usemtl black_spec.024
f 1//1 2//1 3//1
f 4//2 5//2 6//2
f 6//2 5//2 7//2
f 6//3 7//3 8//3
f 8//3 7//3 9//3
f 8//3 9//3 10//3
f 10//3 9//3 11//3
f 10//4 11//4 12//4
f 12//4 11//4 13//4
f 12//4 13//4 14//4
f 14//4 13//4 15//4
f 14//5 15//5 16//5
f 16//5 15//5 17//5
f 16//5 17//5 18//5
f 18//5 17//5 19//5
f 18//6 19//6 20//6
f 20//7 19//7 21//7
f 20//8 21//8 22//8
f 23//9 24//9 25//9
f 23//10 25//10 26//10
f 26//11 25//11 27//11
f 26//12 27//12 28//12
f 28//13 27//13 29//13
f 28//14 29//14 30//14
f 30//15 29//15 31//15
f 30//16 31//16 32//16
f 32//17 31//17 33//17
f 32//18 33//18 34//18
f 34//19 33//19 35//19
f 34//20 35//20 36//20
f 36//21 35//21 37//21
f 36//22 37//22 38//22
f 38//23 37//23 39//23
f 38//24 39//24 40//24
f 40//25 39//25 41//25
f 40//26 41//26 42//26
f 42//27 41//27 43//27
f 42//28 43//28 22//28
f 22//28 43//28 44//28
f 22//8 44//8 20//8
f 3//29 2//29 45//29
f 46//30 47//30 48//30
f 46//31 48//31 2//31
f 2//32 48//32 49//32
f 2//33 49//33 45//33
f 46//34 50//34 47//34
f 47//35 50//35 51//35
f 47//36 51//36 52//36
f 52//36 51//36 53//36
f 53//37 54//37 52//37
f 52//38 54//38 55//38
f 52//39 55//39 56//39
f 56//40 55//40 57//40
f 56//41 57//41 58//41
f 58//42 57//42 59//42
f 59//43 57//43 60//43
f 59//44 60//44 23//44
f 23//45 60//45 61//45
f 23//46 61//46 24//46
f 62//47 63//47 64//47
f 64//48 63//48 65//48
f 64//49 65//49 3//49
f 3//50 65//50 66//50
f 3//51 66//51 1//51
f 67//52 68//52 69//52
f 69//53 68//53 70//53
f 69//54 70//54 71//54
f 71//55 70//55 72//55
f 71//56 72//56 73//56
f 73//57 72//57 74//57
f 73//58 74//58 75//58
f 75//59 74//59 76//59
f 75//60 76//60 77//60
f 64//61 78//61 62//61
f 62//62 78//62 79//62
f 62//63 79//63 80//63
f 80//64 79//64 67//64
f 80//65 67//65 81//65
f 81//66 67//66 69//66
f 76//60 82//60 77//60
f 77//67 82//67 83//67
f 77//67 83//67 84//67
f 84//68 83//68 85//68
f 84//68 85//68 86//68
f 86//69 85//69 87//69
f 86//69 87//69 88//69
f 88//70 87//70 89//70
f 88//70 89//70 90//70
f 90//71 89//71 91//71
f 90//71 91//71 92//71
f 5//72 4//72 93//72
f 93//72 4//72 94//72
f 93//73 94//73 95//73
f 95//74 94//74 96//74
f 92//72 91//72 97//72
f 97//72 91//72 98//72
f 97//73 98//73 99//73
f 99//72 98//72 100//72
f 99//73 100//73 101//73
f 100//73 102//73 101//73
f 101//73 102//73 103//73
f 101//73 103//73 104//73
f 104//72 103//72 105//72
f 104//72 105//72 106//72
f 106//72 105//72 107//72
f 106//75 107//75 108//75
f 108//73 107//73 109//73
f 108//72 109//72 110//72
f 110//72 109//72 111//72
f 110//73 111//73 112//73
f 112//76 111//76 113//76
f 112//73 113//73 114//73
f 114//73 113//73 115//73
f 114//77 115//77 96//77
f 96//73 115//73 116//73
f 96//73 116//73 95//73
f 117//78 118//78 119//78
f 119//78 118//78 120//78
f 119//78 120//78 121//78
f 121//78 120//78 122//78
f 121//78 122//78 123//78
f 123//78 122//78 124//78
f 125//79 126//79 127//79
f 127//79 126//79 128//79
f 129//80 130//80 131//80
f 131//80 132//80 129//80
f 129//80 132//80 133//80
f 129//80 133//80 134//80
f 134//80 133//80 135//80
f 134//80 135//80 136//80
f 136//80 137//80 134//80
f 134//80 137//80 138//80
f 134//80 138//80 139//80
f 140//81 141//81 142//81
f 143//82 144//82 145//82
f 145//81 144//81 140//81
f 146//81 147//81 148//81
f 140//81 142//81 145//81
f 145//81 142//81 149//81
f 145//82 149//82 150//82
f 150//81 149//81 146//81
f 150//81 146//81 151//81
f 151//81 146//81 148//81
f 151//81 148//81 152//81
f 153//81 107//81 105//81
f 105//81 154//81 153//81
f 153//83 154//83 155//83
f 153//81 155//81 143//81
f 143//81 155//81 156//81
f 143//81 156//81 144//81
f 157//84 158//84 159//84
f 159//84 158//84 160//84
f 159//84 160//84 161//84
f 161//84 162//84 159//84
f 159//84 162//84 163//84
f 159//84 163//84 164//84
f 165//85 166//85 167//85
f 168//85 169//85 170//85
f 170//85 169//85 165//85
f 167//85 171//85 165//85
f 165//85 171//85 172//85
f 165//85 172//85 170//85
f 173//86 174//86 175//86
f 176//87 177//87 178//87
f 178//86 177//86 179//86
f 178//88 179//88 180//88
f 180//86 179//86 173//86
f 173//86 179//86 181//86
f 173//86 181//86 174//86
f 175//86 182//86 173//86
f 173//86 182//86 183//86
f 173//86 183//86 184//86
f 185//89 186//89 187//89
f 188//90 189//90 190//90
f 190//91 189//91 191//91
f 190//92 191//92 187//92
f 187//93 191//93 192//93
f 187//94 192//94 185//94
f 193//95 194//95 195//95
f 191//96 196//96 192//96
f 192//97 196//97 193//97
f 192//98 193//98 197//98
f 197//99 193//99 195//99
f 190//100 198//100 188//100
f 188//101 198//101 199//101
f 188//101 199//101 200//101
f 201//101 202//101 203//101
f 203//102 202//102 204//102
f 200//101 205//101 188//101
f 188//103 205//103 206//103
f 188//103 206//103 201//103
f 201//101 206//101 207//101
f 201//101 207//101 202//101
f 135//104 133//104 208//104
f 135//104 208//104 209//104
f 209//105 208//105 210//105
f 209//105 210//105 211//105
f 211//106 210//106 147//106
f 211//106 147//106 146//106
f 19//84 17//84 212//84
f 212//84 17//84 15//84
f 212//84 15//84 213//84
f 42//84 22//84 212//84
f 212//84 22//84 21//84
f 212//84 21//84 19//84
f 15//84 13//84 213//84
f 213//84 13//84 11//84
f 213//84 11//84 9//84
f 9//84 7//84 213//84
f 213//84 7//84 5//84
f 213//84 5//84 93//84
f 214//107 173//107 184//107
f 215//108 216//108 217//108
f 214//109 184//109 218//109
f 212//110 213//110 219//110
f 219//111 213//111 220//111
f 219//112 220//112 221//112
f 221//113 220//113 222//113
f 221//114 222//114 223//114
f 223//115 222//115 218//115
f 223//116 218//116 217//116
f 217//117 218//117 184//117
f 217//118 184//118 215//118
f 82//85 76//85 195//85
f 89//85 194//85 91//85
f 91//85 194//85 98//85
f 89//85 87//85 194//85
f 194//85 87//85 85//85
f 194//85 85//85 195//85
f 195//85 85//85 83//85
f 195//85 83//85 82//85
f 224//119 225//119 226//119
f 225//120 227//120 226//120
f 226//121 227//121 228//121
f 226//122 228//122 229//122
f 226//123 230//123 224//123
f 224//124 230//124 231//124
f 224//125 231//125 232//125
f 233//126 234//126 235//126
f 235//127 234//127 236//127
f 235//128 236//128 237//128
f 238//129 239//129 236//129
f 236//130 239//130 240//130
f 236//131 240//131 237//131
f 241//132 242//132 243//132
f 241//133 243//133 244//133
f 243//134 245//134 246//134
f 244//135 243//135 247//135
f 247//136 243//136 248//136
f 247//137 248//137 249//137
f 250//138 251//138 248//138
f 248//139 251//139 252//139
f 248//140 252//140 249//140
f 243//141 246//141 248//141
f 248//142 246//142 253//142
f 248//143 253//143 250//143
f 254//144 255//144 256//144
f 257//145 258//145 259//145
f 259//146 258//146 260//146
f 260//147 261//147 259//147
f 259//148 261//148 262//148
f 259//149 262//149 263//149
f 264//150 265//150 259//150
f 259//151 265//151 266//151
f 259//152 266//152 257//152
f 263//153 267//153 259//153
f 259//154 267//154 254//154
f 259//155 254//155 264//155
f 264//156 254//156 256//156
f 168//157 170//157 268//157
f 268//158 170//158 269//158
f 268//159 269//159 270//159
f 270//160 269//160 271//160
f 207//161 206//161 272//161
f 272//162 273//162 207//162
f 207//163 273//163 274//163
f 207//164 274//164 269//164
f 269//165 274//165 275//165
f 269//166 275//166 271//166
f 276//167 277//167 278//167
f 278//168 277//168 279//168
f 278//169 279//169 179//169
f 179//170 279//170 280//170
f 179//171 280//171 181//171
f 160//172 158//172 281//172
f 281//173 158//173 282//173
f 281//174 282//174 283//174
f 283//175 284//175 281//175
f 281//176 284//176 285//176
f 281//177 285//177 278//177
f 278//178 285//178 286//178
f 278//179 286//179 276//179
f 42//180 212//180 40//180
f 40//181 212//181 287//181
f 40//182 287//182 38//182
f 288//183 28//183 30//183
f 30//184 32//184 288//184
f 288//185 32//185 34//185
f 288//186 34//186 287//186
f 287//187 34//187 36//187
f 287//188 36//188 38//188
f 289//189 56//189 58//189
f 58//190 59//190 289//190
f 289//191 59//191 23//191
f 289//192 23//192 288//192
f 288//193 23//193 26//193
f 288//194 26//194 28//194
f 290//195 289//195 291//195
f 291//196 289//196 121//196
f 291//197 121//197 123//197
f 290//198 292//198 289//198
f 289//199 292//199 293//199
f 289//200 293//200 294//200
f 294//200 295//200 289//200
f 289//201 295//201 296//201
f 289//202 296//202 297//202
f 297//203 298//203 289//203
f 289//204 298//204 52//204
f 289//205 52//205 56//205
f 221//206 223//206 299//206
f 299//207 223//207 217//207
f 117//208 119//208 300//208
f 300//209 119//209 301//209
f 300//210 301//210 302//210
f 302//211 301//211 303//211
f 304//212 305//212 306//212
f 306//213 305//213 307//213
f 306//213 307//213 308//213
f 309//214 310//214 311//214
f 311//215 310//215 312//215
f 311//216 312//216 313//216
f 216//217 313//217 217//217
f 217//218 313//218 312//218
f 217//219 312//219 299//219
f 299//220 312//220 310//220
f 299//221 310//221 304//221
f 304//222 310//222 314//222
f 304//223 314//223 305//223
f 219//224 221//224 315//224
f 315//225 221//225 299//225
f 315//226 299//226 316//226
f 316//227 299//227 304//227
f 316//228 304//228 301//228
f 301//229 304//229 306//229
f 301//230 306//230 303//230
f 303//231 306//231 308//231
f 212//232 219//232 287//232
f 287//233 219//233 315//233
f 287//234 315//234 288//234
f 288//235 315//235 316//235
f 288//236 316//236 289//236
f 289//237 316//237 301//237
f 289//238 301//238 121//238
f 121//239 301//239 119//239
f 47//240 317//240 318//240
f 47//241 318//241 319//241
f 319//242 318//242 320//242
f 319//243 320//243 321//243
f 321//244 322//244 319//244
f 319//243 322//243 323//243
f 319//245 323//245 324//245
f 124//246 122//246 325//246
f 325//247 122//247 319//247
f 325//248 319//248 326//248
f 326//249 319//249 324//249
f 45//250 49//250 319//250
f 319//251 49//251 48//251
f 319//252 48//252 47//252
f 79//253 327//253 67//253
f 67//254 327//254 328//254
f 79//255 78//255 327//255
f 327//256 78//256 64//256
f 327//257 64//257 319//257
f 319//258 64//258 3//258
f 319//259 3//259 45//259
f 195//260 76//260 328//260
f 328//261 76//261 74//261
f 328//262 74//262 72//262
f 72//263 70//263 328//263
f 328//264 70//264 68//264
f 328//265 68//265 67//265
f 329//266 330//266 331//266
f 332//267 186//267 185//267
f 333//268 334//268 335//268
f 336//269 337//269 338//269
f 338//270 337//270 339//270
f 338//271 339//271 333//271
f 333//272 339//272 340//272
f 333//273 340//273 334//273
f 330//274 341//274 331//274
f 331//275 341//275 342//275
f 331//276 342//276 338//276
f 338//277 342//277 343//277
f 338//278 343//278 336//278
f 120//279 118//279 344//279
f 344//280 118//280 345//280
f 197//281 195//281 346//281
f 346//282 195//282 328//282
f 346//283 328//283 347//283
f 347//284 328//284 327//284
f 347//285 327//285 344//285
f 344//286 327//286 319//286
f 344//287 319//287 120//287
f 120//288 319//288 122//288
f 333//289 346//289 338//289
f 338//290 346//290 347//290
f 338//291 347//291 331//291
f 331//292 347//292 344//292
f 331//293 344//293 329//293
f 329//294 344//294 345//294
f 335//295 332//295 333//295
f 333//296 332//296 185//296
f 333//297 185//297 346//297
f 346//298 185//298 192//298
f 346//298 192//298 197//298
f 255//299 254//299 348//299
f 349//300 350//300 348//300
f 348//301 350//301 351//301
f 348//302 351//302 255//302
f 352//303 353//303 354//303
f 354//304 353//304 355//304
f 354//305 355//305 349//305
f 349//306 355//306 356//306
f 349//307 356//307 350//307
f 126//308 125//308 354//308
f 354//309 125//309 357//309
f 354//303 357//303 352//303
f 358//310 359//311 360//310
f 361//312 362//312 363//312
f 363//313 362//313 364//313
f 363//314 364//314 359//314
f 360//315 365//315 358//315
f 358//316 365//316 366//316
f 358//317 366//317 367//317
f 243//318 242//318 366//318
f 366//319 242//319 368//319
f 366//320 368//320 367//320
f 359//321 364//321 360//321
f 360//322 364//322 127//322
f 360//323 127//323 128//323
f 118//324 117//324 369//324
f 369//78 117//78 370//78
f 369//325 370//325 371//325
f 371//326 370//326 372//326
f 371//327 372//327 373//327
f 373//328 372//328 374//328
f 373//329 374//329 375//329
f 375//330 374//330 376//330
f 377//331 378//331 379//331
f 380//332 381//332 382//332
f 382//333 381//333 383//333
f 382//334 383//334 384//334
f 384//335 385//335 382//335
f 382//336 385//336 386//336
f 382//337 386//337 387//337
f 387//338 386//338 388//338
f 387//339 388//339 376//339
f 376//340 388//340 389//340
f 376//341 389//341 375//341
f 380//342 382//342 379//342
f 379//343 382//343 390//343
f 379//344 390//344 377//344
f 391//345 392//345 379//345
f 378//346 393//346 379//346
f 379//347 393//347 394//347
f 379//348 394//348 395//348
f 395//349 396//349 379//349
f 379//350 396//350 397//350
f 379//351 397//351 391//351
f 398//352 125//352 127//352
f 392//353 399//353 379//353
f 379//354 399//354 398//354
f 379//355 398//355 400//355
f 400//356 398//356 127//356
f 401//357 190//357 187//357
f 402//358 403//358 404//358
f 405//359 361//359 363//359
f 405//360 363//360 406//360
f 406//361 363//361 407//361
f 406//362 407//362 408//362
f 409//363 410//363 404//363
f 404//364 410//364 411//364
f 404//365 411//365 402//365
f 412//366 413//366 404//366
f 404//367 413//367 414//367
f 404//368 414//368 409//368
f 187//369 186//369 415//369
f 415//370 412//370 187//370
f 187//371 412//371 404//371
f 187//372 404//372 401//372
f 401//373 404//373 403//373
f 401//374 403//374 407//374
f 407//375 403//375 416//375
f 407//376 416//376 408//376
f 198//377 190//377 417//377
f 417//378 190//378 401//378
f 417//379 401//379 418//379
f 418//380 401//380 407//380
f 359//381 358//382 419//382
f 419//383 358//383 367//383
f 419//384 367//384 368//384
f 199//385 198//385 420//385
f 420//386 198//386 417//386
f 420//387 417//387 419//387
f 419//388 417//388 418//388
f 419//389 418//389 359//389
f 359//390 418//390 407//390
f 359//391 407//391 363//391
f 200//392 199//392 421//392
f 421//393 199//393 420//393
f 421//394 420//394 422//394
f 422//395 420//395 419//395
f 422//396 419//396 242//396
f 242//397 419//397 368//397
f 205//398 200//398 423//398
f 423//399 200//399 421//399
f 423//400 421//400 424//400
f 424//401 421//401 422//401
f 244//402 424//402 241//402
f 241//403 424//403 422//403
f 241//404 422//404 242//404
f 206//405 205//405 425//405
f 425//406 205//406 423//406
f 425//407 423//407 426//407
f 426//408 423//408 424//408
f 426//409 424//409 427//409
f 427//410 424//410 244//410
f 427//411 244//411 247//411
f 425//412 426//412 428//412
f 428//412 426//412 427//412
f 272//413 206//413 425//413
f 425//414 428//414 272//414
f 272//415 428//415 429//415
f 272//416 429//416 273//416
f 273//417 429//417 430//417
f 273//418 430//418 274//418
f 427//419 247//419 428//419
f 428//420 247//420 249//420
f 428//421 249//421 429//421
f 429//422 249//422 252//422
f 429//423 252//423 430//423
f 430//424 252//424 251//424
f 430//425 251//425 431//425
f 431//426 251//426 250//426
f 431//427 250//427 432//427
f 432//428 250//428 253//428
f 432//429 253//429 433//429
f 433//430 253//430 246//430
f 433//431 246//431 434//431
f 274//432 430//432 275//432
f 275//433 430//433 431//433
f 275//434 431//434 271//434
f 271//435 431//435 432//435
f 271//436 432//436 270//436
f 270//437 432//437 433//437
f 270//438 433//438 268//438
f 268//439 433//439 434//439
f 268//440 434//440 168//440
f 169//441 168//441 434//441
f 169//441 434//441 435//441
f 435//442 434//442 246//442
f 435//442 246//442 245//442
f 216//443 436//443 313//443
f 437//444 438//444 439//444
f 439//445 438//445 436//445
f 313//446 436//446 311//446
f 311//447 436//447 438//447
f 311//448 438//448 309//448
f 436//449 216//449 215//449
f 440//450 441//450 442//450
f 443//451 440//451 444//451
f 444//452 440//452 442//452
f 444//453 442//453 445//453
f 443//454 437//454 440//454
f 440//455 437//455 439//455
f 440//456 439//456 436//456
f 436//457 215//457 440//457
f 440//458 215//458 184//458
f 440//459 184//459 441//459
f 446//460 447//460 448//460
f 441//461 184//461 183//461
f 449//462 450//462 451//462
f 450//463 452//463 451//463
f 451//464 452//464 453//464
f 451//465 453//465 445//465
f 454//466 455//466 448//466
f 355//467 353//467 456//467
f 457//468 442//468 441//468
f 458//469 451//469 457//469
f 457//470 451//470 445//470
f 457//471 445//471 442//471
f 456//472 454//472 355//472
f 355//473 454//473 448//473
f 355//474 448//474 356//474
f 356//475 448//475 447//475
f 356//476 447//476 350//476
f 350//477 447//477 351//477
f 441//478 183//478 457//478
f 457//479 183//479 182//479
f 457//480 182//480 458//480
f 458//481 182//481 175//481
f 458//482 175//482 459//482
f 459//483 460//483 458//483
f 458//484 460//484 446//484
f 458//485 446//485 451//485
f 451//486 446//486 448//486
f 451//487 448//487 449//487
f 449//488 448//488 455//488
f 255//489 351//489 461//489
f 461//490 351//490 447//490
f 461//491 447//491 462//491
f 462//492 447//492 446//492
f 462//493 446//493 463//493
f 463//494 446//494 460//494
f 175//495 174//495 459//495
f 459//496 174//496 464//496
f 459//497 464//497 460//497
f 460//498 464//498 463//498
f 463//499 464//499 465//499
f 463//500 465//500 462//500
f 462//501 465//501 461//501
f 461//502 465//502 256//502
f 461//503 256//503 255//503
f 264//504 256//504 466//504
f 466//505 256//505 465//505
f 466//506 465//506 467//506
f 467//507 465//507 464//507
f 467//508 464//508 181//508
f 181//509 464//509 174//509
f 468//510 469//510 470//510
f 469//511 263//511 262//511
f 471//512 472//512 468//512
f 473//513 283//513 474//513
f 474//514 283//514 282//514
f 474//515 282//515 471//515
f 471//516 282//516 158//516
f 471//517 158//517 472//517
f 469//518 262//518 470//518
f 470//519 262//519 261//519
f 470//520 261//520 475//520
f 475//521 261//521 260//521
f 475//522 260//522 476//522
f 476//523 260//523 258//523
f 476//524 258//524 477//524
f 477//525 258//525 257//525
f 477//526 257//526 478//526
f 478//527 257//527 266//527
f 478//528 266//528 479//528
f 468//529 470//529 471//529
f 471//530 470//530 475//530
f 471//531 475//531 474//531
f 474//532 475//532 476//532
f 474//533 476//533 473//533
f 473//534 476//534 477//534
f 473//535 477//535 480//535
f 480//536 477//536 478//536
f 480//537 478//537 481//537
f 481//538 478//538 479//538
f 481//539 479//539 482//539
f 279//540 277//540 482//540
f 482//541 277//541 276//541
f 482//542 276//542 481//542
f 481//543 276//543 286//543
f 481//544 286//544 480//544
f 480//545 286//545 285//545
f 480//546 285//546 473//546
f 473//547 285//547 284//547
f 473//548 284//548 283//548
f 280//549 279//549 483//549
f 483//550 279//550 482//550
f 483//551 482//551 484//551
f 484//552 482//552 479//552
f 484//553 479//553 265//553
f 265//554 479//554 266//554
f 181//555 280//555 467//555
f 467//556 280//556 483//556
f 467//557 483//557 466//557
f 466//558 483//558 484//558
f 466//559 484//559 264//559
f 264//560 484//560 265//560
f 263//561 469//561 267//561
f 267//562 469//562 485//562
f 158//563 157//563 472//563
f 472//564 157//564 485//564
f 472//565 485//565 468//565
f 468//565 485//565 469//565
f 232//566 231//566 486//566
f 486//567 231//567 487//567
f 486//568 487//568 488//568
f 488//569 487//569 489//569
f 490//570 491//570 492//570
f 492//571 491//571 493//571
f 492//572 493//572 487//572
f 487//573 493//573 494//573
f 487//574 494//574 489//574
f 490//575 492//575 495//575
f 495//576 492//576 134//576
f 495//577 134//577 139//577
f 209//578 211//578 496//578
f 135//579 209//579 497//579
f 498//580 499//580 500//580
f 500//581 499//581 501//581
f 500//582 501//582 502//582
f 502//583 501//583 496//583
f 502//584 496//584 503//584
f 503//585 496//585 211//585
f 503//586 211//586 146//586
f 504//587 499//587 505//587
f 505//588 499//588 498//588
f 505//589 498//589 506//589
f 209//590 496//590 497//590
f 497//591 496//591 501//591
f 497//592 501//592 507//592
f 507//593 501//593 499//593
f 507//594 499//594 508//594
f 508//595 499//595 504//595
f 508//596 504//596 509//596
f 135//597 497//597 136//597
f 136//598 497//598 507//598
f 136//599 507//599 137//599
f 137//600 507//600 508//600
f 137//601 508//601 138//601
f 138//602 508//602 509//602
f 138//603 509//603 139//603
f 232//604 510//604 511//604
f 511//605 510//605 512//605
f 511//606 512//606 513//606
f 513//607 512//607 514//607
f 232//608 486//608 510//608
f 510//609 486//609 488//609
f 510//610 488//610 512//610
f 512//611 488//611 489//611
f 512//612 489//612 514//612
f 514//613 489//613 494//613
f 514//614 494//614 515//614
f 516//615 517//615 515//615
f 515//616 517//616 518//616
f 515//617 518//617 514//617
f 514//618 518//618 519//618
f 514//619 519//619 513//619
f 494//620 493//620 515//620
f 515//621 493//621 491//621
f 515//622 491//622 516//622
f 516//623 491//623 490//623
f 516//624 490//624 520//624
f 521//625 522//625 520//625
f 520//626 522//626 523//626
f 520//627 523//627 516//627
f 516//628 523//628 524//628
f 516//629 524//629 517//629
f 490//630 495//630 520//630
f 520//631 495//631 139//631
f 520//632 139//632 509//632
f 506//633 521//633 505//633
f 505//634 521//634 520//634
f 505//635 520//635 504//635
f 504//635 520//635 509//635
f 166//636 165//636 525//636
f 525//637 165//637 526//637
f 525//638 526//638 527//638
f 226//639 229//639 526//639
f 526//640 229//640 528//640
f 526//641 528//641 529//641
f 529//642 530//642 526//642
f 526//643 530//643 531//643
f 526//644 531//644 527//644
f 532//645 227//645 225//645
f 498//646 500//646 533//646
f 533//647 500//647 502//647
f 533//648 502//648 149//648
f 149//649 502//649 503//649
f 149//650 503//650 146//650
f 523//651 522//651 534//651
f 534//652 522//652 521//652
f 534//653 521//653 533//653
f 533//654 521//654 506//654
f 533//655 506//655 498//655
f 511//656 513//656 535//656
f 513//657 519//657 535//657
f 535//658 519//658 518//658
f 535//659 518//659 536//659
f 536//660 518//660 517//660
f 536//661 517//661 524//661
f 537//662 538//662 535//662
f 232//663 511//663 224//663
f 224//664 511//664 535//664
f 224//665 535//665 225//665
f 225//666 535//666 538//666
f 225//667 538//667 532//667
f 539//668 540//668 536//668
f 536//669 540//669 541//669
f 536//670 541//670 535//670
f 535//671 541//671 542//671
f 535//672 542//672 537//672
f 539//673 536//673 543//673
f 543//674 536//674 544//674
f 543//675 544//675 545//675
f 141//676 546//676 142//676
f 142//677 546//677 547//677
f 142//678 547//678 544//678
f 544//679 547//679 548//679
f 544//679 548//679 545//679
f 524//680 523//680 536//680
f 536//681 523//681 534//681
f 536//682 534//682 544//682
f 544//683 534//683 533//683
f 544//684 533//684 142//684
f 142//685 533//685 149//685
f 229//686 549//686 550//686
f 550//687 549//687 551//687
f 550//688 551//688 552//688
f 552//689 551//689 553//689
f 552//690 553//690 554//690
f 554//691 553//691 555//691
f 554//692 555//692 556//692
f 229//693 550//693 528//693
f 528//694 550//694 552//694
f 528//695 552//695 529//695
f 529//696 552//696 554//696
f 529//697 554//697 530//697
f 530//698 554//698 556//698
f 530//699 556//699 531//699
f 557//700 558//700 559//700
f 559//701 558//701 560//701
f 559//702 560//702 561//702
f 561//703 560//703 556//703
f 561//704 556//704 562//704
f 562//705 556//705 555//705
f 531//706 556//706 527//706
f 527//707 556//707 560//707
f 527//708 560//708 525//708
f 525//709 560//709 558//709
f 525//710 558//710 166//710
f 558//711 557//711 563//711
f 166//712 558//712 564//712
f 558//713 563//713 564//713
f 564//714 563//714 565//714
f 564//715 565//715 566//715
f 565//716 567//716 566//716
f 566//717 567//717 568//717
f 566//718 568//718 569//718
f 569//719 568//719 207//719
f 569//720 207//720 269//720
f 166//721 564//721 167//721
f 167//722 564//722 566//722
f 167//723 566//723 171//723
f 171//724 566//724 569//724
f 171//725 569//725 172//725
f 172//726 569//726 269//726
f 172//727 269//727 170//727
f 570//728 571//728 572//728
f 573//729 204//729 202//729
f 549//730 229//730 228//730
f 549//731 228//731 551//731
f 551//732 228//732 553//732
f 553//733 228//733 574//733
f 553//734 574//734 555//734
f 557//735 559//735 575//735
f 575//735 559//735 561//735
f 575//736 561//736 574//736
f 574//737 561//737 562//737
f 574//738 562//738 555//738
f 572//739 563//739 557//739
f 568//740 567//740 572//740
f 572//741 567//741 565//741
f 572//742 565//742 563//742
f 571//743 573//743 572//743
f 572//744 573//744 202//744
f 572//745 202//745 568//745
f 568//746 202//746 207//746
f 557//747 575//747 572//747
f 572//748 575//748 576//748
f 572//749 576//749 570//749
f 577//750 578//750 574//750
f 574//751 578//751 579//751
f 574//752 579//752 575//752
f 575//753 579//753 580//753
f 575//754 580//754 576//754
f 228//755 227//755 581//755
f 228//756 581//756 574//756
f 574//757 581//757 582//757
f 574//758 582//758 577//758
f 130//759 129//759 583//759
f 583//760 129//760 584//760
f 583//761 584//761 585//761
f 586//762 587//762 584//762
f 584//763 587//763 588//763
f 584//761 588//761 585//761
f 234//764 233//764 586//764
f 586//765 233//765 589//765
f 586//766 589//766 590//766
f 590//767 591//767 586//767
f 586//768 591//768 592//768
f 586//768 592//768 587//768
f 233//769 593//769 589//769
f 589//770 593//770 594//770
f 589//771 594//771 590//771
f 590//772 594//772 595//772
f 590//773 595//773 591//773
f 233//774 596//774 593//774
f 593//775 596//775 597//775
f 593//776 597//776 594//776
f 594//777 597//777 598//777
f 594//778 598//778 595//778
f 595//779 598//779 599//779
f 595//780 599//780 600//780
f 591//781 595//781 592//781
f 592//782 595//782 600//782
f 592//783 600//783 587//783
f 587//784 600//784 601//784
f 587//785 601//785 588//785
f 599//786 602//786 600//786
f 600//787 602//787 603//787
f 600//788 603//788 601//788
f 601//789 603//789 604//789
f 601//790 604//790 605//790
f 605//791 604//791 606//791
f 605//792 606//792 607//792
f 607//793 608//793 605//793
f 605//794 608//794 609//794
f 605//795 609//795 610//795
f 588//796 601//796 585//796
f 585//797 601//797 605//797
f 585//798 605//798 583//798
f 583//799 605//799 610//799
f 583//800 610//800 130//800
f 611//801 612//801 613//801
f 613//802 612//802 608//802
f 613//803 608//803 607//803
f 131//804 130//804 614//804
f 614//805 130//805 610//805
f 614//806 610//806 612//806
f 612//807 610//807 609//807
f 612//808 609//808 608//808
f 132//809 131//809 615//809
f 615//810 131//810 614//810
f 615//811 614//811 616//811
f 616//812 614//812 612//812
f 616//813 612//813 617//813
f 617//814 612//814 611//814
f 133//815 132//815 208//815
f 208//816 132//816 615//816
f 208//817 615//817 210//817
f 210//818 615//818 616//818
f 210//819 616//819 147//819
f 147//820 616//820 617//820
f 618//821 619//821 620//821
f 239//822 238//822 621//822
f 621//823 238//823 618//823
f 621//824 618//824 622//824
f 622//825 618//825 620//825
f 619//821 618//821 623//821
f 623//826 618//826 159//826
f 623//827 159//827 164//827
f 624//828 152//828 148//828
f 625//829 599//829 598//829
f 598//830 597//830 626//830
f 626//831 597//831 596//831
f 626//832 596//832 627//832
f 627//833 596//833 233//833
f 627//834 233//834 235//834
f 599//835 625//835 602//835
f 602//836 625//836 628//836
f 602//837 628//837 603//837
f 613//838 607//838 629//838
f 629//839 607//839 606//839
f 629//840 606//840 628//840
f 628//841 606//841 604//841
f 628//841 604//841 603//841
f 148//842 147//842 617//842
f 148//843 617//843 629//843
f 629//844 617//844 611//844
f 629//845 611//845 613//845
f 624//846 148//846 630//846
f 630//847 148//847 631//847
f 631//848 148//848 629//848
f 631//849 629//849 632//849
f 633//850 634//850 628//850
f 628//850 634//850 635//850
f 628//851 635//851 629//851
f 629//852 635//852 636//852
f 629//849 636//849 632//849
f 625//853 637//853 638//853
f 625//854 638//854 628//854
f 628//855 638//855 639//855
f 628//856 639//856 633//856
f 598//857 626//857 625//857
f 625//858 626//858 640//858
f 625//853 640//853 637//853
f 641//859 642//859 643//859
f 644//860 645//860 646//860
f 164//861 163//861 647//861
f 647//862 163//862 648//862
f 647//863 648//863 649//863
f 649//864 648//864 644//864
f 649//865 644//865 650//865
f 650//866 644//866 646//866
f 642//867 645//867 643//867
f 643//868 645//868 644//868
f 643//869 644//869 651//869
f 651//870 644//870 648//870
f 651//871 648//871 162//871
f 162//872 648//872 163//872
f 652//873 641//873 653//873
f 653//874 641//874 643//874
f 653//875 643//875 654//875
f 654//876 643//876 651//876
f 654//877 651//877 161//877
f 161//878 651//878 162//878
f 179//879 652//879 278//879
f 278//880 652//880 653//880
f 278//881 653//881 281//881
f 281//882 653//882 654//882
f 281//883 654//883 160//883
f 160//884 654//884 161//884
f 239//885 655//885 656//885
f 656//886 655//886 657//886
f 623//887 658//887 619//887
f 619//888 658//888 659//888
f 619//889 659//889 620//889
f 620//890 659//890 657//890
f 620//891 657//891 622//891
f 622//892 657//892 655//892
f 622//893 655//893 621//893
f 621//894 655//894 239//894
f 660//895 661//895 658//895
f 658//896 661//896 662//896
f 658//897 662//897 659//897
f 659//898 662//898 663//898
f 659//899 663//899 657//899
f 657//900 663//900 664//900
f 657//901 664//901 656//901
f 650//902 646//902 660//902
f 650//903 660//903 649//903
f 649//904 660//904 658//904
f 649//905 658//905 647//905
f 647//906 658//906 623//906
f 647//907 623//907 164//907
f 237//908 240//908 665//908
f 645//909 642//909 666//909
f 666//910 642//910 641//910
f 666//911 641//911 177//911
f 177//912 641//912 652//912
f 177//913 652//913 179//913
f 645//914 666//914 646//914
f 646//915 666//915 667//915
f 646//916 667//916 660//916
f 660//916 667//916 661//916
f 661//917 667//917 665//917
f 661//918 665//918 662//918
f 239//919 656//919 240//919
f 240//920 656//920 664//920
f 240//921 664//921 665//921
f 665//922 664//922 663//922
f 665//923 663//923 662//923
f 668//924 235//924 237//924
f 668//925 237//925 669//925
f 669//926 237//926 670//926
f 670//927 237//927 665//927
f 670//928 665//928 671//928
f 671//929 665//929 667//929
f 671//930 667//930 672//930
f 666//931 673//931 674//931
f 674//932 675//932 666//932
f 666//933 675//933 676//933
f 666//934 676//934 667//934
f 667//935 676//935 677//935
f 667//936 677//936 672//936
f 673//937 666//937 678//937
f 678//938 666//938 177//938
f 678//939 177//939 176//939
f 153//940 679//940 107//940
f 107//941 679//941 109//941
f 109//942 679//942 111//942
f 111//943 679//943 680//943
f 111//944 680//944 113//944
f 113//944 680//944 115//944
f 115//945 680//945 681//945
f 115//946 681//946 116//946
f 116//947 681//947 95//947
f 95//948 681//948 213//948
f 95//949 213//949 93//949
f 222//950 220//950 682//950
f 683//951 150//951 151//951
f 173//952 214//952 684//952
f 684//953 214//953 685//953
f 684//954 685//954 686//954
f 686//955 685//955 687//955
f 151//956 688//956 683//956
f 683//957 688//957 689//957
f 683//958 689//958 687//958
f 687//959 689//959 690//959
f 687//960 690//960 686//960
f 145//961 150//961 691//961
f 691//962 150//962 683//962
f 691//963 683//963 692//963
f 692//964 683//964 687//964
f 692//965 687//965 693//965
f 693//966 687//966 685//966
f 693//967 685//967 218//967
f 218//968 685//968 214//968
f 143//969 145//969 694//969
f 694//970 145//970 691//970
f 694//971 691//971 695//971
f 695//972 691//972 692//972
f 695//973 692//973 682//973
f 682//974 692//974 693//974
f 682//975 693//975 222//975
f 222//976 693//976 218//976
f 153//977 143//977 679//977
f 679//978 143//978 694//978
f 679//979 694//979 680//979
f 680//980 694//980 695//980
f 680//981 695//981 681//981
f 681//982 695//982 682//982
f 681//983 682//983 213//983
f 213//984 682//984 220//984
f 173//985 684//985 180//985
f 180//986 684//986 696//986
f 684//987 686//987 696//987
f 696//988 686//988 690//988
f 696//989 690//989 697//989
f 151//990 152//990 688//990
f 688//991 152//991 697//991
f 688//992 697//992 689//992
f 689//993 697//993 690//993
f 698//994 624//994 630//994
f 176//995 178//995 699//995
f 699//996 178//996 700//996
f 699//997 700//997 701//997
f 701//998 700//998 698//998
f 701//999 698//999 702//999
f 702//1000 698//1000 630//1000
f 152//1001 624//1001 697//1001
f 697//1002 624//1002 698//1002
f 697//1003 698//1003 696//1003
f 696//1004 698//1004 700//1004
f 696//1005 700//1005 180//1005
f 180//1006 700//1006 178//1006
f 235//1007 668//1007 703//1007
f 703//1008 668//1008 669//1008
f 627//1009 235//1009 703//1009
f 704//1010 640//1010 626//1010
f 670//1011 705//1011 669//1011
f 669//1012 705//1012 704//1012
f 669//1013 704//1013 703//1013
f 703//1014 704//1014 626//1014
f 703//1015 626//1015 627//1015
f 670//1016 671//1016 705//1016
f 705//1017 671//1017 672//1017
f 705//1018 672//1018 706//1018
f 706//1019 672//1019 677//1019
f 706//1020 677//1020 707//1020
f 640//1021 704//1021 637//1021
f 637//1022 704//1022 705//1022
f 637//1023 705//1023 638//1023
f 638//1024 705//1024 706//1024
f 638//1025 706//1025 639//1025
f 639//1026 706//1026 707//1026
f 639//1027 707//1027 633//1027
f 633//1028 707//1028 634//1028
f 634//1029 707//1029 708//1029
f 634//1030 708//1030 635//1030
f 635//1031 708//1031 709//1031
f 635//1032 709//1032 636//1032
f 678//1033 710//1033 673//1033
f 673//1034 710//1034 709//1034
f 673//1035 709//1035 674//1035
f 674//1036 709//1036 708//1036
f 674//1037 708//1037 675//1037
f 675//1038 708//1038 707//1038
f 675//1039 707//1039 676//1039
f 676//1040 707//1040 677//1040
f 678//1041 176//1041 699//1041
f 678//1042 699//1042 710//1042
f 710//1043 699//1043 701//1043
f 710//1044 701//1044 702//1044
f 636//1045 709//1045 632//1045
f 632//1046 709//1046 710//1046
f 632//1047 710//1047 631//1047
f 631//1048 710//1048 702//1048
f 631//1049 702//1049 630//1049
f 98//1050 194//1050 711//1050
f 98//1050 711//1050 100//1050
f 100//1051 711//1051 712//1051
f 100//1051 712//1051 102//1051
f 102//1052 712//1052 713//1052
f 102//1052 713//1052 103//1052
f 103//1053 713//1053 154//1053
f 103//1053 154//1053 105//1053
f 711//1054 194//1054 193//1054
f 712//1055 711//1055 714//1055
f 713//1056 712//1056 715//1056
f 154//1057 713//1057 716//1057
f 712//1058 714//1058 715//1058
f 715//1059 714//1059 717//1059
f 715//1060 717//1060 718//1060
f 718//1061 717//1061 719//1061
f 718//1062 719//1062 720//1062
f 711//1063 193//1063 714//1063
f 714//1064 193//1064 196//1064
f 714//1065 196//1065 717//1065
f 717//1066 196//1066 191//1066
f 717//1067 191//1067 719//1067
f 719//1068 191//1068 189//1068
f 719//1069 189//1069 188//1069
f 188//1070 721//1070 719//1070
f 719//1071 721//1071 722//1071
f 719//1072 722//1072 720//1072
f 720//1073 722//1073 723//1073
f 720//1074 723//1074 724//1074
f 713//1075 715//1075 716//1075
f 716//1076 715//1076 718//1076
f 716//1077 718//1077 725//1077
f 725//1078 718//1078 720//1078
f 725//1079 720//1079 726//1079
f 726//1080 720//1080 724//1080
f 726//1081 724//1081 727//1081
f 154//1082 716//1082 155//1082
f 155//1083 716//1083 725//1083
f 155//1084 725//1084 156//1084
f 156//1085 725//1085 726//1085
f 156//1086 726//1086 144//1086
f 144//1087 726//1087 727//1087
f 144//1088 727//1088 140//1088
f 188//1089 201//1089 721//1089
f 721//1090 201//1090 728//1090
f 721//1091 728//1091 722//1091
f 722//1091 728//1091 723//1091
f 723//1092 728//1092 729//1092
f 723//1093 729//1093 724//1093
f 724//1094 729//1094 727//1094
f 727//1095 729//1095 141//1095
f 727//1096 141//1096 140//1096
f 730//1097 203//1097 204//1097
f 547//1098 546//1098 731//1098
f 731//1099 546//1099 732//1099
f 731//1100 732//1100 733//1100
f 733//1101 732//1101 730//1101
f 733//1102 730//1102 734//1102
f 734//1103 730//1103 204//1103
f 201//1104 203//1104 728//1104
f 728//1105 203//1105 730//1105
f 728//1106 730//1106 729//1106
f 729//1107 730//1107 732//1107
f 729//1108 732//1108 141//1108
f 141//1109 732//1109 546//1109
f 578//1110 577//1110 735//1110
f 735//1111 577//1111 582//1111
f 227//1112 736//1112 581//1112
f 581//1113 736//1113 737//1113
f 227//1114 532//1114 736//1114
f 736//1115 532//1115 538//1115
f 736//1116 538//1116 737//1116
f 737//1117 538//1117 537//1117
f 542//1118 738//1118 537//1118
f 537//1119 738//1119 735//1119
f 537//1120 735//1120 737//1120
f 737//1121 735//1121 582//1121
f 737//1122 582//1122 581//1122
f 542//1123 541//1123 738//1123
f 738//1124 541//1124 540//1124
f 738//1125 540//1125 739//1125
f 739//1126 540//1126 539//1126
f 739//1127 539//1127 740//1127
f 578//1128 735//1128 579//1128
f 579//1129 735//1129 738//1129
f 579//1130 738//1130 580//1130
f 580//1131 738//1131 739//1131
f 580//1132 739//1132 576//1132
f 576//1133 739//1133 740//1133
f 576//1134 740//1134 570//1134
f 547//1135 731//1135 548//1135
f 548//1136 731//1136 733//1136
f 548//1137 733//1137 545//1137
f 539//1138 543//1138 740//1138
f 740//1139 543//1139 545//1139
f 740//1140 545//1140 741//1140
f 741//1141 545//1141 733//1141
f 741//1142 733//1142 734//1142
f 570//1143 740//1143 571//1143
f 571//1144 740//1144 741//1144
f 571//1145 741//1145 573//1145
f 573//1146 741//1146 734//1146
f 573//1147 734//1147 204//1147
f 339//1148 337//1148 742//1148
f 186//1149 332//1149 415//1149
f 415//1150 332//1150 335//1150
f 415//1151 335//1151 412//1151
f 412//1152 335//1152 334//1152
f 412//1153 334//1153 413//1153
f 413//1154 334//1154 340//1154
f 413//1155 340//1155 414//1155
f 414//1156 340//1156 339//1156
f 414//1157 339//1157 409//1157
f 409//1158 339//1158 742//1158
f 409//1159 742//1159 410//1159
f 743//1160 353//1160 352//1160
f 392//1161 743//1161 399//1161
f 399//1162 743//1162 352//1162
f 399//1162 352//1162 398//1162
f 398//1163 352//1163 357//1163
f 398//1164 357//1164 125//1164
f 743//1165 392//1165 391//1165
f 353//1166 743//1166 744//1166
f 353//1167 744//1167 456//1167
f 456//1168 744//1168 745//1168
f 456//1169 745//1169 454//1169
f 454//1170 745//1170 746//1170
f 454//1171 746//1171 455//1171
f 455//1172 746//1172 449//1172
f 449//1173 746//1173 747//1173
f 449//1174 747//1174 450//1174
f 450//1175 747//1175 748//1175
f 450//1176 748//1176 452//1176
f 743//1177 391//1177 744//1177
f 744//1178 391//1178 397//1178
f 744//1179 397//1179 745//1179
f 745//1180 397//1180 396//1180
f 745//1181 396//1181 746//1181
f 746//1182 396//1182 395//1182
f 746//1183 395//1183 747//1183
f 747//1184 395//1184 394//1184
f 747//1185 394//1185 748//1185
f 748//1186 394//1186 393//1186
f 748//1187 393//1187 749//1187
f 452//1188 748//1188 453//1188
f 453//1189 748//1189 749//1189
f 453//1190 749//1190 445//1190
f 749//1191 393//1191 378//1191
f 444//1192 445//1192 750//1192
f 750//1193 445//1193 749//1193
f 749//1194 378//1194 750//1194
f 750//1195 378//1195 377//1195
f 750//1196 377//1196 751//1196
f 444//1197 750//1197 443//1197
f 443//1198 750//1198 751//1198
f 443//1199 751//1199 437//1199
f 438//1200 437//1200 752//1200
f 752//1201 437//1201 751//1201
f 752//1202 751//1202 390//1202
f 390//1203 751//1203 377//1203
f 309//1204 438//1204 753//1204
f 753//1205 438//1205 752//1205
f 753//1206 752//1206 382//1206
f 382//1207 752//1207 390//1207
f 310//1208 309//1208 753//1208
f 117//1209 300//1209 754//1209
f 754//1210 300//1210 302//1210
f 754//1211 302//1211 755//1211
f 755//1212 302//1212 756//1212
f 302//1213 303//1213 756//1213
f 756//1213 303//1213 308//1213
f 756//1214 308//1214 757//1214
f 117//1215 754//1215 370//1215
f 370//1216 754//1216 755//1216
f 370//1217 755//1217 372//1217
f 372//1218 755//1218 756//1218
f 372//1219 756//1219 374//1219
f 374//1220 756//1220 757//1220
f 374//1221 757//1221 376//1221
f 308//1222 307//1222 757//1222
f 757//1222 307//1222 305//1222
f 757//1223 305//1223 753//1223
f 753//1224 305//1224 314//1224
f 753//1225 314//1225 310//1225
f 376//1226 757//1226 387//1226
f 387//1227 757//1227 753//1227
f 387//1228 753//1228 382//1228
f 127//1229 758//1229 400//1229
f 400//1230 758//1230 379//1230
f 361//1231 759//1231 758//1231
f 758//1232 759//1232 380//1232
f 758//1230 380//1230 379//1230
f 127//322 364//322 758//322
f 758//1233 364//1233 362//1233
f 758//1234 362//1234 361//1234
f 760//1235 389//1235 388//1235
f 761//1236 762//1236 763//1236
f 763//1237 762//1237 764//1237
f 763//1238 764//1238 760//1238
f 760//1239 388//1239 763//1239
f 763//1240 388//1240 386//1240
f 763//1241 386//1241 385//1241
f 385//1242 765//1242 763//1242
f 763//1243 765//1243 411//1243
f 763//1244 411//1244 761//1244
f 761//1245 411//1245 410//1245
f 408//1246 416//1246 765//1246
f 416//1247 403//1247 765//1247
f 765//1248 403//1248 402//1248
f 765//1249 402//1249 411//1249
f 766//1250 384//1250 383//1250
f 766//1251 383//1251 767//1251
f 767//1252 383//1252 381//1252
f 767//1253 381//1253 768//1253
f 768//1254 381//1254 380//1254
f 768//1255 380//1255 759//1255
f 385//1256 384//1256 765//1256
f 765//1257 384//1257 766//1257
f 765//1258 766//1258 408//1258
f 408//1259 766//1259 767//1259
f 408//1260 767//1260 406//1260
f 406//1261 767//1261 768//1261
f 406//1262 768//1262 405//1262
f 405//1263 768//1263 759//1263
f 405//1264 759//1264 361//1264
f 761//1265 769//1265 762//1265
f 770//1266 771//1266 760//1266
f 760//1267 771//1267 389//1267
f 742//1268 337//1268 772//1268
f 760//1269 764//1269 770//1269
f 770//1270 764//1270 762//1270
f 770//1271 762//1271 772//1271
f 772//1272 762//1272 769//1272
f 772//1273 769//1273 742//1273
f 742//1274 769//1274 761//1274
f 742//1275 761//1275 410//1275
f 118//1276 773//1276 345//1276
f 345//1277 773//1277 774//1277
f 775//1278 330//1278 774//1278
f 774//1279 330//1279 329//1279
f 774//1280 329//1280 345//1280
f 118//1281 369//1281 773//1281
f 773//1282 369//1282 371//1282
f 773//1283 371//1283 774//1283
f 774//1284 371//1284 373//1284
f 774//1285 373//1285 775//1285
f 775//1286 373//1286 375//1286
f 775//1287 375//1287 776//1287
f 336//1288 343//1288 776//1288
f 776//1289 343//1289 342//1289
f 776//1290 342//1290 775//1290
f 775//1291 342//1291 341//1291
f 775//1292 341//1292 330//1292
f 772//1293 337//1293 336//1293
f 772//1294 336//1294 770//1294
f 770//1295 336//1295 776//1295
f 770//1296 776//1296 771//1296
f 771//1297 776//1297 375//1297
f 771//1298 375//1298 389//1298
f 777//1299 778//1299 779//1299
f 53//1299 51//1299 780//1299
f 780//1299 51//1299 781//1299
f 780//1299 781//1299 779//1299
f 779//1299 781//1299 782//1299
f 779//1299 782//1299 777//1299
f 794//1300 795//1300 796//1300
f 796//1301 795//1301 797//1301
f 796//1302 797//1302 798//1302
f 798//1300 797//1300 799//1300
f 798//1302 799//1302 800//1302
f 794//1300 801//1300 795//1300
f 795//1302 801//1302 802//1302
f 795//1300 802//1300 803//1300
f 800//1300 804//1300 798//1300
f 798//1302 804//1302 805//1302
f 798//1300 805//1300 806//1300
f 806//1302 805//1302 807//1302
f 806//1300 807//1300 808//1300
f 808//1300 807//1300 809//1300
f 808//1300 809//1300 106//1300
f 106//1300 809//1300 104//1300
f 820//1303 821//1303 822//1303
f 823//1303 824//1303 825//1303
f 820//1304 822//1304 826//1304
f 826//1303 822//1303 827//1303
f 826//1303 827//1303 828//1303
f 828//1303 827//1303 823//1303
f 828//1303 823//1303 829//1303
f 825//1303 830//1303 823//1303
f 823//1303 830//1303 831//1303
f 823//1303 831//1303 829//1303
f 832//1305 833//1305 834//1305
f 832//1306 834//1306 835//1306
f 835//1307 834//1307 836//1307
f 835//1308 836//1308 837//1308
f 838//1309 839//1309 840//1309
f 840//1310 839//1310 841//1310
f 840//1311 841//1311 842//1311
f 842//1312 841//1312 835//1312
f 842//1313 835//1313 843//1313
f 843//1314 835//1314 837//1314
f 844//1315 845//1315 846//1315
f 844//1316 846//1316 833//1316
f 833//1316 846//1316 847//1316
f 833//1315 847//1315 848//1315
f 845//1315 844//1315 849//1315
f 849//1317 844//1317 850//1317
f 849//1315 850//1315 851//1315
f 848//1315 852//1315 833//1315
f 833//1316 852//1316 853//1316
f 833//1318 853//1318 834//1318
f 795//1319 803//1319 854//1319
f 795//1319 854//1319 855//1319
f 855//1320 854//1320 856//1320
f 855//1320 856//1320 857//1320
f 857//1321 856//1321 793//1321
f 857//1321 793//1321 792//1321
f 858//85 859//85 4//85
f 4//85 6//85 858//85
f 858//85 6//85 8//85
f 858//85 8//85 10//85
f 10//85 12//85 858//85
f 858//85 12//85 14//85
f 858//85 14//85 860//85
f 860//85 14//85 16//85
f 860//85 16//85 18//85
f 18//85 20//85 860//85
f 860//85 20//85 44//85
f 860//85 44//85 861//85
f 862//1322 863//1322 864//1322
f 858//1323 860//1323 864//1323
f 864//1324 860//1324 865//1324
f 864//1325 865//1325 862//1325
f 866//1326 867//1326 868//1326
f 863//1322 862//1322 868//1322
f 868//1327 862//1327 869//1327
f 868//1328 869//1328 866//1328
f 866//1328 870//1328 867//1328
f 867//1329 870//1329 871//1329
f 867//1330 871//1330 872//1330
f 872//1331 871//1331 824//1331
f 872//1332 824//1332 823//1332
f 838//84 75//84 77//84
f 97//84 839//84 92//84
f 92//84 839//84 90//84
f 77//84 84//84 838//84
f 838//84 84//84 86//84
f 838//84 86//84 839//84
f 839//84 86//84 88//84
f 839//84 88//84 90//84
f 874//1333 875//1333 876//1333
f 887//1334 888//1334 889//1334
f 889//1335 888//1335 890//1335
f 889//1336 890//1336 891//1336
f 892//1337 893//1337 889//1337
f 889//1338 893//1338 894//1338
f 889//1339 894//1339 887//1339
f 895//1340 896//1340 897//1340
f 896//1341 899//1341 897//1341
f 897//1342 899//1342 900//1342
f 903//1343 904//1343 897//1343
f 897//1344 904//1344 905//1344
f 897//1345 905//1345 895//1345
f 897//1346 898//1346 906//1346
f 897//1347 906//1347 903//1347
f 846//1348 845//1348 907//1348
f 907//1349 845//1349 908//1349
f 909//1350 910//1350 911//1350
f 911//1351 910//1351 912//1351
f 911//1352 912//1352 845//1352
f 845//1353 912//1353 913//1353
f 845//1354 913//1354 908//1354
f 816//1355 815//1355 911//1355
f 911//1356 815//1356 914//1356
f 911//1357 914//1357 909//1357
f 915//1358 916//1358 917//1358
f 917//1359 916//1359 918//1359
f 917//1360 918//1360 811//1360
f 811//1361 918//1361 919//1361
f 811//1362 919//1362 810//1362
f 826//1363 828//1363 920//1363
f 920//1364 921//1364 826//1364
f 826//1365 921//1365 922//1365
f 826//1366 922//1366 917//1366
f 917//1367 922//1367 923//1367
f 917//1368 923//1368 915//1368
f 57//1369 55//1369 780//1369
f 780//1370 55//1370 54//1370
f 780//1371 54//1371 53//1371
f 25//1372 24//1372 924//1372
f 924//1373 24//1373 61//1373
f 924//1374 61//1374 780//1374
f 780//1375 61//1375 60//1375
f 780//1376 60//1376 57//1376
f 33//1377 31//1377 925//1377
f 925//1378 31//1378 29//1378
f 925//1379 29//1379 924//1379
f 924//1380 29//1380 27//1380
f 924//1381 27//1381 25//1381
f 860//1382 861//1382 926//1382
f 926//1383 861//1383 41//1383
f 41//1384 39//1384 926//1384
f 926//1385 39//1385 37//1385
f 926//1386 37//1386 925//1386
f 925//1387 37//1387 35//1387
f 925//1388 35//1388 33//1388
f 862//1389 865//1389 927//1389
f 866//1390 869//1390 928//1390
f 929//1391 930//1391 931//1391
f 932//1392 933//1392 934//1392
f 930//1393 935//1393 931//1393
f 931//1394 935//1394 936//1394
f 931//1395 936//1395 937//1395
f 779//1396 778//1396 938//1396
f 938//1397 778//1397 939//1397
f 936//1398 940//1398 937//1398
f 937//1399 940//1399 932//1399
f 937//1400 932//1400 928//1400
f 928//1401 932//1401 934//1401
f 928//1402 934//1402 866//1402
f 866//1403 934//1403 941//1403
f 866//1404 941//1404 870//1404
f 939//1405 929//1405 938//1405
f 938//1406 929//1406 931//1406
f 938//1407 931//1407 942//1407
f 942//1408 931//1408 937//1408
f 942//1409 937//1409 927//1409
f 927//1410 937//1410 928//1410
f 927//1411 928//1411 862//1411
f 862//1412 928//1412 869//1412
f 780//1413 779//1413 924//1413
f 924//1414 779//1414 938//1414
f 924//1415 938//1415 925//1415
f 925//1416 938//1416 942//1416
f 925//1417 942//1417 926//1417
f 926//1418 942//1418 927//1418
f 926//1419 927//1419 860//1419
f 860//1420 927//1420 865//1420
f 75//1421 838//1421 73//1421
f 73//1422 838//1422 943//1422
f 73//1423 943//1423 71//1423
f 71//1424 943//1424 69//1424
f 63//1425 62//1425 944//1425
f 944//1426 62//1426 80//1426
f 944//1427 80//1427 943//1427
f 943//1428 80//1428 81//1428
f 943//1429 81//1429 69//1429
f 51//1430 50//1430 781//1430
f 781//1431 50//1431 46//1431
f 781//1432 46//1432 2//1432
f 2//1433 1//1433 781//1433
f 781//1434 1//1434 66//1434
f 781//1435 66//1435 944//1435
f 944//1436 66//1436 65//1436
f 944//1437 65//1437 63//1437
f 842//1438 843//1438 945//1438
f 777//1439 782//1439 946//1439
f 946//1440 782//1440 947//1440
f 946//1441 947//1441 948//1441
f 948//1442 947//1442 949//1442
f 950//1443 951//1443 952//1443
f 953//1444 954//1444 955//1444
f 950//1445 952//1445 955//1445
f 955//1446 952//1446 945//1446
f 955//1447 945//1447 953//1447
f 956//1448 957//1448 945//1448
f 945//1449 957//1449 958//1449
f 945//1450 958//1450 953//1450
f 843//1451 837//1451 945//1451
f 945//1452 837//1452 959//1452
f 945//1453 959//1453 956//1453
f 782//1454 781//1454 947//1454
f 947//1455 781//1455 944//1455
f 947//1456 944//1456 960//1456
f 960//1457 944//1457 943//1457
f 960//1458 943//1458 840//1458
f 840//1459 943//1459 838//1459
f 951//1460 949//1460 952//1460
f 952//1461 949//1461 947//1461
f 952//1462 947//1462 945//1462
f 945//1463 947//1463 960//1463
f 945//1464 960//1464 842//1464
f 842//1465 960//1465 840//1465
f 963//1466 962//1466 964//1466
f 968//1467 969//1467 970//1467
f 968//1468 970//1468 971//1468
f 971//1469 970//1469 972//1469
f 971//1470 972//1470 973//1470
f 976//1471 977//1471 978//1471
f 979//1472 778//1472 777//1472
f 777//1473 980//1473 979//1473
f 979//1474 980//1474 981//1474
f 979//1475 981//1475 982//1475
f 982//1476 981//1476 983//1476
f 982//1477 983//1477 984//1477
f 984//1478 983//1478 976//1478
f 984//1479 976//1479 985//1479
f 985//1480 976//1480 978//1480
f 986//1481 987//1481 988//1481
f 986//1482 988//1482 989//1482
f 990//1483 991//1483 988//1483
f 988//1484 991//1484 992//1484
f 992//1485 993//1485 988//1485
f 988//1486 993//1486 994//1486
f 988//1487 994//1487 989//1487
f 987//1488 995//1488 988//1488
f 988//1489 995//1489 996//1489
f 988//1490 996//1490 997//1490
f 998//1491 997//1491 978//1491
f 978//1492 997//1492 999//1492
f 978//1493 999//1493 985//1493
f 998//1494 1000//1494 997//1494
f 997//1495 1000//1495 1001//1495
f 997//1496 1001//1496 1002//1496
f 1002//1497 1003//1497 997//1497
f 997//1498 1003//1498 1004//1498
f 997//1499 1004//1499 988//1499
f 784//1500 783//1500 1005//1500
f 1005//1501 783//1501 1006//1501
f 1005//1502 1006//1502 988//1502
f 988//1503 1006//1503 1007//1503
f 988//1504 1007//1504 990//1504
f 1008//1505 1009//1505 1010//1505
f 1010//1506 1009//1506 1011//1506
f 970//1507 969//1507 1012//1507
f 970//1508 1012//1508 1013//1508
f 1013//1509 1012//1509 1014//1509
f 1013//1510 1014//1510 1015//1510
f 1016//1511 1010//1511 1017//1511
f 1017//1512 1010//1512 1011//1512
f 1017//1513 1011//1513 1018//1513
f 1016//1514 1019//1514 1010//1514
f 1010//1515 1019//1515 1020//1515
f 1010//1516 1020//1516 836//1516
f 836//1517 1020//1517 1021//1517
f 836//1518 1021//1518 837//1518
f 1015//1519 1022//1519 1013//1519
f 1013//1520 1022//1520 1008//1520
f 1013//1521 1008//1521 1023//1521
f 1023//1522 1008//1522 1010//1522
f 1023//1523 1010//1523 834//1523
f 834//1524 1010//1524 836//1524
f 1013//1525 1023//1525 1024//1525
f 970//1526 1013//1526 1025//1526
f 1013//1527 1024//1527 1025//1527
f 1025//1528 1024//1528 1026//1528
f 1025//1529 1026//1529 1027//1529
f 974//1530 975//1530 1027//1530
f 1027//1531 975//1531 973//1531
f 1027//1532 973//1532 1025//1532
f 1025//1533 973//1533 972//1533
f 1025//1534 972//1534 970//1534
f 848//1535 1026//1535 852//1535
f 852//1536 1026//1536 1024//1536
f 852//1537 1024//1537 853//1537
f 853//1538 1024//1538 1023//1538
f 853//1539 1023//1539 834//1539
f 884//1540 974//1540 1028//1540
f 1028//1541 974//1541 1027//1541
f 1028//1542 1027//1542 1029//1542
f 1029//1543 1027//1543 1026//1543
f 1029//1544 1026//1544 1030//1544
f 1030//1545 1026//1545 848//1545
f 848//1546 847//1546 1030//1546
f 1030//1547 847//1547 1031//1547
f 1030//1548 1031//1548 1029//1548
f 1029//1549 1031//1549 1028//1549
f 1028//1550 1031//1550 885//1550
f 1028//1551 885//1551 884//1551
f 886//1552 885//1552 1032//1552
f 1032//1553 885//1553 1031//1553
f 1032//1554 1031//1554 846//1554
f 846//1555 1031//1555 847//1555
f 1032//1556 846//1556 907//1556
f 886//1557 1032//1557 1033//1557
f 1032//1558 907//1558 1033//1558
f 1033//1559 907//1559 908//1559
f 1033//1560 908//1560 1034//1560
f 1034//1561 908//1561 913//1561
f 1034//1562 913//1562 1035//1562
f 1035//1563 913//1563 912//1563
f 1035//1564 912//1564 1036//1564
f 912//1565 910//1565 1036//1565
f 1036//1566 910//1566 909//1566
f 1036//1567 909//1567 1037//1567
f 1037//1568 909//1568 914//1568
f 1037//1569 914//1569 1038//1569
f 1038//1570 914//1570 815//1570
f 1038//1571 815//1571 1039//1571
f 886//1572 1033//1572 892//1572
f 892//1573 1033//1573 1034//1573
f 892//1574 1034//1574 893//1574
f 893//1575 1034//1575 1035//1575
f 893//1576 1035//1576 894//1576
f 894//1577 1035//1577 1036//1577
f 894//1578 1036//1578 887//1578
f 887//1579 1036//1579 1037//1579
f 887//1580 1037//1580 888//1580
f 888//1581 1037//1581 1038//1581
f 888//1582 1038//1582 890//1582
f 890//1583 1038//1583 1039//1583
f 890//1584 1039//1584 891//1584
f 934//1585 933//1585 1040//1585
f 934//1586 1040//1586 941//1586
f 870//1587 941//1587 1041//1587
f 1041//1588 941//1588 1040//1588
f 1041//1589 1040//1589 1042//1589
f 1042//1590 1040//1590 1043//1590
f 1044//1591 1045//1591 1046//1591
f 1047//1592 871//1592 870//1592
f 1043//1593 1048//1593 1042//1593
f 1042//1594 1048//1594 1047//1594
f 1042//1595 1047//1595 1041//1595
f 1041//1596 1047//1596 870//1596
f 824//1597 871//1597 1049//1597
f 1049//1598 871//1598 1047//1598
f 1049//1599 1047//1599 1046//1599
f 1046//1600 1047//1600 1048//1600
f 1046//1601 1048//1601 1044//1601
f 1050//1602 1051//1602 1052//1602
f 1051//1603 1053//1603 964//1603
f 964//1604 1053//1604 1054//1604
f 964//1605 1054//1605 963//1605
f 1046//1606 1045//1606 1055//1606
f 1055//1607 1045//1607 1056//1607
f 1055//1608 1056//1608 1052//1608
f 1052//1609 1056//1609 1057//1609
f 1052//1610 1057//1610 1050//1610
f 1046//1611 1055//1611 1049//1611
f 1049//1612 1055//1612 825//1612
f 1049//1613 825//1613 824//1613
f 830//1614 825//1614 1058//1614
f 1058//1615 825//1615 1055//1615
f 1058//1616 1055//1616 1059//1616
f 1059//1617 1055//1617 1052//1617
f 1051//1618 964//1618 1052//1618
f 1052//1619 964//1619 965//1619
f 1052//1620 965//1620 1059//1620
f 1059//1621 965//1621 966//1621
f 1059//1622 966//1622 967//1622
f 831//1623 830//1623 1060//1623
f 1060//1624 830//1624 1058//1624
f 1060//1625 1058//1625 1061//1625
f 1061//1626 1058//1626 1059//1626
f 1061//1627 1059//1627 1062//1627
f 1062//1628 1059//1628 967//1628
f 1062//1629 967//1629 902//1629
f 902//1630 901//1630 1062//1630
f 1062//1631 901//1631 1063//1631
f 1062//1632 1063//1632 1061//1632
f 1061//1633 1063//1633 1060//1633
f 1060//1634 1063//1634 829//1634
f 1060//1635 829//1635 831//1635
f 828//1636 829//1636 1064//1636
f 1064//1637 829//1637 1063//1637
f 1064//1638 1063//1638 900//1638
f 900//1639 1063//1639 901//1639
f 1065//1640 810//1640 919//1640
f 898//1641 1065//1641 1066//1641
f 1065//1642 919//1642 1066//1642
f 1066//1643 919//1643 918//1643
f 1066//1644 918//1644 1067//1644
f 1067//1645 918//1645 916//1645
f 1067//1646 916//1646 1068//1646
f 1068//1647 916//1647 915//1647
f 1068//1648 915//1648 1069//1648
f 1069//1649 915//1649 923//1649
f 1069//1650 923//1650 1070//1650
f 923//1651 922//1651 1070//1651
f 1070//1652 922//1652 921//1652
f 1070//1653 921//1653 1071//1653
f 1071//1654 921//1654 920//1654
f 1071//1655 920//1655 1072//1655
f 1072//1656 920//1656 828//1656
f 1072//1657 828//1657 1064//1657
f 898//1658 1066//1658 906//1658
f 906//1659 1066//1659 1067//1659
f 906//1660 1067//1660 903//1660
f 903//1661 1067//1661 1068//1661
f 903//1662 1068//1662 904//1662
f 904//1663 1068//1663 1069//1663
f 904//1664 1069//1664 905//1664
f 905//1665 1069//1665 1070//1665
f 905//1666 1070//1666 895//1666
f 895//1667 1070//1667 1071//1667
f 895//1668 1071//1668 896//1668
f 896//1669 1071//1669 1072//1669
f 896//1670 1072//1670 899//1670
f 899//1671 1072//1671 1064//1671
f 899//1672 1064//1672 900//1672
f 857//1673 792//1673 791//1673
f 1081//1674 1082//1674 1083//1674
f 1083//1675 1082//1675 1084//1675
f 1083//1676 1084//1676 1085//1676
f 1085//1677 1084//1677 1086//1677
f 1085//1678 1086//1678 1087//1678
f 1087//1679 1086//1679 795//1679
f 1087//1680 795//1680 855//1680
f 857//1681 791//1681 1088//1681
f 1088//1682 791//1682 790//1682
f 1088//1683 790//1683 1089//1683
f 1089//1684 790//1684 789//1684
f 1089//1685 789//1685 1090//1685
f 1090//1686 789//1686 788//1686
f 1090//1687 788//1687 1091//1687
f 1091//1688 1083//1688 1090//1688
f 1090//1689 1083//1689 1085//1689
f 1090//1690 1085//1690 1089//1690
f 1089//1691 1085//1691 1087//1691
f 1089//1692 1087//1692 1088//1692
f 1088//1693 1087//1693 855//1693
f 1088//1694 855//1694 857//1694
f 1092//1695 1081//1695 1093//1695
f 1093//1696 1081//1696 1083//1696
f 1093//1697 1083//1697 1094//1697
f 1094//1698 1083//1698 1091//1698
f 873//1699 1095//1699 1077//1699
f 1077//1700 1095//1700 1096//1700
f 1077//1701 1096//1701 1078//1701
f 1078//1702 1096//1702 1097//1702
f 1078//1703 1097//1703 1079//1703
f 873//1704 1098//1704 1095//1704
f 1095//1705 1098//1705 1099//1705
f 1095//1706 1099//1706 1096//1706
f 1096//1707 1099//1707 1100//1707
f 1096//1708 1100//1708 1097//1708
f 1097//1709 1100//1709 1101//1709
f 1097//1710 1101//1710 1102//1710
f 1079//1711 1097//1711 1080//1711
f 1080//1712 1097//1712 1102//1712
f 1080//1713 1102//1713 1075//1713
f 1075//1714 1102//1714 1103//1714
f 1075//1715 1103//1715 1076//1715
f 1104//1716 1105//1716 1106//1716
f 1106//1717 1105//1717 1103//1717
f 1106//1718 1103//1718 1107//1718
f 1107//1719 1103//1719 1102//1719
f 1107//1720 1102//1720 1108//1720
f 1108//1721 1102//1721 1101//1721
f 1094//1722 1109//1722 1093//1722
f 1093//1722 1109//1722 1092//1722
f 1091//1723 1105//1723 1094//1723
f 1094//1724 1105//1724 1104//1724
f 1094//1725 1104//1725 1109//1725
f 1076//1726 1103//1726 1074//1726
f 1074//1727 1103//1727 1105//1727
f 1074//1728 1105//1728 1073//1728
f 1073//1729 1105//1729 1091//1729
f 1073//1730 1091//1730 788//1730
f 1116//1731 799//1731 797//1731
f 1092//1732 1109//1732 1117//1732
f 1116//1733 1118//1733 799//1733
f 799//1734 1118//1734 1119//1734
f 799//1735 1119//1735 800//1735
f 1120//1736 1121//1736 1116//1736
f 1116//1737 1121//1737 1122//1737
f 1122//1738 1123//1738 1116//1738
f 1116//1739 1123//1739 1124//1739
f 1116//1740 1124//1740 1118//1740
f 1125//1741 1126//1741 1120//1741
f 1120//1742 1126//1742 1127//1742
f 1120//1743 1127//1743 1121//1743
f 1128//1744 1129//1744 1125//1744
f 1129//1745 1130//1745 1125//1745
f 1125//1746 1130//1746 1131//1746
f 1125//1747 1131//1747 1126//1747
f 1099//1748 1098//1748 1125//1748
f 1099//1749 1125//1749 1100//1749
f 875//1750 1128//1750 876//1750
f 876//1751 1128//1751 1125//1751
f 876//1752 1125//1752 878//1752
f 878//1753 1125//1753 1098//1753
f 878//1754 1098//1754 873//1754
f 1106//1755 1107//1755 1120//1755
f 1120//1756 1107//1756 1108//1756
f 1120//1757 1108//1757 1125//1757
f 1125//1758 1108//1758 1101//1758
f 1125//1759 1101//1759 1100//1759
f 1084//1760 1082//1760 1117//1760
f 1117//1761 1082//1761 1081//1761
f 1117//1762 1081//1762 1092//1762
f 797//1763 795//1763 1086//1763
f 1086//1764 1084//1764 797//1764
f 797//1765 1084//1765 1117//1765
f 797//1766 1117//1766 1116//1766
f 1116//1767 1117//1767 1109//1767
f 1116//1768 1109//1768 1120//1768
f 1120//1769 1109//1769 1104//1769
f 1120//1770 1104//1770 1106//1770
f 819//1771 1132//1771 1133//1771
f 877//1772 1134//1772 1135//1772
f 1135//1773 1134//1773 1136//1773
f 1135//1774 1136//1774 1137//1774
f 1137//1775 1136//1775 1138//1775
f 1137//1776 1138//1776 1139//1776
f 1139//1777 1138//1777 1140//1777
f 1139//1778 1140//1778 1141//1778
f 877//1779 1113//1779 1134//1779
f 1134//1780 1113//1780 1114//1780
f 1134//1781 1114//1781 1136//1781
f 1136//1782 1114//1782 1112//1782
f 1136//1783 1112//1783 1138//1783
f 1138//1784 1112//1784 1111//1784
f 1138//1785 1111//1785 1140//1785
f 1140//1786 1111//1786 1110//1786
f 1140//1787 1110//1787 1133//1787
f 1133//1788 1110//1788 1115//1788
f 1133//1789 1115//1789 819//1789
f 1141//1790 1140//1790 1142//1790
f 1142//1791 1140//1791 1133//1791
f 1142//1792 1133//1792 1143//1792
f 1143//1793 1133//1793 1132//1793
f 1143//1794 1132//1794 1144//1794
f 1132//1795 819//1795 818//1795
f 1132//1796 818//1796 1145//1796
f 1145//1797 818//1797 817//1797
f 1145//1798 817//1798 1146//1798
f 1146//1799 817//1799 816//1799
f 1146//1800 816//1800 911//1800
f 1144//1801 1132//1801 1147//1801
f 1147//1802 1132//1802 1145//1802
f 1147//1803 1145//1803 1148//1803
f 1148//1804 1145//1804 1146//1804
f 1148//1805 1146//1805 1149//1805
f 1149//1806 1146//1806 911//1806
f 1149//1807 911//1807 845//1807
f 1150//1808 1151//1808 1152//1808
f 1153//1809 875//1809 874//1809
f 1153//1810 874//1810 1154//1810
f 1154//1811 874//1811 1155//1811
f 1154//1812 1155//1812 1156//1812
f 1151//1813 1157//1813 1152//1813
f 1152//1814 1157//1814 1158//1814
f 1152//1815 1158//1815 1155//1815
f 1155//1816 1158//1816 1159//1816
f 1155//1817 1159//1817 1156//1817
f 1150//1818 1152//1818 1160//1818
f 1160//1819 1152//1819 849//1819
f 1160//1820 849//1820 851//1820
f 1144//1821 1147//1821 1152//1821
f 1152//1822 1147//1822 1148//1822
f 1152//1823 1148//1823 849//1823
f 849//1824 1148//1824 1149//1824
f 849//1825 1149//1825 845//1825
f 877//1826 1135//1826 874//1826
f 874//1827 1135//1827 1137//1827
f 874//1828 1137//1828 1155//1828
f 1155//1829 1137//1829 1139//1829
f 1139//1830 1141//1830 1155//1830
f 1155//1831 1141//1831 1142//1831
f 1155//1832 1142//1832 1152//1832
f 1152//1833 1142//1833 1143//1833
f 1152//1834 1143//1834 1144//1834
f 883//1835 1168//1835 1169//1835
f 1169//1836 1168//1836 1170//1836
f 1169//1837 1170//1837 1171//1837
f 883//1838 1161//1838 1168//1838
f 1168//1839 1161//1839 1162//1839
f 1168//1840 1162//1840 1170//1840
f 1170//1841 1162//1841 1166//1841
f 1170//1842 1166//1842 1172//1842
f 1171//1843 1170//1843 1173//1843
f 1173//1844 1170//1844 1172//1844
f 1173//1845 1172//1845 1174//1845
f 1174//1846 1172//1846 1175//1846
f 1174//1847 1175//1847 1176//1847
f 1167//1848 1177//1848 1163//1848
f 1163//1849 1177//1849 1175//1849
f 1163//1850 1175//1850 1164//1850
f 1164//1851 1175//1851 1172//1851
f 1164//1852 1172//1852 1165//1852
f 1165//1853 1172//1853 1166//1853
f 1167//1854 786//1854 1178//1854
f 1167//1855 1178//1855 1177//1855
f 1177//1856 1178//1856 1179//1856
f 1177//1856 1179//1856 1180//1856
f 1176//1857 1175//1857 1181//1857
f 1181//1858 1175//1858 1177//1858
f 1181//1859 1177//1859 1182//1859
f 1182//1860 1177//1860 1180//1860
f 1182//1861 1180//1861 1183//1861
f 1179//1862 1178//1862 1184//1862
f 1178//1863 786//1863 785//1863
f 1185//1864 1180//1864 1179//1864
f 1178//1865 785//1865 1184//1865
f 1184//1866 785//1866 787//1866
f 1184//1867 787//1867 1186//1867
f 1186//1868 787//1868 793//1868
f 1186//1869 793//1869 856//1869
f 1179//1870 1184//1870 1185//1870
f 1185//1871 1184//1871 1186//1871
f 1185//1872 1186//1872 1187//1872
f 1187//1873 1186//1873 856//1873
f 1187//1874 856//1874 854//1874
f 1183//1875 1180//1875 1188//1875
f 1188//1876 1180//1876 1185//1876
f 1188//1877 1185//1877 1189//1877
f 1189//1878 1185//1878 1187//1878
f 1189//1879 1187//1879 1190//1879
f 1190//1880 1187//1880 854//1880
f 1190//1881 854//1881 803//1881
f 1190//1882 803//1882 802//1882
f 1196//1883 1197//1883 1198//1883
f 1198//1884 1197//1884 1199//1884
f 1200//1885 1201//1885 1202//1885
f 1202//1886 1201//1886 1203//1886
f 1202//1887 1203//1887 1197//1887
f 1197//1888 1203//1888 1204//1888
f 1197//1889 1204//1889 1199//1889
f 1200//1890 1202//1890 1205//1890
f 1205//1891 1202//1891 1206//1891
f 1205//1892 1206//1892 1207//1892
f 802//1893 801//1893 1208//1893
f 1208//1894 1209//1894 802//1894
f 802//1895 1209//1895 1210//1895
f 802//1896 1210//1896 1206//1896
f 1206//1897 1210//1897 1211//1897
f 1206//1898 1211//1898 1207//1898
f 1190//1899 802//1899 1189//1899
f 1189//1900 802//1900 1206//1900
f 1189//1901 1206//1901 1188//1901
f 1176//1902 1181//1902 1202//1902
f 1202//1902 1181//1902 1182//1902
f 1202//1903 1182//1903 1206//1903
f 1206//1904 1182//1904 1183//1904
f 1206//1905 1183//1905 1188//1905
f 882//1906 883//1906 1212//1906
f 1212//1907 883//1907 1169//1907
f 1212//1908 1169//1908 1196//1908
f 1196//1909 1169//1909 1171//1909
f 1196//1910 1171//1910 1197//1910
f 1197//1911 1171//1911 1173//1911
f 1197//1912 1173//1912 1202//1912
f 1202//1913 1173//1913 1174//1913
f 1202//1914 1174//1914 1176//1914
f 826//1915 917//1915 1213//1915
f 1214//1916 1215//1916 1216//1916
f 812//1917 1214//1917 1217//1917
f 1214//1918 1216//1918 1217//1918
f 1217//1919 1216//1919 1218//1919
f 1217//1920 1218//1920 1213//1920
f 1213//1921 1218//1921 1219//1921
f 1213//1922 1219//1922 826//1922
f 812//1923 1217//1923 813//1923
f 813//1924 1217//1924 1213//1924
f 813//1925 1213//1925 814//1925
f 814//1926 1213//1926 917//1926
f 814//1927 917//1927 811//1927
f 879//1928 1220//1928 1193//1928
f 1193//1929 1220//1929 1221//1929
f 1193//1930 1221//1930 1194//1930
f 1194//1931 1221//1931 1222//1931
f 1194//1932 1222//1932 1195//1932
f 879//1933 1223//1933 1220//1933
f 1220//1934 1223//1934 1224//1934
f 1220//1935 1224//1935 1221//1935
f 1221//1936 1224//1936 1225//1936
f 1221//1937 1225//1937 1222//1937
f 1222//1938 1225//1938 1226//1938
f 1222//1939 1226//1939 1227//1939
f 1215//1940 1214//1940 1228//1940
f 1228//1941 1214//1941 1227//1941
f 1228//1942 1227//1942 1229//1942
f 1229//1943 1227//1943 1226//1943
f 1195//1944 1222//1944 1192//1944
f 1192//1945 1222//1945 1227//1945
f 1192//1946 1227//1946 1191//1946
f 1191//1947 1227//1947 1214//1947
f 1191//1948 1214//1948 812//1948
f 821//1949 820//1949 1230//1949
f 1230//1950 820//1950 1231//1950
f 1230//1951 1231//1951 1232//1951
f 1232//1952 1231//1952 1233//1952
f 1234//1953 1235//1953 1231//1953
f 1231//1954 1235//1954 1236//1954
f 1231//1955 1236//1955 1233//1955
f 1237//1956 1238//1956 1234//1956
f 1238//1957 1239//1957 1234//1957
f 1234//1958 1239//1958 1240//1958
f 1234//1959 1240//1959 1235//1959
f 1241//1960 880//1960 881//1960
f 1237//1961 1241//1961 1242//1961
f 1242//1962 1241//1962 881//1962
f 1242//1963 881//1963 1243//1963
f 1243//1964 881//1964 882//1964
f 1226//1965 1225//1965 1241//1965
f 1241//1966 1225//1966 1224//1966
f 1241//1967 1224//1967 880//1967
f 880//1968 1224//1968 1223//1968
f 880//1969 1223//1969 879//1969
f 1237//1970 1234//1970 1241//1970
f 1241//1971 1234//1971 1229//1971
f 1241//1972 1229//1972 1226//1972
f 1218//1973 1216//1973 1231//1973
f 1231//1974 1216//1974 1215//1974
f 1231//1975 1215//1975 1234//1975
f 1234//1976 1215//1976 1228//1976
f 1234//1977 1228//1977 1229//1977
f 1218//1978 1231//1978 1219//1978
f 1219//1979 1231//1979 820//1979
f 1219//1980 820//1980 826//1980
f 114//1981 96//1981 1244//1981
f 1244//1981 96//1981 859//1981
f 1244//1982 859//1982 858//1982
f 114//1983 1244//1983 112//1983
f 112//1984 1244//1984 1245//1984
f 112//1985 1245//1985 110//1985
f 110//1986 1245//1986 1246//1986
f 110//1987 1246//1987 108//1987
f 108//1988 1246//1988 808//1988
f 108//1989 808//1989 106//1989
f 863//1990 868//1990 1247//1990
f 867//1991 872//1991 1248//1991
f 872//1992 823//1992 1248//1992
f 1248//1993 823//1993 1249//1993
f 1248//1994 1249//1994 1250//1994
f 1250//1995 1249//1995 1251//1995
f 1250//1996 1251//1996 1252//1996
f 1252//1997 1251//1997 1253//1997
f 1252//1998 1253//1998 796//1998
f 796//1999 1253//1999 794//1999
f 868//2000 867//2000 1247//2000
f 1247//2001 867//2001 1248//2001
f 1247//2002 1248//2002 1254//2002
f 1254//2003 1248//2003 1250//2003
f 1254//2004 1250//2004 1255//2004
f 1255//2005 1250//2005 1252//2005
f 1255//2006 1252//2006 798//2006
f 798//2007 1252//2007 796//2007
f 864//2008 863//2008 1256//2008
f 1256//2009 863//2009 1247//2009
f 1256//2010 1247//2010 1257//2010
f 1257//2011 1247//2011 1254//2011
f 1257//2012 1254//2012 1258//2012
f 1258//2013 1254//2013 1255//2013
f 1258//2014 1255//2014 806//2014
f 806//2015 1255//2015 798//2015
f 858//2016 864//2016 1244//2016
f 1244//2017 864//2017 1256//2017
f 1244//2018 1256//2018 1245//2018
f 1245//2019 1256//2019 1257//2019
f 1245//2020 1257//2020 1246//2020
f 1246//2021 1257//2021 1258//2021
f 1246//2022 1258//2022 808//2022
f 808//2023 1258//2023 806//2023
f 794//2024 1253//2024 801//2024
f 801//2025 1253//2025 1259//2025
f 823//2026 827//2026 1249//2026
f 1249//2027 827//2027 1259//2027
f 1249//2028 1259//2028 1251//2028
f 1251//2029 1259//2029 1253//2029
f 822//2030 821//2030 1260//2030
f 1260//2031 821//2031 1261//2031
f 1260//2032 1261//2032 1208//2032
f 1208//2033 1261//2033 1209//2033
f 827//2034 822//2034 1259//2034
f 1259//2035 822//2035 1260//2035
f 1259//2036 1260//2036 801//2036
f 801//2037 1260//2037 1208//2037
f 1209//2038 1261//2038 1262//2038
f 882//2039 1263//2039 1243//2039
f 1243//2040 1263//2040 1264//2040
f 1243//2041 1264//2041 1242//2041
f 882//2042 1212//2042 1263//2042
f 1263//2043 1212//2043 1196//2043
f 1263//2044 1196//2044 1264//2044
f 1264//2045 1196//2045 1198//2045
f 1264//2046 1198//2046 1265//2046
f 1265//2047 1198//2047 1199//2047
f 1242//2048 1264//2048 1237//2048
f 1237//2049 1264//2049 1265//2049
f 1237//2050 1265//2050 1238//2050
f 1238//2051 1265//2051 1266//2051
f 1238//2052 1266//2052 1239//2052
f 1199//2053 1204//2053 1265//2053
f 1265//2054 1204//2054 1203//2054
f 1265//2055 1203//2055 1266//2055
f 1266//2056 1203//2056 1201//2056
f 1266//2057 1201//2057 1267//2057
f 1267//2058 1201//2058 1200//2058
f 1267//2059 1200//2059 1268//2059
f 1239//2060 1266//2060 1240//2060
f 1240//2061 1266//2061 1267//2061
f 1240//2062 1267//2062 1235//2062
f 1235//2063 1267//2063 1268//2063
f 1235//2064 1268//2064 1236//2064
f 1236//2065 1268//2065 1269//2065
f 1236//2066 1269//2066 1233//2066
f 1200//2067 1205//2067 1268//2067
f 1268//2068 1205//2068 1207//2068
f 1268//2069 1207//2069 1269//2069
f 1269//2070 1207//2070 1211//2070
f 1269//2071 1211//2071 1262//2071
f 1262//2072 1211//2072 1210//2072
f 1262//2073 1210//2073 1209//2073
f 1233//2074 1269//2074 1232//2074
f 1232//2075 1269//2075 1262//2075
f 1232//2076 1262//2076 1230//2076
f 1230//2077 1262//2077 1261//2077
f 1230//2078 1261//2078 821//2078
f 104//2079 809//2079 1270//2079
f 104//2079 1270//2079 101//2079
f 101//2080 1270//2080 1271//2080
f 101//2080 1271//2080 99//2080
f 99//2081 1271//2081 839//2081
f 99//2081 839//2081 97//2081
f 809//2082 807//2082 1270//2082
f 1270//2083 807//2083 1272//2083
f 1270//2084 1272//2084 1271//2084
f 1271//2085 1272//2085 1273//2085
f 1271//2086 1273//2086 839//2086
f 832//2087 835//2087 1273//2087
f 1273//2088 835//2088 841//2088
f 1273//2089 841//2089 839//2089
f 1274//2090 1275//2090 1276//2090
f 1276//2091 1275//2091 1277//2091
f 1276//2092 1277//2092 804//2092
f 804//2093 1277//2093 805//2093
f 807//2094 805//2094 1272//2094
f 1272//2095 805//2095 1277//2095
f 1272//2096 1277//2096 1273//2096
f 1273//2097 1277//2097 1275//2097
f 1273//2098 1275//2098 832//2098
f 832//2099 1275//2099 1274//2099
f 832//2100 1274//2100 833//2100
f 804//2101 800//2101 1278//2101
f 804//2102 1278//2102 1276//2102
f 1276//2103 1278//2103 1279//2103
f 1276//2104 1279//2104 1274//2104
f 1274//2105 1279//2105 844//2105
f 1274//2105 844//2105 833//2105
f 1280//2106 1281//2106 850//2106
f 850//2107 1281//2107 851//2107
f 1119//2108 1118//2108 1282//2108
f 1282//2109 1118//2109 1283//2109
f 1282//2110 1283//2110 1280//2110
f 1280//2111 1283//2111 1284//2111
f 1280//2112 1284//2112 1281//2112
f 800//2113 1119//2113 1278//2113
f 1278//2114 1119//2114 1282//2114
f 1278//2115 1282//2115 1279//2115
f 1279//2116 1282//2116 1280//2116
f 1279//2117 1280//2117 844//2117
f 844//2118 1280//2118 850//2118
f 1160//2119 1285//2119 1286//2119
f 875//2120 1287//2120 1128//2120
f 1128//2121 1287//2121 1288//2121
f 875//2122 1153//2122 1287//2122
f 1287//2123 1153//2123 1154//2123
f 1287//2124 1154//2124 1288//2124
f 1288//2125 1154//2125 1156//2125
f 1159//2126 1289//2126 1156//2126
f 1156//2127 1289//2127 1290//2127
f 1156//2128 1290//2128 1288//2128
f 1288//2129 1290//2129 1129//2129
f 1288//2130 1129//2130 1128//2130
f 1291//2131 1126//2131 1289//2131
f 1289//2132 1126//2132 1131//2132
f 1289//2133 1131//2133 1290//2133
f 1290//2134 1131//2134 1130//2134
f 1290//2135 1130//2135 1129//2135
f 1159//2136 1158//2136 1289//2136
f 1289//2137 1158//2137 1157//2137
f 1289//2138 1157//2138 1291//2138
f 1291//2139 1157//2139 1151//2139
f 1291//2140 1151//2140 1286//2140
f 1286//2141 1151//2141 1150//2141
f 1286//2142 1150//2142 1160//2142
f 1124//2143 1123//2143 1285//2143
f 1285//2144 1123//2144 1122//2144
f 1285//2145 1122//2145 1286//2145
f 1286//2146 1122//2146 1121//2146
f 1286//2147 1121//2147 1291//2147
f 1291//2148 1121//2148 1127//2148
f 1291//2149 1127//2149 1126//2149
f 1283//2150 1118//2150 1124//2150
f 1283//2151 1124//2151 1284//2151
f 1284//2152 1124//2152 1285//2152
f 1284//2153 1285//2153 1281//2153
f 1281//2154 1285//2154 1160//2154
f 1281//2155 1160//2155 851//2155
f 837//2156 1021//2156 959//2156
f 959//2157 1021//2157 1020//2157
f 959//2158 1020//2158 956//2158
f 956//2159 1020//2159 1019//2159
f 956//2160 1019//2160 957//2160
f 957//2161 1019//2161 1016//2161
f 1292//2162 954//2162 953//2162
f 1018//2163 1292//2163 1017//2163
f 1017//2164 1292//2164 953//2164
f 1017//2165 953//2165 1016//2165
f 1016//2166 953//2166 958//2166
f 1016//2167 958//2167 957//2167
f 1293//2168 990//2168 1007//2168
f 963//2169 1293//2169 962//2169
f 962//2170 1293//2170 1007//2170
f 962//2171 1007//2171 961//2171
f 961//2172 1007//2172 1006//2172
f 961//2173 1006//2173 783//2173
f 1045//2174 1294//2174 1295//2174
f 1293//2175 963//2175 1054//2175
f 990//2176 1293//2176 1296//2176
f 1293//2177 1054//2177 1296//2177
f 1296//2178 1054//2178 1053//2178
f 1296//2179 1053//2179 1297//2179
f 1297//2180 1053//2180 1051//2180
f 1297//2181 1051//2181 1298//2181
f 1298//2182 1051//2182 1050//2182
f 1298//2183 1050//2183 1299//2183
f 1299//2184 1050//2184 1057//2184
f 1299//2185 1057//2185 1295//2185
f 1295//2186 1057//2186 1056//2186
f 1295//2187 1056//2187 1045//2187
f 990//2188 1296//2188 991//2188
f 991//2189 1296//2189 1297//2189
f 991//2190 1297//2190 992//2190
f 992//2191 1297//2191 1298//2191
f 992//2192 1298//2192 993//2192
f 993//2193 1298//2193 1299//2193
f 993//2194 1299//2194 994//2194
f 994//2195 1299//2195 1295//2195
f 994//2196 1295//2196 989//2196
f 989//2197 1295//2197 1294//2197
f 989//2198 1294//2198 986//2198
f 1048//2199 1043//2199 1300//2199
f 987//2200 986//2200 1301//2200
f 1301//2201 986//2201 1294//2201
f 1301//2202 1294//2202 1044//2202
f 1044//2203 1294//2203 1045//2203
f 995//2204 987//2204 1300//2204
f 1300//2205 987//2205 1301//2205
f 1300//2206 1301//2206 1048//2206
f 1048//2207 1301//2207 1044//2207
f 996//2208 995//2208 1302//2208
f 1302//2209 995//2209 1300//2209
f 1302//2210 1300//2210 1040//2210
f 1040//2211 1300//2211 1043//2211
f 997//2212 996//2212 1303//2212
f 1303//2213 996//2213 1302//2213
f 1303//2214 1302//2214 933//2214
f 933//2215 1302//2215 1040//2215
f 778//2216 1304//2216 939//2216
f 939//2217 1304//2217 1305//2217
f 939//2218 1305//2218 929//2218
f 929//2219 1305//2219 930//2219
f 930//2220 1305//2220 1306//2220
f 930//2221 1306//2221 935//2221
f 935//2222 1306//2222 936//2222
f 936//2223 1306//2223 1307//2223
f 936//2224 1307//2224 940//2224
f 997//2225 1303//2225 999//2225
f 999//2226 1303//2226 1307//2226
f 999//2227 1307//2227 985//2227
f 985//2228 1307//2228 1306//2228
f 985//2229 1306//2229 984//2229
f 984//2230 1306//2230 1305//2230
f 984//2231 1305//2231 982//2231
f 982//2232 1305//2232 1304//2232
f 982//2233 1304//2233 979//2233
f 979//2234 1304//2234 778//2234
f 940//2235 1307//2235 932//2235
f 932//2236 1307//2236 1303//2236
f 932//2237 1303//2237 933//2237
f 1308//2238 969//2238 968//2238
f 1004//2239 1308//2239 988//2239
f 988//2240 1308//2240 1309//2240
f 988//2241 1309//2241 1005//2241
f 1005//2242 1309//2242 784//2242
f 1308//2243 968//2243 1309//2243
f 1309//2244 968//2244 971//2244
f 1309//2244 971//2244 784//2244
f 1310//2245 1018//2245 1011//2245
f 1311//2246 1312//2246 1313//2246
f 1313//2247 1312//2247 1310//2247
f 977//2248 1314//2248 978//2248
f 978//2249 1314//2249 1311//2249
f 978//2249 1311//2249 998//2249
f 1310//2250 1011//2250 1313//2250
f 1313//2251 1011//2251 1009//2251
f 1313//2252 1009//2252 1315//2252
f 1009//2253 1008//2253 1315//2253
f 1315//2254 1008//2254 1022//2254
f 1315//2255 1022//2255 1316//2255
f 1022//2256 1015//2256 1316//2256
f 1316//2257 1015//2257 1014//2257
f 1316//2258 1014//2258 1317//2258
f 1317//2259 1014//2259 1012//2259
f 1317//2260 1012//2260 1318//2260
f 1318//2261 1012//2261 969//2261
f 1318//2262 969//2262 1308//2262
f 1311//2263 1313//2263 998//2263
f 998//2264 1313//2264 1315//2264
f 998//2265 1315//2265 1000//2265
f 1000//2266 1315//2266 1316//2266
f 1000//2267 1316//2267 1001//2267
f 1001//2268 1316//2268 1317//2268
f 1001//2269 1317//2269 1002//2269
f 1002//2270 1317//2270 1318//2270
f 1002//2271 1318//2271 1003//2271
f 1003//2272 1318//2272 1308//2272
f 1003//2273 1308//2273 1004//2273
f 1312//2274 1319//2274 1310//2274
f 1320//2275 1314//2275 977//2275
f 1310//2276 1319//2276 1018//2276
f 1321//2277 954//2277 1292//2277
f 1314//2278 1320//2278 1311//2278
f 1311//2279 1320//2279 1322//2279
f 1311//2280 1322//2280 1312//2280
f 1312//2281 1322//2281 1321//2281
f 1312//2282 1321//2282 1319//2282
f 1319//2283 1321//2283 1292//2283
f 1319//2284 1292//2284 1018//2284
f 777//2285 946//2285 1323//2285
f 1323//2286 946//2286 948//2286
f 949//2287 1324//2287 948//2287
f 948//2288 1324//2288 1325//2288
f 948//2289 1325//2289 1323//2289
f 955//2290 954//2290 1321//2290
f 949//2291 951//2291 1324//2291
f 1324//2292 951//2292 950//2292
f 1324//2293 950//2293 1326//2293
f 1326//2294 950//2294 955//2294
f 955//2295 1321//2295 1326//2295
f 1326//2296 1321//2296 1322//2296
f 1326//2297 1322//2297 1320//2297
f 777//2298 1323//2298 980//2298
f 980//2299 1323//2299 1325//2299
f 980//2300 1325//2300 981//2300
f 981//2301 1325//2301 1324//2301
f 981//2302 1324//2302 983//2302
f 983//2303 1324//2303 1326//2303
f 983//2304 1326//2304 976//2304
f 976//2305 1326//2305 1320//2305
f 976//2306 1320//2306 977//2306
f 492//2307 487//2307 128//2307
f 128//2307 487//2307 231//2307
f 128//2307 231//2307 230//2307
f 349//2307 348//2307 254//2307
f 485//2307 157//2307 126//2307
f 126//2307 157//2307 159//2307
f 236//2307 234//2307 126//2307
f 126//2307 234//2307 586//2307
f 230//2307 226//2307 128//2307
f 128//2307 226//2307 526//2307
f 128//2307 526//2307 165//2307
f 165//2307 169//2307 128//2307
f 128//2307 169//2307 435//2307
f 128//2307 435//2307 245//2307
f 245//2307 243//2307 128//2307
f 128//2307 243//2307 366//2307
f 128//2307 366//2307 360//2307
f 360//2307 366//2307 365//2307
f 349//2307 254//2307 354//2307
f 586//2307 584//2307 126//2307
f 126//2307 584//2307 129//2307
f 126//2307 129//2307 128//2307
f 128//2307 129//2307 134//2307
f 128//2307 134//2307 492//2307
f 354//2307 254//2307 126//2307
f 126//2307 254//2307 267//2307
f 126//2307 267//2307 485//2307
f 159//2307 618//2307 126//2307
f 126//2307 618//2307 238//2307
f 126//2307 238//2307 236//2307
f 123//2308 124//2308 291//2308
f 291//2309 124//2309 325//2309
f 291//2310 325//2310 290//2310
f 290//2311 325//2311 326//2311
f 290//2312 326//2312 324//2312
f 323//2313 322//2313 293//2313
f 293//2314 322//2314 294//2314
f 323//2315 293//2315 324//2315
f 324//2316 293//2316 292//2316
f 324//2317 292//2317 290//2317
f 297//2318 296//2318 295//2318
f 294//2319 322//2319 295//2319
f 295//2320 322//2320 321//2320
f 295//2321 321//2321 297//2321
f 320//2322 318//2322 1327//2322
f 47//2323 52//2323 317//2323
f 317//2324 52//2324 298//2324
f 317//2325 298//2325 318//2325
f 318//2325 298//2325 297//2325
f 318//2326 297//2326 1327//2326
f 1327//2327 297//2327 321//2327
f 1327//2328 321//2328 320//2328
